theme,start,end,days,enter_rank,exit_rank,min_hold_days
advanced_packaging,2018-01-02,2018-01-08,4,8,15,0
aerospace,2018-01-02,2018-01-08,4,8,15,0
agriculture_food_inputs,2018-01-02,2018-01-08,4,8,15,0
ai_apps,2018-01-02,2018-01-08,4,8,15,0
airlines_travel,2018-01-02,2018-01-08,4,8,15,0
apparel_beauty_lifestyle,2018-01-02,2018-01-08,4,8,15,0
ai_apps_agents,2018-01-02,2018-01-09,5,8,15,0
ai_infrastructure,2018-01-02,2018-01-09,5,8,15,0
business_apps,2018-01-08,2018-01-16,5,8,15,0
mega_cap_platforms,2018-01-08,2018-01-16,5,8,15,0
payments,2018-01-09,2018-01-16,4,8,15,0
fintech_payments,2018-01-10,2018-01-16,3,8,15,0
diagnostics_tools,2018-01-09,2018-01-17,5,8,15,0
oil_services,2018-01-08,2018-01-18,7,8,15,0
retail,2018-01-18,2018-01-23,3,8,15,0
robotics,2018-01-08,2018-01-24,11,8,15,0
vertical_software,2018-01-08,2018-01-25,12,8,15,0
regional_banks,2018-01-09,2018-01-26,12,8,15,0
creative_software,2018-01-08,2018-01-29,14,8,15,0
asset_managers,2018-01-10,2018-01-29,12,8,15,0
managed_care_insurance,2018-01-16,2018-01-30,10,8,15,0
managed_care,2018-01-18,2018-01-30,8,8,15,0
pharma_largecap,2018-01-29,2018-01-30,1,8,15,0
storage,2018-01-17,2018-01-31,10,8,15,0
pharma,2018-01-22,2018-01-31,7,8,15,0
healthcare,2018-01-26,2018-02-01,4,8,15,0
retail,2018-01-29,2018-02-01,3,8,15,0
business_apps,2018-01-30,2018-02-01,2,8,15,0
vertical_software,2018-01-31,2018-02-01,1,8,15,0
data_centers,2018-01-31,2018-02-02,2,8,15,0
payments,2018-01-31,2018-02-05,3,8,15,0
datacenter_reits_towers,2018-02-05,2018-02-06,1,8,15,0
insurance,2018-02-05,2018-02-06,1,8,15,0
ai_apps_agents,2018-01-25,2018-02-07,9,8,15,0
fintech,2018-01-08,2018-02-08,22,8,15,0
digital_ads_media,2018-02-07,2018-02-09,2,8,15,0
networking_optical,2018-02-08,2018-02-12,2,8,15,0
regional_banks,2018-02-01,2018-02-13,8,8,15,0
defense,2018-02-07,2018-02-13,4,8,15,0
quantum_computing,2018-02-02,2018-02-14,8,8,15,0
fintech_payments,2018-02-12,2018-02-14,2,8,15,0
fintech,2018-02-13,2018-02-14,1,8,15,0
regional_banks,2018-02-14,2018-02-15,1,8,15,0
apparel_beauty_lifestyle,2018-02-05,2018-02-16,9,8,15,0
data_centers,2018-02-09,2018-02-16,5,8,15,0
ai_apps,2018-02-06,2018-02-20,9,8,15,0
networking,2018-02-08,2018-02-21,8,8,15,0
streaming_entertainment,2018-02-01,2018-02-22,14,8,15,0
cloud,2018-02-12,2018-02-22,7,8,15,0
mega_banks,2018-02-14,2018-02-22,5,8,15,0
defense,2018-02-15,2018-02-27,7,8,15,0
consumer_internet_marketplaces,2018-02-21,2018-03-02,7,8,15,0
mega_cap_platforms,2018-02-01,2018-03-07,23,8,15,0
networking,2018-02-26,2018-03-09,9,8,15,0
ai_apps_agents,2018-02-12,2018-03-12,19,8,15,0
storage,2018-02-26,2018-03-15,13,8,15,0
workflow_software,2018-01-08,2018-03-16,47,8,15,0
cybersecurity,2018-02-20,2018-03-16,18,8,15,0
vertical_software,2018-03-01,2018-03-16,11,8,15,0
business_apps,2018-02-15,2018-03-19,21,8,15,0
creative_software,2018-03-07,2018-03-21,10,8,15,0
storage,2018-03-19,2018-03-21,2,8,15,0
fintech,2018-03-15,2018-03-22,5,8,15,0
payments,2018-03-20,2018-03-22,2,8,15,0
memory_storage,2018-03-05,2018-03-23,14,8,15,0
memory,2018-03-06,2018-03-23,13,8,15,0
semicap_equipment,2018-03-21,2018-03-23,2,8,15,0
creative_software,2018-03-22,2018-03-23,1,8,15,0
gold_silver_miners,2018-03-23,2018-03-28,3,8,15,0
creative_software,2018-03-26,2018-03-28,2,8,15,0
restaurants,2018-03-28,2018-03-29,1,8,15,0
real_estate_reits,2018-03-28,2018-04-02,2,8,15,0
dev_tools,2018-02-23,2018-04-03,26,8,15,0
cloud,2018-03-08,2018-04-03,17,8,15,0
gold_silver_miners,2018-04-02,2018-04-03,1,8,15,0
renewables_storage,2018-03-16,2018-04-04,12,8,15,0
silver,2018-03-23,2018-04-04,7,8,15,0
oil_exploration,2018-03-28,2018-04-05,5,8,15,0
medtech_devices,2018-03-29,2018-04-05,4,8,15,0
homebuilders_housing,2018-04-04,2018-04-09,3,8,15,0
defense,2018-04-06,2018-04-09,1,8,15,0
solar,2018-02-16,2018-04-10,35,8,15,0
utilities_yield,2018-03-22,2018-04-11,13,8,15,0
consumer,2018-04-03,2018-04-11,6,8,15,0
managed_care,2018-04-06,2018-04-11,3,8,15,0
medtech,2018-04-09,2018-04-11,2,8,15,0
managed_care_insurance,2018-04-03,2018-04-12,7,8,15,0
restaurants,2018-04-03,2018-04-12,7,8,15,0
restaurants_food,2018-04-04,2018-04-12,6,8,15,0
creative_software,2018-04-12,2018-04-13,1,8,15,0
apparel_beauty_lifestyle,2018-04-05,2018-04-16,7,8,15,0
silver,2018-04-13,2018-04-16,1,8,15,0
gold_silver_miners,2018-04-13,2018-04-16,1,8,15,0
oil_integrated,2018-04-11,2018-04-17,4,8,15,0
restaurants_food,2018-04-16,2018-04-17,1,8,15,0
healthcare,2018-04-16,2018-04-19,3,8,15,0
silver,2018-04-17,2018-04-23,4,8,15,0
gold_silver_miners,2018-04-18,2018-04-23,3,8,15,0
diagnostics_tools,2018-04-23,2018-04-24,1,8,15,0
gold,2018-03-23,2018-04-25,22,8,15,0
drones_autonomy,2018-04-11,2018-04-25,10,8,15,0
defense_aerospace,2018-04-23,2018-04-25,2,8,15,0
gold_silver_miners,2018-04-24,2018-04-25,1,8,15,0
aerospace,2018-04-20,2018-04-26,4,8,15,0
silver,2018-04-24,2018-04-30,4,8,15,0
managed_care_insurance,2018-04-25,2018-05-01,4,8,15,0
oil_services,2018-04-12,2018-05-03,15,8,15,0
energy,2018-04-13,2018-05-03,14,8,15,0
managed_care,2018-04-25,2018-05-04,7,8,15,0
oil_integrated,2018-04-23,2018-05-07,10,8,15,0
oil_gas,2018-04-30,2018-05-07,5,8,15,0
managed_care_insurance,2018-05-03,2018-05-07,2,8,15,0
medtech_devices,2018-04-09,2018-05-08,21,8,15,0
consumer,2018-04-16,2018-05-09,17,8,15,0
restaurants,2018-04-26,2018-05-09,9,8,15,0
restaurants_food,2018-04-26,2018-05-10,10,8,15,0
data_centers,2018-05-04,2018-05-11,5,8,15,0
cybersecurity,2018-05-10,2018-05-11,1,8,15,0
real_estate_reits,2018-05-10,2018-05-11,1,8,15,0
workflow_software,2018-05-07,2018-05-14,5,8,15,0
dev_tools,2018-05-03,2018-05-15,8,8,15,0
creative_software,2018-05-03,2018-05-16,9,8,15,0
business_apps,2018-05-04,2018-05-17,9,8,15,0
fintech,2018-05-07,2018-05-17,8,8,15,0
payments,2018-05-09,2018-05-17,6,8,15,0
china_internet,2018-05-16,2018-05-17,1,8,15,0
natural_gas,2018-05-17,2018-05-22,3,8,15,0
oil_integrated,2018-05-11,2018-05-23,8,8,15,0
energy,2018-05-14,2018-05-23,7,8,15,0
lithium_battery_materials,2018-05-15,2018-05-23,6,8,15,0
oil_services,2018-05-17,2018-05-23,4,8,15,0
oil_exploration,2018-04-10,2018-05-24,32,8,15,0
rare_earth_critical_minerals,2018-05-15,2018-05-24,7,8,15,0
oil_gas,2018-05-15,2018-05-24,7,8,15,0
creative_software,2018-05-23,2018-05-25,2,8,15,0
biotech_innovation,2018-05-23,2018-05-25,2,8,15,0
medtech_devices,2018-05-23,2018-05-30,4,8,15,0
advanced_packaging,2018-05-25,2018-05-30,2,8,15,0
memory,2018-05-23,2018-05-31,5,8,15,0
semicap_equipment,2018-05-25,2018-05-31,3,8,15,0
space_satellites,2018-05-30,2018-05-31,1,8,15,0
drones_autonomy,2018-05-09,2018-06-04,17,8,15,0
biotech,2018-05-23,2018-06-04,7,8,15,0
workflow_software,2018-05-29,2018-06-07,7,8,15,0
creative_software,2018-05-31,2018-06-07,5,8,15,0
business_apps,2018-05-31,2018-06-07,5,8,15,0
ai_apps_agents,2018-05-31,2018-06-07,5,8,15,0
semis,2018-05-23,2018-06-08,11,8,15,0
apparel_beauty_lifestyle,2018-06-07,2018-06-13,4,8,15,0
ai_infrastructure,2018-05-15,2018-06-14,21,8,15,0
consumer_internet,2018-06-08,2018-06-14,4,8,15,0
autos,2018-06-06,2018-06-19,9,8,15,0
ai_apps,2018-06-04,2018-06-20,12,8,15,0
china_internet,2018-05-24,2018-06-21,19,8,15,0
consumer_internet_marketplaces,2018-06-20,2018-06-21,1,8,15,0
business_apps,2018-06-11,2018-06-22,9,8,15,0
workflow_software,2018-06-12,2018-06-22,8,8,15,0
cloud,2018-06-05,2018-06-25,14,8,15,0
ai_apps_agents,2018-06-21,2018-06-25,2,8,15,0
dev_tools,2018-05-30,2018-06-26,19,8,15,0
ai_apps,2018-06-21,2018-06-26,3,8,15,0
healthcare,2018-06-15,2018-06-27,8,8,15,0
managed_care,2018-06-22,2018-06-27,3,8,15,0
medtech_devices,2018-06-22,2018-06-27,3,8,15,0
restaurants_food,2018-06-26,2018-06-29,3,8,15,0
restaurants,2018-06-27,2018-06-29,2,8,15,0
consumer,2018-06-26,2018-07-03,5,8,15,0
natural_gas,2018-06-26,2018-07-05,6,8,15,0
consumer_staples,2018-06-25,2018-07-06,8,8,15,0
gold,2018-07-05,2018-07-06,1,8,15,0
utilities_yield,2018-06-29,2018-07-09,5,8,15,0
datacenter_reits_towers,2018-06-22,2018-07-12,13,8,15,0
real_estate_reits,2018-06-25,2018-07-12,12,8,15,0
oil_exploration,2018-06-27,2018-07-12,10,8,15,0
streaming_entertainment,2018-06-14,2018-07-13,20,8,15,0
dev_tools,2018-07-12,2018-07-16,2,8,15,0
managed_care,2018-07-13,2018-07-17,2,8,15,0
digital_ads_media,2018-06-07,2018-07-18,28,8,15,0
pharma,2018-07-09,2018-07-18,7,8,15,0
pharma_largecap,2018-07-06,2018-07-19,9,8,15,0
biotech,2018-07-06,2018-07-20,10,8,15,0
aerospace,2018-07-19,2018-07-23,2,8,15,0
healthcare,2018-07-11,2018-07-24,9,8,15,0
managed_care_insurance,2018-07-11,2018-07-25,10,8,15,0
payments,2018-07-11,2018-07-26,11,8,15,0
ai_apps_agents,2018-07-12,2018-07-26,10,8,15,0
fintech,2018-07-18,2018-07-26,6,8,15,0
fintech_payments,2018-07-23,2018-07-26,3,8,15,0
drones_autonomy,2018-07-19,2018-07-27,6,8,15,0
medtech,2018-07-24,2018-07-27,3,8,15,0
defense,2018-07-16,2018-07-30,10,8,15,0
defense_aerospace,2018-07-17,2018-07-30,9,8,15,0
aerospace,2018-07-26,2018-07-30,2,8,15,0
mega_banks,2018-07-24,2018-07-31,5,8,15,0
regional_banks,2018-07-30,2018-07-31,1,8,15,0
advanced_packaging,2018-07-27,2018-08-01,3,8,15,0
aerospace,2018-07-31,2018-08-01,1,8,15,0
diagnostics_tools,2018-07-25,2018-08-03,7,8,15,0
quantum_computing,2018-07-27,2018-08-03,5,8,15,0
insurance,2018-07-27,2018-08-07,7,8,15,0
medtech,2018-08-02,2018-08-07,3,8,15,0
medtech_devices,2018-08-02,2018-08-07,3,8,15,0
obesity_glp1_health,2018-07-03,2018-08-08,25,8,15,0
pharma_largecap,2018-07-30,2018-08-08,7,8,15,0
power_grid_electrification,2018-08-06,2018-08-08,2,8,15,0
semis,2018-08-08,2018-08-09,1,8,15,0
semicap_equipment,2018-08-08,2018-08-09,1,8,15,0
datacenter_infra,2018-07-31,2018-08-10,8,8,15,0
regional_banks,2018-08-09,2018-08-10,1,8,15,0
mega_banks,2018-08-09,2018-08-10,1,8,15,0
restaurants,2018-08-09,2018-08-10,1,8,15,0
robotics,2018-08-07,2018-08-14,5,8,15,0
advanced_packaging,2018-08-03,2018-08-15,8,8,15,0
mega_cap_platforms,2018-08-10,2018-08-15,3,8,15,0
workflow_software,2018-08-10,2018-08-15,3,8,15,0
payments,2018-08-14,2018-08-15,1,8,15,0
vertical_software,2018-08-13,2018-08-17,4,8,15,0
medtech,2018-08-15,2018-08-20,3,8,15,0
pharma,2018-07-26,2018-08-21,18,8,15,0
networking,2018-08-17,2018-08-21,2,8,15,0
insurance,2018-08-21,2018-08-22,1,8,15,0
consumer_staples,2018-08-15,2018-08-24,7,8,15,0
obesity_glp1_health,2018-08-14,2018-08-27,9,8,15,0
managed_care_insurance,2018-08-01,2018-08-28,19,8,15,0
managed_care,2018-08-01,2018-08-29,20,8,15,0
medtech,2018-08-23,2018-08-30,5,8,15,0
healthcare,2018-08-02,2018-09-04,22,8,15,0
networking,2018-08-24,2018-09-07,9,8,15,0
business_apps,2018-08-22,2018-09-10,12,8,15,0
healthcare,2018-09-06,2018-09-10,2,8,15,0
ai_infrastructure,2018-08-29,2018-09-11,8,8,15,0
consumer,2018-09-10,2018-09-11,1,8,15,0
vertical_software,2018-08-24,2018-09-12,12,8,15,0
cloud,2018-08-28,2018-09-13,11,8,15,0
transport_logistics,2018-09-10,2018-09-13,3,8,15,0
retail_consumer,2018-08-14,2018-09-14,22,8,15,0
medtech_devices,2018-09-12,2018-09-14,2,8,15,0
workflow_software,2018-08-21,2018-09-17,18,8,15,0
fintech,2018-09-06,2018-09-18,8,8,15,0
payments,2018-09-10,2018-09-18,6,8,15,0
datacenter_infra,2018-09-17,2018-09-19,2,8,15,0
aerospace,2018-09-17,2018-09-19,2,8,15,0
drones_autonomy,2018-09-06,2018-09-20,10,8,15,0
defense,2018-09-14,2018-09-20,4,8,15,0
defense_aerospace,2018-09-14,2018-09-20,4,8,15,0
managed_care,2018-09-19,2018-09-20,1,8,15,0
dev_tools,2018-08-10,2018-09-21,29,8,15,0
streaming_entertainment,2018-09-17,2018-09-21,4,8,15,0
airlines_travel,2018-09-19,2018-09-24,3,8,15,0
industrial_automation,2018-09-20,2018-09-24,2,8,15,0
payments,2018-09-20,2018-09-24,2,8,15,0
datacenter_infra,2018-09-20,2018-09-24,2,8,15,0
insurance,2018-09-21,2018-09-25,2,8,15,0
managed_care,2018-09-24,2018-09-25,1,8,15,0
managed_care_insurance,2018-09-24,2018-09-25,1,8,15,0
rare_earth_critical_minerals,2018-09-24,2018-09-25,1,8,15,0
copper,2018-09-21,2018-09-26,3,8,15,0
robotics,2018-09-20,2018-09-27,5,8,15,0
fintech,2018-09-21,2018-09-27,4,8,15,0
oil_gas,2018-09-25,2018-09-28,3,8,15,0
airlines_travel,2018-09-26,2018-09-28,2,8,15,0
fintech_payments,2018-09-25,2018-10-01,4,8,15,0
defense_aerospace,2018-09-26,2018-10-01,3,8,15,0
medtech_devices,2018-09-25,2018-10-02,5,8,15,0
medtech,2018-09-12,2018-10-03,15,8,15,0
quantum_computing,2018-09-26,2018-10-03,5,8,15,0
copper,2018-10-02,2018-10-03,1,8,15,0
diagnostics_tools,2018-08-27,2018-10-04,27,8,15,0
healthcare,2018-09-13,2018-10-04,15,8,15,0
pharma,2018-10-02,2018-10-05,3,8,15,0
oil_integrated,2018-09-24,2018-10-08,10,8,15,0
defense_aerospace,2018-10-04,2018-10-09,3,8,15,0
oil_services,2018-10-03,2018-10-10,5,8,15,0
oil_exploration,2018-09-24,2018-10-11,13,8,15,0
oil_gas,2018-10-01,2018-10-12,9,8,15,0
aerospace,2018-10-03,2018-10-12,7,8,15,0
nuclear_uranium,2018-10-03,2018-10-12,7,8,15,0
uranium,2018-10-04,2018-10-12,6,8,15,0
nuclear,2018-10-04,2018-10-12,6,8,15,0
managed_care,2018-09-28,2018-10-15,11,8,15,0
managed_care_insurance,2018-10-09,2018-10-15,4,8,15,0
copper_metals,2018-10-11,2018-10-16,3,8,15,0
uranium,2018-10-15,2018-10-17,2,8,15,0
natural_gas,2018-10-08,2018-10-18,8,8,15,0
obesity_glp1_health,2018-10-12,2018-10-19,5,8,15,0
agriculture_food_inputs,2018-10-05,2018-10-22,11,8,15,0
managed_care_insurance,2018-10-16,2018-10-22,4,8,15,0
managed_care,2018-10-16,2018-10-22,4,8,15,0
pharma,2018-10-17,2018-10-22,3,8,15,0
utilities_yield,2018-10-09,2018-10-23,10,8,15,0
fintech_payments,2018-10-22,2018-10-23,1,8,15,0
pharma_largecap,2018-10-16,2018-10-24,6,8,15,0
networking,2018-10-23,2018-10-24,1,8,15,0
gold,2018-10-11,2018-10-25,10,8,15,0
gold_silver_miners,2018-10-11,2018-10-25,10,8,15,0
data_centers,2018-10-24,2018-10-26,2,8,15,0
utilities_yield,2018-10-24,2018-10-30,4,8,15,0
networking_optical,2018-10-25,2018-10-30,3,8,15,0
pharma_largecap,2018-10-29,2018-10-30,1,8,15,0
restaurants_food,2018-10-15,2018-10-31,12,8,15,0
pharma,2018-10-29,2018-10-31,2,8,15,0
restaurants,2018-10-17,2018-11-01,11,8,15,0
consumer,2018-10-26,2018-11-01,4,8,15,0
regional_banks,2018-10-30,2018-11-01,2,8,15,0
datacenter_reits_towers,2018-10-19,2018-11-06,12,8,15,0
travel,2018-11-01,2018-11-06,3,8,15,0
electronics_components,2018-11-02,2018-11-06,2,8,15,0
diagnostics_tools,2018-11-02,2018-11-06,2,8,15,0
consumer_staples,2018-10-19,2018-11-07,13,8,15,0
real_estate_reits,2018-10-23,2018-11-07,11,8,15,0
retail,2018-10-22,2018-11-08,13,8,15,0
rare_earth_critical_minerals,2018-11-06,2018-11-08,2,8,15,0
consumer_internet,2018-11-07,2018-11-08,1,8,15,0
travel,2018-11-07,2018-11-08,1,8,15,0
autos,2018-10-26,2018-11-09,10,8,15,0
solar,2018-11-05,2018-11-09,4,8,15,0
diagnostics_tools,2018-11-07,2018-11-09,2,8,15,0
cloud,2018-10-30,2018-11-12,9,8,15,0
agriculture_food_inputs,2018-11-06,2018-11-14,6,8,15,0
medtech,2018-11-08,2018-11-14,4,8,15,0
apparel_beauty_lifestyle,2018-10-30,2018-11-15,12,8,15,0
retail_consumer,2018-11-08,2018-11-15,5,8,15,0
retail,2018-11-14,2018-11-16,2,8,15,0
solar,2018-11-15,2018-11-19,2,8,15,0
consumer_staples,2018-11-08,2018-11-21,9,8,15,0
medtech,2018-11-16,2018-11-21,3,8,15,0
datacenter_reits_towers,2018-11-12,2018-11-23,8,8,15,0
regional_banks,2018-11-13,2018-11-23,7,8,15,0
pharma,2018-11-19,2018-11-23,3,8,15,0
restaurants,2018-11-08,2018-11-26,11,8,15,0
consumer,2018-11-08,2018-11-26,11,8,15,0
restaurants_food,2018-11-09,2018-11-26,10,8,15,0
pharma_largecap,2018-11-20,2018-11-26,3,8,15,0
real_estate_reits,2018-11-09,2018-11-27,11,8,15,0
autos,2018-11-19,2018-11-29,7,8,15,0
china_internet,2018-11-21,2018-11-29,5,8,15,0
semis,2018-11-21,2018-11-29,5,8,15,0
renewables_storage,2018-11-23,2018-11-29,4,8,15,0
ai_infrastructure,2018-11-27,2018-11-29,2,8,15,0
advanced_packaging,2018-11-26,2018-11-30,4,8,15,0
real_estate_reits,2018-11-30,2018-12-03,1,8,15,0
obesity_glp1_health,2018-11-16,2018-12-04,11,8,15,0
pharma,2018-11-30,2018-12-04,2,8,15,0
healthcare,2018-11-29,2018-12-06,4,8,15,0
managed_care,2018-11-29,2018-12-06,4,8,15,0
managed_care_insurance,2018-11-30,2018-12-06,3,8,15,0
autos,2018-12-03,2018-12-06,2,8,15,0
airlines_travel,2018-11-13,2018-12-07,16,8,15,0
business_apps,2018-12-04,2018-12-11,4,8,15,0
real_estate_reits,2018-12-06,2018-12-12,4,8,15,0
datacenter_reits_towers,2018-12-07,2018-12-12,3,8,15,0
business_apps,2018-12-12,2018-12-13,1,8,15,0
solar,2018-11-23,2018-12-14,14,8,15,0
diagnostics_tools,2018-11-23,2018-12-14,14,8,15,0
medtech,2018-11-28,2018-12-14,11,8,15,0
pharma,2018-12-13,2018-12-14,1,8,15,0
robotics,2018-12-14,2018-12-17,1,8,15,0
utilities_yield,2018-12-14,2018-12-18,2,8,15,0
solar,2018-12-17,2018-12-18,1,8,15,0
datacenter_reits_towers,2018-12-13,2018-12-19,4,8,15,0
cloud,2018-12-06,2018-12-20,10,8,15,0
data_centers,2018-12-07,2018-12-20,9,8,15,0
business_apps,2018-12-19,2018-12-20,1,8,15,0
semis,2018-12-21,2018-12-24,1,8,15,0
consumer_internet,2018-12-24,2018-12-26,1,8,15,0
ai_apps_agents,2018-12-12,2018-12-27,10,8,15,0
china_internet,2018-12-24,2018-12-27,2,8,15,0
pharma,2018-12-21,2019-01-02,6,8,15,0
copper,2018-12-24,2019-01-02,5,8,15,0
semis,2018-12-27,2019-01-03,4,8,15,0
dev_tools,2018-12-04,2019-01-04,20,8,15,0
gold,2018-12-14,2019-01-07,14,8,15,0
pharma_largecap,2018-12-20,2019-01-07,10,8,15,0
pharma,2019-01-03,2019-01-07,2,8,15,0
gold_silver_miners,2018-12-17,2019-01-08,14,8,15,0
silver,2018-12-17,2019-01-09,15,8,15,0
ai_apps,2019-01-07,2019-01-10,3,8,15,0
biotech_innovation,2019-01-07,2019-01-10,3,8,15,0
dev_tools,2019-01-08,2019-01-10,2,8,15,0
business_apps,2019-01-08,2019-01-11,3,8,15,0
obesity_glp1_health,2018-12-20,2019-01-14,15,8,15,0
retail,2018-12-28,2019-01-14,10,8,15,0
biotech,2019-01-04,2019-01-14,6,8,15,0
semis,2019-01-09,2019-01-14,3,8,15,0
homebuilders_housing,2019-01-09,2019-01-16,5,8,15,0
autos,2019-01-11,2019-01-16,3,8,15,0
aerospace,2019-01-11,2019-01-16,3,8,15,0
ai_apps,2019-01-14,2019-01-16,2,8,15,0
streaming_entertainment,2019-01-09,2019-01-17,6,8,15,0
banks_brokers_exchanges,2019-01-16,2019-01-17,1,8,15,0
natural_gas,2019-01-15,2019-01-18,3,8,15,0
digital_ads_media,2019-01-07,2019-01-22,10,8,15,0
copper,2019-01-17,2019-01-22,2,8,15,0
payments,2019-01-14,2019-01-23,6,8,15,0
workflow_software,2018-11-30,2019-01-24,35,8,15,0
asset_managers,2019-01-16,2019-01-24,5,8,15,0
diagnostics_tools,2019-01-16,2019-01-24,5,8,15,0
medtech,2019-01-22,2019-01-24,2,8,15,0
semis,2019-01-24,2019-01-25,1,8,15,0
payments,2019-01-24,2019-01-25,1,8,15,0
fintech,2019-01-15,2019-01-28,8,8,15,0
business_apps,2019-01-16,2019-01-29,8,8,15,0
memory_storage,2019-01-25,2019-01-29,2,8,15,0
digital_ads_media,2019-01-25,2019-01-29,2,8,15,0
storage,2019-01-28,2019-01-29,1,8,15,0
regional_banks,2019-01-18,2019-01-30,7,8,15,0
banks_brokers_exchanges,2019-01-22,2019-01-30,6,8,15,0
mega_banks,2019-01-18,2019-01-31,8,8,15,0
semicap_equipment,2019-01-28,2019-01-31,3,8,15,0
airlines_travel,2019-01-29,2019-01-31,2,8,15,0
transport_logistics,2019-01-29,2019-01-31,2,8,15,0
industrial_automation,2019-01-30,2019-01-31,1,8,15,0
china_internet,2019-01-30,2019-02-01,2,8,15,0
memory,2019-01-24,2019-02-04,7,8,15,0
defense,2019-01-29,2019-02-06,6,8,15,0
memory,2019-02-06,2019-02-07,1,8,15,0
memory_storage,2019-02-01,2019-02-08,5,8,15,0
storage,2019-02-01,2019-02-08,5,8,15,0
semicap_equipment,2019-02-01,2019-02-11,6,8,15,0
real_estate_reits,2019-02-07,2019-02-11,2,8,15,0
datacenter_reits_towers,2019-02-07,2019-02-12,3,8,15,0
aerospace,2019-01-29,2019-02-14,12,8,15,0
cybersecurity,2019-01-31,2019-02-15,11,8,15,0
creative_software,2019-02-12,2019-02-15,3,8,15,0
workflow_software,2019-01-31,2019-02-19,12,8,15,0
solar,2019-01-16,2019-02-20,23,8,15,0
business_apps,2019-02-05,2019-02-20,10,8,15,0
cloud,2019-02-12,2019-02-20,5,8,15,0
defense_aerospace,2019-01-29,2019-02-21,16,8,15,0
semicap_equipment,2019-02-14,2019-02-21,4,8,15,0
memory,2019-02-20,2019-02-21,1,8,15,0
memory_storage,2019-02-20,2019-02-21,1,8,15,0
data_centers,2019-02-21,2019-02-22,1,8,15,0
construction_infrastructure,2019-02-21,2019-02-25,2,8,15,0
advanced_packaging,2019-02-14,2019-02-27,8,8,15,0
networking_optical,2019-02-22,2019-02-27,3,8,15,0
ai_apps,2019-01-31,2019-02-28,19,8,15,0
electronics_components,2019-02-20,2019-02-28,6,8,15,0
memory,2019-02-26,2019-02-28,2,8,15,0
storage,2019-02-26,2019-02-28,2,8,15,0
vertical_software,2019-02-01,2019-03-04,20,8,15,0
digital_ads_media,2019-02-15,2019-03-04,10,8,15,0
networking,2019-02-19,2019-03-05,10,8,15,0
creative_software,2019-02-22,2019-03-05,7,8,15,0
memory_storage,2019-02-25,2019-03-05,6,8,15,0
solar,2019-03-04,2019-03-07,3,8,15,0
travel,2019-03-06,2019-03-07,1,8,15,0
obesity_glp1_health,2019-03-08,2019-03-11,1,8,15,0
china_internet,2019-03-04,2019-03-13,7,8,15,0
digital_ads_media,2019-03-05,2019-03-13,6,8,15,0
cybersecurity,2019-03-07,2019-03-13,4,8,15,0
consumer_internet_marketplaces,2019-02-27,2019-03-14,11,8,15,0
fintech_payments,2019-02-28,2019-03-14,10,8,15,0
cybersecurity,2019-03-14,2019-03-15,1,8,15,0
utilities_yield,2019-03-11,2019-03-18,5,8,15,0
ai_apps_agents,2019-03-12,2019-03-18,4,8,15,0
real_estate_reits,2019-03-13,2019-03-18,3,8,15,0
ai_infrastructure,2019-03-15,2019-03-18,1,8,15,0
asset_managers_alts,2019-03-15,2019-03-19,2,8,15,0
mega_banks,2019-03-18,2019-03-19,1,8,15,0
medtech_devices,2019-03-05,2019-03-21,12,8,15,0
oil_integrated,2019-03-06,2019-03-21,11,8,15,0
data_centers,2019-03-14,2019-03-21,5,8,15,0
obesity_glp1_health,2019-03-19,2019-03-21,2,8,15,0
cybersecurity,2019-03-18,2019-03-22,4,8,15,0
workflow_software,2019-03-19,2019-03-22,3,8,15,0
diagnostics_tools,2019-02-25,2019-03-27,22,8,15,0
mega_cap_platforms,2019-03-19,2019-03-27,6,8,15,0
creative_software,2019-03-25,2019-03-27,2,8,15,0
oil_exploration,2019-03-26,2019-03-27,1,8,15,0
obesity_glp1_health,2019-03-25,2019-04-01,5,8,15,0
restaurants,2019-03-25,2019-04-02,6,8,15,0
consumer,2019-03-27,2019-04-02,4,8,15,0
datacenter_reits_towers,2019-03-14,2019-04-03,14,8,15,0
restaurants_food,2019-03-29,2019-04-03,3,8,15,0
dev_tools,2019-02-08,2019-04-04,38,8,15,0
cloud,2019-03-01,2019-04-04,24,8,15,0
fintech_payments,2019-03-21,2019-04-04,10,8,15,0
mega_cap_platforms,2019-04-02,2019-04-04,2,8,15,0
memory_storage,2019-04-03,2019-04-04,1,8,15,0
storage,2019-04-03,2019-04-04,1,8,15,0
creative_software,2019-04-01,2019-04-05,4,8,15,0
electronics_components,2019-04-04,2019-04-08,2,8,15,0
industrial_automation,2019-04-04,2019-04-10,4,8,15,0
datacenter_infra,2019-04-04,2019-04-10,4,8,15,0
transport_logistics,2019-04-04,2019-04-10,4,8,15,0
data_centers,2019-03-22,2019-04-11,14,8,15,0
ai_apps,2019-04-08,2019-04-11,3,8,15,0
rare_earth_critical_minerals,2019-04-09,2019-04-11,2,8,15,0
dev_tools,2019-04-11,2019-04-12,1,8,15,0
consumer_internet,2019-04-04,2019-04-15,7,8,15,0
creative_software,2019-04-11,2019-04-16,3,8,15,0
ai_infrastructure,2019-03-19,2019-04-17,21,8,15,0
vertical_software,2019-04-01,2019-04-17,12,8,15,0
copper,2019-03-27,2019-04-18,16,8,15,0
autos,2019-04-10,2019-04-18,6,8,15,0
ai_apps,2019-04-12,2019-04-18,4,8,15,0
memory_storage,2019-04-18,2019-04-23,2,8,15,0
travel,2019-04-12,2019-04-24,7,8,15,0
homebuilders_housing,2019-04-15,2019-04-25,7,8,15,0
datacenter_infra,2019-04-11,2019-04-26,10,8,15,0
construction_infrastructure,2019-04-05,2019-04-30,16,8,15,0
creative_software,2019-04-22,2019-04-30,6,8,15,0
digital_ads_media,2019-04-26,2019-04-30,2,8,15,0
networking,2019-04-15,2019-05-01,11,8,15,0
asset_managers,2019-04-17,2019-05-02,10,8,15,0
semis,2019-04-11,2019-05-06,16,8,15,0
regional_banks,2019-04-30,2019-05-07,5,8,15,0
ai_apps,2019-05-03,2019-05-07,2,8,15,0
semicap_equipment,2019-05-07,2019-05-08,1,8,15,0
asset_managers_alts,2019-04-18,2019-05-09,14,8,15,0
ai_apps_agents,2019-04-25,2019-05-09,10,8,15,0
restaurants,2019-05-07,2019-05-09,2,8,15,0
vertical_software,2019-04-22,2019-05-13,15,8,15,0
payments,2019-05-01,2019-05-13,8,8,15,0
cloud,2019-05-03,2019-05-13,6,8,15,0
space_satellites,2019-05-08,2019-05-13,3,8,15,0
asset_managers_alts,2019-05-10,2019-05-13,1,8,15,0
consumer_staples,2019-05-13,2019-05-14,1,8,15,0
asset_managers_alts,2019-05-14,2019-05-16,2,8,15,0
defense_aerospace,2019-05-09,2019-05-17,6,8,15,0
vertical_software,2019-05-15,2019-05-20,3,8,15,0
dev_tools,2019-05-15,2019-05-21,4,8,15,0
consumer,2019-05-20,2019-05-22,2,8,15,0
drones_autonomy,2019-05-13,2019-05-23,8,8,15,0
asset_managers_alts,2019-05-21,2019-05-28,4,8,15,0
pharma,2019-05-24,2019-05-28,1,8,15,0
cloud,2019-05-16,2019-05-29,8,8,15,0
real_estate_reits,2019-05-13,2019-05-30,12,8,15,0
renewables_storage,2019-05-29,2019-05-31,2,8,15,0
fintech_payments,2019-05-29,2019-05-31,2,8,15,0
workflow_software,2019-04-29,2019-06-03,24,8,15,0
payments,2019-05-20,2019-06-03,9,8,15,0
business_apps,2019-05-22,2019-06-03,7,8,15,0
real_estate_reits,2019-05-31,2019-06-04,2,8,15,0
obesity_glp1_health,2019-06-03,2019-06-04,1,8,15,0
managed_care_insurance,2019-05-31,2019-06-05,3,8,15,0
gold_silver_miners,2019-06-03,2019-06-05,2,8,15,0
silver,2019-06-03,2019-06-05,2,8,15,0
insurance,2019-05-07,2019-06-07,22,8,15,0
datacenter_reits_towers,2019-05-13,2019-06-07,18,8,15,0
gold_silver_miners,2019-06-06,2019-06-07,1,8,15,0
defense_aerospace,2019-06-05,2019-06-10,3,8,15,0
defense,2019-04-23,2019-06-11,34,8,15,0
aerospace,2019-06-04,2019-06-11,5,8,15,0
payments,2019-06-07,2019-06-13,4,8,15,0
vertical_software,2019-06-10,2019-06-13,3,8,15,0
dev_tools,2019-06-07,2019-06-14,5,8,15,0
silver,2019-06-13,2019-06-14,1,8,15,0
gold,2019-05-31,2019-06-17,11,8,15,0
cloud,2019-06-07,2019-06-17,6,8,15,0
asset_managers_alts,2019-06-14,2019-06-17,1,8,15,0
restaurants,2019-06-14,2019-06-17,1,8,15,0
consumer,2019-06-14,2019-06-17,1,8,15,0
payments,2019-06-17,2019-06-18,1,8,15,0
consumer_staples,2019-06-05,2019-06-19,10,8,15,0
fintech_payments,2019-06-17,2019-06-19,2,8,15,0
datacenter_reits_towers,2019-06-11,2019-06-21,8,8,15,0
workflow_software,2019-06-18,2019-06-21,3,8,15,0
dev_tools,2019-06-18,2019-06-21,3,8,15,0
medtech_devices,2019-06-05,2019-06-24,13,8,15,0
diagnostics_tools,2019-06-10,2019-06-24,10,8,15,0
solar,2019-04-10,2019-06-25,52,8,15,0
digital_ads_media,2019-06-24,2019-06-25,1,8,15,0
diagnostics_tools,2019-06-25,2019-06-26,1,8,15,0
medtech,2019-06-07,2019-06-28,15,8,15,0
agriculture_food_inputs,2019-06-24,2019-06-28,4,8,15,0
silver,2019-06-19,2019-07-01,8,8,15,0
gold,2019-06-20,2019-07-01,7,8,15,0
aerospace,2019-06-24,2019-07-01,5,8,15,0
construction_infrastructure,2019-06-28,2019-07-01,1,8,15,0
robotics,2019-06-17,2019-07-02,11,8,15,0
oil_services,2019-06-25,2019-07-02,5,8,15,0
advanced_packaging,2019-07-01,2019-07-02,1,8,15,0
ai_apps_agents,2019-07-02,2019-07-05,2,8,15,0
gold_silver_miners,2019-06-21,2019-07-08,10,8,15,0
electronics_components,2019-06-26,2019-07-08,7,8,15,0
diagnostics_tools,2019-07-01,2019-07-08,4,8,15,0
creative_software,2019-07-01,2019-07-09,5,8,15,0
renewables_storage,2019-07-05,2019-07-09,2,8,15,0
asset_managers,2019-07-01,2019-07-10,6,8,15,0
mega_banks,2019-07-08,2019-07-10,2,8,15,0
banks_brokers_exchanges,2019-07-08,2019-07-10,2,8,15,0
regional_banks,2019-07-08,2019-07-10,2,8,15,0
travel,2019-07-01,2019-07-12,8,8,15,0
solar,2019-06-26,2019-07-15,12,8,15,0
asset_managers_alts,2019-07-02,2019-07-15,8,8,15,0
managed_care_insurance,2019-07-12,2019-07-15,1,8,15,0
cybersecurity,2019-07-08,2019-07-18,8,8,15,0
streaming_entertainment,2019-07-09,2019-07-18,7,8,15,0
digital_ads_media,2019-07-10,2019-07-18,6,8,15,0
mega_cap_platforms,2019-07-10,2019-07-19,7,8,15,0
copper_metals,2019-07-19,2019-07-22,1,8,15,0
fintech,2019-07-09,2019-07-23,10,8,15,0
solar,2019-07-19,2019-07-23,2,8,15,0
fintech_payments,2019-07-09,2019-07-24,11,8,15,0
payments,2019-07-11,2019-07-25,10,8,15,0
ai_infrastructure,2019-07-15,2019-07-25,8,8,15,0
advanced_packaging,2019-07-23,2019-07-26,3,8,15,0
transport_logistics,2019-07-23,2019-07-29,4,8,15,0
mega_banks,2019-07-24,2019-07-29,3,8,15,0
fintech,2019-07-26,2019-07-30,2,8,15,0
networking_optical,2019-07-29,2019-07-30,1,8,15,0
electronics_components,2019-07-29,2019-07-30,1,8,15,0
autos,2019-07-18,2019-07-31,9,8,15,0
gold,2019-07-30,2019-07-31,1,8,15,0
semis,2019-07-22,2019-08-01,8,8,15,0
regional_banks,2019-07-25,2019-08-01,5,8,15,0
asset_managers,2019-07-26,2019-08-01,4,8,15,0
networking_optical,2019-07-31,2019-08-02,2,8,15,0
memory,2019-07-18,2019-08-05,12,8,15,0
advanced_packaging,2019-07-30,2019-08-06,5,8,15,0
digital_ads_media,2019-07-26,2019-08-07,8,8,15,0
homebuilders_housing,2019-08-02,2019-08-09,5,8,15,0
restaurants,2019-08-06,2019-08-09,3,8,15,0
fintech_payments,2019-08-07,2019-08-12,3,8,15,0
agriculture_food_inputs,2019-08-07,2019-08-12,3,8,15,0
renewables_storage,2019-08-12,2019-08-14,2,8,15,0
ai_apps,2019-07-30,2019-08-16,13,8,15,0
restaurants_food,2019-08-05,2019-08-16,9,8,15,0
silver,2019-07-16,2019-08-19,24,8,15,0
gold_silver_miners,2019-07-16,2019-08-19,24,8,15,0
gold,2019-08-01,2019-08-19,12,8,15,0
obesity_glp1_health,2019-08-09,2019-08-20,7,8,15,0
consumer_staples,2019-08-19,2019-08-20,1,8,15,0
gold,2019-08-20,2019-08-21,1,8,15,0
solar,2019-07-31,2019-08-22,16,8,15,0
ai_apps,2019-08-21,2019-08-23,2,8,15,0
data_centers,2019-08-19,2019-08-28,7,8,15,0
datacenter_reits_towers,2019-08-02,2019-08-29,19,8,15,0
real_estate_reits,2019-08-16,2019-08-29,9,8,15,0
gold_silver_miners,2019-08-23,2019-08-29,4,8,15,0
ai_infrastructure,2019-08-21,2019-09-03,8,8,15,0
defense_aerospace,2019-08-29,2019-09-03,2,8,15,0
medtech_devices,2019-08-09,2019-09-04,17,8,15,0
medtech,2019-08-20,2019-09-04,10,8,15,0
defense,2019-08-07,2019-09-05,20,8,15,0
homebuilders_housing,2019-08-20,2019-09-05,11,8,15,0
gold,2019-08-23,2019-09-05,8,8,15,0
datacenter_reits_towers,2019-09-03,2019-09-05,2,8,15,0
gold_silver_miners,2019-09-03,2019-09-05,2,8,15,0
obesity_glp1_health,2019-09-04,2019-09-06,2,8,15,0
silver,2019-08-23,2019-09-09,10,8,15,0
real_estate_reits,2019-09-03,2019-09-09,4,8,15,0
consumer_staples,2019-08-22,2019-09-10,12,8,15,0
advanced_packaging,2019-09-05,2019-09-10,3,8,15,0
oil_services,2019-09-11,2019-09-12,1,8,15,0
retail,2019-08-19,2019-09-13,18,8,15,0
storage,2019-08-30,2019-09-16,10,8,15,0
memory,2019-09-05,2019-09-18,9,8,15,0
memory_storage,2019-09-05,2019-09-18,9,8,15,0
oil_services,2019-09-16,2019-09-20,4,8,15,0
copper,2019-09-13,2019-09-23,6,8,15,0
drones_autonomy,2019-09-05,2019-09-24,13,8,15,0
banks_brokers_exchanges,2019-09-13,2019-09-24,7,8,15,0
oil_gas,2019-09-20,2019-09-24,2,8,15,0
energy,2019-09-23,2019-09-25,2,8,15,0
asset_managers,2019-09-12,2019-09-27,11,8,15,0
regional_banks,2019-09-06,2019-09-30,16,8,15,0
oil_integrated,2019-09-16,2019-09-30,10,8,15,0
asset_managers_alts,2019-09-12,2019-10-01,13,8,15,0
insurance,2019-09-24,2019-10-03,7,8,15,0
power_grid_electrification,2019-10-02,2019-10-07,3,8,15,0
semis,2019-10-01,2019-10-08,5,8,15,0
robotics,2019-09-30,2019-10-09,7,8,15,0
ai_infrastructure,2019-10-07,2019-10-09,2,8,15,0
utilities_yield,2019-09-26,2019-10-10,10,8,15,0
dev_tools,2019-10-09,2019-10-10,1,8,15,0
real_estate_reits,2019-09-27,2019-10-11,10,8,15,0
data_centers,2019-10-03,2019-10-11,6,8,15,0
consumer_staples,2019-10-07,2019-10-11,4,8,15,0
datacenter_reits_towers,2019-10-08,2019-10-11,3,8,15,0
uranium,2019-10-10,2019-10-11,1,8,15,0
nuclear,2019-10-10,2019-10-11,1,8,15,0
construction_infrastructure,2019-09-10,2019-10-14,24,8,15,0
nuclear_uranium,2019-09-17,2019-10-14,19,8,15,0
homebuilders_housing,2019-09-23,2019-10-15,16,8,15,0
solar,2019-10-11,2019-10-15,2,8,15,0
vertical_software,2019-10-11,2019-10-15,2,8,15,0
business_apps,2019-10-11,2019-10-16,3,8,15,0
workflow_software,2019-10-11,2019-10-16,3,8,15,0
mega_cap_platforms,2019-10-10,2019-10-17,5,8,15,0
semis,2019-10-11,2019-10-17,4,8,15,0
pharma,2019-10-14,2019-10-17,3,8,15,0
retail,2019-10-16,2019-10-18,2,8,15,0
autos,2019-10-16,2019-10-21,3,8,15,0
semicap_equipment,2019-09-09,2019-10-23,32,8,15,0
homebuilders_housing,2019-10-16,2019-10-23,5,8,15,0
managed_care,2019-10-18,2019-10-24,4,8,15,0
banks_brokers_exchanges,2019-10-21,2019-10-25,4,8,15,0
regional_banks,2019-10-21,2019-10-25,4,8,15,0
industrial_automation,2019-10-23,2019-10-25,2,8,15,0
construction_infrastructure,2019-10-15,2019-10-28,9,8,15,0
pharma_largecap,2019-10-24,2019-10-28,2,8,15,0
transport_logistics,2019-10-22,2019-10-30,6,8,15,0
datacenter_infra,2019-10-18,2019-10-31,9,8,15,0
managed_care,2019-10-28,2019-11-01,4,8,15,0
mega_banks,2019-10-17,2019-11-04,12,8,15,0
pharma,2019-10-31,2019-11-04,2,8,15,0
managed_care_insurance,2019-10-23,2019-11-05,9,8,15,0
pharma_largecap,2019-10-29,2019-11-05,5,8,15,0
biotech,2019-10-31,2019-11-05,3,8,15,0
datacenter_infra,2019-11-04,2019-11-06,2,8,15,0
advanced_packaging,2019-09-18,2019-11-07,36,8,15,0
semicap_equipment,2019-10-24,2019-11-08,11,8,15,0
electronics_components,2019-11-04,2019-11-08,4,8,15,0
semis,2019-11-05,2019-11-11,4,8,15,0
robotics,2019-10-15,2019-11-12,20,8,15,0
regional_banks,2019-10-29,2019-11-12,10,8,15,0
china_internet,2019-11-05,2019-11-12,5,8,15,0
mega_banks,2019-11-08,2019-11-12,2,8,15,0
agriculture_food_inputs,2019-11-11,2019-11-13,2,8,15,0
silver,2019-11-12,2019-11-14,2,8,15,0
biotech,2019-11-12,2019-11-14,2,8,15,0
semis,2019-11-13,2019-11-14,1,8,15,0
industrial_automation,2019-11-01,2019-11-15,10,8,15,0
semicap_equipment,2019-11-13,2019-11-18,3,8,15,0
creative_software,2019-11-13,2019-11-18,3,8,15,0
drones_autonomy,2019-11-14,2019-11-18,2,8,15,0
storage,2019-11-11,2019-11-19,6,8,15,0
defense,2019-11-14,2019-11-19,3,8,15,0
aerospace,2019-11-18,2019-11-19,1,8,15,0
silver,2019-11-18,2019-11-19,1,8,15,0
payments,2019-11-19,2019-11-20,1,8,15,0
ai_infrastructure,2019-10-14,2019-11-22,29,8,15,0
fintech,2019-11-19,2019-11-22,3,8,15,0
mega_cap_platforms,2019-11-19,2019-11-22,3,8,15,0
streaming_entertainment,2019-11-21,2019-11-25,2,8,15,0
pharma_largecap,2019-11-25,2019-11-26,1,8,15,0
workflow_software,2019-11-26,2019-11-27,1,8,15,0
business_apps,2019-11-20,2019-12-02,7,8,15,0
dev_tools,2019-11-20,2019-12-02,7,8,15,0
managed_care_insurance,2019-11-07,2019-12-03,17,8,15,0
healthcare,2019-11-08,2019-12-03,16,8,15,0
asset_managers,2019-11-27,2019-12-03,3,8,15,0
vertical_software,2019-11-14,2019-12-04,13,8,15,0
cybersecurity,2019-11-22,2019-12-04,7,8,15,0
managed_care,2019-11-07,2019-12-05,19,8,15,0
cloud,2019-11-26,2019-12-05,6,8,15,0
fintech,2019-12-03,2019-12-06,3,8,15,0
medtech,2019-12-04,2019-12-09,3,8,15,0
travel,2019-12-06,2019-12-09,1,8,15,0
biotech,2019-11-19,2019-12-11,15,8,15,0
creative_software,2019-11-27,2019-12-11,9,8,15,0
regional_banks,2019-12-10,2019-12-11,1,8,15,0
biotech_innovation,2019-11-21,2019-12-12,14,8,15,0
asset_managers_alts,2019-12-09,2019-12-12,3,8,15,0
rare_earth_critical_minerals,2019-12-09,2019-12-13,4,8,15,0
copper_metals,2019-12-12,2019-12-16,2,8,15,0
pharma_largecap,2019-12-02,2019-12-17,11,8,15,0
diagnostics_tools,2019-12-03,2019-12-17,10,8,15,0
pharma,2019-12-03,2019-12-17,10,8,15,0
asset_managers,2019-12-05,2019-12-17,8,8,15,0
silver,2019-12-09,2019-12-17,6,8,15,0
renewables_storage,2019-12-16,2019-12-17,1,8,15,0
mega_banks,2019-12-17,2019-12-18,1,8,15,0
regional_banks,2019-12-12,2019-12-19,5,8,15,0
oil_exploration,2019-12-17,2019-12-20,3,8,15,0
oil_gas,2019-12-18,2019-12-20,2,8,15,0
energy,2019-12-18,2019-12-20,2,8,15,0
robotics,2019-12-19,2019-12-20,1,8,15,0
solar,2019-12-19,2019-12-20,1,8,15,0
natural_gas,2019-12-17,2019-12-24,5,8,15,0
robotics,2019-12-23,2019-12-24,1,8,15,0
copper,2019-12-11,2019-12-26,10,8,15,0
autos,2019-12-18,2019-12-26,5,8,15,0
diagnostics_tools,2019-12-20,2019-12-26,3,8,15,0
semicap_equipment,2019-12-23,2019-12-26,2,8,15,0
semis,2019-12-20,2019-12-27,4,8,15,0
memory_storage,2019-12-23,2019-12-27,3,8,15,0
solar,2019-12-24,2019-12-30,3,8,15,0
memory,2019-12-16,2019-12-31,10,8,15,0
managed_care_insurance,2019-12-30,2019-12-31,1,8,15,0
utilities_yield,2019-12-30,2020-01-02,2,8,15,0
oil_gas,2019-12-30,2020-01-02,2,8,15,0
ai_apps,2019-12-31,2020-01-03,2,8,15,0
ai_infrastructure,2019-12-12,2020-01-06,15,8,15,0
oil_integrated,2020-01-06,2020-01-07,1,8,15,0
oil_services,2019-12-11,2020-01-08,18,8,15,0
silver,2019-12-24,2020-01-08,9,8,15,0
robotics,2019-12-27,2020-01-08,7,8,15,0
drones_autonomy,2020-01-03,2020-01-08,3,8,15,0
energy,2020-01-03,2020-01-08,3,8,15,0
oil_gas,2020-01-06,2020-01-08,2,8,15,0
consumer_internet_marketplaces,2019-12-27,2020-01-10,9,8,15,0
gaming_sports_betting,2020-01-08,2020-01-14,4,8,15,0
solar,2020-01-02,2020-01-16,10,8,15,0
consumer_internet,2020-01-10,2020-01-16,4,8,15,0
oil_exploration,2019-12-26,2020-01-17,15,8,15,0
dev_tools,2020-01-09,2020-01-17,6,8,15,0
cybersecurity,2020-01-15,2020-01-21,3,8,15,0
china_internet,2020-01-08,2020-01-22,9,8,15,0
workflow_software,2020-01-09,2020-01-22,8,8,15,0
renewables_storage,2019-12-19,2020-01-23,22,8,15,0
cloud,2020-01-10,2020-01-24,9,8,15,0
asset_managers,2020-01-17,2020-01-24,4,8,15,0
asset_managers_alts,2020-01-23,2020-01-27,2,8,15,0
datacenter_reits_towers,2020-01-24,2020-01-30,4,8,15,0
homebuilders_housing,2020-01-27,2020-01-30,3,8,15,0
data_centers,2020-01-22,2020-01-31,7,8,15,0
ai_apps,2020-01-08,2020-02-03,17,8,15,0
defense,2020-01-27,2020-02-03,5,8,15,0
fintech,2020-01-17,2020-02-05,12,8,15,0
ai_apps_agents,2020-01-30,2020-02-05,4,8,15,0
fintech_payments,2020-01-21,2020-02-06,12,8,15,0
payments,2020-01-17,2020-02-07,14,8,15,0
creative_software,2020-01-23,2020-02-07,11,8,15,0
vertical_software,2020-01-31,2020-02-07,5,8,15,0
ai_apps,2020-02-07,2020-02-11,2,8,15,0
fintech,2020-02-06,2020-02-12,4,8,15,0
cybersecurity,2020-02-07,2020-02-12,3,8,15,0
asset_managers_alts,2020-02-07,2020-02-12,3,8,15,0
insurance,2020-02-11,2020-02-12,1,8,15,0
utilities_yield,2020-01-21,2020-02-13,17,8,15,0
dev_tools,2020-01-30,2020-02-13,10,8,15,0
rare_earth_critical_minerals,2020-02-12,2020-02-14,2,8,15,0
real_estate_reits,2020-02-14,2020-02-19,2,8,15,0
ai_apps_agents,2020-02-06,2020-02-20,9,8,15,0
ai_infrastructure,2020-02-12,2020-02-20,5,8,15,0
mega_cap_platforms,2019-12-27,2020-02-21,37,8,15,0
dev_tools,2020-02-18,2020-02-21,3,8,15,0
vertical_software,2020-02-13,2020-02-24,6,8,15,0
consumer,2020-02-20,2020-02-26,4,8,15,0
utilities_yield,2020-02-21,2020-02-27,4,8,15,0
real_estate_reits,2020-02-21,2020-02-27,4,8,15,0
gold_silver_miners,2020-02-26,2020-02-28,2,8,15,0
silver,2020-02-26,2020-02-28,2,8,15,0
business_apps,2020-02-28,2020-03-02,1,8,15,0
renewables_storage,2020-02-18,2020-03-05,12,8,15,0
real_estate_reits,2020-03-04,2020-03-06,2,8,15,0
solar,2020-02-04,2020-03-09,23,8,15,0
gold_silver_miners,2020-03-05,2020-03-09,2,8,15,0
workflow_software,2020-01-29,2020-03-13,31,8,15,0
gold,2020-02-21,2020-03-13,15,8,15,0
ai_infrastructure,2020-03-13,2020-03-16,1,8,15,0
biotech_innovation,2020-02-27,2020-03-17,13,8,15,0
gaming_sports_betting,2020-03-09,2020-03-19,8,8,15,0
datacenter_reits_towers,2020-02-11,2020-03-20,27,8,15,0
natural_gas,2020-03-11,2020-03-23,8,8,15,0
pharma_largecap,2020-03-13,2020-03-23,6,8,15,0
consumer_staples,2020-03-09,2020-03-24,11,8,15,0
biotech,2020-02-27,2020-03-25,19,8,15,0
ai_apps_agents,2020-03-20,2020-03-25,3,8,15,0
business_apps,2020-03-23,2020-03-25,2,8,15,0
retail,2020-03-02,2020-03-26,18,8,15,0
consumer_internet_marketplaces,2020-03-25,2020-03-26,1,8,15,0
semis,2020-03-26,2020-03-27,1,8,15,0
gold,2020-03-16,2020-03-30,10,8,15,0
silver,2020-03-24,2020-03-30,4,8,15,0
drones_autonomy,2020-03-26,2020-03-30,2,8,15,0
retail,2020-03-27,2020-03-30,1,8,15,0
semis,2020-03-30,2020-03-31,1,8,15,0
business_apps,2020-03-30,2020-04-01,2,8,15,0
workflow_software,2020-03-18,2020-04-02,11,8,15,0
biotech_innovation,2020-03-20,2020-04-02,9,8,15,0
healthcare,2020-03-30,2020-04-02,3,8,15,0
ai_apps,2020-03-31,2020-04-02,2,8,15,0
cloud,2020-02-05,2020-04-06,42,8,15,0
cybersecurity,2020-03-19,2020-04-06,12,8,15,0
gaming_sports_betting,2020-04-02,2020-04-06,2,8,15,0
obesity_glp1_health,2020-04-03,2020-04-06,1,8,15,0
ai_infrastructure,2020-03-24,2020-04-07,10,8,15,0
gold,2020-04-02,2020-04-08,4,8,15,0
retail,2020-04-07,2020-04-08,1,8,15,0
pharma_largecap,2020-04-03,2020-04-09,4,8,15,0
oil_exploration,2020-04-08,2020-04-09,1,8,15,0
medtech,2020-04-03,2020-04-13,5,8,15,0
nuclear_uranium,2020-04-07,2020-04-13,3,8,15,0
oil_integrated,2020-03-31,2020-04-14,9,8,15,0
agriculture_food_inputs,2020-04-09,2020-04-14,2,8,15,0
copper,2020-04-13,2020-04-15,2,8,15,0
energy,2020-04-06,2020-04-16,7,8,15,0
oil_gas,2020-04-08,2020-04-16,5,8,15,0
cloud,2020-04-15,2020-04-16,1,8,15,0
nuclear_uranium,2020-04-15,2020-04-16,1,8,15,0
solar,2020-04-14,2020-04-17,3,8,15,0
gold_silver_miners,2020-04-14,2020-04-17,3,8,15,0
cybersecurity,2020-04-15,2020-04-20,3,8,15,0
advanced_packaging,2020-04-16,2020-04-20,2,8,15,0
medtech,2020-04-17,2020-04-22,3,8,15,0
restaurants_food,2020-04-17,2020-04-23,4,8,15,0
rare_earth_critical_minerals,2020-04-20,2020-04-28,6,8,15,0
consumer_internet_marketplaces,2020-04-14,2020-04-29,11,8,15,0
biotech,2020-04-20,2020-04-29,7,8,15,0
nuclear_uranium,2020-04-21,2020-04-29,6,8,15,0
dev_tools,2020-04-24,2020-04-29,3,8,15,0
gold,2020-04-09,2020-04-30,14,8,15,0
biotech_innovation,2020-04-20,2020-04-30,8,8,15,0
robotics,2020-04-28,2020-05-01,3,8,15,0
regional_banks,2020-04-30,2020-05-01,1,8,15,0
diagnostics_tools,2020-04-22,2020-05-04,8,8,15,0
restaurants_food,2020-04-28,2020-05-04,4,8,15,0
nuclear_uranium,2020-05-01,2020-05-06,3,8,15,0
silver,2020-05-01,2020-05-06,3,8,15,0
oil_gas,2020-05-05,2020-05-06,1,8,15,0
uranium,2020-04-01,2020-05-07,25,8,15,0
nuclear,2020-04-01,2020-05-07,25,8,15,0
electronics_components,2020-04-29,2020-05-07,6,8,15,0
gold_silver_miners,2020-05-01,2020-05-07,4,8,15,0
gold,2020-05-01,2020-05-08,5,8,15,0
natural_gas,2020-04-07,2020-05-11,23,8,15,0
memory,2020-05-08,2020-05-12,2,8,15,0
solar,2020-04-29,2020-05-13,10,8,15,0
creative_software,2020-05-06,2020-05-13,5,8,15,0
biotech,2020-05-12,2020-05-15,3,8,15,0
workflow_software,2020-05-05,2020-05-18,9,8,15,0
cybersecurity,2020-05-12,2020-05-18,4,8,15,0
diagnostics_tools,2020-05-06,2020-05-19,9,8,15,0
gold,2020-05-13,2020-05-21,6,8,15,0
gold_silver_miners,2020-05-19,2020-05-21,2,8,15,0
china_internet,2020-05-15,2020-05-22,5,8,15,0
oil_gas,2020-05-20,2020-05-22,2,8,15,0
biotech_innovation,2020-05-12,2020-05-26,9,8,15,0
business_apps,2020-05-22,2020-05-26,1,8,15,0
consumer_internet_marketplaces,2020-05-07,2020-05-27,13,8,15,0
gaming_sports_betting,2020-05-08,2020-05-27,12,8,15,0
silver,2020-05-15,2020-05-27,7,8,15,0
china_internet,2020-05-26,2020-05-27,1,8,15,0
ai_apps_agents,2020-05-07,2020-05-28,14,8,15,0
solar,2020-05-18,2020-05-28,7,8,15,0
apparel_beauty_lifestyle,2020-05-26,2020-05-29,3,8,15,0
asset_managers_alts,2020-05-27,2020-05-29,2,8,15,0
datacenter_infra,2020-05-27,2020-05-29,2,8,15,0
solar,2020-05-29,2020-06-02,2,8,15,0
data_centers,2020-05-28,2020-06-03,4,8,15,0
dev_tools,2020-05-05,2020-06-04,21,8,15,0
business_apps,2020-05-28,2020-06-04,5,8,15,0
vertical_software,2020-05-28,2020-06-04,5,8,15,0
creative_software,2020-05-28,2020-06-04,5,8,15,0
workflow_software,2020-05-29,2020-06-04,4,8,15,0
cloud,2020-06-02,2020-06-04,2,8,15,0
rare_earth_critical_minerals,2020-05-27,2020-06-05,7,8,15,0
homebuilders_housing,2020-05-18,2020-06-08,14,8,15,0
construction_infrastructure,2020-05-26,2020-06-08,9,8,15,0
datacenter_infra,2020-06-03,2020-06-09,4,8,15,0
transport_logistics,2020-06-04,2020-06-09,3,8,15,0
apparel_beauty_lifestyle,2020-06-01,2020-06-10,7,8,15,0
asset_managers,2020-06-03,2020-06-10,5,8,15,0
airlines_travel,2020-06-04,2020-06-10,4,8,15,0
oil_gas,2020-06-08,2020-06-10,2,8,15,0
insurance,2020-06-04,2020-06-11,5,8,15,0
consumer_internet,2020-06-10,2020-06-12,2,8,15,0
workflow_software,2020-06-11,2020-06-12,1,8,15,0
creative_software,2020-06-10,2020-06-15,3,8,15,0
copper_metals,2020-06-10,2020-06-15,3,8,15,0
airlines_travel,2020-06-12,2020-06-15,1,8,15,0
copper,2020-06-09,2020-06-16,5,8,15,0
oil_exploration,2020-06-08,2020-06-17,7,8,15,0
autos,2020-06-11,2020-06-18,5,8,15,0
regional_banks,2020-06-15,2020-06-18,3,8,15,0
transport_logistics,2020-06-17,2020-06-18,1,8,15,0
oil_services,2020-06-04,2020-06-19,11,8,15,0
advanced_packaging,2020-06-17,2020-06-19,2,8,15,0
asset_managers_alts,2020-06-03,2020-06-22,13,8,15,0
datacenter_reits_towers,2020-06-19,2020-06-22,1,8,15,0
semicap_equipment,2020-06-16,2020-06-23,5,8,15,0
semis,2020-06-15,2020-06-24,7,8,15,0
fintech,2020-06-22,2020-06-29,5,8,15,0
dev_tools,2020-06-26,2020-06-29,1,8,15,0
gaming_sports_betting,2020-06-23,2020-06-30,5,8,15,0
consumer_internet,2020-06-24,2020-06-30,4,8,15,0
advanced_packaging,2020-06-29,2020-06-30,1,8,15,0
china_internet,2020-06-10,2020-07-01,15,8,15,0
semicap_equipment,2020-06-25,2020-07-01,4,8,15,0
semis,2020-06-30,2020-07-01,1,8,15,0
gold,2020-06-30,2020-07-06,3,8,15,0
creative_software,2020-06-16,2020-07-07,14,8,15,0
cloud,2020-06-24,2020-07-07,8,8,15,0
ai_apps_agents,2020-06-18,2020-07-08,13,8,15,0
workflow_software,2020-06-18,2020-07-13,16,8,15,0
business_apps,2020-06-22,2020-07-13,14,8,15,0
dev_tools,2020-06-30,2020-07-13,8,8,15,0
silver,2020-07-08,2020-07-13,3,8,15,0
creative_software,2020-07-09,2020-07-13,2,8,15,0
consumer_internet_marketplaces,2020-06-18,2020-07-14,17,8,15,0
china_internet,2020-07-02,2020-07-15,8,8,15,0
ai_apps,2020-06-09,2020-07-16,26,8,15,0
consumer_internet,2020-07-02,2020-07-16,9,8,15,0
mega_cap_platforms,2020-07-13,2020-07-16,3,8,15,0
streaming_entertainment,2020-07-16,2020-07-17,1,8,15,0
autos,2020-07-15,2020-07-21,4,8,15,0
renewables_storage,2020-06-29,2020-07-22,16,8,15,0
asset_managers,2020-07-21,2020-07-22,1,8,15,0
copper,2020-07-13,2020-07-23,8,8,15,0
copper_metals,2020-07-14,2020-07-29,11,8,15,0
rare_earth_critical_minerals,2020-07-21,2020-07-30,7,8,15,0
nuclear_uranium,2020-07-22,2020-07-30,6,8,15,0
robotics,2020-07-07,2020-07-31,18,8,15,0
solar,2020-07-14,2020-08-03,14,8,15,0
nuclear,2020-07-23,2020-08-04,8,8,15,0
diagnostics_tools,2020-07-29,2020-08-04,4,8,15,0
uranium,2020-07-20,2020-08-05,12,8,15,0
homebuilders_housing,2020-07-28,2020-08-05,6,8,15,0
electronics_components,2020-07-30,2020-08-06,5,8,15,0
gold_silver_miners,2020-06-30,2020-08-07,27,8,15,0
silver,2020-07-17,2020-08-07,15,8,15,0
gold,2020-07-20,2020-08-07,14,8,15,0
networking,2020-07-31,2020-08-07,5,8,15,0
copper_metals,2020-08-06,2020-08-07,1,8,15,0
networking_optical,2020-07-31,2020-08-10,6,8,15,0
fintech,2020-08-06,2020-08-10,2,8,15,0
ai_infrastructure,2020-07-29,2020-08-12,10,8,15,0
fintech_payments,2020-08-07,2020-08-12,3,8,15,0
natural_gas,2020-08-10,2020-08-13,3,8,15,0
quantum_computing,2020-08-11,2020-08-13,2,8,15,0
industrial_automation,2020-08-11,2020-08-13,2,8,15,0
power_grid_electrification,2020-08-10,2020-08-14,4,8,15,0
natural_gas,2020-08-14,2020-08-18,2,8,15,0
crypto_infrastructure,2020-07-29,2020-08-19,15,8,15,0
construction_infrastructure,2020-08-07,2020-08-19,8,8,15,0
apparel_beauty_lifestyle,2020-08-11,2020-08-20,7,8,15,0
lithium_battery_materials,2020-08-13,2020-08-24,7,8,15,0
workflow_software,2020-08-20,2020-08-24,2,8,15,0
datacenter_infra,2020-08-07,2020-08-25,12,8,15,0
agriculture_food_inputs,2020-08-10,2020-08-25,11,8,15,0
retail,2020-08-19,2020-08-25,4,8,15,0
retail_consumer,2020-08-24,2020-08-25,1,8,15,0
restaurants_food,2020-08-20,2020-08-26,4,8,15,0
homebuilders_housing,2020-08-12,2020-08-27,11,8,15,0
gaming_sports_betting,2020-08-24,2020-08-27,3,8,15,0
creative_software,2020-08-26,2020-08-27,1,8,15,0
consumer_staples,2020-08-19,2020-08-28,7,8,15,0
consumer_internet,2020-08-27,2020-08-31,2,8,15,0
consumer_internet_marketplaces,2020-08-25,2020-09-01,5,8,15,0
solar,2020-08-04,2020-09-02,21,8,15,0
renewables_storage,2020-08-13,2020-09-02,14,8,15,0
quantum_computing,2020-09-02,2020-09-03,1,8,15,0
creative_software,2020-09-02,2020-09-03,1,8,15,0
cloud,2020-09-01,2020-09-04,3,8,15,0
robotics,2020-08-21,2020-09-08,11,8,15,0
mega_cap_platforms,2020-08-24,2020-09-08,10,8,15,0
travel,2020-09-02,2020-09-09,4,8,15,0
airlines_travel,2020-09-04,2020-09-09,2,8,15,0
business_apps,2020-08-26,2020-09-10,10,8,15,0
workflow_software,2020-08-26,2020-09-10,10,8,15,0
copper,2020-09-09,2020-09-10,1,8,15,0
retail_consumer,2020-09-03,2020-09-11,5,8,15,0
medtech,2020-09-08,2020-09-11,3,8,15,0
consumer,2020-08-28,2020-09-14,10,8,15,0
robotics,2020-09-09,2020-09-15,4,8,15,0
diagnostics_tools,2020-09-11,2020-09-16,3,8,15,0
autos,2020-09-15,2020-09-16,1,8,15,0
restaurants_food,2020-08-27,2020-09-17,14,8,15,0
ai_apps,2020-09-09,2020-09-17,6,8,15,0
restaurants,2020-08-27,2020-09-18,15,8,15,0
airlines_travel,2020-09-10,2020-09-18,6,8,15,0
regional_banks,2020-09-16,2020-09-18,2,8,15,0
transport_logistics,2020-09-10,2020-09-21,7,8,15,0
agriculture_food_inputs,2020-09-17,2020-09-21,2,8,15,0
autos,2020-09-17,2020-09-21,2,8,15,0
copper_metals,2020-09-18,2020-09-21,1,8,15,0
industrial_automation,2020-09-11,2020-09-22,7,8,15,0
apparel_beauty_lifestyle,2020-09-14,2020-09-22,6,8,15,0
lithium_battery_materials,2020-09-04,2020-09-23,12,8,15,0
rare_earth_critical_minerals,2020-09-18,2020-09-23,3,8,15,0
renewables_storage,2020-09-21,2020-09-24,3,8,15,0
dev_tools,2020-09-22,2020-09-24,2,8,15,0
apparel_beauty_lifestyle,2020-09-23,2020-09-24,1,8,15,0
copper,2020-09-11,2020-09-25,10,8,15,0
utilities_yield,2020-09-24,2020-09-28,2,8,15,0
gaming_sports_betting,2020-09-21,2020-09-29,6,8,15,0
biotech_innovation,2020-09-18,2020-09-30,8,8,15,0
workflow_software,2020-09-22,2020-09-30,6,8,15,0
obesity_glp1_health,2020-09-17,2020-10-01,10,8,15,0
cloud,2020-09-21,2020-10-02,9,8,15,0
managed_care_insurance,2020-09-30,2020-10-02,2,8,15,0
dev_tools,2020-10-01,2020-10-05,2,8,15,0
homebuilders_housing,2020-10-02,2020-10-06,2,8,15,0
ai_apps,2020-09-21,2020-10-07,12,8,15,0
apparel_beauty_lifestyle,2020-10-02,2020-10-08,4,8,15,0
diagnostics_tools,2020-09-23,2020-10-09,12,8,15,0
datacenter_infra,2020-10-05,2020-10-09,4,8,15,0
rare_earth_critical_minerals,2020-09-25,2020-10-12,11,8,15,0
lithium_battery_materials,2020-09-25,2020-10-13,12,8,15,0
ai_infrastructure,2020-09-30,2020-10-13,9,8,15,0
dev_tools,2020-10-09,2020-10-15,4,8,15,0
semicap_equipment,2020-10-09,2020-10-15,4,8,15,0
renewables_storage,2020-09-25,2020-10-16,15,8,15,0
cybersecurity,2020-10-14,2020-10-16,2,8,15,0
semis,2020-10-09,2020-10-19,6,8,15,0
creative_software,2020-10-16,2020-10-19,1,8,15,0
cloud,2020-10-13,2020-10-20,5,8,15,0
vertical_software,2020-10-16,2020-10-20,2,8,15,0
solar,2020-09-25,2020-10-21,18,8,15,0
construction_infrastructure,2020-10-05,2020-10-21,12,8,15,0
retail_consumer,2020-10-21,2020-10-22,1,8,15,0
utilities_yield,2020-10-08,2020-10-23,11,8,15,0
asset_managers,2020-10-13,2020-10-26,9,8,15,0
datacenter_infra,2020-10-15,2020-10-26,7,8,15,0
memory_storage,2020-10-19,2020-10-26,5,8,15,0
memory,2020-10-19,2020-10-27,6,8,15,0
industrial_automation,2020-10-19,2020-10-27,6,8,15,0
solar,2020-10-26,2020-10-27,1,8,15,0
managed_care,2020-10-22,2020-10-28,4,8,15,0
utilities_yield,2020-10-26,2020-10-30,4,8,15,0
consumer_internet_marketplaces,2020-10-27,2020-10-30,3,8,15,0
solar,2020-10-28,2020-10-30,2,8,15,0
diagnostics_tools,2020-10-27,2020-11-02,4,8,15,0
electronics_components,2020-10-30,2020-11-02,1,8,15,0
crypto_infrastructure,2020-10-21,2020-11-03,9,8,15,0
china_internet,2020-10-27,2020-11-03,5,8,15,0
power_grid_electrification,2020-10-06,2020-11-04,21,8,15,0
insurance,2020-10-30,2020-11-04,3,8,15,0
datacenter_infra,2020-11-02,2020-11-04,2,8,15,0
construction_infrastructure,2020-11-02,2020-11-04,2,8,15,0
regional_banks,2020-11-03,2020-11-04,1,8,15,0
apparel_beauty_lifestyle,2020-10-22,2020-11-05,10,8,15,0
managed_care,2020-11-04,2020-11-06,2,8,15,0
consumer_internet,2020-10-22,2020-11-09,12,8,15,0
diagnostics_tools,2020-11-04,2020-11-09,3,8,15,0
creative_software,2020-11-04,2020-11-09,3,8,15,0
consumer_internet_marketplaces,2020-11-05,2020-11-09,2,8,15,0
vertical_software,2020-11-05,2020-11-09,2,8,15,0
semis,2020-11-06,2020-11-09,1,8,15,0
ai_apps,2020-10-21,2020-11-10,14,8,15,0
digital_ads_media,2020-10-21,2020-11-10,14,8,15,0
china_internet,2020-11-04,2020-11-10,4,8,15,0
semicap_equipment,2020-11-09,2020-11-10,1,8,15,0
aerospace,2020-11-10,2020-11-11,1,8,15,0
banks_brokers_exchanges,2020-11-11,2020-11-13,2,8,15,0
managed_care,2020-11-10,2020-11-16,4,8,15,0
oil_services,2020-11-09,2020-11-17,6,8,15,0
datacenter_infra,2020-11-09,2020-11-17,6,8,15,0
industrial_automation,2020-11-10,2020-11-17,5,8,15,0
insurance,2020-11-12,2020-11-17,3,8,15,0
lithium_battery_materials,2020-11-16,2020-11-17,1,8,15,0
travel,2020-11-09,2020-11-18,7,8,15,0
china_internet,2020-11-12,2020-11-18,4,8,15,0
networking,2020-11-16,2020-11-18,2,8,15,0
electronics_components,2020-11-09,2020-11-19,8,8,15,0
biotech_innovation,2020-11-17,2020-11-19,2,8,15,0
insurance,2020-11-18,2020-11-19,1,8,15,0
industrial_automation,2020-11-18,2020-11-20,2,8,15,0
aerospace,2020-11-17,2020-11-23,4,8,15,0
biotech_innovation,2020-11-20,2020-11-24,2,8,15,0
ai_apps,2020-11-23,2020-11-24,1,8,15,0
advanced_packaging,2020-10-30,2020-11-25,18,8,15,0
semicap_equipment,2020-11-11,2020-11-25,10,8,15,0
oil_integrated,2020-11-20,2020-11-25,3,8,15,0
apparel_beauty_lifestyle,2020-11-17,2020-11-27,7,8,15,0
defense_aerospace,2020-11-17,2020-11-30,8,8,15,0
oil_gas,2020-11-20,2020-11-30,5,8,15,0
oil_exploration,2020-11-19,2020-12-01,7,8,15,0
cloud,2020-11-30,2020-12-01,1,8,15,0
ai_apps_agents,2020-11-30,2020-12-02,2,8,15,0
rare_earth_critical_minerals,2020-11-23,2020-12-03,7,8,15,0
renewables_storage,2020-11-24,2020-12-03,6,8,15,0
uranium,2020-12-02,2020-12-03,1,8,15,0
drones_autonomy,2020-11-19,2020-12-07,11,8,15,0
crypto_infrastructure,2020-11-20,2020-12-08,11,8,15,0
oil_exploration,2020-12-04,2020-12-08,2,8,15,0
airlines_travel,2020-12-07,2020-12-08,1,8,15,0
uranium,2020-12-07,2020-12-09,2,8,15,0
creative_software,2020-12-09,2020-12-11,2,8,15,0
cloud,2020-12-09,2020-12-11,2,8,15,0
copper,2020-11-24,2020-12-14,13,8,15,0
semicap_equipment,2020-12-01,2020-12-15,10,8,15,0
oil_services,2020-11-18,2020-12-16,19,8,15,0
cybersecurity,2020-12-08,2020-12-16,6,8,15,0
oil_gas,2020-12-11,2020-12-16,3,8,15,0
oil_exploration,2020-12-10,2020-12-17,5,8,15,0
storage,2020-12-02,2020-12-18,12,8,15,0
streaming_entertainment,2020-12-10,2020-12-18,6,8,15,0
nuclear_uranium,2020-12-03,2020-12-21,12,8,15,0
obesity_glp1_health,2020-12-16,2020-12-21,3,8,15,0
quantum_computing,2020-12-21,2020-12-23,2,8,15,0
biotech_innovation,2020-11-27,2020-12-28,20,8,15,0
digital_ads_media,2020-11-27,2020-12-28,20,8,15,0
dev_tools,2020-12-16,2020-12-28,7,8,15,0
creative_software,2020-12-18,2020-12-28,5,8,15,0
robotics,2020-12-22,2020-12-29,4,8,15,0
nuclear,2020-12-14,2020-12-31,12,8,15,0
drones_autonomy,2020-12-28,2020-12-31,3,8,15,0
silver,2020-12-29,2020-12-31,2,8,15,0
quantum_computing,2020-12-24,2021-01-05,6,8,15,0
cloud_neocloud,2020-12-28,2021-01-06,6,8,15,0
gold_silver_miners,2021-01-04,2021-01-06,2,8,15,0
uranium,2020-12-11,2021-01-08,18,8,15,0
silver,2021-01-04,2021-01-08,4,8,15,0
regional_banks,2021-01-07,2021-01-08,1,8,15,0
robotics,2020-12-31,2021-01-11,6,8,15,0
copper_metals,2021-01-05,2021-01-11,4,8,15,0
consumer_internet,2021-01-08,2021-01-11,1,8,15,0
copper,2021-01-06,2021-01-13,5,8,15,0
electronics_components,2021-01-11,2021-01-13,2,8,15,0
solar,2020-12-21,2021-01-14,16,8,15,0
lithium_battery_materials,2020-12-22,2021-01-20,18,8,15,0
mega_banks,2021-01-12,2021-01-20,5,8,15,0
crypto_infrastructure,2020-12-16,2021-01-21,23,8,15,0
rare_earth_critical_minerals,2020-12-28,2021-01-22,17,8,15,0
memory,2021-01-19,2021-01-22,3,8,15,0
renewables_storage,2020-12-18,2021-01-25,23,8,15,0
diagnostics_tools,2021-01-20,2021-01-26,4,8,15,0
semis,2021-01-21,2021-01-26,3,8,15,0
semis_compute,2021-01-21,2021-01-26,3,8,15,0
advanced_packaging,2021-01-08,2021-01-27,12,8,15,0
autos,2021-01-11,2021-01-27,11,8,15,0
semicap_equipment,2021-01-15,2021-01-27,7,8,15,0
networking,2021-01-27,2021-01-29,2,8,15,0
homebuilders_housing,2021-01-25,2021-02-01,5,8,15,0
datacenter_reits_towers,2021-01-26,2021-02-01,4,8,15,0
storage,2021-01-29,2021-02-01,1,8,15,0
retail_consumer,2021-01-25,2021-02-02,6,8,15,0
space_satellites,2021-01-26,2021-02-02,5,8,15,0
data_centers,2021-01-27,2021-02-02,4,8,15,0
china_internet,2021-01-28,2021-02-02,3,8,15,0
silver,2021-02-01,2021-02-02,1,8,15,0
cybersecurity,2021-01-28,2021-02-03,4,8,15,0
diagnostics_tools,2021-01-29,2021-02-03,3,8,15,0
dev_tools,2021-02-02,2021-02-03,1,8,15,0
gaming_sports_betting,2021-02-02,2021-02-03,1,8,15,0
retail_consumer,2021-02-03,2021-02-05,2,8,15,0
cloud_neocloud,2021-02-03,2021-02-08,3,8,15,0
ai_apps,2021-02-04,2021-02-08,2,8,15,0
consumer_internet_marketplaces,2021-02-04,2021-02-08,2,8,15,0
consumer_internet,2021-02-05,2021-02-08,1,8,15,0
obesity_glp1_health,2021-01-15,2021-02-09,16,8,15,0
networking_optical,2021-01-22,2021-02-09,12,8,15,0
ai_apps_agents,2021-02-02,2021-02-10,6,8,15,0
biotech_innovation,2021-02-02,2021-02-10,6,8,15,0
storage,2021-02-04,2021-02-10,4,8,15,0
memory_storage,2021-02-08,2021-02-10,2,8,15,0
dev_tools,2021-02-04,2021-02-12,6,8,15,0
fintech_payments,2021-02-09,2021-02-16,4,8,15,0
fintech,2021-02-09,2021-02-17,5,8,15,0
diagnostics_tools,2021-02-11,2021-02-17,3,8,15,0
consumer_internet_marketplaces,2021-02-10,2021-02-18,5,8,15,0
oil_exploration,2021-02-17,2021-02-18,1,8,15,0
digital_ads_media,2021-01-27,2021-02-22,17,8,15,0
space_satellites,2021-02-08,2021-02-22,9,8,15,0
consumer_internet,2021-02-10,2021-02-22,7,8,15,0
advanced_packaging,2021-02-11,2021-02-22,6,8,15,0
semicap_equipment,2021-02-12,2021-02-22,5,8,15,0
drones_autonomy,2021-01-13,2021-02-23,27,8,15,0
memory_storage,2021-02-17,2021-02-23,4,8,15,0
memory,2021-02-18,2021-02-23,3,8,15,0
crypto_infrastructure,2021-02-03,2021-02-24,14,8,15,0
nuclear,2021-02-17,2021-02-24,5,8,15,0
uranium,2021-02-17,2021-02-24,5,8,15,0
nuclear_uranium,2021-02-22,2021-02-24,2,8,15,0
advanced_packaging,2021-02-24,2021-03-02,4,8,15,0
copper,2021-02-19,2021-03-04,9,8,15,0
travel,2021-02-23,2021-03-09,10,8,15,0
airlines_travel,2021-02-22,2021-03-10,12,8,15,0
energy,2021-03-04,2021-03-10,4,8,15,0
banks_brokers_exchanges,2021-02-25,2021-03-11,10,8,15,0
regional_banks,2021-03-01,2021-03-11,8,8,15,0
oil_services,2021-03-04,2021-03-12,6,8,15,0
asset_managers_alts,2021-03-11,2021-03-12,1,8,15,0
storage,2021-03-03,2021-03-15,8,8,15,0
regional_banks,2021-03-12,2021-03-15,1,8,15,0
nuclear,2021-03-15,2021-03-16,1,8,15,0
mega_banks,2021-02-23,2021-03-17,16,8,15,0
oil_integrated,2021-02-23,2021-03-17,16,8,15,0
oil_gas,2021-02-23,2021-03-17,16,8,15,0
banks_brokers_exchanges,2021-03-12,2021-03-17,3,8,15,0
transport_logistics,2021-03-12,2021-03-17,3,8,15,0
managed_care,2021-03-16,2021-03-17,1,8,15,0
datacenter_reits_towers,2021-03-16,2021-03-17,1,8,15,0
oil_exploration,2021-02-22,2021-03-18,18,8,15,0
real_estate_reits,2021-03-16,2021-03-18,2,8,15,0
restaurants_food,2021-03-17,2021-03-18,1,8,15,0
agriculture_food_inputs,2021-03-10,2021-03-19,7,8,15,0
industrial_automation,2021-03-17,2021-03-19,2,8,15,0
construction_infrastructure,2021-03-17,2021-03-19,2,8,15,0
regional_banks,2021-03-18,2021-03-19,1,8,15,0
mega_banks,2021-03-18,2021-03-19,1,8,15,0
airlines_travel,2021-03-11,2021-03-22,7,8,15,0
travel,2021-03-11,2021-03-22,7,8,15,0
transport_logistics,2021-03-19,2021-03-22,1,8,15,0
storage,2021-03-16,2021-03-23,5,8,15,0
gold,2021-03-19,2021-03-23,2,8,15,0
apparel_beauty_lifestyle,2021-03-19,2021-03-23,2,8,15,0
memory,2021-03-22,2021-03-23,1,8,15,0
nuclear_uranium,2021-03-18,2021-03-24,4,8,15,0
restaurants,2021-03-23,2021-03-24,1,8,15,0
uranium,2021-03-22,2021-03-25,3,8,15,0
nuclear,2021-03-22,2021-03-25,3,8,15,0
data_centers,2021-03-22,2021-03-26,4,8,15,0
consumer,2021-03-25,2021-03-26,1,8,15,0
storage,2021-03-26,2021-03-29,1,8,15,0
networking,2021-03-22,2021-03-30,6,8,15,0
restaurants,2021-03-25,2021-03-30,3,8,15,0
natural_gas,2021-03-26,2021-03-30,2,8,15,0
pharma_largecap,2021-03-29,2021-03-30,1,8,15,0
asset_managers_alts,2021-03-19,2021-03-31,8,8,15,0
real_estate_reits,2021-03-23,2021-03-31,6,8,15,0
industrial_automation,2021-03-25,2021-03-31,4,8,15,0
insurance,2021-03-29,2021-03-31,2,8,15,0
transport_logistics,2021-03-30,2021-03-31,1,8,15,0
managed_care,2021-03-19,2021-04-01,9,8,15,0
pharma,2021-03-29,2021-04-01,3,8,15,0
power_grid_electrification,2021-03-30,2021-04-01,2,8,15,0
utilities_yield,2021-03-31,2021-04-01,1,8,15,0
memory,2021-04-01,2021-04-05,1,8,15,0
data_centers,2021-04-01,2021-04-06,2,8,15,0
consumer_staples,2021-03-23,2021-04-07,10,8,15,0
datacenter_reits_towers,2021-03-23,2021-04-07,10,8,15,0
datacenter_infra,2021-03-30,2021-04-08,6,8,15,0
defense,2021-04-07,2021-04-08,1,8,15,0
electronics_components,2021-04-05,2021-04-09,4,8,15,0
semis,2021-04-01,2021-04-12,6,8,15,0
memory,2021-04-08,2021-04-12,2,8,15,0
semicap_equipment,2021-03-31,2021-04-13,8,8,15,0
construction_infrastructure,2021-04-05,2021-04-13,6,8,15,0
apparel_beauty_lifestyle,2021-04-12,2021-04-13,1,8,15,0
defense,2021-04-12,2021-04-13,1,8,15,0
asset_managers_alts,2021-04-12,2021-04-13,1,8,15,0
advanced_packaging,2021-04-01,2021-04-14,8,8,15,0
ai_infrastructure,2021-04-08,2021-04-14,4,8,15,0
cybersecurity,2021-04-13,2021-04-14,1,8,15,0
dev_tools,2021-04-13,2021-04-16,3,8,15,0
workflow_software,2021-04-13,2021-04-19,4,8,15,0
business_apps,2021-04-14,2021-04-19,3,8,15,0
payments,2021-04-16,2021-04-20,2,8,15,0
construction_infrastructure,2021-04-19,2021-04-20,1,8,15,0
consumer,2021-04-06,2021-04-21,11,8,15,0
restaurants,2021-04-07,2021-04-21,10,8,15,0
asset_managers_alts,2021-04-14,2021-04-21,5,8,15,0
consumer_staples,2021-04-16,2021-04-21,3,8,15,0
datacenter_reits_towers,2021-04-20,2021-04-21,1,8,15,0
mega_cap_platforms,2021-04-09,2021-04-22,9,8,15,0
homebuilders_housing,2021-03-23,2021-04-23,22,8,15,0
pharma_largecap,2021-04-21,2021-04-23,2,8,15,0
consumer,2021-04-22,2021-04-23,1,8,15,0
restaurants,2021-04-22,2021-04-23,1,8,15,0
construction_infrastructure,2021-04-21,2021-04-26,3,8,15,0
apparel_beauty_lifestyle,2021-04-22,2021-04-26,2,8,15,0
datacenter_reits_towers,2021-04-23,2021-04-26,1,8,15,0
pharma,2021-04-19,2021-04-27,6,8,15,0
real_estate_reits,2021-04-20,2021-04-27,5,8,15,0
biotech,2021-04-26,2021-04-27,1,8,15,0
business_apps,2021-04-26,2021-04-27,1,8,15,0
cybersecurity,2021-04-26,2021-04-28,2,8,15,0
managed_care_insurance,2021-04-21,2021-04-29,6,8,15,0
medtech_devices,2021-04-22,2021-04-29,5,8,15,0
copper,2021-04-23,2021-04-29,4,8,15,0
construction_infrastructure,2021-04-27,2021-04-30,3,8,15,0
payments,2021-04-28,2021-04-30,2,8,15,0
storage,2021-04-19,2021-05-03,10,8,15,0
medtech,2021-04-15,2021-05-04,13,8,15,0
real_estate_reits,2021-04-30,2021-05-04,2,8,15,0
restaurants,2021-04-30,2021-05-04,2,8,15,0
consumer,2021-04-30,2021-05-04,2,8,15,0
apparel_beauty_lifestyle,2021-04-27,2021-05-05,6,8,15,0
restaurants_food,2021-04-29,2021-05-05,4,8,15,0
mega_banks,2021-04-29,2021-05-06,5,8,15,0
managed_care,2021-05-04,2021-05-07,3,8,15,0
asset_managers_alts,2021-04-27,2021-05-10,9,8,15,0
regional_banks,2021-04-29,2021-05-10,7,8,15,0
asset_managers,2021-04-23,2021-05-11,12,8,15,0
agriculture_food_inputs,2021-05-04,2021-05-11,5,8,15,0
homebuilders_housing,2021-04-27,2021-05-12,11,8,15,0
oil_exploration,2021-05-03,2021-05-13,8,8,15,0
managed_care,2021-05-11,2021-05-14,3,8,15,0
pharma_largecap,2021-05-12,2021-05-14,2,8,15,0
pharma,2021-05-12,2021-05-14,2,8,15,0
construction_infrastructure,2021-05-04,2021-05-19,11,8,15,0
copper,2021-05-05,2021-05-19,10,8,15,0
insurance,2021-05-06,2021-05-19,9,8,15,0
copper_metals,2021-05-07,2021-05-20,9,8,15,0
oil_services,2021-05-11,2021-05-20,7,8,15,0
oil_integrated,2021-05-12,2021-05-20,6,8,15,0
energy,2021-05-19,2021-05-21,2,8,15,0
pharma_largecap,2021-05-20,2021-05-24,2,8,15,0
healthcare,2021-05-21,2021-05-24,1,8,15,0
oil_gas,2021-05-07,2021-05-25,12,8,15,0
memory,2021-05-20,2021-05-25,3,8,15,0
memory_storage,2021-05-24,2021-05-25,1,8,15,0
natural_gas,2021-05-04,2021-05-26,16,8,15,0
gold,2021-05-11,2021-06-01,14,8,15,0
silver,2021-05-17,2021-06-01,10,8,15,0
gold_silver_miners,2021-05-19,2021-06-01,8,8,15,0
asset_managers_alts,2021-05-21,2021-06-01,6,8,15,0
creative_software,2021-05-25,2021-06-02,5,8,15,0
china_internet,2021-06-01,2021-06-02,1,8,15,0
memory,2021-05-26,2021-06-03,5,8,15,0
cloud,2021-05-27,2021-06-03,4,8,15,0
semicap_equipment,2021-05-28,2021-06-03,3,8,15,0
mega_banks,2021-05-24,2021-06-07,9,8,15,0
asset_managers,2021-05-25,2021-06-07,8,8,15,0
autos,2021-05-27,2021-06-07,6,8,15,0
semis_compute,2021-05-26,2021-06-08,8,8,15,0
ai_infrastructure,2021-06-01,2021-06-08,5,8,15,0
cybersecurity,2021-05-27,2021-06-09,8,8,15,0
oil_exploration,2021-06-02,2021-06-10,6,8,15,0
oil_services,2021-06-02,2021-06-10,6,8,15,0
rare_earth_critical_minerals,2021-06-08,2021-06-10,2,8,15,0
asset_managers_alts,2021-06-03,2021-06-11,6,8,15,0
data_centers,2021-06-10,2021-06-11,1,8,15,0
lithium_battery_materials,2021-06-08,2021-06-14,4,8,15,0
natural_gas,2021-06-08,2021-06-14,4,8,15,0
real_estate_reits,2021-06-10,2021-06-16,4,8,15,0
ai_infrastructure,2021-06-11,2021-06-16,3,8,15,0
obesity_glp1_health,2021-05-19,2021-06-17,20,8,15,0
oil_gas,2021-06-02,2021-06-17,11,8,15,0
networking_optical,2021-06-08,2021-06-17,7,8,15,0
solar,2021-06-18,2021-06-21,1,8,15,0
datacenter_reits_towers,2021-06-07,2021-06-22,11,8,15,0
biotech,2021-06-10,2021-06-23,9,8,15,0
business_apps,2021-06-17,2021-06-23,4,8,15,0
cybersecurity,2021-06-11,2021-06-24,9,8,15,0
vertical_software,2021-06-21,2021-06-24,3,8,15,0
mega_cap_platforms,2021-06-21,2021-06-25,4,8,15,0
diagnostics_tools,2021-06-21,2021-06-25,4,8,15,0
oil_exploration,2021-06-25,2021-06-28,1,8,15,0
ai_apps,2021-06-17,2021-06-30,9,8,15,0
ai_apps_agents,2021-06-17,2021-06-30,9,8,15,0
cloud,2021-06-07,2021-07-01,18,8,15,0
workflow_software,2021-06-11,2021-07-01,14,8,15,0
consumer_internet_marketplaces,2021-06-24,2021-07-01,5,8,15,0
ai_infrastructure,2021-06-30,2021-07-01,1,8,15,0
business_apps,2021-06-29,2021-07-02,3,8,15,0
lithium_battery_materials,2021-07-01,2021-07-06,2,8,15,0
digital_ads_media,2021-06-24,2021-07-07,8,8,15,0
renewables_storage,2021-06-28,2021-07-07,6,8,15,0
apparel_beauty_lifestyle,2021-07-01,2021-07-07,3,8,15,0
ai_infrastructure,2021-07-06,2021-07-08,2,8,15,0
dev_tools,2021-06-16,2021-07-12,17,8,15,0
solar,2021-06-23,2021-07-12,12,8,15,0
cloud,2021-07-09,2021-07-12,1,8,15,0
creative_software,2021-06-29,2021-07-13,9,8,15,0
workflow_software,2021-07-08,2021-07-13,3,8,15,0
asset_managers,2021-07-13,2021-07-14,1,8,15,0
ai_infrastructure,2021-07-12,2021-07-15,3,8,15,0
consumer,2021-07-01,2021-07-19,11,8,15,0
restaurants,2021-07-13,2021-07-19,4,8,15,0
payments,2021-07-13,2021-07-19,4,8,15,0
business_apps,2021-07-06,2021-07-21,11,8,15,0
medtech,2021-07-07,2021-07-21,10,8,15,0
datacenter_reits_towers,2021-07-12,2021-07-22,8,8,15,0
asset_managers,2021-07-21,2021-07-22,1,8,15,0
ai_infrastructure,2021-07-21,2021-07-23,2,8,15,0
data_centers,2021-07-19,2021-07-26,5,8,15,0
biotech,2021-06-30,2021-07-27,18,8,15,0
business_apps,2021-07-22,2021-07-27,3,8,15,0
mega_cap_platforms,2021-07-02,2021-07-28,17,8,15,0
consumer_staples,2021-07-14,2021-07-28,10,8,15,0
restaurants_food,2021-07-27,2021-07-28,1,8,15,0
payments,2021-07-21,2021-07-29,6,8,15,0
dev_tools,2021-07-28,2021-07-29,1,8,15,0
pharma_largecap,2021-07-28,2021-07-29,1,8,15,0
pharma,2021-07-14,2021-07-30,12,8,15,0
cloud,2021-07-29,2021-08-02,2,8,15,0
vertical_software,2021-07-01,2021-08-03,22,8,15,0
workflow_software,2021-07-30,2021-08-03,2,8,15,0
semicap_equipment,2021-07-30,2021-08-03,2,8,15,0
medtech_devices,2021-08-02,2021-08-03,1,8,15,0
copper,2021-07-28,2021-08-04,5,8,15,0
restaurants,2021-07-22,2021-08-05,10,8,15,0
consumer,2021-07-22,2021-08-05,10,8,15,0
networking,2021-07-26,2021-08-05,8,8,15,0
creative_software,2021-08-04,2021-08-05,1,8,15,0
medtech,2021-07-23,2021-08-10,12,8,15,0
semis,2021-07-30,2021-08-10,7,8,15,0
advanced_packaging,2021-08-04,2021-08-11,5,8,15,0
obesity_glp1_health,2021-08-05,2021-08-11,4,8,15,0
ai_infrastructure,2021-08-02,2021-08-12,8,8,15,0
rare_earth_critical_minerals,2021-08-06,2021-08-16,6,8,15,0
lithium_battery_materials,2021-08-10,2021-08-16,4,8,15,0
apparel_beauty_lifestyle,2021-08-10,2021-08-16,4,8,15,0
obesity_glp1_health,2021-08-12,2021-08-16,2,8,15,0
creative_software,2021-08-12,2021-08-16,2,8,15,0
asset_managers_alts,2021-08-03,2021-08-18,11,8,15,0
regional_banks,2021-08-11,2021-08-18,5,8,15,0
dev_tools,2021-07-30,2021-08-19,14,8,15,0
mega_banks,2021-08-11,2021-08-19,6,8,15,0
rare_earth_critical_minerals,2021-08-18,2021-08-19,1,8,15,0
banks_brokers_exchanges,2021-08-16,2021-08-20,4,8,15,0
obesity_glp1_health,2021-08-17,2021-08-23,4,8,15,0
utilities_yield,2021-08-17,2021-08-23,4,8,15,0
consumer_staples,2021-08-19,2021-08-24,3,8,15,0
insurance,2021-08-10,2021-08-25,11,8,15,0
pharma,2021-08-16,2021-08-25,7,8,15,0
retail_consumer,2021-08-19,2021-08-26,5,8,15,0
creative_software,2021-08-23,2021-08-26,3,8,15,0
pharma_largecap,2021-08-16,2021-08-27,9,8,15,0
medtech,2021-08-17,2021-08-27,8,8,15,0
asset_managers,2021-08-05,2021-08-31,18,8,15,0
ai_infrastructure,2021-08-23,2021-08-31,6,8,15,0
mega_cap_platforms,2021-08-20,2021-09-02,9,8,15,0
ai_apps_agents,2021-08-24,2021-09-02,7,8,15,0
workflow_software,2021-08-27,2021-09-02,4,8,15,0
business_apps,2021-08-30,2021-09-02,3,8,15,0
lithium_battery_materials,2021-08-31,2021-09-08,5,8,15,0
cybersecurity,2021-08-25,2021-09-10,11,8,15,0
data_centers,2021-08-26,2021-09-10,10,8,15,0
datacenter_reits_towers,2021-09-08,2021-09-10,2,8,15,0
cloud_neocloud,2021-08-27,2021-09-20,15,8,15,0
nuclear_uranium,2021-09-02,2021-09-20,11,8,15,0
cloud,2021-09-08,2021-09-20,8,8,15,0
nuclear,2021-09-01,2021-09-21,13,8,15,0
natural_gas,2021-09-15,2021-09-22,5,8,15,0
transport_logistics,2021-09-21,2021-09-23,2,8,15,0
uranium,2021-08-31,2021-09-24,17,8,15,0
rare_earth_critical_minerals,2021-08-31,2021-09-24,17,8,15,0
renewables_storage,2021-09-22,2021-09-24,2,8,15,0
dev_tools,2021-08-24,2021-09-28,24,8,15,0
ai_apps_agents,2021-09-09,2021-09-28,13,8,15,0
semicap_equipment,2021-09-10,2021-09-28,12,8,15,0
lithium_battery_materials,2021-09-13,2021-10-04,15,8,15,0
autos,2021-09-17,2021-10-05,12,8,15,0
transport_logistics,2021-09-24,2021-10-05,7,8,15,0
airlines_travel,2021-09-20,2021-10-07,13,8,15,0
regional_banks,2021-09-27,2021-10-13,12,8,15,0
banks_brokers_exchanges,2021-10-06,2021-10-13,5,8,15,0
travel,2021-09-20,2021-10-15,19,8,15,0
natural_gas,2021-09-27,2021-10-18,15,8,15,0
gold_silver_miners,2021-10-15,2021-10-18,1,8,15,0
payments,2021-10-18,2021-10-20,2,8,15,0
energy,2021-09-29,2021-10-21,16,8,15,0
renewables_storage,2021-10-12,2021-10-21,7,8,15,0
copper,2021-10-15,2021-10-21,4,8,15,0
oil_exploration,2021-09-27,2021-10-22,19,8,15,0
oil_gas,2021-09-28,2021-10-22,18,8,15,0
managed_care_insurance,2021-10-21,2021-10-22,1,8,15,0
oil_services,2021-09-28,2021-10-25,19,8,15,0
oil_integrated,2021-09-30,2021-10-25,17,8,15,0
solar,2021-10-11,2021-10-25,10,8,15,0
uranium,2021-10-20,2021-10-26,4,8,15,0
silver,2021-10-25,2021-10-26,1,8,15,0
cloud,2021-10-18,2021-10-27,7,8,15,0
dev_tools,2021-10-22,2021-10-27,3,8,15,0
workflow_software,2021-10-25,2021-10-27,2,8,15,0
gold_silver_miners,2021-10-19,2021-10-28,7,8,15,0
homebuilders_housing,2021-10-27,2021-11-01,3,8,15,0
vertical_software,2021-10-22,2021-11-02,7,8,15,0
managed_care,2021-10-21,2021-11-03,9,8,15,0
construction_infrastructure,2021-10-28,2021-11-03,4,8,15,0
dev_tools,2021-10-29,2021-11-03,3,8,15,0
asset_managers,2021-10-22,2021-11-04,9,8,15,0
asset_managers_alts,2021-10-21,2021-11-05,11,8,15,0
solar,2021-10-27,2021-11-08,8,8,15,0
mega_cap_platforms,2021-10-26,2021-11-09,10,8,15,0
renewables_storage,2021-10-29,2021-11-09,7,8,15,0
obesity_glp1_health,2021-11-03,2021-11-09,4,8,15,0
rare_earth_critical_minerals,2021-11-08,2021-11-09,1,8,15,0
uranium,2021-11-09,2021-11-10,1,8,15,0
semicap_equipment,2021-11-09,2021-11-11,2,8,15,0
construction_infrastructure,2021-11-10,2021-11-11,1,8,15,0
autos,2021-11-03,2021-11-12,7,8,15,0
dev_tools,2021-11-09,2021-11-12,3,8,15,0
uranium,2021-11-11,2021-11-15,2,8,15,0
rare_earth_critical_minerals,2021-11-12,2021-11-15,1,8,15,0
lithium_battery_materials,2021-11-04,2021-11-16,8,8,15,0
gold_silver_miners,2021-11-15,2021-11-16,1,8,15,0
additive_manufacturing,2021-11-11,2021-11-18,5,8,15,0
advanced_packaging,2021-11-09,2021-11-19,8,8,15,0
cloud,2021-11-16,2021-11-22,4,8,15,0
rare_earth_critical_minerals,2021-11-17,2021-11-22,3,8,15,0
creative_software,2021-11-10,2021-11-23,9,8,15,0
lithium_battery_materials,2021-11-19,2021-11-26,4,8,15,0
retail,2021-11-23,2021-11-29,3,8,15,0
creative_software,2021-11-24,2021-11-29,2,8,15,0
retail_consumer,2021-11-22,2021-11-30,5,8,15,0
consumer_staples,2021-11-22,2021-11-30,5,8,15,0
mega_cap_platforms,2021-11-19,2021-12-02,8,8,15,0
rare_earth_critical_minerals,2021-11-30,2021-12-02,2,8,15,0
autos,2021-11-22,2021-12-03,8,8,15,0
semicap_equipment,2021-11-24,2021-12-03,6,8,15,0
advanced_packaging,2021-12-01,2021-12-03,2,8,15,0
ai_infrastructure,2021-10-27,2021-12-06,27,8,15,0
memory,2021-11-12,2021-12-06,15,8,15,0
oil_integrated,2021-12-06,2021-12-07,1,8,15,0
memory_storage,2021-11-12,2021-12-08,17,8,15,0
consumer_staples,2021-12-03,2021-12-08,3,8,15,0
storage,2021-12-01,2021-12-09,6,8,15,0
datacenter_reits_towers,2021-12-06,2021-12-09,3,8,15,0
real_estate_reits,2021-12-08,2021-12-10,2,8,15,0
pharma_largecap,2021-12-09,2021-12-10,1,8,15,0
semis,2021-11-05,2021-12-13,25,8,15,0
semis_compute,2021-11-11,2021-12-13,21,8,15,0
advanced_packaging,2021-12-07,2021-12-13,4,8,15,0
data_centers,2021-11-30,2021-12-14,10,8,15,0
restaurants,2021-12-10,2021-12-15,3,8,15,0
homebuilders_housing,2021-11-16,2021-12-17,22,8,15,0
utilities_yield,2021-12-06,2021-12-21,11,8,15,0
managed_care,2021-12-15,2021-12-23,6,8,15,0
real_estate_reits,2021-12-17,2021-12-23,4,8,15,0
biotech,2021-12-17,2021-12-23,4,8,15,0
consumer_staples,2021-12-09,2021-12-27,11,8,15,0
cybersecurity,2021-12-22,2021-12-27,2,8,15,0
networking_optical,2021-12-08,2021-12-30,15,8,15,0
memory_storage,2021-12-27,2021-12-30,3,8,15,0
storage,2021-12-28,2021-12-30,2,8,15,0
pharma,2021-12-08,2021-12-31,16,8,15,0
pharma_largecap,2021-12-13,2021-12-31,13,8,15,0
data_centers,2021-12-30,2021-12-31,1,8,15,0
datacenter_reits_towers,2021-12-13,2022-01-04,15,8,15,0
real_estate_reits,2021-12-29,2022-01-04,4,8,15,0
restaurants,2021-12-30,2022-01-04,3,8,15,0
consumer,2021-12-31,2022-01-04,2,8,15,0
memory,2021-12-31,2022-01-05,3,8,15,0
advanced_packaging,2021-12-31,2022-01-05,3,8,15,0
semicap_equipment,2022-01-03,2022-01-05,2,8,15,0
networking,2021-11-02,2022-01-06,45,8,15,0
electronics_components,2021-12-23,2022-01-07,10,8,15,0
oil_exploration,2022-01-07,2022-01-10,1,8,15,0
consumer_staples,2022-01-05,2022-01-11,4,8,15,0
mega_banks,2022-01-10,2022-01-14,4,8,15,0
industrial_automation,2022-01-04,2022-01-20,11,8,15,0
regional_banks,2022-01-04,2022-01-21,12,8,15,0
banks_brokers_exchanges,2022-01-05,2022-01-21,11,8,15,0
silver,2022-01-21,2022-01-26,3,8,15,0
copper,2021-12-30,2022-01-28,20,8,15,0
payments,2022-02-01,2022-02-02,1,8,15,0
oil_services,2022-01-11,2022-02-08,19,8,15,0
oil_exploration,2022-01-12,2022-02-08,18,8,15,0
energy,2022-01-24,2022-02-08,11,8,15,0
insurance,2022-01-05,2022-02-09,24,8,15,0
oil_gas,2022-01-11,2022-02-09,20,8,15,0
natural_gas,2022-01-12,2022-02-09,19,8,15,0
managed_care,2022-02-08,2022-02-10,2,8,15,0
mega_banks,2022-02-01,2022-02-11,8,8,15,0
cybersecurity,2022-02-09,2022-02-11,2,8,15,0
dev_tools,2022-02-10,2022-02-11,1,8,15,0
cloud_neocloud,2022-02-10,2022-02-11,1,8,15,0
additive_manufacturing,2022-01-31,2022-02-14,10,8,15,0
oil_integrated,2022-01-05,2022-02-15,28,8,15,0
oil_exploration,2022-02-11,2022-02-15,2,8,15,0
oil_gas,2022-02-11,2022-02-15,2,8,15,0
silver,2022-02-15,2022-02-16,1,8,15,0
cloud_neocloud,2022-02-16,2022-02-17,1,8,15,0
consumer_internet,2022-02-16,2022-02-18,2,8,15,0
airlines_travel,2022-02-08,2022-02-23,10,8,15,0
restaurants_food,2022-02-18,2022-02-23,2,8,15,0
copper,2022-02-08,2022-02-24,11,8,15,0
travel,2022-01-31,2022-02-25,18,8,15,0
oil_services,2022-02-16,2022-02-25,6,8,15,0
oil_exploration,2022-02-23,2022-02-25,2,8,15,0
defense_aerospace,2022-02-24,2022-03-07,7,8,15,0
silver,2022-02-17,2022-03-09,13,8,15,0
defense,2022-02-24,2022-03-10,10,8,15,0
copper,2022-03-03,2022-03-14,7,8,15,0
oil_exploration,2022-03-01,2022-03-15,10,8,15,0
oil_gas,2022-03-03,2022-03-15,8,8,15,0
uranium,2022-03-09,2022-03-15,4,8,15,0
nuclear,2022-03-09,2022-03-15,4,8,15,0
natural_gas,2022-02-23,2022-03-16,15,8,15,0
nuclear_uranium,2022-03-09,2022-03-16,5,8,15,0
agriculture_food_inputs,2021-12-23,2022-03-18,58,8,15,0
gold,2022-02-11,2022-03-18,24,8,15,0
copper_metals,2022-02-11,2022-03-18,24,8,15,0
gold_silver_miners,2022-02-14,2022-03-18,23,8,15,0
oil_services,2022-03-04,2022-03-18,10,8,15,0
silver,2022-03-10,2022-03-18,6,8,15,0
copper_metals,2022-03-21,2022-03-22,1,8,15,0
managed_care_insurance,2022-03-15,2022-03-23,6,8,15,0
managed_care,2022-03-16,2022-03-23,5,8,15,0
uranium,2022-03-17,2022-03-23,4,8,15,0
rare_earth_critical_minerals,2022-03-15,2022-03-24,7,8,15,0
copper_metals,2022-03-23,2022-03-24,1,8,15,0
obesity_glp1_health,2022-03-15,2022-03-25,8,8,15,0
renewables_storage,2022-03-18,2022-03-28,6,8,15,0
cybersecurity,2022-03-22,2022-03-29,5,8,15,0
agriculture_food_inputs,2022-03-23,2022-03-29,4,8,15,0
solar,2022-03-23,2022-03-30,5,8,15,0
mega_cap_platforms,2022-03-29,2022-03-30,1,8,15,0
fintech_payments,2022-03-29,2022-03-30,1,8,15,0
semis,2022-03-29,2022-03-30,1,8,15,0
robotics,2022-03-28,2022-03-31,3,8,15,0
drones_autonomy,2022-03-18,2022-04-04,11,8,15,0
insurance,2022-03-22,2022-04-04,9,8,15,0
natural_gas,2022-03-25,2022-04-04,6,8,15,0
agriculture_food_inputs,2022-03-30,2022-04-04,3,8,15,0
oil_services,2022-03-30,2022-04-04,3,8,15,0
utilities_yield,2022-03-31,2022-04-04,2,8,15,0
medtech,2022-04-01,2022-04-04,1,8,15,0
renewables_storage,2022-04-04,2022-04-05,1,8,15,0
solar,2022-04-04,2022-04-05,1,8,15,0
consumer_internet,2022-04-04,2022-04-05,1,8,15,0
ai_apps_agents,2022-04-04,2022-04-05,1,8,15,0
additive_manufacturing,2022-03-18,2022-04-06,13,8,15,0
cloud,2022-04-04,2022-04-06,2,8,15,0
lithium_battery_materials,2022-03-18,2022-04-08,15,8,15,0
medtech_devices,2022-03-31,2022-04-12,8,8,15,0
medtech,2022-04-05,2022-04-12,5,8,15,0
managed_care,2022-04-07,2022-04-13,4,8,15,0
retail_consumer,2022-04-08,2022-04-13,3,8,15,0
nuclear,2022-04-13,2022-04-18,2,8,15,0
nuclear_uranium,2022-04-12,2022-04-19,4,8,15,0
silver,2022-04-18,2022-04-19,1,8,15,0
gold,2022-04-20,2022-04-21,1,8,15,0
pharma_largecap,2022-04-05,2022-04-22,12,8,15,0
pharma,2022-04-06,2022-04-22,11,8,15,0
managed_care,2022-04-20,2022-04-22,2,8,15,0
utilities_yield,2022-04-06,2022-04-25,12,8,15,0
oil_gas,2022-04-12,2022-04-25,8,8,15,0
oil_services,2022-04-14,2022-04-25,6,8,15,0
industrial_automation,2022-04-21,2022-04-25,2,8,15,0
agriculture_food_inputs,2022-04-05,2022-04-26,14,8,15,0
restaurants_food,2022-04-25,2022-04-27,2,8,15,0
consumer,2022-04-25,2022-04-27,2,8,15,0
pharma,2022-04-27,2022-04-28,1,8,15,0
datacenter_reits_towers,2022-04-04,2022-04-29,18,8,15,0
airlines_travel,2022-04-21,2022-04-29,6,8,15,0
transport_logistics,2022-04-25,2022-04-29,4,8,15,0
agriculture_food_inputs,2022-04-27,2022-04-29,2,8,15,0
natural_gas,2022-04-05,2022-05-02,18,8,15,0
consumer_staples,2022-04-07,2022-05-02,16,8,15,0
real_estate_reits,2022-04-22,2022-05-02,6,8,15,0
restaurants,2022-04-25,2022-05-03,6,8,15,0
travel,2022-04-25,2022-05-03,6,8,15,0
homebuilders_housing,2022-05-02,2022-05-03,1,8,15,0
apparel_beauty_lifestyle,2022-05-02,2022-05-03,1,8,15,0
restaurants_food,2022-05-02,2022-05-03,1,8,15,0
retail,2022-04-29,2022-05-05,4,8,15,0
storage,2022-04-29,2022-05-06,5,8,15,0
advanced_packaging,2022-05-02,2022-05-06,4,8,15,0
solar,2022-05-05,2022-05-09,2,8,15,0
semis,2022-05-10,2022-05-12,2,8,15,0
industrial_automation,2022-04-27,2022-05-13,12,8,15,0
insurance,2022-05-06,2022-05-13,5,8,15,0
pharma_largecap,2022-05-12,2022-05-13,1,8,15,0
electronics_components,2022-04-28,2022-05-16,12,8,15,0
memory,2022-05-03,2022-05-16,9,8,15,0
advanced_packaging,2022-05-13,2022-05-16,1,8,15,0
semis_compute,2022-05-13,2022-05-16,1,8,15,0
consumer_staples,2022-05-16,2022-05-17,1,8,15,0
storage,2022-05-10,2022-05-18,6,8,15,0
ai_infrastructure,2022-05-10,2022-05-18,6,8,15,0
semis,2022-05-13,2022-05-18,3,8,15,0
insurance,2022-05-16,2022-05-19,3,8,15,0
creative_software,2022-05-20,2022-05-23,1,8,15,0
china_internet,2022-05-19,2022-05-24,3,8,15,0
gaming_sports_betting,2022-05-19,2022-05-24,3,8,15,0
copper,2022-05-23,2022-05-25,2,8,15,0
pharma,2022-05-11,2022-05-26,11,8,15,0
pharma_largecap,2022-05-17,2022-05-27,8,8,15,0
insurance,2022-05-27,2022-05-31,1,8,15,0
asset_managers,2022-05-31,2022-06-01,1,8,15,0
oil_integrated,2022-05-03,2022-06-02,21,8,15,0
lithium_battery_materials,2022-05-25,2022-06-03,6,8,15,0
solar,2022-05-26,2022-06-03,5,8,15,0
ai_infrastructure,2022-06-01,2022-06-08,5,8,15,0
vertical_software,2022-06-02,2022-06-08,4,8,15,0
lithium_battery_materials,2022-06-06,2022-06-08,2,8,15,0
consumer_internet_marketplaces,2022-06-08,2022-06-10,2,8,15,0
ai_apps,2022-06-09,2022-06-10,1,8,15,0
consumer_internet,2022-06-08,2022-06-13,3,8,15,0
natural_gas,2022-05-03,2022-06-14,29,8,15,0
silver,2022-06-10,2022-06-14,2,8,15,0
nuclear_uranium,2022-06-10,2022-06-14,2,8,15,0
oil_gas,2022-05-03,2022-06-15,30,8,15,0
energy,2022-05-03,2022-06-15,30,8,15,0
oil_services,2022-05-23,2022-06-15,16,8,15,0
solar,2022-06-09,2022-06-16,5,8,15,0
oil_exploration,2022-05-03,2022-06-17,32,8,15,0
oil_integrated,2022-06-03,2022-06-17,10,8,15,0
gold,2022-06-16,2022-06-17,1,8,15,0
silver,2022-06-16,2022-06-17,1,8,15,0
consumer,2022-06-15,2022-06-21,3,8,15,0
solar,2022-06-17,2022-06-22,2,8,15,0
retail,2022-06-13,2022-06-23,7,8,15,0
robotics,2022-06-14,2022-06-23,6,8,15,0
consumer_internet,2022-06-15,2022-06-23,5,8,15,0
pharma_largecap,2022-06-22,2022-06-23,1,8,15,0
healthcare,2022-06-22,2022-06-24,2,8,15,0
datacenter_reits_towers,2022-06-22,2022-06-24,2,8,15,0
solar,2022-06-23,2022-06-24,1,8,15,0
ai_apps,2022-06-21,2022-06-27,4,8,15,0
creative_software,2022-06-24,2022-06-27,1,8,15,0
restaurants,2022-06-15,2022-06-28,8,8,15,0
workflow_software,2022-06-24,2022-06-28,2,8,15,0
dev_tools,2022-06-21,2022-06-30,7,8,15,0
cloud,2022-06-21,2022-06-30,7,8,15,0
vertical_software,2022-06-24,2022-07-05,6,8,15,0
pharma,2022-06-30,2022-07-05,2,8,15,0
datacenter_reits_towers,2022-07-01,2022-07-05,1,8,15,0
china_internet,2022-06-01,2022-07-06,23,8,15,0
pharma_largecap,2022-06-27,2022-07-07,7,8,15,0
pharma,2022-07-06,2022-07-07,1,8,15,0
vertical_software,2022-07-07,2022-07-11,2,8,15,0
dev_tools,2022-07-06,2022-07-12,4,8,15,0
cybersecurity,2022-07-07,2022-07-12,3,8,15,0
pharma,2022-07-11,2022-07-13,2,8,15,0
managed_care_insurance,2022-06-28,2022-07-14,11,8,15,0
pharma_largecap,2022-07-12,2022-07-14,2,8,15,0
dev_tools,2022-07-13,2022-07-14,1,8,15,0
renewables_storage,2022-07-14,2022-07-15,1,8,15,0
managed_care,2022-06-28,2022-07-18,13,8,15,0
biotech,2022-06-16,2022-07-19,21,8,15,0
restaurants,2022-07-11,2022-07-19,6,8,15,0
retail_consumer,2022-07-18,2022-07-19,1,8,15,0
healthcare,2022-06-27,2022-07-20,16,8,15,0
obesity_glp1_health,2022-07-05,2022-07-20,11,8,15,0
managed_care,2022-07-19,2022-07-20,1,8,15,0
biotech_innovation,2022-06-16,2022-07-21,23,8,15,0
consumer,2022-06-27,2022-07-21,17,8,15,0
restaurants_food,2022-07-13,2022-07-21,6,8,15,0
crypto_infrastructure,2022-07-19,2022-07-25,4,8,15,0
autos,2022-07-18,2022-07-26,6,8,15,0
advanced_packaging,2022-07-19,2022-07-26,5,8,15,0
managed_care,2022-07-26,2022-07-27,1,8,15,0
semicap_equipment,2022-07-18,2022-07-28,8,8,15,0
semis,2022-07-19,2022-07-28,7,8,15,0
semis_compute,2022-07-22,2022-07-28,4,8,15,0
natural_gas,2022-07-22,2022-07-28,4,8,15,0
additive_manufacturing,2022-07-13,2022-08-01,13,8,15,0
nuclear,2022-07-26,2022-08-01,4,8,15,0
uranium,2022-07-27,2022-08-01,3,8,15,0
vertical_software,2022-07-26,2022-08-02,5,8,15,0
nuclear,2022-08-02,2022-08-03,1,8,15,0
autos,2022-08-01,2022-08-04,3,8,15,0
additive_manufacturing,2022-08-03,2022-08-04,1,8,15,0
electronics_components,2022-08-01,2022-08-05,4,8,15,0
ai_infrastructure,2022-07-21,2022-08-08,12,8,15,0
power_grid_electrification,2022-08-04,2022-08-08,2,8,15,0
utilities_yield,2022-08-04,2022-08-08,2,8,15,0
networking_optical,2022-07-21,2022-08-10,14,8,15,0
nuclear_uranium,2022-07-27,2022-08-10,10,8,15,0
uranium,2022-08-05,2022-08-10,3,8,15,0
additive_manufacturing,2022-08-05,2022-08-10,3,8,15,0
solar,2022-07-28,2022-08-16,13,8,15,0
creative_software,2022-08-10,2022-08-16,4,8,15,0
fintech_payments,2022-08-08,2022-08-17,7,8,15,0
crypto_infrastructure,2022-08-08,2022-08-17,7,8,15,0
workflow_software,2022-08-09,2022-08-17,6,8,15,0
payments,2022-08-11,2022-08-17,4,8,15,0
dev_tools,2022-08-05,2022-08-18,9,8,15,0
travel,2022-08-16,2022-08-18,2,8,15,0
renewables_storage,2022-07-28,2022-08-19,16,8,15,0
apparel_beauty_lifestyle,2022-08-11,2022-08-19,6,8,15,0
quantum_computing,2022-08-16,2022-08-19,3,8,15,0
utilities_yield,2022-08-17,2022-08-23,4,8,15,0
power_grid_electrification,2022-08-17,2022-08-23,4,8,15,0
managed_care_insurance,2022-08-22,2022-08-23,1,8,15,0
networking_optical,2022-08-22,2022-08-24,2,8,15,0
apparel_beauty_lifestyle,2022-08-23,2022-08-24,1,8,15,0
additive_manufacturing,2022-08-11,2022-08-25,10,8,15,0
defense_aerospace,2022-08-17,2022-08-25,6,8,15,0
aerospace,2022-08-19,2022-08-25,4,8,15,0
renewables_storage,2022-08-25,2022-08-26,1,8,15,0
copper,2022-08-23,2022-08-31,6,8,15,0
oil_integrated,2022-08-18,2022-09-01,10,8,15,0
agriculture_food_inputs,2022-08-24,2022-09-06,8,8,15,0
natural_gas,2022-08-24,2022-09-06,8,8,15,0
oil_gas,2022-08-18,2022-09-07,13,8,15,0
oil_exploration,2022-08-19,2022-09-07,12,8,15,0
energy,2022-08-19,2022-09-07,12,8,15,0
lithium_battery_materials,2022-07-29,2022-09-08,28,8,15,0
renewables_storage,2022-09-07,2022-09-08,1,8,15,0
rare_earth_critical_minerals,2022-08-31,2022-09-12,7,8,15,0
restaurants,2022-09-08,2022-09-12,2,8,15,0
obesity_glp1_health,2022-09-07,2022-09-13,4,8,15,0
uranium,2022-08-29,2022-09-14,11,8,15,0
nuclear,2022-08-31,2022-09-14,9,8,15,0
power_grid_electrification,2022-09-12,2022-09-14,2,8,15,0
banks_brokers_exchanges,2022-09-13,2022-09-14,1,8,15,0
nuclear_uranium,2022-08-24,2022-09-15,15,8,15,0
natural_gas,2022-09-14,2022-09-15,1,8,15,0
travel,2022-09-13,2022-09-16,3,8,15,0
managed_care,2022-09-15,2022-09-16,1,8,15,0
oil_gas,2022-09-14,2022-09-19,3,8,15,0
oil_exploration,2022-09-16,2022-09-19,1,8,15,0
solar,2022-09-01,2022-09-20,12,8,15,0
travel,2022-09-20,2022-09-21,1,8,15,0
airlines_travel,2022-09-09,2022-09-22,9,8,15,0
restaurants_food,2022-09-13,2022-09-22,7,8,15,0
autos,2022-09-19,2022-09-22,3,8,15,0
silver,2022-09-16,2022-09-23,5,8,15,0
lithium_battery_materials,2022-09-14,2022-09-26,8,8,15,0
utilities_yield,2022-09-07,2022-09-27,14,8,15,0
managed_care,2022-09-23,2022-09-28,3,8,15,0
retail,2022-09-26,2022-09-28,2,8,15,0
additive_manufacturing,2022-09-21,2022-09-29,6,8,15,0
restaurants,2022-09-20,2022-09-30,8,8,15,0
consumer,2022-09-07,2022-10-03,18,8,15,0
travel,2022-09-27,2022-10-03,4,8,15,0
lithium_battery_materials,2022-09-30,2022-10-04,2,8,15,0
insurance,2022-09-13,2022-10-05,16,8,15,0
homebuilders_housing,2022-09-28,2022-10-05,5,8,15,0
obesity_glp1_health,2022-09-30,2022-10-05,3,8,15,0
pharma,2022-09-22,2022-10-06,10,8,15,0
pharma_largecap,2022-09-22,2022-10-06,10,8,15,0
copper_metals,2022-09-30,2022-10-06,4,8,15,0
copper,2022-09-30,2022-10-06,4,8,15,0
biotech,2022-09-15,2022-10-12,19,8,15,0
gold,2022-09-28,2022-10-13,11,8,15,0
gold_silver_miners,2022-09-28,2022-10-14,12,8,15,0
silver,2022-09-29,2022-10-14,11,8,15,0
energy,2022-10-07,2022-10-18,7,8,15,0
oil_gas,2022-10-06,2022-10-21,11,8,15,0
pharma,2022-10-14,2022-10-21,5,8,15,0
restaurants,2022-10-13,2022-10-24,7,8,15,0
agriculture_food_inputs,2022-10-13,2022-10-24,7,8,15,0
consumer,2022-10-17,2022-10-24,5,8,15,0
pharma_largecap,2022-10-10,2022-10-25,11,8,15,0
insurance,2022-10-11,2022-10-25,10,8,15,0
restaurants_food,2022-10-17,2022-10-26,7,8,15,0
airlines_travel,2022-10-21,2022-10-26,3,8,15,0
robotics,2022-10-25,2022-10-26,1,8,15,0
streaming_entertainment,2022-10-25,2022-10-26,1,8,15,0
memory,2022-10-24,2022-10-27,3,8,15,0
medtech,2022-10-26,2022-10-27,1,8,15,0
oil_exploration,2022-10-05,2022-10-28,17,8,15,0
mega_banks,2022-10-25,2022-10-28,3,8,15,0
networking,2022-10-28,2022-10-31,1,8,15,0
networking_optical,2022-10-28,2022-10-31,1,8,15,0
restaurants_food,2022-10-27,2022-11-01,3,8,15,0
oil_exploration,2022-10-31,2022-11-02,2,8,15,0
oil_gas,2022-10-31,2022-11-02,2,8,15,0
memory,2022-11-01,2022-11-02,1,8,15,0
data_centers,2022-10-25,2022-11-03,7,8,15,0
asset_managers,2022-11-02,2022-11-04,2,8,15,0
pharma,2022-11-02,2022-11-04,2,8,15,0
solar,2022-11-03,2022-11-04,1,8,15,0
pharma_largecap,2022-11-02,2022-11-07,3,8,15,0
insurance,2022-11-03,2022-11-07,2,8,15,0
energy,2022-10-27,2022-11-09,9,8,15,0
oil_gas,2022-11-07,2022-11-09,2,8,15,0
oil_exploration,2022-11-07,2022-11-09,2,8,15,0
oil_integrated,2022-10-05,2022-11-10,26,8,15,0
insurance,2022-11-09,2022-11-10,1,8,15,0
defense,2022-10-20,2022-11-11,16,8,15,0
defense_aerospace,2022-10-27,2022-11-11,11,8,15,0
aerospace,2022-11-04,2022-11-11,5,8,15,0
datacenter_infra,2022-11-04,2022-11-15,7,8,15,0
memory,2022-11-07,2022-11-15,6,8,15,0
asset_managers,2022-11-08,2022-11-15,5,8,15,0
mega_banks,2022-11-08,2022-11-15,5,8,15,0
memory_storage,2022-11-11,2022-11-15,2,8,15,0
data_centers,2022-11-15,2022-11-16,1,8,15,0
oil_services,2022-10-05,2022-11-17,31,8,15,0
vertical_software,2022-11-16,2022-11-17,1,8,15,0
copper,2022-11-16,2022-11-17,1,8,15,0
asset_managers_alts,2022-11-10,2022-11-18,6,8,15,0
china_internet,2022-11-15,2022-11-18,3,8,15,0
retail,2022-11-17,2022-11-22,3,8,15,0
semicap_equipment,2022-11-15,2022-11-25,7,8,15,0
advanced_packaging,2022-11-15,2022-11-28,8,8,15,0
semis,2022-11-15,2022-11-28,8,8,15,0
semis_compute,2022-11-22,2022-11-28,3,8,15,0
storage,2022-11-23,2022-11-28,2,8,15,0
industrial_automation,2022-11-03,2022-11-29,17,8,15,0
ai_infrastructure,2022-11-15,2022-11-29,9,8,15,0
data_centers,2022-11-18,2022-11-30,7,8,15,0
solar,2022-11-10,2022-12-01,14,8,15,0
insurance,2022-11-28,2022-12-01,3,8,15,0
utilities_yield,2022-11-28,2022-12-01,3,8,15,0
mega_banks,2022-11-29,2022-12-01,2,8,15,0
consumer,2022-11-28,2022-12-02,4,8,15,0
data_centers,2022-12-01,2022-12-02,1,8,15,0
networking,2022-11-18,2022-12-05,10,8,15,0
datacenter_reits_towers,2022-11-29,2022-12-06,5,8,15,0
copper_metals,2022-12-06,2022-12-07,1,8,15,0
apparel_beauty_lifestyle,2022-11-21,2022-12-12,14,8,15,0
consumer_internet_marketplaces,2022-12-09,2022-12-12,1,8,15,0
gold_silver_miners,2022-12-02,2022-12-13,7,8,15,0
gold,2022-12-07,2022-12-13,4,8,15,0
consumer_internet,2022-12-06,2022-12-14,6,8,15,0
silver,2022-12-02,2022-12-15,9,8,15,0
solar,2022-12-14,2022-12-16,2,8,15,0
real_estate_reits,2022-12-15,2022-12-16,1,8,15,0
china_internet,2022-11-29,2022-12-20,15,8,15,0
utilities_yield,2022-12-13,2022-12-20,5,8,15,0
pharma,2022-11-25,2022-12-21,18,8,15,0
pharma_largecap,2022-11-28,2022-12-21,17,8,15,0
copper,2022-12-01,2022-12-22,15,8,15,0
medtech,2022-12-02,2022-12-22,14,8,15,0
dev_tools,2022-12-16,2022-12-23,5,8,15,0
workflow_software,2022-12-16,2022-12-23,5,8,15,0
consumer_internet,2022-12-21,2022-12-23,2,8,15,0
china_internet,2022-12-21,2022-12-23,2,8,15,0
medtech_devices,2022-12-13,2022-12-27,9,8,15,0
pharma,2022-12-22,2022-12-27,2,8,15,0
homebuilders_housing,2022-12-13,2022-12-28,10,8,15,0
construction_infrastructure,2022-12-23,2022-12-28,2,8,15,0
china_internet,2022-12-27,2022-12-29,2,8,15,0
silver,2022-12-20,2022-12-30,7,8,15,0
copper,2022-12-23,2022-12-30,4,8,15,0
oil_services,2022-12-30,2023-01-03,1,8,15,0
defense_aerospace,2022-12-30,2023-01-03,1,8,15,0
defense,2022-12-28,2023-01-04,4,8,15,0
uranium,2022-12-30,2023-01-04,2,8,15,0
aerospace,2022-12-30,2023-01-04,2,8,15,0
nuclear,2022-12-30,2023-01-04,2,8,15,0
insurance,2022-12-21,2023-01-05,9,8,15,0
medtech_devices,2022-12-29,2023-01-06,5,8,15,0
silver,2023-01-03,2023-01-09,4,8,15,0
china_internet,2023-01-04,2023-01-09,3,8,15,0
apparel_beauty_lifestyle,2023-01-05,2023-01-09,2,8,15,0
retail,2023-01-05,2023-01-09,2,8,15,0
travel,2023-01-06,2023-01-09,1,8,15,0
regional_banks,2023-01-03,2023-01-10,5,8,15,0
transport_logistics,2023-01-09,2023-01-10,1,8,15,0
gold,2022-12-16,2023-01-11,16,8,15,0
gold_silver_miners,2022-12-20,2023-01-11,14,8,15,0
china_internet,2023-01-10,2023-01-11,1,8,15,0
uranium,2023-01-10,2023-01-11,1,8,15,0
gaming_sports_betting,2023-01-11,2023-01-12,1,8,15,0
additive_manufacturing,2023-01-11,2023-01-12,1,8,15,0
fintech,2023-01-12,2023-01-13,1,8,15,0
industrial_automation,2022-12-23,2023-01-17,14,8,15,0
homebuilders_housing,2023-01-11,2023-01-17,3,8,15,0
gold_silver_miners,2023-01-13,2023-01-17,1,8,15,0
gold,2023-01-13,2023-01-18,2,8,15,0
copper_metals,2022-12-27,2023-01-23,17,8,15,0
oil_services,2023-01-09,2023-01-23,9,8,15,0
additive_manufacturing,2023-01-18,2023-01-23,3,8,15,0
transport_logistics,2023-01-11,2023-01-24,8,8,15,0
fintech,2023-01-17,2023-01-25,6,8,15,0
crypto_infrastructure,2023-01-23,2023-01-25,2,8,15,0
copper,2023-01-05,2023-01-26,14,8,15,0
electronics_components,2023-01-17,2023-01-26,7,8,15,0
fintech_payments,2023-01-20,2023-01-26,4,8,15,0
payments,2023-01-20,2023-01-26,4,8,15,0
airlines_travel,2023-01-09,2023-01-27,13,8,15,0
ai_infrastructure,2023-01-26,2023-01-27,1,8,15,0
gaming_sports_betting,2023-01-23,2023-01-30,5,8,15,0
consumer_internet,2023-01-03,2023-01-31,19,8,15,0
ai_apps_agents,2023-01-27,2023-01-31,2,8,15,0
nuclear,2023-01-30,2023-01-31,1,8,15,0
travel,2023-01-19,2023-02-01,9,8,15,0
mega_cap_platforms,2023-01-26,2023-02-01,4,8,15,0
payments,2023-01-30,2023-02-01,2,8,15,0
memory_storage,2023-01-31,2023-02-01,1,8,15,0
memory,2023-01-31,2023-02-02,2,8,15,0
consumer_internet,2023-02-01,2023-02-02,1,8,15,0
uranium,2023-01-30,2023-02-03,4,8,15,0
streaming_entertainment,2023-01-25,2023-02-07,9,8,15,0
homebuilders_housing,2023-01-31,2023-02-08,6,8,15,0
rare_earth_critical_minerals,2023-02-01,2023-02-08,5,8,15,0
drones_autonomy,2023-02-03,2023-02-08,3,8,15,0
digital_ads_media,2023-01-25,2023-02-09,11,8,15,0
fintech_payments,2023-01-27,2023-02-09,9,8,15,0
workflow_software,2023-02-02,2023-02-09,5,8,15,0
dev_tools,2023-02-07,2023-02-10,3,8,15,0
airlines_travel,2023-02-09,2023-02-10,1,8,15,0
rare_earth_critical_minerals,2023-02-09,2023-02-10,1,8,15,0
mega_banks,2023-02-10,2023-02-13,1,8,15,0
homebuilders_housing,2023-02-10,2023-02-14,2,8,15,0
mega_cap_platforms,2023-02-14,2023-02-15,1,8,15,0
semis_compute,2023-02-10,2023-02-16,4,8,15,0
dev_tools,2023-02-14,2023-02-16,2,8,15,0
business_apps,2023-02-03,2023-02-17,10,8,15,0
travel,2023-02-15,2023-02-17,2,8,15,0
ai_apps,2023-01-26,2023-02-21,17,8,15,0
ai_apps_agents,2023-02-01,2023-02-21,13,8,15,0
autos,2023-02-07,2023-02-21,9,8,15,0
creative_software,2023-02-15,2023-02-21,3,8,15,0
ai_infrastructure,2023-02-08,2023-02-22,9,8,15,0
consumer,2023-02-21,2023-02-22,1,8,15,0
aerospace,2023-02-17,2023-02-23,3,8,15,0
restaurants_food,2023-02-21,2023-02-23,2,8,15,0
ai_apps_agents,2023-02-22,2023-02-23,1,8,15,0
ai_apps,2023-02-22,2023-02-23,1,8,15,0
additive_manufacturing,2023-02-03,2023-02-24,14,8,15,0
vertical_software,2023-02-21,2023-02-24,3,8,15,0
natural_gas,2023-02-24,2023-02-27,1,8,15,0
data_centers,2023-02-16,2023-02-28,7,8,15,0
additive_manufacturing,2023-02-28,2023-03-01,1,8,15,0
workflow_software,2023-02-28,2023-03-01,1,8,15,0
space_satellites,2023-02-17,2023-03-02,8,8,15,0
lithium_battery_materials,2023-02-23,2023-03-02,5,8,15,0
drones_autonomy,2023-02-23,2023-03-02,5,8,15,0
defense_aerospace,2023-02-10,2023-03-03,14,8,15,0
aerospace,2023-02-27,2023-03-03,4,8,15,0
advanced_packaging,2023-03-01,2023-03-03,2,8,15,0
obesity_glp1_health,2023-03-01,2023-03-06,3,8,15,0
oil_integrated,2023-03-06,2023-03-07,1,8,15,0
defense,2023-02-21,2023-03-08,11,8,15,0
natural_gas,2023-03-02,2023-03-08,4,8,15,0
energy,2023-03-02,2023-03-08,4,8,15,0
oil_services,2023-03-01,2023-03-09,6,8,15,0
datacenter_infra,2023-02-24,2023-03-10,10,8,15,0
business_apps,2023-03-03,2023-03-10,5,8,15,0
workflow_software,2023-03-07,2023-03-10,3,8,15,0
advanced_packaging,2023-03-09,2023-03-10,1,8,15,0
industrial_automation,2023-03-01,2023-03-13,8,8,15,0
construction_infrastructure,2023-03-01,2023-03-13,8,8,15,0
semis_compute,2023-03-08,2023-03-13,3,8,15,0
electronics_components,2023-03-10,2023-03-13,1,8,15,0
solar,2023-03-03,2023-03-15,8,8,15,0
networking,2023-03-09,2023-03-15,4,8,15,0
gaming_sports_betting,2023-03-10,2023-03-15,3,8,15,0
medtech_devices,2023-03-13,2023-03-17,4,8,15,0
business_apps,2023-03-13,2023-03-20,5,8,15,0
consumer_staples,2023-03-15,2023-03-21,4,8,15,0
medtech,2023-03-15,2023-03-23,6,8,15,0
medtech_devices,2023-03-21,2023-03-23,2,8,15,0
semis,2023-03-09,2023-03-24,11,8,15,0
medtech_devices,2023-03-24,2023-03-28,2,8,15,0
medtech,2023-03-27,2023-03-28,1,8,15,0
consumer_staples,2023-03-28,2023-03-29,1,8,15,0
gold,2023-03-10,2023-03-31,15,8,15,0
lithium_battery_materials,2023-03-30,2023-03-31,1,8,15,0
networking,2023-03-16,2023-04-03,12,8,15,0
consumer_internet,2023-03-28,2023-04-03,4,8,15,0
ai_infrastructure,2023-02-23,2023-04-04,28,8,15,0
digital_ads_media,2023-03-31,2023-04-04,2,8,15,0
mega_cap_platforms,2023-03-14,2023-04-05,16,8,15,0
business_apps,2023-03-23,2023-04-05,9,8,15,0
ai_apps_agents,2023-03-31,2023-04-05,3,8,15,0
streaming_entertainment,2023-03-29,2023-04-06,6,8,15,0
medtech,2023-04-05,2023-04-10,2,8,15,0
pharma,2023-04-05,2023-04-10,2,8,15,0
consumer_staples,2023-04-04,2023-04-11,4,8,15,0
obesity_glp1_health,2023-04-06,2023-04-11,2,8,15,0
copper,2023-04-03,2023-04-12,6,8,15,0
restaurants_food,2023-04-11,2023-04-12,1,8,15,0
consumer,2023-04-04,2023-04-13,6,8,15,0
managed_care_insurance,2023-04-12,2023-04-13,1,8,15,0
managed_care,2023-04-06,2023-04-14,5,8,15,0
copper_metals,2023-04-13,2023-04-14,1,8,15,0
gold,2023-04-04,2023-04-17,8,8,15,0
silver,2023-03-13,2023-04-18,25,8,15,0
pharma,2023-04-14,2023-04-18,2,8,15,0
oil_gas,2023-04-14,2023-04-18,2,8,15,0
gold_silver_miners,2023-03-17,2023-04-19,22,8,15,0
defense_aerospace,2023-04-18,2023-04-19,1,8,15,0
pharma_largecap,2023-03-28,2023-04-20,16,8,15,0
oil_integrated,2023-04-12,2023-04-20,6,8,15,0
crypto_infrastructure,2023-04-18,2023-04-20,2,8,15,0
copper,2023-04-13,2023-04-21,6,8,15,0
insurance,2023-04-20,2023-04-21,1,8,15,0
transport_logistics,2023-04-20,2023-04-25,3,8,15,0
construction_infrastructure,2023-04-20,2023-04-26,4,8,15,0
pharma,2023-04-25,2023-04-27,2,8,15,0
mega_banks,2023-04-18,2023-04-28,8,8,15,0
pharma_largecap,2023-04-25,2023-04-28,3,8,15,0
medtech_devices,2023-04-19,2023-05-04,11,8,15,0
medtech,2023-04-14,2023-05-05,15,8,15,0
pharma_largecap,2023-05-02,2023-05-05,3,8,15,0
consumer_staples,2023-04-25,2023-05-08,9,8,15,0
cloud_neocloud,2023-05-04,2023-05-08,2,8,15,0
datacenter_infra,2023-05-05,2023-05-08,1,8,15,0
restaurants,2023-03-15,2023-05-09,38,8,15,0
consumer,2023-04-21,2023-05-09,12,8,15,0
healthcare,2023-05-01,2023-05-09,6,8,15,0
transport_logistics,2023-05-02,2023-05-09,5,8,15,0
restaurants_food,2023-04-26,2023-05-10,10,8,15,0
dev_tools,2023-05-09,2023-05-10,1,8,15,0
uranium,2023-05-09,2023-05-11,2,8,15,0
airlines_travel,2023-05-04,2023-05-12,6,8,15,0
drones_autonomy,2023-05-09,2023-05-15,4,8,15,0
consumer_staples,2023-05-12,2023-05-16,2,8,15,0
homebuilders_housing,2023-04-18,2023-05-17,21,8,15,0
obesity_glp1_health,2023-04-19,2023-05-17,20,8,15,0
consumer_internet_marketplaces,2023-05-08,2023-05-17,7,8,15,0
data_centers,2023-05-04,2023-05-18,10,8,15,0
construction_infrastructure,2023-05-05,2023-05-18,9,8,15,0
fintech_payments,2023-05-08,2023-05-19,9,8,15,0
cloud,2023-05-10,2023-05-23,9,8,15,0
ai_apps_agents,2023-05-12,2023-05-25,9,8,15,0
dev_tools,2023-05-12,2023-05-25,9,8,15,0
semicap_equipment,2023-05-17,2023-05-30,8,8,15,0
memory_storage,2023-05-17,2023-05-31,9,8,15,0
ai_apps,2023-05-19,2023-06-02,9,8,15,0
memory,2023-05-16,2023-06-05,13,8,15,0
semis_compute,2023-05-25,2023-06-05,6,8,15,0
networking,2023-05-26,2023-06-06,6,8,15,0
workflow_software,2023-05-22,2023-06-07,11,8,15,0
business_apps,2023-06-05,2023-06-08,3,8,15,0
advanced_packaging,2023-06-07,2023-06-09,2,8,15,0
semicap_equipment,2023-06-07,2023-06-09,2,8,15,0
ai_infrastructure,2023-05-16,2023-06-13,19,8,15,0
ai_apps_agents,2023-05-30,2023-06-14,11,8,15,0
cloud,2023-06-01,2023-06-14,9,8,15,0
quantum_computing,2023-05-22,2023-06-15,17,8,15,0
ai_infrastructure,2023-06-14,2023-06-15,1,8,15,0
cloud,2023-06-15,2023-06-16,1,8,15,0
ai_apps_agents,2023-06-15,2023-06-20,2,8,15,0
dev_tools,2023-05-31,2023-06-21,14,8,15,0
robotics,2023-06-02,2023-06-21,12,8,15,0
datacenter_infra,2023-06-21,2023-06-22,1,8,15,0
construction_infrastructure,2023-06-21,2023-06-22,1,8,15,0
semis_compute,2023-06-14,2023-06-23,6,8,15,0
aerospace,2023-06-22,2023-06-23,1,8,15,0
mega_cap_platforms,2023-05-19,2023-06-27,25,8,15,0
storage,2023-06-14,2023-06-27,8,8,15,0
additive_manufacturing,2023-06-23,2023-06-28,3,8,15,0
creative_software,2023-06-09,2023-06-29,13,8,15,0
cloud_neocloud,2023-06-22,2023-06-29,5,8,15,0
networking_optical,2023-06-15,2023-07-03,11,8,15,0
electronics_components,2023-06-15,2023-07-05,12,8,15,0
datacenter_infra,2023-06-28,2023-07-05,4,8,15,0
additive_manufacturing,2023-06-30,2023-07-05,2,8,15,0
homebuilders_housing,2023-06-21,2023-07-06,10,8,15,0
construction_infrastructure,2023-06-26,2023-07-06,7,8,15,0
natural_gas,2023-06-29,2023-07-06,4,8,15,0
obesity_glp1_health,2023-06-30,2023-07-07,4,8,15,0
real_estate_reits,2023-07-05,2023-07-07,2,8,15,0
additive_manufacturing,2023-07-06,2023-07-07,1,8,15,0
datacenter_reits_towers,2023-06-28,2023-07-11,8,8,15,0
airlines_travel,2023-06-12,2023-07-13,21,8,15,0
transport_logistics,2023-06-21,2023-07-13,15,8,15,0
drones_autonomy,2023-07-07,2023-07-14,5,8,15,0
lithium_battery_materials,2023-07-10,2023-07-14,4,8,15,0
oil_exploration,2023-07-12,2023-07-14,2,8,15,0
oil_services,2023-07-12,2023-07-17,3,8,15,0
asset_managers_alts,2023-07-13,2023-07-17,2,8,15,0
autos,2023-07-03,2023-07-18,10,8,15,0
consumer_internet,2023-07-14,2023-07-18,2,8,15,0
rare_earth_critical_minerals,2023-07-14,2023-07-18,2,8,15,0
payments,2023-07-14,2023-07-18,2,8,15,0
fintech_payments,2023-07-13,2023-07-19,4,8,15,0
cloud_neocloud,2023-07-06,2023-07-20,10,8,15,0
crypto_infrastructure,2023-06-27,2023-07-21,17,8,15,0
oil_services,2023-07-18,2023-07-21,3,8,15,0
silver,2023-07-14,2023-07-24,6,8,15,0
ai_apps,2023-07-17,2023-07-24,5,8,15,0
additive_manufacturing,2023-07-18,2023-07-24,4,8,15,0
copper,2023-07-25,2023-07-26,1,8,15,0
fintech,2023-07-11,2023-07-27,12,8,15,0
asset_managers_alts,2023-07-18,2023-07-27,7,8,15,0
data_centers,2023-05-25,2023-07-28,43,8,15,0
mega_banks,2023-07-20,2023-07-31,7,8,15,0
asset_managers,2023-07-18,2023-08-01,10,8,15,0
banks_brokers_exchanges,2023-07-20,2023-08-01,8,8,15,0
regional_banks,2023-07-19,2023-08-02,10,8,15,0
consumer_internet_marketplaces,2023-07-31,2023-08-02,2,8,15,0
travel,2023-07-21,2023-08-03,9,8,15,0
fintech,2023-08-01,2023-08-03,2,8,15,0
industrial_automation,2023-08-02,2023-08-04,2,8,15,0
consumer_internet_marketplaces,2023-08-03,2023-08-04,1,8,15,0
china_internet,2023-07-28,2023-08-08,7,8,15,0
memory,2023-08-03,2023-08-08,3,8,15,0
homebuilders_housing,2023-08-04,2023-08-11,5,8,15,0
apparel_beauty_lifestyle,2023-08-10,2023-08-14,2,8,15,0
oil_services,2023-07-24,2023-08-15,16,8,15,0
data_centers,2023-08-02,2023-08-16,10,8,15,0
construction_infrastructure,2023-08-04,2023-08-17,9,8,15,0
homebuilders_housing,2023-08-15,2023-08-17,2,8,15,0
travel,2023-08-07,2023-08-18,9,8,15,0
managed_care_insurance,2023-08-14,2023-08-18,4,8,15,0
oil_gas,2023-07-24,2023-08-23,22,8,15,0
oil_exploration,2023-07-25,2023-08-23,21,8,15,0
natural_gas,2023-07-27,2023-08-23,19,8,15,0
oil_integrated,2023-08-10,2023-08-23,9,8,15,0
energy,2023-08-11,2023-08-23,8,8,15,0
pharma,2023-08-15,2023-08-23,6,8,15,0
workflow_software,2023-08-23,2023-08-24,1,8,15,0
workflow_software,2023-08-25,2023-08-28,1,8,15,0
pharma_largecap,2023-08-09,2023-08-29,14,8,15,0
networking,2023-08-23,2023-08-29,4,8,15,0
oil_gas,2023-08-24,2023-08-30,4,8,15,0
industrial_automation,2023-08-29,2023-08-30,1,8,15,0
natural_gas,2023-08-29,2023-08-31,2,8,15,0
advanced_packaging,2023-08-29,2023-09-05,4,8,15,0
memory,2023-08-30,2023-09-05,3,8,15,0
nuclear,2023-08-18,2023-09-06,12,8,15,0
storage,2023-09-01,2023-09-07,3,8,15,0
vertical_software,2023-08-28,2023-09-08,8,8,15,0
cloud,2023-09-05,2023-09-08,3,8,15,0
oil_exploration,2023-09-05,2023-09-11,4,8,15,0
data_centers,2023-08-22,2023-09-12,14,8,15,0
business_apps,2023-09-06,2023-09-12,4,8,15,0
storage,2023-09-11,2023-09-12,1,8,15,0
dev_tools,2023-09-11,2023-09-14,3,8,15,0
memory_storage,2023-08-30,2023-09-15,11,8,15,0
workflow_software,2023-08-31,2023-09-15,10,8,15,0
cybersecurity,2023-08-22,2023-09-19,19,8,15,0
oil_exploration,2023-09-12,2023-09-20,6,8,15,0
asset_managers,2023-09-19,2023-09-22,3,8,15,0
utilities_yield,2023-09-19,2023-09-25,4,8,15,0
gold,2023-09-20,2023-09-25,3,8,15,0
asset_managers_alts,2023-09-11,2023-09-29,14,8,15,0
oil_services,2023-09-12,2023-09-29,13,8,15,0
nuclear_uranium,2023-08-21,2023-10-02,29,8,15,0
insurance,2023-09-13,2023-10-02,13,8,15,0
oil_gas,2023-09-25,2023-10-02,5,8,15,0
oil_exploration,2023-09-25,2023-10-02,5,8,15,0
cloud,2023-10-02,2023-10-03,1,8,15,0
oil_integrated,2023-09-06,2023-10-04,20,8,15,0
nuclear,2023-09-12,2023-10-04,16,8,15,0
oil_gas,2023-10-03,2023-10-04,1,8,15,0
autos,2023-10-02,2023-10-05,3,8,15,0
healthcare,2023-10-02,2023-10-05,3,8,15,0
uranium,2023-08-09,2023-10-09,42,8,15,0
managed_care_insurance,2023-10-02,2023-10-09,5,8,15,0
nuclear,2023-10-05,2023-10-09,2,8,15,0
managed_care,2023-09-21,2023-10-10,13,8,15,0
defense,2023-10-09,2023-10-11,2,8,15,0
memory_storage,2023-09-28,2023-10-13,11,8,15,0
ai_apps_agents,2023-10-04,2023-10-13,7,8,15,0
cloud,2023-10-10,2023-10-13,3,8,15,0
creative_software,2023-10-11,2023-10-13,2,8,15,0
memory,2023-09-22,2023-10-16,16,8,15,0
advanced_packaging,2023-10-04,2023-10-16,8,8,15,0
ai_infrastructure,2023-10-06,2023-10-16,6,8,15,0
data_centers,2023-10-10,2023-10-18,6,8,15,0
pharma_largecap,2023-10-16,2023-10-18,2,8,15,0
obesity_glp1_health,2023-10-13,2023-10-19,4,8,15,0
vertical_software,2023-10-06,2023-10-20,10,8,15,0
dev_tools,2023-10-17,2023-10-20,3,8,15,0
insurance,2023-10-13,2023-10-23,6,8,15,0
energy,2023-10-18,2023-10-23,3,8,15,0
oil_integrated,2023-10-18,2023-10-24,4,8,15,0
oil_exploration,2023-10-18,2023-10-24,4,8,15,0
mega_cap_platforms,2023-10-04,2023-10-25,15,8,15,0
obesity_glp1_health,2023-10-24,2023-10-25,1,8,15,0
oil_gas,2023-10-13,2023-10-26,9,8,15,0
natural_gas,2023-10-05,2023-10-27,16,8,15,0
managed_care,2023-10-16,2023-10-27,9,8,15,0
managed_care_insurance,2023-10-18,2023-10-30,8,8,15,0
crypto_infrastructure,2023-10-25,2023-10-30,3,8,15,0
gold_silver_miners,2023-10-20,2023-10-31,7,8,15,0
silver,2023-10-20,2023-10-31,7,8,15,0
gold,2023-10-23,2023-10-31,6,8,15,0
consumer_staples,2023-10-25,2023-11-02,6,8,15,0
retail,2023-10-26,2023-11-02,5,8,15,0
defense,2023-10-31,2023-11-06,4,8,15,0
fintech,2023-11-02,2023-11-07,3,8,15,0
regional_banks,2023-11-03,2023-11-07,2,8,15,0
insurance,2023-10-25,2023-11-08,10,8,15,0
restaurants_food,2023-10-27,2023-11-08,8,8,15,0
defense_aerospace,2023-11-02,2023-11-08,4,8,15,0
datacenter_reits_towers,2023-10-24,2023-11-09,12,8,15,0
restaurants,2023-10-27,2023-11-14,12,8,15,0
defense_aerospace,2023-11-13,2023-11-14,1,8,15,0
homebuilders_housing,2023-11-01,2023-11-15,10,8,15,0
consumer,2023-10-27,2023-11-17,15,8,15,0
gaming_sports_betting,2023-11-03,2023-11-17,10,8,15,0
payments,2023-11-06,2023-11-20,10,8,15,0
ai_apps,2023-11-10,2023-11-21,7,8,15,0
dev_tools,2023-11-15,2023-11-21,4,8,15,0
creative_software,2023-11-08,2023-11-22,10,8,15,0
cloud,2023-11-20,2023-11-22,2,8,15,0
mega_cap_platforms,2023-11-07,2023-11-27,13,8,15,0
ai_infrastructure,2023-11-14,2023-11-27,8,8,15,0
ai_apps_agents,2023-11-15,2023-11-27,7,8,15,0
consumer_internet,2023-10-31,2023-11-28,19,8,15,0
travel,2023-11-13,2023-11-28,10,8,15,0
streaming_entertainment,2023-11-22,2023-11-28,3,8,15,0
medtech_devices,2023-11-24,2023-11-28,2,8,15,0
uranium,2023-11-27,2023-11-28,1,8,15,0
medtech,2023-11-21,2023-12-01,7,8,15,0
robotics,2023-11-21,2023-12-01,7,8,15,0
drones_autonomy,2023-11-20,2023-12-05,10,8,15,0
cloud,2023-11-24,2023-12-06,8,8,15,0
asset_managers_alts,2023-11-29,2023-12-06,5,8,15,0
workflow_software,2023-11-29,2023-12-06,5,8,15,0
datacenter_reits_towers,2023-11-28,2023-12-07,7,8,15,0
business_apps,2023-11-30,2023-12-07,5,8,15,0
ai_apps,2023-12-01,2023-12-11,6,8,15,0
fintech_payments,2023-11-27,2023-12-12,11,8,15,0
cybersecurity,2023-11-24,2023-12-14,14,8,15,0
workflow_software,2023-12-11,2023-12-14,3,8,15,0
drones_autonomy,2023-12-14,2023-12-18,2,8,15,0
dev_tools,2023-12-18,2023-12-19,1,8,15,0
construction_infrastructure,2023-12-13,2023-12-20,5,8,15,0
networking_optical,2023-12-14,2023-12-20,4,8,15,0
airlines_travel,2023-12-07,2023-12-21,10,8,15,0
ai_apps,2023-12-19,2023-12-22,3,8,15,0
cybersecurity,2023-12-18,2023-12-26,5,8,15,0
workflow_software,2023-12-18,2023-12-27,6,8,15,0
homebuilders_housing,2023-12-06,2023-12-29,16,8,15,0
solar,2023-12-22,2023-12-29,4,8,15,0
asset_managers,2023-11-30,2024-01-02,21,8,15,0
diagnostics_tools,2023-12-22,2024-01-02,5,8,15,0
aerospace,2023-12-29,2024-01-02,1,8,15,0
consumer_internet_marketplaces,2023-12-29,2024-01-02,1,8,15,0
workflow_software,2023-12-29,2024-01-02,1,8,15,0
fintech,2023-11-27,2024-01-03,25,8,15,0
fintech_payments,2023-12-26,2024-01-03,5,8,15,0
payments,2023-11-27,2024-01-04,26,8,15,0
crypto_infrastructure,2023-12-20,2024-01-08,11,8,15,0
cloud_neocloud,2023-12-21,2024-01-08,10,8,15,0
banks_brokers_exchanges,2024-01-04,2024-01-10,4,8,15,0
mega_banks,2023-12-13,2024-01-11,19,8,15,0
diagnostics_tools,2024-01-09,2024-01-11,2,8,15,0
regional_banks,2023-12-05,2024-01-12,26,8,15,0
healthcare,2024-01-08,2024-01-12,4,8,15,0
obesity_glp1_health,2024-01-11,2024-01-16,2,8,15,0
biotech,2024-01-02,2024-01-17,10,8,15,0
pharma,2024-01-02,2024-01-17,10,8,15,0
biotech_innovation,2024-01-03,2024-01-17,9,8,15,0
pharma_largecap,2024-01-03,2024-01-18,10,8,15,0
uranium,2024-01-12,2024-01-22,5,8,15,0
medtech,2024-01-08,2024-01-24,11,8,15,0
medtech_devices,2024-01-09,2024-01-24,10,8,15,0
cybersecurity,2024-01-23,2024-01-25,2,8,15,0
semis,2024-01-19,2024-01-26,5,8,15,0
vertical_software,2024-01-17,2024-01-29,8,8,15,0
memory,2024-01-29,2024-01-30,1,8,15,0
insurance,2024-01-05,2024-02-01,18,8,15,0
networking,2024-01-11,2024-02-01,14,8,15,0
workflow_software,2024-01-16,2024-02-02,13,8,15,0
streaming_entertainment,2024-01-31,2024-02-02,2,8,15,0
payments,2024-01-30,2024-02-05,4,8,15,0
dev_tools,2024-01-19,2024-02-06,12,8,15,0
restaurants_food,2024-02-01,2024-02-06,3,8,15,0
electronics_components,2024-01-30,2024-02-08,7,8,15,0
medtech,2024-02-05,2024-02-08,3,8,15,0
travel,2024-01-26,2024-02-09,10,8,15,0
mega_cap_platforms,2024-01-12,2024-02-12,20,8,15,0
cybersecurity,2024-02-09,2024-02-12,1,8,15,0
dev_tools,2024-02-09,2024-02-12,1,8,15,0
consumer,2024-02-08,2024-02-13,3,8,15,0
electronics_components,2024-02-12,2024-02-13,1,8,15,0
cloud,2024-02-09,2024-02-15,4,8,15,0
vertical_software,2024-02-14,2024-02-16,2,8,15,0
asset_managers_alts,2024-02-15,2024-02-16,1,8,15,0
datacenter_infra,2024-02-01,2024-02-20,12,8,15,0
semicap_equipment,2024-02-14,2024-02-20,3,8,15,0
data_centers,2024-01-10,2024-02-21,28,8,15,0
healthcare,2024-02-16,2024-02-21,2,8,15,0
defense_aerospace,2024-02-15,2024-02-22,4,8,15,0
crypto_infrastructure,2024-02-16,2024-02-22,3,8,15,0
oil_exploration,2024-02-21,2024-02-22,1,8,15,0
oil_gas,2024-02-21,2024-02-22,1,8,15,0
obesity_glp1_health,2024-02-02,2024-02-23,14,8,15,0
managed_care_insurance,2024-02-16,2024-02-23,4,8,15,0
managed_care,2024-02-20,2024-02-23,3,8,15,0
asset_managers_alts,2024-02-22,2024-02-23,1,8,15,0
data_centers,2024-02-22,2024-02-23,1,8,15,0
travel,2024-02-12,2024-02-27,10,8,15,0
aerospace,2024-02-13,2024-02-29,11,8,15,0
quantum_computing,2024-02-22,2024-02-29,5,8,15,0
ai_apps,2024-02-29,2024-03-01,1,8,15,0
fintech_payments,2024-02-27,2024-03-04,4,8,15,0
datacenter_infra,2024-02-21,2024-03-05,9,8,15,0
biotech_innovation,2024-02-23,2024-03-05,7,8,15,0
fintech,2024-02-23,2024-03-05,7,8,15,0
semis,2024-03-01,2024-03-05,2,8,15,0
networking,2024-03-06,2024-03-07,1,8,15,0
homebuilders_housing,2024-02-23,2024-03-08,10,8,15,0
retail_consumer,2024-02-27,2024-03-08,8,8,15,0
semis,2024-03-06,2024-03-08,2,8,15,0
ai_infrastructure,2024-01-08,2024-03-11,43,8,15,0
data_centers,2024-03-04,2024-03-11,5,8,15,0
storage,2024-03-01,2024-03-12,7,8,15,0
utilities_yield,2024-03-08,2024-03-12,2,8,15,0
retail,2024-03-12,2024-03-13,1,8,15,0
construction_infrastructure,2024-02-01,2024-03-14,29,8,15,0
ai_infrastructure,2024-03-12,2024-03-14,2,8,15,0
china_internet,2024-03-13,2024-03-14,1,8,15,0
fintech,2024-03-08,2024-03-15,5,8,15,0
restaurants_food,2024-02-28,2024-03-18,13,8,15,0
gold,2024-03-07,2024-03-18,7,8,15,0
gold_silver_miners,2024-03-08,2024-03-18,6,8,15,0
silver,2024-03-11,2024-03-18,5,8,15,0
mega_banks,2024-03-12,2024-03-19,5,8,15,0
retail,2024-03-15,2024-03-19,2,8,15,0
energy,2024-03-11,2024-03-20,7,8,15,0
restaurants_food,2024-03-20,2024-03-21,1,8,15,0
fintech,2024-03-18,2024-03-22,4,8,15,0
agriculture_food_inputs,2024-03-15,2024-03-25,6,8,15,0
copper,2024-03-13,2024-03-26,9,8,15,0
obesity_glp1_health,2024-02-27,2024-03-28,22,8,15,0
industrial_automation,2024-03-19,2024-04-01,8,8,15,0
oil_services,2024-03-19,2024-04-01,8,8,15,0
homebuilders_housing,2024-03-21,2024-04-01,6,8,15,0
insurance,2024-03-25,2024-04-01,4,8,15,0
construction_infrastructure,2024-03-26,2024-04-01,3,8,15,0
mega_banks,2024-03-20,2024-04-02,8,8,15,0
power_grid_electrification,2024-03-27,2024-04-02,3,8,15,0
natural_gas,2024-03-27,2024-04-03,4,8,15,0
utilities_yield,2024-04-01,2024-04-03,2,8,15,0
additive_manufacturing,2024-03-18,2024-04-05,13,8,15,0
nuclear_uranium,2024-04-01,2024-04-16,11,8,15,0
oil_services,2024-04-02,2024-04-16,10,8,15,0
nuclear,2024-04-03,2024-04-16,9,8,15,0
oil_exploration,2024-03-14,2024-04-18,24,8,15,0
energy,2024-03-27,2024-04-18,15,8,15,0
copper_metals,2024-04-02,2024-04-22,14,8,15,0
gold_silver_miners,2024-04-02,2024-04-23,15,8,15,0
copper,2024-04-08,2024-04-23,11,8,15,0
silver,2024-04-02,2024-04-24,16,8,15,0
insurance,2024-04-22,2024-04-25,3,8,15,0
asset_managers,2024-04-24,2024-04-25,1,8,15,0
managed_care,2024-04-18,2024-04-26,6,8,15,0
oil_gas,2024-03-22,2024-04-30,26,8,15,0
oil_integrated,2024-04-10,2024-04-30,14,8,15,0
copper,2024-04-25,2024-05-01,4,8,15,0
banks_brokers_exchanges,2024-04-22,2024-05-02,8,8,15,0
consumer,2024-04-25,2024-05-02,5,8,15,0
restaurants,2024-04-30,2024-05-02,2,8,15,0
gold,2024-04-05,2024-05-03,20,8,15,0
mega_banks,2024-04-18,2024-05-03,11,8,15,0
natural_gas,2024-04-19,2024-05-03,10,8,15,0
regional_banks,2024-04-23,2024-05-03,8,8,15,0
autos,2024-05-02,2024-05-07,3,8,15,0
consumer_internet_marketplaces,2024-05-03,2024-05-07,2,8,15,0
china_internet,2024-04-26,2024-05-08,8,8,15,0
nuclear,2024-05-07,2024-05-08,1,8,15,0
advanced_packaging,2024-05-02,2024-05-09,5,8,15,0
semicap_equipment,2024-05-03,2024-05-09,4,8,15,0
consumer_internet,2024-04-26,2024-05-10,10,8,15,0
ai_apps,2024-05-02,2024-05-10,6,8,15,0
electronics_components,2024-05-08,2024-05-10,2,8,15,0
nuclear_uranium,2024-05-06,2024-05-13,5,8,15,0
defense,2024-05-06,2024-05-15,7,8,15,0
defense_aerospace,2024-05-08,2024-05-15,5,8,15,0
aerospace,2024-05-09,2024-05-15,4,8,15,0
managed_care,2024-05-10,2024-05-15,3,8,15,0
healthcare,2024-05-13,2024-05-15,2,8,15,0
copper,2024-05-14,2024-05-15,1,8,15,0
banks_brokers_exchanges,2024-05-13,2024-05-17,4,8,15,0
real_estate_reits,2024-05-14,2024-05-17,3,8,15,0
networking,2024-05-15,2024-05-17,2,8,15,0
advanced_packaging,2024-05-15,2024-05-17,2,8,15,0
managed_care_insurance,2024-05-09,2024-05-20,7,8,15,0
mega_banks,2024-05-10,2024-05-20,6,8,15,0
china_internet,2024-05-17,2024-05-20,1,8,15,0
copper,2024-05-17,2024-05-22,3,8,15,0
silver,2024-05-20,2024-05-22,2,8,15,0
power_grid_electrification,2024-05-01,2024-05-23,16,8,15,0
asset_managers,2024-05-10,2024-05-23,9,8,15,0
defense_aerospace,2024-05-16,2024-05-23,5,8,15,0
gold_silver_miners,2024-05-20,2024-05-23,3,8,15,0
managed_care_insurance,2024-05-22,2024-05-24,2,8,15,0
obesity_glp1_health,2024-05-23,2024-05-28,2,8,15,0
utilities_yield,2024-04-24,2024-05-29,24,8,15,0
semicap_equipment,2024-05-22,2024-05-29,4,8,15,0
gold_silver_miners,2024-05-28,2024-05-30,2,8,15,0
cloud_neocloud,2024-05-24,2024-05-31,4,8,15,0
semicap_equipment,2024-05-30,2024-05-31,1,8,15,0
nuclear,2024-05-29,2024-06-03,3,8,15,0
oil_services,2024-05-31,2024-06-03,1,8,15,0
advanced_packaging,2024-05-20,2024-06-04,10,8,15,0
semis,2024-05-22,2024-06-04,8,8,15,0
electronics_components,2024-05-23,2024-06-04,7,8,15,0
nuclear_uranium,2024-05-28,2024-06-04,5,8,15,0
utilities_yield,2024-05-31,2024-06-05,3,8,15,0
apparel_beauty_lifestyle,2024-06-03,2024-06-05,2,8,15,0
pharma_largecap,2024-06-04,2024-06-05,1,8,15,0
datacenter_reits_towers,2024-06-04,2024-06-05,1,8,15,0
advanced_packaging,2024-06-05,2024-06-06,1,8,15,0
defense_aerospace,2024-05-31,2024-06-10,6,8,15,0
apparel_beauty_lifestyle,2024-06-06,2024-06-10,2,8,15,0
ai_infrastructure,2024-05-23,2024-06-11,12,8,15,0
aerospace,2024-05-16,2024-06-12,18,8,15,0
pharma_largecap,2024-06-11,2024-06-12,1,8,15,0
semis_compute,2024-06-05,2024-06-21,11,8,15,0
crypto_infrastructure,2024-06-06,2024-06-24,11,8,15,0
semis,2024-06-12,2024-06-24,7,8,15,0
semicap_equipment,2024-06-12,2024-06-24,7,8,15,0
ai_infrastructure,2024-06-13,2024-06-24,6,8,15,0
advanced_packaging,2024-06-18,2024-06-24,3,8,15,0
oil_exploration,2024-06-24,2024-06-25,1,8,15,0
storage,2024-05-15,2024-06-26,28,8,15,0
obesity_glp1_health,2024-05-30,2024-06-26,18,8,15,0
advanced_packaging,2024-06-25,2024-06-26,1,8,15,0
memory_storage,2024-06-05,2024-06-27,15,8,15,0
data_centers,2024-06-04,2024-06-28,17,8,15,0
networking,2024-06-20,2024-06-28,6,8,15,0
biotech,2024-06-24,2024-06-28,4,8,15,0
pharma_largecap,2024-06-24,2024-06-28,4,8,15,0
ai_infrastructure,2024-06-26,2024-06-28,2,8,15,0
creative_software,2024-06-26,2024-07-01,3,8,15,0
vertical_software,2024-06-27,2024-07-01,2,8,15,0
business_apps,2024-06-27,2024-07-02,3,8,15,0
networking_optical,2024-06-28,2024-07-02,2,8,15,0
networking,2024-07-01,2024-07-02,1,8,15,0
cloud,2024-07-01,2024-07-02,1,8,15,0
mega_banks,2024-07-02,2024-07-03,1,8,15,0
oil_services,2024-07-03,2024-07-05,1,8,15,0
cybersecurity,2024-06-28,2024-07-08,5,8,15,0
cloud_neocloud,2024-06-03,2024-07-10,25,8,15,0
dev_tools,2024-07-01,2024-07-10,6,8,15,0
mega_cap_platforms,2024-06-14,2024-07-11,17,8,15,0
memory,2024-07-03,2024-07-11,5,8,15,0
memory_storage,2024-07-09,2024-07-11,2,8,15,0
ai_infrastructure,2024-07-09,2024-07-11,2,8,15,0
semis,2024-07-05,2024-07-16,7,8,15,0
advanced_packaging,2024-06-28,2024-07-17,12,8,15,0
semicap_equipment,2024-07-01,2024-07-17,11,8,15,0
electronics_components,2024-07-11,2024-07-17,4,8,15,0
gold_silver_miners,2024-07-11,2024-07-18,5,8,15,0
autos,2024-07-02,2024-07-19,12,8,15,0
gold,2024-07-11,2024-07-19,6,8,15,0
quantum_computing,2024-07-15,2024-07-19,4,8,15,0
insurance,2024-07-18,2024-07-19,1,8,15,0
networking_optical,2024-07-08,2024-07-22,10,8,15,0
oil_services,2024-07-17,2024-07-23,4,8,15,0
fintech_payments,2024-07-22,2024-07-23,1,8,15,0
robotics,2024-07-18,2024-07-24,4,8,15,0
drones_autonomy,2024-07-17,2024-07-25,6,8,15,0
real_estate_reits,2024-07-17,2024-07-29,8,8,15,0
mega_banks,2024-07-17,2024-07-29,8,8,15,0
oil_services,2024-07-25,2024-07-29,2,8,15,0
banks_brokers_exchanges,2024-07-19,2024-07-31,8,8,15,0
insurance,2024-07-30,2024-07-31,1,8,15,0
managed_care_insurance,2024-07-30,2024-07-31,1,8,15,0
regional_banks,2024-07-11,2024-08-02,16,8,15,0
asset_managers_alts,2024-07-22,2024-08-02,9,8,15,0
asset_managers,2024-07-22,2024-08-02,9,8,15,0
homebuilders_housing,2024-07-19,2024-08-05,11,8,15,0
defense_aerospace,2024-07-23,2024-08-05,9,8,15,0
biotech,2024-08-01,2024-08-07,4,8,15,0
pharma,2024-07-26,2024-08-09,10,8,15,0
managed_care,2024-08-06,2024-08-09,3,8,15,0
restaurants,2024-08-06,2024-08-09,3,8,15,0
aerospace,2024-07-25,2024-08-12,12,8,15,0
managed_care_insurance,2024-08-02,2024-08-13,7,8,15,0
insurance,2024-08-07,2024-08-13,4,8,15,0
payments,2024-08-07,2024-08-13,4,8,15,0
oil_exploration,2024-08-12,2024-08-13,1,8,15,0
diagnostics_tools,2024-07-31,2024-08-14,10,8,15,0
oil_integrated,2024-08-12,2024-08-14,2,8,15,0
restaurants,2024-08-13,2024-08-14,1,8,15,0
consumer,2024-08-13,2024-08-14,1,8,15,0
datacenter_reits_towers,2024-07-31,2024-08-15,11,8,15,0
pharma_largecap,2024-08-01,2024-08-15,10,8,15,0
real_estate_reits,2024-08-02,2024-08-15,9,8,15,0
power_grid_electrification,2024-08-13,2024-08-15,2,8,15,0
insurance,2024-08-14,2024-08-15,1,8,15,0
utilities_yield,2024-08-07,2024-08-16,7,8,15,0
restaurants,2024-08-15,2024-08-16,1,8,15,0
restaurants_food,2024-08-15,2024-08-16,1,8,15,0
obesity_glp1_health,2024-08-09,2024-08-19,6,8,15,0
defense_aerospace,2024-08-16,2024-08-21,3,8,15,0
mega_cap_platforms,2024-08-13,2024-08-23,8,8,15,0
cloud,2024-08-15,2024-08-23,6,8,15,0
defense,2024-08-12,2024-08-26,10,8,15,0
creative_software,2024-08-15,2024-08-27,8,8,15,0
gold_silver_miners,2024-08-19,2024-08-28,7,8,15,0
gold,2024-08-20,2024-08-28,6,8,15,0
silver,2024-08-23,2024-08-28,3,8,15,0
fintech,2024-08-23,2024-08-28,3,8,15,0
consumer_staples,2024-08-28,2024-08-29,1,8,15,0
managed_care_insurance,2024-08-14,2024-08-30,12,8,15,0
silver,2024-08-29,2024-08-30,1,8,15,0
fintech,2024-08-29,2024-09-04,3,8,15,0
aerospace,2024-08-16,2024-09-05,13,8,15,0
fintech_payments,2024-08-15,2024-09-06,15,8,15,0
networking_optical,2024-08-21,2024-09-06,11,8,15,0
mega_banks,2024-08-30,2024-09-06,4,8,15,0
workflow_software,2024-08-23,2024-09-09,10,8,15,0
managed_care_insurance,2024-09-03,2024-09-09,4,8,15,0
banks_brokers_exchanges,2024-09-03,2024-09-10,5,8,15,0
gaming_sports_betting,2024-09-06,2024-09-11,3,8,15,0
defense,2024-08-28,2024-09-12,10,8,15,0
medtech,2024-09-06,2024-09-12,4,8,15,0
payments,2024-08-16,2024-09-13,19,8,15,0
vertical_software,2024-09-09,2024-09-13,4,8,15,0
insurance,2024-08-22,2024-09-17,17,8,15,0
aerospace,2024-09-11,2024-09-17,4,8,15,0
gold,2024-09-12,2024-09-17,3,8,15,0
datacenter_reits_towers,2024-09-09,2024-09-18,7,8,15,0
silver,2024-09-13,2024-09-18,3,8,15,0
gold_silver_miners,2024-09-13,2024-09-18,3,8,15,0
utilities_yield,2024-09-04,2024-09-19,11,8,15,0
real_estate_reits,2024-09-06,2024-09-19,9,8,15,0
creative_software,2024-09-10,2024-09-20,8,8,15,0
silver,2024-09-20,2024-09-23,1,8,15,0
power_grid_electrification,2024-09-17,2024-09-24,5,8,15,0
payments,2024-09-17,2024-09-24,5,8,15,0
construction_infrastructure,2024-09-18,2024-09-24,4,8,15,0
asset_managers_alts,2024-09-18,2024-09-24,4,8,15,0
asset_managers,2024-09-19,2024-09-24,3,8,15,0
utilities_yield,2024-09-23,2024-09-24,1,8,15,0
datacenter_infra,2024-09-17,2024-09-26,7,8,15,0
aerospace,2024-09-19,2024-09-26,5,8,15,0
networking_optical,2024-09-19,2024-09-30,7,8,15,0
nuclear,2024-09-23,2024-09-30,5,8,15,0
ai_apps_agents,2024-09-17,2024-10-01,10,8,15,0
ai_apps,2024-09-24,2024-10-01,5,8,15,0
gaming_sports_betting,2024-09-30,2024-10-03,3,8,15,0
defense,2024-10-01,2024-10-07,4,8,15,0
copper,2024-09-24,2024-10-08,10,8,15,0
consumer_internet_marketplaces,2024-09-24,2024-10-08,10,8,15,0
uranium,2024-09-24,2024-10-09,11,8,15,0
consumer_internet,2024-09-26,2024-10-10,10,8,15,0
datacenter_infra,2024-10-09,2024-10-10,1,8,15,0
oil_integrated,2024-10-10,2024-10-11,1,8,15,0
china_internet,2024-09-26,2024-10-14,12,8,15,0
natural_gas,2024-10-03,2024-10-14,7,8,15,0
travel,2024-09-24,2024-10-15,15,8,15,0
oil_exploration,2024-10-07,2024-10-15,6,8,15,0
oil_gas,2024-10-10,2024-10-15,3,8,15,0
workflow_software,2024-10-10,2024-10-16,4,8,15,0
business_apps,2024-10-15,2024-10-16,1,8,15,0
ai_apps,2024-10-11,2024-10-17,4,8,15,0
ai_infrastructure,2024-10-14,2024-10-18,4,8,15,0
mega_banks,2024-10-16,2024-10-18,2,8,15,0
airlines_travel,2024-10-16,2024-10-22,4,8,15,0
data_centers,2024-10-17,2024-10-22,3,8,15,0
fintech,2024-10-09,2024-10-29,14,8,15,0
asset_managers,2024-10-16,2024-10-29,9,8,15,0
nuclear_uranium,2024-09-20,2024-10-30,28,8,15,0
uranium,2024-10-11,2024-10-30,13,8,15,0
networking_optical,2024-10-14,2024-10-30,12,8,15,0
quantum_computing,2024-10-17,2024-10-30,9,8,15,0
asset_managers_alts,2024-10-18,2024-10-30,8,8,15,0
data_centers,2024-10-25,2024-10-30,3,8,15,0
lithium_battery_materials,2024-10-28,2024-10-30,2,8,15,0
ai_infrastructure,2024-10-29,2024-10-30,1,8,15,0
nuclear,2024-10-01,2024-11-01,23,8,15,0
silver,2024-10-22,2024-11-01,8,8,15,0
crypto_infrastructure,2024-10-24,2024-11-01,6,8,15,0
cloud_neocloud,2024-10-30,2024-11-01,2,8,15,0
vertical_software,2024-10-30,2024-11-06,5,8,15,0
solar,2024-11-05,2024-11-06,1,8,15,0
creative_software,2024-11-05,2024-11-08,3,8,15,0
electronics_components,2024-10-29,2024-11-11,9,8,15,0
cloud_neocloud,2024-11-07,2024-11-12,3,8,15,0
ai_apps,2024-10-30,2024-11-13,10,8,15,0
travel,2024-10-31,2024-11-13,9,8,15,0
aerospace,2024-11-13,2024-11-14,1,8,15,0
defense,2024-11-13,2024-11-14,1,8,15,0
ai_apps_agents,2024-10-30,2024-11-15,12,8,15,0
drones_autonomy,2024-11-12,2024-11-15,3,8,15,0
workflow_software,2024-11-01,2024-11-18,11,8,15,0
additive_manufacturing,2024-10-31,2024-11-19,13,8,15,0
banks_brokers_exchanges,2024-11-18,2024-11-19,1,8,15,0
airlines_travel,2024-11-01,2024-11-20,13,8,15,0
asset_managers,2024-11-14,2024-11-20,4,8,15,0
mega_banks,2024-11-15,2024-11-20,3,8,15,0
crypto_infrastructure,2024-11-11,2024-11-21,8,8,15,0
cloud_neocloud,2024-11-19,2024-11-21,2,8,15,0
fintech,2024-10-31,2024-11-25,17,8,15,0
asset_managers,2024-11-22,2024-11-25,1,8,15,0
cloud,2024-11-21,2024-11-26,3,8,15,0
asset_managers,2024-11-26,2024-11-27,1,8,15,0
travel,2024-11-18,2024-11-29,8,8,15,0
fintech_payments,2024-11-08,2024-12-02,15,8,15,0
natural_gas,2024-11-26,2024-12-02,3,8,15,0
utilities_yield,2024-11-26,2024-12-02,3,8,15,0
fintech,2024-11-27,2024-12-02,2,8,15,0
networking_optical,2024-12-03,2024-12-04,1,8,15,0
space_satellites,2024-11-27,2024-12-05,5,8,15,0
cloud,2024-12-02,2024-12-05,3,8,15,0
cybersecurity,2024-12-04,2024-12-06,2,8,15,0
data_centers,2024-11-27,2024-12-09,7,8,15,0
crypto_infrastructure,2024-12-06,2024-12-09,1,8,15,0
dev_tools,2024-11-21,2024-12-10,12,8,15,0
drones_autonomy,2024-11-20,2024-12-12,15,8,15,0
gaming_sports_betting,2024-12-09,2024-12-13,4,8,15,0
creative_software,2024-12-09,2024-12-17,6,8,15,0
digital_ads_media,2024-10-30,2024-12-18,34,8,15,0
cloud_neocloud,2024-12-06,2024-12-18,8,8,15,0
workflow_software,2024-12-03,2024-12-23,14,8,15,0
business_apps,2024-12-10,2024-12-23,9,8,15,0
streaming_entertainment,2024-12-10,2024-12-24,10,8,15,0
mega_cap_platforms,2024-12-17,2024-12-26,6,8,15,0
cybersecurity,2024-12-11,2024-12-27,11,8,15,0
ai_apps_agents,2024-11-19,2024-12-30,27,8,15,0
ai_apps,2024-11-29,2024-12-31,21,8,15,0
advanced_packaging,2024-12-18,2024-12-31,8,8,15,0
networking_optical,2024-12-23,2024-12-31,5,8,15,0
autos,2024-12-19,2025-01-02,8,8,15,0
travel,2024-12-30,2025-01-02,2,8,15,0
oil_gas,2024-12-31,2025-01-06,3,8,15,0
aerospace,2024-12-31,2025-01-06,3,8,15,0
networking,2024-12-13,2025-01-07,15,8,15,0
robotics,2024-12-30,2025-01-07,5,8,15,0
quantum_computing,2024-11-13,2025-01-08,37,8,15,0
solar,2025-01-07,2025-01-08,1,8,15,0
drones_autonomy,2024-12-16,2025-01-13,17,8,15,0
space_satellites,2024-12-18,2025-01-13,15,8,15,0
renewables_storage,2025-01-02,2025-01-14,7,8,15,0
diagnostics_tools,2025-01-13,2025-01-16,3,8,15,0
oil_exploration,2024-12-31,2025-01-21,12,8,15,0
additive_manufacturing,2025-01-06,2025-01-21,9,8,15,0
oil_services,2025-01-07,2025-01-21,8,8,15,0
energy,2025-01-02,2025-01-22,12,8,15,0
oil_gas,2025-01-08,2025-01-22,8,8,15,0
oil_integrated,2025-01-10,2025-01-22,7,8,15,0
advanced_packaging,2025-01-16,2025-01-23,4,8,15,0
defense,2025-01-21,2025-01-24,3,8,15,0
natural_gas,2024-12-31,2025-01-27,16,8,15,0
electronics_components,2025-01-17,2025-01-27,5,8,15,0
networking,2025-01-21,2025-01-27,4,8,15,0
memory_storage,2025-01-22,2025-01-27,3,8,15,0
storage,2025-01-22,2025-01-27,3,8,15,0
industrial_automation,2025-01-24,2025-01-28,2,8,15,0
regional_banks,2025-01-27,2025-01-28,1,8,15,0
homebuilders_housing,2025-01-27,2025-01-28,1,8,15,0
mega_banks,2025-01-15,2025-01-30,10,8,15,0
asset_managers_alts,2025-01-27,2025-01-30,3,8,15,0
dev_tools,2025-01-28,2025-01-30,2,8,15,0
restaurants_food,2025-01-30,2025-01-31,1,8,15,0
banks_brokers_exchanges,2025-01-21,2025-02-03,9,8,15,0
asset_managers,2025-01-23,2025-02-03,7,8,15,0
asset_managers_alts,2025-01-31,2025-02-03,1,8,15,0
nuclear_uranium,2025-01-29,2025-02-04,4,8,15,0
nuclear,2025-01-30,2025-02-04,3,8,15,0
medtech,2025-01-16,2025-02-06,14,8,15,0
medtech_devices,2025-01-27,2025-02-06,8,8,15,0
streaming_entertainment,2025-01-29,2025-02-07,7,8,15,0
dev_tools,2025-01-31,2025-02-07,5,8,15,0
workflow_software,2025-02-03,2025-02-07,4,8,15,0
restaurants_food,2025-02-03,2025-02-07,4,8,15,0
consumer,2025-02-04,2025-02-07,3,8,15,0
obesity_glp1_health,2025-02-05,2025-02-10,3,8,15,0
banks_brokers_exchanges,2025-02-06,2025-02-10,2,8,15,0
airlines_travel,2025-02-07,2025-02-10,1,8,15,0
digital_ads_media,2025-02-07,2025-02-10,1,8,15,0
gold_silver_miners,2025-02-03,2025-02-18,10,8,15,0
silver,2025-02-04,2025-02-19,10,8,15,0
copper_metals,2025-02-10,2025-02-19,6,8,15,0
ai_apps,2025-02-13,2025-02-19,3,8,15,0
digital_ads_media,2025-02-14,2025-02-19,2,8,15,0
cloud,2025-01-28,2025-02-20,16,8,15,0
cybersecurity,2025-01-28,2025-02-20,16,8,15,0
ai_apps_agents,2025-02-06,2025-02-20,9,8,15,0
copper_metals,2025-02-20,2025-02-21,1,8,15,0
oil_integrated,2025-02-20,2025-02-25,3,8,15,0
consumer_internet,2025-02-07,2025-02-27,13,8,15,0
consumer_internet_marketplaces,2025-02-14,2025-02-27,8,8,15,0
silver,2025-02-20,2025-02-27,5,8,15,0
gold,2025-02-03,2025-02-28,18,8,15,0
biotech,2025-02-19,2025-02-28,7,8,15,0
gaming_sports_betting,2025-02-14,2025-03-03,10,8,15,0
retail,2025-02-21,2025-03-03,6,8,15,0
streaming_entertainment,2025-02-19,2025-03-05,10,8,15,0
obesity_glp1_health,2025-02-24,2025-03-06,8,8,15,0
gaming_sports_betting,2025-03-05,2025-03-06,1,8,15,0
silver,2025-03-05,2025-03-10,3,8,15,0
retail,2025-03-06,2025-03-11,3,8,15,0
restaurants,2025-03-06,2025-03-11,3,8,15,0
real_estate_reits,2025-02-27,2025-03-12,9,8,15,0
healthcare,2025-03-06,2025-03-13,5,8,15,0
consumer_staples,2025-02-21,2025-03-14,15,8,15,0
pharma,2025-02-25,2025-03-17,14,8,15,0
biotech,2025-03-12,2025-03-18,4,8,15,0
pharma_largecap,2025-02-24,2025-03-19,17,8,15,0
quantum_computing,2025-03-17,2025-03-19,2,8,15,0
china_internet,2025-02-11,2025-03-20,26,8,15,0
insurance,2025-02-27,2025-03-24,17,8,15,0
datacenter_reits_towers,2025-02-27,2025-03-25,18,8,15,0
copper_metals,2025-03-13,2025-03-25,8,8,15,0
silver,2025-03-11,2025-03-27,12,8,15,0
copper,2025-03-17,2025-03-27,8,8,15,0
gold,2025-03-03,2025-04-01,21,8,15,0
gold_silver_miners,2025-03-11,2025-04-01,15,8,15,0
energy,2025-03-24,2025-04-02,7,8,15,0
oil_integrated,2025-03-13,2025-04-03,15,8,15,0
oil_gas,2025-03-21,2025-04-03,9,8,15,0
oil_exploration,2025-03-21,2025-04-03,9,8,15,0
defense,2025-04-02,2025-04-04,2,8,15,0
natural_gas,2025-03-24,2025-04-09,12,8,15,0
insurance,2025-03-26,2025-04-11,12,8,15,0
retail,2025-04-04,2025-04-15,7,8,15,0
managed_care,2025-03-26,2025-04-17,16,8,15,0
managed_care_insurance,2025-04-03,2025-04-17,10,8,15,0
healthcare,2025-04-03,2025-04-17,10,8,15,0
additive_manufacturing,2025-04-08,2025-04-22,9,8,15,0
defense,2025-04-09,2025-04-23,9,8,15,0
consumer_staples,2025-04-01,2025-04-24,16,8,15,0
datacenter_reits_towers,2025-03-28,2025-04-25,19,8,15,0
gold_silver_miners,2025-04-09,2025-04-25,11,8,15,0
silver,2025-04-14,2025-04-25,8,8,15,0
retail,2025-04-21,2025-04-25,4,8,15,0
copper_metals,2025-04-21,2025-04-25,4,8,15,0
agriculture_food_inputs,2025-04-22,2025-04-25,3,8,15,0
gold,2025-04-03,2025-04-28,16,8,15,0
gaming_sports_betting,2025-04-23,2025-04-28,3,8,15,0
memory_storage,2025-04-25,2025-04-29,2,8,15,0
autos,2025-04-28,2025-04-29,1,8,15,0
nuclear_uranium,2025-04-28,2025-04-29,1,8,15,0
dev_tools,2025-04-25,2025-04-30,3,8,15,0
banks_brokers_exchanges,2025-04-23,2025-05-01,6,8,15,0
fintech_payments,2025-04-29,2025-05-01,2,8,15,0
fintech,2025-04-25,2025-05-02,5,8,15,0
streaming_entertainment,2025-04-28,2025-05-02,4,8,15,0
datacenter_reits_towers,2025-04-30,2025-05-02,2,8,15,0
dev_tools,2025-05-01,2025-05-02,1,8,15,0
workflow_software,2025-04-25,2025-05-05,6,8,15,0
obesity_glp1_health,2025-05-02,2025-05-05,1,8,15,0
networking,2025-05-02,2025-05-05,1,8,15,0
electronics_components,2025-05-01,2025-05-06,3,8,15,0
aerospace,2025-05-05,2025-05-06,1,8,15,0
defense_aerospace,2025-04-15,2025-05-07,15,8,15,0
data_centers,2025-04-25,2025-05-08,9,8,15,0
creative_software,2025-04-25,2025-05-09,10,8,15,0
consumer_internet,2025-05-02,2025-05-09,5,8,15,0
ai_apps_agents,2025-05-02,2025-05-09,5,8,15,0
cybersecurity,2025-05-07,2025-05-09,2,8,15,0
uranium,2025-05-06,2025-05-12,4,8,15,0
nuclear,2025-05-09,2025-05-12,1,8,15,0
solar,2025-05-09,2025-05-12,1,8,15,0
additive_manufacturing,2025-05-09,2025-05-13,2,8,15,0
consumer_internet,2025-05-12,2025-05-13,1,8,15,0
travel,2025-05-07,2025-05-15,6,8,15,0
airlines_travel,2025-05-09,2025-05-15,4,8,15,0
cloud_neocloud,2025-05-13,2025-05-15,2,8,15,0
nuclear,2025-05-14,2025-05-15,1,8,15,0
nuclear_uranium,2025-05-01,2025-05-16,11,8,15,0
ai_apps_agents,2025-05-13,2025-05-16,3,8,15,0
creative_software,2025-05-15,2025-05-19,2,8,15,0
robotics,2025-05-09,2025-05-20,7,8,15,0
datacenter_infra,2025-04-30,2025-05-22,16,8,15,0
solar,2025-05-14,2025-05-22,6,8,15,0
fintech,2025-05-05,2025-05-27,15,8,15,0
electronics_components,2025-05-12,2025-05-28,11,8,15,0
data_centers,2025-05-15,2025-05-30,10,8,15,0
memory_storage,2025-05-15,2025-05-30,10,8,15,0
crypto_infrastructure,2025-05-21,2025-05-30,6,8,15,0
drones_autonomy,2025-05-28,2025-05-30,2,8,15,0
electronics_components,2025-05-29,2025-05-30,1,8,15,0
cloud_neocloud,2025-05-16,2025-06-02,10,8,15,0
uranium,2025-05-28,2025-06-02,3,8,15,0
quantum_computing,2025-05-16,2025-06-03,11,8,15,0
aerospace,2025-05-19,2025-06-03,10,8,15,0
mega_cap_platforms,2025-06-02,2025-06-03,1,8,15,0
defense,2025-05-30,2025-06-04,3,8,15,0
gold_silver_miners,2025-06-02,2025-06-04,2,8,15,0
silver,2025-06-02,2025-06-04,2,8,15,0
uranium,2025-06-03,2025-06-04,1,8,15,0
electronics_components,2025-06-03,2025-06-05,2,8,15,0
business_apps,2025-05-29,2025-06-06,6,8,15,0
storage,2025-06-04,2025-06-06,2,8,15,0
ai_apps_agents,2025-06-04,2025-06-06,2,8,15,0
copper,2025-06-05,2025-06-06,1,8,15,0
nuclear_uranium,2025-05-22,2025-06-09,11,8,15,0
creative_software,2025-05-22,2025-06-09,11,8,15,0
nuclear,2025-05-23,2025-06-09,10,8,15,0
gold_silver_miners,2025-06-05,2025-06-09,2,8,15,0
cloud,2025-04-28,2025-06-10,30,8,15,0
aerospace,2025-06-09,2025-06-11,2,8,15,0
ai_infrastructure,2025-06-09,2025-06-12,3,8,15,0
memory_storage,2025-06-04,2025-06-13,7,8,15,0
semis_compute,2025-06-04,2025-06-13,7,8,15,0
gaming_sports_betting,2025-06-11,2025-06-13,2,8,15,0
creative_software,2025-06-12,2025-06-13,1,8,15,0
defense_aerospace,2025-06-11,2025-06-16,3,8,15,0
gold_silver_miners,2025-06-12,2025-06-16,2,8,15,0
oil_services,2025-06-13,2025-06-16,1,8,15,0
cloud_neocloud,2025-06-03,2025-06-17,10,8,15,0
silver,2025-06-05,2025-06-18,9,8,15,0
rare_earth_critical_minerals,2025-06-16,2025-06-20,3,8,15,0
energy,2025-06-20,2025-06-23,1,8,15,0
space_satellites,2025-06-05,2025-06-24,12,8,15,0
oil_integrated,2025-06-12,2025-06-24,7,8,15,0
oil_exploration,2025-06-13,2025-06-24,6,8,15,0
defense,2025-06-23,2025-06-24,1,8,15,0
nuclear,2025-06-16,2025-06-26,7,8,15,0
uranium,2025-06-16,2025-06-30,9,8,15,0
rare_earth_critical_minerals,2025-06-26,2025-06-30,2,8,15,0
defense,2025-06-27,2025-06-30,1,8,15,0
semis,2025-06-09,2025-07-03,17,8,15,0
networking,2025-06-30,2025-07-03,3,8,15,0
memory,2025-06-06,2025-07-07,19,8,15,0
semis_compute,2025-06-16,2025-07-07,13,8,15,0
ai_infrastructure,2025-06-24,2025-07-07,8,8,15,0
mega_banks,2025-06-24,2025-07-08,9,8,15,0
fintech_payments,2025-07-03,2025-07-08,2,8,15,0
solar,2025-07-07,2025-07-08,1,8,15,0
semicap_equipment,2025-07-08,2025-07-09,1,8,15,0
memory,2025-07-08,2025-07-09,1,8,15,0
memory_storage,2025-06-16,2025-07-10,16,8,15,0
dev_tools,2025-07-09,2025-07-10,1,8,15,0
solar,2025-07-09,2025-07-10,1,8,15,0
electronics_components,2025-06-23,2025-07-14,14,8,15,0
homebuilders_housing,2025-07-11,2025-07-14,1,8,15,0
construction_infrastructure,2025-07-11,2025-07-14,1,8,15,0
regional_banks,2025-07-01,2025-07-15,9,8,15,0
renewables_storage,2025-07-09,2025-07-16,5,8,15,0
airlines_travel,2025-07-14,2025-07-16,2,8,15,0
semicap_equipment,2025-07-15,2025-07-16,1,8,15,0
ai_infrastructure,2025-07-16,2025-07-18,2,8,15,0
asset_managers,2025-07-01,2025-07-21,13,8,15,0
space_satellites,2025-07-15,2025-07-22,5,8,15,0
aerospace,2025-07-15,2025-07-22,5,8,15,0
ai_infrastructure,2025-07-21,2025-07-22,1,8,15,0
gaming_sports_betting,2025-07-16,2025-07-23,5,8,15,0
fintech,2025-06-30,2025-07-24,17,8,15,0
drones_autonomy,2025-07-11,2025-07-24,9,8,15,0
crypto_infrastructure,2025-07-08,2025-07-25,13,8,15,0
renewables_storage,2025-07-21,2025-07-28,5,8,15,0
aerospace,2025-07-23,2025-07-28,3,8,15,0
lithium_battery_materials,2025-07-10,2025-07-29,13,8,15,0
rare_earth_critical_minerals,2025-07-15,2025-07-29,10,8,15,0
fintech,2025-07-25,2025-07-29,2,8,15,0
asset_managers_alts,2025-07-10,2025-07-31,15,8,15,0
uranium,2025-07-22,2025-07-31,7,8,15,0
nuclear,2025-07-24,2025-07-31,5,8,15,0
asset_managers,2025-07-25,2025-07-31,4,8,15,0
nuclear_uranium,2025-07-23,2025-08-01,7,8,15,0
dev_tools,2025-07-28,2025-08-01,4,8,15,0
creative_software,2025-07-29,2025-08-05,5,8,15,0
ai_infrastructure,2025-07-28,2025-08-06,7,8,15,0
datacenter_infra,2025-07-31,2025-08-06,4,8,15,0
homebuilders_housing,2025-08-04,2025-08-06,2,8,15,0
nuclear,2025-08-05,2025-08-07,2,8,15,0
uranium,2025-08-06,2025-08-07,1,8,15,0
power_grid_electrification,2025-07-30,2025-08-08,7,8,15,0
nuclear_uranium,2025-08-05,2025-08-08,3,8,15,0
defense,2025-08-05,2025-08-08,3,8,15,0
creative_software,2025-08-07,2025-08-08,1,8,15,0
ai_apps_agents,2025-08-08,2025-08-11,1,8,15,0
electronics_components,2025-07-29,2025-08-13,11,8,15,0
utilities_yield,2025-07-30,2025-08-13,10,8,15,0
cloud_neocloud,2025-08-12,2025-08-13,1,8,15,0
networking_optical,2025-07-31,2025-08-14,10,8,15,0
gold,2025-08-07,2025-08-14,5,8,15,0
retail,2025-08-08,2025-08-14,4,8,15,0
rare_earth_critical_minerals,2025-08-11,2025-08-14,3,8,15,0
networking,2025-07-30,2025-08-15,12,8,15,0
storage,2025-08-08,2025-08-15,5,8,15,0
memory,2025-08-11,2025-08-15,4,8,15,0
retail_consumer,2025-08-13,2025-08-15,2,8,15,0
semis,2025-08-14,2025-08-15,1,8,15,0
asset_managers,2025-08-14,2025-08-15,1,8,15,0
homebuilders_housing,2025-08-12,2025-08-18,4,8,15,0
biotech_innovation,2025-08-15,2025-08-18,1,8,15,0
gold_silver_miners,2025-08-13,2025-08-19,4,8,15,0
silver,2025-08-15,2025-08-19,2,8,15,0
construction_infrastructure,2025-08-01,2025-08-20,13,8,15,0
networking,2025-08-18,2025-08-20,2,8,15,0
storage,2025-08-19,2025-08-20,1,8,15,0
cloud_neocloud,2025-08-14,2025-08-21,5,8,15,0
diagnostics_tools,2025-08-19,2025-08-21,2,8,15,0
pharma,2025-08-14,2025-08-22,6,8,15,0
medtech,2025-08-20,2025-08-22,2,8,15,0
retail_consumer,2025-08-20,2025-08-22,2,8,15,0
defense,2025-08-21,2025-08-22,1,8,15,0
insurance,2025-08-21,2025-08-22,1,8,15,0
pharma_largecap,2025-08-21,2025-08-22,1,8,15,0
streaming_entertainment,2025-08-19,2025-08-26,5,8,15,0
oil_integrated,2025-08-21,2025-08-26,3,8,15,0
agriculture_food_inputs,2025-08-25,2025-08-26,1,8,15,0
solar,2025-08-20,2025-08-27,5,8,15,0
consumer_internet_marketplaces,2025-08-22,2025-08-27,3,8,15,0
china_internet,2025-08-22,2025-08-27,3,8,15,0
healthcare,2025-08-15,2025-08-28,9,8,15,0
gaming_sports_betting,2025-08-21,2025-08-28,5,8,15,0
rare_earth_critical_minerals,2025-08-26,2025-08-28,2,8,15,0
mega_banks,2025-08-27,2025-08-28,1,8,15,0
managed_care_insurance,2025-08-15,2025-08-29,10,8,15,0
solar,2025-08-28,2025-08-29,1,8,15,0
managed_care,2025-08-15,2025-09-02,11,8,15,0
uranium,2025-08-28,2025-09-02,2,8,15,0
oil_integrated,2025-08-27,2025-09-03,4,8,15,0
cloud_neocloud,2025-08-25,2025-09-04,7,8,15,0
uranium,2025-09-03,2025-09-04,1,8,15,0
mega_banks,2025-08-29,2025-09-05,4,8,15,0
oil_exploration,2025-09-02,2025-09-05,3,8,15,0
cloud,2025-09-08,2025-09-11,3,8,15,0
electronics_components,2025-09-05,2025-09-17,8,8,15,0
gold,2025-09-02,2025-09-18,12,8,15,0
china_internet,2025-09-17,2025-09-18,1,8,15,0
networking_optical,2025-08-26,2025-09-24,20,8,15,0
storage,2025-08-28,2025-09-25,19,8,15,0
cloud_neocloud,2025-09-09,2025-09-26,13,8,15,0
rare_earth_critical_minerals,2025-09-25,2025-09-30,3,8,15,0
lithium_battery_materials,2025-09-26,2025-09-30,2,8,15,0
nuclear,2025-09-19,2025-10-01,8,8,15,0
semicap_equipment,2025-09-18,2025-10-03,11,8,15,0
gold,2025-09-26,2025-10-06,6,8,15,0
memory_storage,2025-08-28,2025-10-07,27,8,15,0
uranium,2025-09-23,2025-10-08,11,8,15,0
silver,2025-08-29,2025-10-09,28,8,15,0
gold_silver_miners,2025-08-22,2025-10-10,34,8,15,0
memory,2025-09-04,2025-10-14,28,8,15,0
quantum_computing,2025-09-18,2025-10-16,20,8,15,0
space_satellites,2025-10-06,2025-10-16,8,8,15,0
renewables_storage,2025-09-22,2025-10-17,19,8,15,0
crypto_infrastructure,2025-10-03,2025-10-17,10,8,15,0
nuclear_uranium,2025-10-10,2025-10-20,6,8,15,0
nuclear,2025-10-10,2025-10-20,6,8,15,0
copper_metals,2025-10-02,2025-10-21,13,8,15,0
rare_earth_critical_minerals,2025-10-06,2025-10-21,11,8,15,0
uranium,2025-10-10,2025-10-21,7,8,15,0
silver,2025-10-16,2025-10-21,3,8,15,0
gold_silver_miners,2025-10-16,2025-10-21,3,8,15,0
cloud_neocloud,2025-10-09,2025-10-22,9,8,15,0
semis,2025-10-21,2025-10-22,1,8,15,0
biotech,2025-10-20,2025-10-23,3,8,15,0
data_centers,2025-10-21,2025-10-23,2,8,15,0
additive_manufacturing,2025-10-07,2025-10-24,13,8,15,0
biotech_innovation,2025-10-17,2025-10-24,5,8,15,0
medtech,2025-10-22,2025-10-24,2,8,15,0
storage,2025-10-24,2025-10-27,1,8,15,0
robotics,2025-10-23,2025-10-28,3,8,15,0
industrial_automation,2025-10-23,2025-10-28,3,8,15,0
medtech_devices,2025-10-22,2025-10-30,6,8,15,0
diagnostics_tools,2025-10-22,2025-10-30,6,8,15,0
ai_infrastructure,2025-10-28,2025-10-30,2,8,15,0
semis,2025-10-27,2025-11-04,6,8,15,0
semis_compute,2025-10-28,2025-11-04,5,8,15,0
data_centers,2025-10-30,2025-11-06,5,8,15,0
cloud_neocloud,2025-10-24,2025-11-07,10,8,15,0
networking_optical,2025-10-17,2025-11-11,17,8,15,0
networking,2025-10-27,2025-11-11,11,8,15,0
storage,2025-10-30,2025-11-11,8,8,15,0
semicap_equipment,2025-11-05,2025-11-11,4,8,15,0
advanced_packaging,2025-10-17,2025-11-12,18,8,15,0
oil_services,2025-10-29,2025-11-12,10,8,15,0
memory_storage,2025-11-05,2025-11-12,5,8,15,0
electronics_components,2025-10-23,2025-11-13,15,8,15,0
cloud,2025-10-30,2025-11-14,11,8,15,0
travel,2025-11-12,2025-11-18,4,8,15,0
memory,2025-10-24,2025-11-19,18,8,15,0
silver,2025-11-19,2025-11-21,2,8,15,0
lithium_battery_materials,2025-11-20,2025-11-21,1,8,15,0
oil_integrated,2025-11-10,2025-11-24,10,8,15,0
natural_gas,2025-11-11,2025-11-24,9,8,15,0
consumer_staples,2025-11-21,2025-11-24,1,8,15,0
oil_gas,2025-11-14,2025-11-25,7,8,15,0
oil_exploration,2025-11-14,2025-11-25,7,8,15,0
insurance,2025-11-13,2025-11-26,9,8,15,0
pharma,2025-11-11,2025-11-28,12,8,15,0
medtech,2025-11-12,2025-11-28,11,8,15,0
pharma_largecap,2025-11-11,2025-12-01,13,8,15,0
biotech,2025-11-24,2025-12-01,4,8,15,0
medtech_devices,2025-11-12,2025-12-02,13,8,15,0
consumer_staples,2025-11-26,2025-12-02,3,8,15,0
gold,2025-11-28,2025-12-03,3,8,15,0
diagnostics_tools,2025-11-07,2025-12-04,18,8,15,0
gold_silver_miners,2025-11-28,2025-12-04,4,8,15,0
electronics_components,2025-11-28,2025-12-05,5,8,15,0
apparel_beauty_lifestyle,2025-12-01,2025-12-08,5,8,15,0
oil_services,2025-12-04,2025-12-08,2,8,15,0
mega_banks,2025-11-25,2025-12-09,9,8,15,0
banks_brokers_exchanges,2025-12-01,2025-12-10,7,8,15,0
copper_metals,2025-12-02,2025-12-10,6,8,15,0
semis,2025-12-08,2025-12-11,3,8,15,0
semis_compute,2025-12-08,2025-12-11,3,8,15,0
oil_services,2025-12-11,2025-12-15,2,8,15,0
advanced_packaging,2025-12-02,2025-12-16,10,8,15,0
semicap_equipment,2025-12-03,2025-12-16,9,8,15,0
electronics_components,2025-12-08,2025-12-16,6,8,15,0
asset_managers_alts,2025-12-05,2025-12-18,9,8,15,0
asset_managers,2025-12-03,2025-12-19,12,8,15,0
additive_manufacturing,2025-12-09,2025-12-24,11,8,15,0
transport_logistics,2025-12-05,2025-12-29,15,8,15,0
mega_banks,2025-12-12,2025-12-30,11,8,15,0
airlines_travel,2025-12-22,2025-12-30,5,8,15,0
regional_banks,2025-11-25,2025-12-31,24,8,15,0
gold_silver_miners,2025-12-17,2026-01-02,10,8,15,0
banks_brokers_exchanges,2025-12-26,2026-01-02,4,8,15,0
travel,2025-12-29,2026-01-02,3,8,15,0
solar,2026-01-02,2026-01-05,1,8,15,0
memory,2025-12-29,2026-01-07,6,8,15,0
additive_manufacturing,2025-12-30,2026-01-07,5,8,15,0
semicap_equipment,2026-01-05,2026-01-08,3,8,15,0
oil_services,2026-01-08,2026-01-09,1,8,15,0
apparel_beauty_lifestyle,2026-01-08,2026-01-09,1,8,15,0
gold_silver_miners,2026-01-09,2026-01-14,3,8,15,0
defense_aerospace,2026-01-09,2026-01-21,7,8,15,0
aerospace,2025-12-23,2026-01-23,20,8,15,0
space_satellites,2025-12-31,2026-01-26,16,8,15,0
rare_earth_critical_minerals,2026-01-07,2026-01-29,15,8,15,0
silver,2025-11-24,2026-01-30,45,8,15,0
uranium,2026-01-14,2026-02-02,12,8,15,0
advanced_packaging,2026-01-05,2026-02-03,20,8,15,0
semicap_equipment,2026-01-12,2026-02-03,15,8,15,0
gold_silver_miners,2026-01-21,2026-02-03,9,8,15,0
memory,2026-01-16,2026-02-04,12,8,15,0
memory_storage,2026-01-28,2026-02-04,5,8,15,0
uranium,2026-02-03,2026-02-04,1,8,15,0
copper_metals,2025-12-22,2026-02-05,30,8,15,0
storage,2026-02-02,2026-02-05,3,8,15,0
regional_banks,2026-02-05,2026-02-09,2,8,15,0
memory,2026-02-06,2026-02-10,2,8,15,0
storage,2026-02-06,2026-02-11,3,8,15,0
networking_optical,2026-02-09,2026-02-11,2,8,15,0
gold,2025-12-16,2026-02-12,39,8,15,0
oil_exploration,2026-02-04,2026-02-12,6,8,15,0
copper,2025-12-03,2026-02-17,50,8,15,0
gold,2026-02-13,2026-02-18,2,8,15,0
industrial_automation,2026-02-04,2026-02-19,10,8,15,0
solar,2026-02-18,2026-02-19,1,8,15,0
datacenter_infra,2026-02-06,2026-02-20,9,8,15,0
agriculture_food_inputs,2026-02-11,2026-02-25,9,8,15,0
oil_integrated,2026-02-02,2026-02-26,17,8,15,0
oil_gas,2026-02-03,2026-02-26,16,8,15,0
advanced_packaging,2026-02-06,2026-02-26,13,8,15,0
semicap_equipment,2026-02-11,2026-02-27,11,8,15,0
datacenter_reits_towers,2026-02-12,2026-02-27,10,8,15,0
power_grid_electrification,2026-02-24,2026-02-27,3,8,15,0
apparel_beauty_lifestyle,2026-02-26,2026-02-27,1,8,15,0
utilities_yield,2026-02-17,2026-03-02,9,8,15,0
electronics_components,2026-02-05,2026-03-03,17,8,15,0
oil_services,2026-01-27,2026-03-04,25,8,15,0
copper,2026-02-20,2026-03-04,8,8,15,0
gold,2026-02-19,2026-03-05,10,8,15,0
gold_silver_miners,2026-02-27,2026-03-05,4,8,15,0
defense_aerospace,2026-02-26,2026-03-09,7,8,15,0
datacenter_reits_towers,2026-03-04,2026-03-09,3,8,15,0
vertical_software,2026-03-04,2026-03-11,5,8,15,0
digital_ads_media,2026-03-05,2026-03-11,4,8,15,0
business_apps,2026-03-06,2026-03-11,3,8,15,0
networking,2026-03-10,2026-03-11,1,8,15,0
agriculture_food_inputs,2026-03-11,2026-03-16,3,8,15,0
additive_manufacturing,2026-03-12,2026-03-20,6,8,15,0
additive_manufacturing,2026-03-23,2026-03-25,2,8,15,0
networking_optical,2026-02-20,2026-03-30,26,8,15,0
natural_gas,2026-02-27,2026-04-02,24,8,15,0
energy,2026-03-10,2026-04-06,18,8,15,0
oil_services,2026-03-11,2026-04-06,17,8,15,0
electronics_components,2026-04-01,2026-04-07,3,8,15,0
lithium_battery_materials,2026-04-06,2026-04-07,1,8,15,0
oil_gas,2026-02-27,2026-04-08,27,8,15,0
oil_integrated,2026-03-02,2026-04-08,26,8,15,0
oil_exploration,2026-03-02,2026-04-08,26,8,15,0
agriculture_food_inputs,2026-03-30,2026-04-08,6,8,15,0
space_satellites,2026-04-02,2026-04-09,4,8,15,0
storage,2026-04-07,2026-04-09,2,8,15,0
managed_care_insurance,2026-04-07,2026-04-10,3,8,15,0
managed_care,2026-04-07,2026-04-13,4,8,15,0
lithium_battery_materials,2026-04-16,2026-04-17,1,8,15,0
memory,2026-04-09,2026-04-20,7,8,15,0
electronics_components,2026-04-10,2026-04-22,8,8,15,0
networking_optical,2026-04-02,2026-04-27,16,8,15,0
crypto_infrastructure,2026-04-17,2026-04-27,6,8,15,0
cloud_neocloud,2026-04-13,2026-04-28,11,8,15,0
additive_manufacturing,2026-04-24,2026-04-29,3,8,15,0
semicap_equipment,2026-04-06,2026-05-04,20,8,15,0
healthcare,2026-04-28,2026-05-04,4,8,15,0
managed_care,2026-04-28,2026-05-05,5,8,15,0
advanced_packaging,2026-04-06,2026-05-07,23,8,15,0
semicap_equipment,2026-05-06,2026-05-07,1,8,15,0
networking_optical,2026-04-30,2026-05-08,6,8,15,0
dev_tools,2026-05-07,2026-05-13,4,8,15,0
ai_infrastructure,2026-04-23,2026-05-15,16,8,15,0
networking_optical,2026-05-11,2026-05-15,4,8,15,0
semis,2026-04-01,2026-05-18,32,8,15,0
cloud_neocloud,2026-05-05,2026-05-18,9,8,15,0
data_centers,2026-05-14,2026-05-20,4,8,15,0
managed_care,2026-05-15,2026-05-21,4,8,15,0
healthcare,2026-05-19,2026-05-21,2,8,15,0
cloud,2026-05-19,2026-05-21,2,8,15,0
networking,2026-03-16,2026-05-21,47,8,15,0
semis_compute,2026-04-08,2026-05-21,31,8,15,0
storage,2026-04-21,2026-05-21,22,8,15,0
memory_storage,2026-04-24,2026-05-21,19,8,15,0
managed_care_insurance,2026-04-28,2026-05-21,17,8,15,0
memory,2026-05-04,2026-05-21,13,8,15,0
cybersecurity,2026-05-15,2026-05-21,4,8,15,0
additive_manufacturing,2026-05-18,2026-05-21,3,8,15,0
solar,2026-05-18,2026-05-21,3,8,15,0
quantum_computing,2026-05-21,2026-05-21,1,8,15,0
