,ret_1,ret_2,ret_4,ret_8,ret_16,body_pct,range_pct,upper_wick_pct,lower_wick_pct,close_pos_in_range,atr_14_pct,tr_pct,rv_10,rv_20,rv_ratio_10_20,ema_20_ratio,ema_50_ratio,ema_20_50_ratio,adx_14,close_z_20,close_z_50,ret_z_20,vwap_dist_pct,vwap_slope_pct,above_vwap_flag,vol_z_20,vol_ratio_20,bb_width_20_pct,keltner_width_pct,squeeze_flag,rsi_14,stoch_k_14_3,roc_10,minutes_from_open,sin_time,cos_time,dow_mon,dow_tue,dow_wed,dow_thu,dow_fri,is_opening_30m_flag,is_power_hour_flag,ret_1__30m,ret_2__30m,ret_4__30m,ret_8__30m,ret_16__30m,body_pct__30m,range_pct__30m,upper_wick_pct__30m,lower_wick_pct__30m,close_pos_in_range__30m,atr_14_pct__30m,tr_pct__30m,rv_10__30m,rv_20__30m,rv_ratio_10_20__30m,ema_20_ratio__30m,ema_50_ratio__30m,ema_20_50_ratio__30m,adx_14__30m,close_z_20__30m,close_z_50__30m,ret_z_20__30m,vwap_dist_pct__30m,vwap_slope_pct__30m,above_vwap_flag__30m,vol_z_20__30m,vol_ratio_20__30m,bb_width_20_pct__30m,keltner_width_pct__30m,squeeze_flag__30m,rsi_14__30m,stoch_k_14_3__30m,roc_10__30m,ret_1__1h,ret_2__1h,ret_4__1h,ret_8__1h,ret_16__1h,body_pct__1h,range_pct__1h,upper_wick_pct__1h,lower_wick_pct__1h,close_pos_in_range__1h,atr_14_pct__1h,tr_pct__1h,rv_10__1h,rv_20__1h,rv_ratio_10_20__1h,ema_20_ratio__1h,ema_50_ratio__1h,ema_20_50_ratio__1h,adx_14__1h,close_z_20__1h,close_z_50__1h,ret_z_20__1h,vwap_dist_pct__1h,vwap_slope_pct__1h,above_vwap_flag__1h,vol_z_20__1h,vol_ratio_20__1h,bb_width_20_pct__1h,keltner_width_pct__1h,squeeze_flag__1h,rsi_14__1h,stoch_k_14_3__1h,roc_10__1h,ret_1__4h,ret_2__4h,ret_4__4h,ret_8__4h,ret_16__4h,body_pct__4h,range_pct__4h,upper_wick_pct__4h,lower_wick_pct__4h,close_pos_in_range__4h,atr_14_pct__4h,tr_pct__4h,rv_10__4h,rv_20__4h,rv_ratio_10_20__4h,ema_20_ratio__4h,ema_50_ratio__4h,ema_20_50_ratio__4h,adx_14__4h,close_z_20__4h,close_z_50__4h,ret_z_20__4h,vwap_dist_pct__4h,vwap_slope_pct__4h,above_vwap_flag__4h,vol_z_20__4h,vol_ratio_20__4h,bb_width_20_pct__4h,keltner_width_pct__4h,squeeze_flag__4h,rsi_14__4h,stoch_k_14_3__4h,roc_10__4h,ret_1__1d,ret_2__1d,ret_4__1d,ret_8__1d,ret_16__1d,body_pct__1d,range_pct__1d,upper_wick_pct__1d,lower_wick_pct__1d,close_pos_in_range__1d,atr_14_pct__1d,tr_pct__1d,rv_10__1d,rv_20__1d,rv_ratio_10_20__1d,ema_20_ratio__1d,ema_50_ratio__1d,ema_20_50_ratio__1d,adx_14__1d,close_z_20__1d,close_z_50__1d,ret_z_20__1d,vwap_dist_pct__1d,vwap_slope_pct__1d,above_vwap_flag__1d,vol_z_20__1d,vol_ratio_20__1d,dollar_vol_z_20__1d,bb_width_20_pct__1d,keltner_width_pct__1d,squeeze_flag__1d,rsi_14__1d,stoch_k_14_3__1d,roc_10__1d
6350,0.0008270519,-0.00084086007,0.00018856567,0.00053678034,0.00030462377,0.0007831989,0.001327087,0.00034083656,0.00020305158,0.7431694,0.0013497071,0.001327087,0.00090291724,0.0009727172,0.92824227,0.9994785,0.99885964,0.99938077,38.51931,0.07207829,-1.0747477,0.9500524,0.00034017832,5.466628e-06,1.0,-0.63607883,0.529696,0.0034322087,0.0055392864,1.0,45.30723,62.645054,-0.0004928822,0.5769231,-0.46472317,-0.885456,0.0,0.0,0.0,1.0,0.0,0.0,0.0,0.0010294258,0.00023189078,0.00034785634,0.00060882804,-0.004979899,0.0009274556,0.0017244878,0.00076804915,2.8982988e-05,0.5546219,0.001705712,0.0017969452,0.0013138906,0.0012105042,1.0854077,0.9996023,1.0005481,1.0009462,26.379557,-0.58133626,0.0070439493,0.99918705,0.0012031152,0.0001500744,1.0,-0.23934066,0.8368162,0.00931293,0.006965976,0.0,48.59721,37.436234,-0.0024358686,0.00023189078,0.00034785634,0.0011454838,-0.004244234,-0.0012816755,0.00022461815,0.0021157581,0.00076804915,0.0011230907,0.6369863,0.0021834567,0.0021157581,0.0015315608,0.001522796,1.0057557,0.9999095,1.0020186,1.0021093,22.513323,-0.6096739,0.6489692,0.031676278,0.00117755,0.00024649623,1.0,-0.27080372,0.82667375,0.008646075,0.008645112,0.0,51.468567,37.671055,-0.0035162708,0.00091359304,0.00037693724,-0.0029381348,0.0031503404,0.0038630834,0.0016016813,0.0037469198,0.00026090737,0.0018843311,0.9303675,0.0036702112,0.0037469198,0.003602029,0.0031587943,1.1403178,1.0023127,1.0063503,1.0040282,18.446873,0.6812343,1.0022751,0.29335138,0.0010750351,-0.0034198635,1.0,0.5046164,1.3535433,0.017764673,0.014555627,0.0,55.92624,69.10685,0.009614681,-0.0038517278,0.0025276016,0.010867373,-0.0012179386,0.010750047,-0.004229112,0.006818808,0.00256068,2.9016206e-05,0.004255319,0.008308185,0.006818808,0.004598821,0.0053182747,0.8647205,1.0066397,1.0156347,1.0089357,11.412816,0.9254655,1.0833864,-0.8039649,-0.002253592,0.00021235214,0.0,0.95095956,1.2518505,0.98835605,0.028536195,0.031432033,1.0,57.0696,85.888405,0.0062335767
6351,-8.702589e-05,0.000740026,-0.0009206402,-0.0002683055,0.00230895,-0.00013054452,0.00044965334,7.252473e-05,0.0002465841,0.5483871,0.0012855267,0.00044965334,0.00079520995,0.0009634628,0.8253665,0.9994495,0.9988208,0.999371,38.641964,0.054257136,-1.069542,-0.019615782,0.00024403691,9.143634e-06,1.0,-0.60682535,0.52905095,0.0032049862,0.005183468,1.0,44.866646,50.213654,0.0006967225,0.61538464,-0.66312265,-0.7485108,0.0,0.0,0.0,1.0,0.0,0.0,0.0,-0.00084086007,0.00018856567,0.00053678034,0.00030462377,-0.0060370285,-0.00076869526,0.002016012,0.0002610663,0.0009862505,0.48920864,0.0017292087,0.002016012,0.0011859897,0.001198822,0.9892959,0.9988799,0.9997186,1.0008396,26.32736,-0.8515516,-0.38904956,-0.5646168,0.0003240492,3.887857e-05,1.0,-0.2487727,0.82966065,0.00946246,0.0070758564,0.0,45.616974,36.769436,-0.0012746972,0.00023189078,0.00034785634,0.0011454838,-0.004244234,-0.0012816755,0.00022461815,0.0021157581,0.00076804915,0.0011230907,0.6369863,0.0021834567,0.0021157581,0.0015315608,0.001522796,1.0057557,0.9999095,1.0020186,1.0021093,22.513323,-0.6096739,0.6489692,0.031676278,0.00117755,0.00024649623,1.0,-0.27080372,0.82667375,0.008646075,0.008645112,0.0,51.468567,37.671055,-0.0035162708,0.00091359304,0.00037693724,-0.0029381348,0.0031503404,0.0038630834,0.0016016813,0.0037469198,0.00026090737,0.0018843311,0.9303675,0.0036702112,0.0037469198,0.003602029,0.0031587943,1.1403178,1.0023127,1.0063503,1.0040282,18.446873,0.6812343,1.0022751,0.29335138,0.0010750351,-0.0034198635,1.0,0.5046164,1.3535433,0.017764673,0.014555627,0.0,55.92624,69.10685,0.009614681,-0.0038517278,0.0025276016,0.010867373,-0.0012179386,0.010750047,-0.004229112,0.006818808,0.00256068,2.9016206e-05,0.004255319,0.008308185,0.006818808,0.004598821,0.0053182747,0.8647205,1.0066397,1.0156347,1.0089357,11.412816,0.9254655,1.0833864,-0.8039649,-0.002253592,0.00021235214,0.0,0.95095956,1.2518505,0.98835605,0.028536195,0.031432033,1.0,57.0696,85.888405,0.0062335767
6352,-0.0007545418,-0.0008415677,-0.0016824277,-0.001450537,0.0009730382,-0.00074031064,0.0014951372,0.0005661199,0.00018870663,0.1262136,0.0013013999,0.0014951372,0.00083259353,0.00095468113,0.8721169,0.9988197,0.9981431,0.9993226,39.17655,-0.7855842,-1.3335449,-0.72957546,-0.0005045168,-6.085461e-06,0.0,-0.3923515,0.6904375,0.0032363907,0.00526292,1.0,41.13335,42.1058,-0.0003047409,0.65384614,-0.82298386,-0.56806475,0.0,0.0,0.0,1.0,0.0,0.0,0.0,-0.00084086007,0.00018856567,0.00053678034,0.00030462377,-0.0060370285,-0.00076869526,0.002016012,0.0002610663,0.0009862505,0.48920864,0.0017292087,0.002016012,0.0011859897,0.001198822,0.9892959,0.9988799,0.9997186,1.0008396,26.32736,-0.8515516,-0.38904956,-0.5646168,0.0003240492,3.887857e-05,1.0,-0.2487727,0.82966065,0.00946246,0.0070758564,0.0,45.616974,36.769436,-0.0012746972,0.00023189078,0.00034785634,0.0011454838,-0.004244234,-0.0012816755,0.00022461815,0.0021157581,0.00076804915,0.0011230907,0.6369863,0.0021834567,0.0021157581,0.0015315608,0.001522796,1.0057557,0.9999095,1.0020186,1.0021093,22.513323,-0.6096739,0.6489692,0.031676278,0.00117755,0.00024649623,1.0,-0.27080372,0.82667375,0.008646075,0.008645112,0.0,51.468567,37.671055,-0.0035162708,0.00091359304,0.00037693724,-0.0029381348,0.0031503404,0.0038630834,0.0016016813,0.0037469198,0.00026090737,0.0018843311,0.9303675,0.0036702112,0.0037469198,0.003602029,0.0031587943,1.1403178,1.0023127,1.0063503,1.0040282,18.446873,0.6812343,1.0022751,0.29335138,0.0010750351,-0.0034198635,1.0,0.5046164,1.3535433,0.017764673,0.014555627,0.0,55.92624,69.10685,0.009614681,-0.0038517278,0.0025276016,0.010867373,-0.0012179386,0.010750047,-0.004229112,0.006818808,0.00256068,2.9016206e-05,0.004255319,0.008308185,0.006818808,0.004598821,0.0053182747,0.8647205,1.0066397,1.0156347,1.0089357,11.412816,0.9254655,1.0833864,-0.8039649,-0.002253592,0.00021235214,0.0,0.95095956,1.2518505,0.98835605,0.028536195,0.031432033,1.0,57.0696,85.888405,0.0062335767
6353,-0.00034118173,-0.0010957235,-0.00035569753,-0.001124733,-0.0014655313,-0.00028315655,0.0010164594,0.00066795904,6.534382e-05,0.06428572,0.0012814594,0.0010164594,0.0007932307,0.00095677667,0.82906574,0.99862367,0.99788857,0.99926394,39.796486,-1.082381,-1.4109527,-0.28266016,-0.0008199598,-2.5947193e-05,0.0,-0.18021898,0.9227562,0.0033239094,0.0051505375,1.0,39.532425,25.813953,-0.0013630992,0.6923077,-0.9350162,-0.3546049,0.0,0.0,0.0,1.0,0.0,0.0,0.0,-0.0008415677,-0.0016824277,-0.001450537,0.0009730382,-0.0059266617,-0.0008854696,0.0014951372,0.00042096095,0.00018870663,0.1262136,0.0017138412,0.0014951372,0.0011702784,0.0011703256,0.99995977,0.998226,0.9989216,1.0006968,26.303648,-1.0821662,-0.75802016,-0.496719,-0.00050589326,-1.1700573e-05,0.0,-0.40141034,0.7193138,0.009545397,0.0069769314,0.0,42.790947,35.619896,-0.0010730237,-0.0016824277,-0.001450537,0.0009730382,-0.0056596687,-0.00407067,-0.0016112643,0.0020612571,0.0002612861,0.00018870663,0.09154929,0.0021781423,0.0020612571,0.0014383509,0.001339563,1.0737463,0.99839705,1.000321,1.0019271,21.112791,-1.2819674,0.30218774,-1.1939664,-0.0005143027,9.986623e-06,0.0,-0.21358114,0.8665662,0.008986965,0.008620179,0.0,46.201954,32.920216,-0.006640183,0.00091359304,0.00037693724,-0.0029381348,0.0031503404,0.0038630834,0.0016016813,0.0037469198,0.00026090737,0.0018843311,0.9303675,0.0036702112,0.0037469198,0.003602029,0.0031587943,1.1403178,1.0023127,1.0063503,1.0040282,18.446873,0.6812343,1.0022751,0.29335138,0.0010750351,-0.0034198635,1.0,0.5046164,1.3535433,0.017764673,0.014555627,0.0,55.92624,69.10685,0.009614681,-0.0038517278,0.0025276016,0.010867373,-0.0012179386,0.010750047,-0.004229112,0.006818808,0.00256068,2.9016206e-05,0.004255319,0.008308185,0.006818808,0.004598821,0.0053182747,0.8647205,1.0066397,1.0156347,1.0089357,11.412816,0.9254655,1.0833864,-0.8039649,-0.002253592,0.00021235214,0.0,0.95095956,1.2518505,0.98835605,0.028536195,0.031432033,1.0,57.0696,85.888405,0.0062335767
6354,0.0002976331,-4.3548633e-05,-0.00088511634,-0.00069655065,-0.0011533985,0.00029033053,0.0014661693,0.00060969417,0.00056614453,0.5841584,0.0012942988,0.0014661693,0.00078396645,0.00095357577,0.82213336,0.99902356,0.9982566,0.9992323,40.642788,-0.6899329,-1.2347075,0.34256086,-0.00049433287,-2.7779612e-05,0.0,-0.201833,0.9197452,0.00336737,0.005217164,1.0,41.665344,19.133863,-0.00149297,0.7307692,-0.99270886,-0.12053668,0.0,0.0,0.0,1.0,0.0,0.0,0.0,-0.0008415677,-0.0016824277,-0.001450537,0.0009730382,-0.0059266617,-0.0008854696,0.0014951372,0.00042096095,0.00018870663,0.1262136,0.0017138412,0.0014951372,0.0011702784,0.0011703256,0.99995977,0.998226,0.9989216,1.0006968,26.303648,-1.0821662,-0.75802016,-0.496719,-0.00050589326,-1.1700573e-05,0.0,-0.40141034,0.7193138,0.009545397,0.0069769314,0.0,42.790947,35.619896,-0.0010730237,-0.0016824277,-0.001450537,0.0009730382,-0.0056596687,-0.00407067,-0.0016112643,0.0020612571,0.0002612861,0.00018870663,0.09154929,0.0021781423,0.0020612571,0.0014383509,0.001339563,1.0737463,0.99839705,1.000321,1.0019271,21.112791,-1.2819674,0.30218774,-1.1939664,-0.0005143027,9.986623e-06,0.0,-0.21358114,0.8665662,0.008986965,0.008620179,0.0,46.201954,32.920216,-0.006640183,0.00091359304,0.00037693724,-0.0029381348,0.0031503404,0.0038630834,0.0016016813,0.0037469198,0.00026090737,0.0018843311,0.9303675,0.0036702112,0.0037469198,0.003602029,0.0031587943,1.1403178,1.0023127,1.0063503,1.0040282,18.446873,0.6812343,1.0022751,0.29335138,0.0010750351,-0.0034198635,1.0,0.5046164,1.3535433,0.017764673,0.014555627,0.0,55.92624,69.10685,0.009614681,-0.0038517278,0.0025276016,0.010867373,-0.0012179386,0.010750047,-0.004229112,0.006818808,0.00256068,2.9016206e-05,0.004255319,0.008308185,0.006818808,0.004598821,0.0053182747,0.8647205,1.0066397,1.0156347,1.0089357,11.412816,0.9254655,1.0833864,-0.8039649,-0.002253592,0.00021235214,0.0,0.95095956,1.2518505,0.98835605,0.028536195,0.031432033,1.0,57.0696,85.888405,0.0062335767
6355,-0.00021777162,7.986148e-05,-0.0010158621,-0.0019365022,-0.0014001692,-0.0002613544,0.0010018585,0.0005662679,0.00017423627,0.17391305,0.001273672,0.0010018585,0.00076361996,0.00082346326,0.9273272,0.9989196,0.998116,0.9991955,41.428642,-1.191731,-1.2681288,-0.3429734,-0.0006983325,-1.3893451e-05,0.0,-1.1492051,0.6287758,0.0028737981,0.0051029795,1.0,40.538555,18.351288,-0.0010443259,0.7692308,-0.99270886,0.12053668,0.0,0.0,0.0,1.0,0.0,0.0,0.0,-4.3548633e-05,-0.00088511634,-0.00069655065,-0.0011533985,-0.0047212252,1.4516527e-05,0.0015097188,0.00065324374,0.00084195856,0.5673077,0.0016993304,0.0015097188,0.0011605279,0.0011709585,0.9910923,0.9983553,0.99892205,1.0005677,26.682196,-0.9947265,-0.7820439,0.17088337,-0.0004933127,-5.612131e-05,0.0,-0.14741877,0.8963364,0.009598335,0.0068878676,0.0,42.643787,30.300634,-0.0005803241,-0.0016824277,-0.001450537,0.0009730382,-0.0056596687,-0.00407067,-0.0016112643,0.0020612571,0.0002612861,0.00018870663,0.09154929,0.0021781423,0.0020612571,0.0014383509,0.001339563,1.0737463,0.99839705,1.000321,1.0019271,21.112791,-1.2819674,0.30218774,-1.1939664,-0.0005143027,9.986623e-06,0.0,-0.21358114,0.8665662,0.008986965,0.008620179,0.0,46.201954,32.920216,-0.006640183,0.00091359304,0.00037693724,-0.0029381348,0.0031503404,0.0038630834,0.0016016813,0.0037469198,0.00026090737,0.0018843311,0.9303675,0.0036702112,0.0037469198,0.003602029,0.0031587943,1.1403178,1.0023127,1.0063503,1.0040282,18.446873,0.6812343,1.0022751,0.29335138,0.0010750351,-0.0034198635,1.0,0.5046164,1.3535433,0.017764673,0.014555627,0.0,55.92624,69.10685,0.009614681,-0.0038517278,0.0025276016,0.010867373,-0.0012179386,0.010750047,-0.004229112,0.006818808,0.00256068,2.9016206e-05,0.004255319,0.008308185,0.006818808,0.004598821,0.0053182747,0.8647205,1.0066397,1.0156347,1.0089357,11.412816,0.9254655,1.0833864,-0.8039649,-0.002253592,0.00021235214,0.0,0.95095956,1.2518505,0.98835605,0.028536195,0.031432033,1.0,57.0696,85.888405,0.0062335767
6356,0.00021777162,0.0,-4.3548633e-05,-0.0017259764,-0.00137812,0.00024678095,0.00078389246,0.00036291318,0.00017419833,0.537037,0.0012384302,0.00078389246,0.00077021477,0.0008154296,0.94455093,0.9992193,0.99839866,0.9991787,42.1754,-1.0770876,-1.1337624,0.2100698,-0.00046269325,-1.7730774e-05,0.0,-0.5213499,0.82906663,0.0025589536,0.004914602,1.0,42.221306,23.376623,-0.0006963081,0.8076923,-0.9350162,0.3546049,0.0,0.0,0.0,1.0,0.0,0.0,0.0,-4.3548633e-05,-0.00088511634,-0.00069655065,-0.0011533985,-0.0047212252,1.4516527e-05,0.0015097188,0.00065324374,0.00084195856,0.5673077,0.0016993304,0.0015097188,0.0011605279,0.0011709585,0.9910923,0.9983553,0.99892205,1.0005677,26.682196,-0.9947265,-0.7820439,0.17088337,-0.0004933127,-5.612131e-05,0.0,-0.14741877,0.8963364,0.009598335,0.0068878676,0.0,42.643787,30.300634,-0.0005803241,-0.0016824277,-0.001450537,0.0009730382,-0.0056596687,-0.00407067,-0.0016112643,0.0020612571,0.0002612861,0.00018870663,0.09154929,0.0021781423,0.0020612571,0.0014383509,0.001339563,1.0737463,0.99839705,1.000321,1.0019271,21.112791,-1.2819674,0.30218774,-1.1939664,-0.0005143027,9.986623e-06,0.0,-0.21358114,0.8665662,0.008986965,0.008620179,0.0,46.201954,32.920216,-0.006640183,0.00091359304,0.00037693724,-0.0029381348,0.0031503404,0.0038630834,0.0016016813,0.0037469198,0.00026090737,0.0018843311,0.9303675,0.0036702112,0.0037469198,0.003602029,0.0031587943,1.1403178,1.0023127,1.0063503,1.0040282,18.446873,0.6812343,1.0022751,0.29335138,0.0010750351,-0.0034198635,1.0,0.5046164,1.3535433,0.017764673,0.014555627,0.0,55.92624,69.10685,0.009614681,-0.0038517278,0.0025276016,0.010867373,-0.0012179386,0.010750047,-0.004229112,0.006818808,0.00256068,2.9016206e-05,0.004255319,0.008308185,0.006818808,0.004598821,0.0053182747,0.8647205,1.0066397,1.0156347,1.0089357,11.412816,0.9254655,1.0833864,-0.8039649,-0.002253592,0.00021235214,0.0,0.95095956,1.2518505,0.98835605,0.028536195,0.031432033,1.0,57.0696,85.888405,0.0062335767
6357,0.0005732385,0.0007910101,0.0008708716,0.00051517406,0.00047162795,0.0006456153,0.0008269679,6.5286935e-05,0.00011606566,0.92105263,0.001208381,0.0008269679,0.0007102528,0.00067233556,1.0563962,0.99981207,0.99901146,0.9991993,42.34761,-0.16023335,-0.87047935,0.89683115,0.00011644635,-5.800875e-06,1.0,0.6058338,1.1905601,0.0025239962,0.004759032,1.0,46.513866,29.076479,-0.0011448363,0.84615386,-0.82298386,0.56806475,0.0,0.0,0.0,1.0,0.0,0.0,1.0,0.0,-4.3548633e-05,-0.0017259764,-0.00137812,-0.0057032173,-4.3549582e-05,0.0010306734,0.00056614453,0.00042097928,0.4084507,0.0016515692,0.0010306734,0.0010428957,0.0010669887,0.9774196,0.99851173,0.99896425,1.0004532,27.033705,-0.9181667,-0.79337144,0.31424305,-0.00046636275,-2.6936665e-05,0.0,-0.4762022,0.66198766,0.008970168,0.0066245175,0.0,42.643787,29.16998,0.0009299217,-4.3548633e-05,-0.0017259764,-0.00137812,-0.004164817,-0.0043455027,1.4516527e-05,0.0015097188,0.00065324374,0.00084195856,0.5673077,0.0021304858,0.0015097188,0.0014512328,0.001304856,1.1121786,0.9985102,1.0002667,1.001759,20.145586,-1.2817057,0.28559774,-0.020582663,-0.00046534822,-9.2474846e-05,0.0,-0.20003359,0.87304175,0.009070882,0.00837468,0.0,46.070656,27.601343,-0.005952424,0.00091359304,0.00037693724,-0.0029381348,0.0031503404,0.0038630834,0.0016016813,0.0037469198,0.00026090737,0.0018843311,0.9303675,0.0036702112,0.0037469198,0.003602029,0.0031587943,1.1403178,1.0023127,1.0063503,1.0040282,18.446873,0.6812343,1.0022751,0.29335138,0.0010750351,-0.0034198635,1.0,0.5046164,1.3535433,0.017764673,0.014555627,0.0,55.92624,69.10685,0.009614681,-0.0038517278,0.0025276016,0.010867373,-0.0012179386,0.010750047,-0.004229112,0.006818808,0.00256068,2.9016206e-05,0.004255319,0.008308185,0.006818808,0.004598821,0.0053182747,0.8647205,1.0066397,1.0156347,1.0089357,11.412816,0.9254655,1.0833864,-0.8039649,-0.002253592,0.00021235214,0.0,0.95095956,1.2518505,0.98835605,0.028536195,0.031432033,1.0,57.0696,85.888405,0.0062335767
6358,0.00044240247,0.0010156409,0.0010156409,0.00013052464,0.00066730496,0.00043505372,0.0010876344,0.00010151254,0.00055106805,0.9066667,0.00119926,0.0010876344,0.0007315551,0.0006805922,1.0748802,1.0002302,0.99947494,0.99924487,41.655987,0.5377647,-0.663461,0.6601462,0.00054512353,1.35835035e-05,1.0,1.0170134,1.3189026,0.002504863,0.004718223,1.0,49.625893,41.34199,-0.0007100832,0.88461536,-0.66312265,0.7485108,0.0,0.0,0.0,1.0,0.0,0.0,1.0,0.0,-4.3548633e-05,-0.0017259764,-0.00137812,-0.0057032173,-4.3549582e-05,0.0010306734,0.00056614453,0.00042097928,0.4084507,0.0016515692,0.0010306734,0.0010428957,0.0010669887,0.9774196,0.99851173,0.99896425,1.0004532,27.033705,-0.9181667,-0.79337144,0.31424305,-0.00046636275,-2.6936665e-05,0.0,-0.4762022,0.66198766,0.008970168,0.0066245175,0.0,42.643787,29.16998,0.0009299217,-4.3548633e-05,-0.0017259764,-0.00137812,-0.004164817,-0.0043455027,1.4516527e-05,0.0015097188,0.00065324374,0.00084195856,0.5673077,0.0021304858,0.0015097188,0.0014512328,0.001304856,1.1121786,0.9985102,1.0002667,1.001759,20.145586,-1.2817057,0.28559774,-0.020582663,-0.00046534822,-9.2474846e-05,0.0,-0.20003359,0.87304175,0.009070882,0.00837468,0.0,46.070656,27.601343,-0.005952424,0.00091359304,0.00037693724,-0.0029381348,0.0031503404,0.0038630834,0.0016016813,0.0037469198,0.00026090737,0.0018843311,0.9303675,0.0036702112,0.0037469198,0.003602029,0.0031587943,1.1403178,1.0023127,1.0063503,1.0040282,18.446873,0.6812343,1.0022751,0.29335138,0.0010750351,-0.0034198635,1.0,0.5046164,1.3535433,0.017764673,0.014555627,0.0,55.92624,69.10685,0.009614681,-0.0038517278,0.0025276016,0.010867373,-0.0012179386,0.010750047,-0.004229112,0.006818808,0.00256068,2.9016206e-05,0.004255319,0.008308185,0.006818808,0.004598821,0.0053182747,0.8647205,1.0066397,1.0156347,1.0089357,11.412816,0.9254655,1.0833864,-0.8039649,-0.002253592,0.00021235214,0.0,0.95095956,1.2518505,0.98835605,0.028536195,0.031432033,1.0,57.0696,85.888405,0.0062335767
6359,-0.00018854106,0.00025386142,0.0010448715,2.9009472e-05,-0.00023929603,-0.00020306336,0.001131353,0.00066720817,0.00026108147,0.23076923,0.0011946195,0.001131353,0.00047859628,0.00068172585,0.70203626,1.0000377,0.9993145,0.9992768,40.09296,0.2763199,-0.70792246,-0.25050563,0.00031496762,4.1714782e-05,1.0,2.6218035,1.9843055,0.0024660407,0.004700665,1.0,48.33499,49.5671,0.00076933124,0.9230769,-0.46472317,0.885456,0.0,0.0,0.0,1.0,0.0,0.0,1.0,0.0010156409,0.0010156409,0.00013052464,0.00066730496,-0.0030046033,0.0010876344,0.0013051612,0.00010151254,0.00011601433,0.9222222,0.001625269,0.0013051612,0.00085415866,0.0011030982,0.774327,0.9995715,0.9999802,1.0004089,26.804863,-0.3982061,-0.39713523,1.1884402,0.0005316423,1.7603397e-05,1.0,0.14496818,1.0986032,0.007823248,0.006484731,0.0,47.527084,42.836975,-0.00013774804,-4.3548633e-05,-0.0017259764,-0.00137812,-0.004164817,-0.0043455027,1.4516527e-05,0.0015097188,0.00065324374,0.00084195856,0.5673077,0.0021304858,0.0015097188,0.0014512328,0.001304856,1.1121786,0.9985102,1.0002667,1.001759,20.145586,-1.2817057,0.28559774,-0.020582663,-0.00046534822,-9.2474846e-05,0.0,-0.20003359,0.87304175,0.009070882,0.00837468,0.0,46.070656,27.601343,-0.005952424,0.00091359304,0.00037693724,-0.0029381348,0.0031503404,0.0038630834,0.0016016813,0.0037469198,0.00026090737,0.0018843311,0.9303675,0.0036702112,0.0037469198,0.003602029,0.0031587943,1.1403178,1.0023127,1.0063503,1.0040282,18.446873,0.6812343,1.0022751,0.29335138,0.0010750351,-0.0034198635,1.0,0.5046164,1.3535433,0.017764673,0.014555627,0.0,55.92624,69.10685,0.009614681,-0.0038517278,0.0025276016,0.010867373,-0.0012179386,0.010750047,-0.004229112,0.006818808,0.00256068,2.9016206e-05,0.004255319,0.008308185,0.006818808,0.004598821,0.0053182747,0.8647205,1.0066397,1.0156347,1.0089357,11.412816,0.9254655,1.0833864,-0.8039649,-0.002253592,0.00021235214,0.0,0.95095956,1.2518505,0.98835605,0.028536195,0.031432033,1.0,57.0696,85.888405,0.0062335767
6360,0.0,-0.00018854106,0.0008270999,0.00078355125,-0.0006669857,-1.4504525e-05,0.0007977489,0.00059468555,0.00018855883,0.23636363,0.0011662715,0.0007977489,0.00039948296,0.0006799023,0.58755934,1.0000341,0.99934137,0.9993073,38.64158,0.3312302,-0.6812628,0.040522005,0.0002573505,5.7635247e-05,1.0,3.8595834,3.525516,0.0023816042,0.004556887,1.0,48.33499,52.092354,-5.8014735e-05,0.96153843,-0.23931566,0.97094184,0.0,0.0,0.0,1.0,0.0,0.0,1.0,0.0010156409,0.0010156409,0.00013052464,0.00066730496,-0.0030046033,0.0010876344,0.0013051612,0.00010151254,0.00011601433,0.9222222,0.001625269,0.0013051612,0.00085415866,0.0011030982,0.774327,0.9995715,0.9999802,1.0004089,26.804863,-0.3982061,-0.39713523,1.1884402,0.0005316423,1.7603397e-05,1.0,0.14496818,1.0986032,0.007823248,0.006484731,0.0,47.527084,42.836975,-0.00013774804,-4.3548633e-05,-0.0017259764,-0.00137812,-0.004164817,-0.0043455027,1.4516527e-05,0.0015097188,0.00065324374,0.00084195856,0.5673077,0.0021304858,0.0015097188,0.0014512328,0.001304856,1.1121786,0.9985102,1.0002667,1.001759,20.145586,-1.2817057,0.28559774,-0.020582663,-0.00046534822,-9.2474846e-05,0.0,-0.20003359,0.87304175,0.009070882,0.00837468,0.0,46.070656,27.601343,-0.005952424,0.00091359304,0.00037693724,-0.0029381348,0.0031503404,0.0038630834,0.0016016813,0.0037469198,0.00026090737,0.0018843311,0.9303675,0.0036702112,0.0037469198,0.003602029,0.0031587943,1.1403178,1.0023127,1.0063503,1.0040282,18.446873,0.6812343,1.0022751,0.29335138,0.0010750351,-0.0034198635,1.0,0.5046164,1.3535433,0.017764673,0.014555627,0.0,55.92624,69.10685,0.009614681,-0.0038517278,0.0025276016,0.010867373,-0.0012179386,0.010750047,-0.004229112,0.006818808,0.00256068,2.9016206e-05,0.004255319,0.008308185,0.006818808,0.004598821,0.0053182747,0.8647205,1.0066397,1.0156347,1.0089357,11.412816,0.9254655,1.0833864,-0.8039649,-0.002253592,0.00021235214,0.0,0.95095956,1.2518505,0.98835605,0.028536195,0.031432033,1.0,57.0696,85.888405,0.0062335767
6361,0.00040604427,0.00040604427,0.00065990567,0.0015307773,0.00040604427,0.00028997276,0.0005364496,0.00024647682,0.0,0.5405405,0.0011291296,0.00065243867,0.00041832836,0.00061855663,0.67629755,1.0003983,0.9997571,0.9993591,37.22216,0.9013792,-0.49426517,0.56497264,0.00065415737,9.056549e-06,1.0,-0.86566305,0.4052025,0.0023861409,0.004369772,1.0,51.487263,54.256855,0.0004351484,1.0,-2.4492937e-16,1.0,0.0,0.0,0.0,1.0,0.0,0.0,1.0,-0.00018854106,0.0008270999,0.00078355125,-0.0006669857,-0.0033377167,-0.00020306336,0.001131353,0.00066720817,0.00026108147,0.23076923,0.0015902738,0.001131353,0.0008513301,0.0010923373,0.77936566,0.99944174,0.99979985,1.0003582,25.992933,-0.41492385,-0.48229754,0.062814355,0.00023849489,0.00010472477,1.0,2.0596082,2.4450638,0.0068586823,0.006299236,0.0,46.731342,53.9175,-0.00055086834,0.0008270999,0.00078355125,-0.0006669857,-0.00029004845,-0.0034316776,0.0008992806,0.0018855883,0.0008702715,0.0001160362,0.53846157,0.0021113574,0.0018855883,0.0015185588,0.0013141091,1.1555805,0.99939954,1.0010513,1.0016528,18.708786,-0.9266611,0.43960986,0.62884784,0.00027720962,8.461544e-05,1.0,1.6370353,2.0659027,0.009060616,0.008289146,0.0,49.034245,24.39969,-0.0048642484,-0.0006669857,0.00024660735,-0.005878776,0.002774209,0.0036472792,-0.00067446043,0.0033505454,0.00099356,0.0016825249,0.5021645,0.0036496518,0.0033505454,0.0025907026,0.002998144,0.8641021,1.0014875,1.0054553,1.0039619,17.835464,0.4949672,0.91437715,-0.2790438,0.00017052262,0.00023811881,1.0,1.2118683,1.8261504,0.017876968,0.014454561,0.0,54.638763,68.633026,0.0007838583,-0.0038517278,0.0025276016,0.010867373,-0.0012179386,0.010750047,-0.004229112,0.006818808,0.00256068,2.9016206e-05,0.004255319,0.008308185,0.006818808,0.004598821,0.0053182747,0.8647205,1.0066397,1.0156347,1.0089357,11.412816,0.9254655,1.0833864,-0.8039649,-0.002253592,0.00021235214,0.0,0.95095956,1.2518505,0.98835605,0.028536195,0.031432033,1.0,57.0696,85.888405,0.0062335767
6362,0.002440041,0.0028460852,0.0026575443,0.0036731851,0.0029766345,0.001164296,0.0025816995,0.0012293807,0.00018802294,0.52380955,0.0013078114,0.0036664472,0.00079309207,0.000816728,0.9710602,1.0025709,1.0021131,0.99954337,36.74966,3.139423,0.5017634,2.784034,4.0979357e-05,0.0030580987,1.0,0.14862826,1.1002145,0.003503814,0.00534071,1.0,65.23419,63.723488,0.0036362316,0.0,0.0,1.0,0.0,0.0,0.0,0.0,1.0,1.0,0.0,0.00040604427,0.00021750321,0.0012331442,0.0005365935,-0.00092748256,0.00028997276,0.0005364496,0.00024647682,0.0,0.5405405,0.0015226861,0.00065243867,0.0007873555,0.0010758097,0.7318724,0.9998622,1.0001978,1.0003357,25.238998,-0.09353586,-0.33717635,0.5395455,0.0006355723,8.7932485e-06,1.0,-1.10945,0.18431541,0.006209443,0.005945543,0.0,48.72272,67.25902,0.00088519976,0.00040604427,0.0012331442,-0.0004928322,0.0006526516,-0.0031990763,0.00028997276,0.0005364496,0.00024647682,0.0,0.5405405,0.002006353,0.00065243867,0.0014933395,0.0012139525,1.2301465,0.9998239,1.0014006,1.001577,17.374615,-0.7038222,0.5082369,0.40756917,0.00067373144,9.333872e-06,1.0,-1.2603791,0.11220016,0.009183795,0.0077452078,0.0,50.47402,28.634134,-0.0029273792,0.00040604427,-0.00026094142,0.00011599583,0.0004205489,0.004082439,0.00028997276,0.0005364496,0.00024647682,0.0,0.5405405,0.0034341894,0.00065243867,0.0025145737,0.0029877536,0.8416269,1.0017135,1.0056324,1.0039122,17.267727,0.5512541,0.9293422,0.0935095,0.0005685756,7.844166e-06,1.0,-1.2566813,0.047071345,0.018021563,0.013321175,0.0,55.313118,69.69913,0.0028935773,0.0006526516,-0.0031990763,0.009307813,-0.00052181474,0.013031829,0.001341124,0.004487328,0.0012613814,0.0018848229,0.71890146,0.008030233,0.004487328,0.004444214,0.005311444,0.8367242,1.0065973,1.0156486,1.008992,10.967583,0.92746764,1.115279,0.030019749,0.0006548551,-0.0022509373,1.0,1.0377539,1.2771821,1.0744045,0.029135572,0.03012941,1.0,57.525936,85.15288,0.002864413
6363,0.00015185315,0.0025918942,0.0029979385,0.00404281,0.0021063078,0.00014461107,0.0018220994,0.000404911,0.0012725774,0.7777778,0.0013443618,0.0018220994,0.0007590487,0.0008063408,0.94134974,1.0024632,1.0021763,0.9997138,36.31091,2.5356817,0.5812233,0.01726445,0.00025451326,-6.1710394e-05,1.0,-0.26400208,0.82125133,0.004359086,0.0055254702,1.0,65.88297,74.070625,0.004131181,0.03846154,0.23931566,0.97094184,0.0,0.0,0.0,0.0,1.0,1.0,0.0,0.00040604427,0.00021750321,0.0012331442,0.0005365935,-0.00092748256,0.00028997276,0.0005364496,0.00024647682,0.0,0.5405405,0.0015226861,0.00065243867,0.0007873555,0.0010758097,0.7318724,0.9998622,1.0001978,1.0003357,25.238998,-0.09353586,-0.33717635,0.5395455,0.0006355723,8.7932485e-06,1.0,-1.10945,0.18431541,0.006209443,0.005945543,0.0,48.72272,67.25902,0.00088519976,0.00040604427,0.0012331442,-0.0004928322,0.0006526516,-0.0031990763,0.00028997276,0.0005364496,0.00024647682,0.0,0.5405405,0.002006353,0.00065243867,0.0014933395,0.0012139525,1.2301465,0.9998239,1.0014006,1.001577,17.374615,-0.7038222,0.5082369,0.40756917,0.00067373144,9.333872e-06,1.0,-1.2603791,0.11220016,0.009183795,0.0077452078,0.0,50.47402,28.634134,-0.0029273792,0.00040604427,-0.00026094142,0.00011599583,0.0004205489,0.004082439,0.00028997276,0.0005364496,0.00024647682,0.0,0.5405405,0.0034341894,0.00065243867,0.0025145737,0.0029877536,0.8416269,1.0017135,1.0056324,1.0039122,17.267727,0.5512541,0.9293422,0.0935095,0.0005685756,7.844166e-06,1.0,-1.2566813,0.047071345,0.018021563,0.013321175,0.0,55.313118,69.69913,0.0028935773,0.0006526516,-0.0031990763,0.009307813,-0.00052181474,0.013031829,0.001341124,0.004487328,0.0012613814,0.0018848229,0.71890146,0.008030233,0.004487328,0.004444214,0.005311444,0.8367242,1.0065973,1.0156486,1.008992,10.967583,0.92746764,1.115279,0.030019749,0.0006548551,-0.0022509373,1.0,1.0377539,1.2771821,1.0744045,0.029135572,0.03012941,1.0,57.525936,85.15288,0.002864413
6364,-0.00031819497,-0.00016634182,0.0026797436,0.0035068435,0.001780867,-0.00041950555,0.003934673,0.00050629984,0.0030088674,0.7647059,0.0015297813,0.003934673,0.0007935786,0.0008094767,0.98036003,1.0019397,1.0017844,0.99984515,33.9253,1.9350953,0.47193015,-0.5174119,0.000279011,-0.00034264056,1.0,0.81126404,1.544078,0.004870075,0.006499749,1.0,63.220886,78.53249,0.0035129995,0.07692308,0.46472317,0.885456,0.0,0.0,0.0,0.0,1.0,1.0,0.0,0.0025918942,0.0029979385,0.0038250384,0.002099062,0.00270789,0.0013159608,0.0025813077,0.0010773524,0.00018799439,0.5826331,0.0016721122,0.0036658905,0.0010811252,0.0012177532,0.88780326,1.0022225,1.0026838,1.0004601,24.949594,1.8653198,0.70699227,2.20554,0.00014220088,0.0030902226,1.0,-0.17801946,0.8725873,0.005296221,0.0067619057,1.0,59.2187,72.594124,0.0023336716,0.0025918942,0.0029979385,0.0037814898,0.004754528,-0.0015028253,0.0013159608,0.0025813077,0.0010773524,0.00018799439,0.5826331,0.002120069,0.0036658905,0.0013994604,0.0013307423,1.051639,1.0021878,1.0038421,1.0016506,17.650402,0.405291,1.0001051,1.958571,0.00014220088,0.0031285253,1.0,-0.6276728,0.54771847,0.00913253,0.008385959,0.0,58.537933,42.266975,0.0027115596,0.00040604427,-0.00026094142,0.00011599583,0.0004205489,0.004082439,0.00028997276,0.0005364496,0.00024647682,0.0,0.5405405,0.0034341894,0.00065243867,0.0025145737,0.0029877536,0.8416269,1.0017135,1.0056324,1.0039122,17.267727,0.5512541,0.9293422,0.0935095,0.0005685756,7.844166e-06,1.0,-1.2566813,0.047071345,0.018021563,0.013321175,0.0,55.313118,69.69913,0.0028935773,0.0006526516,-0.0031990763,0.009307813,-0.00052181474,0.013031829,0.001341124,0.004487328,0.0012613814,0.0018848229,0.71890146,0.008030233,0.004487328,0.004444214,0.005311444,0.8367242,1.0065973,1.0156486,1.008992,10.967583,0.92746764,1.115279,0.030019749,0.0006548551,-0.0022509373,1.0,1.0377539,1.2771821,1.0744045,0.029135572,0.03012941,1.0,57.525936,85.15288,0.002864413
6365,0.0026292994,0.0023111044,0.0049029985,0.0055629043,0.0060780784,0.0025537072,0.0034915092,0.00033183765,0.0006059644,0.90495867,0.0016661746,0.0034915092,0.0010395654,0.0009654943,1.0767183,1.0041398,1.0042478,1.0001075,33.069973,2.8466775,1.5385706,2.4483285,0.0023974802,0.00050811964,1.0,0.24120201,1.1559808,0.006535536,0.0071953824,0.0,72.95619,84.145226,0.0063741435,0.115384616,0.66312265,0.7485108,0.0,0.0,0.0,0.0,1.0,0.0,0.0,0.0025918942,0.0029979385,0.0038250384,0.002099062,0.00270789,0.0013159608,0.0025813077,0.0010773524,0.00018799439,0.5826331,0.0016721122,0.0036658905,0.0010811252,0.0012177532,0.88780326,1.0022225,1.0026838,1.0004601,24.949594,1.8653198,0.70699227,2.20554,0.00014220088,0.0030902226,1.0,-0.17801946,0.8725873,0.005296221,0.0067619057,1.0,59.2187,72.594124,0.0023336716,0.0025918942,0.0029979385,0.0037814898,0.004754528,-0.0015028253,0.0013159608,0.0025813077,0.0010773524,0.00018799439,0.5826331,0.002120069,0.0036658905,0.0013994604,0.0013307423,1.051639,1.0021878,1.0038421,1.0016506,17.650402,0.405291,1.0001051,1.958571,0.00014220088,0.0031285253,1.0,-0.6276728,0.54771847,0.00913253,0.008385959,0.0,58.537933,42.266975,0.0027115596,0.00040604427,-0.00026094142,0.00011599583,0.0004205489,0.004082439,0.00028997276,0.0005364496,0.00024647682,0.0,0.5405405,0.0034341894,0.00065243867,0.0025145737,0.0029877536,0.8416269,1.0017135,1.0056324,1.0039122,17.267727,0.5512541,0.9293422,0.0935095,0.0005685756,7.844166e-06,1.0,-1.2566813,0.047071345,0.018021563,0.013321175,0.0,55.313118,69.69913,0.0028935773,0.0006526516,-0.0031990763,0.009307813,-0.00052181474,0.013031829,0.001341124,0.004487328,0.0012613814,0.0018848229,0.71890146,0.008030233,0.004487328,0.004444214,0.005311444,0.8367242,1.0065973,1.0156486,1.008992,10.967583,0.92746764,1.115279,0.030019749,0.0006548551,-0.0022509373,1.0,1.0377539,1.2771821,1.0744045,0.029135572,0.03012941,1.0,57.525936,85.15288,0.002864413
6366,-0.0020725247,0.0005567748,0.00039043295,0.003047977,0.0031785017,-0.0022192504,0.002616836,0.00034698378,5.06018e-05,0.019337017,0.0017372889,0.002616836,0.001348255,0.0010962174,1.2299156,1.0018642,1.0020834,1.0002187,32.3661,1.4294503,0.71768826,-2.0441911,4.27765e-05,0.00028509737,1.0,0.62420374,1.3855423,0.006925274,0.007520504,0.0,59.567883,78.94838,0.0040718857,0.15384616,0.82298386,0.56806475,0.0,0.0,0.0,0.0,1.0,0.0,0.0,0.0023111044,0.0049029985,0.005120502,0.0052510262,0.00555565,0.0022074417,0.0059586503,0.00033183765,0.0034193706,0.94430995,0.001974709,0.0059586503,0.0011929908,0.0012698293,0.9394892,1.0041071,1.0048065,1.0006965,23.347788,2.8973646,1.5965753,1.7366976,0.002043513,0.0004077946,1.0,0.34852776,1.243574,0.0063658715,0.008373754,1.0,65.93149,83.46454,0.0054544136,0.0025918942,0.0029979385,0.0037814898,0.004754528,-0.0015028253,0.0013159608,0.0025813077,0.0010773524,0.00018799439,0.5826331,0.002120069,0.0036658905,0.0013994604,0.0013307423,1.051639,1.0021878,1.0038421,1.0016506,17.650402,0.405291,1.0001051,1.958571,0.00014220088,0.0031285253,1.0,-0.6276728,0.54771847,0.00913253,0.008385959,0.0,58.537933,42.266975,0.0027115596,0.00040604427,-0.00026094142,0.00011599583,0.0004205489,0.004082439,0.00028997276,0.0005364496,0.00024647682,0.0,0.5405405,0.0034341894,0.00065243867,0.0025145737,0.0029877536,0.8416269,1.0017135,1.0056324,1.0039122,17.267727,0.5512541,0.9293422,0.0935095,0.0005685756,7.844166e-06,1.0,-1.2566813,0.047071345,0.018021563,0.013321175,0.0,55.313118,69.69913,0.0028935773,0.0006526516,-0.0031990763,0.009307813,-0.00052181474,0.013031829,0.001341124,0.004487328,0.0012613814,0.0018848229,0.71890146,0.008030233,0.004487328,0.004444214,0.005311444,0.8367242,1.0065973,1.0156486,1.008992,10.967583,0.92746764,1.115279,0.030019749,0.0006548551,-0.0022509373,1.0,1.0377539,1.2771821,1.0744045,0.029135572,0.03012941,1.0,57.525936,85.15288,0.002864413
6367,0.00038305455,-0.0016894701,0.00062163436,0.0036195728,0.0036485821,0.00047691996,0.0011272654,0.00023123392,0.0004191115,0.7948718,0.001693098,0.0011272654,0.0013469802,0.0010792009,1.2481275,1.0020335,1.0023704,1.0003362,31.287203,1.4718069,0.9227441,0.22855563,0.00040163085,2.4120722e-05,1.0,-0.389127,0.7595511,0.0073770755,0.007231094,0.0,60.991528,77.30496,0.0038809457,0.1923077,0.9350162,0.3546049,0.0,0.0,0.0,0.0,1.0,0.0,0.0,0.0023111044,0.0049029985,0.005120502,0.0052510262,0.00555565,0.0022074417,0.0059586503,0.00033183765,0.0034193706,0.94430995,0.001974709,0.0059586503,0.0011929908,0.0012698293,0.9394892,1.0041071,1.0048065,1.0006965,23.347788,2.8973646,1.5965753,1.7366976,0.002043513,0.0004077946,1.0,0.34852776,1.243574,0.0063658715,0.008373754,1.0,65.93149,83.46454,0.0054544136,0.0025918942,0.0029979385,0.0037814898,0.004754528,-0.0015028253,0.0013159608,0.0025813077,0.0010773524,0.00018799439,0.5826331,0.002120069,0.0036658905,0.0013994604,0.0013307423,1.051639,1.0021878,1.0038421,1.0016506,17.650402,0.405291,1.0001051,1.958571,0.00014220088,0.0031285253,1.0,-0.6276728,0.54771847,0.00913253,0.008385959,0.0,58.537933,42.266975,0.0027115596,0.00040604427,-0.00026094142,0.00011599583,0.0004205489,0.004082439,0.00028997276,0.0005364496,0.00024647682,0.0,0.5405405,0.0034341894,0.00065243867,0.0025145737,0.0029877536,0.8416269,1.0017135,1.0056324,1.0039122,17.267727,0.5512541,0.9293422,0.0935095,0.0005685756,7.844166e-06,1.0,-1.2566813,0.047071345,0.018021563,0.013321175,0.0,55.313118,69.69913,0.0028935773,0.0006526516,-0.0031990763,0.009307813,-0.00052181474,0.013031829,0.001341124,0.004487328,0.0012613814,0.0018848229,0.71890146,0.008030233,0.004487328,0.004444214,0.005311444,0.8367242,1.0065973,1.0156486,1.008992,10.967583,0.92746764,1.115279,0.030019749,0.0006548551,-0.0022509373,1.0,1.0377539,1.2771821,1.0744045,0.029135572,0.03012941,1.0,57.525936,85.15288,0.002864413
6368,0.0021871028,0.0025701572,0.003126932,0.0058066756,0.0065902267,0.0021558716,0.0024154414,0.00025956985,0.0,0.8925373,0.0017433193,0.0024442826,0.0014629083,0.0011715923,1.2486497,1.0038233,1.0043852,1.0005598,31.465958,2.1542425,1.8850625,1.6573281,0.002282535,0.0003037165,1.0,0.25845125,1.1560321,0.008539951,0.0074592805,0.0,67.94132,77.63317,0.0056339456,0.23076923,0.99270886,0.12053668,0.0,0.0,0.0,0.0,1.0,0.0,0.0,-0.0016894701,0.00062163436,0.0036195728,0.004403124,0.0053761625,-0.0018354192,0.0030783017,0.0003468509,0.00089603144,0.29107982,0.0020566378,0.0030783017,0.0013671679,0.0013316027,1.0267086,1.002182,1.0029881,1.0008043,21.959766,1.8257977,0.8626695,-1.2793328,9.425057e-05,0.00026191314,1.0,0.036225665,1.0244749,0.006478357,0.0087617505,1.0,58.365765,83.09883,0.0027244007,0.00062163436,0.0032135285,0.0044466727,0.0030685526,-0.0008017712,0.0005202763,0.006127699,0.0021822702,0.0034251525,0.6438679,0.002405105,0.006127699,0.0013728868,0.0013373821,1.0265479,1.0025426,1.0042905,1.0017433,16.966932,0.6676079,1.0860062,0.4610319,0.00063534087,0.0001283108,1.0,0.6217561,1.4432014,0.009140298,0.009916943,0.0,60.21382,57.104134,0.0038736635,0.00040604427,-0.00026094142,0.00011599583,0.0004205489,0.004082439,0.00028997276,0.0005364496,0.00024647682,0.0,0.5405405,0.0034341894,0.00065243867,0.0025145737,0.0029877536,0.8416269,1.0017135,1.0056324,1.0039122,17.267727,0.5512541,0.9293422,0.0935095,0.0005685756,7.844166e-06,1.0,-1.2566813,0.047071345,0.018021563,0.013321175,0.0,55.313118,69.69913,0.0028935773,0.0006526516,-0.0031990763,0.009307813,-0.00052181474,0.013031829,0.001341124,0.004487328,0.0012613814,0.0018848229,0.71890146,0.008030233,0.004487328,0.004444214,0.005311444,0.8367242,1.0065973,1.0156486,1.008992,10.967583,0.92746764,1.115279,0.030019749,0.0006548551,-0.0022509373,1.0,1.0377539,1.2771821,1.0744045,0.029135572,0.03012941,1.0,57.525936,85.15288,0.002864413
6369,-0.00090169057,0.0012854122,-0.0004040579,0.004498941,0.006029718,-0.00090931397,0.001039216,0.000129902,0.0,0.0,0.0016944865,0.001039216,0.0015198268,0.0011169898,1.3606453,1.0026399,1.003343,1.0007013,31.631945,1.5348994,1.5309689,-1.0612377,0.0012207463,0.00016197444,1.0,-0.37225753,0.7734664,0.008986753,0.0071508526,0.0,62.95803,83.76913,0.004917034,0.26923078,0.99270886,-0.12053668,0.0,0.0,0.0,0.0,1.0,0.0,0.0,-0.0016894701,0.00062163436,0.0036195728,0.004403124,0.0053761625,-0.0018354192,0.0030783017,0.0003468509,0.00089603144,0.29107982,0.0020566378,0.0030783017,0.0013671679,0.0013316027,1.0267086,1.002182,1.0029881,1.0008043,21.959766,1.8257977,0.8626695,-1.2793328,9.425057e-05,0.00026191314,1.0,0.036225665,1.0244749,0.006478357,0.0087617505,1.0,58.365765,83.09883,0.0027244007,0.00062163436,0.0032135285,0.0044466727,0.0030685526,-0.0008017712,0.0005202763,0.006127699,0.0021822702,0.0034251525,0.6438679,0.002405105,0.006127699,0.0013728868,0.0013373821,1.0265479,1.0025426,1.0042905,1.0017433,16.966932,0.6676079,1.0860062,0.4610319,0.00063534087,0.0001283108,1.0,0.6217561,1.4432014,0.009140298,0.009916943,0.0,60.21382,57.104134,0.0038736635,0.00040604427,-0.00026094142,0.00011599583,0.0004205489,0.004082439,0.00028997276,0.0005364496,0.00024647682,0.0,0.5405405,0.0034341894,0.00065243867,0.0025145737,0.0029877536,0.8416269,1.0017135,1.0056324,1.0039122,17.267727,0.5512541,0.9293422,0.0935095,0.0005685756,7.844166e-06,1.0,-1.2566813,0.047071345,0.018021563,0.013321175,0.0,55.313118,69.69913,0.0028935773,0.0006526516,-0.0031990763,0.009307813,-0.00052181474,0.013031829,0.001341124,0.004487328,0.0012613814,0.0018848229,0.71890146,0.008030233,0.004487328,0.004444214,0.005311444,0.8367242,1.0065973,1.0156486,1.008992,10.967583,0.92746764,1.115279,0.030019749,0.0006548551,-0.0022509373,1.0,1.0377539,1.2771821,1.0744045,0.029135572,0.03012941,1.0,57.525936,85.15288,0.002864413
6370,0.0004978337,-0.00040385683,0.0021663005,0.0025567333,0.0062299185,0.0005121362,0.0009665669,7.9345045e-05,0.00037508566,0.91791046,0.0016417091,0.0009665669,0.0015100972,0.0011109706,1.3592594,1.0028393,1.0036914,1.0008497,31.411884,1.5378999,1.7835915,0.2075605,0.0016206929,9.732284e-05,1.0,-0.6655676,0.5946108,0.009550825,0.006834815,0.0,64.50565,90.37233,0.00541744,0.30769232,0.9350162,-0.3546049,0.0,0.0,0.0,0.0,1.0,0.0,0.0,0.0012854122,-0.0004040579,0.004498941,0.005732085,0.0045786863,0.0012557193,0.0024176205,0.0011619012,0.0,0.519403,0.002082031,0.0024464875,0.0013399204,0.0012709686,1.0542514,1.0031394,1.0041096,1.0009673,20.843828,2.158899,1.3428662,0.8708628,0.0010632396,0.00031591178,1.0,-0.06436714,0.95595115,0.007469664,0.00884911,0.0,61.94325,83.738304,0.004858734,0.00062163436,0.0032135285,0.0044466727,0.0030685526,-0.0008017712,0.0005202763,0.006127699,0.0021822702,0.0034251525,0.6438679,0.002405105,0.006127699,0.0013728868,0.0013373821,1.0265479,1.0025426,1.0042905,1.0017433,16.966932,0.6676079,1.0860062,0.4610319,0.00063534087,0.0001283108,1.0,0.6217561,1.4432014,0.009140298,0.009916943,0.0,60.21382,57.104134,0.0038736635,0.00040604427,-0.00026094142,0.00011599583,0.0004205489,0.004082439,0.00028997276,0.0005364496,0.00024647682,0.0,0.5405405,0.0034341894,0.00065243867,0.0025145737,0.0029877536,0.8416269,1.0017135,1.0056324,1.0039122,17.267727,0.5512541,0.9293422,0.0935095,0.0005685756,7.844166e-06,1.0,-1.2566813,0.047071345,0.018021563,0.013321175,0.0,55.313118,69.69913,0.0028935773,0.0006526516,-0.0031990763,0.009307813,-0.00052181474,0.013031829,0.001341124,0.004487328,0.0012613814,0.0018848229,0.71890146,0.008030233,0.004487328,0.004444214,0.005311444,0.8367242,1.0065973,1.0156486,1.008992,10.967583,0.92746764,1.115279,0.030019749,0.0006548551,-0.0022509373,1.0,1.0377539,1.2771821,1.0744045,0.029135572,0.03012941,1.0,57.525936,85.15288,0.002864413
6371,0.0010165423,0.001514376,0.0027997883,0.0034214226,0.0074642324,0.0010520552,0.0012682308,0.00021617571,0.0,0.82954544,0.0016134832,0.0012682308,0.0015163947,0.0011198194,1.3541422,1.0034904,1.0045266,1.0010326,31.774364,1.6923678,2.1810873,0.6198534,0.0023395082,0.00029634484,1.0,0.39207456,1.2285757,0.0102705285,0.006660733,0.0,67.49437,90.58652,0.006031433,0.34615386,0.82298386,-0.56806475,0.0,0.0,0.0,0.0,1.0,0.0,0.0,0.0012854122,-0.0004040579,0.004498941,0.005732085,0.0045786863,0.0012557193,0.0024176205,0.0011619012,0.0,0.519403,0.002082031,0.0024464875,0.0013399204,0.0012709686,1.0542514,1.0031394,1.0041096,1.0009673,20.843828,2.158899,1.3428662,0.8708628,0.0010632396,0.00031591178,1.0,-0.06436714,0.95595115,0.007469664,0.00884911,0.0,61.94325,83.738304,0.004858734,0.00062163436,0.0032135285,0.0044466727,0.0030685526,-0.0008017712,0.0005202763,0.006127699,0.0021822702,0.0034251525,0.6438679,0.002405105,0.006127699,0.0013728868,0.0013373821,1.0265479,1.0025426,1.0042905,1.0017433,16.966932,0.6676079,1.0860062,0.4610319,0.00063534087,0.0001283108,1.0,0.6217561,1.4432014,0.009140298,0.009916943,0.0,60.21382,57.104134,0.0038736635,0.00040604427,-0.00026094142,0.00011599583,0.0004205489,0.004082439,0.00028997276,0.0005364496,0.00024647682,0.0,0.5405405,0.0034341894,0.00065243867,0.0025145737,0.0029877536,0.8416269,1.0017135,1.0056324,1.0039122,17.267727,0.5512541,0.9293422,0.0935095,0.0005685756,7.844166e-06,1.0,-1.2566813,0.047071345,0.018021563,0.013321175,0.0,55.313118,69.69913,0.0028935773,0.0006526516,-0.0031990763,0.009307813,-0.00052181474,0.013031829,0.001341124,0.004487328,0.0012613814,0.0018848229,0.71890146,0.008030233,0.004487328,0.004444214,0.005311444,0.8367242,1.0065973,1.0156486,1.008992,10.967583,0.92746764,1.115279,0.030019749,0.0006548551,-0.0022509373,1.0,1.0377539,1.2771821,1.0744045,0.029135572,0.03012941,1.0,57.525936,85.15288,0.002864413
6372,0.0004394607,0.001456003,0.0010521462,0.004179078,0.0076859216,0.0004105534,0.0007850933,0.00012244575,0.00025209418,0.8440367,0.0015536542,0.0007850933,0.0013719489,0.0010908347,1.2577056,1.0035558,1.0047724,1.0012124,32.2681,1.6319937,2.2792711,0.052567124,0.0026015737,0.00017676158,1.0,-0.4972256,0.7114088,0.010786033,0.0063228128,0.0,68.72143,95.33484,0.004020798,0.3846154,0.66312265,-0.7485108,0.0,0.0,0.0,0.0,1.0,0.0,0.0,0.001514376,0.0027997883,0.0034214226,0.0072464608,0.005868341,0.0015276417,0.0021185218,0.00021617571,0.00037470457,0.8979592,0.0020817118,0.0021185218,0.0012868866,0.0012702195,1.0131215,1.004214,1.0054094,1.0011903,20.174006,2.3349106,1.8902695,0.9509462,0.0022043316,0.00037148554,1.0,0.068125546,1.0356529,0.008912691,0.008801279,0.0,65.68905,84.38389,0.0072289156,0.0027997883,0.0034214226,0.006419361,0.0057523753,0.0005405854,0.002767049,0.0029832248,0.00021617571,0.0,0.92753625,0.002442214,0.003012048,0.001387734,0.001475568,0.9404744,1.0048412,1.0068256,1.0019748,16.66739,1.6707526,1.56244,1.7961923,0.0024619591,0.0009708071,1.0,0.37032756,1.2548505,0.009818242,0.010094833,0.0,66.74472,78.182556,0.008209465,0.0060133166,0.006419361,0.0066659683,0.0029876835,0.0124058565,0.0047270423,0.006946446,0.00021617571,0.0020032283,0.96887964,0.0036659467,0.006946446,0.0030797871,0.0032604027,0.9446033,1.0070115,1.0112339,1.004193,18.096853,1.6258013,1.617323,1.707597,0.0021713648,0.0044180593,1.0,0.37699646,1.2565391,0.019386264,0.014626499,0.0,63.899918,78.94065,0.00923596,0.0006526516,-0.0031990763,0.009307813,-0.00052181474,0.013031829,0.001341124,0.004487328,0.0012613814,0.0018848229,0.71890146,0.008030233,0.004487328,0.004444214,0.005311444,0.8367242,1.0065973,1.0156486,1.008992,10.967583,0.92746764,1.115279,0.030019749,0.0006548551,-0.0022509373,1.0,1.0377539,1.2771821,1.0744045,0.029135572,0.03012941,1.0,57.525936,85.15288,0.002864413
6373,6.482212e-05,0.0005042828,0.002018659,0.001614601,0.007177505,0.00011523558,0.0008642669,0.00020166227,0.000547369,0.76666665,0.0015043188,0.0008642669,0.0013739815,0.0010803937,1.2717415,1.0032748,1.0046469,1.0013676,32.793602,1.4805552,2.1880622,-0.31247565,0.0025140622,0.00015256979,1.0,-0.5505264,0.6782977,0.011003771,0.006049514,0.0,68.90792,97.5629,0.003933421,0.42307693,0.46472317,-0.885456,0.0,0.0,0.0,0.0,1.0,0.0,0.0,0.001514376,0.0027997883,0.0034214226,0.0072464608,0.005868341,0.0015276417,0.0021185218,0.00021617571,0.00037470457,0.8979592,0.0020817118,0.0021185218,0.0012868866,0.0012702195,1.0131215,1.004214,1.0054094,1.0011903,20.174006,2.3349106,1.8902695,0.9509462,0.0022043316,0.00037148554,1.0,0.068125546,1.0356529,0.008912691,0.008801279,0.0,65.68905,84.38389,0.0072289156,0.0027997883,0.0034214226,0.006419361,0.0057523753,0.0005405854,0.002767049,0.0029832248,0.00021617571,0.0,0.92753625,0.002442214,0.003012048,0.001387734,0.001475568,0.9404744,1.0048412,1.0068256,1.0019748,16.66739,1.6707526,1.56244,1.7961923,0.0024619591,0.0009708071,1.0,0.37032756,1.2548505,0.009818242,0.010094833,0.0,66.74472,78.182556,0.008209465,0.0060133166,0.006419361,0.0066659683,0.0029876835,0.0124058565,0.0047270423,0.006946446,0.00021617571,0.0020032283,0.96887964,0.0036659467,0.006946446,0.0030797871,0.0032604027,0.9446033,1.0070115,1.0112339,1.004193,18.096853,1.6258013,1.617323,1.707597,0.0021713648,0.0044180593,1.0,0.37699646,1.2565391,0.019386264,0.014626499,0.0,63.899918,78.94065,0.00923596,0.0006526516,-0.0031990763,0.009307813,-0.00052181474,0.013031829,0.001341124,0.004487328,0.0012613814,0.0018848229,0.71890146,0.008030233,0.004487328,0.004444214,0.005311444,0.8367242,1.0065973,1.0156486,1.008992,10.967583,0.92746764,1.115279,0.030019749,0.0006548551,-0.0022509373,1.0,1.0377539,1.2771821,1.0744045,0.029135572,0.03012941,1.0,57.525936,85.15288,0.002864413
6374,-0.00019447895,-0.00012965684,0.0013263462,0.0034926466,0.006540624,-0.00015127612,0.00070595526,0.0004322175,0.00012246163,0.1734694,0.0014475645,0.00070595526,0.0013674117,0.0010884793,1.2562588,1.0027856,1.0042763,1.0014865,33.372036,1.2762355,2.036338,-0.5257722,0.0021922633,0.00012808721,1.0,-0.6489974,0.6149316,0.01102393,0.0057433695,0.0,67.60566,95.98367,0.0040576314,0.46153846,0.23931566,-0.97094184,0.0,0.0,0.0,0.0,1.0,0.0,0.0,0.0005042828,0.002018659,0.001614601,0.0067351027,0.007402408,0.00047534678,0.0009290869,0.00020166227,0.00025207785,0.78294575,0.001998407,0.0009290869,0.0012621803,0.0012550906,1.0056489,1.004269,1.0056832,1.0014081,19.85756,2.103585,1.9958771,0.11614322,0.0023926191,0.0003156114,1.0,-0.47046125,0.7754703,0.010160115,0.008312984,0.0,66.85997,93.35326,0.0077808583,0.0027997883,0.0034214226,0.006419361,0.0057523753,0.0005405854,0.002767049,0.0029832248,0.00021617571,0.0,0.92753625,0.002442214,0.003012048,0.001387734,0.001475568,0.9404744,1.0048412,1.0068256,1.0019748,16.66739,1.6707526,1.56244,1.7961923,0.0024619591,0.0009708071,1.0,0.37032756,1.2548505,0.009818242,0.010094833,0.0,66.74472,78.182556,0.008209465,0.0060133166,0.006419361,0.0066659683,0.0029876835,0.0124058565,0.0047270423,0.006946446,0.00021617571,0.0020032283,0.96887964,0.0036659467,0.006946446,0.0030797871,0.0032604027,0.9446033,1.0070115,1.0112339,1.004193,18.096853,1.6258013,1.617323,1.707597,0.0021713648,0.0044180593,1.0,0.37699646,1.2565391,0.019386264,0.014626499,0.0,63.899918,78.94065,0.00923596,0.0006526516,-0.0031990763,0.009307813,-0.00052181474,0.013031829,0.001341124,0.004487328,0.0012613814,0.0018848229,0.71890146,0.008030233,0.004487328,0.004444214,0.005311444,0.8367242,1.0065973,1.0156486,1.008992,10.967583,0.92746764,1.115279,0.030019749,0.0006548551,-0.0022509373,1.0,1.0377539,1.2771821,1.0744045,0.029135572,0.03012941,1.0,57.525936,85.15288,0.002864413
6375,-0.00019451679,-0.00038899574,0.00011528707,0.0029150753,0.006534648,-0.00020894576,0.00061963225,0.0004106865,0.0,0.0,0.001388688,0.00061963225,0.00112756,0.0010878218,1.0365301,1.0023433,1.0039202,1.0015733,33.82246,1.1045275,1.9045013,-0.52719367,0.0018417859,0.00015668132,1.0,-0.19330424,0.8899232,0.010720868,0.005433443,0.0,66.25717,93.140976,0.0012263566,0.5,1.2246469e-16,-1.0,0.0,0.0,0.0,0.0,1.0,0.0,0.0,0.0005042828,0.002018659,0.001614601,0.0067351027,0.007402408,0.00047534678,0.0009290869,0.00020166227,0.00025207785,0.78294575,0.001998407,0.0009290869,0.0012621803,0.0012550906,1.0056489,1.004269,1.0056832,1.0014081,19.85756,2.103585,1.9958771,0.11614322,0.0023926191,0.0003156114,1.0,-0.47046125,0.7754703,0.010160115,0.008312984,0.0,66.85997,93.35326,0.0077808583,0.0027997883,0.0034214226,0.006419361,0.0057523753,0.0005405854,0.002767049,0.0029832248,0.00021617571,0.0,0.92753625,0.002442214,0.003012048,0.001387734,0.001475568,0.9404744,1.0048412,1.0068256,1.0019748,16.66739,1.6707526,1.56244,1.7961923,0.0024619591,0.0009708071,1.0,0.37032756,1.2548505,0.009818242,0.010094833,0.0,66.74472,78.182556,0.008209465,0.0060133166,0.006419361,0.0066659683,0.0029876835,0.0124058565,0.0047270423,0.006946446,0.00021617571,0.0020032283,0.96887964,0.0036659467,0.006946446,0.0030797871,0.0032604027,0.9446033,1.0070115,1.0112339,1.004193,18.096853,1.6258013,1.617323,1.707597,0.0021713648,0.0044180593,1.0,0.37699646,1.2565391,0.019386264,0.014626499,0.0,63.899918,78.94065,0.00923596,0.0006526516,-0.0031990763,0.009307813,-0.00052181474,0.013031829,0.001341124,0.004487328,0.0012613814,0.0018848229,0.71890146,0.008030233,0.004487328,0.004444214,0.005311444,0.8367242,1.0065973,1.0156486,1.008992,10.967583,0.92746764,1.115279,0.030019749,0.0006548551,-0.0022509373,1.0,1.0377539,1.2771821,1.0744045,0.029135572,0.03012941,1.0,57.525936,85.15288,0.002864413
6376,-0.00034590106,-0.00054041785,-0.0006700747,0.00038207148,0.006188747,-0.00033154586,0.0007135444,3.6037596e-05,0.0003459609,0.4848485,0.0013409095,0.0007135444,0.00085280323,0.0010994578,0.77565795,1.0018061,1.0034324,1.0016234,33.424828,0.89532906,1.7068785,-0.63367,0.0014295842,6.697803e-05,1.0,-0.7252071,0.58518374,0.01020176,0.0051894994,0.0,63.820023,89.13043,0.0029565908,0.53846157,-0.23931566,-0.97094184,0.0,0.0,0.0,0.0,1.0,0.0,0.0,-0.00038899574,0.00011528707,0.0029150753,0.006534648,0.0058676624,-0.00034584125,0.0007781428,0.00043230157,0.0,0.0,0.0019119673,0.0007781428,0.0012943072,0.0011906314,1.0870763,1.0035079,1.0050834,1.0015701,19.68111,1.7145842,1.7680922,-0.6749004,0.0017352606,0.00026975878,1.0,-0.27557135,0.86725897,0.010646617,0.007820633,0.0,65.01665,95.47026,0.007388912,0.00011528707,0.0029150753,0.006128604,0.0056357714,0.0013915378,8.646031e-05,0.001116779,0.0007781428,0.00025217593,0.30322582,0.0023472786,0.001116779,0.0012963503,0.0014755755,0.8785388,1.0044829,1.0066676,1.0021751,16.654926,1.5564739,1.5105639,-0.02113705,0.0019548007,0.00062376267,1.0,-0.08035679,0.94940895,0.010460294,0.009557807,0.0,66.98539,88.21301,0.0060015656,0.0060133166,0.006419361,0.0066659683,0.0029876835,0.0124058565,0.0047270423,0.006946446,0.00021617571,0.0020032283,0.96887964,0.0036659467,0.006946446,0.0030797871,0.0032604027,0.9446033,1.0070115,1.0112339,1.004193,18.096853,1.6258013,1.617323,1.707597,0.0021713648,0.0044180593,1.0,0.37699646,1.2565391,0.019386264,0.014626499,0.0,63.899918,78.94065,0.00923596,0.0006526516,-0.0031990763,0.009307813,-0.00052181474,0.013031829,0.001341124,0.004487328,0.0012613814,0.0018848229,0.71890146,0.008030233,0.004487328,0.004444214,0.005311444,0.8367242,1.0065973,1.0156486,1.008992,10.967583,0.92746764,1.115279,0.030019749,0.0006548551,-0.0022509373,1.0,1.0377539,1.2771821,1.0744045,0.029135572,0.03012941,1.0,57.525936,85.15288,0.002864413
6377,0.0002162022,-0.00012969888,-0.00051869464,0.0014999643,0.005998905,0.00030265035,0.0007566259,2.1617881e-05,0.00043235766,0.9714286,0.0012989058,0.0007566259,0.00085252605,0.0010985541,0.7760438,1.0018297,1.0035058,1.001673,32.85825,0.8944295,1.7155615,-0.10626544,0.0015991754,4.6354944e-05,1.0,-0.90794414,0.45720378,0.009705681,0.004982485,0.0,64.69412,87.71266,0.0027892592,0.5769231,-0.46472317,-0.885456,0.0,0.0,0.0,0.0,1.0,0.0,0.0,-0.00038899574,0.00011528707,0.0029150753,0.006534648,0.0058676624,-0.00034584125,0.0007781428,0.00043230157,0.0,0.0,0.0019119673,0.0007781428,0.0012943072,0.0011906314,1.0870763,1.0035079,1.0050834,1.0015701,19.68111,1.7145842,1.7680922,-0.6749004,0.0017352606,0.00026975878,1.0,-0.27557135,0.86725897,0.010646617,0.007820633,0.0,65.01665,95.47026,0.007388912,0.00011528707,0.0029150753,0.006128604,0.0056357714,0.0013915378,8.646031e-05,0.001116779,0.0007781428,0.00025217593,0.30322582,0.0023472786,0.001116779,0.0012963503,0.0014755755,0.8785388,1.0044829,1.0066676,1.0021751,16.654926,1.5564739,1.5105639,-0.02113705,0.0019548007,0.00062376267,1.0,-0.08035679,0.94940895,0.010460294,0.009557807,0.0,66.98539,88.21301,0.0060015656,0.0060133166,0.006419361,0.0066659683,0.0029876835,0.0124058565,0.0047270423,0.006946446,0.00021617571,0.0020032283,0.96887964,0.0036659467,0.006946446,0.0030797871,0.0032604027,0.9446033,1.0070115,1.0112339,1.004193,18.096853,1.6258013,1.617323,1.707597,0.0021713648,0.0044180593,1.0,0.37699646,1.2565391,0.019386264,0.014626499,0.0,63.899918,78.94065,0.00923596,0.0006526516,-0.0031990763,0.009307813,-0.00052181474,0.013031829,0.001341124,0.004487328,0.0012613814,0.0018848229,0.71890146,0.008030233,0.004487328,0.004444214,0.005311444,0.8367242,1.0065973,1.0156486,1.008992,10.967583,0.92746764,1.115279,0.030019749,0.0006548551,-0.0022509373,1.0,1.0377539,1.2771821,1.0744045,0.029135572,0.03012941,1.0,57.525936,85.15288,0.002864413
6378,0.00092913717,0.0011453393,0.0006049215,0.0019312677,0.004488001,0.0009143071,0.0014398537,0.0005255466,0.0,0.635,0.0013088819,0.0014542523,0.00059288536,0.0011064697,0.5358352,1.0024974,1.0042639,1.001762,33.190723,1.1667869,1.9589889,0.5168329,0.0024088228,0.00011787081,1.0,-0.44463757,0.7285589,0.009346856,0.005057777,0.0,68.246635,88.04292,0.0015285779,0.61538464,-0.66312265,-0.7485108,0.0,0.0,0.0,0.0,1.0,0.0,0.0,-0.00012969888,-0.00051869464,0.0014999643,0.005998905,0.0065354984,-0.00011529537,0.0008863332,3.6029804e-05,0.000735008,0.8292683,0.001838938,0.0008863332,0.001317301,0.0011286365,1.1671612,1.003055,1.004758,1.0016978,18.776178,1.4722027,1.6652015,-0.3842082,0.0014986803,0.0001072703,1.0,-0.77621746,0.6116301,0.0112551395,0.0074143796,0.0,64.37949,92.96362,0.00623577,0.00011528707,0.0029150753,0.006128604,0.0056357714,0.0013915378,8.646031e-05,0.001116779,0.0007781428,0.00025217593,0.30322582,0.0023472786,0.001116779,0.0012963503,0.0014755755,0.8785388,1.0044829,1.0066676,1.0021751,16.654926,1.5564739,1.5105639,-0.02113705,0.0019548007,0.00062376267,1.0,-0.08035679,0.94940895,0.010460294,0.009557807,0.0,66.98539,88.21301,0.0060015656,0.0060133166,0.006419361,0.0066659683,0.0029876835,0.0124058565,0.0047270423,0.006946446,0.00021617571,0.0020032283,0.96887964,0.0036659467,0.006946446,0.0030797871,0.0032604027,0.9446033,1.0070115,1.0112339,1.004193,18.096853,1.6258013,1.617323,1.707597,0.0021713648,0.0044180593,1.0,0.37699646,1.2565391,0.019386264,0.014626499,0.0,63.899918,78.94065,0.00923596,0.0006526516,-0.0031990763,0.009307813,-0.00052181474,0.013031829,0.001341124,0.004487328,0.0012613814,0.0018848229,0.71890146,0.008030233,0.004487328,0.004444214,0.005311444,0.8367242,1.0065973,1.0156486,1.008992,10.967583,0.92746764,1.115279,0.030019749,0.0006548551,-0.0022509373,1.0,1.0377539,1.2771821,1.0744045,0.029135572,0.03012941,1.0,57.525936,85.15288,0.002864413
6379,7.9188816e-05,0.001008326,0.0008786271,0.0009939142,0.0044153365,5.039089e-05,0.00033833884,0.00014397397,0.00014397397,0.5744681,0.0012394611,0.00033833884,0.00046678438,0.0011011251,0.4239158,1.0023308,1.0041723,1.0018373,33.49945,1.1247228,1.8896753,-0.26470646,0.002367005,0.00012111406,1.0,-0.3254013,0.79795635,0.008690032,0.0047046123,0.0,68.53735,90.05524,0.0025114387,0.65384614,-0.82298386,-0.56806475,0.0,0.0,0.0,0.0,1.0,0.0,0.0,-0.00012969888,-0.00051869464,0.0014999643,0.005998905,0.0065354984,-0.00011529537,0.0008863332,3.6029804e-05,0.000735008,0.8292683,0.001838938,0.0008863332,0.001317301,0.0011286365,1.1671612,1.003055,1.004758,1.0016978,18.776178,1.4722027,1.6652015,-0.3842082,0.0014986803,0.0001072703,1.0,-0.77621746,0.6116301,0.0112551395,0.0074143796,0.0,64.37949,92.96362,0.00623577,0.00011528707,0.0029150753,0.006128604,0.0056357714,0.0013915378,8.646031e-05,0.001116779,0.0007781428,0.00025217593,0.30322582,0.0023472786,0.001116779,0.0012963503,0.0014755755,0.8785388,1.0044829,1.0066676,1.0021751,16.654926,1.5564739,1.5105639,-0.02113705,0.0019548007,0.00062376267,1.0,-0.08035679,0.94940895,0.010460294,0.009557807,0.0,66.98539,88.21301,0.0060015656,0.0060133166,0.006419361,0.0066659683,0.0029876835,0.0124058565,0.0047270423,0.006946446,0.00021617571,0.0020032283,0.96887964,0.0036659467,0.006946446,0.0030797871,0.0032604027,0.9446033,1.0070115,1.0112339,1.004193,18.096853,1.6258013,1.617323,1.707597,0.0021713648,0.0044180593,1.0,0.37699646,1.2565391,0.019386264,0.014626499,0.0,63.899918,78.94065,0.00923596,0.0006526516,-0.0031990763,0.009307813,-0.00052181474,0.013031829,0.001341124,0.004487328,0.0012613814,0.0018848229,0.71890146,0.008030233,0.004487328,0.004444214,0.005311444,0.8367242,1.0065973,1.0156486,1.008992,10.967583,0.92746764,1.115279,0.030019749,0.0006548551,-0.0022509373,1.0,1.0377539,1.2771821,1.0744045,0.029135572,0.03012941,1.0,57.525936,85.15288,0.002864413
6380,0.0,7.9188816e-05,0.0012245282,0.00055445347,0.0047335317,3.5993493e-05,0.0005758959,0.00028794794,0.00025195445,0.5,0.0011920636,0.0005758959,0.00046405327,0.0011011251,0.42143553,1.0021083,1.004008,1.0018957,33.868504,1.0820836,1.7896789,-0.33662271,0.0022742809,9.294425e-05,1.0,-0.66598225,0.7667755,0.0077019073,0.004475943,0.0,68.53735,91.12237,0.002012479,0.6923077,-0.9350162,-0.3546049,0.0,0.0,0.0,0.0,1.0,0.0,0.0,0.001008326,0.0008786271,0.0009939142,0.0044153365,0.006514399,0.0009934204,0.0014397397,0.00044631932,0.0,0.69,0.0018097312,0.0014541371,0.0012895915,0.0011392931,1.1319226,1.0036782,1.005544,1.001859,18.769747,1.5923313,1.9566733,0.58388245,0.0022830672,0.00022247784,1.0,-0.23932658,0.87943894,0.012025904,0.007255445,0.0,67.08159,92.164246,0.0074408217,0.0008786271,0.0009939142,0.0044153365,0.008196826,0.0025371576,0.00089263864,0.0021884043,0.00044631932,0.0008494464,0.79605263,0.0023340161,0.0021884043,0.0012872189,0.0014751257,0.87261647,1.0048523,1.0072541,1.0023903,16.856888,1.7062556,1.5939234,0.49690786,0.0024373746,0.00039506904,1.0,-0.32070103,0.80399716,0.011208147,0.009473623,0.0,68.837296,95.26606,0.006769097,0.0060133166,0.006419361,0.0066659683,0.0029876835,0.0124058565,0.0047270423,0.006946446,0.00021617571,0.0020032283,0.96887964,0.0036659467,0.006946446,0.0030797871,0.0032604027,0.9446033,1.0070115,1.0112339,1.004193,18.096853,1.6258013,1.617323,1.707597,0.0021713648,0.0044180593,1.0,0.37699646,1.2565391,0.019386264,0.014626499,0.0,63.899918,78.94065,0.00923596,0.0006526516,-0.0031990763,0.009307813,-0.00052181474,0.013031829,0.001341124,0.004487328,0.0012613814,0.0018848229,0.71890146,0.008030233,0.004487328,0.004444214,0.005311444,0.8367242,1.0065973,1.0156486,1.008992,10.967583,0.92746764,1.115279,0.030019749,0.0006548551,-0.0022509373,1.0,1.0377539,1.2771821,1.0744045,0.029135572,0.03012941,1.0,57.525936,85.15288,0.002864413
6381,0.00033108532,0.00033108532,0.0013394112,0.00082071667,0.0024353177,0.00026626367,0.00033103052,5.7570523e-05,7.1963154e-06,0.82608694,0.001134307,0.00038860104,0.00037163292,0.001101126,0.33750263,1.0022073,1.0041696,1.001958,34.27132,1.2464055,1.7948521,-0.03253987,0.002506937,9.7876444e-05,1.0,-0.71149933,0.7709208,0.006576253,0.0041963607,0.0,69.87501,93.28152,0.0013258776,0.7307692,-0.99270886,-0.12053668,0.0,0.0,0.0,0.0,1.0,0.0,0.0,0.001008326,0.0008786271,0.0009939142,0.0044153365,0.006514399,0.0009934204,0.0014397397,0.00044631932,0.0,0.69,0.0018097312,0.0014541371,0.0012895915,0.0011392931,1.1319226,1.0036782,1.005544,1.001859,18.769747,1.5923313,1.9566733,0.58388245,0.0022830672,0.00022247784,1.0,-0.23932658,0.87943894,0.012025904,0.007255445,0.0,67.08159,92.164246,0.0074408217,0.0008786271,0.0009939142,0.0044153365,0.008196826,0.0025371576,0.00089263864,0.0021884043,0.00044631932,0.0008494464,0.79605263,0.0023340161,0.0021884043,0.0012872189,0.0014751257,0.87261647,1.0048523,1.0072541,1.0023903,16.856888,1.7062556,1.5939234,0.49690786,0.0024373746,0.00039506904,1.0,-0.32070103,0.80399716,0.011208147,0.009473623,0.0,68.837296,95.26606,0.006769097,0.0060133166,0.006419361,0.0066659683,0.0029876835,0.0124058565,0.0047270423,0.006946446,0.00021617571,0.0020032283,0.96887964,0.0036659467,0.006946446,0.0030797871,0.0032604027,0.9446033,1.0070115,1.0112339,1.004193,18.096853,1.6258013,1.617323,1.707597,0.0021713648,0.0044180593,1.0,0.37699646,1.2565391,0.019386264,0.014626499,0.0,63.899918,78.94065,0.00923596,0.0006526516,-0.0031990763,0.009307813,-0.00052181474,0.013031829,0.001341124,0.004487328,0.0012613814,0.0018848229,0.71890146,0.008030233,0.004487328,0.004444214,0.005311444,0.8367242,1.0065973,1.0156486,1.008992,10.967583,0.92746764,1.115279,0.030019749,0.0006548551,-0.0022509373,1.0,1.0377539,1.2771821,1.0744045,0.029135572,0.03012941,1.0,57.525936,85.15288,0.002864413
6382,1.4392527e-05,0.00034547783,0.00042466665,0.0010295882,0.0045222347,7.1962118e-06,0.00025906364,0.00011513939,0.00013672802,0.5555556,0.0010717744,0.00025906364,0.00035662856,0.0009886015,0.36074045,1.0020097,1.0040193,1.0020056,34.690495,1.1586055,1.7040582,-0.23390704,0.0024008949,0.00012070271,1.0,0.045100722,1.0145353,0.006298404,0.0038953435,0.0,69.93486,95.03964,0.00090033637,0.7692308,-0.99270886,0.12053668,0.0,0.0,0.0,0.0,1.0,0.0,0.0,0.00033108532,0.0013394112,0.00082071667,0.0024353177,0.007686344,0.00036701208,0.00067645364,5.7570523e-05,0.00025187104,0.9148936,0.0017282265,0.00067645364,0.0012919726,0.0010926665,1.1824033,1.0036272,1.0056452,1.0020107,18.763775,1.5040087,1.9603162,-0.073280275,0.002428439,0.00018538734,1.0,-0.4613536,0.764776,0.012524574,0.0068199737,0.0,67.942085,94.63486,0.007365308,0.0008786271,0.0009939142,0.0044153365,0.008196826,0.0025371576,0.00089263864,0.0021884043,0.00044631932,0.0008494464,0.79605263,0.0023340161,0.0021884043,0.0012872189,0.0014751257,0.87261647,1.0048523,1.0072541,1.0023903,16.856888,1.7062556,1.5939234,0.49690786,0.0024373746,0.00039506904,1.0,-0.32070103,0.80399716,0.011208147,0.009473623,0.0,68.837296,95.26606,0.006769097,0.0060133166,0.006419361,0.0066659683,0.0029876835,0.0124058565,0.0047270423,0.006946446,0.00021617571,0.0020032283,0.96887964,0.0036659467,0.006946446,0.0030797871,0.0032604027,0.9446033,1.0070115,1.0112339,1.004193,18.096853,1.6258013,1.617323,1.707597,0.0021713648,0.0044180593,1.0,0.37699646,1.2565391,0.019386264,0.014626499,0.0,63.899918,78.94065,0.00923596,0.0006526516,-0.0031990763,0.009307813,-0.00052181474,0.013031829,0.001341124,0.004487328,0.0012613814,0.0018848229,0.71890146,0.008030233,0.004487328,0.004444214,0.005311444,0.8367242,1.0065973,1.0156486,1.008992,10.967583,0.92746764,1.115279,0.030019749,0.0006548551,-0.0022509373,1.0,1.0377539,1.2771821,1.0744045,0.029135572,0.03012941,1.0,57.525936,85.15288,0.002864413
6383,0.00011513276,0.00012952529,0.0004606106,0.0013392377,0.004254313,0.00013671229,0.0006619753,0.00047489532,5.0367686e-05,0.2826087,0.0010423885,0.0006619753,0.0003565889,0.0009888189,0.360621,1.0019222,1.003972,1.0020459,35.375248,1.1448835,1.6507449,-0.13011947,0.0024149336,0.00010106523,1.0,-0.46296483,0.8504849,0.005937011,0.0037761338,0.0,70.44081,93.80693,0.00095069356,0.8076923,-0.9350162,0.3546049,0.0,0.0,0.0,0.0,1.0,0.0,0.0,0.00033108532,0.0013394112,0.00082071667,0.0024353177,0.007686344,0.00036701208,0.00067645364,5.7570523e-05,0.00025187104,0.9148936,0.0017282265,0.00067645364,0.0012919726,0.0010926665,1.1824033,1.0036272,1.0056452,1.0020107,18.763775,1.5040087,1.9603162,-0.073280275,0.002428439,0.00018538734,1.0,-0.4613536,0.764776,0.012524574,0.0068199737,0.0,67.942085,94.63486,0.007365308,0.0008786271,0.0009939142,0.0044153365,0.008196826,0.0025371576,0.00089263864,0.0021884043,0.00044631932,0.0008494464,0.79605263,0.0023340161,0.0021884043,0.0012872189,0.0014751257,0.87261647,1.0048523,1.0072541,1.0023903,16.856888,1.7062556,1.5939234,0.49690786,0.0024373746,0.00039506904,1.0,-0.32070103,0.80399716,0.011208147,0.009473623,0.0,68.837296,95.26606,0.006769097,0.0060133166,0.006419361,0.0066659683,0.0029876835,0.0124058565,0.0047270423,0.006946446,0.00021617571,0.0020032283,0.96887964,0.0036659467,0.006946446,0.0030797871,0.0032604027,0.9446033,1.0070115,1.0112339,1.004193,18.096853,1.6258013,1.617323,1.707597,0.0021713648,0.0044180593,1.0,0.37699646,1.2565391,0.019386264,0.014626499,0.0,63.899918,78.94065,0.00923596,0.0006526516,-0.0031990763,0.009307813,-0.00052181474,0.013031829,0.001341124,0.004487328,0.0012613814,0.0018848229,0.71890146,0.008030233,0.004487328,0.004444214,0.005311444,0.8367242,1.0065973,1.0156486,1.008992,10.967583,0.92746764,1.115279,0.030019749,0.0006548551,-0.0022509373,1.0,1.0377539,1.2771821,1.0744045,0.029135572,0.03012941,1.0,57.525936,85.15288,0.002864413
6384,-0.00011513276,0.0,0.00034547783,0.001570006,0.0019520775,-4.317727e-05,0.0005613045,0.00044616513,7.196212e-05,0.12820514,0.0010081368,0.0005613045,0.00035025785,0.0009837744,0.35603473,1.0016346,1.0037047,1.0020667,36.01109,1.0337882,1.5385959,-0.37517062,0.0022254242,7.482018e-05,1.0,-0.8890192,0.7314962,0.0051862667,0.0036307257,0.0,69.186935,88.11791,0.0010301183,0.84615386,-0.82298386,0.56806475,0.0,0.0,0.0,0.0,1.0,0.0,1.0,0.00012952529,0.0004606106,0.0013392377,0.004254313,0.008657437,0.00012232152,0.0007339291,0.00047489532,0.00013671229,0.3529412,0.0016569975,0.0007339291,0.0011219627,0.0010802664,1.0385981,1.0033982,1.0055478,1.0021423,19.092861,1.3738871,1.9003444,-0.21366924,0.0023349547,0.00022325765,1.0,-0.13328727,0.93176633,0.0130576575,0.006449245,0.0,68.291374,96.31353,0.004887854,0.0004606106,0.0013392377,0.004254313,0.008700985,0.004536169,0.0004964814,0.0012232151,0.00047489532,0.0002518384,0.6117647,0.0022536751,0.0012232151,0.0012804924,0.0014757318,0.8676999,1.0048065,1.0074133,1.0025942,17.236202,1.6801193,1.6009386,0.19514623,0.0024634555,0.0004345599,1.0,-0.15792792,0.9025715,0.012045973,0.009033413,0.0,69.794495,94.60722,0.006999391,0.0060133166,0.006419361,0.0066659683,0.0029876835,0.0124058565,0.0047270423,0.006946446,0.00021617571,0.0020032283,0.96887964,0.0036659467,0.006946446,0.0030797871,0.0032604027,0.9446033,1.0070115,1.0112339,1.004193,18.096853,1.6258013,1.617323,1.707597,0.0021713648,0.0044180593,1.0,0.37699646,1.2565391,0.019386264,0.014626499,0.0,63.899918,78.94065,0.00923596,0.0006526516,-0.0031990763,0.009307813,-0.00052181474,0.013031829,0.001341124,0.004487328,0.0012613814,0.0018848229,0.71890146,0.008030233,0.004487328,0.004444214,0.005311444,0.8367242,1.0065973,1.0156486,1.008992,10.967583,0.92746764,1.115279,0.030019749,0.0006548551,-0.0022509373,1.0,1.0377539,1.2771821,1.0744045,0.029135572,0.03012941,1.0,57.525936,85.15288,0.002864413
6385,0.00030219523,0.00018706247,0.00031658777,0.0016559991,0.0031559633,0.00030214956,0.0007481799,0.00039567208,5.0358263e-05,0.47115386,0.0009892856,0.0007481799,0.00033840412,0.00081038335,0.41758522,1.0017525,1.0038503,1.0020941,36.736927,1.1361158,1.5622517,0.2031137,0.0023692336,0.00015806728,1.0,1.7839148,1.5636888,0.0052830614,0.0035689706,0.0,70.66318,84.52511,0.0015274655,0.88461536,-0.66312265,0.7485108,0.0,0.0,0.0,0.0,1.0,0.0,1.0,0.00012952529,0.0004606106,0.0013392377,0.004254313,0.008657437,0.00012232152,0.0007339291,0.00047489532,0.00013671229,0.3529412,0.0016569975,0.0007339291,0.0011219627,0.0010802664,1.0385981,1.0033982,1.0055478,1.0021423,19.092861,1.3738871,1.9003444,-0.21366924,0.0023349547,0.00022325765,1.0,-0.13328727,0.93176633,0.0130576575,0.006449245,0.0,68.291374,96.31353,0.004887854,0.0004606106,0.0013392377,0.004254313,0.008700985,0.004536169,0.0004964814,0.0012232151,0.00047489532,0.0002518384,0.6117647,0.0022536751,0.0012232151,0.0012804924,0.0014757318,0.8676999,1.0048065,1.0074133,1.0025942,17.236202,1.6801193,1.6009386,0.19514623,0.0024634555,0.0004345599,1.0,-0.15792792,0.9025715,0.012045973,0.009033413,0.0,69.794495,94.60722,0.006999391,0.0060133166,0.006419361,0.0066659683,0.0029876835,0.0124058565,0.0047270423,0.006946446,0.00021617571,0.0020032283,0.96887964,0.0036659467,0.006946446,0.0030797871,0.0032604027,0.9446033,1.0070115,1.0112339,1.004193,18.096853,1.6258013,1.617323,1.707597,0.0021713648,0.0044180593,1.0,0.37699646,1.2565391,0.019386264,0.014626499,0.0,63.899918,78.94065,0.00923596,0.0006526516,-0.0031990763,0.009307813,-0.00052181474,0.013031829,0.001341124,0.004487328,0.0012613814,0.0018848229,0.71890146,0.008030233,0.004487328,0.004444214,0.005311444,0.8367242,1.0065973,1.0156486,1.008992,10.967583,0.92746764,1.115279,0.030019749,0.0006548551,-0.0022509373,1.0,1.0377539,1.2771821,1.0744045,0.029135572,0.03012941,1.0,57.525936,85.15288,0.002864413
6386,-0.00028780292,1.439232e-05,1.439232e-05,0.000439059,0.0023703265,-0.00028784433,0.0006260614,0.00013672606,0.00020149103,0.3218391,0.0009636055,0.0006260614,0.00032926965,0.00063307,0.52011573,1.0013245,1.0034213,1.0020939,37.16616,0.8991203,1.4170588,-0.8129184,0.001931001,0.00015138538,1.0,2.5880163,1.8783814,0.0044480423,0.0034684977,0.0,67.35355,80.47785,0.0015856541,0.9230769,-0.46472317,0.885456,0.0,0.0,0.0,0.0,1.0,0.0,1.0,0.00018706247,0.00031658777,0.0016559991,0.0031559633,0.008888048,0.00025898535,0.00076976203,0.00039567208,0.0001151046,0.48598132,0.0015933356,0.00076976203,0.00092154334,0.0010466338,0.880483,1.0032432,1.0055096,1.0022591,19.464659,1.2833666,1.8663697,-0.21259813,0.0022920852,0.0002300579,1.0,0.14900455,1.0736005,0.013305109,0.0061271824,0.0,68.81984,96.37275,0.0027556953,0.0004606106,0.0013392377,0.004254313,0.008700985,0.004536169,0.0004964814,0.0012232151,0.00047489532,0.0002518384,0.6117647,0.0022536751,0.0012232151,0.0012804924,0.0014757318,0.8676999,1.0048065,1.0074133,1.0025942,17.236202,1.6801193,1.6009386,0.19514623,0.0024634555,0.0004345599,1.0,-0.15792792,0.9025715,0.012045973,0.009033413,0.0,69.794495,94.60722,0.006999391,0.0060133166,0.006419361,0.0066659683,0.0029876835,0.0124058565,0.0047270423,0.006946446,0.00021617571,0.0020032283,0.96887964,0.0036659467,0.006946446,0.0030797871,0.0032604027,0.9446033,1.0070115,1.0112339,1.004193,18.096853,1.6258013,1.617323,1.707597,0.0021713648,0.0044180593,1.0,0.37699646,1.2565391,0.019386264,0.014626499,0.0,63.899918,78.94065,0.00923596,0.0006526516,-0.0031990763,0.009307813,-0.00052181474,0.013031829,0.001341124,0.004487328,0.0012613814,0.0018848229,0.71890146,0.008030233,0.004487328,0.004444214,0.005311444,0.8367242,1.0065973,1.0156486,1.008992,10.967583,0.92746764,1.115279,0.030019749,0.0006548551,-0.0022509373,1.0,1.0377539,1.2771821,1.0744045,0.029135572,0.03012941,1.0,57.525936,85.15288,0.002864413
6387,-0.0011736541,-0.001461457,-0.0012743946,-0.00081378396,0.0001801302,-0.0011455249,0.0014409118,0.0001585003,0.00013688662,0.095,0.0009987495,0.0014409118,0.00053268025,0.0007045178,0.75609195,1.0001358,1.0021561,1.0020201,35.83278,-0.3376012,1.0258855,-1.8773834,0.0005825918,0.00017646766,1.0,3.954993,4.0628467,0.0034195348,0.0036907687,0.0,55.870014,64.85788,0.00019456094,0.96153843,-0.23931566,0.97094184,0.0,0.0,0.0,0.0,1.0,0.0,1.0,0.00018706247,0.00031658777,0.0016559991,0.0031559633,0.008888048,0.00025898535,0.00076976203,0.00039567208,0.0001151046,0.48598132,0.0015933356,0.00076976203,0.00092154334,0.0010466338,0.880483,1.0032432,1.0055096,1.0022591,19.464659,1.2833666,1.8663697,-0.21259813,0.0022920852,0.0002300579,1.0,0.14900455,1.0736005,0.013305109,0.0061271824,0.0,68.81984,96.37275,0.0027556953,0.0004606106,0.0013392377,0.004254313,0.008700985,0.004536169,0.0004964814,0.0012232151,0.00047489532,0.0002518384,0.6117647,0.0022536751,0.0012232151,0.0012804924,0.0014757318,0.8676999,1.0048065,1.0074133,1.0025942,17.236202,1.6801193,1.6009386,0.19514623,0.0024634555,0.0004345599,1.0,-0.15792792,0.9025715,0.012045973,0.009033413,0.0,69.794495,94.60722,0.006999391,0.0060133166,0.006419361,0.0066659683,0.0029876835,0.0124058565,0.0047270423,0.006946446,0.00021617571,0.0020032283,0.96887964,0.0036659467,0.006946446,0.0030797871,0.0032604027,0.9446033,1.0070115,1.0112339,1.004193,18.096853,1.6258013,1.617323,1.707597,0.0021713648,0.0044180593,1.0,0.37699646,1.2565391,0.019386264,0.014626499,0.0,63.899918,78.94065,0.00923596,0.0006526516,-0.0031990763,0.009307813,-0.00052181474,0.013031829,0.001341124,0.004487328,0.0012613814,0.0018848229,0.71890146,0.008030233,0.004487328,0.004444214,0.005311444,0.8367242,1.0065973,1.0156486,1.008992,10.967583,0.92746764,1.115279,0.030019749,0.0006548551,-0.0022509373,1.0,1.0377539,1.2771821,1.0744045,0.029135572,0.03012941,1.0,57.525936,85.15288,0.002864413
6388,-0.0001801302,-0.0013537843,-0.001339392,-0.0009939142,-0.0004394607,-0.0003170577,0.0003314694,0.0,1.4411714e-05,0.04347826,0.00095125375,0.0003314694,0.00042726492,0.0005183383,0.8242974,0.9999598,1.0018979,1.0019382,34.514965,-0.5982039,0.93468136,-0.4066157,0.0003942419,8.3117575e-06,1.0,-0.66319215,0.46089807,0.003303865,0.0034661426,0.0,54.339737,45.21964,-0.0009143071,1.0,-2.4492937e-16,1.0,0.0,0.0,0.0,0.0,1.0,0.0,1.0,-0.001461457,-0.0012743946,-0.00081378396,0.0001801302,0.007426591,-0.0014625255,0.0017362988,0.00013688662,0.00013688662,0.07883818,0.0016057112,0.0017362988,0.00086884556,0.0011149634,0.7792592,1.0016085,1.0038822,1.00227,18.667618,0.773479,1.2733533,-1.566408,0.00055179524,0.00028135104,1.0,2.9962587,2.865901,0.013303836,0.006213196,0.0,60.361137,89.72948,0.002984363,-0.0012743946,-0.00081378396,0.0001801302,0.006599491,0.0063094427,-0.0012031613,0.001995663,0.0006556149,0.00013688662,0.06859206,0.0022379144,0.001995663,0.0012002134,0.0014769797,0.81261337,1.0031899,1.0058885,1.00269,17.184109,1.2389982,1.3098717,-0.88723654,0.00068945315,0.0005025356,1.0,1.8342055,2.1752644,0.012229528,0.008943763,0.0,63.944572,91.393364,0.007410364,0.0001801302,0.006193447,0.0059325057,0.0029943706,0.017713472,0.00015129574,0.0027881644,0.0018587762,0.00077809236,0.33333334,0.0036026346,0.0027881644,0.003015883,0.0032500806,0.927941,1.0065035,1.0109634,1.0044312,19.196178,1.4709086,1.560133,-0.09527433,0.0007285976,0.0016263138,1.0,1.2727132,1.8566145,0.020609409,0.014293274,0.0,64.123,84.799286,0.0066359164,0.0006526516,-0.0031990763,0.009307813,-0.00052181474,0.013031829,0.001341124,0.004487328,0.0012613814,0.0018848229,0.71890146,0.008030233,0.004487328,0.004444214,0.005311444,0.8367242,1.0065973,1.0156486,1.008992,10.967583,0.92746764,1.115279,0.030019749,0.0006548551,-0.0022509373,1.0,1.0377539,1.2771821,1.0744045,0.029135572,0.03012941,1.0,57.525936,85.15288,0.002864413
6389,-0.0016587221,-0.0018388522,-0.0033003092,-0.0029837214,-0.0021630048,0.002959306,0.003637781,0.000678475,0.0,0.81349206,0.0012147309,0.004619404,0.000647054,0.00060960976,1.0614233,0.998464,1.0002282,1.0017669,34.556206,-2.491087,0.4214487,-2.709118,0.000760277,-0.0020229197,1.0,0.66967976,1.5300725,0.0033815682,0.004901013,1.0,42.74105,34.875694,-0.002649121,0.0,0.0,1.0,1.0,0.0,0.0,0.0,0.0,1.0,0.0,-0.0001801302,-0.0016415872,-0.0013249995,-0.0005042828,0.00623082,-0.0003170577,0.0003314694,0.0,1.4411714e-05,0.04347826,0.0015149625,0.0003314694,0.0008050434,0.0010893417,0.7390182,1.0012919,1.0035557,1.0022608,17.877394,0.6440461,1.1587787,-0.45733804,0.00036394814,7.802969e-06,1.0,-1.1584905,0.23218615,0.01297055,0.00574875,0.0,59.392963,83.675705,0.0015155233,-0.0001801302,-0.0014545248,-0.00011528707,0.0060133166,0.0066659683,-0.0003170577,0.0003314694,0.0,1.4411714e-05,0.04347826,0.002102114,0.0003314694,0.0012108295,0.0014668922,0.8254386,1.0027219,1.0054822,1.0027529,17.099783,1.1379195,1.2257818,-0.16629902,0.0004993586,1.0077453e-05,1.0,-1.2737867,0.13160707,0.012482539,0.008219708,0.0,63.1396,86.06891,0.00727278,-0.0001801302,0.0,0.006419361,0.0005405854,0.018487127,-0.0003170577,0.0003314694,0.0,1.4411714e-05,0.04347826,0.0033695828,0.0003314694,0.0028577012,0.0032465134,0.880237,1.0057166,1.0103543,1.0046113,20.216978,1.2865797,1.4670805,-0.2105219,0.00053786393,1.07243395e-05,1.0,-1.2656907,0.054348115,0.021502884,0.013060614,0.0,63.699085,89.01905,0.002992151,0.0060133166,0.0066659683,0.00919357,0.008917256,0.021972502,0.0047270423,0.008769528,0.0020392574,0.0020032283,0.76746094,0.0080383355,0.008769528,0.0047144527,0.00531058,0.88774717,1.0114483,1.0209028,1.0093474,11.423878,1.5595683,1.5427119,1.0396042,0.0015636709,0.0051165367,1.0,1.203597,1.3212494,1.2652996,0.030985372,0.030437285,0.0,61.59059,83.23119,0.005462897
6390,0.0013488221,-0.00030989986,-0.0016636841,-0.0016492918,-0.00061970373,0.00128304,0.0019173521,0.00032436405,0.00030994788,0.83082706,0.0012633977,0.0019173521,0.0008246943,0.00067310804,1.2252034,0.9998296,1.0015162,1.0016869,33.684425,-1.038354,0.7894511,1.9513807,0.0014016811,0.0007069737,1.0,0.09912966,1.076052,0.0031732875,0.0051586926,1.0,51.75722,45.324715,-0.0013029644,0.03846154,0.23931566,0.97094184,1.0,0.0,0.0,0.0,0.0,1.0,0.0,-0.0001801302,-0.0016415872,-0.0013249995,-0.0005042828,0.00623082,-0.0003170577,0.0003314694,0.0,1.4411714e-05,0.04347826,0.0015149625,0.0003314694,0.0008050434,0.0010893417,0.7390182,1.0012919,1.0035557,1.0022608,17.877394,0.6440461,1.1587787,-0.45733804,0.00036394814,7.802969e-06,1.0,-1.1584905,0.23218615,0.01297055,0.00574875,0.0,59.392963,83.675705,0.0015155233,-0.0001801302,-0.0014545248,-0.00011528707,0.0060133166,0.0066659683,-0.0003170577,0.0003314694,0.0,1.4411714e-05,0.04347826,0.002102114,0.0003314694,0.0012108295,0.0014668922,0.8254386,1.0027219,1.0054822,1.0027529,17.099783,1.1379195,1.2257818,-0.16629902,0.0004993586,1.0077453e-05,1.0,-1.2737867,0.13160707,0.012482539,0.008219708,0.0,63.1396,86.06891,0.00727278,-0.0001801302,0.0,0.006419361,0.0005405854,0.018487127,-0.0003170577,0.0003314694,0.0,1.4411714e-05,0.04347826,0.0033695828,0.0003314694,0.0028577012,0.0032465134,0.880237,1.0057166,1.0103543,1.0046113,20.216978,1.2865797,1.4670805,-0.2105219,0.00053786393,1.07243395e-05,1.0,-1.2656907,0.054348115,0.021502884,0.013060614,0.0,63.699085,89.01905,0.002992151,0.0060133166,0.0066659683,0.00919357,0.008917256,0.021972502,0.0047270423,0.008769528,0.0020392574,0.0020032283,0.76746094,0.0080383355,0.008769528,0.0047144527,0.00531058,0.88774717,1.0114483,1.0209028,1.0093474,11.423878,1.5595683,1.5427119,1.0396042,0.0015636709,0.0051165367,1.0,1.203597,1.3212494,1.2652996,0.030985372,0.030437285,0.0,61.59059,83.23119,0.005462897
6391,-0.0005263291,0.00082249305,-0.0010163592,-0.0022907536,-0.00095151603,-0.0005481033,0.0010240877,0.00014423771,0.0003317467,0.32394367,0.0012469217,0.0010240877,0.00081591075,0.0006424493,1.2700001,0.9993698,1.0009505,1.0015817,32.87492,-1.5408247,0.6030586,-0.75417256,0.0006214974,0.00025467708,1.0,-0.13014266,0.8984967,0.00336586,0.0050599743,1.0,48.543724,55.290718,-0.0021588947,0.07692308,0.46472317,0.885456,1.0,0.0,0.0,0.0,0.0,1.0,0.0,-0.00030989986,-0.00049003004,-0.0017644246,-0.00042518694,0.006109461,0.00430323,0.004627594,0.00032436405,0.0,0.92990655,0.0017377294,0.004627594,0.0006544961,0.0010657861,0.61409706,1.0008881,1.0031171,1.002227,18.804823,0.47610685,1.0084342,-0.6141481,0.0013262887,-0.0012722444,1.0,0.51611245,1.330656,0.012200512,0.006965755,0.0,57.679283,76.25308,-0.00030985184,-0.00030989986,-0.00049003004,-0.001303814,0.0031115226,0.007866051,0.00430323,0.004627594,0.00032436405,0.0,0.92990655,0.0022831105,0.004627594,0.0012527962,0.0014674328,0.85373324,1.002181,1.0049669,1.0027798,16.977633,1.0049615,1.1230382,-0.2532089,0.0013262887,-0.0011369387,1.0,-0.33071738,0.7765339,0.0126968585,0.009202076,0.0,61.70086,79.74755,0.006128162,-0.0001801302,0.0,0.006419361,0.0005405854,0.018487127,-0.0003170577,0.0003314694,0.0,1.4411714e-05,0.04347826,0.0033695828,0.0003314694,0.0028577012,0.0032465134,0.880237,1.0057166,1.0103543,1.0046113,20.216978,1.2865797,1.4670805,-0.2105219,0.00053786393,1.07243395e-05,1.0,-1.2656907,0.054348115,0.021502884,0.013060614,0.0,63.699085,89.01905,0.002992151,0.0060133166,0.0066659683,0.00919357,0.008917256,0.021972502,0.0047270423,0.008769528,0.0020392574,0.0020032283,0.76746094,0.0080383355,0.008769528,0.0047144527,0.00531058,0.88774717,1.0114483,1.0209028,1.0093474,11.423878,1.5595683,1.5427119,1.0396042,0.0015636709,0.0051165367,1.0,1.203597,1.3212494,1.2652996,0.030985372,0.030437285,0.0,61.59059,83.23119,0.005462897
6392,0.00037494773,-0.00015138136,-0.00046128122,-0.0018006732,-0.00023066721,0.00037487745,0.0010020762,0.00033162234,0.00029557644,0.66906476,0.0012289988,0.0010020762,0.00083497306,0.00064006326,1.3045164,0.99976885,1.0012738,1.0015053,32.1094,-1.0232997,0.6845435,0.6561614,0.0008438422,0.00015245151,1.0,-0.34136862,0.73347586,0.0034662848,0.004958099,1.0,50.883114,61.285664,-0.0017990529,0.115384616,0.66312265,0.7485108,1.0,0.0,0.0,0.0,0.0,0.0,0.0,-0.00030989986,-0.00049003004,-0.0017644246,-0.00042518694,0.006109461,0.00430323,0.004627594,0.00032436405,0.0,0.92990655,0.0017377294,0.004627594,0.0006544961,0.0010657861,0.61409706,1.0008881,1.0031171,1.002227,18.804823,0.47610685,1.0084342,-0.6141481,0.0013262887,-0.0012722444,1.0,0.51611245,1.330656,0.012200512,0.006965755,0.0,57.679283,76.25308,-0.00030985184,-0.00030989986,-0.00049003004,-0.001303814,0.0031115226,0.007866051,0.00430323,0.004627594,0.00032436405,0.0,0.92990655,0.0022831105,0.004627594,0.0012527962,0.0014674328,0.85373324,1.002181,1.0049669,1.0027798,16.977633,1.0049615,1.1230382,-0.2532089,0.0013262887,-0.0011369387,1.0,-0.33071738,0.7765339,0.0126968585,0.009202076,0.0,61.70086,79.74755,0.006128162,-0.0001801302,0.0,0.006419361,0.0005405854,0.018487127,-0.0003170577,0.0003314694,0.0,1.4411714e-05,0.04347826,0.0033695828,0.0003314694,0.0028577012,0.0032465134,0.880237,1.0057166,1.0103543,1.0046113,20.216978,1.2865797,1.4670805,-0.2105219,0.00053786393,1.07243395e-05,1.0,-1.2656907,0.054348115,0.021502884,0.013060614,0.0,63.699085,89.01905,0.002992151,0.0060133166,0.0066659683,0.00919357,0.008917256,0.021972502,0.0047270423,0.008769528,0.0020392574,0.0020032283,0.76746094,0.0080383355,0.008769528,0.0047144527,0.00531058,0.88774717,1.0114483,1.0209028,1.0093474,11.423878,1.5595683,1.5427119,1.0396042,0.0015636709,0.0051165367,1.0,1.203597,1.3212494,1.2652996,0.030985372,0.030437285,0.0,61.59059,83.23119,0.005462897
6393,-0.0002379313,0.00013701642,0.0009595095,-0.0023407997,-0.0006848007,-0.00023795961,0.0008941512,4.3265383e-05,0.00061292626,0.6854839,0.0012053526,0.0008941512,0.00082854356,0.00064090785,1.2927655,0.9995757,1.0009949,1.0014198,31.514557,-1.1755501,0.58362,-0.27735114,0.00048594124,0.000120215,1.0,0.4207011,1.3184619,0.003607574,0.004827596,0.0,49.349754,59.3355,-0.0021514196,0.15384616,0.82298386,0.56806475,1.0,0.0,0.0,0.0,0.0,0.0,0.0,-0.00015138136,-0.00046128122,-0.0021028684,-0.0004468694,0.0055520358,-0.00017302037,0.0010381221,0.000158602,0.0007064998,0.6805556,0.0016880017,0.0010381221,0.0006271872,0.0010681235,0.58718604,1.0006664,1.0028486,1.0021808,19.666008,0.34897354,0.91975087,-0.45934796,0.00077202154,0.00040354926,1.0,-0.26892284,0.8279899,0.011179046,0.006698779,0.0,56.81708,70.78804,-0.00096509804,-0.00030989986,-0.00049003004,-0.001303814,0.0031115226,0.007866051,0.00430323,0.004627594,0.00032436405,0.0,0.92990655,0.0022831105,0.004627594,0.0012527962,0.0014674328,0.85373324,1.002181,1.0049669,1.0027798,16.977633,1.0049615,1.1230382,-0.2532089,0.0013262887,-0.0011369387,1.0,-0.33071738,0.7765339,0.0126968585,0.009202076,0.0,61.70086,79.74755,0.006128162,-0.0001801302,0.0,0.006419361,0.0005405854,0.018487127,-0.0003170577,0.0003314694,0.0,1.4411714e-05,0.04347826,0.0033695828,0.0003314694,0.0028577012,0.0032465134,0.880237,1.0057166,1.0103543,1.0046113,20.216978,1.2865797,1.4670805,-0.2105219,0.00053786393,1.07243395e-05,1.0,-1.2656907,0.054348115,0.021502884,0.013060614,0.0,63.699085,89.01905,0.002992151,0.0060133166,0.0066659683,0.00919357,0.008917256,0.021972502,0.0047270423,0.008769528,0.0020392574,0.0020032283,0.76746094,0.0080383355,0.008769528,0.0047144527,0.00531058,0.88774717,1.0114483,1.0209028,1.0093474,11.423878,1.5595683,1.5427119,1.0396042,0.0015636709,0.0051165367,1.0,1.203597,1.3212494,1.2652996,0.030985372,0.030437285,0.0,61.59059,83.23119,0.005462897
6394,0.0007496522,0.00051172095,0.0003603396,-0.0013033446,-0.0008642856,0.00082863175,0.0014122768,0.0002089593,0.00037468565,0.8520408,0.0012192942,0.0014122768,0.0008834781,0.00066481926,1.3288996,1.0002943,1.001677,1.0013822,30.273508,-0.34994388,0.78061175,1.1471095,0.0011189908,0.00011610098,1.0,-0.2766818,0.79346746,0.0036164455,0.0049025617,1.0,54.04941,63.77754,-0.0012881219,0.1923077,0.9350162,0.3546049,1.0,0.0,0.0,0.0,0.0,0.0,0.0,-0.00015138136,-0.00046128122,-0.0021028684,-0.0004468694,0.0055520358,-0.00017302037,0.0010381221,0.000158602,0.0007064998,0.6805556,0.0016880017,0.0010381221,0.0006271872,0.0010681235,0.58718604,1.0006664,1.0028486,1.0021808,19.666008,0.34897354,0.91975087,-0.45934796,0.00077202154,0.00040354926,1.0,-0.26892284,0.8279899,0.011179046,0.006698779,0.0,56.81708,70.78804,-0.00096509804,-0.00030989986,-0.00049003004,-0.001303814,0.0031115226,0.007866051,0.00430323,0.004627594,0.00032436405,0.0,0.92990655,0.0022831105,0.004627594,0.0012527962,0.0014674328,0.85373324,1.002181,1.0049669,1.0027798,16.977633,1.0049615,1.1230382,-0.2532089,0.0013262887,-0.0011369387,1.0,-0.33071738,0.7765339,0.0126968585,0.009202076,0.0,61.70086,79.74755,0.006128162,-0.0001801302,0.0,0.006419361,0.0005405854,0.018487127,-0.0003170577,0.0003314694,0.0,1.4411714e-05,0.04347826,0.0033695828,0.0003314694,0.0028577012,0.0032465134,0.880237,1.0057166,1.0103543,1.0046113,20.216978,1.2865797,1.4670805,-0.2105219,0.00053786393,1.07243395e-05,1.0,-1.2656907,0.054348115,0.021502884,0.013060614,0.0,63.699085,89.01905,0.002992151,0.0060133166,0.0066659683,0.00919357,0.008917256,0.021972502,0.0047270423,0.008769528,0.0020392574,0.0020032283,0.76746094,0.0080383355,0.008769528,0.0047144527,0.00531058,0.88774717,1.0114483,1.0209028,1.0093474,11.423878,1.5595683,1.5427119,1.0396042,0.0015636709,0.0051165367,1.0,1.203597,1.3212494,1.2652996,0.030985372,0.030437285,0.0,61.59059,83.23119,0.005462897
6395,0.0008138895,0.0015635417,0.0017005581,0.000684199,-0.00012958497,0.000820758,0.0011375417,0.0,0.0003167838,1.0,0.0012125336,0.0011375417,0.0009250599,0.00068815536,1.3442603,1.001003,1.0023946,1.0013901,28.55258,0.48530057,0.99146193,1.1282879,0.0017465624,0.00018543453,1.0,-0.21380255,0.83971375,0.0036294013,0.0048653916,1.0,58.549717,70.42254,-0.00077695603,0.23076923,0.99270886,0.12053668,1.0,0.0,0.0,0.0,0.0,0.0,0.0,0.00051172095,0.0003603396,-0.00012969047,-0.0009434744,0.0034718623,0.00051159004,0.0015707975,0.0002089593,0.0008502482,0.8669725,0.0016788282,0.0015707975,0.00064494833,0.0010656952,0.6051902,1.0010662,1.0032296,1.0021611,20.148802,0.45212993,1.0670182,0.13782167,0.0009778668,0.0003057422,1.0,0.13246344,1.0816901,0.009900892,0.0066560986,0.0,59.046074,68.571846,-6.484523e-05,0.0003603396,5.0439725e-05,-0.0014040851,0.002850228,0.005918781,0.0003386582,0.0015707975,0.0002089593,0.0010231801,0.8669725,0.0022314673,0.0015707975,0.0012537098,0.0014190907,0.88346,1.0022995,1.0051191,1.0028131,16.738153,1.0360577,1.1431881,0.14356756,0.00091394875,0.0007734408,1.0,0.17156696,1.1139044,0.0130786775,0.008921088,0.0,62.76338,78.973625,0.006082178,-0.0001801302,0.0,0.006419361,0.0005405854,0.018487127,-0.0003170577,0.0003314694,0.0,1.4411714e-05,0.04347826,0.0033695828,0.0003314694,0.0028577012,0.0032465134,0.880237,1.0057166,1.0103543,1.0046113,20.216978,1.2865797,1.4670805,-0.2105219,0.00053786393,1.07243395e-05,1.0,-1.2656907,0.054348115,0.021502884,0.013060614,0.0,63.699085,89.01905,0.002992151,0.0060133166,0.0066659683,0.00919357,0.008917256,0.021972502,0.0047270423,0.008769528,0.0020392574,0.0020032283,0.76746094,0.0080383355,0.008769528,0.0047144527,0.00531058,0.88774717,1.0114483,1.0209028,1.0093474,11.423878,1.5595683,1.5427119,1.0396042,0.0015636709,0.0051165367,1.0,1.203597,1.3212494,1.2652996,0.030985372,0.030437285,0.0,61.59059,83.23119,0.005462897
6396,-0.0003888557,0.00042503377,0.00093675475,0.0004754735,-0.0005184407,-0.00030250213,0.00074905285,0.00036012157,8.642918e-05,0.115384616,0.0011798658,0.00074905285,0.0009281565,0.0006894805,1.3461679,1.0005554,1.0019261,1.00137,26.705381,0.030175578,0.8364585,-0.6151879,0.0012017955,0.00015672775,1.0,-0.2934787,0.78332907,0.0035826638,0.0046890867,1.0,55.740273,76.309135,-0.0008779252,0.26923078,0.99270886,-0.12053668,1.0,0.0,0.0,0.0,0.0,0.0,0.0,0.00051172095,0.0003603396,-0.00012969047,-0.0009434744,0.0034718623,0.00051159004,0.0015707975,0.0002089593,0.0008502482,0.8669725,0.0016788282,0.0015707975,0.00064494833,0.0010656952,0.6051902,1.0010662,1.0032296,1.0021611,20.148802,0.45212993,1.0670182,0.13782167,0.0009778668,0.0003057422,1.0,0.13246344,1.0816901,0.009900892,0.0066560986,0.0,59.046074,68.571846,-6.484523e-05,0.0003603396,5.0439725e-05,-0.0014040851,0.002850228,0.005918781,0.0003386582,0.0015707975,0.0002089593,0.0010231801,0.8669725,0.0022314673,0.0015707975,0.0012537098,0.0014190907,0.88346,1.0022995,1.0051191,1.0028131,16.738153,1.0360577,1.1431881,0.14356756,0.00091394875,0.0007734408,1.0,0.17156696,1.1139044,0.0130786775,0.008921088,0.0,62.76338,78.973625,0.006082178,-0.0001801302,0.0,0.006419361,0.0005405854,0.018487127,-0.0003170577,0.0003314694,0.0,1.4411714e-05,0.04347826,0.0033695828,0.0003314694,0.0028577012,0.0032465134,0.880237,1.0057166,1.0103543,1.0046113,20.216978,1.2865797,1.4670805,-0.2105219,0.00053786393,1.07243395e-05,1.0,-1.2656907,0.054348115,0.021502884,0.013060614,0.0,63.699085,89.01905,0.002992151,0.0060133166,0.0066659683,0.00919357,0.008917256,0.021972502,0.0047270423,0.008769528,0.0020392574,0.0020032283,0.76746094,0.0080383355,0.008769528,0.0047144527,0.00531058,0.88774717,1.0114483,1.0209028,1.0093474,11.423878,1.5595683,1.5427119,1.0396042,0.0015636709,0.0051165367,1.0,1.203597,1.3212494,1.2652996,0.030985372,0.030437285,0.0,61.59059,83.23119,0.005462897
6397,0.00018004458,-0.0002088111,0.0013547306,0.0023142402,-0.0006694814,0.0001224193,0.00067690667,0.0003312522,0.00022323518,0.5106383,0.0011437428,0.00067690667,0.00084739906,0.0006890285,1.2298462,1.0006654,1.0020237,1.0013574,25.060595,0.19082467,0.8572674,0.212688,0.0013268916,5.4791668e-05,1.0,-0.90373677,0.32324094,0.0035604392,0.0044996124,0.0,56.774387,79.34272,0.00047550088,0.30769232,0.9350162,-0.3546049,1.0,0.0,0.0,0.0,0.0,0.0,0.0,0.00042503377,0.00093675475,0.0004754735,-0.00084952597,0.0015857916,0.0004321459,0.0014116766,0.00066262373,0.00031690698,0.53061223,0.0016590834,0.0014116766,0.0006569186,0.0010548402,0.6227661,1.0013496,1.0035123,1.0021598,19.90902,0.54940414,1.1767513,0.08505469,0.0011165066,0.00028628958,1.0,-0.25177184,0.84328914,0.008788428,0.006557407,0.0,60.854324,69.66414,0.00049000536,0.0003603396,5.0439725e-05,-0.0014040851,0.002850228,0.005918781,0.0003386582,0.0015707975,0.0002089593,0.0010231801,0.8669725,0.0022314673,0.0015707975,0.0012537098,0.0014190907,0.88346,1.0022995,1.0051191,1.0028131,16.738153,1.0360577,1.1431881,0.14356756,0.00091394875,0.0007734408,1.0,0.17156696,1.1139044,0.0130786775,0.008921088,0.0,62.76338,78.973625,0.006082178,-0.0001801302,0.0,0.006419361,0.0005405854,0.018487127,-0.0003170577,0.0003314694,0.0,1.4411714e-05,0.04347826,0.0033695828,0.0003314694,0.0028577012,0.0032465134,0.880237,1.0057166,1.0103543,1.0046113,20.216978,1.2865797,1.4670805,-0.2105219,0.00053786393,1.07243395e-05,1.0,-1.2656907,0.054348115,0.021502884,0.013060614,0.0,63.699085,89.01905,0.002992151,0.0060133166,0.0066659683,0.00919357,0.008917256,0.021972502,0.0047270423,0.008769528,0.0020392574,0.0020032283,0.76746094,0.0080383355,0.008769528,0.0047144527,0.00531058,0.88774717,1.0114483,1.0209028,1.0093474,11.423878,1.5595683,1.5427119,1.0396042,0.0015636709,0.0051165367,1.0,1.203597,1.3212494,1.2652996,0.030985372,0.030437285,0.0,61.59059,83.23119,0.005462897
6398,0.00032399857,0.0005040431,0.0009290769,0.0012894166,-0.00035987535,0.0003167473,0.00082066347,0.00041753054,8.6385626e-05,0.49122807,0.0011203217,0.00082066347,0.00084734545,0.0006603171,1.2832402,1.0008954,1.0022562,1.0013596,23.404375,0.541089,0.9213111,0.48576513,0.0015457649,0.00010481608,1.0,-0.58806735,0.55347514,0.0035660383,0.004382393,1.0,58.64731,79.92055,0.0009799965,0.34615386,0.82298386,-0.56806475,1.0,0.0,0.0,0.0,0.0,0.0,0.0,0.00042503377,0.00093675475,0.0004754735,-0.00084952597,0.0015857916,0.0004321459,0.0014116766,0.00066262373,0.00031690698,0.53061223,0.0016590834,0.0014116766,0.0006569186,0.0010548402,0.6227661,1.0013496,1.0035123,1.0021598,19.90902,0.54940414,1.1767513,0.08505469,0.0011165066,0.00028628958,1.0,-0.25177184,0.84328914,0.008788428,0.006557407,0.0,60.854324,69.66414,0.00049000536,0.0003603396,5.0439725e-05,-0.0014040851,0.002850228,0.005918781,0.0003386582,0.0015707975,0.0002089593,0.0010231801,0.8669725,0.0022314673,0.0015707975,0.0012537098,0.0014190907,0.88346,1.0022995,1.0051191,1.0028131,16.738153,1.0360577,1.1431881,0.14356756,0.00091394875,0.0007734408,1.0,0.17156696,1.1139044,0.0130786775,0.008921088,0.0,62.76338,78.973625,0.006082178,-0.0001801302,0.0,0.006419361,0.0005405854,0.018487127,-0.0003170577,0.0003314694,0.0,1.4411714e-05,0.04347826,0.0033695828,0.0003314694,0.0028577012,0.0032465134,0.880237,1.0057166,1.0103543,1.0046113,20.216978,1.2865797,1.4670805,-0.2105219,0.00053786393,1.07243395e-05,1.0,-1.2656907,0.054348115,0.021502884,0.013060614,0.0,63.699085,89.01905,0.002992151,0.0060133166,0.0066659683,0.00919357,0.008917256,0.021972502,0.0047270423,0.008769528,0.0020392574,0.0020032283,0.76746094,0.0080383355,0.008769528,0.0047144527,0.00531058,0.88774717,1.0114483,1.0209028,1.0093474,11.423878,1.5595683,1.5427119,1.0396042,0.0015636709,0.0051165367,1.0,1.203597,1.3212494,1.2652996,0.030985372,0.030437285,0.0,61.59059,83.23119,0.005462897
6399,4.319188e-05,0.00036719046,0.00015837935,0.0018589374,-0.00043181624,6.478642e-05,0.0006550627,0.00035272606,0.00023755021,0.46153846,0.001087044,0.0006550627,0.00058588904,0.00066014816,0.8875114,1.0008491,1.0022091,1.0013587,21.866457,0.5861822,0.90154016,0.06324665,0.0014935116,9.55291e-05,1.0,-0.57204443,0.55848384,0.0035692612,0.0042143986,1.0,58.902996,83.81143,0.0026850288,0.3846154,0.66312265,-0.7485108,1.0,0.0,0.0,0.0,0.0,0.0,0.0,0.0005040431,0.0009290769,0.0012894166,-0.0004750081,0.003779305,0.00044632572,0.0010870191,0.00041753054,0.00022316286,0.615894,0.0016174454,0.0010870191,0.0005911566,0.0010480841,0.5640354,1.0016775,1.00386,1.0021789,19.489141,0.74201196,1.3017193,0.12794705,0.0014655826,0.00015452778,1.0,-0.8409074,0.50224715,0.007214989,0.0063440045,0.0,62.94479,76.88696,-1.4397397e-05,0.0009290769,0.0012894166,0.0007993865,0.0009795167,0.006731892,0.00093584426,0.0016701221,0.00041753054,0.0003167473,0.75,0.002189447,0.0016701221,0.0010557488,0.0012096362,0.8727821,1.0029225,1.0058146,1.0028836,15.938756,1.1810216,1.2777685,0.4742215,0.0013919963,0.00045057907,1.0,-0.27231428,0.8383696,0.013359075,0.008700201,0.0,65.42824,82.204796,0.0044106375,0.0009795167,0.0007993865,0.006992833,0.0071088294,0.016300647,0.0055862702,0.006003801,0.00041753054,0.0,0.9304556,0.0035546778,0.006003801,0.0028651322,0.003245641,0.8827631,1.00606,1.0108947,1.0048054,19.644926,1.3084098,1.511221,0.13117687,0.0017229134,-0.00020685254,1.0,0.08319236,1.0563128,0.022399727,0.014092338,0.0,65.052605,86.265236,0.0038009626,0.0060133166,0.0066659683,0.00919357,0.008917256,0.021972502,0.0047270423,0.008769528,0.0020392574,0.0020032283,0.76746094,0.0080383355,0.008769528,0.0047144527,0.00531058,0.88774717,1.0114483,1.0209028,1.0093474,11.423878,1.5595683,1.5427119,1.0396042,0.0015636709,0.0051165367,1.0,1.203597,1.3212494,1.2652996,0.030985372,0.030437285,0.0,61.59059,83.23119,0.005462897
6400,-5.7589587e-05,-1.4397708e-05,0.00048964546,0.0014264002,-0.00037427305,-4.3193435e-05,0.00051832123,5.7591245e-05,0.00041753653,0.8055556,0.0010464791,0.00051832123,0.00045090387,0.0006602804,0.68289757,1.0007161,1.0020669,1.0013498,20.356176,0.5253208,0.8489469,-0.08503937,0.0013473266,8.8807414e-05,1.0,-0.42849565,0.67024404,0.0035662758,0.0040107025,0.0,58.384636,87.90846,0.001275832,0.42307693,0.46472317,-0.885456,1.0,0.0,0.0,0.0,0.0,0.0,0.0,0.0005040431,0.0009290769,0.0012894166,-0.0004750081,0.003779305,0.00044632572,0.0010870191,0.00041753054,0.00022316286,0.615894,0.0016174454,0.0010870191,0.0005911566,0.0010480841,0.5640354,1.0016775,1.00386,1.0021789,19.489141,0.74201196,1.3017193,0.12794705,0.0014655826,0.00015452778,1.0,-0.8409074,0.50224715,0.007214989,0.0063440045,0.0,62.94479,76.88696,-1.4397397e-05,0.0009290769,0.0012894166,0.0007993865,0.0009795167,0.006731892,0.00093584426,0.0016701221,0.00041753054,0.0003167473,0.75,0.002189447,0.0016701221,0.0010557488,0.0012096362,0.8727821,1.0029225,1.0058146,1.0028836,15.938756,1.1810216,1.2777685,0.4742215,0.0013919963,0.00045057907,1.0,-0.27231428,0.8383696,0.013359075,0.008700201,0.0,65.42824,82.204796,0.0044106375,0.0009795167,0.0007993865,0.006992833,0.0071088294,0.016300647,0.0055862702,0.006003801,0.00041753054,0.0,0.9304556,0.0035546778,0.006003801,0.0028651322,0.003245641,0.8827631,1.00606,1.0108947,1.0048054,19.644926,1.3084098,1.511221,0.13117687,0.0017229134,-0.00020685254,1.0,0.08319236,1.0563128,0.022399727,0.014092338,0.0,65.052605,86.265236,0.0038009626,0.0060133166,0.0066659683,0.00919357,0.008917256,0.021972502,0.0047270423,0.008769528,0.0020392574,0.0020032283,0.76746094,0.0080383355,0.008769528,0.0047144527,0.00531058,0.88774717,1.0114483,1.0209028,1.0093474,11.423878,1.5595683,1.5427119,1.0396042,0.0015636709,0.0051165367,1.0,1.203597,1.3212494,1.2652996,0.030985372,0.030437285,0.0,61.59059,83.23119,0.005462897
6401,-0.00011518913,-0.00017277872,0.00019441174,0.0015491423,-0.0007916574,-9.359656e-05,0.00058317854,0.0,0.00048958196,0.83950615,0.0010150409,0.0006047778,0.0004006008,0.0006559782,0.6106922,1.0005436,1.0018747,1.0013304,19.158508,0.43341002,0.77908725,-0.13938823,0.0011901165,4.222148e-05,1.0,-0.75481004,0.40577248,0.0035005403,0.0038595404,1.0,57.298584,90.179665,0.0016875812,0.46153846,0.23931566,-0.97094184,1.0,0.0,0.0,0.0,0.0,0.0,0.0,-1.4397708e-05,0.00048964546,0.0014264002,-0.0006764683,0.002479495,7.1989057e-06,0.0008278742,0.00041033764,0.00041033764,0.5043478,0.001561069,0.0008278742,0.0005795453,0.0010515328,0.5511433,1.0015044,1.0036942,1.0021865,19.099253,0.764973,1.2505096,-0.34551418,0.0012743127,0.00017715034,1.0,-0.5814953,0.67856395,0.0051530446,0.0060552773,0.0,62.84153,81.47346,-0.00035981578,0.0009290769,0.0012894166,0.0007993865,0.0009795167,0.006731892,0.00093584426,0.0016701221,0.00041753054,0.0003167473,0.75,0.002189447,0.0016701221,0.0010557488,0.0012096362,0.8727821,1.0029225,1.0058146,1.0028836,15.938756,1.1810216,1.2777685,0.4742215,0.0013919963,0.00045057907,1.0,-0.27231428,0.8383696,0.013359075,0.008700201,0.0,65.42824,82.204796,0.0044106375,0.0009795167,0.0007993865,0.006992833,0.0071088294,0.016300647,0.0055862702,0.006003801,0.00041753054,0.0,0.9304556,0.0035546778,0.006003801,0.0028651322,0.003245641,0.8827631,1.00606,1.0108947,1.0048054,19.644926,1.3084098,1.511221,0.13117687,0.0017229134,-0.00020685254,1.0,0.08319236,1.0563128,0.022399727,0.014092338,0.0,65.052605,86.265236,0.0038009626,0.0060133166,0.0066659683,0.00919357,0.008917256,0.021972502,0.0047270423,0.008769528,0.0020392574,0.0020032283,0.76746094,0.0080383355,0.008769528,0.0047144527,0.00531058,0.88774717,1.0114483,1.0209028,1.0093474,11.423878,1.5595683,1.5427119,1.0396042,0.0015636709,0.0051165367,1.0,1.203597,1.3212494,1.2652996,0.030985372,0.030437285,0.0,61.59059,83.23119,0.005462897
6402,0.0002591569,0.00014396776,0.00012957005,0.001058647,-0.0002446976,0.00029511264,0.0004894551,0.00014395738,5.0385086e-05,0.7058824,0.0009772548,0.0004894551,0.0003956167,0.0006590036,0.6003255,1.0007263,1.0020505,1.0013232,17.895575,0.74356693,0.8360615,0.41072938,0.0013939618,5.5049415e-05,1.0,-0.6782084,0.44804758,0.0034589013,0.0036775193,1.0,59.14027,92.52683,0.0015716016,0.5,1.2246469e-16,-1.0,1.0,0.0,0.0,0.0,0.0,0.0,0.0,-1.4397708e-05,0.00048964546,0.0014264002,-0.0006764683,0.002479495,7.1989057e-06,0.0008278742,0.00041033764,0.00041033764,0.5043478,0.001561069,0.0008278742,0.0005795453,0.0010515328,0.5511433,1.0015044,1.0036942,1.0021865,19.099253,0.764973,1.2505096,-0.34551418,0.0012743127,0.00017715034,1.0,-0.5814953,0.67856395,0.0051530446,0.0060552773,0.0,62.84153,81.47346,-0.00035981578,0.0009290769,0.0012894166,0.0007993865,0.0009795167,0.006731892,0.00093584426,0.0016701221,0.00041753054,0.0003167473,0.75,0.002189447,0.0016701221,0.0010557488,0.0012096362,0.8727821,1.0029225,1.0058146,1.0028836,15.938756,1.1810216,1.2777685,0.4742215,0.0013919963,0.00045057907,1.0,-0.27231428,0.8383696,0.013359075,0.008700201,0.0,65.42824,82.204796,0.0044106375,0.0009795167,0.0007993865,0.006992833,0.0071088294,0.016300647,0.0055862702,0.006003801,0.00041753054,0.0,0.9304556,0.0035546778,0.006003801,0.0028651322,0.003245641,0.8827631,1.00606,1.0108947,1.0048054,19.644926,1.3084098,1.511221,0.13117687,0.0017229134,-0.00020685254,1.0,0.08319236,1.0563128,0.022399727,0.014092338,0.0,65.052605,86.265236,0.0038009626,0.0060133166,0.0066659683,0.00919357,0.008917256,0.021972502,0.0047270423,0.008769528,0.0020392574,0.0020032283,0.76746094,0.0080383355,0.008769528,0.0047144527,0.00531058,0.88774717,1.0114483,1.0209028,1.0093474,11.423878,1.5595683,1.5427119,1.0396042,0.0015636709,0.0051165367,1.0,1.203597,1.3212494,1.2652996,0.030985372,0.030437285,0.0,61.59059,83.23119,0.005462897
6403,0.00042458414,0.000683741,0.00051096233,0.00066934165,0.0013535407,0.00039571477,0.00063314365,0.0001510911,8.6337765e-05,0.7613636,0.00095229025,0.00063314365,0.00037716812,0.0006657321,0.56654644,1.0010415,1.0023787,1.0013357,17.204634,1.2111105,0.95712715,0.63182604,0.0017416116,7.639134e-05,1.0,-0.5657149,0.53197324,0.0034764686,0.0035670646,1.0,62.03056,93.958084,0.0022353781,0.53846157,-0.23931566,-0.97094184,1.0,0.0,0.0,0.0,0.0,0.0,0.0,0.00014396776,0.00012957005,0.001058647,0.0009289565,0.0011090867,0.000165551,0.0008925358,0.00014395738,0.00058302743,0.83870965,0.001513108,0.0008925358,0.00058002135,0.0009096028,0.63766444,1.0014914,1.0036876,1.002193,18.856453,0.85993016,1.2506413,-0.09076238,0.001324919,9.329984e-05,1.0,-0.9107096,0.47218847,0.004211343,0.005817809,1.0,63.48659,84.6515,-0.00034537842,0.00012957005,0.001058647,0.0011090867,0.0009937997,0.0066295713,0.00015115525,0.0010148996,0.00026632118,0.0005974232,0.73758864,0.0021052873,0.0010148996,0.0010578125,0.0011928331,0.88680685,1.002761,1.0057104,1.0029414,15.196459,1.101618,1.2481434,-0.21728331,0.0012637718,0.00025799824,1.0,-0.61814755,0.6620258,0.0134081645,0.00825722,0.0,65.79607,86.670166,0.0039165244,0.0009795167,0.0007993865,0.006992833,0.0071088294,0.016300647,0.0055862702,0.006003801,0.00041753054,0.0,0.9304556,0.0035546778,0.006003801,0.0028651322,0.003245641,0.8827631,1.00606,1.0108947,1.0048054,19.644926,1.3084098,1.511221,0.13117687,0.0017229134,-0.00020685254,1.0,0.08319236,1.0563128,0.022399727,0.014092338,0.0,65.052605,86.265236,0.0038009626,0.0060133166,0.0066659683,0.00919357,0.008917256,0.021972502,0.0047270423,0.008769528,0.0020392574,0.0020032283,0.76746094,0.0080383355,0.008769528,0.0047144527,0.00531058,0.88774717,1.0114483,1.0209028,1.0093474,11.423878,1.5595683,1.5427119,1.0396042,0.0015636709,0.0051165367,1.0,1.203597,1.3212494,1.2652996,0.030985372,0.030437285,0.0,61.59059,83.23119,0.005462897
6404,0.00022301436,0.0006475985,0.0007915663,0.0012812117,0.0017566852,0.00021579629,0.0005179111,0.00012947778,0.00017263702,0.75,0.000921066,0.0005179111,0.00032922614,0.00066684134,0.49370983,1.0011443,1.0024999,1.0013542,16.781096,1.3966335,1.0132638,0.3031451,0.0018716062,9.2788745e-05,1.0,-0.46263805,0.6175896,0.0035782424,0.0034239239,0.0,63.49183,95.6443,0.001707702,0.5769231,-0.46472317,-0.885456,1.0,0.0,0.0,0.0,0.0,0.0,0.0,0.00014396776,0.00012957005,0.001058647,0.0009289565,0.0011090867,0.000165551,0.0008925358,0.00014395738,0.00058302743,0.83870965,0.001513108,0.0008925358,0.00058002135,0.0009096028,0.63766444,1.0014914,1.0036876,1.002193,18.856453,0.85993016,1.2506413,-0.09076238,0.001324919,9.329984e-05,1.0,-0.9107096,0.47218847,0.004211343,0.005817809,1.0,63.48659,84.6515,-0.00034537842,0.00012957005,0.001058647,0.0011090867,0.0009937997,0.0066295713,0.00015115525,0.0010148996,0.00026632118,0.0005974232,0.73758864,0.0021052873,0.0010148996,0.0010578125,0.0011928331,0.88680685,1.002761,1.0057104,1.0029414,15.196459,1.101618,1.2481434,-0.21728331,0.0012637718,0.00025799824,1.0,-0.61814755,0.6620258,0.0134081645,0.00825722,0.0,65.79607,86.670166,0.0039165244,0.0009795167,0.0007993865,0.006992833,0.0071088294,0.016300647,0.0055862702,0.006003801,0.00041753054,0.0,0.9304556,0.0035546778,0.006003801,0.0028651322,0.003245641,0.8827631,1.00606,1.0108947,1.0048054,19.644926,1.3084098,1.511221,0.13117687,0.0017229134,-0.00020685254,1.0,0.08319236,1.0563128,0.022399727,0.014092338,0.0,65.052605,86.265236,0.0038009626,0.0060133166,0.0066659683,0.00919357,0.008917256,0.021972502,0.0047270423,0.008769528,0.0020392574,0.0020032283,0.76746094,0.0080383355,0.008769528,0.0047144527,0.00531058,0.88774717,1.0114483,1.0209028,1.0093474,11.423878,1.5595683,1.5427119,1.0396042,0.0015636709,0.0051165367,1.0,1.203597,1.3212494,1.2652996,0.030985372,0.030437285,0.0,61.59059,83.23119,0.005462897
6405,-2.8773253e-05,0.00019424112,0.0008779821,0.0010723938,0.003386634,-5.754733e-05,0.00033089716,5.754733e-05,0.0002158025,0.65217394,0.0008789357,0.00033089716,0.00024277797,0.00066359114,0.36585477,1.0010091,1.002374,1.0013635,16.387808,1.3518045,0.9862526,-0.049864274,0.0017538132,8.92377e-05,1.0,-0.38514087,0.67067915,0.003601578,0.0032239812,0.0,63.15409,95.59138,0.00086395576,0.61538464,-0.66312265,-0.7485108,1.0,0.0,0.0,0.0,0.0,0.0,0.0,0.0006475985,0.0007915663,0.0012812117,0.0017566852,0.0012524024,0.000618616,0.0008344123,0.00012947778,8.631851e-05,0.8448276,0.0014637201,0.0008344123,0.00061669573,0.0007750599,0.7956749,1.001936,1.004167,1.0022267,18.084734,1.3147509,1.4051238,0.65059274,0.0018081369,0.00016363592,1.0,-0.5855344,0.648284,0.004247969,0.0055781957,1.0,66.320015,88.55183,0.0001151046,0.00012957005,0.001058647,0.0011090867,0.0009937997,0.0066295713,0.00015115525,0.0010148996,0.00026632118,0.0005974232,0.73758864,0.0021052873,0.0010148996,0.0010578125,0.0011928331,0.88680685,1.002761,1.0057104,1.0029414,15.196459,1.101618,1.2481434,-0.21728331,0.0012637718,0.00025799824,1.0,-0.61814755,0.6620258,0.0134081645,0.00825722,0.0,65.79607,86.670166,0.0039165244,0.0009795167,0.0007993865,0.006992833,0.0071088294,0.016300647,0.0055862702,0.006003801,0.00041753054,0.0,0.9304556,0.0035546778,0.006003801,0.0028651322,0.003245641,0.8827631,1.00606,1.0108947,1.0048054,19.644926,1.3084098,1.511221,0.13117687,0.0017229134,-0.00020685254,1.0,0.08319236,1.0563128,0.022399727,0.014092338,0.0,65.052605,86.265236,0.0038009626,0.0060133166,0.0066659683,0.00919357,0.008917256,0.021972502,0.0047270423,0.008769528,0.0020392574,0.0020032283,0.76746094,0.0080383355,0.008769528,0.0047144527,0.00531058,0.88774717,1.0114483,1.0209028,1.0093474,11.423878,1.5595683,1.5427119,1.0396042,0.0015636709,0.0051165367,1.0,1.203597,1.3212494,1.2652996,0.030985372,0.030437285,0.0,61.59059,83.23119,0.005462897
6406,0.00020139538,0.00017262212,0.0008202206,0.0009497907,0.0022392073,0.0001582233,0.00040994218,0.00023014298,2.1575905e-05,0.4385965,0.0008468129,0.00043151807,0.00017733705,0.0006612688,0.26817697,1.0010953,1.0024747,1.0013778,16.384829,1.4795818,1.0547215,0.26104248,0.0018730531,8.1942126e-05,1.0,-0.42290723,0.6224291,0.0037447042,0.0030807357,0.0,64.57465,94.784,0.0014548912,0.65384614,-0.82298386,-0.56806475,1.0,0.0,0.0,0.0,0.0,0.0,0.0,0.0006475985,0.0007915663,0.0012812117,0.0017566852,0.0012524024,0.000618616,0.0008344123,0.00012947778,8.631851e-05,0.8448276,0.0014637201,0.0008344123,0.00061669573,0.0007750599,0.7956749,1.001936,1.004167,1.0022267,18.084734,1.3147509,1.4051238,0.65059274,0.0018081369,0.00016363592,1.0,-0.5855344,0.648284,0.004247969,0.0055781957,1.0,66.320015,88.55183,0.0001151046,0.00012957005,0.001058647,0.0011090867,0.0009937997,0.0066295713,0.00015115525,0.0010148996,0.00026632118,0.0005974232,0.73758864,0.0021052873,0.0010148996,0.0010578125,0.0011928331,0.88680685,1.002761,1.0057104,1.0029414,15.196459,1.101618,1.2481434,-0.21728331,0.0012637718,0.00025799824,1.0,-0.61814755,0.6620258,0.0134081645,0.00825722,0.0,65.79607,86.670166,0.0039165244,0.0009795167,0.0007993865,0.006992833,0.0071088294,0.016300647,0.0055862702,0.006003801,0.00041753054,0.0,0.9304556,0.0035546778,0.006003801,0.0028651322,0.003245641,0.8827631,1.00606,1.0108947,1.0048054,19.644926,1.3084098,1.511221,0.13117687,0.0017229134,-0.00020685254,1.0,0.08319236,1.0563128,0.022399727,0.014092338,0.0,65.052605,86.265236,0.0038009626,0.0060133166,0.0066659683,0.00919357,0.008917256,0.021972502,0.0047270423,0.008769528,0.0020392574,0.0020032283,0.76746094,0.0080383355,0.008769528,0.0047144527,0.00531058,0.88774717,1.0114483,1.0209028,1.0093474,11.423878,1.5595683,1.5427119,1.0396042,0.0015636709,0.0051165367,1.0,1.203597,1.3212494,1.2652996,0.030985372,0.030437285,0.0,61.59059,83.23119,0.005462897
6407,5.753409e-05,0.00025892947,0.0004531706,0.0009641329,0.0028230704,7.91071e-05,0.00046025947,2.8766217e-05,0.00035238615,0.9375,0.00081915676,0.00046025947,0.0001789013,0.00059769064,0.2993209,1.001043,1.0024328,1.0013883,16.079601,1.3724155,1.067967,-0.05488035,0.0018323858,9.8281875e-05,1.0,0.1416571,1.0593681,0.0039439257,0.002962509,0.0,64.98997,94.39622,0.0013322099,0.6923077,-0.9350162,-0.3546049,1.0,0.0,0.0,0.0,0.0,0.0,0.0,0.00017262212,0.0008202206,0.0009497907,0.0022392073,0.0018140203,0.00014383937,0.0006472771,0.00023014298,0.00027329478,0.64444447,0.0014051682,0.0006472771,0.0003353484,0.0006440781,0.52066416,1.0019077,1.0041695,1.0022575,17.137974,1.5768818,1.4069704,-0.099107,0.001810358,0.00017041153,1.0,-0.4742011,0.70656437,0.003384724,0.0052926494,1.0,67.05421,92.79807,0.0017507079,0.0008202206,0.0009497907,0.0022392073,0.0009353932,0.0091322195,0.0007911165,0.001107563,0.00023014298,8.630362e-05,0.7922078,0.0020324185,0.001107563,0.00067167793,0.001108428,0.6059734,1.0032414,1.0062778,1.0030266,14.120578,1.2316507,1.3751093,0.28414813,0.0017609616,0.00032232972,1.0,-0.48541823,0.73198503,0.012986722,0.007886621,0.0,68.11024,92.363144,0.0019311697,0.0009795167,0.0007993865,0.006992833,0.0071088294,0.016300647,0.0055862702,0.006003801,0.00041753054,0.0,0.9304556,0.0035546778,0.006003801,0.0028651322,0.003245641,0.8827631,1.00606,1.0108947,1.0048054,19.644926,1.3084098,1.511221,0.13117687,0.0017229134,-0.00020685254,1.0,0.08319236,1.0563128,0.022399727,0.014092338,0.0,65.052605,86.265236,0.0038009626,0.0060133166,0.0066659683,0.00919357,0.008917256,0.021972502,0.0047270423,0.008769528,0.0020392574,0.0020032283,0.76746094,0.0080383355,0.008769528,0.0047144527,0.00531058,0.88774717,1.0114483,1.0209028,1.0093474,11.423878,1.5595683,1.5427119,1.0396042,0.0015636709,0.0051165367,1.0,1.203597,1.3212494,1.2652996,0.030985372,0.030437285,0.0,61.59059,83.23119,0.005462897
6408,7.910397e-05,0.00013663806,0.00030926018,0.0011008264,0.0025272267,8.6291824e-05,0.00032359434,0.00020853858,2.8763941e-05,0.35555556,0.0007836993,0.00032359434,0.00016618025,0.000594318,0.27961507,1.0010152,1.0024133,1.0013967,16.107956,1.296794,1.0941522,-0.040707674,0.0018140912,9.743662e-05,1.0,0.00322384,1.0012896,0.004101158,0.0028034272,0.0,65.58738,93.31717,0.0010870191,0.7307692,-0.99270886,-0.12053668,1.0,0.0,0.0,0.0,0.0,0.0,0.0,0.00017262212,0.0008202206,0.0009497907,0.0022392073,0.0018140203,0.00014383937,0.0006472771,0.00023014298,0.00027329478,0.64444447,0.0014051682,0.0006472771,0.0003353484,0.0006440781,0.52066416,1.0019077,1.0041695,1.0022575,17.137974,1.5768818,1.4069704,-0.099107,0.001810358,0.00017041153,1.0,-0.4742011,0.70656437,0.003384724,0.0052926494,1.0,67.05421,92.79807,0.0017507079,0.0008202206,0.0009497907,0.0022392073,0.0009353932,0.0091322195,0.0007911165,0.001107563,0.00023014298,8.630362e-05,0.7922078,0.0020324185,0.001107563,0.00067167793,0.001108428,0.6059734,1.0032414,1.0062778,1.0030266,14.120578,1.2316507,1.3751093,0.28414813,0.0017609616,0.00032232972,1.0,-0.48541823,0.73198503,0.012986722,0.007886621,0.0,68.11024,92.363144,0.0019311697,0.0009795167,0.0007993865,0.006992833,0.0071088294,0.016300647,0.0055862702,0.006003801,0.00041753054,0.0,0.9304556,0.0035546778,0.006003801,0.0028651322,0.003245641,0.8827631,1.00606,1.0108947,1.0048054,19.644926,1.3084098,1.511221,0.13117687,0.0017229134,-0.00020685254,1.0,0.08319236,1.0563128,0.022399727,0.014092338,0.0,65.052605,86.265236,0.0038009626,0.0060133166,0.0066659683,0.00919357,0.008917256,0.021972502,0.0047270423,0.008769528,0.0020392574,0.0020032283,0.76746094,0.0080383355,0.008769528,0.0047144527,0.00531058,0.88774717,1.0114483,1.0209028,1.0093474,11.423878,1.5595683,1.5427119,1.0396042,0.0015636709,0.0051165367,1.0,1.203597,1.3212494,1.2652996,0.030985372,0.030437285,0.0,61.59059,83.23119,0.005462897
6409,0.0005032423,0.0005823463,0.0008412758,0.0017192579,0.0032684002,0.00051030307,0.0008049852,0.00028030734,1.4374735e-05,0.65178573,0.00078485353,0.0008049852,0.00020515663,0.00043119187,0.4757896,1.0013742,1.0028032,1.001427,16.768044,1.6979914,1.3451148,0.6768375,0.002194859,0.00012171717,1.0,0.60110813,1.2021247,0.003801407,0.002841819,0.0,69.19031,91.84745,0.0015476756,0.7692308,-0.99270886,0.12053668,1.0,0.0,0.0,0.0,0.0,0.0,0.0,0.00013663806,0.00030926018,0.0011008264,0.0025272267,0.0020803572,0.00015820168,0.00071909855,0.00020853858,0.00035235827,0.71,0.001355985,0.00071909855,0.0003122497,0.0005949597,0.524825,1.0018495,1.004137,1.0022833,16.158936,1.6932007,1.3894478,-0.07122838,0.0017585509,0.00018855557,1.0,-0.13377954,0.9162591,0.003054908,0.0050618756,1.0,67.65534,96.44564,0.002068081,0.0008202206,0.0009497907,0.0022392073,0.0009353932,0.0091322195,0.0007911165,0.001107563,0.00023014298,8.630362e-05,0.7922078,0.0020324185,0.001107563,0.00067167793,0.001108428,0.6059734,1.0032414,1.0062778,1.0030266,14.120578,1.2316507,1.3751093,0.28414813,0.0017609616,0.00032232972,1.0,-0.48541823,0.73198503,0.012986722,0.007886621,0.0,68.11024,92.363144,0.0019311697,0.0009795167,0.0007993865,0.006992833,0.0071088294,0.016300647,0.0055862702,0.006003801,0.00041753054,0.0,0.9304556,0.0035546778,0.006003801,0.0028651322,0.003245641,0.8827631,1.00606,1.0108947,1.0048054,19.644926,1.3084098,1.511221,0.13117687,0.0017229134,-0.00020685254,1.0,0.08319236,1.0563128,0.022399727,0.014092338,0.0,65.052605,86.265236,0.0038009626,0.0060133166,0.0066659683,0.00919357,0.008917256,0.021972502,0.0047270423,0.008769528,0.0020392574,0.0020032283,0.76746094,0.0080383355,0.008769528,0.0047144527,0.00531058,0.88774717,1.0114483,1.0209028,1.0093474,11.423878,1.5595683,1.5427119,1.0396042,0.0015636709,0.0051165367,1.0,1.203597,1.3212494,1.2652996,0.030985372,0.030437285,0.0,61.59059,83.23119,0.005462897
6410,0.00040959605,0.0009128384,0.0010494764,0.0018696971,0.002928344,0.0004454343,0.00056038506,0.000100581936,1.43688485e-05,0.82051283,0.0007685216,0.00056038506,0.00020464894,0.00034290086,0.5968166,1.0016142,1.0030875,1.0014709,17.614305,1.8390639,1.5998164,0.7149643,0.0025100023,9.371392e-05,1.0,-0.32450706,0.89489007,0.004028493,0.0027835967,0.0,71.781136,92.374466,0.0020156936,0.8076923,-0.9350162,0.3546049,1.0,0.0,0.0,0.0,0.0,0.0,0.0,0.00013663806,0.00030926018,0.0011008264,0.0025272267,0.0020803572,0.00015820168,0.00071909855,0.00020853858,0.00035235827,0.71,0.001355985,0.00071909855,0.0003122497,0.0005949597,0.524825,1.0018495,1.004137,1.0022833,16.158936,1.6932007,1.3894478,-0.07122838,0.0017585509,0.00018855557,1.0,-0.13377954,0.9162591,0.003054908,0.0050618756,1.0,67.65534,96.44564,0.002068081,0.0008202206,0.0009497907,0.0022392073,0.0009353932,0.0091322195,0.0007911165,0.001107563,0.00023014298,8.630362e-05,0.7922078,0.0020324185,0.001107563,0.00067167793,0.001108428,0.6059734,1.0032414,1.0062778,1.0030266,14.120578,1.2316507,1.3751093,0.28414813,0.0017609616,0.00032232972,1.0,-0.48541823,0.73198503,0.012986722,0.007886621,0.0,68.11024,92.363144,0.0019311697,0.0009795167,0.0007993865,0.006992833,0.0071088294,0.016300647,0.0055862702,0.006003801,0.00041753054,0.0,0.9304556,0.0035546778,0.006003801,0.0028651322,0.003245641,0.8827631,1.00606,1.0108947,1.0048054,19.644926,1.3084098,1.511221,0.13117687,0.0017229134,-0.00020685254,1.0,0.08319236,1.0563128,0.022399727,0.014092338,0.0,65.052605,86.265236,0.0038009626,0.0060133166,0.0066659683,0.00919357,0.008917256,0.021972502,0.0047270423,0.008769528,0.0020392574,0.0020032283,0.76746094,0.0080383355,0.008769528,0.0047144527,0.00531058,0.88774717,1.0114483,1.0209028,1.0093474,11.423878,1.5595683,1.5427119,1.0396042,0.0015636709,0.0051165367,1.0,1.203597,1.3212494,1.2652996,0.030985372,0.030437285,0.0,61.59059,83.23119,0.005462897
6411,-0.00047428446,-6.46884e-05,0.0005176579,0.00097082846,0.0016401701,-0.00045283345,0.0007619102,0.00019407147,0.00011500532,0.1509434,0.0007683879,0.0007619102,0.000282908,0.0003375384,0.83815056,1.0010307,1.0025092,1.001477,18.162893,1.2894473,1.393939,-1.8999938,0.0019416871,9.5303236e-05,1.0,0.2486766,1.0797033,0.0038097638,0.0028099385,0.0,64.9686,87.3732,0.001655939,0.84615386,-0.82298386,0.56806475,1.0,0.0,0.0,0.0,0.0,0.0,1.0,0.0009128384,0.0010494764,0.0018696971,0.002928344,0.0019848696,0.0009196063,0.0010345571,0.000100581936,1.43688485e-05,0.9027778,0.001331877,0.0010345571,0.00032659931,0.000536204,0.6090952,1.0025005,1.0048549,1.0023485,15.434783,2.3006747,1.598951,1.4246428,0.0024543053,0.0002156385,1.0,-0.15926215,0.8991285,0.0035404048,0.0049697305,1.0,71.41037,97.41714,0.0032940973,0.0010494764,0.0018696971,0.002928344,0.001524259,0.010225245,0.0010704792,0.001523098,0.000100581936,0.0003520368,0.9339623,0.0019940587,0.001523098,0.00072270574,0.0010339554,0.6989719,1.0038842,1.0070447,1.0031483,13.576135,1.3845315,1.5603269,0.5871822,0.0023755203,0.000433738,1.0,-0.04906304,0.9727074,0.013254143,0.0077082575,0.0,70.83204,95.51303,0.0028676004,0.0009795167,0.0007993865,0.006992833,0.0071088294,0.016300647,0.0055862702,0.006003801,0.00041753054,0.0,0.9304556,0.0035546778,0.006003801,0.0028651322,0.003245641,0.8827631,1.00606,1.0108947,1.0048054,19.644926,1.3084098,1.511221,0.13117687,0.0017229134,-0.00020685254,1.0,0.08319236,1.0563128,0.022399727,0.014092338,0.0,65.052605,86.265236,0.0038009626,0.0060133166,0.0066659683,0.00919357,0.008917256,0.021972502,0.0047270423,0.008769528,0.0020392574,0.0020032283,0.76746094,0.0080383355,0.008769528,0.0047144527,0.00531058,0.88774717,1.0114483,1.0209028,1.0093474,11.423878,1.5595683,1.5427119,1.0396042,0.0015636709,0.0051165367,1.0,1.203597,1.3212494,1.2652996,0.030985372,0.030437285,0.0,61.59059,83.23119,0.005462897
6412,-0.00039540895,-0.0008696934,4.314498e-05,0.00035240516,0.0016336169,-0.00035234308,0.00062558876,4.314405e-05,0.0002301016,0.3678161,0.00075847015,0.00062558876,0.00033053453,0.00035601275,0.92843455,1.0005745,1.0020299,1.0014546,17.787642,0.8109568,1.1310415,-1.4716538,0.0014569354,9.017196e-05,1.0,1.4016976,1.4653502,0.0035416507,0.0027816503,0.0,59.869347,78.59888,0.0010005039,0.88461536,-0.66312265,0.7485108,1.0,0.0,0.0,0.0,0.0,0.0,1.0,0.0009128384,0.0010494764,0.0018696971,0.002928344,0.0019848696,0.0009196063,0.0010345571,0.000100581936,1.43688485e-05,0.9027778,0.001331877,0.0010345571,0.00032659931,0.000536204,0.6090952,1.0025005,1.0048549,1.0023485,15.434783,2.3006747,1.598951,1.4246428,0.0024543053,0.0002156385,1.0,-0.15926215,0.8991285,0.0035404048,0.0049697305,1.0,71.41037,97.41714,0.0032940973,0.0010494764,0.0018696971,0.002928344,0.001524259,0.010225245,0.0010704792,0.001523098,0.000100581936,0.0003520368,0.9339623,0.0019940587,0.001523098,0.00072270574,0.0010339554,0.6989719,1.0038842,1.0070447,1.0031483,13.576135,1.3845315,1.5603269,0.5871822,0.0023755203,0.000433738,1.0,-0.04906304,0.9727074,0.013254143,0.0077082575,0.0,70.83204,95.51303,0.0028676004,0.0009795167,0.0007993865,0.006992833,0.0071088294,0.016300647,0.0055862702,0.006003801,0.00041753054,0.0,0.9304556,0.0035546778,0.006003801,0.0028651322,0.003245641,0.8827631,1.00606,1.0108947,1.0048054,19.644926,1.3084098,1.511221,0.13117687,0.0017229134,-0.00020685254,1.0,0.08319236,1.0563128,0.022399727,0.014092338,0.0,65.052605,86.265236,0.0038009626,0.0060133166,0.0066659683,0.00919357,0.008917256,0.021972502,0.0047270423,0.008769528,0.0020392574,0.0020032283,0.76746094,0.0080383355,0.008769528,0.0047144527,0.00531058,0.88774717,1.0114483,1.0209028,1.0093474,11.423878,1.5595683,1.5427119,1.0396042,0.0015636709,0.0051165367,1.0,1.203597,1.3212494,1.2652996,0.030985372,0.030437285,0.0,61.59059,83.23119,0.005462897
6413,-2.8763114e-05,-0.00042417206,-0.0004888605,0.0003524153,0.0014248092,3.595441e-05,0.0003523532,0.00015100853,0.00016539029,0.5714286,0.0007294821,0.0003523532,0.00031161777,0.00034765538,0.896341,1.0004936,1.0019225,1.0014281,17.439196,0.73092943,1.1008002,-0.4824896,0.0013259382,0.000102421975,1.0,2.982289,2.027704,0.0030358438,0.0026510335,0.0,59.503563,67.01031,0.00054680585,0.9230769,-0.46472317,0.885456,1.0,0.0,0.0,0.0,0.0,0.0,1.0,-0.0008696934,4.314498e-05,0.00035240516,0.0016336169,0.0007840909,-0.00084849965,0.0012727495,0.00019414823,0.0002301016,0.18079096,0.0013287296,0.0012727495,0.00048468972,0.000574902,0.8430824,1.0014737,1.0038247,1.0023476,14.612335,1.2092019,1.2853122,-1.6523404,0.001406704,0.00017995058,1.0,0.09719248,1.0609492,0.003678178,0.004985192,1.0,63.809513,94.068275,0.0025736778,0.0010494764,0.0018696971,0.002928344,0.001524259,0.010225245,0.0010704792,0.001523098,0.000100581936,0.0003520368,0.9339623,0.0019940587,0.001523098,0.00072270574,0.0010339554,0.6989719,1.0038842,1.0070447,1.0031483,13.576135,1.3845315,1.5603269,0.5871822,0.0023755203,0.000433738,1.0,-0.04906304,0.9727074,0.013254143,0.0077082575,0.0,70.83204,95.51303,0.0028676004,0.0009795167,0.0007993865,0.006992833,0.0071088294,0.016300647,0.0055862702,0.006003801,0.00041753054,0.0,0.9304556,0.0035546778,0.006003801,0.0028651322,0.003245641,0.8827631,1.00606,1.0108947,1.0048054,19.644926,1.3084098,1.511221,0.13117687,0.0017229134,-0.00020685254,1.0,0.08319236,1.0563128,0.022399727,0.014092338,0.0,65.052605,86.265236,0.0038009626,0.0060133166,0.0066659683,0.00919357,0.008917256,0.021972502,0.0047270423,0.008769528,0.0020392574,0.0020032283,0.76746094,0.0080383355,0.008769528,0.0047144527,0.00531058,0.88774717,1.0114483,1.0209028,1.0093474,11.423878,1.5595683,1.5427119,1.0396042,0.0015636709,0.0051165367,1.0,1.203597,1.3212494,1.2652996,0.030985372,0.030437285,0.0,61.59059,83.23119,0.005462897
6414,-0.00020136496,-0.00023012808,-0.0010998215,-5.0345043e-05,0.0008994456,-0.00015103893,0.000805541,0.0006329251,2.157699e-05,0.026785715,0.0007350513,0.000805541,0.00031502228,0.00032396457,0.9723973,1.0002644,1.0016531,1.0013884,17.665071,0.39390323,0.96520257,-0.9037751,0.0009290842,0.00019595612,1.0,3.91634,3.9474642,0.0027371475,0.0027059098,0.0,56.88361,59.536083,0.00012228456,0.96153843,-0.23931566,0.97094184,1.0,0.0,0.0,0.0,0.0,0.0,1.0,-0.0008696934,4.314498e-05,0.00035240516,0.0016336169,0.0007840909,-0.00084849965,0.0012727495,0.00019414823,0.0002301016,0.18079096,0.0013287296,0.0012727495,0.00048468972,0.000574902,0.8430824,1.0014737,1.0038247,1.0023476,14.612335,1.2092019,1.2853122,-1.6523404,0.001406704,0.00017995058,1.0,0.09719248,1.0609492,0.003678178,0.004985192,1.0,63.809513,94.068275,0.0025736778,0.0010494764,0.0018696971,0.002928344,0.001524259,0.010225245,0.0010704792,0.001523098,0.000100581936,0.0003520368,0.9339623,0.0019940587,0.001523098,0.00072270574,0.0010339554,0.6989719,1.0038842,1.0070447,1.0031483,13.576135,1.3845315,1.5603269,0.5871822,0.0023755203,0.000433738,1.0,-0.04906304,0.9727074,0.013254143,0.0077082575,0.0,70.83204,95.51303,0.0028676004,0.0009795167,0.0007993865,0.006992833,0.0071088294,0.016300647,0.0055862702,0.006003801,0.00041753054,0.0,0.9304556,0.0035546778,0.006003801,0.0028651322,0.003245641,0.8827631,1.00606,1.0108947,1.0048054,19.644926,1.3084098,1.511221,0.13117687,0.0017229134,-0.00020685254,1.0,0.08319236,1.0563128,0.022399727,0.014092338,0.0,65.052605,86.265236,0.0038009626,0.0060133166,0.0066659683,0.00919357,0.008917256,0.021972502,0.0047270423,0.008769528,0.0020392574,0.0020032283,0.76746094,0.0080383355,0.008769528,0.0047144527,0.00531058,0.88774717,1.0114483,1.0209028,1.0093474,11.423878,1.5595683,1.5427119,1.0396042,0.0015636709,0.0051165367,1.0,1.203597,1.3212494,1.2652996,0.030985372,0.030437285,0.0,61.59059,83.23119,0.005462897
6415,9.349592e-05,-0.00010786905,-0.00053204113,-1.4383212e-05,0.00094974966,0.00014383315,0.0003595829,0.00014383315,7.191658e-05,0.6,0.0007081683,0.0003595829,0.00031562633,0.00027589189,1.1440217,1.0003238,1.0016781,1.0013539,17.687778,0.45984733,0.99722284,0.1380594,0.0010057201,1.6785954e-05,1.0,-0.6512176,0.48924294,0.002667566,0.0025849591,0.0,57.812374,55.527264,0.00024457616,1.0,-2.4492937e-16,1.0,1.0,0.0,0.0,0.0,0.0,0.0,1.0,-0.00023012808,-0.0010998215,-5.0345043e-05,0.0008994456,0.00042443755,-0.0001654236,0.000805541,0.0006185404,2.157699e-05,0.026785715,0.0012916429,0.000805541,0.00049796805,0.00056914607,0.8749389,1.0011246,1.0034523,1.0023249,13.828035,0.87322915,1.1876202,-0.55927974,0.00088477397,0.00029244332,1.0,2.3043158,2.5732791,0.0036735774,0.0048183226,1.0,61.932076,89.60634,0.0018301953,-0.0010998215,-5.0345043e-05,0.0008994456,0.0016988321,0.0082983235,-0.0010788495,0.0012946194,0.00019419291,2.157699e-05,0.016666668,0.0019461365,0.0012946194,0.0008082893,0.0010884582,0.7426002,1.0025152,1.0057036,1.0031804,13.106198,0.9622082,1.3417376,-1.360997,0.0008012575,0.00047705998,1.0,1.6989348,1.9806232,0.013093591,0.007475001,0.0,64.60874,94.492676,0.0008854399,0.0008994456,0.0018789623,0.0018789623,0.00854493,0.009081875,0.00092061824,0.002790624,0.0012730424,0.0005969634,0.5438144,0.0034971351,0.002790624,0.0027963105,0.0031751688,0.88068086,1.0062978,1.0113361,1.0050068,19.500082,1.3131337,1.5413237,0.058329087,0.0010824447,0.0015420016,1.0,0.835105,1.540506,0.02286283,0.013801843,0.0,66.29648,87.65105,0.0024224771,0.0060133166,0.0066659683,0.00919357,0.008917256,0.021972502,0.0047270423,0.008769528,0.0020392574,0.0020032283,0.76746094,0.0080383355,0.008769528,0.0047144527,0.00531058,0.88774717,1.0114483,1.0209028,1.0093474,11.423878,1.5595683,1.5427119,1.0396042,0.0015636709,0.0051165367,1.0,1.203597,1.3212494,1.2652996,0.030985372,0.030437285,0.0,61.59059,83.23119,0.005462897
6416,-0.00012226566,-2.8769735e-05,-0.0002588978,-0.00021575284,0.0008850736,-0.00039558954,0.0016758611,0.0009206447,0.00035962687,0.21459228,0.0007773696,0.0016758611,0.0003120404,0.00025923527,1.2036959,1.0001823,1.0014946,1.001312,18.857334,0.1976433,0.9054179,-0.7367887,-0.00031886913,0.0012035024,0.0,0.6680508,1.5168062,0.0024403394,0.0029774818,1.0,56.110233,47.57965,-7.911165e-05,0.0,0.0,1.0,0.0,1.0,0.0,0.0,0.0,1.0,0.0,9.349592e-05,-0.00013663217,-9.348718e-05,0.0010073392,0.00033087097,0.00014383315,0.0003595829,0.00014383315,7.191658e-05,0.6,0.0012249551,0.0003595829,0.0004910409,0.0005668325,0.86628926,1.0011021,1.0034065,1.0023019,12.997945,0.88025856,1.1874673,-0.010316243,0.0009621581,1.6040418e-05,1.0,-1.0936522,0.21956083,0.0036184192,0.0044960114,1.0,62.41587,84.97217,0.0014981057,9.349592e-05,-0.0010063256,0.00086337153,0.0019724583,0.007985775,0.00014383315,0.0003595829,0.00014383315,7.191658e-05,0.6,0.0018326422,0.0003595829,0.00079777953,0.0010898988,0.73197573,1.0023599,1.005569,1.0032015,12.608867,0.89768755,1.3973303,-0.25796086,0.0008800518,1.4635401e-05,1.0,-1.3887123,0.1246051,0.012818375,0.0068994476,0.0,64.891,90.28596,0.0005180676,9.349592e-05,0.0009929416,0.001792328,0.0077248337,0.010875174,0.00014383315,0.0003595829,0.00014383315,7.191658e-05,0.6,0.0032727206,0.0003595829,0.0019197973,0.002869521,0.66903055,1.0057796,1.0109775,1.0051681,19.365582,1.2547344,1.4869499,-0.3072966,0.001156491,1.9366811e-05,1.0,-1.3290288,0.047493782,0.021214135,0.012623198,0.0,66.4303,90.26504,0.008134679,0.0019724583,0.007985775,0.0047866986,0.012068214,0.03245187,0.006573175,0.007752607,0.0011794319,0.0,0.8478664,0.008003218,0.007752607,0.0047295797,0.0052897646,0.8941002,1.0121492,1.0219998,1.0097325,11.9790535,1.6394613,1.6414996,0.289584,0.0017979144,0.0017393313,1.0,0.54254526,1.1451024,0.60205376,0.033060085,0.030437605,0.0,62.851414,88.400055,0.007491885
6417,-0.0012882936,-0.0014105593,-0.0015184283,-0.0020072889,-0.0002880309,-0.0012963256,0.0013251329,2.8807237e-05,0.0,0.0,0.0008174261,0.0013251329,0.0005088432,0.0003972401,1.2809464,0.9989998,1.0001972,1.0011985,18.43792,-1.8263625,-0.26028883,-3.231327,-0.0010649659,-0.0005425655,0.0,0.36253545,1.2648157,0.0024774605,0.0032021976,1.0,42.066086,29.452503,-0.0014239277,0.03846154,0.23931566,0.97094184,0.0,1.0,0.0,0.0,0.0,1.0,0.0,9.349592e-05,-0.00013663217,-9.348718e-05,0.0010073392,0.00033087097,0.00014383315,0.0003595829,0.00014383315,7.191658e-05,0.6,0.0012249551,0.0003595829,0.0004910409,0.0005668325,0.86628926,1.0011021,1.0034065,1.0023019,12.997945,0.88025856,1.1874673,-0.010316243,0.0009621581,1.6040418e-05,1.0,-1.0936522,0.21956083,0.0036184192,0.0044960114,1.0,62.41587,84.97217,0.0014981057,9.349592e-05,-0.0010063256,0.00086337153,0.0019724583,0.007985775,0.00014383315,0.0003595829,0.00014383315,7.191658e-05,0.6,0.0018326422,0.0003595829,0.00079777953,0.0010898988,0.73197573,1.0023599,1.005569,1.0032015,12.608867,0.89768755,1.3973303,-0.25796086,0.0008800518,1.4635401e-05,1.0,-1.3887123,0.1246051,0.012818375,0.0068994476,0.0,64.891,90.28596,0.0005180676,9.349592e-05,0.0009929416,0.001792328,0.0077248337,0.010875174,0.00014383315,0.0003595829,0.00014383315,7.191658e-05,0.6,0.0032727206,0.0003595829,0.0019197973,0.002869521,0.66903055,1.0057796,1.0109775,1.0051681,19.365582,1.2547344,1.4869499,-0.3072966,0.001156491,1.9366811e-05,1.0,-1.3290288,0.047493782,0.021214135,0.012623198,0.0,66.4303,90.26504,0.008134679,0.0019724583,0.007985775,0.0047866986,0.012068214,0.03245187,0.006573175,0.007752607,0.0011794319,0.0,0.8478664,0.008003218,0.007752607,0.0047295797,0.0052897646,0.8941002,1.0121492,1.0219998,1.0097325,11.9790535,1.6394613,1.6414996,0.289584,0.0017979144,0.0017393313,1.0,0.54254526,1.1451024,0.60205376,0.033060085,0.030437605,0.0,62.851414,88.400055,0.007491885
6418,-0.0012539006,-0.0025421942,-0.002570964,-0.0036707853,-0.0018010883,-0.0010960485,0.0017594462,0.00040380732,0.00025959042,0.14754099,0.0008856656,0.0017594462,0.0006090723,0.00047717508,1.2764125,0.99796194,0.9989852,1.0010253,17.9371,-2.838187,-1.4237092,-2.4526105,-0.0017523783,-0.00056729413,0.0,0.17712347,1.12567,0.003204855,0.0035711266,0.0,33.33235,14.682936,-0.0027541474,0.07692308,0.46472317,0.885456,0.0,1.0,0.0,0.0,0.0,1.0,0.0,-0.0014105593,-0.0013170633,-0.0024168848,-0.00054718775,0.00038176874,-0.0016852233,0.002607055,0.0009218316,0.0,0.0,0.0013252822,0.002607055,0.0006759655,0.00061838876,1.0931077,0.9997204,1.0019139,1.0021942,13.002531,-0.6093979,0.76271194,-2.2460928,-0.0008690183,0.0004207914,0.0,0.39858612,1.2790099,0.0036583308,0.0050667254,1.0,51.739502,70.056,-0.00041753054,-0.0014105593,-0.0013170633,-0.0013674084,0.0008717988,0.0039833216,-0.0016852233,0.002607055,0.0009218316,0.0,0.0,0.0018903596,0.002607055,0.0008236717,0.0010642867,0.773919,1.0008568,1.0039881,1.0031286,11.970254,0.39032638,1.0640302,-1.690146,-0.0008690183,0.00033857825,0.0,-0.39595714,0.74773395,0.011559828,0.0072443327,0.0,57.45143,79.45575,0.00038184162,9.349592e-05,0.0009929416,0.001792328,0.0077248337,0.010875174,0.00014383315,0.0003595829,0.00014383315,7.191658e-05,0.6,0.0032727206,0.0003595829,0.0019197973,0.002869521,0.66903055,1.0057796,1.0109775,1.0051681,19.365582,1.2547344,1.4869499,-0.3072966,0.001156491,1.9366811e-05,1.0,-1.3290288,0.047493782,0.021214135,0.012623198,0.0,66.4303,90.26504,0.008134679,0.0019724583,0.007985775,0.0047866986,0.012068214,0.03245187,0.006573175,0.007752607,0.0011794319,0.0,0.8478664,0.008003218,0.007752607,0.0047295797,0.0052897646,0.8941002,1.0121492,1.0219998,1.0097325,11.9790535,1.6394613,1.6414996,0.289584,0.0017979144,0.0017393313,1.0,0.54254526,1.1451024,0.60205376,0.033060085,0.030437605,0.0,62.851414,88.400055,0.007491885
6419,-0.0009955921,-0.0022494926,-0.0036600519,-0.004192093,-0.0032212646,-0.00079398305,0.0017467627,0.000115488445,0.00083729124,0.47933885,0.0009541786,0.001833379,0.00057977776,0.0005174825,1.1203814,0.99725676,0.9980697,1.0008152,18.70293,-2.8912284,-2.3275673,-1.6620406,-0.0020113466,-0.00073683856,0.0,0.5159268,1.3529333,0.004309397,0.003932668,0.0,28.311813,6.992417,-0.0042477343,0.115384616,0.66312265,0.7485108,0.0,1.0,0.0,0.0,0.0,0.0,0.0,-0.0014105593,-0.0013170633,-0.0024168848,-0.00054718775,0.00038176874,-0.0016852233,0.002607055,0.0009218316,0.0,0.0,0.0013252822,0.002607055,0.0006759655,0.00061838876,1.0931077,0.9997204,1.0019139,1.0021942,13.002531,-0.6093979,0.76271194,-2.2460928,-0.0008690183,0.0004207914,0.0,0.39858612,1.2790099,0.0036583308,0.0050667254,1.0,51.739502,70.056,-0.00041753054,-0.0014105593,-0.0013170633,-0.0013674084,0.0008717988,0.0039833216,-0.0016852233,0.002607055,0.0009218316,0.0,0.0,0.0018903596,0.002607055,0.0008236717,0.0010642867,0.773919,1.0008568,1.0039881,1.0031286,11.970254,0.39032638,1.0640302,-1.690146,-0.0008690183,0.00033857825,0.0,-0.39595714,0.74773395,0.011559828,0.0072443327,0.0,57.45143,79.45575,0.00038184162,9.349592e-05,0.0009929416,0.001792328,0.0077248337,0.010875174,0.00014383315,0.0003595829,0.00014383315,7.191658e-05,0.6,0.0032727206,0.0003595829,0.0019197973,0.002869521,0.66903055,1.0057796,1.0109775,1.0051681,19.365582,1.2547344,1.4869499,-0.3072966,0.001156491,1.9366811e-05,1.0,-1.3290288,0.047493782,0.021214135,0.012623198,0.0,66.4303,90.26504,0.008134679,0.0019724583,0.007985775,0.0047866986,0.012068214,0.03245187,0.006573175,0.007752607,0.0011794319,0.0,0.8478664,0.008003218,0.007752607,0.0047295797,0.0052897646,0.8941002,1.0121492,1.0219998,1.0097325,11.9790535,1.6394613,1.6414996,0.289584,0.0017979144,0.0017393313,1.0,0.54254526,1.1451024,0.60205376,0.033060085,0.030437605,0.0,62.851414,88.400055,0.007491885
6420,0.0005628477,-0.00043274433,-0.0029749386,-0.0032338363,-0.0028814313,0.00050497765,0.0016519983,0.0009089598,0.0002380609,0.44978166,0.0010035243,0.0016519983,0.00060575316,0.0005404855,1.1207576,0.9980256,0.99868524,1.0006609,18.773176,-2.024284,-1.8005449,1.2347066,-0.0012382573,-0.00020896569,0.0,-0.18105437,0.87729555,0.004866342,0.0041854586,0.0,34.33236,15.178071,-0.0040951218,0.15384616,0.82298386,0.56806475,0.0,1.0,0.0,0.0,0.0,0.0,0.0,-0.0022494926,-0.0036600519,-0.003796684,-0.0034442788,-0.0016875938,-0.002093228,0.0033347288,0.00040420957,0.00083729124,0.25108224,0.0014715854,0.0033347288,0.0009710319,0.0007871278,1.2336394,0.9977141,0.99967587,1.0019662,14.827462,-2.3650138,0.10895194,-2.666483,-0.0018682001,-0.0012508933,0.0,0.28006637,1.1908263,0.0044085407,0.005864877,1.0,40.007896,47.090275,-0.0026491974,-0.0014105593,-0.0013170633,-0.0013674084,0.0008717988,0.0039833216,-0.0016852233,0.002607055,0.0009218316,0.0,0.0,0.0018903596,0.002607055,0.0008236717,0.0010642867,0.773919,1.0008568,1.0039881,1.0031286,11.970254,0.39032638,1.0640302,-1.690146,-0.0008690183,0.00033857825,0.0,-0.39595714,0.74773395,0.011559828,0.0072443327,0.0,57.45143,79.45575,0.00038184162,9.349592e-05,0.0009929416,0.001792328,0.0077248337,0.010875174,0.00014383315,0.0003595829,0.00014383315,7.191658e-05,0.6,0.0032727206,0.0003595829,0.0019197973,0.002869521,0.66903055,1.0057796,1.0109775,1.0051681,19.365582,1.2547344,1.4869499,-0.3072966,0.001156491,1.9366811e-05,1.0,-1.3290288,0.047493782,0.021214135,0.012623198,0.0,66.4303,90.26504,0.008134679,0.0019724583,0.007985775,0.0047866986,0.012068214,0.03245187,0.006573175,0.007752607,0.0011794319,0.0,0.8478664,0.008003218,0.007752607,0.0047295797,0.0052897646,0.8941002,1.0121492,1.0219998,1.0097325,11.9790535,1.6394613,1.6414996,0.289584,0.0017979144,0.0017393313,1.0,0.54254526,1.1451024,0.60205376,0.033060085,0.030437605,0.0,62.851414,88.400055,0.007491885
6421,0.0009517904,0.0015146382,-0.0007348545,-0.0022532828,-0.0019008674,0.0010234087,0.001960332,0.00037476938,0.00056215405,0.8088235,0.0010709813,0.001960332,0.0007416506,0.0005897843,1.2574947,0.99907345,0.9996505,1.0005776,18.386234,-1.1787945,-0.92034376,1.7005111,-0.00020722677,-7.8492485e-05,0.0,-0.39668718,0.7389843,0.0050330996,0.004530034,0.0,43.04908,26.835443,-0.0026738737,0.1923077,0.9350162,0.3546049,0.0,1.0,0.0,0.0,0.0,0.0,0.0,-0.0022494926,-0.0036600519,-0.003796684,-0.0034442788,-0.0016875938,-0.002093228,0.0033347288,0.00040420957,0.00083729124,0.25108224,0.0014715854,0.0033347288,0.0009710319,0.0007871278,1.2336394,0.9977141,0.99967587,1.0019662,14.827462,-2.3650138,0.10895194,-2.666483,-0.0018682001,-0.0012508933,0.0,0.28006637,1.1908263,0.0044085407,0.005864877,1.0,40.007896,47.090275,-0.0026491974,-0.0014105593,-0.0013170633,-0.0013674084,0.0008717988,0.0039833216,-0.0016852233,0.002607055,0.0009218316,0.0,0.0,0.0018903596,0.002607055,0.0008236717,0.0010642867,0.773919,1.0008568,1.0039881,1.0031286,11.970254,0.39032638,1.0640302,-1.690146,-0.0008690183,0.00033857825,0.0,-0.39595714,0.74773395,0.011559828,0.0072443327,0.0,57.45143,79.45575,0.00038184162,9.349592e-05,0.0009929416,0.001792328,0.0077248337,0.010875174,0.00014383315,0.0003595829,0.00014383315,7.191658e-05,0.6,0.0032727206,0.0003595829,0.0019197973,0.002869521,0.66903055,1.0057796,1.0109775,1.0051681,19.365582,1.2547344,1.4869499,-0.3072966,0.001156491,1.9366811e-05,1.0,-1.3290288,0.047493782,0.021214135,0.012623198,0.0,66.4303,90.26504,0.008134679,0.0019724583,0.007985775,0.0047866986,0.012068214,0.03245187,0.006573175,0.007752607,0.0011794319,0.0,0.8478664,0.008003218,0.007752607,0.0047295797,0.0052897646,0.8941002,1.0121492,1.0219998,1.0097325,11.9790535,1.6394613,1.6414996,0.289584,0.0017979144,0.0017393313,1.0,0.54254526,1.1451024,0.60205376,0.033060085,0.030437605,0.0,62.851414,88.400055,0.007491885
6422,0.000115307004,0.0010670974,0.00063435314,-0.0019366108,-0.0019869558,0.00014412544,0.0006053269,0.00017295053,0.00028825089,0.71428573,0.0010376056,0.0006053269,0.00074942637,0.0005866699,1.2774243,0.99926585,0.99977493,1.0005095,18.026932,-1.0149766,-0.801188,0.29598206,-7.720937e-05,-1.4691798e-05,0.0,-0.6468113,0.5792971,0.005177667,0.0043287305,0.0,44.01908,36.371307,-0.0021643932,0.23076923,0.99270886,0.12053668,0.0,1.0,0.0,0.0,0.0,0.0,0.0,0.0015146382,-0.0007348545,-0.0020519178,-0.0021022628,0.00013694433,0.0014558348,0.0020684386,0.00037476938,0.0002378344,0.81881535,0.0015121496,0.0020684386,0.0011204589,0.0008696804,1.288357,0.99930006,1.0011444,1.0018457,16.522041,-0.9336397,0.536367,1.8351709,-0.00015630481,-0.00019550731,0.0,-0.28892207,0.80241823,0.0044902656,0.0060862624,1.0,48.476135,32.583336,-0.0012812208,-0.0007348545,-0.0021454138,-0.0031517392,-0.00022339525,0.0026268328,-0.00057656824,0.0033296817,0.00040359778,0.0023495157,0.7056277,0.0019944587,0.0033296817,0.0008579733,0.0010899643,0.78715724,1.0001099,1.0031227,1.0030124,12.782647,0.02797864,0.87793237,-0.9986838,-0.0003376339,-0.0012651175,0.0,0.2785222,1.1749476,0.009841969,0.007827665,0.0,53.98288,69.43505,-0.00017294056,9.349592e-05,0.0009929416,0.001792328,0.0077248337,0.010875174,0.00014383315,0.0003595829,0.00014383315,7.191658e-05,0.6,0.0032727206,0.0003595829,0.0019197973,0.002869521,0.66903055,1.0057796,1.0109775,1.0051681,19.365582,1.2547344,1.4869499,-0.3072966,0.001156491,1.9366811e-05,1.0,-1.3290288,0.047493782,0.021214135,0.012623198,0.0,66.4303,90.26504,0.008134679,0.0019724583,0.007985775,0.0047866986,0.012068214,0.03245187,0.006573175,0.007752607,0.0011794319,0.0,0.8478664,0.008003218,0.007752607,0.0047295797,0.0052897646,0.8941002,1.0121492,1.0219998,1.0097325,11.9790535,1.6394613,1.6414996,0.289584,0.0017979144,0.0017393313,1.0,0.54254526,1.1451024,0.60205376,0.033060085,0.030437605,0.0,62.851414,88.400055,0.007491885
6423,-0.0004757271,-0.00036042012,0.0011542181,-0.0025058337,-0.002520217,-0.0005335179,0.0026675896,0.0005623567,0.0015717149,0.5891892,0.0011544914,0.0026675896,0.0007503021,0.0005821884,1.2887616,0.99890566,0.9993269,1.0004218,18.878647,-1.2400111,-1.1986861,-0.63961214,-0.00047768865,-7.535607e-05,0.0,-0.28065094,0.8219166,0.0054108556,0.0049345586,0.0,40.922764,39.831223,-0.0026102902,0.26923078,0.99270886,-0.12053668,0.0,1.0,0.0,0.0,0.0,0.0,0.0,0.0015146382,-0.0007348545,-0.0020519178,-0.0021022628,0.00013694433,0.0014558348,0.0020684386,0.00037476938,0.0002378344,0.81881535,0.0015121496,0.0020684386,0.0011204589,0.0008696804,1.288357,0.99930006,1.0011444,1.0018457,16.522041,-0.9336397,0.536367,1.8351709,-0.00015630481,-0.00019550731,0.0,-0.28892207,0.80241823,0.0044902656,0.0060862624,1.0,48.476135,32.583336,-0.0012812208,-0.0007348545,-0.0021454138,-0.0031517392,-0.00022339525,0.0026268328,-0.00057656824,0.0033296817,0.00040359778,0.0023495157,0.7056277,0.0019944587,0.0033296817,0.0008579733,0.0010899643,0.78715724,1.0001099,1.0031227,1.0030124,12.782647,0.02797864,0.87793237,-0.9986838,-0.0003376339,-0.0012651175,0.0,0.2785222,1.1749476,0.009841969,0.007827665,0.0,53.98288,69.43505,-0.00017294056,9.349592e-05,0.0009929416,0.001792328,0.0077248337,0.010875174,0.00014383315,0.0003595829,0.00014383315,7.191658e-05,0.6,0.0032727206,0.0003595829,0.0019197973,0.002869521,0.66903055,1.0057796,1.0109775,1.0051681,19.365582,1.2547344,1.4869499,-0.3072966,0.001156491,1.9366811e-05,1.0,-1.3290288,0.047493782,0.021214135,0.012623198,0.0,66.4303,90.26504,0.008134679,0.0019724583,0.007985775,0.0047866986,0.012068214,0.03245187,0.006573175,0.007752607,0.0011794319,0.0,0.8478664,0.008003218,0.007752607,0.0047295797,0.0052897646,0.8941002,1.0121492,1.0219998,1.0097325,11.9790535,1.6394613,1.6414996,0.289584,0.0017979144,0.0017393313,1.0,0.54254526,1.1451024,0.60205376,0.033060085,0.030437605,0.0,62.851414,88.400055,0.007491885
6424,0.0014696985,0.0009939715,0.0020610688,-0.00091386965,-0.0011296225,0.0015406102,0.0021885303,0.00043194677,0.00021597338,0.80263156,0.001226777,0.0021885303,0.0009297749,0.00067785213,1.3716487,1.0003392,1.0007654,1.0004262,18.801733,-0.15126796,0.11176267,2.2286818,0.00093712244,5.4563618e-05,1.0,-0.25007474,0.8441875,0.005380862,0.0052917697,0.0,52.13084,46.329113,-0.00094219524,0.30769232,0.9350162,-0.3546049,0.0,1.0,0.0,0.0,0.0,0.0,0.0,-0.00036042012,0.0011542181,-0.0025058337,-0.002599321,-7.2094415e-05,-0.00033164627,0.0026675896,0.00076422835,0.0015717149,0.5891892,0.0015951872,0.0026675896,0.0010877753,0.00086940266,1.2511755,0.9990408,1.0007529,1.0017138,17.717474,-1.1239455,0.41692847,-0.28947687,-0.00039554384,-0.000121239704,0.0,-0.3993288,0.7215679,0.0046041305,0.0065248283,1.0,46.782883,30.295359,-0.0022874407,-0.0007348545,-0.0021454138,-0.0031517392,-0.00022339525,0.0026268328,-0.00057656824,0.0033296817,0.00040359778,0.0023495157,0.7056277,0.0019944587,0.0033296817,0.0008579733,0.0010899643,0.78715724,1.0001099,1.0031227,1.0030124,12.782647,0.02797864,0.87793237,-0.9986838,-0.0003376339,-0.0012651175,0.0,0.2785222,1.1749476,0.009841969,0.007827665,0.0,53.98288,69.43505,-0.00017294056,9.349592e-05,0.0009929416,0.001792328,0.0077248337,0.010875174,0.00014383315,0.0003595829,0.00014383315,7.191658e-05,0.6,0.0032727206,0.0003595829,0.0019197973,0.002869521,0.66903055,1.0057796,1.0109775,1.0051681,19.365582,1.2547344,1.4869499,-0.3072966,0.001156491,1.9366811e-05,1.0,-1.3290288,0.047493782,0.021214135,0.012623198,0.0,66.4303,90.26504,0.008134679,0.0019724583,0.007985775,0.0047866986,0.012068214,0.03245187,0.006573175,0.007752607,0.0011794319,0.0,0.8478664,0.008003218,0.007752607,0.0047295797,0.0052897646,0.8941002,1.0121492,1.0219998,1.0097325,11.9790535,1.6394613,1.6414996,0.289584,0.0017979144,0.0017393313,1.0,0.54254526,1.1451024,0.60205376,0.033060085,0.030437605,0.0,62.851414,88.400055,0.007491885
6425,0.00055417814,0.0020238766,0.0016634566,0.00092860206,-0.0010786867,0.0004964636,0.0010648784,0.00036695137,0.0002014635,0.6554054,0.0012145817,0.0010648784,0.0009512759,0.0006908158,1.3770326,1.0008085,1.0012683,1.0004596,18.245586,0.25978437,0.58702916,0.8193916,0.001365705,0.00012510932,1.0,-0.26102304,0.8398964,0.0053612534,0.005190807,0.0,55.55811,55.400845,-0.00048184107,0.34615386,0.82298386,-0.56806475,0.0,1.0,0.0,0.0,0.0,0.0,0.0,-0.00036042012,0.0011542181,-0.0025058337,-0.002599321,-7.2094415e-05,-0.00033164627,0.0026675896,0.00076422835,0.0015717149,0.5891892,0.0015951872,0.0026675896,0.0010877753,0.00086940266,1.2511755,0.9990408,1.0007529,1.0017138,17.717474,-1.1239455,0.41692847,-0.28947687,-0.00039554384,-0.000121239704,0.0,-0.3993288,0.7215679,0.0046041305,0.0065248283,1.0,46.782883,30.295359,-0.0022874407,-0.0007348545,-0.0021454138,-0.0031517392,-0.00022339525,0.0026268328,-0.00057656824,0.0033296817,0.00040359778,0.0023495157,0.7056277,0.0019944587,0.0033296817,0.0008579733,0.0010899643,0.78715724,1.0001099,1.0031227,1.0030124,12.782647,0.02797864,0.87793237,-0.9986838,-0.0003376339,-0.0012651175,0.0,0.2785222,1.1749476,0.009841969,0.007827665,0.0,53.98288,69.43505,-0.00017294056,9.349592e-05,0.0009929416,0.001792328,0.0077248337,0.010875174,0.00014383315,0.0003595829,0.00014383315,7.191658e-05,0.6,0.0032727206,0.0003595829,0.0019197973,0.002869521,0.66903055,1.0057796,1.0109775,1.0051681,19.365582,1.2547344,1.4869499,-0.3072966,0.001156491,1.9366811e-05,1.0,-1.3290288,0.047493782,0.021214135,0.012623198,0.0,66.4303,90.26504,0.008134679,0.0019724583,0.007985775,0.0047866986,0.012068214,0.03245187,0.006573175,0.007752607,0.0011794319,0.0,0.8478664,0.008003218,0.007752607,0.0047295797,0.0052897646,0.8941002,1.0121492,1.0219998,1.0097325,11.9790535,1.6394613,1.6414996,0.289584,0.0017979144,0.0017393313,1.0,0.54254526,1.1451024,0.60205376,0.033060085,0.030437605,0.0,62.851414,88.400055,0.007491885
6426,-5.036714e-05,0.000503811,0.0014977824,0.0021321354,-0.0015386499,1.4390974e-05,0.0007267442,0.0003237969,0.0003885563,0.55445546,0.0011797929,0.0007267442,0.0009509255,0.0006890166,1.3801199,1.0006858,1.00117,1.000484,17.729164,0.24281934,0.51504606,-0.037602097,0.0012438556,7.164411e-05,1.0,-0.73734176,0.5462153,0.005320205,0.004973536,0.0,55.17139,66.96203,-0.0004099746,0.3846154,0.66312265,-0.7485108,0.0,1.0,0.0,0.0,0.0,0.0,0.0,0.0020238766,0.0016634566,0.00092860206,-0.0014882827,0.0014400613,0.0020937813,0.0026765864,0.00036695137,0.00021585374,0.86290324,0.0016694352,0.0026765864,0.0013004597,0.00093110715,1.3966811,1.0009633,1.002671,1.0017061,17.599531,0.535768,0.964685,2.1032577,0.001450156,0.00017721823,1.0,-0.012058895,0.9931921,0.0045970357,0.006911132,1.0,56.069904,48.902954,-0.00043871003,0.0016634566,0.00092860206,-0.00038846125,0.0005109844,0.001490501,0.0016908543,0.0039573186,0.00036695137,0.0018995128,0.90727276,0.0021315848,0.0039573186,0.000998608,0.0011245782,0.88798445,1.0016056,1.004604,1.0029935,12.922093,0.6412446,1.2893794,1.1275014,0.0012428839,8.2226165e-05,1.0,-0.010744605,0.9935361,0.008138906,0.008577951,0.0,59.88906,67.31481,0.0018020226,-0.0004819572,-0.00038846125,0.001490501,0.007909862,0.010684071,-0.00075548806,0.0056841485,0.00092097593,0.0040076845,0.7050633,0.0034464304,0.0056841485,0.0019156069,0.0028547281,0.6710295,1.0047883,1.0100749,1.0052614,17.995857,1.1631033,1.3725911,-0.5187319,0.00077707344,-0.000102167265,1.0,0.1209087,1.0861742,0.01796552,0.013591885,0.0,64.99789,88.848816,0.008189824,0.0019724583,0.007985775,0.0047866986,0.012068214,0.03245187,0.006573175,0.007752607,0.0011794319,0.0,0.8478664,0.008003218,0.007752607,0.0047295797,0.0052897646,0.8941002,1.0121492,1.0219998,1.0097325,11.9790535,1.6394613,1.6414996,0.289584,0.0017979144,0.0017393313,1.0,0.54254526,1.1451024,0.60205376,0.033060085,0.030437605,0.0,62.851414,88.400055,0.007491885
6427,-0.0005758047,-0.0006261718,0.0013977048,0.0025519228,-0.0016401701,-0.0006335676,0.0014111277,0.0,0.00077756017,0.5510204,0.0011969479,0.0014111277,0.00087036734,0.0006995238,1.2442284,1.0000993,1.0005704,1.0004711,17.97931,-0.13942224,-0.024229402,-0.74290407,0.0006386469,2.9974584e-05,1.0,-0.77816343,0.50674963,0.0052646766,0.00504003,0.0,50.817833,66.540085,0.000302476,0.42307693,0.46472317,-0.885456,0.0,1.0,0.0,0.0,0.0,0.0,0.0,0.0020238766,0.0016634566,0.00092860206,-0.0014882827,0.0014400613,0.0020937813,0.0026765864,0.00036695137,0.00021585374,0.86290324,0.0016694352,0.0026765864,0.0013004597,0.00093110715,1.3966811,1.0009633,1.002671,1.0017061,17.599531,0.535768,0.964685,2.1032577,0.001450156,0.00017721823,1.0,-0.012058895,0.9931921,0.0045970357,0.006911132,1.0,56.069904,48.902954,-0.00043871003,0.0016634566,0.00092860206,-0.00038846125,0.0005109844,0.001490501,0.0016908543,0.0039573186,0.00036695137,0.0018995128,0.90727276,0.0021315848,0.0039573186,0.000998608,0.0011245782,0.88798445,1.0016056,1.004604,1.0029935,12.922093,0.6412446,1.2893794,1.1275014,0.0012428839,8.2226165e-05,1.0,-0.010744605,0.9935361,0.008138906,0.008577951,0.0,59.88906,67.31481,0.0018020226,-0.0004819572,-0.00038846125,0.001490501,0.007909862,0.010684071,-0.00075548806,0.0056841485,0.00092097593,0.0040076845,0.7050633,0.0034464304,0.0056841485,0.0019156069,0.0028547281,0.6710295,1.0047883,1.0100749,1.0052614,17.995857,1.1631033,1.3725911,-0.5187319,0.00077707344,-0.000102167265,1.0,0.1209087,1.0861742,0.01796552,0.013591885,0.0,64.99789,88.848816,0.008189824,0.0019724583,0.007985775,0.0047866986,0.012068214,0.03245187,0.006573175,0.007752607,0.0011794319,0.0,0.8478664,0.008003218,0.007752607,0.0047295797,0.0052897646,0.8941002,1.0121492,1.0219998,1.0097325,11.9790535,1.6394613,1.6414996,0.289584,0.0017979144,0.0017393313,1.0,0.54254526,1.1451024,0.60205376,0.033060085,0.030437605,0.0,62.851414,88.400055,0.007491885
6428,-0.0011309815,-0.0017067861,-0.0012029752,0.0008580937,-0.0023757427,-0.0012325301,0.0015568802,0.00021623335,0.00010811668,0.06944445,0.001223915,0.0015568802,0.00085086626,0.00073846034,1.1522166,0.99906695,0.9994615,1.0003948,18.529776,-0.8845384,-1.0249405,-1.3736032,-0.0004895829,-2.6674177e-06,0.0,-0.52965575,0.6604783,0.005303871,0.0051582847,0.0,43.55419,56.244724,0.00042543985,0.46153846,0.23931566,-0.97094184,0.0,1.0,0.0,0.0,0.0,0.0,0.0,-0.0006261718,0.0013977048,0.0025519228,-0.0012447612,0.0003888557,-0.0005615713,0.001677514,0.00033838267,0.00077756017,0.4635193,0.0016709833,0.001677514,0.0013110236,0.0009425719,1.3909004,1.0003046,1.001963,1.001658,17.490013,-0.03220573,0.7540636,-0.7101721,0.0007371995,8.756912e-05,1.0,-0.73103374,0.6077866,0.0045321286,0.006895899,1.0,52.986786,54.978905,-0.0012008946,0.0016634566,0.00092860206,-0.00038846125,0.0005109844,0.001490501,0.0016908543,0.0039573186,0.00036695137,0.0018995128,0.90727276,0.0021315848,0.0039573186,0.000998608,0.0011245782,0.88798445,1.0016056,1.004604,1.0029935,12.922093,0.6412446,1.2893794,1.1275014,0.0012428839,8.2226165e-05,1.0,-0.010744605,0.9935361,0.008138906,0.008577951,0.0,59.88906,67.31481,0.0018020226,-0.0004819572,-0.00038846125,0.001490501,0.007909862,0.010684071,-0.00075548806,0.0056841485,0.00092097593,0.0040076845,0.7050633,0.0034464304,0.0056841485,0.0019156069,0.0028547281,0.6710295,1.0047883,1.0100749,1.0052614,17.995857,1.1631033,1.3725911,-0.5187319,0.00077707344,-0.000102167265,1.0,0.1209087,1.0861742,0.01796552,0.013591885,0.0,64.99789,88.848816,0.008189824,0.0019724583,0.007985775,0.0047866986,0.012068214,0.03245187,0.006573175,0.007752607,0.0011794319,0.0,0.8478664,0.008003218,0.007752607,0.0047295797,0.0052897646,0.8941002,1.0121492,1.0219998,1.0097325,11.9790535,1.6394613,1.6414996,0.289584,0.0017979144,0.0017393313,1.0,0.54254526,1.1451024,0.60205376,0.033060085,0.030437605,0.0,62.851414,88.400055,0.007491885
6429,-0.0010384591,-0.0021694405,-0.0027956124,-0.0011321559,-0.0033854386,-0.0010029222,0.002128504,0.00052671455,0.0005988672,0.28135592,0.0012897094,0.002128504,0.000856765,0.00075071317,1.1412681,0.9982173,0.9984858,1.0002689,19.932028,-1.4719843,-1.8514928,-1.1252556,-0.0014400973,-8.885693e-05,0.0,-0.1783608,0.8854903,0.0054283254,0.005482727,0.0,38.16579,40.168777,0.00038255547,0.5,1.2246469e-16,-1.0,0.0,1.0,0.0,0.0,0.0,0.0,0.0,-0.0006261718,0.0013977048,0.0025519228,-0.0012447612,0.0003888557,-0.0005615713,0.001677514,0.00033838267,0.00077756017,0.4635193,0.0016709833,0.001677514,0.0013110236,0.0009425719,1.3909004,1.0003046,1.001963,1.001658,17.490013,-0.03220573,0.7540636,-0.7101721,0.0007371995,8.756912e-05,1.0,-0.73103374,0.6077866,0.0045321286,0.006895899,1.0,52.986786,54.978905,-0.0012008946,0.0016634566,0.00092860206,-0.00038846125,0.0005109844,0.001490501,0.0016908543,0.0039573186,0.00036695137,0.0018995128,0.90727276,0.0021315848,0.0039573186,0.000998608,0.0011245782,0.88798445,1.0016056,1.004604,1.0029935,12.922093,0.6412446,1.2893794,1.1275014,0.0012428839,8.2226165e-05,1.0,-0.010744605,0.9935361,0.008138906,0.008577951,0.0,59.88906,67.31481,0.0018020226,-0.0004819572,-0.00038846125,0.001490501,0.007909862,0.010684071,-0.00075548806,0.0056841485,0.00092097593,0.0040076845,0.7050633,0.0034464304,0.0056841485,0.0019156069,0.0028547281,0.6710295,1.0047883,1.0100749,1.0052614,17.995857,1.1631033,1.3725911,-0.5187319,0.00077707344,-0.000102167265,1.0,0.1209087,1.0861742,0.01796552,0.013591885,0.0,64.99789,88.848816,0.008189824,0.0019724583,0.007985775,0.0047866986,0.012068214,0.03245187,0.006573175,0.007752607,0.0011794319,0.0,0.8478664,0.008003218,0.007752607,0.0047295797,0.0052897646,0.8941002,1.0121492,1.0219998,1.0097325,11.9790535,1.6394613,1.6414996,0.289584,0.0017979144,0.0017393313,1.0,0.54254526,1.1451024,0.60205376,0.033060085,0.030437605,0.0,62.851414,88.400055,0.007491885
6430,0.00052657584,-0.0005118833,-0.0022186695,-0.00072088704,-0.0026574978,0.0006201863,0.0012836416,0.0,0.00066345517,1.0,0.0012886454,0.0012836416,0.00085437077,0.00075609755,1.1299742,0.9988626,0.99905044,1.000188,21.31546,-1.006352,-1.3371888,0.94490695,-0.0008190438,-9.3772585e-05,0.0,-0.15697765,0.9012348,0.005167137,0.0054469574,0.0,42.077972,33.51838,0.0003462704,0.53846157,-0.23931566,-0.97094184,0.0,1.0,0.0,0.0,0.0,0.0,0.0,-0.0021694405,-0.0027956124,-0.0011321559,-0.0031840736,-0.002284628,-0.0022728092,0.0030881346,0.00021645802,0.0005988672,0.19392523,0.0017755781,0.0030881346,0.0014004546,0.0010632289,1.3171712,0.998314,0.9997999,1.0014884,18.507092,-1.7436123,0.108096644,-1.9936253,-0.0013305963,-0.00010225216,0.0,-0.16639388,0.9104085,0.0048287087,0.007429129,1.0,43.97694,50.464134,-0.0042747324,-0.0027956124,-0.0011321559,-0.0032775695,-0.0024141981,-0.0014203985,-0.0027345864,0.0036725712,0.00033911757,0.0005988672,0.16306484,0.0022471964,0.0036725712,0.001366299,0.0013317846,1.0259159,0.9989227,1.0017287,1.002809,13.05158,-1.0825769,0.4869676,-2.2759104,-0.0013960532,-0.00015686364,0.0,-0.35590923,0.80516547,0.006093381,0.009181806,1.0,48.604847,59.320988,-0.0013546328,-0.0004819572,-0.00038846125,0.001490501,0.007909862,0.010684071,-0.00075548806,0.0056841485,0.00092097593,0.0040076845,0.7050633,0.0034464304,0.0056841485,0.0019156069,0.0028547281,0.6710295,1.0047883,1.0100749,1.0052614,17.995857,1.1631033,1.3725911,-0.5187319,0.00077707344,-0.000102167265,1.0,0.1209087,1.0861742,0.01796552,0.013591885,0.0,64.99789,88.848816,0.008189824,0.0019724583,0.007985775,0.0047866986,0.012068214,0.03245187,0.006573175,0.007752607,0.0011794319,0.0,0.8478664,0.008003218,0.007752607,0.0047295797,0.0052897646,0.8941002,1.0121492,1.0219998,1.0097325,11.9790535,1.6394613,1.6414996,0.289584,0.0017979144,0.0017393313,1.0,0.54254526,1.1451024,0.60205376,0.033060085,0.030437605,0.0,62.851414,88.400055,0.007491885
6431,-0.0005915154,-6.4939515e-05,-0.00223438,-0.0008366753,-0.003342509,-0.0006205533,0.0011256548,0.00017317767,0.00033192386,0.2948718,0.0012777112,0.0011256548,0.0008084424,0.00075888407,1.0653042,0.9984363,0.99851996,1.0000838,22.355114,-1.3234735,-1.7423439,-0.52417475,-0.0013808255,-3.0350382e-05,0.0,-1.0197196,0.32630625,0.0051025692,0.0053599365,0.0,39.08645,29.083559,-0.0011963792,0.5769231,-0.46472317,-0.885456,0.0,1.0,0.0,0.0,0.0,0.0,0.0,-0.0021694405,-0.0027956124,-0.0011321559,-0.0031840736,-0.002284628,-0.0022728092,0.0030881346,0.00021645802,0.0005988672,0.19392523,0.0017755781,0.0030881346,0.0014004546,0.0010632289,1.3171712,0.998314,0.9997999,1.0014884,18.507092,-1.7436123,0.108096644,-1.9936253,-0.0013305963,-0.00010225216,0.0,-0.16639388,0.9104085,0.0048287087,0.007429129,1.0,43.97694,50.464134,-0.0042747324,-0.0027956124,-0.0011321559,-0.0032775695,-0.0024141981,-0.0014203985,-0.0027345864,0.0036725712,0.00033911757,0.0005988672,0.16306484,0.0022471964,0.0036725712,0.001366299,0.0013317846,1.0259159,0.9989227,1.0017287,1.002809,13.05158,-1.0825769,0.4869676,-2.2759104,-0.0013960532,-0.00015686364,0.0,-0.35590923,0.80516547,0.006093381,0.009181806,1.0,48.604847,59.320988,-0.0013546328,-0.0004819572,-0.00038846125,0.001490501,0.007909862,0.010684071,-0.00075548806,0.0056841485,0.00092097593,0.0040076845,0.7050633,0.0034464304,0.0056841485,0.0019156069,0.0028547281,0.6710295,1.0047883,1.0100749,1.0052614,17.995857,1.1631033,1.3725911,-0.5187319,0.00077707344,-0.000102167265,1.0,0.1209087,1.0861742,0.01796552,0.013591885,0.0,64.99789,88.848816,0.008189824,0.0019724583,0.007985775,0.0047866986,0.012068214,0.03245187,0.006573175,0.007752607,0.0011794319,0.0,0.8478664,0.008003218,0.007752607,0.0047295797,0.0052897646,0.8941002,1.0121492,1.0219998,1.0097325,11.9790535,1.6394613,1.6414996,0.289584,0.0017979144,0.0017393313,1.0,0.54254526,1.1451024,0.60205376,0.033060085,0.030437605,0.0,62.851414,88.400055,0.007491885
6432,0.0002885878,-0.00030292757,-0.00081481086,-0.002017786,-0.0029316556,0.00033182808,0.0012407484,0.0007357927,0.0001731277,0.40697673,0.0012747288,0.0012407484,0.00081586244,0.0007647069,1.0668956,0.9988458,0.9988549,1.0000091,23.035084,-1.0042425,-1.4352797,0.5859964,-0.0010589304,-3.2914613e-05,0.0,-0.7671781,0.4679255,0.0049821227,0.005320733,1.0,41.279545,32.91767,-0.0010232907,0.61538464,-0.66312265,-0.7485108,0.0,1.0,0.0,0.0,0.0,0.0,0.0,-6.4939515e-05,-0.00223438,-0.0008366753,-0.003342509,-0.0023351698,2.8862944e-05,0.0014864416,0.00079373096,0.0006638477,0.46601942,0.0017550326,0.0014864416,0.0013953908,0.0010629698,1.3127286,0.99841565,0.99974537,1.0013318,19.528404,-1.6706474,0.059904628,-0.018345801,-0.0012696655,-0.00012578319,0.0,-0.47659022,0.7380106,0.005085394,0.0072882925,1.0,43.73746,33.71308,-0.003473096,-0.0027956124,-0.0011321559,-0.0032775695,-0.0024141981,-0.0014203985,-0.0027345864,0.0036725712,0.00033911757,0.0005988672,0.16306484,0.0022471964,0.0036725712,0.001366299,0.0013317846,1.0259159,0.9989227,1.0017287,1.002809,13.05158,-1.0825769,0.4869676,-2.2759104,-0.0013960532,-0.00015686364,0.0,-0.35590923,0.80516547,0.006093381,0.009181806,1.0,48.604847,59.320988,-0.0013546328,-0.0004819572,-0.00038846125,0.001490501,0.007909862,0.010684071,-0.00075548806,0.0056841485,0.00092097593,0.0040076845,0.7050633,0.0034464304,0.0056841485,0.0019156069,0.0028547281,0.6710295,1.0047883,1.0100749,1.0052614,17.995857,1.1631033,1.3725911,-0.5187319,0.00077707344,-0.000102167265,1.0,0.1209087,1.0861742,0.01796552,0.013591885,0.0,64.99789,88.848816,0.008189824,0.0019724583,0.007985775,0.0047866986,0.012068214,0.03245187,0.006573175,0.007752607,0.0011794319,0.0,0.8478664,0.008003218,0.007752607,0.0047295797,0.0052897646,0.8941002,1.0121492,1.0219998,1.0097325,11.9790535,1.6394613,1.6414996,0.289584,0.0017979144,0.0017393313,1.0,0.54254526,1.1451024,0.60205376,0.033060085,0.030437605,0.0,62.851414,88.400055,0.007491885
6433,-0.00046178047,-0.00017319266,-0.00023813218,-0.0030337446,-0.0021051425,-0.00041858517,0.0011402838,0.00033198134,0.00038971723,0.34177214,0.0012656723,0.0011402838,0.00081516494,0.00076693646,1.0628846,0.99853826,0.9984566,0.9999182,23.887177,-1.247102,-1.7139164,-0.36587375,-0.0014716468,-4.95843e-05,0.0,-0.6084472,0.55872005,0.0048902915,0.005250614,1.0,38.868286,24.464115,-0.0010093582,0.65384614,-0.82298386,-0.56806475,0.0,1.0,0.0,0.0,0.0,0.0,0.0,-6.4939515e-05,-0.00223438,-0.0008366753,-0.003342509,-0.0023351698,2.8862944e-05,0.0014864416,0.00079373096,0.0006638477,0.46601942,0.0017550326,0.0014864416,0.0013953908,0.0010629698,1.3127286,0.99841565,0.99974537,1.0013318,19.528404,-1.6706474,0.059904628,-0.018345801,-0.0012696655,-0.00012578319,0.0,-0.47659022,0.7380106,0.005085394,0.0072882925,1.0,43.73746,33.71308,-0.003473096,-0.0027956124,-0.0011321559,-0.0032775695,-0.0024141981,-0.0014203985,-0.0027345864,0.0036725712,0.00033911757,0.0005988672,0.16306484,0.0022471964,0.0036725712,0.001366299,0.0013317846,1.0259159,0.9989227,1.0017287,1.002809,13.05158,-1.0825769,0.4869676,-2.2759104,-0.0013960532,-0.00015686364,0.0,-0.35590923,0.80516547,0.006093381,0.009181806,1.0,48.604847,59.320988,-0.0013546328,-0.0004819572,-0.00038846125,0.001490501,0.007909862,0.010684071,-0.00075548806,0.0056841485,0.00092097593,0.0040076845,0.7050633,0.0034464304,0.0056841485,0.0019156069,0.0028547281,0.6710295,1.0047883,1.0100749,1.0052614,17.995857,1.1631033,1.3725911,-0.5187319,0.00077707344,-0.000102167265,1.0,0.1209087,1.0861742,0.01796552,0.013591885,0.0,64.99789,88.848816,0.008189824,0.0019724583,0.007985775,0.0047866986,0.012068214,0.03245187,0.006573175,0.007752607,0.0011794319,0.0,0.8478664,0.008003218,0.007752607,0.0047295797,0.0052897646,0.8941002,1.0121492,1.0219998,1.0097325,11.9790535,1.6394613,1.6414996,0.289584,0.0017979144,0.0017393313,1.0,0.54254526,1.1451024,0.60205376,0.033060085,0.030437605,0.0,62.851414,88.400055,0.007491885
6434,-0.0006425181,-0.0011042986,-0.0014072262,-0.0036258956,-0.00149376,-0.00075104897,0.0011410166,0.00021664874,0.00017331899,0.15189873,0.0012575237,0.0011410166,0.0006110558,0.00077386026,0.78962034,0.9980968,0.9979008,0.9998036,24.9415,-1.5819923,-2.0733721,-0.5676502,-0.0020410374,-7.412298e-05,0.0,-0.58667123,0.7811493,0.0049396204,0.0051882816,1.0,35.741646,17.059706,-0.003117216,0.6923077,-0.9350162,-0.3546049,0.0,1.0,0.0,0.0,0.0,0.0,0.0,-0.00017319266,-0.00023813218,-0.0030337446,-0.0021051425,-0.0026523303,-0.00012990575,0.0015877369,0.001068114,0.00038971723,0.24545455,0.0017433652,0.0015877369,0.0013960409,0.0010550787,1.3231629,0.99840987,0.999589,1.001181,20.248137,-1.6250554,-0.03199789,-0.08862704,-0.0013647394,-7.8240846e-05,0.0,-0.7066986,0.59487784,0.0054531954,0.007200164,1.0,43.06401,19.620253,-0.0034163569,-0.00023813218,-0.0030337446,-0.0021051425,-0.003472551,-0.0025371576,-0.00014433972,0.0017176426,0.00105368,0.000519623,0.30252102,0.002209868,0.0017176426,0.001314103,0.0012133063,1.083076,0.99881,1.0014317,1.0026249,13.245209,-1.4811598,0.39337462,-0.27366638,-0.0014189603,-0.00021523416,0.0,-0.6091358,0.6708273,0.0053285444,0.008963667,1.0,47.780254,53.45679,-0.0025195808,-0.0004819572,-0.00038846125,0.001490501,0.007909862,0.010684071,-0.00075548806,0.0056841485,0.00092097593,0.0040076845,0.7050633,0.0034464304,0.0056841485,0.0019156069,0.0028547281,0.6710295,1.0047883,1.0100749,1.0052614,17.995857,1.1631033,1.3725911,-0.5187319,0.00077707344,-0.000102167265,1.0,0.1209087,1.0861742,0.01796552,0.013591885,0.0,64.99789,88.848816,0.008189824,0.0019724583,0.007985775,0.0047866986,0.012068214,0.03245187,0.006573175,0.007752607,0.0011794319,0.0,0.8478664,0.008003218,0.007752607,0.0047295797,0.0052897646,0.8941002,1.0121492,1.0219998,1.0097325,11.9790535,1.6394613,1.6414996,0.289584,0.0017979144,0.0017393313,1.0,0.54254526,1.1451024,0.60205376,0.033060085,0.030437605,0.0,62.851414,88.400055,0.007491885
6435,0.0009600151,0.00031749698,0.00014430431,-0.0020900758,0.0004618471,0.00091626623,0.0010389161,4.3288168e-05,7.936164e-05,0.9583333,0.0012407884,0.0010389161,0.00068410195,0.00081453554,0.83986753,0.9991453,0.99890393,0.99975836,25.869587,-0.749587,-1.2902411,1.374925,-0.0010073042,-7.21426e-05,0.0,0.09759455,1.033958,0.004591152,0.005085433,1.0,43.10691,15.040663,-0.002712562,0.7307692,-0.99270886,-0.12053668,0.0,1.0,0.0,0.0,0.0,0.0,0.0,-0.00017319266,-0.00023813218,-0.0030337446,-0.0021051425,-0.0026523303,-0.00012990575,0.0015877369,0.001068114,0.00038971723,0.24545455,0.0017433652,0.0015877369,0.0013960409,0.0010550787,1.3231629,0.99840987,0.999589,1.001181,20.248137,-1.6250554,-0.03199789,-0.08862704,-0.0013647394,-7.8240846e-05,0.0,-0.7066986,0.59487784,0.0054531954,0.007200164,1.0,43.06401,19.620253,-0.0034163569,-0.00023813218,-0.0030337446,-0.0021051425,-0.003472551,-0.0025371576,-0.00014433972,0.0017176426,0.00105368,0.000519623,0.30252102,0.002209868,0.0017176426,0.001314103,0.0012133063,1.083076,0.99881,1.0014317,1.0026249,13.245209,-1.4811598,0.39337462,-0.27366638,-0.0014189603,-0.00021523416,0.0,-0.6091358,0.6708273,0.0053285444,0.008963667,1.0,47.780254,53.45679,-0.0025195808,-0.0004819572,-0.00038846125,0.001490501,0.007909862,0.010684071,-0.00075548806,0.0056841485,0.00092097593,0.0040076845,0.7050633,0.0034464304,0.0056841485,0.0019156069,0.0028547281,0.6710295,1.0047883,1.0100749,1.0052614,17.995857,1.1631033,1.3725911,-0.5187319,0.00077707344,-0.000102167265,1.0,0.1209087,1.0861742,0.01796552,0.013591885,0.0,64.99789,88.848816,0.008189824,0.0019724583,0.007985775,0.0047866986,0.012068214,0.03245187,0.006573175,0.007752607,0.0011794319,0.0,0.8478664,0.008003218,0.007752607,0.0047295797,0.0052897646,0.8941002,1.0121492,1.0219998,1.0097325,11.9790535,1.6394613,1.6414996,0.289584,0.0017979144,0.0017393313,1.0,0.54254526,1.1451024,0.60205376,0.033060085,0.030437605,0.0,62.851414,88.400055,0.007491885
6436,-0.00028862944,0.0006713857,-0.00043291293,-0.0012477238,-0.00038963006,-0.00020206977,0.00059177575,0.000259804,0.000129902,0.2195122,0.0011947629,0.00059177575,0.0006796745,0.00081498025,0.8339766,0.99896574,0.99866986,0.9997038,26.538805,-0.92522204,-1.4377011,-0.1477349,-0.0012518121,-4.4396413e-05,0.0,-0.56371784,0.81554896,0.0042270166,0.004827873,1.0,41.563904,16.980057,-0.0029501496,0.7692308,-0.99270886,0.12053668,0.0,1.0,0.0,0.0,0.0,0.0,0.0,0.00031749698,0.00014430431,-0.0020900758,0.0004618471,-0.0029824318,0.00020922616,0.0011759952,4.3288168e-05,0.00092348095,0.9631902,0.0017023248,0.0011759952,0.0014055736,0.0010526424,1.3352811,0.998848,0.9999101,1.0010633,21.1461,-1.27651,0.03694925,0.38242617,-0.00092029443,-0.00012643285,0.0,-0.1912445,0.8890791,0.0057104025,0.006960364,0.0,44.74382,20.084389,-0.003193096,-0.00023813218,-0.0030337446,-0.0021051425,-0.003472551,-0.0025371576,-0.00014433972,0.0017176426,0.00105368,0.000519623,0.30252102,0.002209868,0.0017176426,0.001314103,0.0012133063,1.083076,0.99881,1.0014317,1.0026249,13.245209,-1.4811598,0.39337462,-0.27366638,-0.0014189603,-0.00021523416,0.0,-0.6091358,0.6708273,0.0053285444,0.008963667,1.0,47.780254,53.45679,-0.0025195808,-0.0004819572,-0.00038846125,0.001490501,0.007909862,0.010684071,-0.00075548806,0.0056841485,0.00092097593,0.0040076845,0.7050633,0.0034464304,0.0056841485,0.0019156069,0.0028547281,0.6710295,1.0047883,1.0100749,1.0052614,17.995857,1.1631033,1.3725911,-0.5187319,0.00077707344,-0.000102167265,1.0,0.1209087,1.0861742,0.01796552,0.013591885,0.0,64.99789,88.848816,0.008189824,0.0019724583,0.007985775,0.0047866986,0.012068214,0.03245187,0.006573175,0.007752607,0.0011794319,0.0,0.8478664,0.008003218,0.007752607,0.0047295797,0.0052897646,0.8941002,1.0121492,1.0219998,1.0097325,11.9790535,1.6394613,1.6414996,0.289584,0.0017979144,0.0017393313,1.0,0.54254526,1.1451024,0.60205376,0.033060085,0.030437605,0.0,62.851414,88.400055,0.007491885
6437,8.659758e-05,-0.00020203186,0.00011546511,-0.00012266707,-0.001254823,4.3296917e-05,0.0009092352,0.00044740146,0.00041853686,0.50793654,0.001174272,0.0009092352,0.00068159145,0.0007724035,0.88242924,0.99914247,0.99880505,0.99966234,27.337114,-0.76232374,-1.325892,0.24091223,-0.0011107429,-5.4303604e-05,0.0,0.27480894,1.0853785,0.0041776737,0.004714072,1.0,42.231964,22.962963,-0.0022894829,0.8076923,-0.9350162,0.3546049,0.0,1.0,0.0,0.0,0.0,0.0,0.0,0.00031749698,0.00014430431,-0.0020900758,0.0004618471,-0.0029824318,0.00020922616,0.0011759952,4.3288168e-05,0.00092348095,0.9631902,0.0017023248,0.0011759952,0.0014055736,0.0010526424,1.3352811,0.998848,0.9999101,1.0010633,21.1461,-1.27651,0.03694925,0.38242617,-0.00092029443,-0.00012643285,0.0,-0.1912445,0.8890791,0.0057104025,0.006960364,0.0,44.74382,20.084389,-0.003193096,-0.00023813218,-0.0030337446,-0.0021051425,-0.003472551,-0.0025371576,-0.00014433972,0.0017176426,0.00105368,0.000519623,0.30252102,0.002209868,0.0017176426,0.001314103,0.0012133063,1.083076,0.99881,1.0014317,1.0026249,13.245209,-1.4811598,0.39337462,-0.27366638,-0.0014189603,-0.00021523416,0.0,-0.6091358,0.6708273,0.0053285444,0.008963667,1.0,47.780254,53.45679,-0.0025195808,-0.0004819572,-0.00038846125,0.001490501,0.007909862,0.010684071,-0.00075548806,0.0056841485,0.00092097593,0.0040076845,0.7050633,0.0034464304,0.0056841485,0.0019156069,0.0028547281,0.6710295,1.0047883,1.0100749,1.0052614,17.995857,1.1631033,1.3725911,-0.5187319,0.00077707344,-0.000102167265,1.0,0.1209087,1.0861742,0.01796552,0.013591885,0.0,64.99789,88.848816,0.008189824,0.0019724583,0.007985775,0.0047866986,0.012068214,0.03245187,0.006573175,0.007752607,0.0011794319,0.0,0.8478664,0.008003218,0.007752607,0.0047295797,0.0052897646,0.8941002,1.0121492,1.0219998,1.0097325,11.9790535,1.6394613,1.6414996,0.289584,0.0017979144,0.0017393313,1.0,0.54254526,1.1451024,0.60205376,0.033060085,0.030437605,0.0,62.851414,88.400055,0.007491885
6438,-0.00075076165,-0.000664164,7.2215985e-06,-0.0014000046,-0.0021208916,-0.0006788278,0.00073660037,1.4443144e-05,4.3329434e-05,0.05882353,0.0011479553,0.0007943729,0.00063468894,0.00074035424,0.85727733,0.99854547,0.9981316,0.9995855,28.313196,-1.3241363,-1.7766237,-0.91366357,-0.0017705564,-9.1893075e-05,0.0,1.2535329,1.3866626,0.0043992777,0.0045709345,1.0,38.160213,15.441595,-0.0019100613,0.84615386,-0.82298386,0.56806475,0.0,1.0,0.0,0.0,0.0,0.0,1.0,-0.00020203186,0.00011546511,-0.00012266707,-0.001254823,-0.0033570859,-0.00011545844,0.0009092352,0.000331943,0.00046183376,0.50793654,0.001645995,0.0009092352,0.0013523166,0.0010436468,1.2957608,0.998775,0.99971956,1.0009457,21.76353,-1.2728571,-0.056123745,-0.078251675,-0.0010298393,-9.25894e-05,0.0,-0.22126588,0.874942,0.0059777102,0.00664512,0.0,43.857067,19.746836,-0.0019876994,0.00011546511,-0.00012266707,-0.001254823,-0.004406562,-0.0028823032,7.2161524e-06,0.0013782851,0.00044740146,0.0009236675,0.6753927,0.0021502324,0.0013782851,0.001313655,0.0012069817,1.0883803,0.99902755,1.0014865,1.0024613,13.567092,-1.6207837,0.39777857,0.038827945,-0.0010622743,-0.00024074984,0.0,-0.19733822,0.8924445,0.0047561224,0.008634109,1.0,48.23877,40.95679,-0.00253365,-0.0004819572,-0.00038846125,0.001490501,0.007909862,0.010684071,-0.00075548806,0.0056841485,0.00092097593,0.0040076845,0.7050633,0.0034464304,0.0056841485,0.0019156069,0.0028547281,0.6710295,1.0047883,1.0100749,1.0052614,17.995857,1.1631033,1.3725911,-0.5187319,0.00077707344,-0.000102167265,1.0,0.1209087,1.0861742,0.01796552,0.013591885,0.0,64.99789,88.848816,0.008189824,0.0019724583,0.007985775,0.0047866986,0.012068214,0.03245187,0.006573175,0.007752607,0.0011794319,0.0,0.8478664,0.008003218,0.007752607,0.0047295797,0.0052897646,0.8941002,1.0121492,1.0219998,1.0097325,11.9790535,1.6394613,1.6414996,0.289584,0.0017979144,0.0017393313,1.0,0.54254526,1.1451024,0.60205376,0.033060085,0.030437605,0.0,62.851414,88.400055,0.007491885
6439,-0.00053453917,-0.0012853008,-0.0014873326,-0.0013430284,-0.0021797037,-0.00050578034,0.000867052,0.00028901733,7.2254334e-05,0.083333336,0.0011284607,0.000867052,0.0005773598,0.00071696733,0.80528045,0.99820083,0.99769217,0.9994904,29.58999,-1.6510963,-2.0802653,-0.6740403,-0.0021957986,-0.00011013271,0.0,1.5718269,1.4270856,0.0046713967,0.0044681244,0.0,35.534916,9.303191,-0.0014069772,0.88461536,-0.66312265,0.7485108,0.0,1.0,0.0,0.0,0.0,0.0,1.0,-0.00020203186,0.00011546511,-0.00012266707,-0.001254823,-0.0033570859,-0.00011545844,0.0009092352,0.000331943,0.00046183376,0.50793654,0.001645995,0.0009092352,0.0013523166,0.0010436468,1.2957608,0.998775,0.99971956,1.0009457,21.76353,-1.2728571,-0.056123745,-0.078251675,-0.0010298393,-9.25894e-05,0.0,-0.22126588,0.874942,0.0059777102,0.00664512,0.0,43.857067,19.746836,-0.0019876994,0.00011546511,-0.00012266707,-0.001254823,-0.004406562,-0.0028823032,7.2161524e-06,0.0013782851,0.00044740146,0.0009236675,0.6753927,0.0021502324,0.0013782851,0.001313655,0.0012069817,1.0883803,0.99902755,1.0014865,1.0024613,13.567092,-1.6207837,0.39777857,0.038827945,-0.0010622743,-0.00024074984,0.0,-0.19733822,0.8924445,0.0047561224,0.008634109,1.0,48.23877,40.95679,-0.00253365,-0.0004819572,-0.00038846125,0.001490501,0.007909862,0.010684071,-0.00075548806,0.0056841485,0.00092097593,0.0040076845,0.7050633,0.0034464304,0.0056841485,0.0019156069,0.0028547281,0.6710295,1.0047883,1.0100749,1.0052614,17.995857,1.1631033,1.3725911,-0.5187319,0.00077707344,-0.000102167265,1.0,0.1209087,1.0861742,0.01796552,0.013591885,0.0,64.99789,88.848816,0.008189824,0.0019724583,0.007985775,0.0047866986,0.012068214,0.03245187,0.006573175,0.007752607,0.0011794319,0.0,0.8478664,0.008003218,0.007752607,0.0047295797,0.0052897646,0.8941002,1.0121492,1.0219998,1.0097325,11.9790535,1.6394613,1.6414996,0.289584,0.0017979144,0.0017393313,1.0,0.54254526,1.1451024,0.60205376,0.033060085,0.030437605,0.0,62.851414,88.400055,0.007491885
6440,0.00036120645,-0.00017333275,-0.0008374968,-0.0012704098,-0.0032881957,0.00038280967,0.001271217,4.3336946e-05,0.0008450704,0.96590906,0.0011382792,0.001271217,0.00055817014,0.00070925325,0.7869829,0.9986983,0.99812883,0.99942976,31.228283,-1.244965,-1.7517545,0.5957855,-0.0016004989,-0.00023293823,0.0,3.7030573,2.8469996,0.0048698513,0.0045254016,0.0,38.60819,10.002006,-0.0015721002,0.9230769,-0.46472317,0.885456,0.0,1.0,0.0,0.0,0.0,0.0,1.0,-0.0012853008,-0.0014873326,-0.0013430284,-0.0021797037,-0.0047790245,-0.0012138728,0.001300578,1.4450867e-05,7.2254334e-05,0.055555556,0.0016274169,0.0013583815,0.0012175267,0.0010750731,1.132506,0.9977304,0.9984967,1.0007681,22.828873,-1.8059907,-0.514588,-1.02448,-0.002111751,-0.00020506492,0.0,0.431961,1.2394481,0.0065971934,0.0065374626,0.0,38.61744,14.41199,-0.00102496,0.00011546511,-0.00012266707,-0.001254823,-0.004406562,-0.0028823032,7.2161524e-06,0.0013782851,0.00044740146,0.0009236675,0.6753927,0.0021502324,0.0013782851,0.001313655,0.0012069817,1.0883803,0.99902755,1.0014865,1.0024613,13.567092,-1.6207837,0.39777857,0.038827945,-0.0010622743,-0.00024074984,0.0,-0.19733822,0.8924445,0.0047561224,0.008634109,1.0,48.23877,40.95679,-0.00253365,-0.0004819572,-0.00038846125,0.001490501,0.007909862,0.010684071,-0.00075548806,0.0056841485,0.00092097593,0.0040076845,0.7050633,0.0034464304,0.0056841485,0.0019156069,0.0028547281,0.6710295,1.0047883,1.0100749,1.0052614,17.995857,1.1631033,1.3725911,-0.5187319,0.00077707344,-0.000102167265,1.0,0.1209087,1.0861742,0.01796552,0.013591885,0.0,64.99789,88.848816,0.008189824,0.0019724583,0.007985775,0.0047866986,0.012068214,0.03245187,0.006573175,0.007752607,0.0011794319,0.0,0.8478664,0.008003218,0.007752607,0.0047295797,0.0052897646,0.8941002,1.0121492,1.0219998,1.0097325,11.9790535,1.6394613,1.6414996,0.289584,0.0017979144,0.0017393313,1.0,0.54254526,1.1451024,0.60205376,0.033060085,0.030437605,0.0,62.851414,88.400055,0.007491885
6441,0.0021068437,0.0024680502,0.0011827493,0.0012982144,-0.0017355302,0.0021046258,0.00278935,0.00035317353,0.00033155066,0.873385,0.0012539882,0.00278935,0.00088278955,0.0008324245,1.0605041,1.0007279,1.0002248,0.99949723,29.713818,0.4470516,-0.37048846,2.535302,0.00054449507,-3.701848e-05,1.0,3.9576242,5.206668,0.0048525888,0.0051484033,0.0,52.76932,31.910837,0.0011256548,0.96153843,-0.23931566,0.97094184,0.0,1.0,0.0,0.0,0.0,0.0,1.0,-0.0012853008,-0.0014873326,-0.0013430284,-0.0021797037,-0.0047790245,-0.0012138728,0.001300578,1.4450867e-05,7.2254334e-05,0.055555556,0.0016274169,0.0013583815,0.0012175267,0.0010750731,1.132506,0.9977304,0.9984967,1.0007681,22.828873,-1.8059907,-0.514588,-1.02448,-0.002111751,-0.00020506492,0.0,0.431961,1.2394481,0.0065971934,0.0065374626,0.0,38.61744,14.41199,-0.00102496,0.00011546511,-0.00012266707,-0.001254823,-0.004406562,-0.0028823032,7.2161524e-06,0.0013782851,0.00044740146,0.0009236675,0.6753927,0.0021502324,0.0013782851,0.001313655,0.0012069817,1.0883803,0.99902755,1.0014865,1.0024613,13.567092,-1.6207837,0.39777857,0.038827945,-0.0010622743,-0.00024074984,0.0,-0.19733822,0.8924445,0.0047561224,0.008634109,1.0,48.23877,40.95679,-0.00253365,-0.0004819572,-0.00038846125,0.001490501,0.007909862,0.010684071,-0.00075548806,0.0056841485,0.00092097593,0.0040076845,0.7050633,0.0034464304,0.0056841485,0.0019156069,0.0028547281,0.6710295,1.0047883,1.0100749,1.0052614,17.995857,1.1631033,1.3725911,-0.5187319,0.00077707344,-0.000102167265,1.0,0.1209087,1.0861742,0.01796552,0.013591885,0.0,64.99789,88.848816,0.008189824,0.0019724583,0.007985775,0.0047866986,0.012068214,0.03245187,0.006573175,0.007752607,0.0011794319,0.0,0.8478664,0.008003218,0.007752607,0.0047295797,0.0052897646,0.8941002,1.0121492,1.0219998,1.0097325,11.9790535,1.6394613,1.6414996,0.289584,0.0017979144,0.0017393313,1.0,0.54254526,1.1451024,0.60205376,0.033060085,0.030437605,0.0,62.851414,88.400055,0.007491885
6442,2.8830076e-05,0.0021356738,0.001962341,0.0019695626,-0.001656333,-0.00044685972,0.00054776354,0.0,0.00010090381,0.18421052,0.0012035101,0.00054776354,0.0008808521,0.0008319988,1.058718,1.0006846,1.0002437,0.9995593,28.18965,0.47831047,-0.3551173,0.044179875,0.0005630561,1.025885e-05,1.0,-0.55683297,0.40073797,0.004834942,0.004866617,0.0,52.9295,60.80177,0.0008656385,1.0,-2.4492937e-16,1.0,0.0,1.0,0.0,0.0,0.0,0.0,1.0,0.0024680502,0.0011827493,0.0012982144,-0.0017355302,-0.003223813,0.0024866299,0.0036830953,0.00035317353,0.00084329187,0.9041096,0.001770526,0.0036830953,0.0013841615,0.0012272173,1.1278863,1.0001773,1.0009263,1.0007489,22.271069,-0.30650058,0.27910104,2.0662649,0.00053719175,-0.0001787942,1.0,3.505137,3.808593,0.0065598236,0.007303351,0.0,50.783775,23.270044,-7.207103e-05,0.0011827493,0.0012982144,-0.0017355302,-0.0021239915,-0.00042515935,0.0012541263,0.0036830953,0.00035317353,0.0020757953,0.9041096,0.0022573625,0.0036830953,0.0013510545,0.0010595553,1.2751147,1.0001899,1.0025667,1.0023764,14.423379,-0.63695896,0.7083948,1.1278324,0.00043326846,-0.0003122748,1.0,2.7418928,2.785814,0.004777832,0.009205663,1.0,52.81236,43.243114,-0.0021719744,-0.0017355302,-0.0022174874,-0.0012245458,0.0057682875,0.0061888364,-0.0016721685,0.0053408486,0.00033875828,0.0033299217,0.6234818,0.003587305,0.0053408486,0.0020769387,0.0028692503,0.72386116,1.002755,1.0079943,1.0052248,16.966995,0.753286,1.1272734,-0.8675908,-5.814294e-05,-0.00089960854,0.0,1.2441096,1.890839,0.014925281,0.01435339,0.0,59.987316,83.08695,0.0055225394,0.0019724583,0.007985775,0.0047866986,0.012068214,0.03245187,0.006573175,0.007752607,0.0011794319,0.0,0.8478664,0.008003218,0.007752607,0.0047295797,0.0052897646,0.8941002,1.0121492,1.0219998,1.0097325,11.9790535,1.6394613,1.6414996,0.289584,0.0017979144,0.0017393313,1.0,0.54254526,1.1451024,0.60205376,0.033060085,0.030437605,0.0,62.851414,88.400055,0.007491885
6443,-0.0060726297,-0.0060437997,-0.0035757495,-0.005063082,-0.007153158,-0.0019868605,0.003234087,0.0011312054,0.00011602106,0.03587444,0.0015677183,0.0062071267,0.0021465607,0.0015918829,1.3484414,0.9951356,0.9944146,0.9992755,29.683182,-2.9789236,-3.6697733,-3.6339717,-0.0010006817,-0.0044990825,0.0,0.04592907,1.0488023,0.006813076,0.006794569,0.0,29.95496,53.3335,-0.004734343,0.0,0.0,1.0,0.0,0.0,1.0,0.0,0.0,1.0,0.0,2.8830076e-05,0.0024968802,0.0010095475,-0.0010805283,-0.0023252894,-0.00044685972,0.00054776354,0.0,0.00010090381,0.18421052,0.0016831384,0.00054776354,0.0013785869,0.0012159834,1.1337217,1.0001864,1.0009176,1.000731,21.646656,-0.23548234,0.25506386,0.10483226,0.0005558617,1.0149977e-05,1.0,-0.9504742,0.20825759,0.0064258217,0.006816275,0.0,50.906338,33.451984,0.00031722686,2.8830076e-05,0.0012115794,0.0010889124,-0.0021886574,-0.00021619907,-0.00044685972,0.00054776354,0.0,0.00010090381,0.18421052,0.0021351879,0.00054776354,0.0012814726,0.0010591839,1.209868,1.0001979,1.0024936,1.0022953,15.127265,-0.59591925,0.68738085,0.04286733,0.00045348867,8.600939e-06,1.0,-1.2367074,0.12248279,0.0048096566,0.008537364,1.0,52.92162,46.690407,-0.0031898844,2.8830076e-05,-0.0017067001,-0.0020951615,-0.00021619907,0.0027714844,-0.00044685972,0.00054776354,0.0,0.00010090381,0.18421052,0.0033700988,0.00054776354,0.0020429878,0.002287707,0.8930287,1.0025182,1.0077063,1.0051751,16.011625,0.68267894,1.1062574,-0.14009905,-3.059216e-05,1.2805201e-06,0.0,-1.2188219,0.0464572,0.014645047,0.013194697,0.0,60.042374,77.15007,0.0062224413,-0.0021886574,-0.00021619907,0.0064497693,0.017317142,0.025593946,-0.0024649359,0.0067461403,0.0009225491,0.0033586554,0.49786323,0.00792971,0.0067461403,0.00462331,0.0046661254,0.9908242,1.0089816,1.0189756,1.0099052,12.496359,1.2390835,1.415148,-0.6533575,-9.609887e-06,-0.00037944285,0.0,0.91846883,1.248733,0.9650479,0.034261603,0.030169083,0.0,60.479324,90.97012,0.008739022
6444,-0.0012625257,-0.0073351553,-0.0051994817,-0.006036978,-0.0072847023,-0.0013214068,0.0025992508,0.001277844,0.0,0.0,0.0016432384,0.0025992508,0.0021608574,0.0015498033,1.3942785,0.9944596,0.9934264,0.99896103,31.369678,-2.7450426,-3.6505554,-0.5408053,-0.0016166194,-0.0006471834,0.0,-0.09084069,0.9038334,0.008591859,0.0071454244,0.0,27.31052,30.000166,-0.0053512235,0.03846154,0.23931566,0.97094184,0.0,0.0,1.0,0.0,0.0,1.0,0.0,2.8830076e-05,0.0024968802,0.0010095475,-0.0010805283,-0.0023252894,-0.00044685972,0.00054776354,0.0,0.00010090381,0.18421052,0.0016831384,0.00054776354,0.0013785869,0.0012159834,1.1337217,1.0001864,1.0009176,1.000731,21.646656,-0.23548234,0.25506386,0.10483226,0.0005558617,1.0149977e-05,1.0,-0.9504742,0.20825759,0.0064258217,0.006816275,0.0,50.906338,33.451984,0.00031722686,2.8830076e-05,0.0012115794,0.0010889124,-0.0021886574,-0.00021619907,-0.00044685972,0.00054776354,0.0,0.00010090381,0.18421052,0.0021351879,0.00054776354,0.0012814726,0.0010591839,1.209868,1.0001979,1.0024936,1.0022953,15.127265,-0.59591925,0.68738085,0.04286733,0.00045348867,8.600939e-06,1.0,-1.2367074,0.12248279,0.0048096566,0.008537364,1.0,52.92162,46.690407,-0.0031898844,2.8830076e-05,-0.0017067001,-0.0020951615,-0.00021619907,0.0027714844,-0.00044685972,0.00054776354,0.0,0.00010090381,0.18421052,0.0033700988,0.00054776354,0.0020429878,0.002287707,0.8930287,1.0025182,1.0077063,1.0051751,16.011625,0.68267894,1.1062574,-0.14009905,-3.059216e-05,1.2805201e-06,0.0,-1.2188219,0.0464572,0.014645047,0.013194697,0.0,60.042374,77.15007,0.0062224413,-0.0021886574,-0.00021619907,0.0064497693,0.017317142,0.025593946,-0.0024649359,0.0067461403,0.0009225491,0.0033586554,0.49786323,0.00792971,0.0067461403,0.00462331,0.0046661254,0.9908242,1.0089816,1.0189756,1.0099052,12.496359,1.2390835,1.415148,-0.6533575,-9.609887e-06,-0.00037944285,0.0,0.91846883,1.248733,0.9650479,0.034261603,0.030169083,0.0,60.479324,90.97012,0.008739022
6445,0.00265381,0.0013912844,-0.004652515,-0.003469766,-0.003592433,0.0032585554,0.0040840562,5.7929876e-05,0.00076757086,0.9858156,0.0018135385,0.0040840562,0.0023493634,0.0016848112,1.3944372,0.9973775,0.99621993,0.99883944,33.257442,-1.3916312,-2.2070954,1.7647154,0.0011766375,-0.00013882463,1.0,0.74429065,1.7613956,0.008580237,0.008003605,0.0,39.424305,15.220257,-0.003665065,0.07692308,0.46472317,0.885456,0.0,0.0,1.0,0.0,0.0,1.0,0.0,-0.0073351553,-0.0073063252,-0.006123576,-0.006246243,-0.009430317,-0.0032526937,0.004385328,0.0011326344,0.0,0.0,0.0021002865,0.0073621236,0.0025527216,0.0020205376,1.2633873,0.9935508,0.9938519,1.000303,23.851175,-3.09828,-2.2628183,-3.3956916,-0.001461776,-0.005304313,0.0,0.011705294,1.0095227,0.009156771,0.009017128,0.0,30.304098,33.04843,-0.0090011,-0.0073351553,-0.0073063252,-0.006008111,-0.008113254,-0.0072414544,-0.0032526937,0.004385328,0.0011326344,0.0,0.0,0.002523137,0.0073621236,0.0025712545,0.0019290367,1.3329215,0.9935611,0.99535567,1.0018063,17.90057,-3.5047147,-1.56743,-3.5810058,-0.001461776,-0.005406189,0.0,-0.536822,0.61206967,0.00853627,0.010585768,0.0,32.424805,33.04843,-0.009385991,2.8830076e-05,-0.0017067001,-0.0020951615,-0.00021619907,0.0027714844,-0.00044685972,0.00054776354,0.0,0.00010090381,0.18421052,0.0033700988,0.00054776354,0.0020429878,0.002287707,0.8930287,1.0025182,1.0077063,1.0051751,16.011625,0.68267894,1.1062574,-0.14009905,-3.059216e-05,1.2805201e-06,0.0,-1.2188219,0.0464572,0.014645047,0.013194697,0.0,60.042374,77.15007,0.0062224413,-0.0021886574,-0.00021619907,0.0064497693,0.017317142,0.025593946,-0.0024649359,0.0067461403,0.0009225491,0.0033586554,0.49786323,0.00792971,0.0067461403,0.00462331,0.0046661254,0.9908242,1.0089816,1.0189756,1.0099052,12.496359,1.2390835,1.415148,-0.6533575,-9.609887e-06,-0.00037944285,0.0,0.91846883,1.248733,0.9650479,0.034261603,0.030169083,0.0,60.479324,90.97012,0.008739022
6446,-0.0024940923,0.00015971773,-0.0071754376,-0.0052130967,-0.0066131013,-0.0026423915,0.0029763202,0.0003339286,0.0,0.0,0.0019007996,0.0029763202,0.0024428298,0.0017515632,1.394657,0.9953772,0.99398243,0.9985988,34.664005,-2.142877,-2.958136,-1.1718127,-0.0012616217,-5.5933975e-05,0.0,-0.25520355,0.74303395,0.009322507,0.0083932765,0.0,33.73397,20.221169,-0.005860023,0.115384616,0.66312265,0.7485108,0.0,0.0,1.0,0.0,0.0,0.0,0.0,-0.0073351553,-0.0073063252,-0.006123576,-0.006246243,-0.009430317,-0.0032526937,0.004385328,0.0011326344,0.0,0.0,0.0021002865,0.0073621236,0.0025527216,0.0020205376,1.2633873,0.9935508,0.9938519,1.000303,23.851175,-3.09828,-2.2628183,-3.3956916,-0.001461776,-0.005304313,0.0,0.011705294,1.0095227,0.009156771,0.009017128,0.0,30.304098,33.04843,-0.0090011,-0.0073351553,-0.0073063252,-0.006008111,-0.008113254,-0.0072414544,-0.0032526937,0.004385328,0.0011326344,0.0,0.0,0.002523137,0.0073621236,0.0025712545,0.0019290367,1.3329215,0.9935611,0.99535567,1.0018063,17.90057,-3.5047147,-1.56743,-3.5810058,-0.001461776,-0.005406189,0.0,-0.536822,0.61206967,0.00853627,0.010585768,0.0,32.424805,33.04843,-0.009385991,2.8830076e-05,-0.0017067001,-0.0020951615,-0.00021619907,0.0027714844,-0.00044685972,0.00054776354,0.0,0.00010090381,0.18421052,0.0033700988,0.00054776354,0.0020429878,0.002287707,0.8930287,1.0025182,1.0077063,1.0051751,16.011625,0.68267894,1.1062574,-0.14009905,-3.059216e-05,1.2805201e-06,0.0,-1.2188219,0.0464572,0.014645047,0.013194697,0.0,60.042374,77.15007,0.0062224413,-0.0021886574,-0.00021619907,0.0064497693,0.017317142,0.025593946,-0.0024649359,0.0067461403,0.0009225491,0.0033586554,0.49786323,0.00792971,0.0067461403,0.00462331,0.0046661254,0.9908242,1.0089816,1.0189756,1.0099052,12.496359,1.2390835,1.415148,-0.6533575,-9.609887e-06,-0.00037944285,0.0,0.91846883,1.248733,0.9650479,0.034261603,0.030169083,0.0,60.479324,90.97012,0.008739022
6447,-0.0014238394,-0.0039179316,-0.0025266472,-0.0061023966,-0.0074454253,-0.0013739659,0.0018755725,0.00034167405,0.00015993253,0.08527132,0.0019015125,0.0018755725,0.0024431988,0.0017651948,1.3840959,0.99453294,0.9928576,0.99831545,36.341885,-2.2592301,-3.1022284,-0.5324337,-0.0023218004,-0.00036548972,0.0,-0.14276777,0.86012733,0.010474564,0.00831924,0.0,30.98943,20.79769,-0.0073604756,0.15384616,0.82298386,0.56806475,0.0,0.0,1.0,0.0,0.0,0.0,0.0,0.00015971773,-0.0071754376,-0.0046785576,-0.006021586,-0.009364095,0.00076948764,0.0045152954,0.0029763202,0.00076948764,0.34083602,0.0022724757,0.0045152954,0.0025742382,0.0020209113,1.2738007,0.9943052,0.99424416,0.99993867,26.184694,-2.402226,-2.1694562,0.31302553,-0.0008285668,-0.00047265546,0.0,0.41615278,1.3306228,0.010777794,0.009877163,0.0,30.956976,21.331814,-0.008221979,-0.0073351553,-0.0073063252,-0.006008111,-0.008113254,-0.0072414544,-0.0032526937,0.004385328,0.0011326344,0.0,0.0,0.002523137,0.0073621236,0.0025712545,0.0019290367,1.3329215,0.9935611,0.99535567,1.0018063,17.90057,-3.5047147,-1.56743,-3.5810058,-0.001461776,-0.005406189,0.0,-0.536822,0.61206967,0.00853627,0.010585768,0.0,32.424805,33.04843,-0.009385991,2.8830076e-05,-0.0017067001,-0.0020951615,-0.00021619907,0.0027714844,-0.00044685972,0.00054776354,0.0,0.00010090381,0.18421052,0.0033700988,0.00054776354,0.0020429878,0.002287707,0.8930287,1.0025182,1.0077063,1.0051751,16.011625,0.68267894,1.1062574,-0.14009905,-3.059216e-05,1.2805201e-06,0.0,-1.2188219,0.0464572,0.014645047,0.013194697,0.0,60.042374,77.15007,0.0062224413,-0.0021886574,-0.00021619907,0.0064497693,0.017317142,0.025593946,-0.0024649359,0.0067461403,0.0009225491,0.0033586554,0.49786323,0.00792971,0.0067461403,0.00462331,0.0046661254,0.9908242,1.0089816,1.0189756,1.0099052,12.496359,1.2390835,1.415148,-0.6533575,-9.609887e-06,-0.00037944285,0.0,0.91846883,1.248733,0.9650479,0.034261603,0.030169083,0.0,60.479324,90.97012,0.008739022
6448,-0.0009091207,-0.00233296,-0.0021732424,-0.007372724,-0.008643134,-0.000880429,0.0021683292,0.00033470854,0.0009531917,0.4395973,0.0019221768,0.0021683292,0.0024437984,0.0017616084,1.387254,0.9942324,0.9922684,0.9980246,38.2388,-2.1429553,-3.0279205,-0.24762797,-0.0025149172,-0.0007162133,0.0,0.47058088,1.4415848,0.011843248,0.0083598085,0.0,29.349442,9.057919,-0.007517657,0.1923077,0.9350162,0.3546049,0.0,0.0,1.0,0.0,0.0,0.0,0.0,0.00015971773,-0.0071754376,-0.0046785576,-0.006021586,-0.009364095,0.00076948764,0.0045152954,0.0029763202,0.00076948764,0.34083602,0.0022724757,0.0045152954,0.0025742382,0.0020209113,1.2738007,0.9943052,0.99424416,0.99993867,26.184694,-2.402226,-2.1694562,0.31302553,-0.0008285668,-0.00047265546,0.0,0.41615278,1.3306228,0.010777794,0.009877163,0.0,30.956976,21.331814,-0.008221979,-0.0073351553,-0.0073063252,-0.006008111,-0.008113254,-0.0072414544,-0.0032526937,0.004385328,0.0011326344,0.0,0.0,0.002523137,0.0073621236,0.0025712545,0.0019290367,1.3329215,0.9935611,0.99535567,1.0018063,17.90057,-3.5047147,-1.56743,-3.5810058,-0.001461776,-0.005406189,0.0,-0.536822,0.61206967,0.00853627,0.010585768,0.0,32.424805,33.04843,-0.009385991,2.8830076e-05,-0.0017067001,-0.0020951615,-0.00021619907,0.0027714844,-0.00044685972,0.00054776354,0.0,0.00010090381,0.18421052,0.0033700988,0.00054776354,0.0020429878,0.002287707,0.8930287,1.0025182,1.0077063,1.0051751,16.011625,0.68267894,1.1062574,-0.14009905,-3.059216e-05,1.2805201e-06,0.0,-1.2188219,0.0464572,0.014645047,0.013194697,0.0,60.042374,77.15007,0.0062224413,-0.0021886574,-0.00021619907,0.0064497693,0.017317142,0.025593946,-0.0024649359,0.0067461403,0.0009225491,0.0033586554,0.49786323,0.00792971,0.0067461403,0.00462331,0.0046661254,0.9908242,1.0089816,1.0189756,1.0099052,12.496359,1.2390835,1.415148,-0.6533575,-9.609887e-06,-0.00037944285,0.0,0.91846883,1.248733,0.9650479,0.034261603,0.030169083,0.0,60.479324,90.97012,0.008739022
6449,0.00025463713,-0.0006544836,-0.0045724153,-0.009224931,-0.0079267165,0.00023278144,0.00088020484,0.00040736754,0.00024005587,0.5371901,0.0018472958,0.00088020484,0.0024643505,0.0017634872,1.3974303,0.9950082,0.9928123,0.9977931,40.000225,-1.7695233,-2.661688,0.37589133,-0.0020924187,-0.00016687647,0.0,-0.5165263,0.50601727,0.012874835,0.007897026,0.0,30.459152,7.150225,-0.006734104,0.23076923,0.99270886,0.12053668,0.0,0.0,1.0,0.0,0.0,0.0,0.0,-0.00233296,-0.0021732424,-0.009479567,-0.008181353,-0.010286496,-0.0022847496,0.0035799262,0.00034198482,0.0009531917,0.26626018,0.0023707938,0.0035799262,0.002584223,0.0020340586,1.2704762,0.9927457,0.9922415,0.9994921,28.671549,-2.5480022,-2.8192153,-0.8346815,-0.002230538,-0.0009326945,0.0,0.3367103,1.2609096,0.012780679,0.010321135,0.0,26.98494,7.2575417,-0.008384141,-0.0021732424,-0.009508397,-0.0082968185,-0.0095516415,-0.009775037,-0.0015643986,0.006272147,0.0037545569,0.0009531917,0.15197216,0.0027960208,0.006272147,0.0025696382,0.0019549632,1.3144178,0.99221647,0.99346,1.0012532,20.980995,-3.017672,-2.213902,-0.8257375,-0.0020505027,-0.0015842913,0.0,0.8154818,1.580265,0.012020164,0.011987826,0.0,28.873625,18.876877,-0.011628911,2.8830076e-05,-0.0017067001,-0.0020951615,-0.00021619907,0.0027714844,-0.00044685972,0.00054776354,0.0,0.00010090381,0.18421052,0.0033700988,0.00054776354,0.0020429878,0.002287707,0.8930287,1.0025182,1.0077063,1.0051751,16.011625,0.68267894,1.1062574,-0.14009905,-3.059216e-05,1.2805201e-06,0.0,-1.2188219,0.0464572,0.014645047,0.013194697,0.0,60.042374,77.15007,0.0062224413,-0.0021886574,-0.00021619907,0.0064497693,0.017317142,0.025593946,-0.0024649359,0.0067461403,0.0009225491,0.0033586554,0.49786323,0.00792971,0.0067461403,0.00462331,0.0046661254,0.9908242,1.0089816,1.0189756,1.0099052,12.496359,1.2390835,1.415148,-0.6533575,-9.609887e-06,-0.00037944285,0.0,0.91846883,1.248733,0.9650479,0.034261603,0.030169083,0.0,60.479324,90.97012,0.008739022
6450,0.002629879,0.002884516,0.000551556,-0.006623882,-0.004654319,0.0025538707,0.0028223174,0.00023217006,3.627657e-05,0.9177378,0.0019150262,0.0028585938,0.0026665449,0.0018809707,1.417643,0.99785376,0.99560523,0.99774665,39.77858,-0.87955123,-1.7528594,1.559278,0.0005660841,-2.6597732e-05,1.0,-0.17514697,0.8328713,0.012844729,0.008215151,0.0,40.813892,18.260292,-0.004478151,0.26923078,0.99270886,-0.12053668,0.0,0.0,1.0,0.0,0.0,0.0,0.0,-0.00233296,-0.0021732424,-0.009479567,-0.008181353,-0.010286496,-0.0022847496,0.0035799262,0.00034198482,0.0009531917,0.26626018,0.0023707938,0.0035799262,0.002584223,0.0020340586,1.2704762,0.9927457,0.9922415,0.9994921,28.671549,-2.5480022,-2.8192153,-0.8346815,-0.002230538,-0.0009326945,0.0,0.3367103,1.2609096,0.012780679,0.010321135,0.0,26.98494,7.2575417,-0.008384141,-0.0021732424,-0.009508397,-0.0082968185,-0.0095516415,-0.009775037,-0.0015643986,0.006272147,0.0037545569,0.0009531917,0.15197216,0.0027960208,0.006272147,0.0025696382,0.0019549632,1.3144178,0.99221647,0.99346,1.0012532,20.980995,-3.017672,-2.213902,-0.8257375,-0.0020505027,-0.0015842913,0.0,0.8154818,1.580265,0.012020164,0.011987826,0.0,28.873625,18.876877,-0.011628911,2.8830076e-05,-0.0017067001,-0.0020951615,-0.00021619907,0.0027714844,-0.00044685972,0.00054776354,0.0,0.00010090381,0.18421052,0.0033700988,0.00054776354,0.0020429878,0.002287707,0.8930287,1.0025182,1.0077063,1.0051751,16.011625,0.68267894,1.1062574,-0.14009905,-3.059216e-05,1.2805201e-06,0.0,-1.2188219,0.0464572,0.014645047,0.013194697,0.0,60.042374,77.15007,0.0062224413,-0.0021886574,-0.00021619907,0.0064497693,0.017317142,0.025593946,-0.0024649359,0.0067461403,0.0009225491,0.0033586554,0.49786323,0.00792971,0.0067461403,0.00462331,0.0046661254,0.9908242,1.0089816,1.0189756,1.0099052,12.496359,1.2390835,1.415148,-0.6533575,-9.609887e-06,-0.00037944285,0.0,0.91846883,1.248733,0.9650479,0.034261603,0.030169083,0.0,60.479324,90.97012,0.008739022
6451,-0.0023389445,0.0002909345,-0.00036354913,-0.0028901964,-0.007953279,-0.0023562266,0.0027343864,0.0003636152,1.4544608e-05,0.005319149,0.0019777159,0.0027343864,0.0025616572,0.0019348853,1.3239324,0.99594724,0.9935411,0.9975841,39.47431,-1.410849,-2.265832,-1.0070342,-0.0017080652,-6.608979e-05,0.0,-0.40647796,0.62314874,0.013414194,0.008491832,0.0,35.719048,19.920319,-0.008894207,0.30769232,0.9350162,-0.3546049,0.0,0.0,1.0,0.0,0.0,0.0,0.0,0.002884516,0.000551556,-0.006623882,-0.0056143343,-0.005152487,0.0028585938,0.0033301893,0.00023217006,0.00023942538,0.93028325,0.002432981,0.0033301893,0.0028385588,0.0021793162,1.3024997,0.99602956,0.9952987,0.99926627,30.63022,-1.4822146,-1.8976082,1.5289083,0.0007080545,-5.1841973e-05,1.0,-0.32889962,0.74247104,0.013148801,0.010579916,0.0,37.64157,17.419205,-0.0054550963,-0.0021732424,-0.009508397,-0.0082968185,-0.0095516415,-0.009775037,-0.0015643986,0.006272147,0.0037545569,0.0009531917,0.15197216,0.0027960208,0.006272147,0.0025696382,0.0019549632,1.3144178,0.99221647,0.99346,1.0012532,20.980995,-3.017672,-2.213902,-0.8257375,-0.0020505027,-0.0015842913,0.0,0.8154818,1.580265,0.012020164,0.011987826,0.0,28.873625,18.876877,-0.011628911,2.8830076e-05,-0.0017067001,-0.0020951615,-0.00021619907,0.0027714844,-0.00044685972,0.00054776354,0.0,0.00010090381,0.18421052,0.0033700988,0.00054776354,0.0020429878,0.002287707,0.8930287,1.0025182,1.0077063,1.0051751,16.011625,0.68267894,1.1062574,-0.14009905,-3.059216e-05,1.2805201e-06,0.0,-1.2188219,0.0464572,0.014645047,0.013194697,0.0,60.042374,77.15007,0.0062224413,-0.0021886574,-0.00021619907,0.0064497693,0.017317142,0.025593946,-0.0024649359,0.0067461403,0.0009225491,0.0033586554,0.49786323,0.00792971,0.0067461403,0.00462331,0.0046661254,0.9908242,1.0089816,1.0189756,1.0099052,12.496359,1.2390835,1.415148,-0.6533575,-9.609887e-06,-0.00037944285,0.0,0.91846883,1.248733,0.9650479,0.034261603,0.030169083,0.0,60.479324,90.97012,0.008739022
6452,-0.0013826933,-0.0037216377,-0.0008371217,-0.003010364,-0.009047342,-0.001332673,0.0019516742,7.2823664e-06,0.0006117188,0.31343284,0.0019815178,0.0019953684,0.0025440224,0.0019400982,1.3112854,0.9950856,0.9924731,0.9973746,39.783707,-1.5926366,-2.4353144,-0.4683683,-0.0028580627,-0.00023528756,0.0,-0.30145997,0.7281019,0.014120746,0.008453857,0.0,33.093903,18.025034,-0.010292188,0.34615386,0.82298386,-0.56806475,0.0,0.0,1.0,0.0,0.0,0.0,0.0,0.002884516,0.000551556,-0.006623882,-0.0056143343,-0.005152487,0.0028585938,0.0033301893,0.00023217006,0.00023942538,0.93028325,0.002432981,0.0033301893,0.0028385588,0.0021793162,1.3024997,0.99602956,0.9952987,0.99926627,30.63022,-1.4822146,-1.8976082,1.5289083,0.0007080545,-5.1841973e-05,1.0,-0.32889962,0.74247104,0.013148801,0.010579916,0.0,37.64157,17.419205,-0.0054550963,-0.0021732424,-0.009508397,-0.0082968185,-0.0095516415,-0.009775037,-0.0015643986,0.006272147,0.0037545569,0.0009531917,0.15197216,0.0027960208,0.006272147,0.0025696382,0.0019549632,1.3144178,0.99221647,0.99346,1.0012532,20.980995,-3.017672,-2.213902,-0.8257375,-0.0020505027,-0.0015842913,0.0,0.8154818,1.580265,0.012020164,0.011987826,0.0,28.873625,18.876877,-0.011628911,2.8830076e-05,-0.0017067001,-0.0020951615,-0.00021619907,0.0027714844,-0.00044685972,0.00054776354,0.0,0.00010090381,0.18421052,0.0033700988,0.00054776354,0.0020429878,0.002287707,0.8930287,1.0025182,1.0077063,1.0051751,16.011625,0.68267894,1.1062574,-0.14009905,-3.059216e-05,1.2805201e-06,0.0,-1.2188219,0.0464572,0.014645047,0.013194697,0.0,60.042374,77.15007,0.0062224413,-0.0021886574,-0.00021619907,0.0064497693,0.017317142,0.025593946,-0.0024649359,0.0067461403,0.0009225491,0.0033586554,0.49786323,0.00792971,0.0067461403,0.00462331,0.0046661254,0.9908242,1.0089816,1.0189756,1.0099052,12.496359,1.2390835,1.415148,-0.6533575,-9.609887e-06,-0.00037944285,0.0,0.91846883,1.248733,0.9650479,0.034261603,0.030169083,0.0,60.479324,90.97012,0.008739022
6453,0.000968086,-0.00041460726,-0.00012367278,-0.004696088,-0.008165854,0.0010258202,0.0013823108,0.000109129796,0.00024736088,0.92105263,0.001936937,0.0013823108,0.0018832483,0.0019667353,0.9575504,0.9964243,0.99369025,0.99725616,40.071,-1.1923443,-2.0387146,0.69689363,-0.001759763,-0.00012767556,0.0,-0.53499657,0.52136827,0.014357719,0.008167922,0.0,36.606136,10.933957,-0.0032993488,0.3846154,0.66312265,-0.7485108,0.0,0.0,1.0,0.0,0.0,0.0,0.0,-0.0037216377,-0.0008371217,-0.003010364,-0.00913394,-0.010388763,-0.0037431363,0.0047189733,0.0003641183,0.0006117188,0.12962963,0.0026046897,0.0047189733,0.0030036306,0.002297624,1.3072767,0.993055,0.99192816,0.99886525,32.68556,-2.1455247,-2.9267948,-1.3490473,-0.0027355736,-0.0002814541,0.0,-0.20863865,0.8383208,0.0147555405,0.0114057,0.0,31.297338,14.249704,-0.00897793,-0.0008371217,-0.003010364,-0.0103166895,-0.012052219,-0.011541235,-0.00085931923,0.0047189733,0.0032479356,0.0006117188,0.12962963,0.0029355488,0.0047189733,0.0025700645,0.0019489768,1.3186737,0.99220014,0.9929157,1.0007212,23.912355,-2.5136497,-2.3184977,-0.15394191,-0.0023736747,-0.0005145308,0.0,-0.0029171435,0.99799865,0.014903867,0.012652916,0.0,27.620655,3.6941495,-0.0110619785,-0.0103455195,-0.0103166895,-0.012534177,-0.0107418485,-0.007747478,-0.0062774,0.0080251675,0.0011360492,0.0006117188,0.07622504,0.003948416,0.011010938,0.004030553,0.003291792,1.2244252,0.9929377,0.9974391,1.0045334,17.258663,-1.9547793,-0.20856708,-3.1176238,-0.0022672433,-0.008078625,0.0,0.28119165,1.2212731,0.015407427,0.016256848,0.0,39.268578,49.752842,-0.004538073,-0.0021886574,-0.00021619907,0.0064497693,0.017317142,0.025593946,-0.0024649359,0.0067461403,0.0009225491,0.0033586554,0.49786323,0.00792971,0.0067461403,0.00462331,0.0046661254,0.9908242,1.0089816,1.0189756,1.0099052,12.496359,1.2390835,1.415148,-0.6533575,-9.609887e-06,-0.00037944285,0.0,0.91846883,1.248733,0.9650479,0.034261603,0.030169083,0.0,60.479324,90.97012,0.008739022
6454,-0.00024739146,0.00072069454,-0.0030009432,-0.0024493872,-0.007662484,-0.000181928,0.0015573037,0.00013098816,0.0012443875,0.7990654,0.0019102653,0.0015573037,0.0018545669,0.0019661821,0.9432325,0.9965406,0.9936999,0.99714947,40.40269,-1.1349156,-1.9735355,0.068849996,-0.0018973555,-0.00011004403,0.0,-0.59704477,0.4641278,0.014618002,0.007985111,0.0,36.084637,10.249894,-0.0022870502,0.42307693,0.46472317,-0.885456,0.0,0.0,1.0,0.0,0.0,0.0,0.0,-0.0037216377,-0.0008371217,-0.003010364,-0.00913394,-0.010388763,-0.0037431363,0.0047189733,0.0003641183,0.0006117188,0.12962963,0.0026046897,0.0047189733,0.0030036306,0.002297624,1.3072767,0.993055,0.99192816,0.99886525,32.68556,-2.1455247,-2.9267948,-1.3490473,-0.0027355736,-0.0002814541,0.0,-0.20863865,0.8383208,0.0147555405,0.0114057,0.0,31.297338,14.249704,-0.00897793,-0.0008371217,-0.003010364,-0.0103166895,-0.012052219,-0.011541235,-0.00085931923,0.0047189733,0.0032479356,0.0006117188,0.12962963,0.0029355488,0.0047189733,0.0025700645,0.0019489768,1.3186737,0.99220014,0.9929157,1.0007212,23.912355,-2.5136497,-2.3184977,-0.15394191,-0.0023736747,-0.0005145308,0.0,-0.0029171435,0.99799865,0.014903867,0.012652916,0.0,27.620655,3.6941495,-0.0110619785,-0.0103455195,-0.0103166895,-0.012534177,-0.0107418485,-0.007747478,-0.0062774,0.0080251675,0.0011360492,0.0006117188,0.07622504,0.003948416,0.011010938,0.004030553,0.003291792,1.2244252,0.9929377,0.9974391,1.0045334,17.258663,-1.9547793,-0.20856708,-3.1176238,-0.0022672433,-0.008078625,0.0,0.28119165,1.2212731,0.015407427,0.016256848,0.0,39.268578,49.752842,-0.004538073,-0.0021886574,-0.00021619907,0.0064497693,0.017317142,0.025593946,-0.0024649359,0.0067461403,0.0009225491,0.0033586554,0.49786323,0.00792971,0.0067461403,0.00462331,0.0046661254,0.9908242,1.0089816,1.0189756,1.0099052,12.496359,1.2390835,1.415148,-0.6533575,-9.609887e-06,-0.00037944285,0.0,0.91846883,1.248733,0.9650479,0.034261603,0.030169083,0.0,60.479324,90.97012,0.008739022
6455,-0.00023289496,-0.00048028643,-0.0008948937,-0.0012584429,-0.0073608398,-0.0001455763,0.0011646104,5.0951705e-05,0.0009680824,0.83125,0.001860017,0.0012010045,0.0015567441,0.0019412398,0.8019329,0.9966589,0.99372303,0.9970543,40.710693,-1.0849279,-1.9119081,0.107927755,-0.0020266213,-0.00010387694,0.0,-0.60136366,0.45010877,0.014535232,0.0076838327,0.0,35.571007,11.668784,-0.005163,0.46153846,0.23931566,-0.97094184,0.0,0.0,1.0,0.0,0.0,0.0,0.0,0.00072069454,-0.0030009432,-0.0024493872,-0.007127945,-0.009307648,0.00077865185,0.0016009664,0.00035657888,0.00046573568,0.7772727,0.0025312528,0.0016009664,0.0030244514,0.0023121387,1.3080752,0.99436086,0.9929297,0.9985608,34.59408,-1.7134656,-2.5609088,0.5671669,-0.0017797109,-0.000232988,0.0,-0.5289156,0.6066366,0.015471727,0.0109219,0.0,33.626793,15.304151,-0.008578273,-0.0008371217,-0.003010364,-0.0103166895,-0.012052219,-0.011541235,-0.00085931923,0.0047189733,0.0032479356,0.0006117188,0.12962963,0.0029355488,0.0047189733,0.0025700645,0.0019489768,1.3186737,0.99220014,0.9929157,1.0007212,23.912355,-2.5136497,-2.3184977,-0.15394191,-0.0023736747,-0.0005145308,0.0,-0.0029171435,0.99799865,0.014903867,0.012652916,0.0,27.620655,3.6941495,-0.0110619785,-0.0103455195,-0.0103166895,-0.012534177,-0.0107418485,-0.007747478,-0.0062774,0.0080251675,0.0011360492,0.0006117188,0.07622504,0.003948416,0.011010938,0.004030553,0.003291792,1.2244252,0.9929377,0.9974391,1.0045334,17.258663,-1.9547793,-0.20856708,-3.1176238,-0.0022672433,-0.008078625,0.0,0.28119165,1.2212731,0.015407427,0.016256848,0.0,39.268578,49.752842,-0.004538073,-0.0021886574,-0.00021619907,0.0064497693,0.017317142,0.025593946,-0.0024649359,0.0067461403,0.0009225491,0.0033586554,0.49786323,0.00792971,0.0067461403,0.00462331,0.0046661254,0.9908242,1.0089816,1.0189756,1.0099052,12.496359,1.2390835,1.415148,-0.6533575,-9.609887e-06,-0.00037944285,0.0,0.91846883,1.248733,0.9650479,0.034261603,0.030169083,0.0,60.479324,90.97012,0.008739022
6456,-0.00031303804,-0.00054593297,0.00017476152,-0.00066236017,-0.008035084,-0.00029852486,0.0017984302,0.00077907706,0.0007208283,0.4008097,0.0018561587,0.0017984302,0.0013932717,0.0019411457,0.7177574,0.99669373,0.99366874,0.996965,40.516014,-1.0608935,-1.8742518,0.06727522,-0.002246737,-9.338721e-05,0.0,-0.59197813,0.4557275,0.014382192,0.0076393317,0.0,34.853096,10.340062,-0.0029908388,0.5,1.2246469e-16,-1.0,0.0,0.0,1.0,0.0,0.0,0.0,0.0,0.00072069454,-0.0030009432,-0.0024493872,-0.007127945,-0.009307648,0.00077865185,0.0016009664,0.00035657888,0.00046573568,0.7772727,0.0025312528,0.0016009664,0.0030244514,0.0023121387,1.3080752,0.99436086,0.9929297,0.9985608,34.59408,-1.7134656,-2.5609088,0.5671669,-0.0017797109,-0.000232988,0.0,-0.5289156,0.6066366,0.015471727,0.0109219,0.0,33.626793,15.304151,-0.008578273,-0.0008371217,-0.003010364,-0.0103166895,-0.012052219,-0.011541235,-0.00085931923,0.0047189733,0.0032479356,0.0006117188,0.12962963,0.0029355488,0.0047189733,0.0025700645,0.0019489768,1.3186737,0.99220014,0.9929157,1.0007212,23.912355,-2.5136497,-2.3184977,-0.15394191,-0.0023736747,-0.0005145308,0.0,-0.0029171435,0.99799865,0.014903867,0.012652916,0.0,27.620655,3.6941495,-0.0110619785,-0.0103455195,-0.0103166895,-0.012534177,-0.0107418485,-0.007747478,-0.0062774,0.0080251675,0.0011360492,0.0006117188,0.07622504,0.003948416,0.011010938,0.004030553,0.003291792,1.2244252,0.9929377,0.9974391,1.0045334,17.258663,-1.9547793,-0.20856708,-3.1176238,-0.0022672433,-0.008078625,0.0,0.28119165,1.2212731,0.015407427,0.016256848,0.0,39.268578,49.752842,-0.004538073,-0.0021886574,-0.00021619907,0.0064497693,0.017317142,0.025593946,-0.0024649359,0.0067461403,0.0009225491,0.0033586554,0.49786323,0.00792971,0.0067461403,0.00462331,0.0046661254,0.9908242,1.0089816,1.0189756,1.0099052,12.496359,1.2390835,1.415148,-0.6533575,-9.609887e-06,-0.00037944285,0.0,0.91846883,1.248733,0.9650479,0.034261603,0.030169083,0.0,60.479324,90.97012,0.008739022
6457,0.000931546,0.00061850797,0.00013822153,1.4548735e-05,-0.009210382,0.001134793,0.0013166509,0.00010911471,7.274315e-05,0.9171271,0.0018160176,0.0013166509,0.0013811251,0.0019623719,0.70380396,0.9978486,0.9948057,0.99695057,40.335243,-0.72796524,-1.5791625,0.67924315,-0.0012537696,-5.9684793e-05,0.0,-0.63345414,0.40466794,0.013795236,0.007406922,0.0,38.811943,14.923367,-0.00063973013,0.53846157,-0.23931566,-0.97094184,0.0,0.0,1.0,0.0,0.0,0.0,0.0,-0.00054593297,0.00017476152,-0.00066236017,-0.010141928,-0.011877458,-0.0004587089,0.0017984302,0.00061889295,0.0007208283,0.4008097,0.0024801919,0.0017984302,0.0030180677,0.002304071,1.3098848,0.9944036,0.9926841,0.99827087,36.226566,-1.6213746,-2.5709002,0.00065527536,-0.0021415383,-0.00018479649,0.0,-0.554504,0.57006514,0.016348915,0.010572232,0.0,32.72163,7.4296536,-0.008919165,0.00017476152,-0.00066236017,-0.010170758,-0.009081845,-0.011496044,0.00023299501,0.0017984302,0.0010776019,0.00048783328,0.4008097,0.0028538497,0.0017984302,0.002600823,0.001954007,1.3310204,0.99309486,0.9933585,1.0002655,26.634333,-2.0468798,-2.1711528,0.3552236,-0.0018314334,-0.00036627488,0.0,-0.474618,0.69524497,0.016972138,0.012130992,0.0,28.319752,5.5104966,-0.010162015,-0.0103455195,-0.0103166895,-0.012534177,-0.0107418485,-0.007747478,-0.0062774,0.0080251675,0.0011360492,0.0006117188,0.07622504,0.003948416,0.011010938,0.004030553,0.003291792,1.2244252,0.9929377,0.9974391,1.0045334,17.258663,-1.9547793,-0.20856708,-3.1176238,-0.0022672433,-0.008078625,0.0,0.28119165,1.2212731,0.015407427,0.016256848,0.0,39.268578,49.752842,-0.004538073,-0.0021886574,-0.00021619907,0.0064497693,0.017317142,0.025593946,-0.0024649359,0.0067461403,0.0009225491,0.0033586554,0.49786323,0.00792971,0.0067461403,0.00462331,0.0046661254,0.9908242,1.0089816,1.0189756,1.0099052,12.496359,1.2390835,1.415148,-0.6533575,-9.609887e-06,-0.00037944285,0.0,0.91846883,1.248733,0.9650479,0.034261603,0.030169083,0.0,60.479324,90.97012,0.008739022
6458,0.00037819284,0.0013097388,0.0007638058,-0.0022371374,-0.008861019,0.00043629383,0.0010398336,2.181469e-05,0.0005817251,0.97902095,0.0017599382,0.0010398336,0.001353314,0.001968022,0.6876519,0.99839467,0.99537003,0.9969705,39.902134,-0.5465893,-1.4275771,0.36743835,-0.00082374277,-5.13865e-05,0.0,-0.50243354,0.5156835,0.013200071,0.0070950943,0.0,40.39656,22.04815,0.0006475883,0.5769231,-0.46472317,-0.885456,0.0,0.0,1.0,0.0,0.0,0.0,0.0,-0.00054593297,0.00017476152,-0.00066236017,-0.010141928,-0.011877458,-0.0004587089,0.0017984302,0.00061889295,0.0007208283,0.4008097,0.0024801919,0.0017984302,0.0030180677,0.002304071,1.3098848,0.9944036,0.9926841,0.99827087,36.226566,-1.6213746,-2.5709002,0.00065527536,-0.0021415383,-0.00018479649,0.0,-0.554504,0.57006514,0.016348915,0.010572232,0.0,32.72163,7.4296536,-0.008919165,0.00017476152,-0.00066236017,-0.010170758,-0.009081845,-0.011496044,0.00023299501,0.0017984302,0.0010776019,0.00048783328,0.4008097,0.0028538497,0.0017984302,0.002600823,0.001954007,1.3310204,0.99309486,0.9933585,1.0002655,26.634333,-2.0468798,-2.1711528,0.3552236,-0.0018314334,-0.00036627488,0.0,-0.474618,0.69524497,0.016972138,0.012130992,0.0,28.319752,5.5104966,-0.010162015,-0.0103455195,-0.0103166895,-0.012534177,-0.0107418485,-0.007747478,-0.0062774,0.0080251675,0.0011360492,0.0006117188,0.07622504,0.003948416,0.011010938,0.004030553,0.003291792,1.2244252,0.9929377,0.9974391,1.0045334,17.258663,-1.9547793,-0.20856708,-3.1176238,-0.0022672433,-0.008078625,0.0,0.28119165,1.2212731,0.015407427,0.016256848,0.0,39.268578,49.752842,-0.004538073,-0.0021886574,-0.00021619907,0.0064497693,0.017317142,0.025593946,-0.0024649359,0.0067461403,0.0009225491,0.0033586554,0.49786323,0.00792971,0.0067461403,0.00462331,0.0046661254,0.9908242,1.0089816,1.0189756,1.0099052,12.496359,1.2390835,1.415148,-0.6533575,-9.609887e-06,-0.00037944285,0.0,0.91846883,1.248733,0.9650479,0.034261603,0.030169083,0.0,60.479324,90.97012,0.008739022
6459,-0.0010622123,-0.00068401947,-6.551148e-05,-0.0009604052,-0.0038506016,-0.0010336594,0.0022056254,0.00028389238,0.0008880736,0.40264025,0.0017935098,0.0022056254,0.0013961723,0.001974225,0.7072002,0.997588,0.9945351,0.9969398,39.898426,-0.7771456,-1.5925474,-0.34995744,-0.0018173063,-6.995652e-05,0.0,-0.48801756,0.5170058,0.012755782,0.0072664316,0.0,37.463005,23.870968,-0.00066924666,0.61538464,-0.66312265,-0.7485108,0.0,0.0,1.0,0.0,0.0,0.0,0.0,0.0013097388,0.0007638058,-0.0022371374,-0.008861019,-0.009941547,0.0015124853,0.0016070156,2.181469e-05,7.271564e-05,0.98642534,0.0024148077,0.0016070156,0.003091538,0.0023031428,1.3423128,0.99611413,0.99421966,0.99809813,37.5298,-1.1793289,-2.1216652,0.7290994,-0.0007262782,-0.00010348974,0.0,-0.51503664,0.58451116,0.016894542,0.010165029,0.0,37.097878,11.961892,-0.0063439305,0.00017476152,-0.00066236017,-0.010170758,-0.009081845,-0.011496044,0.00023299501,0.0017984302,0.0010776019,0.00048783328,0.4008097,0.0028538497,0.0017984302,0.002600823,0.001954007,1.3310204,0.99309486,0.9933585,1.0002655,26.634333,-2.0468798,-2.1711528,0.3552236,-0.0018314334,-0.00036627488,0.0,-0.474618,0.69524497,0.016972138,0.012130992,0.0,28.319752,5.5104966,-0.010162015,-0.0103455195,-0.0103166895,-0.012534177,-0.0107418485,-0.007747478,-0.0062774,0.0080251675,0.0011360492,0.0006117188,0.07622504,0.003948416,0.011010938,0.004030553,0.003291792,1.2244252,0.9929377,0.9974391,1.0045334,17.258663,-1.9547793,-0.20856708,-3.1176238,-0.0022672433,-0.008078625,0.0,0.28119165,1.2212731,0.015407427,0.016256848,0.0,39.268578,49.752842,-0.004538073,-0.0021886574,-0.00021619907,0.0064497693,0.017317142,0.025593946,-0.0024649359,0.0067461403,0.0009225491,0.0033586554,0.49786323,0.00792971,0.0067461403,0.00462331,0.0046661254,0.9908242,1.0089816,1.0189756,1.0099052,12.496359,1.2390835,1.415148,-0.6533575,-9.609887e-06,-0.00037944285,0.0,0.91846883,1.248733,0.9650479,0.034261603,0.030169083,0.0,60.479324,90.97012,0.008739022
6460,0.001810903,0.00074869074,0.0020584296,0.0022331912,-0.000777173,0.0017947321,0.0020490463,0.0001671208,8.719346e-05,0.91843975,0.0018087493,0.0020490463,0.0012351362,0.0020284052,0.60891986,0.9994536,0.9964809,0.9970256,39.285477,-0.14192258,-1.1422973,1.0400958,2.5264166e-05,-3.001802e-05,1.0,-0.23663187,0.7564491,0.011786717,0.0073430846,0.0,44.82243,35.525356,-0.0014873395,0.65384614,-0.82298386,-0.56806475,0.0,0.0,1.0,0.0,0.0,0.0,0.0,0.0013097388,0.0007638058,-0.0022371374,-0.008861019,-0.009941547,0.0015124853,0.0016070156,2.181469e-05,7.271564e-05,0.98642534,0.0024148077,0.0016070156,0.003091538,0.0023031428,1.3423128,0.99611413,0.99421966,0.99809813,37.5298,-1.1793289,-2.1216652,0.7290994,-0.0007262782,-0.00010348974,0.0,-0.51503664,0.58451116,0.016894542,0.010165029,0.0,37.097878,11.961892,-0.0063439305,0.00017476152,-0.00066236017,-0.010170758,-0.009081845,-0.011496044,0.00023299501,0.0017984302,0.0010776019,0.00048783328,0.4008097,0.0028538497,0.0017984302,0.002600823,0.001954007,1.3310204,0.99309486,0.9933585,1.0002655,26.634333,-2.0468798,-2.1711528,0.3552236,-0.0018314334,-0.00036627488,0.0,-0.474618,0.69524497,0.016972138,0.012130992,0.0,28.319752,5.5104966,-0.010162015,-0.0103455195,-0.0103166895,-0.012534177,-0.0107418485,-0.007747478,-0.0062774,0.0080251675,0.0011360492,0.0006117188,0.07622504,0.003948416,0.011010938,0.004030553,0.003291792,1.2244252,0.9929377,0.9974391,1.0045334,17.258663,-1.9547793,-0.20856708,-3.1176238,-0.0022672433,-0.008078625,0.0,0.28119165,1.2212731,0.015407427,0.016256848,0.0,39.268578,49.752842,-0.004538073,-0.0021886574,-0.00021619907,0.0064497693,0.017317142,0.025593946,-0.0024649359,0.0067461403,0.0009225491,0.0033586554,0.49786323,0.00792971,0.0067461403,0.00462331,0.0046661254,0.9908242,1.0089816,1.0189756,1.0099052,12.496359,1.2390835,1.415148,-0.6533575,-9.609887e-06,-0.00037944285,0.0,0.91846883,1.248733,0.9650479,0.034261603,0.030169083,0.0,60.479324,90.97012,0.008739022
6461,-0.00019620454,0.0016146984,0.00093067903,0.0010689006,-0.0036271876,-8.721057e-05,0.00083576795,0.00022529397,0.0005232634,0.62608695,0.0017395802,0.00083576795,0.0009704881,0.0019484431,0.4980839,0.9993282,0.9964305,0.99710035,38.71631,-0.08653361,-1.1418027,0.1117716,-0.00015812373,-1.2828742e-05,0.0,0.080935284,1.0376258,0.009446493,0.0069634346,0.0,44.21482,43.927055,0.00065450737,0.6923077,-0.9350162,-0.3546049,0.0,0.0,1.0,0.0,0.0,0.0,0.0,0.00074869074,0.0020584296,0.0022331912,-0.000777173,-0.007023416,0.000777475,0.002862852,0.0001671208,0.0019182562,0.94162434,0.0024451327,0.002862852,0.0029439896,0.0022763768,1.2932786,0.9971584,0.9951608,0.99799675,38.003124,-0.91069764,-1.8301779,0.5080307,9.663515e-05,-7.3960924e-05,1.0,-0.29491904,0.7602135,0.016904792,0.0102806585,0.0,39.522102,16.666666,-0.008050915,0.0020584296,0.0022331912,-0.000777173,-0.006785284,-0.010257835,0.002259764,0.002862852,0.0001671208,0.0004359673,0.94162434,0.0028490436,0.002862852,0.0026486856,0.0020373529,1.3000622,0.9956019,0.9955847,0.9999827,28.417976,-1.4010798,-1.5637448,1.2071354,0.00032687592,-9.8253295e-05,1.0,-0.38013947,0.7539192,0.017901981,0.012043701,0.0,36.15108,9.804911,-0.009770979,-0.0103455195,-0.0103166895,-0.012534177,-0.0107418485,-0.007747478,-0.0062774,0.0080251675,0.0011360492,0.0006117188,0.07622504,0.003948416,0.011010938,0.004030553,0.003291792,1.2244252,0.9929377,0.9974391,1.0045334,17.258663,-1.9547793,-0.20856708,-3.1176238,-0.0022672433,-0.008078625,0.0,0.28119165,1.2212731,0.015407427,0.016256848,0.0,39.268578,49.752842,-0.004538073,-0.0021886574,-0.00021619907,0.0064497693,0.017317142,0.025593946,-0.0024649359,0.0067461403,0.0009225491,0.0033586554,0.49786323,0.00792971,0.0067461403,0.00462331,0.0046661254,0.9908242,1.0089816,1.0189756,1.0099052,12.496359,1.2390835,1.415148,-0.6533575,-9.609887e-06,-0.00037944285,0.0,0.91846883,1.248733,0.9650479,0.034261603,0.030169083,0.0,60.479324,90.97012,0.008739022
6462,0.00014534038,-5.0864146e-05,0.0006978266,0.0014616324,-0.0009877548,0.00014532983,0.0007775146,0.00030519263,0.0003269921,0.60747665,0.0016706265,0.0007775146,0.0008268053,0.0019500103,0.42400047,0.9995236,0.9967092,0.9971843,38.051228,0.23233008,-1.0667943,0.28384465,-9.675538e-06,-3.0953406e-06,0.0,-0.21790537,0.90401554,0.005798179,0.006595531,0.0,44.81162,58.590534,0.00218471,0.7307692,-0.99270886,-0.12053668,0.0,0.0,1.0,0.0,0.0,0.0,0.0,0.00074869074,0.0020584296,0.0022331912,-0.000777173,-0.007023416,0.000777475,0.002862852,0.0001671208,0.0019182562,0.94162434,0.0024451327,0.002862852,0.0029439896,0.0022763768,1.2932786,0.9971584,0.9951608,0.99799675,38.003124,-0.91069764,-1.8301779,0.5080307,9.663515e-05,-7.3960924e-05,1.0,-0.29491904,0.7602135,0.016904792,0.0102806585,0.0,39.522102,16.666666,-0.008050915,0.0020584296,0.0022331912,-0.000777173,-0.006785284,-0.010257835,0.002259764,0.002862852,0.0001671208,0.0004359673,0.94162434,0.0028490436,0.002862852,0.0026486856,0.0020373529,1.3000622,0.9956019,0.9955847,0.9999827,28.417976,-1.4010798,-1.5637448,1.2071354,0.00032687592,-9.8253295e-05,1.0,-0.38013947,0.7539192,0.017901981,0.012043701,0.0,36.15108,9.804911,-0.009770979,-0.0103455195,-0.0103166895,-0.012534177,-0.0107418485,-0.007747478,-0.0062774,0.0080251675,0.0011360492,0.0006117188,0.07622504,0.003948416,0.011010938,0.004030553,0.003291792,1.2244252,0.9929377,0.9974391,1.0045334,17.258663,-1.9547793,-0.20856708,-3.1176238,-0.0022672433,-0.008078625,0.0,0.28119165,1.2212731,0.015407427,0.016256848,0.0,39.268578,49.752842,-0.004538073,-0.0021886574,-0.00021619907,0.0064497693,0.017317142,0.025593946,-0.0024649359,0.0067461403,0.0009225491,0.0033586554,0.49786323,0.00792971,0.0067461403,0.00462331,0.0046661254,0.9908242,1.0089816,1.0189756,1.0099052,12.496359,1.2390835,1.415148,-0.6533575,-9.609887e-06,-0.00037944285,0.0,0.91846883,1.248733,0.9650479,0.034261603,0.030169083,0.0,60.479324,90.97012,0.008739022
6463,8.7194094e-05,0.00023253448,0.0018472329,0.0017817215,0.00052327866,-7.2658577e-06,0.0008573712,0.00029790017,0.0005522052,0.6440678,0.0016124016,0.0008573712,0.0007838479,0.0014236766,0.55058,0.9996478,0.99692136,0.9972726,37.343014,0.38686666,-1.0074918,0.1316047,7.773984e-05,-2.2425807e-07,1.0,-0.025452616,0.9887421,0.005370905,0.006293482,0.0,45.1905,58.847736,0.0013022823,0.7692308,-0.99270886,0.12053668,0.0,0.0,1.0,0.0,0.0,0.0,0.0,-5.0864146e-05,0.0006978266,0.0014616324,-0.0009877548,-0.0070093405,5.813193e-05,0.00097370986,0.00030519263,0.00061038526,0.6865672,0.0023401466,0.00097370986,0.0029415784,0.0022777678,1.2914304,0.9973824,0.99530107,0.9979132,38.370895,-0.8340973,-1.7469317,0.14989968,5.3005962e-05,-7.2316684e-06,1.0,-0.13611476,0.8901222,0.016855061,0.009672958,0.0,39.410934,22.511648,-0.008129964,0.0020584296,0.0022331912,-0.000777173,-0.006785284,-0.010257835,0.002259764,0.002862852,0.0001671208,0.0004359673,0.94162434,0.0028490436,0.002862852,0.0026486856,0.0020373529,1.3000622,0.9956019,0.9955847,0.9999827,28.417976,-1.4010798,-1.5637448,1.2071354,0.00032687592,-9.8253295e-05,1.0,-0.38013947,0.7539192,0.017901981,0.012043701,0.0,36.15108,9.804911,-0.009770979,-0.0103455195,-0.0103166895,-0.012534177,-0.0107418485,-0.007747478,-0.0062774,0.0080251675,0.0011360492,0.0006117188,0.07622504,0.003948416,0.011010938,0.004030553,0.003291792,1.2244252,0.9929377,0.9974391,1.0045334,17.258663,-1.9547793,-0.20856708,-3.1176238,-0.0022672433,-0.008078625,0.0,0.28119165,1.2212731,0.015407427,0.016256848,0.0,39.268578,49.752842,-0.004538073,-0.0021886574,-0.00021619907,0.0064497693,0.017317142,0.025593946,-0.0024649359,0.0067461403,0.0009225491,0.0033586554,0.49786323,0.00792971,0.0067461403,0.00462331,0.0046661254,0.9908242,1.0089816,1.0189756,1.0099052,12.496359,1.2390835,1.415148,-0.6533575,-9.609887e-06,-0.00037944285,0.0,0.91846883,1.248733,0.9650479,0.034261603,0.030169083,0.0,60.479324,90.97012,0.008739022
6464,-0.00013806083,-5.0866733e-05,-0.000101730875,0.0019566987,0.0012943385,-0.00010900291,0.00090109074,0.00063948374,0.00015260407,0.16935484,0.0015618004,0.00090109074,0.0007787428,0.0013973167,0.557313,0.9995565,0.9969095,0.9973518,36.359158,0.32543328,-1.0001773,-0.067354545,-6.6884e-05,6.56382e-06,0.0,0.14596117,1.0646601,0.005258279,0.006038162,0.0,44.667618,59.51646,0.0014117613,0.8076923,-0.9350162,0.3546049,0.0,0.0,1.0,0.0,0.0,0.0,0.0,-5.0864146e-05,0.0006978266,0.0014616324,-0.0009877548,-0.0070093405,5.813193e-05,0.00097370986,0.00030519263,0.00061038526,0.6865672,0.0023401466,0.00097370986,0.0029415784,0.0022777678,1.2914304,0.9973824,0.99530107,0.9979132,38.370895,-0.8340973,-1.7469317,0.14989968,5.3005962e-05,-7.2316684e-06,1.0,-0.13611476,0.8901222,0.016855061,0.009672958,0.0,39.410934,22.511648,-0.008129964,0.0020584296,0.0022331912,-0.000777173,-0.006785284,-0.010257835,0.002259764,0.002862852,0.0001671208,0.0004359673,0.94162434,0.0028490436,0.002862852,0.0026486856,0.0020373529,1.3000622,0.9956019,0.9955847,0.9999827,28.417976,-1.4010798,-1.5637448,1.2071354,0.00032687592,-9.8253295e-05,1.0,-0.38013947,0.7539192,0.017901981,0.012043701,0.0,36.15108,9.804911,-0.009770979,-0.0103455195,-0.0103166895,-0.012534177,-0.0107418485,-0.007747478,-0.0062774,0.0080251675,0.0011360492,0.0006117188,0.07622504,0.003948416,0.011010938,0.004030553,0.003291792,1.2244252,0.9929377,0.9974391,1.0045334,17.258663,-1.9547793,-0.20856708,-3.1176238,-0.0022672433,-0.008078625,0.0,0.28119165,1.2212731,0.015407427,0.016256848,0.0,39.268578,49.752842,-0.004538073,-0.0021886574,-0.00021619907,0.0064497693,0.017317142,0.025593946,-0.0024649359,0.0067461403,0.0009225491,0.0033586554,0.49786323,0.00792971,0.0067461403,0.00462331,0.0046661254,0.9908242,1.0089816,1.0189756,1.0099052,12.496359,1.2390835,1.415148,-0.6533575,-9.609887e-06,-0.00037944285,0.0,0.91846883,1.248733,0.9650479,0.034261603,0.030169083,0.0,60.479324,90.97012,0.008739022
6465,0.0009805453,0.00084248453,0.001075019,0.002005698,0.0020202468,0.0009873245,0.003310441,0.001306753,0.0010163635,0.6052632,0.001685282,0.003310441,0.000807986,0.0012717393,0.6353394,1.0004859,0.99797016,0.9974855,34.012997,1.4927818,-0.74035627,0.8713687,0.0008581026,5.5194138e-05,1.0,2.51498,2.0100908,0.0040385555,0.006718865,1.0,49.168076,64.426186,0.0026276521,0.84615386,-0.82298386,0.56806475,0.0,0.0,1.0,0.0,0.0,0.0,1.0,-5.0866733e-05,-0.000101730875,0.0019566987,0.0012943385,-0.006887015,-0.00014533722,0.0011626978,0.00060314947,0.00041421107,0.35625,0.0022561536,0.0011626978,0.0018457326,0.0022081158,0.83588576,0.9975852,0.99543583,0.9978455,38.378426,-0.76522845,-1.6811637,0.20160682,-8.270732e-06,1.0411386e-05,0.0,-0.07828115,0.93674725,0.016092267,0.009195101,0.0,39.291916,24.396442,-0.0008785177,-0.000101730875,0.0019566987,0.0012943385,-0.00700248,-0.011409042,7.266861e-06,0.0013661699,0.00074848667,0.0006104163,0.45212767,0.0027433932,0.0013661699,0.0025798208,0.0020308755,1.2702999,0.9959274,0.99565977,0.9997313,29.769876,-1.2756999,-1.532794,0.15870202,0.0001770981,4.8085858e-05,1.0,0.059678614,1.038916,0.018672947,0.0114182355,0.0,35.94188,14.732594,-0.007099823,-0.0103455195,-0.0103166895,-0.012534177,-0.0107418485,-0.007747478,-0.0062774,0.0080251675,0.0011360492,0.0006117188,0.07622504,0.003948416,0.011010938,0.004030553,0.003291792,1.2244252,0.9929377,0.9974391,1.0045334,17.258663,-1.9547793,-0.20856708,-3.1176238,-0.0022672433,-0.008078625,0.0,0.28119165,1.2212731,0.015407427,0.016256848,0.0,39.268578,49.752842,-0.004538073,-0.0021886574,-0.00021619907,0.0064497693,0.017317142,0.025593946,-0.0024649359,0.0067461403,0.0009225491,0.0033586554,0.49786323,0.00792971,0.0067461403,0.00462331,0.0046661254,0.9908242,1.0089816,1.0189756,1.0099052,12.496359,1.2390835,1.415148,-0.6533575,-9.609887e-06,-0.00037944285,0.0,0.91846883,1.248733,0.9650479,0.034261603,0.030169083,0.0,60.479324,90.97012,0.008739022
6466,0.00059512147,0.0015756668,0.0015248001,0.0022226267,-1.4510734e-05,0.0005514119,0.0013495081,1.451084e-05,0.00078358536,0.9892473,0.001660367,0.0013495081,0.0007868809,0.0011510642,0.6836117,1.0009784,0.99862045,0.9976444,31.834423,1.9482989,-0.5696384,0.4936903,0.0014072476,4.5354765e-05,1.0,0.3827861,1.1531373,0.004229307,0.0065894546,1.0,51.735905,72.60633,0.0035386116,0.88461536,-0.66312265,0.7485108,0.0,0.0,1.0,0.0,0.0,0.0,1.0,-5.0866733e-05,-0.000101730875,0.0019566987,0.0012943385,-0.006887015,-0.00014533722,0.0011626978,0.00060314947,0.00041421107,0.35625,0.0022561536,0.0011626978,0.0018457326,0.0022081158,0.83588576,0.9975852,0.99543583,0.9978455,38.378426,-0.76522845,-1.6811637,0.20160682,-8.270732e-06,1.0411386e-05,0.0,-0.07828115,0.93674725,0.016092267,0.009195101,0.0,39.291916,24.396442,-0.0008785177,-0.000101730875,0.0019566987,0.0012943385,-0.00700248,-0.011409042,7.266861e-06,0.0013661699,0.00074848667,0.0006104163,0.45212767,0.0027433932,0.0013661699,0.0025798208,0.0020308755,1.2702999,0.9959274,0.99565977,0.9997313,29.769876,-1.2756999,-1.532794,0.15870202,0.0001770981,4.8085858e-05,1.0,0.059678614,1.038916,0.018672947,0.0114182355,0.0,35.94188,14.732594,-0.007099823,-0.0103455195,-0.0103166895,-0.012534177,-0.0107418485,-0.007747478,-0.0062774,0.0080251675,0.0011360492,0.0006117188,0.07622504,0.003948416,0.011010938,0.004030553,0.003291792,1.2244252,0.9929377,0.9974391,1.0045334,17.258663,-1.9547793,-0.20856708,-3.1176238,-0.0022672433,-0.008078625,0.0,0.28119165,1.2212731,0.015407427,0.016256848,0.0,39.268578,49.752842,-0.004538073,-0.0021886574,-0.00021619907,0.0064497693,0.017317142,0.025593946,-0.0024649359,0.0067461403,0.0009225491,0.0033586554,0.49786323,0.00792971,0.0067461403,0.00462331,0.0046661254,0.9908242,1.0089816,1.0189756,1.0099052,12.496359,1.2390835,1.415148,-0.6533575,-9.609887e-06,-0.00037944285,0.0,0.91846883,1.248733,0.9650479,0.034261603,0.030169083,0.0,60.479324,90.97012,0.008739022
6467,-2.90221e-05,0.00056609936,0.0014085838,0.0032558169,0.0022954117,0.0,0.0019154864,0.0019009751,1.4511261e-05,0.007575758,0.0016786347,0.0019154864,0.0007668148,0.0010996498,0.6973264,1.0008588,0.9986467,0.99778974,30.67899,1.6835197,-0.547542,-0.114232026,0.0011604083,0.00021815835,1.0,3.271357,2.8578844,0.0046039363,0.0066917697,0.0,51.598972,76.18684,0.0025751074,0.9230769,-0.46472317,0.885456,0.0,0.0,1.0,0.0,0.0,0.0,1.0,0.0015756668,0.0015248001,0.0022226267,-1.4510734e-05,-0.0056288447,0.0015816815,0.0033084715,0.00071103114,0.0010157587,0.7850877,0.0023280208,0.0033084715,0.0019196694,0.0022556637,0.8510442,0.9992384,0.99712265,0.99788266,37.185257,-0.308178,-1.2433189,0.86963886,0.0014517208,0.0001146271,1.0,0.47034714,1.3646451,0.015076068,0.00956665,0.0,44.851948,28.695469,0.0005371895,-0.000101730875,0.0019566987,0.0012943385,-0.00700248,-0.011409042,7.266861e-06,0.0013661699,0.00074848667,0.0006104163,0.45212767,0.0027433932,0.0013661699,0.0025798208,0.0020308755,1.2702999,0.9959274,0.99565977,0.9997313,29.769876,-1.2756999,-1.532794,0.15870202,0.0001770981,4.8085858e-05,1.0,0.059678614,1.038916,0.018672947,0.0114182355,0.0,35.94188,14.732594,-0.007099823,-0.0103455195,-0.0103166895,-0.012534177,-0.0107418485,-0.007747478,-0.0062774,0.0080251675,0.0011360492,0.0006117188,0.07622504,0.003948416,0.011010938,0.004030553,0.003291792,1.2244252,0.9929377,0.9974391,1.0045334,17.258663,-1.9547793,-0.20856708,-3.1176238,-0.0022672433,-0.008078625,0.0,0.28119165,1.2212731,0.015407427,0.016256848,0.0,39.268578,49.752842,-0.004538073,-0.0021886574,-0.00021619907,0.0064497693,0.017317142,0.025593946,-0.0024649359,0.0067461403,0.0009225491,0.0033586554,0.49786323,0.00792971,0.0067461403,0.00462331,0.0046661254,0.9908242,1.0089816,1.0189756,1.0099052,12.496359,1.2390835,1.415148,-0.6533575,-9.609887e-06,-0.00037944285,0.0,0.91846883,1.248733,0.9650479,0.034261603,0.030169083,0.0,60.479324,90.97012,0.008739022
6468,0.0021743237,0.0021453016,0.0037209683,0.0036192373,0.0058524283,0.002085083,0.002866989,0.0,0.0007819061,1.0,0.0017601316,0.002866989,0.0009792419,0.0011654113,0.84025437,1.0027473,1.0007882,0.9980462,29.042343,2.6368718,0.0025711507,1.6505402,0.0028731523,0.0004582229,1.0,3.8811214,5.1406274,0.005774506,0.0071334946,0.0,60.123535,84.85735,0.0043774815,0.96153843,-0.23931566,0.97094184,0.0,0.0,1.0,0.0,0.0,0.0,1.0,0.0015756668,0.0015248001,0.0022226267,-1.4510734e-05,-0.0056288447,0.0015816815,0.0033084715,0.00071103114,0.0010157587,0.7850877,0.0023280208,0.0033084715,0.0019196694,0.0022556637,0.8510442,0.9992384,0.99712265,0.99788266,37.185257,-0.308178,-1.2433189,0.86963886,0.0014517208,0.0001146271,1.0,0.47034714,1.3646451,0.015076068,0.00956665,0.0,44.851948,28.695469,0.0005371895,-0.000101730875,0.0019566987,0.0012943385,-0.00700248,-0.011409042,7.266861e-06,0.0013661699,0.00074848667,0.0006104163,0.45212767,0.0027433932,0.0013661699,0.0025798208,0.0020308755,1.2702999,0.9959274,0.99565977,0.9997313,29.769876,-1.2756999,-1.532794,0.15870202,0.0001770981,4.8085858e-05,1.0,0.059678614,1.038916,0.018672947,0.0114182355,0.0,35.94188,14.732594,-0.007099823,-0.0103455195,-0.0103166895,-0.012534177,-0.0107418485,-0.007747478,-0.0062774,0.0080251675,0.0011360492,0.0006117188,0.07622504,0.003948416,0.011010938,0.004030553,0.003291792,1.2244252,0.9929377,0.9974391,1.0045334,17.258663,-1.9547793,-0.20856708,-3.1176238,-0.0022672433,-0.008078625,0.0,0.28119165,1.2212731,0.015407427,0.016256848,0.0,39.268578,49.752842,-0.004538073,-0.0021886574,-0.00021619907,0.0064497693,0.017317142,0.025593946,-0.0024649359,0.0067461403,0.0009225491,0.0033586554,0.49786323,0.00792971,0.0067461403,0.00462331,0.0046661254,0.9908242,1.0089816,1.0189756,1.0099052,12.496359,1.2390835,1.415148,-0.6533575,-9.609887e-06,-0.00037944285,0.0,0.91846883,1.248733,0.9650479,0.034261603,0.030169083,0.0,60.479324,90.97012,0.008739022
6469,-0.00075323024,0.0014210934,0.0019871928,0.0030622117,0.0041311122,0.0,0.0,0.0,0.0,1.0,0.0016894619,0.000753514,0.0009303419,0.0011868288,0.7838889,1.0018022,1.0000333,0.9982343,27.5226,1.8182274,-0.16540417,-0.8034876,0.0021217247,7.874273e-08,1.0,-0.89581263,0.0010166855,0.006336246,0.0067460304,0.0,56.414146,85.70525,0.004687864,1.0,-2.4492937e-16,1.0,0.0,0.0,1.0,0.0,0.0,0.0,1.0,0.0021453016,0.0037209683,0.0036192373,0.0058524283,-0.0032815116,0.0021719614,0.002866989,0.0,0.00069502764,1.0,0.002361886,0.002866989,0.0018208455,0.0022822872,0.7978161,1.0012523,0.9992929,0.998043,35.13202,0.30152974,-0.6936995,1.014557,0.0028534825,0.00074078987,1.0,2.948749,3.6962116,0.014537642,0.009729178,0.0,51.39165,39.411266,0.0050279046,0.0037209683,0.0036192373,0.0058524283,-0.004464261,-0.0065882523,0.003721294,0.004734876,0.0,0.001013582,1.0,0.0028761807,0.004734876,0.0029394361,0.0022162683,1.3262998,0.9996744,0.99939615,0.9997217,29.359585,-0.44120693,-0.51945937,1.8072761,0.0030397668,0.0008540503,1.0,2.6840606,3.0034637,0.01845039,0.012096178,0.0,47.8506,29.397728,-0.00316104,0.0058524283,-0.004493091,-0.006199791,-0.00470929,-0.0041687046,0.005893255,0.0063783266,0.0,0.0004850714,1.0,0.0041005868,0.0063783266,0.004002086,0.0035480203,1.1279773,0.9988832,1.003164,1.0042857,18.416626,-0.56377417,0.53473437,1.5862972,0.0026485992,0.00093607634,1.0,1.3501151,1.9691197,0.014304007,0.017052587,1.0,49.82139,40.589653,-0.004698219,-0.0021886574,-0.00021619907,0.0064497693,0.017317142,0.025593946,-0.0024649359,0.0067461403,0.0009225491,0.0033586554,0.49786323,0.00792971,0.0067461403,0.00462331,0.0046661254,0.9908242,1.0089816,1.0189756,1.0099052,12.496359,1.2390835,1.415148,-0.6533575,-9.609887e-06,-0.00037944285,0.0,0.91846883,1.248733,0.9650479,0.034261603,0.030169083,0.0,60.479324,90.97012,0.008739022
6470,0.005664264,0.004911034,0.007056335,0.008581135,0.010042768,-0.0008357108,0.0015777643,0.00010806605,0.0006339875,0.40182647,0.0020307843,0.0065920292,0.0018709812,0.0016263282,1.1504327,1.0067743,1.0054885,0.9987228,28.978209,3.298822,1.226833,3.2663596,-0.00010326311,0.00792272,0.0,0.6112029,1.6612025,0.009733391,0.008580326,0.0,70.95961,93.467415,0.008566758,0.0,0.0,1.0,0.0,0.0,0.0,1.0,0.0,1.0,0.0,-0.00075323024,0.0013920713,0.0029168713,0.0043785037,-0.002749441,0.0,0.0,0.0,0.0,1.0,0.0022486548,0.000753514,0.001646943,0.002285803,0.7205096,1.000451,0.9985976,0.99814755,33.22544,0.16097854,-0.8448605,-0.24000615,0.002102041,7.801067e-08,1.0,-1.0370167,0.00050291774,0.013967698,0.009096275,0.0,49.184742,55.202316,0.0013785098,-0.00075323024,0.002967738,0.0049244366,-0.005246321,-0.0074349786,0.0,0.0,0.0,0.0,1.0,0.002726574,0.000753514,0.0029380843,0.0022163799,1.3256232,0.9990243,0.99869674,0.9996722,28.9786,-0.53585416,-0.7048496,-0.19159618,0.0022884586,8.494485e-08,1.0,-1.2488791,0.00031206294,0.018286789,0.01123946,0.0,45.984222,37.377434,-0.004026613,-0.00075323024,0.0050991983,-0.005217491,-0.006442037,0.00066679233,0.0,0.0,0.0,0.0,1.0,0.0038643791,0.000753514,0.003996094,0.0035025566,1.1409079,0.9983088,1.0023141,1.004012,19.491879,-0.79229337,0.39576256,-0.22891779,0.0018970106,7.038716e-08,1.0,-1.2624905,0.00011986415,0.0141327735,0.015727209,0.0,48.646782,29.599731,-0.0056267604,-0.005246321,-0.0074349786,0.0005507965,0.009858609,0.01378829,-0.0011592522,0.00798435,0.001130271,0.005694827,0.7132486,0.008184529,0.010954934,0.004988143,0.0048347367,1.03173,1.0033482,1.0131017,1.0097209,11.712994,0.5746466,0.999293,-1.2255998,0.0011351012,-0.0063712937,1.0,1.1471581,1.3171574,1.1652192,0.03400139,0.031612724,0.0,55.128284,81.1718,0.0046439855
6471,-0.0005188516,0.0051454124,0.0065665054,0.007975089,0.009756811,-0.00060548395,0.0019173658,0.00063431653,0.0006775654,0.35338345,0.0020236617,0.0019173658,0.0018937291,0.0015149284,1.2500453,1.0056533,1.0047712,0.99912286,29.924032,2.4121737,1.1000881,-0.63497883,-0.0004165085,-0.00020566647,0.0,0.41563854,1.4325343,0.011766206,0.008497606,0.0,68.6924,89.44204,0.008241399,0.03846154,0.23931566,0.97094184,0.0,0.0,0.0,1.0,0.0,1.0,0.0,-0.00075323024,0.0013920713,0.0029168713,0.0043785037,-0.002749441,0.0,0.0,0.0,0.0,1.0,0.0022486548,0.000753514,0.001646943,0.002285803,0.7205096,1.000451,0.9985976,0.99814755,33.22544,0.16097854,-0.8448605,-0.24000615,0.002102041,7.801067e-08,1.0,-1.0370167,0.00050291774,0.013967698,0.009096275,0.0,49.184742,55.202316,0.0013785098,-0.00075323024,0.002967738,0.0049244366,-0.005246321,-0.0074349786,0.0,0.0,0.0,0.0,1.0,0.002726574,0.000753514,0.0029380843,0.0022163799,1.3256232,0.9990243,0.99869674,0.9996722,28.9786,-0.53585416,-0.7048496,-0.19159618,0.0022884586,8.494485e-08,1.0,-1.2488791,0.00031206294,0.018286789,0.01123946,0.0,45.984222,37.377434,-0.004026613,-0.00075323024,0.0050991983,-0.005217491,-0.006442037,0.00066679233,0.0,0.0,0.0,0.0,1.0,0.0038643791,0.000753514,0.003996094,0.0035025566,1.1409079,0.9983088,1.0023141,1.004012,19.491879,-0.79229337,0.39576256,-0.22891779,0.0018970106,7.038716e-08,1.0,-1.2624905,0.00011986415,0.0141327735,0.015727209,0.0,48.646782,29.599731,-0.0056267604,-0.005246321,-0.0074349786,0.0005507965,0.009858609,0.01378829,-0.0011592522,0.00798435,0.001130271,0.005694827,0.7132486,0.008184529,0.010954934,0.004988143,0.0048347367,1.03173,1.0033482,1.0131017,1.0097209,11.712994,0.5746466,0.999293,-1.2255998,0.0011351012,-0.0063712937,1.0,1.1471581,1.3171574,1.1652192,0.03400139,0.031612724,0.0,55.128284,81.1718,0.0046439855
6472,0.00048282897,-3.6022666e-05,0.004875011,0.008595979,0.010552678,0.00064841966,0.0012968393,0.00028098185,0.0003674378,0.78333336,0.0019708388,0.0012968393,0.0018833334,0.0014527509,1.2963911,1.0055511,1.0050493,0.999501,30.8023,2.128637,1.2168826,-0.036856297,0.00010098612,-3.458346e-05,1.0,-0.26093,0.7280385,0.01323401,0.008178634,0.0,69.663734,90.68015,0.008581726,0.07692308,0.46472317,0.885456,0.0,0.0,0.0,1.0,0.0,1.0,0.0,0.0051454124,0.004392182,0.0081131505,0.010069849,-7.207882e-05,-0.0013551308,0.0021408182,0.000108122134,0.0006775654,0.3164983,0.0025484238,0.00659545,0.0017234022,0.0025800911,0.6679618,1.0050747,1.0036016,0.9985342,33.101803,1.5444987,0.41024214,1.9705139,-0.00026189582,0.007539809,0.0,0.5866318,1.5341561,0.014248687,0.010700278,0.0,61.404446,71.97818,0.010297266,0.0051454124,0.004392182,0.008011419,0.0072342465,-0.0008790069,-0.0013551308,0.0021408182,0.000108122134,0.0006775654,0.3164983,0.0029899285,0.00659545,0.0034057929,0.002524031,1.3493466,1.0037785,1.0036973,0.99991906,27.766886,0.6006439,0.6594727,2.0830698,-0.00026189582,0.0077280635,0.0,-0.008630645,0.9932179,0.01781193,0.012629398,0.0,58.048294,58.979584,-7.2076225e-05,-0.00075323024,0.0050991983,-0.005217491,-0.006442037,0.00066679233,0.0,0.0,0.0,0.0,1.0,0.0038643791,0.000753514,0.003996094,0.0035025566,1.1409079,0.9983088,1.0023141,1.004012,19.491879,-0.79229337,0.39576256,-0.22891779,0.0018970106,7.038716e-08,1.0,-1.2624905,0.00011986415,0.0141327735,0.015727209,0.0,48.646782,29.599731,-0.0056267604,-0.005246321,-0.0074349786,0.0005507965,0.009858609,0.01378829,-0.0011592522,0.00798435,0.001130271,0.005694827,0.7132486,0.008184529,0.010954934,0.004988143,0.0048347367,1.03173,1.0033482,1.0131017,1.0097209,11.712994,0.5746466,0.999293,-1.2255998,0.0011351012,-0.0063712937,1.0,1.1471581,1.3171574,1.1652192,0.03400139,0.031612724,0.0,55.128284,81.1718,0.0046439855
6473,-7.925443e-05,0.00040357452,0.0055489866,0.0075361794,0.009541878,-7.205234e-05,0.00154192,0.0010375537,0.00043231403,0.28037384,0.0019403467,0.00154192,0.001891586,0.0014552445,1.2998407,1.0049478,1.0047739,0.99982697,31.84924,1.8045189,1.1900615,-0.38705483,-1.6039772e-05,3.7777147e-05,0.0,-0.31710994,0.67255294,0.0144003695,0.0079877,0.0,69.283676,90.02062,0.008413863,0.115384616,0.66312265,0.7485108,0.0,0.0,0.0,1.0,0.0,0.0,0.0,0.0051454124,0.004392182,0.0081131505,0.010069849,-7.207882e-05,-0.0013551308,0.0021408182,0.000108122134,0.0006775654,0.3164983,0.0025484238,0.00659545,0.0017234022,0.0025800911,0.6679618,1.0050747,1.0036016,0.9985342,33.101803,1.5444987,0.41024214,1.9705139,-0.00026189582,0.007539809,0.0,0.5866318,1.5341561,0.014248687,0.010700278,0.0,61.404446,71.97818,0.010297266,0.0051454124,0.004392182,0.008011419,0.0072342465,-0.0008790069,-0.0013551308,0.0021408182,0.000108122134,0.0006775654,0.3164983,0.0029899285,0.00659545,0.0034057929,0.002524031,1.3493466,1.0037785,1.0036973,0.99991906,27.766886,0.6006439,0.6594727,2.0830698,-0.00026189582,0.0077280635,0.0,-0.008630645,0.9932179,0.01781193,0.012629398,0.0,58.048294,58.979584,-7.2076225e-05,-0.00075323024,0.0050991983,-0.005217491,-0.006442037,0.00066679233,0.0,0.0,0.0,0.0,1.0,0.0038643791,0.000753514,0.003996094,0.0035025566,1.1409079,0.9983088,1.0023141,1.004012,19.491879,-0.79229337,0.39576256,-0.22891779,0.0018970106,7.038716e-08,1.0,-1.2624905,0.00011986415,0.0141327735,0.015727209,0.0,48.646782,29.599731,-0.0056267604,-0.005246321,-0.0074349786,0.0005507965,0.009858609,0.01378829,-0.0011592522,0.00798435,0.001130271,0.005694827,0.7132486,0.008184529,0.010954934,0.004988143,0.0048347367,1.03173,1.0033482,1.0131017,1.0097209,11.712994,0.5746466,0.999293,-1.2255998,0.0011351012,-0.0063712937,1.0,1.1471581,1.3171574,1.1652192,0.03400139,0.031612724,0.0,55.128284,81.1718,0.0046439855
6474,-2.882135e-05,-0.00010807578,-0.00014409845,0.0069122366,0.0091348635,-7.205441e-05,0.0014410883,0.0013258012,4.323265e-05,0.03,0.0019047373,0.0014410883,0.0018856298,0.001450275,1.3001877,1.0044482,1.004558,1.0001092,32.90116,1.5778468,1.1941392,-0.3611417,-0.00012284203,7.7976525e-05,0.0,0.016585695,1.0165359,0.01518147,0.007776161,0.0,69.13597,89.75776,0.008524028,0.15384616,0.82298386,0.56806475,0.0,0.0,0.0,1.0,0.0,0.0,0.0,0.00040357452,0.0055489866,0.006941058,0.009163685,0.00030266563,0.0005692135,0.0020462864,0.001109606,0.00036746694,0.45774648,0.0025116021,0.0020462864,0.0017325063,0.0025806127,0.67135465,1.0049559,1.0038489,0.99889845,33.0018,1.5934466,0.5082381,0.13096265,7.856157e-05,6.315031e-05,1.0,-0.32265684,0.7080595,0.014632228,0.010456835,0.0,62.17489,83.45811,0.009976932,0.0051454124,0.004392182,0.008011419,0.0072342465,-0.0008790069,-0.0013551308,0.0021408182,0.000108122134,0.0006775654,0.3164983,0.0029899285,0.00659545,0.0034057929,0.002524031,1.3493466,1.0037785,1.0036973,0.99991906,27.766886,0.6006439,0.6594727,2.0830698,-0.00026189582,0.0077280635,0.0,-0.008630645,0.9932179,0.01781193,0.012629398,0.0,58.048294,58.979584,-7.2076225e-05,-0.00075323024,0.0050991983,-0.005217491,-0.006442037,0.00066679233,0.0,0.0,0.0,0.0,1.0,0.0038643791,0.000753514,0.003996094,0.0035025566,1.1409079,0.9983088,1.0023141,1.004012,19.491879,-0.79229337,0.39576256,-0.22891779,0.0018970106,7.038716e-08,1.0,-1.2624905,0.00011986415,0.0141327735,0.015727209,0.0,48.646782,29.599731,-0.0056267604,-0.005246321,-0.0074349786,0.0005507965,0.009858609,0.01378829,-0.0011592522,0.00798435,0.001130271,0.005694827,0.7132486,0.008184529,0.010954934,0.004988143,0.0048347367,1.03173,1.0033482,1.0131017,1.0097209,11.712994,0.5746466,0.999293,-1.2255998,0.0011351012,-0.0063712937,1.0,1.1471581,1.3171574,1.1652192,0.03400139,0.031612724,0.0,55.128284,81.1718,0.0046439855
6475,0.0007706852,0.00074186386,0.0011454384,0.007711944,0.01096776,0.0008135876,0.0022607655,0.0001511977,0.0012959803,0.933121,0.0019288054,0.0022607655,0.0018851683,0.0014410997,1.3081456,1.004723,1.0051223,1.0003974,32.838337,1.5662234,1.3953913,0.15652819,0.00064858014,-9.398644e-07,1.0,0.14753118,1.140724,0.015850492,0.007891399,0.0,70.92183,90.531494,0.008312401,0.1923077,0.9350162,0.3546049,0.0,0.0,0.0,1.0,0.0,0.0,0.0,0.00040357452,0.0055489866,0.006941058,0.009163685,0.00030266563,0.0005692135,0.0020462864,0.001109606,0.00036746694,0.45774648,0.0025116021,0.0020462864,0.0017325063,0.0025806127,0.67135465,1.0049559,1.0038489,0.99889845,33.0018,1.5934466,0.5082381,0.13096265,7.856157e-05,6.315031e-05,1.0,-0.32265684,0.7080595,0.014632228,0.010456835,0.0,62.17489,83.45811,0.009976932,0.0051454124,0.004392182,0.008011419,0.0072342465,-0.0008790069,-0.0013551308,0.0021408182,0.000108122134,0.0006775654,0.3164983,0.0029899285,0.00659545,0.0034057929,0.002524031,1.3493466,1.0037785,1.0036973,0.99991906,27.766886,0.6006439,0.6594727,2.0830698,-0.00026189582,0.0077280635,0.0,-0.008630645,0.9932179,0.01781193,0.012629398,0.0,58.048294,58.979584,-7.2076225e-05,-0.00075323024,0.0050991983,-0.005217491,-0.006442037,0.00066679233,0.0,0.0,0.0,0.0,1.0,0.0038643791,0.000753514,0.003996094,0.0035025566,1.1409079,0.9983088,1.0023141,1.004012,19.491879,-0.79229337,0.39576256,-0.22891779,0.0018970106,7.038716e-08,1.0,-1.2624905,0.00011986415,0.0141327735,0.015727209,0.0,48.646782,29.599731,-0.0056267604,-0.005246321,-0.0074349786,0.0005507965,0.009858609,0.01378829,-0.0011592522,0.00798435,0.001130271,0.005694827,0.7132486,0.008184529,0.010954934,0.004988143,0.0048347367,1.03173,1.0033482,1.0131017,1.0097209,11.712994,0.5746466,0.999293,-1.2255998,0.0011351012,-0.0063712937,1.0,1.1471581,1.3171574,1.1652192,0.03400139,0.031612724,0.0,55.128284,81.1718,0.0046439855
6476,-5.0400504e-05,0.0007202847,0.0006122089,0.00548722,0.009106457,-1.4400507e-05,0.00068402407,0.00056882005,0.00010080355,0.14736842,0.0018399827,0.00068402407,0.0019049691,0.0014340477,1.3283862,1.0042254,1.0048717,1.0006436,32.928215,1.3934269,1.3930342,-0.4244244,0.0005304027,6.784893e-05,1.0,-0.41672248,0.60802424,0.016122717,0.007400777,0.0,70.63388,91.71088,0.0076617235,0.23076923,0.99270886,0.12053668,0.0,0.0,0.0,1.0,0.0,0.0,0.0,0.00074186386,0.0011454384,0.0055376203,0.009156858,0.008379685,0.00069838937,0.0027359584,0.00062639045,0.0014111785,0.77105266,0.0025258982,0.0027359584,0.0016513887,0.002584089,0.6390603,1.0051559,1.004413,0.99926084,32.653408,1.6842877,0.690791,0.24343526,0.00070962106,0.00011056164,1.0,0.1342546,1.1178178,0.015288557,0.0104962,0.0,63.613605,91.35364,0.011278414,0.0011454384,0.0062908507,0.009258589,0.010552927,0.0010012859,0.0013103801,0.0027359584,0.00062639045,0.00079918787,0.77105266,0.0029686093,0.0027359584,0.0034253537,0.002526446,1.3557993,1.0044575,1.0046566,1.0001982,26.732807,0.8999972,0.9383921,0.49593818,0.00066993636,0.00021343875,1.0,0.2434934,1.188755,0.01729918,0.0124557875,0.0,60.186764,74.168594,0.0010450751,-0.00075323024,0.0050991983,-0.005217491,-0.006442037,0.00066679233,0.0,0.0,0.0,0.0,1.0,0.0038643791,0.000753514,0.003996094,0.0035025566,1.1409079,0.9983088,1.0023141,1.004012,19.491879,-0.79229337,0.39576256,-0.22891779,0.0018970106,7.038716e-08,1.0,-1.2624905,0.00011986415,0.0141327735,0.015727209,0.0,48.646782,29.599731,-0.0056267604,-0.005246321,-0.0074349786,0.0005507965,0.009858609,0.01378829,-0.0011592522,0.00798435,0.001130271,0.005694827,0.7132486,0.008184529,0.010954934,0.004988143,0.0048347367,1.03173,1.0033482,1.0131017,1.0097209,11.712994,0.5746466,0.999293,-1.2255998,0.0011351012,-0.0063712937,1.0,1.1471581,1.3171574,1.1652192,0.03400139,0.031612724,0.0,55.128284,81.1718,0.0046439855
6477,0.0006046385,0.000554238,0.0012961018,0.0068450887,0.009907301,0.00049651717,0.0011225606,0.0004461459,0.00017989753,0.6025641,0.0017877055,0.0011225606,0.0018861329,0.0014314295,1.3176568,1.0043705,1.0052636,1.0008892,33.194107,1.377425,1.5359306,0.043829955,0.001027434,0.00010722547,1.0,-0.27149716,0.75207883,0.016485505,0.007119536,0.0,72.09785,94.67433,0.008300441,0.26923078,0.99270886,-0.12053668,0.0,0.0,0.0,1.0,0.0,0.0,0.0,0.00074186386,0.0011454384,0.0055376203,0.009156858,0.008379685,0.00069838937,0.0027359584,0.00062639045,0.0014111785,0.77105266,0.0025258982,0.0027359584,0.0016513887,0.002584089,0.6390603,1.0051559,1.004413,0.99926084,32.653408,1.6842877,0.690791,0.24343526,0.00070962106,0.00011056164,1.0,0.1342546,1.1178178,0.015288557,0.0104962,0.0,63.613605,91.35364,0.011278414,0.0011454384,0.0062908507,0.009258589,0.010552927,0.0010012859,0.0013103801,0.0027359584,0.00062639045,0.00079918787,0.77105266,0.0029686093,0.0027359584,0.0034253537,0.002526446,1.3557993,1.0044575,1.0046566,1.0001982,26.732807,0.8999972,0.9383921,0.49593818,0.00066993636,0.00021343875,1.0,0.2434934,1.188755,0.01729918,0.0124557875,0.0,60.186764,74.168594,0.0010450751,-0.00075323024,0.0050991983,-0.005217491,-0.006442037,0.00066679233,0.0,0.0,0.0,0.0,1.0,0.0038643791,0.000753514,0.003996094,0.0035025566,1.1409079,0.9983088,1.0023141,1.004012,19.491879,-0.79229337,0.39576256,-0.22891779,0.0018970106,7.038716e-08,1.0,-1.2624905,0.00011986415,0.0141327735,0.015727209,0.0,48.646782,29.599731,-0.0056267604,-0.005246321,-0.0074349786,0.0005507965,0.009858609,0.01378829,-0.0011592522,0.00798435,0.001130271,0.005694827,0.7132486,0.008184529,0.010954934,0.004988143,0.0048347367,1.03173,1.0033482,1.0131017,1.0097209,11.712994,0.5746466,0.999293,-1.2255998,0.0011351012,-0.0063712937,1.0,1.1471581,1.3171574,1.1652192,0.03400139,0.031612724,0.0,55.128284,81.1718,0.0046439855
6478,0.00018707593,0.0007917144,0.001511999,0.0013679006,0.009949036,0.00024461487,0.0007914011,8.6334665e-05,0.00046045153,0.8909091,0.0017162304,0.0007914011,0.0018322804,0.0014332167,1.2784392,1.0041225,1.0052366,1.0011096,33.441006,1.2785859,1.5540009,-0.24090369,0.0011433471,7.103943e-05,1.0,-0.48626235,0.55957115,0.016712323,0.006741766,0.0,72.55393,95.82818,0.0062986882,0.30769232,0.9350162,-0.3546049,0.0,0.0,0.0,1.0,0.0,0.0,0.0,0.000554238,0.0012961018,0.0068450887,0.00976196,0.008774205,0.0005900639,0.0011513442,0.0004461459,0.00011513442,0.6125,0.0024264161,0.0011513442,0.0016590854,0.002564369,0.6469761,1.0051663,1.004774,0.9996097,32.45684,1.6608266,0.82595724,0.13627352,0.0010496412,0.00021394134,1.0,-0.2978957,0.7362206,0.016316889,0.0099299075,0.0,64.69472,94.180984,0.010514681,0.0011454384,0.0062908507,0.009258589,0.010552927,0.0010012859,0.0013103801,0.0027359584,0.00062639045,0.00079918787,0.77105266,0.0029686093,0.0027359584,0.0034253537,0.002526446,1.3557993,1.0044575,1.0046566,1.0001982,26.732807,0.8999972,0.9383921,0.49593818,0.00066993636,0.00021343875,1.0,0.2434934,1.188755,0.01729918,0.0124557875,0.0,60.186764,74.168594,0.0010450751,-0.00075323024,0.0050991983,-0.005217491,-0.006442037,0.00066679233,0.0,0.0,0.0,0.0,1.0,0.0038643791,0.000753514,0.003996094,0.0035025566,1.1409079,0.9983088,1.0023141,1.004012,19.491879,-0.79229337,0.39576256,-0.22891779,0.0018970106,7.038716e-08,1.0,-1.2624905,0.00011986415,0.0141327735,0.015727209,0.0,48.646782,29.599731,-0.0056267604,-0.005246321,-0.0074349786,0.0005507965,0.009858609,0.01378829,-0.0011592522,0.00798435,0.001130271,0.005694827,0.7132486,0.008184529,0.010954934,0.004988143,0.0048347367,1.03173,1.0033482,1.0131017,1.0097209,11.712994,0.5746466,0.999293,-1.2255998,0.0011351012,-0.0063712937,1.0,1.1471581,1.3171574,1.1652192,0.03400139,0.031612724,0.0,55.128284,81.1718,0.0046439855
6479,0.0001007187,0.00028779462,0.0008420326,0.001987471,0.009962561,0.00011510129,0.000848872,0.00043162983,0.0003021409,0.4915254,0.0016541157,0.000848872,0.0017799111,0.0013879967,1.2823597,1.0038198,1.0051275,1.0013027,33.85628,1.1886569,1.5367349,-0.35286176,0.0011346572,0.000109424545,1.0,-0.28164515,0.7508285,0.016379857,0.0064224587,0.0,72.81164,96.50149,0.007158383,0.34615386,0.82298386,-0.56806475,0.0,0.0,0.0,1.0,0.0,0.0,0.0,0.000554238,0.0012961018,0.0068450887,0.00976196,0.008774205,0.0005900639,0.0011513442,0.0004461459,0.00011513442,0.6125,0.0024264161,0.0011513442,0.0016590854,0.002564369,0.6469761,1.0051663,1.004774,0.9996097,32.45684,1.6608266,0.82595724,0.13627352,0.0010496412,0.00021394134,1.0,-0.2978957,0.7362206,0.016316889,0.0099299075,0.0,64.69472,94.180984,0.010514681,0.0011454384,0.0062908507,0.009258589,0.010552927,0.0010012859,0.0013103801,0.0027359584,0.00062639045,0.00079918787,0.77105266,0.0029686093,0.0027359584,0.0034253537,0.002526446,1.3557993,1.0044575,1.0046566,1.0001982,26.732807,0.8999972,0.9383921,0.49593818,0.00066993636,0.00021343875,1.0,0.2434934,1.188755,0.01729918,0.0124557875,0.0,60.186764,74.168594,0.0010450751,-0.00075323024,0.0050991983,-0.005217491,-0.006442037,0.00066679233,0.0,0.0,0.0,0.0,1.0,0.0038643791,0.000753514,0.003996094,0.0035025566,1.1409079,0.9983088,1.0023141,1.004012,19.491879,-0.79229337,0.39576256,-0.22891779,0.0018970106,7.038716e-08,1.0,-1.2624905,0.00011986415,0.0141327735,0.015727209,0.0,48.646782,29.599731,-0.0056267604,-0.005246321,-0.0074349786,0.0005507965,0.009858609,0.01378829,-0.0011592522,0.00798435,0.001130271,0.005694827,0.7132486,0.008184529,0.010954934,0.004988143,0.0048347367,1.03173,1.0033482,1.0131017,1.0097209,11.712994,0.5746466,0.999293,-1.2255998,0.0011351012,-0.0063712937,1.0,1.1471581,1.3171574,1.1652192,0.03400139,0.031612724,0.0,55.128284,81.1718,0.0046439855
6480,-4.3163916e-05,5.7554786e-05,0.00084926916,0.0014614781,0.010057458,0.0,0.00077696727,0.00061869615,0.0001582711,0.2037037,0.0015915285,0.00077696727,0.00038229406,0.0013639029,0.28029418,1.0034156,1.0048838,1.0014632,34.302986,1.0684061,1.4929807,-0.3966193,0.001005797,8.583805e-05,1.0,-0.41489226,0.6336889,0.016259251,0.006107034,0.0,72.49746,95.71843,0.0014264719,0.3846154,0.66312265,-0.7485108,0.0,0.0,0.0,1.0,0.0,0.0,0.0,0.00028779462,0.0008420326,0.001987471,0.010100622,0.01139496,0.00034530388,0.0012373389,0.00043162983,0.00046040516,0.6511628,0.0023408337,0.0012373389,0.0016745912,0.0025088328,0.66747814,1.0049335,1.0048636,0.99993056,32.36988,1.6486468,0.89450943,0.07653958,0.001153117,0.00018422169,1.0,-0.20887242,0.8299406,0.016886923,0.009452984,0.0,65.27197,96.09056,0.010049046,0.0008420326,0.001987471,0.0063796532,0.012232081,0.00017986193,0.0008776473,0.0014243785,0.00043162983,0.00011510129,0.6969697,0.002855987,0.0014243785,0.0022137712,0.002523616,0.8772219,1.004796,1.005286,1.0004876,25.968525,1.0952263,1.1285177,0.3377941,0.0011062461,0.00040541714,1.0,0.0031771453,1.0024855,0.017236844,0.011802657,0.0,61.73257,91.85586,0.009264369,0.007132883,0.0063796532,0.0018865621,-0.00020859933,0.008336332,0.0006330571,0.0033811005,0.00043162983,0.0023164134,0.87234044,0.0041013574,0.0075391345,0.0046841274,0.003777038,1.2401589,1.004933,1.0091136,1.00416,18.458786,1.0814189,1.4392512,1.8268232,0.00083928026,0.008225709,1.0,0.34716618,1.2752817,0.014505506,0.017000295,1.0,58.626286,58.0222,0.0016717588,-0.005246321,-0.0074349786,0.0005507965,0.009858609,0.01378829,-0.0011592522,0.00798435,0.001130271,0.005694827,0.7132486,0.008184529,0.010954934,0.004988143,0.0048347367,1.03173,1.0033482,1.0131017,1.0097209,11.712994,0.5746466,0.999293,-1.2255998,0.0011351012,-0.0063712937,1.0,1.1471581,1.3171574,1.1652192,0.03400139,0.031612724,0.0,55.128284,81.1718,0.0046439855
6481,-0.000784469,-0.0008276329,-0.0005398383,0.0007562635,0.008292443,-0.00078477676,0.0009935705,0.00010079701,0.000107996806,0.10869565,0.001549977,0.0009935705,0.00043845605,0.0013858238,0.31638655,1.0023779,1.0039345,1.001553,33.99942,0.7965558,1.280926,-0.90404135,0.00019254014,2.9275807e-05,1.0,-0.4533996,0.59792656,0.015702557,0.0059082513,0.0,66.85377,91.70825,0.0011605109,0.42307693,0.46472317,-0.885456,0.0,0.0,0.0,1.0,0.0,0.0,0.0,0.00028779462,0.0008420326,0.001987471,0.010100622,0.01139496,0.00034530388,0.0012373389,0.00043162983,0.00046040516,0.6511628,0.0023408337,0.0012373389,0.0016745912,0.0025088328,0.66747814,1.0049335,1.0048636,0.99993056,32.36988,1.6486468,0.89450943,0.07653958,0.001153117,0.00018422169,1.0,-0.20887242,0.8299406,0.016886923,0.009452984,0.0,65.27197,96.09056,0.010049046,0.0008420326,0.001987471,0.0063796532,0.012232081,0.00017986193,0.0008776473,0.0014243785,0.00043162983,0.00011510129,0.6969697,0.002855987,0.0014243785,0.0022137712,0.002523616,0.8772219,1.004796,1.005286,1.0004876,25.968525,1.0952263,1.1285177,0.3377941,0.0011062461,0.00040541714,1.0,0.0031771453,1.0024855,0.017236844,0.011802657,0.0,61.73257,91.85586,0.009264369,0.007132883,0.0063796532,0.0018865621,-0.00020859933,0.008336332,0.0006330571,0.0033811005,0.00043162983,0.0023164134,0.87234044,0.0041013574,0.0075391345,0.0046841274,0.003777038,1.2401589,1.004933,1.0091136,1.00416,18.458786,1.0814189,1.4392512,1.8268232,0.00083928026,0.008225709,1.0,0.34716618,1.2752817,0.014505506,0.017000295,1.0,58.626286,58.0222,0.0016717588,-0.005246321,-0.0074349786,0.0005507965,0.009858609,0.01378829,-0.0011592522,0.00798435,0.001130271,0.005694827,0.7132486,0.008184529,0.010954934,0.004988143,0.0048347367,1.03173,1.0033482,1.0131017,1.0097209,11.712994,0.5746466,0.999293,-1.2255998,0.0011351012,-0.0063712937,1.0,1.1471581,1.3171574,1.1652192,0.03400139,0.031612724,0.0,55.128284,81.1718,0.0046439855
6482,0.00036712174,-0.00041734727,-0.00035979247,0.0011522066,0.008064443,0.0003238715,0.000748503,1.4394288e-05,0.0004102372,0.9807692,0.0014922007,0.000748503,0.00042912693,0.0013839891,0.31006527,1.0024837,1.0041337,1.0016459,33.47082,0.80590594,1.3407358,-0.081171475,0.00054284424,1.668892e-05,1.0,-0.5144836,0.54219073,0.014981972,0.0056287427,0.0,68.10487,88.61836,0.001044676,0.46153846,0.23931566,-0.97094184,0.0,0.0,0.0,1.0,0.0,0.0,0.0,-0.0008276329,-0.0005398383,0.0007562635,0.0076973215,0.007682811,-0.00078477676,0.0015119553,0.00061918166,0.000107996806,0.071428575,0.0022834276,0.0015119553,0.0017452703,0.0025173307,0.693302,1.0037099,1.0038736,1.0001631,32.3417,1.4213635,0.6982769,-0.3498068,0.00023093405,9.5193274e-05,1.0,-0.30750087,0.76276064,0.017187204,0.009135764,0.0,62.126907,94.23037,0.0092647765,0.0008420326,0.001987471,0.0063796532,0.012232081,0.00017986193,0.0008776473,0.0014243785,0.00043162983,0.00011510129,0.6969697,0.002855987,0.0014243785,0.0022137712,0.002523616,0.8772219,1.004796,1.005286,1.0004876,25.968525,1.0952263,1.1285177,0.3377941,0.0011062461,0.00040541714,1.0,0.0031771453,1.0024855,0.017236844,0.011802657,0.0,61.73257,91.85586,0.009264369,0.007132883,0.0063796532,0.0018865621,-0.00020859933,0.008336332,0.0006330571,0.0033811005,0.00043162983,0.0023164134,0.87234044,0.0041013574,0.0075391345,0.0046841274,0.003777038,1.2401589,1.004933,1.0091136,1.00416,18.458786,1.0814189,1.4392512,1.8268232,0.00083928026,0.008225709,1.0,0.34716618,1.2752817,0.014505506,0.017000295,1.0,58.626286,58.0222,0.0016717588,-0.005246321,-0.0074349786,0.0005507965,0.009858609,0.01378829,-0.0011592522,0.00798435,0.001130271,0.005694827,0.7132486,0.008184529,0.010954934,0.004988143,0.0048347367,1.03173,1.0033482,1.0131017,1.0097209,11.712994,0.5746466,0.999293,-1.2255998,0.0011351012,-0.0063712937,1.0,1.1471581,1.3171574,1.1652192,0.03400139,0.031612724,0.0,55.128284,81.1718,0.0046439855
6483,-0.0010729498,-0.00070582813,-0.001533461,-0.0006914285,0.0070205154,-0.0010735258,0.0015778666,0.00041067763,9.3663315e-05,0.05936073,0.0014998071,0.0015778666,0.00056872726,0.0014250005,0.39910668,1.0012743,1.0029367,1.0016602,32.56854,0.45101905,1.0750762,-1.0487047,-0.0005263689,-3.7277966e-06,0.0,-0.43002304,0.61694217,0.013891697,0.005699231,0.0,60.875477,70.794235,5.0436636e-05,0.5,1.2246469e-16,-1.0,0.0,0.0,0.0,1.0,0.0,0.0,0.0,-0.0008276329,-0.0005398383,0.0007562635,0.0076973215,0.007682811,-0.00078477676,0.0015119553,0.00061918166,0.000107996806,0.071428575,0.0022834276,0.0015119553,0.0017452703,0.0025173307,0.693302,1.0037099,1.0038736,1.0001631,32.3417,1.4213635,0.6982769,-0.3498068,0.00023093405,9.5193274e-05,1.0,-0.30750087,0.76276064,0.017187204,0.009135764,0.0,62.126907,94.23037,0.0092647765,0.0008420326,0.001987471,0.0063796532,0.012232081,0.00017986193,0.0008776473,0.0014243785,0.00043162983,0.00011510129,0.6969697,0.002855987,0.0014243785,0.0022137712,0.002523616,0.8772219,1.004796,1.005286,1.0004876,25.968525,1.0952263,1.1285177,0.3377941,0.0011062461,0.00040541714,1.0,0.0031771453,1.0024855,0.017236844,0.011802657,0.0,61.73257,91.85586,0.009264369,0.007132883,0.0063796532,0.0018865621,-0.00020859933,0.008336332,0.0006330571,0.0033811005,0.00043162983,0.0023164134,0.87234044,0.0041013574,0.0075391345,0.0046841274,0.003777038,1.2401589,1.004933,1.0091136,1.00416,18.458786,1.0814189,1.4392512,1.8268232,0.00083928026,0.008225709,1.0,0.34716618,1.2752817,0.014505506,0.017000295,1.0,58.626286,58.0222,0.0016717588,-0.005246321,-0.0074349786,0.0005507965,0.009858609,0.01378829,-0.0011592522,0.00798435,0.001130271,0.005694827,0.7132486,0.008184529,0.010954934,0.004988143,0.0048347367,1.03173,1.0033482,1.0131017,1.0097209,11.712994,0.5746466,0.999293,-1.2255998,0.0011351012,-0.0063712937,1.0,1.1471581,1.3171574,1.1652192,0.03400139,0.031612724,0.0,55.128284,81.1718,0.0046439855
6484,0.00085701223,-0.00021593763,-0.0006332849,0.00021598428,0.0057032043,0.0009502282,0.0012381761,0.00028794794,0.0,0.76744187,0.0014799262,0.0012381761,0.0006286926,0.0014218048,0.4421793,1.0019293,1.0036472,1.0017146,31.7307,0.6228135,1.2421594,0.27134782,0.00032348424,7.245242e-06,1.0,-0.25686377,0.772732,0.012477878,0.005623716,0.0,64.14869,63.73691,0.0009367074,0.53846157,-0.23931566,-0.97094184,0.0,0.0,0.0,1.0,0.0,0.0,0.0,-0.00070582813,-0.001533461,-0.0006914285,0.004846192,0.01069862,-0.0007493065,0.0015778666,0.0007348968,9.3663315e-05,0.05936073,0.0022345276,0.0015778666,0.0017973577,0.0018381401,0.9778133,1.0027151,1.0030408,1.0003248,31.821337,1.1386696,0.52556837,-0.5931218,-0.000473773,-1.2066304e-06,0.0,-0.352751,0.7236272,0.01774066,0.00887262,0.0,59.496006,90.05574,0.008603963,-0.001533461,-0.0006914285,0.0055994224,0.0105238585,0.0014420133,-0.0014914082,0.0022046904,0.00061961886,9.3663315e-05,0.04248366,0.0028135357,0.0022046904,0.0021217042,0.0025462108,0.83327913,1.0029453,1.0035981,1.0006509,24.99165,0.78616357,0.7113414,-0.56620735,-0.00048016926,5.3452826e-05,0.0,-0.16900143,0.87723047,0.01689501,0.011534864,0.0,57.365807,91.97875,0.009910284,0.007132883,0.0063796532,0.0018865621,-0.00020859933,0.008336332,0.0006330571,0.0033811005,0.00043162983,0.0023164134,0.87234044,0.0041013574,0.0075391345,0.0046841274,0.003777038,1.2401589,1.004933,1.0091136,1.00416,18.458786,1.0814189,1.4392512,1.8268232,0.00083928026,0.008225709,1.0,0.34716618,1.2752817,0.014505506,0.017000295,1.0,58.626286,58.0222,0.0016717588,-0.005246321,-0.0074349786,0.0005507965,0.009858609,0.01378829,-0.0011592522,0.00798435,0.001130271,0.005694827,0.7132486,0.008184529,0.010954934,0.004988143,0.0048347367,1.03173,1.0033482,1.0131017,1.0097209,11.712994,0.5746466,0.999293,-1.2255998,0.0011351012,-0.0063712937,1.0,1.1471581,1.3171574,1.1652192,0.03400139,0.031612724,0.0,55.128284,81.1718,0.0046439855
6485,0.0004606106,0.0013176228,0.0006117947,7.195643e-05,0.006917045,0.00046050455,0.0007483199,0.0,0.00028781535,1.0,0.0014270358,0.0007483199,0.0005985115,0.0014167461,0.42245504,1.0021627,1.0039477,1.0017812,31.069592,0.7026673,1.318284,0.010869075,0.0007588675,2.4991969e-05,1.0,-0.44059193,0.5952505,0.011150566,0.0053708553,0.0,65.805595,60.7483,0.00062639045,0.5769231,-0.46472317,-0.885456,0.0,0.0,0.0,1.0,0.0,0.0,0.0,-0.00070582813,-0.001533461,-0.0006914285,0.004846192,0.01069862,-0.0007493065,0.0015778666,0.0007348968,9.3663315e-05,0.05936073,0.0022345276,0.0015778666,0.0017973577,0.0018381401,0.9778133,1.0027151,1.0030408,1.0003248,31.821337,1.1386696,0.52556837,-0.5931218,-0.000473773,-1.2066304e-06,0.0,-0.352751,0.7236272,0.01774066,0.00887262,0.0,59.496006,90.05574,0.008603963,-0.001533461,-0.0006914285,0.0055994224,0.0105238585,0.0014420133,-0.0014914082,0.0022046904,0.00061961886,9.3663315e-05,0.04248366,0.0028135357,0.0022046904,0.0021217042,0.0025462108,0.83327913,1.0029453,1.0035981,1.0006509,24.99165,0.78616357,0.7113414,-0.56620735,-0.00048016926,5.3452826e-05,0.0,-0.16900143,0.87723047,0.01689501,0.011534864,0.0,57.365807,91.97875,0.009910284,0.007132883,0.0063796532,0.0018865621,-0.00020859933,0.008336332,0.0006330571,0.0033811005,0.00043162983,0.0023164134,0.87234044,0.0041013574,0.0075391345,0.0046841274,0.003777038,1.2401589,1.004933,1.0091136,1.00416,18.458786,1.0814189,1.4392512,1.8268232,0.00083928026,0.008225709,1.0,0.34716618,1.2752817,0.014505506,0.017000295,1.0,58.626286,58.0222,0.0016717588,-0.005246321,-0.0074349786,0.0005507965,0.009858609,0.01378829,-0.0011592522,0.00798435,0.001130271,0.005694827,0.7132486,0.008184529,0.010954934,0.004988143,0.0048347367,1.03173,1.0033482,1.0131017,1.0097209,11.712994,0.5746466,0.999293,-1.2255998,0.0011351012,-0.0063712937,1.0,1.1471581,1.3171574,1.1652192,0.03400139,0.031612724,0.0,55.128284,81.1718,0.0046439855
6486,0.00010073029,0.0005613409,0.00034540327,-1.4389214e-05,0.0013535115,7.194659e-05,0.0006619086,0.0004172902,0.0001726718,0.36956522,0.0013722503,0.0006619086,0.00059724733,0.001418305,0.42109936,1.0020477,1.0038896,1.0018381,30.80237,0.6813612,1.3090444,-0.22545364,0.000818872,4.0679206e-05,1.0,-0.43549907,0.59544134,0.009678482,0.005111011,0.0,66.173874,74.14966,0.0007776274,0.61538464,-0.66312265,-0.7485108,0.0,0.0,0.0,1.0,0.0,0.0,0.0,0.0013176228,0.0006117947,7.195643e-05,0.006917045,0.011295549,0.0014102951,0.0014102951,0.0,0.0,1.0,0.0021729218,0.0014102951,0.0017877155,0.001848894,0.9669107,1.0036513,1.0041915,1.0005382,31.338139,1.2789879,0.83743477,0.47342616,0.00080270105,4.093951e-05,1.0,-0.16847177,0.8653541,0.018445035,0.008554293,0.0,62.674625,89.15236,0.008343733,-0.001533461,-0.0006914285,0.0055994224,0.0105238585,0.0014420133,-0.0014914082,0.0022046904,0.00061961886,9.3663315e-05,0.04248366,0.0028135357,0.0022046904,0.0021217042,0.0025462108,0.83327913,1.0029453,1.0035981,1.0006509,24.99165,0.78616357,0.7113414,-0.56620735,-0.00048016926,5.3452826e-05,0.0,-0.16900143,0.87723047,0.01689501,0.011534864,0.0,57.365807,91.97875,0.009910284,0.007132883,0.0063796532,0.0018865621,-0.00020859933,0.008336332,0.0006330571,0.0033811005,0.00043162983,0.0023164134,0.87234044,0.0041013574,0.0075391345,0.0046841274,0.003777038,1.2401589,1.004933,1.0091136,1.00416,18.458786,1.0814189,1.4392512,1.8268232,0.00083928026,0.008225709,1.0,0.34716618,1.2752817,0.014505506,0.017000295,1.0,58.626286,58.0222,0.0016717588,-0.005246321,-0.0074349786,0.0005507965,0.009858609,0.01378829,-0.0011592522,0.00798435,0.001130271,0.005694827,0.7132486,0.008184529,0.010954934,0.004988143,0.0048347367,1.03173,1.0033482,1.0131017,1.0097209,11.712994,0.5746466,0.999293,-1.2255998,0.0011351012,-0.0063712937,1.0,1.1471581,1.3171574,1.1652192,0.03400139,0.031612724,0.0,55.128284,81.1718,0.0046439855
6487,-0.00034540327,-0.00024467296,0.0010729498,-0.0004605112,0.0015269598,-0.00046061722,0.0006189544,2.8788576e-05,0.0001295486,0.20930232,0.0013188836,0.0006189544,0.00057941495,0.0014253295,0.40651298,1.0015392,1.0034034,1.0018612,30.289646,0.48928887,1.2069988,-0.5262478,0.0004524479,2.1254142e-05,1.0,-0.47025296,0.5407089,0.0075182947,0.004861638,0.0,63.642998,76.190475,-0.00017270164,0.65384614,-0.82298386,-0.56806475,0.0,0.0,0.0,1.0,0.0,0.0,0.0,0.0013176228,0.0006117947,7.195643e-05,0.006917045,0.011295549,0.0014102951,0.0014102951,0.0,0.0,1.0,0.0021729218,0.0014102951,0.0017877155,0.001848894,0.9669107,1.0036513,1.0041915,1.0005382,31.338139,1.2789879,0.83743477,0.47342616,0.00080270105,4.093951e-05,1.0,-0.16847177,0.8653541,0.018445035,0.008554293,0.0,62.674625,89.15236,0.008343733,-0.001533461,-0.0006914285,0.0055994224,0.0105238585,0.0014420133,-0.0014914082,0.0022046904,0.00061961886,9.3663315e-05,0.04248366,0.0028135357,0.0022046904,0.0021217042,0.0025462108,0.83327913,1.0029453,1.0035981,1.0006509,24.99165,0.78616357,0.7113414,-0.56620735,-0.00048016926,5.3452826e-05,0.0,-0.16900143,0.87723047,0.01689501,0.011534864,0.0,57.365807,91.97875,0.009910284,0.007132883,0.0063796532,0.0018865621,-0.00020859933,0.008336332,0.0006330571,0.0033811005,0.00043162983,0.0023164134,0.87234044,0.0041013574,0.0075391345,0.0046841274,0.003777038,1.2401589,1.004933,1.0091136,1.00416,18.458786,1.0814189,1.4392512,1.8268232,0.00083928026,0.008225709,1.0,0.34716618,1.2752817,0.014505506,0.017000295,1.0,58.626286,58.0222,0.0016717588,-0.005246321,-0.0074349786,0.0005507965,0.009858609,0.01378829,-0.0011592522,0.00798435,0.001130271,0.005694827,0.7132486,0.008184529,0.010954934,0.004988143,0.0048347367,1.03173,1.0033482,1.0131017,1.0097209,11.712994,0.5746466,0.999293,-1.2255998,0.0011351012,-0.0063712937,1.0,1.1471581,1.3171574,1.1652192,0.03400139,0.031612724,0.0,55.128284,81.1718,0.0046439855
6488,-0.0005183287,-0.00086373196,-0.00030239104,-0.0009356759,0.00052580214,-0.00047525778,0.001274555,0.0,0.0007992972,0.62711865,0.0013194383,0.0013177602,0.0005945153,0.0013756811,0.43216068,1.000923,1.0027701,1.0018454,28.58544,0.10170305,1.0697162,-0.57307565,-5.8480236e-05,-7.299862e-06,0.0,-0.36925685,0.84006566,0.005990084,0.004902909,0.0,59.939804,68.97959,-0.0008777357,0.6923077,-0.9350162,-0.3546049,0.0,0.0,0.0,1.0,0.0,0.0,0.0,-0.00024467296,0.0010729498,-0.0004605112,0.0015269598,0.011596809,-0.0002734915,0.00089244585,0.0004894058,0.0001295486,0.14516129,0.002081953,0.00089244585,0.001751869,0.0017396545,1.0070212,1.0030804,1.0037905,1.0007079,31.122911,1.1095873,0.7668821,-0.4549153,0.0004977888,6.0439517e-05,1.0,-0.3695085,0.69515026,0.0184959,0.008081472,0.0,61.705727,89.70876,0.005936695,0.0010729498,-0.0004605112,0.0015269598,0.0095383795,0.0027530955,0.0011659374,0.0019288346,0.0007628973,0.0,0.6044776,0.002747541,0.0019288346,0.0020230075,0.0025390591,0.7967548,1.0036376,1.0044913,1.0008507,24.08455,1.0187739,0.97543234,0.40981805,0.00051047147,8.229748e-05,1.0,-0.17620751,0.8736433,0.017003395,0.011159908,0.0,59.522793,91.052605,0.011841128,0.007132883,0.0063796532,0.0018865621,-0.00020859933,0.008336332,0.0006330571,0.0033811005,0.00043162983,0.0023164134,0.87234044,0.0041013574,0.0075391345,0.0046841274,0.003777038,1.2401589,1.004933,1.0091136,1.00416,18.458786,1.0814189,1.4392512,1.8268232,0.00083928026,0.008225709,1.0,0.34716618,1.2752817,0.014505506,0.017000295,1.0,58.626286,58.0222,0.0016717588,-0.005246321,-0.0074349786,0.0005507965,0.009858609,0.01378829,-0.0011592522,0.00798435,0.001130271,0.005694827,0.7132486,0.008184529,0.010954934,0.004988143,0.0048347367,1.03173,1.0033482,1.0131017,1.0097209,11.712994,0.5746466,0.999293,-1.2255998,0.0011351012,-0.0063712937,1.0,1.1471581,1.3171574,1.1652192,0.03400139,0.031612724,0.0,55.128284,81.1718,0.0046439855
6489,-0.0010590893,-0.0015774181,-0.001822091,-0.0012102963,-0.0004540328,-0.0010452333,0.0013551991,0.00018021265,0.00012975311,0.095744684,0.001323291,0.0013551991,0.0006628521,0.0013892879,0.47711644,0.9998765,1.0016415,1.0017651,26.647732,-1.7154287,0.823889,-0.945691,-0.0010754338,-4.271107e-05,0.0,0.39391816,1.1357505,0.0026302964,0.0049569323,1.0,53.14111,43.751675,-0.0020358542,0.7307692,-0.99270886,-0.12053668,0.0,0.0,0.0,1.0,0.0,0.0,0.0,-0.00024467296,0.0010729498,-0.0004605112,0.0015269598,0.011596809,-0.0002734915,0.00089244585,0.0004894058,0.0001295486,0.14516129,0.002081953,0.00089244585,0.001751869,0.0017396545,1.0070212,1.0030804,1.0037905,1.0007079,31.122911,1.1095873,0.7668821,-0.4549153,0.0004977888,6.0439517e-05,1.0,-0.3695085,0.69515026,0.0184959,0.008081472,0.0,61.705727,89.70876,0.005936695,0.0010729498,-0.0004605112,0.0015269598,0.0095383795,0.0027530955,0.0011659374,0.0019288346,0.0007628973,0.0,0.6044776,0.002747541,0.0019288346,0.0020230075,0.0025390591,0.7967548,1.0036376,1.0044913,1.0008507,24.08455,1.0187739,0.97543234,0.40981805,0.00051047147,8.229748e-05,1.0,-0.17620751,0.8736433,0.017003395,0.011159908,0.0,59.522793,91.052605,0.011841128,0.007132883,0.0063796532,0.0018865621,-0.00020859933,0.008336332,0.0006330571,0.0033811005,0.00043162983,0.0023164134,0.87234044,0.0041013574,0.0075391345,0.0046841274,0.003777038,1.2401589,1.004933,1.0091136,1.00416,18.458786,1.0814189,1.4392512,1.8268232,0.00083928026,0.008225709,1.0,0.34716618,1.2752817,0.014505506,0.017000295,1.0,58.626286,58.0222,0.0016717588,-0.005246321,-0.0074349786,0.0005507965,0.009858609,0.01378829,-0.0011592522,0.00798435,0.001130271,0.005694827,0.7132486,0.008184529,0.010954934,0.004988143,0.0048347367,1.03173,1.0033482,1.0131017,1.0097209,11.712994,0.5746466,0.999293,-1.2255998,0.0011351012,-0.0063712937,1.0,1.1471581,1.3171574,1.1652192,0.03400139,0.031612724,0.0,55.128284,81.1718,0.0046439855
6490,-0.0003100138,-0.0013691032,-0.0022328352,-0.0018874318,-0.0007352253,-0.00025958667,0.0015430986,0.0001730578,0.0011104541,0.7196262,0.0013393725,0.0015430986,0.00066103594,0.00055931293,1.1818714,0.99960786,1.0012788,1.0016716,25.676243,-1.9222618,0.746429,-0.47566867,-0.0012798307,-0.00010585172,0.0,1.5068529,1.4445921,0.0028876616,0.0050740815,1.0,51.307827,29.380926,-0.002302125,0.7692308,-0.99270886,0.12053668,0.0,0.0,0.0,1.0,0.0,0.0,0.0,-0.0015774181,-0.001822091,-0.0012102963,-0.0004540328,0.008709652,-0.0015354118,0.001665165,0.0,0.00012975311,0.077922076,0.0020583237,0.0017084159,0.0018393858,0.0017099216,1.0757135,1.0013564,1.0021216,1.0007641,29.777306,0.7062109,0.3833224,-1.1117724,-0.0010211314,-5.8893234e-05,0.0,-0.07695175,0.93712336,0.01861031,0.007974176,0.0,55.729565,87.55573,0.0051079555,0.0010729498,-0.0004605112,0.0015269598,0.0095383795,0.0027530955,0.0011659374,0.0019288346,0.0007628973,0.0,0.6044776,0.002747541,0.0019288346,0.0020230075,0.0025390591,0.7967548,1.0036376,1.0044913,1.0008507,24.08455,1.0187739,0.97543234,0.40981805,0.00051047147,8.229748e-05,1.0,-0.17620751,0.8736433,0.017003395,0.011159908,0.0,59.522793,91.052605,0.011841128,0.007132883,0.0063796532,0.0018865621,-0.00020859933,0.008336332,0.0006330571,0.0033811005,0.00043162983,0.0023164134,0.87234044,0.0041013574,0.0075391345,0.0046841274,0.003777038,1.2401589,1.004933,1.0091136,1.00416,18.458786,1.0814189,1.4392512,1.8268232,0.00083928026,0.008225709,1.0,0.34716618,1.2752817,0.014505506,0.017000295,1.0,58.626286,58.0222,0.0016717588,-0.005246321,-0.0074349786,0.0005507965,0.009858609,0.01378829,-0.0011592522,0.00798435,0.001130271,0.005694827,0.7132486,0.008184529,0.010954934,0.004988143,0.0048347367,1.03173,1.0033482,1.0131017,1.0097209,11.712994,0.5746466,0.999293,-1.2255998,0.0011351012,-0.0063712937,1.0,1.1471581,1.3171574,1.1652192,0.03400139,0.031612724,0.0,55.128284,81.1718,0.0046439855
6491,-0.0008945319,-0.0012045457,-0.0027819637,-0.0017090138,-0.0024004423,-0.00080832577,0.0014795248,0.0003752941,0.00029590496,0.2,0.0013504964,0.0014795248,0.0006721083,0.0005819512,1.1549221,0.9988364,1.0003685,1.0015339,24.832357,-2.5738034,0.5618317,-1.429298,-0.0020872562,-8.845942e-05,0.0,0.5142566,1.1252562,0.0034191026,0.0051585725,0.0,46.342823,13.134932,-0.0024119285,0.8076923,-0.9350162,0.3546049,0.0,0.0,0.0,1.0,0.0,0.0,0.0,-0.0015774181,-0.001822091,-0.0012102963,-0.0004540328,0.008709652,-0.0015354118,0.001665165,0.0,0.00012975311,0.077922076,0.0020583237,0.0017084159,0.0018393858,0.0017099216,1.0757135,1.0013564,1.0021216,1.0007641,29.777306,0.7062109,0.3833224,-1.1117724,-0.0010211314,-5.8893234e-05,0.0,-0.07695175,0.93712336,0.01861031,0.007974176,0.0,55.729565,87.55573,0.0051079555,0.0010729498,-0.0004605112,0.0015269598,0.0095383795,0.0027530955,0.0011659374,0.0019288346,0.0007628973,0.0,0.6044776,0.002747541,0.0019288346,0.0020230075,0.0025390591,0.7967548,1.0036376,1.0044913,1.0008507,24.08455,1.0187739,0.97543234,0.40981805,0.00051047147,8.229748e-05,1.0,-0.17620751,0.8736433,0.017003395,0.011159908,0.0,59.522793,91.052605,0.011841128,0.007132883,0.0063796532,0.0018865621,-0.00020859933,0.008336332,0.0006330571,0.0033811005,0.00043162983,0.0023164134,0.87234044,0.0041013574,0.0075391345,0.0046841274,0.003777038,1.2401589,1.004933,1.0091136,1.00416,18.458786,1.0814189,1.4392512,1.8268232,0.00083928026,0.008225709,1.0,0.34716618,1.2752817,0.014505506,0.017000295,1.0,58.626286,58.0222,0.0016717588,-0.005246321,-0.0074349786,0.0005507965,0.009858609,0.01378829,-0.0011592522,0.00798435,0.001130271,0.005694827,0.7132486,0.008184529,0.010954934,0.004988143,0.0048347367,1.03173,1.0033482,1.0131017,1.0097209,11.712994,0.5746466,0.999293,-1.2255998,0.0011351012,-0.0063712937,1.0,1.1471581,1.3171574,1.1652192,0.03400139,0.031612724,0.0,55.128284,81.1718,0.0046439855
6492,-0.00050533126,-0.0013998632,-0.0027689664,-0.0030713573,-0.002855373,-0.0003032754,0.00090982614,0.0005343423,7.220842e-05,0.07936508,0.0013196538,0.00090982614,0.00064019643,0.00057510065,1.1131902,0.9984904,0.9998684,1.0013801,24.261322,-2.4784646,0.46321073,-0.6836595,-0.0024677077,-0.00012573643,0.0,1.3220662,1.3308674,0.0041708983,0.0050162394,0.0,43.767967,12.106577,-0.0032818976,0.84615386,-0.82298386,0.56806475,0.0,0.0,0.0,1.0,0.0,0.0,1.0,-0.0012045457,-0.0027819637,-0.0017090138,-0.0024004423,0.0067564156,-0.001154751,0.0016238687,0.00017321265,0.00029590496,0.18222222,0.0020295947,0.0016238687,0.0009347655,0.0014726841,0.63473594,1.0001365,1.0008793,1.0007426,27.689083,0.38079417,0.09938646,-1.123137,-0.0020207763,-0.0002063976,0.0,0.21989593,1.1761991,0.017634427,0.0078420425,0.0,51.62371,78.63618,-0.0012542168,-0.0027819637,-0.0017090138,-0.0024004423,0.0068581463,-0.00014433346,-0.0027425338,0.0030384387,0.0,0.00029590496,0.09738717,0.00277852,0.003081742,0.0023717938,0.0026118357,0.9080946,1.0007684,1.001634,1.0008649,22.430573,0.4015272,0.2565295,-1.0383524,-0.0019886221,-0.00028467394,0.0,0.25117862,1.179624,0.01689205,0.011299185,0.0,52.160446,82.61417,0.00885381,0.007132883,0.0063796532,0.0018865621,-0.00020859933,0.008336332,0.0006330571,0.0033811005,0.00043162983,0.0023164134,0.87234044,0.0041013574,0.0075391345,0.0046841274,0.003777038,1.2401589,1.004933,1.0091136,1.00416,18.458786,1.0814189,1.4392512,1.8268232,0.00083928026,0.008225709,1.0,0.34716618,1.2752817,0.014505506,0.017000295,1.0,58.626286,58.0222,0.0016717588,-0.005246321,-0.0074349786,0.0005507965,0.009858609,0.01378829,-0.0011592522,0.00798435,0.001130271,0.005694827,0.7132486,0.008184529,0.010954934,0.004988143,0.0048347367,1.03173,1.0033482,1.0131017,1.0097209,11.712994,0.5746466,0.999293,-1.2255998,0.0011351012,-0.0063712937,1.0,1.1471581,1.3171574,1.1652192,0.03400139,0.031612724,0.0,55.128284,81.1718,0.0046439855
6493,-0.000881331,-0.0013866622,-0.0025912079,-0.004413299,-0.0043413425,-0.00089617394,0.0016839397,3.6136043e-05,0.00075162976,0.44635195,0.0013467547,0.0016839397,0.00061792624,0.00060010754,1.0296925,0.99783784,0.99902725,1.001192,24.746006,-2.5446393,0.2578294,-1.2148972,-0.0030620387,-0.00028859708,0.0,3.3075845,2.21166,0.005183282,0.005184005,0.0,39.634705,7.1368427,-0.0030908894,0.88461536,-0.66312265,0.7485108,0.0,0.0,0.0,1.0,0.0,0.0,1.0,-0.0012045457,-0.0027819637,-0.0017090138,-0.0024004423,0.0067564156,-0.001154751,0.0016238687,0.00017321265,0.00029590496,0.18222222,0.0020295947,0.0016238687,0.0009347655,0.0014726841,0.63473594,1.0001365,1.0008793,1.0007426,27.689083,0.38079417,0.09938646,-1.123137,-0.0020207763,-0.0002063976,0.0,0.21989593,1.1761991,0.017634427,0.0078420425,0.0,51.62371,78.63618,-0.0012542168,-0.0027819637,-0.0017090138,-0.0024004423,0.0068581463,-0.00014433346,-0.0027425338,0.0030384387,0.0,0.00029590496,0.09738717,0.00277852,0.003081742,0.0023717938,0.0026118357,0.9080946,1.0007684,1.001634,1.0008649,22.430573,0.4015272,0.2565295,-1.0383524,-0.0019886221,-0.00028467394,0.0,0.25117862,1.179624,0.01689205,0.011299185,0.0,52.160446,82.61417,0.00885381,0.007132883,0.0063796532,0.0018865621,-0.00020859933,0.008336332,0.0006330571,0.0033811005,0.00043162983,0.0023164134,0.87234044,0.0041013574,0.0075391345,0.0046841274,0.003777038,1.2401589,1.004933,1.0091136,1.00416,18.458786,1.0814189,1.4392512,1.8268232,0.00083928026,0.008225709,1.0,0.34716618,1.2752817,0.014505506,0.017000295,1.0,58.626286,58.0222,0.0016717588,-0.005246321,-0.0074349786,0.0005507965,0.009858609,0.01378829,-0.0011592522,0.00798435,0.001130271,0.005694827,0.7132486,0.008184529,0.010954934,0.004988143,0.0048347367,1.03173,1.0033482,1.0131017,1.0097209,11.712994,0.5746466,0.999293,-1.2255998,0.0011351012,-0.0063712937,1.0,1.1471581,1.3171574,1.1652192,0.03400139,0.031612724,0.0,55.128284,81.1718,0.0046439855
6494,-0.00023129744,-0.0011126285,-0.0025124915,-0.0047453265,-0.004759716,-0.00023132419,0.0011710786,0.00057831046,0.00036144405,0.30864197,0.0013344957,0.0011710786,0.000467056,0.0005996232,0.7789158,0.9978345,0.9988434,1.001011,25.19607,-2.2186916,0.18967617,-0.114924826,-0.0030606128,-0.00023269179,0.0,2.2736397,1.9387408,0.0060668075,0.0051375004,0.0,38.604904,7.7890663,-0.0041752453,0.9230769,-0.46472317,0.885456,0.0,0.0,0.0,1.0,0.0,0.0,1.0,-0.0013866622,-0.0025912079,-0.004413299,-0.0043413425,0.0054206173,-0.0011852622,0.0024717054,0.00053481344,0.00075162976,0.30409357,0.0020637892,0.0024717054,0.0009918666,0.0015266576,0.6496981,0.9988695,0.9995122,1.0006435,26.61552,-0.0013567829,-0.22118373,-1.133702,-0.0029876668,-0.00042209786,0.0,0.798273,1.612201,0.016613917,0.008046629,0.0,47.30828,63.906723,-0.0030406087,-0.0027819637,-0.0017090138,-0.0024004423,0.0068581463,-0.00014433346,-0.0027425338,0.0030384387,0.0,0.00029590496,0.09738717,0.00277852,0.003081742,0.0023717938,0.0026118357,0.9080946,1.0007684,1.001634,1.0008649,22.430573,0.4015272,0.2565295,-1.0383524,-0.0019886221,-0.00028467394,0.0,0.25117862,1.179624,0.01689205,0.011299185,0.0,52.160446,82.61417,0.00885381,0.007132883,0.0063796532,0.0018865621,-0.00020859933,0.008336332,0.0006330571,0.0033811005,0.00043162983,0.0023164134,0.87234044,0.0041013574,0.0075391345,0.0046841274,0.003777038,1.2401589,1.004933,1.0091136,1.00416,18.458786,1.0814189,1.4392512,1.8268232,0.00083928026,0.008225709,1.0,0.34716618,1.2752817,0.014505506,0.017000295,1.0,58.626286,58.0222,0.0016717588,-0.005246321,-0.0074349786,0.0005507965,0.009858609,0.01378829,-0.0011592522,0.00798435,0.001130271,0.005694827,0.7132486,0.008184529,0.010954934,0.004988143,0.0048347367,1.03173,1.0033482,1.0131017,1.0097209,11.712994,0.5746466,0.999293,-1.2255998,0.0011351012,-0.0063712937,1.0,1.1471581,1.3171574,1.1652192,0.03400139,0.031612724,0.0,55.128284,81.1718,0.0046439855
6495,0.0007370741,0.0005057767,-0.0008808856,-0.0036628493,-0.0041233604,0.0007729203,0.001329134,2.8894217e-05,0.0005273195,0.9782609,0.0013331997,0.001329134,0.00052894955,0.0005969114,0.8861441,0.9987062,0.9995963,1.0008912,25.737333,-1.5343316,0.33974984,1.509672,-0.0019185448,-0.000402077,0.0,3.778229,3.8853393,0.006476549,0.0051511265,0.0,43.6323,14.7992935,-0.003899898,0.96153843,-0.23931566,0.97094184,0.0,0.0,0.0,1.0,0.0,0.0,1.0,-0.0013866622,-0.0025912079,-0.004413299,-0.0043413425,0.0054206173,-0.0011852622,0.0024717054,0.00053481344,0.00075162976,0.30409357,0.0020637892,0.0024717054,0.0009918666,0.0015266576,0.6496981,0.9988695,0.9995122,1.0006435,26.61552,-0.0013567829,-0.22118373,-1.133702,-0.0029876668,-0.00042209786,0.0,0.798273,1.612201,0.016613917,0.008046629,0.0,47.30828,63.906723,-0.0030406087,-0.0027819637,-0.0017090138,-0.0024004423,0.0068581463,-0.00014433346,-0.0027425338,0.0030384387,0.0,0.00029590496,0.09738717,0.00277852,0.003081742,0.0023717938,0.0026118357,0.9080946,1.0007684,1.001634,1.0008649,22.430573,0.4015272,0.2565295,-1.0383524,-0.0019886221,-0.00028467394,0.0,0.25117862,1.179624,0.01689205,0.011299185,0.0,52.160446,82.61417,0.00885381,0.007132883,0.0063796532,0.0018865621,-0.00020859933,0.008336332,0.0006330571,0.0033811005,0.00043162983,0.0023164134,0.87234044,0.0041013574,0.0075391345,0.0046841274,0.003777038,1.2401589,1.004933,1.0091136,1.00416,18.458786,1.0814189,1.4392512,1.8268232,0.00083928026,0.008225709,1.0,0.34716618,1.2752817,0.014505506,0.017000295,1.0,58.626286,58.0222,0.0016717588,-0.005246321,-0.0074349786,0.0005507965,0.009858609,0.01378829,-0.0011592522,0.00798435,0.001130271,0.005694827,0.7132486,0.008184529,0.010954934,0.004988143,0.0048347367,1.03173,1.0033482,1.0131017,1.0097209,11.712994,0.5746466,0.999293,-1.2255998,0.0011351012,-0.0063712937,1.0,1.1471581,1.3171574,1.1652192,0.03400139,0.031612724,0.0,55.128284,81.1718,0.0046439855
6496,-0.00024563103,0.0004914431,-0.00062118535,-0.0033901515,-0.0043258276,-0.0002745625,0.0002745625,0.0,0.0,0.0,0.0012578869,0.0002745625,0.0005039397,0.000596551,0.8447554,0.99860734,0.99937624,1.00077,26.239933,-1.4849513,0.26698625,-0.12036372,-0.002158851,-5.8136848e-06,0.0,-1.1393391,0.07673958,0.0068813656,0.004766283,0.0,42.386356,16.731663,-0.0042448486,1.0,-2.4492937e-16,1.0,0.0,0.0,0.0,1.0,0.0,0.0,1.0,0.0005057767,-0.0008808856,-0.0036628493,-0.0041233604,0.005977261,0.00050564884,0.0013724754,7.223555e-05,0.000794591,0.94736844,0.0020134407,0.0013724754,0.0009666827,0.0015124333,0.63915724,0.99943435,1.0000172,1.0005832,25.639328,0.026949456,-0.081808865,0.07212135,-0.0018732379,-0.00060576655,0.0,2.2387042,2.7646916,0.015152725,0.00779945,0.0,48.98274,51.03553,-0.0032759502,-0.0008808856,-0.0036628493,-0.0041233604,0.0022562926,-0.0022079684,-0.00067901413,0.002513797,0.000534543,0.0013002398,0.51724136,0.002761885,0.002513797,0.0023917786,0.0025847857,0.92532957,0.999898,1.0007225,1.0008246,21.460833,0.2521854,0.033416037,-0.26451346,-0.0019479423,-0.00092106103,0.0,2.0946302,2.567895,0.016349101,0.011189719,0.0,50.05317,76.15965,0.005892825,-0.0041233604,0.0030095228,0.008108721,-0.004425456,0.0032993779,-0.0040885317,0.0060099973,0.0006212257,0.0013002398,0.21634616,0.0042534247,0.0060099973,0.004860417,0.0039007736,1.2460136,1.0007218,1.0047656,1.004041,17.972115,-0.029400803,0.78834707,-1.0616926,-0.0018941321,-0.0013904198,0.0,1.5147655,2.1058226,0.0145598585,0.017734297,1.0,52.290665,63.269424,-0.0034266298,-0.005246321,-0.0074349786,0.0005507965,0.009858609,0.01378829,-0.0011592522,0.00798435,0.001130271,0.005694827,0.7132486,0.008184529,0.010954934,0.004988143,0.0048347367,1.03173,1.0033482,1.0131017,1.0097209,11.712994,0.5746466,0.999293,-1.2255998,0.0011351012,-0.0063712937,1.0,1.1471581,1.3171574,1.1652192,0.03400139,0.031612724,0.0,55.128284,81.1718,0.0046439855
6497,0.0016388061,0.0013931751,0.0018989518,-0.00069225614,-0.0019025524,-0.0007718443,0.001565329,0.0007934848,0.0,0.0,0.0013948962,0.003202793,0.0008263971,0.0007029167,1.1756686,1.0002218,1.0009755,1.0007535,24.83515,-0.49257746,0.59785235,2.5051696,-0.0005217763,3.922411e-06,0.0,-0.24135835,0.8041649,0.0067828093,0.005525402,0.0,52.20038,29.345089,-0.0022671004,0.0,0.0,1.0,0.0,0.0,0.0,0.0,1.0,1.0,0.0,-0.00024563103,0.0002601457,-0.0023310622,-0.0035413585,0.004155963,-0.0002745625,0.0002745625,0.0,0.0,0.0,0.0018896944,0.0002745625,0.00091739534,0.0015029728,0.6103872,0.9992661,0.99978054,1.0005149,24.732862,-0.12831831,-0.124693975,-0.37562922,-0.0021136603,-5.6868585e-06,0.0,-1.1665578,0.037839256,0.013940057,0.0071629738,0.0,48.181835,34.470383,-0.00407288,-0.00024563103,-0.0011265166,-0.0028355303,0.0027638918,-0.0024824294,-0.0002745625,0.0002745625,0.0,0.0,0.0,0.0025848493,0.0002745625,0.002396814,0.002511726,0.95424986,0.9996855,1.000458,1.0007727,20.560358,0.21160822,-0.032113038,-0.07005349,-0.0021881731,-5.895971e-06,0.0,-1.2162309,0.023483392,0.01624743,0.010231114,0.0,49.45354,66.414955,0.005748087,-0.00024563103,-0.0043689916,0.0020106614,-0.0041891295,0.0037207324,-0.0002745625,0.0002745625,0.0,0.0,0.0,0.0039701904,0.0002745625,0.004841338,0.003864611,1.2527362,1.0004306,1.0043409,1.0039085,17.520205,-0.06667294,0.7224458,-0.035638478,-0.002134501,-5.7453485e-06,0.0,-1.2405273,0.009584094,0.014470727,0.016153853,1.0,51.931416,69.69391,-0.0045671295,0.0027638918,-0.0024824294,-0.0026986285,0.0064949417,0.010181569,-0.0037427205,0.006011474,0.0012138553,0.001054898,0.17548077,0.008130132,0.0077166515,0.0041686045,0.0047784545,0.87237513,1.0055386,1.0152724,1.0096802,11.710422,0.8068992,1.1666487,0.3767323,-0.0013005593,0.005212892,0.0,1.486141,1.4220488,1.5051798,0.032872036,0.03146272,0.0,57.270535,74.485596,0.014945294
6498,-0.0016315809,7.225303e-06,0.0004986684,-0.0020138233,-0.003901255,-0.0016401379,0.002716704,0.0010115388,6.502749e-05,0.023936171,0.001491426,0.002716704,0.0009375206,0.00077477476,1.2100557,0.99872524,0.9993694,1.000645,23.77864,-1.2836293,0.20927466,-1.8308915,-0.0015280716,-0.0006261197,0.0,-0.3083327,0.75247496,0.0069181784,0.006042271,0.0,44.138966,27.959698,-0.0033772106,0.03846154,0.23931566,0.97094184,0.0,0.0,0.0,0.0,1.0,1.0,0.0,-0.00024563103,0.0002601457,-0.0023310622,-0.0035413585,0.004155963,-0.0002745625,0.0002745625,0.0,0.0,0.0,0.0018896944,0.0002745625,0.00091739534,0.0015029728,0.6103872,0.9992661,0.99978054,1.0005149,24.732862,-0.12831831,-0.124693975,-0.37562922,-0.0021136603,-5.6868585e-06,0.0,-1.1665578,0.037839256,0.013940057,0.0071629738,0.0,48.181835,34.470383,-0.00407288,-0.00024563103,-0.0011265166,-0.0028355303,0.0027638918,-0.0024824294,-0.0002745625,0.0002745625,0.0,0.0,0.0,0.0025848493,0.0002745625,0.002396814,0.002511726,0.95424986,0.9996855,1.000458,1.0007727,20.560358,0.21160822,-0.032113038,-0.07005349,-0.0021881731,-5.895971e-06,0.0,-1.2162309,0.023483392,0.01624743,0.010231114,0.0,49.45354,66.414955,0.005748087,-0.00024563103,-0.0043689916,0.0020106614,-0.0041891295,0.0037207324,-0.0002745625,0.0002745625,0.0,0.0,0.0,0.0039701904,0.0002745625,0.004841338,0.003864611,1.2527362,1.0004306,1.0043409,1.0039085,17.520205,-0.06667294,0.7224458,-0.035638478,-0.002134501,-5.7453485e-06,0.0,-1.2405273,0.009584094,0.014470727,0.016153853,1.0,51.931416,69.69391,-0.0045671295,0.0027638918,-0.0024824294,-0.0026986285,0.0064949417,0.010181569,-0.0037427205,0.006011474,0.0012138553,0.001054898,0.17548077,0.008130132,0.0077166515,0.0041686045,0.0047784545,0.87237513,1.0055386,1.0152724,1.0096802,11.710422,0.8068992,1.1666487,0.3767323,-0.0013005593,0.005212892,0.0,1.486141,1.4220488,1.5051798,0.032872036,0.03146272,0.0,57.270535,74.485596,0.014945294
6499,0.00036842126,-0.0012631596,0.00013001553,-0.00075087004,-0.002459884,0.00057780923,0.0017478729,0.0007655972,0.00040446647,0.56198347,0.0015092335,0.0017478729,0.0009241586,0.0007827522,1.1806529,0.99917954,0.99974793,1.0005689,23.128555,-0.97580975,0.2647786,0.7257578,-0.0007459749,-0.000412702,0.0,-0.26667765,0.7852056,0.0068261228,0.0061306595,0.0,46.159622,30.142736,-0.0019535052,0.07692308,0.46472317,0.885456,0.0,0.0,0.0,0.0,1.0,1.0,0.0,7.225303e-06,-0.00023840572,-0.0011192913,-0.0028283051,0.0020178868,-0.0024060172,0.003265825,0.00079478044,6.502749e-05,0.019911505,0.0019879767,0.003265825,0.00089782896,0.0015009575,0.5981708,0.99934244,0.9997961,1.000454,23.707296,-0.22323692,-0.104881704,-0.18297048,-0.0010452567,-0.0010589326,0.0,-0.29249218,0.76218843,0.012795233,0.007724863,0.0,48.208656,24.722553,-0.0043522674,7.225303e-06,-0.00023840572,-0.003901255,-0.0023742951,0.0048599513,-0.0024060172,0.003265825,0.00079478044,6.502749e-05,0.019911505,0.002633473,0.003265825,0.0021274628,0.002511459,0.8471023,0.999722,1.000447,1.0007253,19.616608,0.22831482,-0.048427083,0.025735354,-0.0010452567,-0.0011332039,0.0,-0.64194936,0.4799445,0.016162684,0.010500779,0.0,49.472713,63.568115,0.002019924,-0.00024563103,-0.0043689916,0.0020106614,-0.0041891295,0.0037207324,-0.0002745625,0.0002745625,0.0,0.0,0.0,0.0039701904,0.0002745625,0.004841338,0.003864611,1.2527362,1.0004306,1.0043409,1.0039085,17.520205,-0.06667294,0.7224458,-0.035638478,-0.002134501,-5.7453485e-06,0.0,-1.2405273,0.009584094,0.014470727,0.016153853,1.0,51.931416,69.69391,-0.0045671295,0.0027638918,-0.0024824294,-0.0026986285,0.0064949417,0.010181569,-0.0037427205,0.006011474,0.0012138553,0.001054898,0.17548077,0.008130132,0.0077166515,0.0041686045,0.0047784545,0.87237513,1.0055386,1.0152724,1.0096802,11.710422,0.8068992,1.1666487,0.3767323,-0.0013005593,0.005212892,0.0,1.486141,1.4220488,1.5051798,0.032872036,0.03146272,0.0,57.270535,74.485596,0.014945294
6500,-0.00086708966,-0.0004986684,-0.0004914431,-0.0011126285,-0.0041839858,-0.00085300795,0.0015108361,0.00044096174,0.00021686642,0.14354067,0.0015105637,0.0015108361,0.00094830035,0.0007956571,1.1918454,0.9984739,0.99892527,1.000452,22.58655,-1.3284085,0.049657177,-0.78705525,-0.0013136804,-0.0002999232,0.0,-0.32938215,0.73527914,0.0068559144,0.0061271554,0.0,42.28389,17.922781,-0.0025093378,0.115384616,0.66312265,0.7485108,0.0,0.0,0.0,0.0,1.0,0.0,0.0,7.225303e-06,-0.00023840572,-0.0011192913,-0.0028283051,0.0020178868,-0.0024060172,0.003265825,0.00079478044,6.502749e-05,0.019911505,0.0019879767,0.003265825,0.00089782896,0.0015009575,0.5981708,0.99934244,0.9997961,1.000454,23.707296,-0.22323692,-0.104881704,-0.18297048,-0.0010452567,-0.0010589326,0.0,-0.29249218,0.76218843,0.012795233,0.007724863,0.0,48.208656,24.722553,-0.0043522674,7.225303e-06,-0.00023840572,-0.003901255,-0.0023742951,0.0048599513,-0.0024060172,0.003265825,0.00079478044,6.502749e-05,0.019911505,0.002633473,0.003265825,0.0021274628,0.002511459,0.8471023,0.999722,1.000447,1.0007253,19.616608,0.22831482,-0.048427083,0.025735354,-0.0010452567,-0.0011332039,0.0,-0.64194936,0.4799445,0.016162684,0.010500779,0.0,49.472713,63.568115,0.002019924,-0.00024563103,-0.0043689916,0.0020106614,-0.0041891295,0.0037207324,-0.0002745625,0.0002745625,0.0,0.0,0.0,0.0039701904,0.0002745625,0.004841338,0.003864611,1.2527362,1.0004306,1.0043409,1.0039085,17.520205,-0.06667294,0.7224458,-0.035638478,-0.002134501,-5.7453485e-06,0.0,-1.2405273,0.009584094,0.014470727,0.016153853,1.0,51.931416,69.69391,-0.0045671295,0.0027638918,-0.0024824294,-0.0026986285,0.0064949417,0.010181569,-0.0037427205,0.006011474,0.0012138553,0.001054898,0.17548077,0.008130132,0.0077166515,0.0041686045,0.0047784545,0.87237513,1.0055386,1.0152724,1.0096802,11.710422,0.8068992,1.1666487,0.3767323,-0.0013005593,0.005212892,0.0,1.486141,1.4220488,1.5051798,0.032872036,0.03146272,0.0,57.270535,74.485596,0.014945294
6501,-0.0014033872,-0.002270477,-0.0035336365,-0.0016346846,-0.0060479837,-0.0012885479,0.0022875343,0.00017373679,0.00082524976,0.3607595,0.0015680315,0.0022875343,0.0009989537,0.00082923984,1.204662,0.9973516,0.99762124,1.0002704,23.156097,-1.8276495,-0.29994977,-1.3645964,-0.0021054621,-0.00061276887,0.0,-0.02457813,0.980665,0.0074045393,0.006422844,0.0,36.89105,15.918162,-0.003016787,0.15384616,0.82298386,0.56806475,0.0,0.0,0.0,0.0,1.0,0.0,0.0,-0.0004986684,-0.0004914431,-0.00023129744,-0.0046445965,0.0022724487,-0.00028915523,0.0018505935,0.0013445718,0.00021686642,0.1171875,0.0019790845,0.0018505935,0.0008878636,0.0015094978,0.58818483,0.9989542,0.99932516,1.0003713,22.38459,-0.50740266,-0.20595533,-0.50224286,-0.0010142346,-0.00052951835,0.0,-0.3173887,0.74326116,0.01145325,0.007697636,0.0,46.42305,14.863782,-0.0040246807,7.225303e-06,-0.00023840572,-0.003901255,-0.0023742951,0.0048599513,-0.0024060172,0.003265825,0.00079478044,6.502749e-05,0.019911505,0.002633473,0.003265825,0.0021274628,0.002511459,0.8471023,0.999722,1.000447,1.0007253,19.616608,0.22831482,-0.048427083,0.025735354,-0.0010452567,-0.0011332039,0.0,-0.64194936,0.4799445,0.016162684,0.010500779,0.0,49.472713,63.568115,0.002019924,-0.00024563103,-0.0043689916,0.0020106614,-0.0041891295,0.0037207324,-0.0002745625,0.0002745625,0.0,0.0,0.0,0.0039701904,0.0002745625,0.004841338,0.003864611,1.2527362,1.0004306,1.0043409,1.0039085,17.520205,-0.06667294,0.7224458,-0.035638478,-0.002134501,-5.7453485e-06,0.0,-1.2405273,0.009584094,0.014470727,0.016153853,1.0,51.931416,69.69391,-0.0045671295,0.0027638918,-0.0024824294,-0.0026986285,0.0064949417,0.010181569,-0.0037427205,0.006011474,0.0012138553,0.001054898,0.17548077,0.008130132,0.0077166515,0.0041686045,0.0047784545,0.87237513,1.0055386,1.0152724,1.0096802,11.710422,0.8068992,1.1666487,0.3767323,-0.0013005593,0.005212892,0.0,1.486141,1.4220488,1.5051798,0.032872036,0.03146272,0.0,57.270535,74.485596,0.014945294
6502,0.0016708199,0.00026743283,-0.0002312356,0.00026743283,-0.004477894,0.0017272405,0.0020452263,0.0,0.00031798572,1.0,0.0015996861,0.0020452263,0.0011718398,0.00092752447,1.2634058,0.99911267,0.9993173,1.0002048,23.502304,-0.85787237,0.057898127,2.0241456,-0.00024974835,-0.00018269492,0.0,-0.28682268,0.77771676,0.00722072,0.0065805768,0.0,45.761494,20.839422,-0.00084483856,0.1923077,0.9350162,0.3546049,0.0,0.0,0.0,0.0,1.0,0.0,0.0,-0.0004986684,-0.0004914431,-0.00023129744,-0.0046445965,0.0022724487,-0.00028915523,0.0018505935,0.0013445718,0.00021686642,0.1171875,0.0019790845,0.0018505935,0.0008878636,0.0015094978,0.58818483,0.9989542,0.99932516,1.0003713,22.38459,-0.50740266,-0.20595533,-0.50224286,-0.0010142346,-0.00052951835,0.0,-0.3173887,0.74326116,0.01145325,0.007697636,0.0,46.42305,14.863782,-0.0040246807,7.225303e-06,-0.00023840572,-0.003901255,-0.0023742951,0.0048599513,-0.0024060172,0.003265825,0.00079478044,6.502749e-05,0.019911505,0.002633473,0.003265825,0.0021274628,0.002511459,0.8471023,0.999722,1.000447,1.0007253,19.616608,0.22831482,-0.048427083,0.025735354,-0.0010452567,-0.0011332039,0.0,-0.64194936,0.4799445,0.016162684,0.010500779,0.0,49.472713,63.568115,0.002019924,-0.00024563103,-0.0043689916,0.0020106614,-0.0041891295,0.0037207324,-0.0002745625,0.0002745625,0.0,0.0,0.0,0.0039701904,0.0002745625,0.004841338,0.003864611,1.2527362,1.0004306,1.0043409,1.0039085,17.520205,-0.06667294,0.7224458,-0.035638478,-0.002134501,-5.7453485e-06,0.0,-1.2405273,0.009584094,0.014470727,0.016153853,1.0,51.931416,69.69391,-0.0045671295,0.0027638918,-0.0024824294,-0.0026986285,0.0064949417,0.010181569,-0.0037427205,0.006011474,0.0012138553,0.001054898,0.17548077,0.008130132,0.0077166515,0.0041686045,0.0047784545,0.87237513,1.0055386,1.0152724,1.0096802,11.710422,0.8068992,1.1666487,0.3767323,-0.0013005593,0.005212892,0.0,1.486141,1.4220488,1.5051798,0.032872036,0.03146272,0.0,57.270535,74.485596,0.014945294
6503,0.0005924342,0.0022632543,-7.2226417e-06,0.00012279289,-0.0035400563,0.0005994814,0.0015095376,0.0005128094,0.0003972467,0.6602871,0.0015923672,0.0015095376,0.001153017,0.0009203841,1.2527564,0.9997329,0.99991304,1.0001802,22.90818,-0.4766553,0.17055643,0.7777074,0.00031615113,2.651627e-05,1.0,-0.25337994,0.8057296,0.0071334913,0.006525391,0.0,48.527275,34.75799,0.0006287672,0.23076923,0.99270886,0.12053668,0.0,0.0,0.0,0.0,1.0,0.0,0.0,0.00026743283,-0.0002312356,-0.00046964132,-0.0041324906,-0.002605531,0.00038302824,0.002493297,0.0,0.0021102687,1.0,0.0020153224,0.002493297,0.00090420706,0.0015077306,0.599714,0.9992955,0.9996084,1.0003132,21.430534,-0.5989054,-0.11606321,-0.005271597,-0.0001646101,-0.0005815221,0.0,-0.16138905,0.8709254,0.009747837,0.007912493,0.0,47.54503,19.843048,-0.0030548652,-0.0002312356,-0.00022401029,-0.0013505269,-0.0037509692,0.006801958,-2.1680844e-05,0.00385919,0.0013442123,0.002493297,0.64606744,0.0027215898,0.00385919,0.0021077392,0.0025113996,0.83926874,0.9995393,1.0002073,1.0006683,18.66328,0.19190533,-0.1298466,-0.062312897,-0.00015133507,-0.0011239906,0.0,0.013470024,1.0107353,0.01605493,0.01097307,0.0,48.834373,62.258892,0.0025431097,-0.00024563103,-0.0043689916,0.0020106614,-0.0041891295,0.0037207324,-0.0002745625,0.0002745625,0.0,0.0,0.0,0.0039701904,0.0002745625,0.004841338,0.003864611,1.2527362,1.0004306,1.0043409,1.0039085,17.520205,-0.06667294,0.7224458,-0.035638478,-0.002134501,-5.7453485e-06,0.0,-1.2405273,0.009584094,0.014470727,0.016153853,1.0,51.931416,69.69391,-0.0045671295,0.0027638918,-0.0024824294,-0.0026986285,0.0064949417,0.010181569,-0.0037427205,0.006011474,0.0012138553,0.001054898,0.17548077,0.008130132,0.0077166515,0.0041686045,0.0047784545,0.87237513,1.0055386,1.0152724,1.0096802,11.710422,0.8068992,1.1666487,0.3767323,-0.0013005593,0.005212892,0.0,1.486141,1.4220488,1.5051798,0.032872036,0.03146272,0.0,57.270535,74.485596,0.014945294
6504,0.00062817475,0.001220609,0.0014880417,0.0009965986,-0.002393553,0.00054857804,0.00090948463,0.00014436264,0.00021654397,0.84126985,0.0015426613,0.00090948463,0.0011606618,0.00090890593,1.2769879,1.0003266,1.0005201,1.0001934,22.152887,-0.06261403,0.2949823,0.8394399,0.0008946932,4.928337e-05,1.0,-0.7501582,0.40343395,0.006764122,0.006246688,0.0,51.36117,51.485634,0.0014891494,0.26923078,0.99270886,-0.12053668,0.0,0.0,0.0,0.0,1.0,0.0,0.0,0.00026743283,-0.0002312356,-0.00046964132,-0.0041324906,-0.002605531,0.00038302824,0.002493297,0.0,0.0021102687,1.0,0.0020153224,0.002493297,0.00090420706,0.0015077306,0.599714,0.9992955,0.9996084,1.0003132,21.430534,-0.5989054,-0.11606321,-0.005271597,-0.0001646101,-0.0005815221,0.0,-0.16138905,0.8709254,0.009747837,0.007912493,0.0,47.54503,19.843048,-0.0030548652,-0.0002312356,-0.00022401029,-0.0013505269,-0.0037509692,0.006801958,-2.1680844e-05,0.00385919,0.0013442123,0.002493297,0.64606744,0.0027215898,0.00385919,0.0021077392,0.0025113996,0.83926874,0.9995393,1.0002073,1.0006683,18.66328,0.19190533,-0.1298466,-0.062312897,-0.00015133507,-0.0011239906,0.0,0.013470024,1.0107353,0.01605493,0.01097307,0.0,48.834373,62.258892,0.0025431097,-0.00024563103,-0.0043689916,0.0020106614,-0.0041891295,0.0037207324,-0.0002745625,0.0002745625,0.0,0.0,0.0,0.0039701904,0.0002745625,0.004841338,0.003864611,1.2527362,1.0004306,1.0043409,1.0039085,17.520205,-0.06667294,0.7224458,-0.035638478,-0.002134501,-5.7453485e-06,0.0,-1.2405273,0.009584094,0.014470727,0.016153853,1.0,51.931416,69.69391,-0.0045671295,0.0027638918,-0.0024824294,-0.0026986285,0.0064949417,0.010181569,-0.0037427205,0.006011474,0.0012138553,0.001054898,0.17548077,0.008130132,0.0077166515,0.0041686045,0.0047784545,0.87237513,1.0055386,1.0152724,1.0096802,11.710422,0.8068992,1.1666487,0.3767323,-0.0013005593,0.005212892,0.0,1.486141,1.4220488,1.5051798,0.032872036,0.03146272,0.0,57.270535,74.485596,0.014945294
6505,0.00064942095,0.0012775956,0.0035408498,7.2134717e-06,-0.00068504264,0.00051215466,0.0007213446,8.656135e-05,0.00012262858,0.88,0.0014840963,0.0007357715,0.0011560475,0.00091636565,1.2615569,1.0008835,1.0011241,1.0002406,20.992332,0.4200527,0.4299328,0.8454896,0.0014590526,8.440015e-05,1.0,-0.7345978,0.4034335,0.006182978,0.00592839,0.0,54.172066,62.80488,0.0014013696,0.30769232,0.9350162,-0.3546049,0.0,0.0,0.0,0.0,1.0,0.0,0.0,0.001220609,0.0014880417,0.0009965986,-0.0013344636,-0.0017884964,0.0012270825,0.0017684423,0.00014436264,0.00039699726,0.9183673,0.0019954054,0.0017684423,0.000885172,0.0014936388,0.5926278,1.0004668,1.0007968,1.0003297,19.95619,-0.2476383,0.21545978,0.6447213,0.0009412095,0.00011436623,1.0,-0.465769,0.6164158,0.008386585,0.007823882,0.0,52.44376,30.086708,-0.003151578,-0.0002312356,-0.00022401029,-0.0013505269,-0.0037509692,0.006801958,-2.1680844e-05,0.00385919,0.0013442123,0.002493297,0.64606744,0.0027215898,0.00385919,0.0021077392,0.0025113996,0.83926874,0.9995393,1.0002073,1.0006683,18.66328,0.19190533,-0.1298466,-0.062312897,-0.00015133507,-0.0011239906,0.0,0.013470024,1.0107353,0.01605493,0.01097307,0.0,48.834373,62.258892,0.0025431097,-0.00024563103,-0.0043689916,0.0020106614,-0.0041891295,0.0037207324,-0.0002745625,0.0002745625,0.0,0.0,0.0,0.0039701904,0.0002745625,0.004841338,0.003864611,1.2527362,1.0004306,1.0043409,1.0039085,17.520205,-0.06667294,0.7224458,-0.035638478,-0.002134501,-5.7453485e-06,0.0,-1.2405273,0.009584094,0.014470727,0.016153853,1.0,51.931416,69.69391,-0.0045671295,0.0027638918,-0.0024824294,-0.0026986285,0.0064949417,0.010181569,-0.0037427205,0.006011474,0.0012138553,0.001054898,0.17548077,0.008130132,0.0077166515,0.0041686045,0.0047784545,0.87237513,1.0055386,1.0152724,1.0096802,11.710422,0.8068992,1.1666487,0.3767323,-0.0013005593,0.005212892,0.0,1.486141,1.4220488,1.5051798,0.032872036,0.03146272,0.0,57.270535,74.485596,0.014945294
6506,-0.0007504799,-0.000101058955,0.00111955,0.0008883144,-0.0011255088,-0.0008085125,0.0018696851,0.0003898185,0.0006713541,0.35907337,0.001512673,0.0018696851,0.0011854116,0.0009250386,1.2814726,1.0001199,1.0003585,1.0002385,20.423615,0.06064235,0.19411615,-0.6297713,0.00065488846,5.453664e-05,1.0,-0.6870531,0.431885,0.005406801,0.006080069,1.0,50.537514,65.772354,0.0008959408,0.34615386,0.82298386,-0.56806475,0.0,0.0,0.0,0.0,1.0,0.0,0.0,0.001220609,0.0014880417,0.0009965986,-0.0013344636,-0.0017884964,0.0012270825,0.0017684423,0.00014436264,0.00039699726,0.9183673,0.0019954054,0.0017684423,0.000885172,0.0014936388,0.5926278,1.0004668,1.0007968,1.0003297,19.95619,-0.2476383,0.21545978,0.6447213,0.0009412095,0.00011436623,1.0,-0.465769,0.6164158,0.008386585,0.007823882,0.0,52.44376,30.086708,-0.003151578,-0.0002312356,-0.00022401029,-0.0013505269,-0.0037509692,0.006801958,-2.1680844e-05,0.00385919,0.0013442123,0.002493297,0.64606744,0.0027215898,0.00385919,0.0021077392,0.0025113996,0.83926874,0.9995393,1.0002073,1.0006683,18.66328,0.19190533,-0.1298466,-0.062312897,-0.00015133507,-0.0011239906,0.0,0.013470024,1.0107353,0.01605493,0.01097307,0.0,48.834373,62.258892,0.0025431097,-0.00024563103,-0.0043689916,0.0020106614,-0.0041891295,0.0037207324,-0.0002745625,0.0002745625,0.0,0.0,0.0,0.0039701904,0.0002745625,0.004841338,0.003864611,1.2527362,1.0004306,1.0043409,1.0039085,17.520205,-0.06667294,0.7224458,-0.035638478,-0.002134501,-5.7453485e-06,0.0,-1.2405273,0.009584094,0.014470727,0.016153853,1.0,51.931416,69.69391,-0.0045671295,0.0027638918,-0.0024824294,-0.0026986285,0.0064949417,0.010181569,-0.0037427205,0.006011474,0.0012138553,0.001054898,0.17548077,0.008130132,0.0077166515,0.0041686045,0.0047784545,0.87237513,1.0055386,1.0152724,1.0096802,11.710422,0.8068992,1.1666487,0.3767323,-0.0013005593,0.005212892,0.0,1.486141,1.4220488,1.5051798,0.032872036,0.03146272,0.0,57.270535,74.485596,0.014945294
6507,0.00015880234,-0.00059167756,0.00068591814,0.0006786955,-7.2174545e-05,0.00016600745,0.0006929007,0.0002887086,0.0002381846,0.5833333,0.0014538948,0.0006929007,0.0010557976,0.00092681585,1.1391666,1.0002522,1.0004971,1.0002447,19.895517,0.32627016,0.20284347,0.32531732,0.0007803037,3.329764e-05,1.0,-0.8076316,0.3181141,0.0046099043,0.005764104,1.0,51.28214,66.097565,-0.00058429333,0.3846154,0.66312265,-0.7485108,0.0,0.0,0.0,0.0,1.0,0.0,0.0,-0.000101058955,0.00111955,0.0008883144,-0.00023097689,-0.002631419,-0.00023822243,0.0018696851,0.0009601086,0.0006713541,0.35907337,0.0019866126,0.0018696851,0.0008876133,0.0014272024,0.6219253,1.0003309,1.0006683,1.0003374,19.036655,-0.390965,0.21866989,-0.17262374,0.0007186381,0.00012170468,1.0,-0.7348573,0.48703933,0.007767371,0.0077917264,0.0,52.010433,42.65537,-0.0030084064,0.00111955,0.0008883144,0.0006499087,-0.0034734518,0.00875863,0.0011261423,0.0027215108,0.001198331,0.00039703737,0.5596817,0.0027187564,0.0027215108,0.001298952,0.0025097732,0.51755756,1.0005962,1.0012755,1.0006789,17.423454,0.48939472,0.13569489,0.47711602,0.0007111345,0.00025687183,1.0,-0.38300416,0.6971342,0.015823435,0.010953672,0.0,52.060947,63.014503,-0.0014848773,0.0008955397,0.0006499087,0.0036594314,-0.0015580597,0.004210228,-0.0015159609,0.0059194663,0.00079407473,0.0036094307,0.6097561,0.0041061244,0.0059194663,0.0048581,0.0036464427,1.3322847,1.0012004,1.0050342,1.0038291,16.40257,0.11975353,0.8576898,0.18627155,0.00043313167,-0.0016685184,1.0,-0.10363374,0.9157479,0.014065862,0.016857343,1.0,53.194393,61.587624,-0.0037684287,0.0027638918,-0.0024824294,-0.0026986285,0.0064949417,0.010181569,-0.0037427205,0.006011474,0.0012138553,0.001054898,0.17548077,0.008130132,0.0077166515,0.0041686045,0.0047784545,0.87237513,1.0055386,1.0152724,1.0096802,11.710422,0.8068992,1.1666487,0.3767323,-0.0013005593,0.005212892,0.0,1.486141,1.4220488,1.5051798,0.032872036,0.03146272,0.0,57.270535,74.485596,0.014945294
6508,-0.0003176299,-0.00015882756,-0.00025988652,0.0012281552,0.000115526804,-0.00023104026,0.0007003408,0.00038266042,8.6640095e-05,0.12371134,0.0014004984,0.0007003408,0.00090995454,0.00092361576,0.9852089,0.9999408,1.0001723,1.0002315,19.398643,0.20211218,0.07329357,-0.20025419,0.00044675998,1.6118669e-05,1.0,-0.9114877,0.19647527,0.0038787536,0.0054835947,1.0,49.67155,60.97561,0.000729753,0.42307693,0.46472317,-0.885456,0.0,0.0,0.0,0.0,1.0,0.0,0.0,-0.000101058955,0.00111955,0.0008883144,-0.00023097689,-0.002631419,-0.00023822243,0.0018696851,0.0009601086,0.0006713541,0.35907337,0.0019866126,0.0018696851,0.0008876133,0.0014272024,0.6219253,1.0003309,1.0006683,1.0003374,19.036655,-0.390965,0.21866989,-0.17262374,0.0007186381,0.00012170468,1.0,-0.7348573,0.48703933,0.007767371,0.0077917264,0.0,52.010433,42.65537,-0.0030084064,0.00111955,0.0008883144,0.0006499087,-0.0034734518,0.00875863,0.0011261423,0.0027215108,0.001198331,0.00039703737,0.5596817,0.0027187564,0.0027215108,0.001298952,0.0025097732,0.51755756,1.0005962,1.0012755,1.0006789,17.423454,0.48939472,0.13569489,0.47711602,0.0007111345,0.00025687183,1.0,-0.38300416,0.6971342,0.015823435,0.010953672,0.0,52.060947,63.014503,-0.0014848773,0.0008955397,0.0006499087,0.0036594314,-0.0015580597,0.004210228,-0.0015159609,0.0059194663,0.00079407473,0.0036094307,0.6097561,0.0041061244,0.0059194663,0.0048581,0.0036464427,1.3322847,1.0012004,1.0050342,1.0038291,16.40257,0.11975353,0.8576898,0.18627155,0.00043313167,-0.0016685184,1.0,-0.10363374,0.9157479,0.014065862,0.016857343,1.0,53.194393,61.587624,-0.0037684287,0.0027638918,-0.0024824294,-0.0026986285,0.0064949417,0.010181569,-0.0037427205,0.006011474,0.0012138553,0.001054898,0.17548077,0.008130132,0.0077166515,0.0041686045,0.0047784545,0.87237513,1.0055386,1.0152724,1.0096802,11.710422,0.8068992,1.1666487,0.3767323,-0.0013005593,0.005212892,0.0,1.486141,1.4220488,1.5051798,0.032872036,0.03146272,0.0,57.270535,74.485596,0.014945294
6509,0.00023823189,-7.939802e-05,-0.0006710756,0.0028697744,0.0012350897,0.0003103864,0.0009239409,0.0003103864,0.0003031681,0.6640625,0.0013661488,0.0009239409,0.0009061809,0.0009003924,1.0064288,1.000162,1.0003945,1.0002325,19.145687,0.5583494,0.100548625,0.3398938,0.0006580629,2.681252e-05,1.0,-0.6668997,0.38623047,0.0035407583,0.0053121434,1.0,50.916634,61.422764,0.0005994771,0.46153846,0.23931566,-0.97094184,0.0,0.0,0.0,0.0,1.0,0.0,0.0,-0.00015882756,-0.00025988652,0.0012281552,0.0009968578,-0.0033444848,-0.00015162017,0.0007003408,0.00046208053,8.6640095e-05,0.12371134,0.0018950291,0.0007003408,0.0007660345,0.0014136307,0.5418915,1.0001556,1.0004894,1.0003338,18.1828,-0.647712,0.20159969,-0.23617043,0.0005105733,4.93664e-05,1.0,-1.063701,0.28832173,0.006696998,0.0073175733,0.0,51.293205,47.38664,-0.0015930799,0.00111955,0.0008883144,0.0006499087,-0.0034734518,0.00875863,0.0011261423,0.0027215108,0.001198331,0.00039703737,0.5596817,0.0027187564,0.0027215108,0.001298952,0.0025097732,0.51755756,1.0005962,1.0012755,1.0006789,17.423454,0.48939472,0.13569489,0.47711602,0.0007111345,0.00025687183,1.0,-0.38300416,0.6971342,0.015823435,0.010953672,0.0,52.060947,63.014503,-0.0014848773,0.0008955397,0.0006499087,0.0036594314,-0.0015580597,0.004210228,-0.0015159609,0.0059194663,0.00079407473,0.0036094307,0.6097561,0.0041061244,0.0059194663,0.0048581,0.0036464427,1.3322847,1.0012004,1.0050342,1.0038291,16.40257,0.11975353,0.8576898,0.18627155,0.00043313167,-0.0016685184,1.0,-0.10363374,0.9157479,0.014065862,0.016857343,1.0,53.194393,61.587624,-0.0037684287,0.0027638918,-0.0024824294,-0.0026986285,0.0064949417,0.010181569,-0.0037427205,0.006011474,0.0012138553,0.001054898,0.17548077,0.008130132,0.0077166515,0.0041686045,0.0047784545,0.87237513,1.0055386,1.0152724,1.0096802,11.710422,0.8068992,1.1666487,0.3767323,-0.0013005593,0.005212892,0.0,1.486141,1.4220488,1.5051798,0.032872036,0.03146272,0.0,57.270535,74.485596,0.014945294
6510,-0.0011050084,-0.0008667765,-0.0010256041,9.3945906e-05,0.00036137874,-0.0009032836,0.0010261302,0.00012284657,0.0,0.0,0.001348942,0.0011056191,0.00093586143,0.0009287498,1.0076572,0.9991471,0.99931747,1.0001705,19.25827,-0.58356804,-0.29982638,-1.0739735,-0.00044170232,-5.124059e-06,0.0,-0.5678986,0.45129132,0.0032756259,0.005232727,1.0,45.318737,54.756096,0.00036144405,0.5,1.2246469e-16,-1.0,0.0,0.0,0.0,0.0,1.0,0.0,0.0,-0.00015882756,-0.00025988652,0.0012281552,0.0009968578,-0.0033444848,-0.00015162017,0.0007003408,0.00046208053,8.6640095e-05,0.12371134,0.0018950291,0.0007003408,0.0007660345,0.0014136307,0.5418915,1.0001556,1.0004894,1.0003338,18.1828,-0.647712,0.20159969,-0.23617043,0.0005105733,4.93664e-05,1.0,-1.063701,0.28832173,0.006696998,0.0073175733,0.0,51.293205,47.38664,-0.0015930799,0.00111955,0.0008883144,0.0006499087,-0.0034734518,0.00875863,0.0011261423,0.0027215108,0.001198331,0.00039703737,0.5596817,0.0027187564,0.0027215108,0.001298952,0.0025097732,0.51755756,1.0005962,1.0012755,1.0006789,17.423454,0.48939472,0.13569489,0.47711602,0.0007111345,0.00025687183,1.0,-0.38300416,0.6971342,0.015823435,0.010953672,0.0,52.060947,63.014503,-0.0014848773,0.0008955397,0.0006499087,0.0036594314,-0.0015580597,0.004210228,-0.0015159609,0.0059194663,0.00079407473,0.0036094307,0.6097561,0.0041061244,0.0059194663,0.0048581,0.0036464427,1.3322847,1.0012004,1.0050342,1.0038291,16.40257,0.11975353,0.8576898,0.18627155,0.00043313167,-0.0016685184,1.0,-0.10363374,0.9157479,0.014065862,0.016857343,1.0,53.194393,61.587624,-0.0037684287,0.0027638918,-0.0024824294,-0.0026986285,0.0064949417,0.010181569,-0.0037427205,0.006011474,0.0012138553,0.001054898,0.17548077,0.008130132,0.0077166515,0.0041686045,0.0047784545,0.87237513,1.0055386,1.0152724,1.0096802,11.710422,0.8068992,1.1666487,0.3767323,-0.0013005593,0.005212892,0.0,1.486141,1.4220488,1.5051798,0.032872036,0.03146272,0.0,57.270535,74.485596,0.014945294
6511,0.0009028759,-0.0002021325,-0.00028153052,0.00040438763,0.0005271805,0.0008735894,0.0012417965,0.00023825167,0.00012995546,0.80813956,0.0013401584,0.0012417965,0.00081851135,0.0009355284,0.87491876,1.000045,1.0002115,1.0001667,19.238314,0.52091306,-0.04515587,0.9840013,0.00045423937,6.9285575e-06,1.0,-0.6607214,0.33172798,0.0032205111,0.0052031646,1.0,50.14162,56.96499,0.002671203,0.53846157,-0.23931566,-0.97094184,0.0,0.0,0.0,0.0,1.0,0.0,0.0,-0.0008667765,-0.0010256041,9.3945906e-05,-0.0003756954,-0.004499056,-0.0007948896,0.0014163487,0.00062145916,0.0,0.0,0.0018623635,0.0014163487,0.00072095206,0.00081246946,0.88735896,0.99935675,0.99963737,1.0002809,16.955698,-1.0483983,-0.004462473,-0.9122771,-0.00036687282,1.07328115e-05,0.0,-0.7561854,0.4687412,0.0068981955,0.007165964,0.0,47.449554,42.9072,-0.0012557918,-0.0010256041,9.3945906e-05,-0.00013006438,-0.0029655949,0.0075582643,-0.0010189039,0.0014813851,0.0004624812,0.0,0.0,0.0026329632,0.0014813851,0.0012386711,0.002518473,0.4918342,0.9996114,1.0002394,1.0006282,16.272186,0.27441937,-0.1599722,-0.35536587,-0.00034181232,2.7537733e-05,0.0,-0.7635033,0.41679102,0.015528036,0.010484972,0.0,49.011623,60.88679,-0.0036503444,0.0008955397,0.0006499087,0.0036594314,-0.0015580597,0.004210228,-0.0015159609,0.0059194663,0.00079407473,0.0036094307,0.6097561,0.0041061244,0.0059194663,0.0048581,0.0036464427,1.3322847,1.0012004,1.0050342,1.0038291,16.40257,0.11975353,0.8576898,0.18627155,0.00043313167,-0.0016685184,1.0,-0.10363374,0.9157479,0.014065862,0.016857343,1.0,53.194393,61.587624,-0.0037684287,0.0027638918,-0.0024824294,-0.0026986285,0.0064949417,0.010181569,-0.0037427205,0.006011474,0.0012138553,0.001054898,0.17548077,0.008130132,0.0077166515,0.0041686045,0.0047784545,0.87237513,1.0055386,1.0152724,1.0096802,11.710422,0.8068992,1.1666487,0.3767323,-0.0013005593,0.005212892,0.0,1.486141,1.4220488,1.5051798,0.032872036,0.03146272,0.0,57.270535,74.485596,0.014945294
6512,0.00064956624,0.0015524422,0.00068566564,0.00042577912,0.0014223778,0.0005194843,0.0008297318,0.00029581744,1.4430118e-05,0.6434783,0.0013111371,0.00094517274,0.00067499105,0.00093947886,0.7184739,1.0006285,1.0008277,1.000199,18.480797,1.2106438,0.14141564,0.648771,0.0010650015,3.8340593e-05,1.0,-0.5636802,0.40037057,0.003347022,0.005064634,1.0,53.333115,64.87131,0.0016477441,0.5769231,-0.46472317,-0.885456,0.0,0.0,0.0,0.0,1.0,0.0,0.0,-0.0008667765,-0.0010256041,9.3945906e-05,-0.0003756954,-0.004499056,-0.0007948896,0.0014163487,0.00062145916,0.0,0.0,0.0018623635,0.0014163487,0.00072095206,0.00081246946,0.88735896,0.99935675,0.99963737,1.0002809,16.955698,-1.0483983,-0.004462473,-0.9122771,-0.00036687282,1.07328115e-05,0.0,-0.7561854,0.4687412,0.0068981955,0.007165964,0.0,47.449554,42.9072,-0.0012557918,-0.0010256041,9.3945906e-05,-0.00013006438,-0.0029655949,0.0075582643,-0.0010189039,0.0014813851,0.0004624812,0.0,0.0,0.0026329632,0.0014813851,0.0012386711,0.002518473,0.4918342,0.9996114,1.0002394,1.0006282,16.272186,0.27441937,-0.1599722,-0.35536587,-0.00034181232,2.7537733e-05,0.0,-0.7635033,0.41679102,0.015528036,0.010484972,0.0,49.011623,60.88679,-0.0036503444,0.0008955397,0.0006499087,0.0036594314,-0.0015580597,0.004210228,-0.0015159609,0.0059194663,0.00079407473,0.0036094307,0.6097561,0.0041061244,0.0059194663,0.0048581,0.0036464427,1.3322847,1.0012004,1.0050342,1.0038291,16.40257,0.11975353,0.8576898,0.18627155,0.00043313167,-0.0016685184,1.0,-0.10363374,0.9157479,0.014065862,0.016857343,1.0,53.194393,61.587624,-0.0037684287,0.0027638918,-0.0024824294,-0.0026986285,0.0064949417,0.010181569,-0.0037427205,0.006011474,0.0012138553,0.001054898,0.17548077,0.008130132,0.0077166515,0.0041686045,0.0047784545,0.87237513,1.0055386,1.0152724,1.0096802,11.710422,0.8068992,1.1666487,0.3767323,-0.0013005593,0.005212892,0.0,1.486141,1.4220488,1.5051798,0.032872036,0.03146272,0.0,57.270535,74.485596,0.014945294
6513,-0.00021647521,0.00043309105,0.00023095855,-0.00044011703,-0.00043290356,-0.00020928202,0.0006134128,0.0003752643,2.8866485e-05,0.047058824,0.0012615632,0.0006134128,0.00066644343,0.00091664545,0.727046,1.0003726,1.000587,1.0002142,17.703945,0.8683254,0.010935298,-0.31612834,0.0008075219,4.1246487e-05,1.0,-0.45196074,0.4894532,0.0033665786,0.004816961,1.0,52.13513,77.49564,0.00083782943,0.61538464,-0.66312265,-0.7485108,0.0,0.0,0.0,0.0,1.0,0.0,0.0,0.0015524422,0.00068566564,0.00042577912,0.0014223778,-0.0021189807,0.0015223775,0.001948066,0.00029581744,0.00012987107,0.84814817,0.0018658026,0.001948066,0.00074833166,0.00088887225,0.8418889,1.0008227,1.0011437,1.0003208,16.048538,-0.13298891,0.44093257,1.8231845,0.0011338195,5.1175255e-05,1.0,-0.833531,0.38894007,0.0068214387,0.0072155544,0.0,54.087807,45.865887,0.0016839397,-0.0010256041,9.3945906e-05,-0.00013006438,-0.0029655949,0.0075582643,-0.0010189039,0.0014813851,0.0004624812,0.0,0.0,0.0026329632,0.0014813851,0.0012386711,0.002518473,0.4918342,0.9996114,1.0002394,1.0006282,16.272186,0.27441937,-0.1599722,-0.35536587,-0.00034181232,2.7537733e-05,0.0,-0.7635033,0.41679102,0.015528036,0.010484972,0.0,49.011623,60.88679,-0.0036503444,0.0008955397,0.0006499087,0.0036594314,-0.0015580597,0.004210228,-0.0015159609,0.0059194663,0.00079407473,0.0036094307,0.6097561,0.0041061244,0.0059194663,0.0048581,0.0036464427,1.3322847,1.0012004,1.0050342,1.0038291,16.40257,0.11975353,0.8576898,0.18627155,0.00043313167,-0.0016685184,1.0,-0.10363374,0.9157479,0.014065862,0.016857343,1.0,53.194393,61.587624,-0.0037684287,0.0027638918,-0.0024824294,-0.0026986285,0.0064949417,0.010181569,-0.0037427205,0.006011474,0.0012138553,0.001054898,0.17548077,0.008130132,0.0077166515,0.0041686045,0.0047784545,0.87237513,1.0055386,1.0152724,1.0096802,11.710422,0.8068992,1.1666487,0.3767323,-0.0013005593,0.005212892,0.0,1.486141,1.4220488,1.5051798,0.032872036,0.03146272,0.0,57.270535,74.485596,0.014945294
6514,-0.00027426923,-0.0004907444,0.0010616977,3.6093657e-05,0.000924408,-0.00032483705,0.0005919253,0.00017324642,9.384181e-05,0.15853658,0.0012140532,0.0005919253,0.00064529554,0.00091744703,0.70336,1.0000889,1.0003004,1.0002114,17.284302,0.48170072,-0.16481657,-0.37650463,0.0005130055,2.0441998e-05,1.0,-0.4725968,0.42819715,0.0032747122,0.0045848936,1.0,50.585163,81.131134,-6.496319e-05,0.65384614,-0.82298386,-0.56806475,0.0,0.0,0.0,0.0,1.0,0.0,0.0,0.0015524422,0.00068566564,0.00042577912,0.0014223778,-0.0021189807,0.0015223775,0.001948066,0.00029581744,0.00012987107,0.84814817,0.0018658026,0.001948066,0.00074833166,0.00088887225,0.8418889,1.0008227,1.0011437,1.0003208,16.048538,-0.13298891,0.44093257,1.8231845,0.0011338195,5.1175255e-05,1.0,-0.833531,0.38894007,0.0068214387,0.0072155544,0.0,54.087807,45.865887,0.0016839397,-0.0010256041,9.3945906e-05,-0.00013006438,-0.0029655949,0.0075582643,-0.0010189039,0.0014813851,0.0004624812,0.0,0.0,0.0026329632,0.0014813851,0.0012386711,0.002518473,0.4918342,0.9996114,1.0002394,1.0006282,16.272186,0.27441937,-0.1599722,-0.35536587,-0.00034181232,2.7537733e-05,0.0,-0.7635033,0.41679102,0.015528036,0.010484972,0.0,49.011623,60.88679,-0.0036503444,0.0008955397,0.0006499087,0.0036594314,-0.0015580597,0.004210228,-0.0015159609,0.0059194663,0.00079407473,0.0036094307,0.6097561,0.0041061244,0.0059194663,0.0048581,0.0036464427,1.3322847,1.0012004,1.0050342,1.0038291,16.40257,0.11975353,0.8576898,0.18627155,0.00043313167,-0.0016685184,1.0,-0.10363374,0.9157479,0.014065862,0.016857343,1.0,53.194393,61.587624,-0.0037684287,0.0027638918,-0.0024824294,-0.0026986285,0.0064949417,0.010181569,-0.0037427205,0.006011474,0.0012138553,0.001054898,0.17548077,0.008130132,0.0077166515,0.0041686045,0.0047784545,0.87237513,1.0055386,1.0152724,1.0096802,11.710422,0.8068992,1.1666487,0.3767323,-0.0013005593,0.005212892,0.0,1.486141,1.4220488,1.5051798,0.032872036,0.03146272,0.0,57.270535,74.485596,0.014945294
6515,-0.00014438244,-0.00041865165,1.4439391e-05,-0.00026709112,0.00041160436,-0.00011551429,0.0017688125,0.001537784,0.00011551429,0.06530612,0.0012538417,0.0017688125,0.00060308736,0.0009048591,0.66649866,0.9999499,1.0001498,1.0002,16.226406,0.27785975,-0.29732123,-0.18949187,0.0003000379,6.8674126e-05,1.0,1.070422,1.5464306,0.0032720086,0.0048226696,1.0,49.746883,74.07822,-0.0008584001,0.6923077,-0.9350162,-0.3546049,0.0,0.0,0.0,0.0,1.0,0.0,0.0,-0.0004907444,0.0010616977,3.6093657e-05,0.000924408,-0.001903897,-0.00048364626,0.00095285533,0.00037536724,9.384181e-05,0.09848485,0.0018014425,0.00095285533,0.000764566,0.0008723325,0.87646174,1.0003,1.0006269,1.0003268,15.2462635,-0.3493088,0.32123733,-0.413808,0.0005813156,6.223555e-05,1.0,-0.72576827,0.43661126,0.0066267597,0.006894556,0.0,51.856617,48.76359,0.0006862377,0.0010616977,3.6093657e-05,0.000924408,-0.0029768469,0.006561532,0.0010322599,0.0020212082,0.0008590135,0.00012993482,0.575,0.002586672,0.0020212082,0.0012641544,0.0018708629,0.67570657,1.000609,1.0012507,1.0006413,15.193365,0.47671288,0.10955496,0.41290024,0.00063670153,8.304299e-05,1.0,-0.7436955,0.4239367,0.015249034,0.010246322,0.0,52.137016,56.533897,-0.003431457,0.0008955397,0.0006499087,0.0036594314,-0.0015580597,0.004210228,-0.0015159609,0.0059194663,0.00079407473,0.0036094307,0.6097561,0.0041061244,0.0059194663,0.0048581,0.0036464427,1.3322847,1.0012004,1.0050342,1.0038291,16.40257,0.11975353,0.8576898,0.18627155,0.00043313167,-0.0016685184,1.0,-0.10363374,0.9157479,0.014065862,0.016857343,1.0,53.194393,61.587624,-0.0037684287,0.0027638918,-0.0024824294,-0.0026986285,0.0064949417,0.010181569,-0.0037427205,0.006011474,0.0012138553,0.001054898,0.17548077,0.008130132,0.0077166515,0.0041686045,0.0047784545,0.87237513,1.0055386,1.0152724,1.0096802,11.710422,0.8068992,1.1666487,0.3767323,-0.0013005593,0.005212892,0.0,1.486141,1.4220488,1.5051798,0.032872036,0.03146272,0.0,57.270535,74.485596,0.014945294
6516,-0.00072944997,-0.0008738324,-0.0013645769,-0.00067891116,0.00054924405,-0.0007008164,0.00091033883,0.00013727332,7.224912e-05,0.07936508,0.0012301554,0.00091033883,0.00060054363,0.00091889215,0.6535519,0.9992949,0.99944323,1.0001485,15.516318,-0.59578544,-0.72808397,-0.79698145,-0.00041955392,-9.90104e-06,0.0,0.30719402,1.1373692,0.00326695,0.0047133476,1.0,45.634132,54.352024,-0.0008373879,0.7307692,-0.99270886,-0.12053668,0.0,0.0,0.0,0.0,1.0,0.0,0.0,-0.0004907444,0.0010616977,3.6093657e-05,0.000924408,-0.001903897,-0.00048364626,0.00095285533,0.00037536724,9.384181e-05,0.09848485,0.0018014425,0.00095285533,0.000764566,0.0008723325,0.87646174,1.0003,1.0006269,1.0003268,15.2462635,-0.3493088,0.32123733,-0.413808,0.0005813156,6.223555e-05,1.0,-0.72576827,0.43661126,0.0066267597,0.006894556,0.0,51.856617,48.76359,0.0006862377,0.0010616977,3.6093657e-05,0.000924408,-0.0029768469,0.006561532,0.0010322599,0.0020212082,0.0008590135,0.00012993482,0.575,0.002586672,0.0020212082,0.0012641544,0.0018708629,0.67570657,1.000609,1.0012507,1.0006413,15.193365,0.47671288,0.10955496,0.41290024,0.00063670153,8.304299e-05,1.0,-0.7436955,0.4239367,0.015249034,0.010246322,0.0,52.137016,56.533897,-0.003431457,0.0008955397,0.0006499087,0.0036594314,-0.0015580597,0.004210228,-0.0015159609,0.0059194663,0.00079407473,0.0036094307,0.6097561,0.0041061244,0.0059194663,0.0048581,0.0036464427,1.3322847,1.0012004,1.0050342,1.0038291,16.40257,0.11975353,0.8576898,0.18627155,0.00043313167,-0.0016685184,1.0,-0.10363374,0.9157479,0.014065862,0.016857343,1.0,53.194393,61.587624,-0.0037684287,0.0027638918,-0.0024824294,-0.0026986285,0.0064949417,0.010181569,-0.0037427205,0.006011474,0.0012138553,0.001054898,0.17548077,0.008130132,0.0077166515,0.0041686045,0.0047784545,0.87237513,1.0055386,1.0152724,1.0096802,11.710422,0.8068992,1.1666487,0.3767323,-0.0013005593,0.005212892,0.0,1.486141,1.4220488,1.5051798,0.032872036,0.03146272,0.0,57.270535,74.485596,0.014945294
6517,0.00093879766,0.00020934774,-0.00020930392,2.165463e-05,0.002891429,0.0008950484,0.0013137,0.00038977913,2.8872528e-05,0.7032967,0.0012360822,0.0013281363,0.00068083644,0.0008650553,0.7870438,1.0002112,1.0003669,1.0001557,14.428359,0.58583605,-0.33773813,1.1223652,0.00050252693,1.667862e-05,1.0,0.114284456,1.0506614,0.0031391792,0.0047664125,1.0,51.223743,44.392063,-5.774172e-05,0.7692308,-0.99270886,0.12053668,0.0,0.0,0.0,0.0,1.0,0.0,0.0,-0.0008738324,-0.0013645769,-0.00067891116,0.00054924405,-0.0040953523,-0.00084531464,0.00245647,0.0015389061,7.224912e-05,0.029411765,0.0018496924,0.00245647,0.0008172464,0.0008718437,0.93737715,0.99948096,0.99976265,1.0002818,14.332223,-0.7828197,0.08399566,-0.7715403,-0.0003547255,6.231676e-05,0.0,-0.068252176,0.94692475,0.00630955,0.007179183,0.0,48.057686,52.719704,5.7802634e-05,0.0010616977,3.6093657e-05,0.000924408,-0.0029768469,0.006561532,0.0010322599,0.0020212082,0.0008590135,0.00012993482,0.575,0.002586672,0.0020212082,0.0012641544,0.0018708629,0.67570657,1.000609,1.0012507,1.0006413,15.193365,0.47671288,0.10955496,0.41290024,0.00063670153,8.304299e-05,1.0,-0.7436955,0.4239367,0.015249034,0.010246322,0.0,52.137016,56.533897,-0.003431457,0.0008955397,0.0006499087,0.0036594314,-0.0015580597,0.004210228,-0.0015159609,0.0059194663,0.00079407473,0.0036094307,0.6097561,0.0041061244,0.0059194663,0.0048581,0.0036464427,1.3322847,1.0012004,1.0050342,1.0038291,16.40257,0.11975353,0.8576898,0.18627155,0.00043313167,-0.0016685184,1.0,-0.10363374,0.9157479,0.014065862,0.016857343,1.0,53.194393,61.587624,-0.0037684287,0.0027638918,-0.0024824294,-0.0026986285,0.0064949417,0.010181569,-0.0037427205,0.006011474,0.0012138553,0.001054898,0.17548077,0.008130132,0.0077166515,0.0041686045,0.0047784545,0.87237513,1.0055386,1.0152724,1.0096802,11.710422,0.8068992,1.1666487,0.3767323,-0.0013005593,0.005212892,0.0,1.486141,1.4220488,1.5051798,0.032872036,0.03146272,0.0,57.270535,74.485596,0.014945294
6518,-2.8872944e-05,0.00090992474,3.609235e-05,0.0010977901,0.001191736,-0.00013714847,0.0005052838,0.0002526419,0.00011549344,0.22857143,0.0011839154,0.0005052838,0.00067220913,0.0007790468,0.86286104,1.000165,1.0003248,1.0001599,13.418111,0.49271786,-0.40282577,-0.09870776,0.00043762464,3.6060563e-05,1.0,1.0370154,1.4612322,0.003124267,0.004505082,1.0,51.049824,37.721252,0.00023104026,0.8076923,-0.9350162,0.3546049,0.0,0.0,0.0,0.0,1.0,0.0,0.0,-0.0008738324,-0.0013645769,-0.00067891116,0.00054924405,-0.0040953523,-0.00084531464,0.00245647,0.0015389061,7.224912e-05,0.029411765,0.0018496924,0.00245647,0.0008172464,0.0008718437,0.93737715,0.99948096,0.99976265,1.0002818,14.332223,-0.7828197,0.08399566,-0.7715403,-0.0003547255,6.231676e-05,0.0,-0.068252176,0.94692475,0.00630955,0.007179183,0.0,48.057686,52.719704,5.7802634e-05,0.0010616977,3.6093657e-05,0.000924408,-0.0029768469,0.006561532,0.0010322599,0.0020212082,0.0008590135,0.00012993482,0.575,0.002586672,0.0020212082,0.0012641544,0.0018708629,0.67570657,1.000609,1.0012507,1.0006413,15.193365,0.47671288,0.10955496,0.41290024,0.00063670153,8.304299e-05,1.0,-0.7436955,0.4239367,0.015249034,0.010246322,0.0,52.137016,56.533897,-0.003431457,0.0008955397,0.0006499087,0.0036594314,-0.0015580597,0.004210228,-0.0015159609,0.0059194663,0.00079407473,0.0036094307,0.6097561,0.0041061244,0.0059194663,0.0048581,0.0036464427,1.3322847,1.0012004,1.0050342,1.0038291,16.40257,0.11975353,0.8576898,0.18627155,0.00043313167,-0.0016685184,1.0,-0.10363374,0.9157479,0.014065862,0.016857343,1.0,53.194393,61.587624,-0.0037684287,0.0027638918,-0.0024824294,-0.0026986285,0.0064949417,0.010181569,-0.0037427205,0.006011474,0.0012138553,0.001054898,0.17548077,0.008130132,0.0077166515,0.0041686045,0.0047784545,0.87237513,1.0055386,1.0152724,1.0096802,11.710422,0.8068992,1.1666487,0.3767323,-0.0013005593,0.005212892,0.0,1.486141,1.4220488,1.5051798,0.032872036,0.03146272,0.0,57.270535,74.485596,0.014945294
6519,0.00013713907,0.00010826612,0.00031761386,0.00033205326,0.0007364409,0.00022373786,0.00051964924,0.00012269495,0.00017321641,0.7638889,0.001136317,0.00051964924,0.0006693685,0.00077575014,0.86286604,1.0002733,1.0004439,1.0001705,12.587248,0.61293286,-0.3953893,0.12978168,0.00055218604,2.252116e-05,1.0,0.31626186,1.1390699,0.0031515718,0.004273429,1.0,51.88549,46.936935,0.00012992919,0.84615386,-0.82298386,0.56806475,0.0,0.0,0.0,0.0,1.0,0.0,1.0,0.00090992474,3.609235e-05,0.0010977901,0.001191736,-0.0029407546,0.00086620083,0.001313738,0.00041866375,2.887336e-05,0.6813187,0.0018108791,0.0013281746,0.00086583383,0.0009008245,0.961157,1.0003536,1.0006464,1.0002927,13.48347,-0.12824562,0.3473386,1.1988884,0.00051170087,4.343128e-05,1.0,-0.13207173,0.89688075,0.0056505906,0.0069955145,1.0,52.000984,54.799065,0.00096096186,3.609235e-05,0.0010977901,0.001191736,-0.00015879088,0.0066993553,6.496506e-05,0.0024542357,0.0014725415,0.0009167292,0.4,0.0025771256,0.0024542357,0.0011956054,0.0017808741,0.67135876,1.0005836,1.0012363,1.0006523,14.455336,0.4106532,0.09951173,-0.2041651,0.00048409041,0.00018880685,1.0,-0.06414307,0.94941705,0.014264625,0.010205094,0.0,52.244244,50.78618,-0.0018660615,0.0008955397,0.0006499087,0.0036594314,-0.0015580597,0.004210228,-0.0015159609,0.0059194663,0.00079407473,0.0036094307,0.6097561,0.0041061244,0.0059194663,0.0048581,0.0036464427,1.3322847,1.0012004,1.0050342,1.0038291,16.40257,0.11975353,0.8576898,0.18627155,0.00043313167,-0.0016685184,1.0,-0.10363374,0.9157479,0.014065862,0.016857343,1.0,53.194393,61.587624,-0.0037684287,0.0027638918,-0.0024824294,-0.0026986285,0.0064949417,0.010181569,-0.0037427205,0.006011474,0.0012138553,0.001054898,0.17548077,0.008130132,0.0077166515,0.0041686045,0.0047784545,0.87237513,1.0055386,1.0152724,1.0096802,11.710422,0.8068992,1.1666487,0.3767323,-0.0013005593,0.005212892,0.0,1.486141,1.4220488,1.5051798,0.032872036,0.03146272,0.0,57.270535,74.485596,0.014945294
6520,-0.000873681,-0.0007365419,0.00017338284,-0.0011911939,-0.00076541485,-0.0008090498,0.0008812864,7.223659e-05,0.0,0.0,0.0011190228,0.0008812864,0.0006292323,0.0007761555,0.810704,0.99945694,0.99958706,1.0001302,12.295369,-0.5361717,-0.8983694,-1.1722037,-0.0003198849,-1.5086572e-06,0.0,0.93674636,1.412176,0.0030123717,0.0042055435,1.0,46.447277,37.387386,0.00036131343,0.88461536,-0.66312265,0.7485108,0.0,0.0,0.0,0.0,1.0,0.0,1.0,0.00090992474,3.609235e-05,0.0010977901,0.001191736,-0.0029407546,0.00086620083,0.001313738,0.00041866375,2.887336e-05,0.6813187,0.0018108791,0.0013281746,0.00086583383,0.0009008245,0.961157,1.0003536,1.0006464,1.0002927,13.48347,-0.12824562,0.3473386,1.1988884,0.00051170087,4.343128e-05,1.0,-0.13207173,0.89688075,0.0056505906,0.0069955145,1.0,52.000984,54.799065,0.00096096186,3.609235e-05,0.0010977901,0.001191736,-0.00015879088,0.0066993553,6.496506e-05,0.0024542357,0.0014725415,0.0009167292,0.4,0.0025771256,0.0024542357,0.0011956054,0.0017808741,0.67135876,1.0005836,1.0012363,1.0006523,14.455336,0.4106532,0.09951173,-0.2041651,0.00048409041,0.00018880685,1.0,-0.06414307,0.94941705,0.014264625,0.010205094,0.0,52.244244,50.78618,-0.0018660615,0.0008955397,0.0006499087,0.0036594314,-0.0015580597,0.004210228,-0.0015159609,0.0059194663,0.00079407473,0.0036094307,0.6097561,0.0041061244,0.0059194663,0.0048581,0.0036464427,1.3322847,1.0012004,1.0050342,1.0038291,16.40257,0.11975353,0.8576898,0.18627155,0.00043313167,-0.0016685184,1.0,-0.10363374,0.9157479,0.014065862,0.016857343,1.0,53.194393,61.587624,-0.0037684287,0.0027638918,-0.0024824294,-0.0026986285,0.0064949417,0.010181569,-0.0037427205,0.006011474,0.0012138553,0.001054898,0.17548077,0.008130132,0.0077166515,0.0041686045,0.0047784545,0.87237513,1.0055386,1.0152724,1.0096802,11.710422,0.8068992,1.1666487,0.3767323,-0.0013005593,0.005212892,0.0,1.486141,1.4220488,1.5051798,0.032872036,0.03146272,0.0,57.270535,74.485596,0.014945294
6521,-0.0002239585,-0.0010976394,-0.0009893733,-0.0011986772,-0.0016387943,-0.00013728027,0.0008742585,0.00042629134,0.0003106869,0.3553719,0.0011017724,0.0008742585,0.00055305316,0.00070231984,0.7874662,0.99930614,0.99938816,1.0000821,12.52274,-1.4112921,-0.99813426,-0.45429626,-0.0005016327,-4.228442e-05,0.0,2.9544888,2.530057,0.0020259346,0.0041389186,1.0,45.141857,26.204363,-0.00076529325,0.9230769,-0.46472317,0.885456,0.0,0.0,0.0,0.0,1.0,0.0,1.0,-0.0007365419,0.00017338284,-0.0011911939,-0.00076541485,-0.0020998784,-0.0006501293,0.000996865,0.00034673561,0.0,0.0,0.0017539741,0.000996865,0.0008869971,0.0008975492,0.98824346,0.9996535,0.99991316,1.0002598,12.695343,-0.5614266,0.15307064,-0.6362138,-0.00023534507,1.0607356e-05,0.0,-0.13163708,0.8970965,0.0052571134,0.0067136968,1.0,48.772995,52.92683,0.0007228881,3.609235e-05,0.0010977901,0.001191736,-0.00015879088,0.0066993553,6.496506e-05,0.0024542357,0.0014725415,0.0009167292,0.4,0.0025771256,0.0024542357,0.0011956054,0.0017808741,0.67135876,1.0005836,1.0012363,1.0006523,14.455336,0.4106532,0.09951173,-0.2041651,0.00048409041,0.00018880685,1.0,-0.06414307,0.94941705,0.014264625,0.010205094,0.0,52.244244,50.78618,-0.0018660615,0.0008955397,0.0006499087,0.0036594314,-0.0015580597,0.004210228,-0.0015159609,0.0059194663,0.00079407473,0.0036094307,0.6097561,0.0041061244,0.0059194663,0.0048581,0.0036464427,1.3322847,1.0012004,1.0050342,1.0038291,16.40257,0.11975353,0.8576898,0.18627155,0.00043313167,-0.0016685184,1.0,-0.10363374,0.9157479,0.014065862,0.016857343,1.0,53.194393,61.587624,-0.0037684287,0.0027638918,-0.0024824294,-0.0026986285,0.0064949417,0.010181569,-0.0037427205,0.006011474,0.0012138553,0.001054898,0.17548077,0.008130132,0.0077166515,0.0041686045,0.0047784545,0.87237513,1.0055386,1.0152724,1.0096802,11.710422,0.8068992,1.1666487,0.3767323,-0.0013005593,0.005212892,0.0,1.486141,1.4220488,1.5051798,0.032872036,0.03146272,0.0,57.270535,74.485596,0.014945294
6522,-0.00062879676,-0.0008527553,-0.0015892972,-0.0015532048,-0.0015171111,-0.00060730503,0.0014604239,0.00069406285,0.00015905607,0.10891089,0.0011280339,0.0014604239,0.000512846,0.00061338337,0.83609366,0.99880373,0.99880856,1.0000048,13.145899,-2.3789446,-1.3215564,-0.9927212,-0.0009539356,-0.00017680715,0.0,4.068057,6.2834487,0.0022008675,0.0043034432,1.0,41.607544,11.181941,-0.0020418619,0.96153843,-0.23931566,0.97094184,0.0,0.0,0.0,0.0,1.0,0.0,1.0,-0.0007365419,0.00017338284,-0.0011911939,-0.00076541485,-0.0020998784,-0.0006501293,0.000996865,0.00034673561,0.0,0.0,0.0017539741,0.000996865,0.0008869971,0.0008975492,0.98824346,0.9996535,0.99991316,1.0002598,12.695343,-0.5614266,0.15307064,-0.6362138,-0.00023534507,1.0607356e-05,0.0,-0.13163708,0.8970965,0.0052571134,0.0067136968,1.0,48.772995,52.92683,0.0007228881,3.609235e-05,0.0010977901,0.001191736,-0.00015879088,0.0066993553,6.496506e-05,0.0024542357,0.0014725415,0.0009167292,0.4,0.0025771256,0.0024542357,0.0011956054,0.0017808741,0.67135876,1.0005836,1.0012363,1.0006523,14.455336,0.4106532,0.09951173,-0.2041651,0.00048409041,0.00018880685,1.0,-0.06414307,0.94941705,0.014264625,0.010205094,0.0,52.244244,50.78618,-0.0018660615,0.0008955397,0.0006499087,0.0036594314,-0.0015580597,0.004210228,-0.0015159609,0.0059194663,0.00079407473,0.0036094307,0.6097561,0.0041061244,0.0059194663,0.0048581,0.0036464427,1.3322847,1.0012004,1.0050342,1.0038291,16.40257,0.11975353,0.8576898,0.18627155,0.00043313167,-0.0016685184,1.0,-0.10363374,0.9157479,0.014065862,0.016857343,1.0,53.194393,61.587624,-0.0037684287,0.0027638918,-0.0024824294,-0.0026986285,0.0064949417,0.010181569,-0.0037427205,0.006011474,0.0012138553,0.001054898,0.17548077,0.008130132,0.0077166515,0.0041686045,0.0047784545,0.87237513,1.0055386,1.0152724,1.0096802,11.710422,0.8068992,1.1666487,0.3767323,-0.0013005593,0.005212892,0.0,1.486141,1.4220488,1.5051798,0.032872036,0.03146272,0.0,57.270535,74.485596,0.014945294
6523,-0.012198511,-0.012827308,-0.013924947,-0.013607333,-0.013874425,0.0024517158,0.0025907683,6.5866996e-05,7.318555e-05,0.9745763,0.0021173242,0.014798118,0.0038278054,0.0027806882,1.3765677,0.9879458,0.98721355,0.9992588,17.606697,-4.177515,-5.3629274,-4.149723,0.0008196781,-0.01387485,1.0,0.579727,1.7356174,0.012103335,0.009578757,0.0,15.848901,10.117728,-0.013928079,0.0,0.0,1.0,0.0,1.0,0.0,0.0,0.0,1.0,0.0,-0.0008527553,-0.0015892972,-0.0015532048,-0.0015171111,-0.001748088,-0.0007663611,0.0014604239,0.0005350068,0.00015905607,0.10891089,0.0017343957,0.0014604239,0.00092933426,0.0009027904,1.029402,0.99891543,0.99909765,1.0001824,12.612623,-1.0880772,-0.060072064,-0.75310963,-0.0008718504,-0.00021657861,0.0,2.7722464,3.4680295,0.005151281,0.006635831,1.0,45.271812,49.10569,-0.00039748213,-0.0015892972,-0.0015532048,-0.0015171111,-0.00086720247,0.0013890901,-0.0015038028,0.0020098905,0.00034703143,0.00015905607,0.07913669,0.0025404152,0.0020098905,0.0011802367,0.0018159645,0.6499228,0.9990904,0.99966025,1.0005704,13.431159,-0.13785836,-0.37187743,-1.0745656,-0.00090269005,-0.0002027861,0.0,1.6801505,2.335485,0.012625635,0.010013538,0.0,47.230553,41.05867,-0.0045198067,-0.0015171111,-0.00062157144,-0.004990563,-0.0031040008,-0.0033202,-0.0015110327,0.0032245005,0.0015544116,0.00015905607,0.049327355,0.0040489403,0.0032245005,0.004871581,0.0036636484,1.3297076,0.9997129,1.0033724,1.0036607,15.364769,-0.3607192,0.54899234,-0.45976016,-0.0010098547,-7.453773e-05,0.0,0.73530895,1.5395371,0.013537964,0.016503418,1.0,50.761887,59.569458,-0.004799148,-0.00062157144,0.0021423204,-0.005292658,-0.0005059595,0.005553435,-0.003036525,0.0059284535,0.0007952804,0.0020966483,0.35365853,0.007977564,0.0059284535,0.0042096777,0.004252248,0.9899888,1.0044438,1.0140593,1.009573,11.446158,0.6926501,1.0782119,-0.465526,-0.0005783857,-0.0013421656,0.0,0.05165164,1.0144275,0.06802006,0.027277509,0.03074243,1.0,56.61522,70.06173,0.01207323
6524,-0.0014574539,-0.013655965,-0.0145087205,-0.014335337,-0.015014249,-0.0013925536,0.0020888303,0.00016857227,0.0005277045,0.25263157,0.0021181565,0.0020888303,0.0038072846,0.002768942,1.3749962,0.9877763,0.9863259,0.9985317,21.725605,-3.0597959,-4.4493413,-0.25054595,-0.00052945834,-0.000108115644,0.0,-0.0069623203,0.9914029,0.01742653,0.009474879,0.0,14.686951,8.335442,-0.015094095,0.03846154,0.23931566,0.97094184,0.0,1.0,0.0,0.0,0.0,1.0,0.0,-0.0008527553,-0.0015892972,-0.0015532048,-0.0015171111,-0.001748088,-0.0007663611,0.0014604239,0.0005350068,0.00015905607,0.10891089,0.0017343957,0.0014604239,0.00092933426,0.0009027904,1.029402,0.99891543,0.99909765,1.0001824,12.612623,-1.0880772,-0.060072064,-0.75310963,-0.0008718504,-0.00021657861,0.0,2.7722464,3.4680295,0.005151281,0.006635831,1.0,45.271812,49.10569,-0.00039748213,-0.0015892972,-0.0015532048,-0.0015171111,-0.00086720247,0.0013890901,-0.0015038028,0.0020098905,0.00034703143,0.00015905607,0.07913669,0.0025404152,0.0020098905,0.0011802367,0.0018159645,0.6499228,0.9990904,0.99966025,1.0005704,13.431159,-0.13785836,-0.37187743,-1.0745656,-0.00090269005,-0.0002027861,0.0,1.6801505,2.335485,0.012625635,0.010013538,0.0,47.230553,41.05867,-0.0045198067,-0.0015171111,-0.00062157144,-0.004990563,-0.0031040008,-0.0033202,-0.0015110327,0.0032245005,0.0015544116,0.00015905607,0.049327355,0.0040489403,0.0032245005,0.004871581,0.0036636484,1.3297076,0.9997129,1.0033724,1.0036607,15.364769,-0.3607192,0.54899234,-0.45976016,-0.0010098547,-7.453773e-05,0.0,0.73530895,1.5395371,0.013537964,0.016503418,1.0,50.761887,59.569458,-0.004799148,-0.00062157144,0.0021423204,-0.005292658,-0.0005059595,0.005553435,-0.003036525,0.0059284535,0.0007952804,0.0020966483,0.35365853,0.007977564,0.0059284535,0.0042096777,0.004252248,0.9899888,1.0044438,1.0140593,1.009573,11.446158,0.6926501,1.0782119,-0.465526,-0.0005783857,-0.0013421656,0.0,0.05165164,1.0144275,0.06802006,0.027277509,0.03074243,1.0,56.61522,70.06173,0.01207323
6525,-0.0008432167,-0.0023006706,-0.015127978,-0.016117351,-0.016095698,-0.0005501559,0.0019292133,0.00035209977,0.0010269576,0.53231937,0.0021063196,0.0019292133,0.0037855622,0.002748892,1.377123,0.9881725,0.9860555,0.9978577,25.67063,-2.4955513,-3.840145,-0.00177457,-0.0010220321,-0.0003509632,0.0,-0.10624301,0.87168443,0.021381829,0.00931468,0.0,14.046077,8.51768,-0.01578214,0.07692308,0.46472317,0.885456,0.0,1.0,0.0,0.0,0.0,1.0,0.0,-0.013655965,-0.0145087205,-0.014335337,-0.015014249,-0.014017391,0.0009967751,0.0026311933,0.0015611257,7.329229e-05,0.40668523,0.0026912044,0.014819701,0.0043391543,0.0031106598,1.3949305,0.98674214,0.9861056,0.9993549,16.257679,-4.0465064,-3.3845298,-4.0938034,-0.00016368611,-0.014261096,0.0,0.21445836,1.1878586,0.013755541,0.011731998,0.0,20.309883,30.280985,-0.015158077,-0.013655965,-0.0152452625,-0.014147472,-0.014277536,-0.011513645,0.0009967751,0.0026311933,0.0015611257,7.329229e-05,0.40668523,0.0034499418,0.014819701,0.0043411,0.0036242076,1.1978066,0.9868987,0.98663944,0.99973726,15.888664,-3.2475045,-3.6324034,-3.6770809,-0.00016368611,-0.014291468,0.0,-0.4254343,0.66324383,0.016653312,0.014830038,0.0,25.105543,26.851683,-0.015286017,-0.0015171111,-0.00062157144,-0.004990563,-0.0031040008,-0.0033202,-0.0015110327,0.0032245005,0.0015544116,0.00015905607,0.049327355,0.0040489403,0.0032245005,0.004871581,0.0036636484,1.3297076,0.9997129,1.0033724,1.0036607,15.364769,-0.3607192,0.54899234,-0.45976016,-0.0010098547,-7.453773e-05,0.0,0.73530895,1.5395371,0.013537964,0.016503418,1.0,50.761887,59.569458,-0.004799148,-0.00062157144,0.0021423204,-0.005292658,-0.0005059595,0.005553435,-0.003036525,0.0059284535,0.0007952804,0.0020966483,0.35365853,0.007977564,0.0059284535,0.0042096777,0.004252248,0.9899888,1.0044438,1.0140593,1.009573,11.446158,0.6926501,1.0782119,-0.465526,-0.0005783857,-0.0013421656,0.0,0.05165164,1.0144275,0.06802006,0.027277509,0.03074243,1.0,56.61522,70.06173,0.01207323
6526,0.0032370072,0.0023937905,-0.011262175,-0.012851472,-0.011753681,0.0032171502,0.0040506846,0.00021203945,0.00062149495,0.9476534,0.002238882,0.0040506846,0.004082032,0.002896254,1.4094177,0.99219126,0.9896697,0.9974586,27.786436,-1.6548568,-2.7476277,1.3382705,0.0020744535,0.00013889853,1.0,-0.36371624,0.56134546,0.02301112,0.009943449,0.0,27.195541,11.409082,-0.0118705295,0.115384616,0.66312265,0.7485108,0.0,1.0,0.0,0.0,0.0,0.0,0.0,-0.013655965,-0.0145087205,-0.014335337,-0.015014249,-0.014017391,0.0009967751,0.0026311933,0.0015611257,7.329229e-05,0.40668523,0.0026912044,0.014819701,0.0043391543,0.0031106598,1.3949305,0.98674214,0.9861056,0.9993549,16.257679,-4.0465064,-3.3845298,-4.0938034,-0.00016368611,-0.014261096,0.0,0.21445836,1.1878586,0.013755541,0.011731998,0.0,20.309883,30.280985,-0.015158077,-0.013655965,-0.0152452625,-0.014147472,-0.014277536,-0.011513645,0.0009967751,0.0026311933,0.0015611257,7.329229e-05,0.40668523,0.0034499418,0.014819701,0.0043411,0.0036242076,1.1978066,0.9868987,0.98663944,0.99973726,15.888664,-3.2475045,-3.6324034,-3.6770809,-0.00016368611,-0.014291468,0.0,-0.4254343,0.66324383,0.016653312,0.014830038,0.0,25.105543,26.851683,-0.015286017,-0.0015171111,-0.00062157144,-0.004990563,-0.0031040008,-0.0033202,-0.0015110327,0.0032245005,0.0015544116,0.00015905607,0.049327355,0.0040489403,0.0032245005,0.004871581,0.0036636484,1.3297076,0.9997129,1.0033724,1.0036607,15.364769,-0.3607192,0.54899234,-0.45976016,-0.0010098547,-7.453773e-05,0.0,0.73530895,1.5395371,0.013537964,0.016503418,1.0,50.761887,59.569458,-0.004799148,-0.00062157144,0.0021423204,-0.005292658,-0.0005059595,0.005553435,-0.003036525,0.0059284535,0.0007952804,0.0020966483,0.35365853,0.007977564,0.0059284535,0.0042096777,0.004252248,0.9899888,1.0044438,1.0140593,1.009573,11.446158,0.6926501,1.0782119,-0.465526,-0.0005783857,-0.0013421656,0.0,0.05165164,1.0144275,0.06802006,0.027277509,0.03074243,1.0,56.61522,70.06173,0.01207323
6527,0.00062860904,0.0038656162,0.0015649456,-0.012360002,-0.012027948,0.00079647504,0.001519879,0.0006941755,2.9228442e-05,0.5432692,0.0021862183,0.001519879,0.0040651667,0.0029049572,1.3993896,0.993495,0.99066913,0.99715567,29.147125,-1.3770604,-2.3988397,0.42826208,0.0023659386,0.00033653202,1.0,-0.35107356,0.58219624,0.024103366,0.009569802,0.0,29.45684,18.134377,-0.012176989,0.15384616,0.82298386,0.56806475,0.0,1.0,0.0,0.0,0.0,0.0,0.0,0.0023937905,-0.011262175,-0.012851472,-0.011753681,-0.012129377,0.0026833958,0.004467452,0.00021203945,0.0015720166,0.9525368,0.0028121043,0.004467452,0.0044990527,0.0031956637,1.4078617,0.99013424,0.98891616,0.9987698,19.135237,-2.5883622,-2.540018,0.99616295,0.0019178402,0.00031048426,1.0,-0.40341073,0.64614105,0.016653134,0.0122911725,0.0,27.784367,21.288574,-0.012697977,-0.013655965,-0.0152452625,-0.014147472,-0.014277536,-0.011513645,0.0009967751,0.0026311933,0.0015611257,7.329229e-05,0.40668523,0.0034499418,0.014819701,0.0043411,0.0036242076,1.1978066,0.9868987,0.98663944,0.99973726,15.888664,-3.2475045,-3.6324034,-3.6770809,-0.00016368611,-0.014291468,0.0,-0.4254343,0.66324383,0.016653312,0.014830038,0.0,25.105543,26.851683,-0.015286017,-0.0015171111,-0.00062157144,-0.004990563,-0.0031040008,-0.0033202,-0.0015110327,0.0032245005,0.0015544116,0.00015905607,0.049327355,0.0040489403,0.0032245005,0.004871581,0.0036636484,1.3297076,0.9997129,1.0033724,1.0036607,15.364769,-0.3607192,0.54899234,-0.45976016,-0.0010098547,-7.453773e-05,0.0,0.73530895,1.5395371,0.013537964,0.016503418,1.0,50.761887,59.569458,-0.004799148,-0.00062157144,0.0021423204,-0.005292658,-0.0005059595,0.005553435,-0.003036525,0.0059284535,0.0007952804,0.0020966483,0.35365853,0.007977564,0.0059284535,0.0042096777,0.004252248,0.9899888,1.0044438,1.0140593,1.009573,11.446158,0.6926501,1.0782119,-0.465526,-0.0005783857,-0.0013421656,0.0,0.05165164,1.0144275,0.06802006,0.027277509,0.03074243,1.0,56.61522,70.06173,0.01207323
6528,-0.0006651682,-3.6559195e-05,0.0023572312,-0.012151489,-0.013342683,-0.00068001344,0.0019449848,4.3871834e-05,0.0012210994,0.62781954,0.002170338,0.0019449848,0.00404931,0.002904121,1.3943324,0.9935124,0.9903984,0.9968657,30.611795,-1.3249261,-2.3464048,-0.011128108,0.0015239385,0.00017848857,1.0,-0.35045254,0.5938437,0.025152387,0.0094051,0.0,28.44989,23.835617,-0.012805336,0.1923077,0.9350162,0.3546049,0.0,1.0,0.0,0.0,0.0,0.0,0.0,0.0023937905,-0.011262175,-0.012851472,-0.011753681,-0.012129377,0.0026833958,0.004467452,0.00021203945,0.0015720166,0.9525368,0.0028121043,0.004467452,0.0044990527,0.0031956637,1.4078617,0.99013424,0.98891616,0.9987698,19.135237,-2.5883622,-2.540018,0.99616295,0.0019178402,0.00031048426,1.0,-0.40341073,0.64614105,0.016653134,0.0122911725,0.0,27.784367,21.288574,-0.012697977,-0.013655965,-0.0152452625,-0.014147472,-0.014277536,-0.011513645,0.0009967751,0.0026311933,0.0015611257,7.329229e-05,0.40668523,0.0034499418,0.014819701,0.0043411,0.0036242076,1.1978066,0.9868987,0.98663944,0.99973726,15.888664,-3.2475045,-3.6324034,-3.6770809,-0.00016368611,-0.014291468,0.0,-0.4254343,0.66324383,0.016653312,0.014830038,0.0,25.105543,26.851683,-0.015286017,-0.0015171111,-0.00062157144,-0.004990563,-0.0031040008,-0.0033202,-0.0015110327,0.0032245005,0.0015544116,0.00015905607,0.049327355,0.0040489403,0.0032245005,0.004871581,0.0036636484,1.3297076,0.9997129,1.0033724,1.0036607,15.364769,-0.3607192,0.54899234,-0.45976016,-0.0010098547,-7.453773e-05,0.0,0.73530895,1.5395371,0.013537964,0.016503418,1.0,50.761887,59.569458,-0.004799148,-0.00062157144,0.0021423204,-0.005292658,-0.0005059595,0.005553435,-0.003036525,0.0059284535,0.0007952804,0.0020966483,0.35365853,0.007977564,0.0059284535,0.0042096777,0.004252248,0.9899888,1.0044438,1.0140593,1.009573,11.446158,0.6926501,1.0782119,-0.465526,-0.0005783857,-0.0013421656,0.0,0.05165164,1.0144275,0.06802006,0.027277509,0.03074243,1.0,56.61522,70.06173,0.01207323
6529,0.00021933512,-0.0004458331,0.0034197832,-0.011708195,-0.012906873,0.00012427627,0.0021931108,0.00078951987,0.0012793146,0.64,0.0021715227,0.0021931108,0.0040526083,0.0029038258,1.39561,0.994324,0.9909803,0.9966372,31.810299,-1.1618778,-2.1477106,0.29379547,0.0016030109,0.00014014875,1.0,-0.42458597,0.5104459,0.025799612,0.009342981,0.0,29.307833,24.64172,-0.012724189,0.23076923,0.99270886,0.12053668,0.0,1.0,0.0,0.0,0.0,0.0,0.0,-3.6559195e-05,0.0023572312,-0.012151489,-0.013342683,-0.011920305,0.00013161551,0.0025811263,0.0013600269,0.001089484,0.47308782,0.0027957014,0.0025811263,0.0045025963,0.0031942448,1.4095966,0.9910326,0.98931146,0.99826324,21.278194,-2.1347575,-2.3470433,0.21163349,0.0014425899,0.00043958766,1.0,-0.49953917,0.55076593,0.018948501,0.0121042775,0.0,27.74152,17.02768,-0.012577254,0.0023572312,-0.011298734,-0.012851939,-0.01192753,-0.014301825,0.002646934,0.0055790353,0.0013600269,0.0015720741,0.7562254,0.0035944774,0.0055790353,0.0045131217,0.0036351685,1.2415165,0.99024373,0.989396,0.9991439,17.424025,-2.2997105,-2.792181,0.7349732,0.0015726056,0.0006199072,1.0,-0.42707142,0.6620183,0.01893496,0.015511409,0.0,31.073862,17.46948,-0.01209223,-0.0015171111,-0.00062157144,-0.004990563,-0.0031040008,-0.0033202,-0.0015110327,0.0032245005,0.0015544116,0.00015905607,0.049327355,0.0040489403,0.0032245005,0.004871581,0.0036636484,1.3297076,0.9997129,1.0033724,1.0036607,15.364769,-0.3607192,0.54899234,-0.45976016,-0.0010098547,-7.453773e-05,0.0,0.73530895,1.5395371,0.013537964,0.016503418,1.0,50.761887,59.569458,-0.004799148,-0.00062157144,0.0021423204,-0.005292658,-0.0005059595,0.005553435,-0.003036525,0.0059284535,0.0007952804,0.0020966483,0.35365853,0.007977564,0.0059284535,0.0042096777,0.004252248,0.9899888,1.0044438,1.0140593,1.009573,11.446158,0.6926501,1.0782119,-0.465526,-0.0005783857,-0.0013421656,0.0,0.05165164,1.0144275,0.06802006,0.027277509,0.03074243,1.0,56.61522,70.06173,0.01207323
6530,-0.00016815262,5.11825e-05,1.4623303e-05,-0.011247551,-0.012800756,9.505078e-05,0.0019595083,0.00020472475,0.0016597328,0.8955224,0.002156718,0.0019595083,0.0040665963,0.0029033807,1.4006418,0.9947104,0.99117076,0.99644154,33.03133,-1.0731162,-2.0437155,0.14424573,0.0013948068,4.0364914e-05,1.0,-0.6301562,0.26065058,0.026404247,0.009201074,0.0,29.020527,24.007591,-0.012027392,0.26923078,0.99270886,-0.12053668,0.0,1.0,0.0,0.0,0.0,0.0,0.0,-3.6559195e-05,0.0023572312,-0.012151489,-0.013342683,-0.011920305,0.00013161551,0.0025811263,0.0013600269,0.001089484,0.47308782,0.0027957014,0.0025811263,0.0045025963,0.0031942448,1.4095966,0.9910326,0.98931146,0.99826324,21.278194,-2.1347575,-2.3470433,0.21163349,0.0014425899,0.00043958766,1.0,-0.49953917,0.55076593,0.018948501,0.0121042775,0.0,27.74152,17.02768,-0.012577254,0.0023572312,-0.011298734,-0.012851939,-0.01192753,-0.014301825,0.002646934,0.0055790353,0.0013600269,0.0015720741,0.7562254,0.0035944774,0.0055790353,0.0045131217,0.0036351685,1.2415165,0.99024373,0.989396,0.9991439,17.424025,-2.2997105,-2.792181,0.7349732,0.0015726056,0.0006199072,1.0,-0.42707142,0.6620183,0.01893496,0.015511409,0.0,31.073862,17.46948,-0.01209223,-0.0015171111,-0.00062157144,-0.004990563,-0.0031040008,-0.0033202,-0.0015110327,0.0032245005,0.0015544116,0.00015905607,0.049327355,0.0040489403,0.0032245005,0.004871581,0.0036636484,1.3297076,0.9997129,1.0033724,1.0036607,15.364769,-0.3607192,0.54899234,-0.45976016,-0.0010098547,-7.453773e-05,0.0,0.73530895,1.5395371,0.013537964,0.016503418,1.0,50.761887,59.569458,-0.004799148,-0.00062157144,0.0021423204,-0.005292658,-0.0005059595,0.005553435,-0.003036525,0.0059284535,0.0007952804,0.0020966483,0.35365853,0.007977564,0.0059284535,0.0042096777,0.004252248,0.9899888,1.0044438,1.0140593,1.009573,11.446158,0.6926501,1.0782119,-0.465526,-0.0005783857,-0.0013421656,0.0,0.05165164,1.0144275,0.06802006,0.027277509,0.03074243,1.0,56.61522,70.06173,0.01207323
6531,-0.0011193007,-0.0012874533,-0.0017332864,-0.00016834092,-0.013775675,-0.00092229317,0.0019763424,0.0008490953,0.00020495403,0.1037037,0.0021460766,0.0019763424,0.004052305,0.002883913,1.4051412,0.99420387,0.990448,0.9962222,33.8893,-1.116426,-2.1040132,-0.1495326,0.00022408547,5.237044e-05,1.0,-0.500624,0.41537124,0.02689989,0.009086997,0.0,27.116215,22.453533,-0.01291157,0.30769232,0.9350162,-0.3546049,0.0,1.0,0.0,0.0,0.0,0.0,0.0,5.11825e-05,1.4623303e-05,-0.011247551,-0.012800756,-0.0118763475,-4.386959e-05,0.002712603,0.0009139498,0.0017547836,0.6469003,0.0027896329,0.002712603,0.004520953,0.003196406,1.4143864,0.9919257,0.989775,0.99783176,23.346725,-1.8151674,-2.1702888,0.21929769,0.0013330112,0.00016092636,1.0,-0.6545119,0.3797166,0.020768883,0.011984302,0.0,27.909132,22.739725,-0.011670425,0.0023572312,-0.011298734,-0.012851939,-0.01192753,-0.014301825,0.002646934,0.0055790353,0.0013600269,0.0015720741,0.7562254,0.0035944774,0.0055790353,0.0045131217,0.0036351685,1.2415165,0.99024373,0.989396,0.9991439,17.424025,-2.2997105,-2.792181,0.7349732,0.0015726056,0.0006199072,1.0,-0.42707142,0.6620183,0.01893496,0.015511409,0.0,31.073862,17.46948,-0.01209223,-0.0015171111,-0.00062157144,-0.004990563,-0.0031040008,-0.0033202,-0.0015110327,0.0032245005,0.0015544116,0.00015905607,0.049327355,0.0040489403,0.0032245005,0.004871581,0.0036636484,1.3297076,0.9997129,1.0033724,1.0036607,15.364769,-0.3607192,0.54899234,-0.45976016,-0.0010098547,-7.453773e-05,0.0,0.73530895,1.5395371,0.013537964,0.016503418,1.0,50.761887,59.569458,-0.004799148,-0.00062157144,0.0021423204,-0.005292658,-0.0005059595,0.005553435,-0.003036525,0.0059284535,0.0007952804,0.0020966483,0.35365853,0.007977564,0.0059284535,0.0042096777,0.004252248,0.9899888,1.0044438,1.0140593,1.009573,11.446158,0.6926501,1.0782119,-0.465526,-0.0005783857,-0.0013421656,0.0,0.05165164,1.0144275,0.06802006,0.027277509,0.03074243,1.0,56.61522,70.06173,0.01207323
6532,0.0009364941,-0.00018280667,-0.00013162417,0.0022256072,-0.01210973,0.0011115661,0.0021646288,0.00017551045,0.0008775522,0.9189189,0.0021455365,0.0021646288,0.0041109016,0.0028916206,1.4216601,0.99559665,0.9917114,0.99609756,34.883965,-0.8870755,-1.8287431,0.5568536,0.0011282052,3.176307e-05,1.0,-0.5263532,0.38428548,0.026728058,0.009038493,0.0,31.184595,21.860647,-0.01136528,0.34615386,0.82298386,-0.56806475,0.0,1.0,0.0,0.0,0.0,0.0,0.0,5.11825e-05,1.4623303e-05,-0.011247551,-0.012800756,-0.0118763475,-4.386959e-05,0.002712603,0.0009139498,0.0017547836,0.6469003,0.0027896329,0.002712603,0.004520953,0.003196406,1.4143864,0.9919257,0.989775,0.99783176,23.346725,-1.8151674,-2.1702888,0.21929769,0.0013330112,0.00016092636,1.0,-0.6545119,0.3797166,0.020768883,0.011984302,0.0,27.909132,22.739725,-0.011670425,0.0023572312,-0.011298734,-0.012851939,-0.01192753,-0.014301825,0.002646934,0.0055790353,0.0013600269,0.0015720741,0.7562254,0.0035944774,0.0055790353,0.0045131217,0.0036351685,1.2415165,0.99024373,0.989396,0.9991439,17.424025,-2.2997105,-2.792181,0.7349732,0.0015726056,0.0006199072,1.0,-0.42707142,0.6620183,0.01893496,0.015511409,0.0,31.073862,17.46948,-0.01209223,-0.0015171111,-0.00062157144,-0.004990563,-0.0031040008,-0.0033202,-0.0015110327,0.0032245005,0.0015544116,0.00015905607,0.049327355,0.0040489403,0.0032245005,0.004871581,0.0036636484,1.3297076,0.9997129,1.0033724,1.0036607,15.364769,-0.3607192,0.54899234,-0.45976016,-0.0010098547,-7.453773e-05,0.0,0.73530895,1.5395371,0.013537964,0.016503418,1.0,50.761887,59.569458,-0.004799148,-0.00062157144,0.0021423204,-0.005292658,-0.0005059595,0.005553435,-0.003036525,0.0059284535,0.0007952804,0.0020966483,0.35365853,0.007977564,0.0059284535,0.0042096777,0.004252248,0.9899888,1.0044438,1.0140593,1.009573,11.446158,0.6926501,1.0782119,-0.465526,-0.0005783857,-0.0013421656,0.0,0.05165164,1.0144275,0.06802006,0.027277509,0.03074243,1.0,56.61522,70.06173,0.01207323
6533,-0.0010243354,-8.78413e-05,-0.0013752946,0.0020444884,-0.014072863,-0.0008930924,0.0017569031,0.0003367398,0.00052707095,0.3,0.002119819,0.0017569031,0.0013904411,0.0028905396,0.4810317,0.9950912,0.99105763,0.9959465,35.787846,-0.9382618,-1.8905559,-0.10732494,8.8991816e-05,1.5511063e-05,1.0,-0.5716773,0.32487696,0.026565786,0.0088553615,0.0,29.260714,19.670462,-0.00025614942,0.3846154,0.66312265,-0.7485108,0.0,1.0,0.0,0.0,0.0,0.0,0.0,-0.00018280667,-0.00013162417,0.0022256072,-0.01210973,-0.011560487,1.462587e-05,0.0028227929,0.0008336746,0.0019744926,0.7046632,0.002792475,0.0028227929,0.004437208,0.0031931326,1.3896097,0.99252474,0.98999804,0.9974543,25.337652,-1.6141851,-2.062859,0.12739292,0.0010594092,9.112722e-05,1.0,-0.5743267,0.42088336,0.022368202,0.011920271,0.0,27.662338,22.439661,-0.013383935,-0.00013162417,0.0022256072,-0.013019655,-0.011827919,-0.015578888,-0.00022670098,0.0031299363,0.0009141169,0.0019891183,0.635514,0.0035617352,0.0031299363,0.00451599,0.0036350826,1.2423348,0.99104655,0.9896824,0.9986235,18.849716,-2.0428686,-2.5981965,0.05072534,0.0011698519,0.00027171941,1.0,-0.7104787,0.41556272,0.02096459,0.015228336,0.0,30.9255,14.870939,-0.011979596,-0.011430358,-0.012947469,-0.01229756,-0.0041888393,-0.014930688,0.0032176916,0.0055797696,0.0014918387,0.0008702393,0.73263437,0.004916085,0.015583864,0.0059861415,0.004480095,1.3361639,0.9894486,0.9922814,1.0028629,16.820992,-2.7552416,-1.6562799,-2.4509408,0.000865364,-0.013217315,1.0,-0.42208165,0.6812858,0.017420236,0.021040028,1.0,37.0892,46.073586,-0.0144008305,-0.00062157144,0.0021423204,-0.005292658,-0.0005059595,0.005553435,-0.003036525,0.0059284535,0.0007952804,0.0020966483,0.35365853,0.007977564,0.0059284535,0.0042096777,0.004252248,0.9899888,1.0044438,1.0140593,1.009573,11.446158,0.6926501,1.0782119,-0.465526,-0.0005783857,-0.0013421656,0.0,0.05165164,1.0144275,0.06802006,0.027277509,0.03074243,1.0,56.61522,70.06173,0.01207323
6534,-0.0009667639,-0.0019910992,-0.002173906,-0.0021592826,-0.015010755,-0.00095257635,0.0014948121,0.0002198253,0.00032241046,0.21568628,0.0020770794,0.0014948121,0.0013421153,0.002889141,0.46453786,0.99468577,0.99048454,0.9957763,36.81355,-0.97877324,-1.9338388,-0.07546562,-0.00085783075,-2.0304884e-05,0.0,-0.6278179,0.25239173,0.026338754,0.008589196,0.0,27.535803,17.836418,0.00023453533,0.42307693,0.46472317,-0.885456,0.0,1.0,0.0,0.0,0.0,0.0,0.0,-0.00018280667,-0.00013162417,0.0022256072,-0.01210973,-0.011560487,1.462587e-05,0.0028227929,0.0008336746,0.0019744926,0.7046632,0.002792475,0.0028227929,0.004437208,0.0031931326,1.3896097,0.99252474,0.98999804,0.9974543,25.337652,-1.6141851,-2.062859,0.12739292,0.0010594092,9.112722e-05,1.0,-0.5743267,0.42088336,0.022368202,0.011920271,0.0,27.662338,22.439661,-0.013383935,-0.00013162417,0.0022256072,-0.013019655,-0.011827919,-0.015578888,-0.00022670098,0.0031299363,0.0009141169,0.0019891183,0.635514,0.0035617352,0.0031299363,0.00451599,0.0036350826,1.2423348,0.99104655,0.9896824,0.9986235,18.849716,-2.0428686,-2.5981965,0.05072534,0.0011698519,0.00027171941,1.0,-0.7104787,0.41556272,0.02096459,0.015228336,0.0,30.9255,14.870939,-0.011979596,-0.011430358,-0.012947469,-0.01229756,-0.0041888393,-0.014930688,0.0032176916,0.0055797696,0.0014918387,0.0008702393,0.73263437,0.004916085,0.015583864,0.0059861415,0.004480095,1.3361639,0.9894486,0.9922814,1.0028629,16.820992,-2.7552416,-1.6562799,-2.4509408,0.000865364,-0.013217315,1.0,-0.42208165,0.6812858,0.017420236,0.021040028,1.0,37.0892,46.073586,-0.0144008305,-0.00062157144,0.0021423204,-0.005292658,-0.0005059595,0.005553435,-0.003036525,0.0059284535,0.0007952804,0.0020966483,0.35365853,0.007977564,0.0059284535,0.0042096777,0.004252248,0.9899888,1.0044438,1.0140593,1.009573,11.446158,0.6926501,1.0782119,-0.465526,-0.0005783857,-0.0013421656,0.0,0.05165164,1.0144275,0.06802006,0.027277509,0.03074243,1.0,56.61522,70.06173,0.01207323
6535,-0.001488592,-0.0024553558,-0.0025431972,-0.004276484,-0.016636485,-0.0012548709,0.0012548709,0.0,0.0,0.0,0.002037997,0.0014897005,0.0014025759,0.002889977,0.48532423,0.9938493,0.9894376,0.995561,38.03553,-1.0882449,-2.0440688,-0.23275217,-0.0022592042,-8.939513e-05,0.0,-0.5072559,0.37146866,0.02611431,0.008350259,0.0,25.086573,11.241841,-0.00041078305,0.46153846,0.23931566,-0.97094184,0.0,1.0,0.0,0.0,0.0,0.0,0.0,-0.0019910992,-0.002173906,-0.0021592826,-0.015010755,-0.013819018,-0.0018611876,0.0025206637,0.0003370655,0.00032241046,0.12790698,0.002778228,0.0025206637,0.004430383,0.0031968614,1.385854,0.99144274,0.9884929,0.99702466,27.24261,-1.6968353,-2.2763424,-0.39934993,-0.0009075542,-2.3985634e-05,0.0,-0.66756696,0.36262143,0.024247186,0.011766756,0.0,25.065329,18.656229,-0.014863099,-0.00013162417,0.0022256072,-0.013019655,-0.011827919,-0.015578888,-0.00022670098,0.0031299363,0.0009141169,0.0019891183,0.635514,0.0035617352,0.0031299363,0.00451599,0.0036350826,1.2423348,0.99104655,0.9896824,0.9986235,18.849716,-2.0428686,-2.5981965,0.05072534,0.0011698519,0.00027171941,1.0,-0.7104787,0.41556272,0.02096459,0.015228336,0.0,30.9255,14.870939,-0.011979596,-0.011430358,-0.012947469,-0.01229756,-0.0041888393,-0.014930688,0.0032176916,0.0055797696,0.0014918387,0.0008702393,0.73263437,0.004916085,0.015583864,0.0059861415,0.004480095,1.3361639,0.9894486,0.9922814,1.0028629,16.820992,-2.7552416,-1.6562799,-2.4509408,0.000865364,-0.013217315,1.0,-0.42208165,0.6812858,0.017420236,0.021040028,1.0,37.0892,46.073586,-0.0144008305,-0.00062157144,0.0021423204,-0.005292658,-0.0005059595,0.005553435,-0.003036525,0.0059284535,0.0007952804,0.0020966483,0.35365853,0.007977564,0.0059284535,0.0042096777,0.004252248,0.9899888,1.0044438,1.0140593,1.009573,11.446158,0.6926501,1.0782119,-0.465526,-0.0005783857,-0.0013421656,0.0,0.05165164,1.0144275,0.06802006,0.027277509,0.03074243,1.0,56.61522,70.06173,0.01207323
6536,-0.00038901225,-0.0018776043,-0.0038687035,-0.0040003275,-0.016151818,-0.0003156751,0.0011966289,1.4682563e-05,0.0008662712,0.72392637,0.0019828307,0.0012553592,0.0008003696,0.0028915154,0.27679935,0.9940816,0.9894775,0.9953685,39.435513,-1.0414747,-1.9822272,0.14176284,-0.002490747,-0.0001580054,0.0,-0.4089938,0.48282295,0.02573944,0.008036167,0.0,24.47449,9.97867,-0.0040287497,0.5,1.2246469e-16,-1.0,0.0,1.0,0.0,0.0,0.0,0.0,0.0,-0.0019910992,-0.002173906,-0.0021592826,-0.015010755,-0.013819018,-0.0018611876,0.0025206637,0.0003370655,0.00032241046,0.12790698,0.002778228,0.0025206637,0.004430383,0.0031968614,1.385854,0.99144274,0.9884929,0.99702466,27.24261,-1.6968353,-2.2763424,-0.39934993,-0.0009075542,-2.3985634e-05,0.0,-0.66756696,0.36262143,0.024247186,0.011766756,0.0,25.065329,18.656229,-0.014863099,-0.00013162417,0.0022256072,-0.013019655,-0.011827919,-0.015578888,-0.00022670098,0.0031299363,0.0009141169,0.0019891183,0.635514,0.0035617352,0.0031299363,0.00451599,0.0036350826,1.2423348,0.99104655,0.9896824,0.9986235,18.849716,-2.0428686,-2.5981965,0.05072534,0.0011698519,0.00027171941,1.0,-0.7104787,0.41556272,0.02096459,0.015228336,0.0,30.9255,14.870939,-0.011979596,-0.011430358,-0.012947469,-0.01229756,-0.0041888393,-0.014930688,0.0032176916,0.0055797696,0.0014918387,0.0008702393,0.73263437,0.004916085,0.015583864,0.0059861415,0.004480095,1.3361639,0.9894486,0.9922814,1.0028629,16.820992,-2.7552416,-1.6562799,-2.4509408,0.000865364,-0.013217315,1.0,-0.42208165,0.6812858,0.017420236,0.021040028,1.0,37.0892,46.073586,-0.0144008305,-0.00062157144,0.0021423204,-0.005292658,-0.0005059595,0.005553435,-0.003036525,0.0059284535,0.0007952804,0.0020966483,0.35365853,0.007977564,0.0059284535,0.0042096777,0.004252248,0.9899888,1.0044438,1.0140593,1.009573,11.446158,0.6926501,1.0782119,-0.465526,-0.0005783857,-0.0013421656,0.0,0.05165164,1.0144275,0.06802006,0.027277509,0.03074243,1.0,56.61522,70.06173,0.01207323
6537,5.138765e-05,-0.0003376246,-0.0027929805,-0.0041682753,-0.01587647,0.00025693164,0.000844204,0.0005138633,7.340904e-05,0.39130434,0.0019014055,0.000844204,0.00073586387,0.0028701765,0.2563828,0.9946885,0.9899349,0.99522096,40.555523,-0.94674045,-1.8659035,0.31171596,-0.0022947774,-0.00014410386,0.0,-0.3423339,0.56235486,0.02459979,0.007592046,0.0,24.735685,10.741009,-0.0046034795,0.53846157,-0.23931566,-0.97094184,0.0,1.0,0.0,0.0,0.0,0.0,0.0,-0.0018776043,-0.0038687035,-0.0040003275,-0.016151818,-0.01691723,-0.0016444471,0.0025107183,0.0,0.0008662712,0.34502923,0.0027807485,0.0027456393,0.004426053,0.0032050826,1.3809481,0.9905657,0.98715585,0.9965577,29.406874,-1.7246754,-2.4147708,-0.33745545,-0.0025361134,-0.00025181237,0.0,-0.54412985,0.5017205,0.026335154,0.011712078,0.0,22.88743,12.525953,-0.015851457,-0.0038687035,-0.0040003275,-0.015299061,-0.016816173,-0.020289624,-0.0037440537,0.0049480237,0.00033769896,0.0008662712,0.17507419,0.0036735756,0.0049480237,0.0045664175,0.0035873088,1.2729369,0.98842293,0.98640794,0.99796134,20.594751,-2.2381747,-3.0171318,-0.8845642,-0.0024240646,-0.00027699716,0.0,-0.7352105,0.41964698,0.024741415,0.015716387,0.0,26.872478,14.514088,-0.015801681,-0.011430358,-0.012947469,-0.01229756,-0.0041888393,-0.014930688,0.0032176916,0.0055797696,0.0014918387,0.0008702393,0.73263437,0.004916085,0.015583864,0.0059861415,0.004480095,1.3361639,0.9894486,0.9922814,1.0028629,16.820992,-2.7552416,-1.6562799,-2.4509408,0.000865364,-0.013217315,1.0,-0.42208165,0.6812858,0.017420236,0.021040028,1.0,37.0892,46.073586,-0.0144008305,-0.00062157144,0.0021423204,-0.005292658,-0.0005059595,0.005553435,-0.003036525,0.0059284535,0.0007952804,0.0020966483,0.35365853,0.007977564,0.0059284535,0.0042096777,0.004252248,0.9899888,1.0044438,1.0140593,1.009573,11.446158,0.6926501,1.0782119,-0.465526,-0.0005783857,-0.0013421656,0.0,0.05165164,1.0144275,0.06802006,0.027277509,0.03074243,1.0,56.61522,70.06173,0.01207323
6538,-0.0011899342,-0.0011385465,-0.0030161508,-0.0051900567,-0.016437609,-0.001117146,0.0012788381,5.1447514e-05,0.00011024467,0.0862069,0.0018606135,0.0013008871,0.0007699316,0.0028645734,0.26877704,0.9941205,0.98919374,0.9950441,41.808086,-1.0531564,-1.9269271,-0.10074412,-0.0033991244,-8.871832e-05,0.0,-0.5364373,0.28127742,0.023181146,0.0073727486,0.0,22.772823,10.083735,-0.0051256926,0.5769231,-0.46472317,-0.885456,0.0,1.0,0.0,0.0,0.0,0.0,0.0,-0.0018776043,-0.0038687035,-0.0040003275,-0.016151818,-0.01691723,-0.0016444471,0.0025107183,0.0,0.0008662712,0.34502923,0.0027807485,0.0027456393,0.004426053,0.0032050826,1.3809481,0.9905657,0.98715585,0.9965577,29.406874,-1.7246754,-2.4147708,-0.33745545,-0.0025361134,-0.00025181237,0.0,-0.54412985,0.5017205,0.026335154,0.011712078,0.0,22.88743,12.525953,-0.015851457,-0.0038687035,-0.0040003275,-0.015299061,-0.016816173,-0.020289624,-0.0037440537,0.0049480237,0.00033769896,0.0008662712,0.17507419,0.0036735756,0.0049480237,0.0045664175,0.0035873088,1.2729369,0.98842293,0.98640794,0.99796134,20.594751,-2.2381747,-3.0171318,-0.8845642,-0.0024240646,-0.00027699716,0.0,-0.7352105,0.41964698,0.024741415,0.015716387,0.0,26.872478,14.514088,-0.015801681,-0.011430358,-0.012947469,-0.01229756,-0.0041888393,-0.014930688,0.0032176916,0.0055797696,0.0014918387,0.0008702393,0.73263437,0.004916085,0.015583864,0.0059861415,0.004480095,1.3361639,0.9894486,0.9922814,1.0028629,16.820992,-2.7552416,-1.6562799,-2.4509408,0.000865364,-0.013217315,1.0,-0.42208165,0.6812858,0.017420236,0.021040028,1.0,37.0892,46.073586,-0.0144008305,-0.00062157144,0.0021423204,-0.005292658,-0.0005059595,0.005553435,-0.003036525,0.0059284535,0.0007952804,0.0020966483,0.35365853,0.007977564,0.0059284535,0.0042096777,0.004252248,0.9899888,1.0044438,1.0140593,1.009573,11.446158,0.6926501,1.0782119,-0.465526,-0.0005783857,-0.0013421656,0.0,0.05165164,1.0144275,0.06802006,0.027277509,0.03074243,1.0,56.61522,70.06173,0.01207323
6539,-0.0017433846,-0.0029333187,-0.0032709434,-0.0058141407,-0.0059824814,-0.0016050183,0.0018185299,0.0001914242,2.2087408e-05,0.012145749,0.0018606222,0.0018185299,0.0008113071,0.0028595508,0.28371838,0.99310875,0.9879561,0.99481165,43.29597,-1.2780685,-2.0431018,-0.26158413,-0.0048833136,-0.00026528075,0.0,-0.2788172,0.62189263,0.02139111,0.007374995,0.0,20.242128,5.545016,-0.007076437,0.61538464,-0.66312265,-0.7485108,0.0,1.0,0.0,0.0,0.0,0.0,0.0,-0.0011385465,-0.0030161508,-0.0051900567,-0.016437609,-0.017954718,-0.0009334049,0.0018153623,0.0007717127,0.00011024467,0.060728744,0.002714734,0.0018153623,0.00434373,0.0032002055,1.3573284,0.99043477,0.986573,0.9961009,31.474762,-1.6472572,-2.408226,-0.089127496,-0.00340314,-0.00027404944,0.0,-0.5242938,0.49902922,0.028263545,0.01130028,0.0,21.660261,5.418661,-0.017865393,-0.0038687035,-0.0040003275,-0.015299061,-0.016816173,-0.020289624,-0.0037440537,0.0049480237,0.00033769896,0.0008662712,0.17507419,0.0036735756,0.0049480237,0.0045664175,0.0035873088,1.2729369,0.98842293,0.98640794,0.99796134,20.594751,-2.2381747,-3.0171318,-0.8845642,-0.0024240646,-0.00027699716,0.0,-0.7352105,0.41964698,0.024741415,0.015716387,0.0,26.872478,14.514088,-0.015801681,-0.011430358,-0.012947469,-0.01229756,-0.0041888393,-0.014930688,0.0032176916,0.0055797696,0.0014918387,0.0008702393,0.73263437,0.004916085,0.015583864,0.0059861415,0.004480095,1.3361639,0.9894486,0.9922814,1.0028629,16.820992,-2.7552416,-1.6562799,-2.4509408,0.000865364,-0.013217315,1.0,-0.42208165,0.6812858,0.017420236,0.021040028,1.0,37.0892,46.073586,-0.0144008305,-0.00062157144,0.0021423204,-0.005292658,-0.0005059595,0.005553435,-0.003036525,0.0059284535,0.0007952804,0.0020966483,0.35365853,0.007977564,0.0059284535,0.0042096777,0.004252248,0.9899888,1.0044438,1.0140593,1.009573,11.446158,0.6926501,1.0782119,-0.465526,-0.0005783857,-0.0013421656,0.0,0.05165164,1.0144275,0.06802006,0.027277509,0.03074243,1.0,56.61522,70.06173,0.01207323
6540,-0.00057443755,-0.002317822,-0.0034563686,-0.0073250723,-0.005099465,-0.00052303565,0.0018048414,0.00025783447,0.0010239712,0.56734693,0.0018576307,0.0018048414,0.0007910693,0.0028610036,0.2765006,0.99324423,0.9878773,0.9945966,44.94449,-1.3392843,-1.99318,0.14189836,-0.0051444145,-0.00031458965,0.0,-0.24812382,0.6562819,0.019215612,0.007364007,0.0,19.475061,4.098188,-0.007479765,0.65384614,-0.82298386,-0.56806475,0.0,1.0,0.0,0.0,0.0,0.0,0.0,-0.0011385465,-0.0030161508,-0.0051900567,-0.016437609,-0.017954718,-0.0009334049,0.0018153623,0.0007717127,0.00011024467,0.060728744,0.002714734,0.0018153623,0.00434373,0.0032002055,1.3573284,0.99043477,0.986573,0.9961009,31.474762,-1.6472572,-2.408226,-0.089127496,-0.00340314,-0.00027404944,0.0,-0.5242938,0.49902922,0.028263545,0.01130028,0.0,21.660261,5.418661,-0.017865393,-0.0038687035,-0.0040003275,-0.015299061,-0.016816173,-0.020289624,-0.0037440537,0.0049480237,0.00033769896,0.0008662712,0.17507419,0.0036735756,0.0049480237,0.0045664175,0.0035873088,1.2729369,0.98842293,0.98640794,0.99796134,20.594751,-2.2381747,-3.0171318,-0.8845642,-0.0024240646,-0.00027699716,0.0,-0.7352105,0.41964698,0.024741415,0.015716387,0.0,26.872478,14.514088,-0.015801681,-0.011430358,-0.012947469,-0.01229756,-0.0041888393,-0.014930688,0.0032176916,0.0055797696,0.0014918387,0.0008702393,0.73263437,0.004916085,0.015583864,0.0059861415,0.004480095,1.3361639,0.9894486,0.9922814,1.0028629,16.820992,-2.7552416,-1.6562799,-2.4509408,0.000865364,-0.013217315,1.0,-0.42208165,0.6812858,0.017420236,0.021040028,1.0,37.0892,46.073586,-0.0144008305,-0.00062157144,0.0021423204,-0.005292658,-0.0005059595,0.005553435,-0.003036525,0.0059284535,0.0007952804,0.0020966483,0.35365853,0.007977564,0.0059284535,0.0042096777,0.004252248,0.9899888,1.0044438,1.0140593,1.009573,11.446158,0.6926501,1.0782119,-0.465526,-0.0005783857,-0.0013421656,0.0,0.05165164,1.0144275,0.06802006,0.027277509,0.03074243,1.0,56.61522,70.06173,0.01207323
6541,-0.0003389256,-0.0009133632,-0.003846682,-0.0066396627,-0.004595174,-0.0004937362,0.0015033161,0.00064112013,0.00036845985,0.24509804,0.0018329072,0.0015033161,0.0007891659,0.0028595189,0.27597857,0.9935788,0.98802525,0.9944106,46.463303,-1.444806,-1.917937,0.22634298,-0.005212838,-0.00027081816,0.0,-0.22090492,0.676232,0.016045459,0.0072376234,0.0,19.017368,5.941389,-0.0067049246,0.6923077,-0.9350162,-0.3546049,0.0,1.0,0.0,0.0,0.0,0.0,0.0,-0.002317822,-0.0034563686,-0.0073250723,-0.005099465,-0.020113714,-0.002180543,0.0033960484,0.00019153419,0.0010239712,0.30151844,0.002769249,0.0033960484,0.0043293643,0.0032154112,1.3464419,0.989259,0.98489577,0.9955894,33.83693,-1.7021598,-2.5536335,-0.42717528,-0.005138714,-0.00058945507,0.0,-0.26570818,0.7396326,0.030547028,0.011541521,0.0,19.385445,3.1532495,-0.019417195,-0.0034563686,-0.0073250723,-0.005099465,-0.019246938,-0.022212531,-0.0032560811,0.005053556,0.00077350345,0.0010239712,0.2026239,0.0037839564,0.005053556,0.004573456,0.0036401318,1.2563986,0.9864205,0.98366,0.9972015,22.69116,-2.2497046,-3.193319,-0.72132367,-0.004965947,-0.00092341617,0.0,-0.59368557,0.56089556,0.029248515,0.016193984,0.0,23.87317,9.319241,-0.018970737,-0.011430358,-0.012947469,-0.01229756,-0.0041888393,-0.014930688,0.0032176916,0.0055797696,0.0014918387,0.0008702393,0.73263437,0.004916085,0.015583864,0.0059861415,0.004480095,1.3361639,0.9894486,0.9922814,1.0028629,16.820992,-2.7552416,-1.6562799,-2.4509408,0.000865364,-0.013217315,1.0,-0.42208165,0.6812858,0.017420236,0.021040028,1.0,37.0892,46.073586,-0.0144008305,-0.00062157144,0.0021423204,-0.005292658,-0.0005059595,0.005553435,-0.003036525,0.0059284535,0.0007952804,0.0020966483,0.35365853,0.007977564,0.0059284535,0.0042096777,0.004252248,0.9899888,1.0044438,1.0140593,1.009573,11.446158,0.6926501,1.0782119,-0.465526,-0.0005783857,-0.0013421656,0.0,0.05165164,1.0144275,0.06802006,0.027277509,0.03074243,1.0,56.61522,70.06173,0.01207323
6542,-0.00068557024,-0.0010244958,-0.0033423179,-0.006358469,-0.0085177515,-0.0005235718,0.00097340107,0.0,0.0004498293,0.46212122,0.0017842692,0.0011356346,0.00055301527,0.0028591736,0.19341788,0.9935699,0.98783827,0.9942312,48.002316,-1.8936975,-1.890035,0.106123686,-0.00552903,-0.00037099852,0.0,0.4878633,1.2698579,0.011605882,0.00698544,0.0,18.09164,7.3543816,-0.008314807,0.7307692,-0.99270886,-0.12053668,0.0,1.0,0.0,0.0,0.0,0.0,0.0,-0.002317822,-0.0034563686,-0.0073250723,-0.005099465,-0.020113714,-0.002180543,0.0033960484,0.00019153419,0.0010239712,0.30151844,0.002769249,0.0033960484,0.0043293643,0.0032154112,1.3464419,0.989259,0.98489577,0.9955894,33.83693,-1.7021598,-2.5536335,-0.42717528,-0.005138714,-0.00058945507,0.0,-0.26570818,0.7396326,0.030547028,0.011541521,0.0,19.385445,3.1532495,-0.019417195,-0.0034563686,-0.0073250723,-0.005099465,-0.019246938,-0.022212531,-0.0032560811,0.005053556,0.00077350345,0.0010239712,0.2026239,0.0037839564,0.005053556,0.004573456,0.0036401318,1.2563986,0.9864205,0.98366,0.9972015,22.69116,-2.2497046,-3.193319,-0.72132367,-0.004965947,-0.00092341617,0.0,-0.59368557,0.56089556,0.029248515,0.016193984,0.0,23.87317,9.319241,-0.018970737,-0.011430358,-0.012947469,-0.01229756,-0.0041888393,-0.014930688,0.0032176916,0.0055797696,0.0014918387,0.0008702393,0.73263437,0.004916085,0.015583864,0.0059861415,0.004480095,1.3361639,0.9894486,0.9922814,1.0028629,16.820992,-2.7552416,-1.6562799,-2.4509408,0.000865364,-0.013217315,1.0,-0.42208165,0.6812858,0.017420236,0.021040028,1.0,37.0892,46.073586,-0.0144008305,-0.00062157144,0.0021423204,-0.005292658,-0.0005059595,0.005553435,-0.003036525,0.0059284535,0.0007952804,0.0020966483,0.35365853,0.007977564,0.0059284535,0.0042096777,0.004252248,0.9899888,1.0044438,1.0140593,1.009573,11.446158,0.6926501,1.0782119,-0.465526,-0.0005783857,-0.0013421656,0.0,0.05165164,1.0144275,0.06802006,0.027277509,0.03074243,1.0,56.61522,70.06173,0.01207323
6543,-0.00026550828,-0.0009510785,-0.0018644417,-0.005135385,-0.009411869,-9.589071e-05,0.0017407853,0.0008261354,0.0008187592,0.47033897,0.0017816032,0.0017407853,0.00057573704,0.0011019835,0.5224553,0.9939398,0.9880574,0.99408174,49.534966,-1.7142498,-1.8151413,0.11509963,-0.0053357393,-0.00045764964,0.0,2.0928671,1.8423989,0.012532293,0.0069849943,0.0,17.731815,6.5458865,-0.007562004,0.7692308,-0.99270886,0.12053668,0.0,1.0,0.0,0.0,0.0,0.0,0.0,-0.0010244958,-0.0033423179,-0.006358469,-0.0085177515,-0.020271434,-0.0011798801,0.0022712692,0.0006415598,0.0004498293,0.19805194,0.0027363147,0.0022712692,0.0043248185,0.0032027394,1.3503498,0.98935354,0.98450935,0.99510366,36.085457,-1.6032697,-2.4891825,-0.0048775445,-0.0055278195,-0.00063725136,0.0,-0.13883778,0.8603339,0.032478765,0.011318278,0.0,18.463942,2.3010886,-0.019585587,-0.0034563686,-0.0073250723,-0.005099465,-0.019246938,-0.022212531,-0.0032560811,0.005053556,0.00077350345,0.0010239712,0.2026239,0.0037839564,0.005053556,0.004573456,0.0036401318,1.2563986,0.9864205,0.98366,0.9972015,22.69116,-2.2497046,-3.193319,-0.72132367,-0.004965947,-0.00092341617,0.0,-0.59368557,0.56089556,0.029248515,0.016193984,0.0,23.87317,9.319241,-0.018970737,-0.011430358,-0.012947469,-0.01229756,-0.0041888393,-0.014930688,0.0032176916,0.0055797696,0.0014918387,0.0008702393,0.73263437,0.004916085,0.015583864,0.0059861415,0.004480095,1.3361639,0.9894486,0.9922814,1.0028629,16.820992,-2.7552416,-1.6562799,-2.4509408,0.000865364,-0.013217315,1.0,-0.42208165,0.6812858,0.017420236,0.021040028,1.0,37.0892,46.073586,-0.0144008305,-0.00062157144,0.0021423204,-0.005292658,-0.0005059595,0.005553435,-0.003036525,0.0059284535,0.0007952804,0.0020966483,0.35365853,0.007977564,0.0059284535,0.0042096777,0.004252248,0.9899888,1.0044438,1.0140593,1.009573,11.446158,0.6926501,1.0782119,-0.465526,-0.0005783857,-0.0013421656,0.0,0.05165164,1.0144275,0.06802006,0.027277509,0.03074243,1.0,56.61522,70.06173,0.01207323
6544,4.4256274e-05,-0.00022125199,-0.0012457479,-0.0047021164,-0.008702444,0.00021390058,0.00078184356,0.00036141824,0.00020652471,0.5377358,0.0017101186,0.00078184356,0.0006221153,0.001076456,0.57792914,0.9945536,0.9885624,0.993976,50.95814,-1.5013926,-1.7135819,0.33583993,-0.005029549,-0.0002603219,0.0,0.62359,1.2319205,0.013367023,0.006617322,0.0,18.024452,6.9380608,-0.0065581216,0.8076923,-0.9350162,0.3546049,0.0,1.0,0.0,0.0,0.0,0.0,0.0,-0.0010244958,-0.0033423179,-0.006358469,-0.0085177515,-0.020271434,-0.0011798801,0.0022712692,0.0006415598,0.0004498293,0.19805194,0.0027363147,0.0022712692,0.0043248185,0.0032027394,1.3503498,0.98935354,0.98450935,0.99510366,36.085457,-1.6032697,-2.4891825,-0.0048775445,-0.0055278195,-0.00063725136,0.0,-0.13883778,0.8603339,0.032478765,0.011318278,0.0,18.463942,2.3010886,-0.019585587,-0.0034563686,-0.0073250723,-0.005099465,-0.019246938,-0.022212531,-0.0032560811,0.005053556,0.00077350345,0.0010239712,0.2026239,0.0037839564,0.005053556,0.004573456,0.0036401318,1.2563986,0.9864205,0.98366,0.9972015,22.69116,-2.2497046,-3.193319,-0.72132367,-0.004965947,-0.00092341617,0.0,-0.59368557,0.56089556,0.029248515,0.016193984,0.0,23.87317,9.319241,-0.018970737,-0.011430358,-0.012947469,-0.01229756,-0.0041888393,-0.014930688,0.0032176916,0.0055797696,0.0014918387,0.0008702393,0.73263437,0.004916085,0.015583864,0.0059861415,0.004480095,1.3361639,0.9894486,0.9922814,1.0028629,16.820992,-2.7552416,-1.6562799,-2.4509408,0.000865364,-0.013217315,1.0,-0.42208165,0.6812858,0.017420236,0.021040028,1.0,37.0892,46.073586,-0.0144008305,-0.00062157144,0.0021423204,-0.005292658,-0.0005059595,0.005553435,-0.003036525,0.0059284535,0.0007952804,0.0020966483,0.35365853,0.007977564,0.0059284535,0.0042096777,0.004252248,0.9899888,1.0044438,1.0140593,1.009573,11.446158,0.6926501,1.0782119,-0.465526,-0.0005783857,-0.0013421656,0.0,0.05165164,1.0144275,0.06802006,0.027277509,0.03074243,1.0,56.61522,70.06173,0.01207323
6545,-0.0013211552,-0.001276899,-0.0022279776,-0.0060746595,-0.010242934,-0.0010930737,0.001248172,0.00012555577,2.9542534e-05,0.02366864,0.0016866074,0.001351571,0.0005991036,0.0010939102,0.5476717,0.99388033,0.9877508,0.9938327,52.435658,-1.6474841,-1.7700268,-0.89586675,-0.0059316643,-0.0004238669,0.0,2.2757282,1.9005328,0.014516239,0.0065099006,0.0,16.175817,5.5330963,-0.0063917693,0.84615386,-0.82298386,0.56806475,0.0,1.0,0.0,0.0,0.0,0.0,1.0,-0.00022125199,-0.0012457479,-0.0047021164,-0.008702444,-0.022045128,-5.1631177e-05,0.0017407082,0.00082609884,0.0008629782,0.4957627,0.002665762,0.0017407082,0.0013743055,0.0031659293,0.43409228,0.9901593,0.98489827,0.99468666,38.25258,-1.4489645,-2.3310065,0.2715523,-0.0050308215,-0.0007153838,0.0,0.09387553,1.0941982,0.033600662,0.010905739,0.0,18.262169,3.3599072,-0.0063251248,-0.0012457479,-0.0047021164,-0.008702444,-0.021554383,-0.02453123,-0.0014014177,0.0029060976,0.00064170174,0.0008629782,0.2969543,0.003725632,0.0029060976,0.004458787,0.003357452,1.328027,0.98658377,0.9831126,0.9964816,24.768328,-2.0161521,-3.0041575,-0.028454421,-0.0049171294,-0.001293488,0.0,-0.18634623,0.86042017,0.032837823,0.01577705,0.0,22.884115,3.9672608,-0.021288423,-0.011430358,-0.012947469,-0.01229756,-0.0041888393,-0.014930688,0.0032176916,0.0055797696,0.0014918387,0.0008702393,0.73263437,0.004916085,0.015583864,0.0059861415,0.004480095,1.3361639,0.9894486,0.9922814,1.0028629,16.820992,-2.7552416,-1.6562799,-2.4509408,0.000865364,-0.013217315,1.0,-0.42208165,0.6812858,0.017420236,0.021040028,1.0,37.0892,46.073586,-0.0144008305,-0.00062157144,0.0021423204,-0.005292658,-0.0005059595,0.005553435,-0.003036525,0.0059284535,0.0007952804,0.0020966483,0.35365853,0.007977564,0.0059284535,0.0042096777,0.004252248,0.9899888,1.0044438,1.0140593,1.009573,11.446158,0.6926501,1.0782119,-0.465526,-0.0005783857,-0.0013421656,0.0,0.05165164,1.0144275,0.06802006,0.027277509,0.03074243,1.0,56.61522,70.06173,0.01207323
6546,0.00056115066,-0.0007600046,-0.0009812566,-0.0043235747,-0.009513631,0.00042812643,0.0017715576,0.0011219865,0.0002214447,0.36666667,0.0016917967,0.0017715576,0.0007088447,0.0007394534,0.95860636,0.99496526,0.98875874,0.9937621,53.35306,-1.341558,-1.6196549,1.4011716,-0.0049483255,-0.00041678114,0.0,2.548217,2.1842778,0.014799346,0.0065614847,0.0,19.930735,5.00286,-0.005447231,0.88461536,-0.66312265,0.7485108,0.0,1.0,0.0,0.0,0.0,0.0,1.0,-0.00022125199,-0.0012457479,-0.0047021164,-0.008702444,-0.022045128,-5.1631177e-05,0.0017407082,0.00082609884,0.0008629782,0.4957627,0.002665762,0.0017407082,0.0013743055,0.0031659293,0.43409228,0.9901593,0.98489827,0.99468666,38.25258,-1.4489645,-2.3310065,0.2715523,-0.0050308215,-0.0007153838,0.0,0.09387553,1.0941982,0.033600662,0.010905739,0.0,18.262169,3.3599072,-0.0063251248,-0.0012457479,-0.0047021164,-0.008702444,-0.021554383,-0.02453123,-0.0014014177,0.0029060976,0.00064170174,0.0008629782,0.2969543,0.003725632,0.0029060976,0.004458787,0.003357452,1.328027,0.98658377,0.9831126,0.9964816,24.768328,-2.0161521,-3.0041575,-0.028454421,-0.0049171294,-0.001293488,0.0,-0.18634623,0.86042017,0.032837823,0.01577705,0.0,22.884115,3.9672608,-0.021288423,-0.011430358,-0.012947469,-0.01229756,-0.0041888393,-0.014930688,0.0032176916,0.0055797696,0.0014918387,0.0008702393,0.73263437,0.004916085,0.015583864,0.0059861415,0.004480095,1.3361639,0.9894486,0.9922814,1.0028629,16.820992,-2.7552416,-1.6562799,-2.4509408,0.000865364,-0.013217315,1.0,-0.42208165,0.6812858,0.017420236,0.021040028,1.0,37.0892,46.073586,-0.0144008305,-0.00062157144,0.0021423204,-0.005292658,-0.0005059595,0.005553435,-0.003036525,0.0059284535,0.0007952804,0.0020966483,0.35365853,0.007977564,0.0059284535,0.0042096777,0.004252248,0.9899888,1.0044438,1.0140593,1.009573,11.446158,0.6926501,1.0782119,-0.465526,-0.0005783857,-0.0013421656,0.0,0.05165164,1.0144275,0.06802006,0.027277509,0.03074243,1.0,56.61522,70.06173,0.01207323
6547,-0.00056115066,0.0,-0.001276899,-0.0031413406,-0.008955481,-0.0007016352,0.0015657543,0.00036189603,0.0005022231,0.3207547,0.0016836755,0.0015657543,0.00067722675,0.00069235853,0.97814465,0.99493706,0.98866135,0.9936924,54.289944,-1.3470881,-1.6031532,-0.038581576,-0.004897546,-0.00061149435,0.0,3.2917845,3.1496816,0.0148163345,0.0065363916,0.0,19.013506,3.9540722,-0.006056246,0.9230769,-0.46472317,0.885456,0.0,1.0,0.0,0.0,0.0,0.0,1.0,-0.0007600046,-0.0009812566,-0.0043235747,-0.009513631,-0.022314386,-0.0005314673,0.0017715576,0.0005905192,0.0006495711,0.36666667,0.0026037723,0.0017715576,0.000872345,0.0031586152,0.27617958,0.9904062,0.9847621,0.9943012,40.333908,-1.3755093,-2.2685795,0.11204596,-0.00497062,-0.0008195706,0.0,0.4533912,1.438834,0.03438419,0.010549478,0.0,17.552935,2.801721,-0.009454035,-0.0012457479,-0.0047021164,-0.008702444,-0.021554383,-0.02453123,-0.0014014177,0.0029060976,0.00064170174,0.0008629782,0.2969543,0.003725632,0.0029060976,0.004458787,0.003357452,1.328027,0.98658377,0.9831126,0.9964816,24.768328,-2.0161521,-3.0041575,-0.028454421,-0.0049171294,-0.001293488,0.0,-0.18634623,0.86042017,0.032837823,0.01577705,0.0,22.884115,3.9672608,-0.021288423,-0.011430358,-0.012947469,-0.01229756,-0.0041888393,-0.014930688,0.0032176916,0.0055797696,0.0014918387,0.0008702393,0.73263437,0.004916085,0.015583864,0.0059861415,0.004480095,1.3361639,0.9894486,0.9922814,1.0028629,16.820992,-2.7552416,-1.6562799,-2.4509408,0.000865364,-0.013217315,1.0,-0.42208165,0.6812858,0.017420236,0.021040028,1.0,37.0892,46.073586,-0.0144008305,-0.00062157144,0.0021423204,-0.005292658,-0.0005059595,0.005553435,-0.003036525,0.0059284535,0.0007952804,0.0020966483,0.35365853,0.007977564,0.0059284535,0.0042096777,0.004252248,0.9899888,1.0044438,1.0140593,1.009573,11.446158,0.6926501,1.0782119,-0.465526,-0.0005783857,-0.0013421656,0.0,0.05165164,1.0144275,0.06802006,0.027277509,0.03074243,1.0,56.61522,70.06173,0.01207323
6548,0.0009891855,0.0004280348,-0.00033196982,-0.0015777176,-0.00890279,0.0010182097,0.0015937196,0.0,0.00057550985,1.0,0.0016757043,0.0015937196,0.0008071139,0.0007703499,1.0477237,0.9963087,0.9900421,0.99371016,55.18181,-0.9883005,-1.4253244,1.8704567,-0.0030215583,-0.0008790174,0.0,3.7911646,5.2482324,0.014484881,0.006515162,0.0,25.521696,10.263007,-0.003887962,0.96153843,-0.23931566,0.97094184,0.0,1.0,0.0,0.0,0.0,0.0,1.0,-0.0007600046,-0.0009812566,-0.0043235747,-0.009513631,-0.022314386,-0.0005314673,0.0017715576,0.0005905192,0.0006495711,0.36666667,0.0026037723,0.0017715576,0.000872345,0.0031586152,0.27617958,0.9904062,0.9847621,0.9943012,40.333908,-1.3755093,-2.2685795,0.11204596,-0.00497062,-0.0008195706,0.0,0.4533912,1.438834,0.03438419,0.010549478,0.0,17.552935,2.801721,-0.009454035,-0.0012457479,-0.0047021164,-0.008702444,-0.021554383,-0.02453123,-0.0014014177,0.0029060976,0.00064170174,0.0008629782,0.2969543,0.003725632,0.0029060976,0.004458787,0.003357452,1.328027,0.98658377,0.9831126,0.9964816,24.768328,-2.0161521,-3.0041575,-0.028454421,-0.0049171294,-0.001293488,0.0,-0.18634623,0.86042017,0.032837823,0.01577705,0.0,22.884115,3.9672608,-0.021288423,-0.011430358,-0.012947469,-0.01229756,-0.0041888393,-0.014930688,0.0032176916,0.0055797696,0.0014918387,0.0008702393,0.73263437,0.004916085,0.015583864,0.0059861415,0.004480095,1.3361639,0.9894486,0.9922814,1.0028629,16.820992,-2.7552416,-1.6562799,-2.4509408,0.000865364,-0.013217315,1.0,-0.42208165,0.6812858,0.017420236,0.021040028,1.0,37.0892,46.073586,-0.0144008305,-0.00062157144,0.0021423204,-0.005292658,-0.0005059595,0.005553435,-0.003036525,0.0059284535,0.0007952804,0.0020966483,0.35365853,0.007977564,0.0059284535,0.0042096777,0.004252248,0.9899888,1.0044438,1.0140593,1.009573,11.446158,0.6926501,1.0782119,-0.465526,-0.0005783857,-0.0013421656,0.0,0.05165164,1.0144275,0.06802006,0.027277509,0.03074243,1.0,56.61522,70.06173,0.01207323
6549,0.00036884853,0.001358034,0.001358034,-0.0008699435,-0.007509606,0.0,0.0,0.0,0.0,1.0,0.0015817787,0.00036878051,0.00067979237,0.0007778933,0.873889,0.9969918,0.99078,0.99376947,55.605255,-0.8078619,-1.3256488,1.0452508,-0.0026514262,-2.3657692e-07,0.0,-0.84708035,0.0024373273,0.013780401,0.0060329847,0.0,27.85153,17.222006,-0.0017817175,1.0,-2.4492937e-16,1.0,0.0,1.0,0.0,0.0,0.0,0.0,1.0,0.0004280348,-0.00033196982,-0.0015777176,-0.00890279,-0.02101252,0.00028775493,0.0016675029,7.378331e-05,0.0013059647,0.9557522,0.0025358615,0.0016675029,0.00093641167,0.0031706577,0.29533672,0.9916963,0.98575646,0.99401045,42.332897,-1.199292,-2.06934,0.4770639,-0.003069538,-0.0014643624,0.0,2.4463427,3.4235282,0.03446406,0.010175921,0.0,19.449984,4.4292617,-0.008993726,-0.00033196982,-0.0015777176,-0.00890279,-0.021922445,-0.022081235,-0.00010329664,0.0022872826,0.0005902665,0.0015937196,0.6967742,0.0036240413,0.0022872826,0.00448358,0.0033203326,1.3503407,0.98754895,0.9834501,0.99584955,26.824854,-1.7732792,-2.7471943,0.26868215,-0.0030578922,-0.0021814406,0.0,1.7762341,2.375441,0.035353288,0.015150558,0.0,22.61544,4.6219444,-0.02060932,-0.00890279,-0.020333149,-0.020954719,-0.018944057,-0.023653347,-0.008809728,0.010742851,0.00033940325,0.0015937196,0.14835165,0.0053731045,0.010742851,0.006393355,0.0048632156,1.3146353,0.9824867,0.98412377,1.0016663,18.782866,-3.1357558,-3.0418324,-1.6534513,-0.004271169,-0.0037678613,0.0,0.6544934,1.4935796,0.025480928,0.023298962,0.0,30.31053,26.190847,-0.023164632,-0.00062157144,0.0021423204,-0.005292658,-0.0005059595,0.005553435,-0.003036525,0.0059284535,0.0007952804,0.0020966483,0.35365853,0.007977564,0.0059284535,0.0042096777,0.004252248,0.9899888,1.0044438,1.0140593,1.009573,11.446158,0.6926501,1.0782119,-0.465526,-0.0005783857,-0.0013421656,0.0,0.05165164,1.0144275,0.06802006,0.027277509,0.03074243,1.0,56.61522,70.06173,0.01207323
