date,exit_mode,strategy_return,turnover
2018-01-02,rank_exit,-0.0005,1.0
2018-01-03,rank_exit,0.0053806862721559375,1.0
2018-01-04,rank_exit,0.012974161638262557,0.6666666666666667
2018-01-05,rank_exit,-0.004308884413106461,1.0
2018-01-08,rank_exit,0.021104545892317486,1.0
2018-01-09,rank_exit,-0.005173627357246446,1.0
2018-01-10,rank_exit,-0.0028718897057360597,1.0
2018-01-11,rank_exit,0.019310903112607098,1.0000000000000002
2018-01-12,rank_exit,0.010168694239082504,0.8888888888888891
2018-01-16,rank_exit,-0.012044744734903082,1.0
2018-01-17,rank_exit,0.007244333555397403,0.8222222222222223
2018-01-18,rank_exit,-0.0002682769963406476,1.0
2018-01-19,rank_exit,0.004828040084995693,0.7777777777777778
2018-01-22,rank_exit,0.005963627584025695,1.0
2018-01-23,rank_exit,0.02462130296305754,0.8888888888888888
2018-01-24,rank_exit,-0.004355785357276548,1.0
2018-01-25,rank_exit,-0.003864580899896182,1.0
2018-01-26,rank_exit,0.01273921545186763,1.0
2018-01-29,rank_exit,0.004614458234553141,0.9000000000000001
2018-01-30,rank_exit,-0.011815004563335221,0.9265151515151515
2018-01-31,rank_exit,-0.0204472309813108,0.9703153988868274
2018-02-01,rank_exit,-0.01891691811991307,0.8276643990929704
2018-02-02,rank_exit,-0.02604520888297213,0.7777777777777778
2018-02-05,rank_exit,-0.029219821898276623,0.9555555555555555
2018-02-06,rank_exit,-0.01791587459109966,0.788888888888889
2018-02-07,rank_exit,-0.0009739258672095403,0.8571428571428571
2018-02-08,rank_exit,-0.040198830785869374,0.7777777777777778
2018-02-09,rank_exit,-0.008288344175035824,0.9928571428571429
2018-02-12,rank_exit,0.010652621844896237,0.9222222222222223
2018-02-13,rank_exit,0.02078972137512806,0.9809523809523809
2018-02-14,rank_exit,0.023083447261739054,1.0000000000000002
2018-02-15,rank_exit,-0.00874322142924252,0.9249999999999999
2018-02-16,rank_exit,0.003779988922350332,0.8888888888888888
2018-02-20,rank_exit,-0.012824072389063596,0.7499999999999999
2018-02-21,rank_exit,0.0029617443155404164,0.7142857142857146
2018-02-22,rank_exit,-0.008225987939141295,0.8928571428571429
2018-02-23,rank_exit,-0.00224371229976876,0.9999999999999999
2018-02-26,rank_exit,0.0017489000742016802,1.0
2018-02-27,rank_exit,-0.0037590011226750018,0.7777777777777779
2018-02-28,rank_exit,0.0008831163533167199,0.8055555555555557
2018-03-01,rank_exit,-0.01082585808357471,0.6666666666666667
2018-03-02,rank_exit,0.005507548622832497,0.9444444444444444
2018-03-05,rank_exit,0.02790789683395148,1.0
2018-03-06,rank_exit,0.0032513499368869592,0.5555555555555556
2018-03-07,rank_exit,-0.016164119860509092,0.625
2018-03-08,rank_exit,0.014146975404528203,0.958333333333333
2018-03-09,rank_exit,0.0063181902331675335,0.875
2018-03-12,rank_exit,-0.006934284740967834,0.9999999999999998
2018-03-13,rank_exit,-0.018557940802142472,0.7142857142857144
2018-03-14,rank_exit,-0.029052151153191905,0.8888888888888892
2018-03-15,rank_exit,-0.004814833150206938,1.0
2018-03-16,rank_exit,0.013826115311796396,0.9166666666666669
2018-03-19,rank_exit,-0.009082991970563146,0.7499999999999999
2018-03-20,rank_exit,0.0005734303213257424,0.888888888888889
2018-03-21,rank_exit,0.018363780205451395,0.9444444444444445
2018-03-22,rank_exit,-0.005165157602312494,0.8819444444444445
2018-03-23,rank_exit,0.0019471243306487585,0.6700036075036077
2018-03-26,rank_exit,0.0102233218190627,0.8084094123698086
2018-03-27,rank_exit,-0.01006498246124724,0.7777777777777778
2018-03-28,rank_exit,-0.028868363092576906,1.0
2018-03-29,rank_exit,-0.009083907224967724,1.0
2018-04-02,rank_exit,-0.020817015936298307,0.7936507936507936
2018-04-03,rank_exit,0.009619587344216758,1.0
2018-04-04,rank_exit,0.01452471872612781,0.9559139784946237
2018-04-05,rank_exit,0.007676044708588984,1.0
2018-04-06,rank_exit,-0.019733480453191076,0.9238095238095237
2018-04-09,rank_exit,-0.008589690544376591,0.9039039039039038
2018-04-10,rank_exit,0.019386534485235064,1.0
2018-04-11,rank_exit,0.005422086530424709,1.0
2018-04-12,rank_exit,-0.0013082651355171603,0.9166666666666666
2018-04-13,rank_exit,0.009226467445606523,0.8888888888888888
2018-04-16,rank_exit,0.008321943605831605,1.0
2018-04-17,rank_exit,0.004875459615693376,0.9999999999999999
2018-04-18,rank_exit,0.0023124500296306093,0.9444444444444445
2018-04-19,rank_exit,-0.01175309363228748,1.0
2018-04-20,rank_exit,-0.011519511074084818,0.9999999999999999
2018-04-23,rank_exit,-0.005828744325931194,1.0
2018-04-24,rank_exit,-0.015705110434417323,0.9511111111111112
2018-04-25,rank_exit,-0.0009721311600100143,1.0355555555555556
2018-04-26,rank_exit,0.004743958073352159,1.0
2018-04-27,rank_exit,-0.0005629464164329803,0.7638888888888888
2018-04-30,rank_exit,-0.005690867129870689,1.0
2018-05-01,rank_exit,0.006309310242939463,0.8888888888888888
2018-05-02,rank_exit,-0.0034144154722167506,0.888888888888889
2018-05-03,rank_exit,-0.007381192855140891,0.9999999999999999
2018-05-04,rank_exit,0.009972331125085318,1.0
2018-05-07,rank_exit,0.0060006891943170096,0.5111111111111112
2018-05-08,rank_exit,0.011570001185594187,0.9388888888888889
2018-05-09,rank_exit,-0.0095676042337218,0.7743055555555556
2018-05-10,rank_exit,0.007768944139653783,1.00625
2018-05-11,rank_exit,-0.016210807049178988,1.0000000000000002
2018-05-14,rank_exit,-0.00017665452530364574,0.7499999999999999
2018-05-15,rank_exit,0.0018998658398754731,1.0
2018-05-16,rank_exit,0.03057683257887608,0.9999999999999999
2018-05-17,rank_exit,-0.0083789454810782,0.9999999999999999
2018-05-18,rank_exit,-0.00563825982808405,0.7777777777777778
2018-05-21,rank_exit,0.00036105574942331224,1.0000000000000002
2018-05-22,rank_exit,-0.02491212409122336,1.0
2018-05-23,rank_exit,-0.0022730913525356162,1.0
2018-05-24,rank_exit,0.0003209996185011843,0.6250000000000001
2018-05-25,rank_exit,-0.02281800294808356,1.0
2018-05-29,rank_exit,-0.01822213164780767,1.0
2018-05-30,rank_exit,0.013992437819049271,1.0
2018-05-31,rank_exit,-0.0008346281173184597,0.7555555555555556
2018-06-01,rank_exit,-0.0027196186016487755,0.9333333333333335
2018-06-04,rank_exit,0.00401035583506718,0.9999999999999999
2018-06-05,rank_exit,0.01606106081537217,0.8888888888888891
2018-06-06,rank_exit,0.016702690098809873,0.9285714285714286
2018-06-07,rank_exit,-0.018944149666902867,0.8482142857142857
2018-06-08,rank_exit,0.017414699989327286,0.7777777777777779
2018-06-11,rank_exit,0.01718536462215587,0.7777777777777777
2018-06-12,rank_exit,0.006147454901964684,0.9333333333333332
2018-06-13,rank_exit,0.0036407917528436078,0.5714285714285714
2018-06-14,rank_exit,0.017872160800675944,0.8888888888888891
2018-06-15,rank_exit,0.014761762592224214,0.4285714285714286
2018-06-18,rank_exit,0.005956427660307791,0.6999999999999998
2018-06-19,rank_exit,-0.008829432976210996,0.5714285714285714
2018-06-20,rank_exit,0.011285078894672805,0.8928571428571426
2018-06-21,rank_exit,-0.00907417122573112,0.6212121212121211
2018-06-22,rank_exit,-0.01134998036062451,0.9999999999999999
2018-06-25,rank_exit,-0.01938265902439574,0.8703703703703705
2018-06-26,rank_exit,-0.008199980962089841,0.875
2018-06-27,rank_exit,-0.004515566055501907,1.0
2018-06-28,rank_exit,0.0007111524548642689,0.666666666666667
2018-06-29,rank_exit,0.0003465574858233575,0.777777777777778
2018-07-02,rank_exit,-0.00977070447413153,0.9999999999999999
2018-07-03,rank_exit,-0.012011258171133743,0.8333333333333334
2018-07-05,rank_exit,0.004871668183398046,0.9999999999999999
2018-07-06,rank_exit,0.015843310400152855,1.0000000000000002
2018-07-09,rank_exit,0.0026671898123771776,1.0
2018-07-10,rank_exit,-0.00889112031243274,0.6703296703296704
2018-07-11,rank_exit,-0.009195574019537134,1.0000000000000002
2018-07-12,rank_exit,0.017343441657133557,0.7777777777777779
2018-07-13,rank_exit,-0.0036281456147145828,0.9333333333333336
2018-07-16,rank_exit,0.002721087360914452,0.9333333333333335
2018-07-17,rank_exit,0.007359428153618517,1.0
2018-07-18,rank_exit,0.002350543126498256,0.6636363636363636
2018-07-19,rank_exit,0.00045116688794638723,1.0
2018-07-20,rank_exit,-0.0009885047159612537,0.9999999999999999
2018-07-23,rank_exit,0.015220811862361044,1.0
2018-07-24,rank_exit,0.00169722050079149,0.9999999999999999
2018-07-25,rank_exit,0.020453640881000698,1.0
2018-07-26,rank_exit,-0.030040637503547477,1.0
2018-07-27,rank_exit,-0.023102998142050885,1.0
2018-07-30,rank_exit,-0.006063673506872039,1.0000000000000002
2018-07-31,rank_exit,0.0033897045749912624,0.8999999999999999
2018-08-01,rank_exit,-0.018576212445193085,1.0
2018-08-02,rank_exit,0.01612240288357662,1.0
2018-08-03,rank_exit,-0.000237518009980163,0.888888888888889
2018-08-06,rank_exit,0.005282125756862544,0.9999999999999998
2018-08-07,rank_exit,0.020444546689348198,1.0
2018-08-08,rank_exit,-0.01648845552023428,0.9583333333333333
2018-08-09,rank_exit,-0.009866070765102243,1.0
2018-08-10,rank_exit,-0.013723466102132872,0.7222222222222222
2018-08-13,rank_exit,-0.010979872962258934,0.9166666666666667
2018-08-14,rank_exit,0.022685159347631125,0.7301587301587301
2018-08-15,rank_exit,-0.0019208111325162403,0.9047619047619049
2018-08-16,rank_exit,-0.001483880488781255,0.5521541950113378
2018-08-17,rank_exit,0.006340238254749272,1.0
2018-08-20,rank_exit,-0.0008512210896887841,0.9523809523809524
2018-08-21,rank_exit,0.011050987560738797,1.0158730158730158
2018-08-22,rank_exit,-0.010064301224503745,0.9999999999999999
2018-08-23,rank_exit,0.010728347813611634,0.9247311827956989
2018-08-24,rank_exit,0.0641165217222672,0.7881944444444444
2018-08-27,rank_exit,0.0068398937867840525,0.9157062647754137
2018-08-28,rank_exit,0.013966031367012917,0.5088652482269503
2018-08-29,rank_exit,0.00808496583380849,0.7095959595959596
2018-08-30,rank_exit,-0.009715699134231192,0.8181818181818183
2018-08-31,rank_exit,-0.004182682699880674,1.0
2018-09-04,rank_exit,-0.0007527343162626507,1.0
2018-09-05,rank_exit,-0.03681283727551157,1.0
2018-09-06,rank_exit,-0.005831206333822369,1.0000000000000004
2018-09-07,rank_exit,0.016311353639556513,1.0
2018-09-10,rank_exit,-0.02426825895633502,1.0
2018-09-11,rank_exit,0.0008231261164399087,1.0
2018-09-12,rank_exit,-0.004252355336123805,0.9999999999999999
2018-09-13,rank_exit,0.0007811033959286595,1.0000000000000002
2018-09-14,rank_exit,-0.014109050557250135,1.0
2018-09-17,rank_exit,-0.003558030066613487,0.9999999999999999
2018-09-18,rank_exit,0.010620063631331276,0.4444444444444444
2018-09-19,rank_exit,0.019367368587489373,0.8538961038961039
2018-09-20,rank_exit,0.01265926174394136,0.914705882352941
2018-09-21,rank_exit,0.008170953172392406,0.7188502673796792
2018-09-24,rank_exit,-0.02157813114848701,0.8963414634146342
2018-09-25,rank_exit,0.004635599452749003,0.9380863039399624
2018-09-26,rank_exit,-0.017336754205179383,1.0000000000000002
2018-09-27,rank_exit,0.01075191425324842,0.89873417721519
2018-09-28,rank_exit,0.008570734735731866,0.7222222222222222
2018-10-01,rank_exit,0.005420462685668902,0.9374999999999998
2018-10-02,rank_exit,-0.006497598543030154,0.9999999999999999
2018-10-03,rank_exit,-0.0015385764524266333,0.6492450638792103
2018-10-04,rank_exit,-0.0031212813254470804,0.888888888888889
2018-10-05,rank_exit,0.0014425548502060884,1.0
2018-10-08,rank_exit,0.0039703696016336,0.9166666666666669
2018-10-09,rank_exit,-0.00015130850070281787,0.6944444444444446
2018-10-10,rank_exit,-0.02218101211557655,0.9285714285714285
2018-10-11,rank_exit,-0.0276673257785751,0.9999999999999999
2018-10-12,rank_exit,-0.009134247104995242,0.9523809523809526
2018-10-15,rank_exit,-0.006435612411172915,0.44444444444444453
2018-10-16,rank_exit,-0.016595453482950544,1.0
2018-10-17,rank_exit,0.001687707543686912,1.0
2018-10-18,rank_exit,-0.03003374339550163,0.9047619047619049
2018-10-19,rank_exit,-0.013398184142254115,0.9563492063492063
2018-10-22,rank_exit,-0.012462121630975894,0.8611111111111112
2018-10-23,rank_exit,-0.008802006071998242,0.8666666666666667
2018-10-24,rank_exit,-0.00795335002864014,1.0
2018-10-25,rank_exit,0.002426994094576554,0.8111111111111112
2018-10-26,rank_exit,-0.028450331911872014,0.9704678362573099
2018-10-29,rank_exit,0.00551951580898412,0.8888888888888888
2018-10-30,rank_exit,0.024631654038662784,0.5777777777777778
2018-10-31,rank_exit,0.0013221236286824,1.0166666666666666
2018-11-01,rank_exit,0.02023124030857049,1.0
2018-11-02,rank_exit,0.00261620657269624,0.7777777777777777
2018-11-05,rank_exit,0.020859559135161285,0.9444444444444444
2018-11-06,rank_exit,-0.03338770582127548,1.0000000000000002
2018-11-07,rank_exit,0.012937589699240025,0.8125
2018-11-08,rank_exit,-0.016242235588948054,1.0
2018-11-09,rank_exit,-0.006703973249567325,1.0
2018-11-12,rank_exit,-0.00505479334080174,0.9999999999999999
2018-11-13,rank_exit,-0.0060099221814670055,0.9722222222222222
2018-11-14,rank_exit,-0.008300192424049037,0.7222222222222222
2018-11-15,rank_exit,-0.004536132677591299,1.0
2018-11-16,rank_exit,0.004464000815773375,0.6666666666666667
2018-11-19,rank_exit,-0.005699064809140786,1.0
2018-11-20,rank_exit,-0.02068048692107253,1.0
2018-11-21,rank_exit,0.012142437695727558,1.0
2018-11-23,rank_exit,-0.032897574185122416,1.0
2018-11-26,rank_exit,0.00562864911875216,1.0
2018-11-27,rank_exit,-0.010192512988707356,0.8888888888888888
2018-11-28,rank_exit,0.0333167344040752,0.7777777777777777
2018-11-29,rank_exit,0.011564342470137157,1.0000000000000002
2018-11-30,rank_exit,0.005497289260601958,0.8392857142857142
2018-12-03,rank_exit,0.015974266863348976,0.9610389610389611
2018-12-04,rank_exit,-0.041627563475664146,0.8886138613861386
2018-12-06,rank_exit,-0.016070387353941697,0.9522952295229523
2018-12-07,rank_exit,-0.043028115288953526,1.0
2018-12-10,rank_exit,-0.03796427381820171,1.0
2018-12-11,rank_exit,0.003035004369976639,0.75
2018-12-12,rank_exit,-0.012043401933434795,0.7777777777777778
2018-12-13,rank_exit,-0.008556646041635165,1.0
2018-12-14,rank_exit,-0.013422932469765806,1.0
2018-12-17,rank_exit,-0.0357897261422253,0.773809523809524
2018-12-18,rank_exit,0.03008358321266822,1.0000000000000002
2018-12-19,rank_exit,-0.0680465949378121,1.0000000000000002
2018-12-20,rank_exit,-0.020358457920352124,0.5000000000000001
2018-12-21,rank_exit,-0.015681214669706196,0.8888888888888891
2018-12-24,rank_exit,0.00768803058690401,0.5378787878787881
2018-12-26,rank_exit,-0.012308368505131359,1.0
2018-12-27,rank_exit,0.0013316947499455753,1.0
2018-12-28,rank_exit,-0.0028055677614679275,1.0
2018-12-31,rank_exit,1.2703890212603913e-05,1.0
2019-01-02,rank_exit,-0.027938045307190934,0.9444444444444444
2019-01-03,rank_exit,-0.032843158121298274,0.9166666666666667
2019-01-04,rank_exit,0.017739113816840645,0.7777777777777777
2019-01-07,rank_exit,0.03151225474772717,1.0
2019-01-08,rank_exit,0.017678963697215506,0.8333333333333333
2019-01-09,rank_exit,0.012149917538759018,0.9444444444444444
2019-01-10,rank_exit,-0.003562924852254819,1.0
2019-01-11,rank_exit,0.004479536102522183,0.9999999999999999
2019-01-14,rank_exit,-0.019247784636050792,0.9999999999999998
2019-01-15,rank_exit,0.012678487564537901,1.0
2019-01-16,rank_exit,0.005018197252459439,1.0
2019-01-17,rank_exit,-0.010769535598443384,0.7857142857142858
2019-01-18,rank_exit,0.00828330188587124,0.6349206349206348
2019-01-22,rank_exit,-0.007123580269499571,0.7927927927927927
2019-01-23,rank_exit,0.0017007888830759498,0.49242424242424254
2019-01-24,rank_exit,0.0011871664239272344,1.0
2019-01-25,rank_exit,0.03580707846404453,1.0
2019-01-28,rank_exit,-0.015300726351592889,0.9404761904761905
2019-01-29,rank_exit,0.010854855104224811,1.0
2019-01-30,rank_exit,0.007642609883127341,0.7777777777777778
2019-01-31,rank_exit,0.004764381877939078,0.9999999999999998
2019-02-01,rank_exit,0.00041831948233667115,1.0
2019-02-04,rank_exit,0.015799204394354886,0.9999999999999999
2019-02-05,rank_exit,0.018056982600946184,0.7817460317460319
2019-02-06,rank_exit,0.0478950764124902,0.9110389610389612
2019-02-07,rank_exit,-0.012562531728806935,0.926396495071194
2019-02-08,rank_exit,0.00998455033746382,0.8822048758413936
2019-02-11,rank_exit,-0.019919198100767293,1.0
2019-02-12,rank_exit,0.005669907013343586,1.0000000000000002
2019-02-13,rank_exit,-0.013960456295285443,0.9999999999999999
2019-02-14,rank_exit,0.001222877532873638,1.0
2019-02-15,rank_exit,0.018789556097956076,0.9999999999999999
2019-02-19,rank_exit,-0.009606358985440284,0.9999999999999996
2019-02-20,rank_exit,0.013863380221670402,1.0
2019-02-21,rank_exit,-0.0297193774819947,0.8958333333333331
2019-02-22,rank_exit,0.013518704903159994,1.0120192307692308
2019-02-25,rank_exit,0.012470591924628557,1.0000000000000002
2019-02-26,rank_exit,0.009056613866734804,1.0
2019-02-27,rank_exit,-0.006592341401477718,0.7476190476190478
2019-02-28,rank_exit,-0.013462124396467323,0.6768939393939394
2019-03-01,rank_exit,0.014692384641885452,0.7524772349429456
2019-03-04,rank_exit,-0.024802977496409143,0.7163706231497281
2019-03-05,rank_exit,0.038124303161651774,0.9298245614035088
2019-03-06,rank_exit,-0.04600885432037635,0.8076923076923077
2019-03-07,rank_exit,-0.033510520605778235,0.7619047619047621
2019-03-08,rank_exit,0.004263726692700831,1.0031746031746032
2019-03-11,rank_exit,-0.00010518877899831722,0.6666666666666667
2019-03-12,rank_exit,0.003709873957013717,0.8319783197831979
2019-03-13,rank_exit,0.007493133881975429,1.0
2019-03-14,rank_exit,-0.002506393293484362,0.9999999999999999
2019-03-15,rank_exit,0.015316719146237702,1.0
2019-03-18,rank_exit,-0.008291706037556338,1.0
2019-03-19,rank_exit,-0.015680322375189553,1.0
2019-03-20,rank_exit,-0.002624840568466149,0.8888888888888888
2019-03-21,rank_exit,0.002713790265959756,1.0
2019-03-22,rank_exit,-0.03565732259272053,1.0000000000000002
2019-03-25,rank_exit,0.008338238839182843,1.0000000000000002
2019-03-26,rank_exit,0.008136232574394994,1.0
2019-03-27,rank_exit,-0.008775499049812552,0.8461538461538461
2019-03-28,rank_exit,0.007755936072257744,0.9999999999999999
2019-03-29,rank_exit,0.0033227126101052777,0.8015873015873018
2019-04-01,rank_exit,-0.012226309739613573,1.0
2019-04-02,rank_exit,0.0005191148713414185,1.0
2019-04-03,rank_exit,0.0014097599210158612,0.888888888888889
2019-04-04,rank_exit,0.007842513613729424,1.0
2019-04-05,rank_exit,0.003627877185567952,1.0
2019-04-08,rank_exit,-0.005048108443588842,0.7692307692307693
2019-04-09,rank_exit,-0.030249058934708868,0.90625
2019-04-10,rank_exit,-0.007878211527203253,0.8125000000000001
2019-04-11,rank_exit,-0.0003353602234696352,0.9886773671768072
2019-04-12,rank_exit,0.009371585738719636,1.013157894736842
2019-04-15,rank_exit,-0.00561183609511689,0.9393939393939394
2019-04-16,rank_exit,-0.0012950121166274016,0.9772727272727275
2019-04-17,rank_exit,0.013360476012220736,0.9111111111111111
2019-04-18,rank_exit,0.0011854390213277954,1.0166666666666666
2019-04-22,rank_exit,-0.003183101297846609,0.888888888888889
2019-04-23,rank_exit,0.002624467582617628,1.0
2019-04-24,rank_exit,0.0023817549901220627,1.0
2019-04-25,rank_exit,-0.010101132112162972,1.0
2019-04-26,rank_exit,0.01436517517608701,0.9999999999999999
2019-04-29,rank_exit,0.005856297628878689,0.8611111111111112
2019-04-30,rank_exit,-0.006758972353824503,1.0
2019-05-01,rank_exit,0.002045207477245884,0.9999999999999999
2019-05-02,rank_exit,0.0048224504104783135,1.0
2019-05-03,rank_exit,0.026246560690317375,0.9506172839506172
2019-05-06,rank_exit,-0.006023331698635897,0.832098765432099
2019-05-07,rank_exit,-0.01378877917044751,0.8666666666666669
2019-05-08,rank_exit,-0.013934180414551942,0.8333333333333331
2019-05-09,rank_exit,-0.00491268884371026,0.8888888888888891
2019-05-10,rank_exit,0.0021580589657225363,0.8461538461538463
2019-05-13,rank_exit,-0.00806824746607479,1.0392857142857144
2019-05-14,rank_exit,-0.00295536378863495,0.9636363636363638
2019-05-15,rank_exit,0.008064018447724086,1.0000000000000002
2019-05-16,rank_exit,0.017207352443165052,0.9287878787878788
2019-05-17,rank_exit,-0.0058107142905290945,0.8343434343434344
2019-05-20,rank_exit,-0.017205828173426006,0.8681818181818183
2019-05-21,rank_exit,0.005067561479806748,1.0
2019-05-22,rank_exit,-0.009961015863847025,1.0
2019-05-23,rank_exit,-0.005644103562677285,0.9249999999999998
2019-05-24,rank_exit,-0.003855821231543683,0.9624999999999996
2019-05-28,rank_exit,-0.004918625915869513,1.0
2019-05-29,rank_exit,0.001995163622593229,0.6444444444444445
2019-05-30,rank_exit,-0.0037613736757719824,0.9333333333333335
2019-05-31,rank_exit,0.011098729615417783,1.0
2019-06-03,rank_exit,0.04305598584664525,0.7847222222222222
2019-06-04,rank_exit,-0.00287474540244633,1.0
2019-06-05,rank_exit,-0.0008324899511171275,0.6488095238095237
2019-06-06,rank_exit,0.003352342154781869,0.9999999999999999
2019-06-07,rank_exit,0.008959279617563787,1.0
2019-06-10,rank_exit,0.02304095181785149,1.0
2019-06-11,rank_exit,-0.021863148575488878,0.7777777777777778
2019-06-12,rank_exit,-0.00676916433631709,1.0
2019-06-13,rank_exit,-0.00319220106023839,1.0491289198606273
2019-06-14,rank_exit,-0.013458253267459794,1.0
2019-06-17,rank_exit,-0.0054763346395917826,0.9999999999999998
2019-06-18,rank_exit,0.0030453242849743673,0.9642857142857143
2019-06-19,rank_exit,0.0012522455618626666,0.7857142857142856
2019-06-20,rank_exit,0.03622925324620706,0.625
2019-06-21,rank_exit,0.0071438861549150846,0.7222222222222221
2019-06-24,rank_exit,0.010069007293477624,0.6353427895981087
2019-06-25,rank_exit,-0.016131202799910704,0.6845878136200716
2019-06-26,rank_exit,0.010516506220385084,1.0657108721624853
2019-06-27,rank_exit,-0.012817999748719874,1.027777777777778
2019-06-28,rank_exit,0.017857233205931244,1.0
2019-07-01,rank_exit,0.009149830740859656,0.8207070707070708
2019-07-02,rank_exit,-0.014638123071069854,1.0000000000000002
2019-07-03,rank_exit,0.05238999037254316,1.0
2019-07-05,rank_exit,0.005489435595806694,0.7777777777777778
2019-07-08,rank_exit,-0.00970306869495239,0.8666666666666668
2019-07-09,rank_exit,-0.013421466462571254,0.9208333333333334
2019-07-10,rank_exit,0.0053526420883650856,0.7307757452574526
2019-07-11,rank_exit,0.0036417470895904035,0.8348309798887462
2019-07-12,rank_exit,0.01009869356308354,0.8683375104427736
2019-07-15,rank_exit,-0.007089857916766364,0.5994047619047619
2019-07-16,rank_exit,0.007559461482953122,1.0
2019-07-17,rank_exit,0.007084282849323057,0.9444444444444444
2019-07-18,rank_exit,0.060935493216047985,0.8214285714285713
2019-07-19,rank_exit,-0.008737389584275154,0.6746031746031746
2019-07-22,rank_exit,0.01251089729881111,0.44701227390180875
2019-07-23,rank_exit,-0.006111245842941927,0.9612403100775193
2019-07-24,rank_exit,0.02549893997137598,0.9276485788113695
2019-07-25,rank_exit,-0.01993953469937585,1.0
2019-07-26,rank_exit,0.011025775551925016,0.7777777777777779
2019-07-29,rank_exit,-0.021956888538288664,0.9555555555555555
2019-07-30,rank_exit,0.0028790994367328218,1.0
2019-07-31,rank_exit,-0.007201303184357008,1.0
2019-08-01,rank_exit,-0.01119359725718921,0.9999999999999997
2019-08-02,rank_exit,-0.006482021672256319,0.9388888888888888
2019-08-05,rank_exit,-0.025846683365557656,0.7301587301587302
2019-08-06,rank_exit,0.006005813273859882,0.8333333333333335
2019-08-07,rank_exit,0.012606176151709935,0.8611111111111115
2019-08-08,rank_exit,0.01615806220606707,0.9166666666666666
2019-08-09,rank_exit,-0.006774954163680533,0.8125000000000001
2019-08-12,rank_exit,-0.007156375497856649,0.888888888888889
2019-08-13,rank_exit,0.016982061082399743,1.0
2019-08-14,rank_exit,-0.032720873577116935,1.0
2019-08-15,rank_exit,0.00789803766044384,1.0
2019-08-16,rank_exit,0.0063635628954001,0.7980769230769231
2019-08-19,rank_exit,0.01672188913609288,0.8472222222222223
2019-08-20,rank_exit,-0.005182305174702746,1.0000000000000002
2019-08-21,rank_exit,0.006953813813024239,0.9361702127659574
2019-08-22,rank_exit,0.006235108213023603,0.8888888888888888
2019-08-23,rank_exit,-0.03216722667516017,0.9999999999999997
2019-08-26,rank_exit,0.004642170547754457,0.875
2019-08-27,rank_exit,0.0027778138265780643,0.7142857142857145
2019-08-28,rank_exit,0.0023368978701443716,0.7704081632653061
2019-08-29,rank_exit,0.012061117452050766,0.7755102040816327
2019-08-30,rank_exit,-0.0037558123899116337,1.0
2019-09-03,rank_exit,-0.029630164670714127,0.7777777777777779
2019-09-04,rank_exit,0.012446164624433056,1.0
2019-09-05,rank_exit,0.029450940727787343,1.0
2019-09-06,rank_exit,0.0027503999373613276,1.0
2019-09-09,rank_exit,0.018436574187797393,0.7738095238095237
2019-09-10,rank_exit,0.00902969119852422,1.0
2019-09-11,rank_exit,0.006626840466130728,0.7857142857142857
2019-09-12,rank_exit,-0.002965215191544292,0.6666666666666665
2019-09-13,rank_exit,0.003044507987625233,0.9062500000000001
2019-09-16,rank_exit,-0.0025284168893522706,0.9999999999999999
2019-09-17,rank_exit,-0.06897075860098954,1.0
2019-09-18,rank_exit,-0.015489221043045944,0.7777777777777778
2019-09-19,rank_exit,-0.006576236737445979,0.7499999999999999
2019-09-20,rank_exit,-0.005836918600802401,1.0
2019-09-23,rank_exit,-0.0033795234909342942,0.7777777777777778
2019-09-24,rank_exit,-0.01177240841290784,0.75
2019-09-25,rank_exit,-0.008648386384461798,0.9555555555555556
2019-09-26,rank_exit,0.010813182719949644,0.8944444444444446
2019-09-27,rank_exit,-0.00638411975177138,1.0
2019-09-30,rank_exit,-0.008917776006260054,0.75
2019-10-01,rank_exit,-0.019955528180410895,1.0000000000000002
2019-10-02,rank_exit,-0.014182901106184271,1.0
2019-10-03,rank_exit,0.00611886991453367,0.7777777777777779
2019-10-04,rank_exit,0.019257257465181497,1.0
2019-10-07,rank_exit,-0.0033420528595701476,0.5777777777777778
2019-10-08,rank_exit,-0.017724748594508094,1.016666666666667
2019-10-09,rank_exit,-0.006369144336452853,0.9062499999999999
2019-10-10,rank_exit,-0.002940581199967262,1.0
2019-10-11,rank_exit,-0.016993866236885816,0.9999999999999998
2019-10-14,rank_exit,-0.0011008542618003068,1.0
2019-10-15,rank_exit,0.02186260715261864,0.8888888888888891
2019-10-16,rank_exit,-0.021632421277690522,0.75
2019-10-17,rank_exit,-0.0008021559078611026,1.0
2019-10-18,rank_exit,0.008154426243660556,1.0
2019-10-21,rank_exit,0.004193543629540492,0.9318181818181819
2019-10-22,rank_exit,0.006611864677341513,0.9999999999999999
2019-10-23,rank_exit,-0.00616793659899162,1.0000000000000002
2019-10-24,rank_exit,-0.0022701637295080286,1.0000000000000002
2019-10-25,rank_exit,0.0075534927099288945,0.7777777777777779
2019-10-28,rank_exit,-0.005169973259531965,1.0
2019-10-29,rank_exit,0.01193524406728827,1.0
2019-10-30,rank_exit,-0.0036576183031015097,0.9055555555555556
2019-10-31,rank_exit,0.012850196061565872,0.839766081871345
2019-11-01,rank_exit,-0.00038982625990782266,1.0
2019-11-04,rank_exit,0.0006080122671219585,1.0
2019-11-05,rank_exit,0.030553916448735795,1.0
2019-11-06,rank_exit,-0.006822477936171762,1.0
2019-11-07,rank_exit,0.0029009283773346866,0.8055555555555556
2019-11-08,rank_exit,0.008807759940362493,0.7777777777777777
2019-11-11,rank_exit,-0.009574910429784403,0.9999999999999998
2019-11-12,rank_exit,0.025065714145345364,1.0
2019-11-13,rank_exit,0.09376006852267077,0.9375
2019-11-14,rank_exit,0.0111378808553694,0.5913461538461537
2019-11-15,rank_exit,0.025630098259758052,0.6685897435897437
2019-11-18,rank_exit,0.01983302041117891,0.8177489177489178
2019-11-19,rank_exit,-0.03719088076920572,0.7575757575757576
2019-11-20,rank_exit,0.010259360264625228,1.0
2019-11-21,rank_exit,-0.01832103972246397,0.6666666666666665
2019-11-22,rank_exit,-0.00043295727235837797,0.8333333333333334
2019-11-25,rank_exit,0.025856041838082894,0.9166666666666667
2019-11-26,rank_exit,0.0214421375006314,0.8333333333333331
2019-11-27,rank_exit,0.00782202117510985,0.8500000000000001
2019-11-29,rank_exit,-0.0038341120465497022,1.0
2019-12-02,rank_exit,-0.023966486312512213,1.0
2019-12-03,rank_exit,0.007311310628389533,0.9145299145299144
2019-12-04,rank_exit,-0.007030107875003,1.014957264957265
2019-12-05,rank_exit,-0.005538701798362292,0.4642857142857143
2019-12-06,rank_exit,-0.015361656173796773,0.6666666666666667
2019-12-09,rank_exit,0.016728785015635666,1.0
2019-12-10,rank_exit,0.0048633515292338,0.6603174603174603
2019-12-11,rank_exit,-0.0058300264398650145,1.0
2019-12-12,rank_exit,0.00856247950125263,0.5510204081632653
2019-12-13,rank_exit,-0.00609372166568039,0.9166666666666669
2019-12-16,rank_exit,0.00462478179566546,0.9166666666666667
2019-12-17,rank_exit,0.0031057874954414136,0.9999999999999999
2019-12-18,rank_exit,-0.0005083775549398104,0.8369408369408369
2019-12-19,rank_exit,0.0009640786640808674,1.018181818181818
2019-12-20,rank_exit,0.005876135530490595,1.0
2019-12-23,rank_exit,0.006290060144865866,1.0
2019-12-24,rank_exit,-0.0046728697677289426,1.0
2019-12-26,rank_exit,0.00430470772138616,0.9464285714285714
2019-12-27,rank_exit,-0.018711346108303765,1.0
2019-12-30,rank_exit,0.009671388002641343,0.717948717948718
2019-12-31,rank_exit,-0.004840014274041305,1.0
2020-01-02,rank_exit,0.001016270982710159,0.9999999999999998
2020-01-03,rank_exit,0.014146819804399325,0.9999999999999998
2020-01-06,rank_exit,0.012012854399333603,0.6666666666666667
2020-01-07,rank_exit,-0.01629685305377677,1.0
2020-01-08,rank_exit,0.016088066943467375,0.8305555555555555
2020-01-09,rank_exit,0.014644671257667205,1.0020833333333334
2020-01-10,rank_exit,-0.004663181789962346,0.9696969696969696
2020-01-13,rank_exit,0.03551583183399589,0.9191919191919193
2020-01-14,rank_exit,-0.0048392919717082546,0.8888888888888888
2020-01-15,rank_exit,-0.0032544059875548796,1.0
2020-01-16,rank_exit,-0.002816759915869163,0.8888888888888891
2020-01-17,rank_exit,4.263234248298015e-05,0.7749999999999999
2020-01-21,rank_exit,-0.0059876303424008,0.9166666666666667
2020-01-22,rank_exit,-0.024522306845058215,0.8484848484848485
2020-01-23,rank_exit,-0.015833718485794113,1.0
2020-01-24,rank_exit,-0.005680393862362267,1.0000000000000002
2020-01-27,rank_exit,-0.01880920305434224,0.7152777777777778
2020-01-28,rank_exit,0.015692687567236373,0.8759469696969696
2020-01-29,rank_exit,-0.004793461003689035,0.9999999999999999
2020-01-30,rank_exit,-0.00643541522437543,0.891156462585034
2020-01-31,rank_exit,-0.02061319743881981,0.8571428571428572
2020-02-03,rank_exit,0.02220030167330255,0.838888888888889
2020-02-04,rank_exit,0.02556880526058261,1.0
2020-02-05,rank_exit,-0.013234296824232477,1.0000000000000002
2020-02-06,rank_exit,-0.0024850989187465864,1.0
2020-02-07,rank_exit,-4.214693545042791e-06,1.0
2020-02-10,rank_exit,0.01826923937583674,0.875
2020-02-11,rank_exit,-0.02028441012969663,1.0
2020-02-12,rank_exit,0.005896632713746287,0.8125000000000001
2020-02-13,rank_exit,-0.020299016128904113,1.0
2020-02-14,rank_exit,0.009068036222294962,1.0
2020-02-18,rank_exit,0.009166533238250549,0.9375
2020-02-19,rank_exit,0.05699055626721465,0.9999999999999999
2020-02-20,rank_exit,0.005861022637669779,0.7763347763347763
2020-02-21,rank_exit,-0.022845637396854936,0.945054945054945
2020-02-24,rank_exit,0.0008239981084802321,0.8575091575091577
2020-02-25,rank_exit,-0.03303038704472386,0.7380952380952379
2020-02-26,rank_exit,0.019213378818137103,0.9010752688172043
2020-02-27,rank_exit,-0.018730455857390655,0.6989247311827955
2020-02-28,rank_exit,0.02561580836705757,0.9999999999999998
2020-03-02,rank_exit,0.011573896861893175,0.9213453389830507
2020-03-03,rank_exit,-0.0224056718448691,0.7024482109227872
2020-03-04,rank_exit,0.1497412915537671,0.8106060606060606
2020-03-05,rank_exit,-0.021443078539503956,0.8383838383838385
2020-03-06,rank_exit,-0.06490598629020151,0.7913279132791327
2020-03-09,rank_exit,-0.02751072623367805,1.0
2020-03-10,rank_exit,0.03492650119562744,0.8222222222222222
2020-03-11,rank_exit,-0.04519321142668284,0.8819444444444444
2020-03-12,rank_exit,-0.06712668385481044,0.6934523809523812
2020-03-13,rank_exit,0.051878744967706704,1.0
2020-03-16,rank_exit,-0.07690267127787782,0.9238095238095239
2020-03-17,rank_exit,0.07902156812595648,0.7777777777777779
2020-03-18,rank_exit,-0.01346836483758347,0.7956592956592957
2020-03-19,rank_exit,-0.016087158791520652,1.0000000000000002
2020-03-20,rank_exit,-0.02764035808378497,1.0
2020-03-23,rank_exit,0.024359951418943506,0.9166666666666666
2020-03-24,rank_exit,0.09276374301313178,0.8833333333333333
2020-03-25,rank_exit,0.020864331840529195,0.9111111111111112
2020-03-26,rank_exit,0.010761059264841024,1.016666666666667
2020-03-27,rank_exit,-0.0548452966674321,0.8750000000000002
2020-03-30,rank_exit,-0.019121435875553826,0.9166666666666667
2020-03-31,rank_exit,-0.00515782369767219,0.9999999999999998
2020-04-01,rank_exit,-0.035713111701768926,0.9999999999999998
2020-04-02,rank_exit,0.012666249698510271,1.0
2020-04-03,rank_exit,-1.7217891111887115e-06,0.9999999999999999
2020-04-06,rank_exit,0.02251457730712105,1.0
2020-04-07,rank_exit,-0.01000251150699765,0.7564102564102565
2020-04-08,rank_exit,0.03561830066419745,1.0
2020-04-09,rank_exit,0.02471201227562619,1.0000000000000002
2020-04-13,rank_exit,-0.09281930669708918,1.0
2020-04-14,rank_exit,-0.003140183035741764,0.8888888888888888
2020-04-15,rank_exit,-0.04344522090135149,1.0
2020-04-16,rank_exit,-0.03894255230283126,1.0
2020-04-17,rank_exit,0.01690870310393775,1.0
2020-04-20,rank_exit,0.02469287104507717,1.0
2020-04-21,rank_exit,-0.04746909674842005,0.8888888888888888
2020-04-22,rank_exit,0.008754596117548015,0.714285714285714
2020-04-23,rank_exit,0.0015552709361102387,0.925925925925926
2020-04-24,rank_exit,-0.00358232845924772,0.9791666666666667
2020-04-27,rank_exit,0.02386071925718196,1.0
2020-04-28,rank_exit,0.037003550730359075,0.9166666666666666
2020-04-29,rank_exit,0.069861205391471,0.9444444444444445
2020-04-30,rank_exit,0.002156974945057581,0.8750000000000001
2020-05-01,rank_exit,-0.0937166977679994,0.96875
2020-05-04,rank_exit,0.005505615423314687,0.8413461538461539
2020-05-05,rank_exit,-0.01858071154732922,0.9316239316239318
2020-05-06,rank_exit,0.020907420131404755,1.0
2020-05-07,rank_exit,0.0232101188067122,0.9444444444444444
2020-05-08,rank_exit,-0.010239041792652495,1.0000000000000002
2020-05-11,rank_exit,0.02027713018926738,0.7999999999999999
2020-05-12,rank_exit,-0.012751662121870863,1.0
2020-05-13,rank_exit,-0.016329715789900185,0.8888888888888888
2020-05-14,rank_exit,-0.008396964155203844,0.75
2020-05-15,rank_exit,0.004889314385214608,1.0017421602787455
2020-05-18,rank_exit,0.022438008574351846,1.0
2020-05-19,rank_exit,0.001021036408435082,0.5555555555555556
2020-05-20,rank_exit,0.029372874202953876,0.7777777777777778
2020-05-21,rank_exit,0.0161212077080033,0.9999999999999998
2020-05-22,rank_exit,0.029174928790840243,0.5555555555555557
2020-05-26,rank_exit,0.04614311573420679,0.5715277777777779
2020-05-27,rank_exit,0.03919816313999925,0.7272727272727274
2020-05-28,rank_exit,-0.048906306456837266,1.0991841491841492
2020-05-29,rank_exit,-0.0056700101929108935,0.9999999999999999
2020-06-01,rank_exit,0.024905904328151846,1.0
2020-06-02,rank_exit,0.013874623296205571,1.0
2020-06-03,rank_exit,0.04378329673381911,0.9999999999999999
2020-06-04,rank_exit,0.005015076618991524,0.9999999999999998
2020-06-05,rank_exit,0.03944210977360403,0.8333333333333335
2020-06-08,rank_exit,0.293388371103822,1.0
2020-06-09,rank_exit,-0.14885448878647306,0.9999999999999999
2020-06-10,rank_exit,-0.040294193593895175,1.0
2020-06-11,rank_exit,-0.1058279891585448,1.0
2020-06-12,rank_exit,0.007885365261498762,1.0
2020-06-15,rank_exit,0.01417083960268629,0.8888888888888888
2020-06-16,rank_exit,0.013798602103892887,1.0
2020-06-17,rank_exit,-0.04018615008758859,0.5555555555555556
2020-06-18,rank_exit,0.016691053061142325,1.0
2020-06-19,rank_exit,-0.006256774582413105,0.5822649572649574
2020-06-22,rank_exit,-0.01642935187923113,0.8808479532163742
2020-06-23,rank_exit,0.016823633362568386,0.9018218623481781
2020-06-24,rank_exit,-0.034385137561960974,0.7961538461538461
2020-06-25,rank_exit,0.027007103011858855,0.8238095238095238
2020-06-26,rank_exit,-0.0263796068086709,0.9999999999999999
2020-06-29,rank_exit,-0.02010856584975629,0.9999999999999998
2020-06-30,rank_exit,0.021750306129760595,1.0000000000000002
2020-07-01,rank_exit,0.006649715352943843,1.0000000000000002
2020-07-02,rank_exit,0.008193582226146438,1.0
2020-07-06,rank_exit,0.05000919252734663,1.0
2020-07-07,rank_exit,0.0007121657636318711,0.8636363636363638
2020-07-08,rank_exit,0.0010751846105922285,0.9047619047619048
2020-07-09,rank_exit,0.002278559039752011,0.9642857142857143
2020-07-10,rank_exit,-0.004918657915032641,0.9444444444444445
2020-07-13,rank_exit,-0.002475093041148087,0.8333333333333333
2020-07-14,rank_exit,0.03072747796683797,0.6785714285714285
2020-07-15,rank_exit,0.02434557609862439,1.011904761904762
2020-07-16,rank_exit,-0.041684265828924386,1.0
2020-07-17,rank_exit,-0.012504156847942038,0.8888888888888888
2020-07-20,rank_exit,-0.015491322056953662,1.0
2020-07-21,rank_exit,0.014710622693718596,1.0
2020-07-22,rank_exit,-0.01141090661051163,0.9999999999999999
2020-07-23,rank_exit,-0.034734749777268197,1.0000000000000002
2020-07-24,rank_exit,-0.006021907117994111,0.75
2020-07-27,rank_exit,0.04346340270799896,1.0000000000000002
2020-07-28,rank_exit,-0.021858514430484983,0.8888888888888888
2020-07-29,rank_exit,0.012461005537833433,1.0046335200746965
2020-07-30,rank_exit,-0.005713576322971911,1.0
2020-07-31,rank_exit,0.01114898104738889,0.8888888888888888
2020-08-03,rank_exit,0.009775740728635417,0.8888888888888891
2020-08-04,rank_exit,-0.016409087351855204,1.0000000000000002
2020-08-05,rank_exit,-0.020131362343770106,0.7922077922077922
2020-08-06,rank_exit,0.000836822503106491,1.0
2020-08-07,rank_exit,-0.03139443887763856,1.0000000000000002
2020-08-10,rank_exit,0.01812403748059779,0.8888888888888893
2020-08-11,rank_exit,-0.011630995479573221,0.8888888888888891
2020-08-12,rank_exit,-0.00722548199975994,0.9166666666666669
2020-08-13,rank_exit,-0.00025756196819473257,0.9444444444444444
2020-08-14,rank_exit,-0.001655698520870528,0.9111111111111113
2020-08-17,rank_exit,-0.0010455405501721014,0.9500000000000001
2020-08-18,rank_exit,-0.0044718974019132465,0.9285714285714286
2020-08-19,rank_exit,0.020027294106795615,0.7087912087912088
2020-08-20,rank_exit,-0.020315526594649143,0.9922542735042734
2020-08-21,rank_exit,0.0029070593895168797,0.8124999999999999
2020-08-24,rank_exit,0.0047886652892694505,0.8888888888888891
2020-08-25,rank_exit,0.016897910614550635,0.875
2020-08-26,rank_exit,0.07989555540682514,0.8015873015873014
2020-08-27,rank_exit,-0.0354566719012883,0.9999999999999998
2020-08-28,rank_exit,0.026749384661170193,0.9999999999999999
2020-08-31,rank_exit,-0.028528703210632337,0.9999999999999998
2020-09-01,rank_exit,0.003427935197497177,0.9333333333333332
2020-09-02,rank_exit,-0.010171730857683886,0.8263888888888888
2020-09-03,rank_exit,-0.024510083453399004,0.9630681818181819
2020-09-04,rank_exit,0.009837645375368766,0.9523809523809524
2020-09-08,rank_exit,-0.032487415159741226,0.9999999999999999
2020-09-09,rank_exit,-0.009017009544218609,0.9097222222222223
2020-09-10,rank_exit,-0.016112215582045643,0.9062499999999999
2020-09-11,rank_exit,0.010627221796149182,0.7449186991869918
2020-09-14,rank_exit,0.0017399934766671459,1.0000000000000002
2020-09-15,rank_exit,0.003461799295177592,1.0
2020-09-16,rank_exit,0.013058083012103656,1.0
2020-09-17,rank_exit,-0.015082744001201048,0.9027777777777778
2020-09-18,rank_exit,0.006384657261094606,1.0
2020-09-21,rank_exit,-0.04657763158010671,0.95
2020-09-22,rank_exit,-0.015657039142403243,1.0000000000000002
2020-09-23,rank_exit,-0.03402896176349347,1.0
2020-09-24,rank_exit,-0.02094546738555152,0.888888888888889
2020-09-25,rank_exit,0.010168748796807126,1.0
2020-09-28,rank_exit,0.01593075026071794,1.0
2020-09-29,rank_exit,-0.009835222111276033,0.7777777777777778
2020-09-30,rank_exit,0.0063707227962874514,0.9166666666666667
2020-10-01,rank_exit,0.0315694862744746,0.9166666666666666
2020-10-02,rank_exit,0.014300506619679933,0.9428571428571431
2020-10-05,rank_exit,0.011389597887819621,0.5428571428571427
2020-10-06,rank_exit,-0.023080774853025364,0.9222222222222223
2020-10-07,rank_exit,0.07385642123861733,0.7777777777777779
2020-10-08,rank_exit,0.021219317110989053,0.9999999999999998
2020-10-09,rank_exit,-0.0047648854636483644,0.9999999999999998
2020-10-12,rank_exit,-0.01678913941134593,1.0000000000000002
2020-10-13,rank_exit,-0.0031367235831106844,1.0
2020-10-14,rank_exit,0.012287590624586005,0.888888888888889
2020-10-15,rank_exit,-0.0008503198066905639,0.7777777777777778
2020-10-16,rank_exit,0.014943706690654975,0.9999999999999999
2020-10-19,rank_exit,-0.026732650778293385,0.9999999999999999
2020-10-20,rank_exit,-0.02738164347074436,0.9333333333333333
2020-10-21,rank_exit,-0.022971549159837183,0.7500000000000001
2020-10-22,rank_exit,0.016624965955166948,0.8888888888888888
2020-10-23,rank_exit,0.0364011671578451,0.8499999999999999
2020-10-26,rank_exit,-0.0482103327269629,0.7777777777777777
2020-10-27,rank_exit,-0.018252555780489652,0.46482791136256485
2020-10-28,rank_exit,-0.02437822344737402,0.877681518151815
2020-10-29,rank_exit,0.06817871150316726,0.6044444444444445
2020-10-30,rank_exit,-0.025336950907262595,1.0
2020-11-02,rank_exit,0.026400952426600843,1.0
2020-11-03,rank_exit,-0.01426991208810699,0.9333333333333333
2020-11-04,rank_exit,-0.04704011215879255,1.0
2020-11-05,rank_exit,0.06992785067170353,1.0
2020-11-06,rank_exit,0.013271843834383748,0.6666666666666667
2020-11-09,rank_exit,-0.055646790545840576,1.0
2020-11-10,rank_exit,-0.03481048859166745,1.0
2020-11-11,rank_exit,-0.014761210173067696,1.0
2020-11-12,rank_exit,-0.029612509817246446,1.0
2020-11-13,rank_exit,0.04198957399170561,0.8928571428571428
2020-11-16,rank_exit,0.022743994931075682,0.7777777777777779
2020-11-17,rank_exit,0.005858918880011687,0.9333333333333333
2020-11-18,rank_exit,-0.020382763483958514,0.688888888888889
2020-11-19,rank_exit,0.02357890326882078,0.7944444444444446
2020-11-20,rank_exit,-0.005171295476799648,1.0000000000000002
2020-11-23,rank_exit,0.09675157421592454,0.7142857142857142
2020-11-24,rank_exit,0.09095124105373859,1.0
2020-11-25,rank_exit,8.506472722091861e-05,1.0
2020-11-27,rank_exit,-0.025453832245253976,0.9999999999999999
2020-11-30,rank_exit,0.031732326480565565,1.0
2020-12-01,rank_exit,-0.07781493334855957,1.0
2020-12-02,rank_exit,0.014814705530171248,1.0
2020-12-03,rank_exit,-0.013020969316583714,0.9111111111111111
2020-12-04,rank_exit,0.05348956610241965,0.6
2020-12-07,rank_exit,0.0018965114722292885,0.9007936507936507
2020-12-08,rank_exit,-0.003427697170752662,1.0555555555555556
2020-12-09,rank_exit,-0.03396516473842119,1.0
2020-12-10,rank_exit,0.06700748674419464,0.8538961038961039
2020-12-11,rank_exit,-0.016749812787564464,0.9999999999999998
2020-12-14,rank_exit,0.053236210433910434,1.0
2020-12-15,rank_exit,0.029827362667660284,0.7222222222222222
2020-12-16,rank_exit,-0.01850634133479908,0.8459595959595959
2020-12-17,rank_exit,0.0520610921085371,0.9999999999999999
2020-12-18,rank_exit,-0.023811201060896757,1.0000000000000002
2020-12-21,rank_exit,0.0022642199568627223,0.6416666666666668
2020-12-22,rank_exit,0.04841788541553314,1.0
2020-12-23,rank_exit,-0.09063356028476253,0.9333333333333333
2020-12-24,rank_exit,-0.0011017362211682817,0.8500000000000003
2020-12-28,rank_exit,-0.002882726321113691,0.795138888888889
2020-12-29,rank_exit,-0.041538007986475396,1.0000000000000002
2020-12-30,rank_exit,-0.01025540909613296,1.0000000000000002
2020-12-31,rank_exit,-0.007313418448666025,0.7738095238095237
2021-01-04,rank_exit,-0.011200358048562968,0.44444444444444475
2021-01-05,rank_exit,0.018534322343887678,1.0000000000000002
2021-01-06,rank_exit,0.034479013870456564,1.0
2021-01-07,rank_exit,0.013682524449681753,0.9506172839506172
2021-01-08,rank_exit,-0.024297190421131154,1.0
2021-01-11,rank_exit,-0.04172839841581788,1.0
2021-01-12,rank_exit,0.04829807684339643,1.0
2021-01-13,rank_exit,-0.01811863817891981,1.0
2021-01-14,rank_exit,0.022557543647473918,1.0000000000000002
2021-01-15,rank_exit,-0.0319432695067998,0.9999999999999998
2021-01-19,rank_exit,0.022524259878335135,0.7142857142857143
2021-01-20,rank_exit,-0.00744509378845035,1.0
2021-01-21,rank_exit,0.0009682544396814844,1.0
2021-01-22,rank_exit,0.012857805698970822,0.6944444444444444
2021-01-25,rank_exit,0.026594019649964964,1.0
2021-01-26,rank_exit,-0.013254500087672672,0.9444444444444444
2021-01-27,rank_exit,-0.0010025721772995164,1.0208333333333335
2021-01-28,rank_exit,-0.058166520294564546,1.0000000000000002
2021-01-29,rank_exit,-0.00753479724354728,0.7436328189812509
2021-02-01,rank_exit,0.15029429060542274,0.9372056514913658
2021-02-02,rank_exit,-0.12776328112226962,0.9999999999999999
2021-02-03,rank_exit,-0.007246193757359975,1.0
2021-02-04,rank_exit,0.012787871099834548,1.0
2021-02-05,rank_exit,0.009650490579781505,1.0
2021-02-08,rank_exit,0.051920568618433124,1.0000000000000002
2021-02-09,rank_exit,-0.005917113032416254,0.7402597402597404
2021-02-10,rank_exit,-0.0219868121786578,0.7272727272727275
2021-02-11,rank_exit,0.02355471260778071,1.0
2021-02-12,rank_exit,0.0071724407824950535,1.0
2021-02-16,rank_exit,0.0009626454398235982,0.844671201814059
2021-02-17,rank_exit,-0.020760725125457454,0.9212121212121214
2021-02-18,rank_exit,-0.09093596624409568,0.915151515151515
2021-02-19,rank_exit,0.049613165711351125,1.0
2021-02-22,rank_exit,0.027308649049584837,0.7777777777777778
2021-02-23,rank_exit,0.01485666907335227,0.8888888888888888
2021-02-24,rank_exit,0.051192395504711004,0.625
2021-02-25,rank_exit,-0.053004470432712655,0.9163359788359788
2021-02-26,rank_exit,-0.03269884737142402,1.0958132045088567
2021-03-01,rank_exit,0.01894104631456099,1.0
2021-03-02,rank_exit,-0.031286319000560434,1.0000000000000002
2021-03-03,rank_exit,-0.02394293217429301,1.0
2021-03-04,rank_exit,-0.021102951470234915,1.0
2021-03-05,rank_exit,0.03002544559530602,0.8831168831168832
2021-03-08,rank_exit,-0.016613854752086307,0.8181818181818182
2021-03-09,rank_exit,-0.022722117802164897,1.0151515151515154
2021-03-10,rank_exit,0.0055684880742930785,1.0
2021-03-11,rank_exit,-0.026442538495348177,0.8888888888888888
2021-03-12,rank_exit,0.0067231271009273175,1.0
2021-03-15,rank_exit,0.019378827245364615,1.0
2021-03-16,rank_exit,0.013892446086058816,0.888888888888889
2021-03-17,rank_exit,-0.004416934194375053,1.0
2021-03-18,rank_exit,-0.028695176006627195,1.0000000000000002
2021-03-19,rank_exit,-0.014880137215274902,1.0
2021-03-22,rank_exit,0.010339436177940092,1.0
2021-03-23,rank_exit,-0.02189213844674883,0.9722222222222223
2021-03-24,rank_exit,-0.050049823639398264,1.0
2021-03-25,rank_exit,0.0013180723909562019,0.9166666666666666
2021-03-26,rank_exit,0.04077686070895303,0.9999999999999999
2021-03-29,rank_exit,-0.01313757515078595,0.7777777777777778
2021-03-30,rank_exit,-0.006393399879604224,1.0
2021-03-31,rank_exit,-0.003951995609885373,1.0
2021-04-01,rank_exit,0.059410316602359584,1.0
2021-04-05,rank_exit,0.026011637026623305,0.4444444444444444
2021-04-06,rank_exit,-0.03378180998442226,0.9999999999999999
2021-04-07,rank_exit,-0.01378042071142123,0.9007092198581561
2021-04-08,rank_exit,0.02085722576772341,0.4660894660894661
2021-04-09,rank_exit,-0.010988611624355743,1.0
2021-04-12,rank_exit,0.004648013381241594,0.8803418803418803
2021-04-13,rank_exit,0.008157223727901975,0.9166666666666667
2021-04-14,rank_exit,-0.021654409439878064,1.0
2021-04-15,rank_exit,-0.007520194789895968,1.0000000000000002
2021-04-16,rank_exit,0.0014226128249180629,1.0
2021-04-19,rank_exit,-0.0019270248493333184,0.8506944444444445
2021-04-20,rank_exit,-0.0061760601299705505,0.7977984633569741
2021-04-21,rank_exit,0.01402022852095511,1.0000000000000002
2021-04-22,rank_exit,-0.029596936839394766,1.0000000000000002
2021-04-23,rank_exit,0.00981154137053599,0.9999999999999998
2021-04-26,rank_exit,-0.003739721134475129,0.8571428571428574
2021-04-27,rank_exit,-0.018948291225825177,1.0000000000000002
2021-04-28,rank_exit,0.01902322050805264,1.0
2021-04-29,rank_exit,-0.006315099982787086,0.8472222222222221
2021-04-30,rank_exit,-0.029478822871872465,1.0
2021-05-03,rank_exit,-0.020052932171985813,0.5793650793650794
2021-05-04,rank_exit,0.00721073429847921,0.873015873015873
2021-05-05,rank_exit,0.02704841402830302,0.7683531746031746
2021-05-06,rank_exit,-0.0061745085263337765,0.9999999999999997
2021-05-07,rank_exit,0.02222869604695772,0.7492985409652078
2021-05-10,rank_exit,-0.014848835888492668,0.8958333333333333
2021-05-11,rank_exit,0.015307534540282866,0.7229785478547857
2021-05-12,rank_exit,-0.04890837677530419,0.8151815181518153
2021-05-13,rank_exit,-0.003329907264899803,1.0
2021-05-14,rank_exit,0.008832480378240828,0.6666666666666666
2021-05-17,rank_exit,0.04351986985764711,1.0
2021-05-18,rank_exit,-0.007250474598843043,0.8555555555555557
2021-05-19,rank_exit,-0.011980759609703929,1.0277777777777777
2021-05-20,rank_exit,0.017660087079209602,0.9111111111111112
2021-05-21,rank_exit,0.011172240261296712,1.0
2021-05-24,rank_exit,-0.013766908315431741,1.0000000000000002
2021-05-25,rank_exit,0.006169263928245822,1.0
2021-05-26,rank_exit,0.00306104259980744,1.0
2021-05-27,rank_exit,0.024763896257560113,1.0
2021-05-28,rank_exit,-0.004059055967175798,1.0
2021-06-01,rank_exit,-6.981775050495453e-05,0.9999999999999999
2021-06-02,rank_exit,0.004968929379411624,1.0000000000000002
2021-06-03,rank_exit,0.003595467980502562,0.6153846153846154
2021-06-04,rank_exit,0.0069792584706847415,1.0000000000000002
2021-06-07,rank_exit,0.013758037467658963,1.1220802684217317
2021-06-08,rank_exit,-0.015015880661880752,1.0548780487804876
2021-06-09,rank_exit,-0.02180943262403992,1.0
2021-06-10,rank_exit,0.017760668111495456,0.8424710424710423
2021-06-11,rank_exit,-0.006065356527490485,0.9374999999999998
2021-06-14,rank_exit,-0.0027102652649852164,1.0265151515151514
2021-06-15,rank_exit,-0.006444436825793625,1.0050505050505052
2021-06-16,rank_exit,0.0001345971147778339,0.7013888888888887
2021-06-17,rank_exit,0.056725000477750864,0.8888888888888888
2021-06-18,rank_exit,0.01536111215315899,0.7333333333333333
2021-06-21,rank_exit,0.009430443308784942,0.9999999999999999
2021-06-22,rank_exit,0.004447861873639193,0.8222222222222223
2021-06-23,rank_exit,0.015109410127205528,1.0
2021-06-24,rank_exit,0.004850109894685516,0.9999999999999999
2021-06-25,rank_exit,0.005881250403004248,0.8666666666666667
2021-06-28,rank_exit,0.0011338618394603711,0.9222222222222223
2021-06-29,rank_exit,0.000734673335578917,1.0
2021-06-30,rank_exit,-0.006760877678460877,0.9999999999999998
2021-07-01,rank_exit,0.0016864698128353237,1.0000000000000002
2021-07-02,rank_exit,0.009292584104289316,1.0
2021-07-06,rank_exit,0.005650070647425753,0.9166666666666667
2021-07-07,rank_exit,0.0033781721741198605,0.8333333333333335
2021-07-08,rank_exit,-0.00592854585442842,0.8055555555555554
2021-07-09,rank_exit,0.0017988246172050168,0.7777777777777777
2021-07-12,rank_exit,0.005183544270070463,0.9999999999999999
2021-07-13,rank_exit,-0.0162391334653129,1.0
2021-07-14,rank_exit,0.004538983089615322,0.888888888888889
2021-07-15,rank_exit,-0.0009118549497003402,0.8476190476190477
2021-07-16,rank_exit,-0.004349878908266918,0.8366366366366367
2021-07-19,rank_exit,-0.0038827183485975526,0.8076518076518077
2021-07-20,rank_exit,0.006574555861722409,0.9305555555555554
2021-07-21,rank_exit,0.08152073357030502,1.0138888888888888
2021-07-22,rank_exit,-0.045228626521508525,1.0
2021-07-23,rank_exit,0.009775083325903051,0.7777777777777777
2021-07-26,rank_exit,-0.008052043112644298,1.0
2021-07-27,rank_exit,-0.04533021943919831,1.0
2021-07-28,rank_exit,-0.0273488228440666,0.8888888888888888
2021-07-29,rank_exit,0.023007456069325395,0.9999999999999998
2021-07-30,rank_exit,0.006588878954999659,0.5555555555555556
2021-08-02,rank_exit,-0.009922914099807327,1.0
2021-08-03,rank_exit,-0.006054053843452738,1.0714285714285712
2021-08-04,rank_exit,0.005144126724599907,1.0
2021-08-05,rank_exit,-0.014418057287225077,1.0000000000000002
2021-08-06,rank_exit,-0.0071442679450398755,1.0
2021-08-09,rank_exit,0.0032442520949219397,1.0000000000000002
2021-08-10,rank_exit,0.006890682593811457,0.6492063492063495
2021-08-11,rank_exit,0.013140973189106932,0.8999999999999999
2021-08-12,rank_exit,0.0037494713314751176,0.5772727272727273
2021-08-13,rank_exit,-0.013678212517047289,1.0
2021-08-16,rank_exit,-0.006658437133787782,0.9999999999999999
2021-08-17,rank_exit,0.012228793542159042,0.7968253968253969
2021-08-18,rank_exit,-0.010969510489000401,0.7700509134471398
2021-08-19,rank_exit,-0.0004130595547335179,0.8492335756486701
2021-08-20,rank_exit,0.00936416861724155,0.8177339901477833
2021-08-23,rank_exit,-0.0006734502721863828,1.0781609195402297
2021-08-24,rank_exit,0.0026674762858597935,1.0
2021-08-25,rank_exit,-0.0033224912928996038,1.0
2021-08-26,rank_exit,-0.015915990401435137,0.9090909090909092
2021-08-27,rank_exit,0.03172496127427296,0.9191919191919192
2021-08-30,rank_exit,-0.013200861967114728,0.9999999999999998
2021-08-31,rank_exit,0.015951229998309342,0.8666666666666666
2021-09-01,rank_exit,0.019576916735763707,0.7999999999999999
2021-09-02,rank_exit,0.06970535415124203,0.9846153846153847
2021-09-03,rank_exit,0.02419095884056826,0.9038461538461541
2021-09-07,rank_exit,0.026474923278465103,0.7708333333333334
2021-09-08,rank_exit,-0.03653069746753342,0.9291666666666666
2021-09-09,rank_exit,0.04752170581744551,1.0000000000000002
2021-09-10,rank_exit,-0.02573676977290888,1.0
2021-09-13,rank_exit,0.044017708408001066,1.0
2021-09-14,rank_exit,-0.0171759229207059,0.8888888888888888
2021-09-15,rank_exit,0.0313755331681794,0.6250000000000001
2021-09-16,rank_exit,-0.028183280496165045,1.0
2021-09-17,rank_exit,-0.008233109758555221,1.0
2021-09-20,rank_exit,-0.03418363411604383,0.9999999999999998
2021-09-21,rank_exit,-0.010056325466692497,1.0000000000000002
2021-09-22,rank_exit,0.0063911399660953865,0.75
2021-09-23,rank_exit,0.013906407146838978,0.9999999999999999
2021-09-24,rank_exit,0.01835990741034633,0.9097222222222223
2021-09-27,rank_exit,0.0109134719674635,0.9325
2021-09-28,rank_exit,-0.008888821731241895,0.8981818181818181
2021-09-29,rank_exit,-0.00153904368204132,0.5454317612212348
2021-09-30,rank_exit,-0.016806888937266454,0.5213913571808309
2021-10-01,rank_exit,0.02531213765441752,0.8427474747474747
2021-10-04,rank_exit,0.03922162869090609,0.6013035714285714
2021-10-05,rank_exit,0.009708390058217586,0.75
2021-10-06,rank_exit,-0.021598854341085372,1.1276676829268293
2021-10-07,rank_exit,0.01712814239335675,1.0
2021-10-08,rank_exit,0.009886558950482644,1.0
2021-10-11,rank_exit,-0.0021234044855366336,0.9999999999999999
2021-10-12,rank_exit,0.011706297855598534,0.8163265306122449
2021-10-13,rank_exit,0.042687977721773324,0.9053803339517625
2021-10-14,rank_exit,0.007588903174102779,0.8694083694083694
2021-10-15,rank_exit,-0.0010228711090587623,1.0268125268125268
2021-10-18,rank_exit,0.03417838053923488,1.0000000000000002
2021-10-19,rank_exit,-0.0031603606815722224,0.7777777777777779
2021-10-20,rank_exit,0.0026863728255339422,0.6666666666666667
2021-10-21,rank_exit,-0.006650956839146479,1.0
2021-10-22,rank_exit,0.006447489923145297,1.0
2021-10-25,rank_exit,0.014668399183013906,1.0
2021-10-26,rank_exit,0.002981132525600088,0.673881673881674
2021-10-27,rank_exit,-0.01886658170411486,1.0104268491365267
2021-10-28,rank_exit,0.016091335138108107,0.903225806451613
2021-10-29,rank_exit,-0.002080388038757294,0.8888888888888888
2021-11-01,rank_exit,0.0214656576311117,1.0
2021-11-02,rank_exit,-0.010630305940816395,0.7777777777777778
2021-11-03,rank_exit,0.07962360891777343,0.8888888888888888
2021-11-04,rank_exit,0.003409030734497282,0.9318181818181819
2021-11-05,rank_exit,-0.01474609666842026,0.9539295392953929
2021-11-08,rank_exit,0.004313329119180529,0.9065040650406506
2021-11-09,rank_exit,0.019883743243253427,1.0
2021-11-10,rank_exit,-0.042150291104665685,0.9999999999999999
2021-11-11,rank_exit,0.017361787696157635,0.9999999999999999
2021-11-12,rank_exit,-0.0013848423374130546,1.0000000000000002
2021-11-15,rank_exit,-0.002891858330339873,0.9999999999999999
2021-11-16,rank_exit,0.012104165598498745,0.8888888888888891
2021-11-17,rank_exit,-0.005454367969690793,1.0
2021-11-18,rank_exit,0.0007983497565300945,1.0
2021-11-19,rank_exit,-0.022870968925716086,0.8738738738738738
2021-11-22,rank_exit,-0.00019143782037739067,0.9393939393939394
2021-11-23,rank_exit,-0.01796228209644749,0.9319510898458265
2021-11-24,rank_exit,0.003832526136046401,1.026315789473684
2021-11-26,rank_exit,-0.04333447849914461,0.9999999999999999
2021-11-29,rank_exit,-0.003959280241327258,0.5555555555555556
2021-11-30,rank_exit,-0.032241531815318615,0.7171717171717171
2021-12-01,rank_exit,-0.035854428649559886,1.0075757575757578
2021-12-02,rank_exit,0.0016889567545650503,1.0000000000000002
2021-12-03,rank_exit,-0.003239910974644371,1.0
2021-12-06,rank_exit,0.012470862124528618,0.9444444444444444
2021-12-07,rank_exit,-0.0009795685657935115,1.0
2021-12-08,rank_exit,0.019750332240063798,1.0
2021-12-09,rank_exit,-0.012766203425187687,0.8750000000000001
2021-12-10,rank_exit,0.049162132149241644,1.0
2021-12-13,rank_exit,-0.026205895921999487,0.5476190476190476
2021-12-14,rank_exit,-0.004723305611591167,0.7515262515262516
2021-12-15,rank_exit,0.014212013878540626,0.7694947694947695
2021-12-16,rank_exit,0.004648416265557207,1.0045045045045042
2021-12-17,rank_exit,-0.01926736087101886,1.0
2021-12-20,rank_exit,0.018759558194044724,0.7940797940797941
2021-12-21,rank_exit,-0.011493485831614638,1.0
2021-12-22,rank_exit,0.022170062476202214,1.0
2021-12-23,rank_exit,0.0066584823142144065,0.8333333333333333
2021-12-27,rank_exit,0.01364584282954293,0.9375
2021-12-28,rank_exit,-0.019921199326950596,0.8068181818181818
2021-12-29,rank_exit,0.0013358294953192261,0.6464646464646464
2021-12-30,rank_exit,-0.012310264357037014,1.0
2021-12-31,rank_exit,-0.0026126092316126506,0.8383838383838385
2022-01-03,rank_exit,0.010566648643674025,1.0
2022-01-04,rank_exit,0.024212010164576515,0.9166666666666666
2022-01-05,rank_exit,-0.01608244359356755,0.9166666666666667
2022-01-06,rank_exit,-0.03454541561486101,0.7083333333333331
2022-01-07,rank_exit,0.009014264336188196,0.8650793650793651
2022-01-10,rank_exit,-0.007877410002732123,1.0
2022-01-11,rank_exit,0.0049963032561299876,0.8119369369369369
2022-01-12,rank_exit,0.009102879431137759,1.0
2022-01-13,rank_exit,-0.031227440510626495,1.0
2022-01-14,rank_exit,-0.00043756330697829204,0.7142857142857144
2022-01-18,rank_exit,-0.011544416661024641,1.0
2022-01-19,rank_exit,-0.0023657976656503415,0.9999999999999999
2022-01-20,rank_exit,-0.023306185643830607,1.0000000000000002
2022-01-21,rank_exit,-0.031749228338738035,0.9682539682539686
2022-01-24,rank_exit,-0.002309979541572801,1.0
2022-01-25,rank_exit,-0.029395068154518242,0.9999999999999999
2022-01-26,rank_exit,-0.018616758764034756,0.9722222222222223
2022-01-27,rank_exit,0.0015793554742534878,0.9687500000000001
2022-01-28,rank_exit,-4.018817600277109e-05,0.90625
2022-01-31,rank_exit,0.03112256335176722,0.9999999999999999
2022-02-01,rank_exit,0.009917307001667788,0.7777777777777778
2022-02-02,rank_exit,-0.03951208574379321,0.9999999999999998
2022-02-03,rank_exit,-0.043309234029917903,1.0
2022-02-04,rank_exit,0.012057506012340402,1.0
2022-02-07,rank_exit,0.06241859844256642,1.0
2022-02-08,rank_exit,0.025649985236228003,0.972222222222222
2022-02-09,rank_exit,0.013442890224759682,1.0
2022-02-10,rank_exit,-0.014086401291351868,1.0000000000000002
2022-02-11,rank_exit,-0.034127577144283924,1.0
2022-02-14,rank_exit,0.008660489046049165,0.8295454545454547
2022-02-15,rank_exit,0.022817862534721744,0.8333333333333335
2022-02-16,rank_exit,0.002761751903282901,0.8333333333333334
2022-02-17,rank_exit,0.007307735729852555,0.9999999999999999
2022-02-18,rank_exit,-0.021632288917595,1.0
2022-02-22,rank_exit,-0.022631687265947994,0.8888888888888888
2022-02-23,rank_exit,-0.01352664235443285,1.0
2022-02-24,rank_exit,-0.02600262121602471,0.8888888888888888
2022-02-25,rank_exit,0.022994178270177364,1.0
2022-02-28,rank_exit,0.026376211209913396,0.9444444444444444
2022-03-01,rank_exit,0.00025700868385737424,1.0000000000000002
2022-03-02,rank_exit,0.024371206283739802,1.0000000000000002
2022-03-03,rank_exit,0.0006332256883572954,0.7525252525252526
2022-03-04,rank_exit,0.027268728597644124,0.9090909090909093
2022-03-07,rank_exit,0.05429534219719913,1.0
2022-03-08,rank_exit,-0.024031262537509625,0.8857142857142857
2022-03-09,rank_exit,-0.015974862729434536,1.0142857142857145
2022-03-10,rank_exit,0.006030312962068137,0.7673701298701298
2022-03-11,rank_exit,-0.008420275383820359,1.0
2022-03-14,rank_exit,-0.012035382144848492,1.0
2022-03-15,rank_exit,-0.004847104917940352,0.9572649572649573
2022-03-16,rank_exit,0.037058479947117064,0.8866396761133604
2022-03-17,rank_exit,0.0022601673826191577,0.910609857978279
2022-03-18,rank_exit,0.018447339097639705,1.004761904761905
2022-03-21,rank_exit,-0.05775293763904264,1.0
2022-03-22,rank_exit,0.0180398694961825,0.75
2022-03-23,rank_exit,0.005886442649701635,1.0
2022-03-24,rank_exit,-0.02642719512280514,0.9583333333333335
2022-03-25,rank_exit,-0.0041323760995244305,1.0151515151515151
2022-03-28,rank_exit,-0.03370483879389277,0.8383838383838383
2022-03-29,rank_exit,0.00994986649235978,1.0
2022-03-30,rank_exit,-0.014239977500813843,1.0
2022-03-31,rank_exit,-0.010551392323836674,0.8888888888888891
2022-04-01,rank_exit,0.03728131369378519,0.8293650793650793
2022-04-04,rank_exit,0.009589264248660464,0.7792397660818715
2022-04-05,rank_exit,-0.022968605516137556,0.8888888888888888
2022-04-06,rank_exit,0.014686724616257425,0.9999999999999999
2022-04-07,rank_exit,0.016124593856639096,0.7333333333333335
2022-04-08,rank_exit,0.007324870845865059,0.8
2022-04-11,rank_exit,-0.01003485024369086,0.8419312169312169
2022-04-12,rank_exit,-0.010002492615264917,0.8594516594516594
2022-04-13,rank_exit,0.023178210422716044,0.9242424242424242
2022-04-14,rank_exit,-0.003377397381445059,0.9166666666666666
2022-04-18,rank_exit,-0.00017137311712652322,0.9722222222222223
2022-04-19,rank_exit,-0.011227647116987241,0.7500000000000001
2022-04-20,rank_exit,-0.0014722132414724588,0.8583333333333333
2022-04-21,rank_exit,0.0023880867091692322,0.7803030303030303
2022-04-22,rank_exit,-0.02117448599803079,0.6927437641723356
2022-04-25,rank_exit,0.0069449233972125315,0.8843537414965985
2022-04-26,rank_exit,-0.03638627577637,0.962059620596206
2022-04-27,rank_exit,0.0005895149184792499,0.7999999999999999
2022-04-28,rank_exit,0.01711178630398876,1.0
2022-04-29,rank_exit,-0.03986732087042115,0.8383838383838383
2022-05-02,rank_exit,0.01856901795910938,1.0
2022-05-03,rank_exit,0.01189221160080566,0.9999999999999998
2022-05-04,rank_exit,0.03314820543786112,0.9166666666666667
2022-05-05,rank_exit,-0.054617705482725314,0.7777777777777778
2022-05-06,rank_exit,0.002842496411326313,0.8835978835978835
2022-05-09,rank_exit,-0.11091430784283879,0.9999999999999999
2022-05-10,rank_exit,-0.013502981783583806,0.9310344827586208
2022-05-11,rank_exit,-0.012598547886142748,0.7142857142857144
2022-05-12,rank_exit,-0.0071760806163866375,1.0
2022-05-13,rank_exit,0.006902808809344185,1.0
2022-05-16,rank_exit,-0.01957664905422313,0.9999999999999998
2022-05-17,rank_exit,0.011612403821305892,1.0
2022-05-18,rank_exit,-0.0695416338238755,0.990079365079365
2022-05-19,rank_exit,0.03985031064127493,0.8333333333333335
2022-05-20,rank_exit,-0.026577504719905675,1.0
2022-05-23,rank_exit,0.004495877694582305,1.0000000000000004
2022-05-24,rank_exit,0.001818395936484833,0.8888888888888891
2022-05-25,rank_exit,0.02311991366569468,0.90625
2022-05-26,rank_exit,0.028118457080026818,1.0
2022-05-27,rank_exit,0.02389764356558332,0.7777777777777779
2022-05-31,rank_exit,-0.0373753276256007,0.875
2022-06-01,rank_exit,-0.015086674855134333,0.8222222222222224
2022-06-02,rank_exit,0.03626231211978497,0.8099206349206349
2022-06-03,rank_exit,-0.03212920004161014,1.0
2022-06-06,rank_exit,-0.0012267862782313016,0.5973266499582289
2022-06-07,rank_exit,0.054531603811212574,0.7777777777777778
2022-06-08,rank_exit,0.004068099620862365,0.7638888888888888
2022-06-09,rank_exit,-0.05135993603369896,0.8333333333333333
2022-06-10,rank_exit,-0.020822300767975817,0.7333333333333334
2022-06-13,rank_exit,-0.07896537120321277,0.9444444444444445
2022-06-14,rank_exit,-0.005909651624240848,0.9166666666666667
2022-06-15,rank_exit,0.007475636877659933,1.0
2022-06-16,rank_exit,-0.037021423056026924,1.0
2022-06-17,rank_exit,-0.002237462422447364,1.0
2022-06-21,rank_exit,0.033806343017727114,1.0
2022-06-22,rank_exit,-0.010098024449642503,0.7716727716727717
2022-06-23,rank_exit,0.05943926431528549,0.8299838299838298
2022-06-24,rank_exit,0.01881217328166896,0.9999999999999998
2022-06-27,rank_exit,-0.014389588176322979,1.0
2022-06-28,rank_exit,-0.0469066279619005,0.9696969696969697
2022-06-29,rank_exit,-0.0016912770641429452,0.985858585858586
2022-06-30,rank_exit,-0.012590055295180952,0.8666666666666665
2022-07-01,rank_exit,0.013499795791811606,1.0000000000000002
2022-07-05,rank_exit,-0.021840620672772534,0.9191919191919194
2022-07-06,rank_exit,-0.007876700262269297,0.984848484848485
2022-07-07,rank_exit,0.03399995997610078,1.0
2022-07-08,rank_exit,0.027218747044896473,0.8888888888888891
2022-07-11,rank_exit,-0.0617034047514985,0.888888888888889
2022-07-12,rank_exit,-0.017067536954872967,1.0
2022-07-13,rank_exit,-0.006281564088194273,0.9999999999999999
2022-07-14,rank_exit,-0.02555093911147064,0.9999999999999999
2022-07-15,rank_exit,0.0051995746679550595,1.0000000000000002
2022-07-18,rank_exit,-0.014836827530429404,1.0000000000000004
2022-07-19,rank_exit,0.041723585619208525,0.8222222222222223
2022-07-20,rank_exit,0.07150075706821549,0.721031746031746
2022-07-21,rank_exit,-0.007123775433586361,0.6920012449424215
2022-07-22,rank_exit,-0.034151904994697634,0.938534278959811
2022-07-25,rank_exit,-0.02919730869999274,0.9999999999999999
2022-07-26,rank_exit,0.002664996901690212,0.9999999999999999
2022-07-27,rank_exit,0.03178738862500982,1.0
2022-07-28,rank_exit,0.024224213776601486,1.0
2022-07-29,rank_exit,0.020168198403681767,0.8822180529497604
2022-08-01,rank_exit,-0.008539847869096482,0.9817073170731707
2022-08-02,rank_exit,0.014103877822263609,0.9166666666666669
2022-08-03,rank_exit,-0.003787599126651039,1.0
2022-08-04,rank_exit,0.01220450466865557,0.7777777777777779
2022-08-05,rank_exit,0.015326273414781228,1.0
2022-08-08,rank_exit,0.011556216149697412,0.875
2022-08-09,rank_exit,-0.045343888725594805,0.721590909090909
2022-08-10,rank_exit,0.06236015627831074,0.9668109668109669
2022-08-11,rank_exit,-0.035637984334800234,0.9999999999999999
2022-08-12,rank_exit,0.01268171205130685,0.8108108108108109
2022-08-15,rank_exit,0.007276482567983911,1.0
2022-08-16,rank_exit,-0.01848241166881507,0.9318181818181818
2022-08-17,rank_exit,-0.04262298676712452,0.9749999999999999
2022-08-18,rank_exit,0.009979450957184237,0.9999999999999999
2022-08-19,rank_exit,-0.03935533205373568,1.0075757575757576
2022-08-22,rank_exit,-0.013006102725328645,1.0000000000000002
2022-08-23,rank_exit,0.011297750075575841,1.0
2022-08-24,rank_exit,0.025771288624899788,0.5071428571428571
2022-08-25,rank_exit,0.007284921244495816,0.8058823529411763
2022-08-26,rank_exit,-0.02742495591511386,0.9999999999999999
2022-08-29,rank_exit,0.010387863796109533,0.9999999999999997
2022-08-30,rank_exit,-0.021050076032928196,1.0
2022-08-31,rank_exit,0.012929223597870538,0.9999999999999999
2022-09-01,rank_exit,-0.037788099337351964,1.0
2022-09-02,rank_exit,-0.007819209475693612,0.7500000000000001
2022-09-06,rank_exit,-0.0029031097067973347,0.8666666666666668
2022-09-07,rank_exit,0.02114707193806853,0.8777777777777778
2022-09-08,rank_exit,0.003631996934004549,0.9999999999999999
2022-09-09,rank_exit,0.015489772177428324,1.0833333333333335
2022-09-12,rank_exit,0.018950798639042143,0.9999999999999999
2022-09-13,rank_exit,-0.060993164216597014,1.0
2022-09-14,rank_exit,0.033596556111860666,1.0
2022-09-15,rank_exit,-0.0300023347978194,0.8611111111111112
2022-09-16,rank_exit,-0.055412496564178494,1.0
2022-09-19,rank_exit,-0.015229909068255942,1.0
2022-09-20,rank_exit,-0.016679387348438726,0.7777777777777778
2022-09-21,rank_exit,-0.028037187489078182,1.0
2022-09-22,rank_exit,-0.005079706193145195,0.761904761904762
2022-09-23,rank_exit,-0.020763691098835756,0.7285714285714286
2022-09-26,rank_exit,-0.018691382436490087,1.0
2022-09-27,rank_exit,-0.007251808113908526,0.7777777777777779
2022-09-28,rank_exit,0.03634547688804543,1.0
2022-09-29,rank_exit,-0.015113411374786922,0.8472222222222223
2022-09-30,rank_exit,-0.007567040023840561,1.0000000000000002
2022-10-03,rank_exit,0.03431177574262019,0.9999999999999998
2022-10-04,rank_exit,0.016743648516114353,0.9555555555555555
2022-10-05,rank_exit,-0.004794195014209602,0.9333333333333333
2022-10-06,rank_exit,0.015806146504298495,1.0
2022-10-07,rank_exit,0.0007662829385171999,0.42857142857142855
2022-10-10,rank_exit,-0.02752379956638907,1.0000000000000002
2022-10-11,rank_exit,-0.017175266001809575,1.0
2022-10-12,rank_exit,0.01091051982461352,0.8888888888888888
2022-10-13,rank_exit,0.019939207411158406,1.0
2022-10-14,rank_exit,-0.020755337318812427,0.9797979797979799
2022-10-17,rank_exit,0.018808054759722564,0.9375000000000001
2022-10-18,rank_exit,0.00797889937253879,0.795138888888889
2022-10-19,rank_exit,-0.019014862531636353,1.0
2022-10-20,rank_exit,-0.009959731073247892,0.9375
2022-10-21,rank_exit,0.038532710502453105,0.5959429824561404
2022-10-24,rank_exit,-0.008715333974994209,1.0
2022-10-25,rank_exit,0.006075203382485598,0.7777777777777777
2022-10-26,rank_exit,-0.007295233779609913,1.0
2022-10-27,rank_exit,-0.018020299203839508,0.8888888888888888
2022-10-28,rank_exit,0.029838894563933176,1.0
2022-10-31,rank_exit,-0.016563129030132632,0.9111111111111111
2022-11-01,rank_exit,-0.004693956071773782,0.9500000000000002
2022-11-02,rank_exit,-0.037482333018777625,1.0
2022-11-03,rank_exit,0.00788967223477489,0.8888888888888888
2022-11-04,rank_exit,-0.0024320553699688544,1.0
2022-11-07,rank_exit,-0.0074362424124357574,0.7777777777777777
2022-11-08,rank_exit,0.023455588059405584,1.0
2022-11-09,rank_exit,-0.017850062437521335,0.8888888888888887
2022-11-10,rank_exit,0.055815624515351346,0.8277777777777778
2022-11-11,rank_exit,0.011790972109666996,1.0
2022-11-14,rank_exit,-0.020584052989456092,1.0
2022-11-15,rank_exit,0.0110232668854628,1.0
2022-11-16,rank_exit,-0.056247064596102445,1.0
2022-11-17,rank_exit,-0.003971980848722828,0.7321428571428571
2022-11-18,rank_exit,-0.02285370721928224,1.0
2022-11-21,rank_exit,-0.0004456833647590487,1.0
2022-11-22,rank_exit,0.017955676500012972,0.9999999999999999
2022-11-23,rank_exit,-0.0018192450061495146,0.8666666666666667
2022-11-25,rank_exit,0.00416226077547222,1.0
2022-11-28,rank_exit,-0.007972170064456618,0.8888888888888888
2022-11-29,rank_exit,0.005557858124281116,0.9999999999999998
2022-11-30,rank_exit,0.0425010601208744,0.9629629629629629
2022-12-01,rank_exit,-0.0217411119164906,1.0185185185185186
2022-12-02,rank_exit,-0.0029953149186849565,0.7777777777777778
2022-12-05,rank_exit,-0.04051136674352559,1.0
2022-12-06,rank_exit,0.02211894914862367,0.7658730158730159
2022-12-07,rank_exit,-0.018566763109379582,0.9999999999999998
2022-12-08,rank_exit,-0.0021326365301152254,0.7777777777777778
2022-12-09,rank_exit,0.003392331106216044,1.0
2022-12-12,rank_exit,-0.004761720694887602,0.75
2022-12-13,rank_exit,0.007069257854212191,0.9166666666666666
2022-12-14,rank_exit,0.011920719146919957,0.9444444444444446
2022-12-15,rank_exit,-0.022685185657714036,0.6879084967320264
2022-12-16,rank_exit,-0.02248062970838174,1.040247678018576
2022-12-19,rank_exit,-0.018274196330620926,1.0
2022-12-20,rank_exit,0.016897701860026156,0.7777777777777778
2022-12-21,rank_exit,0.008695206570226321,0.7500000000000001
2022-12-22,rank_exit,-0.017998837596951114,0.7777777777777779
2022-12-23,rank_exit,0.004081526930745851,0.625
2022-12-27,rank_exit,0.004165243273356636,0.7777777777777778
2022-12-28,rank_exit,-0.04604731557387465,1.0
2022-12-29,rank_exit,0.013468676692033055,1.0
2022-12-30,rank_exit,0.004737603840597293,1.0
2023-01-03,rank_exit,-0.026893254700575853,1.0000000000000002
2023-01-04,rank_exit,0.0565489429364444,0.9090909090909092
2023-01-05,rank_exit,-0.0009127350815407948,0.9166666666666666
2023-01-06,rank_exit,-0.003217697173517818,1.0
2023-01-09,rank_exit,0.0364446766334823,1.0
2023-01-10,rank_exit,0.05059947323110977,0.9166666666666666
2023-01-11,rank_exit,-0.009286600626582393,0.7222222222222222
2023-01-12,rank_exit,0.05174641349087904,0.8888888888888891
2023-01-13,rank_exit,0.018957939863674646,0.7666666666666667
2023-01-17,rank_exit,-0.008087412592877185,0.9999999999999998
2023-01-18,rank_exit,-0.05259602181712384,0.9206349206349206
2023-01-19,rank_exit,-0.03514419933580806,1.0
2023-01-20,rank_exit,0.01893241620146064,0.8999999999999999
2023-01-23,rank_exit,0.028709106184755764,1.0000000000000002
2023-01-24,rank_exit,-0.006173204564690787,0.8888888888888888
2023-01-25,rank_exit,0.015136286769767027,1.0
2023-01-26,rank_exit,-0.00272068115538827,1.0000000000000004
2023-01-27,rank_exit,-0.004037255320500949,1.0
2023-01-30,rank_exit,-0.008187109270307266,1.0
2023-01-31,rank_exit,0.01671457826401185,0.9444444444444445
2023-02-01,rank_exit,0.021565239006062123,0.7777777777777777
2023-02-02,rank_exit,0.02505361207182712,0.7611111111111113
2023-02-03,rank_exit,-0.00428249767058913,0.8804347826086958
2023-02-06,rank_exit,-0.030626659011368795,0.8888888888888887
2023-02-07,rank_exit,-0.029311327143477964,0.7333333333333335
2023-02-08,rank_exit,-0.016794860073460562,0.5777777777777778
2023-02-09,rank_exit,-0.03409412024583863,0.7666666666666666
2023-02-10,rank_exit,-0.005930922241047704,0.9365079365079365
2023-02-13,rank_exit,-0.00417925619097486,1.0238095238095235
2023-02-14,rank_exit,0.006550297847323961,0.7916666666666666
2023-02-15,rank_exit,-0.011674952818981399,1.0
2023-02-16,rank_exit,-0.05340450723478607,1.0
2023-02-17,rank_exit,-0.023908007519567637,0.8888888888888888
2023-02-21,rank_exit,-0.05260097235043421,0.7777777777777778
2023-02-22,rank_exit,0.0019785673684239225,0.9999999999999999
2023-02-23,rank_exit,-0.02762226151308916,0.9666666666666668
2023-02-24,rank_exit,-0.00978349235604964,0.9000000000000001
2023-02-27,rank_exit,-0.002180994095863741,0.8541666666666667
2023-02-28,rank_exit,0.008527392211235942,0.8124999999999998
2023-03-01,rank_exit,-0.003941143235523312,1.0
2023-03-02,rank_exit,-0.0015438229047362194,0.7777777777777776
2023-03-03,rank_exit,0.011146409873745704,1.0
2023-03-06,rank_exit,-0.002453351048966228,1.0000000000000002
2023-03-07,rank_exit,-1.1133209482257688e-05,0.8961038961038961
2023-03-08,rank_exit,-0.012770870910666615,1.0
2023-03-09,rank_exit,-0.03177652297832363,1.0
2023-03-10,rank_exit,-0.025819465515555133,1.0
2023-03-13,rank_exit,0.00476146594268087,1.0
2023-03-14,rank_exit,0.013101677996279322,1.0000000000000002
2023-03-15,rank_exit,0.001401119944166369,0.7222222222222222
2023-03-16,rank_exit,-0.00018520121278401162,1.0
2023-03-17,rank_exit,-0.0016278927022998725,1.0
2023-03-20,rank_exit,-0.006606238312495841,0.9166666666666667
2023-03-21,rank_exit,-0.04756895118532303,0.9166666666666667
2023-03-22,rank_exit,-0.04387076244838323,1.0000000000000002
2023-03-23,rank_exit,0.01713467406863571,0.9
2023-03-24,rank_exit,-0.025253365278269005,0.9999999999999999
2023-03-27,rank_exit,0.00626248837286739,1.0
2023-03-28,rank_exit,-0.01233033166956303,1.0
2023-03-29,rank_exit,0.00034760562576635656,1.0
2023-03-30,rank_exit,0.01126104180775241,0.9
2023-03-31,rank_exit,0.007006818853262246,0.6666666666666667
2023-04-03,rank_exit,0.009551727009191525,0.8333333333333334
2023-04-04,rank_exit,-0.01209976233254913,1.0
2023-04-05,rank_exit,-0.04357338167843121,0.6666666666666667
2023-04-06,rank_exit,-0.0019851756851448042,0.6666666666666667
2023-04-10,rank_exit,0.014631667735834308,0.888888888888889
2023-04-11,rank_exit,0.001172121803337851,1.0000000000000002
2023-04-12,rank_exit,0.00046326505722988373,0.888888888888889
2023-04-13,rank_exit,0.0015774775619672452,0.8888888888888888
2023-04-14,rank_exit,-0.010658954391559401,0.9999999999999999
2023-04-17,rank_exit,-0.00515298082996901,0.9285714285714285
2023-04-18,rank_exit,0.0069737486319593435,0.8857142857142857
2023-04-19,rank_exit,-0.0071507693043526745,0.6261261261261262
2023-04-20,rank_exit,-0.017979813035970717,1.0
2023-04-21,rank_exit,0.010103413968116827,1.0
2023-04-24,rank_exit,-0.0018090441541150195,0.888888888888889
2023-04-25,rank_exit,-0.020142577471410576,0.7579365079365079
2023-04-26,rank_exit,-0.0018259150544361904,0.9039039039039038
2023-04-27,rank_exit,-0.005004127507598357,0.8330330330330331
2023-04-28,rank_exit,0.014968711802730034,0.5714285714285713
2023-05-01,rank_exit,-0.017648537054781005,1.0
2023-05-02,rank_exit,-0.010039776838062543,0.9571428571428573
2023-05-03,rank_exit,-0.009399009806683891,0.9487179487179487
2023-05-04,rank_exit,-0.011746281669257697,0.8675213675213677
2023-05-05,rank_exit,0.012599696633456187,0.9999999999999999
2023-05-08,rank_exit,0.0037757257717403775,1.0
2023-05-09,rank_exit,0.006423142240876358,0.972222222222222
2023-05-10,rank_exit,0.01802102536589362,0.6845238095238095
2023-05-11,rank_exit,-0.0075475723060114625,0.8455598455598456
2023-05-12,rank_exit,-0.03343539894492537,1.0142247510668563
2023-05-15,rank_exit,0.038576488287096325,1.0
2023-05-16,rank_exit,0.0017434114201199799,1.0
2023-05-17,rank_exit,0.026546477610730403,0.9444444444444444
2023-05-18,rank_exit,0.01766459374504697,0.9555555555555556
2023-05-19,rank_exit,-0.006297215098055712,0.8571428571428572
2023-05-22,rank_exit,0.006114494214490201,1.057142857142857
2023-05-23,rank_exit,0.009217980553129843,0.903968253968254
2023-05-24,rank_exit,0.0032431444036791998,0.9333333333333333
2023-05-25,rank_exit,0.016462494433781526,1.0055555555555558
2023-05-26,rank_exit,0.08438458847376402,0.6944444444444444
2023-05-30,rank_exit,-0.010589102823962776,0.5833333333333333
2023-05-31,rank_exit,-0.0332343463059005,1.0000000000000002
2023-06-01,rank_exit,0.015733137421615043,0.8833333333333335
2023-06-02,rank_exit,-7.687679482423467e-05,1.0
2023-06-05,rank_exit,-0.0030689887698286448,1.0
2023-06-06,rank_exit,0.012331812428868407,0.8888888888888888
2023-06-07,rank_exit,-0.007797369591772888,1.0
2023-06-08,rank_exit,0.00811526210993564,0.8888888888888888
2023-06-09,rank_exit,1.9648549729165223e-05,0.9999999999999998
2023-06-12,rank_exit,0.007516387152181525,0.911111111111111
2023-06-13,rank_exit,0.02039596386321306,1.0166666666666668
2023-06-14,rank_exit,-0.0047635737060700255,1.0
2023-06-15,rank_exit,0.025642013334489015,1.0
2023-06-16,rank_exit,-0.016553959726242472,1.0000000000000002
2023-06-20,rank_exit,0.012597701122985581,0.8937499999999999
2023-06-21,rank_exit,-0.04726443426716085,0.7232142857142857
2023-06-22,rank_exit,-0.00079405016157947,1.0068069306930694
2023-06-23,rank_exit,-0.00016923532573190635,0.7777777777777779
2023-06-26,rank_exit,-0.022432292493499817,0.9444444444444444
2023-06-27,rank_exit,0.03280419893537588,0.9444444444444444
2023-06-28,rank_exit,0.001655157629902451,0.916666666666667
2023-06-29,rank_exit,0.004133974226836712,0.888888888888889
2023-06-30,rank_exit,0.016118139306223276,0.8888888888888888
2023-07-03,rank_exit,-0.0022332172516683663,0.9999999999999999
2023-07-05,rank_exit,0.037799941826276454,0.9999999999999999
2023-07-06,rank_exit,-0.05212147351260872,0.9444444444444443
2023-07-07,rank_exit,0.06362516390205747,1.0
2023-07-10,rank_exit,0.016302760259680776,0.4444444444444445
2023-07-11,rank_exit,0.006075951665385774,0.75
2023-07-12,rank_exit,0.011980137962646981,0.9999999999999999
2023-07-13,rank_exit,0.026202551837098024,1.0000000000000002
2023-07-14,rank_exit,-0.042836832919584185,0.7111111111111111
2023-07-17,rank_exit,0.08893236192713995,0.988888888888889
2023-07-18,rank_exit,0.0005790398179782289,0.7222222222222223
2023-07-19,rank_exit,0.012463735359853437,1.0
2023-07-20,rank_exit,-0.011801881523541908,1.0
2023-07-21,rank_exit,-0.00519312615582772,1.0
2023-07-24,rank_exit,-0.015414887218049442,0.888888888888889
2023-07-25,rank_exit,-0.00473224570922678,0.9999999999999999
2023-07-26,rank_exit,-0.0017838048811746328,1.0
2023-07-27,rank_exit,0.002494083895113304,0.9999999999999999
2023-07-28,rank_exit,0.041048275262805016,0.7777777777777778
2023-07-31,rank_exit,0.0008083414290736884,0.8888888888888891
2023-08-01,rank_exit,-0.02610118014433129,1.0448717948717947
2023-08-02,rank_exit,-0.05042019082923157,1.0000000000000002
2023-08-03,rank_exit,-0.008015399007419967,0.9166666666666667
2023-08-04,rank_exit,-0.01205565390982845,0.775
2023-08-07,rank_exit,0.003818823147502676,1.0
2023-08-08,rank_exit,0.00450971127089028,0.9038461538461539
2023-08-09,rank_exit,-0.0208942311465629,0.9523809523809524
2023-08-10,rank_exit,-0.015928756897583114,1.0396825396825395
2023-08-11,rank_exit,-0.020204003578069663,1.0000000000000002
2023-08-14,rank_exit,0.00012726847567652816,1.0000000000000002
2023-08-15,rank_exit,-0.0017580403728381937,0.9238095238095239
2023-08-16,rank_exit,-0.007528948254831026,0.7032604032604033
2023-08-17,rank_exit,-0.0034048247410756417,0.7781454924312066
2023-08-18,rank_exit,0.005161807383623198,0.773809523809524
2023-08-21,rank_exit,-0.004108779573546399,1.0726190476190476
2023-08-22,rank_exit,-0.0037970343309836198,0.9999999999999999
2023-08-23,rank_exit,0.00976815899898351,0.625
2023-08-24,rank_exit,-0.012886419154442164,1.0000000000000002
2023-08-25,rank_exit,-0.014743304201027544,1.0
2023-08-28,rank_exit,0.0028410363090299786,0.9125000000000001
2023-08-29,rank_exit,0.02993183880102344,1.0000000000000002
2023-08-30,rank_exit,0.014766849422003809,0.5595238095238095
2023-08-31,rank_exit,0.010677302759743032,0.767857142857143
2023-09-01,rank_exit,0.011109766445757624,0.8530701754385966
2023-09-05,rank_exit,-0.021992716261149042,1.0160818713450293
2023-09-06,rank_exit,-0.005008708139057805,0.8888888888888888
2023-09-07,rank_exit,-0.003055824941774412,0.6888888888888889
2023-09-08,rank_exit,0.002653218399942725,0.4913194444444445
2023-09-11,rank_exit,-0.0047628193423672385,1.0
2023-09-12,rank_exit,-0.00895159829986827,0.8068376068376069
2023-09-13,rank_exit,-0.002256142019470173,0.6666666666666666
2023-09-14,rank_exit,0.021691649083026357,0.7261904761904763
2023-09-15,rank_exit,0.01303791628931972,1.003968253968254
2023-09-18,rank_exit,-0.0011817242450948245,0.9596774193548387
2023-09-19,rank_exit,-0.00779516496210113,1.0000000000000002
2023-09-20,rank_exit,-0.0036296274688581067,0.8888888888888891
2023-09-21,rank_exit,-0.02334048476381898,1.0
2023-09-22,rank_exit,0.0022948468394863868,1.0000000000000002
2023-09-25,rank_exit,0.006907689115658194,0.7777777777777779
2023-09-26,rank_exit,-0.014005977754418237,0.8055555555555556
2023-09-27,rank_exit,-0.001572829616365721,1.0000000000000002
2023-09-28,rank_exit,0.0032775475148127675,0.8912529550827422
2023-09-29,rank_exit,-0.02729088837077161,1.026595744680851
2023-10-02,rank_exit,-0.009195175712026493,1.0
2023-10-03,rank_exit,-0.04664224262432059,1.0
2023-10-04,rank_exit,-0.029619264193779936,0.9222222222222223
2023-10-05,rank_exit,0.002756554782026811,1.0
2023-10-06,rank_exit,0.015131474748570396,0.8666666666666667
2023-10-09,rank_exit,-0.0022069729547249573,1.0
2023-10-10,rank_exit,0.0046525134465275385,0.7777777777777777
2023-10-11,rank_exit,0.013312467686243173,1.0
2023-10-12,rank_exit,-0.022032145755641767,1.0
2023-10-13,rank_exit,0.011376090513063705,0.9249999999999999
2023-10-16,rank_exit,0.0076454912990648015,1.0000000000000002
2023-10-17,rank_exit,0.012540013877696581,0.6428571428571428
2023-10-18,rank_exit,-0.007027134403266216,1.0
2023-10-19,rank_exit,-0.0019855967126613592,0.9375
2023-10-20,rank_exit,-0.006591070204275621,0.8991989319092123
2023-10-23,rank_exit,0.006176393497612961,0.9764129951045839
2023-10-24,rank_exit,0.07286865430720828,0.9761904761904763
2023-10-25,rank_exit,0.007100385297214455,0.8333333333333333
2023-10-26,rank_exit,-0.025366491488243534,0.9999999999999998
2023-10-27,rank_exit,-0.03899532239022732,0.8888888888888891
2023-10-30,rank_exit,0.004833800605347322,1.0
2023-10-31,rank_exit,-0.007202166850669401,0.9444444444444444
2023-11-01,rank_exit,0.015494771055780052,1.0000000000000002
2023-11-02,rank_exit,0.030515491280075933,0.9444444444444446
2023-11-03,rank_exit,0.03778677165589662,0.95
2023-11-06,rank_exit,-0.013226687825307157,0.925
2023-11-07,rank_exit,0.009835079729410173,0.9022988505747127
2023-11-08,rank_exit,-0.03340659680739349,0.7777777777777779
2023-11-09,rank_exit,0.0008480613081825092,1.0
2023-11-10,rank_exit,0.01731692433230339,1.0000000000000002
2023-11-13,rank_exit,-0.006687699828092755,0.888888888888889
2023-11-14,rank_exit,0.030877513953669014,1.0
2023-11-15,rank_exit,-0.006876853285557787,0.8368055555555556
2023-11-16,rank_exit,-0.014513092833600156,1.027777777777778
2023-11-17,rank_exit,0.0005466176739270833,1.0
2023-11-20,rank_exit,0.04173361598859096,1.0
2023-11-21,rank_exit,-0.025300721254126204,0.9999999999999998
2023-11-22,rank_exit,-0.007942064621472863,0.7777777777777778
2023-11-24,rank_exit,0.01332914050107262,1.0
2023-11-27,rank_exit,0.00018410740297586468,1.0
2023-11-28,rank_exit,0.023015409684459823,1.0
2023-11-29,rank_exit,0.016813577727661656,0.846153846153846
2023-11-30,rank_exit,-0.008673256896793257,0.9999999999999999
2023-12-01,rank_exit,0.01403316775184907,1.0
2023-12-04,rank_exit,0.01929147119810023,1.0
2023-12-05,rank_exit,-0.009205423188006406,0.7777777777777778
2023-12-06,rank_exit,-0.015525515346890431,1.0000000000000002
2023-12-07,rank_exit,0.023228105651618404,1.0
2023-12-08,rank_exit,0.006405915531082625,0.9999999999999999
2023-12-11,rank_exit,-0.06199465435791614,0.9285714285714287
2023-12-12,rank_exit,0.00332583381460191,0.9571428571428572
2023-12-13,rank_exit,0.0019094033063634713,0.9222222222222224
2023-12-14,rank_exit,0.05959605369122464,0.9999999999999999
2023-12-15,rank_exit,-0.010085038347629442,1.0
2023-12-18,rank_exit,-0.006308901449001134,1.0
2023-12-19,rank_exit,0.04806211136436582,1.0
2023-12-20,rank_exit,-0.037327380284271246,0.5714285714285714
2023-12-21,rank_exit,0.06531212919828133,0.8888888888888891
2023-12-22,rank_exit,0.03728526337628538,0.6714285714285715
2023-12-26,rank_exit,0.07660191541230023,1.0
2023-12-27,rank_exit,0.022070718414105652,0.7313852813852812
2023-12-28,rank_exit,-0.0754391924153345,0.7444444444444445
2023-12-29,rank_exit,-0.028989345004649836,1.0
2024-01-02,rank_exit,-0.03669498455720248,1.0
2024-01-03,rank_exit,0.0011181084927331334,0.8222222222222224
2024-01-04,rank_exit,0.0014014408039148029,0.7750000000000001
2024-01-05,rank_exit,0.0061019083079084675,1.0
2024-01-08,rank_exit,0.0005294426402921425,0.9107142857142858
2024-01-09,rank_exit,0.012704416469041703,1.0
2024-01-10,rank_exit,0.0010105352082780874,1.0
2024-01-11,rank_exit,-0.01325571683794347,0.9999999999999998
2024-01-12,rank_exit,0.005805479270379399,0.8749999999999999
2024-01-16,rank_exit,-0.01451078578012283,0.9259259259259258
2024-01-17,rank_exit,-0.007037416246232479,0.8217592592592592
2024-01-18,rank_exit,0.005316166635315365,1.0000000000000002
2024-01-19,rank_exit,0.03509812874092766,1.0
2024-01-22,rank_exit,0.008981723554409557,0.7083333333333335
2024-01-23,rank_exit,8.035404172951458e-05,0.7532894736842105
2024-01-24,rank_exit,-0.0073671584465239805,0.9999999999999999
2024-01-25,rank_exit,0.01459721923112652,0.9166666666666665
2024-01-26,rank_exit,0.008693005667071539,0.9062500000000001
2024-01-29,rank_exit,0.008940573196017234,0.9388297872340428
2024-01-30,rank_exit,-0.024367136860448405,0.8653288201160543
2024-01-31,rank_exit,-0.02331788202764208,1.0
2024-02-01,rank_exit,0.02440195892501427,0.9999999999999999
2024-02-02,rank_exit,-0.009336582964079519,1.0
2024-02-05,rank_exit,-0.012488917961987905,1.0
2024-02-06,rank_exit,-0.002945996475229621,1.0000000000000002
2024-02-07,rank_exit,-0.007488091554565327,1.0000000000000002
2024-02-08,rank_exit,-0.001121445314689402,1.0
2024-02-09,rank_exit,0.09537705017304379,1.0
2024-02-12,rank_exit,0.0820499132134703,0.7777777777777779
2024-02-13,rank_exit,-0.054728866512182665,1.0
2024-02-14,rank_exit,0.011026578273888296,0.5714285714285714
2024-02-15,rank_exit,-0.007385682287769093,1.0000000000000002
2024-02-16,rank_exit,0.01129359518758594,1.0000000000000002
2024-02-20,rank_exit,-0.002220141239094683,0.8750000000000001
2024-02-21,rank_exit,-0.0514771863364495,0.7142857142857143
2024-02-22,rank_exit,0.013735095576178016,1.0
2024-02-23,rank_exit,-0.011237042706790339,1.0
2024-02-26,rank_exit,0.0009591794474789769,1.0
2024-02-27,rank_exit,0.011673471971020031,0.90625
2024-02-28,rank_exit,-0.046297351597869914,0.8888888888888891
2024-02-29,rank_exit,0.010006689163958192,0.9555555555555555
2024-03-01,rank_exit,0.03424210001999082,0.9
2024-03-04,rank_exit,-0.0002358788458549034,0.9928571428571429
2024-03-05,rank_exit,-0.01836338308863256,0.9333333333333336
2024-03-06,rank_exit,0.017664511063170248,0.7833333333333332
2024-03-07,rank_exit,0.01228363780292542,0.7722222222222221
2024-03-08,rank_exit,-0.021052079420128537,0.8222222222222222
2024-03-11,rank_exit,0.056154713061430335,0.8571428571428571
2024-03-12,rank_exit,-0.0035789099471561546,0.8070175438596493
2024-03-13,rank_exit,-0.0028455785849382216,1.0263157894736843
2024-03-14,rank_exit,-0.001606575923210923,1.0
2024-03-15,rank_exit,0.02996150414732377,0.648989898989899
2024-03-18,rank_exit,-0.0043220310752609195,0.6767676767676766
2024-03-19,rank_exit,-0.03935450092687343,0.6538908246225319
2024-03-20,rank_exit,0.0003366750847700968,1.0
2024-03-21,rank_exit,-0.0004997539730216423,1.0
2024-03-22,rank_exit,-0.012884725032846392,1.0
2024-03-25,rank_exit,0.038200633072495035,0.9999999999999998
2024-03-26,rank_exit,-0.008143409173415595,0.9166666666666665
2024-03-27,rank_exit,-0.01213606643818507,0.9999999999999998
2024-03-28,rank_exit,-0.0020312392558481935,1.0
2024-04-01,rank_exit,0.035841485454165045,1.0000000000000002
2024-04-02,rank_exit,0.025859379718522254,0.5686813186813188
2024-04-03,rank_exit,0.07550542976238137,0.6874236874236872
2024-04-04,rank_exit,-0.01927669250468145,0.732462877624168
2024-04-05,rank_exit,0.02752186473516661,0.7596309321691326
2024-04-08,rank_exit,-0.004914925150949641,0.9648078529657479
2024-04-09,rank_exit,0.019243664502966863,1.0122655122655122
2024-04-10,rank_exit,-0.002939982073152027,0.8093126385809313
2024-04-11,rank_exit,0.0023661951846195195,0.8919860627177701
2024-04-12,rank_exit,-0.018415991896494954,0.8112398112398113
2024-04-15,rank_exit,-0.011769735726157297,0.7827600327600327
2024-04-16,rank_exit,-0.0336931660387847,1.0000000000000002
2024-04-17,rank_exit,-0.01443036995821148,0.9449541284403671
2024-04-18,rank_exit,0.0019757156673634894,0.7777777777777779
2024-04-19,rank_exit,0.006805606252871798,0.6472663139329806
2024-04-22,rank_exit,0.013341292448304181,0.8325805480277026
2024-04-23,rank_exit,0.008671311940075893,0.8170731707317074
2024-04-24,rank_exit,-0.0030599168874806035,0.8248644986449863
2024-04-25,rank_exit,-0.00028397352583588544,1.0
2024-04-26,rank_exit,0.008621668510338314,0.8333333333333335
2024-04-29,rank_exit,0.009800830584030093,0.9444444444444444
2024-04-30,rank_exit,-0.03216628474622986,1.0
2024-05-01,rank_exit,-0.022696889611900917,0.9999999999999998
2024-05-02,rank_exit,0.022850826180566608,1.0000000000000002
2024-05-03,rank_exit,0.0072292106975301055,0.8888888888888888
2024-05-06,rank_exit,-0.0006215538286102624,0.8888888888888887
2024-05-07,rank_exit,-0.05484147087530096,1.0000000000000002
2024-05-08,rank_exit,-0.011005399767076913,0.9047619047619048
2024-05-09,rank_exit,0.01600447081487065,0.6388888888888887
2024-05-10,rank_exit,-0.02637524387648525,0.9999999999999996
2024-05-13,rank_exit,-0.004115059688887691,0.732980728948471
2024-05-14,rank_exit,0.04523134328648026,1.0
2024-05-15,rank_exit,-0.00424168110985505,0.9666666666666667
2024-05-16,rank_exit,-0.013854073508189799,1.011111111111111
2024-05-17,rank_exit,-0.0031539459520223247,0.8928571428571429
2024-05-20,rank_exit,-0.0021994997593977926,1.0
2024-05-21,rank_exit,0.004066608624071932,0.9680555555555556
2024-05-22,rank_exit,-0.01216554115139226,0.8233918128654971
2024-05-23,rank_exit,-0.03268929669995016,0.8258145363408521
2024-05-24,rank_exit,0.06955590601871275,0.9752525252525255
2024-05-28,rank_exit,0.008951334399006151,0.8565989847715736
2024-05-29,rank_exit,0.0065269836432556025,0.9604595244456319
2024-05-30,rank_exit,-0.011006202047132698,0.9306599832915623
2024-05-31,rank_exit,-0.01695135142466387,0.9641577060931902
2024-06-03,rank_exit,-0.04034351509253305,1.0000000000000002
2024-06-04,rank_exit,-0.008176428985946865,1.0
2024-06-05,rank_exit,0.028717245205353126,0.9527777777777777
2024-06-06,rank_exit,-0.017814284120385732,0.7333333333333334
2024-06-07,rank_exit,-0.017409240236645255,0.9999999999999999
2024-06-10,rank_exit,-0.001772163555797297,0.6250000000000001
2024-06-11,rank_exit,0.050474789602284714,1.0
2024-06-12,rank_exit,0.07231573007610087,0.44642857142857156
2024-06-13,rank_exit,0.02214363783498606,0.5714285714285714
2024-06-14,rank_exit,0.0001679385795638976,0.8609022556390977
2024-06-17,rank_exit,0.02734391109749788,0.9509075719602034
2024-06-18,rank_exit,-0.01650327726392252,0.8288052943225357
2024-06-20,rank_exit,-0.037496821633285424,0.8943965517241381
2024-06-21,rank_exit,-0.03787769334559747,1.0
2024-06-24,rank_exit,0.0022480583086518786,1.0
2024-06-25,rank_exit,-0.0032527827392598014,1.0
2024-06-26,rank_exit,-0.030662074367559293,1.0
2024-06-27,rank_exit,-0.02563143882491154,1.0
2024-06-28,rank_exit,0.01437167467356107,1.0
2024-07-01,rank_exit,-0.0012220822783558843,0.6840277777777779
2024-07-02,rank_exit,0.016878743800893832,1.0
2024-07-03,rank_exit,0.010300861342849483,1.0
2024-07-05,rank_exit,0.017311717183830497,0.9062500000000002
2024-07-08,rank_exit,-0.0029551765554917124,0.7500000000000001
2024-07-09,rank_exit,-0.0003750821948212547,1.0
2024-07-10,rank_exit,0.016368200232699637,1.0
2024-07-11,rank_exit,0.006092557023781826,0.7857142857142857
2024-07-12,rank_exit,0.00361756630023385,0.9253968253968254
2024-07-15,rank_exit,-0.003677790401300183,1.0166666666666666
2024-07-16,rank_exit,0.04223166797350826,0.6111111111111112
2024-07-17,rank_exit,-0.028349894088607497,0.9999999999999998
2024-07-18,rank_exit,-0.009613924197071072,0.9444444444444444
2024-07-19,rank_exit,0.1177070218542405,0.9166666666666667
2024-07-22,rank_exit,0.015874523744267097,0.9333333333333336
2024-07-23,rank_exit,-0.004863038676478509,0.875
2024-07-24,rank_exit,-0.02785271933732864,1.0
2024-07-25,rank_exit,0.013492827194825736,0.8125
2024-07-26,rank_exit,0.028220586244152673,0.8888888888888891
2024-07-29,rank_exit,0.0031774452572930633,1.0
2024-07-30,rank_exit,0.011289334886699668,0.7396825396825397
2024-07-31,rank_exit,-0.015758560413620275,0.9999999999999999
2024-08-01,rank_exit,-0.03753268878864932,1.0
2024-08-02,rank_exit,0.011230730486143373,1.0
2024-08-05,rank_exit,-0.02794287131304601,0.6388888888888891
2024-08-06,rank_exit,0.0038034094934113233,0.8632305194805195
2024-08-07,rank_exit,-0.0016828653595812309,0.7181186868686869
2024-08-08,rank_exit,0.01020359175956407,1.0000000000000002
2024-08-09,rank_exit,-0.0007524194004738672,0.9444444444444446
2024-08-12,rank_exit,-0.01025736413987779,0.9166666666666669
2024-08-13,rank_exit,0.0001814188369394461,0.7500000000000001
2024-08-14,rank_exit,-0.003107614702130099,0.9999999999999999
2024-08-15,rank_exit,0.01932624541751693,0.8888888888888888
2024-08-16,rank_exit,0.003802039592385002,1.0000000000000002
2024-08-19,rank_exit,0.03617086359414612,1.0
2024-08-20,rank_exit,-0.002479629038732744,0.7402597402597402
2024-08-21,rank_exit,0.022001198101727043,0.774891774891775
2024-08-22,rank_exit,-0.03614677417336364,0.8769230769230771
2024-08-23,rank_exit,0.012913624826707874,1.0
2024-08-26,rank_exit,-0.011674616755608595,0.888888888888889
2024-08-27,rank_exit,-0.011197518598786748,1.0
2024-08-28,rank_exit,-0.01218553747464053,1.0
2024-08-29,rank_exit,0.0025896037787016828,1.0
2024-08-30,rank_exit,-0.009820590702593526,1.0000000000000002
2024-09-03,rank_exit,-0.027159990313243766,1.0
2024-09-04,rank_exit,0.008570957308623216,0.6666666666666667
2024-09-05,rank_exit,0.0006737389974598506,0.8888888888888888
2024-09-06,rank_exit,-0.012910956404744944,1.0
2024-09-09,rank_exit,0.008666350827805862,0.8666666666666667
2024-09-10,rank_exit,0.006965586208516271,0.7275641025641024
2024-09-11,rank_exit,-0.0033632286208216903,1.0
2024-09-12,rank_exit,0.013923025917088393,1.0000000000000002
2024-09-13,rank_exit,0.02416376591406892,1.0
2024-09-16,rank_exit,-0.004692472350371313,1.0
2024-09-17,rank_exit,-0.002151525782141013,0.9028878098645541
2024-09-18,rank_exit,-0.021284472582082162,0.8997416020671838
2024-09-19,rank_exit,0.03790589913130416,0.9
2024-09-20,rank_exit,-0.017696635657987844,0.85
2024-09-23,rank_exit,-0.0009721399330766489,1.0890538033395176
2024-09-24,rank_exit,0.05080213690698683,0.9191919191919191
2024-09-25,rank_exit,-0.017619458719507406,0.7777777777777777
2024-09-26,rank_exit,0.043454640250067476,0.7481325863678807
2024-09-27,rank_exit,0.01729601838046607,0.9150326797385622
2024-09-30,rank_exit,0.015230664627681474,0.8104119696659151
2024-10-01,rank_exit,0.0705632083390417,0.6649655355249203
2024-10-02,rank_exit,0.058733133682477304,0.6984487605923814
2024-10-03,rank_exit,0.00014614390129492156,1.0409229799204578
2024-10-04,rank_exit,0.020524179643467245,0.5996055226824458
2024-10-07,rank_exit,-0.019829557455577407,0.6527777777777779
2024-10-08,rank_exit,-0.06839824750743526,0.9166666666666666
2024-10-09,rank_exit,0.015762193562064226,1.0
2024-10-10,rank_exit,0.03346712163061345,0.888888888888889
2024-10-11,rank_exit,0.006118805309979981,1.0
2024-10-14,rank_exit,0.021986966252813656,1.0
2024-10-15,rank_exit,-0.0434050215968247,0.8888888888888888
2024-10-16,rank_exit,0.005453861594680123,0.9999999999999999
2024-10-17,rank_exit,-0.02048127348490122,1.0
2024-10-18,rank_exit,0.07295204236943222,1.0
2024-10-21,rank_exit,0.07222193909954953,0.8137426900584795
2024-10-22,rank_exit,0.028528832017151423,0.7707602339181286
2024-10-23,rank_exit,-0.02191031950334883,0.9999999999999999
2024-10-24,rank_exit,0.013912372718600257,0.8571428571428574
2024-10-25,rank_exit,-0.00643498436744081,1.0
2024-10-28,rank_exit,-0.003944939255278633,0.875
2024-10-29,rank_exit,-0.0249196975084846,0.7777777777777778
2024-10-30,rank_exit,0.03572520778546268,1.0
2024-10-31,rank_exit,-0.026623656876141988,0.9444444444444442
2024-11-01,rank_exit,0.0056531221577585606,0.761904761904762
2024-11-04,rank_exit,-0.015316103476755105,0.986607142857143
2024-11-05,rank_exit,0.017266223984259213,0.9333333333333335
2024-11-06,rank_exit,-0.099351845177905,1.0000000000000002
2024-11-07,rank_exit,-0.012630918157498046,0.90625
2024-11-08,rank_exit,0.022953073532761343,0.9999999999999999
2024-11-11,rank_exit,0.08840478531805723,0.8055555555555556
2024-11-12,rank_exit,-0.05414726211873489,0.7222222222222222
2024-11-13,rank_exit,-0.08797054422042441,1.0333333333333334
2024-11-14,rank_exit,0.08270581329077765,0.9999999999999999
2024-11-15,rank_exit,-0.02721322155017272,0.9999999999999998
2024-11-18,rank_exit,0.0019229737712639177,0.7428571428571429
2024-11-19,rank_exit,0.011228658745076047,0.6666666666666666
2024-11-20,rank_exit,0.0006112605321008458,0.6666666666666667
2024-11-21,rank_exit,0.021823263489667268,0.8888888888888888
2024-11-22,rank_exit,0.002155333331687967,1.0
2024-11-25,rank_exit,0.13406845139751086,1.0
2024-11-26,rank_exit,-0.04246052600271594,0.7777777777777777
2024-11-27,rank_exit,0.13840639407193445,1.0
2024-11-29,rank_exit,0.11269316713324959,0.9625
2024-12-02,rank_exit,-0.05153205097585897,1.0125000000000002
2024-12-03,rank_exit,-0.017268870357990584,1.0
2024-12-04,rank_exit,0.002578922284054597,1.0
2024-12-05,rank_exit,0.039191009883909944,1.0000000000000002
2024-12-06,rank_exit,0.11040993778650952,0.5714285714285717
2024-12-09,rank_exit,-0.028582760475439343,0.9821428571428572
2024-12-10,rank_exit,-0.051031065085339423,0.8851010101010103
2024-12-11,rank_exit,-0.0006399684018621407,0.9687194525904205
2024-12-12,rank_exit,-0.02966468146266508,0.8571428571428572
2024-12-13,rank_exit,-0.0016268695441853782,1.0
2024-12-16,rank_exit,0.12673449268726364,0.9999999999999998
2024-12-17,rank_exit,0.12988645934665644,0.7777777777777777
2024-12-18,rank_exit,0.007895398399173878,1.0000000000000002
2024-12-19,rank_exit,-0.1750655090319522,1.0637755102040813
2024-12-20,rank_exit,0.01380218006613039,1.0000000000000002
2024-12-23,rank_exit,0.003779809765501302,0.9999999999999998
2024-12-24,rank_exit,0.0201509326284491,0.6706349206349207
2024-12-26,rank_exit,0.021820210932883374,1.0
2024-12-27,rank_exit,-0.017824691069331388,0.9375000000000002
2024-12-30,rank_exit,0.035286526104806426,1.0
2024-12-31,rank_exit,-0.03544172169083939,0.8848403058929375
2025-01-02,rank_exit,0.021535631835886835,1.0
2025-01-03,rank_exit,0.07544805553713495,0.8499999999999999
2025-01-06,rank_exit,0.003512913482570989,0.9999999999999998
2025-01-07,rank_exit,-0.026914048419447827,1.0
2025-01-08,rank_exit,-0.05063590812555609,1.0
2025-01-10,rank_exit,0.02246546844516928,0.9572649572649573
2025-01-13,rank_exit,-0.0007804688305824614,0.96741452991453
2025-01-14,rank_exit,-0.007920968422986556,0.9902777777777778
2025-01-15,rank_exit,0.023754225067723046,0.9590643274853803
2025-01-16,rank_exit,0.0037131098396806787,0.8137792397660819
2025-01-17,rank_exit,-0.004084538130266572,0.795138888888889
2025-01-21,rank_exit,0.0050069320731159885,0.8888888888888888
2025-01-22,rank_exit,0.004325122000244184,0.9166666666666669
2025-01-23,rank_exit,0.033862689394708614,0.9375000000000001
2025-01-24,rank_exit,0.012476414235071051,1.0
2025-01-27,rank_exit,-0.09376481207221883,1.0
2025-01-28,rank_exit,0.015761351092681532,1.0000000000000002
2025-01-29,rank_exit,-0.02040949759932619,1.0000000000000002
2025-01-30,rank_exit,0.022918829849181845,1.0000000000000002
2025-01-31,rank_exit,-0.024299163901278002,1.0000000000000002
2025-02-03,rank_exit,-0.01299769404412005,0.7951388888888891
2025-02-04,rank_exit,0.015229128913904148,1.0
2025-02-05,rank_exit,0.007403651066484931,0.7166666666666668
2025-02-06,rank_exit,-0.006965585511728226,1.0000000000000002
2025-02-07,rank_exit,-0.02239640793255433,1.0793939393939394
2025-02-10,rank_exit,0.025868204380728437,1.0
2025-02-11,rank_exit,-0.03737879002859443,0.9375
2025-02-12,rank_exit,0.03119652732911495,0.9393939393939393
2025-02-13,rank_exit,0.012354628343775978,0.7822871572871573
2025-02-14,rank_exit,0.030266963253171887,0.5478316326530611
2025-02-18,rank_exit,-0.014144547960676539,0.9286327030812324
2025-02-19,rank_exit,0.009890023539302701,0.943529411764706
2025-02-20,rank_exit,-0.054294232186549045,0.8095238095238095
2025-02-21,rank_exit,-0.05056513671652125,0.7777777777777778
2025-02-24,rank_exit,-0.05089984087061409,0.956851119894598
2025-02-25,rank_exit,0.0032337283800820305,0.9999999999999999
2025-02-26,rank_exit,-0.0252153792182097,0.8888888888888887
2025-02-27,rank_exit,-0.04006054907405876,1.0
2025-02-28,rank_exit,0.019031136369694675,1.0
2025-03-03,rank_exit,0.006235115758428894,0.48888888888888893
2025-03-04,rank_exit,-0.021608933536625467,0.8984126984126984
2025-03-05,rank_exit,0.009644509161204141,0.9682539682539681
2025-03-06,rank_exit,-0.020590204903976093,1.0
2025-03-07,rank_exit,-0.0024340117181954916,1.0
2025-03-10,rank_exit,0.007301196021368442,0.8373015873015873
2025-03-11,rank_exit,-0.023543682919347282,1.0
2025-03-12,rank_exit,0.021618864198194046,1.0
2025-03-13,rank_exit,0.032193796578194524,0.635989010989011
2025-03-14,rank_exit,0.007186897148856535,0.91156462585034
2025-03-17,rank_exit,0.01499694099170803,0.6479591836734694
2025-03-18,rank_exit,0.009980906571208103,0.8888888888888888
2025-03-19,rank_exit,0.0040414701692160476,0.9145299145299147
2025-03-20,rank_exit,-0.0030637883238300596,0.9674145299145299
2025-03-21,rank_exit,-0.010709757543296016,0.9999999999999999
2025-03-24,rank_exit,0.01921477567192575,1.019166879631996
2025-03-25,rank_exit,-0.00893249418783117,1.0
2025-03-26,rank_exit,-0.04449300244718503,1.0
2025-03-27,rank_exit,-0.010961421663826812,1.0
2025-03-28,rank_exit,-0.03567879792068593,0.701388888888889
2025-03-31,rank_exit,0.018244780638368305,0.8853427895981087
2025-04-01,rank_exit,0.0001395500084930749,0.8073286052009455
2025-04-02,rank_exit,0.023395060461925684,0.6283524904214559
2025-04-03,rank_exit,-0.08238870149902229,0.9229885057471264
2025-04-04,rank_exit,-0.03846613627872517,0.9333333333333335
2025-04-07,rank_exit,-0.02691945061627378,1.0
2025-04-08,rank_exit,-0.03300033126298256,1.0000000000000002
2025-04-09,rank_exit,0.04573710723059933,1.0
2025-04-10,rank_exit,-0.04281026337126502,0.625
2025-04-11,rank_exit,0.03448009471736922,0.9625000000000001
2025-04-14,rank_exit,0.02503980769977069,0.903846153846154
2025-04-15,rank_exit,-0.0033443742412976787,0.8450854700854701
2025-04-16,rank_exit,0.019187817401669804,0.6830065359477124
2025-04-17,rank_exit,-0.011206921125727659,1.0000000000000002
2025-04-21,rank_exit,-0.04251556978430182,0.766041162227603
2025-04-22,rank_exit,0.011523409662733686,1.0
2025-04-23,rank_exit,0.00495593563016581,1.0
2025-04-24,rank_exit,0.03160839243944371,0.9999999999999999
2025-04-25,rank_exit,-0.005249114527986241,0.9204545454545454
2025-04-28,rank_exit,0.006383685472040053,0.9999999999999998
2025-04-29,rank_exit,-0.0025803584088163593,1.0000000000000002
2025-04-30,rank_exit,-0.046456291823704664,1.0000000000000002
2025-05-01,rank_exit,0.01743529208197818,1.0
2025-05-02,rank_exit,0.018136564534876404,0.7777777777777778
2025-05-05,rank_exit,-0.06459272779845095,0.7916666666666667
2025-05-06,rank_exit,-0.01694325459204589,1.0
2025-05-07,rank_exit,0.03001934987664226,1.0
2025-05-08,rank_exit,0.049462531737481705,1.0
2025-05-09,rank_exit,-0.014697582941008355,0.9999999999999998
2025-05-12,rank_exit,0.014856131902756392,1.0
2025-05-13,rank_exit,-0.03399479129350292,0.6666666666666666
2025-05-14,rank_exit,0.0008959044738933032,0.9166666666666667
2025-05-15,rank_exit,0.0006217336624869253,0.9166666666666667
2025-05-16,rank_exit,-0.033015461675827425,0.8484848484848484
2025-05-19,rank_exit,7.902176286753745e-05,0.98989898989899
2025-05-20,rank_exit,0.015009240447028659,1.0000000000000004
2025-05-21,rank_exit,-0.009428781093510955,1.0000000000000002
2025-05-22,rank_exit,-0.007500977623472713,0.96875
2025-05-23,rank_exit,0.055480543978671616,0.6180555555555556
2025-05-27,rank_exit,0.01895380350503047,0.9191919191919192
2025-05-28,rank_exit,-0.01375049942587402,0.8888888888888888
2025-05-29,rank_exit,-0.015515836644658932,0.9999999999999999
2025-05-30,rank_exit,-0.029027779346991467,1.0
2025-06-02,rank_exit,-0.005378675193122115,1.0
2025-06-03,rank_exit,-0.00024700146269081465,1.0
2025-06-04,rank_exit,0.04766975009972354,0.7500000000000001
2025-06-05,rank_exit,-0.009165645127937216,1.0
2025-06-06,rank_exit,-0.004650364132672461,0.8888888888888888
2025-06-09,rank_exit,0.03139839883248775,1.0
2025-06-10,rank_exit,0.018719469231046185,0.8888888888888888
2025-06-11,rank_exit,-0.01531345517042239,0.9999999999999999
2025-06-12,rank_exit,-0.011481543211266002,1.0
2025-06-13,rank_exit,0.03626543069260199,0.8420329670329672
2025-06-16,rank_exit,-0.014556727610099077,1.0
2025-06-17,rank_exit,-0.013565717782396847,0.742208672086721
2025-06-18,rank_exit,-0.007990906572077044,1.0000000000000002
2025-06-20,rank_exit,0.005692464672197369,0.7777777777777777
2025-06-23,rank_exit,-0.031020480233979984,0.9999999999999999
2025-06-24,rank_exit,0.050679310929126364,1.0
2025-06-25,rank_exit,0.009073667590925979,0.7333333333333333
2025-06-26,rank_exit,0.016691903970580214,0.7888888888888889
2025-06-27,rank_exit,-0.004222414054244057,0.9444444444444445
2025-06-30,rank_exit,-0.0015713317984069636,1.0833333333333333
2025-07-01,rank_exit,-0.0013047230225795936,0.9166666666666667
2025-07-02,rank_exit,0.022080479239707136,0.9999999999999999
2025-07-03,rank_exit,0.0024430014487232996,0.44444444444444453
2025-07-07,rank_exit,-0.019073746338868495,1.0
2025-07-08,rank_exit,0.025194711220694336,1.0
2025-07-09,rank_exit,0.03165236742564982,1.0
2025-07-10,rank_exit,0.012698874672290953,0.888888888888889
2025-07-11,rank_exit,-0.027684794675795737,1.0000000000000002
2025-07-14,rank_exit,0.008162514753094027,1.0
2025-07-15,rank_exit,0.004999470729480192,0.8977272727272727
2025-07-16,rank_exit,0.06493601127221212,0.9393939393939394
2025-07-17,rank_exit,0.05372199355230476,0.8308080808080809
2025-07-18,rank_exit,0.013975664339186348,0.6944444444444445
2025-07-21,rank_exit,0.01643497097919328,0.9722222222222223
2025-07-22,rank_exit,0.0015642896725847333,0.9166666666666666
2025-07-23,rank_exit,0.002141016359331391,0.9333333333333335
2025-07-24,rank_exit,-0.03286917541962095,1.0000000000000002
2025-07-25,rank_exit,0.0050571968919793835,0.9999999999999999
2025-07-28,rank_exit,0.0003038300796479336,0.9166666666666667
2025-07-29,rank_exit,-0.00018161549091237747,0.9999999999999999
2025-07-30,rank_exit,-0.017394205732357743,1.0
2025-07-31,rank_exit,0.013688334940271843,1.0
2025-08-01,rank_exit,-0.012563659314877233,0.794642857142857
2025-08-04,rank_exit,0.015935341238397443,0.9865196078431373
2025-08-05,rank_exit,0.012060243351781332,0.9548102426811435
2025-08-06,rank_exit,0.051950348227212666,1.0
2025-08-07,rank_exit,-0.009299657702325343,1.0
2025-08-08,rank_exit,-0.0021408607112699115,0.8999999999999998
2025-08-11,rank_exit,-0.009970971943400929,0.8361801242236025
2025-08-12,rank_exit,0.013575465370058264,1.0137299771167048
2025-08-13,rank_exit,-0.003335341599034659,1.0
2025-08-14,rank_exit,-0.011157666787375661,1.0
2025-08-15,rank_exit,-0.009550836448108297,1.0
2025-08-18,rank_exit,0.05511834847946797,0.7777777777777777
2025-08-19,rank_exit,-0.006964061769939151,0.9999999999999997
2025-08-20,rank_exit,-0.013622585784954962,0.8333333333333333
2025-08-21,rank_exit,-0.0068929570017721145,0.7777777777777778
2025-08-22,rank_exit,0.04378275502675548,1.0
2025-08-25,rank_exit,-0.018980714870534064,0.6597222222222221
2025-08-26,rank_exit,0.015259320621652531,0.9999999999999999
2025-08-27,rank_exit,-0.021930534474107782,1.0
2025-08-28,rank_exit,0.05797818822151359,1.0
2025-08-29,rank_exit,-0.032789951451304956,0.9999999999999998
2025-09-02,rank_exit,0.01702583909906367,0.7499999999999999
2025-09-03,rank_exit,0.007676625589020915,0.7166666666666667
2025-09-04,rank_exit,0.00838811072912339,0.7329787234042553
2025-09-05,rank_exit,0.020135855137138073,0.742789598108747
2025-09-08,rank_exit,0.007638706305998047,1.0
2025-09-09,rank_exit,-0.007999936850164367,0.888888888888889
2025-09-10,rank_exit,0.03228860571755457,1.0000000000000002
2025-09-11,rank_exit,0.018108247748764857,0.8263888888888888
2025-09-12,rank_exit,0.009382070638515332,0.8774350649350652
2025-09-15,rank_exit,0.02607562907581126,0.8326457855869619
2025-09-16,rank_exit,0.004401805969091316,0.948910325116113
2025-09-17,rank_exit,0.03088125711607968,0.879503481683318
2025-09-18,rank_exit,0.035316001627617284,0.9298819255222526
2025-09-19,rank_exit,0.05289740348139314,0.7396825396825396
2025-09-22,rank_exit,0.0028399876472500404,0.8448090948090948
2025-09-23,rank_exit,-0.02541530993723827,0.6921921921921923
2025-09-24,rank_exit,-0.019352114282381875,0.8888888888888888
2025-09-25,rank_exit,-0.00849939487398573,0.6666666666666667
2025-09-26,rank_exit,-0.021184267799703782,1.0
2025-09-29,rank_exit,0.009697181786370098,0.8977272727272728
2025-09-30,rank_exit,0.0010263464292270237,0.7897727272727273
2025-10-01,rank_exit,0.020658273740653543,0.8749999999999999
2025-10-02,rank_exit,-0.0068104692673187335,0.9255411255411257
2025-10-03,rank_exit,0.001139485023043748,0.7737373737373741
2025-10-06,rank_exit,0.01314201961949013,0.8444444444444444
2025-10-07,rank_exit,0.023582993623391307,1.0
2025-10-08,rank_exit,0.00727664748615312,0.9055555555555557
2025-10-09,rank_exit,0.02180668202488664,0.8617886178861789
2025-10-10,rank_exit,-0.019166948716500373,0.8048780487804877
2025-10-13,rank_exit,0.1544594402879553,0.7333333333333333
2025-10-14,rank_exit,0.05614608081199066,0.7777777777777777
2025-10-15,rank_exit,0.018974570983190726,0.9966583124477861
2025-10-16,rank_exit,-0.06518027656632629,1.0639287612971824
2025-10-17,rank_exit,-0.07655992864478652,0.9999999999999999
2025-10-20,rank_exit,0.018105533723720743,1.0
2025-10-21,rank_exit,-0.012479760657350649,1.0
2025-10-22,rank_exit,-0.02322127475844958,0.7777777777777778
2025-10-23,rank_exit,0.020530166962516423,0.9722222222222222
2025-10-24,rank_exit,-0.0048421979416558795,0.9555555555555558
2025-10-27,rank_exit,0.004650281854501057,0.8833333333333332
2025-10-28,rank_exit,0.0013180796201407443,1.0
2025-10-29,rank_exit,-0.004696093049987968,0.9999999999999999
2025-10-30,rank_exit,-0.017494644094127848,1.0
2025-10-31,rank_exit,0.0009022063155066478,0.9999999999999998
2025-11-03,rank_exit,-0.0015096365792575095,0.8666666666666667
2025-11-04,rank_exit,-0.06623429352307383,1.0
2025-11-05,rank_exit,0.023512752368564614,0.7777777777777779
2025-11-06,rank_exit,-0.026255898539095417,0.625
2025-11-07,rank_exit,-0.0007048130521357661,1.0
2025-11-10,rank_exit,0.005847899709658034,1.0
2025-11-11,rank_exit,-0.014525745754024882,1.0
2025-11-12,rank_exit,-0.006412990821415545,0.7777777777777779
2025-11-13,rank_exit,-0.01478963355967881,0.7532467532467533
2025-11-14,rank_exit,0.0003622705196711732,0.9999999999999998
2025-11-17,rank_exit,-0.01023244531815279,0.7759350741002118
2025-11-18,rank_exit,0.022202188738920766,0.653846153846154
2025-11-19,rank_exit,-0.011600113689355767,0.6666666666666667
2025-11-20,rank_exit,-0.025369791404016784,0.7321428571428571
2025-11-21,rank_exit,0.0387496380568562,0.8888888888888891
2025-11-24,rank_exit,0.0388630315225345,0.7210317460317459
2025-11-25,rank_exit,0.013476858161828831,0.8222222222222221
2025-11-26,rank_exit,-0.0045171232545634455,0.9388208083860259
2025-11-28,rank_exit,0.008166887341062506,1.0202702702702704
2025-12-01,rank_exit,-0.020143125477029077,1.0
2025-12-02,rank_exit,-0.008396440550053333,0.888888888888889
2025-12-03,rank_exit,0.030656605564504814,1.0
2025-12-04,rank_exit,-0.0024385908866663606,0.9285714285714286
2025-12-05,rank_exit,-0.03569527109628341,0.8888888888888888
2025-12-08,rank_exit,-0.003975936014187102,1.0
2025-12-09,rank_exit,-0.0030399718042065592,1.0
2025-12-10,rank_exit,0.021583840762097746,0.7777777777777778
2025-12-11,rank_exit,0.060483444788231304,0.972222222222222
2025-12-12,rank_exit,-0.037314137759039724,0.9375000000000001
2025-12-15,rank_exit,-0.062184532439887225,0.907859078590786
2025-12-16,rank_exit,-0.009594252558984122,0.9071815718157182
2025-12-17,rank_exit,-0.01207508796630669,1.0
2025-12-18,rank_exit,0.0031142220953263903,1.0
2025-12-19,rank_exit,-0.007327835564354904,0.8571428571428571
2025-12-22,rank_exit,0.021734840886329973,1.0000000000000004
2025-12-23,rank_exit,-0.00527739515245212,0.8571428571428573
2025-12-24,rank_exit,-0.00713975043668633,1.0
2025-12-26,rank_exit,-0.028415575662022904,0.6568627450980392
2025-12-29,rank_exit,-0.049392972530185444,1.0
2025-12-30,rank_exit,0.013318724948153088,1.0
2025-12-31,rank_exit,-0.011774775476106815,1.0
2026-01-02,rank_exit,0.012586412162076139,1.0833333333333335
2026-01-05,rank_exit,0.006800308450569777,0.7333333333333333
2026-01-06,rank_exit,0.011164171474321711,1.0000000000000004
2026-01-07,rank_exit,-0.01682807210101503,1.0
2026-01-08,rank_exit,0.0013001659318264112,0.857142857142857
2026-01-09,rank_exit,0.0023087809450402404,1.0
2026-01-12,rank_exit,0.01400682984932792,0.9999999999999999
2026-01-13,rank_exit,0.0017620955072323793,1.0539772727272727
2026-01-14,rank_exit,0.0041624646474328056,0.7840909090909091
2026-01-15,rank_exit,-0.013650323281139286,0.8181818181818183
2026-01-16,rank_exit,0.003865079949955164,1.0
2026-01-20,rank_exit,-0.02912669240350363,0.9999999999999999
2026-01-21,rank_exit,-0.012397564380890617,0.9318181818181819
2026-01-22,rank_exit,-0.00739801612281667,1.0
2026-01-23,rank_exit,-0.015109450042267547,1.0
2026-01-26,rank_exit,-0.03237451029789997,0.9097222222222222
2026-01-27,rank_exit,-0.0030845705813511244,0.795138888888889
2026-01-28,rank_exit,-0.0035570252088531445,0.8596491228070176
2026-01-29,rank_exit,-0.030559132388559816,0.9420289855072466
2026-01-30,rank_exit,-0.030554287347845144,1.0
2026-02-02,rank_exit,-0.0021061178784111136,0.9555555555555557
2026-02-03,rank_exit,0.01618213186945323,0.8083333333333333
2026-02-04,rank_exit,0.017421888098369004,0.9499999999999997
2026-02-05,rank_exit,-0.01166094332139835,0.8666666666666669
2026-02-06,rank_exit,0.021116767013966784,0.9627705627705628
2026-02-09,rank_exit,0.00937768800756303,1.0
2026-02-10,rank_exit,-0.005465557726278929,1.0
2026-02-11,rank_exit,0.004912815843369912,0.8210227272727274
2026-02-12,rank_exit,-0.05045586814260038,0.9999999999999999
2026-02-13,rank_exit,0.020584429614305136,1.0000000000000002
2026-02-17,rank_exit,0.0008110913988913513,0.739010989010989
2026-02-18,rank_exit,-0.017665849580322412,1.0
2026-02-19,rank_exit,0.015498634696846895,0.759372177055104
2026-02-20,rank_exit,0.025268655492253628,0.9999999999999999
2026-02-23,rank_exit,-0.015574657238118586,1.0
2026-02-24,rank_exit,0.006941894531782234,0.9111111111111111
2026-02-25,rank_exit,0.0002677444862717401,1.0421052631578946
2026-02-26,rank_exit,-0.04064879633057064,0.9999999999999999
2026-02-27,rank_exit,0.007972999818418569,1.0
2026-03-02,rank_exit,-0.02814832738716358,1.0
2026-03-03,rank_exit,-0.023422647695196964,1.0
2026-03-04,rank_exit,0.0040670336622769115,0.3333333333333334
2026-03-05,rank_exit,-0.04562944384346299,1.0
2026-03-06,rank_exit,0.028246073201757153,0.8888888888888888
2026-03-09,rank_exit,-0.0018496784119058046,0.8888888888888888
2026-03-10,rank_exit,-7.721697136151131e-05,0.9478657543173672
2026-03-11,rank_exit,-0.010504833286138804,0.8077956989247312
2026-03-12,rank_exit,0.02033901518532069,0.9999999999999999
2026-03-13,rank_exit,-0.0006837530384181032,0.7777777777777778
2026-03-16,rank_exit,-0.0014969516266545105,0.9171296296296296
2026-03-17,rank_exit,-0.03796868111529128,0.788888888888889
2026-03-18,rank_exit,0.006959068849835066,0.9999999999999997
2026-03-19,rank_exit,0.016277416404970907,0.8441558441558443
2026-03-20,rank_exit,-0.006124209459087214,0.7359307359307361
2026-03-23,rank_exit,-0.024570868559942272,1.0
2026-03-24,rank_exit,0.029404978408066645,0.7584586466165414
2026-03-25,rank_exit,0.0063059616573373795,1.0000000000000002
2026-03-26,rank_exit,-0.03758533937895139,0.9090909090909094
2026-03-27,rank_exit,0.0017107630417277984,0.9285714285714286
2026-03-30,rank_exit,-0.020582775531982095,1.0
2026-03-31,rank_exit,0.010180649179339482,1.0
2026-04-01,rank_exit,0.023603521299318895,0.9333333333333331
2026-04-02,rank_exit,-0.015583395557919951,1.0
2026-04-06,rank_exit,-0.01809653491685357,1.0
2026-04-07,rank_exit,0.011574015210052963,0.8888888888888888
2026-04-08,rank_exit,0.10060161417978539,0.9999999999999999
2026-04-09,rank_exit,0.02324282997530744,0.4017857142857143
2026-04-10,rank_exit,0.02679784524895509,0.7019557823129252
2026-04-13,rank_exit,0.023060500451041764,0.8047914818101154
2026-04-14,rank_exit,0.016423909272092384,0.8358895705521472
2026-04-15,rank_exit,0.0028300076069451693,1.1019348749410098
2026-04-16,rank_exit,-0.0017161441221768808,0.944871794871795
2026-04-17,rank_exit,0.03356515105244843,0.9999999999999999
2026-04-20,rank_exit,0.010028076129040829,1.0
2026-04-21,rank_exit,-0.01700472897953961,0.7777777777777778
2026-04-22,rank_exit,0.02529392596509532,0.96875
2026-04-23,rank_exit,-0.02969750178007408,0.9458333333333332
2026-04-24,rank_exit,0.017515197063436922,0.9099415204678362
2026-04-27,rank_exit,-0.029645551662990106,1.0000000000000002
2026-04-28,rank_exit,0.00985598382757016,0.9174033149171271
2026-04-29,rank_exit,0.03068823505713261,0.5476190476190476
2026-04-30,rank_exit,-0.0017797399347856116,0.9999999999999999
2026-05-01,rank_exit,-0.0006045297240050503,1.0000000000000002
2026-05-04,rank_exit,0.022495969869453167,1.0
2026-05-05,rank_exit,-0.004219757182317098,1.0
2026-05-06,rank_exit,0.0039993055055228405,1.0
2026-05-07,rank_exit,-0.039157217085435576,1.0
2026-05-08,rank_exit,0.021552825091305714,0.666666666666667
2026-05-11,rank_exit,0.11944015220407377,1.0
2026-05-12,rank_exit,-0.02837608601624524,0.9861111111111109
2026-05-13,rank_exit,0.01824640235171245,0.8055555555555556
2026-05-14,rank_exit,-0.01315750838374182,1.0
2026-05-15,rank_exit,-0.04322564344682886,1.01010101010101
2026-05-18,rank_exit,-0.040766878586508966,1.0000000000000002
2026-05-19,rank_exit,-0.002710115294818141,0.9333333333333333
2026-05-20,rank_exit,0.0036207968322215533,0.9555555555555555
2026-05-21,rank_exit,-0.0038041907151028422,1.0333333333333334
