ticker,asset_type,date,px,avg_dollar_volume_20d,market_cap,min_price,min_avg_dollar_volume_20d,min_market_cap,market_cap_missing,is_exception,passes_price,passes_adv20,passes_market_cap,is_eligible
A,stock,2026-05-21,114.79000091552734,243654272.9404068,32599588864.0,3.0,20000000.0,300000000.0,False,False,True,True,True,True
AA,stock,2026-05-21,66.2699966430664,251067624.67943192,19530489856.0,3.0,20000000.0,300000000.0,False,False,True,True,True,True
AAL,stock,2026-05-21,13.59000015258789,689490176.9796658,9748750336.0,3.0,20000000.0,300000000.0,False,False,True,True,True,True
AAOI,stock,2026-05-21,176.80999755859375,2085451890.5382538,14365139968.0,3.0,20000000.0,300000000.0,False,False,True,True,True,True
AAP,stock,2026-05-21,58.619998931884766,109916054.81737137,3310263552.0,3.0,20000000.0,300000000.0,False,False,True,True,True,True
AAPL,stock,2026-05-21,304.989990234375,13792839550.923462,4536190107648.0,3.0,20000000.0,300000000.0,False,False,True,True,True,True
ABBV,stock,2026-05-21,214.5,1295928945.8644104,375664312320.0,3.0,20000000.0,300000000.0,False,False,True,True,True,True
ABCL,stock,2026-05-21,5.139999866485596,46490561.94623113,1626123904.0,3.0,20000000.0,300000000.0,False,False,True,True,True,True
ABNB,stock,2026-05-21,134.25,554756740.8030701,78775902208.0,3.0,20000000.0,300000000.0,False,False,True,True,True,True
ABR,stock,2026-05-21,5.909999847412109,36010115.569069386,1143794944.0,3.0,20000000.0,300000000.0,False,False,True,True,True,True
ABSI,stock,2026-05-21,5.090000152587891,27745190.178432465,826296832.0,3.0,20000000.0,300000000.0,False,False,True,True,True,True
ACHR,stock,2026-05-21,6.119999885559082,264968359.88321543,4920402432.0,3.0,20000000.0,300000000.0,False,False,True,True,True,True
ACLS,stock,2026-05-21,152.50999450683594,110908253.24256897,5004246528.0,3.0,20000000.0,300000000.0,False,False,True,True,True,True
ACM,stock,2026-05-21,70.18000030517578,129156505.15594482,9339760640.0,3.0,20000000.0,300000000.0,False,False,True,True,True,True
ACVA,stock,2026-05-21,5.900000095367432,23426830.03064871,1042271808.0,3.0,20000000.0,300000000.0,False,False,True,True,True,True
ADBE,stock,2026-05-21,244.10000610351562,1156343362.1949768,97773961216.0,3.0,20000000.0,300000000.0,False,False,True,True,True,True
ADI,stock,2026-05-21,384.2099914550781,1657869356.3261414,202297327616.0,3.0,20000000.0,300000000.0,False,False,True,True,True,True
ADM,stock,2026-05-21,77.12000274658203,330531255.0445175,37862502400.0,3.0,20000000.0,300000000.0,False,False,True,True,True,True
ADSK,stock,2026-05-21,240.19000244140625,429964976.49154663,50515443712.0,3.0,20000000.0,300000000.0,False,False,True,True,True,True
AEHR,stock,2026-05-21,91.30000305175781,264107248.2987213,3449006592.0,3.0,20000000.0,300000000.0,False,False,True,True,True,True
AEM,stock,2026-05-21,177.75,425755975.48851013,89836511232.0,3.0,20000000.0,300000000.0,False,False,True,True,True,True
AEO,stock,2026-05-21,16.549999237060547,71596304.47497845,2873086720.0,3.0,20000000.0,300000000.0,False,False,True,True,True,True
AEP,stock,2026-05-21,129.61000061035156,596079433.9415741,71245111296.0,3.0,20000000.0,300000000.0,False,False,True,True,True,True
AES,stock,2026-05-21,14.6899995803833,187595369.23101425,10462023680.0,3.0,20000000.0,300000000.0,False,False,True,True,True,True
AESI,stock,2026-05-21,19.469999313354492,88400931.25348091,2391941888.0,3.0,20000000.0,300000000.0,False,False,True,True,True,True
AFRM,stock,2026-05-21,67.18000030517578,335350794.14094925,23151536128.0,3.0,20000000.0,300000000.0,False,False,True,True,True,True
AG,stock,2026-05-21,19.899999618530273,289104020.96977234,9914893312.0,3.0,20000000.0,300000000.0,False,False,True,True,True,True
AGCO,stock,2026-05-21,112.08999633789062,87581962.26154327,8272674304.0,3.0,20000000.0,300000000.0,False,False,True,True,True,True
AI,stock,2026-05-21,9.329999923706055,39327988.94100189,1396974976.0,3.0,20000000.0,300000000.0,False,False,True,True,True,True
AIG,stock,2026-05-21,78.62000274658203,395348742.32234955,41011449856.0,3.0,20000000.0,300000000.0,False,False,True,True,True,True
AKAM,stock,2026-05-21,146.24000549316406,986233752.2458267,21735854080.0,3.0,20000000.0,300000000.0,False,False,True,True,True,True
ALAB,stock,2026-05-21,297.8399963378906,1381300586.1177063,54675705856.0,3.0,20000000.0,300000000.0,False,False,True,True,True,True
ALB,stock,2026-05-21,169.89999389648438,403203596.25083923,20622053376.0,3.0,20000000.0,300000000.0,False,False,True,True,True,True
ALC,stock,2026-05-21,67.93000030517578,172739404.57918167,32992905216.0,3.0,20000000.0,300000000.0,False,False,True,True,True,True
ALGM,stock,2026-05-21,44.70000076293945,126617706.67007446,9478720512.0,3.0,20000000.0,300000000.0,False,False,True,True,True,True
ALHC,stock,2026-05-21,16.3700008392334,128032122.53108025,3356323840.0,3.0,20000000.0,300000000.0,False,False,True,True,True,True
ALK,stock,2026-05-21,41.09000015258789,131448781.62525177,4867217920.0,3.0,20000000.0,300000000.0,False,False,True,True,True,True
ALL,stock,2026-05-21,214.44000244140625,379318659.94369507,54879567872.0,3.0,20000000.0,300000000.0,False,False,True,True,True,True
ALLY,stock,2026-05-21,42.75,122057966.95796967,13082404864.0,3.0,20000000.0,300000000.0,False,False,True,True,True,True
ALNY,stock,2026-05-21,300.510009765625,320587149.13742065,39416250368.0,3.0,20000000.0,300000000.0,False,False,True,True,True,True
AMAT,stock,2026-05-21,427.3599853515625,3259306311.8092346,360683864064.0,3.0,20000000.0,300000000.0,False,False,True,True,True,True
AMBA,stock,2026-05-21,83.63999938964844,64863893.10009003,4094030848.0,3.0,20000000.0,300000000.0,False,False,True,True,True,True
AMD,stock,2026-05-21,449.5899963378906,17661552208.36258,825246941184.0,3.0,20000000.0,300000000.0,False,False,True,True,True,True
AME,stock,2026-05-21,223.1699981689453,323728073.47610474,52512702464.0,3.0,20000000.0,300000000.0,False,False,True,True,True,True
AMGN,stock,2026-05-21,337.4200134277344,935253907.5593567,181244837888.0,3.0,20000000.0,300000000.0,False,False,True,True,True,True
AMKR,stock,2026-05-21,65.9000015258789,383826960.40489197,18193842176.0,3.0,20000000.0,300000000.0,False,False,True,True,True,True
AMPL,stock,2026-05-21,6.519999980926514,16817253.367078304,915072832.0,3.0,20000000.0,300000000.0,False,False,True,False,True,False
AMPX,stock,2026-05-21,15.300000190734863,162131995.71258545,2513882112.0,3.0,20000000.0,300000000.0,False,False,True,True,True,True
AMT,stock,2026-05-21,183.77999877929688,540956307.5536346,87047454720.0,3.0,20000000.0,300000000.0,False,False,True,True,True,True
AMZN,stock,2026-05-21,268.4599914550781,12046967178.466644,2828528254976.0,3.0,20000000.0,300000000.0,False,False,True,True,True,True
ANET,stock,2026-05-21,148.58999633789062,1876843716.5711975,200925675520.0,3.0,20000000.0,300000000.0,False,False,True,True,True,True
APA,stock,2026-05-21,38.34000015258789,269621710.06944656,13311688704.0,3.0,20000000.0,300000000.0,False,False,True,True,True,True
APG,stock,2026-05-21,41.5,127932440.57601929,18290886656.0,3.0,20000000.0,300000000.0,False,False,True,True,True,True
APH,stock,2026-05-21,124.86000061035156,1446170454.1299438,173130891264.0,3.0,20000000.0,300000000.0,False,False,True,True,True,True
APLD,stock,2026-05-21,48.02000045776367,939586982.551899,12828193792.0,3.0,20000000.0,300000000.0,False,False,True,True,True,True
APO,stock,2026-05-21,130.89999389648438,451017363.85822296,74687848448.0,3.0,20000000.0,300000000.0,False,False,True,True,True,True
APP,stock,2026-05-21,485.8900146484375,2219080573.5798645,167314669568.0,3.0,20000000.0,300000000.0,False,False,True,True,True,True
APPF,stock,2026-05-21,162.3699951171875,57708127.79388428,5797031424.0,3.0,20000000.0,300000000.0,False,False,True,True,True,True
AR,stock,2026-05-21,37.040000915527344,168017313.18670273,11126210560.0,3.0,20000000.0,300000000.0,False,False,True,True,True,True
ARCC,stock,2026-05-21,18.739999771118164,105401832.81853676,13466590208.0,3.0,20000000.0,300000000.0,False,False,True,True,True,True
ARE,stock,2026-05-21,47.849998474121094,105097908.89547348,8391075328.0,3.0,20000000.0,300000000.0,False,False,True,True,True,True
ARES,stock,2026-05-21,123.98999786376953,352175715.4911423,41334730752.0,3.0,20000000.0,300000000.0,False,False,True,True,True,True
ARKK,etf,2026-05-21,76.62000274658203,593391690.6978607,,3.0,20000000.0,300000000.0,True,False,True,True,True,True
ARKX,etf,2026-05-21,34.459999084472656,29491422.485866547,,3.0,20000000.0,300000000.0,True,False,True,True,True,True
ARM,stock,2026-05-21,298.2300109863281,2815585562.542877,340224704512.0,3.0,20000000.0,300000000.0,False,False,True,True,True,True
AROC,stock,2026-05-21,36.900001525878906,67235737.92013168,6563547136.0,3.0,20000000.0,300000000.0,False,False,True,True,True,True
ARQQ,stock,2026-05-21,16.450000762939453,6773916.284475327,292534528.0,3.0,20000000.0,300000000.0,False,False,True,False,False,False
ARQT,stock,2026-05-21,21.010000228881836,44835328.68516922,2655520000.0,3.0,20000000.0,300000000.0,False,False,True,True,True,True
ARRY,stock,2026-05-21,8.199999809265137,40949248.799226284,1306755072.0,3.0,20000000.0,300000000.0,False,False,True,True,True,True
ARWR,stock,2026-05-21,75.54000091552734,129413397.08274841,10950224896.0,3.0,20000000.0,300000000.0,False,False,True,True,True,True
ASAN,stock,2026-05-21,6.360000133514404,41612064.78344202,1546381952.0,3.0,20000000.0,300000000.0,False,False,True,True,True,True
ASM,stock,2026-05-21,6.650000095367432,33557651.670475006,1190966656.0,3.0,20000000.0,300000000.0,False,False,True,True,True,True
ASML,stock,2026-05-21,1592.0,2486855773.8372803,629408464896.0,3.0,20000000.0,300000000.0,False,False,True,True,True,True
ASTS,stock,2026-05-21,96.2300033569336,1574796044.7119713,46481801216.0,3.0,20000000.0,300000000.0,False,False,True,True,True,True
ASX,stock,2026-05-21,32.63999938964844,277819875.9616852,85936857088.0,3.0,20000000.0,300000000.0,False,False,True,True,True,True
ATEC,stock,2026-05-21,8.229999542236328,42503386.54050112,1242617600.0,3.0,20000000.0,300000000.0,False,False,True,True,True,True
ATI,stock,2026-05-21,160.41000366210938,283715703.5951996,22968655872.0,3.0,20000000.0,300000000.0,False,False,True,True,True,True
AU,stock,2026-05-21,91.8499984741211,228642297.31819153,49207341056.0,3.0,20000000.0,300000000.0,False,False,True,True,True,True
AUR,stock,2026-05-21,7.170000076293945,223911412.50253916,13797063680.0,3.0,20000000.0,300000000.0,False,False,True,True,True,True
AVAV,stock,2026-05-21,163.08999633789062,180372944.39422607,9233907712.0,3.0,20000000.0,300000000.0,False,False,True,True,True,True
AVGO,stock,2026-05-21,414.57000732421875,7982651946.808624,2003167084544.0,3.0,20000000.0,300000000.0,False,False,True,True,True,True
AVPT,stock,2026-05-21,10.239999771118164,23015670.60095787,2203918848.0,3.0,20000000.0,300000000.0,False,False,True,True,True,True
AXON,stock,2026-05-21,389.8399963378906,469396241.9520569,31886585856.0,3.0,20000000.0,300000000.0,False,False,True,True,True,True
AXP,stock,2026-05-21,309.70001220703125,1042877832.1963501,211616743424.0,3.0,20000000.0,300000000.0,False,False,True,True,True,True
AZN,stock,2026-05-21,189.75,382482867.3748779,290427338752.0,3.0,20000000.0,300000000.0,False,False,True,True,True,True
BA,stock,2026-05-21,219.61000061035156,1536411844.5261383,172074582016.0,3.0,20000000.0,300000000.0,False,False,True,True,True,True
BABA,stock,2026-05-21,131.47000122070312,1642541808.125763,310196011008.0,3.0,20000000.0,300000000.0,False,False,True,True,True,True
BAC,stock,2026-05-21,51.4900016784668,1687741503.743229,368916267008.0,3.0,20000000.0,300000000.0,False,False,True,True,True,True
BAM,stock,2026-05-21,48.540000915527344,147319764.40782547,77891239936.0,3.0,20000000.0,300000000.0,False,False,True,True,True,True
BB,stock,2026-05-21,6.650000095367432,146378113.94647837,4931706368.0,3.0,20000000.0,300000000.0,False,False,True,True,True,True
BBIO,stock,2026-05-21,70.27999877929688,230954335.73001862,13195172864.0,3.0,20000000.0,300000000.0,False,False,True,True,True,True
BBWI,stock,2026-05-21,17.31999969482422,104201291.71634674,3575546368.0,3.0,20000000.0,300000000.0,False,False,True,True,True,True
BBY,stock,2026-05-21,61.150001525878906,198760420.7366562,13180037120.0,3.0,20000000.0,300000000.0,False,False,True,True,True,True
BCS,stock,2026-05-21,23.969999313354492,142791278.29288483,82685919232.0,3.0,20000000.0,300000000.0,False,False,True,True,True,True
BE,stock,2026-05-21,307.8800048828125,2930857844.4570923,86411206656.0,3.0,20000000.0,300000000.0,False,False,True,True,True,True
BEAM,stock,2026-05-21,27.670000076293945,66163727.190237045,3020533760.0,3.0,20000000.0,300000000.0,False,False,True,True,True,True
BEKE,stock,2026-05-21,16.889999389648438,97446455.3009224,18418438144.0,3.0,20000000.0,300000000.0,False,False,True,True,True,True
BEN,stock,2026-05-21,30.860000610351562,166300273.6874962,16391954432.0,3.0,20000000.0,300000000.0,False,False,True,True,True,True
BG,stock,2026-05-21,120.45999908447266,205215901.6423416,23398584320.0,3.0,20000000.0,300000000.0,False,False,True,True,True,True
BHP,stock,2026-05-21,84.94000244140625,203775781.83120728,219155562496.0,3.0,20000000.0,300000000.0,False,False,True,True,True,True
BIDU,stock,2026-05-21,131.17999267578125,388210632.5691986,43014742016.0,3.0,20000000.0,300000000.0,False,False,True,True,True,True
BIIB,stock,2026-05-21,189.47000122070312,231209820.66940308,28542685184.0,3.0,20000000.0,300000000.0,False,False,True,True,True,True
BILI,stock,2026-05-21,17.579999923706055,74699231.33541107,7422239232.0,3.0,20000000.0,300000000.0,False,False,True,True,True,True
BILL,stock,2026-05-21,36.45000076293945,97220679.6282959,3478415616.0,3.0,20000000.0,300000000.0,False,False,True,True,True,True
BITO,etf,2026-05-21,10.600000381469727,1310551788.6447382,,3.0,20000000.0,300000000.0,True,False,True,True,True,True
BJ,stock,2026-05-21,94.43000030517578,166199332.99667358,10809164800.0,3.0,20000000.0,300000000.0,False,False,True,True,True,True
BKKT,stock,2026-05-21,12.319999694824219,18553858.016295433,525974880.0,3.0,20000000.0,300000000.0,False,False,True,False,True,False
BKNG,stock,2026-05-21,159.67999267578125,1290710307.6503754,126661640192.0,3.0,20000000.0,300000000.0,False,False,True,True,True,True
BKR,stock,2026-05-21,65.80000305175781,550197220.0660324,66409078784.0,3.0,20000000.0,300000000.0,False,False,True,True,True,True
BKSY,stock,2026-05-21,44.650001525878906,91776943.24662209,1844132992.0,3.0,20000000.0,300000000.0,False,False,True,True,True,True
BLD,stock,2026-05-21,411.17999267578125,357641295.6993103,11604137984.0,3.0,20000000.0,300000000.0,False,False,True,True,True,True
BLDP,stock,2026-05-21,5.429999828338623,48358278.22783828,1789259136.0,3.0,20000000.0,300000000.0,False,False,True,True,True,True
BLDR,stock,2026-05-21,73.86000061035156,229073360.40103912,8023428608.0,3.0,20000000.0,300000000.0,False,False,True,True,True,True
BLK,stock,2026-05-21,1063.75,590973512.8094482,167098531840.0,3.0,20000000.0,300000000.0,False,False,True,True,True,True
BLMN,stock,2026-05-21,7.75,22681229.507386684,672072128.0,3.0,20000000.0,300000000.0,False,False,True,True,True,True
BMNR,stock,2026-05-21,19.610000610351562,723178186.3039207,10850438144.0,3.0,20000000.0,300000000.0,False,False,True,True,True,True
BMY,stock,2026-05-21,59.54999923706055,603303251.8669891,118685179904.0,3.0,20000000.0,300000000.0,False,False,True,True,True,True
BN,stock,2026-05-21,45.439998626708984,256627575.33712387,102008307712.0,3.0,20000000.0,300000000.0,False,False,True,True,True,True
BORR,stock,2026-05-21,5.639999866485596,47526942.04153299,1646843648.0,3.0,20000000.0,300000000.0,False,False,True,True,True,True
BP,stock,2026-05-21,44.869998931884766,372362273.274765,109434036224.0,3.0,20000000.0,300000000.0,False,False,True,True,True,True
BROS,stock,2026-05-21,53.459999084472656,253299111.86553955,9224157184.0,3.0,20000000.0,300000000.0,False,False,True,True,True,True
BSX,stock,2026-05-21,57.150001525878906,1004136011.7856407,85911330816.0,3.0,20000000.0,300000000.0,False,False,True,True,True,True
BSY,stock,2026-05-21,33.34000015258789,83329633.30789566,9999467520.0,3.0,20000000.0,300000000.0,False,False,True,True,True,True
BTDR,stock,2026-05-21,14.920000076293945,98526086.2231493,3591309568.0,3.0,20000000.0,300000000.0,False,False,True,True,True,True
BTG,stock,2026-05-21,4.630000114440918,139021066.93769693,6262362624.0,3.0,20000000.0,300000000.0,False,False,True,True,True,True
BULL,stock,2026-05-21,6.610000133514404,82851495.65779209,3278661888.0,3.0,20000000.0,300000000.0,False,False,True,True,True,True
BUR,stock,2026-05-21,4.699999809265137,17015634.750823975,1017576960.0,3.0,20000000.0,300000000.0,False,False,True,False,True,False
BW,stock,2026-05-21,20.540000915527344,74180114.46844578,2915766528.0,3.0,20000000.0,300000000.0,False,False,True,True,True,True
BX,stock,2026-05-21,118.56999969482422,610461439.5906067,144013017088.0,3.0,20000000.0,300000000.0,False,False,True,True,True,True
BXMT,stock,2026-05-21,17.979999542236328,30636413.228549957,3071726848.0,3.0,20000000.0,300000000.0,False,False,True,True,True,True
C,stock,2026-05-21,125.22000122070312,1379137589.8665237,213759967232.0,3.0,20000000.0,300000000.0,False,False,True,True,True,True
CAI,stock,2026-05-21,15.9399995803833,51678155.98430157,4429606400.0,3.0,20000000.0,300000000.0,False,False,True,True,True,True
CAKE,stock,2026-05-21,60.56999969482422,78104572.80305862,3178124288.0,3.0,20000000.0,300000000.0,False,False,True,True,True,True
CALM,stock,2026-05-21,76.91999816894531,55936993.61064911,3589487104.0,3.0,20000000.0,300000000.0,False,False,True,True,True,True
CAMT,stock,2026-05-21,160.58999633789062,92740481.55578613,7982730752.0,3.0,20000000.0,300000000.0,False,False,True,True,True,True
CARR,stock,2026-05-21,62.18000030517578,428276623.70830536,53863137280.0,3.0,20000000.0,300000000.0,False,False,True,True,True,True
CAT,stock,2026-05-21,865.9500122070312,2284522679.3670654,416471875584.0,3.0,20000000.0,300000000.0,False,False,True,True,True,True
CAVA,stock,2026-05-21,81.2699966430664,287931816.4291382,9369739264.0,3.0,20000000.0,300000000.0,False,False,True,True,True,True
CB,stock,2026-05-21,330.260009765625,498300656.57470703,126221312000.0,3.0,20000000.0,300000000.0,False,False,True,True,True,True
CCI,stock,2026-05-21,92.04000091552734,301026137.7935791,39891709952.0,3.0,20000000.0,300000000.0,False,False,True,True,True,True
CCJ,stock,2026-05-21,105.33000183105469,353952463.48529816,47085473792.0,3.0,20000000.0,300000000.0,False,False,True,True,True,True
CCL,stock,2026-05-21,26.18000030517578,803531827.5959206,36948598784.0,3.0,20000000.0,300000000.0,False,False,True,True,True,True
CCS,stock,2026-05-21,52.439998626708984,18613982.058620453,1519019392.0,3.0,20000000.0,300000000.0,False,False,True,False,True,False
CDE,stock,2026-05-21,17.829999923706055,362323757.34986305,18755729408.0,3.0,20000000.0,300000000.0,False,False,True,True,True,True
CDNS,stock,2026-05-21,358.4599914550781,834833252.2990417,105419628544.0,3.0,20000000.0,300000000.0,False,False,True,True,True,True
CE,stock,2026-05-21,52.900001525878906,129983113.68877411,5719997952.0,3.0,20000000.0,300000000.0,False,False,True,True,True,True
CEG,stock,2026-05-21,285.8299865722656,992327902.9193115,109769883648.0,3.0,20000000.0,300000000.0,False,False,True,True,True,True
CELH,stock,2026-05-21,29.700000762939453,320252695.3542137,7618082304.0,3.0,20000000.0,300000000.0,False,False,True,True,True,True
CENX,stock,2026-05-21,60.459999084472656,89859144.82618332,6617286144.0,3.0,20000000.0,300000000.0,False,False,True,True,True,True
CERT,stock,2026-05-21,5.170000076293945,19394386.703984737,809713792.0,3.0,20000000.0,300000000.0,False,False,True,False,True,False
CF,stock,2026-05-21,121.69000244140625,383565231.39198303,18456254464.0,3.0,20000000.0,300000000.0,False,False,True,True,True,True
CG,stock,2026-05-21,45.130001068115234,169652656.6347313,16486829056.0,3.0,20000000.0,300000000.0,False,False,True,True,True,True
CGNX,stock,2026-05-21,64.2699966430664,172288902.69021988,11263268864.0,3.0,20000000.0,300000000.0,False,False,True,True,True,True
CHKP,stock,2026-05-21,131.72999572753906,258419782.12429047,13724388352.0,3.0,20000000.0,300000000.0,False,False,True,True,True,True
CHRW,stock,2026-05-21,178.1300048828125,382985322.4091339,21004386304.0,3.0,20000000.0,300000000.0,False,False,True,True,True,True
CHWY,stock,2026-05-21,19.93000030517578,202223189.47519302,8625465344.0,3.0,20000000.0,300000000.0,False,False,True,True,True,True
CI,stock,2026-05-21,282.0199890136719,497580986.1238098,74251599872.0,3.0,20000000.0,300000000.0,False,False,True,True,True,True
CIEN,stock,2026-05-21,587.22998046875,1073399218.3001709,85080145920.0,3.0,20000000.0,300000000.0,False,False,True,True,True,True
CIFR,stock,2026-05-21,21.520000457763672,528441486.8491268,9295642624.0,3.0,20000000.0,300000000.0,False,False,True,True,True,True
CL,stock,2026-05-21,90.44000244140625,474851143.44379425,72137064448.0,3.0,20000000.0,300000000.0,False,False,True,True,True,True
CLF,stock,2026-05-21,10.699999809265137,174599954.76377487,6693815808.0,3.0,20000000.0,300000000.0,False,False,True,True,True,True
CLOV,stock,2026-05-21,3.5999999046325684,22620458.642687798,1898749568.0,3.0,20000000.0,300000000.0,False,False,True,True,True,True
CLS,stock,2026-05-21,354.7699890136719,921301602.5875854,42664218624.0,3.0,20000000.0,300000000.0,False,False,True,True,True,True
CLSK,stock,2026-05-21,15.760000228881836,308546806.8858099,4388007424.0,3.0,20000000.0,300000000.0,False,False,True,True,True,True
CME,stock,2026-05-21,289.2900085449219,660890965.7772827,102378995712.0,3.0,20000000.0,300000000.0,False,False,True,True,True,True
CMG,stock,2026-05-21,32.79999923706055,576944382.1306419,41304035328.0,3.0,20000000.0,300000000.0,False,False,True,True,True,True
CMPS,stock,2026-05-21,11.59000015258789,43081907.27306366,1655153408.0,3.0,20000000.0,300000000.0,False,False,True,True,True,True
CMS,stock,2026-05-21,73.63999938964844,210876520.23628235,23017601024.0,3.0,20000000.0,300000000.0,False,False,True,True,True,True
CNC,stock,2026-05-21,57.77000045776367,398389131.0886383,28566155264.0,3.0,20000000.0,300000000.0,False,False,True,True,True,True
CNH,stock,2026-05-21,10.149999618530273,163678499.35265064,12728093696.0,3.0,20000000.0,300000000.0,False,False,True,True,True,True
COF,stock,2026-05-21,186.66000366210938,828779562.6917267,115572219904.0,3.0,20000000.0,300000000.0,False,False,True,True,True,True
COHR,stock,2026-05-21,378.0,2319560291.0565186,74436853760.0,3.0,20000000.0,300000000.0,False,False,True,True,True,True
COHU,stock,2026-05-21,45.650001525878906,74014885.1584816,2317724928.0,3.0,20000000.0,300000000.0,False,False,True,True,True,True
COIN,stock,2026-05-21,193.55999755859375,1894722620.1436615,47409766400.0,3.0,20000000.0,300000000.0,False,False,True,True,True,True
COLB,stock,2026-05-21,29.6200008392334,80884611.51389122,8631155712.0,3.0,20000000.0,300000000.0,False,False,True,True,True,True
COLD,stock,2026-05-21,14.4399995803833,62420088.29919338,4262818304.0,3.0,20000000.0,300000000.0,False,False,True,True,True,True
COMP,stock,2026-05-21,8.470000267028809,113245806.0815072,6264878080.0,3.0,20000000.0,300000000.0,False,False,True,True,True,True
COO,stock,2026-05-21,62.849998474121094,147577267.0076561,12157578240.0,3.0,20000000.0,300000000.0,False,False,True,True,True,True
COP,stock,2026-05-21,120.55000305175781,972795617.990799,141651165184.0,3.0,20000000.0,300000000.0,False,False,True,True,True,True
COR,stock,2026-05-21,265.44000244140625,621192664.5995331,53072363520.0,3.0,20000000.0,300000000.0,False,False,True,True,True,True
CORZ,stock,2026-05-21,24.81999969482422,362815729.4287777,8258659328.0,3.0,20000000.0,300000000.0,False,False,True,True,True,True
COST,stock,2026-05-21,1050.449951171875,1978854186.7837524,445351755776.0,3.0,20000000.0,300000000.0,False,False,True,True,True,True
COUR,stock,2026-05-21,5.239999771118164,41048070.56721926,1543472896.0,3.0,20000000.0,300000000.0,False,False,True,True,True,True
CPNG,stock,2026-05-21,15.729999542236328,439123641.98524475,27895298048.0,3.0,20000000.0,300000000.0,False,False,True,True,True,True
CPRI,stock,2026-05-21,18.3799991607666,47030211.24249458,2234880768.0,3.0,20000000.0,300000000.0,False,False,True,True,True,True
CRCL,stock,2026-05-21,114.87999725341797,2012743024.0415955,28045475840.0,3.0,20000000.0,300000000.0,False,False,True,True,True,True
CRDO,stock,2026-05-21,193.38999938964844,1122823747.4295807,40666599424.0,3.0,20000000.0,300000000.0,False,False,True,True,True,True
CRGY,stock,2026-05-21,13.100000381469727,97529589.20313835,4124842496.0,3.0,20000000.0,300000000.0,False,False,True,True,True,True
CRH,stock,2026-05-21,101.02999877929688,571425434.7751617,67996053504.0,3.0,20000000.0,300000000.0,False,False,True,True,True,True
CRM,stock,2026-05-21,176.30999755859375,2105782509.421463,147752534016.0,3.0,20000000.0,300000000.0,False,False,True,True,True,True
CRML,stock,2026-05-21,11.140000343322754,198307348.8263607,1712321536.0,3.0,20000000.0,300000000.0,False,False,True,True,True,True
CROX,stock,2026-05-21,108.93000030517578,118859604.02030945,5809713664.0,3.0,20000000.0,300000000.0,False,False,True,True,True,True
CRSP,stock,2026-05-21,49.900001525878906,93002474.02326584,4943000576.0,3.0,20000000.0,300000000.0,False,False,True,True,True,True
CRWD,stock,2026-05-21,648.22998046875,1628769671.1732483,171971248128.0,3.0,20000000.0,300000000.0,False,False,True,True,True,True
CRWV,stock,2026-05-21,107.58000183105469,3407360208.5464478,57546764288.0,3.0,20000000.0,300000000.0,False,False,True,True,True,True
CSCO,stock,2026-05-21,118.19999694824219,2691223974.595833,462960918528.0,3.0,20000000.0,300000000.0,False,False,True,True,True,True
CSIQ,stock,2026-05-21,18.100000381469727,60334572.61560917,1279701504.0,3.0,20000000.0,300000000.0,False,False,True,True,True,True
CTRA,stock,2026-05-07,32.560001373291016,328870888.9679059,24724652032.0,3.0,20000000.0,300000000.0,False,False,True,True,True,True
CTVA,stock,2026-05-21,79.04000091552734,297234117.3612213,53017358336.0,3.0,20000000.0,300000000.0,False,False,True,True,True,True
CVNA,stock,2026-05-21,64.38999938964844,863422963.40271,77008830464.0,3.0,20000000.0,300000000.0,False,False,True,True,True,True
CVS,stock,2026-05-21,93.31999969482422,808566566.5276718,115886096384.0,3.0,20000000.0,300000000.0,False,False,True,True,True,True
CVX,stock,2026-05-21,191.00999450683594,1907616515.2277374,366613299200.0,3.0,20000000.0,300000000.0,False,False,True,True,True,True
CW,stock,2026-05-21,726.8800048828125,175498532.472229,27794532352.0,3.0,20000000.0,300000000.0,False,False,True,True,True,True
D,stock,2026-05-21,68.29000091552734,519061563.7846756,59406671872.0,3.0,20000000.0,300000000.0,False,False,True,True,True,True
DAL,stock,2026-05-21,75.6500015258789,512537428.43544006,51738304512.0,3.0,20000000.0,300000000.0,False,False,True,True,True,True
DAR,stock,2026-05-21,57.86000061035156,161462471.589756,9427570688.0,3.0,20000000.0,300000000.0,False,False,True,True,True,True
DASH,stock,2026-05-21,159.27000427246094,858946149.2556763,67076722688.0,3.0,20000000.0,300000000.0,False,False,True,True,True,True
DB,stock,2026-05-21,32.900001525878906,93535681.45824432,63756181504.0,3.0,20000000.0,300000000.0,False,False,True,True,True,True
DBX,stock,2026-05-21,27.25,107969037.20029831,6318947840.0,3.0,20000000.0,300000000.0,False,False,True,True,True,True
DD,stock,2026-05-21,47.150001525878906,193568030.23944855,20190674944.0,3.0,20000000.0,300000000.0,False,False,True,True,True,True
DDD,stock,2026-05-21,2.990000009536743,12802000.575226545,526805216.0,1.5,4000000.0,300000000.0,False,False,True,True,True,True
DDOG,stock,2026-05-21,218.0399932861328,1212136746.398468,79948660736.0,3.0,20000000.0,300000000.0,False,False,True,True,True,True
DE,stock,2026-05-21,531.3499755859375,635268950.4086304,142946172928.0,3.0,20000000.0,300000000.0,False,False,True,True,True,True
DECK,stock,2026-05-21,102.62000274658203,199333875.41355133,15301904384.0,3.0,20000000.0,300000000.0,False,False,True,True,True,True
DEI,stock,2026-05-21,11.460000038146973,30466571.90407753,2325496832.0,3.0,20000000.0,300000000.0,False,False,True,True,True,True
DELL,stock,2026-05-21,252.8000030517578,1348569537.5051117,197345329152.0,3.0,20000000.0,300000000.0,False,False,True,True,True,True
DFTX,stock,2026-05-21,22.649999618530273,33685592.48230934,2497084160.0,3.0,20000000.0,300000000.0,False,False,True,True,True,True
DG,stock,2026-05-21,105.11000061035156,386268979.4064331,22754883584.0,3.0,20000000.0,300000000.0,False,False,True,True,True,True
DHI,stock,2026-05-21,144.13999938964844,318699088.11058044,41133223936.0,3.0,20000000.0,300000000.0,False,False,True,True,True,True
DHR,stock,2026-05-21,173.3300018310547,886447907.515564,122454933504.0,3.0,20000000.0,300000000.0,False,False,True,True,True,True
DIA,etf,2026-05-21,503.1099853515625,2226609087.928314,,3.0,20000000.0,300000000.0,True,False,True,True,True,True
DIS,stock,2026-05-21,103.58000183105469,953286249.0024567,178912772096.0,3.0,20000000.0,300000000.0,False,False,True,True,True,True
DKNG,stock,2026-05-21,25.399999618530273,293868098.46909523,11879804928.0,3.0,20000000.0,300000000.0,False,False,True,True,True,True
DLR,stock,2026-05-21,194.27000427246094,411361359.07814026,69633277952.0,3.0,20000000.0,300000000.0,False,False,True,True,True,True
DLTR,stock,2026-05-21,95.70999908447266,355749722.85160065,18169827328.0,3.0,20000000.0,300000000.0,False,False,True,True,True,True
DNA,stock,2026-05-21,8.079999923706055,11482625.677649975,572242560.0,3.0,20000000.0,300000000.0,False,False,True,False,True,False
DNN,stock,2026-05-21,3.200000047683716,78647589.13531661,3027281664.0,3.0,20000000.0,300000000.0,False,False,True,True,True,True
DOC,stock,2026-05-21,19.639999389648438,168176440.37893295,13757370368.0,3.0,20000000.0,300000000.0,False,False,True,True,True,True
DOCN,stock,2026-05-21,158.35000610351562,582035626.7247772,16736362496.0,3.0,20000000.0,300000000.0,False,False,True,True,True,True
DOCU,stock,2026-05-21,48.970001220703125,140025915.02767563,9685425152.0,3.0,20000000.0,300000000.0,False,False,True,True,True,True
DOW,stock,2026-05-21,35.90999984741211,422604195.03061295,25280006144.0,3.0,20000000.0,300000000.0,False,False,True,True,True,True
DPZ,stock,2026-05-21,316.4700012207031,376132421.9554138,10346103808.0,3.0,20000000.0,300000000.0,False,False,True,True,True,True
DRI,stock,2026-05-21,197.07000732421875,181630893.50128174,23270076416.0,3.0,20000000.0,300000000.0,False,False,True,True,True,True
DUK,stock,2026-05-21,124.66000366210938,396140343.2028961,97901699072.0,3.0,20000000.0,300000000.0,False,False,True,True,True,True
DUOL,stock,2026-05-21,105.63999938964844,220840591.5391159,4958439424.0,3.0,20000000.0,300000000.0,False,False,True,True,True,True
DVN,stock,2026-05-21,47.11000061035156,744021664.0016174,52224675840.0,3.0,20000000.0,300000000.0,False,False,True,True,True,True
DXCM,stock,2026-05-21,71.9000015258789,440521730.50519943,27998943232.0,3.0,20000000.0,300000000.0,False,False,True,True,True,True
DY,stock,2026-05-21,414.42999267578125,172684286.06262207,12645935104.0,3.0,20000000.0,300000000.0,False,False,True,True,True,True
EA,stock,2026-05-21,201.8699951171875,360978767.2705841,50365943808.0,3.0,20000000.0,300000000.0,False,False,True,True,True,True
EAT,stock,2026-05-21,136.57000732421875,201648197.0185852,5929452032.0,3.0,20000000.0,300000000.0,False,False,True,True,True,True
EBAY,stock,2026-05-21,117.12999725341797,815000275.8379745,51037798400.0,3.0,20000000.0,300000000.0,False,False,True,True,True,True
EDIT,stock,2026-05-21,2.6700000762939453,3439463.2381367683,287354912.0,3.0,20000000.0,300000000.0,False,False,False,False,False,False
EGO,stock,2026-05-21,31.690000534057617,122819299.48395729,8415310336.0,3.0,20000000.0,300000000.0,False,False,True,True,True,True
EIX,stock,2026-05-21,70.31999969482422,203768451.60388947,27474288640.0,3.0,20000000.0,300000000.0,False,False,True,True,True,True
EL,stock,2026-05-21,78.91000366210938,283524729.17770386,31190339584.0,3.0,20000000.0,300000000.0,False,False,True,True,True,True
ELAN,stock,2026-05-21,21.31999969482422,156943797.73290634,11424909312.0,3.0,20000000.0,300000000.0,False,False,True,True,True,True
ELF,stock,2026-05-21,53.119998931884766,212246241.00463867,3151536896.0,3.0,20000000.0,300000000.0,False,False,True,True,True,True
ELV,stock,2026-05-21,389.82000732421875,654318148.53302,84345872384.0,3.0,20000000.0,300000000.0,False,False,True,True,True,True
ELVR,stock,2026-05-21,86.79000091552734,10247432.192573547,1635097728.0,3.0,20000000.0,300000000.0,False,False,True,False,True,False
EMR,stock,2026-05-21,134.89999389648438,428131061.15257263,78531616768.0,3.0,20000000.0,300000000.0,False,False,True,True,True,True
ENPH,stock,2026-05-21,62.34000015258789,410658991.41981125,8821255168.0,3.0,20000000.0,300000000.0,False,False,True,True,True,True
ENTG,stock,2026-05-21,131.38999938964844,490451909.8122406,21542834176.0,3.0,20000000.0,300000000.0,False,False,True,True,True,True
ENVX,stock,2026-05-21,6.300000190734863,45515699.9871397,1575046016.0,3.0,20000000.0,300000000.0,False,False,True,True,True,True
EOG,stock,2026-05-21,139.97999572753906,470336050.85243225,73057992704.0,3.0,20000000.0,300000000.0,False,False,True,True,True,True
EOSE,stock,2026-05-21,8.170000076293945,237662803.41719627,2972445184.0,3.0,20000000.0,300000000.0,False,False,True,True,True,True
EPD,stock,2026-05-21,39.470001220703125,188772875.58101654,83230547968.0,3.0,20000000.0,300000000.0,False,False,True,True,True,True
EQIX,stock,2026-05-21,1078.4200439453125,609416922.4890137,106697629696.0,3.0,20000000.0,300000000.0,False,False,True,True,True,True
EQNR,stock,2026-05-21,38.66999816894531,157523721.34698868,94336991232.0,3.0,20000000.0,300000000.0,False,False,True,True,True,True
EQT,stock,2026-05-21,57.7400016784668,399900801.403389,35245686784.0,3.0,20000000.0,300000000.0,False,False,True,True,True,True
EQX,stock,2026-05-21,12.3100004196167,130455636.54996395,9895470080.0,3.0,20000000.0,300000000.0,False,False,True,True,True,True
ERIC,stock,2026-05-21,13.239999771118164,102917975.52283287,45333704704.0,3.0,20000000.0,300000000.0,False,False,True,True,True,True
ET,stock,2026-05-21,20.010000228881836,325024115.0164604,67516227584.0,3.0,20000000.0,300000000.0,False,False,True,True,True,True
ETN,stock,2026-05-21,381.510009765625,1204020433.7028503,156991635456.0,3.0,20000000.0,300000000.0,False,False,True,True,True,True
ETSY,stock,2026-05-21,60.7400016784668,216698775.31097412,6138837504.0,3.0,20000000.0,300000000.0,False,False,True,True,True,True
EW,stock,2026-05-21,83.19999694824219,418802169.4848633,50471747584.0,3.0,20000000.0,300000000.0,False,False,True,True,True,True
EXAS,stock,2026-03-23,104.91000366210938,285768560.6280136,,3.0,20000000.0,300000000.0,True,False,True,True,False,False
EXC,stock,2026-05-21,45.349998474121094,369184918.65457535,47553597440.0,3.0,20000000.0,300000000.0,False,False,True,True,True,True
EXK,stock,2026-05-21,9.329999923706055,81301365.76882839,2815614464.0,3.0,20000000.0,300000000.0,False,False,True,True,True,True
EXP,stock,2026-05-21,199.1300048828125,81635423.3139801,6373616640.0,3.0,20000000.0,300000000.0,False,False,True,True,True,True
EXPE,stock,2026-05-21,218.1199951171875,406225202.0869446,26528479232.0,3.0,20000000.0,300000000.0,False,False,True,True,True,True
EXTR,stock,2026-05-21,23.899999618530273,65543547.036828995,3497006080.0,3.0,20000000.0,300000000.0,False,False,True,True,True,True
F,stock,2026-05-21,13.670000076293945,869210209.2074251,61065416704.0,3.0,20000000.0,300000000.0,False,False,True,True,True,True
FANG,stock,2026-05-21,200.97000122070312,456520539.2197418,54940491776.0,3.0,20000000.0,300000000.0,False,False,True,True,True,True
FBIN,stock,2026-05-21,36.310001373291016,110067853.74044418,4579674112.0,3.0,20000000.0,300000000.0,False,False,True,True,True,True
FCEL,stock,2026-05-21,26.3799991607666,203769283.41475964,1279945216.0,3.0,20000000.0,300000000.0,False,False,True,True,True,True
FCX,stock,2026-05-21,62.310001373291016,884682038.4486389,92018204672.0,3.0,20000000.0,300000000.0,False,False,True,True,True,True
FDX,stock,2026-05-21,388.9100036621094,584801020.5026245,95490424832.0,3.0,20000000.0,300000000.0,False,False,True,True,True,True
FIGS,stock,2026-05-21,12.4399995803833,58456061.96240902,2161591296.0,3.0,20000000.0,300000000.0,False,False,True,True,True,True
FIS,stock,2026-05-21,43.619998931884766,305322818.79953384,21801961472.0,3.0,20000000.0,300000000.0,False,False,True,True,True,True
FISV,stock,2026-05-21,55.81999969482422,382975483.6519432,29699579904.0,3.0,20000000.0,300000000.0,False,False,True,True,True,True
FITB,stock,2026-05-21,49.15999984741211,253285602.79399872,45089001472.0,3.0,20000000.0,300000000.0,False,False,True,True,True,True
FIVE,stock,2026-05-21,219.7899932861328,213771839.74082947,12199719936.0,3.0,20000000.0,300000000.0,False,False,True,True,True,True
FLEX,stock,2026-05-21,131.07000732421875,855162134.6405029,52754759680.0,3.0,20000000.0,300000000.0,False,False,True,True,True,True
FLG,stock,2026-05-21,13.59000015258789,63122988.228793144,5856252928.0,3.0,20000000.0,300000000.0,False,False,True,True,True,True
FLNC,stock,2026-05-21,20.190000534057617,274022315.28337955,3861308928.0,3.0,20000000.0,300000000.0,False,False,True,True,True,True
FLR,stock,2026-05-21,44.59000015258789,162480544.8749733,6484872704.0,3.0,20000000.0,300000000.0,False,False,True,True,True,True
FLS,stock,2026-05-21,68.7300033569336,236823549.40151215,9289014272.0,3.0,20000000.0,300000000.0,False,False,True,True,True,True
FLUT,stock,2026-05-21,97.12000274658203,320555733.55960846,16396174336.0,3.0,20000000.0,300000000.0,False,False,True,True,True,True
FLY,stock,2026-05-21,42.86000061035156,238002582.57707596,9476311040.0,3.0,20000000.0,300000000.0,False,False,True,True,True,True
FLYW,stock,2026-05-21,16.15999984741211,37099410.020017624,1977771520.0,3.0,20000000.0,300000000.0,False,False,True,True,True,True
FMC,stock,2026-05-21,13.010000228881836,45954980.963692665,1614334848.0,3.0,20000000.0,300000000.0,False,False,True,True,True,True
FND,stock,2026-05-21,48.41999816894531,168531684.1912079,5202571776.0,3.0,20000000.0,300000000.0,False,False,True,True,True,True
FNV,stock,2026-05-21,225.83999633789062,178301847.0134735,44231417856.0,3.0,20000000.0,300000000.0,False,False,True,True,True,True
FORM,stock,2026-05-21,128.0,326520228.4705353,10756978688.0,3.0,20000000.0,300000000.0,False,False,True,True,True,True
FOUR,stock,2026-05-21,43.529998779296875,76559661.72664642,4234831616.0,3.0,20000000.0,300000000.0,False,False,True,True,True,True
FROG,stock,2026-05-21,71.44000244140625,176569783.56716156,8999196672.0,3.0,20000000.0,300000000.0,False,False,True,True,True,True
FSK,stock,2026-05-21,10.930000305175781,43136997.64253616,3045722368.0,3.0,20000000.0,300000000.0,False,False,True,True,True,True
FSLR,stock,2026-05-21,248.8800048828125,582783284.3471527,28841555968.0,3.0,20000000.0,300000000.0,False,False,True,True,True,True
FSM,stock,2026-05-21,9.420000076293945,56249402.07873821,2949289984.0,3.0,20000000.0,300000000.0,False,False,True,True,True,True
FTI,stock,2026-05-21,71.41000366210938,290720265.2978134,28291885056.0,3.0,20000000.0,300000000.0,False,False,True,True,True,True
FTNT,stock,2026-05-21,129.4600067138672,666637730.8992767,98387345408.0,3.0,20000000.0,300000000.0,False,False,True,True,True,True
FTV,stock,2026-05-21,59.02000045776367,198837863.09566498,18306904064.0,3.0,20000000.0,300000000.0,False,False,True,True,True,True
FUTU,stock,2026-05-21,123.86000061035156,283237401.1048889,15041467392.0,3.0,20000000.0,300000000.0,False,False,True,True,True,True
GAP,stock,2026-05-21,23.170000076293945,156156651.8632412,8517906944.0,3.0,20000000.0,300000000.0,False,False,True,True,True,True
GBTG,stock,2026-05-21,9.430000305175781,66479185.15327692,4922543616.0,3.0,20000000.0,300000000.0,False,False,True,True,True,True
GD,stock,2026-05-21,338.7099914550781,481671889.886322,93149675520.0,3.0,20000000.0,300000000.0,False,False,True,True,True,True
GE,stock,2026-05-21,301.760009765625,1739632584.9794006,327439187968.0,3.0,20000000.0,300000000.0,False,False,True,True,True,True
GEHC,stock,2026-05-21,64.33000183105469,436418841.37765884,29395107840.0,3.0,20000000.0,300000000.0,False,False,True,True,True,True
GEN,stock,2026-05-21,24.850000381469727,188104711.82320595,14991566848.0,3.0,20000000.0,300000000.0,False,False,True,True,True,True
GEV,stock,2026-05-21,1043.8199462890625,2758077124.1171265,288535412736.0,3.0,20000000.0,300000000.0,False,False,True,True,True,True
GFS,stock,2026-05-21,81.3499984741211,342460441.2717819,49801695232.0,3.0,20000000.0,300000000.0,False,False,True,True,True,True
GH,stock,2026-05-21,118.01000213623047,210994178.83525848,15817183232.0,3.0,20000000.0,300000000.0,False,False,True,True,True,True
GILD,stock,2026-05-21,130.5,820981148.4593201,167140130816.0,3.0,20000000.0,300000000.0,False,False,True,True,True,True
GLBE,stock,2026-05-21,30.139999389648438,55398036.75842285,5044060672.0,3.0,20000000.0,300000000.0,False,False,True,True,True,True
GLD,etf,2026-05-21,416.989990234375,2568560038.9453125,,3.0,20000000.0,300000000.0,True,False,True,True,True,True
GLW,stock,2026-05-21,191.88999938964844,2871974080.430069,169364914176.0,3.0,20000000.0,300000000.0,False,False,True,True,True,True
GLXY,stock,2026-05-21,29.56999969482422,147903257.33332634,11619022848.0,3.0,20000000.0,300000000.0,False,False,True,True,True,True
GM,stock,2026-05-21,77.20999908447266,568073113.8250732,71727472640.0,3.0,20000000.0,300000000.0,False,False,True,True,True,True
GME,stock,2026-05-21,22.489999771118164,238479980.47519684,9866720256.0,3.0,20000000.0,300000000.0,False,False,True,True,True,True
GMED,stock,2026-05-21,84.61000061035156,148626688.06556702,11624491008.0,3.0,20000000.0,300000000.0,False,False,True,True,True,True
GNRC,stock,2026-05-21,247.7899932861328,231654213.4024048,16047188992.0,3.0,20000000.0,300000000.0,False,False,True,True,True,True
GOLD,stock,2026-05-21,41.779998779296875,25917073.579711914,1253714048.0,3.0,20000000.0,300000000.0,False,False,True,True,True,True
GOOGL,stock,2026-05-21,387.6600036621094,11427331405.048676,4681528508416.0,3.0,20000000.0,300000000.0,False,False,True,True,True,True
GPN,stock,2026-05-21,72.58999633789062,248479873.87706757,20112287744.0,3.0,20000000.0,300000000.0,False,False,True,True,True,True
GS,stock,2026-05-21,988.1699829101562,1762952748.5003662,292016029696.0,3.0,20000000.0,300000000.0,False,False,True,True,True,True
GSAT,stock,2026-05-21,82.70999908447266,102813931.83521271,10748080128.0,3.0,20000000.0,300000000.0,False,False,True,True,True,True
GSK,stock,2026-05-21,51.529998779296875,213793748.87319565,103404412928.0,3.0,20000000.0,300000000.0,False,False,True,True,True,True
GTLB,stock,2026-05-21,25.6200008392334,141513915.57608604,4530294784.0,3.0,20000000.0,300000000.0,False,False,True,True,True,True
GTM,stock,2026-05-21,3.569999933242798,60537497.970062494,1040354688.0,3.0,20000000.0,300000000.0,False,False,True,True,True,True
GXO,stock,2026-05-21,46.720001220703125,83617557.55218506,5497021440.0,3.0,20000000.0,300000000.0,False,False,True,True,True,True
H,stock,2026-05-21,175.52000427246094,140125519.6559906,16877527040.0,3.0,20000000.0,300000000.0,False,False,True,True,True,True
HAL,stock,2026-05-21,41.959999084472656,438165994.6357727,34464333824.0,3.0,20000000.0,300000000.0,False,False,True,True,True,True
HAYW,stock,2026-05-21,13.670000076293945,48963609.848742485,3023379456.0,3.0,20000000.0,300000000.0,False,False,True,True,True,True
HBAN,stock,2026-05-21,15.850000381469727,313606725.72762966,32393545728.0,3.0,20000000.0,300000000.0,False,False,True,True,True,True
HBM,stock,2026-05-21,24.739999771118164,133183239.33032036,10470089728.0,3.0,20000000.0,300000000.0,False,False,True,True,True,True
HD,stock,2026-05-21,313.7799987792969,1604208580.011444,307951828992.0,3.0,20000000.0,300000000.0,False,False,True,True,True,True
HEI,stock,2026-05-21,301.20001220703125,231882933.27026367,43081887744.0,3.0,20000000.0,300000000.0,False,False,True,True,True,True
HII,stock,2026-05-21,317.54998779296875,204187213.3996582,12632931328.0,3.0,20000000.0,300000000.0,False,False,True,True,True,True
HIMS,stock,2026-05-21,24.010000228881836,662188276.7697048,5417267712.0,3.0,20000000.0,300000000.0,False,False,True,True,True,True
HIMX,stock,2026-05-21,19.889999389648438,107890312.48382092,3778065408.0,3.0,20000000.0,300000000.0,False,False,True,True,True,True
HL,stock,2026-05-21,17.299999237060547,259329377.85362244,11606677504.0,3.0,20000000.0,300000000.0,False,False,True,True,True,True
HLF,stock,2026-05-21,12.6899995803833,20886018.45059395,1269431936.0,3.0,20000000.0,300000000.0,False,False,True,True,True,True
HLIT,stock,2026-05-21,12.699999809265137,26274650.676341057,1809720576.0,3.0,20000000.0,300000000.0,False,False,True,True,True,True
HLT,stock,2026-05-21,322.760009765625,541575437.9310608,73684082688.0,3.0,20000000.0,300000000.0,False,False,True,True,True,True
HMY,stock,2026-05-21,17.190000534057617,79349733.12657356,11345990656.0,3.0,20000000.0,300000000.0,False,False,True,True,True,True
HOLX,stock,2026-04-07,76.01000213623047,615592603.984301,16968846336.0,3.0,20000000.0,300000000.0,False,False,True,True,True,True
HON,stock,2026-05-21,223.8000030517578,854841084.0133667,146811092992.0,3.0,20000000.0,300000000.0,False,False,True,True,True,True
HOOD,stock,2026-05-21,75.91999816894531,1950129635.4376602,66380730368.0,3.0,20000000.0,300000000.0,False,True,True,True,True,True
HP,stock,2026-05-21,39.61000061035156,47028510.007801056,4022220800.0,3.0,20000000.0,300000000.0,False,False,True,True,True,True
HPE,stock,2026-05-21,33.970001220703125,460597181.3155937,50466897920.0,3.0,20000000.0,300000000.0,False,False,True,True,True,True
HPP,stock,2026-05-21,11.279999732971191,13760287.103004456,5091082752.0,3.0,20000000.0,300000000.0,False,False,True,False,True,False
HPQ,stock,2026-05-21,21.899999618530273,322257387.40098,22210635776.0,3.0,20000000.0,300000000.0,False,False,True,True,True,True
HRL,stock,2026-05-21,21.079999923706055,98159979.81904984,11492685824.0,3.0,20000000.0,300000000.0,False,False,True,True,True,True
HTZ,stock,2026-05-21,5.059999942779541,61292007.64861822,1663763200.0,3.0,20000000.0,300000000.0,False,False,True,True,True,True
HUBB,stock,2026-05-21,460.9800109863281,356836143.8240738,25266030592.0,3.0,20000000.0,300000000.0,False,False,True,True,True,True
HUBS,stock,2026-05-21,198.3699951171875,412767201.37283325,10179016704.0,3.0,20000000.0,300000000.0,False,False,True,True,True,True
HUM,stock,2026-05-21,303.67999267578125,532093359.69078064,36513103872.0,3.0,20000000.0,300000000.0,False,False,True,True,True,True
HUT,stock,2026-05-21,105.26000213623047,510450704.1737366,12450657280.0,3.0,20000000.0,300000000.0,False,False,True,True,True,True
HWM,stock,2026-05-21,259.8900146484375,642733917.7380371,104151982080.0,3.0,20000000.0,300000000.0,False,False,True,True,True,True
IAG,stock,2026-05-21,16.780000686645508,111461882.0485878,9944489984.0,3.0,20000000.0,300000000.0,False,False,True,True,True,True
IBKR,stock,2026-05-21,83.83000183105469,363168846.1869812,140594806784.0,3.0,20000000.0,300000000.0,False,False,True,True,True,True
IBM,stock,2026-05-21,252.97000122070312,1624636866.5810394,235507073024.0,3.0,20000000.0,300000000.0,False,False,True,True,True,True
ICE,stock,2026-05-21,151.49000549316406,509111642.816391,85448941568.0,3.0,20000000.0,300000000.0,False,False,True,True,True,True
ICHR,stock,2026-05-21,65.31999969482422,77004037.56429672,2538670080.0,3.0,20000000.0,300000000.0,False,False,True,True,True,True
ICL,stock,2026-05-21,6.46999979019165,8974353.134436607,8524893696.0,3.0,20000000.0,300000000.0,False,False,True,False,True,False
IGV,etf,2026-05-21,92.4800033569336,1852288652.6428986,,3.0,20000000.0,300000000.0,True,False,True,True,True,True
ILMN,stock,2026-05-21,144.8300018310547,236758158.7556076,21868900352.0,3.0,20000000.0,300000000.0,False,False,True,True,True,True
INDV,stock,2026-05-21,37.459999084472656,94100165.66402435,4488818688.0,3.0,20000000.0,300000000.0,False,False,True,True,True,True
INOD,stock,2026-05-21,98.52999877929688,257165065.52297592,3176713216.0,3.0,20000000.0,300000000.0,False,False,True,True,True,True
INTC,stock,2026-05-21,118.5,17359375474.710503,617443557376.0,3.0,20000000.0,300000000.0,False,False,True,True,True,True
INTU,stock,2026-05-21,307.07000732421875,1345254806.282959,83234570240.0,3.0,20000000.0,300000000.0,False,False,True,True,True,True
IONQ,stock,2026-05-21,58.88999938964844,1660992165.8769035,23316307968.0,3.0,20000000.0,300000000.0,False,False,True,True,True,True
IOT,stock,2026-05-21,30.149999618530273,142694500.60830116,18291269632.0,3.0,20000000.0,300000000.0,False,False,True,True,True,True
IPGP,stock,2026-05-21,120.5199966430664,75997316.95270538,5095037952.0,3.0,20000000.0,300000000.0,False,False,True,True,True,True
IR,stock,2026-05-21,70.27999877929688,307137128.7068939,28195819520.0,3.0,20000000.0,300000000.0,False,False,True,True,True,True
IRDM,stock,2026-05-21,45.70000076293945,85734612.37922668,5349823488.0,3.0,20000000.0,300000000.0,False,False,True,True,True,True
IREN,stock,2026-05-21,58.060001373291016,2876457716.2591553,21153243136.0,3.0,20000000.0,300000000.0,False,False,True,True,True,True
IRTC,stock,2026-05-21,117.87000274658203,69460243.3095932,3761431296.0,3.0,20000000.0,300000000.0,False,False,True,True,True,True
ISRG,stock,2026-05-21,439.79998779296875,990636087.2872925,155481030656.0,3.0,20000000.0,300000000.0,False,False,True,True,True,True
ITA,etf,2026-05-21,223.14999389648438,195476634.87495422,,3.0,20000000.0,300000000.0,True,False,True,True,True,True
IVZ,stock,2026-05-21,26.979999542236328,143680174.49120522,12203957248.0,3.0,20000000.0,300000000.0,False,False,True,True,True,True
IWM,etf,2026-05-21,282.489990234375,7351697506.768799,,3.0,20000000.0,300000000.0,True,False,True,True,True,True
IYT,etf,2026-05-21,81.37000274658203,55156592.3273468,,3.0,20000000.0,300000000.0,True,False,True,True,True,True
J,stock,2026-05-21,114.04000091552734,181515051.2644577,13767049216.0,3.0,20000000.0,300000000.0,False,False,True,True,True,True
JBHT,stock,2026-05-21,259.2300109863281,238899539.49653625,25196746752.0,3.0,20000000.0,300000000.0,False,False,True,True,True,True
JBL,stock,2026-05-21,356.4100036621094,448535457.65197754,40173289472.0,3.0,20000000.0,300000000.0,False,False,True,True,True,True
JBLU,stock,2026-05-21,5.010000228881836,123057731.04178905,1954959232.0,3.0,20000000.0,300000000.0,False,False,True,True,True,True
JCI,stock,2026-05-21,135.47000122070312,499327267.7851105,85056217088.0,3.0,20000000.0,300000000.0,False,False,True,True,True,True
JD,stock,2026-05-21,31.469999313354492,329541722.9069519,40366444544.0,3.0,20000000.0,300000000.0,False,False,True,True,True,True
JEF,stock,2026-05-21,52.45000076293945,115117618.84933472,10620258304.0,3.0,20000000.0,300000000.0,False,False,True,True,True,True
JETS,etf,2026-05-21,27.0,116581074.15032387,,3.0,20000000.0,300000000.0,True,False,True,True,True,True
JHX,stock,2026-05-21,20.809999465942383,146543921.59859657,12430338048.0,3.0,20000000.0,300000000.0,False,False,True,True,True,True
JMIA,stock,2026-05-21,7.099999904632568,21867118.587424755,881793472.0,3.0,20000000.0,300000000.0,False,False,True,True,True,True
JNJ,stock,2026-05-21,231.72999572753906,1721068832.2210693,555272699904.0,3.0,20000000.0,300000000.0,False,False,True,True,True,True
JOBY,stock,2026-05-21,10.399999618530273,324741657.45416164,11310516224.0,3.0,20000000.0,300000000.0,False,False,True,True,True,True
JPM,stock,2026-05-21,303.0,2431434658.2200623,818858688512.0,3.0,20000000.0,300000000.0,False,False,True,True,True,True
KBH,stock,2026-05-21,48.02000045776367,52058665.59961319,3057690624.0,3.0,20000000.0,300000000.0,False,False,True,True,True,True
KDP,stock,2026-05-21,28.780000686645508,314353267.0828438,40673927168.0,3.0,20000000.0,300000000.0,False,False,True,True,True,True
KEY,stock,2026-05-21,21.489999771118164,219310921.5212536,23500591104.0,3.0,20000000.0,300000000.0,False,False,True,True,True,True
KGC,stock,2026-05-21,28.68000030517578,228667920.3156948,34975465472.0,3.0,20000000.0,300000000.0,False,False,True,True,True,True
KKR,stock,2026-05-21,94.76000213623047,466462963.0812073,87975854080.0,3.0,20000000.0,300000000.0,False,False,True,True,True,True
KLAC,stock,2026-05-21,1842.1800537109375,1987083037.7581787,262938836992.0,3.0,20000000.0,300000000.0,False,False,True,True,True,True
KMI,stock,2026-05-21,33.5,357324428.8537693,73497124864.0,3.0,20000000.0,300000000.0,False,False,True,True,True,True
KMX,stock,2026-05-21,38.91999816894531,101941578.99219513,5745866240.0,3.0,20000000.0,300000000.0,False,False,True,True,True,True
KNX,stock,2026-05-21,70.25,304596467.96518326,11859624960.0,3.0,20000000.0,300000000.0,False,False,True,True,True,True
KO,stock,2026-05-21,81.16999816894531,1209015712.767067,346995228672.0,3.0,20000000.0,300000000.0,False,False,True,True,True,True
KOPN,stock,2026-05-21,4.849999904632568,65862528.578168154,1021609920.0,3.0,20000000.0,300000000.0,False,False,True,True,True,True
KR,stock,2026-05-21,67.06999969482422,341398986.9512558,40107274240.0,3.0,20000000.0,300000000.0,False,False,True,True,True,True
KSS,stock,2026-05-21,12.699999809265137,58773349.60563183,1464342400.0,3.0,20000000.0,300000000.0,False,False,True,True,True,True
KTOS,stock,2026-05-21,54.66999816894531,249174502.7260208,10547998720.0,3.0,20000000.0,300000000.0,False,False,True,True,True,True
KVYO,stock,2026-05-21,14.90999984741211,141306172.72414207,4344046592.0,3.0,20000000.0,300000000.0,False,False,True,True,True,True
KWEB,etf,2026-05-21,27.6299991607666,917300635.3684044,,3.0,20000000.0,300000000.0,True,False,True,True,True,True
LAC,stock,2026-05-21,4.989999771118164,69666691.04403973,1739830528.0,3.0,20000000.0,300000000.0,False,False,True,True,True,True
LAR,stock,2026-05-21,9.539999961853027,35208570.46096802,1591647360.0,3.0,20000000.0,300000000.0,False,False,True,True,True,True
LBRT,stock,2026-05-21,32.880001068115234,122999206.30302429,5247419904.0,3.0,20000000.0,300000000.0,False,False,True,True,True,True
LC,stock,2026-05-21,15.760000228881836,45552426.8329525,1852535808.0,3.0,20000000.0,300000000.0,False,False,True,True,True,True
LCID,stock,2026-05-21,5.840000152587891,107085857.92478085,2341540864.0,3.0,20000000.0,300000000.0,False,False,True,True,True,True
LDOS,stock,2026-05-21,123.04000091552734,179292948.740654,16036388864.0,3.0,20000000.0,300000000.0,False,False,True,True,True,True
LEN,stock,2026-05-21,88.83000183105469,218518976.001091,21977198592.0,3.0,20000000.0,300000000.0,False,False,True,True,True,True
LEU,stock,2026-05-21,177.14999389648438,178850679.91264343,3617039872.0,3.0,20000000.0,300000000.0,False,False,True,True,True,True
LFST,stock,2026-05-21,7.460000038146973,61711099.172673225,2883919104.0,3.0,20000000.0,300000000.0,False,False,True,True,True,True
LHX,stock,2026-05-21,306.3299865722656,466718214.93026733,58023419904.0,3.0,20000000.0,300000000.0,False,False,True,True,True,True
LI,stock,2026-05-21,16.200000762939453,71780128.02708626,16183482368.0,3.0,20000000.0,300000000.0,False,False,True,True,True,True
LITE,stock,2026-05-21,964.5,5911955373.401489,70501580800.0,3.0,20000000.0,300000000.0,False,False,True,True,True,True
LLY,stock,2026-05-21,1041.6500244140625,3354806533.661804,956517515264.0,3.0,20000000.0,300000000.0,False,False,True,True,True,True
LMT,stock,2026-05-21,522.7899780273438,763419682.2787476,122777436160.0,3.0,20000000.0,300000000.0,False,False,True,True,True,True
LNG,stock,2026-05-21,240.4499969482422,595355340.384903,49190207488.0,3.0,20000000.0,300000000.0,False,False,True,True,True,True
LOW,stock,2026-05-21,217.41000366210938,657213568.9450836,118634668032.0,3.0,20000000.0,300000000.0,False,False,True,True,True,True
LPTH,stock,2026-05-21,14.279999732971191,52317860.64672947,1027862656.0,3.0,20000000.0,300000000.0,False,False,True,True,True,True
LRCX,stock,2026-05-21,302.239990234375,2637505236.681595,403484246016.0,3.0,20000000.0,300000000.0,False,False,True,True,True,True
LSCC,stock,2026-05-21,139.35000610351562,359440414.7423935,20442943488.0,3.0,20000000.0,300000000.0,False,False,True,True,True,True
LULU,stock,2026-05-21,126.76000213623047,423212637.2291565,15156663296.0,3.0,20000000.0,300000000.0,False,False,True,True,True,True
LUNR,stock,2026-05-21,34.2400016784668,367908797.50992775,5235558912.0,3.0,20000000.0,300000000.0,False,True,True,True,True,True
LUV,stock,2026-05-21,40.779998779296875,257326612.84856796,20606699520.0,3.0,20000000.0,300000000.0,False,False,True,True,True,True
LWLG,stock,2026-05-21,13.170000076293945,141814807.42192268,1841636864.0,3.0,20000000.0,300000000.0,False,False,True,True,True,True
LYFT,stock,2026-05-21,13.479999542236328,217378096.01474285,5146596864.0,3.0,20000000.0,300000000.0,False,False,True,True,True,True
LYV,stock,2026-05-21,165.97999572753906,447295774.4167328,38942158848.0,3.0,20000000.0,300000000.0,False,False,True,True,True,True
M,stock,2026-05-21,20.6200008392334,100432217.36145973,5652409344.0,3.0,20000000.0,300000000.0,False,False,True,True,True,True
MA,stock,2026-05-21,499.6199951171875,1940594986.0568237,436238614528.0,3.0,20000000.0,300000000.0,False,False,True,True,True,True
MAIN,stock,2026-05-21,51.02000045776367,37480073.01689148,4753640448.0,3.0,20000000.0,300000000.0,False,False,True,True,True,True
MAR,stock,2026-05-21,370.55999755859375,491106232.0222473,98332786688.0,3.0,20000000.0,300000000.0,False,False,True,True,True,True
MARA,stock,2026-05-21,13.550000190734863,544628111.4736128,5402603008.0,3.0,20000000.0,300000000.0,False,False,True,True,True,True
MAS,stock,2026-05-21,67.1500015258789,203954635.48175812,13796617216.0,3.0,20000000.0,300000000.0,False,False,True,True,True,True
MBLY,stock,2026-05-21,9.800000190734863,62869002.46145725,8316588032.0,3.0,20000000.0,300000000.0,False,False,True,True,True,True
MCD,stock,2026-05-21,284.17999267578125,1242265750.515747,198351929344.0,3.0,20000000.0,300000000.0,False,False,True,True,True,True
MCHP,stock,2026-05-21,91.11000061035156,1100149734.4821167,53134610432.0,3.0,20000000.0,300000000.0,False,False,True,True,True,True
MDB,stock,2026-05-21,317.5,485226616.01020813,24760975360.0,3.0,20000000.0,300000000.0,False,False,True,True,True,True
MDLZ,stock,2026-05-21,61.5,471075790.07204056,78803263488.0,3.0,20000000.0,300000000.0,False,False,True,True,True,True
MDT,stock,2026-05-21,78.1500015258789,784354657.5539017,99841310720.0,3.0,20000000.0,300000000.0,False,False,True,True,True,True
MELI,stock,2026-05-21,1677.9000244140625,1189876499.350586,83549970432.0,3.0,20000000.0,300000000.0,False,False,True,True,True,True
MET,stock,2026-05-21,84.30000305175781,258850466.78287506,53373079552.0,3.0,20000000.0,300000000.0,False,False,True,True,True,True
META,stock,2026-05-21,607.3800048828125,10091866384.880676,1546242490368.0,3.0,20000000.0,300000000.0,False,False,True,True,True,True
MGNI,stock,2026-05-21,13.1899995803833,37584293.91641617,1902611328.0,3.0,20000000.0,300000000.0,False,False,True,True,True,True
MGY,stock,2026-05-21,29.239999771118164,69209893.91301155,5384626176.0,3.0,20000000.0,300000000.0,False,False,True,True,True,True
MLM,stock,2026-05-21,537.969970703125,311917835.84716797,33598683136.0,3.0,20000000.0,300000000.0,False,False,True,True,True,True
MMM,stock,2026-05-21,151.60000610351562,598283544.0921783,80162283520.0,3.0,20000000.0,300000000.0,False,False,True,True,True,True
MNDY,stock,2026-05-21,76.26000213623047,149626659.7089386,3977195520.0,3.0,20000000.0,300000000.0,False,False,True,True,True,True
MOH,stock,2026-05-21,181.25999450683594,208521085.99090576,9264421888.0,3.0,20000000.0,300000000.0,False,False,True,True,True,True
MOS,stock,2026-05-21,21.940000534057617,197337439.7972107,7183334400.0,3.0,20000000.0,300000000.0,False,False,True,True,True,True
MP,stock,2026-05-21,61.7400016784668,441768144.55753326,12023636992.0,3.0,20000000.0,300000000.0,False,False,True,True,True,True
MPT,stock,2026-05-21,5.159999847412109,28861327.07656145,3032366848.0,3.0,20000000.0,300000000.0,False,False,True,True,True,True
MPWR,stock,2026-05-21,1561.25,1068797978.5546875,82099183616.0,3.0,20000000.0,300000000.0,False,False,True,True,True,True
MQ,stock,2026-05-21,3.950000047683716,15347030.507640839,1634636800.0,3.0,20000000.0,300000000.0,False,False,True,False,True,False
MRAM,stock,2026-05-21,32.45000076293945,213081319.94946957,741412352.0,3.0,20000000.0,300000000.0,False,False,True,True,True,True
MRCY,stock,2026-05-21,96.36000061035156,47942954.50557709,5906458112.0,3.0,20000000.0,300000000.0,False,False,True,True,True,True
MRK,stock,2026-05-21,115.87999725341797,955317544.1550064,297033433088.0,3.0,20000000.0,300000000.0,False,False,True,True,True,True
MRNA,stock,2026-05-21,47.2599983215332,402412263.9401436,18771998720.0,3.0,20000000.0,300000000.0,False,False,True,True,True,True
MRVL,stock,2026-05-21,190.69000244140625,4146266641.9161987,181519679488.0,3.0,20000000.0,300000000.0,False,False,True,True,True,True
MS,stock,2026-05-21,200.50999450683594,995958283.4122467,317028761600.0,3.0,20000000.0,300000000.0,False,False,True,True,True,True
MSFT,stock,2026-05-21,419.0899963378906,14305144050.732727,3083506286592.0,3.0,20000000.0,300000000.0,False,False,True,True,True,True
MSI,stock,2026-05-21,400.239990234375,522033806.8864441,68449112064.0,3.0,20000000.0,300000000.0,False,False,True,True,True,True
MSTR,stock,2026-05-21,164.85000610351562,2639917212.2333527,55966859264.0,3.0,20000000.0,300000000.0,False,False,True,True,True,True
MT,stock,2026-05-21,64.11000061035156,128558627.67839432,51496173568.0,3.0,20000000.0,300000000.0,False,False,True,True,True,True
MTH,stock,2026-05-21,63.880001068115234,57596637.22459793,4313318912.0,3.0,20000000.0,300000000.0,False,False,True,True,True,True
MTSI,stock,2026-05-21,380.45001220703125,499163129.776001,31234347008.0,3.0,20000000.0,300000000.0,False,False,True,True,True,True
MTZ,stock,2026-05-21,388.7699890136719,444631780.45944214,30759950336.0,3.0,20000000.0,300000000.0,False,False,True,True,True,True
MU,stock,2026-05-21,762.0999755859375,34125971800.38391,1032513781760.0,3.0,20000000.0,300000000.0,False,False,True,True,True,True
NAMS,stock,2026-05-21,35.7400016784668,57129771.58214569,4169380352.0,3.0,20000000.0,300000000.0,False,False,True,True,True,True
NBIS,stock,2026-05-21,219.92999267578125,3437999178.781891,52879376384.0,3.0,20000000.0,300000000.0,False,False,True,True,True,True
NBR,stock,2026-05-21,104.55999755859375,33667946.03931427,1510144512.0,3.0,20000000.0,300000000.0,False,False,True,True,True,True
NCLH,stock,2026-05-21,16.469999313354492,428410833.33393574,7738301440.0,3.0,20000000.0,300000000.0,False,False,True,True,True,True
NDAQ,stock,2026-05-21,90.41000366210938,292574635.9092331,51537731584.0,3.0,20000000.0,300000000.0,False,False,True,True,True,True
NEE,stock,2026-05-21,89.69000244140625,1059867865.1150131,183324721152.0,3.0,20000000.0,300000000.0,False,False,True,True,True,True
NEM,stock,2026-05-21,108.33000183105469,822615658.8029861,118306193408.0,3.0,20000000.0,300000000.0,False,False,True,True,True,True
NET,stock,2026-05-21,212.64999389648438,1023265350.125885,77628252160.0,3.0,20000000.0,300000000.0,False,False,True,True,True,True
NFLX,stock,2026-05-21,89.30000305175781,3030492238.268318,369202823168.0,3.0,20000000.0,300000000.0,False,False,True,True,True,True
NIO,stock,2026-05-21,5.599999904632568,209426770.47745705,13057031168.0,3.0,20000000.0,300000000.0,False,False,True,True,True,True
NKE,stock,2026-05-21,44.38999938964844,857508517.5589371,65764712448.0,3.0,20000000.0,300000000.0,False,False,True,True,True,True
NNDM,stock,2026-05-21,1.6100000143051147,4274092.268996835,374483360.0,1.5,4000000.0,300000000.0,False,False,True,True,True,True
NNE,stock,2026-05-21,25.079999923706055,62428296.941013336,1522915584.0,3.0,20000000.0,300000000.0,False,False,True,True,True,True
NOC,stock,2026-05-21,551.5800170898438,433749144.8251343,79023161344.0,3.0,20000000.0,300000000.0,False,False,True,True,True,True
NOK,stock,2026-05-21,14.180000305175781,1545364871.4862013,91581472768.0,3.0,20000000.0,300000000.0,False,False,True,True,True,True
NOW,stock,2026-05-21,99.69000244140625,2663857272.462387,104203362304.0,3.0,20000000.0,300000000.0,False,False,True,True,True,True
NRG,stock,2026-05-21,136.9199981689453,396229176.1201477,29699510272.0,3.0,20000000.0,300000000.0,False,False,True,True,True,True
NTAP,stock,2026-05-21,123.94999694824219,248784133.9358139,27401650176.0,3.0,20000000.0,300000000.0,False,False,True,True,True,True
NTES,stock,2026-05-21,114.33999633789062,119818169.10305023,79272517632.0,3.0,20000000.0,300000000.0,False,False,True,True,True,True
NTLA,stock,2026-05-21,12.369999885559082,126436240.55344105,1754911744.0,3.0,20000000.0,300000000.0,False,False,True,True,True,True
NTR,stock,2026-05-21,70.23999786376953,205623140.58166504,33714454528.0,3.0,20000000.0,300000000.0,False,False,True,True,True,True
NTSK,stock,2026-05-21,11.569999694824219,37126893.83655071,4885836288.0,3.0,20000000.0,300000000.0,False,False,True,True,True,True
NU,stock,2026-05-21,13.15999984741211,667583627.3272896,62546296832.0,3.0,20000000.0,300000000.0,False,False,True,True,True,True
NUE,stock,2026-05-21,226.44000244140625,331242422.2606659,54516629504.0,3.0,20000000.0,300000000.0,False,False,True,True,True,True
NVAX,stock,2026-05-21,8.979999542236328,49851011.85334444,1706867584.0,3.0,20000000.0,300000000.0,False,False,True,True,True,True
NVDA,stock,2026-05-21,219.50999450683594,35411091712.17583,5162100326400.0,3.0,20000000.0,300000000.0,False,False,True,True,True,True
NVO,stock,2026-05-21,44.38999938964844,766390375.2522278,196573184000.0,3.0,20000000.0,300000000.0,False,False,True,True,True,True
NVST,stock,2026-05-21,23.6299991607666,100712768.31477165,3857465344.0,3.0,20000000.0,300000000.0,False,False,True,True,True,True
NVTS,stock,2026-05-21,24.3799991607666,698125885.5180645,7465180672.0,3.0,20000000.0,300000000.0,False,False,True,True,True,True
NWG,stock,2026-05-21,15.789999961853027,56480217.10290432,63928434688.0,3.0,20000000.0,300000000.0,False,False,True,True,True,True
NXE,stock,2026-05-21,10.529999732971191,71495801.84336185,7234670592.0,3.0,20000000.0,300000000.0,False,False,True,True,True,True
NXPI,stock,2026-05-21,299.3800048828125,1249008753.0690002,83474513920.0,3.0,20000000.0,300000000.0,False,False,True,True,True,True
NXT,stock,2026-05-21,121.0199966430664,307371038.2236099,19710781440.0,3.0,20000000.0,300000000.0,False,False,True,True,True,True
O,stock,2026-05-21,62.22999954223633,351821301.99445724,58229497856.0,3.0,20000000.0,300000000.0,False,False,True,True,True,True
OC,stock,2026-05-21,116.05999755859375,147405582.3323822,9613470720.0,3.0,20000000.0,300000000.0,False,False,True,True,True,True
ODFL,stock,2026-05-21,207.69000244140625,430390460.60272217,44983541760.0,3.0,20000000.0,300000000.0,False,False,True,True,True,True
OKLO,stock,2026-05-21,65.08999633789062,1001771110.010128,11937521664.0,3.0,20000000.0,300000000.0,False,True,True,True,True,True
OKTA,stock,2026-05-21,89.44000244140625,220763386.8593216,16609691648.0,3.0,20000000.0,300000000.0,False,False,True,True,True,True
OLLI,stock,2026-05-21,83.06999969482422,130620611.05064392,4811162624.0,3.0,20000000.0,300000000.0,False,False,True,True,True,True
OLN,stock,2026-05-21,26.020000457763672,55711186.912145615,2988677376.0,3.0,20000000.0,300000000.0,False,False,True,True,True,True
OMDA,stock,2026-05-21,16.440000534057617,19125034.34975624,966632768.0,3.0,20000000.0,300000000.0,False,False,True,False,True,False
ON,stock,2026-05-21,109.61000061035156,1381636620.3498077,49296359424.0,3.0,20000000.0,300000000.0,False,False,True,True,True,True
ONDS,stock,2026-05-21,9.180000305175781,638670509.1566229,4785496064.0,3.0,20000000.0,300000000.0,False,False,True,True,True,True
ONON,stock,2026-05-21,39.189998626708984,256175321.14448547,13434854400.0,3.0,20000000.0,300000000.0,False,False,True,True,True,True
ONTO,stock,2026-05-21,261.45001220703125,342748708.767395,13617052672.0,3.0,20000000.0,300000000.0,False,False,True,True,True,True
OPEN,stock,2026-05-21,4.570000171661377,172941170.926764,4408846848.0,3.0,20000000.0,300000000.0,False,False,True,True,True,True
ORCL,stock,2026-05-21,189.77000427246094,4116542013.263092,551323697152.0,3.0,20000000.0,300000000.0,False,False,True,True,True,True
OSCR,stock,2026-05-21,22.139999389648438,188410360.96954346,6672039424.0,3.0,20000000.0,300000000.0,False,False,True,True,True,True
OTIS,stock,2026-05-21,71.62999725341797,308723857.53067017,27907670016.0,3.0,20000000.0,300000000.0,False,False,True,True,True,True
OUST,stock,2026-05-21,35.09000015258789,152991943.82156372,2704190208.0,3.0,20000000.0,300000000.0,False,False,True,True,True,True
OUT,stock,2026-05-21,33.33000183105469,54184220.48207283,5910451712.0,3.0,20000000.0,300000000.0,False,False,True,True,True,True
OVV,stock,2026-05-21,58.869998931884766,255794261.6726303,15914083328.0,3.0,20000000.0,300000000.0,False,False,True,True,True,True
OWL,stock,2026-05-21,10.199999809265137,302488559.0008354,15691841536.0,3.0,20000000.0,300000000.0,False,False,True,True,True,True
OXY,stock,2026-05-21,58.83000183105469,717990866.3250732,57474965504.0,3.0,20000000.0,300000000.0,False,False,True,True,True,True
P,stock,2026-05-21,79.0,231273459.86053467,29789106176.0,3.0,20000000.0,300000000.0,False,False,True,True,True,True
PAAS,stock,2026-05-21,54.79999923706055,313079724.5420456,23191105536.0,3.0,20000000.0,300000000.0,False,False,True,True,True,True
PACB,stock,2026-05-21,1.25,9001856.259337664,389805120.0,3.0,20000000.0,300000000.0,False,False,False,False,True,False
PAGS,stock,2026-05-21,9.319999694824219,36237324.006471634,2571577856.0,3.0,20000000.0,300000000.0,False,False,True,True,True,True
PANW,stock,2026-05-21,252.9199981689453,1673776157.8007507,209781374976.0,3.0,20000000.0,300000000.0,False,False,True,True,True,True
PATH,stock,2026-05-21,10.569999694824219,324503149.4005394,5828965888.0,3.0,20000000.0,300000000.0,False,False,True,True,True,True
PAVE,etf,2026-05-21,54.540000915527344,95825287.43270874,,3.0,20000000.0,300000000.0,True,False,True,True,True,True
PAYC,stock,2026-05-21,134.35000610351562,137191223.62140656,6259454464.0,3.0,20000000.0,300000000.0,False,False,True,True,True,True
PAYO,stock,2026-05-21,5.0,19895735.126268864,1652132608.0,3.0,20000000.0,300000000.0,False,False,True,False,True,False
PCAR,stock,2026-05-21,109.33999633789062,332042134.55387115,58315145216.0,3.0,20000000.0,300000000.0,False,False,True,True,True,True
PCG,stock,2026-05-21,16.440000534057617,335626624.4063568,36314685440.0,3.0,20000000.0,300000000.0,False,False,True,True,True,True
PCOR,stock,2026-05-21,46.380001068115234,153415445.64510345,7183882752.0,3.0,20000000.0,300000000.0,False,False,True,True,True,True
PDD,stock,2026-05-21,97.79000091552734,607301692.5894547,138596122624.0,3.0,20000000.0,300000000.0,False,False,True,True,True,True
PEG,stock,2026-05-21,78.4800033569336,238789878.69735718,40299253760.0,3.0,20000000.0,300000000.0,False,False,True,True,True,True
PEP,stock,2026-05-21,148.85000610351562,917063486.3026428,199751090176.0,3.0,20000000.0,300000000.0,False,False,True,True,True,True
PFE,stock,2026-05-21,25.950000762939453,979245433.5976028,146732204032.0,3.0,20000000.0,300000000.0,False,False,True,True,True,True
PG,stock,2026-05-21,143.39999389648438,1224873817.4124908,332826640384.0,3.0,20000000.0,300000000.0,False,False,True,True,True,True
PGR,stock,2026-05-21,198.97000122070312,505666244.58610535,115725565952.0,3.0,20000000.0,300000000.0,False,False,True,True,True,True
PH,stock,2026-05-21,864.72998046875,724077462.0916748,108846604288.0,3.0,20000000.0,300000000.0,False,False,True,True,True,True
PHM,stock,2026-05-21,116.30000305175781,215523211.11125946,22350716928.0,3.0,20000000.0,300000000.0,False,False,True,True,True,True
PINS,stock,2026-05-21,18.850000381469727,406484503.83758545,10805435392.0,3.0,20000000.0,300000000.0,False,False,True,True,True,True
PK,stock,2026-05-21,11.460000038146973,49822923.31049442,2393185536.0,3.0,20000000.0,300000000.0,False,False,True,True,True,True
PL,stock,2026-05-21,42.47999954223633,349880830.39670944,17481084928.0,3.0,20000000.0,300000000.0,False,False,True,True,True,True
PLD,stock,2026-05-21,144.6300048828125,435579830.5446625,137258803200.0,3.0,20000000.0,300000000.0,False,False,True,True,True,True
PLTR,stock,2026-05-21,137.4149932861328,5669952114.243546,327592935424.0,3.0,20000000.0,300000000.0,False,True,True,True,True,True
PLUG,stock,2026-05-21,3.7799999713897705,307232637.80009985,5475645952.0,3.0,20000000.0,300000000.0,False,False,True,True,True,True
PLXS,stock,2026-05-21,256.3800048828125,87690707.4533844,7336877568.0,3.0,20000000.0,300000000.0,False,False,True,True,True,True
PNC,stock,2026-05-21,218.3699951171875,362429460.8719635,88553037824.0,3.0,20000000.0,300000000.0,False,False,True,True,True,True
PODD,stock,2026-05-21,156.88999938964844,286102760.7058716,10647365632.0,3.0,20000000.0,300000000.0,False,False,True,True,True,True
PRIM,stock,2026-05-21,110.0,278963659.0092087,6932695552.0,3.0,20000000.0,300000000.0,False,False,True,True,True,True
PSA,stock,2026-05-21,304.989990234375,288792930.9919739,53632733184.0,3.0,20000000.0,300000000.0,False,False,True,True,True,True
PSKY,stock,2026-05-21,10.279999732971191,111221680.2797842,11678571520.0,3.0,20000000.0,300000000.0,False,False,True,True,True,True
PSTG,stock,2026-05-21,79.0,231178637.7651066,22405251072.0,3.0,20000000.0,300000000.0,False,False,True,True,True,True
PTC,stock,2026-05-21,145.83999633789062,215414323.48617554,16769708032.0,3.0,20000000.0,300000000.0,False,False,True,True,True,True
PTEN,stock,2026-05-21,12.210000038146973,92597510.18780231,4587679232.0,3.0,20000000.0,300000000.0,False,False,True,True,True,True
PURR,stock,2026-05-21,8.479999542236328,73007417.68489599,1138912000.0,3.0,20000000.0,300000000.0,False,False,True,True,True,True
PWR,stock,2026-05-21,716.9099731445312,968997237.2128296,111617736704.0,3.0,20000000.0,300000000.0,False,False,True,True,True,True
PYPL,stock,2026-05-21,44.29999923706055,696136384.6986198,39011115008.0,3.0,20000000.0,300000000.0,False,False,True,True,True,True
Q,stock,2026-05-21,152.75999450683594,302286934.9131012,34182995968.0,3.0,20000000.0,300000000.0,False,False,True,True,True,True
QBTS,stock,2026-05-21,25.739999771118164,661132092.3582935,10068700160.0,3.0,20000000.0,300000000.0,False,False,True,True,True,True
QCOM,stock,2026-05-21,213.41000366210938,6104224160.518875,260243144704.0,3.0,20000000.0,300000000.0,False,False,True,True,True,True
QLYS,stock,2026-05-21,100.8499984741211,77031785.23521423,3634747392.0,3.0,20000000.0,300000000.0,False,False,True,True,True,True
QMCO,stock,2026-05-21,9.40999984741211,5331103.91920805,127570424.0,3.0,20000000.0,300000000.0,False,False,True,False,False,False
QQQ,etf,2026-05-21,714.510009765625,27699652656.827087,,3.0,20000000.0,300000000.0,True,False,True,True,True,True
QS,stock,2026-05-21,8.380000114440918,208439081.71576262,5317437440.0,3.0,20000000.0,300000000.0,False,False,True,True,True,True
QSR,stock,2026-05-21,76.25,287954088.3827591,34380419072.0,3.0,20000000.0,300000000.0,False,False,True,True,True,True
QUBT,stock,2026-05-21,11.40999984741211,265815109.1256094,2595591936.0,3.0,20000000.0,300000000.0,False,False,True,True,True,True
QXO,stock,2026-05-21,17.030000686645508,301619538.6150408,12347039744.0,3.0,20000000.0,300000000.0,False,False,True,True,True,True
RBLX,stock,2026-05-21,46.13999938964844,699559791.6513252,32668106752.0,3.0,20000000.0,300000000.0,False,False,True,True,True,True
RBRK,stock,2026-05-21,64.79000091552734,179579100.8065796,14165892096.0,3.0,20000000.0,300000000.0,False,False,True,True,True,True
RCL,stock,2026-05-21,260.32000732421875,785931552.183075,71417643008.0,3.0,20000000.0,300000000.0,False,False,True,True,True,True
RDDT,stock,2026-05-21,150.0399932861328,885878934.5452881,27507615744.0,3.0,20000000.0,300000000.0,False,False,True,True,True,True
RDW,stock,2026-05-21,15.350000381469727,446844362.4337387,4396083712.0,3.0,20000000.0,300000000.0,False,False,True,True,True,True
REGN,stock,2026-05-21,642.5900268554688,691070900.5453491,66551816192.0,3.0,20000000.0,300000000.0,False,False,True,True,True,True
RGTI,stock,2026-05-21,22.040000915527344,622699336.3546562,8148756992.0,3.0,20000000.0,300000000.0,False,False,True,True,True,True
RIG,stock,2026-05-21,6.820000171661377,261395728.91594648,7217792512.0,3.0,20000000.0,300000000.0,False,False,True,True,True,True
RIO,stock,2026-05-21,104.76000213623047,257402091.29013062,173374668800.0,3.0,20000000.0,300000000.0,False,False,True,True,True,True
RIOT,stock,2026-05-21,24.469999313354492,416912570.14131546,9780881408.0,3.0,20000000.0,300000000.0,False,False,True,True,True,True
RIVN,stock,2026-05-21,14.149999618530273,438206336.71152115,19323848704.0,3.0,20000000.0,300000000.0,False,False,True,True,True,True
RJF,stock,2026-05-21,150.4199981689453,192224067.90168762,29762537472.0,3.0,20000000.0,300000000.0,False,False,True,True,True,True
RKLB,stock,2026-05-21,125.44999694824219,2912636863.1778336,82060247040.0,3.0,20000000.0,300000000.0,False,True,True,True,True,True
RKT,stock,2026-05-21,13.869999885559082,327228347.6553869,39725195264.0,3.0,20000000.0,300000000.0,False,False,True,True,True,True
RMBS,stock,2026-05-21,141.82000732421875,382980469.7138214,16738520064.0,3.0,20000000.0,300000000.0,False,False,True,True,True,True
ROAD,stock,2026-05-21,111.41000366210938,72885127.94696808,6512237056.0,3.0,20000000.0,300000000.0,False,False,True,True,True,True
ROG,stock,2026-05-21,132.39999389648438,41163973.790016174,2570008832.0,3.0,20000000.0,300000000.0,False,False,True,True,True,True
ROIV,stock,2026-05-21,30.8799991607666,184198976.9491577,21168128000.0,3.0,20000000.0,300000000.0,False,False,True,True,True,True
ROK,stock,2026-05-21,440.25,359711731.7982483,50648567808.0,3.0,20000000.0,300000000.0,False,False,True,True,True,True
ROKU,stock,2026-05-21,125.08000183105469,330182635.00946045,18827999232.0,3.0,20000000.0,300000000.0,False,False,True,True,True,True
RRC,stock,2026-05-21,41.13999938964844,104585402.93397903,9476727808.0,3.0,20000000.0,300000000.0,False,False,True,True,True,True
RTX,stock,2026-05-21,175.97999572753906,1056235414.841156,240275243008.0,3.0,20000000.0,300000000.0,False,False,True,True,True,True
RUM,stock,2026-05-21,8.0600004196167,24547822.286553383,1920523264.0,3.0,20000000.0,300000000.0,False,False,True,True,True,True
RUN,stock,2026-05-21,14.444999694824219,114407005.50501347,3498325248.0,3.0,20000000.0,300000000.0,False,False,True,True,True,True
RVMD,stock,2026-05-21,153.72999572753906,386975317.20710754,32731353088.0,3.0,20000000.0,300000000.0,False,False,True,True,True,True
RVTY,stock,2026-05-21,95.37999725341797,136418048.9580536,10672923648.0,3.0,20000000.0,300000000.0,False,False,True,True,True,True
RXRX,stock,2026-05-21,3.109999895095825,43351088.76029372,1551311872.0,3.0,20000000.0,300000000.0,False,False,True,True,True,True
RXT,stock,2026-05-21,4.329999923706055,176265861.6110927,1243620224.0,3.0,20000000.0,300000000.0,False,False,True,True,True,True
S,stock,2026-05-21,18.110000610351562,111622487.79509544,6380593152.0,3.0,20000000.0,300000000.0,False,False,True,True,True,True
SAIA,stock,2026-05-21,458.25,181157222.83477783,12452758528.0,3.0,20000000.0,300000000.0,False,False,True,True,True,True
SAIC,stock,2026-05-21,96.16999816894531,44440801.97166443,4385236992.0,3.0,20000000.0,300000000.0,False,False,True,True,True,True
SAIL,stock,2026-05-21,15.010000228881836,40539232.077116966,9016003584.0,3.0,20000000.0,300000000.0,False,False,True,True,True,True
SANM,stock,2026-05-21,234.36000061035156,247118909.73701477,14009376768.0,3.0,20000000.0,300000000.0,False,False,True,True,True,True
SAP,stock,2026-05-21,176.27999877929688,642760271.3815308,206943895552.0,3.0,20000000.0,300000000.0,False,False,True,True,True,True
SATL,stock,2026-05-21,9.640000343322754,69868104.01154041,1572929152.0,3.0,20000000.0,300000000.0,False,False,True,True,True,True
SBAC,stock,2026-05-21,208.07000732421875,179660149.46746826,21617764352.0,3.0,20000000.0,300000000.0,False,False,True,True,True,True
SBET,stock,2026-05-21,6.480000019073486,48355801.01561308,1203975680.0,3.0,20000000.0,300000000.0,False,False,True,True,True,True
SBUX,stock,2026-05-21,104.12999725341797,844327551.3860703,115417415680.0,3.0,20000000.0,300000000.0,False,False,True,True,True,True
SCCO,stock,2026-05-21,179.1199951171875,246908373.05010605,157508173824.0,3.0,20000000.0,300000000.0,False,False,True,True,True,True
SCHW,stock,2026-05-21,90.41000366210938,893291323.4241867,156243918848.0,3.0,20000000.0,300000000.0,False,False,True,True,True,True
SE,stock,2026-05-21,88.95999908447266,425136749.02599335,54639747072.0,3.0,20000000.0,300000000.0,False,False,True,True,True,True
SEDG,stock,2026-05-21,63.0,234065431.10214233,4311401984.0,3.0,20000000.0,300000000.0,False,False,True,True,True,True
SERV,stock,2026-05-21,8.8100004196167,35441753.33631992,764110272.0,3.0,20000000.0,300000000.0,False,False,True,True,True,True
SG,stock,2026-05-21,8.979999542236328,40378754.25765276,1108067840.0,3.0,20000000.0,300000000.0,False,False,True,True,True,True
SGHC,stock,2026-05-21,13.5,52891059.58768368,6653265920.0,3.0,20000000.0,300000000.0,False,False,True,True,True,True
SGML,stock,2026-05-21,15.550000190734863,70111409.61032867,1688869120.0,3.0,20000000.0,300000000.0,False,False,True,True,True,True
SGMO,stock,2026-05-21,0.1599999964237213,2729742.308524549,80786320.0,3.0,20000000.0,300000000.0,False,False,False,False,False,False
SHAK,stock,2026-05-21,62.83000183105469,208411137.99699783,2637480704.0,3.0,20000000.0,300000000.0,False,False,True,True,True,True
SHEL,stock,2026-05-21,86.1488037109375,772740576.4898491,237017448448.0,3.0,20000000.0,300000000.0,False,False,True,True,True,True
SHLS,stock,2026-05-21,9.550000190734863,48009117.81205416,1791803136.0,3.0,20000000.0,300000000.0,False,False,True,True,True,True
SHOP,stock,2026-05-21,104.86000061035156,1469722165.4606628,135299964928.0,3.0,20000000.0,300000000.0,False,False,True,True,True,True
SLB,stock,2026-05-21,57.25,695726784.6469879,87102054400.0,3.0,20000000.0,300000000.0,False,False,True,True,True,True
SLV,etf,2026-05-21,69.44999694824219,1691275139.490776,,3.0,20000000.0,300000000.0,True,False,True,True,True,True
SMCI,stock,2026-05-21,33.459999084472656,1204435391.7831516,22210385920.0,3.0,20000000.0,300000000.0,False,False,True,True,True,True
SMH,etf,2026-05-21,567.8800048828125,5603444799.131165,,3.0,20000000.0,300000000.0,True,False,True,True,True,True
SMR,stock,2026-05-21,11.329999923706055,370820640.6647444,4165383168.0,3.0,20000000.0,300000000.0,False,True,True,True,True,True
SNAP,stock,2026-05-21,5.690000057220459,255212570.77449083,9545247744.0,3.0,20000000.0,300000000.0,False,False,True,True,True,True
SNDK,stock,2026-05-21,1542.239990234375,20203547178.532104,242495504384.0,3.0,20000000.0,300000000.0,False,False,True,True,True,True
SNOW,stock,2026-05-21,165.5399932861328,1109289946.138916,61927542784.0,3.0,20000000.0,300000000.0,False,False,True,True,True,True
SNY,stock,2026-05-21,44.91999816894531,116318138.60046387,105924624384.0,3.0,20000000.0,300000000.0,False,False,True,True,True,True
SO,stock,2026-05-21,94.23999786376953,530390784.98161316,106304380928.0,3.0,20000000.0,300000000.0,False,False,True,True,True,True
SOFI,stock,2026-05-21,15.649999618530273,1097416510.9265375,20459593728.0,3.0,20000000.0,300000000.0,False,False,True,True,True,True
SONY,stock,2026-05-21,22.559999465942383,182823989.57299232,131099877376.0,3.0,20000000.0,300000000.0,False,False,True,True,True,True
SOUN,stock,2026-05-21,8.319999694824219,265769148.87184143,3537891840.0,3.0,20000000.0,300000000.0,False,False,True,True,True,True
SPCE,stock,2026-05-21,2.75,23672619.381166697,367148704.0,3.0,20000000.0,300000000.0,False,False,False,True,True,False
SPG,stock,2026-05-21,204.89999389648438,273690713.33251953,78477189120.0,3.0,20000000.0,300000000.0,False,False,True,True,True,True
SPIR,stock,2026-05-21,19.209999084472656,26265329.127645493,916263680.0,3.0,20000000.0,300000000.0,False,False,True,True,True,True
SPOT,stock,2026-05-21,489.92999267578125,1240418386.1505127,108647587840.0,3.0,20000000.0,300000000.0,False,False,True,True,True,True
SPY,etf,2026-05-21,742.719970703125,34834572853.654175,,3.0,20000000.0,300000000.0,True,False,True,True,True,True
SQM,stock,2026-05-21,79.29000091552734,100456735.47210693,22936717312.0,3.0,20000000.0,300000000.0,False,False,True,True,True,True
SRAD,stock,2026-05-21,13.0,54138021.91049576,3847371520.0,3.0,20000000.0,300000000.0,False,False,True,True,True,True
SRE,stock,2026-05-21,91.55000305175781,316516042.73303986,60172169216.0,3.0,20000000.0,300000000.0,False,False,True,True,True,True
SSYS,stock,2026-05-21,8.529999732971191,7944026.83863163,857722304.0,1.5,4000000.0,300000000.0,False,False,True,True,True,True
STEM,stock,2026-05-21,9.149999618530273,1638479.1305685043,91674408.0,3.0,20000000.0,300000000.0,False,False,True,False,False,False
STLD,stock,2026-05-21,231.83999633789062,227516676.16119385,35957297152.0,3.0,20000000.0,300000000.0,False,False,True,True,True,True
STM,stock,2026-05-21,65.66000366210938,682757973.36977,62455558144.0,3.0,20000000.0,300000000.0,False,False,True,True,True,True
STNE,stock,2026-05-21,11.100000381469727,76016544.20820713,2693752576.0,3.0,20000000.0,300000000.0,False,False,True,True,True,True
STX,stock,2026-05-21,810.4600219726562,3505402351.2591553,192007290880.0,3.0,20000000.0,300000000.0,False,False,True,True,True,True
SVM,stock,2026-05-21,12.229999542236328,50291705.96223354,2719684608.0,3.0,20000000.0,300000000.0,False,False,True,True,True,True
SYK,stock,2026-05-21,313.5,912590137.5918579,119727398912.0,3.0,20000000.0,300000000.0,False,False,True,True,True,True
SYM,stock,2026-05-21,50.95000076293945,101042677.76788712,32185753600.0,3.0,20000000.0,300000000.0,False,False,True,True,True,True
T,stock,2026-05-21,25.34000015258789,873362351.6619205,174472790016.0,3.0,20000000.0,300000000.0,False,False,True,True,True,True
TBLA,stock,2026-05-21,4.929999828338623,15358145.61121583,1448563072.0,3.0,20000000.0,300000000.0,False,False,True,False,True,False
TCEHY,stock,2026-05-21,56.81999969482422,266516461.37224197,506750795776.0,3.0,20000000.0,300000000.0,False,False,True,True,True,True
TCOM,stock,2026-05-21,48.060001373291016,139575163.5174179,29907849216.0,3.0,20000000.0,300000000.0,False,False,True,True,True,True
TDG,stock,2026-05-21,1209.3199462890625,482578309.42077637,68615122944.0,3.0,20000000.0,300000000.0,False,False,True,True,True,True
TDOC,stock,2026-05-21,6.570000171661377,33868777.312812805,1211224704.0,3.0,20000000.0,300000000.0,False,False,True,True,True,True
TE,stock,2026-05-21,8.720000267028809,199680545.2302122,2834660352.0,3.0,20000000.0,300000000.0,False,False,True,True,True,True
TEAM,stock,2026-05-21,82.18000030517578,716582205.8569336,21598181376.0,3.0,20000000.0,300000000.0,False,False,True,True,True,True
TECH,stock,2026-05-21,47.369998931884766,163416283.64151,7530956800.0,3.0,20000000.0,300000000.0,False,False,True,True,True,True
TECK,stock,2026-05-21,63.0,187947005.7671547,31857825792.0,3.0,20000000.0,300000000.0,False,False,True,True,True,True
TEL,stock,2026-05-21,202.57000732421875,587601183.4684753,61225144320.0,3.0,20000000.0,300000000.0,False,False,True,True,True,True
TEM,stock,2026-05-21,46.4900016784668,297407376.7926216,8426974720.0,3.0,20000000.0,300000000.0,False,False,True,True,True,True
TENB,stock,2026-05-21,25.170000076293945,87034943.44211578,2885817600.0,3.0,20000000.0,300000000.0,False,False,True,True,True,True
TER,stock,2026-05-21,353.44000244140625,1575201209.2785645,60599033856.0,3.0,20000000.0,300000000.0,False,False,True,True,True,True
TEX,stock,2026-05-21,57.29999923706055,78156719.43782806,6742204416.0,3.0,20000000.0,300000000.0,False,False,True,True,True,True
TFC,stock,2026-05-21,47.88999938964844,334852285.1132965,60339167232.0,3.0,20000000.0,300000000.0,False,False,True,True,True,True
TGB,stock,2026-05-21,6.579999923706055,34287059.83152866,2564112128.0,3.0,20000000.0,300000000.0,False,False,True,True,True,True
TGT,stock,2026-05-21,126.1500015258789,737011229.7445297,56810745856.0,3.0,20000000.0,300000000.0,False,False,True,True,True,True
TGTX,stock,2026-05-21,39.2400016784668,88628709.10316467,6069764096.0,3.0,20000000.0,300000000.0,False,False,True,True,True,True
TIGR,stock,2026-05-21,5.840000152587891,17211668.267567158,881001984.0,3.0,20000000.0,300000000.0,False,False,True,False,True,False
TLN,stock,2026-05-21,360.4800109863281,260775536.56982422,17880455168.0,3.0,20000000.0,300000000.0,False,False,True,True,True,True
TLRY,stock,2026-05-21,5.460000038146973,26670843.079137802,645898688.0,3.0,20000000.0,300000000.0,False,False,True,True,True,True
TLT,etf,2026-05-21,84.22000122070312,2263920261.7330933,,3.0,20000000.0,300000000.0,True,False,True,True,True,True
TM,stock,2026-05-21,189.66000366210938,85296440.99838257,247751589888.0,3.0,20000000.0,300000000.0,False,False,True,True,True,True
TMC,stock,2026-05-21,5.260000228881836,30775851.869416237,3146683136.0,3.0,20000000.0,300000000.0,False,False,True,True,True,True
TMDX,stock,2026-05-21,68.8499984741211,146538011.70646667,2427904000.0,3.0,20000000.0,300000000.0,False,False,True,True,True,True
TME,stock,2026-05-21,9.149999618530273,96804524.501338,15144782848.0,3.0,20000000.0,300000000.0,False,False,True,True,True,True
TMO,stock,2026-05-21,449.3699951171875,1113535802.7253723,166917505024.0,3.0,20000000.0,300000000.0,False,False,True,True,True,True
TNDM,stock,2026-05-21,15.760000228881836,44095150.40613651,1018342208.0,3.0,20000000.0,300000000.0,False,False,True,True,True,True
TOL,stock,2026-05-21,134.50999450683594,146080493.9277649,12849281024.0,3.0,20000000.0,300000000.0,False,False,True,True,True,True
TOST,stock,2026-05-21,23.040000915527344,342304916.4559555,13595200512.0,3.0,20000000.0,300000000.0,False,False,True,True,True,True
TPR,stock,2026-05-21,139.11000061035156,361099723.6379242,28241811456.0,3.0,20000000.0,300000000.0,False,False,True,True,True,True
TREX,stock,2026-05-21,38.869998931884766,86073150.77251434,4191794432.0,3.0,20000000.0,300000000.0,False,False,True,True,True,True
TRGP,stock,2026-05-21,270.239990234375,315914087.5796509,58780233728.0,3.0,20000000.0,300000000.0,False,False,True,True,True,True
TRIP,stock,2026-05-21,9.899999618530273,35720019.488511086,1156048256.0,3.0,20000000.0,300000000.0,False,False,True,True,True,True
TRMB,stock,2026-05-21,55.970001220703125,147175197.3132515,13142828032.0,3.0,20000000.0,300000000.0,False,False,True,True,True,True
TROW,stock,2026-05-21,101.94999694824219,214434531.42993927,22230161408.0,3.0,20000000.0,300000000.0,False,False,True,True,True,True
TRV,stock,2026-05-21,307.2300109863281,412405687.026062,64822607872.0,3.0,20000000.0,300000000.0,False,False,True,True,True,True
TSLA,stock,2026-05-21,417.8500061035156,22728900662.57675,1617590222848.0,3.0,20000000.0,300000000.0,False,False,True,True,True,True
TSM,stock,2026-05-21,407.1499938964844,5681198869.670258,2143647563776.0,3.0,20000000.0,300000000.0,False,False,True,True,True,True
TSN,stock,2026-05-21,66.47000122070312,194903827.61333466,22898974720.0,3.0,20000000.0,300000000.0,False,False,True,True,True,True
TT,stock,2026-05-21,447.6400146484375,651900456.1083984,101455618048.0,3.0,20000000.0,300000000.0,False,False,True,True,True,True
TTD,stock,2026-05-21,21.280000686645508,445281017.8293705,10445807616.0,3.0,20000000.0,300000000.0,False,False,True,True,True,True
TTE,stock,2026-05-21,92.3499984741211,115214160.69972992,200237170688.0,3.0,20000000.0,300000000.0,False,False,True,True,True,True
TTEK,stock,2026-05-21,27.25,114835950.5290699,7207001088.0,3.0,20000000.0,300000000.0,False,False,True,True,True,True
TTWO,stock,2026-05-21,238.0800018310547,425756286.78634644,41118666752.0,3.0,20000000.0,300000000.0,False,False,True,True,True,True
TVTX,stock,2026-05-21,44.7400016784668,104490129.64538574,4197699584.0,3.0,20000000.0,300000000.0,False,False,True,True,True,True
TWLO,stock,2026-05-21,183.3000030517578,577527461.5293884,28621514752.0,3.0,20000000.0,300000000.0,False,False,True,True,True,True
TXG,stock,2026-05-21,24.68000030517578,60259635.02533913,3133278976.0,3.0,20000000.0,300000000.0,False,False,True,True,True,True
TXN,stock,2026-05-21,298.3900146484375,2262264344.0397644,294697140224.0,3.0,20000000.0,300000000.0,False,False,True,True,True,True
TXRH,stock,2026-05-21,178.0500030517578,231738469.43214417,11910863872.0,3.0,20000000.0,300000000.0,False,False,True,True,True,True
TXT,stock,2026-05-21,90.23999786376953,132745636.34223938,16098641920.0,3.0,20000000.0,300000000.0,False,False,True,True,True,True
TYL,stock,2026-05-21,308.739990234375,251900954.28710938,12730533888.0,3.0,20000000.0,300000000.0,False,False,True,True,True,True
U,stock,2026-05-21,25.540000915527344,291782540.4305744,11747156992.0,3.0,20000000.0,300000000.0,False,False,True,True,True,True
UAA,stock,2026-05-21,5.320000171661377,54690662.43335962,2415130624.0,3.0,20000000.0,300000000.0,False,False,True,True,True,True
UAL,stock,2026-05-21,99.63999938964844,542674984.5153046,34193420288.0,3.0,20000000.0,300000000.0,False,False,True,True,True,True
UBER,stock,2026-05-21,73.61000061035156,1303112312.4324417,142624243712.0,3.0,20000000.0,300000000.0,False,False,True,True,True,True
UCTT,stock,2026-05-21,80.58000183105469,92386862.15057373,3934584320.0,3.0,20000000.0,300000000.0,False,False,True,True,True,True
UEC,stock,2026-05-21,13.100000381469727,136070348.06000233,6625333760.0,3.0,20000000.0,300000000.0,False,False,True,True,True,True
UI,stock,2026-05-21,586.3099975585938,103193650.62591553,36575313920.0,3.0,20000000.0,300000000.0,False,False,True,True,True,True
UMAC,stock,2026-05-21,14.800000190734863,54226993.61921787,825401088.0,3.0,20000000.0,300000000.0,False,False,True,True,True,True
UMC,stock,2026-05-21,18.350000381469727,244587866.4472866,52895764480.0,3.0,20000000.0,300000000.0,False,False,True,True,True,True
UNH,stock,2026-05-21,382.4800109863281,2700450153.686371,344840601600.0,3.0,20000000.0,300000000.0,False,False,True,True,True,True
UPS,stock,2026-05-21,98.25,654500423.82061,86817431552.0,3.0,20000000.0,300000000.0,False,False,True,True,True,True
UPST,stock,2026-05-21,28.850000381469727,144100611.5486622,2928697344.0,3.0,20000000.0,300000000.0,False,False,True,True,True,True
URA,etf,2026-05-21,48.86000061035156,209778296.6343689,,3.0,20000000.0,300000000.0,True,False,True,True,True,True
URI,stock,2026-05-21,932.1799926757812,533851536.39404297,60310466560.0,3.0,20000000.0,300000000.0,False,False,True,True,True,True
URNM,etf,2026-05-21,58.08000183105469,42971797.505340576,,3.0,20000000.0,300000000.0,True,False,True,True,True,True
USAS,stock,2026-05-21,5.710000038146973,35220353.05592775,1894580096.0,3.0,20000000.0,300000000.0,False,False,True,True,True,True
USB,stock,2026-05-21,54.560001373291016,457005888.1799507,85267824640.0,3.0,20000000.0,300000000.0,False,False,True,True,True,True
USO,etf,2026-05-21,142.5399932861328,1397600184.9308777,,3.0,20000000.0,300000000.0,True,False,True,True,True,True
UUUU,stock,2026-05-21,17.860000610351562,213969720.9919548,4607597568.0,3.0,20000000.0,300000000.0,False,False,True,True,True,True
V,stock,2026-05-21,331.1199951171875,2571880305.8276367,620668649472.0,3.0,20000000.0,300000000.0,False,False,True,True,True,True
VALE,stock,2026-05-21,16.469999313354492,413877354.9464989,69851725824.0,3.0,20000000.0,300000000.0,False,False,True,True,True,True
VECO,stock,2026-05-21,57.7400016784668,95686218.54322433,3776752128.0,3.0,20000000.0,300000000.0,False,False,True,True,True,True
VEEV,stock,2026-05-21,158.27000427246094,714118404.2234039,25849860096.0,3.0,20000000.0,300000000.0,False,False,True,True,True,True
VELO,stock,2026-05-21,20.329999923706055,53350581.75843716,739362816.0,1.5,4000000.0,300000000.0,False,False,True,True,True,True
VFC,stock,2026-05-21,16.18000030517578,147341420.0424862,6472035328.0,3.0,20000000.0,300000000.0,False,False,True,True,True,True
VIAV,stock,2026-05-21,48.97999954223633,364998568.64759445,13249485824.0,3.0,20000000.0,300000000.0,False,False,True,True,True,True
VICI,stock,2026-05-21,28.520000457763672,231364878.82757187,30768994304.0,3.0,20000000.0,300000000.0,False,False,True,True,True,True
VIK,stock,2026-05-21,83.9000015258789,296740100.99128723,39177056256.0,3.0,20000000.0,300000000.0,False,False,True,True,True,True
VISN,stock,2026-05-21,11.899999618530273,119961980.40523529,2842177536.0,3.0,20000000.0,300000000.0,False,False,True,True,True,True
VLY,stock,2026-05-21,13.40999984741211,68644079.93445873,7558297600.0,3.0,20000000.0,300000000.0,False,False,True,True,True,True
VMC,stock,2026-05-21,262.0799865722656,309153268.16589355,34997489664.0,3.0,20000000.0,300000000.0,False,False,True,True,True,True
VOYG,stock,2026-05-21,40.099998474121094,64295579.809474945,2708280320.0,3.0,20000000.0,300000000.0,False,False,True,True,True,True
VRT,stock,2026-05-21,323.3999938964844,1937617473.7394714,124987080704.0,3.0,20000000.0,300000000.0,False,False,True,True,True,True
VRTX,stock,2026-05-21,433.5400085449219,531684761.7338562,110953578496.0,3.0,20000000.0,300000000.0,False,False,True,True,True,True
VSAT,stock,2026-05-21,70.76000213623047,120536132.33617783,11077906432.0,3.0,20000000.0,300000000.0,False,False,True,True,True,True
VST,stock,2026-05-21,149.0800018310547,833551637.9515076,55547441152.0,3.0,20000000.0,300000000.0,False,False,True,True,True,True
WBD,stock,2026-05-21,27.100000381469727,424098443.272295,67592404992.0,3.0,20000000.0,300000000.0,False,False,True,True,True,True
WCC,stock,2026-05-21,354.25,252584039.72198486,18066104320.0,3.0,20000000.0,300000000.0,False,False,True,True,True,True
WDAY,stock,2026-05-21,121.8499984741211,592229296.9429398,30596308992.0,3.0,20000000.0,300000000.0,False,False,True,True,True,True
WDC,stock,2026-05-21,486.4599914550781,3667017776.325836,180696170496.0,3.0,20000000.0,300000000.0,False,False,True,True,True,True
WEC,stock,2026-05-21,112.11000061035156,220846844.44339752,37047480320.0,3.0,20000000.0,300000000.0,False,False,True,True,True,True
WELL,stock,2026-05-21,216.00999450683594,718785457.7842712,153374031872.0,3.0,20000000.0,300000000.0,False,False,True,True,True,True
WFC,stock,2026-05-21,75.91999816894531,1331164134.944725,236277219328.0,3.0,20000000.0,300000000.0,False,False,True,True,True,True
WGS,stock,2026-05-21,47.33000183105469,89521028.75701904,1450557056.0,3.0,20000000.0,300000000.0,False,False,True,True,True,True
WING,stock,2026-05-21,132.64999389648438,237260513.50971222,3823586304.0,3.0,20000000.0,300000000.0,False,False,True,True,True,True
WMB,stock,2026-05-21,77.5199966430664,498484164.95140076,93852884992.0,3.0,20000000.0,300000000.0,False,False,True,True,True,True
WMG,stock,2026-05-21,34.58000183105469,93758556.84699059,17969655808.0,3.0,20000000.0,300000000.0,False,False,True,True,True,True
WMT,stock,2026-05-21,121.33999633789062,2383591986.6075516,943008055296.0,3.0,20000000.0,300000000.0,False,False,True,True,True,True
WOOF,stock,2026-05-21,2.6500000953674316,4060195.7882654667,889105024.0,3.0,20000000.0,300000000.0,False,False,False,False,True,False
WPM,stock,2026-05-21,127.23999786376953,284049876.966095,59276947456.0,3.0,20000000.0,300000000.0,False,False,True,True,True,True
WRBY,stock,2026-05-21,24.5,92048118.05853844,3146418432.0,3.0,20000000.0,300000000.0,False,False,True,True,True,True
WULF,stock,2026-05-21,22.920000076293945,644363538.1847572,12621215744.0,3.0,20000000.0,300000000.0,False,False,True,True,True,True
WW,stock,2026-05-21,10.09000015258789,3736161.0836458206,139582688.0,3.0,20000000.0,300000000.0,False,False,True,False,False,False
WY,stock,2026-05-21,23.520000457763672,128759163.68825912,17175235584.0,3.0,20000000.0,300000000.0,False,False,True,True,True,True
XEL,stock,2026-05-21,80.19999694824219,423595910.4865265,50603290624.0,3.0,20000000.0,300000000.0,False,False,True,True,True,True
XHB,etf,2026-05-21,99.55999755859375,239176248.1994629,,3.0,20000000.0,300000000.0,True,False,True,True,True,True
XLB,etf,2026-05-21,50.02000045776367,541042635.6192017,,3.0,20000000.0,300000000.0,True,False,True,True,True,True
XLC,etf,2026-05-21,116.0999984741211,572196765.2241516,,3.0,20000000.0,300000000.0,True,False,True,True,True,True
XLE,etf,2026-05-21,59.130001068115234,2202888935.566082,,3.0,20000000.0,300000000.0,True,False,True,True,True,True
XLF,etf,2026-05-21,51.72999954223633,1721340903.629799,,3.0,20000000.0,300000000.0,True,False,True,True,True,True
XLI,etf,2026-05-21,170.52999877929688,1399975386.4478302,,3.0,20000000.0,300000000.0,True,False,True,True,True,True
XLK,etf,2026-05-21,178.60000610351562,1968503871.688614,,3.0,20000000.0,300000000.0,True,False,True,True,True,True
XLP,etf,2026-05-21,84.66000366210938,993880804.0541077,,3.0,20000000.0,300000000.0,True,False,True,True,True,True
XLRE,etf,2026-05-21,44.5,231804214.2800331,,3.0,20000000.0,300000000.0,True,False,True,True,True,True
XLU,etf,2026-05-21,45.0,938536063.3564758,,3.0,20000000.0,300000000.0,True,False,True,True,True,True
XLV,etf,2026-05-21,148.14999389648438,1414948694.007721,,3.0,20000000.0,300000000.0,True,False,True,True,True,True
XLY,etf,2026-05-21,118.69999694824219,964205736.5163422,,3.0,20000000.0,300000000.0,True,False,True,True,True,True
XOM,stock,2026-05-21,155.2899932861328,2648267328.479233,620540067840.0,3.0,20000000.0,300000000.0,False,False,True,True,True,True
XPEV,stock,2026-05-21,15.630000114440918,100859262.88187504,15918028800.0,3.0,20000000.0,300000000.0,False,False,True,True,True,True
XPO,stock,2026-05-21,203.57000732421875,288753426.5911102,24751198208.0,3.0,20000000.0,300000000.0,False,False,True,True,True,True
XRAY,stock,2026-05-21,9.930000305175781,62105417.849559784,2011280000.0,3.0,20000000.0,300000000.0,False,False,True,True,True,True
XYL,stock,2026-05-21,108.69999694824219,247989520.23719788,26285334528.0,3.0,20000000.0,300000000.0,False,False,True,True,True,True
XYZ,stock,2026-05-21,68.6500015258789,415975437.7525711,41043681280.0,3.0,20000000.0,300000000.0,False,False,True,True,True,True
YMM,stock,2026-05-21,8.819999694824219,56726126.572971344,8989461504.0,3.0,20000000.0,300000000.0,False,False,True,True,True,True
YPF,stock,2026-05-21,47.939998626708984,91853191.5568924,20645341184.0,3.0,20000000.0,300000000.0,False,False,True,True,True,True
YUM,stock,2026-05-21,154.32000732421875,294006661.7427063,42704752640.0,3.0,20000000.0,300000000.0,False,False,True,True,True,True
Z,stock,2026-05-21,36.75,145814230.29827118,8231144448.0,3.0,20000000.0,300000000.0,False,False,True,True,True,True
ZBRA,stock,2026-05-21,242.25999450683594,239881697.21939087,11916684288.0,3.0,20000000.0,300000000.0,False,False,True,True,True,True
ZETA,stock,2026-05-21,18.049999237060547,167537943.31887245,4826873856.0,3.0,20000000.0,300000000.0,False,False,True,True,True,True
ZM,stock,2026-05-21,96.75,539306286.2313461,29397995520.0,3.0,20000000.0,300000000.0,False,False,True,True,True,True
ZS,stock,2026-05-21,171.00999450683594,461090470.33729553,30707808256.0,3.0,20000000.0,300000000.0,False,False,True,True,True,True
ZTO,stock,2026-05-21,22.829999923706055,48653977.137002945,17444780032.0,3.0,20000000.0,300000000.0,False,False,True,True,True,True
