date,action,theme,theme_rank,theme_score,tickers
2018-01-02,enter,advanced_packaging,1.0,0.2283868092691622,AMAT|AMKR|ASX
2018-01-02,enter,aerospace,2.0,0.2283868092691622,BA|GD|GE
2018-01-02,enter,agriculture_food_inputs,3.0,0.2283868092691622,ADM|AGCO|BG
2018-01-03,exit,advanced_packaging,85.0,0.1878342245989305,AMAT|AMKR|ASX
2018-01-03,exit,aerospace,53.0,0.2907754010695187,BA|GD|GE
2018-01-03,exit,agriculture_food_inputs,61.0,0.28141711229946526,ADM|AGCO|BG
2018-01-03,enter,energy,1.0,0.42825311942959005,APA|BKR|BP
2018-01-03,enter,oil_exploration,2.0,0.4251336898395722,APA|COP|DVN
2018-01-03,enter,homebuilders_housing,3.0,0.42290552584670227,BLD|BLDR|CCS
2018-01-04,exit,energy,26.0,0.3589572192513369,APA|BKR|BP
2018-01-04,exit,oil_exploration,28.0,0.35628342245989303,APA|COP|DVN
2018-01-04,exit,homebuilders_housing,60.0,0.26314616755793224,BLD|BLDR|CCS
2018-01-04,enter,agriculture_food_inputs,1.0,0.44162210338680924,ADM|AGCO|BG
2018-01-04,enter,mega_banks,2.0,0.42825311942959005,AXP|BAC|C
2018-01-04,enter,silver,3.0,0.4148841354723708,AG|FNV|HL
2018-01-05,exit,agriculture_food_inputs,44.0,0.29233511586452765,ADM|AGCO|BG
2018-01-05,exit,mega_banks,80.0,0.2237076648841355,AXP|BAC|C
2018-01-05,exit,silver,91.0,0.19206773618538323,AG|FNV|HL
2018-01-05,enter,pharma_largecap,1.0,0.42914438502673796,ABBV|AMGN|AZN
2018-01-05,enter,medtech_devices,2.0,0.4262477718360071,ATEC|BSX|COO
2018-01-05,enter,medtech,3.0,0.4182263814616755,BSX|DXCM|EW
2018-01-08,exit,pharma_largecap,68.0,0.24955436720142601,ABBV|AMGN|AZN
2018-01-08,exit,medtech,27.0,0.34380570409982175,BSX|DXCM|EW
2018-01-08,enter,utilities_yield,1.0,0.45098039215686275,AEP|AES|CMS
2018-01-08,enter,power_grid_electrification,2.0,0.4304812834224599,ACM|AEP|AES
2018-01-08,enter,oil_services,3.0,0.4298128342245989,AROC|BKR|FTI
2018-01-09,exit,medtech_devices,17.0,0.5835561497326203,ATEC|BSX|COO
2018-01-09,exit,utilities_yield,80.0,0.303475935828877,AEP|AES|CMS
2018-01-09,exit,power_grid_electrification,66.0,0.37344028520499106,ACM|AEP|AES
2018-01-09,exit,oil_services,15.0,0.5873440285204992,AROC|BKR|FTI
2018-01-09,enter,payments,1.0,0.6882798573975044,XYZ|PYPL|GPN
2018-01-09,enter,fintech,2.0,0.658422459893048,XYZ|PYPL|GPN
2018-01-09,enter,diagnostics_tools,3.0,0.6499554367201427,ILMN|TMO|DHR
2018-01-10,exit,diagnostics_tools,41.0,0.4456327985739751,ILMN|TMO|DHR
2018-01-10,enter,regional_banks,1.0,0.696524064171123,HBAN|TFC|KEY
2018-01-10,enter,oil_services,2.0,0.6862745098039216,NBR|SLB|RIG
2018-01-10,enter,fintech_payments,3.0,0.6671122994652408,XYZ|FISV|MA
2018-01-11,exit,payments,32.0,0.5276292335115864,XYZ|PYPL|GPN
2018-01-11,exit,fintech,5.0,0.62277183600713,XYZ|PYPL|GPN
2018-01-11,exit,regional_banks,6.0,0.6218805704099823,HBAN|TFC|KEY
2018-01-11,exit,fintech_payments,23.0,0.5505793226381461,XYZ|FISV|MA
2018-01-11,enter,asset_managers,2.0,0.641042780748663,TROW|KKR|SCHW
2018-01-11,enter,electronics_components,3.0,0.641042780748663,IPGP|LITE|COHR
2018-01-12,exit,oil_services,27.0,0.5427807486631016,NBR|SLB|RIG
2018-01-12,enter,airlines_travel,2.0,0.6321301247771837,UAL|AAL|H
2018-01-16,exit,electronics_components,48.0,0.51849376114082,IPGP|LITE|COHR
2018-01-16,exit,airlines_travel,41.0,0.5394385026737968,UAL|AAL|H
2018-01-16,enter,managed_care_insurance,1.0,0.7840909090909091,MOH|HUM|UNH
2018-01-16,enter,pharma,2.0,0.7602495543672014,MRK|ABBV|GILD
2018-01-16,enter,gold_silver_miners,3.0,0.7584670231729055,PAAS|BTG|AG
2018-01-17,exit,asset_managers,26.0,0.6203208556149733,TROW|KKR|SCHW
2018-01-17,exit,gold_silver_miners,19.0,0.6394830659536542,PAAS|BTG|AG
2018-01-17,enter,storage,1.0,0.8257575757575756,PSTG|HPQ|STX
2018-01-18,exit,managed_care_insurance,8.0,0.7417557932263816,MOH|HUM|UNH
2018-01-18,exit,pharma,26.0,0.6258912655971479,MRK|ABBV|GILD
2018-01-18,exit,storage,23.0,0.642602495543672,PSTG|HPQ|STX
2018-01-18,enter,semicap_equipment,1.0,0.8275401069518719,ICHR|ASML|UCTT
2018-01-18,enter,semis,2.0,0.8059269162210339,ON|TSM|AMAT
2018-01-18,enter,retail_consumer,3.0,0.7976827094474154,LOW|TGT|WMT
2018-01-19,exit,semicap_equipment,26.0,0.626114081996435,ICHR|ASML|UCTT
2018-01-19,exit,semis,30.0,0.6131907308377895,ON|TSM|AMAT
2018-01-19,exit,retail_consumer,11.0,0.6798128342245989,LOW|TGT|WMT
2018-01-19,enter,consumer_staples,1.0,0.8126114081996434,CL|KR|WMT
2018-01-19,enter,pharma,2.0,0.7629233511586453,NVO|ABBV|MRK
2018-01-19,enter,apparel_beauty_lifestyle,3.0,0.732843137254902,CELH|HLF|TPR
2018-01-22,exit,consumer_staples,7.0,0.7165775401069517,CL|KR|WMT
2018-01-22,exit,pharma,9.0,0.7125668449197862,NVO|ABBV|MRK
2018-01-22,exit,apparel_beauty_lifestyle,23.0,0.6361408199643495,CELH|HLF|TPR
2018-01-22,enter,managed_care_insurance,1.0,0.7981283422459893,MOH|UNH|HUM
2018-01-22,enter,biotech,2.0,0.7671568627450981,AMGN|ABBV|CRSP
2018-01-22,enter,managed_care,3.0,0.7613636363636364,MOH|UNH|HUM
2018-01-23,exit,managed_care_insurance,62.0,0.4436274509803922,MOH|UNH|HUM
2018-01-23,exit,biotech,10.0,0.7096702317290553,AMGN|ABBV|CRSP
2018-01-23,exit,managed_care,69.0,0.4019607843137255,MOH|UNH|HUM
2018-01-23,enter,creative_software,1.0,0.7825311942959001,PTC|ADSK|ADBE
2018-01-23,enter,apparel_beauty_lifestyle,2.0,0.7678253119429591,HLF|UAA|BBWI
2018-01-23,enter,storage,3.0,0.7335115864527629,PSTG|HPE|HPQ
2018-01-24,exit,creative_software,47.0,0.553030303030303,PTC|ADSK|ADBE
2018-01-24,exit,apparel_beauty_lifestyle,16.0,0.6586452762923352,HLF|UAA|BBWI
2018-01-24,exit,storage,58.0,0.4770499108734403,PSTG|HPE|HPQ
2018-01-24,enter,mega_banks,1.0,0.7473262032085561,GS|BAC|MS
2018-01-24,enter,insurance,2.0,0.7419786096256685,TRV|CB|AIG
2018-01-24,enter,gold_silver_miners,3.0,0.6911764705882353,AU|KGC|NEM
2018-01-25,exit,mega_banks,30.0,0.6094028520499108,GS|BAC|MS
2018-01-25,exit,insurance,9.0,0.7254901960784315,TRV|CB|AIG
2018-01-25,exit,gold_silver_miners,38.0,0.5684046345811052,AU|KGC|NEM
2018-01-25,enter,fintech_payments,1.0,0.7611408199643495,GPN|XYZ|FIS
2018-01-25,enter,ai_apps_agents,2.0,0.7598039215686274,GOOGL|META|MSFT
2018-01-25,enter,mega_cap_platforms,3.0,0.7533422459893048,NFLX|AMZN|COST
2018-01-26,exit,fintech_payments,18.0,0.6470588235294119,GPN|XYZ|FIS
2018-01-26,enter,datacenter_reits_towers,2.0,0.7889928698752228,AMT|COR|DLR
2018-01-26,enter,data_centers,3.0,0.7840909090909091,PSTG|SMCI|DLR
2018-01-29,exit,ai_apps_agents,62.0,0.4634581105169341,GOOGL|META|MSFT
2018-01-29,exit,mega_cap_platforms,6.0,0.766711229946524,NFLX|AMZN|COST
2018-01-29,exit,datacenter_reits_towers,52.0,0.500668449197861,AMT|COR|DLR
2018-01-29,enter,biotech,1.0,0.8950534759358288,NTLA|ABBV|GILD
2018-01-29,enter,defense,3.0,0.7970142602495544,NOC|HEI|GD
2018-01-30,exit,data_centers,2.0,0.7796345811051693,PSTG|SMCI|DLR
2018-01-30,exit,biotech,16.0,0.6575311942959001,NTLA|ABBV|GILD
2018-01-30,enter,data_centers,2.0,0.7796345811051693,SMCI|PSTG|CSCO
2018-01-30,enter,drones_autonomy,3.0,0.749777183600713,KTOS|TXT|AXON
2018-01-31,exit,defense,9.0,0.7150178253119429,NOC|HEI|GD
2018-01-31,exit,data_centers,11.0,0.7096702317290553,SMCI|PSTG|CSCO
2018-01-31,exit,drones_autonomy,50.0,0.47682709447415333,KTOS|TXT|AXON
2018-01-31,enter,utilities_yield,1.0,0.7979055258467023,NEE|PEG|AES
2018-01-31,enter,real_estate_reits,2.0,0.7901069518716577,VICI|AMT|SBAC
2018-01-31,enter,datacenter_reits_towers,3.0,0.7691622103386809,AMT|SBAC|DLR
2018-02-01,exit,utilities_yield,51.0,0.5300802139037434,NEE|PEG|AES
2018-02-01,exit,real_estate_reits,60.0,0.45989304812834214,VICI|AMT|SBAC
2018-02-01,exit,datacenter_reits_towers,29.0,0.607620320855615,AMT|SBAC|DLR
2018-02-01,enter,networking_optical,1.0,0.7713903743315509,NOK|LITE|EXTR
2018-02-01,enter,defense,2.0,0.7684937611408199,NOC|LMT|LHX
2018-02-01,enter,datacenter_infra,3.0,0.7647058823529412,TTEK|ETN|TT
2018-02-02,exit,defense,9.0,0.7268270944741532,NOC|LMT|LHX
2018-02-02,enter,apparel_beauty_lifestyle,1.0,0.8511586452762921,DECK|KDP|HLF
2018-02-02,enter,real_estate_reits,3.0,0.786541889483066,VICI|AMT|COLD
2018-02-05,exit,networking_optical,8.0,0.6918449197860962,NOK|LITE|EXTR
2018-02-05,exit,datacenter_infra,33.0,0.5623885918003565,TTEK|ETN|TT
2018-02-05,exit,real_estate_reits,10.0,0.6860516934046345,VICI|AMT|COLD
2018-02-05,enter,quantum_computing,2.0,0.7366310160427808,QUBT|HON|IBM
2018-02-05,enter,gold,3.0,0.7323975044563279,PAAS|WPM|GLD
2018-02-06,exit,apparel_beauty_lifestyle,8.0,0.7239304812834224,DECK|KDP|HLF
2018-02-06,exit,quantum_computing,40.0,0.5267379679144385,QUBT|HON|IBM
2018-02-06,exit,gold,92.0,0.22905525846702315,PAAS|WPM|GLD
2018-02-06,enter,cybersecurity,1.0,0.7627005347593584,FTNT|GEN|CHKP
2018-02-06,enter,airlines_travel,2.0,0.7482174688057042,TRIP|EXPE|ALK
2018-02-06,enter,networking_optical,3.0,0.7455436720142603,NOK|LITE|VIAV
2018-02-07,exit,cybersecurity,36.0,0.5942513368983958,FTNT|GEN|CHKP
2018-02-07,enter,apparel_beauty_lifestyle,1.0,0.8830213903743316,TPR|LULU|DECK
2018-02-07,enter,ai_apps,2.0,0.8605169340463458,SNAP
2018-02-07,enter,banks_brokers_exchanges,3.0,0.7865418894830659,CME|FSK|IBKR
2018-02-08,exit,airlines_travel,21.0,0.6428253119429589,TRIP|EXPE|ALK
2018-02-08,exit,networking_optical,2.0,0.733065953654189,NOK|LITE|VIAV
2018-02-08,exit,apparel_beauty_lifestyle,4.0,0.7185828877005348,TPR|LULU|DECK
2018-02-08,exit,ai_apps,15.0,0.6599821746880571,SNAP
2018-02-08,exit,banks_brokers_exchanges,33.0,0.5770944741532977,CME|FSK|IBKR
2018-02-08,enter,medtech_devices,1.0,0.7517825311942958,IRTC|EW|TNDM
2018-02-08,enter,networking_optical,2.0,0.733065953654189,LITE|CIEN|VIAV
2018-02-08,enter,pharma_largecap,3.0,0.7217023172905526,BMY|AZN|GSK
2018-02-09,exit,medtech_devices,39.0,0.5314171122994652,IRTC|EW|TNDM
2018-02-09,exit,networking_optical,58.0,0.48128342245989303,LITE|CIEN|VIAV
2018-02-09,exit,pharma_largecap,28.0,0.5757575757575757,BMY|AZN|GSK
2018-02-09,enter,copper,1.0,0.7241532976827095,RIO|SCCO|TECK
2018-02-09,enter,cybersecurity,2.0,0.7152406417112299,FTNT|AKAM|PANW
2018-02-09,enter,apparel_beauty_lifestyle,3.0,0.6902852049910873,TPR|GAP|UAA
2018-02-12,exit,copper,82.0,0.3442513368983957,RIO|SCCO|TECK
2018-02-12,exit,apparel_beauty_lifestyle,16.0,0.6296791443850267,TPR|GAP|UAA
2018-02-12,enter,solar,1.0,0.7876559714795008,ENPH|RUN|SEDG
2018-02-12,enter,networking,2.0,0.7796345811051695,ANET|CIEN|QCOM
2018-02-12,enter,renewables_storage,3.0,0.7711675579322638,ENPH|RUN|FCEL
2018-02-13,exit,renewables_storage,10.0,0.6773618538324421,ENPH|RUN|FCEL
2018-02-13,enter,defense,3.0,0.768939393939394,AXON|NOC|KTOS
2018-02-14,exit,cybersecurity,6.0,0.7372994652406416,FTNT|AKAM|PANW
2018-02-14,exit,solar,23.0,0.6345811051693405,ENPH|RUN|SEDG
2018-02-14,exit,networking,27.0,0.6218805704099821,ANET|CIEN|QCOM
2018-02-14,exit,defense,36.0,0.6013814616755794,AXON|NOC|KTOS
2018-02-14,enter,copper_metals,1.0,0.8614081996434936,HMY|USAS|IAG
2018-02-14,enter,silver,2.0,0.7945632798573975,HL|SVM|AG
2018-02-14,enter,gold_silver_miners,3.0,0.785650623885918,HMY|USAS|IAG
2018-02-15,exit,copper_metals,9.0,0.7014260249554368,HMY|USAS|IAG
2018-02-15,exit,silver,79.0,0.35516934046345805,HL|SVM|AG
2018-02-15,exit,gold_silver_miners,61.0,0.44719251336898397,HMY|USAS|IAG
2018-02-15,enter,solar,1.0,0.7954545454545454,SEDG|RUN|ENPH
2018-02-15,enter,mega_cap_platforms,2.0,0.7798573975044565,NVDA|AAPL|NFLX
2018-02-15,enter,business_apps,3.0,0.7644830659536541,WDAY|TYL|CRM
2018-02-16,exit,mega_cap_platforms,26.0,0.5926916221033869,NVDA|AAPL|NFLX
2018-02-16,exit,business_apps,37.0,0.5612745098039216,WDAY|TYL|CRM
2018-02-16,enter,workflow_software,2.0,0.7381907308377896,HUBS|WDAY|NOW
2018-02-16,enter,copper_metals,3.0,0.733288770053476,HMY|STLD|CENX
2018-02-20,exit,solar,9.0,0.7437611408199644,SEDG|RUN|ENPH
2018-02-20,exit,copper_metals,49.0,0.5147058823529411,HMY|STLD|CENX
2018-02-20,enter,dev_tools,1.0,0.8395721925133689,MDB|PTC|TEAM
2018-02-20,enter,vertical_software,2.0,0.8157308377896613,TYL|PTC|VEEV
2018-02-20,enter,business_apps,3.0,0.8110516934046346,INTU|WDAY|TYL
2018-02-21,exit,dev_tools,7.0,0.7493315508021391,MDB|PTC|TEAM
2018-02-21,exit,vertical_software,27.0,0.607620320855615,TYL|PTC|VEEV
2018-02-21,exit,business_apps,15.0,0.6851604278074866,INTU|WDAY|TYL
2018-02-21,enter,solar,1.0,0.8375668449197862,SEDG|RUN|FSLR
2018-02-21,enter,renewables_storage,2.0,0.8215240641711229,SEDG|RUN|PLUG
2018-02-21,enter,restaurants_food,3.0,0.7872103386809268,DPZ|BLMN|CMG
2018-02-22,exit,workflow_software,34.0,0.5842245989304813,HUBS|WDAY|NOW
2018-02-22,exit,solar,16.0,0.6548573975044563,SEDG|RUN|FSLR
2018-02-22,exit,renewables_storage,43.0,0.5599376114081996,SEDG|RUN|PLUG
2018-02-22,exit,restaurants_food,25.0,0.6354723707664884,DPZ|BLMN|CMG
2018-02-22,enter,robotics,1.0,0.7976827094474153,ZBRA|TSLA|ISRG
2018-02-22,enter,medtech_devices,2.0,0.7381907308377896,PODD|IRTC|TNDM
2018-02-22,enter,mega_cap_platforms,3.0,0.7361853832442067,TSLA|INTU|NFLX
2018-02-23,exit,robotics,21.0,0.6303475935828877,ZBRA|TSLA|ISRG
2018-02-23,exit,medtech_devices,29.0,0.6100713012477719,PODD|IRTC|TNDM
2018-02-23,exit,mega_cap_platforms,18.0,0.6454991087344029,TSLA|INTU|NFLX
2018-02-23,enter,cybersecurity,1.0,0.7827540106951871,OKTA|QLYS|BB
2018-02-23,enter,utilities_yield,2.0,0.7393048128342247,NRG|EIX|VST
2018-02-23,enter,oil_services,3.0,0.7174688057040999,AROC|BKR|PTEN
2018-02-26,exit,cybersecurity,14.0,0.6905080213903743,OKTA|QLYS|BB
2018-02-26,exit,utilities_yield,68.0,0.4157754010695187,NRG|EIX|VST
2018-02-26,exit,oil_services,38.0,0.55325311942959,AROC|BKR|PTEN
2018-02-26,enter,storage,1.0,0.784536541889483,HPE|HPQ|NTAP
2018-02-26,enter,semis,2.0,0.7713903743315509,ON|AMAT|INTC
2018-02-26,enter,transport_logistics,3.0,0.7584670231729055,XPO|JBLU|AAL
2018-02-27,exit,transport_logistics,31.0,0.6038324420677362,XPO|JBLU|AAL
2018-02-27,enter,biotech_innovation,1.0,0.7945632798573975,ARWR|TGTX|CRSP
2018-02-27,enter,cybersecurity,3.0,0.7622549019607844,PANW|QLYS|OKTA
2018-02-28,exit,semis,9.0,0.7029857397504456,ON|AMAT|INTC
2018-02-28,exit,biotech_innovation,33.0,0.5951426024955437,ARWR|TGTX|CRSP
2018-02-28,enter,healthcare,3.0,0.7292780748663101,VEEV|TDOC|CI
2018-03-01,exit,cybersecurity,14.0,0.6791443850267381,PANW|QLYS|OKTA
2018-03-01,exit,healthcare,20.0,0.6316844919786098,VEEV|TDOC|CI
2018-03-01,enter,memory_storage,2.0,0.7691622103386809,MU|STX|NTAP
2018-03-01,enter,transport_logistics,3.0,0.7410873440285205,XPO|UPS|DAL
2018-03-02,exit,storage,26.0,0.6107397504456329,HPE|HPQ|NTAP
2018-03-02,exit,memory_storage,27.0,0.6040552584670231,MU|STX|NTAP
2018-03-02,exit,transport_logistics,66.0,0.4044117647058824,XPO|UPS|DAL
2018-03-02,enter,biotech,1.0,0.8714349376114082,CRSP|NTLA|VRTX
2018-03-02,enter,semis_compute,2.0,0.7896613190730838,MU|MCHP|LITE
2018-03-02,enter,solar,3.0,0.7876559714795007,ENPH|RUN|FSLR
2018-03-05,exit,biotech,31.0,0.5944741532976827,CRSP|NTLA|VRTX
2018-03-05,exit,semis_compute,40.0,0.5661764705882353,MU|MCHP|LITE
2018-03-05,enter,business_apps,1.0,0.8201871657754011,VEEV|CRM|WDAY
2018-03-05,enter,utilities_yield,2.0,0.7947860962566845,VST|NRG|AES
2018-03-05,enter,cloud,3.0,0.7918894830659537,MDB|AKAM
2018-03-06,exit,business_apps,9.0,0.75,VEEV|CRM|WDAY
2018-03-06,exit,utilities_yield,44.0,0.5454545454545454,VST|NRG|AES
2018-03-06,exit,cloud,53.0,0.5111408199643493,MDB|AKAM
2018-03-06,enter,drones_autonomy,1.0,0.8366755793226383,AXON|AMBA|AVAV
2018-03-06,enter,memory,3.0,0.7898841354723708,MU|LRCX|WDC
2018-03-07,exit,solar,21.0,0.6497326203208555,ENPH|RUN|FSLR
2018-03-07,exit,drones_autonomy,88.0,0.2825311942959002,AXON|AMBA|AVAV
2018-03-07,enter,dev_tools,1.0,0.8495989304812833,MDB|TEAM|PTC
2018-03-07,enter,workflow_software,2.0,0.8050356506238858,TEAM|WDAY|HUBS
2018-03-07,enter,cloud,3.0,0.7892156862745099,MDB|AKAM
2018-03-08,exit,memory,13.0,0.6951871657754011,MU|LRCX|WDC
2018-03-08,exit,workflow_software,35.0,0.5989304812834224,TEAM|WDAY|HUBS
2018-03-08,enter,biotech,1.0,0.8284313725490196,NTLA|CRSP|EXAS
2018-03-08,enter,medtech_devices,2.0,0.8246434937611408,COO|TNDM|DXCM
2018-03-08,enter,cybersecurity,3.0,0.8106060606060606,OKTA|AKAM|FTNT
2018-03-09,exit,dev_tools,46.0,0.5267379679144385,MDB|TEAM|PTC
2018-03-09,exit,cloud,37.0,0.5741978609625669,MDB|AKAM
2018-03-09,exit,medtech_devices,31.0,0.605169340463458,COO|TNDM|DXCM
2018-03-09,exit,cybersecurity,54.0,0.5084670231729056,OKTA|AKAM|FTNT
2018-03-09,enter,diagnostics_tools,2.0,0.7981283422459892,EXAS|PACB|ILMN
2018-03-09,enter,creative_software,3.0,0.7651515151515152,ADSK|PTC|ADBE
2018-03-12,exit,biotech,8.0,0.7388591800356505,NTLA|CRSP|EXAS
2018-03-12,exit,diagnostics_tools,27.0,0.6341354723707664,EXAS|PACB|ILMN
2018-03-12,exit,creative_software,37.0,0.5675133689839572,ADSK|PTC|ADBE
2018-03-12,enter,semis,1.0,0.8157308377896614,LRCX|TER|AVGO
2018-03-12,enter,memory,2.0,0.8001336898395722,LRCX|MRAM|WDC
2018-03-12,enter,semicap_equipment,3.0,0.786096256684492,LRCX|AMKR|ICHR
2018-03-13,exit,semis,39.0,0.5655080213903743,LRCX|TER|AVGO
2018-03-13,exit,semicap_equipment,34.0,0.5750891265597148,LRCX|AMKR|ICHR
2018-03-13,enter,biotech,1.0,0.8224153297682709,ALNY|NTLA|CRSP
2018-03-13,enter,transport_logistics,2.0,0.8106060606060607,SAIA|ALK|UAL
2018-03-13,enter,airlines_travel,3.0,0.7912210338680926,ALK|UAL|DAL
2018-03-14,exit,memory,4.0,0.7642602495543671,LRCX|MRAM|WDC
2018-03-14,exit,biotech,8.0,0.7232620320855615,ALNY|NTLA|CRSP
2018-03-14,exit,transport_logistics,27.0,0.5975935828877005,SAIA|ALK|UAL
2018-03-14,exit,airlines_travel,23.0,0.6397058823529411,ALK|UAL|DAL
2018-03-14,enter,utilities_yield,1.0,0.7914438502673798,EIX|PCG|NEE
2018-03-14,enter,memory_storage,2.0,0.785427807486631,MU|WDC|PSTG
2018-03-14,enter,solar,3.0,0.767379679144385,RUN|ENPH|SEDG
2018-03-15,exit,memory_storage,50.0,0.5096524064171123,MU|WDC|PSTG
2018-03-15,exit,solar,34.0,0.5891800356506239,RUN|ENPH|SEDG
2018-03-15,enter,transport_logistics,1.0,0.7980481283422459,ODFL|FDX|KNX
2018-03-15,enter,electronics_components,3.0,0.7684402852049911,COHR|JBL|CLS
2018-03-16,exit,electronics_components,28.0,0.5975935828877005,COHR|JBL|CLS
2018-03-16,enter,real_estate_reits,2.0,0.8366755793226381,COLD|EQIX|DOC
2018-03-16,enter,power_grid_electrification,3.0,0.8208556149732621,EIX|NEE|SRE
2018-03-19,exit,utilities_yield,2.0,0.7562388591800356,EIX|PCG|NEE
2018-03-19,exit,transport_logistics,3.0,0.7297237076648841,ODFL|FDX|KNX
2018-03-19,exit,real_estate_reits,9.0,0.6940730837789661,COLD|EQIX|DOC
2018-03-19,exit,power_grid_electrification,7.0,0.7043226381461676,EIX|NEE|SRE
2018-03-19,enter,renewables_storage,1.0,0.7780748663101604,CSIQ|ENPH|RUN
2018-03-19,enter,utilities_yield,2.0,0.7562388591800356,EIX|NEE|PEG
2018-03-19,enter,transport_logistics,3.0,0.7297237076648841,CHRW|FDX|LUV
2018-03-20,exit,utilities_yield,15.0,0.6847147950089126,EIX|NEE|PEG
2018-03-20,exit,transport_logistics,23.0,0.6205436720142602,CHRW|FDX|LUV
2018-03-20,enter,solar,1.0,0.8529411764705883,ENPH|RUN|FSLR
2018-03-20,enter,oil_exploration,2.0,0.8016934046345809,USO|COP|APA
2018-03-20,enter,fintech,3.0,0.800802139037433,XYZ|V|FIS
2018-03-21,exit,renewables_storage,17.0,0.665676126436173,CSIQ|ENPH|RUN
2018-03-21,exit,solar,12.0,0.7249298459257691,ENPH|RUN|FSLR
2018-03-21,exit,fintech,53.0,0.48679426766206024,XYZ|V|FIS
2018-03-21,enter,energy,1.0,0.8489172446656429,ENPH|COP|EOG
2018-03-21,enter,oil_gas,2.0,0.8344209420942096,OVV|MGY|COP
2018-03-21,enter,copper_metals,3.0,0.8181023984751417,IAG|ASM|USAS
2018-03-22,exit,oil_exploration,16.0,0.708264944141473,USO|COP|APA
2018-03-22,exit,energy,2.0,0.7761996787914086,ENPH|COP|EOG
2018-03-22,exit,oil_gas,26.0,0.644804186300983,OVV|MGY|COP
2018-03-22,exit,copper_metals,30.0,0.6190876440585236,IAG|ASM|USAS
2018-03-22,enter,power_grid_electrification,1.0,0.804367201426025,NEE|XEL|SO
2018-03-22,enter,energy,2.0,0.7761996787914086,EOG|COP|APA
2018-03-22,enter,utilities_yield,3.0,0.7754782831224301,NEE|XEL|AES
2018-03-23,exit,power_grid_electrification,54.0,0.45499108734402854,NEE|XEL|SO
2018-03-23,exit,energy,4.0,0.8016934046345812,EOG|COP|APA
2018-03-23,exit,utilities_yield,36.0,0.5425579322638145,NEE|XEL|AES
2018-03-23,enter,gold_silver_miners,1.0,0.8453654188948305,USAS|FSM|AU
2018-03-23,enter,oil_exploration,2.0,0.8110516934046348,EOG|USO|COP
2018-03-23,enter,gold,3.0,0.8101604278074865,AEM|GOLD|NEM
2018-03-26,exit,gold_silver_miners,25.0,0.624331550802139,USAS|FSM|AU
2018-03-26,exit,oil_exploration,13.0,0.678030303030303,EOG|USO|COP
2018-03-26,exit,gold,35.0,0.5545900178253119,AEM|GOLD|NEM
2018-03-26,enter,energy,1.0,0.7609180035650622,FANG|COP|EOG
2018-03-26,enter,defense,2.0,0.7557932263814618,LHX|HEI|NOC
2018-03-26,enter,construction_infrastructure,3.0,0.7459893048128342,EXP|FND|TREX
2018-03-27,exit,construction_infrastructure,11.0,0.7395276292335116,EXP|FND|TREX
2018-03-27,enter,oil_exploration,2.0,0.8106060606060607,COP|EOG|APA
2018-03-27,enter,oil_gas,3.0,0.7992424242424242,COP|APA|EOG
2018-03-28,exit,energy,55.0,0.4792780748663102,FANG|COP|EOG
2018-03-28,exit,defense,32.0,0.6004901960784313,LHX|HEI|NOC
2018-03-28,exit,oil_exploration,42.0,0.5316399286987522,COP|EOG|APA
2018-03-28,exit,oil_gas,53.0,0.4855169340463458,COP|APA|EOG
2018-03-28,enter,utilities_yield,1.0,0.8373440285204993,AES|VST|CMS
2018-03-28,enter,real_estate_reits,2.0,0.8268716577540107,WELL|DOC|MPT
2018-03-28,enter,retail_consumer,3.0,0.8023618538324423,GME|M|KSS
2018-03-29,exit,utilities_yield,21.0,0.6105169340463458,AES|VST|CMS
2018-03-29,exit,real_estate_reits,27.0,0.5904634581105169,WELL|DOC|MPT
2018-03-29,enter,medtech,1.0,0.8438057040998218,DXCM|BSX|MDT
2018-03-29,enter,medtech_devices,2.0,0.7805258467023173,TNDM|DXCM|BSX
2018-04-02,exit,medtech,6.0,0.765151515151515,DXCM|BSX|MDT
2018-04-02,enter,managed_care_insurance,3.0,0.8077094474153297,HUM|CNC|MOH
2018-04-03,exit,retail_consumer,50.0,0.5073529411764707,GME|M|KSS
2018-04-03,exit,medtech_devices,4.0,0.7433155080213903,TNDM|DXCM|BSX
2018-04-03,exit,managed_care_insurance,24.0,0.6646613190730838,HUM|CNC|MOH
2018-04-03,enter,transport_logistics,1.0,0.7805258467023173,UPS|UAL|CHRW
2018-04-03,enter,agriculture_food_inputs,2.0,0.7555704099821746,HRL|AGCO|BG
2018-04-03,enter,power_grid_electrification,3.0,0.7531194295900179,AES|CMS|PRIM
2018-04-04,exit,transport_logistics,23.0,0.6361408199643495,UPS|UAL|CHRW
2018-04-04,exit,agriculture_food_inputs,49.0,0.5271836007130124,HRL|AGCO|BG
2018-04-04,exit,power_grid_electrification,51.0,0.5115864527629234,AES|CMS|PRIM
2018-04-04,enter,managed_care,1.0,0.7787433155080214,CVS|HUM|CNC
2018-04-04,enter,apparel_beauty_lifestyle,2.0,0.7504456327985739,UAA|LULU|AEO
2018-04-04,enter,healthcare,3.0,0.7448752228163993,CVS|HUM|UNH
2018-04-05,exit,managed_care,18.0,0.6800356506238858,CVS|HUM|CNC
2018-04-05,exit,healthcare,15.0,0.6994206773618538,CVS|HUM|UNH
2018-04-05,enter,construction_infrastructure,2.0,0.784982174688057,FND|TREX|J
2018-04-05,enter,oil_integrated,3.0,0.7765151515151516,TTE|BP|SHEL
2018-04-06,exit,construction_infrastructure,18.0,0.62722816399287,FND|TREX|J
2018-04-06,exit,oil_integrated,17.0,0.6381461675579323,TTE|BP|SHEL
2018-04-06,enter,restaurants_food,1.0,0.8106060606060607,CAKE|TXRH|EAT
2018-04-06,enter,nuclear_uranium,3.0,0.7658199643493762,CCJ|NXE|UUUU
2018-04-09,exit,apparel_beauty_lifestyle,10.0,0.6934046345811051,UAA|LULU|AEO
2018-04-09,exit,restaurants_food,15.0,0.6521836007130124,CAKE|TXRH|EAT
2018-04-09,exit,nuclear_uranium,9.0,0.7018716577540108,CCJ|NXE|UUUU
2018-04-09,enter,nuclear,1.0,0.7912210338680926,UEC|NXE|DNN
2018-04-09,enter,uranium,2.0,0.7809714795008914,UEC|NXE|UUUU
2018-04-09,enter,diagnostics_tools,3.0,0.7593582887700535,EXAS|PACB|A
2018-04-10,exit,nuclear,6.0,0.732397504456328,UEC|NXE|DNN
2018-04-10,exit,uranium,12.0,0.7029857397504456,UEC|NXE|UUUU
2018-04-10,exit,diagnostics_tools,27.0,0.6058377896613191,EXAS|PACB|A
2018-04-10,enter,oil_services,1.0,0.7965686274509804,LBRT|RIG|AROC
2018-04-10,enter,oil_integrated,2.0,0.75222816399287,TTE|BP|SHEL
2018-04-10,enter,medtech_devices,3.0,0.749331550802139,TNDM|ISRG|GMED
2018-04-11,exit,medtech_devices,20.0,0.6655525846702317,TNDM|ISRG|GMED
2018-04-11,enter,oil_gas,2.0,0.8845811051693404,EQNR|OVV|LBRT
2018-04-11,enter,gold_silver_miners,3.0,0.8386809269162211,EXK|AG|BTG
2018-04-12,exit,oil_services,1.0,0.7787433155080214,LBRT|RIG|AROC
2018-04-12,exit,oil_integrated,58.0,0.4561051693404635,TTE|BP|SHEL
2018-04-12,exit,oil_gas,38.0,0.5784313725490197,EQNR|OVV|LBRT
2018-04-12,exit,gold_silver_miners,32.0,0.591800356506239,EXK|AG|BTG
2018-04-12,enter,oil_services,1.0,0.7787433155080214,AROC|RIG|FTI
2018-04-12,enter,drones_autonomy,2.0,0.7531194295900179,AVAV|AMBA|AXON
2018-04-12,enter,semicap_equipment,3.0,0.748663101604278,CAMT|ICHR|LRCX
2018-04-13,exit,drones_autonomy,17.0,0.641934046345811,AVAV|AMBA|AXON
2018-04-13,exit,semicap_equipment,32.0,0.570855614973262,CAMT|ICHR|LRCX
2018-04-13,enter,oil_exploration,1.0,0.8663101604278075,COP|OXY|EOG
2018-04-13,enter,energy,3.0,0.7671568627450981,COP|OXY|DVN
2018-04-16,exit,oil_services,16.0,0.6535204991087344,AROC|RIG|FTI
2018-04-16,exit,oil_exploration,17.0,0.6499554367201426,COP|OXY|EOG
2018-04-16,exit,energy,12.0,0.6722370766488412,COP|OXY|DVN
2018-04-16,enter,storage,1.0,0.7999108734402853,NTAP|STX|HPQ
2018-04-16,enter,medtech_devices,2.0,0.7693850267379679,ATEC|BSX|TNDM
2018-04-16,enter,datacenter_infra,3.0,0.7479946524064172,IR|GNRC|JCI
2018-04-17,exit,medtech_devices,63.0,0.483288770053476,ATEC|BSX|TNDM
2018-04-17,exit,datacenter_infra,41.0,0.5855614973262033,IR|GNRC|JCI
2018-04-17,enter,diagnostics_tools,2.0,0.766934046345811,EXAS|ILMN|TECH
2018-04-17,enter,workflow_software,3.0,0.7335115864527629,TEAM|WDAY|NOW
2018-04-18,exit,storage,15.0,0.678698752228164,NTAP|STX|HPQ
2018-04-18,exit,workflow_software,16.0,0.6773618538324421,TEAM|WDAY|NOW
2018-04-18,enter,oil_services,1.0,0.8538324420677362,RIG|AROC|BKR
2018-04-18,enter,transport_logistics,3.0,0.819295900178253,XPO|UAL|ALK
2018-04-19,exit,diagnostics_tools,69.0,0.43917112299465244,EXAS|ILMN|TECH
2018-04-19,exit,oil_services,6.0,0.7442067736185383,RIG|AROC|BKR
2018-04-19,exit,transport_logistics,38.0,0.5793226381461675,XPO|UAL|ALK
2018-04-19,enter,energy,1.0,0.8244206773618539,DVN|FANG|FSLR
2018-04-19,enter,oil_exploration,2.0,0.8083778966131907,FANG|DVN|APA
2018-04-19,enter,silver,3.0,0.8036987522281639,SVM|PAAS|HL
2018-04-20,exit,energy,5.0,0.7642602495543673,DVN|FANG|FSLR
2018-04-20,exit,oil_exploration,29.0,0.6078431372549019,FANG|DVN|APA
2018-04-20,exit,silver,64.0,0.45833333333333326,SVM|PAAS|HL
2018-04-20,enter,uranium,1.0,0.8255347593582888,LEU|UEC|NXE
2018-04-20,enter,nuclear,2.0,0.8195187165775403,LEU|UEC|NXE
2018-04-20,enter,aerospace,3.0,0.7765151515151516,GE|HEI|TDG
2018-04-23,exit,uranium,61.0,0.4879679144385027,LEU|UEC|NXE
2018-04-23,exit,nuclear,21.0,0.6454991087344029,LEU|UEC|NXE
2018-04-23,enter,regional_banks,1.0,0.8005793226381461,TFC|HBAN|KEY
2018-04-23,enter,energy,2.0,0.7972370766488414,ENPH|BKR|TTE
2018-04-23,enter,airlines_travel,3.0,0.7941176470588236,ALK|NCLH|TRIP
2018-04-24,exit,aerospace,31.0,0.6140819964349375,GE|HEI|TDG
2018-04-24,exit,energy,21.0,0.6443850267379678,ENPH|BKR|TTE
2018-04-24,exit,airlines_travel,34.0,0.6105169340463458,ALK|NCLH|TRIP
2018-04-24,enter,networking_optical,1.0,0.7898841354723708,ERIC|AAOI|CIEN
2018-04-24,enter,utilities_yield,2.0,0.7865418894830659,AES|CMS|EXC
2018-04-24,enter,oil_integrated,3.0,0.7631461675579323,BP|TTE|CVX
2018-04-25,exit,regional_banks,8.0,0.7393048128342247,TFC|HBAN|KEY
2018-04-25,exit,networking_optical,37.0,0.5946969696969697,ERIC|AAOI|CIEN
2018-04-25,exit,oil_integrated,20.0,0.6880570409982176,BP|TTE|CVX
2018-04-25,enter,medtech_devices,2.0,0.7571301247771836,ATEC|BSX|GMED
2018-04-25,enter,pharma,3.0,0.7540106951871659,PFE|AMGN|MRK
2018-04-26,exit,utilities_yield,22.0,0.641711229946524,AES|CMS|EXC
2018-04-26,exit,pharma,20.0,0.6428253119429591,PFE|AMGN|MRK
2018-04-26,enter,consumer,1.0,0.7756238859180035,CMG|DPZ|DRI
2018-04-26,enter,restaurants,2.0,0.7754010695187167,CMG|DPZ|DRI
2018-04-26,enter,pharma_largecap,3.0,0.7700534759358287,ABBV|LLY|BIIB
2018-04-27,exit,medtech_devices,24.0,0.643048128342246,ATEC|BSX|GMED
2018-04-27,exit,restaurants,10.0,0.7462121212121212,CMG|DPZ|DRI
2018-04-27,exit,pharma_largecap,15.0,0.6991978609625666,ABBV|LLY|BIIB
2018-04-27,enter,real_estate_reits,1.0,0.8253119429590019,DLR|DOC|SPG
2018-04-27,enter,utilities_yield,2.0,0.8219696969696969,XEL|AES|WEC
2018-04-27,enter,restaurants_food,3.0,0.8123885918003566,CMG|EAT|SHAK
2018-04-30,exit,consumer,9.0,0.7192513368983956,CMG|DPZ|DRI
2018-04-30,enter,apparel_beauty_lifestyle,3.0,0.7700534759358288,UAA|VFC|ELF
2018-05-01,exit,real_estate_reits,1.0,0.7769607843137255,DLR|DOC|SPG
2018-05-01,exit,utilities_yield,28.0,0.6042780748663101,XEL|AES|WEC
2018-05-01,exit,restaurants_food,4.0,0.7101158645276292,CMG|EAT|SHAK
2018-05-01,exit,apparel_beauty_lifestyle,53.0,0.49532085561497324,UAA|VFC|ELF
2018-05-01,enter,real_estate_reits,1.0,0.7769607843137255,ARE|SPG|WELL
2018-05-01,enter,natural_gas,2.0,0.7716131907308378,EQT|LNG|RRC
2018-05-01,enter,homebuilders_housing,3.0,0.71301247771836,MAS|MTH|BLDR
2018-05-02,exit,real_estate_reits,2.0,0.7673796791443851,ARE|SPG|WELL
2018-05-02,exit,natural_gas,10.0,0.7018716577540107,EQT|LNG|RRC
2018-05-02,exit,homebuilders_housing,40.0,0.55548128342246,MAS|MTH|BLDR
2018-05-02,enter,uranium,1.0,0.7702762923351159,CCJ|UEC|NXE
2018-05-02,enter,real_estate_reits,2.0,0.7673796791443851,WELL|HPP|ARE
2018-05-02,enter,nuclear_uranium,3.0,0.7582442067736185,CCJ|UEC|NXE
2018-05-03,exit,uranium,48.0,0.5102495543672014,CCJ|UEC|NXE
2018-05-03,exit,real_estate_reits,16.0,0.6619875222816399,WELL|HPP|ARE
2018-05-03,exit,nuclear_uranium,34.0,0.5782085561497327,CCJ|UEC|NXE
2018-05-03,enter,fintech,1.0,0.7811942959001782,XYZ|MA|FIS
2018-05-03,enter,business_apps,2.0,0.7745098039215685,CRM|SAP|WDAY
2018-05-03,enter,workflow_software,3.0,0.748663101604278,WDAY|TEAM|NOW
2018-05-04,exit,fintech,20.0,0.6385918003565063,XYZ|MA|FIS
2018-05-04,exit,workflow_software,19.0,0.6408199643493762,WDAY|TEAM|NOW
2018-05-04,enter,semis,1.0,0.8148395721925135,TER|MRVL|AMAT
2018-05-04,enter,mega_cap_platforms,2.0,0.7745098039215687,AAPL|CRM|NVDA
2018-05-04,enter,asset_managers,3.0,0.767379679144385,KKR|BX|SCHW
2018-05-07,exit,business_apps,16.0,0.6758021390374332,CRM|SAP|WDAY
2018-05-07,exit,semis,11.0,0.6978609625668449,TER|MRVL|AMAT
2018-05-07,exit,asset_managers,22.0,0.6530748663101604,KKR|BX|SCHW
2018-05-07,enter,fintech,2.0,0.7691622103386809,FIS|XYZ|MA
2018-05-07,enter,networking_optical,3.0,0.7631461675579322,COHR|EXTR|LITE
2018-05-08,exit,mega_cap_platforms,21.0,0.6516453115899825,AAPL|CRM|NVDA
2018-05-08,exit,fintech,18.0,0.6861465558320538,FIS|XYZ|MA
2018-05-08,enter,workflow_software,1.0,0.8654233070365861,TEAM|NOW|WDAY
2018-05-08,enter,ai_infrastructure,2.0,0.7689416000423572,SMCI|NVDA|MPWR
2018-05-08,enter,dev_tools,3.0,0.7604216303983341,TEAM|MDB|PTC
2018-05-09,exit,networking_optical,74.0,0.3484848484848485,COHR|EXTR|LITE
2018-05-09,exit,workflow_software,2.0,0.7845365418894832,TEAM|NOW|WDAY
2018-05-09,exit,ai_infrastructure,20.0,0.6724598930481284,SMCI|NVDA|MPWR
2018-05-09,exit,dev_tools,16.0,0.676470588235294,TEAM|MDB|PTC
2018-05-09,enter,business_apps,1.0,0.7979055258467024,ADSK|VEEV|CRM
2018-05-09,enter,workflow_software,2.0,0.7845365418894832,TEAM|NOW|DOCU
2018-05-09,enter,storage,3.0,0.7604723707664883,PSTG|NTAP|DELL
2018-05-10,exit,business_apps,29.0,0.6076423818852474,ADSK|VEEV|CRM
2018-05-10,exit,workflow_software,24.0,0.6202215809816275,TEAM|NOW|DOCU
2018-05-10,enter,renewables_storage,1.0,0.7691533859268279,RUN|SEDG|ENPH
2018-05-10,enter,solar,2.0,0.768103280916327,RUN|SEDG|ENPH
2018-05-10,enter,semis,3.0,0.7616371931310779,AMD|QCOM|AMAT
2018-05-11,exit,storage,28.0,0.6102941176470589,PSTG|NTAP|DELL
2018-05-11,exit,solar,27.0,0.6105169340463458,RUN|SEDG|ENPH
2018-05-11,exit,semis,67.0,0.42045454545454547,AMD|QCOM|AMAT
2018-05-11,enter,biotech_innovation,1.0,0.8435828877005348,ARWR|TVTX|NTLA
2018-05-11,enter,biotech,2.0,0.7981283422459892,ALNY|NTLA|REGN
2018-05-11,enter,drones_autonomy,3.0,0.7386363636363636,AXON|KTOS|AVAV
2018-05-14,exit,renewables_storage,6.0,0.7326203208556149,RUN|SEDG|ENPH
2018-05-14,exit,biotech_innovation,14.0,0.7034313725490196,ARWR|TVTX|NTLA
2018-05-14,exit,drones_autonomy,20.0,0.6646613190730838,AXON|KTOS|AVAV
2018-05-14,enter,energy,1.0,0.7936720142602495,SEDG|OXY|ENPH
2018-05-14,enter,oil_exploration,2.0,0.7898841354723707,OXY|DVN|COP
2018-05-15,exit,biotech,18.0,0.6880570409982175,ALNY|NTLA|REGN
2018-05-15,exit,energy,9.0,0.7346256684491977,SEDG|OXY|ENPH
2018-05-15,exit,oil_exploration,15.0,0.7096702317290553,OXY|DVN|COP
2018-05-15,enter,lithium_battery_materials,1.0,0.7952317290552584,LAR|SQM|ALB
2018-05-15,enter,regional_banks,2.0,0.7811942959001782,FITB|COF|KEY
2018-05-15,enter,memory_storage,3.0,0.7662655971479502,MU|WDC|PSTG
2018-05-16,exit,regional_banks,59.0,0.4714795008912657,FITB|COF|KEY
2018-05-16,enter,copper_metals,2.0,0.7800802139037434,STLD|VALE|CLF
2018-05-16,enter,airlines_travel,3.0,0.7774064171122996,AAL|JBLU|UAL
2018-05-17,exit,lithium_battery_materials,28.0,0.625,LAR|SQM|ALB
2018-05-17,exit,memory_storage,51.0,0.47771836007130125,MU|WDC|PSTG
2018-05-17,exit,copper_metals,21.0,0.6666666666666667,STLD|VALE|CLF
2018-05-17,exit,airlines_travel,45.0,0.5149286987522281,AAL|JBLU|UAL
2018-05-17,enter,oil_services,1.0,0.838680926916221,NBR|LBRT|FTI
2018-05-17,enter,oil_gas,2.0,0.8268716577540105,LBRT|EOG|APA
2018-05-17,enter,oil_exploration,3.0,0.7983511586452763,EOG|APA|FANG
2018-05-18,exit,oil_services,21.0,0.643716577540107,NBR|LBRT|FTI
2018-05-18,exit,oil_gas,14.0,0.6646613190730838,LBRT|EOG|APA
2018-05-18,exit,oil_exploration,42.0,0.5296345811051694,EOG|APA|FANG
2018-05-18,enter,rare_earth_critical_minerals,1.0,0.7994652406417112,LAR|ALB|UUUU
2018-05-18,enter,apparel_beauty_lifestyle,2.0,0.7794117647058822,AEO|LULU|DECK
2018-05-18,enter,datacenter_infra,3.0,0.7644830659536542,FBIN|FTV|FLR
2018-05-21,exit,rare_earth_critical_minerals,34.0,0.589126559714795,LAR|ALB|UUUU
2018-05-21,exit,apparel_beauty_lifestyle,8.0,0.7156862745098038,AEO|LULU|DECK
2018-05-21,exit,datacenter_infra,12.0,0.7012032085561497,FBIN|FTV|FLR
2018-05-21,enter,transport_logistics,1.0,0.8148395721925134,SAIA|UAL|JBHT
2018-05-21,enter,retail_consumer,2.0,0.7796345811051694,KSS|M|TGT
2018-05-21,enter,industrial_automation,3.0,0.765819964349376,DE|CRH|CE
2018-05-22,exit,transport_logistics,17.0,0.6735739750445633,SAIA|UAL|JBHT
2018-05-22,exit,retail_consumer,81.0,0.33266488413547235,KSS|M|TGT
2018-05-22,exit,industrial_automation,28.0,0.6303475935828876,DE|CRH|CE
2018-05-22,enter,asset_managers,1.0,0.8179590017825311,KKR|TROW|BX
2018-05-22,enter,silver,2.0,0.766934046345811,SVM|AG|PAAS
2018-05-22,enter,asset_managers_alts,3.0,0.7468805704099821,KKR|TROW|BX
2018-05-23,exit,asset_managers,55.0,0.4543226381461676,KKR|TROW|BX
2018-05-23,exit,silver,22.0,0.6737967914438503,SVM|AG|PAAS
2018-05-23,exit,asset_managers_alts,27.0,0.6212121212121212,KKR|TROW|BX
2018-05-23,enter,creative_software,1.0,0.7684937611408198,ADBE|CDNS|ADSK
2018-05-23,enter,space_satellites,2.0,0.7557932263814616,IRDM|BA|HON
2018-05-23,enter,aerospace,3.0,0.7479946524064172,BA|HON|HWM
2018-05-24,exit,creative_software,17.0,0.6744652406417112,ADBE|CDNS|ADSK
2018-05-24,exit,space_satellites,61.0,0.43493761140819964,IRDM|BA|HON
2018-05-24,exit,aerospace,20.0,0.6673351158645277,BA|HON|HWM
2018-05-24,enter,gold_silver_miners,1.0,0.8328877005347595,SVM|EGO|IAG
2018-05-24,enter,business_apps,2.0,0.8043672014260249,INTU|DOCU|ADSK
2018-05-24,enter,silver,3.0,0.7979055258467024,SVM|PAAS|AG
2018-05-25,exit,gold_silver_miners,39.0,0.5628342245989305,SVM|EGO|IAG
2018-05-25,exit,business_apps,63.0,0.44184491978609625,INTU|DOCU|ADSK
2018-05-25,exit,silver,42.0,0.5510249554367201,SVM|PAAS|AG
2018-05-25,enter,semis,1.0,0.8498217468805703,ON|MRVL|AVGO
2018-05-25,enter,airlines_travel,2.0,0.8130570409982175,ALK|UAL|DAL
2018-05-25,enter,transport_logistics,3.0,0.7999108734402851,SAIA|ALK|UAL
2018-05-29,exit,semis,17.0,0.6537433155080214,ON|MRVL|AVGO
2018-05-29,exit,airlines_travel,43.0,0.5323083778966131,ALK|UAL|DAL
2018-05-29,exit,transport_logistics,65.0,0.4389483065953654,SAIA|ALK|UAL
2018-05-29,enter,real_estate_reits,1.0,0.8284313725490196,HPP|MPT|WELL
2018-05-29,enter,utilities_yield,2.0,0.8079322638146168,PEG|WEC|CMS
2018-05-29,enter,china_internet,3.0,0.7932263814616757,BILI|ZTO|TCOM
2018-05-30,exit,real_estate_reits,5.0,0.7428698752228164,HPP|MPT|WELL
2018-05-30,exit,china_internet,39.0,0.5287433155080214,BILI|ZTO|TCOM
2018-05-30,enter,workflow_software,1.0,0.8077094474153297,DOCU|NOW|HUBS
2018-05-30,enter,retail_consumer,3.0,0.7852049910873441,AAP|LOW|KMX
2018-05-31,exit,workflow_software,16.0,0.6867201426024956,DOCU|NOW|HUBS
2018-05-31,exit,retail_consumer,62.0,0.44496434937611407,AAP|LOW|KMX
2018-05-31,enter,consumer_internet_marketplaces,1.0,0.8290998217468806,BILI|ETSY|Z
2018-05-31,enter,natural_gas,3.0,0.7838680926916222,KMI|LNG|RRC
2018-06-01,exit,utilities_yield,86.0,0.32531194295900173,PEG|WEC|CMS
2018-06-01,exit,consumer_internet_marketplaces,13.0,0.6737967914438502,BILI|ETSY|Z
2018-06-01,exit,natural_gas,21.0,0.6345811051693404,KMI|LNG|RRC
2018-06-01,enter,semicap_equipment,1.0,0.8108288770053477,AEHR|UCTT|FORM
2018-06-01,enter,semis,2.0,0.7932263814616756,AMD|MCHP|INTC
2018-06-01,enter,ai_apps_agents,3.0,0.787878787878788,HUBS|GOOGL|MSFT
2018-06-04,exit,semicap_equipment,57.0,0.46122994652406407,AEHR|UCTT|FORM
2018-06-04,exit,semis,27.0,0.6200980392156863,AMD|MCHP|INTC
2018-06-04,exit,ai_apps_agents,28.0,0.6183155080213903,HUBS|GOOGL|MSFT
2018-06-04,enter,business_apps,1.0,0.8224153297682709,VEEV|DOCU|INTU
2018-06-04,enter,workflow_software,2.0,0.8186274509803921,DOCU|HUBS|NOW
2018-06-04,enter,cloud,3.0,0.7916666666666665,ZS|MDB|AKAM
2018-06-05,enter,ai_apps,1.0,0.8137254901960784,SNAP
2018-06-05,enter,storage,2.0,0.8117201426024955,HPQ|PSTG|NTAP
2018-06-06,exit,business_apps,33.0,0.5920231729055258,VEEV|DOCU|INTU
2018-06-06,exit,workflow_software,24.0,0.6285650623885918,DOCU|HUBS|NOW
2018-06-06,exit,cloud,13.0,0.7058823529411765,ZS|MDB|AKAM
2018-06-06,exit,storage,40.0,0.5630570409982175,HPQ|PSTG|NTAP
2018-06-06,enter,diagnostics_tools,2.0,0.7912210338680926,EXAS|TECH|ILMN
2018-06-06,enter,copper,3.0,0.784982174688057,HBM|RIO|TECK
2018-06-07,exit,ai_apps,39.0,0.5704099821746881,SNAP
2018-06-07,exit,diagnostics_tools,47.0,0.5485739750445633,EXAS|TECH|ILMN
2018-06-07,exit,copper,35.0,0.5768716577540107,HBM|RIO|TECK
2018-06-07,enter,cloud,1.0,0.7767379679144386,ZS|MDB|AKAM
2018-06-07,enter,streaming_entertainment,2.0,0.7408645276292334,P|WBD|LYV
2018-06-07,enter,mega_banks,3.0,0.7114527629233512,BAC|MS|JPM
2018-06-08,exit,streaming_entertainment,12.0,0.6909536541889483,P|WBD|LYV
2018-06-08,exit,mega_banks,61.0,0.4393939393939394,BAC|MS|JPM
2018-06-08,enter,homebuilders_housing,2.0,0.7994652406417113,TREX|PHM|MTH
2018-06-08,enter,diagnostics_tools,3.0,0.788547237076649,PACB|EXAS|TECH
2018-06-11,exit,homebuilders_housing,40.0,0.5619429590017825,TREX|PHM|MTH
2018-06-11,exit,diagnostics_tools,9.0,0.7281639928698752,PACB|EXAS|TECH
2018-06-11,enter,streaming_entertainment,1.0,0.8065953654188949,ROKU|WBD|LYV
2018-06-11,enter,managed_care,2.0,0.8059269162210341,MOH|CI|CVS
2018-06-11,enter,healthcare,3.0,0.7979055258467024,MOH|CI|TDOC
2018-06-12,exit,cloud,6.0,0.7241532976827094,ZS|MDB|AKAM
2018-06-12,exit,streaming_entertainment,13.0,0.6949643493761142,ROKU|WBD|LYV
2018-06-12,exit,managed_care,15.0,0.6764705882352942,MOH|CI|CVS
2018-06-12,exit,healthcare,8.0,0.7201426024955437,MOH|CI|TDOC
2018-06-12,enter,cybersecurity,1.0,0.8025846702317291,QLYS|ZS|AKAM
2018-06-12,enter,robotics,2.0,0.788547237076649,TSLA|CAT|DE
2018-06-12,enter,china_internet,3.0,0.7856506238859181,BILI|TCOM|NTES
2018-06-13,exit,cybersecurity,11.0,0.7067736185383244,QLYS|ZS|AKAM
2018-06-13,exit,robotics,73.0,0.3897058823529412,TSLA|CAT|DE
2018-06-13,exit,china_internet,34.0,0.5862299465240641,BILI|TCOM|NTES
2018-06-13,enter,streaming_entertainment,1.0,0.8516042780748663,ROKU|WBD|PSKY
2018-06-13,enter,healthcare,2.0,0.8507130124777182,TDOC|MOH|CVS
2018-06-13,enter,managed_care,3.0,0.8400178253119429,MOH|CVS|CNC
2018-06-14,exit,healthcare,7.0,0.7535650623885919,TDOC|MOH|CVS
2018-06-14,exit,managed_care,18.0,0.6969696969696969,MOH|CVS|CNC
2018-06-14,enter,digital_ads_media,1.0,0.8362299465240641,ROKU|MGNI|WBD
2018-06-14,enter,consumer_internet_marketplaces,2.0,0.821078431372549,ETSY|BILI|CVNA
2018-06-15,exit,streaming_entertainment,4.0,0.7611408199643493,ROKU|WBD|PSKY
2018-06-15,exit,digital_ads_media,5.0,0.7557932263814617,ROKU|MGNI|WBD
2018-06-15,exit,consumer_internet_marketplaces,14.0,0.695632798573975,ETSY|BILI|CVNA
2018-06-15,enter,healthcare,1.0,0.8351158645276292,ELV|TDOC|MOH
2018-06-15,enter,managed_care,2.0,0.8008021390374332,ELV|MOH|CVS
2018-06-15,enter,managed_care_insurance,3.0,0.7771836007130125,ELV|MOH|CNC
2018-06-18,exit,healthcare,19.0,0.658422459893048,ELV|TDOC|MOH
2018-06-18,exit,managed_care,44.0,0.5173796791443851,ELV|MOH|CVS
2018-06-18,exit,managed_care_insurance,34.0,0.5733065953654188,ELV|MOH|CNC
2018-06-18,enter,creative_software,1.0,0.8045900178253119,PTC|ADSK|CDNS
2018-06-18,enter,restaurants_food,2.0,0.7950089126559715,SHAK|CAKE|EAT
2018-06-18,enter,consumer_internet_marketplaces,3.0,0.7934491978609626,ETSY|CVNA|BILI
2018-06-19,exit,creative_software,39.0,0.5398841354723708,PTC|ADSK|CDNS
2018-06-19,exit,consumer_internet_marketplaces,6.0,0.7210338680926917,ETSY|CVNA|BILI
2018-06-19,enter,utilities_yield,1.0,0.8591800356506238,AEP|XEL|CMS
2018-06-19,enter,streaming_entertainment,2.0,0.7800802139037433,NFLX|WBD|PSKY
2018-06-19,enter,digital_ads_media,3.0,0.767602495543672,NFLX|WBD|ROKU
2018-06-20,exit,restaurants_food,40.0,0.5434491978609625,SHAK|CAKE|EAT
2018-06-20,exit,utilities_yield,30.0,0.6027183600713012,AEP|XEL|CMS
2018-06-20,enter,real_estate_reits,1.0,0.837121212121212,EQIX|SPG|PK
2018-06-21,exit,streaming_entertainment,19.0,0.6568627450980393,NFLX|WBD|PSKY
2018-06-21,exit,digital_ads_media,3.0,0.7771836007130125,NFLX|WBD|ROKU
2018-06-21,exit,real_estate_reits,9.0,0.7330659536541891,EQIX|SPG|PK
2018-06-21,enter,restaurants_food,1.0,0.8130570409982175,DRI|CAKE|DPZ
2018-06-21,enter,utilities_yield,2.0,0.7845365418894832,DUK|PEG|AEP
2018-06-21,enter,digital_ads_media,3.0,0.7771836007130125,MGNI|NFLX|WBD
2018-06-22,exit,restaurants_food,16.0,0.6947415329768271,DRI|CAKE|DPZ
2018-06-22,exit,utilities_yield,29.0,0.6238859180035651,DUK|PEG|AEP
2018-06-22,exit,digital_ads_media,45.0,0.5594919786096257,MGNI|NFLX|WBD
2018-06-22,enter,energy,1.0,0.8244206773618539,ENPH|LNG|DVN
2018-06-22,enter,oil_services,2.0,0.8150623885918004,RIG|LBRT|AROC
2018-06-22,enter,oil_gas,3.0,0.7976827094474154,LNG|DVN|FANG
2018-06-25,exit,energy,13.0,0.7000891265597147,ENPH|LNG|DVN
2018-06-25,exit,oil_services,38.0,0.5557040998217468,RIG|LBRT|AROC
2018-06-25,exit,oil_gas,26.0,0.5978163992869876,LNG|DVN|FANG
2018-06-25,enter,consumer_staples,1.0,0.8255347593582888,WMT|KR|COST
2018-06-25,enter,utilities_yield,2.0,0.8150623885918004,DUK|SO|AEP
2018-06-25,enter,obesity_glp1_health,3.0,0.8079322638146168,NVO|LLY
2018-06-26,exit,consumer_staples,24.0,0.6350267379679143,WMT|KR|COST
2018-06-26,exit,obesity_glp1_health,41.0,0.5291889483065954,NVO|LLY
2018-06-26,enter,real_estate_reits,1.0,0.839349376114082,EQIX|PSA|DOC
2018-06-26,enter,datacenter_reits_towers,2.0,0.8282085561497325,EQIX|CCI|SBAC
2018-06-26,enter,natural_gas,3.0,0.7983511586452764,LNG|AR|RRC
2018-06-27,exit,utilities_yield,8.0,0.766488413547237,DUK|SO|AEP
2018-06-27,exit,real_estate_reits,7.0,0.7702762923351159,EQIX|PSA|DOC
2018-06-27,exit,datacenter_reits_towers,17.0,0.6985294117647056,EQIX|CCI|SBAC
2018-06-27,exit,natural_gas,23.0,0.6321301247771836,LNG|AR|RRC
2018-06-27,enter,oil_exploration,1.0,0.8360071301247772,USO|EOG|DVN
2018-06-27,enter,oil_gas,2.0,0.8233065953654188,OVV|EOG|DVN
2018-06-27,enter,oil_services,3.0,0.8114973262032086,RIG|PTEN|LBRT
2018-06-28,exit,oil_exploration,18.0,0.6129679144385027,USO|EOG|DVN
2018-06-28,exit,oil_gas,8.0,0.6711229946524064,OVV|EOG|DVN
2018-06-28,exit,oil_services,14.0,0.6490641711229944,RIG|PTEN|LBRT
2018-06-28,enter,real_estate_reits,1.0,0.8411319073083778,WELL|ABR|DOC
2018-06-28,enter,energy,2.0,0.7121212121212122,DVN|EOG|ENPH
2018-06-28,enter,datacenter_reits_towers,3.0,0.7034313725490197,CCI|DLR|SBAC
2018-06-29,exit,real_estate_reits,5.0,0.7767379679144384,WELL|ABR|DOC
2018-06-29,exit,energy,11.0,0.714349376114082,DVN|EOG|ENPH
2018-06-29,enter,oil_exploration,1.0,0.802139037433155,USO|EOG|APA
2018-06-29,enter,datacenter_infra,2.0,0.8010249554367203,GNRC|TTEK|IR
2018-06-29,enter,gold,3.0,0.7950089126559715,AEM|FNV|WPM
2018-07-02,exit,datacenter_reits_towers,38.0,0.5672905525846703,CCI|DLR|SBAC
2018-07-02,exit,oil_exploration,37.0,0.5762032085561497,USO|EOG|APA
2018-07-02,exit,datacenter_infra,55.0,0.5084670231729055,GNRC|TTEK|IR
2018-07-02,exit,gold,45.0,0.5398841354723707,AEM|FNV|WPM
2018-07-02,enter,storage,1.0,0.747549019607843,DELL|STX|NTAP
2018-07-02,enter,networking_optical,2.0,0.7361853832442068,AAOI|LITE|UI
2018-07-02,enter,cybersecurity,3.0,0.731951871657754,PANW|CHKP|GEN
2018-07-03,exit,storage,25.0,0.582223663542825,DELL|STX|NTAP
2018-07-03,exit,networking_optical,72.0,0.3763170434690528,AAOI|LITE|UI
2018-07-03,exit,cybersecurity,24.0,0.6200428866416052,PANW|CHKP|GEN
2018-07-03,enter,gold_silver_miners,1.0,0.8590211962372709,AG|IAG|USAS
2018-07-03,enter,gold,2.0,0.83670425866116,FNV|WPM|PAAS
2018-07-03,enter,oil_integrated,3.0,0.8193951748115987,BP|XOM|XLE
2018-07-05,exit,gold_silver_miners,37.0,0.6027183600713012,AG|IAG|USAS
2018-07-05,exit,gold,23.0,0.6209893048128342,FNV|WPM|PAAS
2018-07-05,exit,oil_integrated,87.0,0.2537878787878788,BP|XOM|XLE
2018-07-05,enter,pharma_largecap,1.0,0.842023172905526,REGN|SNY|NVO
2018-07-05,enter,pharma,2.0,0.7491087344028521,NVO|GILD|BMY
2018-07-05,enter,workflow_software,3.0,0.7317290552584671,WDAY|NOW|DOCU
2018-07-06,exit,pharma_largecap,3.0,0.7693850267379678,REGN|SNY|NVO
2018-07-06,exit,pharma,4.0,0.7199197860962566,NVO|GILD|BMY
2018-07-06,exit,workflow_software,23.0,0.627005347593583,WDAY|NOW|DOCU
2018-07-06,enter,biotech,1.0,0.7829768270944744,BIIB|REGN|VRTX
2018-07-06,enter,business_apps,2.0,0.7707219251336898,WDAY|CRM|VEEV
2018-07-06,enter,pharma_largecap,3.0,0.7693850267379678,BIIB|REGN|GILD
2018-07-09,exit,biotech,10.0,0.6971925133689839,BIIB|REGN|VRTX
2018-07-09,exit,business_apps,27.0,0.6352495543672015,WDAY|CRM|VEEV
2018-07-09,exit,pharma_largecap,20.0,0.6577540106951872,BIIB|REGN|GILD
2018-07-09,enter,healthcare,1.0,0.7738413547237076,TDOC|MOH|HUM
2018-07-09,enter,regional_banks,2.0,0.7462121212121213,COF|FITB|KEY
2018-07-09,enter,managed_care,3.0,0.7344028520499108,MOH|HUM|ELV
2018-07-10,exit,healthcare,15.0,0.6769162210338682,TDOC|MOH|HUM
2018-07-10,exit,regional_banks,71.0,0.4048573975044563,COF|FITB|KEY
2018-07-10,enter,pharma,1.0,0.9035204991087343,GILD|NVO|AMGN
2018-07-10,enter,pharma_largecap,2.0,0.8446969696969696,GILD|BIIB|NVO
2018-07-10,enter,obesity_glp1_health,3.0,0.8083778966131907,NVO|LLY
2018-07-11,exit,managed_care,12.0,0.6949643493761142,MOH|HUM|ELV
2018-07-11,exit,pharma,41.0,0.5401069518716578,GILD|NVO|AMGN
2018-07-11,exit,pharma_largecap,29.0,0.5768716577540107,GILD|BIIB|NVO
2018-07-11,exit,obesity_glp1_health,72.0,0.40017825311942956,NVO|LLY
2018-07-11,enter,fintech_payments,1.0,0.8302139037433155,V|LC|GPN
2018-07-11,enter,mega_cap_platforms,2.0,0.7629233511586452,CRM|NOW|ORCL
2018-07-11,enter,fintech,3.0,0.7615864527629234,V|GPN|XYZ
2018-07-12,exit,fintech_payments,15.0,0.6905080213903743,V|LC|GPN
2018-07-12,exit,mega_cap_platforms,35.0,0.6120766488413547,CRM|NOW|ORCL
2018-07-12,enter,defense,1.0,0.7943404634581106,KTOS|AXON|LMT
2018-07-12,enter,biotech,2.0,0.7791889483065955,ALNY|GILD|BIIB
2018-07-12,enter,dev_tools,3.0,0.7756238859180037,TEAM|MDB|PTC
2018-07-13,exit,fintech,49.0,0.5135918003565062,V|GPN|XYZ
2018-07-13,exit,biotech,18.0,0.6285650623885918,ALNY|GILD|BIIB
2018-07-13,exit,dev_tools,27.0,0.5938057040998217,TEAM|MDB|PTC
2018-07-13,enter,defense_aerospace,2.0,0.8021390374331551,LMT|NOC|KTOS
2018-07-13,enter,healthcare,3.0,0.7881016042780749,TDOC|CNC|MOH
2018-07-16,exit,healthcare,22.0,0.6174242424242423,TDOC|CNC|MOH
2018-07-16,enter,aerospace,3.0,0.7985739750445633,HWM|BA|LHX
2018-07-17,exit,defense,6.0,0.7678253119429589,KTOS|AXON|LMT
2018-07-17,exit,defense_aerospace,10.0,0.7259358288770054,LMT|NOC|KTOS
2018-07-17,exit,aerospace,25.0,0.6412655971479502,HWM|BA|LHX
2018-07-17,enter,ai_apps_agents,1.0,0.8077094474153299,GOOGL|ORCL|MSFT
2018-07-17,enter,fintech,2.0,0.804367201426025,XYZ|SCHW|GPN
2018-07-17,enter,cybersecurity,3.0,0.7825311942959,ZS|OKTA|CHKP
2018-07-18,exit,ai_apps_agents,47.0,0.5122549019607844,GOOGL|ORCL|MSFT
2018-07-18,exit,fintech,36.0,0.5746434937611408,XYZ|SCHW|GPN
2018-07-18,exit,cybersecurity,35.0,0.5750891265597149,ZS|OKTA|CHKP
2018-07-18,enter,defense,1.0,0.8319964349376116,HWM|KTOS|AXON
2018-07-18,enter,airlines_travel,2.0,0.821078431372549,UAL|NCLH|AAL
2018-07-18,enter,defense_aerospace,3.0,0.8088235294117648,HWM|KTOS|AXON
2018-07-19,exit,defense,6.0,0.747326203208556,HWM|KTOS|AXON
2018-07-19,exit,airlines_travel,20.0,0.6697860962566845,UAL|NCLH|AAL
2018-07-19,exit,defense_aerospace,10.0,0.7352941176470589,HWM|KTOS|AXON
2018-07-19,enter,diagnostics_tools,1.0,0.7916666666666667,DHR|RVTY|EXAS
2018-07-19,enter,drones_autonomy,2.0,0.7767379679144386,AXON|KTOS|AVAV
2018-07-19,enter,natural_gas,3.0,0.7756238859180037,WMB|CTRA|EQT
2018-07-20,exit,natural_gas,42.0,0.5492424242424243,WMB|CTRA|EQT
2018-07-20,enter,mega_banks,1.0,0.8286541889483067,BAC|JPM|MS
2018-07-20,enter,banks_brokers_exchanges,2.0,0.8257575757575757,BAC|DB|JPM
2018-07-20,enter,regional_banks,3.0,0.78475935828877,KEY|COF|PNC
2018-07-23,exit,diagnostics_tools,14.0,0.6809269162210337,DHR|RVTY|EXAS
2018-07-23,exit,drones_autonomy,13.0,0.7127896613190731,AXON|KTOS|AVAV
2018-07-24,exit,mega_banks,7.0,0.7745098039215685,BAC|JPM|MS
2018-07-24,exit,banks_brokers_exchanges,16.0,0.7132352941176472,BAC|DB|JPM
2018-07-24,exit,regional_banks,18.0,0.7029857397504455,KEY|COF|PNC
2018-07-24,enter,copper_metals,1.0,0.8139483065953655,CLF|STLD|NUE
2018-07-24,enter,industrial_automation,2.0,0.7914438502673796,ATI|CE|DE
2018-07-24,enter,diagnostics_tools,3.0,0.785427807486631,TMO|TECH|PACB
2018-07-25,exit,copper_metals,36.0,0.5987076648841355,CLF|STLD|NUE
2018-07-25,exit,industrial_automation,34.0,0.6105169340463459,ATI|CE|DE
2018-07-25,exit,diagnostics_tools,14.0,0.6842691622103386,TMO|TECH|PACB
2018-07-25,enter,ai_apps_agents,1.0,0.7738413547237076,MSFT|GOOGL|META
2018-07-25,enter,natural_gas,2.0,0.7642602495543671,WMB|CTRA|LNG
2018-07-25,enter,energy,3.0,0.7491087344028521,SEDG|WMB|EOG
2018-07-26,exit,ai_apps_agents,84.0,0.33778966131907306,MSFT|GOOGL|META
2018-07-26,exit,natural_gas,65.0,0.4251336898395722,WMB|CTRA|LNG
2018-07-26,exit,energy,31.0,0.587121212121212,SEDG|WMB|EOG
2018-07-26,enter,uranium,1.0,0.8337789661319072,UUUU|DNN|LEU
2018-07-26,enter,nuclear,2.0,0.7923351158645278,DNN|LEU|UEC
2018-07-26,enter,industrial_automation,3.0,0.7903297682709447,APH|CNH|AME
2018-07-27,exit,uranium,48.0,0.5207219251336899,UUUU|DNN|LEU
2018-07-27,exit,nuclear,49.0,0.5176024955436721,DNN|LEU|UEC
2018-07-27,enter,copper_metals,1.0,0.768716577540107,VALE|SCCO|MT
2018-07-27,enter,mega_banks,2.0,0.7582442067736185,JPM|AXP|WFC
2018-07-30,exit,industrial_automation,13.0,0.7116755793226381,APH|CNH|AME
2018-07-30,exit,copper_metals,18.0,0.6844919786096257,VALE|SCCO|MT
2018-07-30,exit,mega_banks,12.0,0.7448752228163993,JPM|AXP|WFC
2018-07-30,enter,pharma_largecap,1.0,0.857397504456328,LLY|JNJ|AZN
2018-07-30,enter,pharma,2.0,0.8326648841354723,JNJ|BMY|TMO
2018-07-30,enter,oil_exploration,3.0,0.8170677361853832,EOG|COP|APA
2018-07-31,exit,pharma_largecap,12.0,0.7118983957219251,LLY|JNJ|AZN
2018-07-31,exit,pharma,8.0,0.7582442067736184,JNJ|BMY|TMO
2018-07-31,exit,oil_exploration,73.0,0.4070855614973262,EOG|COP|APA
2018-07-31,enter,datacenter_infra,1.0,0.8970588235294119,XYL|ETN|AME
2018-07-31,enter,power_grid_electrification,2.0,0.8342245989304812,XYL|ETN|AME
2018-07-31,enter,industrial_automation,3.0,0.8293226381461675,FTV|AME|IR
2018-08-01,exit,datacenter_infra,7.0,0.7232620320855614,XYL|ETN|AME
2018-08-01,exit,power_grid_electrification,17.0,0.6682263814616756,XYL|ETN|AME
2018-08-01,exit,industrial_automation,36.0,0.5824420677361853,FTV|AME|IR
2018-08-01,enter,managed_care_insurance,1.0,0.7827540106951872,MOH|CI|ELV
2018-08-01,enter,managed_care,2.0,0.7782976827094475,MOH|CI|ELV
2018-08-01,enter,real_estate_reits,3.0,0.7682709447415329,AMT|SPG|PK
2018-08-02,exit,real_estate_reits,26.0,0.6109625668449198,AMT|SPG|PK
2018-08-02,enter,healthcare,2.0,0.7798573975044563,MOH|CI|ELV
2018-08-02,enter,advanced_packaging,3.0,0.7796345811051694,KLAC|FORM|ASX
2018-08-03,exit,managed_care_insurance,24.0,0.6775846702317291,MOH|CI|ELV
2018-08-03,exit,managed_care,21.0,0.6838235294117647,MOH|CI|ELV
2018-08-03,exit,healthcare,29.0,0.623663101604278,MOH|CI|ELV
2018-08-03,exit,advanced_packaging,13.0,0.7007575757575758,KLAC|FORM|ASX
2018-08-03,enter,real_estate_reits,1.0,0.8324420677361855,DOC|ABR|SPG
2018-08-03,enter,power_grid_electrification,2.0,0.8146167557932262,FLR|GNRC|TTEK
2018-08-03,enter,utilities_yield,3.0,0.8086007130124776,AES|NRG|SO
2018-08-06,exit,real_estate_reits,41.0,0.5581550802139037,DOC|ABR|SPG
2018-08-06,exit,power_grid_electrification,15.0,0.6519607843137255,FLR|GNRC|TTEK
2018-08-06,exit,utilities_yield,27.0,0.6107397504456329,AES|NRG|SO
2018-08-06,enter,ai_apps,1.0,0.7384135472370766,SNAP
2018-08-06,enter,diagnostics_tools,2.0,0.7239304812834224,TECH|PACB|ILMN
2018-08-06,enter,workflow_software,3.0,0.7141265597147951,TEAM|DOCU|HUBS
2018-08-07,exit,diagnostics_tools,30.0,0.6004901960784315,TECH|PACB|ILMN
2018-08-07,exit,workflow_software,22.0,0.6234402852049911,TEAM|DOCU|HUBS
2018-08-07,enter,healthcare,1.0,0.7655971479500893,MOH|CI|TDOC
2018-08-07,enter,robotics,2.0,0.7553475935828877,TSLA|ZBRA|CGNX
2018-08-07,enter,electronics_components,3.0,0.7495543672014259,ROG|COHR|LITE
2018-08-08,exit,ai_apps,89.0,0.27317290552584667,SNAP
2018-08-08,exit,robotics,20.0,0.6421568627450981,TSLA|ZBRA|CGNX
2018-08-08,exit,electronics_components,29.0,0.5989304812834224,ROG|COHR|LITE
2018-08-08,enter,mega_cap_platforms,1.0,0.8159536541889484,TSLA|AMZN|COST
2018-08-08,enter,retail_consumer,3.0,0.7972370766488412,KR|DG|KSS
2018-08-09,exit,healthcare,10.0,0.7065508021390374,MOH|CI|TDOC
2018-08-09,exit,mega_cap_platforms,22.0,0.6492869875222816,TSLA|AMZN|COST
2018-08-09,exit,retail_consumer,21.0,0.6615418894830659,KR|DG|KSS
2018-08-09,enter,cybersecurity,1.0,0.7707219251336898,OKTA|BB|TENB
2018-08-09,enter,rare_earth_critical_minerals,2.0,0.7658199643493762,ALB|UUUU|LAR
2018-08-09,enter,apparel_beauty_lifestyle,3.0,0.7517825311942959,CPRI|CELH|AEO
2018-08-10,exit,cybersecurity,15.0,0.6901087167540283,OKTA|BB|TENB
2018-08-10,exit,rare_earth_critical_minerals,94.0,0.07383164787066943,ALB|UUUU|LAR
2018-08-10,enter,healthcare,1.0,0.8091191472088386,TDOC|CVS|MOH
2018-08-10,enter,energy,2.0,0.7842740156368577,WMB|KMI|FANG
2018-08-13,exit,apparel_beauty_lifestyle,5.0,0.7348484848484848,CPRI|CELH|AEO
2018-08-13,exit,energy,54.0,0.4908645276292335,WMB|KMI|FANG
2018-08-13,enter,managed_care,2.0,0.7809714795008913,MOH|CVS|CNC
2018-08-13,enter,retail_consumer,3.0,0.7718360071301248,KSS|DLTR|OLLI
2018-08-14,enter,restaurants_food,3.0,0.801247771836007,WING|DPZ|CMG
2018-08-15,exit,healthcare,10.0,0.7321746880570409,TDOC|CVS|MOH
2018-08-15,exit,managed_care,6.0,0.7508912655971479,MOH|CVS|CNC
2018-08-15,exit,retail_consumer,21.0,0.6495098039215685,KSS|DLTR|OLLI
2018-08-15,enter,consumer,1.0,0.7999108734402853,CMG|DRI|SBUX
2018-08-15,enter,restaurants,2.0,0.7985739750445632,CMG|DRI|SBUX
2018-08-15,enter,real_estate_reits,3.0,0.7820855614973262,DOC|ABR|WELL
2018-08-16,exit,restaurants_food,19.0,0.6566399286987522,WING|DPZ|CMG
2018-08-16,exit,consumer,17.0,0.6740196078431372,CMG|DRI|SBUX
2018-08-16,exit,restaurants,15.0,0.6994206773618538,CMG|DRI|SBUX
2018-08-16,enter,healthcare,1.0,0.8228609625668448,CVS|MOH|TDOC
2018-08-16,enter,managed_care,2.0,0.7947860962566846,CVS|MOH|CNC
2018-08-16,enter,pharma,3.0,0.7803030303030304,MRK|BMY|ABBV
2018-08-17,exit,healthcare,22.0,0.6354723707664884,CVS|MOH|TDOC
2018-08-17,exit,managed_care,23.0,0.6350267379679143,CVS|MOH|CNC
2018-08-17,exit,pharma,14.0,0.6829322638146167,MRK|BMY|ABBV
2018-08-17,enter,retail_consumer,1.0,0.875,KR|WMT|AAP
2018-08-17,enter,consumer_staples,3.0,0.8041443850267378,KR|WMT|DG
2018-08-20,exit,real_estate_reits,28.0,0.6213422812869522,DOC|ABR|WELL
2018-08-20,exit,consumer_staples,19.0,0.6558722048675455,KR|WMT|DG
2018-08-20,enter,transport_logistics,1.0,0.8648011860009531,AAL|PCAR|DAL
2018-08-20,enter,apparel_beauty_lifestyle,3.0,0.8199091968020331,CROX|EL|LULU
2018-08-21,exit,retail_consumer,4.0,0.7733957219251337,KR|WMT|AAP
2018-08-21,exit,transport_logistics,8.0,0.7281639928698751,AAL|PCAR|DAL
2018-08-21,exit,apparel_beauty_lifestyle,50.0,0.5305258467023173,CROX|EL|LULU
2018-08-21,enter,insurance,1.0,0.8500445632798573,PGR|MET|ALL
2018-08-21,enter,datacenter_infra,2.0,0.8065953654188948,JCI|TT|FLS
2018-08-21,enter,homebuilders_housing,3.0,0.8043672014260249,TOL|KBH|DHI
2018-08-22,exit,insurance,83.0,0.3333065953654189,PGR|MET|ALL
2018-08-22,exit,datacenter_infra,54.0,0.48245989304812836,JCI|TT|FLS
2018-08-22,exit,homebuilders_housing,49.0,0.5108199643493762,TOL|KBH|DHI
2018-08-22,enter,oil_services,1.0,0.8368092691622103,FTI|RIG|LBRT
2018-08-22,enter,business_apps,2.0,0.8043672014260249,VEEV|DOCU|SAP
2018-08-22,enter,medtech_devices,3.0,0.8005436720142601,TNDM|ATEC|DXCM
2018-08-23,exit,oil_services,21.0,0.6528520499108734,FTI|RIG|LBRT
2018-08-23,exit,medtech_devices,6.0,0.732397504456328,TNDM|ATEC|DXCM
2018-08-23,enter,retail_consumer,1.0,0.8649732620320857,BJ|LOW|TLRY
2018-08-23,enter,workflow_software,3.0,0.7885472370766488,DOCU|TEAM|HUBS
2018-08-24,exit,retail_consumer,23.0,0.6234402852049911,BJ|LOW|TLRY
2018-08-24,enter,gold_silver_miners,3.0,0.7903297682709447,EGO|AU|EXK
2018-08-27,exit,business_apps,21.0,0.6477272727272727,VEEV|DOCU|SAP
2018-08-27,exit,workflow_software,15.0,0.6820409982174689,DOCU|TEAM|HUBS
2018-08-27,exit,gold_silver_miners,12.0,0.6916221033868093,EGO|AU|EXK
2018-08-27,enter,cloud,1.0,0.7618092691622101,ZS|MDB|AKAM
2018-08-27,enter,biotech,2.0,0.7495543672014261,ALNY|EXAS|NTLA
2018-08-27,enter,dev_tools,3.0,0.7479946524064172,TEAM|MDB|PTC
2018-08-28,exit,cloud,37.0,0.573752228163993,ZS|MDB|AKAM
2018-08-28,exit,dev_tools,13.0,0.7038770053475936,TEAM|MDB|PTC
2018-08-28,enter,business_apps,1.0,0.8282085561497327,VEEV|DOCU|CRM
2018-08-28,enter,diagnostics_tools,2.0,0.8143939393939393,EXAS|RVTY|ILMN
2018-08-28,enter,workflow_software,3.0,0.8045900178253119,TEAM|HUBS|DOCU
2018-08-29,exit,biotech,11.0,0.7087789661319074,ALNY|EXAS|NTLA
2018-08-29,exit,diagnostics_tools,16.0,0.6642156862745098,EXAS|RVTY|ILMN
2018-08-29,enter,dev_tools,1.0,0.8152852049910874,TEAM|MDB|CDNS
2018-08-29,enter,ai_infrastructure,2.0,0.8059269162210337,TSM|AMD|SMCI
2018-08-30,exit,business_apps,4.0,0.7698306595365418,VEEV|DOCU|CRM
2018-08-30,exit,workflow_software,13.0,0.6668894830659536,TEAM|HUBS|DOCU
2018-08-30,exit,dev_tools,18.0,0.6495098039215685,TEAM|MDB|CDNS
2018-08-30,exit,ai_infrastructure,29.0,0.6022727272727273,TSM|AMD|SMCI
2018-08-30,enter,mega_cap_platforms,1.0,0.7967914438502673,AMZN|AAPL|NOW
2018-08-30,enter,biotech,2.0,0.7963458110516933,ALNY|REGN|NTLA
2018-08-30,enter,semicap_equipment,3.0,0.7914438502673797,FORM|UCTT|ICHR
2018-08-31,exit,mega_cap_platforms,48.0,0.5445632798573975,AMZN|AAPL|NOW
2018-08-31,exit,biotech,21.0,0.6365864527629232,ALNY|REGN|NTLA
2018-08-31,exit,semicap_equipment,30.0,0.6180926916221033,FORM|UCTT|ICHR
2018-08-31,enter,fintech_payments,1.0,0.749108734402852,XYZ|MA|PAGS
2018-08-31,enter,fintech,2.0,0.7448752228163993,XYZ|MA|GPN
2018-08-31,enter,real_estate_reits,3.0,0.7370766488413547,COLD|SPG|HPP
2018-09-04,exit,real_estate_reits,45.0,0.5483511586452763,COLD|SPG|HPP
2018-09-04,enter,payments,1.0,0.8106060606060607,XYZ|MA|PYPL
2018-09-04,enter,dev_tools,3.0,0.7892156862745098,TEAM|MDB|PTC
2018-09-05,exit,fintech_payments,28.0,0.6321301247771836,XYZ|MA|PAGS
2018-09-05,exit,fintech,42.0,0.5574866310160428,XYZ|MA|GPN
2018-09-05,exit,payments,29.0,0.6319073083778967,XYZ|MA|PYPL
2018-09-05,exit,dev_tools,56.0,0.44674688057041,TEAM|MDB|PTC
2018-09-05,enter,transport_logistics,1.0,0.8495989304812834,ODFL|PCAR|ALK
2018-09-05,enter,power_grid_electrification,2.0,0.8460338680926917,DUK|FTV|FCEL
2018-09-05,enter,utilities_yield,3.0,0.8311051693404633,DUK|FCEL|NRG
2018-09-06,exit,transport_logistics,22.0,0.6787362559785389,ODFL|PCAR|ALK
2018-09-06,exit,power_grid_electrification,9.0,0.7410608707929617,DUK|FTV|FCEL
2018-09-06,exit,utilities_yield,6.0,0.7527355676744144,DUK|FCEL|NRG
2018-09-06,enter,healthcare,1.0,0.7949912638322657,CVS|MOH|ELV
2018-09-06,enter,managed_care,2.0,0.7921718642452481,CVS|MOH|ELV
2018-09-06,enter,restaurants_food,3.0,0.7873140255201991,TXRH|WING|EAT
2018-09-10,exit,healthcare,56.0,0.4543226381461676,CVS|MOH|ELV
2018-09-10,exit,managed_care,59.0,0.4500891265597148,CVS|MOH|ELV
2018-09-10,exit,restaurants_food,19.0,0.6873885918003566,TXRH|WING|EAT
2018-09-10,enter,transport_logistics,1.0,0.8747771836007131,ODFL|KNX|SAIA
2018-09-10,enter,defense,2.0,0.8235294117647058,KTOS|MRCY|AXON
2018-09-10,enter,datacenter_infra,3.0,0.8188502673796791,GNRC|XYL|AME
2018-09-11,exit,transport_logistics,3.0,0.7611408199643495,ODFL|KNX|SAIA
2018-09-11,exit,defense,6.0,0.7029857397504456,KTOS|MRCY|AXON
2018-09-11,enter,drones_autonomy,1.0,0.8177361853832441,AVAV|KTOS|AMBA
2018-09-11,enter,transport_logistics,3.0,0.7611408199643495,ODFL|KNX|SAIA
2018-09-12,exit,datacenter_infra,17.0,0.6581996434937611,GNRC|XYL|AME
2018-09-12,exit,drones_autonomy,28.0,0.606283422459893,AVAV|KTOS|AMBA
2018-09-12,exit,transport_logistics,65.0,0.4387254901960785,ODFL|KNX|SAIA
2018-09-12,enter,homebuilders_housing,1.0,0.7575757575757577,BLDR|LOW|HD
2018-09-12,enter,uranium,2.0,0.7575757575757577,DNN|NXE|UUUU
2018-09-12,enter,silver,3.0,0.7562388591800356,HL|AG|FNV
2018-09-13,exit,homebuilders_housing,67.0,0.43672014260249553,BLDR|LOW|HD
2018-09-13,exit,silver,60.0,0.4567736185383245,HL|AG|FNV
2018-09-13,enter,china_internet,1.0,0.7722816399286988,PDD|BILI|NTES
2018-09-13,enter,pharma,2.0,0.7700534759358288,TMO|AMGN|ABBV
2018-09-13,enter,streaming_entertainment,3.0,0.7283868092691622,WBD|LYV|T
2018-09-14,exit,uranium,43.0,0.5414438502673796,DNN|NXE|UUUU
2018-09-14,exit,china_internet,21.0,0.6258912655971479,PDD|BILI|NTES
2018-09-14,exit,pharma,71.0,0.3977272727272727,TMO|AMGN|ABBV
2018-09-14,exit,streaming_entertainment,29.0,0.6031639928698752,WBD|LYV|T
2018-09-14,enter,oil_services,1.0,0.8117201426024955,LBRT|RIG|PTEN
2018-09-14,enter,datacenter_infra,2.0,0.8057040998217468,FLS|IR|ROK
2018-09-14,enter,oil_exploration,3.0,0.7814171122994653,APA|FANG|COP
2018-09-17,exit,oil_services,27.0,0.648640599354053,LBRT|RIG|PTEN
2018-09-17,exit,datacenter_infra,13.0,0.7326578246059899,FLS|IR|ROK
2018-09-17,enter,gold_silver_miners,1.0,0.8811197296200207,HL|HMY|KGC
2018-09-17,enter,silver,2.0,0.8283872504897547,HL|FNV|AG
2018-09-17,enter,oil_gas,3.0,0.7989798979897988,LBRT|COP|AR
2018-09-18,exit,gold_silver_miners,35.0,0.5944741532976827,HL|HMY|KGC
2018-09-18,exit,silver,29.0,0.6122994652406416,HL|FNV|AG
2018-09-18,enter,oil_services,1.0,0.8248663101604277,LBRT|FTI|RIG
2018-09-19,exit,oil_services,10.0,0.7733957219251337,LBRT|FTI|RIG
2018-09-19,enter,natural_gas,2.0,0.8322192513368984,RRC|AR|LNG
2018-09-19,enter,copper,3.0,0.8036987522281639,HBM|TECK|FCX
2018-09-20,exit,oil_exploration,40.0,0.5441176470588235,APA|FANG|COP
2018-09-20,exit,oil_gas,15.0,0.6722370766488412,LBRT|COP|AR
2018-09-20,exit,natural_gas,14.0,0.6791443850267381,RRC|AR|LNG
2018-09-20,enter,asset_managers,2.0,0.8072638146167558,BX|MS|GS
2018-09-20,enter,renewables_storage,3.0,0.8059269162210339,BLDP|LAR|PLUG
2018-09-21,exit,copper,4.0,0.7983511586452763,HBM|TECK|FCX
2018-09-21,exit,asset_managers,15.0,0.6836007130124776,BX|MS|GS
2018-09-21,exit,renewables_storage,35.0,0.5635026737967914,BLDP|LAR|PLUG
2018-09-21,enter,copper_metals,1.0,0.8123885918003566,CENX|VALE|TGB
2018-09-21,enter,energy,2.0,0.8097147950089126,COP|CTRA|CAT
2018-09-21,enter,oil_gas,3.0,0.8014705882352942,LBRT|COP|RRC
2018-09-24,exit,copper_metals,21.0,0.643716577540107,CENX|VALE|TGB
2018-09-24,enter,oil_exploration,1.0,0.8616310160427808,FANG|USO|EOG
2018-09-25,exit,oil_gas,6.0,0.7912210338680926,LBRT|COP|RRC
2018-09-25,exit,oil_exploration,5.0,0.7959001782531194,FANG|USO|EOG
2018-09-25,enter,oil_services,2.0,0.8288770053475937,RIG|HP|FTI
2018-09-25,enter,oil_integrated,3.0,0.8210784313725491,BP|TTE|SHEL
2018-09-26,exit,energy,19.0,0.6414884135472371,COP|CTRA|CAT
2018-09-26,exit,oil_services,39.0,0.5639483065953654,RIG|HP|FTI
2018-09-26,exit,oil_integrated,21.0,0.6290106951871658,BP|TTE|SHEL
2018-09-26,enter,medtech_devices,1.0,0.8168449197860962,GMED|EW|TNDM
2018-09-26,enter,pharma_largecap,2.0,0.7907754010695187,VRTX|AZN|BIIB
2018-09-26,enter,quantum_computing,3.0,0.7885472370766488,QUBT|IBM|HON
2018-09-27,exit,medtech_devices,27.0,0.6323529411764705,GMED|EW|TNDM
2018-09-27,exit,quantum_computing,48.0,0.535650623885918,QUBT|IBM|HON
2018-09-27,enter,healthcare,2.0,0.802807486631016,TDOC|CI|VEEV
2018-09-27,enter,oil_exploration,3.0,0.7782976827094474,EOG|APA|FANG
2018-09-28,exit,pharma_largecap,32.0,0.609180035650624,VRTX|AZN|BIIB
2018-09-28,enter,medtech_devices,2.0,0.7635918003565063,EW|GMED|PODD
2018-09-28,enter,medtech,3.0,0.7357397504456329,EW|ISRG|SYK
2018-10-01,exit,healthcare,24.0,0.6374777183600713,TDOC|CI|VEEV
2018-10-01,exit,oil_exploration,2.0,0.7551247771836007,EOG|APA|FANG
2018-10-01,exit,medtech_devices,55.0,0.47794117647058826,EW|GMED|PODD
2018-10-01,exit,medtech,22.0,0.6517379679144385,EW|ISRG|SYK
2018-10-01,enter,mega_cap_platforms,1.0,0.7782976827094474,NVDA|ADBE|TSLA
2018-10-01,enter,oil_exploration,2.0,0.7551247771836007,USO|COP|EOG
2018-10-01,enter,oil_gas,3.0,0.7515597147950089,COP|LBRT|LNG
2018-10-02,exit,mega_cap_platforms,19.0,0.6454991087344029,NVDA|ADBE|TSLA
2018-10-02,exit,oil_exploration,24.0,0.6225490196078431,USO|COP|EOG
2018-10-02,exit,oil_gas,33.0,0.5875668449197862,COP|LBRT|LNG
2018-10-02,enter,utilities_yield,1.0,0.8337789661319074,VST|AES|NRG
2018-10-02,enter,pharma_largecap,2.0,0.8266488413547236,GILD|LLY|MRK
2018-10-02,enter,power_grid_electrification,3.0,0.7927807486631014,VST|AES|NRG
2018-10-03,exit,utilities_yield,16.0,0.660650623885918,VST|AES|NRG
2018-10-03,exit,pharma_largecap,6.0,0.729946524064171,GILD|LLY|MRK
2018-10-03,exit,power_grid_electrification,25.0,0.6178698752228164,VST|AES|NRG
2018-10-03,enter,oil_exploration,1.0,0.8143939393939393,USO|FANG|EOG
2018-10-03,enter,oil_gas,2.0,0.7923351158645277,TRGP|FANG|EOG
2018-10-03,enter,uranium,3.0,0.7903297682709447,CCJ|NXE|UUUU
2018-10-04,exit,oil_exploration,43.0,0.5501336898395722,USO|FANG|EOG
2018-10-04,exit,oil_gas,19.0,0.659313725490196,TRGP|FANG|EOG
2018-10-04,exit,uranium,6.0,0.7591354723707666,CCJ|NXE|UUUU
2018-10-04,enter,utilities_yield,1.0,0.7950089126559715,VST|EIX|NEE
2018-10-04,enter,regional_banks,2.0,0.7941176470588236,HBAN|FITB|KEY
2018-10-04,enter,banks_brokers_exchanges,3.0,0.787878787878788,CME|JEF|SCHW
2018-10-05,exit,regional_banks,33.0,0.5808823529411764,HBAN|FITB|KEY
2018-10-05,exit,banks_brokers_exchanges,23.0,0.6321301247771837,CME|JEF|SCHW
2018-10-05,enter,aerospace,2.0,0.7820855614973262,GE|GD|BA
2018-10-05,enter,agriculture_food_inputs,3.0,0.7794117647058825,DE|TSN|FMC
2018-10-08,exit,utilities_yield,2.0,0.8002903231499621,VST|EIX|NEE
2018-10-08,exit,aerospace,16.0,0.7056352694092938,GE|GD|BA
2018-10-08,enter,utilities_yield,2.0,0.8002903231499621,D|AES|EIX
2018-10-08,enter,natural_gas,3.0,0.7983070365860115,CTRA|RRC|AR
2018-10-09,exit,agriculture_food_inputs,17.0,0.695632798573975,DE|TSN|FMC
2018-10-09,exit,utilities_yield,3.0,0.8110516934046345,D|AES|EIX
2018-10-09,enter,oil_services,2.0,0.8331105169340464,HP|RIG|AROC
2018-10-09,enter,utilities_yield,3.0,0.8110516934046345,D|AES|XEL
2018-10-10,exit,natural_gas,13.0,0.645499108734403,CTRA|RRC|AR
2018-10-10,exit,oil_services,49.0,0.4823975044563281,HP|RIG|AROC
2018-10-10,exit,utilities_yield,1.0,0.7760695187165776,D|AES|XEL
2018-10-10,enter,utilities_yield,1.0,0.7760695187165776,PEG|D|CMS
2018-10-10,enter,banks_brokers_exchanges,2.0,0.768270944741533,CME|JEF|FLG
2018-10-10,enter,consumer_staples,3.0,0.7631461675579323,WMT|DLTR|MCD
2018-10-11,exit,utilities_yield,19.0,0.6232174688057041,PEG|D|CMS
2018-10-11,exit,banks_brokers_exchanges,27.0,0.5797682709447415,CME|JEF|FLG
2018-10-11,exit,consumer_staples,7.0,0.6836007130124776,WMT|DLTR|MCD
2018-10-11,enter,gold_silver_miners,1.0,0.8253119429590018,HMY|AU|AG
2018-10-11,enter,gold,2.0,0.7872103386809269,NEM|PAAS|AEM
2018-10-11,enter,silver,3.0,0.7738413547237079,AG|PAAS|FNV
2018-10-12,exit,gold_silver_miners,37.0,0.556149732620321,HMY|AU|AG
2018-10-12,exit,gold,38.0,0.5552584670231729,NEM|PAAS|AEM
2018-10-12,exit,silver,52.0,0.498663101604278,AG|PAAS|FNV
2018-10-12,enter,travel,1.0,0.7584670231729055,TCOM|HLT|DIS
2018-10-12,enter,consumer,2.0,0.7422014260249553,SBUX|TXRH|DRI
2018-10-12,enter,retail,3.0,0.7366310160427808,JD|WMT|DG
2018-10-15,exit,travel,28.0,0.5967023172905526,TCOM|HLT|DIS
2018-10-15,exit,consumer,23.0,0.6098484848484848,SBUX|TXRH|DRI
2018-10-15,exit,retail,25.0,0.6082887700534759,JD|WMT|DG
2018-10-15,enter,gold_silver_miners,1.0,0.8295454545454546,HMY|AU|USAS
2018-10-15,enter,gold,2.0,0.783199643493761,AEM|FNV|NEM
2018-10-15,enter,copper,3.0,0.7738413547237076,RIO|HBM|SCCO
2018-10-16,exit,gold_silver_miners,14.0,0.6526292335115864,HMY|AU|USAS
2018-10-16,exit,gold,43.0,0.5597147950089126,AEM|FNV|NEM
2018-10-16,exit,copper,72.0,0.37366310160427807,RIO|HBM|SCCO
2018-10-16,enter,medtech,1.0,0.7840909090909091,BSX|ISRG|DXCM
2018-10-16,enter,medtech_devices,2.0,0.7722816399286988,ATEC|DXCM|TNDM
2018-10-16,enter,semicap_equipment,3.0,0.7635918003565063,AMKR|FORM|ENTG
2018-10-17,exit,medtech,11.0,0.6702317290552584,BSX|ISRG|DXCM
2018-10-17,enter,networking_optical,3.0,0.7453208556149733,EXTR|LITE|CIEN
2018-10-18,exit,medtech_devices,16.0,0.6450534759358288,ATEC|DXCM|TNDM
2018-10-18,exit,semicap_equipment,23.0,0.6136363636363636,AMKR|FORM|ENTG
2018-10-18,enter,diagnostics_tools,2.0,0.7684937611408199,GH|RVTY|TMO
2018-10-18,enter,datacenter_reits_towers,3.0,0.7335115864527629,SBAC|COR|AMT
2018-10-19,exit,networking_optical,2.0,0.7684915550378569,EXTR|LITE|CIEN
2018-10-19,exit,diagnostics_tools,71.0,0.36170602354353076,GH|RVTY|TMO
2018-10-19,exit,datacenter_reits_towers,9.0,0.7429404705176399,SBAC|COR|AMT
2018-10-19,enter,real_estate_reits,1.0,0.800735955948536,DOC|AMT|OUT
2018-10-19,enter,networking_optical,2.0,0.7684915550378569,ERIC|NOK|LITE
2018-10-19,enter,insurance,3.0,0.7682113799615257,ALL|PGR|TRV
2018-10-22,exit,real_estate_reits,27.0,0.606060606060606,DOC|AMT|OUT
2018-10-22,exit,networking_optical,2.0,0.7872103386809269,ERIC|NOK|LITE
2018-10-22,exit,insurance,40.0,0.5249554367201426,ALL|PGR|TRV
2018-10-22,enter,networking,1.0,0.788547237076649,CIEN|ANET|QCOM
2018-10-22,enter,networking_optical,2.0,0.7872103386809269,ERIC|NOK|CIEN
2018-10-22,enter,fintech_payments,3.0,0.7615864527629234,PAGS|PYPL|FISV
2018-10-23,exit,networking,18.0,0.6470588235294117,CIEN|ANET|QCOM
2018-10-23,exit,networking_optical,9.0,0.6902852049910874,ERIC|NOK|CIEN
2018-10-23,exit,fintech_payments,31.0,0.6018270944741532,PAGS|PYPL|FISV
2018-10-23,enter,real_estate_reits,1.0,0.8119429590017827,AMT|DLR|DOC
2018-10-23,enter,airlines_travel,2.0,0.7430926916221035,UAL|JBLU|DAL
2018-10-23,enter,consumer_staples,3.0,0.7424242424242424,MCD|PG|KR
2018-10-24,exit,airlines_travel,54.0,0.500891265597148,UAL|JBLU|DAL
2018-10-24,enter,datacenter_reits_towers,2.0,0.8689839572192514,AMT|DLR|CCI
2018-10-25,exit,real_estate_reits,1.0,0.8099376114081996,AMT|DLR|DOC
2018-10-25,exit,consumer_staples,14.0,0.6778074866310161,MCD|PG|KR
2018-10-25,exit,datacenter_reits_towers,6.0,0.7223707664884135,AMT|DLR|CCI
2018-10-25,enter,real_estate_reits,1.0,0.8099376114081996,AMT|DLR|SPG
2018-10-25,enter,asset_managers_alts,2.0,0.7350713012477719,BXMT|BEN|IVZ
2018-10-25,enter,mega_cap_platforms,3.0,0.729946524064171,TSLA|GOOGL|AMZN
2018-10-26,exit,real_estate_reits,24.0,0.605169340463458,AMT|DLR|SPG
2018-10-26,exit,asset_managers_alts,36.0,0.554812834224599,BXMT|BEN|IVZ
2018-10-26,exit,mega_cap_platforms,19.0,0.6247771836007131,TSLA|GOOGL|AMZN
2018-10-26,enter,homebuilders_housing,1.0,0.7987967914438503,PHM|MTH|TOL
2018-10-26,enter,autos,2.0,0.7618092691622105,TSLA|F|GM
2018-10-26,enter,apparel_beauty_lifestyle,3.0,0.7609180035650625,DECK|AEO|GAP
2018-10-29,exit,homebuilders_housing,26.0,0.6265597147950088,PHM|MTH|TOL
2018-10-29,enter,real_estate_reits,2.0,0.8687611408199644,O|PSA|AMT
2018-10-29,enter,consumer_staples,3.0,0.8640819964349375,WMT|PEP|KO
2018-10-30,exit,autos,35.0,0.5993761140819963,TSLA|F|GM
2018-10-30,exit,apparel_beauty_lifestyle,7.0,0.7577985739750446,DECK|AEO|GAP
2018-10-30,exit,real_estate_reits,15.0,0.6829322638146168,O|PSA|AMT
2018-10-30,enter,homebuilders_housing,2.0,0.8086007130124776,MTH|PHM|TOL
2018-10-30,enter,cloud,3.0,0.767379679144385,AKAM|MDB|ZS
2018-10-31,exit,consumer_staples,83.0,0.33288770053475936,WMT|PEP|KO
2018-10-31,exit,homebuilders_housing,6.0,0.712121212121212,MTH|PHM|TOL
2018-10-31,exit,cloud,15.0,0.6642156862745098,AKAM|MDB|ZS
2018-10-31,enter,uranium,1.0,0.7473262032085561,UUUU|DNN|NXE
2018-10-31,enter,travel,2.0,0.7368538324420677,EXPE|HLT|TCOM
2018-10-31,enter,workflow_software,3.0,0.7306149732620322,TEAM|HUBS|WDAY
2018-11-01,exit,uranium,50.0,0.5075757575757576,UUUU|DNN|NXE
2018-11-01,exit,travel,10.0,0.7508912655971479,EXPE|HLT|TCOM
2018-11-01,exit,workflow_software,43.0,0.5485739750445632,TEAM|HUBS|WDAY
2018-11-01,enter,construction_infrastructure,1.0,0.8226381461675579,FND|VMC|URI
2018-11-01,enter,biotech,2.0,0.8023618538324421,EXAS|ALNY|CRSP
2018-11-01,enter,advanced_packaging,3.0,0.7983511586452763,FORM|AMKR|CAMT
2018-11-02,exit,biotech,40.0,0.5630570409982175,EXAS|ALNY|CRSP
2018-11-02,exit,advanced_packaging,31.0,0.5938057040998217,FORM|AMKR|CAMT
2018-11-02,enter,nuclear_uranium,2.0,0.787878787878788,UUUU|VST|NXE
2018-11-02,enter,electronics_components,3.0,0.7754010695187167,COHR|MTSI|SANM
2018-11-05,exit,construction_infrastructure,6.0,0.7729500891265596,FND|VMC|URI
2018-11-05,exit,electronics_components,49.0,0.517379679144385,COHR|MTSI|SANM
2018-11-05,enter,energy,2.0,0.7905525846702318,ENPH|FSLR|CTRA
2018-11-05,enter,natural_gas,3.0,0.7829768270944741,CTRA|RRC|EQT
2018-11-06,exit,nuclear_uranium,21.0,0.6154188948306596,UUUU|VST|NXE
2018-11-06,exit,energy,57.0,0.5102495543672014,ENPH|FSLR|CTRA
2018-11-06,exit,natural_gas,62.0,0.4984402852049912,CTRA|RRC|EQT
2018-11-06,enter,datacenter_infra,1.0,0.7586898395721925,AME|ACM|PH
2018-11-06,enter,defense_aerospace,2.0,0.7491087344028521,TDG|ATI|NOC
2018-11-06,enter,defense,3.0,0.7475490196078431,TDG|NOC|HWM
2018-11-07,exit,datacenter_infra,7.0,0.7103386809269162,AME|ACM|PH
2018-11-07,exit,defense_aerospace,32.0,0.588680926916221,TDG|ATI|NOC
2018-11-07,exit,defense,16.0,0.6573083778966132,TDG|NOC|HWM
2018-11-07,enter,solar,1.0,0.7800802139037434,ENPH|RUN|FSLR
2018-11-07,enter,managed_care,2.0,0.7602495543672014,HUM|CNC|MOH
2018-11-07,enter,managed_care_insurance,3.0,0.7446524064171123,HUM|CNC|MOH
2018-11-08,exit,solar,45.0,0.5403297682709447,ENPH|RUN|FSLR
2018-11-08,enter,insurance,2.0,0.7642602495543671,MET|PGR|ALL
2018-11-09,exit,managed_care,40.0,0.5459001782531194,HUM|CNC|MOH
2018-11-09,exit,managed_care_insurance,46.0,0.518716577540107,HUM|CNC|MOH
2018-11-09,exit,insurance,24.0,0.6561942959001782,MET|PGR|ALL
2018-11-09,enter,pharma_largecap,1.0,0.8175133689839572,ABBV|AZN|LLY
2018-11-09,enter,natural_gas,2.0,0.8097147950089126,EQT|RRC|CTRA
2018-11-09,enter,real_estate_reits,3.0,0.80325311942959,COLD|MPT|WELL
2018-11-12,exit,pharma_largecap,10.0,0.7577985739750446,ABBV|AZN|LLY
2018-11-12,exit,natural_gas,37.0,0.5675133689839572,EQT|RRC|CTRA
2018-11-12,enter,agriculture_food_inputs,1.0,0.8132798573975044,MOS|HRL|DAR
2018-11-12,enter,restaurants_food,2.0,0.8094919786096257,EAT|SHAK|DRI
2018-11-13,exit,real_estate_reits,11.0,0.6969696969696969,COLD|MPT|WELL
2018-11-13,exit,agriculture_food_inputs,29.0,0.5978163992869876,MOS|HRL|DAR
2018-11-13,exit,restaurants_food,26.0,0.6120766488413547,EAT|SHAK|DRI
2018-11-13,enter,airlines_travel,1.0,0.858957219251337,NCLH|AAL|TRIP
2018-11-13,enter,transport_logistics,2.0,0.8028074866310161,UAL|AAL|ALK
2018-11-13,enter,banks_brokers_exchanges,3.0,0.7758467023172906,ABR|BCS|ICE
2018-11-14,exit,airlines_travel,8.0,0.7176916221033868,NCLH|AAL|TRIP
2018-11-14,exit,transport_logistics,20.0,0.6508467023172906,UAL|AAL|ALK
2018-11-14,exit,banks_brokers_exchanges,16.0,0.6751336898395722,ABR|BCS|ICE
2018-11-14,enter,real_estate_reits,1.0,0.8199643493761142,COLD|O|AMT
2018-11-14,enter,gold,2.0,0.7878787878787878,GOLD|FNV|GLD
2018-11-14,enter,restaurants_food,3.0,0.7375222816399287,EAT|DRI|CMG
2018-11-15,exit,real_estate_reits,9.0,0.6842691622103386,COLD|O|AMT
2018-11-15,exit,gold,42.0,0.5438948306595366,GOLD|FNV|GLD
2018-11-15,exit,restaurants_food,53.0,0.5011140819964349,EAT|DRI|CMG
2018-11-15,enter,regional_banks,1.0,0.8179590017825311,USB|TFC|HBAN
2018-11-15,enter,copper,2.0,0.7491087344028521,TECK|HBM|FCX
2018-11-15,enter,ai_infrastructure,3.0,0.7453208556149733,SMCI|AMD|TSM
2018-11-16,exit,regional_banks,24.0,0.6167557932263815,USB|TFC|HBAN
2018-11-16,exit,copper,38.0,0.5811051693404635,TECK|HBM|FCX
2018-11-16,exit,ai_infrastructure,48.0,0.5218360071301248,SMCI|AMD|TSM
2018-11-16,enter,real_estate_reits,1.0,0.8460338680926914,COLD|O|AMT
2018-11-16,enter,pharma,2.0,0.7925579322638145,ABBV|MRK|JNJ
2018-11-16,enter,data_centers,3.0,0.7593582887700535,SMCI|EQIX|DLR
2018-11-19,exit,real_estate_reits,2.0,0.7528966131907308,COLD|O|AMT
2018-11-19,exit,pharma,6.0,0.7250445632798573,ABBV|MRK|JNJ
2018-11-19,exit,data_centers,17.0,0.661319073083779,SMCI|EQIX|DLR
2018-11-19,enter,obesity_glp1_health,1.0,0.7704991087344029,LLY|NVO
2018-11-19,enter,real_estate_reits,2.0,0.7528966131907308,AMT|O|SBAC
2018-11-19,enter,pharma_largecap,3.0,0.7473262032085563,LLY|MRK|NVO
2018-11-20,exit,obesity_glp1_health,38.0,0.5345365418894831,LLY|NVO
2018-11-20,exit,real_estate_reits,17.0,0.6221033868092692,AMT|O|SBAC
2018-11-20,exit,pharma_largecap,12.0,0.6639928698752228,LLY|MRK|NVO
2018-11-20,enter,semis,1.0,0.8135026737967913,AMAT|TER|ON
2018-11-20,enter,semicap_equipment,2.0,0.7727272727272727,AMAT|ACLS|ENTG
2018-11-20,enter,advanced_packaging,3.0,0.7709447415329769,AMAT|TER|FORM
2018-11-21,exit,semis,30.0,0.588903743315508,AMAT|TER|ON
2018-11-21,exit,semicap_equipment,16.0,0.6352495543672014,AMAT|ACLS|ENTG
2018-11-21,exit,advanced_packaging,35.0,0.5724153297682709,AMAT|TER|FORM
2018-11-21,enter,china_internet,1.0,0.8598484848484848,BILI|PDD|NIO
2018-11-21,enter,gaming_sports_betting,2.0,0.8166221033868092,BILI|FLUT|NTES
2018-11-21,enter,copper_metals,3.0,0.7979055258467023,TGB|IAG|EXK
2018-11-23,exit,china_internet,51.0,0.5049019607843137,BILI|PDD|NIO
2018-11-23,exit,gaming_sports_betting,70.0,0.4053030303030303,BILI|FLUT|NTES
2018-11-23,exit,copper_metals,75.0,0.37210338680926913,TGB|IAG|EXK
2018-11-23,enter,obesity_glp1_health,1.0,0.8097147950089127,NVO|LLY
2018-11-23,enter,airlines_travel,2.0,0.7954545454545454,UAL|ALK|CCL
2018-11-23,enter,diagnostics_tools,3.0,0.7678253119429591,GH|A|DHR
2018-11-26,exit,obesity_glp1_health,30.0,0.5980392156862745,NVO|LLY
2018-11-26,exit,airlines_travel,12.0,0.6824866310160428,UAL|ALK|CCL
2018-11-26,exit,diagnostics_tools,17.0,0.644830659536542,GH|A|DHR
2018-11-26,enter,asset_managers,1.0,0.7702762923351159,BX|BLK|KKR
2018-11-26,enter,autos,2.0,0.7553475935828876,GM|F|TM
2018-11-26,enter,business_apps,3.0,0.7533422459893049,WDAY|ADSK|DOCU
2018-11-27,exit,asset_managers,61.0,0.45120320855614976,BX|BLK|KKR
2018-11-27,exit,autos,66.0,0.4340463458110517,GM|F|TM
2018-11-27,exit,business_apps,11.0,0.6971925133689839,WDAY|ADSK|DOCU
2018-11-27,enter,consumer_internet_marketplaces,1.0,0.803475935828877,Z|PDD|BILI
2018-11-27,enter,medtech_devices,2.0,0.788770053475936,HOLX|COO|PODD
2018-11-27,enter,airlines_travel,3.0,0.7836452762923352,ALK|HLT|AAL
2018-11-28,exit,consumer_internet_marketplaces,35.0,0.5802139037433155,Z|PDD|BILI
2018-11-28,exit,medtech_devices,37.0,0.5688502673796791,HOLX|COO|PODD
2018-11-28,exit,airlines_travel,28.0,0.6078431372549019,ALK|HLT|AAL
2018-11-28,enter,healthcare,1.0,0.7963458110516933,VEEV|UNH|TDOC
2018-11-28,enter,business_apps,2.0,0.7540106951871658,CRM|ADSK|WDAY
2018-11-28,enter,workflow_software,3.0,0.7517825311942959,WDAY|TEAM|HUBS
2018-11-29,exit,business_apps,9.0,0.7457664884135472,CRM|ADSK|WDAY
2018-11-29,enter,managed_care,2.0,0.87277183600713,UNH|MOH|CVS
2018-11-29,enter,managed_care_insurance,3.0,0.8489304812834224,UNH|MOH|HUM
2018-11-30,exit,healthcare,23.0,0.6403743315508021,VEEV|UNH|TDOC
2018-11-30,exit,managed_care,17.0,0.6798128342245989,UNH|MOH|CVS
2018-11-30,exit,managed_care_insurance,33.0,0.5960338680926917,UNH|MOH|HUM
2018-11-30,enter,biotech,1.0,0.7952317290552584,EXAS|AMGN|ABBV
2018-11-30,enter,pharma,3.0,0.7622549019607843,AMGN|PFE|ABBV
2018-12-03,exit,biotech,19.0,0.6673351158645277,EXAS|AMGN|ABBV
2018-12-03,exit,pharma,61.0,0.4331550802139037,AMGN|PFE|ABBV
2018-12-03,enter,dev_tools,1.0,0.8460338680926917,TEAM|PTC|MDB
2018-12-03,enter,robotics,3.0,0.7747326203208555,CGNX|CAT|DE
2018-12-04,exit,workflow_software,20.0,0.6633244206773619,WDAY|TEAM|HUBS
2018-12-04,exit,dev_tools,14.0,0.6791443850267381,TEAM|PTC|MDB
2018-12-04,enter,managed_care,2.0,0.7847593582887701,HUM|CNC|ELV
2018-12-04,enter,managed_care_insurance,3.0,0.7840909090909091,HUM|MOH|CNC
2018-12-06,exit,robotics,17.0,0.6644385026737967,CGNX|CAT|DE
2018-12-06,exit,managed_care,63.0,0.428475935828877,HUM|CNC|ELV
2018-12-06,exit,managed_care_insurance,60.0,0.4398395721925133,HUM|MOH|CNC
2018-12-06,enter,real_estate_reits,1.0,0.8404634581105169,DOC|CCI|WELL
2018-12-06,enter,cloud,2.0,0.8108288770053476,ZS|MDB|AKAM
2018-12-06,enter,networking,3.0,0.7934491978609626,HPE|CSCO|ANET
2018-12-07,exit,cloud,18.0,0.6383689839572192,ZS|MDB|AKAM
2018-12-07,exit,networking,40.0,0.5225044563279857,HPE|CSCO|ANET
2018-12-07,enter,gold_silver_miners,1.0,0.8672014260249554,AEM|AU|BTG
2018-12-07,enter,gold,2.0,0.7909982174688056,AEM|FNV|PAAS
2018-12-07,enter,biotech_innovation,3.0,0.7765151515151516,DFTX|GH|PACB
2018-12-10,exit,real_estate_reits,16.0,0.6400588588270592,DOC|CCI|WELL
2018-12-10,exit,gold_silver_miners,13.0,0.6569509892165687,AEM|AU|BTG
2018-12-10,exit,gold,18.0,0.6274046522299289,AEM|FNV|PAAS
2018-12-10,exit,biotech_innovation,32.0,0.5738382661795591,DFTX|GH|PACB
2018-12-10,enter,networking_optical,1.0,0.7558947071177707,ERIC|NOK|VIAV
2018-12-10,enter,defense,2.0,0.7317621468029155,KTOS|NOC|LHX
2018-12-10,enter,utilities_yield,3.0,0.7147420624415382,D|WEC|DUK
2018-12-11,exit,defense,30.0,0.5748663101604279,KTOS|NOC|LHX
2018-12-11,enter,real_estate_reits,1.0,0.8241978609625668,DOC|O|WELL
2018-12-11,enter,datacenter_reits_towers,2.0,0.7987967914438502,AMT|DLR|CCI
2018-12-12,exit,utilities_yield,31.0,0.5875668449197861,D|WEC|DUK
2018-12-12,exit,real_estate_reits,55.0,0.4752673796791444,DOC|O|WELL
2018-12-12,exit,datacenter_reits_towers,52.0,0.481951871657754,AMT|DLR|CCI
2018-12-12,enter,gold_silver_miners,2.0,0.75222816399287,AU|EXK|IAG
2018-12-12,enter,cloud,3.0,0.7464349376114082,ZS|MDB|AKAM
2018-12-13,exit,networking_optical,44.0,0.5064616755793226,ERIC|NOK|VIAV
2018-12-13,exit,cloud,76.0,0.38391265597147944,ZS|MDB|AKAM
2018-12-13,enter,obesity_glp1_health,2.0,0.7733957219251337,NVO|LLY
2018-12-13,enter,energy,3.0,0.7693850267379682,FSLR|TTE|HAL
2018-12-14,exit,gold_silver_miners,57.0,0.483065953654189,AU|EXK|IAG
2018-12-14,exit,obesity_glp1_health,44.0,0.517602495543672,NVO|LLY
2018-12-14,exit,energy,65.0,0.4585561497326204,FSLR|TTE|HAL
2018-12-14,enter,drones_autonomy,1.0,0.8348930481283422,AVAV|KTOS|AXON
2018-12-14,enter,retail,2.0,0.7638146167557932,PDD|DLTR|JD
2018-12-14,enter,defense,3.0,0.7388591800356505,LHX|KTOS|AXON
2018-12-17,exit,drones_autonomy,77.0,0.37745098039215685,AVAV|KTOS|AXON
2018-12-17,exit,retail,32.0,0.5786541889483067,PDD|DLTR|JD
2018-12-17,exit,defense,68.0,0.4233511586452763,LHX|KTOS|AXON
2018-12-17,enter,silver,1.0,0.839349376114082,WPM|AG|PAAS
2018-12-17,enter,gold_silver_miners,2.0,0.8342245989304813,EXK|IAG|CDE
2018-12-17,enter,gold,3.0,0.7916666666666666,WPM|PAAS|FNV
2018-12-19,exit,silver,11.0,0.6905080213903743,WPM|AG|PAAS
2018-12-19,exit,gold_silver_miners,18.0,0.6550802139037433,EXK|IAG|CDE
2018-12-19,exit,gold,14.0,0.6688948306595366,WPM|PAAS|FNV
2018-12-19,enter,restaurants_food,1.0,0.7901069518716577,YUM|QSR|BLMN
2018-12-19,enter,obesity_glp1_health,2.0,0.7629233511586453,NVO|LLY
2018-12-19,enter,aerospace,3.0,0.7584670231729055,GE|BA|HEI
2018-12-20,exit,restaurants_food,40.0,0.56951871657754,YUM|QSR|BLMN
2018-12-20,exit,aerospace,56.0,0.464126559714795,GE|BA|HEI
2018-12-20,enter,silver,1.0,0.8489304812834224,WPM|HL|AG
2018-12-20,enter,gold_silver_miners,2.0,0.8230837789661319,KGC|IAG|FSM
2018-12-20,enter,gold,3.0,0.8206327985739751,GLD|WPM|AEM
2018-12-21,exit,obesity_glp1_health,14.0,0.6815953654188948,NVO|LLY
2018-12-21,exit,silver,39.0,0.5614973262032086,WPM|HL|AG
2018-12-21,exit,gold,24.0,0.6428253119429589,GLD|WPM|AEM
2018-12-21,enter,industrial_automation,1.0,0.8233065953654188,CE|CRH|GE
2018-12-21,enter,insurance,3.0,0.7816399286987521,ALL|AIG|CB
2018-12-24,exit,industrial_automation,32.0,0.5724153297682709,CE|CRH|GE
2018-12-24,exit,insurance,19.0,0.6327985739750446,ALL|AIG|CB
2018-12-24,enter,silver,2.0,0.8273172905525846,SVM|AG|SLV
2018-12-24,enter,gold,3.0,0.8233065953654188,AEM|GLD|NEM
2018-12-26,exit,gold_silver_miners,41.0,0.5254010695187166,KGC|IAG|FSM
2018-12-26,exit,silver,38.0,0.5365418894830658,SVM|AG|SLV
2018-12-26,exit,gold,80.0,0.3778966131907308,AEM|GLD|NEM
2018-12-26,enter,energy,1.0,0.7201426024955435,CTRA|SHEL|FANG
2018-12-26,enter,pharma_largecap,2.0,0.716131907308378,ABBV|BIIB|AMGN
2018-12-26,enter,oil_gas,3.0,0.7156862745098038,EPD|ET|OVV
2018-12-27,exit,energy,55.0,0.4966577540106952,CTRA|SHEL|FANG
2018-12-27,exit,oil_gas,61.0,0.4231283422459893,EPD|ET|OVV
2018-12-27,enter,electronics_components,1.0,0.7430926916221035,FLEX|TEL|IPGP
2018-12-27,enter,pharma,2.0,0.7390819964349378,ABBV|AMGN|MRK
2018-12-27,enter,asset_managers,3.0,0.7350713012477719,BLK|BX|KKR
2018-12-28,exit,pharma_largecap,38.0,0.5459001782531194,ABBV|BIIB|AMGN
2018-12-28,exit,electronics_components,31.0,0.5786541889483067,FLEX|TEL|IPGP
2018-12-28,exit,pharma,21.0,0.6711229946524064,ABBV|AMGN|MRK
2018-12-28,exit,asset_managers,34.0,0.5659536541889483,BLK|BX|KKR
2018-12-28,enter,retail,1.0,0.8226381461675579,JD|DG|WMT
2018-12-28,enter,asset_managers_alts,2.0,0.8137254901960786,APO|MAIN|BX
2018-12-28,enter,medtech_devices,3.0,0.7936720142602495,TNDM|DXCM|IRTC
2018-12-31,exit,retail,38.0,0.5545900178253119,JD|DG|WMT
2018-12-31,exit,asset_managers_alts,76.0,0.3734402852049912,APO|MAIN|BX
2018-12-31,enter,biotech,1.0,0.8467023172905525,CRSP|NTLA|ALNY
2018-12-31,enter,dev_tools,2.0,0.8039215686274509,MDB|TEAM|CDNS
2019-01-02,exit,medtech_devices,69.0,0.3674242424242425,TNDM|DXCM|IRTC
2019-01-02,exit,dev_tools,43.0,0.5672905525846703,MDB|TEAM|CDNS
2019-01-02,enter,biotech_innovation,1.0,0.7887700534759358,TGTX|ARWR|CRSP
2019-01-02,enter,workflow_software,2.0,0.7762923351158646,TEAM|NOW|WDAY
2019-01-02,enter,oil_gas,3.0,0.7704991087344029,OVV|YPF|MGY
2019-01-03,exit,biotech_innovation,19.0,0.6483957219251338,TGTX|ARWR|CRSP
2019-01-03,exit,workflow_software,77.0,0.3275401069518717,TEAM|NOW|WDAY
2019-01-03,exit,oil_gas,10.0,0.7074420677361853,OVV|YPF|MGY
2019-01-03,enter,real_estate_reits,2.0,0.7749554367201427,WY|VICI|DOC
2019-01-03,enter,silver,3.0,0.7620320855614973,SVM|AG|SLV
2019-01-04,exit,biotech,2.0,0.7535650623885918,CRSP|NTLA|ALNY
2019-01-04,exit,real_estate_reits,75.0,0.38146167557932265,WY|VICI|DOC
2019-01-04,exit,silver,60.0,0.45409982174688057,SVM|AG|SLV
2019-01-04,enter,biotech_innovation,1.0,0.7713903743315509,INDV|TGTX|DFTX
2019-01-04,enter,biotech,2.0,0.7535650623885918,NTLA|REGN|CRSP
2019-01-04,enter,renewables_storage,3.0,0.730169340463458,BLDP|CSIQ|LAR
2019-01-07,exit,biotech_innovation,15.0,0.6856060606060607,INDV|TGTX|DFTX
2019-01-07,exit,biotech,7.0,0.7644830659536543,NTLA|REGN|CRSP
2019-01-07,exit,renewables_storage,24.0,0.6216577540106952,BLDP|CSIQ|LAR
2019-01-07,enter,homebuilders_housing,1.0,0.8268716577540107,CCS|MTH|PHM
2019-01-07,enter,digital_ads_media,2.0,0.8168449197860962,ROKU|NFLX|TTD
2019-01-07,enter,retail_consumer,3.0,0.8130570409982173,GME|DLTR|FIVE
2019-01-08,exit,homebuilders_housing,4.0,0.7277183600713012,CCS|MTH|PHM
2019-01-08,exit,digital_ads_media,7.0,0.7092245989304813,ROKU|NFLX|TTD
2019-01-08,exit,retail_consumer,11.0,0.6956327985739749,GME|DLTR|FIVE
2019-01-08,enter,oil_exploration,1.0,0.8003565062388593,FANG|DVN|EOG
2019-01-08,enter,streaming_entertainment,2.0,0.7508912655971479,ROKU|NFLX|P
2019-01-08,enter,renewables_storage,3.0,0.7344028520499108,BLDP|PLUG|CSIQ
2019-01-09,exit,streaming_entertainment,17.0,0.6442350117364678,ROKU|NFLX|P
2019-01-09,exit,renewables_storage,23.0,0.6257302200808317,BLDP|PLUG|CSIQ
2019-01-09,enter,oil_gas,1.0,0.8449065494784772,RRC|ET|APA
2019-01-09,enter,homebuilders_housing,3.0,0.8327134184006636,LEN|CCS|DHI
2019-01-10,exit,oil_exploration,20.0,0.6323529411764707,FANG|DVN|EOG
2019-01-10,exit,oil_gas,49.0,0.5204991087344029,RRC|ET|APA
2019-01-10,exit,homebuilders_housing,35.0,0.5768716577540107,LEN|CCS|DHI
2019-01-10,enter,diagnostics_tools,1.0,0.7769607843137255,EXAS|RVTY|TECH
2019-01-10,enter,electronics_components,2.0,0.7760695187165775,ROG|IPGP|LITE
2019-01-10,enter,fintech_payments,3.0,0.7459893048128341,XYZ|PYPL|GPN
2019-01-11,exit,diagnostics_tools,10.0,0.7058823529411765,EXAS|RVTY|TECH
2019-01-11,exit,fintech_payments,51.0,0.5251782531194297,XYZ|PYPL|GPN
2019-01-11,enter,autos,1.0,0.7785204991087343,ON|GM|MCHP
2019-01-11,enter,restaurants_food,2.0,0.7771836007130125,TXRH|WING|CMG
2019-01-11,enter,semis_compute,3.0,0.7747326203208555,HIMX|ON|MCHP
2019-01-14,exit,electronics_components,27.0,0.6479500891265599,ROG|IPGP|LITE
2019-01-14,exit,restaurants_food,64.0,0.4494206773618538,TXRH|WING|CMG
2019-01-14,exit,semis_compute,15.0,0.6983065953654187,HIMX|ON|MCHP
2019-01-14,enter,natural_gas,1.0,0.7883244206773619,RRC|EQT|KMI
2019-01-14,enter,healthcare,2.0,0.7589126559714795,TDOC|CNC|MOH
2019-01-14,enter,oil_exploration,3.0,0.7582442067736185,APA|EOG|USO
2019-01-15,exit,autos,15.0,0.68048128342246,ON|GM|MCHP
2019-01-15,exit,natural_gas,35.0,0.5924688057040999,RRC|EQT|KMI
2019-01-15,exit,oil_exploration,31.0,0.5993761140819965,APA|EOG|USO
2019-01-15,enter,medtech,1.0,0.8553921568627451,DXCM|EW|ISRG
2019-01-15,enter,medtech_devices,2.0,0.8533868092691622,DXCM|TNDM|EW
2019-01-16,exit,medtech,36.0,0.5650623885918004,DXCM|EW|ISRG
2019-01-16,exit,medtech_devices,11.0,0.7437611408199644,DXCM|TNDM|EW
2019-01-16,enter,regional_banks,1.0,0.8348930481283423,KEY|COF|HBAN
2019-01-16,enter,banks_brokers_exchanges,2.0,0.8199643493761141,GS|BAC|DB
2019-01-16,enter,mega_banks,3.0,0.8092691622103387,GS|BAC|MS
2019-01-17,exit,healthcare,22.0,0.6555258467023173,TDOC|CNC|MOH
2019-01-17,exit,banks_brokers_exchanges,9.0,0.7025401069518716,GS|BAC|DB
2019-01-17,enter,solar,1.0,0.7990196078431372,ENPH|SEDG|RUN
2019-01-17,enter,medtech,2.0,0.7640374331550802,MDT|DXCM|ISRG
2019-01-18,exit,solar,41.0,0.5394385026737968,ENPH|SEDG|RUN
2019-01-18,exit,medtech,10.0,0.7384135472370766,MDT|DXCM|ISRG
2019-01-18,enter,insurance,3.0,0.785427807486631,PGR|AIG|CB
2019-01-22,exit,mega_banks,17.0,0.6733511586452764,GS|BAC|MS
2019-01-22,exit,insurance,27.0,0.6354723707664884,PGR|AIG|CB
2019-01-22,enter,restaurants,2.0,0.7976827094474154,DPZ|CMG|SBUX
2019-01-22,enter,consumer,3.0,0.7700534759358288,DPZ|CMG|SBUX
2019-01-23,exit,regional_banks,5.0,0.7375222816399287,KEY|COF|HBAN
2019-01-23,enter,banks_brokers_exchanges,1.0,0.7898841354723708,BAC|HBAN|GS
2019-01-23,enter,restaurants_food,2.0,0.7843137254901962,QSR|DPZ|SBUX
2019-01-24,exit,restaurants,30.0,0.606729055258467,DPZ|CMG|SBUX
2019-01-24,exit,consumer,41.0,0.5637254901960784,DPZ|CMG|SBUX
2019-01-24,exit,banks_brokers_exchanges,74.0,0.3504901960784313,BAC|HBAN|GS
2019-01-24,exit,restaurants_food,40.0,0.5663992869875223,QSR|DPZ|SBUX
2019-01-24,enter,semis,1.0,0.8270944741532977,LRCX|TER|AMAT
2019-01-24,enter,semis_compute,2.0,0.8086007130124776,ADI|STM|MU
2019-01-24,enter,memory,3.0,0.7907754010695187,LRCX|MU|RMBS
2019-01-25,exit,semis,10.0,0.7344028520499108,LRCX|TER|AMAT
2019-01-25,enter,fintech_payments,1.0,0.7809714795008913,FISV|XYZ|PAGS
2019-01-25,enter,electronics_components,2.0,0.7722816399286987,MTSI|FLEX|SANM
2019-01-28,exit,semis_compute,40.0,0.5568181818181818,ADI|STM|MU
2019-01-28,exit,memory,15.0,0.7034313725490197,LRCX|MU|RMBS
2019-01-28,exit,fintech_payments,54.0,0.5060160427807486,FISV|XYZ|PAGS
2019-01-28,exit,electronics_components,37.0,0.5686274509803922,MTSI|FLEX|SANM
2019-01-28,enter,gold_silver_miners,1.0,0.8360071301247771,IAG|AU|BTG
2019-01-28,enter,real_estate_reits,2.0,0.8114973262032086,WELL|HPP|CCI
2019-01-28,enter,semicap_equipment,3.0,0.7894385026737967,LRCX|UCTT|ENTG
2019-01-29,exit,semicap_equipment,24.0,0.6492869875222816,LRCX|UCTT|ENTG
2019-01-29,enter,defense,2.0,0.8253119429590018,TDG|LHX|RTX
2019-01-29,enter,defense_aerospace,3.0,0.8152852049910874,TDG|DDD|RTX
2019-01-30,exit,gold_silver_miners,6.0,0.7709447415329768,IAG|AU|BTG
2019-01-30,exit,real_estate_reits,28.0,0.5982620320855615,WELL|HPP|CCI
2019-01-30,exit,defense,39.0,0.5608288770053476,TDG|LHX|RTX
2019-01-30,exit,defense_aerospace,45.0,0.5345365418894831,TDG|DDD|RTX
2019-01-30,enter,semicap_equipment,1.0,0.8045900178253119,UCTT|LRCX|KLAC
2019-01-30,enter,semis,2.0,0.7965686274509804,LRCX|AMD|KLAC
2019-01-30,enter,advanced_packaging,3.0,0.7814171122994652,TER|AMAT|KLAC
2019-01-31,exit,semicap_equipment,27.0,0.6047237076648841,UCTT|LRCX|KLAC
2019-01-31,exit,semis,82.0,0.3121657754010695,LRCX|AMD|KLAC
2019-01-31,exit,advanced_packaging,64.0,0.4507575757575758,TER|AMAT|KLAC
2019-01-31,enter,real_estate_reits,1.0,0.8259803921568629,O|PLD|ARE
2019-01-31,enter,gold_silver_miners,2.0,0.8025846702317291,EGO|FSM|CDE
2019-01-31,enter,homebuilders_housing,3.0,0.7903297682709446,MTH|BLD|OC
2019-02-01,exit,real_estate_reits,15.0,0.6570855614973262,O|PLD|ARE
2019-02-01,exit,gold_silver_miners,10.0,0.6991978609625668,EGO|FSM|CDE
2019-02-01,enter,cybersecurity,1.0,0.7921122994652405,GEN|QLYS|FTNT
2019-02-01,enter,workflow_software,2.0,0.7544563279857397,NOW|HUBS|WDAY
2019-02-01,enter,aerospace,3.0,0.7528966131907308,GE|TDG|BA
2019-02-04,exit,homebuilders_housing,43.0,0.5155971479500892,MTH|BLD|OC
2019-02-04,exit,cybersecurity,14.0,0.71301247771836,GEN|QLYS|FTNT
2019-02-04,enter,defense,1.0,0.8286541889483067,MRCY|TDG|LHX
2019-02-04,enter,vertical_software,2.0,0.7916666666666666,ADSK|CDNS|VEEV
2019-02-04,enter,ai_apps,3.0,0.7843137254901962,SNAP
2019-02-05,exit,workflow_software,8.0,0.7408645276292336,NOW|HUBS|WDAY
2019-02-05,exit,aerospace,13.0,0.6642156862745097,GE|TDG|BA
2019-02-05,exit,defense,49.0,0.5213903743315508,MRCY|TDG|LHX
2019-02-05,enter,business_apps,2.0,0.822638146167558,WDAY|TYL|VEEV
2019-02-06,exit,vertical_software,5.0,0.7232620320855614,ADSK|CDNS|VEEV
2019-02-06,exit,business_apps,34.0,0.5686274509803922,WDAY|TYL|VEEV
2019-02-06,enter,quantum_computing,2.0,0.7820855614973262,HON|QUBT|IBM
2019-02-06,enter,semicap_equipment,3.0,0.7551247771836007,AMKR|VECO|UCTT
2019-02-07,exit,ai_apps,21.0,0.6169786096256685,SNAP
2019-02-07,exit,quantum_computing,52.0,0.5129233511586452,HON|QUBT|IBM
2019-02-07,exit,semicap_equipment,28.0,0.5786541889483067,AMKR|VECO|UCTT
2019-02-07,enter,vertical_software,1.0,0.7682709447415329,LDOS|TYL|CDNS
2019-02-07,enter,consumer,2.0,0.7647058823529411,CMG|DRI|TXRH
2019-02-07,enter,restaurants,3.0,0.7397504456327987,CMG|DRI|TXRH
2019-02-08,exit,vertical_software,6.0,0.7243761140819965,LDOS|TYL|CDNS
2019-02-08,exit,consumer,36.0,0.5601604278074866,CMG|DRI|TXRH
2019-02-08,exit,restaurants,39.0,0.5485739750445634,CMG|DRI|TXRH
2019-02-08,enter,ai_apps,1.0,0.7843137254901962,SNAP
2019-02-08,enter,digital_ads_media,2.0,0.747994652406417,SNAP|ROKU|LYV
2019-02-08,enter,crypto_infrastructure,3.0,0.7366310160427806,CLSK|MARA|RIOT
2019-02-11,exit,ai_apps,40.0,0.5701871657754011,SNAP
2019-02-11,exit,digital_ads_media,41.0,0.5697415329768271,SNAP|ROKU|LYV
2019-02-11,exit,crypto_infrastructure,42.0,0.5663992869875223,CLSK|MARA|RIOT
2019-02-11,enter,solar,1.0,0.8077094474153299,ENPH|RUN|FSLR
2019-02-11,enter,medtech_devices,2.0,0.7718360071301247,DXCM|ATEC|BSX
2019-02-11,enter,biotech_innovation,3.0,0.7477718360071299,ARWR|TGTX|DFTX
2019-02-12,exit,solar,63.0,0.464126559714795,ENPH|RUN|FSLR
2019-02-12,exit,biotech_innovation,23.0,0.641042780748663,ARWR|TGTX|DFTX
2019-02-12,enter,homebuilders_housing,2.0,0.8119429590017824,DHI|MAS|KBH
2019-02-12,enter,networking,3.0,0.7696078431372549,ANET|MRVL|CIEN
2019-02-13,exit,medtech_devices,27.0,0.6310160427807486,DXCM|ATEC|BSX
2019-02-13,exit,homebuilders_housing,17.0,0.6631016042780749,DHI|MAS|KBH
2019-02-13,exit,networking,65.0,0.4581105169340463,ANET|MRVL|CIEN
2019-02-13,enter,datacenter_infra,1.0,0.7771836007130124,FTV|AME|FBIN
2019-02-13,enter,ai_apps,2.0,0.7575757575757576,SNAP
2019-02-13,enter,vertical_software,3.0,0.7551247771836007,TYL|ADSK|PTC
2019-02-14,exit,datacenter_infra,40.0,0.5661764705882353,FTV|AME|FBIN
2019-02-14,enter,oil_exploration,1.0,0.8001336898395722,DVN|FANG|APA
2019-02-14,enter,cloud,2.0,0.7814171122994652,AKAM|ZS|MDB
2019-02-14,enter,renewables_storage,3.0,0.7649286987522281,PLUG|BLDP|FCEL
2019-02-15,exit,ai_apps,95.0,0.023841354723707665,SNAP
2019-02-15,exit,vertical_software,22.0,0.6664438502673797,TYL|ADSK|PTC
2019-02-15,exit,cloud,76.0,0.3576203208556149,AKAM|ZS|MDB
2019-02-15,exit,renewables_storage,33.0,0.6085115864527629,PLUG|BLDP|FCEL
2019-02-15,enter,medtech_devices,1.0,0.8045900178253119,TNDM|IRTC|PODD
2019-02-15,enter,diagnostics_tools,3.0,0.787878787878788,GH|TMO|A
2019-02-19,exit,oil_exploration,25.0,0.6325757575757577,DVN|FANG|APA
2019-02-19,exit,medtech_devices,59.0,0.4783868092691622,TNDM|IRTC|PODD
2019-02-19,exit,diagnostics_tools,44.0,0.5470142602495544,GH|TMO|A
2019-02-19,enter,silver,1.0,0.8270944741532976,HL|SVM|AG
2019-02-19,enter,gold_silver_miners,2.0,0.8268716577540107,KGC|SVM|HL
2019-02-19,enter,construction_infrastructure,3.0,0.8148395721925134,J|FND|BLDR
2019-02-20,exit,silver,10.0,0.7426470588235295,HL|SVM|AG
2019-02-20,exit,construction_infrastructure,4.0,0.7827540106951872,J|FND|BLDR
2019-02-20,enter,power_grid_electrification,1.0,0.8083778966131907,FCEL|IR|PWR
2019-02-20,enter,copper,2.0,0.7999108734402851,SCCO|HBM|FCX
2019-02-20,enter,utilities_yield,3.0,0.783868092691622,FCEL|SO|EIX
2019-02-21,exit,gold_silver_miners,7.0,0.7388591800356508,KGC|SVM|HL
2019-02-21,exit,copper,38.0,0.553921568627451,SCCO|HBM|FCX
2019-02-21,enter,renewables_storage,1.0,0.8573975044563281,FCEL|LAR|PLUG
2019-02-21,enter,rare_earth_critical_minerals,3.0,0.7809714795008913,LAR|ALB|UUUU
2019-02-22,exit,power_grid_electrification,10.0,0.6668894830659536,FCEL|IR|PWR
2019-02-22,exit,utilities_yield,7.0,0.6920677361853832,FCEL|SO|EIX
2019-02-22,exit,renewables_storage,17.0,0.6488413547237076,FCEL|LAR|PLUG
2019-02-22,exit,rare_earth_critical_minerals,44.0,0.5314171122994653,LAR|ALB|UUUU
2019-02-22,enter,digital_ads_media,1.0,0.7647058823529411,TTD|ROKU|MGNI
2019-02-22,enter,networking_optical,2.0,0.7520053475935828,CIEN|LITE|ANET
2019-02-22,enter,networking,3.0,0.748663101604278,CIEN|ANET|CSCO
2019-02-25,exit,digital_ads_media,12.0,0.6691176470588235,TTD|ROKU|MGNI
2019-02-25,exit,networking_optical,15.0,0.6590909090909091,CIEN|LITE|ANET
2019-02-25,enter,china_internet,1.0,0.7782976827094474,NIO|BILI|JD
2019-02-25,enter,ai_apps,2.0,0.7718360071301248,SNAP
2019-02-25,enter,industrial_automation,3.0,0.7199197860962566,TEX|GE|AGCO
2019-02-26,exit,networking,8.0,0.6876114081996434,CIEN|ANET|CSCO
2019-02-26,exit,ai_apps,46.0,0.5144830659536542,SNAP
2019-02-26,exit,industrial_automation,49.0,0.5077985739750447,TEX|GE|AGCO
2019-02-26,enter,biotech,1.0,0.7381907308377896,MRNA|EXAS|CRSP
2019-02-26,enter,storage,3.0,0.7199197860962567,PSTG|HPE|WDC
2019-02-27,exit,storage,46.0,0.5196078431372549,PSTG|HPE|WDC
2019-02-27,enter,diagnostics_tools,1.0,0.836229946524064,EXAS|DHR|TMO
2019-02-27,enter,biotech_innovation,2.0,0.8092691622103386,EXAS|MRNA|CRSP
2019-02-28,exit,biotech,40.0,0.5617201426024956,MRNA|EXAS|CRSP
2019-02-28,exit,biotech_innovation,15.0,0.6873885918003566,EXAS|MRNA|CRSP
2019-02-28,enter,consumer_internet_marketplaces,1.0,0.8391265597147951,MELI|SE|CVNA
2019-03-01,exit,china_internet,13.0,0.6925089567780308,NIO|BILI|JD
2019-03-01,exit,diagnostics_tools,2.0,0.8086624838954485,EXAS|DHR|TMO
2019-03-01,exit,consumer_internet_marketplaces,19.0,0.6601983727784544,MELI|SE|CVNA
2019-03-01,enter,biotech,1.0,0.8099883517763542,CRSP|NTLA|REGN
2019-03-01,enter,diagnostics_tools,2.0,0.8086624838954485,GH|DHR|ILMN
2019-03-01,enter,medtech_devices,3.0,0.7773490584352553,TNDM|XRAY|PODD
2019-03-04,exit,biotech,26.0,0.6203208556149733,CRSP|NTLA|REGN
2019-03-04,exit,diagnostics_tools,24.0,0.6327985739750446,GH|DHR|ILMN
2019-03-04,exit,medtech_devices,12.0,0.6822638146167558,TNDM|XRAY|PODD
2019-03-04,enter,china_internet,1.0,0.8221925133689839,JD|NIO|TCOM
2019-03-04,enter,energy,2.0,0.7811942959001782,ENPH|KMI|TTE
2019-03-04,enter,consumer_internet_marketplaces,3.0,0.7774064171122995,SE|MELI|JD
2019-03-05,exit,energy,10.0,0.7290552584670231,ENPH|KMI|TTE
2019-03-05,enter,medtech_devices,2.0,0.802807486631016,ATEC|TNDM|DXCM
2019-03-06,exit,china_internet,2.0,0.7800802139037433,JD|NIO|TCOM
2019-03-06,exit,consumer_internet_marketplaces,6.0,0.7591354723707666,SE|MELI|JD
2019-03-06,exit,medtech_devices,12.0,0.7058823529411764,ATEC|TNDM|DXCM
2019-03-06,enter,utilities_yield,1.0,0.8190730837789661,AES|D|PCG
2019-03-06,enter,china_internet,2.0,0.7800802139037433,TCOM|JD|BIDU
2019-03-06,enter,cloud,3.0,0.7749554367201427,ZS|AKAM|MDB
2019-03-07,exit,china_internet,54.0,0.4810606060606061,TCOM|JD|BIDU
2019-03-07,enter,obesity_glp1_health,3.0,0.785650623885918,NVO|LLY
2019-03-08,exit,utilities_yield,5.0,0.7589126559714795,AES|D|PCG
2019-03-08,exit,cloud,41.0,0.5240641711229946,ZS|AKAM|MDB
2019-03-08,enter,gold_silver_miners,1.0,0.8741087344028521,EXK|IAG|EGO
2019-03-08,enter,silver,2.0,0.8288770053475936,AG|FNV|SVM
2019-03-08,enter,real_estate_reits,3.0,0.7901069518716578,DEI|ARE|PSA
2019-03-11,exit,obesity_glp1_health,84.0,0.3273172905525846,NVO|LLY
2019-03-11,exit,gold_silver_miners,49.0,0.5127005347593583,EXK|IAG|EGO
2019-03-11,exit,silver,60.0,0.465686274509804,AG|FNV|SVM
2019-03-11,enter,workflow_software,2.0,0.7397504456327986,TEAM|DOCU|WDAY
2019-03-11,enter,cloud,3.0,0.7243761140819965,ZS|MDB|AKAM
2019-03-12,exit,real_estate_reits,3.0,0.7533422459893049,DEI|ARE|PSA
2019-03-12,exit,workflow_software,12.0,0.6858288770053476,TEAM|DOCU|WDAY
2019-03-12,enter,datacenter_reits_towers,1.0,0.8019162210338681,CCI|SBAC|EQIX
2019-03-12,enter,silver,2.0,0.7754010695187166,FNV|AG|SVM
2019-03-12,enter,real_estate_reits,3.0,0.7533422459893049,DEI|PSA|CCI
2019-03-13,exit,cloud,36.0,0.5652852049910874,ZS|MDB|AKAM
2019-03-13,exit,datacenter_reits_towers,7.0,0.7230392156862744,CCI|SBAC|EQIX
2019-03-13,exit,silver,10.0,0.6940730837789663,FNV|AG|SVM
2019-03-13,exit,real_estate_reits,16.0,0.6581996434937611,DEI|PSA|CCI
2019-03-13,enter,managed_care,1.0,0.7805258467023173,MOH|CNC|UNH
2019-03-13,enter,mega_cap_platforms,2.0,0.7789661319073083,NVDA|ADBE|AAPL
2019-03-13,enter,managed_care_insurance,3.0,0.7551247771836008,MOH|CNC|UNH
2019-03-14,exit,managed_care,24.0,0.6368092691622104,MOH|CNC|UNH
2019-03-14,exit,mega_cap_platforms,14.0,0.6871657754010696,NVDA|ADBE|AAPL
2019-03-14,exit,managed_care_insurance,19.0,0.6646613190730836,MOH|CNC|UNH
2019-03-14,enter,uranium,1.0,0.8126114081996434,UUUU|UEC|DNN
2019-03-14,enter,nuclear,2.0,0.8023618538324423,UEC|NXE|DNN
2019-03-14,enter,ai_apps,3.0,0.7700534759358288,SNAP
2019-03-15,exit,uranium,6.0,0.732620320855615,UUUU|UEC|DNN
2019-03-15,exit,nuclear,12.0,0.6856060606060607,UEC|NXE|DNN
2019-03-15,exit,ai_apps,46.0,0.5280748663101604,SNAP
2019-03-15,enter,semis,1.0,0.7923351158645277,AVGO|LRCX|MRVL
2019-03-15,enter,biotech,2.0,0.786541889483066,NTLA|BIIB|EXAS
2019-03-15,enter,storage,3.0,0.7838680926916223,DELL|NTAP|PSTG
2019-03-18,exit,semis,31.0,0.5877896613190731,AVGO|LRCX|MRVL
2019-03-18,exit,biotech,41.0,0.5481283422459893,NTLA|BIIB|EXAS
2019-03-18,exit,storage,38.0,0.5583778966131907,DELL|NTAP|PSTG
2019-03-18,enter,oil_services,1.0,0.8057040998217468,RIG|PTEN|AROC
2019-03-18,enter,regional_banks,2.0,0.7914438502673797,FITB|HBAN|KEY
2019-03-18,enter,mega_banks,3.0,0.788547237076649,C|WFC|GS
2019-03-19,exit,oil_services,17.0,0.6327985739750446,RIG|PTEN|AROC
2019-03-19,exit,regional_banks,67.0,0.4249108734402852,FITB|HBAN|KEY
2019-03-19,exit,mega_banks,38.0,0.5472370766488412,C|WFC|GS
2019-03-19,enter,dev_tools,1.0,0.7595811051693404,MDB|PTC|CDNS
2019-03-19,enter,healthcare,2.0,0.7540106951871658,CI|MOH|TDOC
2019-03-19,enter,medtech_devices,3.0,0.7252673796791445,EW|GMED|SYK
2019-03-20,exit,dev_tools,11.0,0.6867201426024955,MDB|PTC|CDNS
2019-03-20,exit,healthcare,81.0,0.3235294117647058,CI|MOH|TDOC
2019-03-20,exit,medtech_devices,28.0,0.5793226381461675,EW|GMED|SYK
2019-03-20,enter,oil_gas,1.0,0.8257575757575757,EOG|DVN|OVV
2019-03-20,enter,oil_services,2.0,0.8241978609625668,HAL|FTI|PTEN
2019-03-20,enter,energy,3.0,0.8159536541889485,DVN|EOG|BKR
2019-03-21,exit,oil_gas,32.0,0.5817736185383244,EOG|DVN|OVV
2019-03-21,exit,oil_services,36.0,0.5568181818181818,HAL|FTI|PTEN
2019-03-21,exit,energy,48.0,0.5260695187165776,DVN|EOG|BKR
2019-03-21,enter,semis,1.0,0.8351158645276293,AMD|AMAT|MRVL
2019-03-21,enter,fintech_payments,2.0,0.8213012477718361,STNE|PYPL|MA
2019-03-21,enter,networking,3.0,0.7959001782531194,ANET|MRVL|QCOM
2019-03-22,exit,semis,33.0,0.5768716577540107,AMD|AMAT|MRVL
2019-03-22,exit,fintech_payments,6.0,0.7388591800356507,STNE|PYPL|MA
2019-03-22,exit,networking,70.0,0.38680926916221037,ANET|MRVL|QCOM
2019-03-22,enter,gold,1.0,0.7918894830659536,WPM|NEM|AEM
2019-03-22,enter,restaurants,2.0,0.7771836007130124,DRI|CMG|MCD
2019-03-22,enter,consumer,3.0,0.7662655971479501,DRI|CMG|SBUX
2019-03-25,enter,gold_silver_miners,1.0,0.8279857397504455,EGO|EXK|AG
2019-03-25,enter,silver,2.0,0.8248663101604278,WPM|AG|SVM
2019-03-26,exit,gold,13.0,0.6586452762923352,WPM|NEM|AEM
2019-03-26,exit,restaurants,4.0,0.7219251336898397,DRI|CMG|MCD
2019-03-26,exit,consumer,11.0,0.6847147950089127,DRI|CMG|SBUX
2019-03-26,exit,gold_silver_miners,45.0,0.5240641711229946,EGO|EXK|AG
2019-03-26,exit,silver,38.0,0.5401069518716577,WPM|AG|SVM
2019-03-26,enter,copper,1.0,0.8028074866310161,RIO|TECK|BHP
2019-03-26,enter,mega_cap_platforms,2.0,0.731060606060606,META|ADBE|LLY
2019-03-26,enter,oil_exploration,3.0,0.7268270944741532,DVN|APA|COP
2019-03-27,exit,copper,15.0,0.7054367201426025,RIO|TECK|BHP
2019-03-27,exit,mega_cap_platforms,40.0,0.5688502673796791,META|ADBE|LLY
2019-03-27,exit,oil_exploration,65.0,0.37878787878787884,DVN|APA|COP
2019-03-27,enter,homebuilders_housing,1.0,0.8627450980392158,LEN|KBH|PHM
2019-03-27,enter,retail_consumer,2.0,0.8438057040998218,KMX|OLLI|FIVE
2019-03-27,enter,restaurants_food,3.0,0.801247771836007,CMG|DRI|EAT
2019-03-28,exit,homebuilders_housing,17.0,0.678921568627451,LEN|KBH|PHM
2019-03-28,exit,retail_consumer,12.0,0.71524064171123,KMX|OLLI|FIVE
2019-03-28,enter,real_estate_reits,1.0,0.8562834224598929,WY|O|SPG
2019-03-28,enter,restaurants,3.0,0.8097147950089126,CMG|DRI|DPZ
2019-03-29,exit,real_estate_reits,68.0,0.4126559714795009,WY|O|SPG
2019-03-29,enter,consumer,3.0,0.8110516934046346,DPZ|CMG|DRI
2019-04-01,exit,restaurants_food,51.0,0.4986631016042781,CMG|DRI|EAT
2019-04-01,exit,restaurants,83.0,0.30926916221033873,CMG|DRI|DPZ
2019-04-01,exit,consumer,82.0,0.3135026737967915,DPZ|CMG|DRI
2019-04-01,enter,industrial_automation,1.0,0.8172905525846703,PH|OLN|CAT
2019-04-01,enter,banks_brokers_exchanges,2.0,0.8065953654188948,ALLY|IBKR|COLB
2019-04-01,enter,copper,3.0,0.7972370766488414,BHP|HBM|SCCO
2019-04-02,exit,industrial_automation,18.0,0.6867201426024955,PH|OLN|CAT
2019-04-02,exit,copper,21.0,0.6686720142602495,BHP|HBM|SCCO
2019-04-02,enter,airlines_travel,1.0,0.822192513368984,DAL|AAL|PK
2019-04-02,enter,transport_logistics,3.0,0.7615864527629234,DAL|AAL|LUV
2019-04-03,exit,banks_brokers_exchanges,18.0,0.696078431372549,ALLY|IBKR|COLB
2019-04-03,exit,airlines_travel,9.0,0.7504456327985739,DAL|AAL|PK
2019-04-03,exit,transport_logistics,14.0,0.7168003565062389,DAL|AAL|LUV
2019-04-03,enter,electronics_components,1.0,0.8108288770053476,IPGP|APH|MTSI
2019-04-03,enter,semicap_equipment,2.0,0.8001336898395723,CAMT|FORM|TER
2019-04-03,enter,industrial_automation,3.0,0.7769607843137255,APH|DOW|PH
2019-04-04,exit,semicap_equipment,15.0,0.6662210338680928,CAMT|FORM|TER
2019-04-04,enter,consumer_internet,3.0,0.7742869875222816,BIDU|NTES|SNAP
2019-04-05,exit,electronics_components,19.0,0.660427807486631,IPGP|APH|MTSI
2019-04-05,exit,industrial_automation,22.0,0.6368092691622104,APH|DOW|PH
2019-04-05,exit,consumer_internet,31.0,0.5960338680926917,BIDU|NTES|SNAP
2019-04-05,enter,rare_earth_critical_minerals,1.0,0.8460338680926914,LAR|UUUU|ALB
2019-04-05,enter,lithium_battery_materials,2.0,0.7756238859180035,LAR|ALB|SGML
2019-04-05,enter,renewables_storage,3.0,0.7751782531194296,LAR|FCEL|PLUG
2019-04-08,exit,rare_earth_critical_minerals,39.0,0.5579322638146167,LAR|UUUU|ALB
2019-04-08,exit,lithium_battery_materials,54.0,0.5066844919786097,LAR|ALB|SGML
2019-04-08,enter,solar,1.0,0.8368983957219253,ENPH|SEDG|FSLR
2019-04-08,enter,consumer_internet,2.0,0.8175133689839571,BIDU|SNAP|NTES
2019-04-09,exit,renewables_storage,5.0,0.751559714795009,LAR|FCEL|PLUG
2019-04-09,exit,solar,28.0,0.5980392156862745,ENPH|SEDG|FSLR
2019-04-09,enter,managed_care_insurance,1.0,0.8030303030303031,CNC|CI|HUM
2019-04-09,enter,managed_care,3.0,0.7887700534759358,CNC|CI|HUM
2019-04-10,exit,consumer_internet,29.0,0.5750891265597149,BIDU|SNAP|NTES
2019-04-10,exit,managed_care_insurance,33.0,0.571524064171123,CNC|CI|HUM
2019-04-10,exit,managed_care,36.0,0.5614973262032086,CNC|CI|HUM
2019-04-10,enter,solar,1.0,0.7780748663101604,FSLR|SEDG|RUN
2019-04-10,enter,homebuilders_housing,2.0,0.7495543672014259,CCS|BLD|FND
2019-04-10,enter,copper,3.0,0.7350713012477719,RIO|TECK|FCX
2019-04-11,exit,solar,13.0,0.6555258467023173,FSLR|SEDG|RUN
2019-04-11,exit,copper,77.0,0.36452762923351156,RIO|TECK|FCX
2019-04-11,enter,defense,2.0,0.7727272727272727,HWM|AXON|HEI
2019-04-11,enter,drones_autonomy,3.0,0.7540106951871658,AMBA|AXON|KTOS
2019-04-12,exit,homebuilders_housing,14.0,0.7016488413547237,CCS|BLD|FND
2019-04-12,exit,drones_autonomy,20.0,0.6602049910873441,AMBA|AXON|KTOS
2019-04-12,enter,networking,1.0,0.7938948306595367,MRVL|ANET|CSCO
2019-04-12,enter,oil_exploration,2.0,0.7936720142602495,DVN|EOG|FANG
2019-04-12,enter,travel,3.0,0.7923351158645277,DIS|BKNG|EXPE
2019-04-15,exit,defense,50.0,0.5115864527629234,HWM|AXON|HEI
2019-04-15,exit,oil_exploration,69.0,0.4148841354723707,DVN|EOG|FANG
2019-04-15,exit,travel,24.0,0.6541889483065955,DIS|BKNG|EXPE
2019-04-15,enter,consumer_staples,1.0,0.8549465240641712,DLTR|MDLZ|PEP
2019-04-15,enter,cybersecurity,3.0,0.786096256684492,FTNT|CHKP|OKTA
2019-04-16,exit,networking,3.0,0.7811942959001783,MRVL|ANET|CSCO
2019-04-16,exit,consumer_staples,39.0,0.5568181818181818,DLTR|MDLZ|PEP
2019-04-16,exit,cybersecurity,33.0,0.5826648841354725,FTNT|CHKP|OKTA
2019-04-16,enter,insurance,1.0,0.802361853832442,PGR|AIG|MET
2019-04-16,enter,banks_brokers_exchanges,2.0,0.7823083778966131,C|MS|RJF
2019-04-16,enter,networking,3.0,0.7811942959001783,QCOM|MRVL|HPE
2019-04-17,exit,insurance,41.0,0.5679590017825312,PGR|AIG|MET
2019-04-17,exit,networking,12.0,0.6809269162210339,QCOM|MRVL|HPE
2019-04-17,enter,mega_banks,2.0,0.7689393939393939,MS|C|JPM
2019-04-17,enter,asset_managers,3.0,0.7471033868092691,MS|BLK|BX
2019-04-18,exit,banks_brokers_exchanges,21.0,0.6457219251336899,C|MS|RJF
2019-04-18,exit,mega_banks,19.0,0.6492869875222816,MS|C|JPM
2019-04-18,exit,asset_managers,15.0,0.6595365418894832,MS|BLK|BX
2019-04-18,enter,restaurants_food,1.0,0.7277183600713012,MCD|DPZ|YUM
2019-04-18,enter,datacenter_infra,2.0,0.7154634581105169,ROK|TTEK|ACM
2019-04-18,enter,restaurants,3.0,0.715017825311943,MCD|DPZ|DRI
2019-04-22,exit,restaurants_food,51.0,0.48128342245989303,MCD|DPZ|YUM
2019-04-22,exit,datacenter_infra,12.0,0.6626559714795008,ROK|TTEK|ACM
2019-04-22,exit,restaurants,53.0,0.4737076648841354,MCD|DPZ|DRI
2019-04-22,enter,oil_services,1.0,0.824197860962567,RIG|NBR|PTEN
2019-04-22,enter,oil_gas,2.0,0.8179590017825311,DVN|FANG|LBRT
2019-04-22,enter,asset_managers_alts,3.0,0.7990196078431374,APO|BX|CG
2019-04-23,exit,oil_gas,30.0,0.5797682709447416,DVN|FANG|LBRT
2019-04-23,enter,drones_autonomy,1.0,0.8137254901960784,AMBA|AXON|TXT
2019-04-23,enter,defense,2.0,0.8041443850267381,MRCY|LMT|GD
2019-04-23,enter,solar,3.0,0.7613636363636364,SEDG|RUN|FSLR
2019-04-24,exit,oil_services,82.0,0.33043672014260245,RIG|NBR|PTEN
2019-04-24,exit,asset_managers_alts,7.0,0.7388591800356507,APO|BX|CG
2019-04-24,exit,drones_autonomy,34.0,0.5877896613190732,AMBA|AXON|TXT
2019-04-24,exit,defense,18.0,0.6695632798573974,MRCY|LMT|GD
2019-04-24,exit,solar,9.0,0.7145721925133689,SEDG|RUN|FSLR
2019-04-24,enter,semis,1.0,0.8331105169340464,TER|QCOM|TXN
2019-04-24,enter,networking,2.0,0.806372549019608,QCOM|MRVL|CIEN
2019-04-24,enter,restaurants,3.0,0.7809714795008912,DPZ|MCD|YUM
2019-04-25,exit,semis,34.0,0.5510249554367201,TER|QCOM|TXN
2019-04-25,exit,networking,80.0,0.35472370766488415,QCOM|MRVL|CIEN
2019-04-25,enter,workflow_software,1.0,0.7829768270944741,NOW|DOCU|HUBS
2019-04-25,enter,biotech,2.0,0.7807486631016042,CRSP|MRNA|VRTX
2019-04-25,enter,cloud,3.0,0.7751782531194295,ZS|AKAM|MDB
2019-04-26,exit,restaurants,59.0,0.46635472370766484,DPZ|MCD|YUM
2019-04-26,exit,biotech,20.0,0.6501782531194296,CRSP|MRNA|VRTX
2019-04-26,exit,cloud,38.0,0.5514705882352942,ZS|AKAM|MDB
2019-04-26,enter,solar,1.0,0.7725044563279858,ENPH|SEDG|RUN
2019-04-26,enter,healthcare,2.0,0.7557932263814617,ELV|TDOC|CNC
2019-04-29,exit,solar,18.0,0.6731283422459893,ENPH|SEDG|RUN
2019-04-29,exit,healthcare,19.0,0.6517379679144384,ELV|TDOC|CNC
2019-04-29,enter,payments,2.0,0.7696078431372549,COF|PYPL|V
2019-04-29,enter,ai_apps,3.0,0.7549019607843137,PINS|SNAP
2019-04-30,exit,workflow_software,26.0,0.6151960784313727,NOW|DOCU|HUBS
2019-04-30,exit,ai_apps,50.0,0.48841354723707664,PINS|SNAP
2019-04-30,enter,utilities_yield,1.0,0.8161764705882353,BE|VST|SO
2019-04-30,enter,insurance,2.0,0.7979055258467023,CB|TRV|AIG
2019-04-30,enter,real_estate_reits,3.0,0.7950089126559714,PLD|WY|WELL
2019-05-01,exit,payments,10.0,0.6909536541889483,COF|PYPL|V
2019-05-01,exit,utilities_yield,66.0,0.43048128342245995,BE|VST|SO
2019-05-01,exit,insurance,30.0,0.590686274509804,CB|TRV|AIG
2019-05-01,exit,real_estate_reits,11.0,0.6909536541889483,PLD|WY|WELL
2019-05-01,enter,cloud,1.0,0.8395721925133689,AKAM|ZM|ZS
2019-05-01,enter,pharma,2.0,0.8186274509803921,MRK|TMO|BMY
2019-05-01,enter,pharma_largecap,3.0,0.7896613190730838,MRK|BMY|JNJ
2019-05-02,exit,cloud,38.0,0.551693404634581,AKAM|ZM|ZS
2019-05-02,exit,pharma,5.0,0.7201426024955437,MRK|TMO|BMY
2019-05-02,exit,pharma_largecap,33.0,0.5824420677361855,MRK|BMY|JNJ
2019-05-02,enter,medtech_devices,1.0,0.8529411764705883,ATEC|PODD|XRAY
2019-05-02,enter,defense,2.0,0.7751782531194296,LDOS|LHX|HWM
2019-05-02,enter,apparel_beauty_lifestyle,3.0,0.7591354723707664,AEO|DECK|KDP
2019-05-03,exit,medtech_devices,4.0,0.7118983957219251,ATEC|PODD|XRAY
2019-05-03,exit,defense,3.0,0.713680926916221,LDOS|LHX|HWM
2019-05-03,exit,apparel_beauty_lifestyle,33.0,0.5822192513368983,AEO|DECK|KDP
2019-05-03,enter,airlines_travel,1.0,0.7145721925133689,RCL|HLT|LYFT
2019-05-03,enter,solar,2.0,0.7141265597147951,ENPH|FSLR|SEDG
2019-05-03,enter,defense,3.0,0.713680926916221,LDOS|AXON|LHX
2019-05-06,exit,airlines_travel,37.0,0.5721925133689839,RCL|HLT|LYFT
2019-05-06,exit,solar,27.0,0.5944741532976827,ENPH|FSLR|SEDG
2019-05-06,enter,medtech_devices,1.0,0.788101604278075,PODD|XRAY|TNDM
2019-05-06,enter,biotech_innovation,2.0,0.7698306595365418,DFTX|NTLA|EXAS
2019-05-07,exit,defense,23.0,0.6134135472370766,LDOS|AXON|LHX
2019-05-07,exit,medtech_devices,12.0,0.67602495543672,PODD|XRAY|TNDM
2019-05-07,exit,biotech_innovation,51.0,0.4870766488413547,DFTX|NTLA|EXAS
2019-05-07,enter,solar,1.0,0.8614081996434937,SEDG|ENPH|RUN
2019-05-07,enter,renewables_storage,2.0,0.7816399286987522,SEDG|ENPH|RUN
2019-05-07,enter,oil_gas,3.0,0.7794117647058825,AR|TRGP|YPF
2019-05-08,exit,solar,31.0,0.6040552584670231,SEDG|ENPH|RUN
2019-05-08,exit,renewables_storage,36.0,0.5614973262032086,SEDG|ENPH|RUN
2019-05-08,enter,datacenter_reits_towers,1.0,0.8246434937611408,EQIX|COR|SBAC
2019-05-08,enter,oil_exploration,2.0,0.7482174688057041,OXY|FANG|EOG
2019-05-08,enter,defense,3.0,0.7468805704099821,AXON|LDOS|HEI
2019-05-09,exit,oil_gas,5.0,0.7107843137254902,AR|TRGP|YPF
2019-05-09,exit,datacenter_reits_towers,15.0,0.6662210338680926,EQIX|COR|SBAC
2019-05-09,enter,defense_aerospace,2.0,0.7448752228163993,KTOS|AXON|LMT
2019-05-10,exit,oil_exploration,31.0,0.6016042780748663,OXY|FANG|EOG
2019-05-10,enter,insurance,2.0,0.7649286987522282,AIG|MET|TRV
2019-05-10,enter,asset_managers_alts,3.0,0.7602495543672014,ARES|MAIN|BN
2019-05-13,exit,defense,4.0,0.7557932263814616,AXON|LDOS|HEI
2019-05-13,exit,defense_aerospace,27.0,0.6178698752228164,KTOS|AXON|LMT
2019-05-13,exit,insurance,25.0,0.6267825311942959,AIG|MET|TRV
2019-05-13,exit,asset_managers_alts,19.0,0.6622103386809269,ARES|MAIN|BN
2019-05-13,enter,gold_silver_miners,1.0,0.7669340463458109,GOLD|USAS|AU
2019-05-13,enter,crypto_infrastructure,2.0,0.7633689839572194,HUT|MARA|WULF
2019-05-13,enter,gold,3.0,0.7566844919786098,FNV|GOLD|GLD
2019-05-14,exit,gold_silver_miners,83.0,0.29300356506238856,GOLD|USAS|AU
2019-05-14,exit,crypto_infrastructure,48.0,0.5104723707664884,HUT|MARA|WULF
2019-05-14,exit,gold,63.0,0.4549910873440285,FNV|GOLD|GLD
2019-05-14,enter,drones_autonomy,1.0,0.8083778966131907,KTOS|AVAV|AXON
2019-05-14,enter,defense,2.0,0.7704991087344029,KTOS|LHX|AXON
2019-05-14,enter,business_apps,3.0,0.7444295900178252,SAP|CRM|VEEV
2019-05-15,exit,drones_autonomy,23.0,0.6314616755793228,KTOS|AVAV|AXON
2019-05-15,exit,defense,20.0,0.6495098039215687,KTOS|LHX|AXON
2019-05-15,enter,real_estate_reits,1.0,0.770053475935829,ARE|WELL|AMT
2019-05-15,enter,payments,2.0,0.7497771836007131,GPN|MA|PYPL
2019-05-15,enter,streaming_entertainment,3.0,0.7388591800356507,ROKU|SONY|T
2019-05-16,exit,streaming_entertainment,55.0,0.4790552584670232,ROKU|SONY|T
2019-05-16,enter,insurance,3.0,0.7716131907308378,TRV|PGR|AIG
2019-05-17,exit,business_apps,53.0,0.49532085561497324,SAP|CRM|VEEV
2019-05-17,exit,payments,36.0,0.5474598930481284,GPN|MA|PYPL
2019-05-17,enter,cybersecurity,2.0,0.7771836007130123,OKTA|ZS|TENB
2019-05-17,enter,datacenter_reits_towers,3.0,0.751336898395722,AMT|CCI|EQIX
2019-05-20,exit,real_estate_reits,83.0,0.3627450980392157,ARE|WELL|AMT
2019-05-20,exit,cybersecurity,15.0,0.6354723707664884,OKTA|ZS|TENB
2019-05-20,exit,datacenter_reits_towers,70.0,0.41399286987522277,AMT|CCI|EQIX
2019-05-20,enter,renewables_storage,1.0,0.7602495543672014,BLDP|PLUG|RUN
2019-05-20,enter,transport_logistics,3.0,0.730392156862745,JBHT|ODFL|ALK
2019-05-21,exit,insurance,22.0,0.6158645276292334,TRV|PGR|AIG
2019-05-21,exit,renewables_storage,16.0,0.6470588235294117,BLDP|PLUG|RUN
2019-05-21,exit,transport_logistics,53.0,0.4926470588235294,JBHT|ODFL|ALK
2019-05-21,enter,storage,1.0,0.7560160427807487,HPE|HPQ|QMCO
2019-05-21,enter,payments,2.0,0.7488859180035651,MA|COF|AXP
2019-05-21,enter,fintech_payments,3.0,0.7199197860962566,STNE|PAGS|MA
2019-05-22,exit,storage,83.0,0.31617647058823534,HPE|HPQ|QMCO
2019-05-22,exit,payments,12.0,0.7038770053475937,MA|COF|AXP
2019-05-22,enter,pharma_largecap,1.0,0.8444741532976827,REGN|MRK|VRTX
2019-05-22,enter,pharma,2.0,0.8181818181818182,MRK|TMO|ABBV
2019-05-22,enter,utilities_yield,3.0,0.7816399286987521,SRE|PCG|D
2019-05-23,exit,fintech_payments,38.0,0.537878787878788,STNE|PAGS|MA
2019-05-24,exit,pharma_largecap,31.0,0.5784313725490196,REGN|MRK|VRTX
2019-05-24,exit,pharma,23.0,0.6189839572192513,MRK|TMO|ABBV
2019-05-24,exit,utilities_yield,33.0,0.5744206773618539,SRE|PCG|D
2019-05-24,enter,regional_banks,1.0,0.7803030303030303,PNC|TFC|KEY
2019-05-24,enter,defense,2.0,0.7627005347593583,KTOS|LHX|HEI
2019-05-24,enter,diagnostics_tools,3.0,0.7580213903743315,GH|TMO|ILMN
2019-05-28,exit,regional_banks,73.0,0.375,PNC|TFC|KEY
2019-05-28,enter,renewables_storage,1.0,0.8264260249554367,BLDP|ENPH|PLUG
2019-05-28,enter,business_apps,3.0,0.785427807486631,WDAY|DOCU|INTU
2019-05-29,exit,defense,19.0,0.6091800356506238,KTOS|LHX|HEI
2019-05-29,exit,diagnostics_tools,7.0,0.6998663101604278,GH|TMO|ILMN
2019-05-29,exit,business_apps,42.0,0.5403297682709447,WDAY|DOCU|INTU
2019-05-29,enter,regional_banks,2.0,0.7444295900178255,FITB|PNC|KEY
2019-05-29,enter,consumer_staples,3.0,0.7259358288770054,PEP|TGT|KO
2019-05-30,exit,renewables_storage,14.0,0.6815953654188948,BLDP|ENPH|PLUG
2019-05-30,exit,regional_banks,82.0,0.34826203208556145,FITB|PNC|KEY
2019-05-30,enter,medtech,1.0,0.8308823529411765,BSX|MDT|SYK
2019-05-30,enter,gold,2.0,0.8166221033868093,WPM|AEM|GLD
2019-05-30,enter,diagnostics_tools,3.0,0.7936720142602496,EXAS|DHR|GH
2019-05-31,exit,consumer_staples,23.0,0.6461675579322638,PEP|TGT|KO
2019-05-31,exit,medtech,26.0,0.6234402852049911,BSX|MDT|SYK
2019-05-31,exit,diagnostics_tools,9.0,0.7261586452762921,EXAS|DHR|GH
2019-05-31,enter,gold_silver_miners,1.0,0.8192959001782532,AU|BTG|HMY
2019-05-31,enter,silver,2.0,0.8079322638146167,WPM|SVM|AG
2019-06-03,exit,gold,5.0,0.7985739750445632,WPM|AEM|GLD
2019-06-03,enter,copper_metals,3.0,0.819741532976827,EQX|ASM|HMY
2019-06-04,exit,gold_silver_miners,25.0,0.6296791443850267,AU|BTG|HMY
2019-06-04,exit,silver,27.0,0.624331550802139,WPM|SVM|AG
2019-06-04,exit,copper_metals,26.0,0.625891265597148,EQX|ASM|HMY
2019-06-04,enter,semis,1.0,0.7575757575757576,MPWR|MRVL|TER
2019-06-04,enter,managed_care,2.0,0.7435383244206772,MOH|CVS|CI
2019-06-04,enter,construction_infrastructure,3.0,0.7370766488413547,MLM|PWR|ACM
2019-06-05,exit,semis,30.0,0.6004901960784313,MPWR|MRVL|TER
2019-06-05,exit,managed_care,58.0,0.4369429590017826,MOH|CVS|CI
2019-06-05,exit,construction_infrastructure,11.0,0.7123440285204992,MLM|PWR|ACM
2019-06-05,enter,gold,1.0,0.8444741532976827,PAAS|AEM|NEM
2019-06-05,enter,gold_silver_miners,2.0,0.8275401069518715,USAS|AU|EGO
2019-06-05,enter,diagnostics_tools,3.0,0.7811942959001783,EXAS|GH|TECH
2019-06-06,exit,gold,16.0,0.6724598930481284,PAAS|AEM|NEM
2019-06-06,exit,gold_silver_miners,8.0,0.7205882352941176,USAS|AU|EGO
2019-06-06,exit,diagnostics_tools,14.0,0.6909536541889483,EXAS|GH|TECH
2019-06-06,enter,restaurants,1.0,0.8092691622103387,SBUX|YUM|MCD
2019-06-06,enter,consumer,2.0,0.7872103386809269,SBUX|YUM|DPZ
2019-06-06,enter,restaurants_food,3.0,0.7800802139037435,SBUX|WING|YUM
2019-06-07,exit,restaurants,30.0,0.607397504456328,SBUX|YUM|MCD
2019-06-07,exit,consumer,36.0,0.5875668449197861,SBUX|YUM|DPZ
2019-06-07,exit,restaurants_food,46.0,0.5521390374331551,SBUX|WING|YUM
2019-06-07,enter,semis,1.0,0.7749554367201426,AMD|MRVL|AVGO
2019-06-07,enter,medtech,2.0,0.7633689839572192,BSX|EW|ISRG
2019-06-07,enter,cloud,3.0,0.7540106951871659,MDB|ZM|ZS
2019-06-10,enter,dev_tools,2.0,0.7932263814616756,MDB|TEAM|PTC
2019-06-10,enter,advanced_packaging,3.0,0.7667112299465242,AMKR|COHU|TER
2019-06-11,exit,semis,4.0,0.7181372549019608,AMD|MRVL|AVGO
2019-06-11,exit,medtech,2.0,0.732620320855615,BSX|EW|ISRG
2019-06-11,exit,cloud,32.0,0.5766488413547236,MDB|ZM|ZS
2019-06-11,exit,dev_tools,14.0,0.6390374331550802,MDB|TEAM|PTC
2019-06-11,exit,advanced_packaging,9.0,0.6800356506238858,AMKR|COHU|TER
2019-06-11,enter,consumer_staples,1.0,0.7337344028520499,DLTR|PG|WMT
2019-06-11,enter,medtech,2.0,0.732620320855615,DXCM|ISRG|EW
2019-06-11,enter,retail,3.0,0.7279411764705881,DLTR|WMT|JD
2019-06-12,exit,consumer_staples,11.0,0.6833778966131906,DLTR|PG|WMT
2019-06-12,exit,medtech,5.0,0.7000891265597147,DXCM|ISRG|EW
2019-06-12,exit,retail,16.0,0.6345811051693404,DLTR|WMT|JD
2019-06-12,enter,pharma_largecap,1.0,0.7564616755793228,JNJ|NVO|GSK
2019-06-12,enter,cybersecurity,2.0,0.7526737967914439,BB|FTNT|OKTA
2019-06-12,enter,pharma,3.0,0.7433155080213903,JNJ|NVO|MRK
2019-06-13,exit,pharma_largecap,56.0,0.49621212121212116,JNJ|NVO|GSK
2019-06-13,exit,cybersecurity,29.0,0.590463458110517,BB|FTNT|OKTA
2019-06-13,exit,pharma,50.0,0.5211675579322638,JNJ|NVO|MRK
2019-06-13,enter,solar,1.0,0.7914438502673797,ENPH|SEDG|RUN
2019-06-13,enter,transport_logistics,2.0,0.7649286987522282,JBLU|KNX|AAL
2019-06-13,enter,airlines_travel,3.0,0.6934046345811051,JBLU|AAL|UAL
2019-06-14,exit,solar,68.0,0.43048128342245995,ENPH|SEDG|RUN
2019-06-14,exit,transport_logistics,13.0,0.6898395721925135,JBLU|KNX|AAL
2019-06-14,enter,retail_consumer,1.0,0.8270944741532976,DLTR|KMX|HD
2019-06-14,enter,real_estate_reits,2.0,0.7740641711229946,WY|PLD|SBAC
2019-06-14,enter,regional_banks,3.0,0.7582442067736185,KEY|FITB|PNC
2019-06-17,exit,airlines_travel,28.0,0.586452762923351,JBLU|AAL|UAL
2019-06-17,exit,retail_consumer,15.0,0.6751336898395722,DLTR|KMX|HD
2019-06-17,exit,regional_banks,74.0,0.3727718360071301,KEY|FITB|PNC
2019-06-17,enter,gold_silver_miners,2.0,0.8172905525846703,HL|CDE|AU
2019-06-17,enter,datacenter_reits_towers,3.0,0.8114973262032086,DLR|SBAC|AMT
2019-06-18,exit,real_estate_reits,52.0,0.5077985739750446,WY|PLD|SBAC
2019-06-18,exit,datacenter_reits_towers,64.0,0.4226827094474153,DLR|SBAC|AMT
2019-06-18,enter,silver,1.0,0.7671568627450981,HL|SVM|FNV
2019-06-18,enter,solar,2.0,0.7622549019607844,RUN|ENPH|SEDG
2019-06-18,enter,copper_metals,3.0,0.7446524064171123,TGB|CENX|STLD
2019-06-19,exit,silver,7.0,0.7029857397504456,HL|SVM|FNV
2019-06-19,exit,solar,12.0,0.6432709447415329,RUN|ENPH|SEDG
2019-06-19,enter,cybersecurity,2.0,0.750891265597148,ZS|TENB|CRWD
2019-06-20,exit,cybersecurity,62.0,0.4211229946524064,ZS|TENB|CRWD
2019-06-20,enter,silver,2.0,0.8451426024955435,AG|HL|SVM
2019-06-20,enter,gold,3.0,0.7796345811051693,PAAS|AEM|FNV
2019-06-21,enter,energy,3.0,0.8083778966131907,BKR|FANG|SLB
2019-06-24,exit,gold_silver_miners,1.0,0.9024064171122995,HL|CDE|AU
2019-06-24,exit,energy,20.0,0.6368092691622104,BKR|FANG|SLB
2019-06-24,enter,gold_silver_miners,1.0,0.9024064171122995,AG|EGO|USAS
2019-06-25,exit,silver,22.0,0.6731283422459892,AG|HL|SVM
2019-06-25,exit,gold_silver_miners,8.0,0.7444295900178254,AG|EGO|USAS
2019-06-25,enter,oil_services,2.0,0.8224153297682709,NBR|FTI|LBRT
2019-06-26,exit,copper_metals,11.0,0.7232620320855614,TGB|CENX|STLD
2019-06-26,exit,gold,35.0,0.6007130124777184,PAAS|AEM|FNV
2019-06-26,enter,oil_gas,1.0,0.857620320855615,COP|DVN|EOG
2019-06-26,enter,oil_exploration,2.0,0.8079322638146168,USO|COP|DVN
2019-06-26,enter,energy,3.0,0.7959001782531195,COP|DVN|HAL
2019-06-27,exit,oil_services,45.0,0.5340909090909091,NBR|FTI|LBRT
2019-06-27,exit,oil_gas,52.0,0.4872994652406417,COP|DVN|EOG
2019-06-27,exit,oil_exploration,76.0,0.3680926916221034,USO|COP|DVN
2019-06-27,exit,energy,56.0,0.4788324420677362,COP|DVN|HAL
2019-06-27,enter,semis_compute,1.0,0.7825311942959001,AAOI|MU|EXTR
2019-06-27,enter,memory,2.0,0.7713903743315509,WDC|MU|RMBS
2019-06-27,enter,construction_infrastructure,3.0,0.7584670231729056,OC|PRIM|J
2019-06-28,exit,semis_compute,21.0,0.642379679144385,AAOI|MU|EXTR
2019-06-28,exit,memory,32.0,0.5987076648841355,WDC|MU|RMBS
2019-06-28,enter,datacenter_infra,2.0,0.8208556149732621,PRIM|TRMB|TTEK
2019-06-28,enter,electronics_components,3.0,0.7970142602495544,LITE|IPGP|PLXS
2019-07-01,exit,construction_infrastructure,10.0,0.730392156862745,OC|PRIM|J
2019-07-01,exit,datacenter_infra,28.0,0.6243315508021391,PRIM|TRMB|TTEK
2019-07-01,enter,semis_compute,2.0,0.8092691622103387,MU|NVDA|STM
2019-07-01,enter,semis,3.0,0.7898841354723707,MPWR|MCHP|AMAT
2019-07-02,exit,electronics_components,27.0,0.5946969696969697,LITE|IPGP|PLXS
2019-07-02,exit,semis_compute,15.0,0.6290106951871658,MU|NVDA|STM
2019-07-02,exit,semis,26.0,0.5989304812834224,MPWR|MCHP|AMAT
2019-07-02,enter,solar,1.0,0.7687165775401068,RUN|ENPH|FSLR
2019-07-02,enter,china_internet,2.0,0.7586898395721925,JD|NIO|TCOM
2019-07-02,enter,renewables_storage,3.0,0.7482174688057041,FCEL|RUN|LAR
2019-07-03,exit,solar,45.0,0.5425579322638147,RUN|ENPH|FSLR
2019-07-03,exit,china_internet,36.0,0.5926916221033868,JD|NIO|TCOM
2019-07-03,exit,renewables_storage,34.0,0.5949197860962566,FCEL|RUN|LAR
2019-07-03,enter,diagnostics_tools,1.0,0.7729500891265598,TECH|ILMN|A
2019-07-03,enter,cybersecurity,2.0,0.7725044563279857,GEN|ZS|TENB
2019-07-03,enter,banks_brokers_exchanges,3.0,0.7593582887700535,JEF|NDAQ|C
2019-07-05,exit,diagnostics_tools,49.0,0.5144610049240218,TECH|ILMN|A
2019-07-05,enter,renewables_storage,2.0,0.8509292105681157,FCEL|ENPH|BLDP
2019-07-05,enter,fintech_payments,3.0,0.7864337904378672,FIS|PAGS|LC
2019-07-08,exit,banks_brokers_exchanges,28.0,0.625222816399287,JEF|NDAQ|C
2019-07-08,exit,renewables_storage,9.0,0.6980837789661319,FCEL|ENPH|BLDP
2019-07-08,exit,fintech_payments,25.0,0.6314616755793228,FIS|PAGS|LC
2019-07-08,enter,utilities_yield,1.0,0.8146167557932263,EIX|AES|FCEL
2019-07-08,enter,power_grid_electrification,2.0,0.7963458110516933,EIX|TTEK|EXC
2019-07-09,exit,power_grid_electrification,12.0,0.7061051693404634,EIX|TTEK|EXC
2019-07-09,enter,workflow_software,1.0,0.7994652406417113,NOW|TEAM|DOCU
2019-07-09,enter,fintech_payments,2.0,0.7916666666666667,PAGS|XYZ|STNE
2019-07-10,exit,cybersecurity,2.0,0.7780748663101603,GEN|ZS|TENB
2019-07-10,exit,utilities_yield,15.0,0.6891711229946524,EIX|AES|FCEL
2019-07-10,exit,workflow_software,19.0,0.6519607843137255,NOW|TEAM|DOCU
2019-07-10,enter,oil_exploration,1.0,0.8032531194295902,USO|EOG|FANG
2019-07-10,enter,cybersecurity,2.0,0.7780748663101603,GEN|OKTA|CRWD
2019-07-11,exit,oil_exploration,22.0,0.6570855614973261,USO|EOG|FANG
2019-07-11,exit,cybersecurity,11.0,0.7174688057040999,GEN|OKTA|CRWD
2019-07-11,enter,managed_care,1.0,0.8460338680926917,ELV|HUM|CI
2019-07-11,enter,healthcare,2.0,0.8426916221033869,ELV|HUM|UNH
2019-07-12,exit,fintech_payments,25.0,0.6270053475935828,PAGS|XYZ|STNE
2019-07-12,exit,healthcare,14.0,0.6867201426024955,ELV|HUM|UNH
2019-07-12,enter,managed_care_insurance,1.0,0.823529411764706,HUM|CI|ELV
2019-07-12,enter,transport_logistics,3.0,0.7709447415329768,DAL|LYFT|UPS
2019-07-15,exit,managed_care,37.0,0.5487967914438502,ELV|HUM|CI
2019-07-15,exit,managed_care_insurance,32.0,0.5686274509803921,HUM|CI|ELV
2019-07-15,exit,transport_logistics,22.0,0.6238859180035651,DAL|LYFT|UPS
2019-07-15,enter,fintech_payments,1.0,0.8446969696969697,STNE|PAGS|LC
2019-07-15,enter,silver,2.0,0.7731729055258468,SVM|PAAS|HL
2019-07-15,enter,fintech,3.0,0.7653743315508021,XYZ|PYPL|MA
2019-07-16,exit,fintech_payments,20.0,0.6310160427807486,STNE|PAGS|LC
2019-07-16,exit,fintech,31.0,0.5929144385026738,XYZ|PYPL|MA
2019-07-16,enter,transport_logistics,1.0,0.8658645276292336,JBHT|XPO|KNX
2019-07-16,enter,apparel_beauty_lifestyle,2.0,0.8293226381461675,CELH|CROX|AEO
2019-07-16,enter,industrial_automation,3.0,0.8282085561497327,MMM|ROK|DOW
2019-07-17,exit,transport_logistics,6.0,0.7428698752228164,JBHT|XPO|KNX
2019-07-17,exit,apparel_beauty_lifestyle,13.0,0.6671122994652405,CELH|CROX|AEO
2019-07-17,exit,industrial_automation,30.0,0.589349376114082,MMM|ROK|DOW
2019-07-17,enter,gold_silver_miners,1.0,0.8723262032085561,FSM|SVM|AG
2019-07-17,enter,copper_metals,3.0,0.7947860962566846,ASM|USAS|EXK
2019-07-18,exit,copper_metals,9.0,0.7352941176470588,ASM|USAS|EXK
2019-07-18,enter,semis,3.0,0.8273172905525846,KLAC|AMAT|LRCX
2019-07-19,exit,silver,6.0,0.7156862745098038,SVM|PAAS|HL
2019-07-19,exit,gold_silver_miners,5.0,0.7181372549019608,FSM|SVM|AG
2019-07-19,exit,semis,8.0,0.7040998217468806,KLAC|AMAT|LRCX
2019-07-19,enter,copper_metals,1.0,0.839572192513369,USAS|EXK|ASM
2019-07-19,enter,copper,2.0,0.785427807486631,HBM|FCX|TECK
2019-07-19,enter,lithium_battery_materials,3.0,0.7713903743315508,SGML|ALB|SQM
2019-07-22,exit,copper_metals,7.0,0.7511140819964348,USAS|EXK|ASM
2019-07-22,exit,copper,42.0,0.5430035650623886,HBM|FCX|TECK
2019-07-22,exit,lithium_battery_materials,36.0,0.5579322638146168,SGML|ALB|SQM
2019-07-22,enter,silver,1.0,0.8571746880570409,AG|SVM|PAAS
2019-07-22,enter,gold_silver_miners,2.0,0.8157308377896613,FSM|EXK|USAS
2019-07-22,enter,semis,3.0,0.8121657754010695,AMAT|KLAC|LRCX
2019-07-23,exit,silver,18.0,0.6450534759358288,AG|SVM|PAAS
2019-07-23,exit,gold_silver_miners,13.0,0.6744652406417112,FSM|EXK|USAS
2019-07-23,exit,semis,7.0,0.7477718360071299,AMAT|KLAC|LRCX
2019-07-23,enter,semicap_equipment,1.0,0.8342245989304813,KLAC|CAMT|ASML
2019-07-23,enter,electronics_components,2.0,0.8106060606060606,MTSI|LITE|IPGP
2019-07-23,enter,regional_banks,3.0,0.8052584670231729,USB|FITB|COF
2019-07-24,exit,semicap_equipment,3.0,0.7778520499108734,KLAC|CAMT|ASML
2019-07-24,exit,electronics_components,10.0,0.7446524064171123,MTSI|LITE|IPGP
2019-07-24,enter,semis,1.0,0.8424688057040999,TER|TXN|LRCX
2019-07-24,enter,semicap_equipment,3.0,0.7778520499108734,TER|UCTT|ICHR
2019-07-25,exit,regional_banks,13.0,0.6849376114081996,USB|FITB|COF
2019-07-25,exit,semis,19.0,0.6539661319073083,TER|TXN|LRCX
2019-07-25,exit,semicap_equipment,17.0,0.660650623885918,TER|UCTT|ICHR
2019-07-25,enter,digital_ads_media,1.0,0.7709447415329768,SNAP|TTD|LYV
2019-07-25,enter,homebuilders_housing,2.0,0.7615864527629234,MTH|MAS|OC
2019-07-25,enter,consumer_internet,3.0,0.7595811051693405,SNAP|PINS|EXPE
2019-07-26,exit,homebuilders_housing,43.0,0.5425579322638147,MTH|MAS|OC
2019-07-26,exit,consumer_internet,17.0,0.6878342245989305,SNAP|PINS|EXPE
2019-07-26,enter,regional_banks,1.0,0.8266488413547237,COF|FITB|HBAN
2019-07-26,enter,electronics_components,2.0,0.8135026737967913,FLEX|MTSI|LITE
2019-07-29,exit,digital_ads_media,26.0,0.6172014260249554,SNAP|TTD|LYV
2019-07-29,exit,regional_banks,31.0,0.6105169340463458,COF|FITB|HBAN
2019-07-29,enter,consumer,2.0,0.7642602495543673,CMG|TXRH|SBUX
2019-07-29,enter,restaurants_food,3.0,0.7600267379679145,CMG|TXRH|SBUX
2019-07-30,exit,electronics_components,18.0,0.6559714795008913,FLEX|MTSI|LITE
2019-07-30,exit,consumer,45.0,0.5291889483065954,CMG|TXRH|SBUX
2019-07-30,exit,restaurants_food,39.0,0.552139037433155,CMG|TXRH|SBUX
2019-07-30,enter,construction_infrastructure,1.0,0.8284313725490196,TREX|MLM|MTZ
2019-07-30,enter,drones_autonomy,2.0,0.7943404634581105,AXON|AVAV|KTOS
2019-07-30,enter,datacenter_reits_towers,3.0,0.7885472370766488,SBAC|CCI|COR
2019-07-31,exit,drones_autonomy,22.0,0.6287878787878787,AXON|AVAV|KTOS
2019-07-31,enter,agriculture_food_inputs,1.0,0.8126114081996434,ICL|BG|NTR
2019-08-01,exit,construction_infrastructure,61.0,0.42825311942959005,TREX|MLM|MTZ
2019-08-01,exit,datacenter_reits_towers,7.0,0.7433155080213905,SBAC|CCI|COR
2019-08-01,exit,agriculture_food_inputs,5.0,0.7540106951871658,ICL|BG|NTR
2019-08-01,enter,gold_silver_miners,1.0,0.8602941176470588,KGC|GOLD|PAAS
2019-08-01,enter,solar,2.0,0.8019162210338681,ENPH|SEDG|FSLR
2019-08-01,enter,gold,3.0,0.7796345811051693,GOLD|PAAS|GLD
2019-08-02,exit,gold_silver_miners,14.0,0.7107843137254901,KGC|GOLD|PAAS
2019-08-02,exit,solar,36.0,0.5773172905525846,ENPH|SEDG|FSLR
2019-08-02,exit,gold,35.0,0.5826648841354723,GOLD|PAAS|GLD
2019-08-02,enter,real_estate_reits,1.0,0.802361853832442,ABR|EQIX|SBAC
2019-08-02,enter,agriculture_food_inputs,2.0,0.783645276292335,CTVA|CF|NTR
2019-08-02,enter,utilities_yield,3.0,0.7807486631016042,EIX|DUK|VST
2019-08-05,exit,real_estate_reits,4.0,0.7295008912655971,ABR|EQIX|SBAC
2019-08-05,exit,utilities_yield,7.0,0.6991978609625668,EIX|DUK|VST
2019-08-05,enter,gold_silver_miners,1.0,0.8355614973262033,HMY|KGC|AU
2019-08-05,enter,silver,3.0,0.7399732620320855,SVM|HL|PAAS
2019-08-06,exit,agriculture_food_inputs,41.0,0.537878787878788,CTVA|CF|NTR
2019-08-06,exit,gold_silver_miners,29.0,0.5902406417112299,HMY|KGC|AU
2019-08-06,exit,silver,60.0,0.4338235294117648,SVM|HL|PAAS
2019-08-06,enter,utilities_yield,1.0,0.7789661319073082,VST|DUK|SO
2019-08-06,enter,insurance,2.0,0.7765151515151514,ALL|CB|TRV
2019-08-06,enter,consumer_staples,3.0,0.7593582887700535,KR|KO|MCD
2019-08-07,exit,utilities_yield,19.0,0.6287878787878788,VST|DUK|SO
2019-08-07,exit,insurance,47.0,0.518716577540107,ALL|CB|TRV
2019-08-07,enter,gold_silver_miners,1.0,0.9496434937611408,USAS|HMY|KGC
2019-08-07,enter,gold,2.0,0.8767825311942958,GOLD|AEM|PAAS
2019-08-07,enter,silver,3.0,0.8524955436720143,PAAS|SVM|AG
2019-08-08,exit,consumer_staples,17.0,0.6428253119429589,KR|KO|MCD
2019-08-08,exit,gold_silver_miners,16.0,0.6524064171122995,USAS|HMY|KGC
2019-08-08,exit,gold,32.0,0.5826648841354723,GOLD|AEM|PAAS
2019-08-08,exit,silver,22.0,0.6221033868092692,PAAS|SVM|AG
2019-08-08,enter,real_estate_reits,1.0,0.769830659536542,DOC|EQIX|OUT
2019-08-08,enter,defense,2.0,0.7457664884135472,NOC|TDG|LHX
2019-08-08,enter,defense_aerospace,3.0,0.7430926916221033,TDG|NOC|MSI
2019-08-09,exit,real_estate_reits,10.0,0.7219251336898396,DOC|EQIX|OUT
2019-08-09,exit,defense,23.0,0.625,NOC|TDG|LHX
2019-08-09,exit,defense_aerospace,27.0,0.5926916221033869,TDG|NOC|MSI
2019-08-09,enter,medtech_devices,1.0,0.8270944741532977,ATEC|PODD|SYK
2019-08-09,enter,insurance,2.0,0.803921568627451,CB|AIG|TRV
2019-08-09,enter,gold_silver_miners,3.0,0.7947860962566845,USAS|SVM|CDE
2019-08-12,exit,medtech_devices,5.0,0.695632798573975,ATEC|PODD|SYK
2019-08-12,exit,insurance,25.0,0.5955882352941176,CB|AIG|TRV
2019-08-12,exit,gold_silver_miners,14.0,0.6316844919786097,USAS|SVM|CDE
2019-08-12,enter,real_estate_reits,1.0,0.7758467023172907,COLD|EQIX|O
2019-08-12,enter,solar,2.0,0.7662655971479501,SEDG|ENPH|FSLR
2019-08-12,enter,cybersecurity,3.0,0.7408645276292334,GEN|AKAM|CRWD
2019-08-13,exit,real_estate_reits,61.0,0.4489750445632798,COLD|EQIX|O
2019-08-13,exit,solar,12.0,0.6691176470588235,SEDG|ENPH|FSLR
2019-08-13,exit,cybersecurity,6.0,0.7074420677361855,GEN|AKAM|CRWD
2019-08-13,enter,china_internet,1.0,0.7620320855614974,JD|NTES|PDD
2019-08-13,enter,semis,2.0,0.7424242424242424,AMD|MCHP|AVGO
2019-08-13,enter,consumer_internet,3.0,0.7116755793226383,NTES|BKNG|TME
2019-08-14,exit,semis,14.0,0.6131907308377896,AMD|MCHP|AVGO
2019-08-14,enter,biotech_innovation,1.0,0.7818627450980392,INDV|NVAX|TVTX
2019-08-14,enter,gaming_sports_betting,3.0,0.7604723707664883,DKNG|NTES|FLUT
2019-08-15,exit,china_internet,11.0,0.7027629233511586,JD|NTES|PDD
2019-08-15,exit,consumer_internet,49.0,0.5011140819964349,NTES|BKNG|TME
2019-08-15,exit,biotech_innovation,15.0,0.6771390374331551,INDV|NVAX|TVTX
2019-08-15,exit,gaming_sports_betting,44.0,0.5213903743315508,DKNG|NTES|FLUT
2019-08-15,enter,medtech,1.0,0.8074866310160427,DXCM|MDT|JNJ
2019-08-15,enter,real_estate_reits,2.0,0.7945632798573974,AMT|SBAC|PSA
2019-08-15,enter,consumer_staples,3.0,0.7756238859180035,WMT|KO|PEP
2019-08-16,exit,medtech,33.0,0.5855614973262032,DXCM|MDT|JNJ
2019-08-16,exit,real_estate_reits,20.0,0.6403743315508023,AMT|SBAC|PSA
2019-08-16,enter,retail,2.0,0.7678253119429591,PDD|JD|WMT
2019-08-16,enter,mega_cap_platforms,3.0,0.7517825311942958,NVDA|AAPL|ORCL
2019-08-19,exit,consumer_staples,3.0,0.7615864527629234,WMT|KO|PEP
2019-08-19,exit,mega_cap_platforms,10.0,0.7016488413547237,NVDA|AAPL|ORCL
2019-08-19,enter,semis,2.0,0.7796345811051694,MPWR|QCOM|ON
2019-08-19,enter,consumer_staples,3.0,0.7615864527629234,WMT|TGT|DLTR
2019-08-20,exit,retail,15.0,0.7003119429590018,PDD|JD|WMT
2019-08-20,exit,semis,36.0,0.5570409982174689,MPWR|QCOM|ON
2019-08-20,exit,consumer_staples,29.0,0.6018270944741533,WMT|TGT|DLTR
2019-08-20,enter,biotech_innovation,1.0,0.8155080213903743,ARWR|NVAX|MRNA
2019-08-20,enter,gold_silver_miners,2.0,0.7941176470588235,HMY|AU|NEM
2019-08-20,enter,homebuilders_housing,3.0,0.7930035650623887,HD|TOL|JHX
2019-08-21,exit,biotech_innovation,14.0,0.6508467023172906,ARWR|NVAX|MRNA
2019-08-21,exit,gold_silver_miners,87.0,0.27807486631016043,HMY|AU|NEM
2019-08-21,exit,homebuilders_housing,2.0,0.7350713012477719,HD|TOL|JHX
2019-08-21,enter,ai_infrastructure,1.0,0.753119429590018,NVDA|SMCI|MPWR
2019-08-21,enter,homebuilders_housing,2.0,0.7350713012477719,LOW|HD|FND
2019-08-21,enter,asset_managers_alts,3.0,0.7292780748663101,BX|APO|KKR
2019-08-22,exit,asset_managers_alts,10.0,0.731729055258467,BX|APO|KKR
2019-08-22,enter,retail_consumer,1.0,0.8531639928698752,TGT|BJ|GME
2019-08-22,enter,retail,3.0,0.80548128342246,TGT|PDD|KR
2019-08-23,exit,ai_infrastructure,74.0,0.37901069518716574,NVDA|SMCI|MPWR
2019-08-23,exit,homebuilders_housing,12.0,0.6922905525846703,LOW|HD|FND
2019-08-23,exit,retail_consumer,11.0,0.6980837789661319,TGT|BJ|GME
2019-08-23,exit,retail,19.0,0.6285650623885919,TGT|PDD|KR
2019-08-23,enter,gold_silver_miners,1.0,0.8487076648841355,HMY|SVM|EGO
2019-08-23,enter,copper_metals,2.0,0.803030303030303,EQX|HMY|MT
2019-08-23,enter,silver,3.0,0.7840909090909091,SVM|WPM|HL
2019-08-26,exit,gold_silver_miners,23.0,0.6566399286987522,HMY|SVM|EGO
2019-08-26,exit,copper_metals,31.0,0.6221033868092691,EQX|HMY|MT
2019-08-26,exit,silver,34.0,0.6018270944741533,SVM|WPM|HL
2019-08-26,enter,consumer_staples,1.0,0.7800802139037434,PEP|TGT|COST
2019-08-26,enter,retail,2.0,0.7758467023172906,PDD|TGT|DG
2019-08-26,enter,business_apps,3.0,0.7627005347593583,CRM|INTU|WDAY
2019-08-27,exit,retail,9.0,0.7337344028520498,PDD|TGT|DG
2019-08-27,enter,gold_silver_miners,1.0,0.8246434937611408,SVM|PAAS|CDE
2019-08-27,enter,silver,2.0,0.7996880570409982,SVM|PAAS|WPM
2019-08-28,exit,business_apps,50.0,0.515597147950089,CRM|INTU|WDAY
2019-08-28,exit,gold_silver_miners,15.0,0.6693404634581105,SVM|PAAS|CDE
2019-08-28,exit,silver,26.0,0.5998217468805703,SVM|PAAS|WPM
2019-08-28,enter,retail_consumer,1.0,0.8531639928698753,COST|GME|DLTR
2019-08-28,enter,medtech_devices,3.0,0.7740641711229946,TNDM|TMDX|ALC
2019-08-29,exit,consumer_staples,31.0,0.6007130124777184,PEP|TGT|COST
2019-08-29,exit,retail_consumer,66.0,0.4380570409982174,COST|GME|DLTR
2019-08-29,exit,medtech_devices,36.0,0.5762032085561498,TNDM|TMDX|ALC
2019-08-29,enter,business_apps,1.0,0.8090463458110516,VEEV|INTU|CRM
2019-08-29,enter,gold_silver_miners,2.0,0.7571301247771836,SVM|USAS|HL
2019-08-29,enter,regional_banks,3.0,0.7368538324420677,HBAN|FITB|TFC
2019-08-30,exit,business_apps,75.0,0.3591800356506239,VEEV|INTU|CRM
2019-08-30,exit,gold_silver_miners,42.0,0.5519162210338681,SVM|USAS|HL
2019-08-30,enter,datacenter_infra,2.0,0.8057040998217468,HUBB|GNRC|PH
2019-08-30,enter,power_grid_electrification,3.0,0.7849821746880571,HUBB|GNRC|PH
2019-09-03,exit,regional_banks,26.0,0.6127450980392156,HBAN|FITB|TFC
2019-09-03,exit,datacenter_infra,27.0,0.6020499108734402,HUBB|GNRC|PH
2019-09-03,enter,gold_silver_miners,1.0,0.8293226381461675,EXK|SVM|FSM
2019-09-03,enter,silver,2.0,0.7985739750445633,SLV|SVM|HL
2019-09-03,enter,real_estate_reits,3.0,0.7827540106951871,DLR|O|DOC
2019-09-04,exit,power_grid_electrification,28.0,0.624331550802139,HUBB|GNRC|PH
2019-09-04,exit,gold_silver_miners,78.0,0.3533868092691622,EXK|SVM|FSM
2019-09-04,exit,silver,21.0,0.6477272727272727,SLV|SVM|HL
2019-09-04,exit,real_estate_reits,31.0,0.6154188948306596,DLR|O|DOC
2019-09-04,enter,natural_gas,1.0,0.7678253119429591,AR|RRC|EQT
2019-09-04,enter,copper,2.0,0.7638146167557932,HBM|RIO|BHP
2019-09-04,enter,semicap_equipment,3.0,0.7531194295900177,LRCX|UCTT|AMAT
2019-09-05,exit,natural_gas,14.0,0.7192513368983958,AR|RRC|EQT
2019-09-05,enter,datacenter_infra,2.0,0.7938948306595364,ACM|PH|ROK
2019-09-05,enter,industrial_automation,3.0,0.7876559714795007,ATI|CNH|PH
2019-09-06,exit,copper,34.0,0.5811051693404634,HBM|RIO|BHP
2019-09-06,exit,semicap_equipment,11.0,0.7038770053475936,LRCX|UCTT|AMAT
2019-09-06,exit,datacenter_infra,9.0,0.7188057040998218,ACM|PH|ROK
2019-09-06,exit,industrial_automation,21.0,0.6441622103386809,ATI|CNH|PH
2019-09-06,enter,storage,1.0,0.8467023172905525,WDC|DELL|STX
2019-09-06,enter,oil_services,2.0,0.8311051693404634,BORR|RIG|SLB
2019-09-06,enter,uranium,3.0,0.8045900178253119,UUUU|UEC|LEU
2019-09-09,exit,storage,8.0,0.7678253119429589,WDC|DELL|STX
2019-09-09,exit,uranium,48.0,0.49309269162210345,UUUU|UEC|LEU
2019-09-09,enter,oil_gas,1.0,0.8324420677361853,RRC|AR|APA
2019-09-09,enter,semicap_equipment,2.0,0.8079322638146167,COHU|UCTT|LRCX
2019-09-09,enter,natural_gas,3.0,0.7956773618538324,RRC|AR|CTRA
2019-09-10,exit,oil_services,10.0,0.747326203208556,BORR|RIG|SLB
2019-09-10,exit,oil_gas,14.0,0.7165775401069521,RRC|AR|APA
2019-09-10,exit,semicap_equipment,9.0,0.748885918003565,COHU|UCTT|LRCX
2019-09-10,exit,natural_gas,13.0,0.7174688057040999,RRC|AR|CTRA
2019-09-10,enter,electronics_components,1.0,0.8304367201426023,IPGP|CLS|PLXS
2019-09-10,enter,semis_compute,2.0,0.786319073083779,AAOI|HIMX|NTAP
2019-09-10,enter,regional_banks,3.0,0.7776292335115864,TFC|KEY|HBAN
2019-09-11,exit,electronics_components,5.0,0.7495543672014261,IPGP|CLS|PLXS
2019-09-11,exit,semis_compute,14.0,0.7125668449197862,AAOI|HIMX|NTAP
2019-09-11,exit,regional_banks,30.0,0.6024955436720142,TFC|KEY|HBAN
2019-09-11,enter,semicap_equipment,1.0,0.7798573975044563,UCTT|ACLS|COHU
2019-09-11,enter,airlines_travel,2.0,0.7633689839572191,CCL|TRIP|AAL
2019-09-11,enter,asset_managers_alts,3.0,0.7618092691622104,BEN|TROW|IVZ
2019-09-12,exit,semicap_equipment,15.0,0.663547237076649,UCTT|ACLS|COHU
2019-09-12,exit,airlines_travel,33.0,0.5559269162210339,CCL|TRIP|AAL
2019-09-12,exit,asset_managers_alts,10.0,0.7105614973262032,BEN|TROW|IVZ
2019-09-12,enter,regional_banks,1.0,0.7952317290552584,TFC|HBAN|KEY
2019-09-12,enter,asset_managers,2.0,0.7836452762923352,GS|KKR|SCHW
2019-09-12,enter,banks_brokers_exchanges,3.0,0.782308377896613,FLG|HBAN|DB
2019-09-13,enter,industrial_automation,3.0,0.8099376114081995,OLN|DOW|ATI
2019-09-16,exit,regional_banks,16.0,0.6702317290552584,TFC|HBAN|KEY
2019-09-16,exit,asset_managers,56.0,0.4694741532976827,GS|KKR|SCHW
2019-09-16,exit,banks_brokers_exchanges,35.0,0.5516934046345812,FLG|HBAN|DB
2019-09-16,exit,industrial_automation,10.0,0.7150178253119429,OLN|DOW|ATI
2019-09-16,enter,oil_services,1.0,0.8520499108734402,RIG|NBR|PTEN
2019-09-16,enter,oil_gas,2.0,0.8297682709447416,OVV|APA|COP
2019-09-16,enter,energy,3.0,0.8286541889483067,COP|APA|HAL
2019-09-17,exit,oil_services,48.0,0.5263541059988351,RIG|NBR|PTEN
2019-09-17,exit,oil_gas,19.0,0.6594174123294682,OVV|APA|COP
2019-09-17,exit,energy,9.0,0.6933781613455462,COP|APA|HAL
2019-09-17,enter,solar,1.0,0.7689040962919822,RUN|SEDG|FSLR
2019-09-17,enter,natural_gas,2.0,0.7628505497608584,RRC|AR|LNG
2019-09-17,enter,ai_apps,3.0,0.7627799544660349,SNAP|PINS
2019-09-18,exit,solar,46.0,0.5548128342245989,RUN|SEDG|FSLR
2019-09-18,exit,natural_gas,62.0,0.44919786096256686,RRC|AR|LNG
2019-09-18,enter,oil_gas,1.0,0.7883244206773619,DVN|OVV|APA
2019-09-18,enter,homebuilders_housing,2.0,0.7803030303030302,KBH|BLDR|MTH
2019-09-18,enter,defense,3.0,0.7787433155080213,KTOS|NOC|TDG
2019-09-19,exit,ai_apps,22.0,0.6657754010695187,SNAP|PINS
2019-09-19,exit,homebuilders_housing,35.0,0.5873440285204992,KBH|BLDR|MTH
2019-09-19,exit,defense,28.0,0.6185383244206772,KTOS|NOC|TDG
2019-09-19,enter,solar,1.0,0.801470588235294,SEDG|ENPH|RUN
2019-09-19,enter,renewables_storage,2.0,0.7727272727272728,SEDG|ENPH|PLUG
2019-09-19,enter,managed_care_insurance,3.0,0.768048128342246,HUM|CI|ELV
2019-09-20,exit,solar,30.0,0.6216577540106951,SEDG|ENPH|RUN
2019-09-20,exit,renewables_storage,25.0,0.6461675579322638,SEDG|ENPH|PLUG
2019-09-20,exit,managed_care_insurance,64.0,0.4322638146167558,HUM|CI|ELV
2019-09-20,enter,biotech,1.0,0.8395721925133689,MRNA|REGN|ALNY
2019-09-20,enter,pharma_largecap,2.0,0.8344474153297682,SNY|NVO|REGN
2019-09-20,enter,real_estate_reits,3.0,0.7987967914438503,VICI|EQIX|COLD
2019-09-23,exit,oil_gas,89.0,0.2700534759358289,DVN|OVV|APA
2019-09-23,exit,biotech,24.0,0.6307932263814617,MRNA|REGN|ALNY
2019-09-23,exit,pharma_largecap,19.0,0.6668894830659536,SNY|NVO|REGN
2019-09-23,exit,real_estate_reits,11.0,0.7147950089126558,VICI|EQIX|COLD
2019-09-23,enter,gold_silver_miners,1.0,0.8807932263814617,CDE|IAG|EXK
2019-09-23,enter,renewables_storage,2.0,0.8101604278074866,FSLR|SEDG|ENPH
2019-09-23,enter,homebuilders_housing,3.0,0.7820855614973262,DHI|KBH|JHX
2019-09-24,exit,gold_silver_miners,4.0,0.7847593582887701,CDE|IAG|EXK
2019-09-24,exit,renewables_storage,59.0,0.47036541889483074,FSLR|SEDG|ENPH
2019-09-24,enter,utilities_yield,1.0,0.8487076648841354,EIX|XEL|DUK
2019-09-24,enter,real_estate_reits,2.0,0.7892156862745098,VICI|MPT|EQIX
2019-09-24,enter,power_grid_electrification,3.0,0.7878787878787878,EIX|XEL|DUK
2019-09-25,exit,utilities_yield,18.0,0.6354723707664883,EIX|XEL|DUK
2019-09-25,exit,real_estate_reits,24.0,0.6145276292335116,VICI|MPT|EQIX
2019-09-25,exit,power_grid_electrification,16.0,0.6434937611408199,EIX|XEL|DUK
2019-09-25,enter,electronics_components,2.0,0.7725044563279857,JBL|NNDM|APH
2019-09-25,enter,asset_managers_alts,3.0,0.7417557932263816,CG|KKR|BXMT
2019-09-26,exit,homebuilders_housing,2.0,0.7923351158645277,DHI|KBH|JHX
2019-09-26,exit,electronics_components,24.0,0.6610962566844921,JBL|NNDM|APH
2019-09-26,exit,asset_managers_alts,25.0,0.6586452762923353,CG|KKR|BXMT
2019-09-26,enter,real_estate_reits,1.0,0.7956773618538324,DLR|DEI|MPT
2019-09-26,enter,homebuilders_housing,2.0,0.7923351158645277,KBH|FND|CCS
2019-09-26,enter,insurance,3.0,0.7667112299465241,PGR|CB|ALL
2019-09-27,exit,real_estate_reits,18.0,0.6709001782531194,DLR|DEI|MPT
2019-09-27,exit,homebuilders_housing,15.0,0.6934046345811051,KBH|FND|CCS
2019-09-27,exit,insurance,9.0,0.732620320855615,PGR|CB|ALL
2019-09-27,enter,consumer_staples,1.0,0.783422459893048,CL|DLTR|PG
2019-09-27,enter,power_grid_electrification,2.0,0.7731729055258467,EIX|BE|XYL
2019-09-27,enter,regional_banks,3.0,0.7673796791443851,TFC|KEY|USB
2019-09-30,exit,consumer_staples,12.0,0.6818181818181818,CL|DLTR|PG
2019-09-30,exit,power_grid_electrification,8.0,0.7083333333333334,EIX|BE|XYL
2019-09-30,exit,regional_banks,45.0,0.5209447415329768,TFC|KEY|USB
2019-09-30,enter,homebuilders_housing,1.0,0.8696524064171124,KBH|TREX|TOL
2019-09-30,enter,construction_infrastructure,2.0,0.7996880570409981,TREX|FND|MLM
2019-09-30,enter,apparel_beauty_lifestyle,3.0,0.7479946524064172,NKE|DECK|EL
2019-10-01,exit,homebuilders_housing,5.0,0.7466577540106952,KBH|TREX|TOL
2019-10-01,exit,construction_infrastructure,6.0,0.7357397504456329,TREX|FND|MLM
2019-10-01,enter,mega_cap_platforms,1.0,0.7878787878787878,AAPL|NVDA|NFLX
2019-10-01,enter,ai_infrastructure,2.0,0.7863190730837789,TSM|SMCI|NVDA
2019-10-01,enter,semis,3.0,0.7840909090909091,TSM|MCHP|TXN
2019-10-02,exit,apparel_beauty_lifestyle,21.0,0.6043949983233616,NKE|DECK|EL
2019-10-02,exit,mega_cap_platforms,9.0,0.6436746615838055,AAPL|NVDA|NFLX
2019-10-02,exit,ai_infrastructure,39.0,0.5254297488572386,TSM|SMCI|NVDA
2019-10-02,exit,semis,49.0,0.4953054128942306,TSM|MCHP|TXN
2019-10-02,enter,homebuilders_housing,1.0,0.750584617285258,LEN|PHM|MAS
2019-10-02,enter,real_estate_reits,2.0,0.7460532817987681,DOC|DLR|DEI
2019-10-02,enter,consumer_staples,3.0,0.7443479642081854,PEP|DLTR|TGT
2019-10-03,exit,homebuilders_housing,48.0,0.5100267379679145,LEN|PHM|MAS
2019-10-03,exit,real_estate_reits,12.0,0.6804812834224598,DOC|DLR|DEI
2019-10-03,exit,consumer_staples,17.0,0.6330213903743315,PEP|DLTR|TGT
2019-10-03,enter,workflow_software,1.0,0.7640374331550801,HUBS|TEAM|NOW
2019-10-03,enter,pharma,2.0,0.7484402852049911,JNJ|BMY|XLV
2019-10-03,enter,mega_cap_platforms,3.0,0.7466577540106951,NVDA|COST|AAPL
2019-10-04,exit,workflow_software,17.0,0.6497326203208555,HUBS|TEAM|NOW
2019-10-04,enter,medtech,1.0,0.8010249554367203,EW|DXCM|JNJ
2019-10-04,enter,semis,3.0,0.7352941176470588,TER|TSM|AVGO
2019-10-07,exit,pharma,13.0,0.6726827094474154,JNJ|BMY|XLV
2019-10-07,exit,medtech,41.0,0.5303030303030303,EW|DXCM|JNJ
2019-10-07,exit,semis,35.0,0.5617201426024956,TER|TSM|AVGO
2019-10-07,enter,workflow_software,1.0,0.8282085561497327,HUBS|NOW|TEAM
2019-10-07,enter,nuclear,2.0,0.7894385026737968,LEU|UEC|DNN
2019-10-08,exit,mega_cap_platforms,19.0,0.660650623885918,NVDA|COST|AAPL
2019-10-08,exit,workflow_software,27.0,0.5984848484848484,HUBS|NOW|TEAM
2019-10-08,exit,nuclear,10.0,0.6978609625668449,LEU|UEC|DNN
2019-10-08,enter,gold_silver_miners,1.0,0.7787433155080213,USAS|HL|AU
2019-10-08,enter,datacenter_reits_towers,2.0,0.7640374331550802,AMT|CCI|SBAC
2019-10-08,enter,real_estate_reits,3.0,0.7410873440285205,MPT|VICI|PSA
2019-10-09,exit,gold_silver_miners,33.0,0.56951871657754,USAS|HL|AU
2019-10-09,exit,datacenter_reits_towers,31.0,0.5730837789661319,AMT|CCI|SBAC
2019-10-09,exit,real_estate_reits,71.0,0.4204545454545454,MPT|VICI|PSA
2019-10-09,enter,advanced_packaging,1.0,0.7800802139037434,CAMT|COHU|TER
2019-10-09,enter,ai_apps_agents,2.0,0.7546791443850266,HUBS|DDOG|ORCL
2019-10-09,enter,business_apps,3.0,0.7415329768270945,DOCU|TYL|WDAY
2019-10-10,exit,advanced_packaging,41.0,0.5643939393939394,CAMT|COHU|TER
2019-10-10,exit,ai_apps_agents,35.0,0.591577540106952,HUBS|DDOG|ORCL
2019-10-10,exit,business_apps,44.0,0.5385472370766488,DOCU|TYL|WDAY
2019-10-10,enter,uranium,1.0,0.7800802139037435,LEU|UEC|UUUU
2019-10-10,enter,solar,2.0,0.7696078431372549,ENPH|SEDG|FSLR
2019-10-10,enter,nuclear_uranium,3.0,0.767602495543672,LEU|UEC|UUUU
2019-10-11,exit,uranium,69.0,0.38836898395721925,LEU|UEC|UUUU
2019-10-11,exit,solar,40.0,0.5418894830659536,ENPH|SEDG|FSLR
2019-10-11,exit,nuclear_uranium,87.0,0.2647058823529412,LEU|UEC|UUUU
2019-10-11,enter,industrial_automation,1.0,0.8362299465240641,CAT|IR|OLN
2019-10-11,enter,mega_cap_platforms,2.0,0.8045900178253119,AAPL|NVDA|TSLA
2019-10-11,enter,apparel_beauty_lifestyle,3.0,0.7604723707664882,GAP|CROX|DECK
2019-10-14,exit,industrial_automation,11.0,0.7214795008912654,CAT|IR|OLN
2019-10-14,exit,mega_cap_platforms,15.0,0.6920677361853832,AAPL|NVDA|TSLA
2019-10-14,enter,transport_logistics,1.0,0.8157308377896614,SAIA|XPO|ALK
2019-10-14,enter,banks_brokers_exchanges,2.0,0.7918894830659536,NWG|BCS|RJF
2019-10-14,enter,storage,3.0,0.7885472370766488,PSTG|HPE|WDC
2019-10-15,exit,apparel_beauty_lifestyle,35.0,0.5877896613190731,GAP|CROX|DECK
2019-10-15,exit,transport_logistics,12.0,0.749777183600713,SAIA|XPO|ALK
2019-10-15,exit,storage,20.0,0.7074420677361855,PSTG|HPE|WDC
2019-10-15,enter,semicap_equipment,1.0,0.8393493761140821,ASML|ICHR|UCTT
2019-10-15,enter,semis,2.0,0.8152852049910874,AMAT|ON|AMD
2019-10-15,enter,semis_compute,3.0,0.7976827094474153,NVDA|ASML|STM
2019-10-16,exit,semicap_equipment,43.0,0.5376559714795008,ASML|ICHR|UCTT
2019-10-16,exit,semis,40.0,0.5583778966131907,AMAT|ON|AMD
2019-10-16,exit,semis_compute,13.0,0.6942959001782532,NVDA|ASML|STM
2019-10-16,enter,consumer_internet,1.0,0.8025846702317292,NTES|BIDU|BABA
2019-10-16,enter,transport_logistics,3.0,0.7923351158645277,JBHT|XPO|ODFL
2019-10-17,exit,banks_brokers_exchanges,8.0,0.7413101604278074,NWG|BCS|RJF
2019-10-17,exit,consumer_internet,35.0,0.5802139037433155,NTES|BIDU|BABA
2019-10-17,exit,transport_logistics,7.0,0.7486631016042782,JBHT|XPO|ODFL
2019-10-17,enter,datacenter_infra,1.0,0.839126559714795,ACM|PH|FBIN
2019-10-17,enter,managed_care,2.0,0.7874331550802138,HUM|UNH|CI
2019-10-17,enter,industrial_automation,3.0,0.7794117647058824,TEX|CAT|PH
2019-10-18,exit,managed_care,8.0,0.7454598401016572,HUM|UNH|CI
2019-10-18,exit,industrial_automation,17.0,0.6922773159668908,TEX|CAT|PH
2019-10-18,enter,regional_banks,2.0,0.8090286969873457,PNC|USB|KEY
2019-10-18,enter,construction_infrastructure,3.0,0.7946537300788903,BLDR|ROAD|PWR
2019-10-21,exit,datacenter_infra,7.0,0.7428698752228164,ACM|PH|FBIN
2019-10-21,exit,construction_infrastructure,6.0,0.7433155080213905,BLDR|ROAD|PWR
2019-10-21,enter,electronics_components,1.0,0.8148395721925134,FLEX|IPGP|SANM
2019-10-21,enter,mega_banks,2.0,0.7930035650623884,MS|BAC|JPM
2019-10-22,exit,regional_banks,12.0,0.7419786096256685,PNC|USB|KEY
2019-10-22,exit,electronics_components,22.0,0.6735739750445633,FLEX|IPGP|SANM
2019-10-22,exit,mega_banks,8.0,0.7557932263814617,MS|BAC|JPM
2019-10-22,enter,managed_care_insurance,1.0,0.8504901960784313,CNC|CI|MOH
2019-10-22,enter,transport_logistics,2.0,0.8451426024955437,PCAR|JBLU|LYFT
2019-10-22,enter,managed_care,3.0,0.8422459893048128,CNC|CI|MOH
2019-10-23,exit,managed_care_insurance,19.0,0.6562273874446268,CNC|CI|MOH
2019-10-23,exit,transport_logistics,17.0,0.6812931293129313,PCAR|JBLU|LYFT
2019-10-23,exit,managed_care,28.0,0.6093587299906461,CNC|CI|MOH
2019-10-23,enter,asset_managers_alts,1.0,0.817352323467641,IVZ|BX|APO
2019-10-23,enter,industrial_automation,2.0,0.786383050069713,IR|CAT|PCAR
2019-10-23,enter,energy,3.0,0.7840644358553504,SEDG|CAT|SLB
2019-10-24,exit,asset_managers_alts,27.0,0.6023477347734774,IVZ|BX|APO
2019-10-24,exit,industrial_automation,40.0,0.5487813487231077,IR|CAT|PCAR
2019-10-24,exit,energy,24.0,0.6185383244206775,SEDG|CAT|SLB
2019-10-24,enter,renewables_storage,1.0,0.7961715289175978,BLDP|SEDG|LAR
2019-10-24,enter,advanced_packaging,2.0,0.7832812693034008,CAMT|AMAT|AMKR
2019-10-24,enter,gold_silver_miners,3.0,0.7757408093750552,USAS|AEM|HMY
2019-10-25,exit,renewables_storage,88.0,0.28319964349376114,BLDP|SEDG|LAR
2019-10-25,exit,gold_silver_miners,24.0,0.6602049910873442,USAS|AEM|HMY
2019-10-25,enter,transport_logistics,1.0,0.7901069518716578,AAL|ALK|PCAR
2019-10-25,enter,oil_services,2.0,0.769607843137255,PTEN|HAL|LBRT
2019-10-25,enter,robotics,3.0,0.7638146167557933,TSLA|ZBRA|CAT
2019-10-28,exit,advanced_packaging,18.0,0.6441622103386808,CAMT|AMAT|AMKR
2019-10-28,exit,oil_services,75.0,0.38324420677361853,PTEN|HAL|LBRT
2019-10-28,enter,pharma_largecap,1.0,0.8467023172905526,AZN|GSK|BIIB
2019-10-28,enter,electronics_components,2.0,0.7987967914438501,PLXS|FLEX|GLW
2019-10-28,enter,biotech,3.0,0.7794117647058824,CRSP|BIIB|VRTX
2019-10-29,exit,transport_logistics,33.0,0.5913547237076648,AAL|ALK|PCAR
2019-10-29,exit,robotics,4.0,0.7092245989304813,TSLA|ZBRA|CAT
2019-10-29,exit,pharma_largecap,5.0,0.7036541889483067,AZN|GSK|BIIB
2019-10-29,exit,electronics_components,79.0,0.3602941176470588,PLXS|FLEX|GLW
2019-10-29,exit,biotech,6.0,0.6916221033868093,CRSP|BIIB|VRTX
2019-10-29,enter,natural_gas,1.0,0.7729500891265596,AR|EQT|RRC
2019-10-29,enter,biotech_innovation,2.0,0.7419786096256686,CRSP|TGTX|DFTX
2019-10-29,enter,gold_silver_miners,3.0,0.7397504456327986,HL|AEM|CDE
2019-10-30,exit,natural_gas,80.0,0.35249554367201424,AR|EQT|RRC
2019-10-30,exit,biotech_innovation,20.0,0.6397058823529412,CRSP|TGTX|DFTX
2019-10-30,enter,cybersecurity,2.0,0.7682709447415329,TENB|NET|ZS
2019-10-30,enter,pharma_largecap,3.0,0.7553475935828877,AZN|GSK|PFE
2019-10-31,exit,cybersecurity,9.0,0.7185828877005348,TENB|NET|ZS
2019-10-31,enter,silver,2.0,0.8482620320855614,HL|PAAS|WPM
2019-10-31,enter,gold,3.0,0.8146167557932263,AEM|PAAS|WPM
2019-11-01,exit,gold_silver_miners,28.0,0.6120766488413547,HL|AEM|CDE
2019-11-01,exit,pharma_largecap,26.0,0.6125222816399287,AZN|GSK|PFE
2019-11-01,exit,silver,63.0,0.4382798573975044,HL|PAAS|WPM
2019-11-01,exit,gold,83.0,0.320409982174688,AEM|PAAS|WPM
2019-11-01,enter,biotech,1.0,0.803921568627451,NTLA|AMGN|ABBV
2019-11-01,enter,agriculture_food_inputs,2.0,0.7624777183600713,FMC|ADM|DE
2019-11-01,enter,defense_aerospace,3.0,0.7595811051693403,DDD|ATI|CW
2019-11-04,exit,biotech,48.0,0.5164884135472371,NTLA|AMGN|ABBV
2019-11-04,exit,defense_aerospace,34.0,0.57174688057041,DDD|ATI|CW
2019-11-04,enter,china_internet,1.0,0.8126114081996434,NIO|BILI|NTES
2019-11-04,enter,oil_gas,2.0,0.8034759358288771,YPF|AR|DVN
2019-11-04,enter,industrial_automation,3.0,0.7876559714795007,GE|AME|DOW
2019-11-05,exit,agriculture_food_inputs,20.0,0.6537433155080214,FMC|ADM|DE
2019-11-05,exit,china_internet,12.0,0.6867201426024956,NIO|BILI|NTES
2019-11-05,exit,oil_gas,15.0,0.67825311942959,YPF|AR|DVN
2019-11-05,exit,industrial_automation,4.0,0.75222816399287,GE|AME|DOW
2019-11-05,enter,electronics_components,1.0,0.8458110516934046,IPGP|MTSI|LITE
2019-11-05,enter,aerospace,2.0,0.7756238859180037,HWM|GE|HON
2019-11-05,enter,apparel_beauty_lifestyle,3.0,0.7733957219251336,CPRI|DECK|VFC
2019-11-06,exit,electronics_components,21.0,0.6024955436720143,IPGP|MTSI|LITE
2019-11-06,exit,aerospace,14.0,0.6394830659536542,HWM|GE|HON
2019-11-06,exit,apparel_beauty_lifestyle,18.0,0.6203208556149733,CPRI|DECK|VFC
2019-11-06,enter,insurance,1.0,0.7664884135472371,MET|AIG|ALL
2019-11-06,enter,retail_consumer,2.0,0.7335115864527628,BLMN|KR|M
2019-11-06,enter,regional_banks,3.0,0.7274955436720143,HBAN|FITB|TFC
2019-11-07,exit,insurance,16.0,0.6568627450980392,MET|AIG|ALL
2019-11-07,exit,retail_consumer,25.0,0.6283422459893049,BLMN|KR|M
2019-11-07,exit,regional_banks,10.0,0.7185828877005349,HBAN|FITB|TFC
2019-11-07,enter,mega_banks,1.0,0.7994652406417112,BAC|C|MS
2019-11-07,enter,industrial_automation,2.0,0.7803030303030303,DOW|ATI|GE
2019-11-07,enter,oil_gas,3.0,0.7780748663101604,MGY|OVV|BP
2019-11-08,exit,mega_banks,9.0,0.6737967914438502,BAC|C|MS
2019-11-08,exit,industrial_automation,8.0,0.6749108734402853,DOW|ATI|GE
2019-11-08,exit,oil_gas,29.0,0.5848930481283423,MGY|OVV|BP
2019-11-08,enter,healthcare,1.0,0.7624777183600715,HUM|CVS|MOH
2019-11-08,enter,managed_care,2.0,0.7526737967914439,CVS|HUM|MOH
2019-11-08,enter,insurance,3.0,0.7270499108734402,MET|PGR|AIG
2019-11-11,exit,healthcare,44.0,0.5561497326203209,HUM|CVS|MOH
2019-11-11,exit,managed_care,55.0,0.5118092691622104,CVS|HUM|MOH
2019-11-11,exit,insurance,8.0,0.6878342245989304,MET|PGR|AIG
2019-11-11,enter,renewables_storage,1.0,0.8088235294117648,PLUG|FCEL|BLDP
2019-11-11,enter,agriculture_food_inputs,2.0,0.7395276292335117,DAR|ICL|FMC
2019-11-11,enter,payments,3.0,0.7049910873440286,XYZ|COF|GPN
2019-11-12,exit,agriculture_food_inputs,32.0,0.5650623885918004,DAR|ICL|FMC
2019-11-12,exit,payments,40.0,0.5434491978609625,XYZ|COF|GPN
2019-11-12,enter,medtech_devices,2.0,0.8143939393939393,DXCM|PODD|EW
2019-11-12,enter,utilities_yield,3.0,0.78475935828877,AES|BE|FCEL
2019-11-13,exit,renewables_storage,14.0,0.6842603377984858,PLUG|FCEL|BLDP
2019-11-13,enter,biotech_innovation,1.0,0.7992225693157553,ARWR|CRSP|MRNA
2019-11-13,enter,diagnostics_tools,2.0,0.7690254319549602,TMO|DHR|GH
2019-11-14,exit,medtech_devices,32.0,0.6060606060606061,DXCM|PODD|EW
2019-11-14,exit,biotech_innovation,14.0,0.6996434937611408,ARWR|CRSP|MRNA
2019-11-14,exit,diagnostics_tools,17.0,0.6913992869875222,TMO|DHR|GH
2019-11-14,enter,renewables_storage,2.0,0.8478163992869875,FCEL|PLUG|BLDP
2019-11-14,enter,defense,3.0,0.7905525846702317,AXON|HWM|HEI
2019-11-15,exit,utilities_yield,15.0,0.6965240641711229,AES|BE|FCEL
2019-11-15,exit,renewables_storage,3.0,0.7593582887700535,FCEL|PLUG|BLDP
2019-11-15,exit,defense,12.0,0.7112299465240642,AXON|HWM|HEI
2019-11-15,enter,medtech,1.0,0.8228609625668449,MDT|EW|DXCM
2019-11-15,enter,diagnostics_tools,2.0,0.7687165775401068,TXG|DHR|TECH
2019-11-15,enter,renewables_storage,3.0,0.7593582887700535,PLUG|BLDP|FCEL
2019-11-18,exit,medtech,35.0,0.5862299465240641,MDT|EW|DXCM
2019-11-18,exit,diagnostics_tools,28.0,0.6209893048128342,TXG|DHR|TECH
2019-11-18,exit,renewables_storage,11.0,0.7270499108734401,PLUG|BLDP|FCEL
2019-11-18,enter,utilities_yield,1.0,0.8618538324420678,BE|SO|FCEL
2019-11-18,enter,streaming_entertainment,2.0,0.8311051693404634,P|ROKU|NFLX
2019-11-18,enter,digital_ads_media,3.0,0.8099376114081998,ROKU|NFLX|DIS
2019-11-19,exit,utilities_yield,32.0,0.5877896613190731,BE|SO|FCEL
2019-11-19,exit,streaming_entertainment,21.0,0.6622103386809269,P|ROKU|NFLX
2019-11-19,exit,digital_ads_media,25.0,0.6459447415329768,ROKU|NFLX|DIS
2019-11-19,enter,diagnostics_tools,1.0,0.8500445632798573,TXG|TECH|DHR
2019-11-19,enter,biotech,2.0,0.8088235294117647,CRSP|ALNY|NTLA
2019-11-19,enter,dev_tools,3.0,0.7918894830659536,MDB|DDOG|CDNS
2019-11-20,exit,biotech,14.0,0.6869429590017825,CRSP|ALNY|NTLA
2019-11-20,exit,dev_tools,17.0,0.6688948306595364,MDB|DDOG|CDNS
2019-11-20,enter,cloud,1.0,0.8146167557932263,MDB|ZM|ZS
2019-11-20,enter,workflow_software,2.0,0.7745098039215685,NOW|TEAM|WDAY
2019-11-21,exit,diagnostics_tools,32.0,0.6147504456327985,TXG|TECH|DHR
2019-11-21,exit,cloud,13.0,0.714349376114082,MDB|ZM|ZS
2019-11-21,exit,workflow_software,34.0,0.6009358288770053,NOW|TEAM|WDAY
2019-11-21,enter,biotech,1.0,0.803921568627451,ALNY|CRSP|NTLA
2019-11-21,enter,oil_exploration,2.0,0.7974598930481284,COP|DVN|USO
2019-11-21,enter,managed_care_insurance,3.0,0.7843137254901962,MOH|HUM|UNH
2019-11-22,exit,oil_exploration,60.0,0.4498663101604278,COP|DVN|USO
2019-11-22,exit,managed_care_insurance,44.0,0.5222816399286987,MOH|HUM|UNH
2019-11-22,enter,airlines_travel,1.0,0.8288770053475935,HLT|UBER|LYFT
2019-11-22,enter,cloud,2.0,0.8052584670231729,MDB|NET|ZM
2019-11-25,exit,airlines_travel,25.0,0.6399286987522281,HLT|UBER|LYFT
2019-11-25,exit,cloud,28.0,0.6285650623885918,MDB|NET|ZM
2019-11-25,enter,pharma_largecap,2.0,0.7622549019607844,BIIB|PFE|VRTX
2019-11-25,enter,asset_managers,3.0,0.7417557932263815,SCHW|MS|GS
2019-11-26,exit,biotech,20.0,0.6686720142602496,ALNY|CRSP|NTLA
2019-11-26,exit,pharma_largecap,30.0,0.588903743315508,BIIB|PFE|VRTX
2019-11-26,exit,asset_managers,23.0,0.6341354723707664,SCHW|MS|GS
2019-11-26,enter,business_apps,1.0,0.8342245989304813,ADSK|DOCU|WDAY
2019-11-26,enter,cloud,2.0,0.8086007130124778,NET|ZS|MDB
2019-11-26,enter,vertical_software,3.0,0.7947860962566845,ADSK|VEEV|TYL
2019-11-27,exit,business_apps,65.0,0.40775401069518713,ADSK|DOCU|WDAY
2019-11-27,exit,cloud,18.0,0.6818181818181817,NET|ZS|MDB
2019-11-27,exit,vertical_software,36.0,0.6013814616755794,ADSK|VEEV|TYL
2019-11-27,enter,asset_managers,1.0,0.8048128342245989,SCHW|BX|TROW
2019-11-27,enter,pharma_largecap,2.0,0.7932263814616756,REGN|BIIB|GSK
2019-11-27,enter,creative_software,3.0,0.7838680926916222,ADSK|CDNS|ADBE
2019-11-29,exit,asset_managers,40.0,0.5262923351158645,SCHW|BX|TROW
2019-11-29,exit,pharma_largecap,20.0,0.6599821746880571,REGN|BIIB|GSK
2019-11-29,enter,biotech_innovation,1.0,0.8542780748663101,ARWR|EDIT|NVAX
2019-11-29,enter,travel,2.0,0.8016934046345809,TCOM|EXPE|HLT
2019-11-29,enter,consumer_internet_marketplaces,3.0,0.7901069518716577,BABA|JMIA|TCOM
2019-12-02,exit,creative_software,29.0,0.5998217468805704,ADSK|CDNS|ADBE
2019-12-02,exit,biotech_innovation,5.0,0.7422014260249554,ARWR|EDIT|NVAX
2019-12-02,exit,travel,26.0,0.6149732620320855,TCOM|EXPE|HLT
2019-12-02,exit,consumer_internet_marketplaces,2.0,0.7557932263814617,BABA|JMIA|TCOM
2019-12-02,enter,gold_silver_miners,1.0,0.7829768270944741,PAAS|SVM|FSM
2019-12-02,enter,consumer_internet_marketplaces,2.0,0.7557932263814617,SHOP|BILI|CHWY
2019-12-02,enter,agriculture_food_inputs,3.0,0.7457664884135471,HRL|DAR|MOS
2019-12-03,exit,consumer_internet_marketplaces,15.0,0.6648841354723708,SHOP|BILI|CHWY
2019-12-03,exit,agriculture_food_inputs,53.0,0.4761586452762923,HRL|DAR|MOS
2019-12-03,enter,silver,2.0,0.8246434937611409,HL|PAAS|SVM
2019-12-03,enter,gold,3.0,0.7892156862745099,AEM|PAAS|WPM
2019-12-04,exit,gold_silver_miners,29.0,0.6024955436720143,PAAS|SVM|FSM
2019-12-04,exit,silver,37.0,0.5779857397504456,HL|PAAS|SVM
2019-12-04,exit,gold,42.0,0.554812834224599,AEM|PAAS|WPM
2019-12-04,enter,oil_services,1.0,0.7725044563279857,RIG|HAL|PTEN
2019-12-04,enter,pharma,2.0,0.7551247771836007,JNJ|BMY|NVO
2019-12-04,enter,pharma_largecap,3.0,0.7540106951871658,BMY|JNJ|NVO
2019-12-05,exit,oil_services,65.0,0.4420677361853832,RIG|HAL|PTEN
2019-12-05,exit,pharma,35.0,0.5485739750445632,JNJ|BMY|NVO
2019-12-05,exit,pharma_largecap,39.0,0.5287433155080214,BMY|JNJ|NVO
2019-12-05,enter,silver,1.0,0.8821301247771834,HL|PAAS|SVM
2019-12-05,enter,gold_silver_miners,2.0,0.8021390374331551,HL|USAS|SVM
2019-12-05,enter,rare_earth_critical_minerals,3.0,0.7742869875222816,UUUU|LAR|ALB
2019-12-06,exit,silver,36.0,0.5675133689839572,HL|PAAS|SVM
2019-12-06,exit,gold_silver_miners,41.0,0.5392156862745097,HL|USAS|SVM
2019-12-06,exit,rare_earth_critical_minerals,9.0,0.7408645276292336,UUUU|LAR|ALB
2019-12-06,enter,oil_services,1.0,0.8094919786096259,NBR|RIG|HAL
2019-12-06,enter,energy,2.0,0.7983511586452764,HAL|EOG|FANG
2019-12-06,enter,oil_exploration,3.0,0.7965686274509804,FANG|USO|EOG
2019-12-09,enter,oil_gas,1.0,0.8431372549019608,YPF|AR|RRC
2019-12-09,enter,natural_gas,2.0,0.8092691622103386,AR|RRC|EQT
2019-12-10,exit,energy,6.0,0.7627005347593583,HAL|EOG|FANG
2019-12-10,exit,oil_exploration,9.0,0.7299465240641712,FANG|USO|EOG
2019-12-10,exit,oil_gas,4.0,0.7747326203208555,YPF|AR|RRC
2019-12-10,enter,regional_banks,2.0,0.7943404634581104,KEY|COF|PNC
2019-12-11,exit,oil_services,15.0,0.6851604278074866,NBR|RIG|HAL
2019-12-11,exit,natural_gas,47.0,0.5149286987522281,AR|RRC|EQT
2019-12-11,exit,regional_banks,43.0,0.5314171122994652,KEY|COF|PNC
2019-12-11,enter,datacenter_infra,1.0,0.8426916221033868,VRT|FTV|WCC
2019-12-11,enter,rare_earth_critical_minerals,2.0,0.8224153297682709,UUUU|LAR|ALB
2019-12-11,enter,copper,3.0,0.7959001782531195,FCX|RIO|HBM
2019-12-12,exit,datacenter_infra,9.0,0.7602495543672014,VRT|FTV|WCC
2019-12-12,exit,rare_earth_critical_minerals,65.0,0.38770053475935823,UUUU|LAR|ALB
2019-12-12,enter,oil_services,1.0,0.8518270944741534,BORR|LBRT|HAL
2019-12-12,enter,oil_gas,2.0,0.8326648841354723,RRC|YPF|AR
2019-12-13,exit,copper,2.0,0.7488859180035651,FCX|RIO|HBM
2019-12-13,exit,oil_services,7.0,0.7020944741532977,BORR|LBRT|HAL
2019-12-13,exit,oil_gas,12.0,0.678698752228164,RRC|YPF|AR
2019-12-13,enter,gold_silver_miners,1.0,0.7894385026737968,HL|PAAS|FSM
2019-12-13,enter,copper,2.0,0.7488859180035651,HBM|SCCO|TECK
2019-12-13,enter,utilities_yield,3.0,0.7428698752228164,BE|FCEL|SRE
2019-12-16,exit,gold_silver_miners,50.0,0.5291889483065954,HL|PAAS|FSM
2019-12-16,exit,copper,21.0,0.6715686274509803,HBM|SCCO|TECK
2019-12-16,exit,utilities_yield,17.0,0.6791443850267379,BE|FCEL|SRE
2019-12-16,enter,memory,1.0,0.818850267379679,MU|WDC|MRAM
2019-12-16,enter,memory_storage,2.0,0.8112745098039217,MU|WDC|QMCO
2019-12-16,enter,energy,3.0,0.750222816399287,SEDG|HAL|EQT
2019-12-17,enter,oil_services,2.0,0.7974598930481285,NBR|LBRT|HAL
2019-12-17,enter,semis_compute,3.0,0.7825311942959,JBL|MU|MRAM
2019-12-18,exit,memory,27.0,0.6178698752228164,MU|WDC|MRAM
2019-12-18,exit,memory_storage,19.0,0.661319073083779,MU|WDC|QMCO
2019-12-18,exit,semis_compute,15.0,0.6934046345811052,JBL|MU|MRAM
2019-12-18,enter,utilities_yield,2.0,0.8086007130124776,BE|EIX|SO
2019-12-18,enter,oil_gas,3.0,0.7936720142602495,YPF|RRC|LBRT
2019-12-19,exit,energy,17.0,0.6557486631016042,SEDG|HAL|EQT
2019-12-19,exit,oil_services,11.0,0.6820409982174689,NBR|LBRT|HAL
2019-12-19,exit,utilities_yield,47.0,0.5196078431372549,BE|EIX|SO
2019-12-19,exit,oil_gas,28.0,0.6029411764705881,YPF|RRC|LBRT
2019-12-19,enter,mega_cap_platforms,1.0,0.7938948306595364,TSLA|NFLX|LLY
2019-12-19,enter,solar,2.0,0.7740641711229947,SEDG|ENPH|RUN
2019-12-19,enter,datacenter_reits_towers,3.0,0.7722816399286988,AMT|CCI|SBAC
2019-12-20,exit,mega_cap_platforms,8.0,0.7188057040998217,TSLA|NFLX|LLY
2019-12-20,exit,solar,54.0,0.5022281639928698,SEDG|ENPH|RUN
2019-12-20,exit,datacenter_reits_towers,17.0,0.6780303030303031,AMT|CCI|SBAC
2019-12-20,enter,agriculture_food_inputs,1.0,0.8233065953654188,MOS|CTVA|DAR
2019-12-20,enter,airlines_travel,2.0,0.8028074866310161,CCL|UBER|H
2019-12-20,enter,memory,3.0,0.7488859180035651,WDC|MU|LRCX
2019-12-23,exit,agriculture_food_inputs,15.0,0.6649084026049664,MOS|CTVA|DAR
2019-12-23,exit,airlines_travel,9.0,0.6989066553714194,CCL|UBER|H
2019-12-23,exit,memory,17.0,0.6552147861845008,WDC|MU|LRCX
2019-12-23,enter,natural_gas,1.0,0.8583770141720056,EQT|AR|RRC
2019-12-23,enter,energy,2.0,0.8266576657665766,APA|DVN|EQT
2019-12-23,enter,oil_exploration,3.0,0.8193510527523341,APA|DVN|EOG
2019-12-24,exit,natural_gas,33.0,0.5802139037433155,EQT|AR|RRC
2019-12-24,exit,energy,6.0,0.716577540106952,APA|DVN|EQT
2019-12-24,enter,gold_silver_miners,1.0,0.8738859180035651,FSM|EXK|HL
2019-12-24,enter,silver,3.0,0.8248663101604278,HL|WPM|AG
2019-12-26,exit,oil_exploration,7.0,0.7188939482183512,APA|DVN|EOG
2019-12-26,enter,digital_ads_media,3.0,0.7776645311589983,TTD|MGNI|ROKU
2019-12-27,exit,gold_silver_miners,5.0,0.7192513368983958,FSM|EXK|HL
2019-12-27,exit,silver,26.0,0.6154188948306596,HL|WPM|AG
2019-12-27,exit,digital_ads_media,20.0,0.6327985739750446,TTD|MGNI|ROKU
2019-12-27,enter,consumer_internet_marketplaces,1.0,0.7736185383244207,QXO|AMZN|JMIA
2019-12-27,enter,robotics,2.0,0.7497771836007131,TSLA|CAT|ISRG
2019-12-27,enter,mega_cap_platforms,3.0,0.7386363636363638,AMZN|TSLA|AAPL
2019-12-30,exit,consumer_internet_marketplaces,16.0,0.6882798573975045,QXO|AMZN|JMIA
2019-12-30,exit,robotics,41.0,0.5588235294117647,TSLA|CAT|ISRG
2019-12-30,exit,mega_cap_platforms,44.0,0.5452317290552584,AMZN|TSLA|AAPL
2019-12-30,enter,gold_silver_miners,1.0,0.9202317290552586,FSM|AG|CDE
2019-12-30,enter,silver,2.0,0.9177807486631016,AG|PAAS|WPM
2019-12-30,enter,gold,3.0,0.8179590017825312,WPM|PAAS|AEM
2019-12-31,exit,gold_silver_miners,6.0,0.7232620320855615,FSM|AG|CDE
2019-12-31,exit,silver,32.0,0.6040552584670231,AG|PAAS|WPM
2019-12-31,exit,gold,24.0,0.6325757575757576,WPM|PAAS|AEM
2019-12-31,enter,real_estate_reits,1.0,0.8290998217468807,HPP|MPT|COLD
2019-12-31,enter,datacenter_reits_towers,2.0,0.7740641711229947,EQIX|DLR|AMT
2019-12-31,enter,fintech_payments,3.0,0.7595811051693404,FIS|STNE|MA
2020-01-02,exit,real_estate_reits,75.0,0.33778966131907306,HPP|MPT|COLD
2020-01-02,exit,datacenter_reits_towers,83.0,0.27183600713012473,EQIX|DLR|AMT
2020-01-02,exit,fintech_payments,27.0,0.6390374331550802,FIS|STNE|MA
2020-01-02,enter,china_internet,1.0,0.8199643493761142,BILI|NTES|NIO
2020-01-02,enter,consumer_internet_marketplaces,2.0,0.7961229946524064,QXO|BILI|BIDU
2020-01-02,enter,consumer_internet,3.0,0.7912210338680926,NTES|BIDU|TME
2020-01-03,exit,consumer_internet_marketplaces,18.0,0.6929590017825311,QXO|BILI|BIDU
2020-01-03,exit,consumer_internet,44.0,0.515819964349376,NTES|BIDU|TME
2020-01-03,enter,defense_aerospace,1.0,0.8039215686274509,KTOS|NOC|LMT
2020-01-03,enter,defense,2.0,0.7970142602495542,KTOS|NOC|LMT
2020-01-03,enter,utilities_yield,3.0,0.7923351158645277,FCEL|BE|EXC
2020-01-06,exit,china_internet,3.0,0.7647058823529412,BILI|NTES|NIO
2020-01-06,exit,defense_aerospace,15.0,0.695632798573975,KTOS|NOC|LMT
2020-01-06,exit,defense,14.0,0.6965240641711229,KTOS|NOC|LMT
2020-01-06,exit,utilities_yield,13.0,0.6980837789661318,FCEL|BE|EXC
2020-01-06,enter,dev_tools,1.0,0.7807486631016042,DDOG|TEAM|MDB
2020-01-06,enter,renewables_storage,2.0,0.7662655971479501,PLUG|BLDP|LAR
2020-01-06,enter,china_internet,3.0,0.7647058823529412,BILI|NIO|BIDU
2020-01-07,exit,dev_tools,18.0,0.6862745098039216,DDOG|TEAM|MDB
2020-01-07,enter,workflow_software,1.0,0.8150623885918004,ZM|TEAM|HUBS
2020-01-07,enter,consumer_internet,2.0,0.7970142602495542,BIDU|SNAP|NTES
2020-01-08,exit,renewables_storage,7.0,0.7315062388591801,PLUG|BLDP|LAR
2020-01-08,exit,china_internet,14.0,0.6878342245989304,BILI|NIO|BIDU
2020-01-08,exit,consumer_internet,33.0,0.589349376114082,BIDU|SNAP|NTES
2020-01-08,enter,networking_optical,1.0,0.82397504456328,COHR|NOK|AAOI
2020-01-08,enter,business_apps,3.0,0.7967914438502673,CRM|WDAY|DOCU
2020-01-09,exit,workflow_software,7.0,0.734848484848485,ZM|TEAM|HUBS
2020-01-09,exit,networking_optical,47.0,0.49398395721925137,COHR|NOK|AAOI
2020-01-09,enter,oil_exploration,1.0,0.7825311942959,OXY|EOG|APA
2020-01-09,enter,medtech,2.0,0.7577985739750446,MDT|DXCM|BSX
2020-01-09,enter,dev_tools,3.0,0.7540106951871658,MDB|TEAM|CDNS
2020-01-10,exit,business_apps,10.0,0.7007575757575757,CRM|WDAY|DOCU
2020-01-10,exit,oil_exploration,51.0,0.4859625668449198,OXY|EOG|APA
2020-01-10,exit,medtech,44.0,0.519830659536542,MDT|DXCM|BSX
2020-01-10,exit,dev_tools,35.0,0.5866755793226381,MDB|TEAM|CDNS
2020-01-10,enter,cloud,1.0,0.8524955436720143,ZS|MDB|AKAM
2020-01-10,enter,cybersecurity,2.0,0.8005793226381461,ZS|CRWD|AKAM
2020-01-10,enter,lithium_battery_materials,3.0,0.7972370766488414,LAR|SGML|SQM
2020-01-13,exit,lithium_battery_materials,12.0,0.6954099821746881,LAR|SGML|SQM
2020-01-13,enter,fintech,2.0,0.7981283422459892,XYZ|MA|PYPL
2020-01-13,enter,payments,3.0,0.7970142602495544,XYZ|PYPL|MA
2020-01-14,exit,cloud,26.0,0.6151960784313726,ZS|MDB|AKAM
2020-01-14,exit,cybersecurity,8.0,0.7090017825311943,ZS|CRWD|AKAM
2020-01-14,exit,fintech,42.0,0.5233957219251336,XYZ|MA|PYPL
2020-01-14,exit,payments,21.0,0.6267825311942958,XYZ|PYPL|MA
2020-01-14,enter,renewables_storage,1.0,0.8128342245989304,BLDP|LAR|CSIQ
2020-01-14,enter,semicap_equipment,2.0,0.7785204991087343,ICHR|CAMT|UCTT
2020-01-14,enter,transport_logistics,3.0,0.7747326203208555,ODFL|DAL|XPO
2020-01-15,exit,renewables_storage,24.0,0.6428253119429591,BLDP|LAR|CSIQ
2020-01-15,exit,semicap_equipment,43.0,0.49799465240641705,ICHR|CAMT|UCTT
2020-01-15,exit,transport_logistics,20.0,0.6653297682709447,ODFL|DAL|XPO
2020-01-15,enter,ai_apps,1.0,0.8228609625668449,PINS|SNAP
2020-01-15,enter,utilities_yield,2.0,0.8034759358288768,PCG|BE|WEC
2020-01-15,enter,rare_earth_critical_minerals,3.0,0.785873440285205,LAR|ALB|UUUU
2020-01-16,exit,utilities_yield,21.0,0.6365864527629234,PCG|BE|WEC
2020-01-16,exit,rare_earth_critical_minerals,36.0,0.5773172905525847,LAR|ALB|UUUU
2020-01-16,enter,medtech_devices,1.0,0.803030303030303,IRTC|ATEC|DDD
2020-01-16,enter,semicap_equipment,2.0,0.7992424242424243,ICHR|ONTO|COHU
2020-01-17,exit,medtech_devices,15.0,0.6682263814616756,IRTC|ATEC|DDD
2020-01-17,exit,semicap_equipment,9.0,0.7176916221033869,ICHR|ONTO|COHU
2020-01-17,enter,utilities_yield,2.0,0.7740641711229946,SO|AEP|PCG
2020-01-17,enter,fintech_payments,3.0,0.7722816399286988,V|BILL|MA
2020-01-21,exit,ai_apps,45.0,0.5403297682709447,PINS|SNAP
2020-01-21,exit,fintech_payments,26.0,0.6312388591800356,V|BILL|MA
2020-01-21,enter,real_estate_reits,2.0,0.7983511586452763,PLD|HPP|VICI
2020-01-21,enter,semicap_equipment,3.0,0.7762923351158646,AEHR|CAMT|ENTG
2020-01-22,exit,real_estate_reits,25.0,0.6203208556149734,PLD|HPP|VICI
2020-01-22,exit,semicap_equipment,24.0,0.6212121212121213,AEHR|CAMT|ENTG
2020-01-22,enter,asset_managers_alts,1.0,0.8317736185383243,CG|BX|KKR
2020-01-22,enter,fintech_payments,2.0,0.8045900178253119,BILL|STNE|GPN
2020-01-23,exit,utilities_yield,24.0,0.643270944741533,SO|AEP|PCG
2020-01-23,exit,asset_managers_alts,14.0,0.7014260249554366,CG|BX|KKR
2020-01-23,exit,fintech_payments,31.0,0.606283422459893,BILL|STNE|GPN
2020-01-23,enter,semis,1.0,0.8141711229946524,TER|INTC|TXN
2020-01-23,enter,creative_software,2.0,0.801470588235294,PTC|CDNS|ADSK
2020-01-23,enter,homebuilders_housing,3.0,0.7803030303030303,BLD|DHI|LEN
2020-01-24,exit,semis,8.0,0.7170231729055259,TER|INTC|TXN
2020-01-24,exit,homebuilders_housing,14.0,0.6876114081996434,BLD|DHI|LEN
2020-01-24,enter,dev_tools,1.0,0.7751782531194296,TEAM|PTC|DDOG
2020-01-24,enter,defense,3.0,0.7640374331550802,AXON|LHX|LMT
2020-01-27,exit,creative_software,26.0,0.5982620320855614,PTC|CDNS|ADSK
2020-01-27,exit,dev_tools,34.0,0.5617201426024956,TEAM|PTC|DDOG
2020-01-27,enter,homebuilders_housing,1.0,0.8161764705882353,DHI|PHM|LEN
2020-01-27,enter,real_estate_reits,3.0,0.7644830659536543,OUT|CCI|DLR
2020-01-28,exit,real_estate_reits,37.0,0.5545900178253119,OUT|CCI|DLR
2020-01-28,enter,fintech_payments,3.0,0.7725044563279858,XYZ|BILL|AXP
2020-01-29,exit,defense,19.0,0.6570855614973262,AXON|LHX|LMT
2020-01-29,exit,homebuilders_housing,27.0,0.6060606060606061,DHI|PHM|LEN
2020-01-29,exit,fintech_payments,18.0,0.6577540106951871,XYZ|BILL|AXP
2020-01-29,enter,restaurants,1.0,0.7745098039215687,TXRH|MCD|DRI
2020-01-29,enter,power_grid_electrification,2.0,0.7591354723707666,PCG|VRT|GNRC
2020-01-29,enter,datacenter_infra,3.0,0.7589126559714795,VRT|GNRC|TT
2020-01-30,exit,restaurants,63.0,0.4253741550625651,TXRH|MCD|DRI
2020-01-30,exit,power_grid_electrification,9.0,0.7036541889483067,PCG|VRT|GNRC
2020-01-30,exit,datacenter_infra,16.0,0.6635185577381268,VRT|GNRC|TT
2020-01-30,enter,workflow_software,1.0,0.8459434178711989,NOW|TEAM|DOCU
2020-01-30,enter,dev_tools,2.0,0.7554159827747481,MDB|TEAM|DDOG
2020-01-30,enter,payments,3.0,0.7403725666684315,XYZ|V|AXP
2020-01-31,exit,workflow_software,4.0,0.7261586452762924,NOW|TEAM|DOCU
2020-01-31,exit,dev_tools,38.0,0.5401069518716578,MDB|TEAM|DDOG
2020-01-31,exit,payments,65.0,0.4523172905525847,XYZ|V|AXP
2020-01-31,enter,power_grid_electrification,1.0,0.7372994652406416,XEL|CMS|D
2020-01-31,enter,utilities_yield,2.0,0.7355169340463458,XEL|CMS|PCG
2020-01-31,enter,consumer_staples,3.0,0.7326203208556149,CL|MDLZ|KO
2020-02-03,exit,power_grid_electrification,12.0,0.7092245989304812,XEL|CMS|D
2020-02-03,exit,utilities_yield,13.0,0.7000891265597147,XEL|CMS|PCG
2020-02-03,exit,consumer_staples,38.0,0.5670677361853832,CL|MDLZ|KO
2020-02-03,enter,solar,1.0,0.804367201426025,RUN|ENPH|SEDG
2020-02-03,enter,workflow_software,2.0,0.7956773618538324,ZM|NOW|DOCU
2020-02-03,enter,fintech_payments,3.0,0.7954545454545454,XYZ|STNE|BILL
2020-02-04,exit,solar,9.0,0.7056595365418895,RUN|ENPH|SEDG
2020-02-04,exit,workflow_software,14.0,0.6860516934046345,ZM|NOW|DOCU
2020-02-04,exit,fintech_payments,30.0,0.6013814616755794,XYZ|STNE|BILL
2020-02-04,enter,rare_earth_critical_minerals,1.0,0.7306149732620318,ALB|LAR|UUUU
2020-02-04,enter,robotics,2.0,0.7270499108734404,TSLA|DE|ISRG
2020-02-04,enter,drones_autonomy,3.0,0.7241532976827094,TXT|AVAV|AXON
2020-02-05,exit,rare_earth_critical_minerals,28.0,0.6232174688057041,ALB|LAR|UUUU
2020-02-05,exit,robotics,27.0,0.6254456327985739,TSLA|DE|ISRG
2020-02-05,enter,insurance,1.0,0.7811942959001783,CB|ALL|AIG
2020-02-05,enter,agriculture_food_inputs,3.0,0.7589126559714795,CTVA|FMC|MOS
2020-02-06,exit,drones_autonomy,19.0,0.6205436720142602,TXT|AVAV|AXON
2020-02-06,exit,insurance,25.0,0.5984848484848484,CB|ALL|AIG
2020-02-06,exit,agriculture_food_inputs,40.0,0.536319073083779,CTVA|FMC|MOS
2020-02-06,enter,china_internet,1.0,0.7912210338680926,BILI|TME|ZTO
2020-02-06,enter,pharma_largecap,2.0,0.7782976827094475,BIIB|GILD|REGN
2020-02-06,enter,consumer_internet,3.0,0.7691622103386809,TME|PINS|BABA
2020-02-07,exit,china_internet,19.0,0.6394830659536542,BILI|TME|ZTO
2020-02-07,exit,pharma_largecap,7.0,0.71301247771836,BIIB|GILD|REGN
2020-02-07,exit,consumer_internet,22.0,0.6252228163992869,TME|PINS|BABA
2020-02-07,enter,biotech,1.0,0.800802139037433,ABBV|MRNA|BIIB
2020-02-07,enter,space_satellites,2.0,0.7589126559714794,LPTH|RTX|VSAT
2020-02-07,enter,cloud_neocloud,3.0,0.7372994652406417,HUT|BE|DELL
2020-02-10,exit,space_satellites,30.0,0.5962566844919787,LPTH|RTX|VSAT
2020-02-10,exit,cloud_neocloud,23.0,0.6278966131907309,HUT|BE|DELL
2020-02-10,enter,biotech_innovation,2.0,0.8213012477718361,MRNA|NTLA|CRSP
2020-02-10,enter,renewables_storage,3.0,0.8088235294117648,LAR|FCEL|ENPH
2020-02-11,exit,biotech,11.0,0.7234848484848484,ABBV|MRNA|BIIB
2020-02-11,exit,biotech_innovation,64.0,0.4242424242424242,MRNA|NTLA|CRSP
2020-02-11,exit,renewables_storage,15.0,0.6811497326203209,LAR|FCEL|ENPH
2020-02-11,enter,semicap_equipment,1.0,0.8384581105169341,ACLS|AMKR|VECO
2020-02-11,enter,insurance,2.0,0.8279857397504456,AIG|MET|CB
2020-02-11,enter,managed_care,3.0,0.8217468805704101,MOH|CI|CVS
2020-02-12,exit,semicap_equipment,14.0,0.658199643493761,ACLS|AMKR|VECO
2020-02-12,exit,insurance,91.0,0.2379679144385027,AIG|MET|CB
2020-02-12,enter,renewables_storage,1.0,0.8487076648841355,LAR|ENPH|CSIQ
2020-02-12,enter,managed_care_insurance,2.0,0.8059269162210339,CI|MOH|UNH
2020-02-12,enter,storage,3.0,0.7865418894830659,NTAP|PSTG|DELL
2020-02-13,exit,managed_care,32.0,0.5969251336898396,MOH|CI|CVS
2020-02-13,exit,renewables_storage,18.0,0.6570855614973262,LAR|ENPH|CSIQ
2020-02-13,exit,managed_care_insurance,34.0,0.5817736185383244,CI|MOH|UNH
2020-02-13,exit,storage,89.0,0.2466577540106952,NTAP|PSTG|DELL
2020-02-13,enter,fintech_payments,1.0,0.7867647058823529,FIS|PAGS|BILL
2020-02-13,enter,real_estate_reits,2.0,0.7814171122994652,EQIX|CCI|SBAC
2020-02-13,enter,cybersecurity,3.0,0.7546791443850269,GEN|ZS|AKAM
2020-02-14,exit,cybersecurity,36.0,0.5884581105169341,GEN|ZS|AKAM
2020-02-14,enter,datacenter_reits_towers,2.0,0.8143939393939394,SBAC|CCI|EQIX
2020-02-14,enter,utilities_yield,3.0,0.7816399286987522,BE|DUK|NEE
2020-02-18,exit,fintech_payments,26.0,0.6374777183600713,FIS|PAGS|BILL
2020-02-18,exit,real_estate_reits,9.0,0.7818627450980393,EQIX|CCI|SBAC
2020-02-18,exit,datacenter_reits_towers,17.0,0.6987522281639929,SBAC|CCI|EQIX
2020-02-18,enter,retail,2.0,0.8353386809269162,KR|PDD|JD
2020-02-18,enter,gold_silver_miners,3.0,0.8282085561497325,USAS|EGO|HMY
2020-02-19,exit,utilities_yield,34.0,0.5873440285204992,BE|DUK|NEE
2020-02-19,exit,retail,39.0,0.5672905525846703,KR|PDD|JD
2020-02-19,exit,gold_silver_miners,10.0,0.74777183600713,USAS|EGO|HMY
2020-02-19,enter,solar,1.0,0.8003565062388592,ENPH|SEDG|RUN
2020-02-19,enter,renewables_storage,2.0,0.7733957219251337,ENPH|PLUG|BLDP
2020-02-19,enter,cloud,3.0,0.7682709447415329,ZM|MDB|ZS
2020-02-20,exit,renewables_storage,3.0,0.768716577540107,ENPH|PLUG|BLDP
2020-02-20,enter,utilities_yield,2.0,0.7782976827094474,BE|FCEL|D
2020-02-20,enter,renewables_storage,3.0,0.768716577540107,ENPH|SEDG|PLUG
2020-02-21,exit,solar,14.0,0.7092245989304813,ENPH|SEDG|RUN
2020-02-21,exit,cloud,23.0,0.6497326203208555,ZM|MDB|ZS
2020-02-21,exit,renewables_storage,11.0,0.7306149732620321,ENPH|SEDG|PLUG
2020-02-21,enter,gold_silver_miners,1.0,0.8333333333333334,EGO|HMY|KGC
2020-02-21,enter,silver,2.0,0.8246434937611409,WPM|PAAS|SLV
2020-02-24,exit,utilities_yield,9.0,0.7404188948306595,BE|FCEL|D
2020-02-24,enter,copper_metals,3.0,0.8360071301247771,HMY|IAG|EQX
2020-02-25,exit,gold_silver_miners,1.0,0.8262032085561497,EGO|HMY|KGC
2020-02-25,exit,silver,21.0,0.6321301247771836,WPM|PAAS|SLV
2020-02-25,exit,copper_metals,41.0,0.5314171122994652,HMY|IAG|EQX
2020-02-25,enter,gold_silver_miners,1.0,0.8262032085561497,EGO|HMY|IAG
2020-02-25,enter,biotech,2.0,0.7816399286987521,MRNA|REGN|GILD
2020-02-25,enter,gold,3.0,0.7618092691622104,NEM|WPM|GLD
2020-02-26,exit,gold_silver_miners,6.0,0.7196969696969697,EGO|HMY|IAG
2020-02-26,exit,gold,4.0,0.734848484848485,NEM|WPM|GLD
2020-02-26,enter,biotech_innovation,2.0,0.7673796791443851,MRNA|NVAX|GH
2020-02-26,enter,pharma_largecap,3.0,0.7593582887700535,REGN|GILD|SNY
2020-02-27,exit,biotech,3.0,0.7653743315508021,MRNA|REGN|GILD
2020-02-27,exit,pharma_largecap,4.0,0.7134581105169341,REGN|GILD|SNY
2020-02-27,enter,gold,1.0,0.8088235294117647,GOLD|GLD|FNV
2020-02-27,enter,biotech,3.0,0.7653743315508021,MRNA|GILD|REGN
2020-02-28,exit,biotech_innovation,5.0,0.6938502673796791,MRNA|NVAX|GH
2020-02-28,exit,gold,44.0,0.5231729055258467,GOLD|GLD|FNV
2020-02-28,exit,biotech,4.0,0.7168003565062389,MRNA|GILD|REGN
2020-02-28,enter,workflow_software,1.0,0.748663101604278,ZM|TEAM|DOCU
2020-02-28,enter,streaming_entertainment,2.0,0.7232620320855615,NFLX|SONY|T
2020-02-28,enter,nuclear,3.0,0.7228163992869876,LEU|CCJ|DNN
2020-03-02,exit,workflow_software,34.0,0.5748663101604279,ZM|TEAM|DOCU
2020-03-02,exit,streaming_entertainment,61.0,0.4587789661319073,NFLX|SONY|T
2020-03-02,exit,nuclear,94.0,0.1446078431372549,LEU|CCJ|DNN
2020-03-02,enter,pharma_largecap,1.0,0.7907754010695187,GSK|GILD|REGN
2020-03-02,enter,retail,2.0,0.784982174688057,JD|WMT|PDD
2020-03-02,enter,pharma,3.0,0.7584670231729056,GILD|NVO|PFE
2020-03-03,exit,pharma_largecap,11.0,0.6544117647058822,GSK|GILD|REGN
2020-03-03,exit,retail,15.0,0.6405971479500892,JD|WMT|PDD
2020-03-03,enter,uranium,1.0,0.768048128342246,LEU|UUUU|CCJ
2020-03-03,enter,biotech_innovation,2.0,0.7372994652406417,DFTX|SGMO|NVAX
2020-03-04,exit,uranium,49.0,0.5282976827094474,LEU|UUUU|CCJ
2020-03-04,exit,biotech_innovation,20.0,0.6176470588235295,DFTX|SGMO|NVAX
2020-03-04,enter,healthcare,1.0,0.8172905525846701,CNC|HUM|CI
2020-03-04,enter,managed_care,2.0,0.7918894830659536,CNC|HUM|CI
2020-03-04,enter,pharma_largecap,3.0,0.7914438502673797,REGN|NVO|LLY
2020-03-05,exit,pharma,17.0,0.6454991087344029,GILD|NVO|PFE
2020-03-05,exit,managed_care,34.0,0.5586007130124778,CNC|HUM|CI
2020-03-05,exit,pharma_largecap,15.0,0.6631016042780749,REGN|NVO|LLY
2020-03-05,enter,biotech_innovation,1.0,0.7916666666666666,DFTX|NTLA|SGMO
2020-03-05,enter,cloud,2.0,0.7776292335115864,ZM|NET|ZS
2020-03-05,enter,gaming_sports_betting,3.0,0.7531194295900179,DKNG|TTWO|EA
2020-03-06,exit,healthcare,4.0,0.7335115864527629,CNC|HUM|CI
2020-03-06,exit,biotech_innovation,10.0,0.7054367201426025,DFTX|NTLA|SGMO
2020-03-06,exit,cloud,47.0,0.5153743315508021,ZM|NET|ZS
2020-03-06,exit,gaming_sports_betting,18.0,0.6497326203208555,DKNG|TTWO|EA
2020-03-06,enter,consumer_staples,1.0,0.785873440285205,KR|COST|WMT
2020-03-06,enter,utilities_yield,2.0,0.7562388591800357,WEC|XEL|CMS
2020-03-06,enter,obesity_glp1_health,3.0,0.7455436720142602,LLY|NVO|HIMS
2020-03-09,exit,utilities_yield,9.0,0.6840463458110517,WEC|XEL|CMS
2020-03-09,exit,obesity_glp1_health,26.0,0.5920231729055259,LLY|NVO|HIMS
2020-03-09,enter,retail_consumer,2.0,0.7811942959001783,BJ|WMT|DG
2020-03-09,enter,retail,3.0,0.7778520499108734,WMT|KR|DG
2020-03-10,exit,retail_consumer,19.0,0.6499554367201426,BJ|WMT|DG
2020-03-10,enter,datacenter_reits_towers,2.0,0.7811942959001782,DLR|CCI|AMT
2020-03-10,enter,managed_care_insurance,3.0,0.7778520499108734,CNC|ELV|HUM
2020-03-11,exit,consumer_staples,9.0,0.7154634581105169,KR|COST|WMT
2020-03-11,exit,retail,7.0,0.7243761140819965,WMT|KR|DG
2020-03-11,exit,managed_care_insurance,27.0,0.5846702317290553,CNC|ELV|HUM
2020-03-11,enter,pharma_largecap,2.0,0.8003565062388592,LLY|GILD|GSK
2020-03-11,enter,pharma,3.0,0.7938948306595366,GILD|MRK|JNJ
2020-03-12,exit,datacenter_reits_towers,7.0,0.7049910873440286,DLR|CCI|AMT
2020-03-12,exit,pharma_largecap,10.0,0.6749108734402851,LLY|GILD|GSK
2020-03-12,exit,pharma,9.0,0.681149732620321,GILD|MRK|JNJ
2020-03-12,enter,medtech_devices,1.0,0.7749554367201427,EW|COO|XRAY
2020-03-12,enter,retail_consumer,2.0,0.7633689839572194,DG|DLTR|GME
2020-03-12,enter,consumer_staples,3.0,0.7473262032085561,DG|DLTR|COST
2020-03-13,exit,medtech_devices,56.0,0.46457219251336895,EW|COO|XRAY
2020-03-13,exit,retail_consumer,45.0,0.5383244206773619,DG|DLTR|GME
2020-03-13,enter,natural_gas,2.0,0.7965686274509803,EQT|CTRA|RRC
2020-03-13,enter,pharma_largecap,3.0,0.7932263814616756,ABBV|AMGN|BIIB
2020-03-16,exit,natural_gas,17.0,0.6209893048128342,EQT|CTRA|RRC
2020-03-16,exit,pharma_largecap,7.0,0.6951871657754011,ABBV|AMGN|BIIB
2020-03-16,enter,transport_logistics,1.0,0.8391265597147951,AAL|PCAR|CHRW
2020-03-16,enter,fintech,2.0,0.8273172905525847,SCHW|FUTU|PYPL
2020-03-17,exit,transport_logistics,58.0,0.46836007130124774,AAL|PCAR|CHRW
2020-03-17,exit,fintech,11.0,0.6978609625668449,SCHW|FUTU|PYPL
2020-03-17,enter,datacenter_reits_towers,1.0,0.8248663101604278,COR|EQIX|DLR
2020-03-17,enter,pharma_largecap,3.0,0.7925579322638147,REGN|LLY|AMGN
2020-03-18,exit,datacenter_reits_towers,31.0,0.5946969696969697,COR|EQIX|DLR
2020-03-18,enter,pharma,2.0,0.7932263814616756,TMO|AMGN|GILD
2020-03-18,enter,retail,3.0,0.7918894830659537,KR|WMT|TGT
2020-03-19,exit,consumer_staples,12.0,0.6512923351158645,DG|DLTR|COST
2020-03-19,exit,pharma_largecap,17.0,0.6296791443850267,REGN|LLY|AMGN
2020-03-19,exit,pharma,35.0,0.5501336898395721,TMO|AMGN|GILD
2020-03-19,exit,retail,16.0,0.6334670231729055,KR|WMT|TGT
2020-03-19,enter,creative_software,1.0,0.7577985739750447,ADSK|ADBE|PTC
2020-03-19,enter,cybersecurity,2.0,0.7542335115864527,FTNT|QLYS|ZS
2020-03-19,enter,mega_banks,3.0,0.7232620320855614,WFC|GS|BAC
2020-03-20,exit,creative_software,72.0,0.43404634581105167,ADSK|ADBE|PTC
2020-03-20,exit,mega_banks,89.0,0.2537878787878788,WFC|GS|BAC
2020-03-20,enter,workflow_software,1.0,0.7794117647058822,ZM|DOCU|WDAY
2020-03-20,enter,diagnostics_tools,3.0,0.7390819964349374,ILMN|TXG|RVTY
2020-03-23,exit,diagnostics_tools,38.0,0.568850267379679,ILMN|TXG|RVTY
2020-03-23,enter,gold_silver_miners,1.0,0.8270944741532976,SVM|CDE|EXK
2020-03-23,enter,silver,2.0,0.8148395721925134,SVM|AG|HL
2020-03-23,enter,cloud,3.0,0.7934491978609626,ZM|ZS|NET
2020-03-24,exit,cybersecurity,3.0,0.7589126559714794,FTNT|QLYS|ZS
2020-03-24,exit,workflow_software,37.0,0.5777629233511586,ZM|DOCU|WDAY
2020-03-24,exit,gold_silver_miners,19.0,0.6421568627450981,SVM|CDE|EXK
2020-03-24,exit,silver,8.0,0.7040998217468806,SVM|AG|HL
2020-03-24,exit,cloud,36.0,0.5777629233511586,ZM|ZS|NET
2020-03-24,enter,airlines_travel,1.0,0.7829768270944741,NCLH|PK|UBER
2020-03-24,enter,restaurants_food,2.0,0.7731729055258467,EAT|DRI|TXRH
2020-03-24,enter,cybersecurity,3.0,0.7589126559714794,CRWD|ZS|FTNT
2020-03-25,exit,restaurants_food,12.0,0.6938502673796791,EAT|DRI|TXRH
2020-03-25,exit,cybersecurity,72.0,0.40597147950089124,CRWD|ZS|FTNT
2020-03-25,enter,oil_integrated,2.0,0.8092691622103387,BP|SHEL|TTE
2020-03-25,enter,homebuilders_housing,3.0,0.7700534759358288,KBH|TOL|CCS
2020-03-26,exit,airlines_travel,16.0,0.677361853832442,NCLH|PK|UBER
2020-03-26,exit,homebuilders_housing,23.0,0.6296791443850267,KBH|TOL|CCS
2020-03-26,enter,storage,1.0,0.768939393939394,WDC|QMCO|HPQ
2020-03-26,enter,memory,2.0,0.7620320855614974,WDC|LRCX|MU
2020-03-26,enter,defense,3.0,0.7517825311942959,KTOS|RTX|HEI
2020-03-27,exit,oil_integrated,24.0,0.6292335115864528,BP|SHEL|TTE
2020-03-27,exit,storage,28.0,0.5980392156862745,WDC|QMCO|HPQ
2020-03-27,exit,memory,19.0,0.6541889483065955,WDC|LRCX|MU
2020-03-27,exit,defense,13.0,0.6862745098039217,KTOS|RTX|HEI
2020-03-27,enter,real_estate_reits,1.0,0.8424688057040997,HPP|PK|MPT
2020-03-27,enter,retail_consumer,2.0,0.8001336898395722,TLRY|BLMN|FIVE
2020-03-27,enter,restaurants_food,3.0,0.7769607843137254,DRI|BLMN|EAT
2020-03-30,exit,real_estate_reits,9.0,0.6858288770053476,HPP|PK|MPT
2020-03-30,exit,retail_consumer,63.0,0.4924242424242423,TLRY|BLMN|FIVE
2020-03-30,exit,restaurants_food,58.0,0.5053475935828877,DRI|BLMN|EAT
2020-03-30,enter,oil_integrated,1.0,0.8230837789661319,BP|CVX|XLE
2020-03-30,enter,managed_care,2.0,0.747994652406417,CI|HUM|ELV
2020-03-30,enter,utilities_yield,3.0,0.7259358288770053,BE|NEE|DUK
2020-03-31,exit,oil_integrated,9.0,0.7174688057040997,BP|CVX|XLE
2020-03-31,exit,managed_care,14.0,0.6916221033868093,CI|HUM|ELV
2020-03-31,exit,utilities_yield,24.0,0.6143048128342247,BE|NEE|DUK
2020-03-31,enter,construction_infrastructure,1.0,0.8897058823529412,VMC|MLM|PRIM
2020-03-31,enter,datacenter_infra,2.0,0.802361853832442,PRIM|ACM|HUBB
2020-03-31,enter,power_grid_electrification,3.0,0.7831996434937611,PRIM|ACM|FLS
2020-04-01,exit,construction_infrastructure,6.0,0.7094474153297683,VMC|MLM|PRIM
2020-04-01,exit,datacenter_infra,21.0,0.6136363636363636,PRIM|ACM|HUBB
2020-04-01,exit,power_grid_electrification,24.0,0.6071746880570411,PRIM|ACM|FLS
2020-04-01,enter,cybersecurity,1.0,0.802807486631016,NET|ZS|GEN
2020-04-01,enter,retail,2.0,0.7798573975044563,TGT|DG|KR
2020-04-01,enter,uranium,3.0,0.7676024955436719,NXE|CCJ|DNN
2020-04-02,exit,cybersecurity,22.0,0.644830659536542,NET|ZS|GEN
2020-04-02,exit,retail,23.0,0.640151515151515,TGT|DG|KR
2020-04-02,exit,uranium,38.0,0.573529411764706,NXE|CCJ|DNN
2020-04-02,enter,oil_integrated,1.0,0.8290998217468806,SHEL|TTE|BP
2020-04-02,enter,oil_gas,2.0,0.8210784313725491,EQNR|FANG|DVN
2020-04-02,enter,energy,3.0,0.8065953654188949,FANG|EQT|HAL
2020-04-03,exit,oil_integrated,21.0,0.6428253119429591,SHEL|TTE|BP
2020-04-03,enter,oil_exploration,3.0,0.8061497326203209,USO|DVN|FANG
2020-04-06,exit,oil_gas,33.0,0.5648395721925134,EQNR|FANG|DVN
2020-04-06,exit,energy,26.0,0.5958110516934045,FANG|EQT|HAL
2020-04-06,exit,oil_exploration,30.0,0.5730837789661319,USO|DVN|FANG
2020-04-06,enter,consumer_staples,1.0,0.7299465240641712,DG|WMT|KR
2020-04-06,enter,crypto_infrastructure,2.0,0.7196969696969697,RIOT|HUT|MSTR
2020-04-06,enter,copper_metals,3.0,0.716131907308378,FCX|EQX|IAG
2020-04-07,exit,consumer_staples,38.0,0.5840017825311943,DG|WMT|KR
2020-04-07,exit,crypto_infrastructure,24.0,0.6370320855614974,RIOT|HUT|MSTR
2020-04-07,exit,copper_metals,9.0,0.748885918003565,FCX|EQX|IAG
2020-04-07,enter,nuclear,1.0,0.8241978609625668,NXE|DNN|CCJ
2020-04-07,enter,uranium,2.0,0.821301247771836,NXE|DNN|CCJ
2020-04-07,enter,energy,3.0,0.8168449197860963,APA|EQT|DVN
2020-04-08,exit,nuclear,83.0,0.3331105169340463,NXE|DNN|CCJ
2020-04-08,exit,uranium,76.0,0.3790106951871658,NXE|DNN|CCJ
2020-04-08,enter,oil_exploration,1.0,0.8511586452762924,APA|FANG|OXY
2020-04-08,enter,oil_gas,2.0,0.8195187165775402,APA|AR|LBRT
2020-04-09,exit,energy,37.0,0.6004901960784315,APA|EQT|DVN
2020-04-09,exit,oil_exploration,35.0,0.6160873440285205,APA|FANG|OXY
2020-04-09,exit,oil_gas,18.0,0.6913992869875224,APA|AR|LBRT
2020-04-09,enter,real_estate_reits,1.0,0.8420231729055258,ABR|SPG|WELL
2020-04-09,enter,restaurants_food,2.0,0.8317736185383244,BLMN|EAT|SHAK
2020-04-09,enter,airlines_travel,3.0,0.81951871657754,RCL|NCLH|UAL
2020-04-13,exit,real_estate_reits,29.0,0.5984848484848484,ABR|SPG|WELL
2020-04-13,exit,restaurants_food,12.0,0.6905080213903745,BLMN|EAT|SHAK
2020-04-13,exit,airlines_travel,10.0,0.7049910873440285,RCL|NCLH|UAL
2020-04-13,enter,gold_silver_miners,1.0,0.8812388591800355,EXK|HL|CDE
2020-04-13,enter,oil_services,2.0,0.8241978609625668,RIG|PTEN|BORR
2020-04-13,enter,copper_metals,3.0,0.8155080213903743,EXK|ASM|HMY
2020-04-14,exit,gold_silver_miners,17.0,0.6501782531194296,EXK|HL|CDE
2020-04-14,exit,oil_services,31.0,0.6009358288770054,RIG|PTEN|BORR
2020-04-14,exit,copper_metals,24.0,0.6218805704099821,EXK|ASM|HMY
2020-04-14,enter,retail_consumer,1.0,0.8119429590017825,GME|KSS|BLMN
2020-04-14,enter,digital_ads_media,2.0,0.7569073083778967,MGNI|TTD|ROKU
2020-04-14,enter,rare_earth_critical_minerals,3.0,0.7564616755793225,UUUU|LAR|ALB
2020-04-15,exit,retail_consumer,20.0,0.6691176470588236,GME|KSS|BLMN
2020-04-15,exit,rare_earth_critical_minerals,9.0,0.7301693404634582,UUUU|LAR|ALB
2020-04-15,enter,natural_gas,1.0,0.8170677361853832,RRC|AR|EQT
2020-04-15,enter,airlines_travel,2.0,0.8166221033868093,TRIP|UAL|AAL
2020-04-15,enter,consumer_internet_marketplaces,3.0,0.8059269162210339,CHWY|AMZN|CVNA
2020-04-16,exit,digital_ads_media,36.0,0.6071746880570409,MGNI|TTD|ROKU
2020-04-16,exit,natural_gas,61.0,0.43025846702317294,RRC|AR|EQT
2020-04-16,exit,airlines_travel,74.0,0.32196969696969696,TRIP|UAL|AAL
2020-04-16,exit,consumer_internet_marketplaces,12.0,0.7190285204991087,CHWY|AMZN|CVNA
2020-04-16,enter,biotech,1.0,0.8092691622103386,MRNA|ALNY|CRSP
2020-04-16,enter,gaming_sports_betting,2.0,0.7909982174688056,NTES|FLUT|EA
2020-04-16,enter,managed_care_insurance,3.0,0.7740641711229946,CNC|HUM|UNH
2020-04-17,exit,gaming_sports_betting,24.0,0.5808823529411765,NTES|FLUT|EA
2020-04-17,exit,managed_care_insurance,43.0,0.5118092691622104,CNC|HUM|UNH
2020-04-17,enter,medtech_devices,2.0,0.7384135472370766,DXCM|IRTC|TMDX
2020-04-17,enter,medtech,3.0,0.7346256684491979,DXCM|EW|JNJ
2020-04-20,exit,medtech_devices,26.0,0.6120766488413547,DXCM|IRTC|TMDX
2020-04-20,exit,medtech,39.0,0.5441176470588236,DXCM|EW|JNJ
2020-04-20,enter,uranium,1.0,0.9030748663101604,NXE|UEC|DNN
2020-04-20,enter,consumer_internet_marketplaces,2.0,0.8473707664884135,SHOP|PDD|ETSY
2020-04-20,enter,nuclear,3.0,0.840686274509804,NXE|UEC|DNN
2020-04-21,exit,biotech,7.0,0.7308377896613191,MRNA|ALNY|CRSP
2020-04-21,exit,uranium,33.0,0.5632798573975044,NXE|UEC|DNN
2020-04-21,exit,consumer_internet_marketplaces,4.0,0.7528966131907309,SHOP|PDD|ETSY
2020-04-21,exit,nuclear,42.0,0.5075757575757576,NXE|UEC|DNN
2020-04-21,enter,biotech_innovation,1.0,0.7803030303030302,MRNA|NVAX|TGTX
2020-04-21,enter,natural_gas,2.0,0.7762923351158646,AR|EQT|RRC
2020-04-21,enter,diagnostics_tools,3.0,0.7709447415329769,TXG|EXAS|PACB
2020-04-22,exit,biotech_innovation,23.0,0.6238859180035651,MRNA|NVAX|TGTX
2020-04-22,exit,natural_gas,44.0,0.5548128342245989,AR|EQT|RRC
2020-04-22,exit,diagnostics_tools,7.0,0.7032085561497325,TXG|EXAS|PACB
2020-04-22,enter,nuclear,1.0,0.8161764705882354,UEC|DNN|LEU
2020-04-22,enter,uranium,2.0,0.7916666666666667,UEC|DNN|UUUU
2020-04-22,enter,restaurants_food,3.0,0.769607843137255,DRI|CMG|SHAK
2020-04-23,exit,restaurants_food,26.0,0.6303475935828877,DRI|CMG|SHAK
2020-04-23,enter,oil_exploration,1.0,0.8114973262032086,APA|FANG|DVN
2020-04-23,enter,energy,2.0,0.8103832442067738,APA|HAL|FANG
2020-04-23,enter,oil_gas,3.0,0.8103832442067737,AR|MGY|APA
2020-04-24,exit,nuclear,5.0,0.6913992869875222,UEC|DNN|LEU
2020-04-24,exit,uranium,18.0,0.6374777183600713,UEC|DNN|UUUU
2020-04-24,exit,oil_exploration,47.0,0.5254010695187166,APA|FANG|DVN
2020-04-24,exit,energy,21.0,0.6345811051693404,APA|HAL|FANG
2020-04-24,exit,oil_gas,12.0,0.6555258467023173,AR|MGY|APA
2020-04-24,enter,natural_gas,1.0,0.7976827094474154,AR|LNG|RRC
2020-04-24,enter,gold_silver_miners,2.0,0.7286096256684492,BTG|HMY|AU
2020-04-24,enter,electronics_components,3.0,0.7248217468805704,COHR|MTSI|TEL
2020-04-27,exit,natural_gas,29.0,0.6172014260249555,AR|LNG|RRC
2020-04-27,exit,gold_silver_miners,34.0,0.5989304812834224,BTG|HMY|AU
2020-04-27,enter,homebuilders_housing,1.0,0.8079322638146167,BLD|CCS|KBH
2020-04-27,enter,regional_banks,2.0,0.8021390374331551,COF|FITB|HBAN
2020-04-27,enter,industrial_automation,3.0,0.7758467023172906,CRH|CE|DD
2020-04-28,exit,regional_banks,10.0,0.749331550802139,COF|FITB|HBAN
2020-04-28,enter,construction_infrastructure,2.0,0.8631907308377896,FLR|BLDR|ROAD
2020-04-29,exit,homebuilders_housing,12.0,0.75,BLD|CCS|KBH
2020-04-29,exit,industrial_automation,21.0,0.6929590017825312,CRH|CE|DD
2020-04-29,exit,construction_infrastructure,15.0,0.7168003565062389,FLR|BLDR|ROAD
2020-04-29,enter,airlines_travel,1.0,0.8290998217468805,NCLH|PK|JBLU
2020-04-29,enter,oil_services,2.0,0.8215240641711229,LBRT|NBR|PTEN
2020-04-30,exit,electronics_components,8.0,0.71524064171123,COHR|MTSI|TEL
2020-04-30,exit,airlines_travel,15.0,0.6867201426024955,NCLH|PK|JBLU
2020-04-30,enter,oil_gas,1.0,0.8025846702317292,AR|OVV|LBRT
2020-04-30,enter,construction_infrastructure,3.0,0.7524509803921569,FLR|BLDR|URI
2020-05-01,exit,oil_services,38.0,0.553698752228164,LBRT|NBR|PTEN
2020-05-01,exit,oil_gas,5.0,0.7355169340463458,AR|OVV|LBRT
2020-05-01,enter,retail_consumer,2.0,0.7847593582887701,GME|BLMN|ELF
2020-05-01,enter,copper_metals,3.0,0.7562388591800357,CENX|CLF|TECK
2020-05-04,exit,construction_infrastructure,13.0,0.6651069518716577,FLR|BLDR|URI
2020-05-04,exit,retail_consumer,45.0,0.5251782531194297,GME|BLMN|ELF
2020-05-04,enter,oil_gas,1.0,0.8322192513368983,AR|LBRT|OVV
2020-05-04,enter,energy,2.0,0.8306595365418895,COP|EOG|FANG
2020-05-04,enter,oil_exploration,3.0,0.7794117647058824,FANG|APA|OXY
2020-05-05,exit,copper_metals,52.0,0.5147058823529412,CENX|CLF|TECK
2020-05-05,exit,oil_gas,11.0,0.7092245989304813,AR|LBRT|OVV
2020-05-05,exit,energy,37.0,0.5597147950089126,COP|EOG|FANG
2020-05-05,exit,oil_exploration,34.0,0.5737522281639929,FANG|APA|OXY
2020-05-05,enter,homebuilders_housing,1.0,0.821301247771836,TREX|MTH|FND
2020-05-05,enter,fintech_payments,2.0,0.7970142602495544,PAGS|BILL|PYPL
2020-05-05,enter,dev_tools,3.0,0.7883244206773617,TEAM|MDB|DDOG
2020-05-06,exit,homebuilders_housing,42.0,0.5331996434937611,TREX|MTH|FND
2020-05-06,exit,fintech_payments,9.0,0.7219251336898396,PAGS|BILL|PYPL
2020-05-06,exit,dev_tools,5.0,0.7598039215686275,TEAM|MDB|DDOG
2020-05-06,enter,cybersecurity,1.0,0.8275401069518716,ZS|OKTA|TENB
2020-05-06,enter,diagnostics_tools,2.0,0.7782976827094474,TECH|RVTY|GH
2020-05-06,enter,gaming_sports_betting,3.0,0.7633689839572194,DKNG|EA|TTWO
2020-05-07,exit,diagnostics_tools,14.0,0.6729055258467023,TECH|RVTY|GH
2020-05-07,enter,workflow_software,1.0,0.7918894830659536,TEAM|DOCU|ZM
2020-05-07,enter,silver,2.0,0.7814171122994652,WPM|FNV|PAAS
2020-05-08,exit,cybersecurity,24.0,0.6098484848484848,ZS|OKTA|TENB
2020-05-08,exit,gaming_sports_betting,29.0,0.5918003565062389,DKNG|EA|TTWO
2020-05-08,exit,workflow_software,40.0,0.5463458110516933,TEAM|DOCU|ZM
2020-05-08,exit,silver,88.0,0.28899286987522277,WPM|FNV|PAAS
2020-05-08,enter,memory_storage,1.0,0.7780748663101603,MRAM|RMBS|PSTG
2020-05-08,enter,memory,2.0,0.7622549019607843,MRAM|RMBS|LRCX
2020-05-08,enter,consumer_internet_marketplaces,3.0,0.733065953654189,ETSY|CVNA|MELI
2020-05-11,exit,memory_storage,40.0,0.587121212121212,MRAM|RMBS|PSTG
2020-05-11,exit,memory,39.0,0.587121212121212,MRAM|RMBS|LRCX
2020-05-11,exit,consumer_internet_marketplaces,14.0,0.675802139037433,ETSY|CVNA|MELI
2020-05-11,enter,diagnostics_tools,1.0,0.841131907308378,GH|TECH|A
2020-05-11,enter,cybersecurity,2.0,0.8351158645276293,FTNT|TENB|NET
2020-05-11,enter,biotech,3.0,0.820632798573975,CRSP|MRNA|NTLA
2020-05-12,exit,cybersecurity,12.0,0.7056595365418895,FTNT|TENB|NET
2020-05-12,exit,biotech,11.0,0.7250445632798574,CRSP|MRNA|NTLA
2020-05-12,enter,consumer_internet_marketplaces,1.0,0.8068181818181818,JMIA|PDD|UBER
2020-05-12,enter,biotech_innovation,2.0,0.7970142602495544,NVAX|GH|NTLA
2020-05-12,enter,china_internet,3.0,0.7811942959001782,PDD|FUTU|ZTO
2020-05-13,exit,diagnostics_tools,8.0,0.731283422459893,GH|TECH|A
2020-05-13,enter,dev_tools,3.0,0.7918894830659536,DDOG|MDB|CDNS
2020-05-14,exit,consumer_internet_marketplaces,46.0,0.5120320855614973,JMIA|PDD|UBER
2020-05-14,exit,biotech_innovation,41.0,0.5282976827094474,NVAX|GH|NTLA
2020-05-14,exit,china_internet,2.0,0.7684937611408199,PDD|FUTU|ZTO
2020-05-14,exit,dev_tools,10.0,0.6762477718360071,DDOG|MDB|CDNS
2020-05-14,enter,memory,1.0,0.821301247771836,LRCX|MRAM|MU
2020-05-14,enter,china_internet,2.0,0.7684937611408199,PDD|FUTU|JD
2020-05-14,enter,ai_infrastructure,3.0,0.767602495543672,NVDA|AMD|TSM
2020-05-15,exit,memory,74.0,0.3415775401069519,LRCX|MRAM|MU
2020-05-15,exit,china_internet,16.0,0.6934046345811052,PDD|FUTU|JD
2020-05-15,exit,ai_infrastructure,54.0,0.45209447415329773,NVDA|AMD|TSM
2020-05-15,enter,gold_silver_miners,1.0,0.8527183600713012,CDE|EXK|FSM
2020-05-15,enter,silver,2.0,0.8161764705882354,HL|PAAS|SVM
2020-05-15,enter,managed_care,3.0,0.7943404634581105,HUM|MOH|UNH
2020-05-18,exit,gold_silver_miners,27.0,0.6385918003565062,CDE|EXK|FSM
2020-05-18,exit,silver,26.0,0.641042780748663,HL|PAAS|SVM
2020-05-18,exit,managed_care,69.0,0.3850267379679145,HUM|MOH|UNH
2020-05-18,enter,apparel_beauty_lifestyle,1.0,0.8074866310160427,CELH|HLF|BBWI
2020-05-18,enter,airlines_travel,2.0,0.7999108734402851,EXPE|TRIP|RCL
2020-05-18,enter,travel,3.0,0.7754010695187166,EXPE|MAR|BKNG
2020-05-19,exit,apparel_beauty_lifestyle,10.0,0.7192513368983956,CELH|HLF|BBWI
2020-05-19,exit,airlines_travel,12.0,0.7116755793226381,EXPE|TRIP|RCL
2020-05-19,exit,travel,17.0,0.6818181818181818,EXPE|MAR|BKNG
2020-05-19,enter,gold_silver_miners,1.0,0.9226827094474154,HL|CDE|EXK
2020-05-19,enter,silver,2.0,0.8975044563279859,HL|PAAS|AG
2020-05-19,enter,china_internet,3.0,0.8622994652406416,BILI|FUTU|TIGR
2020-05-20,exit,gold_silver_miners,10.0,0.6907308377896614,HL|CDE|EXK
2020-05-20,exit,silver,9.0,0.6942959001782532,HL|PAAS|AG
2020-05-20,exit,china_internet,61.0,0.4661319073083779,BILI|FUTU|TIGR
2020-05-20,enter,construction_infrastructure,1.0,0.7745098039215685,DY|MTZ|FBIN
2020-05-20,enter,storage,2.0,0.7379679144385026,HPQ|QMCO|HPE
2020-05-20,enter,apparel_beauty_lifestyle,3.0,0.7243761140819963,CELH|HLF|DECK
2020-05-21,exit,storage,21.0,0.6622103386809269,HPQ|QMCO|HPE
2020-05-21,enter,homebuilders_housing,1.0,0.8716577540106951,KBH|CCS|BLD
2020-05-26,exit,construction_infrastructure,4.0,0.820409982174688,DY|MTZ|FBIN
2020-05-26,exit,apparel_beauty_lifestyle,3.0,0.8224153297682708,CELH|HLF|DECK
2020-05-26,exit,homebuilders_housing,2.0,0.8279857397504455,KBH|CCS|BLD
2020-05-26,enter,airlines_travel,1.0,0.8453654188948306,UAL|ALK|NCLH
2020-05-26,enter,homebuilders_housing,2.0,0.8279857397504455,BLD|OC|JHX
2020-05-26,enter,apparel_beauty_lifestyle,3.0,0.8224153297682708,CELH|DECK|BBWI
2020-05-27,exit,homebuilders_housing,6.0,0.7932263814616757,BLD|OC|JHX
2020-05-27,enter,mega_banks,3.0,0.8259803921568626,MS|GS|C
2020-05-28,exit,airlines_travel,34.0,0.5995989304812834,UAL|ALK|NCLH
2020-05-28,exit,apparel_beauty_lifestyle,15.0,0.7014260249554367,CELH|DECK|BBWI
2020-05-28,exit,mega_banks,39.0,0.5873440285204993,MS|GS|C
2020-05-28,enter,utilities_yield,1.0,0.7807486631016044,ETN|AEP|NEE
2020-05-28,enter,retail_consumer,2.0,0.7778520499108735,DLTR|M|TLRY
2020-05-28,enter,business_apps,3.0,0.7386363636363638,WDAY|ADSK|TYL
2020-05-29,exit,utilities_yield,23.0,0.6363636363636364,ETN|AEP|NEE
2020-05-29,exit,retail_consumer,16.0,0.6677807486631016,DLTR|M|TLRY
2020-05-29,enter,cloud,1.0,0.7729500891265599,ZS|MDB|AKAM
2020-05-29,enter,vertical_software,2.0,0.766934046345811,VEEV|PTC|ADSK
2020-05-29,enter,cybersecurity,3.0,0.7564616755793228,ZS|CRWD|GEN
2020-06-01,exit,business_apps,34.0,0.609180035650624,WDAY|ADSK|TYL
2020-06-01,exit,cloud,11.0,0.7105614973262032,ZS|MDB|AKAM
2020-06-01,exit,vertical_software,14.0,0.6998663101604277,VEEV|PTC|ADSK
2020-06-01,exit,cybersecurity,16.0,0.6820409982174689,ZS|CRWD|GEN
2020-06-01,enter,banks_brokers_exchanges,1.0,0.8121657754010696,ALLY|BCS|DB
2020-06-01,enter,mega_banks,2.0,0.800802139037433,C|WFC|GS
2020-06-01,enter,regional_banks,3.0,0.7992424242424243,COF|TFC|FITB
2020-06-02,exit,banks_brokers_exchanges,50.0,0.5062388591800356,ALLY|BCS|DB
2020-06-02,exit,mega_banks,33.0,0.5668449197860962,C|WFC|GS
2020-06-02,exit,regional_banks,75.0,0.39705882352941174,COF|TFC|FITB
2020-06-02,enter,copper,1.0,0.7811942959001781,HBM|BHP|RIO
2020-06-02,enter,china_internet,2.0,0.7725044563279858,FUTU|NIO|NTES
2020-06-02,enter,industrial_automation,3.0,0.7475490196078431,OLN|CNH|TEX
2020-06-03,exit,china_internet,4.0,0.7154634581105169,FUTU|NIO|NTES
2020-06-03,enter,networking_optical,2.0,0.7243761140819965,ERIC|NOK|EXTR
2020-06-04,exit,copper,36.0,0.6056149732620322,HBM|BHP|RIO
2020-06-04,exit,industrial_automation,13.0,0.6887254901960783,OLN|CNH|TEX
2020-06-04,exit,networking_optical,62.0,0.44875222816399285,ERIC|NOK|EXTR
2020-06-04,enter,drones_autonomy,1.0,0.7992424242424242,TXT|AXON|AVAV
2020-06-04,enter,copper_metals,2.0,0.7930035650623884,AA|VALE|CENX
2020-06-04,enter,semis,3.0,0.7867647058823529,TER|ON|QCOM
2020-06-05,exit,drones_autonomy,64.0,0.41711229946524064,TXT|AXON|AVAV
2020-06-05,exit,copper_metals,20.0,0.6651069518716578,AA|VALE|CENX
2020-06-05,exit,semis,27.0,0.6392602495543671,TER|ON|QCOM
2020-06-05,enter,oil_services,1.0,0.8573975044563281,RIG|BORR|NBR
2020-06-05,enter,energy,2.0,0.8168449197860963,OXY|APA|FANG
2020-06-05,enter,industrial_automation,3.0,0.7938948306595364,TEX|CNH|IR
2020-06-08,exit,industrial_automation,12.0,0.6985294117647058,TEX|CNH|IR
2020-06-08,enter,oil_gas,1.0,0.8331105169340464,OXY|LBRT|APA
2020-06-09,exit,oil_services,13.0,0.6561942959001782,RIG|BORR|NBR
2020-06-09,exit,energy,9.0,0.6709001782531194,OXY|APA|FANG
2020-06-09,exit,oil_gas,6.0,0.6882798573975044,OXY|LBRT|APA
2020-06-09,enter,digital_ads_media,1.0,0.7488859180035651,PSKY|WBD|MGNI
2020-06-09,enter,networking_optical,2.0,0.7139037433155082,GLW|EXTR|VIAV
2020-06-09,enter,electronics_components,3.0,0.7130124777183601,GLW|FLEX|CLS
2020-06-10,exit,digital_ads_media,36.0,0.5782085561497327,PSKY|WBD|MGNI
2020-06-10,exit,networking_optical,32.0,0.5904634581105169,GLW|EXTR|VIAV
2020-06-10,exit,electronics_components,63.0,0.44050802139037437,GLW|FLEX|CLS
2020-06-10,enter,gold_silver_miners,1.0,0.8322192513368984,EGO|CDE|EXK
2020-06-10,enter,copper_metals,2.0,0.7727272727272727,TGB|EQX|CENX
2020-06-10,enter,silver,3.0,0.764928698752228,SVM|HL|AG
2020-06-11,exit,gold_silver_miners,35.0,0.571969696969697,EGO|CDE|EXK
2020-06-11,exit,copper_metals,63.0,0.42580213903743314,TGB|EQX|CENX
2020-06-11,exit,silver,57.0,0.4737076648841354,SVM|HL|AG
2020-06-11,enter,consumer_staples,1.0,0.7455436720142602,CL|KR|PG
2020-06-11,enter,workflow_software,2.0,0.7337344028520498,DOCU|ZM|NOW
2020-06-11,enter,utilities_yield,3.0,0.7248217468805704,BE|FCEL|D
2020-06-12,exit,consumer_staples,31.0,0.5559269162210339,CL|KR|PG
2020-06-12,exit,workflow_software,55.0,0.4948752228163993,DOCU|ZM|NOW
2020-06-12,exit,utilities_yield,21.0,0.6002673796791445,BE|FCEL|D
2020-06-12,enter,fintech_payments,1.0,0.7573529411764705,BILL|V|PYPL
2020-06-12,enter,ai_apps_agents,2.0,0.7475490196078431,MSFT|GTM|DDOG
2020-06-12,enter,data_centers,3.0,0.7190285204991087,SMCI|VRT|EQIX
2020-06-15,exit,fintech_payments,43.0,0.5334224598930482,BILL|V|PYPL
2020-06-15,exit,ai_apps_agents,15.0,0.658199643493761,MSFT|GTM|DDOG
2020-06-15,enter,cloud,1.0,0.7528966131907309,ZM|NET|MDB
2020-06-15,enter,semis,2.0,0.748663101604278,TER|AMD|TSM
2020-06-15,enter,china_internet,3.0,0.7397504456327986,NIO|PDD|BILI
2020-06-16,exit,data_centers,24.0,0.6151960784313726,SMCI|VRT|EQIX
2020-06-16,exit,cloud,40.0,0.5287433155080214,ZM|NET|MDB
2020-06-16,exit,semis,27.0,0.6000445632798574,TER|AMD|TSM
2020-06-16,exit,china_internet,15.0,0.6546345811051694,NIO|PDD|BILI
2020-06-16,enter,fintech,1.0,0.7357397504456327,XYZ|FUTU|FIS
2020-06-16,enter,mega_cap_platforms,2.0,0.7241532976827094,LLY|ADBE|TSLA
2020-06-16,enter,solar,3.0,0.7208110516934045,RUN|SEDG|ENPH
2020-06-17,exit,fintech,19.0,0.711452762923351,XYZ|FUTU|FIS
2020-06-17,exit,mega_cap_platforms,27.0,0.6423796791443851,LLY|ADBE|TSLA
2020-06-17,exit,solar,79.0,0.29411764705882354,RUN|SEDG|ENPH
2020-06-17,enter,cloud,1.0,0.8594028520499108,NET|ZM|MDB
2020-06-17,enter,gaming_sports_betting,2.0,0.8540552584670232,BILI|DKNG|EA
2020-06-17,enter,consumer_internet_marketplaces,3.0,0.8099376114081996,SE|QXO|BILI
2020-06-18,enter,asset_managers_alts,1.0,0.7907754010695187,KKR|CG|APO
2020-06-18,enter,china_internet,3.0,0.7613636363636364,BILI|NIO|PDD
2020-06-19,exit,cloud,42.0,0.5487967914438503,NET|ZM|MDB
2020-06-19,exit,gaming_sports_betting,3.0,0.7647058823529411,BILI|DKNG|EA
2020-06-19,exit,asset_managers_alts,37.0,0.5733065953654188,KKR|CG|APO
2020-06-19,exit,china_internet,4.0,0.7557932263814617,BILI|NIO|PDD
2020-06-19,enter,medtech_devices,2.0,0.78475935828877,HOLX|IRTC|PODD
2020-06-19,enter,gaming_sports_betting,3.0,0.7647058823529411,BILI|DKNG|EA
2020-06-22,exit,consumer_internet_marketplaces,4.0,0.7731729055258467,SE|QXO|BILI
2020-06-22,exit,medtech_devices,35.0,0.5773172905525846,HOLX|IRTC|PODD
2020-06-22,exit,gaming_sports_betting,45.0,0.5129233511586453,BILI|DKNG|EA
2020-06-22,enter,dev_tools,1.0,0.803030303030303,DDOG|TEAM|MDB
2020-06-22,enter,biotech_innovation,2.0,0.7896613190730838,NVAX|CRSP|DFTX
2020-06-22,enter,ai_apps,3.0,0.7889928698752228,PINS|SNAP
2020-06-23,exit,dev_tools,9.0,0.7259358288770054,DDOG|TEAM|MDB
2020-06-23,exit,biotech_innovation,22.0,0.6526292335115864,NVAX|CRSP|DFTX
2020-06-23,enter,gold_silver_miners,2.0,0.8059269162210339,AU|FSM|GOLD
2020-06-23,enter,consumer_internet_marketplaces,3.0,0.8048128342245989,ETSY|JMIA|SHOP
2020-06-24,exit,ai_apps,39.0,0.5606060606060607,PINS|SNAP
2020-06-24,exit,gold_silver_miners,10.0,0.6673351158645275,AU|FSM|GOLD
2020-06-24,exit,consumer_internet_marketplaces,3.0,0.7174688057040997,ETSY|JMIA|SHOP
2020-06-24,enter,renewables_storage,1.0,0.7932263814616756,PLUG|RUN|ENPH
2020-06-24,enter,biotech_innovation,2.0,0.7638146167557932,NVAX|TVTX|ARWR
2020-06-24,enter,consumer_internet_marketplaces,3.0,0.7174688057040997,ETSY|SHOP|AMZN
2020-06-25,exit,renewables_storage,32.0,0.5808823529411765,PLUG|RUN|ENPH
2020-06-25,exit,consumer_internet_marketplaces,49.0,0.5122549019607843,ETSY|SHOP|AMZN
2020-06-25,enter,mega_cap_platforms,1.0,0.7959001782531194,AAPL|AMZN|NVDA
2020-06-25,enter,healthcare,2.0,0.7566844919786097,TDOC|VEEV|MOH
2020-06-26,exit,biotech_innovation,24.0,0.5931372549019608,NVAX|TVTX|ARWR
2020-06-26,exit,mega_cap_platforms,22.0,0.604946524064171,AAPL|AMZN|NVDA
2020-06-26,exit,healthcare,35.0,0.5572638146167558,TDOC|VEEV|MOH
2020-06-26,enter,dev_tools,1.0,0.7713903743315509,MDB|TEAM|CDNS
2020-06-26,enter,cloud,2.0,0.7379679144385026,AKAM|MDB|ZM
2020-06-26,enter,workflow_software,3.0,0.7306149732620322,DOCU|TEAM|ZM
2020-06-29,exit,dev_tools,90.0,0.27228163992869875,MDB|TEAM|CDNS
2020-06-29,exit,cloud,77.0,0.3578431372549019,AKAM|MDB|ZM
2020-06-29,exit,workflow_software,71.0,0.38859180035650626,DOCU|TEAM|ZM
2020-06-29,enter,apparel_beauty_lifestyle,1.0,0.8228609625668448,CELH|GAP|ELF
2020-06-29,enter,gold_silver_miners,2.0,0.8088235294117648,EXK|HMY|IAG
2020-06-29,enter,renewables_storage,3.0,0.7930035650623884,PLUG|BLDP|FCEL
2020-06-30,exit,apparel_beauty_lifestyle,58.0,0.4728163992869875,CELH|GAP|ELF
2020-06-30,exit,renewables_storage,15.0,0.6791443850267379,PLUG|BLDP|FCEL
2020-06-30,enter,copper_metals,2.0,0.8233065953654187,ASM|HMY|IAG
2020-06-30,enter,silver,3.0,0.8050356506238858,AG|HL|PAAS
2020-07-01,exit,gold_silver_miners,11.0,0.711452762923351,EXK|HMY|IAG
2020-07-01,exit,copper_metals,9.0,0.7397504456327986,ASM|HMY|IAG
2020-07-01,exit,silver,16.0,0.6639928698752229,AG|HL|PAAS
2020-07-01,enter,workflow_software,1.0,0.7927807486631016,WDAY|DOCU|HUBS
2020-07-01,enter,business_apps,2.0,0.7760695187165776,WDAY|INTU|DOCU
2020-07-01,enter,utilities_yield,3.0,0.7549019607843137,BE|CMS|PEG
2020-07-02,exit,workflow_software,32.0,0.591577540106952,WDAY|DOCU|HUBS
2020-07-02,exit,business_apps,20.0,0.6399286987522281,WDAY|INTU|DOCU
2020-07-02,exit,utilities_yield,13.0,0.6947415329768271,BE|CMS|PEG
2020-07-02,enter,natural_gas,1.0,0.7678253119429588,AR|EQT|RRC
2020-07-02,enter,consumer_internet_marketplaces,2.0,0.7580213903743315,SHOP|PDD|CVNA
2020-07-02,enter,china_internet,3.0,0.7566844919786097,NIO|PDD|TME
2020-07-06,exit,consumer_internet_marketplaces,33.0,0.5980392156862745,SHOP|PDD|CVNA
2020-07-06,exit,china_internet,26.0,0.6281194295900179,NIO|PDD|TME
2020-07-06,enter,lithium_battery_materials,1.0,0.8295454545454546,LAR|SQM|SGML
2020-07-06,enter,renewables_storage,2.0,0.8219696969696969,PLUG|BLDP|LAR
2020-07-07,exit,natural_gas,2.0,0.7796345811051694,AR|EQT|RRC
2020-07-07,exit,lithium_battery_materials,35.0,0.5795454545454546,LAR|SQM|SGML
2020-07-07,exit,renewables_storage,8.0,0.7504456327985738,PLUG|BLDP|LAR
2020-07-07,enter,gold_silver_miners,1.0,0.8255347593582888,HMY|EGO|IAG
2020-07-07,enter,natural_gas,2.0,0.7796345811051694,EQT|RRC|LNG
2020-07-07,enter,biotech,3.0,0.7633689839572192,CRSP|NTLA|ALNY
2020-07-08,exit,natural_gas,54.0,0.47504456327985745,EQT|RRC|LNG
2020-07-08,exit,biotech,43.0,0.5256238859180035,CRSP|NTLA|ALNY
2020-07-08,enter,mega_cap_platforms,2.0,0.8048128342245989,AMZN|TSLA|NFLX
2020-07-08,enter,consumer_internet_marketplaces,3.0,0.803030303030303,JMIA|BABA|SE
2020-07-09,exit,gold_silver_miners,4.0,0.7894385026737968,HMY|EGO|IAG
2020-07-09,exit,mega_cap_platforms,8.0,0.7606951871657753,AMZN|TSLA|NFLX
2020-07-09,enter,china_internet,1.0,0.8792335115864528,NIO|TIGR|FUTU
2020-07-09,enter,cybersecurity,3.0,0.7934491978609625,ZS|CHKP|CRWD
2020-07-10,exit,consumer_internet_marketplaces,18.0,0.6343582887700535,JMIA|BABA|SE
2020-07-10,exit,china_internet,19.0,0.6238859180035651,NIO|TIGR|FUTU
2020-07-10,exit,cybersecurity,21.0,0.6205436720142603,ZS|CHKP|CRWD
2020-07-10,enter,copper,1.0,0.8467023172905525,HBM|FCX|SCCO
2020-07-10,enter,copper_metals,2.0,0.7642602495543671,EXK|HMY|HBM
2020-07-10,enter,mega_banks,3.0,0.7448752228163993,GS|MS|C
2020-07-13,exit,copper,2.0,0.7618092691622104,HBM|FCX|SCCO
2020-07-13,enter,copper,2.0,0.7618092691622104,HBM|FCX|TECK
2020-07-13,enter,gold_silver_miners,3.0,0.7591354723707664,EXK|HL|HMY
2020-07-14,exit,copper_metals,10.0,0.7147950089126559,EXK|HMY|HBM
2020-07-14,exit,mega_banks,36.0,0.5817736185383243,GS|MS|C
2020-07-14,exit,copper,30.0,0.5964795008912656,HBM|FCX|TECK
2020-07-14,enter,silver,1.0,0.8304367201426026,HL|SVM|PAAS
2020-07-14,enter,solar,2.0,0.768716577540107,RUN|FSLR|SEDG
2020-07-15,exit,gold_silver_miners,39.0,0.5548371013571946,EXK|HL|HMY
2020-07-15,exit,silver,7.0,0.75920606766559,HL|SVM|PAAS
2020-07-15,exit,solar,30.0,0.6517026702670268,RUN|FSLR|SEDG
2020-07-15,enter,airlines_travel,1.0,0.8317581758175818,RCL|NCLH|CCL
2020-07-15,enter,electronics_components,2.0,0.8165537141949489,FLEX|IPGP|SANM
2020-07-15,enter,industrial_automation,3.0,0.8141181765235348,DE|CAT|OLN
2020-07-16,exit,airlines_travel,31.0,0.6125222816399287,RCL|NCLH|CCL
2020-07-16,exit,electronics_components,39.0,0.5840017825311944,FLEX|IPGP|SANM
2020-07-16,exit,industrial_automation,7.0,0.7731729055258467,DE|CAT|OLN
2020-07-16,enter,insurance,1.0,0.8478163992869876,AIG|PGR|CB
2020-07-16,enter,homebuilders_housing,2.0,0.840463458110517,LEN|BLDR|PHM
2020-07-16,enter,banks_brokers_exchanges,3.0,0.8059269162210337,ALLY|MS|FLG
2020-07-17,exit,insurance,32.0,0.5857843137254901,AIG|PGR|CB
2020-07-17,exit,homebuilders_housing,22.0,0.6858288770053476,LEN|BLDR|PHM
2020-07-17,exit,banks_brokers_exchanges,50.0,0.4721479500891266,ALLY|MS|FLG
2020-07-17,enter,quantum_computing,1.0,0.8168449197860962,QUBT|HON|IBM
2020-07-17,enter,agriculture_food_inputs,2.0,0.8008021390374332,DAR|AGCO|DE
2020-07-17,enter,power_grid_electrification,3.0,0.7990196078431372,TT|JCI|AES
2020-07-20,exit,quantum_computing,61.0,0.4476381461675579,QUBT|HON|IBM
2020-07-20,exit,agriculture_food_inputs,86.0,0.28141711229946526,DAR|AGCO|DE
2020-07-20,exit,power_grid_electrification,49.0,0.5102495543672015,TT|JCI|AES
2020-07-20,enter,gold_silver_miners,1.0,0.8094919786096257,USAS|HL|SVM
2020-07-20,enter,uranium,2.0,0.7938948306595364,LEU|UUUU|UEC
2020-07-20,enter,solar,3.0,0.7769607843137255,RUN|SEDG|ENPH
2020-07-21,exit,uranium,14.0,0.6646613190730838,LEU|UUUU|UEC
2020-07-21,exit,solar,44.0,0.5416666666666666,RUN|SEDG|ENPH
2020-07-21,enter,oil_services,1.0,0.8611853832442068,NBR|HAL|FTI
2020-07-21,enter,oil_gas,2.0,0.8204099821746881,APA|DVN|TRGP
2020-07-21,enter,energy,3.0,0.7907754010695187,HAL|DVN|APA
2020-07-22,exit,oil_services,47.0,0.5035650623885918,NBR|HAL|FTI
2020-07-22,exit,oil_gas,80.0,0.3155080213903743,APA|DVN|TRGP
2020-07-22,exit,energy,61.0,0.4665775401069519,HAL|DVN|APA
2020-07-22,enter,homebuilders_housing,1.0,0.8460338680926917,CCS|MTH|PHM
2020-07-22,enter,crypto_infrastructure,3.0,0.7930035650623887,CLSK|MARA|WULF
2020-07-23,exit,gold_silver_miners,6.0,0.783868092691622,USAS|HL|SVM
2020-07-23,exit,homebuilders_housing,26.0,0.6414884135472371,CCS|MTH|PHM
2020-07-23,enter,uranium,1.0,0.8721033868092692,LEU|NXE|DNN
2020-07-23,enter,nuclear,2.0,0.8580659536541888,LEU|NXE|DNN
2020-07-23,enter,networking_optical,3.0,0.8340017825311944,ANET|AAOI|ERIC
2020-07-24,exit,crypto_infrastructure,8.0,0.7664884135472372,CLSK|MARA|WULF
2020-07-24,exit,uranium,9.0,0.7664884135472371,LEU|NXE|DNN
2020-07-24,exit,nuclear,20.0,0.6695632798573975,LEU|NXE|DNN
2020-07-24,exit,networking_optical,23.0,0.6356951871657753,ANET|AAOI|ERIC
2020-07-24,enter,gold_silver_miners,1.0,0.9024064171122995,EXK|AG|USAS
2020-07-24,enter,copper_metals,2.0,0.8741087344028521,EXK|TGB|HMY
2020-07-24,enter,silver,3.0,0.8357843137254902,AG|SLV|WPM
2020-07-27,enter,homebuilders_housing,3.0,0.8246434937611408,PHM|FND|MTH
2020-07-28,exit,gold_silver_miners,2.0,0.8259803921568628,EXK|AG|USAS
2020-07-28,exit,copper_metals,11.0,0.7194741532976828,EXK|TGB|HMY
2020-07-28,exit,silver,10.0,0.731729055258467,AG|SLV|WPM
2020-07-28,exit,homebuilders_housing,12.0,0.7154634581105168,PHM|FND|MTH
2020-07-28,enter,real_estate_reits,1.0,0.8415775401069521,DLR|MPT|ABR
2020-07-28,enter,gold_silver_miners,2.0,0.8259803921568628,EXK|AU|AEM
2020-07-28,enter,crypto_infrastructure,3.0,0.8161764705882353,MARA|HUT|CLSK
2020-07-29,exit,real_estate_reits,9.0,0.7348484848484848,DLR|MPT|ABR
2020-07-29,exit,gold_silver_miners,32.0,0.6087344028520498,EXK|AU|AEM
2020-07-29,exit,crypto_infrastructure,19.0,0.6659982174688057,MARA|HUT|CLSK
2020-07-29,enter,medtech_devices,1.0,0.8233065953654188,BSX|TMDX|HOLX
2020-07-29,enter,datacenter_reits_towers,2.0,0.8057040998217468,DLR|SBAC|AMT
2020-07-29,enter,regional_banks,3.0,0.7954545454545453,KEY|USB|FITB
2020-07-30,exit,medtech_devices,23.0,0.6294563279857397,BSX|TMDX|HOLX
2020-07-30,exit,datacenter_reits_towers,17.0,0.6809269162210339,DLR|SBAC|AMT
2020-07-30,exit,regional_banks,90.0,0.27205882352941174,KEY|USB|FITB
2020-07-30,enter,consumer_internet_marketplaces,1.0,0.7852049910873441,JMIA|MELI|QXO
2020-07-30,enter,semicap_equipment,2.0,0.783645276292335,UCTT|ICHR|COHU
2020-07-30,enter,ai_infrastructure,3.0,0.7787433155080213,AMD|MPWR|TSM
2020-07-31,exit,consumer_internet_marketplaces,12.0,0.6887254901960783,JMIA|MELI|QXO
2020-07-31,exit,semicap_equipment,17.0,0.6775846702317292,UCTT|ICHR|COHU
2020-07-31,exit,ai_infrastructure,35.0,0.5938057040998217,AMD|MPWR|TSM
2020-07-31,enter,networking,1.0,0.8186274509803922,QCOM|ANET|CIEN
2020-07-31,enter,real_estate_reits,2.0,0.7778520499108734,DLR|ABR|PSA
2020-07-31,enter,ai_apps,3.0,0.7738413547237075,PINS|SNAP
2020-08-03,exit,networking,4.0,0.7488859180035651,QCOM|ANET|CIEN
2020-08-03,exit,real_estate_reits,47.0,0.5111408199643495,DLR|ABR|PSA
2020-08-03,exit,ai_apps,31.0,0.6096256684491979,PINS|SNAP
2020-08-03,enter,fintech_payments,1.0,0.7780748663101603,BILL|FIS|PYPL
2020-08-03,enter,fintech,2.0,0.7553475935828876,FUTU|PYPL|FIS
2020-08-03,enter,consumer_internet_marketplaces,3.0,0.750891265597148,JMIA|CHWY|ETSY
2020-08-04,exit,fintech_payments,29.0,0.5913547237076648,BILL|FIS|PYPL
2020-08-04,enter,oil_gas,1.0,0.8148395721925134,WMB|AR|RRC
2020-08-04,enter,natural_gas,2.0,0.8088235294117648,AR|WMB|RRC
2020-08-04,enter,networking_optical,3.0,0.768270944741533,HLIT|AAOI|NOK
2020-08-05,exit,natural_gas,33.0,0.5652852049910873,AR|WMB|RRC
2020-08-05,exit,networking_optical,39.0,0.5405525846702318,HLIT|AAOI|NOK
2020-08-05,enter,crypto_infrastructure,1.0,0.7979055258467023,MARA|RIOT|SBET
2020-08-05,enter,solar,2.0,0.7858734402852049,ENPH|RUN|SEDG
2020-08-06,exit,fintech,11.0,0.7040998217468806,FUTU|PYPL|FIS
2020-08-06,exit,consumer_internet_marketplaces,14.0,0.6856060606060607,JMIA|CHWY|ETSY
2020-08-06,exit,oil_gas,21.0,0.6530748663101603,WMB|AR|RRC
2020-08-06,exit,crypto_infrastructure,9.0,0.7076648841354723,MARA|RIOT|SBET
2020-08-06,exit,solar,35.0,0.5815508021390375,ENPH|RUN|SEDG
2020-08-06,enter,airlines_travel,1.0,0.8152852049910874,UBER|AAL|HLT
2020-08-06,enter,consumer_internet,2.0,0.783868092691622,NTES|PINS|BABA
2020-08-06,enter,transport_logistics,3.0,0.7589126559714795,AAL|UBER|LYFT
2020-08-07,exit,airlines_travel,22.0,0.6724598930481284,UBER|AAL|HLT
2020-08-07,exit,consumer_internet,73.0,0.34915329768270953,NTES|PINS|BABA
2020-08-07,exit,transport_logistics,14.0,0.7116755793226383,AAL|UBER|LYFT
2020-08-07,enter,natural_gas,1.0,0.8446969696969697,RRC|AR|EQT
2020-08-07,enter,construction_infrastructure,2.0,0.8262032085561498,PWR|ROAD|PRIM
2020-08-07,enter,datacenter_infra,3.0,0.7979055258467024,PWR|GNRC|PRIM
2020-08-10,exit,natural_gas,17.0,0.715686274509804,RRC|AR|EQT
2020-08-10,exit,construction_infrastructure,11.0,0.7872103386809269,PWR|ROAD|PRIM
2020-08-10,exit,datacenter_infra,10.0,0.7945632798573975,PWR|GNRC|PRIM
2020-08-10,enter,oil_gas,1.0,0.8685383244206772,AR|RRC|DVN
2020-08-10,enter,airlines_travel,2.0,0.8518270944741533,AAL|RCL|MAR
2020-08-10,enter,agriculture_food_inputs,3.0,0.8357843137254902,MOS|DAR|CF
2020-08-11,exit,oil_gas,26.0,0.6706773618538325,AR|RRC|DVN
2020-08-11,exit,agriculture_food_inputs,14.0,0.7475490196078431,MOS|DAR|CF
2020-08-11,enter,datacenter_infra,1.0,0.8676470588235293,PWR|PH|EMR
2020-08-11,enter,defense,3.0,0.8547237076648839,HWM|TDG|RTX
2020-08-12,exit,airlines_travel,9.0,0.696969696969697,AAL|RCL|MAR
2020-08-12,exit,datacenter_infra,3.0,0.7379679144385026,PWR|PH|EMR
2020-08-12,exit,defense,34.0,0.5944741532976827,HWM|TDG|RTX
2020-08-12,enter,apparel_beauty_lifestyle,1.0,0.7825311942959001,CELH|AEO|TPR
2020-08-12,enter,homebuilders_housing,2.0,0.7582442067736187,BLDR|HD|DHI
2020-08-12,enter,datacenter_infra,3.0,0.7379679144385026,EMR|PWR|PH
2020-08-13,exit,datacenter_infra,7.0,0.7499999999999999,EMR|PWR|PH
2020-08-13,enter,agriculture_food_inputs,1.0,0.8070409982174689,NTR|DAR|CTVA
2020-08-13,enter,renewables_storage,2.0,0.7967914438502673,CSIQ|FSLR|SEDG
2020-08-14,exit,apparel_beauty_lifestyle,8.0,0.7508912655971479,CELH|AEO|TPR
2020-08-14,exit,homebuilders_housing,35.0,0.5757575757575757,BLDR|HD|DHI
2020-08-14,exit,renewables_storage,50.0,0.49576648841354726,CSIQ|FSLR|SEDG
2020-08-14,enter,retail_consumer,1.0,0.8431372549019608,M|AAP|BBY
2020-08-14,enter,airlines_travel,3.0,0.8072638146167559,RCL|H|NCLH
2020-08-17,exit,agriculture_food_inputs,40.0,0.5753119429590018,NTR|DAR|CTVA
2020-08-17,exit,retail_consumer,4.0,0.7549019607843137,M|AAP|BBY
2020-08-17,exit,airlines_travel,93.0,0.21078431372549017,RCL|H|NCLH
2020-08-17,enter,homebuilders_housing,1.0,0.8052584670231729,TOL|HD|BLD
2020-08-17,enter,retail,2.0,0.786096256684492,JD|TGT|DG
2020-08-17,enter,consumer_staples,3.0,0.7600267379679143,TGT|DG|WMT
2020-08-18,exit,retail,12.0,0.7323975044563281,JD|TGT|DG
2020-08-18,enter,renewables_storage,1.0,0.8034759358288771,BLDP|FCEL|PLUG
2020-08-18,enter,mega_cap_platforms,3.0,0.7845365418894831,TSLA|AMZN|NVDA
2020-08-19,exit,homebuilders_housing,10.0,0.6838235294117647,TOL|HD|BLD
2020-08-19,exit,consumer_staples,19.0,0.6377005347593584,TGT|DG|WMT
2020-08-19,enter,retail,2.0,0.7959001782531194,JD|TGT|PDD
2020-08-19,enter,rare_earth_critical_minerals,3.0,0.7909982174688056,LAR|MP|ALB
2020-08-20,exit,renewables_storage,29.0,0.6221033868092691,BLDP|FCEL|PLUG
2020-08-20,exit,retail,7.0,0.7268270944741533,JD|TGT|PDD
2020-08-20,exit,rare_earth_critical_minerals,46.0,0.5287433155080214,LAR|MP|ALB
2020-08-20,enter,business_apps,1.0,0.8021390374331552,CRM|INTU|ADSK
2020-08-20,enter,workflow_software,2.0,0.7941176470588236,ZM|DOCU|WDAY
2020-08-20,enter,consumer_internet_marketplaces,3.0,0.787878787878788,JD|SE|RKT
2020-08-21,exit,mega_cap_platforms,6.0,0.7257130124777184,TSLA|AMZN|NVDA
2020-08-21,exit,business_apps,10.0,0.6860516934046345,CRM|INTU|ADSK
2020-08-21,exit,workflow_software,18.0,0.6472816399286988,ZM|DOCU|WDAY
2020-08-21,exit,consumer_internet_marketplaces,8.0,0.6978609625668449,JD|SE|RKT
2020-08-21,enter,homebuilders_housing,1.0,0.8304367201426025,DHI|TOL|LEN
2020-08-21,enter,consumer_staples,2.0,0.7987967914438502,COST|TGT|MCD
2020-08-21,enter,retail,3.0,0.7794117647058824,JD|TGT|DLTR
2020-08-24,exit,homebuilders_housing,34.0,0.5860071301247771,DHI|TOL|LEN
2020-08-24,exit,consumer_staples,26.0,0.624777183600713,COST|TGT|MCD
2020-08-24,exit,retail,41.0,0.5583778966131907,JD|TGT|DLTR
2020-08-24,enter,airlines_travel,1.0,0.8627450980392157,CCL|EXPE|NCLH
2020-08-24,enter,china_internet,2.0,0.7967914438502675,BABA|JD|LI
2020-08-24,enter,cybersecurity,3.0,0.7704991087344029,ZS|GEN|CRWD
2020-08-25,exit,cybersecurity,27.0,0.5942513368983956,ZS|GEN|CRWD
2020-08-25,enter,consumer_internet_marketplaces,2.0,0.8025846702317291,BABA|JD|RKT
2020-08-25,enter,mega_cap_platforms,3.0,0.7874331550802138,INTU|CRM|META
2020-08-26,exit,airlines_travel,40.0,0.5441176470588235,CCL|EXPE|NCLH
2020-08-26,exit,consumer_internet_marketplaces,12.0,0.7179144385026738,BABA|JD|RKT
2020-08-26,enter,gaming_sports_betting,2.0,0.8092691622103386,BILI|FLUT|TCEHY
2020-08-27,exit,china_internet,14.0,0.69674688057041,BABA|JD|LI
2020-08-27,exit,mega_cap_platforms,19.0,0.6697860962566845,INTU|CRM|META
2020-08-27,exit,gaming_sports_betting,41.0,0.5381016042780749,BILI|FLUT|TCEHY
2020-08-27,enter,airlines_travel,1.0,0.8602941176470589,DAL|TRIP|CCL
2020-08-27,enter,travel,2.0,0.8184046345811052,BKNG|EXPE|MAR
2020-08-27,enter,regional_banks,3.0,0.7889928698752229,COF|KEY|PNC
2020-08-28,exit,regional_banks,25.0,0.6327985739750446,COF|KEY|PNC
2020-08-28,enter,restaurants_food,3.0,0.7912210338680926,CAKE|EAT|SHAK
2020-08-31,exit,airlines_travel,73.0,0.36608734402852044,DAL|TRIP|CCL
2020-08-31,exit,travel,70.0,0.40864527629233505,BKNG|EXPE|MAR
2020-08-31,exit,restaurants_food,14.0,0.6789215686274509,CAKE|EAT|SHAK
2020-08-31,enter,business_apps,1.0,0.7676024955436721,CRM|WDAY|VEEV
2020-08-31,enter,biotech,2.0,0.74777183600713,NTLA|AMGN|CRSP
2020-08-31,enter,robotics,3.0,0.7375222816399288,TSLA|ISRG|CGNX
2020-09-01,exit,biotech,83.0,0.3201871657754011,NTLA|AMGN|CRSP
2020-09-01,exit,robotics,16.0,0.6481729055258467,TSLA|ISRG|CGNX
2020-09-01,enter,workflow_software,1.0,0.8375668449197862,ZM|DOCU|WDAY
2020-09-01,enter,restaurants_food,3.0,0.7771836007130124,BLMN|CMG|EAT
2020-09-02,exit,business_apps,16.0,0.6528520499108734,CRM|WDAY|VEEV
2020-09-02,exit,workflow_software,29.0,0.606729055258467,ZM|DOCU|WDAY
2020-09-02,enter,medtech,1.0,0.8092691622103386,ISRG|BSX|EW
2020-09-02,enter,ai_apps,3.0,0.7435383244206775,PINS|SNAP
2020-09-03,exit,medtech,25.0,0.5842245989304813,ISRG|BSX|EW
2020-09-03,exit,ai_apps,31.0,0.5750891265597148,PINS|SNAP
2020-09-03,enter,retail_consumer,2.0,0.8132798573975045,FIVE|GME|M
2020-09-03,enter,renewables_storage,3.0,0.7604723707664884,QS|CSIQ|NRG
2020-09-04,exit,restaurants_food,21.0,0.6579768270944741,BLMN|CMG|EAT
2020-09-04,exit,retail_consumer,16.0,0.6905080213903745,FIVE|GME|M
2020-09-04,enter,lithium_battery_materials,1.0,0.7950089126559715,QS|ALB|SQM
2020-09-04,enter,industrial_automation,2.0,0.7814171122994652,CNH|CE|DOW
2020-09-04,enter,banks_brokers_exchanges,3.0,0.7767379679144385,ALLY|COF|BAC
2020-09-08,exit,renewables_storage,18.0,0.6544117647058824,QS|CSIQ|NRG
2020-09-08,exit,lithium_battery_materials,14.0,0.6795900178253119,QS|ALB|SQM
2020-09-08,exit,banks_brokers_exchanges,23.0,0.6174242424242424,ALLY|COF|BAC
2020-09-08,enter,transport_logistics,1.0,0.8406862745098038,JBLU|LUV|ALK
2020-09-08,enter,airlines_travel,2.0,0.8233065953654188,PK|CCL|LUV
2020-09-09,exit,industrial_automation,3.0,0.7535650623885917,CNH|CE|DOW
2020-09-09,exit,transport_logistics,18.0,0.6383689839572192,JBLU|LUV|ALK
2020-09-09,exit,airlines_travel,17.0,0.6457219251336898,PK|CCL|LUV
2020-09-09,enter,datacenter_reits_towers,1.0,0.7725044563279858,SBAC|COR|AMT
2020-09-09,enter,real_estate_reits,2.0,0.7624777183600713,O|PK|VICI
2020-09-09,enter,industrial_automation,3.0,0.7535650623885917,CNH|CAT|FTV
2020-09-10,exit,datacenter_reits_towers,52.0,0.5082442067736186,SBAC|COR|AMT
2020-09-10,exit,real_estate_reits,15.0,0.7072192513368984,O|PK|VICI
2020-09-10,exit,industrial_automation,6.0,0.7622549019607843,CNH|CAT|FTV
2020-09-10,enter,apparel_beauty_lifestyle,1.0,0.8284313725490196,CPRI|TPR|UAA
2020-09-10,enter,restaurants,2.0,0.7963458110516933,MCD|TXRH|DPZ
2020-09-10,enter,airlines_travel,3.0,0.7852049910873441,UBER|CCL|NCLH
2020-09-11,exit,restaurants,45.0,0.5298573975044564,MCD|TXRH|DPZ
2020-09-11,exit,airlines_travel,28.0,0.5797682709447416,UBER|CCL|NCLH
2020-09-11,enter,agriculture_food_inputs,1.0,0.8950534759358288,NTR|DAR|AGCO
2020-09-11,enter,industrial_automation,2.0,0.8585115864527629,FTV|DOW|CNH
2020-09-11,enter,datacenter_infra,3.0,0.8469251336898397,FTV|XYL|IR
2020-09-14,exit,apparel_beauty_lifestyle,7.0,0.7261586452762924,CPRI|TPR|UAA
2020-09-14,exit,agriculture_food_inputs,33.0,0.5779857397504456,NTR|DAR|AGCO
2020-09-14,exit,industrial_automation,52.0,0.4875222816399287,FTV|DOW|CNH
2020-09-14,exit,datacenter_infra,25.0,0.6114081996434937,FTV|XYL|IR
2020-09-14,enter,gold_silver_miners,1.0,0.8092691622103386,GOLD|AEM|FSM
2020-09-14,enter,gold,2.0,0.7584670231729055,GOLD|AEM|PAAS
2020-09-14,enter,biotech_innovation,3.0,0.75222816399287,BBIO|GH|NTLA
2020-09-15,exit,gold,41.0,0.5623885918003565,GOLD|AEM|PAAS
2020-09-15,exit,biotech_innovation,24.0,0.6307932263814617,BBIO|GH|NTLA
2020-09-15,enter,gaming_sports_betting,1.0,0.7974598930481284,DKNG|FLUT|TCEHY
2020-09-15,enter,solar,2.0,0.7428698752228164,RUN|ENPH|SEDG
2020-09-15,enter,copper_metals,3.0,0.7415329768270945,TECK|RIO|VALE
2020-09-16,exit,gold_silver_miners,23.0,0.6377005347593583,GOLD|AEM|FSM
2020-09-16,exit,gaming_sports_betting,44.0,0.5594919786096256,DKNG|FLUT|TCEHY
2020-09-16,exit,solar,21.0,0.6688948306595364,RUN|ENPH|SEDG
2020-09-16,enter,homebuilders_housing,1.0,0.8112745098039216,KBH|CCS|BLD
2020-09-16,enter,construction_infrastructure,2.0,0.7789661319073086,VMC|FND|MLM
2020-09-16,enter,apparel_beauty_lifestyle,3.0,0.7704991087344029,TPR|CPRI|UAA
2020-09-17,exit,homebuilders_housing,60.0,0.4688057040998217,KBH|CCS|BLD
2020-09-17,exit,construction_infrastructure,15.0,0.713680926916221,VMC|FND|MLM
2020-09-17,exit,apparel_beauty_lifestyle,37.0,0.5748663101604278,TPR|CPRI|UAA
2020-09-17,enter,copper,2.0,0.80548128342246,TECK|FCX|HBM
2020-09-17,enter,oil_exploration,3.0,0.787878787878788,OXY|FANG|COP
2020-09-18,exit,copper_metals,5.0,0.7818627450980392,TECK|RIO|VALE
2020-09-18,exit,copper,40.0,0.5519162210338681,TECK|FCX|HBM
2020-09-18,exit,oil_exploration,30.0,0.5998217468805703,OXY|FANG|COP
2020-09-18,enter,biotech_innovation,1.0,0.8805704099821746,BBIO|NTLA|PACB
2020-09-18,enter,rare_earth_critical_minerals,2.0,0.8518270944741533,LAR|MP|UUUU
2020-09-18,enter,renewables_storage,3.0,0.841131907308378,LAR|FCEL|RUN
2020-09-21,exit,biotech_innovation,7.0,0.7014260249554367,BBIO|NTLA|PACB
2020-09-21,exit,rare_earth_critical_minerals,32.0,0.606729055258467,LAR|MP|UUUU
2020-09-21,enter,crypto_infrastructure,2.0,0.7446524064171123,CLSK|MSTR|SBET
2020-09-21,enter,fintech_payments,3.0,0.7234848484848484,XYZ|FISV|PAGS
2020-09-22,exit,renewables_storage,60.0,0.4848484848484849,LAR|FCEL|RUN
2020-09-22,exit,crypto_infrastructure,78.0,0.33377896613190733,CLSK|MSTR|SBET
2020-09-22,enter,homebuilders_housing,1.0,0.7994652406417112,KBH|TOL|MTH
2020-09-22,enter,retail_consumer,2.0,0.7780748663101603,GME|ELF|TGT
2020-09-22,enter,ai_apps,3.0,0.7682709447415329,PINS|SNAP
2020-09-23,exit,fintech_payments,16.0,0.6434937611408199,XYZ|FISV|PAGS
2020-09-23,exit,homebuilders_housing,41.0,0.5387700534759359,KBH|TOL|MTH
2020-09-23,exit,retail_consumer,9.0,0.6880570409982175,GME|ELF|TGT
2020-09-23,exit,ai_apps,26.0,0.5987076648841355,PINS|SNAP
2020-09-23,enter,pharma_largecap,1.0,0.8143939393939394,NVO|LLY|BMY
2020-09-23,enter,cloud,2.0,0.7916666666666667,ZM|NET|MDB
2020-09-23,enter,pharma,3.0,0.7513368983957217,NVO|BMY|JNJ
2020-09-24,exit,pharma_largecap,50.0,0.5221757469864634,NVO|LLY|BMY
2020-09-24,exit,cloud,16.0,0.6331537565521259,ZM|NET|MDB
2020-09-24,exit,pharma,54.0,0.5004698999311695,NVO|BMY|JNJ
2020-09-24,enter,consumer_staples,1.0,0.7266550184430208,TGT|COST|KR
2020-09-24,enter,semis,2.0,0.7220266144261485,LRCX|MPWR|AMD
2020-09-24,enter,utilities_yield,3.0,0.712500661830889,PEG|AEP|NEE
2020-09-25,exit,consumer_staples,27.0,0.6197141773000829,TGT|COST|KR
2020-09-25,exit,semis,11.0,0.6915625386068018,LRCX|MPWR|AMD
2020-09-25,exit,utilities_yield,13.0,0.6837970561762058,PEG|AEP|NEE
2020-09-25,enter,vertical_software,1.0,0.7873625597853904,CDNS|TYL|LDOS
2020-09-25,enter,diagnostics_tools,2.0,0.7625880235082332,EXAS|GH|PACB
2020-09-25,enter,creative_software,3.0,0.7577765129454122,CDNS|U|ADBE
2020-09-28,exit,vertical_software,67.0,0.41466131907308373,CDNS|TYL|LDOS
2020-09-28,exit,diagnostics_tools,15.0,0.6911764705882353,EXAS|GH|PACB
2020-09-28,exit,creative_software,12.0,0.7136809269162211,CDNS|U|ADBE
2020-09-28,enter,asset_managers_alts,1.0,0.7745098039215687,IVZ|ARES|APO
2020-09-28,enter,storage,2.0,0.7696078431372549,STX|WDC|NTAP
2020-09-28,enter,airlines_travel,3.0,0.7566844919786097,NCLH|UAL|AAL
2020-09-29,exit,asset_managers_alts,27.0,0.6002673796791442,IVZ|ARES|APO
2020-09-29,exit,airlines_travel,72.0,0.3961675579322638,NCLH|UAL|AAL
2020-09-29,enter,diagnostics_tools,1.0,0.8402406417112299,EXAS|PACB|RVTY
2020-09-29,enter,solar,2.0,0.7990196078431372,SEDG|RUN|ENPH
2020-09-29,enter,ai_infrastructure,3.0,0.7843137254901962,AMD|MPWR|NVDA
2020-09-30,exit,storage,89.0,0.28609625668449196,STX|WDC|NTAP
2020-09-30,exit,diagnostics_tools,7.0,0.7517825311942958,EXAS|PACB|RVTY
2020-09-30,exit,ai_infrastructure,27.0,0.6394830659536542,AMD|MPWR|NVDA
2020-09-30,enter,healthcare,2.0,0.7889928698752228,MOH|HIMS|ELV
2020-09-30,enter,homebuilders_housing,3.0,0.7713903743315508,CCS|BLD|MTH
2020-10-01,exit,healthcare,19.0,0.6506238859180035,MOH|HIMS|ELV
2020-10-01,enter,real_estate_reits,2.0,0.8005793226381462,OUT|WELL|PK
2020-10-01,enter,renewables_storage,3.0,0.7698306595365418,LAR|RUN|SEDG
2020-10-02,exit,solar,14.0,0.711898395721925,SEDG|RUN|ENPH
2020-10-02,exit,homebuilders_housing,13.0,0.7130124777183601,CCS|BLD|MTH
2020-10-02,enter,construction_infrastructure,2.0,0.8150623885918004,ACM|URI|JHX
2020-10-02,enter,regional_banks,3.0,0.8108288770053477,TFC|FITB|PNC
2020-10-05,exit,real_estate_reits,42.0,0.5514705882352942,OUT|WELL|PK
2020-10-05,exit,renewables_storage,12.0,0.6989750445632797,LAR|RUN|SEDG
2020-10-05,exit,construction_infrastructure,13.0,0.6782531194295899,ACM|URI|JHX
2020-10-05,enter,rare_earth_critical_minerals,2.0,0.7970142602495544,LAR|ALB|MP
2020-10-05,enter,solar,3.0,0.7809714795008913,ENPH|SEDG|RUN
2020-10-06,exit,regional_banks,24.0,0.6292335115864528,TFC|FITB|PNC
2020-10-06,exit,rare_earth_critical_minerals,21.0,0.6325757575757576,LAR|ALB|MP
2020-10-06,enter,renewables_storage,1.0,0.8355614973262033,PLUG|LAR|ENPH
2020-10-06,enter,utilities_yield,2.0,0.803030303030303,BE|PCG|AEP
2020-10-07,exit,solar,20.0,0.6417112299465241,ENPH|SEDG|RUN
2020-10-07,exit,renewables_storage,10.0,0.6929590017825311,PLUG|LAR|ENPH
2020-10-07,exit,utilities_yield,59.0,0.5040106951871658,BE|PCG|AEP
2020-10-07,enter,apparel_beauty_lifestyle,1.0,0.8057040998217468,GAP|ELF|CROX
2020-10-07,enter,regional_banks,2.0,0.7867647058823529,TFC|FITB|KEY
2020-10-07,enter,industrial_automation,3.0,0.7771836007130124,TEX|OLN|CE
2020-10-08,exit,apparel_beauty_lifestyle,35.0,0.5773172905525847,GAP|ELF|CROX
2020-10-08,exit,industrial_automation,10.0,0.7524509803921569,TEX|OLN|CE
2020-10-08,enter,oil_gas,1.0,0.8317736185383243,OVV|AR|RRC
2020-10-08,enter,construction_infrastructure,3.0,0.7849821746880571,MLM|VMC|DY
2020-10-09,exit,regional_banks,62.0,0.45298573975044565,TFC|FITB|KEY
2020-10-09,exit,oil_gas,30.0,0.6214349376114081,OVV|AR|RRC
2020-10-09,exit,construction_infrastructure,20.0,0.6579768270944741,MLM|VMC|DY
2020-10-09,enter,networking_optical,1.0,0.8558377896613191,LWLG|EXTR|HLIT
2020-10-09,enter,solar,2.0,0.8016934046345812,SEDG|ENPH|RUN
2020-10-09,enter,gold_silver_miners,3.0,0.7887700534759358,EGO|HMY|AG
2020-10-12,exit,networking_optical,26.0,0.6388146167557932,LWLG|EXTR|HLIT
2020-10-12,exit,solar,88.0,0.2386363636363636,SEDG|ENPH|RUN
2020-10-12,exit,gold_silver_miners,59.0,0.45833333333333337,EGO|HMY|AG
2020-10-12,enter,semis,1.0,0.823752228163993,TXN|TSM|MPWR
2020-10-12,enter,utilities_yield,2.0,0.7990196078431371,EXC|FCEL|BE
2020-10-12,enter,medtech_devices,3.0,0.7874331550802139,ATEC|IRTC|DDD
2020-10-13,exit,semis,9.0,0.7007575757575757,TXN|TSM|MPWR
2020-10-13,exit,utilities_yield,38.0,0.5612745098039216,EXC|FCEL|BE
2020-10-13,exit,medtech_devices,18.0,0.6711229946524064,ATEC|IRTC|DDD
2020-10-13,enter,consumer_internet_marketplaces,1.0,0.8333333333333334,JMIA|MELI|OPEN
2020-10-13,enter,cybersecurity,2.0,0.8119429590017825,NET|BB|FTNT
2020-10-13,enter,cloud,3.0,0.7745098039215685,NET|MDB|ZM
2020-10-14,exit,consumer_internet_marketplaces,6.0,0.7281639928698752,JMIA|MELI|OPEN
2020-10-14,exit,cybersecurity,5.0,0.7321746880570411,NET|BB|FTNT
2020-10-14,exit,cloud,14.0,0.6559714795008913,NET|MDB|ZM
2020-10-14,enter,medtech_devices,1.0,0.8159536541889483,ATEC|GMED|ALC
2020-10-14,enter,copper_metals,2.0,0.8128342245989304,ASM|USAS|HMY
2020-10-14,enter,gold_silver_miners,3.0,0.7838680926916222,EGO|FSM|USAS
2020-10-15,exit,medtech_devices,36.0,0.5639483065953654,ATEC|GMED|ALC
2020-10-15,exit,copper_metals,60.0,0.47125668449197866,ASM|USAS|HMY
2020-10-15,exit,gold_silver_miners,26.0,0.6234402852049911,EGO|FSM|USAS
2020-10-15,enter,consumer_internet_marketplaces,1.0,0.7540106951871658,OPEN|QXO|JMIA
2020-10-15,enter,asset_managers,2.0,0.7446524064171123,BLK|MS|TROW
2020-10-15,enter,vertical_software,3.0,0.7437611408199644,ADSK|CDNS|VEEV
2020-10-16,exit,vertical_software,15.0,0.6885026737967913,ADSK|CDNS|VEEV
2020-10-16,enter,china_internet,2.0,0.784313725490196,NIO|LI|BEKE
2020-10-16,enter,medtech,3.0,0.7564616755793225,DXCM|ISRG|MDT
2020-10-19,exit,consumer_internet_marketplaces,35.0,0.554367201426025,OPEN|QXO|JMIA
2020-10-19,exit,asset_managers,41.0,0.5311942959001782,BLK|MS|TROW
2020-10-19,exit,china_internet,30.0,0.5728609625668448,NIO|LI|BEKE
2020-10-19,exit,medtech,72.0,0.41510695187165786,DXCM|ISRG|MDT
2020-10-19,enter,electronics_components,1.0,0.8008021390374332,FLEX|IPGP|NNDM
2020-10-19,enter,ai_apps,2.0,0.7954545454545456,SNAP|PINS
2020-10-19,enter,digital_ads_media,3.0,0.7952317290552585,SNAP|MGNI|PINS
2020-10-20,exit,electronics_components,11.0,0.7323975044563279,FLEX|IPGP|NNDM
2020-10-20,exit,ai_apps,34.0,0.5971479500891266,SNAP|PINS
2020-10-20,exit,digital_ads_media,70.0,0.3830213903743315,SNAP|MGNI|PINS
2020-10-20,enter,china_internet,1.0,0.8123885918003566,FUTU|NIO|PDD
2020-10-20,enter,regional_banks,2.0,0.7905525846702317,FITB|HBAN|KEY
2020-10-20,enter,datacenter_infra,3.0,0.783645276292335,GNRC|FLR|PH
2020-10-21,exit,china_internet,13.0,0.7136809269162211,FUTU|NIO|PDD
2020-10-21,exit,regional_banks,46.0,0.5265151515151514,FITB|HBAN|KEY
2020-10-21,exit,datacenter_infra,22.0,0.6720142602495544,GNRC|FLR|PH
2020-10-21,enter,ai_apps,1.0,0.8237522281639929,SNAP|PINS
2020-10-21,enter,networking_optical,2.0,0.7874331550802138,ERIC|LWLG|VIAV
2020-10-21,enter,copper,3.0,0.7865418894830659,HBM|SCCO|FCX
2020-10-22,exit,networking_optical,27.0,0.6501782531194296,ERIC|LWLG|VIAV
2020-10-22,exit,copper,39.0,0.5641711229946524,HBM|SCCO|FCX
2020-10-22,enter,airlines_travel,1.0,0.8484848484848484,EXPE|LUV|UAL
2020-10-22,enter,regional_banks,3.0,0.7876559714795011,HBAN|PNC|USB
2020-10-23,exit,ai_apps,2.0,0.8148395721925134,SNAP|PINS
2020-10-23,enter,ai_apps,2.0,0.8148395721925134,SNAP|PINS
2020-10-23,enter,transport_logistics,3.0,0.7720588235294117,JBLU|LUV|PCAR
2020-10-26,exit,airlines_travel,4.0,0.7386363636363636,EXPE|LUV|UAL
2020-10-26,exit,regional_banks,18.0,0.6544117647058824,HBAN|PNC|USB
2020-10-26,exit,ai_apps,26.0,0.6299019607843137,SNAP|PINS
2020-10-26,exit,transport_logistics,9.0,0.6893939393939393,JBLU|LUV|PCAR
2020-10-26,enter,consumer_internet,1.0,0.7798573975044565,SNAP|PINS|TME
2020-10-26,enter,consumer_internet_marketplaces,2.0,0.7517825311942958,JMIA|QXO|BIDU
2020-10-26,enter,real_estate_reits,3.0,0.7410873440285206,PSA|OUT|DOC
2020-10-27,exit,consumer_internet_marketplaces,11.0,0.7223707664884136,JMIA|QXO|BIDU
2020-10-27,exit,real_estate_reits,37.0,0.5579322638146167,PSA|OUT|DOC
2020-10-27,enter,ai_apps,2.0,0.7974598930481284,SNAP|PINS
2020-10-27,enter,digital_ads_media,3.0,0.7954545454545453,SNAP|SPOT|PINS
2020-10-28,exit,digital_ads_media,11.0,0.6922905525846703,SNAP|SPOT|PINS
2020-10-28,enter,agriculture_food_inputs,3.0,0.7569073083778967,BG|HRL|ADM
2020-10-29,exit,consumer_internet,3.0,0.750222816399287,SNAP|PINS|TME
2020-10-29,exit,ai_apps,19.0,0.6200980392156862,SNAP|PINS
2020-10-29,enter,apparel_beauty_lifestyle,2.0,0.7644830659536542,TPR|DECK|CPRI
2020-10-29,enter,consumer_internet,3.0,0.750222816399287,PINS|BABA|SNAP
2020-10-30,exit,agriculture_food_inputs,14.0,0.6713458110516933,BG|HRL|ADM
2020-10-30,exit,apparel_beauty_lifestyle,46.0,0.5080213903743316,TPR|DECK|CPRI
2020-10-30,exit,consumer_internet,18.0,0.6561942959001782,PINS|BABA|SNAP
2020-10-30,enter,gold,1.0,0.7751782531194296,NEM|FNV|AEM
2020-10-30,enter,oil_integrated,2.0,0.7725044563279857,SHEL|CVX|BP
2020-10-30,enter,construction_infrastructure,3.0,0.7613636363636364,MTZ|MAS|MLM
2020-11-02,exit,gold,23.0,0.6575311942959001,NEM|FNV|AEM
2020-11-02,enter,datacenter_infra,2.0,0.8431372549019608,PWR|FLR|ACM
2020-11-02,enter,agriculture_food_inputs,3.0,0.8139483065953654,MOS|CF|NTR
2020-11-03,exit,oil_integrated,39.0,0.5597147950089126,SHEL|CVX|BP
2020-11-03,exit,construction_infrastructure,10.0,0.7315062388591802,MTZ|MAS|MLM
2020-11-03,exit,agriculture_food_inputs,52.0,0.5035650623885918,MOS|CF|NTR
2020-11-03,enter,regional_banks,2.0,0.8061497326203209,HBAN|PNC|KEY
2020-11-03,enter,industrial_automation,3.0,0.8043672014260249,AGCO|ATI|OLN
2020-11-04,exit,datacenter_infra,34.0,0.5815508021390374,PWR|FLR|ACM
2020-11-04,exit,regional_banks,83.0,0.3097147950089127,HBAN|PNC|KEY
2020-11-04,exit,industrial_automation,48.0,0.5064616755793225,AGCO|ATI|OLN
2020-11-04,enter,china_internet,1.0,0.8567290552584671,XPEV|LI|NIO
2020-11-04,enter,advanced_packaging,2.0,0.8342245989304813,COHU|FORM|KLAC
2020-11-04,enter,homebuilders_housing,3.0,0.821969696969697,LEN|CCS|JHX
2020-11-05,exit,china_internet,21.0,0.643048128342246,XPEV|LI|NIO
2020-11-05,exit,advanced_packaging,13.0,0.6880570409982175,COHU|FORM|KLAC
2020-11-05,exit,homebuilders_housing,46.0,0.5140374331550802,LEN|CCS|JHX
2020-11-05,enter,gold_silver_miners,1.0,0.8877005347593584,EXK|SVM|CDE
2020-11-05,enter,silver,2.0,0.8270944741532977,SVM|AG|HL
2020-11-05,enter,copper_metals,3.0,0.7954545454545454,EXK|ASM|USAS
2020-11-06,enter,china_internet,2.0,0.8052584670231729,XPEV|LI|NIO
2020-11-09,exit,gold_silver_miners,85.0,0.26938502673796794,EXK|SVM|CDE
2020-11-09,exit,silver,87.0,0.25623885918003564,SVM|AG|HL
2020-11-09,exit,copper_metals,42.0,0.5369875222816399,EXK|ASM|USAS
2020-11-09,exit,china_internet,44.0,0.5305258467023173,XPEV|LI|NIO
2020-11-09,enter,airlines_travel,1.0,0.9090909090909092,PK|CCL|EXPE
2020-11-09,enter,travel,2.0,0.8796791443850266,EXPE|BKNG|MAR
2020-11-09,enter,transport_logistics,3.0,0.840686274509804,LYFT|DAL|JBLU
2020-11-10,exit,airlines_travel,11.0,0.7188057040998217,PK|CCL|EXPE
2020-11-10,exit,travel,16.0,0.6762477718360071,EXPE|BKNG|MAR
2020-11-10,enter,managed_care,1.0,0.8464795008912657,CVS|CI|CNC
2020-11-10,enter,oil_gas,2.0,0.8014705882352939,YPF|TRGP|SHEL
2020-11-10,enter,oil_integrated,3.0,0.7622549019607844,BP|TTE|SHEL
2020-11-11,exit,transport_logistics,27.0,0.5926916221033869,LYFT|DAL|JBLU
2020-11-11,exit,managed_care,88.0,0.31573083778966127,CVS|CI|CNC
2020-11-11,exit,oil_gas,24.0,0.6127450980392158,YPF|TRGP|SHEL
2020-11-11,exit,oil_integrated,44.0,0.5300802139037433,BP|TTE|SHEL
2020-11-11,enter,rare_earth_critical_minerals,1.0,0.8520499108734402,ALB|UUUU|MP
2020-11-11,enter,nuclear_uranium,2.0,0.7417557932263815,UUUU|UEC|NXE
2020-11-11,enter,uranium,3.0,0.7179144385026738,UUUU|UEC|NXE
2020-11-12,exit,rare_earth_critical_minerals,1.0,0.7426470588235293,ALB|UUUU|MP
2020-11-12,exit,nuclear_uranium,15.0,0.6388146167557933,UUUU|UEC|NXE
2020-11-12,exit,uranium,22.0,0.6094028520499108,UUUU|UEC|NXE
2020-11-12,enter,rare_earth_critical_minerals,1.0,0.7426470588235293,MP|ALB|UUUU
2020-11-12,enter,airlines_travel,2.0,0.7130124777183601,H|PK|TRIP
2020-11-12,enter,real_estate_reits,3.0,0.7020944741532976,PK|HPP|SPG
2020-11-13,exit,rare_earth_critical_minerals,37.0,0.5641711229946523,MP|ALB|UUUU
2020-11-13,enter,oil_gas,2.0,0.8429144385026738,MGY|YPF|AR
2020-11-13,enter,travel,3.0,0.8418003565062387,EXPE|MAR|BKNG
2020-11-16,exit,airlines_travel,50.0,0.5189393939393939,H|PK|TRIP
2020-11-16,exit,real_estate_reits,28.0,0.6131907308377896,PK|HPP|SPG
2020-11-16,exit,travel,81.0,0.30303030303030304,EXPE|MAR|BKNG
2020-11-16,enter,agriculture_food_inputs,2.0,0.8063725490196079,CF|AGCO|CTVA
2020-11-16,enter,rare_earth_critical_minerals,3.0,0.7932263814616756,LAR|MP|ALB
2020-11-17,exit,oil_gas,2.0,0.8139483065953654,MGY|YPF|AR
2020-11-17,exit,agriculture_food_inputs,55.0,0.48975044563279857,CF|AGCO|CTVA
2020-11-17,exit,rare_earth_critical_minerals,18.0,0.6363636363636364,LAR|MP|ALB
2020-11-17,enter,apparel_beauty_lifestyle,1.0,0.8239750445632799,CPRI|CELH|VFC
2020-11-17,enter,oil_gas,2.0,0.8139483065953654,AR|MGY|LBRT
2020-11-17,enter,energy,3.0,0.7794117647058824,DVN|BKR|COP
2020-11-18,exit,apparel_beauty_lifestyle,5.0,0.7502228163992869,CPRI|CELH|VFC
2020-11-18,exit,oil_gas,10.0,0.7012032085561497,AR|MGY|LBRT
2020-11-18,exit,energy,25.0,0.6622103386809269,DVN|BKR|COP
2020-11-18,enter,oil_services,1.0,0.8698752228163993,PTEN|HP|FTI
2020-11-18,enter,oil_exploration,2.0,0.786096256684492,COP|FANG|APA
2020-11-18,enter,rare_earth_critical_minerals,3.0,0.7560160427807486,MP|LAR|ALB
2020-11-19,exit,oil_services,8.0,0.7239304812834224,PTEN|HP|FTI
2020-11-19,exit,rare_earth_critical_minerals,30.0,0.606951871657754,MP|LAR|ALB
2020-11-19,enter,oil_gas,1.0,0.8297682709447416,DVN|FANG|OVV
2020-11-19,enter,energy,2.0,0.8146167557932262,DVN|FANG|KMI
2020-11-20,exit,oil_exploration,14.0,0.7063279857397505,COP|FANG|APA
2020-11-20,exit,oil_gas,21.0,0.660873440285205,DVN|FANG|OVV
2020-11-20,exit,energy,18.0,0.678698752228164,DVN|FANG|KMI
2020-11-20,enter,renewables_storage,1.0,0.858511586452763,FCEL|BLDP|EOSE
2020-11-20,enter,gaming_sports_betting,2.0,0.803921568627451,BILI|DKNG|U
2020-11-20,enter,cybersecurity,3.0,0.78475935828877,BB|PANW|CRWD
2020-11-23,exit,renewables_storage,6.0,0.7549019607843138,FCEL|BLDP|EOSE
2020-11-23,exit,gaming_sports_betting,37.0,0.5438948306595366,BILI|DKNG|U
2020-11-23,exit,cybersecurity,54.0,0.481060606060606,BB|PANW|CRWD
2020-11-23,enter,oil_services,1.0,0.8491532976827094,RIG|BORR|NBR
2020-11-23,enter,energy,2.0,0.8433600713012478,OXY|FANG|DVN
2020-11-23,enter,oil_gas,3.0,0.8357843137254902,OXY|FANG|ET
2020-11-24,enter,oil_exploration,2.0,0.8375668449197862,OXY|EOG|FANG
2020-11-25,exit,oil_services,17.0,0.6766934046345809,RIG|BORR|NBR
2020-11-25,exit,energy,16.0,0.678030303030303,OXY|FANG|DVN
2020-11-25,exit,oil_gas,22.0,0.6325757575757577,OXY|FANG|ET
2020-11-25,exit,oil_exploration,13.0,0.6913992869875222,OXY|EOG|FANG
2020-11-25,enter,uranium,1.0,0.8023618538324421,LEU|UUUU|UEC
2020-11-25,enter,nuclear_uranium,2.0,0.7932263814616757,LEU|UUUU|UEC
2020-11-25,enter,solar,3.0,0.785650623885918,RUN|SEDG|ARRY
2020-11-27,exit,uranium,28.0,0.5826648841354723,LEU|UUUU|UEC
2020-11-27,exit,nuclear_uranium,12.0,0.6526292335115865,LEU|UUUU|UEC
2020-11-27,exit,solar,8.0,0.6809269162210339,RUN|SEDG|ARRY
2020-11-27,enter,cloud,1.0,0.7627005347593583,SNOW|NET|ZM
2020-11-27,enter,biotech_innovation,2.0,0.7439839572192514,NVAX|CMPS|MRNA
2020-11-27,enter,consumer_internet_marketplaces,3.0,0.7297237076648841,ETSY|JMIA|CHWY
2020-11-30,exit,cloud,7.0,0.7112299465240641,SNOW|NET|ZM
2020-11-30,exit,consumer_internet_marketplaces,26.0,0.6060606060606061,ETSY|JMIA|CHWY
2020-11-30,enter,crypto_infrastructure,1.0,0.786541889483066,MARA|MSTR|HUT
2020-11-30,enter,retail_consumer,3.0,0.7749554367201427,GME|CHWY|TLRY
2020-12-01,exit,biotech_innovation,32.0,0.5940285204991087,NVAX|CMPS|MRNA
2020-12-01,exit,crypto_infrastructure,21.0,0.6403743315508021,MARA|MSTR|HUT
2020-12-01,exit,retail_consumer,24.0,0.6332442067736185,GME|CHWY|TLRY
2020-12-01,enter,copper_metals,1.0,0.8440285204991087,CLF|VALE|AA
2020-12-01,enter,gold_silver_miners,2.0,0.8008021390374332,AEM|AG|EXK
2020-12-01,enter,copper,3.0,0.7711675579322638,HBM|TECK|FCX
2020-12-02,exit,gold_silver_miners,15.0,0.6570855614973263,AEM|AG|EXK
2020-12-02,enter,nuclear,1.0,0.8362299465240641,LEU|NXE|DNN
2020-12-02,enter,uranium,2.0,0.8346702317290551,LEU|DNN|NXE
2020-12-02,enter,nuclear_uranium,3.0,0.8081550802139037,LEU|UUUU|NXE
2020-12-03,exit,copper_metals,9.0,0.7047682709447415,CLF|VALE|AA
2020-12-03,exit,nuclear,60.0,0.4496434937611408,LEU|NXE|DNN
2020-12-03,exit,uranium,56.0,0.4661319073083779,LEU|DNN|NXE
2020-12-03,exit,nuclear_uranium,20.0,0.6361408199643493,LEU|UUUU|NXE
2020-12-03,enter,semicap_equipment,1.0,0.8489304812834225,COHU|AEHR|ICHR
2020-12-03,enter,storage,3.0,0.7854278074866311,NTAP|STX|WDC
2020-12-04,exit,copper,4.0,0.783422459893048,HBM|TECK|FCX
2020-12-04,enter,nuclear_uranium,2.0,0.7921122994652405,LEU|NXE|UUUU
2020-12-07,exit,semicap_equipment,3.0,0.7927807486631016,COHU|AEHR|ICHR
2020-12-07,exit,storage,22.0,0.643048128342246,NTAP|STX|WDC
2020-12-07,enter,gold_silver_miners,1.0,0.8781194295900179,EXK|CDE|USAS
2020-12-07,enter,silver,2.0,0.8326648841354723,HL|SLV|AG
2020-12-07,enter,semicap_equipment,3.0,0.7927807486631016,COHU|CAMT|LRCX
2020-12-08,exit,nuclear_uranium,18.0,0.6526292335115864,LEU|NXE|UUUU
2020-12-08,exit,gold_silver_miners,85.0,0.27696078431372545,EXK|CDE|USAS
2020-12-08,exit,silver,93.0,0.2535650623885918,HL|SLV|AG
2020-12-08,exit,semicap_equipment,15.0,0.6753565062388591,COHU|CAMT|LRCX
2020-12-08,enter,oil_services,1.0,0.7816399286987522,PTEN|BORR|HAL
2020-12-08,enter,cybersecurity,2.0,0.7731729055258468,CRWD|ZS|BB
2020-12-08,enter,cloud,3.0,0.7691622103386808,SNOW|ZS|NET
2020-12-09,exit,cybersecurity,31.0,0.5946969696969697,CRWD|ZS|BB
2020-12-09,exit,cloud,28.0,0.604946524064171,SNOW|ZS|NET
2020-12-09,enter,energy,1.0,0.7981283422459893,OXY|HAL|XOM
2020-12-09,enter,oil_gas,2.0,0.7941176470588236,OXY|XOM|AR
2020-12-09,enter,construction_infrastructure,3.0,0.7758467023172905,MTZ|FND|ROAD
2020-12-10,exit,construction_infrastructure,27.0,0.607397504456328,MTZ|FND|ROAD
2020-12-10,enter,oil_exploration,3.0,0.874777183600713,OXY|APA|FANG
2020-12-11,exit,oil_services,22.0,0.6544117647058824,PTEN|BORR|HAL
2020-12-11,exit,energy,24.0,0.6481729055258467,OXY|HAL|XOM
2020-12-11,exit,oil_gas,23.0,0.6539661319073082,OXY|XOM|AR
2020-12-11,exit,oil_exploration,45.0,0.5403297682709447,OXY|APA|FANG
2020-12-11,enter,biotech_innovation,1.0,0.8074866310160427,DFTX|TGTX|EDIT
2020-12-11,enter,nuclear,2.0,0.7972370766488414,UEC|CCJ|DNN
2020-12-11,enter,uranium,3.0,0.7967914438502673,UEC|CCJ|DNN
2020-12-14,exit,nuclear,3.0,0.7609180035650622,UEC|CCJ|DNN
2020-12-14,exit,uranium,7.0,0.73150623885918,UEC|CCJ|DNN
2020-12-14,enter,consumer_internet_marketplaces,1.0,0.8344474153297683,Z|QXO|OPEN
2020-12-14,enter,dev_tools,2.0,0.7834224598930479,MDB|DDOG|TEAM
2020-12-14,enter,nuclear,3.0,0.7609180035650622,LEU|UEC|DNN
2020-12-15,exit,biotech_innovation,30.0,0.5987076648841355,DFTX|TGTX|EDIT
2020-12-15,exit,consumer_internet_marketplaces,31.0,0.588680926916221,Z|QXO|OPEN
2020-12-15,exit,dev_tools,28.0,0.6082887700534759,MDB|DDOG|TEAM
2020-12-15,enter,uranium,2.0,0.7771836007130124,LEU|UEC|CCJ
2020-12-15,enter,solar,3.0,0.7633689839572191,ENPH|SEDG|FSLR
2020-12-16,exit,nuclear,32.0,0.5868983957219251,LEU|UEC|DNN
2020-12-16,exit,uranium,39.0,0.5635026737967914,LEU|UEC|CCJ
2020-12-16,enter,dev_tools,1.0,0.8489304812834226,TEAM|DDOG|MDB
2020-12-16,enter,consumer_internet_marketplaces,2.0,0.8351158645276292,BIDU|CHWY|SHOP
2020-12-16,enter,gold_silver_miners,3.0,0.8315508021390374,CDE|HL|AG
2020-12-17,exit,solar,10.0,0.6958556149732621,ENPH|SEDG|FSLR
2020-12-17,exit,consumer_internet_marketplaces,12.0,0.6684491978609626,BIDU|CHWY|SHOP
2020-12-17,enter,homebuilders_housing,2.0,0.8507130124777184,BLD|LEN|FND
2020-12-17,enter,silver,3.0,0.8146167557932266,HL|AG|PAAS
2020-12-18,exit,dev_tools,22.0,0.6454991087344029,TEAM|DDOG|MDB
2020-12-18,exit,gold_silver_miners,21.0,0.6492869875222816,CDE|HL|AG
2020-12-18,exit,homebuilders_housing,14.0,0.678030303030303,BLD|LEN|FND
2020-12-18,exit,silver,47.0,0.5269607843137255,HL|AG|PAAS
2020-12-18,enter,cybersecurity,1.0,0.8226381461675579,TENB|QLYS|PANW
2020-12-18,enter,solar,2.0,0.8172905525846703,ARRY|ENPH|FSLR
2020-12-18,enter,medtech_devices,3.0,0.8079322638146167,TMDX|ATEC|DDD
2020-12-21,exit,cybersecurity,17.0,0.6753565062388591,TENB|QLYS|PANW
2020-12-21,exit,solar,9.0,0.7430926916221033,ARRY|ENPH|FSLR
2020-12-21,exit,medtech_devices,49.0,0.5031194295900179,TMDX|ATEC|DDD
2020-12-21,enter,crypto_infrastructure,1.0,0.8366755793226381,HUT|CLSK|MARA
2020-12-21,enter,gold_silver_miners,2.0,0.8262032085561498,EXK|AG|HL
2020-12-21,enter,silver,3.0,0.7872103386809269,AG|HL|SLV
2020-12-22,exit,gold_silver_miners,27.0,0.6270053475935828,EXK|AG|HL
2020-12-22,exit,silver,40.0,0.5610516934046345,AG|HL|SLV
2020-12-22,enter,business_apps,1.0,0.8397950089126561,WDAY|AI|VEEV
2020-12-22,enter,rare_earth_critical_minerals,2.0,0.8335561497326204,MP|LAR|UUUU
2020-12-23,exit,crypto_infrastructure,24.0,0.6339126559714795,HUT|CLSK|MARA
2020-12-23,exit,business_apps,55.0,0.49019607843137253,WDAY|AI|VEEV
2020-12-23,enter,drones_autonomy,1.0,0.8166221033868092,ONDS|KTOS|AXON
2020-12-23,enter,space_satellites,2.0,0.7811942959001782,KOPN|GSAT|ONDS
2020-12-24,exit,rare_earth_critical_minerals,16.0,0.6339126559714794,MP|LAR|UUUU
2020-12-24,exit,drones_autonomy,11.0,0.6602049910873441,ONDS|KTOS|AXON
2020-12-24,exit,space_satellites,33.0,0.5617201426024956,KOPN|GSAT|ONDS
2020-12-24,enter,retail_consumer,1.0,0.7185828877005348,ELF|GME|M
2020-12-24,enter,construction_infrastructure,2.0,0.7154634581105169,BLDR|TREX|MTZ
2020-12-24,enter,business_apps,3.0,0.7127896613190731,AI|WDAY|INTU
2020-12-28,exit,retail_consumer,18.0,0.6729055258467023,ELF|GME|M
2020-12-28,exit,construction_infrastructure,39.0,0.572860962566845,BLDR|TREX|MTZ
2020-12-28,exit,business_apps,84.0,0.27540106951871657,AI|WDAY|INTU
2020-12-28,enter,crypto_infrastructure,1.0,0.8277629233511588,CLSK|HUT|RIOT
2020-12-28,enter,lithium_battery_materials,2.0,0.7912210338680925,LAR|QS|ALB
2020-12-28,enter,managed_care_insurance,3.0,0.7827540106951872,CLOV|HUM|CI
2020-12-29,exit,crypto_infrastructure,6.0,0.7254901960784313,CLSK|HUT|RIOT
2020-12-29,exit,lithium_battery_materials,38.0,0.5572638146167558,LAR|QS|ALB
2020-12-29,enter,obesity_glp1_health,2.0,0.7747326203208558,HIMS|LLY|NVO
2020-12-29,enter,healthcare,3.0,0.7410873440285204,HIMS|HUM|UNH
2020-12-30,exit,managed_care_insurance,50.0,0.5374331550802139,CLOV|HUM|CI
2020-12-30,exit,obesity_glp1_health,64.0,0.44474153297682717,HIMS|LLY|NVO
2020-12-30,exit,healthcare,55.0,0.47593582887700525,HIMS|HUM|UNH
2020-12-30,enter,gold_silver_miners,1.0,0.8168449197860962,USAS|EXK|FSM
2020-12-30,enter,defense,2.0,0.8059269162210337,HWM|TDG|KTOS
2020-12-30,enter,silver,3.0,0.7782976827094475,AG|HL|SVM
2020-12-31,exit,gold_silver_miners,35.0,0.608957219251337,USAS|EXK|FSM
2020-12-31,exit,defense,39.0,0.5730837789661318,HWM|TDG|KTOS
2020-12-31,exit,silver,42.0,0.551247771836007,AG|HL|SVM
2020-12-31,enter,managed_care_insurance,1.0,0.7782976827094474,CLOV|CI|ELV
2020-12-31,enter,fintech,2.0,0.7693850267379679,FUTU|MA|GPN
2020-12-31,enter,payments,3.0,0.7453208556149734,MA|GPN|V
2021-01-04,exit,fintech,20.0,0.6633244206773619,FUTU|MA|GPN
2021-01-04,exit,payments,38.0,0.5737522281639929,MA|GPN|V
2021-01-04,enter,gold_silver_miners,1.0,0.8841354723707664,EXK|FSM|PAAS
2021-01-04,enter,copper_metals,2.0,0.8547237076648841,EXK|ASM|USAS
2021-01-04,enter,silver,3.0,0.8319964349376113,PAAS|AG|HL
2021-01-05,exit,managed_care_insurance,87.0,0.28097147950089124,CLOV|CI|ELV
2021-01-05,exit,gold_silver_miners,21.0,0.6570855614973261,EXK|FSM|PAAS
2021-01-05,exit,silver,29.0,0.6278966131907309,PAAS|AG|HL
2021-01-05,enter,oil_gas,1.0,0.8453654188948306,OVV|DVN|LBRT
2021-01-05,enter,oil_exploration,2.0,0.8288770053475937,DVN|APA|FANG
2021-01-05,enter,oil_services,3.0,0.8266488413547236,RIG|FTI|LBRT
2021-01-06,exit,copper_metals,12.0,0.7653743315508021,EXK|ASM|USAS
2021-01-06,exit,oil_services,23.0,0.679590017825312,RIG|FTI|LBRT
2021-01-06,enter,agriculture_food_inputs,1.0,0.8311051693404633,CF|MOS|BG
2021-01-06,enter,regional_banks,3.0,0.8161764705882353,FITB|HBAN|KEY
2021-01-07,exit,oil_gas,16.0,0.6922905525846701,OVV|DVN|LBRT
2021-01-07,exit,oil_exploration,25.0,0.6568627450980393,DVN|APA|FANG
2021-01-07,exit,agriculture_food_inputs,26.0,0.6477272727272727,CF|MOS|BG
2021-01-07,enter,semicap_equipment,1.0,0.7898841354723708,AMKR|AEHR|UCTT
2021-01-07,enter,managed_care,3.0,0.7782976827094474,MOH|HUM|CNC
2021-01-08,exit,regional_banks,61.0,0.4933155080213904,FITB|HBAN|KEY
2021-01-08,exit,semicap_equipment,6.0,0.6900623885918005,AMKR|AEHR|UCTT
2021-01-08,exit,managed_care,25.0,0.6009358288770053,MOH|HUM|CNC
2021-01-08,enter,gaming_sports_betting,1.0,0.7682709447415329,BILI|NTES|TCEHY
2021-01-08,enter,china_internet,2.0,0.7566844919786097,FUTU|TIGR|BILI
2021-01-08,enter,copper,3.0,0.7384135472370766,RIO|FCX|BHP
2021-01-11,exit,gaming_sports_betting,62.0,0.45120320855614976,BILI|NTES|TCEHY
2021-01-11,exit,china_internet,57.0,0.4701426024955437,FUTU|TIGR|BILI
2021-01-11,exit,copper,87.0,0.2807486631016043,RIO|FCX|BHP
2021-01-11,enter,natural_gas,1.0,0.8565062388591801,AR|LNG|KMI
2021-01-11,enter,energy,2.0,0.8362299465240641,EOG|SLB|LNG
2021-01-11,enter,oil_gas,3.0,0.8295454545454546,EOG|AR|MGY
2021-01-12,enter,oil_exploration,3.0,0.8306595365418895,OXY|FANG|EOG
2021-01-13,exit,natural_gas,6.0,0.7562388591800356,AR|LNG|KMI
2021-01-13,exit,energy,44.0,0.5423351158645277,EOG|SLB|LNG
2021-01-13,exit,oil_gas,33.0,0.5795454545454546,EOG|AR|MGY
2021-01-13,exit,oil_exploration,54.0,0.499331550802139,OXY|FANG|EOG
2021-01-13,enter,space_satellites,1.0,0.8052584670231729,ONDS|GSAT|KOPN
2021-01-13,enter,consumer_internet_marketplaces,2.0,0.7896613190730836,DASH|ABNB|CHWY
2021-01-13,enter,utilities_yield,3.0,0.7811942959001783,FCEL|BE|AES
2021-01-14,exit,consumer_internet_marketplaces,19.0,0.7032085561497327,DASH|ABNB|CHWY
2021-01-14,exit,utilities_yield,54.0,0.48885918003565065,FCEL|BE|AES
2021-01-14,enter,advanced_packaging,1.0,0.8005793226381461,ASX|AMAT|KLAC
2021-01-14,enter,semicap_equipment,2.0,0.8003565062388592,ACLS|ICHR|KLAC
2021-01-14,enter,semis,3.0,0.7934491978609626,INTC|AMAT|KLAC
2021-01-15,exit,space_satellites,16.0,0.6818181818181818,ONDS|GSAT|KOPN
2021-01-15,exit,advanced_packaging,30.0,0.6281194295900179,ASX|AMAT|KLAC
2021-01-15,exit,semicap_equipment,24.0,0.6508467023172906,ACLS|ICHR|KLAC
2021-01-15,exit,semis,27.0,0.6365864527629234,INTC|AMAT|KLAC
2021-01-15,enter,retail_consumer,1.0,0.8373440285204992,TLRY|GME|OLLI
2021-01-15,enter,obesity_glp1_health,2.0,0.7535650623885917,LLY|HIMS|NVO
2021-01-15,enter,networking_optical,3.0,0.7410873440285205,LWLG|ANET|COHR
2021-01-19,exit,retail_consumer,22.0,0.640819964349376,TLRY|GME|OLLI
2021-01-19,exit,obesity_glp1_health,54.0,0.4919786096256685,LLY|HIMS|NVO
2021-01-19,exit,networking_optical,27.0,0.6038324420677362,LWLG|ANET|COHR
2021-01-19,enter,semicap_equipment,1.0,0.8462566844919787,ACLS|LRCX|AMAT
2021-01-19,enter,semis,2.0,0.8110516934046345,LRCX|MRVL|AMAT
2021-01-19,enter,drones_autonomy,3.0,0.8016934046345812,AVAV|ONDS|AXON
2021-01-20,exit,semicap_equipment,21.0,0.6381461675579323,ACLS|LRCX|AMAT
2021-01-20,exit,semis,38.0,0.5806595365418894,LRCX|MRVL|AMAT
2021-01-20,exit,drones_autonomy,8.0,0.6989750445632799,AVAV|ONDS|AXON
2021-01-20,enter,homebuilders_housing,1.0,0.8649732620320857,CCS|KBH|MTH
2021-01-20,enter,real_estate_reits,2.0,0.7934491978609626,SPG|DEI|HPP
2021-01-20,enter,cybersecurity,3.0,0.7796345811051694,BB|ZS|AKAM
2021-01-21,exit,real_estate_reits,20.0,0.6561942959001783,SPG|DEI|HPP
2021-01-21,exit,cybersecurity,19.0,0.6648841354723708,BB|ZS|AKAM
2021-01-21,enter,digital_ads_media,2.0,0.8375668449197861,NFLX|WMG|MGNI
2021-01-21,enter,semis_compute,3.0,0.786096256684492,UMC|INTC|ASML
2021-01-22,exit,digital_ads_media,13.0,0.6815953654188948,NFLX|WMG|MGNI
2021-01-22,exit,semis_compute,52.0,0.48752228163992867,UMC|INTC|ASML
2021-01-22,enter,drones_autonomy,2.0,0.8030303030303029,JOBY|AVAV|AXON
2021-01-22,enter,cybersecurity,3.0,0.7845365418894831,BB|QLYS|AKAM
2021-01-25,exit,homebuilders_housing,4.0,0.7912794420504301,CCS|KBH|MTH
2021-01-25,exit,drones_autonomy,6.0,0.7373037917726668,JOBY|AVAV|AXON
2021-01-25,exit,cybersecurity,10.0,0.7017353719952235,BB|QLYS|AKAM
2021-01-25,enter,ai_apps_agents,1.0,0.798703771005313,PLTR|AI|GOOGL
2021-01-25,enter,consumer_internet_marketplaces,2.0,0.7967654846581175,RKT|QXO|JMIA
2021-01-25,enter,china_internet,3.0,0.7965664641849678,FUTU|NTES|KWEB
2021-01-26,exit,consumer_internet_marketplaces,15.0,0.6921066749736082,RKT|QXO|JMIA
2021-01-26,exit,china_internet,17.0,0.6870013671841199,FUTU|NTES|KWEB
2021-01-26,enter,mega_cap_platforms,2.0,0.8077635290656422,AAPL|MSFT|LLY
2021-01-26,enter,nuclear_uranium,3.0,0.7930251977225135,BW|NXE|UUUU
2021-01-27,exit,ai_apps_agents,1.0,0.8022601803298549,PLTR|AI|GOOGL
2021-01-27,exit,mega_cap_platforms,21.0,0.649974906114255,AAPL|MSFT|LLY
2021-01-27,exit,nuclear_uranium,41.0,0.5335717252479102,BW|NXE|UUUU
2021-01-27,enter,ai_apps_agents,1.0,0.8022601803298549,PLTR|MSFT|GTM
2021-01-27,enter,networking_optical,2.0,0.7881491961303498,NOK|LWLG|AAOI
2021-01-27,enter,storage,3.0,0.7832191128878736,STX|NTAP|HPE
2021-01-28,exit,ai_apps_agents,5.0,0.6783526296661648,PLTR|MSFT|GTM
2021-01-28,exit,networking_optical,33.0,0.5611057750549469,NOK|LWLG|AAOI
2021-01-28,exit,storage,56.0,0.4901528131111227,STX|NTAP|HPE
2021-01-28,enter,gold_silver_miners,1.0,0.7859448280636172,AG|FSM|EXK
2021-01-28,enter,silver,2.0,0.7792192340307703,AG|SLV|HL
2021-01-28,enter,asset_managers_alts,3.0,0.757839676029282,TROW|BEN|BX
2021-01-29,exit,asset_managers_alts,9.0,0.7247114203139331,TROW|BEN|BX
2021-01-29,enter,networking_optical,1.0,0.824355779381479,UI|NOK|ERIC
2021-02-01,exit,silver,8.0,0.7501579184189122,AG|SLV|HL
2021-02-01,exit,networking_optical,12.0,0.6961757783431113,UI|NOK|ERIC
2021-02-01,enter,datacenter_reits_towers,2.0,0.7807097243133793,DLR|EQIX|AMT
2021-02-01,enter,uranium,3.0,0.7750311510305798,CCJ|NXE|DNN
2021-02-02,exit,gold_silver_miners,40.0,0.5387657269439108,AG|FSM|EXK
2021-02-02,exit,datacenter_reits_towers,52.0,0.5080884516207189,DLR|EQIX|AMT
2021-02-02,exit,uranium,56.0,0.4900403232784728,CCJ|NXE|DNN
2021-02-02,enter,workflow_software,1.0,0.7776551927037363,NOW|TEAM|WDAY
2021-02-02,enter,biotech_innovation,2.0,0.7472396725680565,ARQT|TECH|RVMD
2021-02-02,enter,fintech_payments,3.0,0.7441721613623383,BILL|UPST|PAGS
2021-02-03,exit,workflow_software,42.0,0.5609521831680597,NOW|TEAM|WDAY
2021-02-03,exit,biotech_innovation,19.0,0.6524064171122995,ARQT|TECH|RVMD
2021-02-03,exit,fintech_payments,18.0,0.6614661751726287,BILL|UPST|PAGS
2021-02-03,enter,obesity_glp1_health,1.0,0.7798336015783189,HIMS|NVO|LLY
2021-02-03,enter,oil_exploration,2.0,0.7771013966045377,APA|FANG|USO
2021-02-03,enter,airlines_travel,3.0,0.7724547012096984,PK|EXPE|CCL
2021-02-04,exit,obesity_glp1_health,39.0,0.5497637713514355,HIMS|NVO|LLY
2021-02-04,exit,oil_exploration,31.0,0.5913633767717148,APA|FANG|USO
2021-02-04,exit,airlines_travel,12.0,0.7045324749493798,PK|EXPE|CCL
2021-02-04,enter,apparel_beauty_lifestyle,1.0,0.7951170759565962,TPR|BBWI|UAA
2021-02-04,enter,consumer_internet_marketplaces,2.0,0.7632521675925446,BILI|PDD|Z
2021-02-04,enter,regional_banks,3.0,0.7387726493951509,TFC|FITB|KEY
2021-02-05,exit,apparel_beauty_lifestyle,16.0,0.6731737708322516,TPR|BBWI|UAA
2021-02-05,exit,consumer_internet_marketplaces,11.0,0.6944473287991278,BILI|PDD|Z
2021-02-05,exit,regional_banks,51.0,0.49912387726493956,TFC|FITB|KEY
2021-02-05,enter,uranium,1.0,0.8035927521935518,NXE|UUUU|LEU
2021-02-05,enter,nuclear,2.0,0.7715591090805254,NXE|LEU|CCJ
2021-02-05,enter,digital_ads_media,3.0,0.7409791807278957,MGNI|SNAP|PINS
2021-02-08,exit,digital_ads_media,39.0,0.5589143865842895,MGNI|SNAP|PINS
2021-02-08,enter,energy,2.0,0.7879523389232128,OXY|FANG|XOM
2021-02-08,enter,oil_exploration,3.0,0.7875110326566638,OXY|FANG|APA
2021-02-09,exit,energy,23.0,0.6094439541041483,OXY|FANG|XOM
2021-02-09,exit,oil_exploration,14.0,0.6725507502206532,OXY|FANG|APA
2021-02-09,enter,crypto_infrastructure,2.0,0.8153133274492499,MSTR|RIOT|HUT
2021-02-10,exit,uranium,4.0,0.7740511915269195,NXE|UUUU|LEU
2021-02-10,exit,nuclear,8.0,0.7429390997352163,NXE|LEU|CCJ
2021-02-10,exit,crypto_infrastructure,34.0,0.5750220653133276,MSTR|RIOT|HUT
2021-02-10,enter,consumer_internet_marketplaces,1.0,0.7992056487202117,BIDU|SHOP|OPEN
2021-02-10,enter,oil_exploration,2.0,0.7958958517210946,OXY|DVN|COP
2021-02-10,enter,nuclear_uranium,3.0,0.792586054721977,UEC|UUUU|BW
2021-02-11,exit,consumer_internet_marketplaces,26.0,0.619152691968226,BIDU|SHOP|OPEN
2021-02-11,exit,oil_exploration,60.0,0.4428508384819065,OXY|DVN|COP
2021-02-11,exit,nuclear_uranium,18.0,0.6950573698146514,UEC|UUUU|BW
2021-02-11,enter,advanced_packaging,1.0,0.8100176522506619,AMKR|ASX|COHU
2021-02-11,enter,semicap_equipment,2.0,0.8075904677846426,AMKR|AEHR|COHU
2021-02-11,enter,semis_compute,3.0,0.8056045895851722,MRAM|ASX|NVDA
2021-02-12,exit,semis_compute,10.0,0.7420564872021184,MRAM|ASX|NVDA
2021-02-12,enter,semis,2.0,0.7879523389232128,KLAC|AMAT|LRCX
2021-02-12,enter,diagnostics_tools,3.0,0.7855251544571934,WGS|ILMN|GH
2021-02-16,exit,advanced_packaging,12.0,0.7294792586054722,AMKR|ASX|COHU
2021-02-16,exit,semis,22.0,0.6780670785525154,KLAC|AMAT|LRCX
2021-02-16,exit,diagnostics_tools,29.0,0.6390114739629303,WGS|ILMN|GH
2021-02-16,enter,copper,2.0,0.8011915269196823,HBM|RIO|BHP
2021-02-16,enter,nuclear,3.0,0.7998676081200353,DNN|UEC|CCJ
2021-02-17,exit,semicap_equipment,14.0,0.6853486319505738,AMKR|AEHR|COHU
2021-02-17,exit,copper,9.0,0.7272727272727273,HBM|RIO|BHP
2021-02-17,exit,nuclear,3.0,0.7586054721977051,DNN|UEC|CCJ
2021-02-17,enter,natural_gas,1.0,0.7939099735216241,RRC|AR|EQT
2021-02-17,enter,oil_gas,2.0,0.7627978817299206,RRC|AR|DVN
2021-02-17,enter,nuclear,3.0,0.7586054721977051,DNN|UEC|CCJ
2021-02-18,exit,natural_gas,29.0,0.587819947043248,RRC|AR|EQT
2021-02-18,exit,oil_gas,32.0,0.5770079435127979,RRC|AR|DVN
2021-02-18,exit,nuclear,46.0,0.5505295675198589,DNN|UEC|CCJ
2021-02-18,enter,memory,1.0,0.7652250661959399,WDC|RMBS|MU
2021-02-18,enter,copper,2.0,0.7460282436010592,HBM|TECK|FCX
2021-02-18,enter,memory_storage,3.0,0.7444836716681377,WDC|MU|RMBS
2021-02-19,exit,memory,14.0,0.7129302736098853,WDC|RMBS|MU
2021-02-19,exit,memory_storage,24.0,0.648278905560459,WDC|MU|RMBS
2021-02-19,enter,airlines_travel,1.0,0.8261253309796999,CCL|RCL|TRIP
2021-02-19,enter,mega_banks,2.0,0.7996469549867609,WFC|BAC|JPM
2021-02-19,enter,regional_banks,3.0,0.7921447484554281,TFC|FITB|KEY
2021-02-22,exit,mega_banks,11.0,0.7800088261253311,WFC|BAC|JPM
2021-02-22,enter,copper_metals,2.0,0.8715798764342453,TGB|HBM|TECK
2021-02-22,enter,oil_gas,3.0,0.8236981465136805,ET|CVX|COP
2021-02-23,exit,copper,23.0,0.6513680494263018,HBM|TECK|FCX
2021-02-23,exit,regional_banks,12.0,0.7579435127978816,TFC|FITB|KEY
2021-02-23,exit,copper_metals,19.0,0.6851279788172991,TGB|HBM|TECK
2021-02-23,enter,oil_integrated,2.0,0.8371579876434246,CVX|XLE|TTE
2021-02-24,exit,airlines_travel,1.0,0.8583406884377761,CCL|RCL|TRIP
2021-02-24,exit,oil_integrated,8.0,0.7725066195939982,CVX|XLE|TTE
2021-02-24,enter,airlines_travel,1.0,0.8583406884377761,TRIP|NCLH|RCL
2021-02-24,enter,regional_banks,2.0,0.8245807590467783,KEY|TFC|FITB
2021-02-25,exit,oil_gas,3.0,0.8113415710503091,ET|CVX|COP
2021-02-25,exit,airlines_travel,11.0,0.7193292144748455,TRIP|NCLH|RCL
2021-02-25,exit,regional_banks,23.0,0.6211385701676964,KEY|TFC|FITB
2021-02-25,enter,banks_brokers_exchanges,1.0,0.8186231244483674,FLG|DB|COLB
2021-02-25,enter,oil_services,2.0,0.8150926743159753,NBR|PTEN|FTI
2021-02-25,enter,oil_gas,3.0,0.8113415710503091,MGY|EQNR|BP
2021-02-26,exit,banks_brokers_exchanges,22.0,0.6310679611650485,FLG|DB|COLB
2021-02-26,exit,oil_services,39.0,0.558693733451015,NBR|PTEN|FTI
2021-02-26,exit,oil_gas,17.0,0.6553398058252428,MGY|EQNR|BP
2021-02-26,enter,consumer,1.0,0.718667255075022,SBUX|TXRH|DRI
2021-02-26,enter,construction_infrastructure,2.0,0.7184466019417476,BLDR|PWR|PRIM
2021-02-26,enter,restaurants_food,3.0,0.703442188879082,SBUX|CAKE|DRI
2021-03-01,exit,consumer,59.0,0.487396812211204,SBUX|TXRH|DRI
2021-03-01,exit,restaurants_food,56.0,0.502621878407144,SBUX|CAKE|DRI
2021-03-01,enter,aerospace,2.0,0.7351513420902341,RKLB|SPIR|BA
2021-03-01,enter,semis,3.0,0.7348917501687348,LRCX|ON|AMAT
2021-03-02,exit,construction_infrastructure,34.0,0.5633274492497794,BLDR|PWR|PRIM
2021-03-02,exit,aerospace,15.0,0.692630185348632,RKLB|SPIR|BA
2021-03-02,exit,semis,53.0,0.47727272727272735,LRCX|ON|AMAT
2021-03-02,enter,apparel_beauty_lifestyle,1.0,0.7958958517210943,CELH|UAA|GAP
2021-03-02,enter,uranium,2.0,0.7718446601941747,UUUU|CCJ|DNN
2021-03-02,enter,asset_managers_alts,3.0,0.7694174757281553,TROW|IVZ|ARCC
2021-03-03,exit,apparel_beauty_lifestyle,30.0,0.6361429832303619,CELH|UAA|GAP
2021-03-03,exit,uranium,24.0,0.6502647837599295,UUUU|CCJ|DNN
2021-03-03,exit,asset_managers_alts,14.0,0.7124889673433362,TROW|IVZ|ARCC
2021-03-03,enter,banks_brokers_exchanges,1.0,0.8466460723742276,FSK|DB|MS
2021-03-03,enter,mega_banks,2.0,0.8349514563106797,C|MS|AXP
2021-03-03,enter,transport_logistics,3.0,0.8109002647837599,SAIA|LYFT|JBHT
2021-03-04,exit,banks_brokers_exchanges,6.0,0.7608120035304501,FSK|DB|MS
2021-03-04,exit,transport_logistics,22.0,0.646954986760812,SAIA|LYFT|JBHT
2021-03-04,enter,oil_gas,1.0,0.8490732568402471,FANG|LNG|OXY
2021-03-04,enter,oil_exploration,2.0,0.8201676963812886,FANG|OXY|DVN
2021-03-04,enter,managed_care,3.0,0.8137687555163283,CI|ELV|HUM
2021-03-05,exit,mega_banks,23.0,0.6379082082965579,C|MS|AXP
2021-03-05,exit,managed_care,13.0,0.7014563106796117,CI|ELV|HUM
2021-03-05,enter,banks_brokers_exchanges,3.0,0.7917034421888791,BCS|CME|BAC
2021-03-08,exit,oil_gas,26.0,0.6496028243601059,FANG|LNG|OXY
2021-03-08,exit,oil_exploration,30.0,0.6101059135039717,FANG|OXY|DVN
2021-03-08,enter,regional_banks,1.0,0.820829655781112,USB|FITB|HBAN
2021-03-08,enter,mega_banks,3.0,0.8166372462488969,AXP|C|WFC
2021-03-09,exit,banks_brokers_exchanges,10.0,0.6244873059550388,BCS|CME|BAC
2021-03-09,exit,regional_banks,27.0,0.5750869632937022,USB|FITB|HBAN
2021-03-09,exit,mega_banks,36.0,0.544299361403873,AXP|C|WFC
2021-03-09,enter,managed_care,1.0,0.6946939411245522,CI|UNH|ELV
2021-03-09,enter,datacenter_reits_towers,2.0,0.6811821816105084,COR|DLR|SBAC
2021-03-09,enter,storage,3.0,0.6625175224547012,DELL|HPE|STX
2021-03-10,exit,managed_care,17.0,0.6888790820829657,CI|UNH|ELV
2021-03-10,exit,datacenter_reits_towers,15.0,0.7308031774051192,COR|DLR|SBAC
2021-03-10,exit,storage,63.0,0.4192409532215357,DELL|HPE|STX
2021-03-10,enter,oil_gas,1.0,0.8426743159752869,COP|ET|XOM
2021-03-10,enter,energy,2.0,0.8272285966460725,COP|CVX|XOM
2021-03-10,enter,oil_services,3.0,0.809135039717564,RIG|PTEN|LBRT
2021-03-11,exit,oil_gas,86.0,0.2676522506619594,COP|ET|XOM
2021-03-11,exit,energy,79.0,0.3353927625772286,COP|CVX|XOM
2021-03-11,exit,oil_services,77.0,0.3698146513680494,RIG|PTEN|LBRT
2021-03-11,enter,storage,1.0,0.7541924095322153,PSTG|HPE|HPQ
2021-03-11,enter,renewables_storage,2.0,0.7466902030008827,FCEL|STEM|RUN
2021-03-11,enter,china_internet,3.0,0.7352162400706089,XPEV|NIO|TCOM
2021-03-12,exit,storage,52.0,0.5041924095322153,PSTG|HPE|HPQ
2021-03-12,exit,renewables_storage,26.0,0.6127537511032657,FCEL|STEM|RUN
2021-03-12,exit,china_internet,49.0,0.5220653133274492,XPEV|NIO|TCOM
2021-03-12,enter,datacenter_reits_towers,1.0,0.8131067961165049,COR|SBAC|EQIX
2021-03-12,enter,construction_infrastructure,2.0,0.8095763459841131,FLR|DY|PRIM
2021-03-12,enter,airlines_travel,3.0,0.7872903795233893,TRIP|AAL|UAL
2021-03-15,exit,datacenter_reits_towers,14.0,0.6657105030891438,COR|SBAC|EQIX
2021-03-15,exit,construction_infrastructure,44.0,0.5511915269196823,FLR|DY|PRIM
2021-03-15,exit,airlines_travel,16.0,0.6593115622241835,TRIP|AAL|UAL
2021-03-15,enter,uranium,1.0,0.7581641659311563,UUUU|UEC|DNN
2021-03-15,enter,creative_software,2.0,0.7480141218005295,PTC|U|CDNS
2021-03-15,enter,nuclear,3.0,0.7475728155339806,UEC|DNN|NXE
2021-03-16,exit,creative_software,23.0,0.6714474845542806,PTC|U|CDNS
2021-03-16,enter,digital_ads_media,1.0,0.7733892321270962,WBD|PSKY|TTD
2021-03-16,enter,semicap_equipment,2.0,0.770962047661077,UCTT|ACLS|ICHR
2021-03-16,enter,datacenter_reits_towers,3.0,0.7610326566637245,CCI|AMT|SBAC
2021-03-17,exit,uranium,15.0,0.6829214474845543,UUUU|UEC|DNN
2021-03-17,exit,nuclear,20.0,0.6657105030891438,UEC|DNN|NXE
2021-03-17,exit,digital_ads_media,16.0,0.6743159752868491,WBD|PSKY|TTD
2021-03-17,exit,datacenter_reits_towers,61.0,0.4315975286849073,CCI|AMT|SBAC
2021-03-17,enter,gold_silver_miners,1.0,0.823036187113857,CDE|PAAS|EXK
2021-03-17,enter,gold,2.0,0.7696381288614299,PAAS|FNV|NEM
2021-03-17,enter,silver,3.0,0.7641218005295674,PAAS|FNV|HL
2021-03-18,exit,semicap_equipment,60.0,0.46557811120917914,UCTT|ACLS|ICHR
2021-03-18,exit,gold_silver_miners,21.0,0.6683583406884379,CDE|PAAS|EXK
2021-03-18,exit,gold,28.0,0.6425419240953222,PAAS|FNV|NEM
2021-03-18,exit,silver,38.0,0.6021624007060901,PAAS|FNV|HL
2021-03-18,enter,banks_brokers_exchanges,1.0,0.8014121800529568,WFC|BAC|VLY
2021-03-18,enter,mega_banks,2.0,0.7875110326566638,WFC|BAC|JPM
2021-03-18,enter,regional_banks,3.0,0.7870697263901149,USB|FITB|PNC
2021-03-19,exit,banks_brokers_exchanges,60.0,0.46270962047661074,WFC|BAC|VLY
2021-03-19,exit,mega_banks,78.0,0.3596646072374227,WFC|BAC|JPM
2021-03-19,exit,regional_banks,75.0,0.3795233892321271,USB|FITB|PNC
2021-03-19,enter,semis,1.0,0.8305383936451897,AVGO|MPWR|MCHP
2021-03-19,enter,biotech,2.0,0.8016328331862311,AMGN|GILD|ALNY
2021-03-19,enter,diagnostics_tools,3.0,0.7784642541924096,RVTY|TXG|DHR
2021-03-22,exit,diagnostics_tools,14.0,0.7021182700794352,RVTY|TXG|DHR
2021-03-22,enter,consumer_staples,2.0,0.8499558693733451,MDLZ|MCD|PEP
2021-03-22,enter,pharma_largecap,3.0,0.7930273609885261,BMY|AZN|BIIB
2021-03-23,exit,semis,35.0,0.5659752868490733,AVGO|MPWR|MCHP
2021-03-23,exit,biotech,57.0,0.4777140335392763,AMGN|GILD|ALNY
2021-03-23,exit,pharma_largecap,19.0,0.6323918799646956,BMY|AZN|BIIB
2021-03-23,enter,medtech_devices,2.0,0.8038393645189761,PODD|ATEC|TMDX
2021-03-23,enter,consumer_internet,3.0,0.7899382171226832,TME|BABA|BIDU
2021-03-24,exit,consumer_staples,16.0,0.7106199055085406,MDLZ|MCD|PEP
2021-03-24,exit,medtech_devices,5.0,0.7659649031722133,PODD|ATEC|TMDX
2021-03-24,exit,consumer_internet,86.0,0.27890556045895853,TME|BABA|BIDU
2021-03-24,enter,managed_care,1.0,0.8488006853226727,ELV|UNH|CNC
2021-03-24,enter,power_grid_electrification,2.0,0.8141581433985774,CMS|WEC|AEP
2021-03-24,enter,utilities_yield,3.0,0.810458958517211,CMS|WEC|AEP
2021-03-25,exit,managed_care,44.0,0.5123565754633715,ELV|UNH|CNC
2021-03-25,exit,power_grid_electrification,9.0,0.7166813768755518,CMS|WEC|AEP
2021-03-25,exit,utilities_yield,7.0,0.7372021182700794,CMS|WEC|AEP
2021-03-25,enter,natural_gas,1.0,0.827890556045896,AR|EQT|RRC
2021-03-25,enter,homebuilders_housing,2.0,0.8270079435127979,LOW|HD|LEN
2021-03-25,enter,consumer_staples,3.0,0.7837599293909975,COST|DG|TGT
2021-03-26,enter,medtech,3.0,0.7861871138570167,EW|SYK|ISRG
2021-03-29,exit,natural_gas,31.0,0.5761253309797,AR|EQT|RRC
2021-03-29,exit,homebuilders_housing,20.0,0.6542365401588703,LOW|HD|LEN
2021-03-29,enter,real_estate_reits,3.0,0.8164165931156222,PSA|AMT|CCI
2021-03-30,exit,consumer_staples,41.0,0.558252427184466,COST|DG|TGT
2021-03-30,exit,medtech,30.0,0.5970873786407768,EW|SYK|ISRG
2021-03-30,exit,real_estate_reits,40.0,0.560458958517211,PSA|AMT|CCI
2021-03-30,enter,construction_infrastructure,1.0,0.8715798764342453,URI|FBIN|ACM
2021-03-30,enter,datacenter_infra,2.0,0.809576345984113,FBIN|ACM|TRMB
2021-03-30,enter,homebuilders_housing,3.0,0.808693733451015,PHM|MTH|BLD
2021-03-31,exit,construction_infrastructure,6.0,0.7376434245366285,URI|FBIN|ACM
2021-03-31,exit,datacenter_infra,18.0,0.6540158870255955,FBIN|ACM|TRMB
2021-03-31,exit,homebuilders_housing,25.0,0.6306266548984996,PHM|MTH|BLD
2021-03-31,enter,semicap_equipment,1.0,0.8391438658428949,AMAT|ICHR|UCTT
2021-03-31,enter,semis,2.0,0.8197263901147397,AMAT|KLAC|ON
2021-03-31,enter,semis_compute,3.0,0.7826566637246248,HIMX|ON|LSCC
2021-04-05,exit,semicap_equipment,2.0,0.8075904677846425,AMAT|ICHR|UCTT
2021-04-05,exit,semis,1.0,0.8124448367166814,AMAT|KLAC|ON
2021-04-05,exit,semis_compute,11.0,0.7127096204766108,HIMX|ON|LSCC
2021-04-05,enter,semis,1.0,0.8124448367166814,LRCX|AMAT|KLAC
2021-04-05,enter,semicap_equipment,2.0,0.8075904677846425,ACLS|ICHR|UCTT
2021-04-05,enter,mega_cap_platforms,3.0,0.7839805825242718,GOOGL|META|TSLA
2021-04-06,exit,semis,26.0,0.620476610767873,LRCX|AMAT|KLAC
2021-04-06,exit,semicap_equipment,12.0,0.6999117387466901,ACLS|ICHR|UCTT
2021-04-06,exit,mega_cap_platforms,52.0,0.5194174757281553,GOOGL|META|TSLA
2021-04-06,enter,digital_ads_media,1.0,0.7983230361871139,ROKU|PINS|SNAP
2021-04-06,enter,ai_apps,2.0,0.7758164165931155,PINS|SNAP|AI
2021-04-06,enter,gold_silver_miners,3.0,0.7753751103265667,SVM|FSM|HMY
2021-04-07,exit,gold_silver_miners,25.0,0.5904677846425418,SVM|FSM|HMY
2021-04-07,enter,mega_cap_platforms,2.0,0.7537511032656663,META|NVDA|GOOGL
2021-04-08,exit,digital_ads_media,23.0,0.6449691085613416,ROKU|PINS|SNAP
2021-04-08,enter,gold_silver_miners,1.0,0.843998234774934,FSM|HMY|AG
2021-04-08,enter,workflow_software,2.0,0.8177405119152692,HUBS|TEAM|DOCU
2021-04-09,exit,ai_apps,32.0,0.6286407766990292,PINS|SNAP|AI
2021-04-09,exit,gold_silver_miners,44.0,0.5706090026478375,FSM|HMY|AG
2021-04-09,exit,workflow_software,24.0,0.6668137687555163,HUBS|TEAM|DOCU
2021-04-09,enter,apparel_beauty_lifestyle,1.0,0.8523830538393644,AEO|GAP|TPR
2021-04-09,enter,medtech,2.0,0.7906001765225067,SYK|TMO|ISRG
2021-04-09,enter,payments,3.0,0.7846425419240952,XYZ|PYPL|FIS
2021-04-12,exit,mega_cap_platforms,18.0,0.6729920564872022,META|NVDA|GOOGL
2021-04-12,exit,medtech,38.0,0.5906884377758165,SYK|TMO|ISRG
2021-04-12,exit,payments,14.0,0.691747572815534,XYZ|PYPL|FIS
2021-04-12,enter,consumer,1.0,0.8106796116504854,CMG|YUM|DPZ
2021-04-12,enter,workflow_software,2.0,0.8011915269196821,NOW|HUBS|TEAM
2021-04-12,enter,restaurants,3.0,0.7985436893203883,CMG|YUM|DPZ
2021-04-13,exit,apparel_beauty_lifestyle,39.0,0.5337599293909974,AEO|GAP|TPR
2021-04-13,exit,consumer,25.0,0.5939982347749339,CMG|YUM|DPZ
2021-04-13,exit,restaurants,23.0,0.6118711385701676,CMG|YUM|DPZ
2021-04-13,enter,cybersecurity,1.0,0.8212709620476609,OKTA|NET|CRWD
2021-04-13,enter,business_apps,3.0,0.8036187113857017,DOCU|CRM|SAP
2021-04-14,exit,workflow_software,24.0,0.6568843777581642,NOW|HUBS|TEAM
2021-04-14,exit,cybersecurity,23.0,0.6599735216240071,OKTA|NET|CRWD
2021-04-14,exit,business_apps,15.0,0.6811562224183583,DOCU|CRM|SAP
2021-04-14,enter,oil_exploration,1.0,0.7919240953221535,USO|OXY|EOG
2021-04-14,enter,agriculture_food_inputs,2.0,0.7886142983230363,MOS|AGCO|DAR
2021-04-14,enter,defense,3.0,0.7612533097969989,TDG|HWM|HEI
2021-04-15,exit,oil_exploration,56.0,0.44527802294792584,USO|OXY|EOG
2021-04-15,exit,agriculture_food_inputs,37.0,0.5763459841129744,MOS|AGCO|DAR
2021-04-15,exit,defense,50.0,0.5207413945278023,TDG|HWM|HEI
2021-04-15,enter,medtech,1.0,0.8323036187113857,BSX|TMO|DXCM
2021-04-15,enter,mega_cap_platforms,2.0,0.8272285966460723,NVDA|ORCL|ADBE
2021-04-15,enter,pharma_largecap,3.0,0.8128861429832305,PFE|GSK|VRTX
2021-04-16,exit,mega_cap_platforms,27.0,0.6136363636363636,NVDA|ORCL|ADBE
2021-04-16,enter,pharma,1.0,0.8217122683142102,PFE|BMY|TMO
2021-04-16,enter,homebuilders_housing,2.0,0.8045013239187998,BLD|LOW|MAS
2021-04-19,exit,medtech,11.0,0.7032215357458076,BSX|TMO|DXCM
2021-04-19,exit,homebuilders_housing,34.0,0.6061341571050309,BLD|LOW|MAS
2021-04-19,enter,managed_care_insurance,3.0,0.8009708737864077,CLOV|MOH|HUM
2021-04-20,exit,pharma_largecap,2.0,0.8181818181818183,PFE|GSK|VRTX
2021-04-20,exit,pharma,7.0,0.7696381288614298,PFE|BMY|TMO
2021-04-20,enter,real_estate_reits,1.0,0.8236981465136805,ARE|PLD|O
2021-04-20,enter,pharma_largecap,2.0,0.8181818181818183,AZN|PFE|REGN
2021-04-20,enter,medtech,3.0,0.8022947925860549,JNJ|BSX|EW
2021-04-21,exit,managed_care_insurance,35.0,0.543468667255075,CLOV|MOH|HUM
2021-04-21,exit,real_estate_reits,17.0,0.6579876434245366,ARE|PLD|O
2021-04-21,exit,pharma_largecap,10.0,0.7122683142100618,AZN|PFE|REGN
2021-04-21,exit,medtech,8.0,0.7164607237422771,JNJ|BSX|EW
2021-04-21,enter,gold_silver_miners,1.0,0.8576787290379523,BTG|HMY|FSM
2021-04-21,enter,copper_metals,2.0,0.8214916151809356,HMY|IAG|ASM
2021-04-21,enter,silver,3.0,0.7720653133274491,SVM|WPM|HL
2021-04-22,exit,gold_silver_miners,31.0,0.5847308031774051,BTG|HMY|FSM
2021-04-22,exit,copper_metals,82.0,0.33693733451015007,HMY|IAG|ASM
2021-04-22,exit,silver,58.0,0.4669020300088262,SVM|WPM|HL
2021-04-22,enter,renewables_storage,1.0,0.8270079435127979,FSLR|ENPH|RUN
2021-04-22,enter,solar,2.0,0.822594880847308,FSLR|ENPH|RUN
2021-04-22,enter,restaurants_food,3.0,0.81090026478376,TXRH|CAKE|BLMN
2021-04-23,exit,renewables_storage,10.0,0.7244042365401588,FSLR|ENPH|RUN
2021-04-23,exit,solar,8.0,0.7301412180052957,FSLR|ENPH|RUN
2021-04-23,exit,restaurants_food,68.0,0.41041482789055606,TXRH|CAKE|BLMN
2021-04-23,enter,medtech,1.0,0.8159752868490733,EW|ISRG|BSX
2021-04-23,enter,asset_managers,2.0,0.8131067961165048,BX|SCHW|KKR
2021-04-23,enter,medtech_devices,3.0,0.7850838481906444,BSX|ISRG|EW
2021-04-26,exit,medtech,39.0,0.5741394527802296,EW|ISRG|BSX
2021-04-26,exit,asset_managers,36.0,0.5829655781112092,BX|SCHW|KKR
2021-04-26,exit,medtech_devices,31.0,0.6096646072374228,BSX|ISRG|EW
2021-04-26,enter,biotech_innovation,1.0,0.7897175639894087,DFTX|CRSP|NTLA
2021-04-26,enter,renewables_storage,2.0,0.7897175639894087,SEDG|ENPH|PLUG
2021-04-26,enter,biotech,3.0,0.7389673433362755,CRSP|NTLA|MRNA
2021-04-27,exit,biotech_innovation,14.0,0.6963812886142984,DFTX|CRSP|NTLA
2021-04-27,exit,renewables_storage,28.0,0.6074580759046779,SEDG|ENPH|PLUG
2021-04-27,exit,biotech,39.0,0.5602383053839365,CRSP|NTLA|MRNA
2021-04-27,enter,consumer_internet_marketplaces,1.0,0.752206531332745,BILI|OPEN|DASH
2021-04-27,enter,apparel_beauty_lifestyle,2.0,0.7436010591350397,CROX|CPRI|UAA
2021-04-27,enter,oil_exploration,3.0,0.723521624007061,APA|OXY|COP
2021-04-28,exit,consumer_internet_marketplaces,19.0,0.6906443071491615,BILI|OPEN|DASH
2021-04-28,exit,apparel_beauty_lifestyle,41.0,0.5225066195939982,CROX|CPRI|UAA
2021-04-28,enter,oil_gas,1.0,0.8757722859664607,LBRT|DVN|EOG
2021-04-28,enter,oil_services,2.0,0.8559135039717564,FTI|LBRT|NBR
2021-04-29,exit,oil_exploration,2.0,0.783097969991174,APA|OXY|COP
2021-04-29,exit,oil_gas,1.0,0.7864077669902914,LBRT|DVN|EOG
2021-04-29,enter,oil_gas,1.0,0.7864077669902914,ET|OVV|LBRT
2021-04-29,enter,oil_exploration,2.0,0.783097969991174,DVN|APA|FANG
2021-04-29,enter,asset_managers,3.0,0.7778022947925861,SCHW|BX|MS
2021-04-30,exit,oil_services,29.0,0.6074580759046778,FTI|LBRT|NBR
2021-04-30,exit,oil_gas,14.0,0.676522506619594,ET|OVV|LBRT
2021-04-30,exit,oil_exploration,42.0,0.5717122683142101,DVN|APA|FANG
2021-04-30,exit,asset_managers,52.0,0.5284642541924095,SCHW|BX|MS
2021-04-30,enter,restaurants_food,1.0,0.7897175639894087,BLMN|TXRH|QSR
2021-04-30,enter,natural_gas,2.0,0.7709620476610769,RRC|LNG|CTRA
2021-04-30,enter,biotech_innovation,3.0,0.7700794351279787,ARQT|DFTX|NVAX
2021-05-03,exit,restaurants_food,32.0,0.6531332744924978,BLMN|TXRH|QSR
2021-05-03,exit,biotech_innovation,75.0,0.3027360988526037,ARQT|DFTX|NVAX
2021-05-03,enter,oil_exploration,2.0,0.851721094439541,EOG|APA|DVN
2021-05-03,enter,oil_gas,3.0,0.8462047661076789,RRC|OVV|EOG
2021-05-04,exit,natural_gas,8.0,0.7866284201235658,RRC|LNG|CTRA
2021-05-04,exit,oil_exploration,31.0,0.64342453662842,EOG|APA|DVN
2021-05-04,enter,oil_services,1.0,0.8444395410414828,LBRT|PTEN|HAL
2021-05-04,enter,managed_care,2.0,0.8281112091791705,CVS|MOH|CNC
2021-05-05,exit,oil_gas,1.0,0.8287731685789939,RRC|OVV|EOG
2021-05-05,exit,oil_services,3.0,0.808252427184466,LBRT|PTEN|HAL
2021-05-05,exit,managed_care,25.0,0.6699029126213593,CVS|MOH|CNC
2021-05-05,enter,oil_gas,1.0,0.8287731685789939,LBRT|LNG|DVN
2021-05-05,enter,uranium,2.0,0.8137687555163282,NXE|DNN|LEU
2021-05-05,enter,oil_services,3.0,0.808252427184466,PTEN|SLB|BKR
2021-05-06,exit,oil_gas,16.0,0.6842453662842013,LBRT|LNG|DVN
2021-05-06,exit,uranium,33.0,0.5774492497793468,NXE|DNN|LEU
2021-05-06,exit,oil_services,21.0,0.6546778464254193,PTEN|SLB|BKR
2021-05-06,enter,gold_silver_miners,1.0,0.8336275375110325,HL|EXK|SVM
2021-05-06,enter,silver,2.0,0.8113415710503089,HL|SVM|PAAS
2021-05-06,enter,copper_metals,3.0,0.7842012356575464,HBM|CLF|TECK
2021-05-07,exit,silver,13.0,0.721756398940865,HL|SVM|PAAS
2021-05-07,enter,oil_services,1.0,0.8559135039717564,RIG|PTEN|BKR
2021-05-07,enter,energy,3.0,0.8038393645189761,EOG|SLB|BKR
2021-05-10,exit,gold_silver_miners,21.0,0.6718887908208296,HL|EXK|SVM
2021-05-10,exit,oil_services,22.0,0.6683583406884377,RIG|PTEN|BKR
2021-05-10,exit,energy,11.0,0.7535304501323918,EOG|SLB|BKR
2021-05-10,enter,construction_infrastructure,1.0,0.8629744042365401,MTZ|OC|EXP
2021-05-10,enter,oil_gas,3.0,0.8382612533097971,ET|AR|EOG
2021-05-11,exit,copper_metals,1.0,0.8400264783759929,HBM|CLF|TECK
2021-05-11,exit,construction_infrastructure,4.0,0.746469549867608,MTZ|OC|EXP
2021-05-11,exit,oil_gas,12.0,0.6875551632833187,ET|AR|EOG
2021-05-11,enter,copper_metals,1.0,0.8400264783759929,SCCO|FCX|TGB
2021-05-11,enter,copper,2.0,0.8179611650485438,HBM|SCCO|FCX
2021-05-11,enter,gold_silver_miners,3.0,0.763459841129744,HL|EXK|NEM
2021-05-12,exit,copper_metals,14.0,0.6906443071491615,SCCO|FCX|TGB
2021-05-12,exit,copper,15.0,0.6392321270962047,HBM|SCCO|FCX
2021-05-12,enter,oil_gas,1.0,0.8709179170344219,YPF|ET|RRC
2021-05-12,enter,energy,2.0,0.839585172109444,SLB|BKR|EOG
2021-05-12,enter,natural_gas,3.0,0.8040600176522505,RRC|AR|WMB
2021-05-13,exit,gold_silver_miners,70.0,0.3980582524271844,HL|EXK|NEM
2021-05-13,exit,oil_gas,19.0,0.6507060900264784,YPF|ET|RRC
2021-05-13,exit,energy,24.0,0.6341571050308914,SLB|BKR|EOG
2021-05-13,exit,natural_gas,28.0,0.6072374227714034,RRC|AR|WMB
2021-05-13,enter,banks_brokers_exchanges,1.0,0.7919240953221536,CME|JPM|BCS
2021-05-13,enter,insurance,2.0,0.7676522506619594,ALL|PGR|AIG
2021-05-13,enter,pharma_largecap,3.0,0.7652250661959399,NVO|REGN|GILD
2021-05-14,exit,banks_brokers_exchanges,8.0,0.7319713410518665,CME|JPM|BCS
2021-05-14,exit,pharma_largecap,32.0,0.5702585535538135,NVO|REGN|GILD
2021-05-14,enter,oil_gas,1.0,0.8302788017236904,RRC|ET|YPF
2021-05-14,enter,cybersecurity,2.0,0.8039951196718758,GEN|AKAM|TENB
2021-05-14,enter,gold,3.0,0.7736488240485956,GOLD|WPM|NEM
2021-05-17,exit,insurance,73.0,0.3635455064638388,ALL|PGR|AIG
2021-05-17,exit,cybersecurity,19.0,0.6528217641866987,GEN|AKAM|TENB
2021-05-17,enter,gold_silver_miners,1.0,0.8776024090130315,GOLD|HL|EXK
2021-05-17,enter,natural_gas,3.0,0.8601059135039717,RRC|AR|EQT
2021-05-18,exit,oil_gas,16.0,0.6533539276257722,RRC|ET|YPF
2021-05-18,exit,gold,7.0,0.7023389232127096,GOLD|WPM|NEM
2021-05-18,exit,gold_silver_miners,2.0,0.7866284201235658,GOLD|HL|EXK
2021-05-18,exit,natural_gas,20.0,0.6432038834951457,RRC|AR|EQT
2021-05-18,enter,china_internet,1.0,0.7923654015887027,LI|BEKE|TCOM
2021-05-18,enter,gold_silver_miners,2.0,0.7866284201235658,HL|GOLD|HMY
2021-05-18,enter,airlines_travel,3.0,0.7424977934686671,CCL|AAL|ALK
2021-05-19,exit,china_internet,10.0,0.6990291262135923,LI|BEKE|TCOM
2021-05-19,exit,gold_silver_miners,16.0,0.6756398940864959,HL|GOLD|HMY
2021-05-19,exit,airlines_travel,21.0,0.6465136804942629,CCL|AAL|ALK
2021-05-19,enter,semis_compute,1.0,0.7992056487202119,LITE|STX|MRVL
2021-05-19,enter,semis,2.0,0.7678729037952339,MRVL|AMAT|LRCX
2021-05-19,enter,semicap_equipment,3.0,0.7588261253309797,AEHR|AMAT|UCTT
2021-05-20,exit,semis_compute,17.0,0.6655677275323192,LITE|STX|MRVL
2021-05-20,exit,semicap_equipment,19.0,0.6587923783811849,AEHR|AMAT|UCTT
2021-05-20,enter,business_apps,1.0,0.7869139712372151,DOCU|INTU|VEEV
2021-05-20,enter,fintech_payments,2.0,0.7723249052489485,SOFI|PAGS|UPST
2021-05-20,enter,china_internet,3.0,0.7714682519080006,XPEV|NTES|LI
2021-05-21,exit,semis,66.0,0.4505736981465137,MRVL|AMAT|LRCX
2021-05-21,exit,business_apps,20.0,0.6074580759046778,DOCU|INTU|VEEV
2021-05-21,exit,fintech_payments,10.0,0.6985878199470433,SOFI|PAGS|UPST
2021-05-21,exit,china_internet,33.0,0.5602383053839365,XPEV|NTES|LI
2021-05-21,enter,healthcare,1.0,0.8137687555163284,HIMS|CNC|ALHC
2021-05-21,enter,managed_care,2.0,0.7592674315975287,ALHC|CNC|CVS
2021-05-21,enter,obesity_glp1_health,3.0,0.7563989408649603,HIMS|NVO|LLY
2021-05-24,exit,healthcare,49.0,0.5198587819947044,HIMS|CNC|ALHC
2021-05-24,exit,managed_care,66.0,0.42828773168578993,ALHC|CNC|CVS
2021-05-24,exit,obesity_glp1_health,30.0,0.603486319505737,HIMS|NVO|LLY
2021-05-24,enter,diagnostics_tools,1.0,0.7950132391879965,EXAS|TECH|TXG
2021-05-24,enter,semis,2.0,0.7627978817299206,AMAT|MRVL|LRCX
2021-05-24,enter,semicap_equipment,3.0,0.7497793468667255,CAMT|ONTO|AMAT
2021-05-25,exit,diagnostics_tools,11.0,0.726610767872904,EXAS|TECH|TXG
2021-05-25,enter,semis_compute,1.0,0.7919240953221536,NVDA|ASML|MRVL
2021-05-25,enter,ai_infrastructure,3.0,0.7800088261253311,NVDA|MPWR|AMD
2021-05-26,exit,semis,54.0,0.5116946160635482,AMAT|MRVL|LRCX
2021-05-26,exit,semicap_equipment,31.0,0.5717122683142101,CAMT|ONTO|AMAT
2021-05-26,exit,semis_compute,16.0,0.6409973521624008,NVDA|ASML|MRVL
2021-05-26,exit,ai_infrastructure,9.0,0.6849073256840247,NVDA|MPWR|AMD
2021-05-26,enter,gaming_sports_betting,1.0,0.8115622241835834,RBLX|DKNG|U
2021-05-26,enter,renewables_storage,2.0,0.7930273609885261,EOSE|STEM|SHLS
2021-05-26,enter,business_apps,3.0,0.7859664607237423,INTU|ADSK|AI
2021-05-27,exit,gaming_sports_betting,52.0,0.5326566637246248,RBLX|DKNG|U
2021-05-27,exit,renewables_storage,20.0,0.6593115622241836,EOSE|STEM|SHLS
2021-05-27,exit,business_apps,73.0,0.37488967343336277,INTU|ADSK|AI
2021-05-27,enter,diagnostics_tools,1.0,0.789055604589585,TXG|A|WGS
2021-05-27,enter,autos,2.0,0.763901147396293,F|GM|ON
2021-05-27,enter,defense,3.0,0.7480141218005295,TDG|HWM|HEI
2021-05-28,exit,diagnostics_tools,26.0,0.6032656663724626,TXG|A|WGS
2021-05-28,exit,autos,23.0,0.6074580759046778,F|GM|ON
2021-05-28,exit,defense,42.0,0.531774051191527,TDG|HWM|HEI
2021-05-28,enter,advanced_packaging,1.0,0.7579435127978815,CAMT|ONTO|AMAT
2021-05-28,enter,semicap_equipment,2.0,0.7497793468667255,ONTO|CAMT|ICHR
2021-05-28,enter,semis_compute,3.0,0.7389673433362755,NVDA|HIMX|MRAM
2021-06-01,exit,advanced_packaging,44.0,0.5734255749961061,CAMT|ONTO|AMAT
2021-06-01,exit,semicap_equipment,27.0,0.6340792274544416,ONTO|CAMT|ICHR
2021-06-01,exit,semis_compute,36.0,0.5895332537251441,NVDA|HIMX|MRAM
2021-06-01,enter,oil_gas,1.0,0.8312652510253881,DVN|MGY|OVV
2021-06-01,enter,oil_exploration,2.0,0.8182077773739682,DVN|FANG|OXY
2021-06-01,enter,china_internet,3.0,0.7992056487202119,TIGR|XPEV|NIO
2021-06-02,exit,china_internet,32.0,0.5882612533097971,TIGR|XPEV|NIO
2021-06-02,enter,oil_services,1.0,0.8497352162400708,NBR|FTI|PTEN
2021-06-03,exit,oil_gas,5.0,0.771792741809875,DVN|MGY|OVV
2021-06-03,exit,oil_exploration,1.0,0.7998805877161103,DVN|FANG|OXY
2021-06-03,exit,oil_services,3.0,0.7937152795804995,NBR|FTI|PTEN
2021-06-03,enter,oil_exploration,1.0,0.7998805877161103,OXY|DVN|APA
2021-06-03,enter,industrial_automation,2.0,0.797803852344115,CNH|ROK|GE
2021-06-03,enter,oil_services,3.0,0.7937152795804995,FTI|PTEN|LBRT
2021-06-04,exit,oil_exploration,17.0,0.6590909090909091,OXY|DVN|APA
2021-06-04,exit,industrial_automation,61.0,0.4457193292144749,CNH|ROK|GE
2021-06-04,exit,oil_services,4.0,0.7085172109443955,FTI|PTEN|LBRT
2021-06-04,enter,ai_infrastructure,1.0,0.7819947043248014,NVDA|AMD|TSM
2021-06-04,enter,networking_optical,2.0,0.7506619593998234,LWLG|CIEN|ANET
2021-06-04,enter,rare_earth_critical_minerals,3.0,0.7336716681376876,MP|LAR|ALB
2021-06-07,exit,ai_infrastructure,33.0,0.5858340688437775,NVDA|AMD|TSM
2021-06-07,enter,nuclear_uranium,1.0,0.8689320388349516,LEU|UUUU|UEC
2021-06-07,enter,real_estate_reits,2.0,0.8464254192409532,EQIX|ARE|AMT
2021-06-07,enter,uranium,3.0,0.8462047661076789,DNN|LEU|UUUU
2021-06-08,exit,rare_earth_critical_minerals,26.0,0.633053839364519,MP|LAR|ALB
2021-06-08,exit,nuclear_uranium,47.0,0.5178729037952339,LEU|UUUU|UEC
2021-06-08,exit,uranium,60.0,0.44616063548102386,DNN|LEU|UUUU
2021-06-08,enter,cybersecurity,2.0,0.7859664607237423,NET|BB|FTNT
2021-06-08,enter,restaurants_food,3.0,0.7753751103265666,EAT|SHAK|CAKE
2021-06-09,exit,networking_optical,14.0,0.7060900264783759,LWLG|CIEN|ANET
2021-06-09,exit,real_estate_reits,5.0,0.7714033539276258,EQIX|ARE|AMT
2021-06-09,exit,cybersecurity,31.0,0.5902471315092673,NET|BB|FTNT
2021-06-09,exit,restaurants_food,42.0,0.5198587819947044,EAT|SHAK|CAKE
2021-06-09,enter,pharma_largecap,1.0,0.8823918799646955,BIIB|LLY|NVO
2021-06-09,enter,biotech,2.0,0.8649602824360106,BIIB|ALNY|MRNA
2021-06-09,enter,pharma,3.0,0.812224183583407,NVO|GILD|PFE
2021-06-10,enter,biotech_innovation,3.0,0.8300970873786407,NVAX|ARWR|CMPS
2021-06-11,exit,pharma_largecap,20.0,0.618711385701677,BIIB|LLY|NVO
2021-06-11,exit,biotech,16.0,0.6487202118270079,BIIB|ALNY|MRNA
2021-06-11,exit,pharma,33.0,0.5732568402471315,NVO|GILD|PFE
2021-06-11,enter,workflow_software,2.0,0.8170785525154457,ZM|DOCU|NOW
2021-06-11,enter,restaurants_food,3.0,0.7718446601941746,DPZ|WING|MCD
2021-06-14,exit,biotech_innovation,10.0,0.7153574580759047,NVAX|ARWR|CMPS
2021-06-14,exit,restaurants_food,30.0,0.6054721977052073,DPZ|WING|MCD
2021-06-14,enter,dev_tools,2.0,0.7853045013239187,MDB|TEAM|DDOG
2021-06-14,enter,crypto_infrastructure,3.0,0.7736098852603707,MSTR|RIOT|HUT
2021-06-15,exit,workflow_software,30.0,0.5783318623124448,ZM|DOCU|NOW
2021-06-15,exit,dev_tools,41.0,0.5485436893203883,MDB|TEAM|DDOG
2021-06-15,enter,medtech_devices,1.0,0.8003089143865844,TMDX|ISRG|DXCM
2021-06-15,enter,oil_integrated,2.0,0.7621359223300971,XOM|TTE|SHEL
2021-06-15,enter,pharma,3.0,0.7398499558693733,MRK|BMY|TMO
2021-06-16,exit,crypto_infrastructure,26.0,0.6067961165048544,MSTR|RIOT|HUT
2021-06-16,exit,medtech_devices,8.0,0.7171226831421006,TMDX|ISRG|DXCM
2021-06-16,exit,oil_integrated,50.0,0.5097087378640778,XOM|TTE|SHEL
2021-06-16,exit,pharma,40.0,0.5602383053839365,MRK|BMY|TMO
2021-06-16,enter,workflow_software,1.0,0.8062665489849955,HUBS|NOW|TEAM
2021-06-16,enter,solar,2.0,0.8003089143865844,ENPH|RUN|SEDG
2021-06-16,enter,consumer_internet_marketplaces,3.0,0.7875110326566638,SHOP|DASH|GLBE
2021-06-17,enter,diagnostics_tools,3.0,0.7815923368464772,DHR|TMO|TXG
2021-06-18,exit,workflow_software,7.0,0.720873786407767,HUBS|NOW|TEAM
2021-06-18,exit,solar,11.0,0.6868932038834952,ENPH|RUN|SEDG
2021-06-18,exit,diagnostics_tools,10.0,0.6875551632833187,DHR|TMO|TXG
2021-06-18,enter,dev_tools,2.0,0.7760370697263901,MDB|TEAM|DDOG
2021-06-18,enter,china_internet,3.0,0.7608120035304503,XPEV|BILI|LI
2021-06-21,exit,consumer_internet_marketplaces,22.0,0.6234099994808162,SHOP|DASH|GLBE
2021-06-21,exit,dev_tools,23.0,0.6179066507450288,MDB|TEAM|DDOG
2021-06-21,exit,china_internet,86.0,0.31306785732827996,XPEV|BILI|LI
2021-06-21,enter,oil_exploration,1.0,0.7709101292767769,FANG|USO|OXY
2021-06-21,enter,consumer_staples,2.0,0.759098696848554,KR|DLTR|TGT
2021-06-21,enter,asset_managers,3.0,0.7505191838429988,BX|KKR|SCHW
2021-06-22,exit,oil_exploration,83.0,0.30825242718446605,FANG|USO|OXY
2021-06-22,exit,consumer_staples,19.0,0.6754192409532217,KR|DLTR|TGT
2021-06-22,exit,asset_managers,36.0,0.5518534863195057,BX|KKR|SCHW
2021-06-22,enter,consumer_internet_marketplaces,1.0,0.8384819064430715,QXO|CVNA|SHOP
2021-06-22,enter,apparel_beauty_lifestyle,2.0,0.8199470432480142,FIGS|LULU|AEO
2021-06-22,enter,solar,3.0,0.81090026478376,RUN|ENPH|FSLR
2021-06-23,exit,apparel_beauty_lifestyle,7.0,0.7513239187996469,FIGS|LULU|AEO
2021-06-23,enter,diagnostics_tools,1.0,0.8578993821712269,DHR|PACB|GH
2021-06-24,exit,consumer_internet_marketplaces,5.0,0.7683142100617829,QXO|CVNA|SHOP
2021-06-24,exit,solar,44.0,0.5258164165931156,RUN|ENPH|FSLR
2021-06-24,exit,diagnostics_tools,83.0,0.32193292144748453,DHR|PACB|GH
2021-06-24,enter,construction_infrastructure,1.0,0.7923654015887025,FLR|URI|MLM
2021-06-24,enter,streaming_entertainment,2.0,0.781774051191527,ROKU|SPOT|LYV
2021-06-24,enter,asset_managers_alts,3.0,0.7718446601941747,ARES|BN|CG
2021-06-25,exit,streaming_entertainment,10.0,0.7155910908052541,ROKU|SPOT|LYV
2021-06-25,enter,apparel_beauty_lifestyle,2.0,0.7860832770884169,NKE|DECK|BBWI
2021-06-25,enter,digital_ads_media,3.0,0.7768418046830382,TTD|MGNI|LYV
2021-06-28,exit,construction_infrastructure,41.0,0.5203000882612533,FLR|URI|MLM
2021-06-28,exit,asset_managers_alts,32.0,0.59135039717564,ARES|BN|CG
2021-06-28,exit,apparel_beauty_lifestyle,12.0,0.7144748455428067,NKE|DECK|BBWI
2021-06-28,enter,renewables_storage,1.0,0.8157546337157988,FSLR|CSIQ|QS
2021-06-28,enter,semis,2.0,0.807369814651368,MRVL|AMAT|MPWR
2021-06-29,exit,digital_ads_media,12.0,0.6765225066195941,TTD|MGNI|LYV
2021-06-29,exit,renewables_storage,18.0,0.6529126213592232,FSLR|CSIQ|QS
2021-06-29,enter,crypto_infrastructure,1.0,0.8144307149161518,MSTR|WULF|COIN
2021-06-29,enter,china_internet,2.0,0.8142100617828772,NIO|LI|TIGR
2021-06-29,enter,consumer_internet,3.0,0.7864077669902914,BIDU|BABA|NTES
2021-06-30,exit,semis,38.0,0.5556045895851721,MRVL|AMAT|MPWR
2021-06-30,exit,crypto_infrastructure,35.0,0.5613415710503089,MSTR|WULF|COIN
2021-06-30,exit,china_internet,27.0,0.5944395410414829,NIO|LI|TIGR
2021-06-30,exit,consumer_internet,15.0,0.6390114739629302,BIDU|BABA|NTES
2021-06-30,enter,restaurants_food,1.0,0.8025154457193293,DRI|CMG|EAT
2021-06-30,enter,natural_gas,2.0,0.8016328331862312,EQT|CTRA|AR
2021-06-30,enter,mega_banks,3.0,0.7451456310679613,MS|GS|JPM
2021-07-01,exit,restaurants_food,57.0,0.5115518405067235,DRI|CMG|EAT
2021-07-01,exit,natural_gas,13.0,0.6662167073360677,EQT|CTRA|AR
2021-07-01,exit,mega_banks,20.0,0.6439956388557188,MS|GS|JPM
2021-07-01,enter,utilities_yield,1.0,0.7868231140646902,ETN|EIX|NRG
2021-07-01,enter,pharma,2.0,0.7755049062873163,GILD|TMO|AMGN
2021-07-01,enter,aerospace,3.0,0.7392399148538497,ASTS|RKLB|GE
2021-07-02,exit,utilities_yield,42.0,0.5642100617828772,ETN|EIX|NRG
2021-07-02,exit,aerospace,16.0,0.6496028243601059,ASTS|RKLB|GE
2021-07-02,enter,mega_cap_platforms,1.0,0.8364960282436009,MSFT|AAPL|NVDA
2021-07-02,enter,cloud_neocloud,3.0,0.7665489849955869,HUT|DOCN|AMZN
2021-07-06,exit,pharma,14.0,0.6790016094699132,GILD|TMO|AMGN
2021-07-06,exit,cloud_neocloud,12.0,0.6960178599241992,HUT|DOCN|AMZN
2021-07-06,enter,real_estate_reits,1.0,0.7918981361300036,WELL|AMT|PSA
2021-07-06,enter,vertical_software,3.0,0.7710009864493017,PTC|TYL|ADSK
2021-07-07,exit,mega_cap_platforms,6.0,0.7800088261253311,MSFT|AAPL|NVDA
2021-07-07,exit,real_estate_reits,17.0,0.708296557811121,WELL|AMT|PSA
2021-07-07,exit,vertical_software,9.0,0.7522065313327448,PTC|TYL|ADSK
2021-07-07,enter,pharma,1.0,0.8250220653133274,ABBV|JNJ|XLV
2021-07-07,enter,datacenter_infra,2.0,0.8241394527802296,ETN|GNRC|TT
2021-07-07,enter,medtech,3.0,0.8126654898499559,DXCM|ISRG|EW
2021-07-08,exit,datacenter_infra,21.0,0.6403353927625772,ETN|GNRC|TT
2021-07-08,exit,medtech,11.0,0.6855692850838482,DXCM|ISRG|EW
2021-07-08,enter,mega_cap_platforms,1.0,0.8446601941747572,AMZN|ORCL|AAPL
2021-07-08,enter,medtech_devices,3.0,0.7427184466019418,EW|GMED|DXCM
2021-07-09,exit,pharma,32.0,0.5689216551580916,ABBV|JNJ|XLV
2021-07-09,exit,mega_cap_platforms,8.0,0.6764965474274439,AMZN|ORCL|AAPL
2021-07-09,exit,medtech_devices,64.0,0.45524635273350306,EW|GMED|DXCM
2021-07-09,enter,datacenter_infra,1.0,0.769625149265355,ETN|FLS|TT
2021-07-09,enter,payments,2.0,0.7327501168163646,PYPL|AXP|COF
2021-07-09,enter,vertical_software,3.0,0.7129043144177353,TYL|LDOS|PTC
2021-07-12,exit,payments,10.0,0.7429910181195162,PYPL|AXP|COF
2021-07-12,exit,vertical_software,47.0,0.5082939618919059,TYL|LDOS|PTC
2021-07-12,enter,asset_managers_alts,1.0,0.8165463890763719,TROW|BLK|BX
2021-07-12,enter,real_estate_reits,2.0,0.8145734904729764,PLD|PSA|CCI
2021-07-12,enter,asset_managers,3.0,0.7993224650848866,TROW|BLK|BX
2021-07-13,exit,datacenter_infra,6.0,0.7140205596801829,ETN|FLS|TT
2021-07-13,exit,asset_managers_alts,53.0,0.5049971444888635,TROW|BLK|BX
2021-07-13,exit,real_estate_reits,35.0,0.5793832095945175,PLD|PSA|CCI
2021-07-13,exit,asset_managers,8.0,0.7014692902756867,TROW|BLK|BX
2021-07-13,enter,consumer_staples,1.0,0.7864856445667411,PEP|TGT|KO
2021-07-13,enter,restaurants,2.0,0.7380328124188775,SBUX|DPZ|CMG
2021-07-13,enter,restaurants_food,3.0,0.7303099527542702,SBUX|BLMN|DPZ
2021-07-14,exit,restaurants,13.0,0.6813768755516328,SBUX|DPZ|CMG
2021-07-14,exit,restaurants_food,11.0,0.6846866725507502,SBUX|BLMN|DPZ
2021-07-14,enter,real_estate_reits,2.0,0.8040600176522507,WELL|DOC|PLD
2021-07-14,enter,mega_cap_platforms,3.0,0.7568402471315092,AAPL|ORCL|NFLX
2021-07-15,exit,consumer_staples,3.0,0.7910285031929807,PEP|TGT|KO
2021-07-15,exit,real_estate_reits,9.0,0.7353590156274338,WELL|DOC|PLD
2021-07-15,exit,mega_cap_platforms,40.0,0.5494652406417113,AAPL|ORCL|NFLX
2021-07-15,enter,mega_banks,1.0,0.7994003426613363,WFC|MS|GS
2021-07-15,enter,insurance,2.0,0.7957011577799699,AIG|CB|TRV
2021-07-15,enter,consumer_staples,3.0,0.7910285031929807,KO|PEP|KR
2021-07-16,exit,mega_banks,27.0,0.6078604433830019,WFC|MS|GS
2021-07-16,exit,consumer_staples,3.0,0.7964020559680183,KO|PEP|KR
2021-07-16,enter,pharma_largecap,1.0,0.8339130886246819,NVO|ABBV|VRTX
2021-07-16,enter,pharma,2.0,0.8138466330927782,NVO|ABBV|PFE
2021-07-16,enter,consumer_staples,3.0,0.7964020559680183,PEP|PG|KO
2021-07-19,exit,insurance,70.0,0.4171642178495405,AIG|CB|TRV
2021-07-19,exit,pharma,7.0,0.6939800633404287,NVO|ABBV|PFE
2021-07-19,exit,consumer_staples,3.0,0.7413166502258448,PEP|PG|KO
2021-07-19,enter,semicap_equipment,1.0,0.7719225377706246,AEHR|ASML|LRCX
2021-07-19,enter,quantum_computing,2.0,0.75430922589689,QUBT|ARQQ|RGTI
2021-07-19,enter,consumer_staples,3.0,0.7413166502258448,KR|PG|KO
2021-07-20,exit,pharma_largecap,46.0,0.5132391879964696,NVO|ABBV|VRTX
2021-07-20,exit,quantum_computing,24.0,0.5979699911738747,QUBT|ARQQ|RGTI
2021-07-20,exit,consumer_staples,16.0,0.6277581641659311,KR|PG|KO
2021-07-20,enter,homebuilders_housing,1.0,0.7356575463371581,FND|DHI|HD
2021-07-20,enter,real_estate_reits,3.0,0.7221977052074139,COLD|DOC|ARE
2021-07-21,exit,real_estate_reits,66.0,0.4518067597736359,COLD|DOC|ARE
2021-07-21,enter,fintech,1.0,0.8111209179170344,XYZ|FUTU|SOFI
2021-07-22,exit,semicap_equipment,25.0,0.6052515445719329,AEHR|ASML|LRCX
2021-07-22,exit,homebuilders_housing,17.0,0.6416593115622242,FND|DHI|HD
2021-07-22,exit,fintech,37.0,0.560458958517211,XYZ|FUTU|SOFI
2021-07-22,enter,dev_tools,1.0,0.792144748455428,DDOG|MDB|PTC
2021-07-22,enter,cloud,2.0,0.779126213592233,NET|ZS|SNOW
2021-07-22,enter,workflow_software,3.0,0.7773609885260372,DOCU|TEAM|HUBS
2021-07-23,exit,cloud,14.0,0.6860105913503972,NET|ZS|SNOW
2021-07-23,exit,workflow_software,19.0,0.6676963812886143,DOCU|TEAM|HUBS
2021-07-23,enter,homebuilders_housing,2.0,0.8111209179170343,FND|MTH|DHI
2021-07-23,enter,vertical_software,3.0,0.7861871138570167,PTC|ADSK|CDNS
2021-07-26,exit,dev_tools,55.0,0.49095322153574583,DDOG|MDB|PTC
2021-07-26,exit,homebuilders_housing,37.0,0.5692850838481907,FND|MTH|DHI
2021-07-26,exit,vertical_software,32.0,0.5867166813768755,PTC|ADSK|CDNS
2021-07-26,enter,copper_metals,1.0,0.8232568402471315,MT|AA|BHP
2021-07-26,enter,crypto_infrastructure,2.0,0.808252427184466,MSTR|HUT|MARA
2021-07-26,enter,oil_gas,3.0,0.792586054721977,RRC|APA|OVV
2021-07-27,exit,copper_metals,10.0,0.7052074139452781,MT|AA|BHP
2021-07-27,exit,crypto_infrastructure,30.0,0.6028632988941385,MSTR|HUT|MARA
2021-07-27,exit,oil_gas,25.0,0.6211126109755464,RRC|APA|OVV
2021-07-27,enter,medtech,1.0,0.7893671148953845,BSX|SYK|MDT
2021-07-27,enter,restaurants_food,2.0,0.7644333108353668,CAKE|YUM|CMG
2021-07-27,enter,restaurants,3.0,0.7555293079279373,YUM|CMG|DPZ
2021-07-28,exit,medtech,18.0,0.6462930273609886,BSX|SYK|MDT
2021-07-28,exit,restaurants_food,19.0,0.6409973521624008,CAKE|YUM|CMG
2021-07-28,exit,restaurants,14.0,0.660414827890556,YUM|CMG|DPZ
2021-07-28,enter,electronics_components,1.0,0.7912621359223302,CLS|TEL|FLEX
2021-07-28,enter,uranium,2.0,0.7778022947925861,LEU|NXE|DNN
2021-07-28,enter,copper_metals,3.0,0.7120476610767873,MT|CLF|NUE
2021-07-29,exit,uranium,22.0,0.6727714033539277,LEU|NXE|DNN
2021-07-29,enter,gold_silver_miners,2.0,0.8115622241835834,AEM|EXK|KGC
2021-07-30,exit,gold_silver_miners,28.0,0.5988526037069726,AEM|EXK|KGC
2021-07-30,enter,crypto_infrastructure,1.0,0.8515004413062666,RIOT|MSTR|HUT
2021-08-02,exit,electronics_components,5.0,0.7277140335392762,CLS|TEL|FLEX
2021-08-02,exit,copper_metals,38.0,0.559135039717564,MT|CLF|NUE
2021-08-02,exit,crypto_infrastructure,70.0,0.39585172109443956,RIOT|MSTR|HUT
2021-08-02,enter,medtech_devices,1.0,0.8475286849073258,DXCM|HOLX|NVST
2021-08-02,enter,china_internet,2.0,0.8067078552515446,LI|XPEV|NTES
2021-08-02,enter,medtech,3.0,0.7504413062665489,BSX|DXCM|EW
2021-08-03,exit,medtech_devices,40.0,0.5450651575722963,DXCM|HOLX|NVST
2021-08-03,exit,china_internet,39.0,0.5585898966824152,LI|XPEV|NTES
2021-08-03,exit,medtech,32.0,0.5921681117283629,BSX|DXCM|EW
2021-08-03,enter,datacenter_infra,1.0,0.793014381392451,ROK|CARR|ETN
2021-08-03,enter,solar,2.0,0.7681324957167333,SEDG|ENPH|FSLR
2021-08-03,enter,ai_infrastructure,3.0,0.7664191890348373,AMD|MPWR|SMCI
2021-08-04,exit,datacenter_infra,22.0,0.6657105030891438,ROK|CARR|ETN
2021-08-04,exit,solar,38.0,0.5542806707855252,SEDG|ENPH|FSLR
2021-08-04,enter,semis,1.0,0.8256840247131509,AMD|ON|KLAC
2021-08-04,enter,advanced_packaging,2.0,0.7656663724624889,CAMT|ASX|KLAC
2021-08-04,enter,autos,3.0,0.7577228596646072,ON|MCHP|TSLA
2021-08-05,exit,ai_infrastructure,45.0,0.5432480141218006,AMD|MPWR|SMCI
2021-08-05,exit,semis,37.0,0.574360105913504,AMD|ON|KLAC
2021-08-05,exit,advanced_packaging,26.0,0.6145189761694615,CAMT|ASX|KLAC
2021-08-05,exit,autos,15.0,0.6423212709620476,ON|MCHP|TSLA
2021-08-05,enter,dev_tools,1.0,0.825684024713151,DDOG|TEAM|CDNS
2021-08-05,enter,apparel_beauty_lifestyle,2.0,0.78045013239188,UAA|ELF|FIGS
2021-08-05,enter,ai_apps_agents,3.0,0.7466902030008826,GTM|DDOG|HUBS
2021-08-06,exit,dev_tools,24.0,0.6116504854368932,DDOG|TEAM|CDNS
2021-08-06,exit,apparel_beauty_lifestyle,8.0,0.7429390997352162,UAA|ELF|FIGS
2021-08-06,exit,ai_apps_agents,26.0,0.5939982347749337,GTM|DDOG|HUBS
2021-08-06,enter,banks_brokers_exchanges,1.0,0.8201676963812886,WFC|GS|BUR
2021-08-06,enter,mega_banks,2.0,0.8142100617828774,WFC|GS|C
2021-08-06,enter,insurance,3.0,0.7985436893203886,AIG|MET|CB
2021-08-09,exit,banks_brokers_exchanges,10.0,0.7353200768392087,WFC|GS|BUR
2021-08-09,exit,mega_banks,11.0,0.733022688333939,WFC|GS|C
2021-08-09,enter,renewables_storage,1.0,0.8275271273557966,TE|FCEL|NRG
2021-08-09,enter,crypto_infrastructure,2.0,0.8059809978713464,HUT|MARA|MSTR
2021-08-09,enter,obesity_glp1_health,3.0,0.7589689008878044,LLY|NVO|HIMS
2021-08-10,exit,crypto_infrastructure,22.0,0.650926743159753,HUT|MARA|MSTR
2021-08-10,exit,obesity_glp1_health,35.0,0.5917917034421889,LLY|NVO|HIMS
2021-08-10,enter,retail_consumer,1.0,0.8040600176522505,FIVE|ELF|WMT
2021-08-10,enter,mega_banks,3.0,0.7727272727272728,GS|WFC|BAC
2021-08-11,exit,renewables_storage,24.0,0.6573256840247131,TE|FCEL|NRG
2021-08-11,exit,retail_consumer,6.0,0.7689761694616062,FIVE|ELF|WMT
2021-08-11,enter,regional_banks,1.0,0.8389232127096206,COF|TFC|HBAN
2021-08-11,enter,banks_brokers_exchanges,3.0,0.8131067961165048,WFC|GS|COF
2021-08-12,exit,insurance,12.0,0.7146954986760812,AIG|MET|CB
2021-08-12,exit,mega_banks,2.0,0.7914827890556045,GS|WFC|BAC
2021-08-12,exit,regional_banks,4.0,0.7755957634598412,COF|TFC|HBAN
2021-08-12,enter,mega_banks,2.0,0.7914827890556045,WFC|GS|BAC
2021-08-12,enter,rare_earth_critical_minerals,3.0,0.7899382171226833,LAR|ALB|MP
2021-08-13,exit,banks_brokers_exchanges,22.0,0.6301853486319506,WFC|GS|COF
2021-08-13,exit,mega_banks,44.0,0.5439099735216241,WFC|GS|BAC
2021-08-13,exit,rare_earth_critical_minerals,25.0,0.6171668137687555,LAR|ALB|MP
2021-08-13,enter,consumer_staples,1.0,0.7956751985878201,WMT|KR|MDLZ
2021-08-13,enter,creative_software,2.0,0.7923654015887024,U|CDNS|RBLX
2021-08-13,enter,pharma,3.0,0.770520741394528,PFE|JNJ|GILD
2021-08-16,exit,creative_software,47.0,0.48499558693733447,U|CDNS|RBLX
2021-08-16,enter,retail_consumer,3.0,0.8254633715798765,WMT|DLTR|FIVE
2021-08-17,exit,consumer_staples,5.0,0.7786849073256841,WMT|KR|MDLZ
2021-08-17,exit,pharma,4.0,0.7981023830538394,PFE|JNJ|GILD
2021-08-17,exit,retail_consumer,32.0,0.5759046778464254,WMT|DLTR|FIVE
2021-08-17,enter,pharma_largecap,1.0,0.8426743159752867,GILD|REGN|PFE
2021-08-17,enter,medtech,2.0,0.8179611650485438,EW|BSX|SYK
2021-08-17,enter,medtech_devices,3.0,0.8069285083848191,PODD|COO|TNDM
2021-08-18,exit,pharma_largecap,3.0,0.7466902030008826,GILD|REGN|PFE
2021-08-18,exit,medtech,8.0,0.6873345101500441,EW|BSX|SYK
2021-08-18,enter,consumer_staples,1.0,0.7727272727272727,KR|MCD|COST
2021-08-18,enter,ai_apps_agents,2.0,0.7575022065313326,PLTR|APP|ZETA
2021-08-18,enter,pharma_largecap,3.0,0.7466902030008826,PFE|REGN|AZN
2021-08-19,exit,medtech_devices,17.0,0.6754192409532217,PODD|COO|TNDM
2021-08-19,exit,ai_apps_agents,28.0,0.6240070609002648,PLTR|APP|ZETA
2021-08-19,enter,pharma,1.0,0.8428949691085612,PFE|NVO|BMY
2021-08-19,enter,mega_cap_platforms,2.0,0.8398058252427184,NFLX|MSFT|INTU
2021-08-20,exit,consumer_staples,26.0,0.6158428949691086,KR|MCD|COST
2021-08-20,exit,pharma_largecap,6.0,0.7506619593998235,PFE|REGN|AZN
2021-08-20,exit,pharma,14.0,0.6884377758164167,PFE|NVO|BMY
2021-08-20,enter,utilities_yield,1.0,0.8327449249779347,NEE|D|EIX
2021-08-20,enter,retail_consumer,3.0,0.8011915269196823,M|BJ|WOOF
2021-08-23,exit,mega_cap_platforms,5.0,0.7190306837651211,NFLX|MSFT|INTU
2021-08-23,exit,utilities_yield,60.0,0.44651108457504807,NEE|D|EIX
2021-08-23,exit,retail_consumer,36.0,0.557772182129692,M|BJ|WOOF
2021-08-23,enter,workflow_software,1.0,0.7914438502673798,NOW|TEAM|WDAY
2021-08-23,enter,business_apps,2.0,0.7872773999273143,CRM|INTU|ADSK
2021-08-23,enter,uranium,3.0,0.7663802502466124,UEC|DNN|LEU
2021-08-24,exit,workflow_software,40.0,0.5759046778464255,NOW|TEAM|WDAY
2021-08-24,exit,business_apps,27.0,0.6189320388349515,CRM|INTU|ADSK
2021-08-24,exit,uranium,12.0,0.6926301853486319,UEC|DNN|LEU
2021-08-24,enter,china_internet,1.0,0.8128861429832305,PDD|JD|YMM
2021-08-24,enter,travel,2.0,0.7669902912621359,ABNB|TCOM|BKNG
2021-08-24,enter,airlines_travel,3.0,0.7453662842012357,ABNB|RCL|CCL
2021-08-25,exit,china_internet,28.0,0.6200353045013239,PDD|JD|YMM
2021-08-25,exit,travel,27.0,0.6215798764342453,ABNB|TCOM|BKNG
2021-08-25,enter,semicap_equipment,1.0,0.7760370697263901,CAMT|ACLS|ONTO
2021-08-25,enter,cybersecurity,2.0,0.7744924977934687,PANW|CRWD|S
2021-08-26,exit,airlines_travel,45.0,0.5373293183116142,ABNB|RCL|CCL
2021-08-26,exit,semicap_equipment,9.0,0.7059083121333264,CAMT|ACLS|ONTO
2021-08-26,enter,memory_storage,2.0,0.7683920876382329,PSTG|MRAM|NTAP
2021-08-26,enter,drones_autonomy,3.0,0.768249312081408,KTOS|JOBY|AMBA
2021-08-27,exit,cybersecurity,11.0,0.7407325684024714,PANW|CRWD|S
2021-08-27,exit,memory_storage,26.0,0.6129744042365403,PSTG|MRAM|NTAP
2021-08-27,exit,drones_autonomy,16.0,0.6696822594880849,KTOS|JOBY|AMBA
2021-08-27,enter,uranium,1.0,0.8371579876434246,NXE|UEC|UUUU
2021-08-27,enter,semicap_equipment,2.0,0.8236981465136803,ACLS|AEHR|COHU
2021-08-27,enter,oil_services,3.0,0.7921447484554281,NBR|RIG|HP
2021-08-30,exit,semicap_equipment,5.0,0.7446783656092623,ACLS|AEHR|COHU
2021-08-30,exit,oil_services,33.0,0.559225896890089,NBR|RIG|HP
2021-08-30,enter,advanced_packaging,2.0,0.7782306214630602,COHU|AMKR|CAMT
2021-08-30,enter,consumer_internet_marketplaces,3.0,0.7714293131197757,GLBE|PDD|COMP
2021-08-31,exit,advanced_packaging,44.0,0.5377316857899382,COHU|AMKR|CAMT
2021-08-31,exit,consumer_internet_marketplaces,83.0,0.3497092570479207,GLBE|PDD|COMP
2021-08-31,enter,storage,2.0,0.7939489123098489,PSTG|NTAP|HPE
2021-08-31,enter,nuclear,3.0,0.7916645034006542,LEU|DNN|NXE
2021-09-01,exit,storage,42.0,0.5346425419240953,PSTG|NTAP|HPE
2021-09-01,enter,real_estate_reits,2.0,0.8137687555163283,PLD|EQIX|AMT
2021-09-02,exit,uranium,4.0,0.806928508384819,NXE|UEC|UUUU
2021-09-02,exit,real_estate_reits,15.0,0.6670344218887908,PLD|EQIX|AMT
2021-09-02,enter,natural_gas,1.0,0.8793027360988527,AR|RRC|CTRA
2021-09-02,enter,managed_care,2.0,0.8113415710503089,OSCR|ALHC|CI
2021-09-02,enter,rare_earth_critical_minerals,3.0,0.8071491615180936,UUUU|LAR|MP
2021-09-03,exit,natural_gas,5.0,0.750882612533098,AR|RRC|CTRA
2021-09-03,exit,managed_care,28.0,0.6136363636363636,OSCR|ALHC|CI
2021-09-03,exit,rare_earth_critical_minerals,9.0,0.7140335392762578,UUUU|LAR|MP
2021-09-03,enter,uranium,2.0,0.8086937334510151,NXE|LEU|UEC
2021-09-03,enter,dev_tools,3.0,0.7784642541924096,MDB|TEAM|CDNS
2021-09-07,exit,dev_tools,51.0,0.49161518093556933,MDB|TEAM|CDNS
2021-09-07,enter,nuclear_uranium,3.0,0.8080317740511914,CCJ|UEC|UUUU
2021-09-08,exit,nuclear,24.0,0.6266548984995587,LEU|DNN|NXE
2021-09-08,exit,uranium,22.0,0.6412180052956753,NXE|LEU|UEC
2021-09-08,exit,nuclear_uranium,14.0,0.6999117387466901,CCJ|UEC|UUUU
2021-09-08,enter,natural_gas,1.0,0.8358340688437775,RRC|CTRA|LNG
2021-09-08,enter,defense,2.0,0.7806707855251545,RKLB|GD|LDOS
2021-09-08,enter,aerospace,3.0,0.7645631067961165,RKLB|GD|SPIR
2021-09-09,exit,natural_gas,16.0,0.6575463371579877,RRC|CTRA|LNG
2021-09-09,enter,airlines_travel,1.0,0.7835392762577229,AAL|ABNB|DAL
2021-09-09,enter,ai_apps,2.0,0.7738305383936452,DUOL|RXRX|SNAP
2021-09-09,enter,managed_care_insurance,3.0,0.7586054721977052,OSCR|CLOV|HUM
2021-09-10,exit,defense,24.0,0.6211385701676964,RKLB|GD|LDOS
2021-09-10,exit,aerospace,21.0,0.656884377758164,RKLB|GD|SPIR
2021-09-10,exit,airlines_travel,45.0,0.5258164165931156,AAL|ABNB|DAL
2021-09-10,exit,ai_apps,16.0,0.6789496910856135,DUOL|RXRX|SNAP
2021-09-10,exit,managed_care_insurance,95.0,0.22594880847308033,OSCR|CLOV|HUM
2021-09-10,enter,uranium,1.0,0.8336275375110328,CCJ|DNN|UUUU
2021-09-10,enter,nuclear,2.0,0.8148720211827009,CCJ|DNN|LEU
2021-09-10,enter,nuclear_uranium,3.0,0.7992056487202117,CCJ|UUUU|UEC
2021-09-13,exit,nuclear,11.0,0.750454285862624,CCJ|DNN|LEU
2021-09-13,exit,nuclear_uranium,10.0,0.7541664503400654,CCJ|UUUU|UEC
2021-09-13,enter,oil_gas,1.0,0.8434790509319351,YPF|RRC|OVV
2021-09-13,enter,airlines_travel,2.0,0.8158714500804735,TRIP|EXPE|LYFT
2021-09-13,enter,natural_gas,3.0,0.8116011629718083,RRC|AR|CTRA
2021-09-14,exit,uranium,10.0,0.6974845542806708,CCJ|DNN|UUUU
2021-09-14,exit,oil_gas,17.0,0.6489408649602825,YPF|RRC|OVV
2021-09-14,exit,airlines_travel,24.0,0.6105472197705207,TRIP|EXPE|LYFT
2021-09-14,exit,natural_gas,30.0,0.5880406001765225,RRC|AR|CTRA
2021-09-14,enter,gold_silver_miners,1.0,0.807369814651368,GOLD|HMY|IAG
2021-09-14,enter,rare_earth_critical_minerals,2.0,0.7972197705207414,UUUU|LAR|MP
2021-09-14,enter,additive_manufacturing,3.0,0.7663283318623125,VELO|SSYS|NNDM
2021-09-15,exit,gold_silver_miners,42.0,0.516536005399512,GOLD|HMY|IAG
2021-09-15,exit,rare_earth_critical_minerals,11.0,0.7368646487721302,UUUU|LAR|MP
2021-09-15,exit,additive_manufacturing,66.0,0.38746690203000883,VELO|SSYS|NNDM
2021-09-15,enter,uranium,1.0,0.8367945589533253,UUUU|UEC|DNN
2021-09-15,enter,oil_gas,2.0,0.8338222314521572,RRC|EOG|DVN
2021-09-15,enter,natural_gas,3.0,0.8307330875863143,RRC|CTRA|AR
2021-09-16,exit,uranium,30.0,0.5858340688437775,UUUU|UEC|DNN
2021-09-16,exit,oil_gas,20.0,0.616946160635481,RRC|EOG|DVN
2021-09-16,exit,natural_gas,34.0,0.573477493380406,RRC|CTRA|AR
2021-09-16,enter,semis,1.0,0.7749338040600177,KLAC|ON|AMAT
2021-09-16,enter,homebuilders_housing,2.0,0.747793468667255,FND|LOW|HD
2021-09-16,enter,payments,3.0,0.7466902030008825,AFRM|COF|XYZ
2021-09-17,exit,semis,50.0,0.5033097969991175,KLAC|ON|AMAT
2021-09-17,exit,homebuilders_housing,13.0,0.6990291262135923,FND|LOW|HD
2021-09-17,exit,payments,76.0,0.36253309796999117,AFRM|COF|XYZ
2021-09-17,enter,renewables_storage,1.0,0.8020741394527802,STEM|SHLS|FCEL
2021-09-17,enter,managed_care,2.0,0.7914827890556045,MOH|CNC|ELV
2021-09-17,enter,healthcare,3.0,0.7894969108561343,MOH|CNC|ELV
2021-09-20,exit,renewables_storage,23.0,0.6092622397590987,STEM|SHLS|FCEL
2021-09-20,exit,managed_care,36.0,0.5612247546856342,MOH|CNC|ELV
2021-09-20,exit,healthcare,52.0,0.5050880016613883,MOH|CNC|ELV
2021-09-20,enter,airlines_travel,1.0,0.8313041898136131,AAL|EXPE|DAL
2021-09-20,enter,transport_logistics,2.0,0.81084834639946,AAL|DAL|JBLU
2021-09-20,enter,pharma,3.0,0.7675743730855095,TMO|GILD|XLV
2021-09-21,exit,airlines_travel,17.0,0.6322491044078707,AAL|EXPE|DAL
2021-09-21,enter,ai_apps_agents,1.0,0.8330174964955092,DUOL|DDOG|HUBS
2021-09-21,enter,autos,3.0,0.7404340376927468,LCID|TM|TSLA
2021-09-22,exit,transport_logistics,18.0,0.6438658428949691,AAL|DAL|JBLU
2021-09-22,exit,pharma,57.0,0.46469549867608123,TMO|GILD|XLV
2021-09-22,exit,ai_apps_agents,27.0,0.5871579876434244,DUOL|DDOG|HUBS
2021-09-22,exit,autos,21.0,0.6154015887025597,LCID|TM|TSLA
2021-09-22,enter,airlines_travel,1.0,0.8748896734333627,UBER|AAL|LYFT
2021-09-22,enter,fintech_payments,2.0,0.7996469549867609,UPST|HOOD|SOFI
2021-09-22,enter,consumer_internet,3.0,0.7811120917917035,SNAP|DUOL|BKNG
2021-09-23,exit,consumer_internet,35.0,0.5785525154457194,SNAP|DUOL|BKNG
2021-09-23,enter,travel,2.0,0.7987643424536628,EXPE|BKNG|MAR
2021-09-23,enter,oil_exploration,3.0,0.7808914386584289,DVN|COP|FANG
2021-09-24,exit,fintech_payments,21.0,0.6657105030891437,UPST|HOOD|SOFI
2021-09-24,exit,travel,6.0,0.752206531332745,EXPE|BKNG|MAR
2021-09-24,enter,transport_logistics,2.0,0.8590026478375993,HTZ|DAL|UBER
2021-09-24,enter,quantum_computing,3.0,0.8153133274492499,IONQ|QUBT|ARQQ
2021-09-27,exit,airlines_travel,8.0,0.7950132391879965,UBER|AAL|LYFT
2021-09-27,exit,transport_logistics,17.0,0.6862312444836717,HTZ|DAL|UBER
2021-09-27,exit,quantum_computing,30.0,0.6085613415710502,IONQ|QUBT|ARQQ
2021-09-27,enter,energy,1.0,0.8748896734333629,APA|EQT|DVN
2021-09-27,enter,oil_gas,2.0,0.8718005295675197,APA|LBRT|DVN
2021-09-28,exit,oil_exploration,5.0,0.7890556045895852,DVN|COP|FANG
2021-09-28,enter,oil_integrated,3.0,0.7908208296557812,XLE|XOM|SHEL
2021-09-29,exit,energy,2.0,0.8623124448367165,APA|EQT|DVN
2021-09-29,exit,oil_integrated,18.0,0.6584289496910856,XLE|XOM|SHEL
2021-09-29,enter,energy,2.0,0.8623124448367165,CTRA|DVN|EQT
2021-09-29,enter,natural_gas,3.0,0.8609885260370697,CTRA|RRC|EQT
2021-09-30,exit,oil_gas,1.0,0.8027360988526038,APA|LBRT|DVN
2021-09-30,exit,energy,2.0,0.794351279788173,CTRA|DVN|EQT
2021-09-30,exit,natural_gas,3.0,0.7936893203883495,CTRA|RRC|EQT
2021-09-30,enter,oil_gas,1.0,0.8027360988526038,EQNR|OVV|COP
2021-09-30,enter,energy,2.0,0.794351279788173,CTRA|COP|EQT
2021-09-30,enter,natural_gas,3.0,0.7936893203883495,CTRA|RRC|EQT
2021-10-01,exit,oil_gas,2.0,0.8400264783759929,EQNR|OVV|COP
2021-10-01,exit,natural_gas,5.0,0.7945719329214476,CTRA|RRC|EQT
2021-10-01,enter,oil_gas,2.0,0.8400264783759929,MGY|DVN|FANG
2021-10-01,enter,oil_services,3.0,0.8031774051191527,BORR|NBR|LBRT
2021-10-05,exit,energy,13.0,0.7052074139452781,CTRA|COP|EQT
2021-10-05,exit,oil_gas,2.0,0.792144748455428,MGY|DVN|FANG
2021-10-05,exit,oil_services,19.0,0.6590909090909091,BORR|NBR|LBRT
2021-10-05,enter,oil_exploration,1.0,0.8278905560458957,DVN|FANG|OXY
2021-10-05,enter,oil_gas,2.0,0.792144748455428,AR|OVV|DVN
2021-10-05,enter,insurance,3.0,0.7846425419240953,AIG|MET|PGR
2021-10-06,exit,oil_exploration,23.0,0.6317299205648721,DVN|FANG|OXY
2021-10-06,exit,oil_gas,10.0,0.6831421006178288,AR|OVV|DVN
2021-10-06,exit,insurance,40.0,0.5266990291262136,AIG|MET|PGR
2021-10-06,enter,gold,1.0,0.833848190644307,GOLD|PAAS|AEM
2021-10-06,enter,gold_silver_miners,2.0,0.8137687555163283,HMY|AU|EGO
2021-10-06,enter,utilities_yield,3.0,0.7601500441306266,PCG|NEE|VST
2021-10-07,exit,gold,52.0,0.514342453662842,GOLD|PAAS|AEM
2021-10-07,exit,utilities_yield,46.0,0.5375110326566637,PCG|NEE|VST
2021-10-07,enter,china_internet,1.0,0.7901588702559577,NTES|XPEV|BABA
2021-10-07,enter,gaming_sports_betting,3.0,0.747793468667255,NTES|TTWO|BILI
2021-10-08,exit,gaming_sports_betting,11.0,0.7354368932038834,NTES|TTWO|BILI
2021-10-08,enter,oil_gas,1.0,0.8879082082965579,APA|OVV|FANG
2021-10-08,enter,oil_exploration,2.0,0.8753309796999119,APA|FANG|OXY
2021-10-08,enter,energy,3.0,0.8261253309796999,APA|FANG|OXY
2021-10-11,exit,gold_silver_miners,30.0,0.6019417475728155,HMY|AU|EGO
2021-10-11,exit,china_internet,15.0,0.6707855251544572,NTES|XPEV|BABA
2021-10-11,exit,oil_gas,10.0,0.7391879964695497,APA|OVV|FANG
2021-10-11,exit,oil_exploration,8.0,0.7466902030008826,APA|FANG|OXY
2021-10-11,enter,crypto_infrastructure,1.0,0.8398058252427186,MARA|CLSK|COIN
2021-10-11,enter,renewables_storage,2.0,0.8340688437775817,ARRY|PLUG|ENPH
2021-10-11,enter,solar,3.0,0.8153133274492498,ARRY|ENPH|SEDG
2021-10-12,exit,energy,17.0,0.6862312444836716,APA|FANG|OXY
2021-10-12,exit,crypto_infrastructure,92.0,0.23698146513680496,MARA|CLSK|COIN
2021-10-12,enter,gold_silver_miners,1.0,0.8748896734333627,HMY|IAG|EXK
2021-10-13,exit,renewables_storage,10.0,0.7248455428067078,ARRY|PLUG|ENPH
2021-10-13,exit,solar,5.0,0.7592674315975286,ARRY|ENPH|SEDG
2021-10-13,enter,china_internet,2.0,0.8462047661076787,BEKE|JD|XPEV
2021-10-13,enter,cloud,3.0,0.7722859664607238,NET|ZS|SNOW
2021-10-14,exit,gold_silver_miners,1.0,0.8364960282436009,HMY|IAG|EXK
2021-10-14,exit,china_internet,93.0,0.2559576345984113,BEKE|JD|XPEV
2021-10-14,exit,cloud,19.0,0.6233451015004413,NET|ZS|SNOW
2021-10-14,enter,gold_silver_miners,1.0,0.8364960282436009,EXK|EGO|AG
2021-10-14,enter,copper,2.0,0.7687555163283318,HBM|TECK|FCX
2021-10-14,enter,silver,3.0,0.7601500441306267,AG|SVM|WPM
2021-10-15,exit,gold_silver_miners,27.0,0.6182700794351279,EXK|EGO|AG
2021-10-15,exit,copper,9.0,0.6970432480141219,HBM|TECK|FCX
2021-10-15,exit,silver,60.0,0.45454545454545453,AG|SVM|WPM
2021-10-15,enter,fintech_payments,1.0,0.7566195939982348,UPST|COIN|STNE
2021-10-15,enter,renewables_storage,2.0,0.7559576345984114,FCEL|PLUG|BLDP
2021-10-15,enter,dev_tools,3.0,0.7436010591350397,DDOG|CDNS|MDB
2021-10-18,exit,fintech_payments,17.0,0.6738746690203001,UPST|COIN|STNE
2021-10-18,exit,renewables_storage,22.0,0.6537952338923214,FCEL|PLUG|BLDP
2021-10-18,exit,dev_tools,9.0,0.748234774933804,DDOG|CDNS|MDB
2021-10-18,enter,uranium,1.0,0.8823918799646955,DNN|NXE|UUUU
2021-10-18,enter,nuclear,2.0,0.866946160635481,DNN|NXE|CCJ
2021-10-18,enter,nuclear_uranium,3.0,0.848631950573698,NXE|UUUU|CCJ
2021-10-19,exit,uranium,22.0,0.6226831421006178,DNN|NXE|UUUU
2021-10-19,exit,nuclear,34.0,0.5803177405119152,DNN|NXE|CCJ
2021-10-19,exit,nuclear_uranium,55.0,0.5132391879964695,NXE|UUUU|CCJ
2021-10-19,enter,gold_silver_miners,1.0,0.7725066195939982,BTG|IAG|USAS
2021-10-19,enter,dev_tools,2.0,0.7581641659311563,DDOG|PTC|MDB
2021-10-19,enter,semis,3.0,0.7475728155339805,AMD|MRVL|QCOM
2021-10-20,exit,gold_silver_miners,18.0,0.6727714033539275,BTG|IAG|USAS
2021-10-20,exit,dev_tools,77.0,0.3852603706972639,DDOG|PTC|MDB
2021-10-20,exit,semis,22.0,0.6462930273609886,AMD|MRVL|QCOM
2021-10-20,enter,managed_care,1.0,0.8219329214474845,ELV|CNC|HUM
2021-10-20,enter,uranium,2.0,0.7738305383936452,DNN|UEC|UUUU
2021-10-20,enter,healthcare,3.0,0.7736098852603706,ELV|CNC|HUM
2021-10-21,exit,uranium,50.0,0.4885260370697264,DNN|UEC|UUUU
2021-10-21,enter,creative_software,2.0,0.75,RBLX|ADSK|CDNS
2021-10-22,exit,managed_care,15.0,0.6954986760812004,ELV|CNC|HUM
2021-10-22,exit,healthcare,23.0,0.630847308031774,ELV|CNC|HUM
2021-10-22,enter,gold_silver_miners,1.0,0.7901588702559577,BTG|FSM|AG
2021-10-22,enter,asset_managers_alts,2.0,0.7892762577228596,APO|BX|KKR
2021-10-22,enter,asset_managers,3.0,0.7866284201235658,BX|KKR|SCHW
2021-10-25,exit,creative_software,13.0,0.660856134157105,RBLX|ADSK|CDNS
2021-10-25,exit,asset_managers,22.0,0.6171668137687555,BX|KKR|SCHW
2021-10-25,enter,construction_infrastructure,3.0,0.7815533980582523,DY|HAYW|ACM
2021-10-26,exit,gold_silver_miners,25.0,0.6107678729037952,BTG|FSM|AG
2021-10-26,exit,construction_infrastructure,13.0,0.7027802294792586,DY|HAYW|ACM
2021-10-26,enter,managed_care,1.0,0.8331862312444837,ELV|CNC|UNH
2021-10-26,enter,asset_managers,3.0,0.8067078552515445,KKR|BX|BLK
2021-10-27,exit,asset_managers_alts,12.0,0.6725507502206532,APO|BX|KKR
2021-10-27,exit,managed_care,23.0,0.6140776699029127,ELV|CNC|UNH
2021-10-27,exit,asset_managers,31.0,0.5871579876434244,KKR|BX|BLK
2021-10-27,enter,additive_manufacturing,1.0,0.8287731685789939,VELO|NNDM|SSYS
2021-10-27,enter,mega_cap_platforms,2.0,0.7899382171226832,TSLA|INTU|MSFT
2021-10-27,enter,homebuilders_housing,3.0,0.781332744924978,TREX|MAS|BLD
2021-10-28,exit,additive_manufacturing,44.0,0.5368490732568403,VELO|NNDM|SSYS
2021-10-28,exit,mega_cap_platforms,16.0,0.6860105913503972,TSLA|INTU|MSFT
2021-10-28,exit,homebuilders_housing,20.0,0.6590909090909091,TREX|MAS|BLD
2021-10-28,enter,asset_managers_alts,1.0,0.8214916151809356,KKR|CG|TROW
2021-10-28,enter,construction_infrastructure,2.0,0.8075904677846426,FLR|MAS|EXP
2021-10-28,enter,semicap_equipment,3.0,0.7992056487202117,TER|UCTT|ACLS
2021-10-29,exit,asset_managers_alts,24.0,0.6270962047661076,KKR|CG|TROW
2021-10-29,exit,construction_infrastructure,26.0,0.615180935569285,FLR|MAS|EXP
2021-10-29,exit,semicap_equipment,20.0,0.6577669902912622,TER|UCTT|ACLS
2021-10-29,enter,pharma_largecap,1.0,0.8446601941747574,MRK|ABBV|GSK
2021-10-29,enter,renewables_storage,2.0,0.7879523389232126,QS|ENPH|ARRY
2021-10-29,enter,mega_cap_platforms,3.0,0.7839805825242717,NVDA|TSLA|GOOGL
2021-11-01,exit,pharma_largecap,13.0,0.6904236540158869,MRK|ABBV|GSK
2021-11-01,exit,renewables_storage,2.0,0.7722859664607238,QS|ENPH|ARRY
2021-11-01,exit,mega_cap_platforms,44.0,0.528243601059135,NVDA|TSLA|GOOGL
2021-11-01,enter,airlines_travel,1.0,0.8053839364518978,HTZ|MAR|RCL
2021-11-01,enter,renewables_storage,2.0,0.7722859664607238,FCEL|QS|PLUG
2021-11-01,enter,travel,3.0,0.7667696381288615,MAR|BKNG|ABNB
2021-11-02,exit,airlines_travel,43.0,0.5255957634598412,HTZ|MAR|RCL
2021-11-02,exit,renewables_storage,13.0,0.7107237422771404,FCEL|QS|PLUG
2021-11-02,exit,travel,75.0,0.3634157105030892,MAR|BKNG|ABNB
2021-11-02,enter,medtech_devices,1.0,0.7857458075904679,DXCM|IRTC|DDD
2021-11-02,enter,pharma_largecap,2.0,0.7817740511915269,MRK|ABBV|PFE
2021-11-02,enter,additive_manufacturing,3.0,0.7797881729920567,VELO|DDD|NNDM
2021-11-03,exit,medtech_devices,30.0,0.5924536628420124,DXCM|IRTC|DDD
2021-11-03,exit,pharma_largecap,10.0,0.723521624007061,MRK|ABBV|PFE
2021-11-03,enter,semicap_equipment,1.0,0.8095763459841131,UCTT|VECO|ACLS
2021-11-03,enter,lithium_battery_materials,2.0,0.8071491615180936,QS|ENVX|SQM
2021-11-03,enter,apparel_beauty_lifestyle,3.0,0.7844218887908209,CPRI|UAA|FIGS
2021-11-04,exit,apparel_beauty_lifestyle,15.0,0.6811562224183583,CPRI|UAA|FIGS
2021-11-04,enter,semis,1.0,0.799646954986761,QCOM|ON|AMD
2021-11-04,enter,rare_earth_critical_minerals,3.0,0.7894969108561344,LAR|UUUU|TMC
2021-11-05,exit,additive_manufacturing,36.0,0.5569285083848191,VELO|DDD|NNDM
2021-11-05,exit,semicap_equipment,7.0,0.721756398940865,UCTT|VECO|ACLS
2021-11-05,exit,lithium_battery_materials,48.0,0.5114739629302737,QS|ENVX|SQM
2021-11-05,exit,rare_earth_critical_minerals,35.0,0.5725948808473079,LAR|UUUU|TMC
2021-11-05,enter,airlines_travel,1.0,0.8601059135039718,ABNB|RCL|LYFT
2021-11-05,enter,semis_compute,2.0,0.8395851721094438,QCOM|SMCI|MCHP
2021-11-05,enter,electronics_components,3.0,0.7687555163283318,LITE|ROG|CLS
2021-11-08,exit,semis,24.0,0.6167255075022067,QCOM|ON|AMD
2021-11-08,exit,airlines_travel,26.0,0.6125330979699912,ABNB|RCL|LYFT
2021-11-08,exit,semis_compute,14.0,0.6868932038834951,QCOM|SMCI|MCHP
2021-11-08,exit,electronics_components,20.0,0.664827890556046,LITE|ROG|CLS
2021-11-08,enter,crypto_infrastructure,1.0,0.8254633715798766,MARA|MSTR|RIOT
2021-11-08,enter,rare_earth_critical_minerals,2.0,0.8091350397175642,MP|UUUU|LAR
2021-11-08,enter,uranium,3.0,0.809135039717564,UEC|UUUU|DNN
2021-11-09,exit,crypto_infrastructure,16.0,0.6760812003530451,MARA|MSTR|RIOT
2021-11-09,exit,rare_earth_critical_minerals,11.0,0.6824801412180054,MP|UUUU|LAR
2021-11-09,enter,creative_software,2.0,0.7530891438658429,RBLX|U|ADSK
2021-11-09,enter,homebuilders_housing,3.0,0.746469549867608,TREX|BLDR|DHI
2021-11-10,exit,uranium,28.0,0.5820829655781111,UEC|UUUU|DNN
2021-11-10,exit,creative_software,10.0,0.6793909973521624,RBLX|U|ADSK
2021-11-10,exit,homebuilders_housing,9.0,0.6818181818181818,TREX|BLDR|DHI
2021-11-10,enter,gold_silver_miners,1.0,0.8658428949691087,AU|EXK|AG
2021-11-10,enter,gold,2.0,0.7568402471315093,AEM|WPM|GLD
2021-11-10,enter,silver,3.0,0.7533097969991174,AG|SLV|SVM
2021-11-11,exit,gold,10.0,0.7387466902030008,AEM|WPM|GLD
2021-11-11,enter,china_internet,1.0,0.8486319505736981,BEKE|TME|NTES
2021-11-11,enter,copper_metals,3.0,0.8283318623124448,HMY|EXK|FCX
2021-11-12,exit,gold_silver_miners,40.0,0.5589143865842895,AU|EXK|AG
2021-11-12,exit,silver,39.0,0.5597969991173875,AG|SLV|SVM
2021-11-12,exit,china_internet,14.0,0.6734333627537512,BEKE|TME|NTES
2021-11-12,exit,copper_metals,26.0,0.6105472197705208,HMY|EXK|FCX
2021-11-12,enter,creative_software,1.0,0.8045013239187997,RBLX|U|ADSK
2021-11-12,enter,homebuilders_housing,2.0,0.7475728155339806,HAYW|MAS|TREX
2021-11-12,enter,consumer_internet_marketplaces,3.0,0.737422771403354,DASH|SHOP|JD
2021-11-15,exit,homebuilders_housing,21.0,0.6582082965578111,HAYW|MAS|TREX
2021-11-15,exit,consumer_internet_marketplaces,18.0,0.6716681376875552,DASH|SHOP|JD
2021-11-15,enter,agriculture_food_inputs,2.0,0.8102383053839364,CF|TSN|ADM
2021-11-15,enter,gaming_sports_betting,3.0,0.8082524271844662,U|RBLX|SGHC
2021-11-16,exit,creative_software,5.0,0.7484554280670784,RBLX|U|ADSK
2021-11-16,exit,agriculture_food_inputs,45.0,0.5478817299205648,CF|TSN|ADM
2021-11-16,exit,gaming_sports_betting,16.0,0.6531332744924978,U|RBLX|SGHC
2021-11-16,enter,china_internet,1.0,0.8195057369814651,BILI|XPEV|NTES
2021-11-16,enter,datacenter_infra,2.0,0.7731685789938216,JCI|TTEK|FBIN
2021-11-16,enter,retail,3.0,0.7632391879964696,DLTR|TGT|JD
2021-11-17,exit,china_internet,21.0,0.6297440423654016,BILI|XPEV|NTES
2021-11-17,exit,datacenter_infra,55.0,0.5191968225948809,JCI|TTEK|FBIN
2021-11-17,exit,retail,26.0,0.6012797881729921,DLTR|TGT|JD
2021-11-17,enter,homebuilders_housing,1.0,0.8102383053839364,HD|DHI|LOW
2021-11-17,enter,real_estate_reits,2.0,0.7431597528684908,WY|DLR|HPP
2021-11-17,enter,space_satellites,3.0,0.7294792586054724,PL|RKLB|VELO
2021-11-18,exit,homebuilders_housing,18.0,0.664827890556046,HD|DHI|LOW
2021-11-18,exit,real_estate_reits,20.0,0.6595322153574582,WY|DLR|HPP
2021-11-18,exit,space_satellites,49.0,0.5099293909973521,PL|RKLB|VELO
2021-11-18,enter,networking_optical,1.0,0.7981023830538393,EXTR|LWLG|NOK
2021-11-18,enter,retail_consumer,2.0,0.7974404236540158,M|BJ|KSS
2021-11-18,enter,semis_compute,3.0,0.7855251544571933,EXTR|RMBS|QCOM
2021-11-19,exit,networking_optical,20.0,0.6418799646954987,EXTR|LWLG|NOK
2021-11-19,exit,semis_compute,21.0,0.6412180052956753,EXTR|RMBS|QCOM
2021-11-19,enter,homebuilders_housing,2.0,0.792144748455428,HD|LOW|TOL
2021-11-19,enter,memory,3.0,0.7870697263901147,RMBS|MU|MRAM
2021-11-22,exit,memory,5.0,0.7462488967343336,RMBS|MU|MRAM
2021-11-22,enter,apparel_beauty_lifestyle,2.0,0.7725066195939982,ONON|NKE|DECK
2021-11-22,enter,mega_cap_platforms,3.0,0.7616946160635482,AAPL|INTU|NVDA
2021-11-23,exit,retail_consumer,44.0,0.5423654015887025,M|BJ|KSS
2021-11-23,exit,homebuilders_housing,8.0,0.7188879082082967,HD|LOW|TOL
2021-11-23,exit,apparel_beauty_lifestyle,51.0,0.5127978817299205,ONON|NKE|DECK
2021-11-23,exit,mega_cap_platforms,33.0,0.5953221535745808,AAPL|INTU|NVDA
2021-11-23,enter,memory,1.0,0.7930273609885259,MU|RMBS|LRCX
2021-11-23,enter,insurance,2.0,0.7897175639894087,AIG|PGR|TRV
2021-11-23,enter,datacenter_reits_towers,3.0,0.7861871138570169,DLR|AMT|CCI
2021-11-24,exit,memory,25.0,0.5631067961165048,MU|RMBS|LRCX
2021-11-24,exit,insurance,19.0,0.5953221535745807,AIG|PGR|TRV
2021-11-24,enter,energy,1.0,0.8067078552515445,DVN|FSLR|FANG
2021-11-24,enter,oil_gas,2.0,0.7636804942630185,DVN|OVV|COP
2021-11-24,enter,data_centers,3.0,0.75441306266549,PSTG|DLR|EQIX
2021-11-26,exit,datacenter_reits_towers,25.0,0.5814210061782877,DLR|AMT|CCI
2021-11-26,exit,energy,12.0,0.6443071491615181,DVN|FSLR|FANG
2021-11-26,exit,oil_gas,30.0,0.5653133274492498,DVN|OVV|COP
2021-11-26,exit,data_centers,40.0,0.5339805825242718,PSTG|DLR|EQIX
2021-11-26,enter,consumer_staples,1.0,0.7875110326566638,KR|COST|DLTR
2021-11-26,enter,diagnostics_tools,2.0,0.7475728155339807,DHR|TMO|GH
2021-11-26,enter,pharma,3.0,0.7356575463371581,PFE|TMO|GILD
2021-11-29,exit,diagnostics_tools,25.0,0.603927625772286,DHR|TMO|GH
2021-11-29,exit,pharma,20.0,0.6345984112974403,PFE|TMO|GILD
2021-11-29,enter,storage,1.0,0.8327449249779346,PSTG|HPQ|NTAP
2021-11-29,enter,oil_exploration,2.0,0.7983230361871139,DVN|FANG|COP
2021-11-30,exit,consumer_staples,21.0,0.633053839364519,KR|COST|DLTR
2021-11-30,exit,storage,4.0,0.7213150926743159,PSTG|HPQ|NTAP
2021-11-30,exit,oil_exploration,24.0,0.6074580759046778,DVN|FANG|COP
2021-11-30,enter,oil_gas,1.0,0.7599293909973521,FANG|DVN|LNG
2021-11-30,enter,diagnostics_tools,2.0,0.7310238305383937,TXG|GH|DHR
2021-11-30,enter,biotech_innovation,3.0,0.7263901147396294,MRNA|RXRX|BBIO
2021-12-01,exit,oil_gas,60.0,0.43248014121800527,FANG|DVN|LNG
2021-12-01,exit,diagnostics_tools,22.0,0.6396734333627537,TXG|GH|DHR
2021-12-01,exit,biotech_innovation,30.0,0.5964254192409532,MRNA|RXRX|BBIO
2021-12-01,enter,storage,1.0,0.8157546337157987,HPQ|NTAP|PSTG
2021-12-01,enter,semicap_equipment,2.0,0.7727272727272728,LRCX|ONTO|AMAT
2021-12-01,enter,pharma,3.0,0.7667696381288613,PFE|JNJ|TMO
2021-12-02,exit,storage,8.0,0.7085172109443955,HPQ|NTAP|PSTG
2021-12-02,exit,semicap_equipment,51.0,0.5066195939982349,LRCX|ONTO|AMAT
2021-12-02,exit,pharma,28.0,0.5942188879082083,PFE|JNJ|TMO
2021-12-02,enter,homebuilders_housing,1.0,0.7932480141218005,CCS|TOL|LEN
2021-12-02,enter,oil_integrated,2.0,0.7577228596646072,SHEL|TTE|BP
2021-12-02,enter,networking,3.0,0.7400706090026479,CSCO|HPE|CIEN
2021-12-03,exit,homebuilders_housing,10.0,0.6981465136804943,CCS|TOL|LEN
2021-12-03,exit,oil_integrated,33.0,0.5637687555163284,SHEL|TTE|BP
2021-12-03,enter,consumer_staples,2.0,0.8040600176522507,PG|PEP|KR
2021-12-03,enter,utilities_yield,3.0,0.7822153574580759,NEE|EIX|WEC
2021-12-06,exit,networking,42.0,0.5439099735216241,CSCO|HPE|CIEN
2021-12-06,enter,airlines_travel,1.0,0.8702559576345984,DAL|JBLU|UAL
2021-12-06,enter,transport_logistics,2.0,0.8197263901147397,UAL|DAL|KNX
2021-12-07,exit,consumer_staples,49.0,0.4913945278022949,PG|PEP|KR
2021-12-07,exit,utilities_yield,41.0,0.5527360988526038,NEE|EIX|WEC
2021-12-07,exit,airlines_travel,33.0,0.5997352162400705,DAL|JBLU|UAL
2021-12-07,exit,transport_logistics,39.0,0.5547219770520742,UAL|DAL|KNX
2021-12-07,enter,medtech_devices,1.0,0.8298764342453662,TNDM|SYK|GMED
2021-12-07,enter,medtech,2.0,0.8025154457193292,BSX|SYK|MDT
2021-12-07,enter,networking_optical,3.0,0.7897175639894085,LWLG|COHR|NOK
2021-12-08,exit,medtech_devices,11.0,0.7157987643424536,TNDM|SYK|GMED
2021-12-08,exit,medtech,17.0,0.6743159752868492,BSX|SYK|MDT
2021-12-08,exit,networking_optical,27.0,0.6096646072374228,LWLG|COHR|NOK
2021-12-08,enter,airlines_travel,1.0,0.8609885260370698,NCLH|PK|CCL
2021-12-08,enter,real_estate_reits,2.0,0.8142100617828772,PK|DEI|MPT
2021-12-08,enter,construction_infrastructure,3.0,0.7552956751985879,BLDR|FLR|OC
2021-12-09,exit,airlines_travel,16.0,0.6833627537511032,NCLH|PK|CCL
2021-12-09,exit,real_estate_reits,19.0,0.6729920564872022,PK|DEI|MPT
2021-12-09,exit,construction_infrastructure,24.0,0.6416593115622242,BLDR|FLR|OC
2021-12-09,enter,managed_care,1.0,0.8157546337157988,CVS|OSCR|HUM
2021-12-09,enter,healthcare,2.0,0.8007502206531332,CVS|HUM|UNH
2021-12-09,enter,networking_optical,3.0,0.7914827890556045,CIEN|LITE|LWLG
2021-12-10,enter,oil_services,2.0,0.7961165048543688,PTEN|NBR|HP
2021-12-10,enter,oil_gas,3.0,0.7932480141218005,MGY|AR|LBRT
2021-12-13,exit,managed_care,16.0,0.7041041482789057,CVS|OSCR|HUM
2021-12-13,exit,healthcare,3.0,0.7784642541924095,CVS|HUM|UNH
2021-12-13,exit,oil_services,62.0,0.4611650485436894,PTEN|NBR|HP
2021-12-13,exit,oil_gas,71.0,0.3938658428949691,MGY|AR|LBRT
2021-12-13,enter,cybersecurity,2.0,0.7897175639894085,FTNT|S|ZS
2021-12-13,enter,healthcare,3.0,0.7784642541924095,CNC|HUM|CVS
2021-12-14,exit,networking_optical,16.0,0.7065313327449249,CIEN|LITE|LWLG
2021-12-14,exit,cybersecurity,55.0,0.48234774933804053,FTNT|S|ZS
2021-12-14,enter,pharma_largecap,1.0,0.849073256840247,PFE|JNJ|REGN
2021-12-14,enter,pharma,2.0,0.8451015004413063,PFE|JNJ|ABBV
2021-12-15,exit,healthcare,18.0,0.6782877316857898,CNC|HUM|CVS
2021-12-15,exit,pharma_largecap,6.0,0.7687555163283318,PFE|JNJ|REGN
2021-12-15,enter,networking_optical,1.0,0.823036187113857,CIEN|ANET|COHR
2021-12-15,enter,consumer_staples,3.0,0.7892762577228598,KR|CL|MDLZ
2021-12-16,exit,pharma,5.0,0.7811120917917035,PFE|JNJ|ABBV
2021-12-16,exit,networking_optical,31.0,0.5767872903795234,CIEN|ANET|COHR
2021-12-16,exit,consumer_staples,9.0,0.7667696381288615,KR|CL|MDLZ
2021-12-16,enter,pharma_largecap,1.0,0.8075904677846426,PFE|LLY|AMGN
2021-12-16,enter,banks_brokers_exchanges,2.0,0.7952338923212707,SCHW|IBKR|NWG
2021-12-16,enter,silver,3.0,0.7886142983230362,SVM|SLV|FNV
2021-12-17,exit,pharma_largecap,11.0,0.708296557811121,PFE|LLY|AMGN
2021-12-17,exit,banks_brokers_exchanges,41.0,0.5366284201235657,SCHW|IBKR|NWG
2021-12-17,exit,silver,20.0,0.6312886142983232,SVM|SLV|FNV
2021-12-17,enter,cybersecurity,1.0,0.8409090909090909,TENB|CHKP|GEN
2021-12-17,enter,real_estate_reits,2.0,0.8375992939099736,CCI|SBAC|MPT
2021-12-17,enter,biotech_innovation,3.0,0.8316416593115622,ROIV|BBIO|BEAM
2021-12-20,exit,cybersecurity,16.0,0.6641659311562226,TENB|CHKP|GEN
2021-12-20,exit,real_estate_reits,11.0,0.7184466019417476,CCI|SBAC|MPT
2021-12-20,exit,biotech_innovation,9.0,0.7250661959399823,ROIV|BBIO|BEAM
2021-12-20,enter,pharma_largecap,1.0,0.8157546337157988,PFE|LLY|GILD
2021-12-20,enter,pharma,2.0,0.8007502206531333,PFE|GILD|MRK
2021-12-20,enter,utilities_yield,3.0,0.7903795233892321,AEP|D|CMS
2021-12-21,exit,pharma_largecap,75.0,0.39827890556045903,PFE|LLY|GILD
2021-12-21,exit,pharma,82.0,0.36297440423654015,PFE|GILD|MRK
2021-12-21,exit,utilities_yield,72.0,0.4165931156222418,AEP|D|CMS
2021-12-21,enter,airlines_travel,1.0,0.7897175639894085,CCL|EXPE|RCL
2021-12-21,enter,semicap_equipment,2.0,0.7332303618711387,AEHR|ASML|COHU
2021-12-21,enter,oil_services,3.0,0.7235216240070609,HP|PTEN|RIG
2021-12-22,exit,semicap_equipment,27.0,0.6048102383053839,AEHR|ASML|COHU
2021-12-22,exit,oil_services,12.0,0.6818181818181818,HP|PTEN|RIG
2021-12-22,enter,gold_silver_miners,2.0,0.8243601059135041,FSM|KGC|PAAS
2021-12-22,enter,medtech_devices,3.0,0.8137687555163283,NVST|ATEC|ISRG
2021-12-23,exit,airlines_travel,3.0,0.7749338040600177,CCL|EXPE|RCL
2021-12-23,exit,gold_silver_miners,45.0,0.5394969108561343,FSM|KGC|PAAS
2021-12-23,exit,medtech_devices,4.0,0.747793468667255,NVST|ATEC|ISRG
2021-12-23,enter,semicap_equipment,1.0,0.7870697263901147,AEHR|ONTO|UCTT
2021-12-23,enter,transport_logistics,2.0,0.7800088261253308,LYFT|HTZ|UBER
2021-12-23,enter,airlines_travel,3.0,0.7749338040600177,LYFT|CCL|H
2021-12-27,exit,transport_logistics,22.0,0.643865842894969,LYFT|HTZ|UBER
2021-12-27,exit,airlines_travel,11.0,0.6970432480141218,LYFT|CCL|H
2021-12-27,enter,memory_storage,1.0,0.8241394527802293,MU|MRAM|WDC
2021-12-27,enter,oil_exploration,3.0,0.7751544571932921,APA|DVN|FANG
2021-12-28,exit,semicap_equipment,13.0,0.6646072374227714,AEHR|ONTO|UCTT
2021-12-28,exit,memory_storage,24.0,0.6398940864960282,MU|MRAM|WDC
2021-12-28,exit,oil_exploration,16.0,0.6520300088261254,APA|DVN|FANG
2021-12-28,enter,transport_logistics,1.0,0.8309796999117388,HTZ|SAIA|UAL
2021-12-28,enter,airlines_travel,2.0,0.8150926743159753,H|HTZ|CCL
2021-12-28,enter,industrial_automation,3.0,0.7488967343336276,CNH|APH|OLN
2021-12-29,exit,transport_logistics,22.0,0.6703442188879083,HTZ|SAIA|UAL
2021-12-29,exit,airlines_travel,59.0,0.4485878199470433,H|HTZ|CCL
2021-12-29,enter,homebuilders_housing,1.0,0.8025154457193293,PHM|KBH|BLDR
2021-12-29,enter,memory,2.0,0.7811120917917035,WDC|LRCX|MU
2021-12-29,enter,semicap_equipment,3.0,0.7797881729920564,ACLS|AEHR|AMKR
2021-12-30,exit,industrial_automation,24.0,0.6248896734333627,CNH|APH|OLN
2021-12-30,exit,homebuilders_housing,40.0,0.5536187113857016,PHM|KBH|BLDR
2021-12-30,exit,memory,15.0,0.6398940864960282,WDC|LRCX|MU
2021-12-30,exit,semicap_equipment,14.0,0.6436451897616946,ACLS|AEHR|AMKR
2021-12-30,enter,china_internet,1.0,0.8477493380406002,NIO|FUTU|TME
2021-12-30,enter,apparel_beauty_lifestyle,2.0,0.7850838481906444,AEO|FIGS|DECK
2021-12-30,enter,real_estate_reits,3.0,0.7694174757281554,WY|VICI|AMT
2021-12-31,exit,china_internet,19.0,0.6846866725507502,NIO|FUTU|TME
2021-12-31,exit,apparel_beauty_lifestyle,17.0,0.700353045013239,AEO|FIGS|DECK
2021-12-31,enter,industrial_automation,1.0,0.8270079435127979,CE|DD|IR
2021-12-31,enter,semicap_equipment,2.0,0.8135481023830538,ACLS|VECO|AMKR
2021-12-31,enter,power_grid_electrification,3.0,0.8117828773168579,EXC|JCI|VST
2022-01-03,exit,real_estate_reits,21.0,0.6288614298323036,WY|VICI|AMT
2022-01-03,exit,industrial_automation,32.0,0.5834068843777581,CE|DD|IR
2022-01-03,exit,power_grid_electrification,33.0,0.5814210061782877,EXC|JCI|VST
2022-01-03,enter,mega_banks,1.0,0.84135039717564,C|WFC|BAC
2022-01-03,enter,regional_banks,2.0,0.8400264783759931,PNC|TFC|HBAN
2022-01-03,enter,energy,3.0,0.8146513680494263,SLB|OXY|HAL
2022-01-04,exit,semicap_equipment,36.0,0.5688437775816416,ACLS|VECO|AMKR
2022-01-04,enter,oil_exploration,1.0,0.8373786407766992,OXY|FANG|DVN
2022-01-04,enter,banks_brokers_exchanges,3.0,0.8219329214474845,WFC|RJF|SCHW
2022-01-05,exit,mega_banks,35.0,0.5823036187113857,C|WFC|BAC
2022-01-05,exit,regional_banks,19.0,0.6890997352162401,PNC|TFC|HBAN
2022-01-05,exit,energy,1.0,0.8003089143865844,SLB|OXY|HAL
2022-01-05,exit,oil_exploration,31.0,0.5915710503089144,OXY|FANG|DVN
2022-01-05,exit,banks_brokers_exchanges,18.0,0.7014563106796117,WFC|RJF|SCHW
2022-01-05,enter,energy,1.0,0.8003089143865844,XOM|CAT|SLB
2022-01-05,enter,uranium,2.0,0.7945719329214475,DNN|NXE|CCJ
2022-01-05,enter,copper_metals,3.0,0.7943512797881731,NUE|CLF|TGB
2022-01-06,exit,uranium,28.0,0.572594880847308,DNN|NXE|CCJ
2022-01-06,exit,copper_metals,30.0,0.5626654898499559,NUE|CLF|TGB
2022-01-06,enter,oil_exploration,1.0,0.8594439541041484,FANG|DVN|OXY
2022-01-06,enter,regional_banks,2.0,0.8578993821712269,KEY|FITB|HBAN
2022-01-06,enter,oil_gas,3.0,0.8323036187113857,FANG|XOM|DVN
2022-01-07,exit,oil_exploration,10.0,0.7627978817299206,FANG|DVN|OXY
2022-01-07,enter,airlines_travel,3.0,0.8556928508384818,AAL|CCL|JBLU
2022-01-10,exit,energy,10.0,0.7085172109443955,XOM|CAT|SLB
2022-01-10,exit,regional_banks,11.0,0.6862312444836717,KEY|FITB|HBAN
2022-01-10,exit,oil_gas,9.0,0.719108561341571,FANG|XOM|DVN
2022-01-10,exit,airlines_travel,39.0,0.5556045895851721,AAL|CCL|JBLU
2022-01-10,enter,storage,1.0,0.7875110326566638,DELL|HPE|NTAP
2022-01-10,enter,banks_brokers_exchanges,2.0,0.7722859664607238,COLB|WFC|BCS
2022-01-10,enter,insurance,3.0,0.7625772285966461,PGR|AIG|MET
2022-01-11,exit,storage,29.0,0.5834068843777581,DELL|HPE|NTAP
2022-01-11,exit,banks_brokers_exchanges,16.0,0.6632833186231245,COLB|WFC|BCS
2022-01-11,exit,insurance,28.0,0.5849514563106797,PGR|AIG|MET
2022-01-11,enter,oil_gas,1.0,0.8486319505736981,APA|XOM|RRC
2022-01-11,enter,oil_services,2.0,0.8195057369814651,SLB|HP|RIG
2022-01-11,enter,oil_integrated,3.0,0.8018534863195056,XOM|XLE|BP
2022-01-12,exit,oil_services,16.0,0.6679170344218888,SLB|HP|RIG
2022-01-12,enter,natural_gas,1.0,0.9037952338923214,RRC|AR|EQT
2022-01-12,enter,energy,3.0,0.854368932038835,APA|BP|EQT
2022-01-13,exit,oil_gas,13.0,0.6875551632833187,APA|XOM|RRC
2022-01-13,exit,oil_integrated,25.0,0.6343777581641659,XOM|XLE|BP
2022-01-13,exit,natural_gas,26.0,0.6295233892321271,RRC|AR|EQT
2022-01-13,exit,energy,11.0,0.6930714916151809,APA|BP|EQT
2022-01-13,enter,airlines_travel,1.0,0.8217122683142102,NCLH|CCL|UAL
2022-01-13,enter,regional_banks,2.0,0.810017652250662,TFC|USB|KEY
2022-01-13,enter,utilities_yield,3.0,0.7678729037952341,PCG|AEP|WEC
2022-01-14,exit,airlines_travel,65.0,0.43799646954986754,NCLH|CCL|UAL
2022-01-14,exit,regional_banks,9.0,0.7497793468667255,TFC|USB|KEY
2022-01-14,exit,utilities_yield,59.0,0.4547661076787291,PCG|AEP|WEC
2022-01-14,enter,oil_gas,1.0,0.8433362753751102,MGY|OVV|APA
2022-01-14,enter,oil_exploration,2.0,0.8323036187113857,APA|EOG|OXY
2022-01-14,enter,energy,3.0,0.8283318623124448,HAL|BP|APA
2022-01-18,enter,copper,3.0,0.8455428067078553,HBM|TECK|FCX
2022-01-19,exit,oil_gas,15.0,0.6621800529567521,MGY|OVV|APA
2022-01-19,exit,oil_exploration,27.0,0.6043689320388349,APA|EOG|OXY
2022-01-19,exit,energy,12.0,0.6787290379523389,HAL|BP|APA
2022-01-19,enter,gold_silver_miners,1.0,0.9329214474845543,HMY|HL|AG
2022-01-19,enter,silver,2.0,0.9037952338923213,AG|HL|SVM
2022-01-19,enter,gold,3.0,0.8680494263018534,NEM|PAAS|WPM
2022-01-20,exit,copper,37.0,0.5681818181818182,HBM|TECK|FCX
2022-01-20,exit,gold_silver_miners,10.0,0.6897616946160635,HMY|HL|AG
2022-01-20,exit,silver,4.0,0.7314651368049426,AG|HL|SVM
2022-01-20,exit,gold,20.0,0.6443071491615181,NEM|PAAS|WPM
2022-01-20,enter,utilities_yield,1.0,0.7958958517210943,WEC|PCG|AES
2022-01-20,enter,china_internet,2.0,0.7592674315975287,PDD|BIDU|TIGR
2022-01-20,enter,power_grid_electrification,3.0,0.7389673433362755,AES|PCG|PRIM
2022-01-21,exit,utilities_yield,6.0,0.7310238305383937,WEC|PCG|AES
2022-01-21,exit,china_internet,20.0,0.646513680494263,PDD|BIDU|TIGR
2022-01-21,enter,consumer_staples,1.0,0.7795675198587819,MDLZ|PG|CL
2022-01-21,enter,agriculture_food_inputs,3.0,0.7612533097969992,CF|ADM|NTR
2022-01-24,exit,power_grid_electrification,20.0,0.6339364518976169,AES|PCG|PRIM
2022-01-24,exit,consumer_staples,22.0,0.6127537511032657,MDLZ|PG|CL
2022-01-24,exit,agriculture_food_inputs,40.0,0.5229479258605473,CF|ADM|NTR
2022-01-24,enter,restaurants_food,1.0,0.8038393645189762,SG|YUM|MCD
2022-01-24,enter,retail_consumer,2.0,0.7925860547219769,KSS|M|OLLI
2022-01-24,enter,workflow_software,3.0,0.7533097969991174,TEAM|HUBS|NOW
2022-01-25,exit,retail_consumer,24.0,0.6436451897616946,KSS|M|OLLI
2022-01-25,exit,workflow_software,51.0,0.49845542806707854,TEAM|HUBS|NOW
2022-01-25,enter,gold_silver_miners,1.0,0.808693733451015,HMY|KGC|PAAS
2022-01-25,enter,oil_integrated,3.0,0.7780229479258605,XOM|CVX|XLE
2022-01-26,exit,restaurants_food,40.0,0.5653133274492498,SG|YUM|MCD
2022-01-26,exit,gold_silver_miners,90.0,0.2674315975286849,HMY|KGC|PAAS
2022-01-26,enter,oil_gas,1.0,0.7698587819947043,OXY|DVN|CVX
2022-01-26,enter,mega_banks,2.0,0.7581641659311563,AXP|C|MS
2022-01-26,enter,energy,3.0,0.7579435127978816,HAL|SLB|OXY
2022-01-27,exit,mega_banks,31.0,0.5820829655781112,AXP|C|MS
2022-01-27,exit,energy,5.0,0.7605913503971756,HAL|SLB|OXY
2022-01-27,enter,utilities_yield,1.0,0.7850838481906444,NRG|XEL|PEG
2022-01-27,enter,pharma_largecap,2.0,0.7775816416593117,SNY|GSK|JNJ
2022-01-28,exit,oil_integrated,51.0,0.5150044130626654,XOM|CVX|XLE
2022-01-28,exit,oil_gas,41.0,0.5377316857899384,OXY|DVN|CVX
2022-01-28,exit,utilities_yield,27.0,0.6032656663724625,NRG|XEL|PEG
2022-01-28,exit,pharma_largecap,36.0,0.5712709620476611,SNY|GSK|JNJ
2022-01-28,enter,payments,1.0,0.7650044130626656,V|MA|AXP
2022-01-28,enter,apparel_beauty_lifestyle,2.0,0.7272727272727273,GAP|CPRI|WRBY
2022-01-28,enter,workflow_software,3.0,0.7224183583406883,TEAM|NOW|HUBS
2022-01-31,exit,payments,9.0,0.6657105030891438,V|MA|AXP
2022-01-31,exit,apparel_beauty_lifestyle,64.0,0.44505736981465127,GAP|CPRI|WRBY
2022-01-31,exit,workflow_software,14.0,0.6445278022947926,TEAM|NOW|HUBS
2022-01-31,enter,asset_managers_alts,1.0,0.8040600176522507,BX|ARES|MAIN
2022-01-31,enter,airlines_travel,2.0,0.7323477493380406,JBLU|ALK|EXPE
2022-01-31,enter,fintech_payments,3.0,0.7283759929390998,BILL|AXP|FOUR
2022-02-01,exit,asset_managers_alts,17.0,0.6423212709620476,BX|ARES|MAIN
2022-02-01,exit,airlines_travel,11.0,0.677405119152692,JBLU|ALK|EXPE
2022-02-01,enter,payments,2.0,0.8120035304501324,AFRM|MA|V
2022-02-01,enter,fintech,3.0,0.8003089143865842,AFRM|MA|V
2022-02-02,exit,fintech_payments,52.0,0.4794792586054722,BILL|AXP|FOUR
2022-02-02,exit,payments,40.0,0.5425860547219771,AFRM|MA|V
2022-02-02,exit,fintech,47.0,0.500882612533098,AFRM|MA|V
2022-02-02,enter,natural_gas,1.0,0.7855251544571933,AR|CTRA|RRC
2022-02-02,enter,mega_cap_platforms,2.0,0.7599293909973521,GOOGL|NFLX|NVDA
2022-02-02,enter,ai_infrastructure,3.0,0.7447043248014122,SMCI|AMD|NVDA
2022-02-03,exit,natural_gas,12.0,0.6767431597528685,AR|CTRA|RRC
2022-02-03,exit,mega_cap_platforms,72.0,0.4338040600176522,GOOGL|NFLX|NVDA
2022-02-03,exit,ai_infrastructure,52.0,0.4973521624007061,SMCI|AMD|NVDA
2022-02-03,enter,managed_care_insurance,1.0,0.8323036187113857,ALHC|HUM|CLOV
2022-02-03,enter,healthcare,2.0,0.8051632833186233,HUM|ALHC|CNC
2022-02-03,enter,managed_care,3.0,0.7742718446601943,HUM|ALHC|CNC
2022-02-04,exit,managed_care_insurance,39.0,0.5496469549867607,ALHC|HUM|CLOV
2022-02-04,exit,healthcare,37.0,0.5547219770520742,HUM|ALHC|CNC
2022-02-04,exit,managed_care,58.0,0.4609443954104148,HUM|ALHC|CNC
2022-02-04,enter,crypto_infrastructure,1.0,0.823477493380406,BKKT|HUT|MSTR
2022-02-04,enter,cybersecurity,2.0,0.7828773168578994,GEN|FTNT|NET
2022-02-04,enter,dev_tools,3.0,0.7658870255957635,GTLB|DDOG|MDB
2022-02-07,exit,cybersecurity,48.0,0.5262577228596645,GEN|FTNT|NET
2022-02-07,exit,dev_tools,62.0,0.4653574580759046,GTLB|DDOG|MDB
2022-02-07,enter,airlines_travel,2.0,0.8320829655781112,CCL|RCL|NCLH
2022-02-07,enter,gold_silver_miners,3.0,0.8181818181818182,GOLD|USAS|EGO
2022-02-08,exit,crypto_infrastructure,38.0,0.5995145631067961,BKKT|HUT|MSTR
2022-02-08,exit,gold_silver_miners,10.0,0.71954986760812,GOLD|USAS|EGO
2022-02-08,enter,managed_care,1.0,0.8545895851721095,CNC|ALHC|MOH
2022-02-08,enter,managed_care_insurance,3.0,0.8221535745807591,CNC|ALHC|MOH
2022-02-09,exit,airlines_travel,1.0,0.804721977052074,CCL|RCL|NCLH
2022-02-09,exit,managed_care,74.0,0.42255075022065314,CNC|ALHC|MOH
2022-02-09,exit,managed_care_insurance,63.0,0.44483671668137686,CNC|ALHC|MOH
2022-02-09,enter,airlines_travel,1.0,0.804721977052074,LYFT|DAL|UAL
2022-02-09,enter,uranium,2.0,0.7773609885260372,CCJ|UEC|DNN
2022-02-09,enter,china_internet,3.0,0.7504413062665489,XPEV|TCOM|LI
2022-02-10,exit,airlines_travel,7.0,0.777802294792586,LYFT|DAL|UAL
2022-02-10,exit,uranium,28.0,0.6021624007060901,CCJ|UEC|DNN
2022-02-10,exit,china_internet,29.0,0.5997352162400708,XPEV|TCOM|LI
2022-02-10,enter,copper_metals,1.0,0.8371579876434244,CENX|FCX|AA
2022-02-10,enter,cloud,2.0,0.804721977052074,SNOW|NET|MDB
2022-02-10,enter,dev_tools,3.0,0.7934686672550749,DDOG|MDB|GTLB
2022-02-11,exit,cloud,50.0,0.4988967343336275,SNOW|NET|MDB
2022-02-11,exit,dev_tools,70.0,0.41107678729037955,DDOG|MDB|GTLB
2022-02-11,enter,gold_silver_miners,1.0,0.9068843777581642,GOLD|IAG|EXK
2022-02-11,enter,silver,2.0,0.8515004413062667,AG|PAAS|SVM
2022-02-14,exit,copper_metals,3.0,0.8033980582524272,CENX|FCX|AA
2022-02-14,enter,travel,1.0,0.8788614298323036,TCOM|EXPE|ABNB
2022-02-14,enter,copper_metals,3.0,0.8033980582524272,CENX|AA|IAG
2022-02-15,exit,gold_silver_miners,44.0,0.5311120917917035,GOLD|IAG|EXK
2022-02-15,exit,silver,87.0,0.3294351279788173,AG|PAAS|SVM
2022-02-15,exit,copper_metals,39.0,0.5549426301853486,CENX|AA|IAG
2022-02-15,enter,consumer_internet_marketplaces,2.0,0.789496910856134,Z|TCOM|ABNB
2022-02-15,enter,china_internet,3.0,0.7727272727272727,TCOM|TIGR|YMM
2022-02-16,exit,travel,8.0,0.747793468667255,TCOM|EXPE|ABNB
2022-02-16,exit,consumer_internet_marketplaces,75.0,0.33384819064430715,Z|TCOM|ABNB
2022-02-16,exit,china_internet,65.0,0.43358340688437774,TCOM|TIGR|YMM
2022-02-16,enter,gold_silver_miners,1.0,0.8612091791703442,IAG|USAS|EGO
2022-02-16,enter,oil_services,2.0,0.8336275375110328,PTEN|NBR|HP
2022-02-16,enter,energy,3.0,0.7733892321270962,BKR|SLB|EQT
2022-02-17,enter,silver,2.0,0.8517210944395409,AG|FNV|SVM
2022-02-17,enter,gold,3.0,0.8393645189761694,AEM|NEM|FNV
2022-02-18,exit,gold_silver_miners,9.0,0.7224183583406885,IAG|USAS|EGO
2022-02-18,exit,oil_services,81.0,0.3148720211827008,PTEN|NBR|HP
2022-02-18,exit,energy,67.0,0.4342453662842012,BKR|SLB|EQT
2022-02-18,exit,silver,31.0,0.619152691968226,AG|FNV|SVM
2022-02-18,exit,gold,30.0,0.6211385701676964,AEM|NEM|FNV
2022-02-18,enter,semis_compute,1.0,0.7742718446601942,VISN|AAOI|ADI
2022-02-18,enter,consumer_staples,2.0,0.7566195939982348,DLTR|KO|WMT
2022-02-18,enter,networking,3.0,0.7484554280670787,CSCO|CIEN|ANET
2022-02-22,exit,semis_compute,9.0,0.7113857016769638,VISN|AAOI|ADI
2022-02-22,exit,consumer_staples,6.0,0.7372021182700793,DLTR|KO|WMT
2022-02-22,exit,networking,17.0,0.6751985878199469,CSCO|CIEN|ANET
2022-02-22,enter,real_estate_reits,1.0,0.7892762577228598,ABR|WELL|ARE
2022-02-22,enter,ai_infrastructure,2.0,0.7804501323918798,SMCI|MPWR|AMD
2022-02-22,enter,copper_metals,3.0,0.7537511032656663,CENX|IAG|STLD
2022-02-23,exit,real_estate_reits,13.0,0.7188879082082965,ABR|WELL|ARE
2022-02-23,exit,ai_infrastructure,87.0,0.294792586054722,SMCI|MPWR|AMD
2022-02-23,enter,gold_silver_miners,1.0,0.8678287731685791,HL|AU|HMY
2022-02-23,enter,silver,2.0,0.8521624007060901,HL|SLV|WPM
2022-02-23,enter,gold,3.0,0.8433362753751101,NEM|WPM|AEM
2022-02-24,exit,copper_metals,42.0,0.53045013239188,CENX|IAG|STLD
2022-02-24,exit,gold_silver_miners,27.0,0.5794351279788174,HL|AU|HMY
2022-02-24,exit,silver,37.0,0.5657546337157988,HL|SLV|WPM
2022-02-24,exit,gold,26.0,0.59135039717564,NEM|WPM|AEM
2022-02-24,enter,defense,1.0,0.8323036187113857,KTOS|LDOS|LHX
2022-02-24,enter,real_estate_reits,2.0,0.7714033539276258,EQIX|OUT|ABR
2022-02-24,enter,uranium,3.0,0.7685348631950575,DNN|UUUU|NXE
2022-02-25,exit,defense,4.0,0.7376434245366286,KTOS|LDOS|LHX
2022-02-25,exit,real_estate_reits,6.0,0.7294792586054722,EQIX|OUT|ABR
2022-02-25,exit,uranium,19.0,0.6557811120917917,DNN|UUUU|NXE
2022-02-25,enter,medtech_devices,1.0,0.7879523389232126,TMDX|IRTC|XRAY
2022-02-25,enter,managed_care_insurance,2.0,0.7738305383936452,CLOV|CI|UNH
2022-02-25,enter,medtech,3.0,0.739629302736099,DXCM|BSX|EW
2022-02-28,exit,medtech_devices,22.0,0.6560017652250663,TMDX|IRTC|XRAY
2022-02-28,exit,managed_care_insurance,27.0,0.6306266548984995,CLOV|CI|UNH
2022-02-28,exit,medtech,48.0,0.5273609885260371,DXCM|BSX|EW
2022-02-28,enter,defense,1.0,0.8762135922330099,KTOS|NOC|LHX
2022-02-28,enter,cybersecurity,2.0,0.8342894969108562,PANW|TENB|CRWD
2022-02-28,enter,defense_aerospace,3.0,0.8120035304501324,KTOS|NOC|AVAV
2022-03-01,exit,defense,6.0,0.8064872021182701,KTOS|NOC|LHX
2022-03-01,exit,cybersecurity,12.0,0.762577228596646,PANW|TENB|CRWD
2022-03-01,exit,defense_aerospace,13.0,0.7484554280670787,KTOS|NOC|AVAV
2022-03-01,enter,natural_gas,1.0,0.869152691968226,RRC|AR|CTRA
2022-03-01,enter,oil_gas,2.0,0.8510591350397175,OXY|APA|RRC
2022-03-01,enter,copper_metals,3.0,0.8150926743159751,CENX|HMY|EQX
2022-03-02,exit,natural_gas,5.0,0.7455869373345102,RRC|AR|CTRA
2022-03-02,exit,oil_gas,9.0,0.7206531332744925,OXY|APA|RRC
2022-03-02,exit,copper_metals,13.0,0.6857899382171228,CENX|HMY|EQX
2022-03-02,enter,uranium,1.0,0.8334068843777583,UEC|UUUU|NXE
2022-03-02,enter,agriculture_food_inputs,2.0,0.7687555163283318,DAR|MOS|NTR
2022-03-02,enter,nuclear_uranium,3.0,0.7555163283318623,UUUU|UEC|NXE
2022-03-03,exit,uranium,13.0,0.7316857899382171,UEC|UUUU|NXE
2022-03-03,exit,nuclear_uranium,9.0,0.7424977934686674,UUUU|UEC|NXE
2022-03-03,enter,copper_metals,2.0,0.8446601941747574,CLF|CENX|STLD
2022-03-03,enter,copper,3.0,0.8217122683142101,TECK|BHP|SCCO
2022-03-04,exit,agriculture_food_inputs,6.0,0.7985436893203882,DAR|MOS|NTR
2022-03-04,exit,copper_metals,11.0,0.7773609885260371,CLF|CENX|STLD
2022-03-04,exit,copper,16.0,0.7153574580759047,TECK|BHP|SCCO
2022-03-04,enter,oil_services,1.0,0.8746690203000884,BORR|RIG|LBRT
2022-03-04,enter,oil_exploration,2.0,0.8492939099735216,OXY|USO|APA
2022-03-04,enter,natural_gas,3.0,0.8358340688437775,EQT|CTRA|KMI
2022-03-07,exit,natural_gas,11.0,0.7619152691968227,EQT|CTRA|KMI
2022-03-07,enter,energy,1.0,0.8684907325684026,BKR|OXY|CTRA
2022-03-07,enter,oil_gas,3.0,0.8287731685789939,LBRT|OXY|CVX
2022-03-08,exit,oil_services,6.0,0.7552956751985879,BORR|RIG|LBRT
2022-03-08,exit,oil_exploration,26.0,0.6184907325684024,OXY|USO|APA
2022-03-08,exit,energy,1.0,0.7908208296557812,BKR|OXY|CTRA
2022-03-08,exit,oil_gas,13.0,0.6769638128861429,LBRT|OXY|CVX
2022-03-08,enter,energy,1.0,0.7908208296557812,SLB|BKR|CVX
2022-03-08,enter,gold_silver_miners,2.0,0.7868490732568404,EXK|AEM|USAS
2022-03-08,enter,oil_integrated,3.0,0.7793468667255075,CVX|XOM|XLE
2022-03-09,exit,energy,11.0,0.6352603706972639,SLB|BKR|CVX
2022-03-09,exit,gold_silver_miners,5.0,0.6729920564872022,EXK|AEM|USAS
2022-03-09,exit,oil_integrated,47.0,0.5039717563989409,CVX|XOM|XLE
2022-03-09,enter,uranium,1.0,0.718667255075022,UUUU|UEC|LEU
2022-03-09,enter,managed_care,2.0,0.7113857016769638,ALHC|OSCR|ELV
2022-03-09,enter,managed_care_insurance,3.0,0.7032215357458076,ALHC|OSCR|CLOV
2022-03-10,exit,managed_care,16.0,0.7093998234774934,ALHC|OSCR|ELV
2022-03-10,exit,managed_care_insurance,22.0,0.6822594880847308,ALHC|OSCR|CLOV
2022-03-10,enter,gold_silver_miners,1.0,0.8459841129744042,EXK|AEM|AG
2022-03-10,enter,energy,2.0,0.8329655781112091,OXY|HAL|BKR
2022-03-10,enter,oil_services,3.0,0.8236981465136805,RIG|BKR|HAL
2022-03-11,exit,uranium,26.0,0.6403353927625772,UUUU|UEC|LEU
2022-03-11,exit,gold_silver_miners,29.0,0.6259929390997353,EXK|AEM|AG
2022-03-11,exit,oil_services,10.0,0.7261694616063548,RIG|BKR|HAL
2022-03-11,enter,construction_infrastructure,1.0,0.8349514563106797,DY|PWR|FLR
2022-03-11,enter,datacenter_infra,2.0,0.8117828773168577,PWR|FLS|ACM
2022-03-11,enter,industrial_automation,3.0,0.7897175639894087,DOW|CNH|GE
2022-03-14,exit,energy,59.0,0.45807590467784637,OXY|HAL|BKR
2022-03-14,enter,rare_earth_critical_minerals,1.0,0.8347308031774051,TMC|MP|ALB
2022-03-15,exit,construction_infrastructure,3.0,0.7418358340688439,DY|PWR|FLR
2022-03-15,exit,datacenter_infra,28.0,0.6154015887025597,PWR|FLS|ACM
2022-03-15,exit,industrial_automation,27.0,0.6202559576345984,DOW|CNH|GE
2022-03-15,exit,rare_earth_critical_minerals,71.0,0.4454986760812004,TMC|MP|ALB
2022-03-15,enter,airlines_travel,1.0,0.8406884377758165,UAL|AAL|JBLU
2022-03-15,enter,transport_logistics,2.0,0.7683142100617829,UAL|AAL|JBLU
2022-03-15,enter,construction_infrastructure,3.0,0.7418358340688439,CRH|J|OC
2022-03-16,exit,construction_infrastructure,19.0,0.6791703442188879,CRH|J|OC
2022-03-16,enter,asset_managers,3.0,0.7698587819947044,SCHW|BLK|MS
2022-03-17,exit,airlines_travel,22.0,0.6213592233009708,UAL|AAL|JBLU
2022-03-17,exit,transport_logistics,21.0,0.6253309796999118,UAL|AAL|JBLU
2022-03-17,enter,semicap_equipment,2.0,0.7661076787290378,ACLS|ICHR|TER
2022-03-17,enter,medtech_devices,3.0,0.740070609002648,TMDX|IRTC|DXCM
2022-03-18,exit,asset_managers,42.0,0.5494263018534863,SCHW|BLK|MS
2022-03-18,exit,semicap_equipment,23.0,0.6588702559576345,ACLS|ICHR|TER
2022-03-18,exit,medtech_devices,22.0,0.6588702559576346,TMDX|IRTC|DXCM
2022-03-18,enter,china_internet,1.0,0.8510591350397175,TIGR|FUTU|BILI
2022-03-18,enter,consumer_internet_marketplaces,2.0,0.7985436893203882,BILI|SHOP|BEKE
2022-03-18,enter,fintech_payments,3.0,0.7897175639894087,STNE|PAGS|AFRM
2022-03-21,exit,china_internet,7.0,0.6668137687555163,TIGR|FUTU|BILI
2022-03-21,exit,consumer_internet_marketplaces,8.0,0.6659311562224183,BILI|SHOP|BEKE
2022-03-21,exit,fintech_payments,9.0,0.6582082965578111,STNE|PAGS|AFRM
2022-03-21,enter,drones_autonomy,1.0,0.7356575463371581,ACHR|AUR|ONDS
2022-03-21,enter,ai_infrastructure,2.0,0.7177846425419241,NVDA|MPWR|AMD
2022-03-21,enter,uranium,3.0,0.7173433362753752,UUUU|UEC|CCJ
2022-03-22,exit,ai_infrastructure,73.0,0.37731685789938224,NVDA|MPWR|AMD
2022-03-22,exit,uranium,42.0,0.5291262135922331,UUUU|UEC|CCJ
2022-03-22,enter,china_internet,1.0,0.8515004413062667,TIGR|PDD|BILI
2022-03-22,enter,consumer_internet_marketplaces,2.0,0.8406884377758164,PDD|BILI|BABA
2022-03-22,enter,gaming_sports_betting,3.0,0.8223742277140336,BILI|RBLX|TCEHY
2022-03-23,exit,drones_autonomy,5.0,0.737422771403354,ACHR|AUR|ONDS
2022-03-23,exit,china_internet,3.0,0.7548543689320387,TIGR|PDD|BILI
2022-03-23,exit,gaming_sports_betting,21.0,0.6586496028243601,BILI|RBLX|TCEHY
2022-03-23,enter,renewables_storage,2.0,0.8170785525154457,LAR|TE|PLUG
2022-03-23,enter,china_internet,3.0,0.7548543689320387,TIGR|PDD|TME
2022-03-24,exit,consumer_internet_marketplaces,21.0,0.6273168578993822,PDD|BILI|BABA
2022-03-24,exit,renewables_storage,5.0,0.7294792586054722,LAR|TE|PLUG
2022-03-24,exit,china_internet,23.0,0.6237864077669902,TIGR|PDD|TME
2022-03-24,enter,lithium_battery_materials,1.0,0.7872903795233892,SGML|LAR|SQM
2022-03-24,enter,cybersecurity,2.0,0.7546337157987645,NET|TENB|BB
2022-03-24,enter,agriculture_food_inputs,3.0,0.7360988526037071,AGCO|CF|MOS
2022-03-25,exit,lithium_battery_materials,13.0,0.6756398940864959,SGML|LAR|SQM
2022-03-25,exit,cybersecurity,26.0,0.6182700794351279,NET|TENB|BB
2022-03-25,enter,oil_gas,1.0,0.8353927625772287,AR|RRC|LNG
2022-03-25,enter,natural_gas,2.0,0.8270079435127978,EQT|AR|RRC
2022-03-25,enter,oil_services,3.0,0.8058252427184467,RIG|AROC|LBRT
2022-03-28,exit,agriculture_food_inputs,34.0,0.588261253309797,AGCO|CF|MOS
2022-03-28,exit,oil_gas,31.0,0.5992939099735216,AR|RRC|LNG
2022-03-28,exit,natural_gas,21.0,0.6297440423654016,EQT|AR|RRC
2022-03-28,exit,oil_services,77.0,0.36275375110326563,RIG|AROC|LBRT
2022-03-28,enter,crypto_infrastructure,1.0,0.7830979699911738,BKKT|RIOT|MSTR
2022-03-28,enter,cloud,2.0,0.7656663724624889,NET|SNOW|AKAM
2022-03-28,enter,cybersecurity,3.0,0.732127096204766,NET|PANW|BB
2022-03-29,exit,crypto_infrastructure,31.0,0.6083406884377758,BKKT|RIOT|MSTR
2022-03-29,exit,cloud,20.0,0.6617387466902029,NET|SNOW|AKAM
2022-03-29,exit,cybersecurity,57.0,0.5041924095322153,NET|PANW|BB
2022-03-29,enter,real_estate_reits,1.0,0.7978817299205649,PSA|COLD|WELL
2022-03-29,enter,autos,2.0,0.7930273609885261,RIVN|ON|TSLA
2022-03-29,enter,airlines_travel,3.0,0.7908208296557812,UBER|AAL|ALK
2022-03-30,exit,real_estate_reits,6.0,0.7431597528684908,PSA|COLD|WELL
2022-03-30,exit,autos,26.0,0.6151809355692851,RIVN|ON|TSLA
2022-03-30,exit,airlines_travel,18.0,0.6743159752868491,UBER|AAL|ALK
2022-03-30,enter,medtech_devices,1.0,0.8018534863195057,ISRG|ATEC|DXCM
2022-03-30,enter,medtech,2.0,0.7669902912621358,ISRG|DXCM|EW
2022-03-30,enter,drones_autonomy,3.0,0.763018534863195,JOBY|ONDS|AMBA
2022-03-31,exit,medtech,9.0,0.7378640776699029,ISRG|DXCM|EW
2022-03-31,exit,drones_autonomy,42.0,0.5302294792586055,JOBY|ONDS|AMBA
2022-03-31,enter,utilities_yield,1.0,0.8477493380406003,EIX|CEG|EXC
2022-03-31,enter,real_estate_reits,3.0,0.8060458958517212,AMT|SBAC|COLD
2022-04-01,exit,medtech_devices,1.0,0.8223742277140335,ISRG|ATEC|DXCM
2022-04-01,exit,utilities_yield,6.0,0.7575022065313327,EIX|CEG|EXC
2022-04-01,enter,medtech_devices,1.0,0.8223742277140335,ATEC|IRTC|DXCM
2022-04-01,enter,lithium_battery_materials,2.0,0.8221535745807591,LAR|SGML|QS
2022-04-04,exit,real_estate_reits,30.0,0.5847308031774051,AMT|SBAC|COLD
2022-04-04,exit,medtech_devices,19.0,0.6566637246248898,ATEC|IRTC|DXCM
2022-04-04,exit,lithium_battery_materials,14.0,0.6877758164165931,LAR|SGML|QS
2022-04-04,enter,biotech_innovation,1.0,0.7930273609885261,GH|ARQT|RVMD
2022-04-04,enter,datacenter_reits_towers,2.0,0.7581641659311563,SBAC|AMT|EQIX
2022-04-04,enter,china_internet,3.0,0.750882612533098,BEKE|BILI|YMM
2022-04-05,exit,biotech_innovation,23.0,0.6451897616946161,GH|ARQT|RVMD
2022-04-05,exit,china_internet,44.0,0.5496469549867607,BEKE|BILI|YMM
2022-04-05,enter,utilities_yield,1.0,0.843998234774934,SO|WEC|VST
2022-04-05,enter,medtech_devices,2.0,0.8353927625772286,ATEC|TNDM|HOLX
2022-04-05,enter,pharma_largecap,3.0,0.8278905560458959,VRTX|SNY|NVO
2022-04-06,exit,medtech_devices,9.0,0.718667255075022,ATEC|TNDM|HOLX
2022-04-06,enter,pharma,2.0,0.8481906443071493,ABBV|NVO|MRK
2022-04-06,enter,consumer_staples,3.0,0.8428949691085613,DG|WMT|CL
2022-04-07,exit,datacenter_reits_towers,30.0,0.5962047661076787,SBAC|AMT|EQIX
2022-04-07,exit,utilities_yield,13.0,0.6879964695498676,SO|WEC|VST
2022-04-07,exit,pharma_largecap,1.0,0.8272285966460725,VRTX|SNY|NVO
2022-04-07,exit,pharma,3.0,0.7848631950573699,ABBV|NVO|MRK
2022-04-07,exit,consumer_staples,5.0,0.7418358340688437,DG|WMT|CL
2022-04-07,enter,pharma_largecap,1.0,0.8272285966460725,NVO|SNY|LLY
2022-04-07,enter,managed_care,2.0,0.7910414827890556,CI|CNC|HUM
2022-04-07,enter,pharma,3.0,0.7848631950573699,NVO|ABBV|BMY
2022-04-08,exit,pharma_largecap,1.0,0.8444395410414828,NVO|SNY|LLY
2022-04-08,exit,managed_care,27.0,0.6553398058252426,CI|CNC|HUM
2022-04-08,exit,pharma,5.0,0.8003089143865844,NVO|ABBV|BMY
2022-04-08,enter,pharma_largecap,1.0,0.8444395410414828,SNY|ABBV|REGN
2022-04-08,enter,energy,2.0,0.8312003530450134,OXY|EQT|EOG
2022-04-08,enter,oil_gas,3.0,0.8254633715798765,OXY|MGY|AR
2022-04-11,exit,energy,20.0,0.6882171226831421,OXY|EQT|EOG
2022-04-11,exit,oil_gas,24.0,0.630847308031774,OXY|MGY|AR
2022-04-11,enter,nuclear_uranium,2.0,0.8190644307149162,NXE|UEC|SMR
2022-04-11,enter,consumer_staples,3.0,0.8168578993821713,DLTR|TGT|CL
2022-04-12,exit,pharma_largecap,22.0,0.6718887908208296,SNY|ABBV|REGN
2022-04-12,enter,gold_silver_miners,1.0,0.8473080317740513,EXK|HL|EGO
2022-04-12,enter,oil_gas,3.0,0.7875110326566637,AR|LBRT|WMB
2022-04-13,exit,nuclear_uranium,14.0,0.6862312444836717,NXE|UEC|SMR
2022-04-13,exit,consumer_staples,40.0,0.5375110326566637,DLTR|TGT|CL
2022-04-13,exit,gold_silver_miners,5.0,0.76081200353045,EXK|HL|EGO
2022-04-13,exit,oil_gas,12.0,0.7016769638128862,AR|LBRT|WMB
2022-04-13,enter,uranium,1.0,0.7992056487202119,UEC|UUUU|NXE
2022-04-13,enter,airlines_travel,2.0,0.7983230361871139,DAL|AAL|PK
2022-04-13,enter,silver,3.0,0.7760370697263901,HL|AG|PAAS
2022-04-14,exit,uranium,32.0,0.6301853486319505,UEC|UUUU|NXE
2022-04-14,exit,silver,14.0,0.7032215357458076,HL|AG|PAAS
2022-04-14,enter,industrial_automation,2.0,0.8168578993821711,ATI|DOW|OLN
2022-04-14,enter,energy,3.0,0.8000882612533098,CTRA|CRGY|EQT
2022-04-18,exit,airlines_travel,27.0,0.6264342453662842,DAL|AAL|PK
2022-04-18,enter,oil_services,2.0,0.8038393645189762,NBR|FTI|LBRT
2022-04-18,enter,oil_gas,3.0,0.7939099735216241,LBRT|AR|RRC
2022-04-19,exit,industrial_automation,7.0,0.7608120035304501,ATI|DOW|OLN
2022-04-19,exit,energy,26.0,0.6242277140335393,CTRA|CRGY|EQT
2022-04-19,exit,oil_services,12.0,0.6791703442188879,NBR|FTI|LBRT
2022-04-19,exit,oil_gas,29.0,0.6032656663724625,LBRT|AR|RRC
2022-04-19,enter,apparel_beauty_lifestyle,1.0,0.8312003530450133,BBWI|ONON|LULU
2022-04-19,enter,transport_logistics,2.0,0.8164165931156221,AAL|DAL|ALK
2022-04-19,enter,airlines_travel,3.0,0.8097969991173875,MAR|AAL|H
2022-04-20,exit,apparel_beauty_lifestyle,28.0,0.6432038834951456,BBWI|ONON|LULU
2022-04-20,enter,industrial_automation,1.0,0.8206090026478375,CRH|CAT|DOW
2022-04-20,enter,medtech,3.0,0.8106796116504854,BSX|ISRG|EW
2022-04-21,exit,medtech,10.0,0.7054280670785524,BSX|ISRG|EW
2022-04-22,exit,transport_logistics,1.0,0.7930273609885262,AAL|DAL|ALK
2022-04-22,exit,airlines_travel,8.0,0.6822594880847308,MAR|AAL|H
2022-04-22,exit,industrial_automation,17.0,0.6134157105030891,CRH|CAT|DOW
2022-04-22,enter,transport_logistics,1.0,0.7930273609885262,UAL|AAL|DAL
2022-04-22,enter,networking_optical,2.0,0.7707413945278023,VIAV|NOK|CIEN
2022-04-22,enter,semicap_equipment,3.0,0.7484554280670787,TER|CAMT|ENTG
2022-04-25,exit,transport_logistics,12.0,0.6798323036187114,UAL|AAL|DAL
2022-04-25,enter,data_centers,1.0,0.8045013239187996,DLR|SMCI|EQIX
2022-04-25,enter,restaurants_food,2.0,0.7667696381288615,EAT|TXRH|BLMN
2022-04-26,exit,networking_optical,3.0,0.7517652250661958,VIAV|NOK|CIEN
2022-04-26,exit,semicap_equipment,52.0,0.500441306266549,TER|CAMT|ENTG
2022-04-26,exit,data_centers,36.0,0.5509708737864079,DLR|SMCI|EQIX
2022-04-26,exit,restaurants_food,12.0,0.6723300970873788,EAT|TXRH|BLMN
2022-04-26,enter,electronics_components,1.0,0.7711827007943514,GLW|TEL|ROG
2022-04-26,enter,utilities_yield,2.0,0.763018534863195,PCG|DUK|ETN
2022-04-26,enter,networking_optical,3.0,0.7517652250661958,GLW|NOK|HLIT
2022-04-27,exit,utilities_yield,18.0,0.6590909090909091,PCG|DUK|ETN
2022-04-27,exit,networking_optical,57.0,0.4748455428067078,GLW|NOK|HLIT
2022-04-27,enter,china_internet,1.0,0.7886142983230362,JD|ZTO|PDD
2022-04-27,enter,power_grid_electrification,3.0,0.7539717563989409,HUBB|PCG|FBIN
2022-04-28,exit,electronics_components,16.0,0.6972639011473962,GLW|TEL|ROG
2022-04-28,exit,china_internet,34.0,0.5701676963812886,JD|ZTO|PDD
2022-04-28,exit,power_grid_electrification,35.0,0.5628861429832304,HUBB|PCG|FBIN
2022-04-28,enter,dev_tools,1.0,0.7703000882612532,PTC|GTLB|DDOG
2022-04-28,enter,homebuilders_housing,2.0,0.7678729037952339,MAS|MTH|OC
2022-04-28,enter,semis,3.0,0.7570609002647837,QCOM|LRCX|TER
2022-04-29,exit,dev_tools,27.0,0.5922330097087378,PTC|GTLB|DDOG
2022-04-29,exit,homebuilders_housing,23.0,0.6094439541041483,MAS|MTH|OC
2022-04-29,exit,semis,38.0,0.5262577228596645,QCOM|LRCX|TER
2022-04-29,enter,china_internet,1.0,0.8371579876434244,PDD|YMM|JD
2022-04-29,enter,pharma_largecap,2.0,0.8003089143865844,MRK|NVO|LLY
2022-04-29,enter,retail,3.0,0.7826566637246248,PDD|JD|WMT
2022-05-02,exit,china_internet,5.0,0.7023389232127097,PDD|YMM|JD
2022-05-02,exit,pharma_largecap,49.0,0.5083848190644307,MRK|NVO|LLY
2022-05-02,exit,retail,24.0,0.6160635481023831,PDD|JD|WMT
2022-05-02,enter,oil_integrated,1.0,0.8040600176522505,XOM|XLE|TTE
2022-05-02,enter,consumer_internet_marketplaces,2.0,0.7444836716681377,JD|BABA|EBAY
2022-05-02,enter,electronics_components,3.0,0.7288172992056486,IPGP|PLXS|GLW
2022-05-03,exit,consumer_internet_marketplaces,29.0,0.5986319505736981,JD|BABA|EBAY
2022-05-03,exit,electronics_components,24.0,0.616946160635481,IPGP|PLXS|GLW
2022-05-03,enter,oil_gas,1.0,0.8283318623124449,AR|DVN|OVV
2022-05-03,enter,natural_gas,2.0,0.8263459841129746,AR|CTRA|EQT
2022-05-03,enter,energy,3.0,0.8089143865842896,CTRA|DVN|BP
2022-05-04,exit,oil_integrated,19.0,0.6529126213592232,XOM|XLE|TTE
2022-05-04,exit,natural_gas,14.0,0.6771844660194175,AR|CTRA|EQT
2022-05-04,exit,energy,15.0,0.6707855251544572,CTRA|DVN|BP
2022-05-04,enter,fintech,1.0,0.7577228596646072,SOFI|HOOD|XYZ
2022-05-04,enter,renewables_storage,3.0,0.7504413062665489,ENVX|EOSE|ARRY
2022-05-05,exit,fintech,83.0,0.3581200353045013,SOFI|HOOD|XYZ
2022-05-05,exit,renewables_storage,6.0,0.7288172992056486,ENVX|EOSE|ARRY
2022-05-05,enter,oil_exploration,1.0,0.8585613415710502,OXY|DVN|FANG
2022-05-05,enter,solar,2.0,0.8278905560458959,RUN|ARRY|ENPH
2022-05-06,exit,solar,36.0,0.5803177405119152,RUN|ARRY|ENPH
2022-05-06,enter,energy,2.0,0.8627537511032658,DVN|EOG|OXY
2022-05-09,exit,oil_gas,7.0,0.7071932921447486,AR|DVN|OVV
2022-05-09,exit,oil_exploration,17.0,0.6729920564872022,OXY|DVN|FANG
2022-05-09,exit,energy,12.0,0.6950573698146514,DVN|EOG|OXY
2022-05-09,enter,utilities_yield,1.0,0.7883936451897617,NRG|EIX|D
2022-05-09,enter,consumer_staples,2.0,0.7828773168578994,MDLZ|PEP|CL
2022-05-09,enter,power_grid_electrification,3.0,0.7572815533980582,NRG|WCC|EIX
2022-05-10,exit,utilities_yield,25.0,0.6015004413062665,NRG|EIX|D
2022-05-10,exit,consumer_staples,29.0,0.586496028243601,MDLZ|PEP|CL
2022-05-10,exit,power_grid_electrification,28.0,0.5942188879082083,NRG|WCC|EIX
2022-05-10,enter,storage,1.0,0.7967784642541924,HPE|HPQ|NTAP
2022-05-10,enter,oil_integrated,2.0,0.751765225066196,TTE|CVX|SHEL
2022-05-10,enter,semis_compute,3.0,0.7460282436010592,LITE|COHR|MCHP
2022-05-11,exit,storage,55.0,0.48014121800529563,HPE|HPQ|NTAP
2022-05-11,exit,semis_compute,48.0,0.5019858781994705,LITE|COHR|MCHP
2022-05-11,enter,utilities_yield,1.0,0.790820829655781,NRG|D|XEL
2022-05-11,enter,power_grid_electrification,3.0,0.7815533980582524,NRG|D|XEL
2022-05-12,exit,oil_integrated,23.0,0.6032656663724625,TTE|CVX|SHEL
2022-05-12,exit,utilities_yield,16.0,0.6268755516328332,NRG|D|XEL
2022-05-12,exit,power_grid_electrification,11.0,0.6672550750220654,NRG|D|XEL
2022-05-12,enter,retail_consumer,1.0,0.8005295675198587,AAP|DG|KMX
2022-05-12,enter,homebuilders_housing,2.0,0.7890556045895852,BLD|TREX|MAS
2022-05-12,enter,pharma,3.0,0.7689761694616064,PFE|MRK|AMGN
2022-05-13,exit,retail_consumer,45.0,0.5317740511915269,AAP|DG|KMX
2022-05-13,exit,pharma,38.0,0.5556045895851721,PFE|MRK|AMGN
2022-05-13,enter,business_apps,1.0,0.7563989408649604,AI|DOCU|ADSK
2022-05-13,enter,china_internet,3.0,0.7398499558693734,YMM|LI|NTES
2022-05-16,exit,homebuilders_housing,51.0,0.4955869373345101,BLD|TREX|MAS
2022-05-16,exit,business_apps,57.0,0.472639011473963,AI|DOCU|ADSK
2022-05-16,enter,oil_services,1.0,0.8029567519858782,BORR|RIG|HAL
2022-05-16,enter,oil_gas,2.0,0.8027360988526038,OXY|DVN|YPF
2022-05-16,enter,energy,3.0,0.8022947925860549,OXY|DVN|APA
2022-05-17,exit,china_internet,6.0,0.7303618711385702,YMM|LI|NTES
2022-05-17,exit,energy,17.0,0.6564430714916153,OXY|DVN|APA
2022-05-17,enter,renewables_storage,1.0,0.7711827007943513,EOSE|SHLS|ARRY
2022-05-17,enter,consumer_internet_marketplaces,2.0,0.7502206531332746,JMIA|SE|GLBE
2022-05-17,enter,uranium,3.0,0.7486760812003529,NXE|LEU|UEC
2022-05-18,exit,oil_services,24.0,0.5860547219770521,BORR|RIG|HAL
2022-05-18,exit,oil_gas,48.0,0.5119152691968226,OXY|DVN|YPF
2022-05-18,exit,consumer_internet_marketplaces,14.0,0.6672550750220654,JMIA|SE|GLBE
2022-05-18,exit,uranium,41.0,0.5218446601941747,NXE|LEU|UEC
2022-05-18,enter,fintech_payments,2.0,0.8415710503089143,UPST|AFRM|PAYO
2022-05-18,enter,creative_software,3.0,0.7881729920564872,RBLX|U|ADBE
2022-05-19,exit,creative_software,12.0,0.7100617828773168,RBLX|U|ADBE
2022-05-19,enter,gold_silver_miners,2.0,0.8263459841129743,FSM|AG|IAG
2022-05-20,exit,renewables_storage,16.0,0.6540158870255958,EOSE|SHLS|ARRY
2022-05-20,exit,fintech_payments,34.0,0.5789938217122683,UPST|AFRM|PAYO
2022-05-20,exit,gold_silver_miners,50.0,0.4911738746690204,FSM|AG|IAG
2022-05-20,enter,china_internet,1.0,0.7394086496028244,NIO|LI|FUTU
2022-05-20,enter,energy,2.0,0.736540158870256,SEDG|CTRA|XOM
2022-05-20,enter,pharma_largecap,3.0,0.735216240070609,PFE|GSK|AZN
2022-05-23,exit,china_internet,73.0,0.42497793468667255,NIO|LI|FUTU
2022-05-23,exit,pharma_largecap,31.0,0.5842894969108562,PFE|GSK|AZN
2022-05-23,enter,mega_banks,1.0,0.7981023830538393,C|JPM|GS
2022-05-23,enter,banks_brokers_exchanges,2.0,0.7755957634598412,C|VLY|DB
2022-05-24,exit,energy,10.0,0.7202118270079435,SEDG|CTRA|XOM
2022-05-24,exit,mega_banks,30.0,0.6248896734333627,C|JPM|GS
2022-05-24,exit,banks_brokers_exchanges,15.0,0.6932921447484555,C|VLY|DB
2022-05-24,enter,utilities_yield,1.0,0.8159752868490734,WEC|NEE|CMS
2022-05-24,enter,pharma_largecap,2.0,0.791703442188879,SNY|PFE|GILD
2022-05-24,enter,quantum_computing,3.0,0.767872903795234,QUBT|RGTI|GFS
2022-05-25,exit,utilities_yield,29.0,0.5807590467784642,WEC|NEE|CMS
2022-05-25,exit,pharma_largecap,36.0,0.5538393645189762,SNY|PFE|GILD
2022-05-25,exit,quantum_computing,34.0,0.5620035304501324,QUBT|RGTI|GFS
2022-05-25,enter,oil_gas,1.0,0.81729920564872,AR|RRC|APA
2022-05-25,enter,natural_gas,2.0,0.8003089143865844,AR|RRC|EQT
2022-05-25,enter,workflow_software,3.0,0.7747131509267431,ZM|NOW|DOCU
2022-05-26,exit,oil_gas,11.0,0.7105030891438657,AR|RRC|APA
2022-05-26,exit,natural_gas,10.0,0.7142541924095323,AR|RRC|EQT
2022-05-26,exit,workflow_software,26.0,0.6154015887025595,ZM|NOW|DOCU
2022-05-26,enter,retail_consumer,1.0,0.8146513680494263,GME|DLTR|M
2022-05-26,enter,asset_managers,2.0,0.808252427184466,BX|BLK|SCHW
2022-05-26,enter,banks_brokers_exchanges,3.0,0.7859664607237423,SCHW|JPM|DB
2022-05-27,exit,retail_consumer,9.0,0.703442188879082,GME|DLTR|M
2022-05-27,exit,asset_managers,4.0,0.726610767872904,BX|BLK|SCHW
2022-05-27,exit,banks_brokers_exchanges,25.0,0.616946160635481,SCHW|JPM|DB
2022-05-27,enter,natural_gas,1.0,0.7482347749338039,RRC|CTRA|AR
2022-05-27,enter,lithium_battery_materials,2.0,0.7442630185348632,SGML|SQM|ALB
2022-05-27,enter,semicap_equipment,3.0,0.7352162400706089,ONTO|AMAT|LRCX
2022-05-31,exit,natural_gas,28.0,0.6255516328331863,RRC|CTRA|AR
2022-05-31,exit,lithium_battery_materials,42.0,0.557369814651368,SGML|SQM|ALB
2022-05-31,exit,semicap_equipment,66.0,0.46138570167696374,ONTO|AMAT|LRCX
2022-05-31,enter,china_internet,1.0,0.823477493380406,YMM|PDD|BIDU
2022-05-31,enter,retail,2.0,0.7742718446601943,PDD|KR|DLTR
2022-05-31,enter,apparel_beauty_lifestyle,3.0,0.7493380406001766,ELF|CPRI|NKE
2022-06-01,exit,retail,28.0,0.6184907325684026,PDD|KR|DLTR
2022-06-01,exit,apparel_beauty_lifestyle,18.0,0.6632833186231243,ELF|CPRI|NKE
2022-06-01,enter,natural_gas,2.0,0.7667696381288615,RRC|EQT|AR
2022-06-01,enter,oil_services,3.0,0.753530450132392,BORR|NBR|AROC
2022-06-02,exit,natural_gas,94.0,0.16946160635481025,RRC|EQT|AR
2022-06-02,exit,oil_services,80.0,0.32921447484554284,BORR|NBR|AROC
2022-06-02,enter,consumer_internet_marketplaces,2.0,0.7855251544571934,PDD|BEKE|BILI
2022-06-02,enter,drones_autonomy,3.0,0.7797881729920565,ACHR|AMBA|JOBY
2022-06-03,exit,china_internet,27.0,0.6125330979699912,YMM|PDD|BIDU
2022-06-03,exit,consumer_internet_marketplaces,22.0,0.6513680494263019,PDD|BEKE|BILI
2022-06-03,exit,drones_autonomy,38.0,0.5644307149161518,ACHR|AMBA|JOBY
2022-06-03,enter,fintech_payments,1.0,0.7903795233892322,NU|STNE|PAGS
2022-06-03,enter,datacenter_infra,2.0,0.7793468667255075,WCC|PWR|GNRC
2022-06-03,enter,biotech_innovation,3.0,0.7550750220653132,DFTX|RXRX|CRSP
2022-06-06,exit,fintech_payments,68.0,0.39452780229479256,NU|STNE|PAGS
2022-06-06,exit,datacenter_infra,12.0,0.7096204766107678,WCC|PWR|GNRC
2022-06-06,exit,biotech_innovation,66.0,0.4011473962930273,DFTX|RXRX|CRSP
2022-06-06,enter,china_internet,1.0,0.9602824360105915,FUTU|YMM|LI
2022-06-06,enter,renewables_storage,2.0,0.8751103265666371,ARRY|SHLS|ENPH
2022-06-06,enter,consumer_internet_marketplaces,3.0,0.825684024713151,PDD|BEKE|BILI
2022-06-07,exit,renewables_storage,29.0,0.5922979076891127,ARRY|SHLS|ENPH
2022-06-07,exit,consumer_internet_marketplaces,30.0,0.5912595400031151,PDD|BEKE|BILI
2022-06-07,enter,oil_gas,2.0,0.7875759306370387,APA|COP|XOM
2022-06-07,enter,datacenter_infra,3.0,0.7852915217278439,WCC|HUBB|GNRC
2022-06-08,exit,china_internet,2.0,0.8133274492497793,FUTU|YMM|LI
2022-06-08,exit,oil_gas,25.0,0.62180052956752,APA|COP|XOM
2022-06-08,exit,datacenter_infra,28.0,0.6076787290379523,WCC|HUBB|GNRC
2022-06-08,enter,gaming_sports_betting,1.0,0.8146513680494263,BILI|TCEHY|NTES
2022-06-08,enter,china_internet,2.0,0.8133274492497793,PDD|BABA|BILI
2022-06-08,enter,biotech,3.0,0.808252427184466,CRSP|NTLA|ALNY
2022-06-09,exit,gaming_sports_betting,64.0,0.42850838481906445,BILI|TCEHY|NTES
2022-06-09,exit,china_internet,11.0,0.7071932921447484,PDD|BABA|BILI
2022-06-09,exit,biotech,20.0,0.6734333627537512,CRSP|NTLA|ALNY
2022-06-09,enter,datacenter_infra,1.0,0.8126654898499559,HUBB|FLR|FLS
2022-06-09,enter,power_grid_electrification,2.0,0.7530891438658429,HUBB|FLR|FLS
2022-06-09,enter,energy,3.0,0.7524271844660195,SMR|XOM|SLB
2022-06-10,exit,datacenter_infra,34.0,0.5615622241835834,HUBB|FLR|FLS
2022-06-10,exit,power_grid_electrification,11.0,0.7173433362753752,HUBB|FLR|FLS
2022-06-10,enter,gold_silver_miners,1.0,0.8534863195057371,FSM|SVM|EXK
2022-06-10,enter,china_internet,2.0,0.8477493380406002,BABA|PDD|YMM
2022-06-10,enter,silver,3.0,0.810017652250662,FNV|SVM|AG
2022-06-13,exit,energy,2.0,0.7528684907325683,SMR|XOM|SLB
2022-06-13,exit,gold_silver_miners,16.0,0.6575463371579877,FSM|SVM|EXK
2022-06-13,exit,china_internet,30.0,0.6008384819064431,BABA|PDD|YMM
2022-06-13,exit,silver,25.0,0.6268755516328332,FNV|SVM|AG
2022-06-13,enter,oil_exploration,1.0,0.7674315975286851,USO|COP|EOG
2022-06-13,enter,energy,2.0,0.7528684907325683,SMR|BP|COP
2022-06-13,enter,restaurants,3.0,0.7319064430714916,DPZ|MCD|YUM
2022-06-14,exit,oil_exploration,7.0,0.7038834951456312,USO|COP|EOG
2022-06-14,exit,energy,10.0,0.6932921447484555,SMR|BP|COP
2022-06-14,exit,restaurants,42.0,0.5483230361871138,DPZ|MCD|YUM
2022-06-14,enter,china_internet,1.0,0.85216240070609,LI|PDD|BEKE
2022-06-14,enter,robotics,2.0,0.7519858781994706,SYM|TSLA|CAT
2022-06-14,enter,agriculture_food_inputs,3.0,0.740070609002648,CF|CALM|NTR
2022-06-15,exit,china_internet,40.0,0.5681818181818182,LI|PDD|BEKE
2022-06-15,exit,robotics,71.0,0.3967343336275375,SYM|TSLA|CAT
2022-06-15,exit,agriculture_food_inputs,48.0,0.5284642541924094,CF|CALM|NTR
2022-06-15,enter,datacenter_reits_towers,1.0,0.7541924095322156,DLR|COR|EQIX
2022-06-15,enter,electronics_components,2.0,0.7151368049426302,ROG|JBL|SANM
2022-06-15,enter,medtech,3.0,0.7085172109443955,JNJ|DXCM|TMO
2022-06-16,exit,datacenter_reits_towers,36.0,0.5319947043248014,DLR|COR|EQIX
2022-06-16,exit,electronics_components,20.0,0.6206972639011474,ROG|JBL|SANM
2022-06-16,exit,medtech,9.0,0.7431597528684908,JNJ|DXCM|TMO
2022-06-16,enter,gold,1.0,0.8508384819064431,AEM|GLD|NEM
2022-06-16,enter,gold_silver_miners,2.0,0.8455428067078552,HMY|AEM|SVM
2022-06-16,enter,healthcare,3.0,0.8113415710503088,HIMS|CVS|CNC
2022-06-17,exit,gold,87.0,0.293027360988526,AEM|GLD|NEM
2022-06-17,exit,gold_silver_miners,86.0,0.30008826125330984,HMY|AEM|SVM
2022-06-17,exit,healthcare,25.0,0.62180052956752,HIMS|CVS|CNC
2022-06-17,enter,biotech,1.0,0.7703000882612532,RXRX|CRSP|VRTX
2022-06-17,enter,biotech_innovation,2.0,0.7555163283318623,RXRX|CRSP|ROIV
2022-06-17,enter,china_internet,3.0,0.7413945278022948,LI|BEKE|YMM
2022-06-21,exit,biotech_innovation,12.0,0.6491615180935569,RXRX|CRSP|ROIV
2022-06-21,enter,additive_manufacturing,3.0,0.7290379523389231,NNDM|SSYS|VELO
2022-06-22,exit,china_internet,19.0,0.6683583406884377,LI|BEKE|YMM
2022-06-22,exit,additive_manufacturing,38.0,0.5602383053839366,NNDM|SSYS|VELO
2022-06-22,enter,datacenter_reits_towers,2.0,0.7930273609885262,AMT|CCI|DLR
2022-06-22,enter,pharma_largecap,3.0,0.7886142983230362,ABBV|VRTX|AZN
2022-06-23,exit,datacenter_reits_towers,27.0,0.6213592233009708,AMT|CCI|DLR
2022-06-23,enter,diagnostics_tools,2.0,0.8040600176522505,WGS|TXG|GH
2022-06-24,exit,biotech,16.0,0.6690203000882612,RXRX|CRSP|VRTX
2022-06-24,exit,pharma_largecap,27.0,0.6184907325684024,ABBV|VRTX|AZN
2022-06-24,exit,diagnostics_tools,19.0,0.6597528684907324,WGS|TXG|GH
2022-06-24,enter,fintech_payments,1.0,0.807811120917917,FLYW|AFRM|BILL
2022-06-24,enter,cybersecurity,2.0,0.7786849073256841,OKTA|S|NET
2022-06-24,enter,fintech,3.0,0.7698587819947044,AFRM|FUTU|HOOD
2022-06-27,exit,fintech_payments,8.0,0.6743159752868491,FLYW|AFRM|BILL
2022-06-27,exit,cybersecurity,17.0,0.6341571050308914,OKTA|S|NET
2022-06-27,exit,fintech,5.0,0.696601941747573,AFRM|FUTU|HOOD
2022-06-27,enter,china_internet,1.0,0.7550750220653132,FUTU|XPEV|LI
2022-06-27,enter,healthcare,2.0,0.7524271844660195,TDOC|VEEV|UNH
2022-06-27,enter,consumer_internet_marketplaces,3.0,0.7076345984112975,GLBE|SHOP|CHWY
2022-06-28,exit,consumer_internet_marketplaces,18.0,0.6471756398940866,GLBE|SHOP|CHWY
2022-06-28,enter,asset_managers,2.0,0.7866284201235658,TROW|MS|GS
2022-06-28,enter,utilities_yield,3.0,0.7581641659311563,XEL|WEC|CMS
2022-06-29,exit,china_internet,4.0,0.7722859664607238,FUTU|XPEV|LI
2022-06-29,exit,healthcare,5.0,0.7292586054721979,TDOC|VEEV|UNH
2022-06-29,exit,asset_managers,14.0,0.6996910856134158,TROW|MS|GS
2022-06-29,exit,utilities_yield,9.0,0.7093998234774933,XEL|WEC|CMS
2022-06-29,enter,vertical_software,1.0,0.796557811120918,TYL|VEEV|ADSK
2022-06-29,enter,medtech_devices,2.0,0.7833186231244482,TMDX|NVST|PODD
2022-06-29,enter,pharma_largecap,3.0,0.7725066195939982,AZN|ABBV|SNY
2022-06-30,exit,vertical_software,51.0,0.515666372462489,TYL|VEEV|ADSK
2022-06-30,exit,medtech_devices,35.0,0.574360105913504,TMDX|NVST|PODD
2022-06-30,enter,defense,1.0,0.8164165931156221,MRCY|NOC|LHX
2022-06-30,enter,power_grid_electrification,2.0,0.8161959399823477,EXC|WEC|PEG
2022-06-30,enter,utilities_yield,3.0,0.8036187113857017,EXC|WEC|CMS
2022-07-01,exit,pharma_largecap,16.0,0.661297440423654,AZN|ABBV|SNY
2022-07-01,exit,defense,11.0,0.7175639894086496,MRCY|NOC|LHX
2022-07-01,enter,homebuilders_housing,2.0,0.8056045895851721,BLDR|BLD|PHM
2022-07-01,enter,consumer_staples,3.0,0.7835392762577227,KO|CL|MCD
2022-07-05,exit,power_grid_electrification,60.0,0.4642541924095322,EXC|WEC|PEG
2022-07-05,exit,utilities_yield,50.0,0.49514563106796117,EXC|WEC|CMS
2022-07-05,exit,consumer_staples,16.0,0.64342453662842,KO|CL|MCD
2022-07-05,enter,restaurants_food,1.0,0.7683142100617829,WING|SHAK|CMG
2022-07-05,enter,biotech_innovation,3.0,0.7550750220653134,NTLA|TGTX|EDIT
2022-07-06,exit,homebuilders_housing,23.0,0.60216240070609,BLDR|BLD|PHM
2022-07-06,exit,restaurants_food,24.0,0.601721094439541,WING|SHAK|CMG
2022-07-06,enter,mega_cap_platforms,1.0,0.806045895851721,AMZN|COST|INTU
2022-07-06,enter,consumer_staples,2.0,0.7875110326566638,COST|DLTR|DG
2022-07-06,enter,biotech,3.0,0.7566195939982348,NTLA|CRSP|MRNA
2022-07-07,exit,biotech_innovation,27.0,0.5867166813768755,NTLA|TGTX|EDIT
2022-07-07,exit,mega_cap_platforms,21.0,0.6045895851721095,AMZN|COST|INTU
2022-07-07,exit,consumer_staples,71.0,0.43623124448367173,COST|DLTR|DG
2022-07-07,exit,biotech,35.0,0.5478817299205649,NTLA|CRSP|MRNA
2022-07-07,enter,renewables_storage,1.0,0.8265666372462489,EOSE|TE|PLUG
2022-07-07,enter,solar,2.0,0.7294792586054722,RUN|ENPH|ARRY
2022-07-07,enter,consumer_internet_marketplaces,3.0,0.7129302736098851,CPNG|ETSY|CHWY
2022-07-08,exit,consumer_internet_marketplaces,19.0,0.6515887025595763,CPNG|ETSY|CHWY
2022-07-08,enter,crypto_infrastructure,2.0,0.7797881729920564,MARA|RIOT|MSTR
2022-07-08,enter,biotech_innovation,3.0,0.7744924977934687,NVAX|CMPS|MRNA
2022-07-11,exit,renewables_storage,9.0,0.6818181818181818,EOSE|TE|PLUG
2022-07-11,exit,solar,61.0,0.4523389232127097,RUN|ENPH|ARRY
2022-07-11,exit,crypto_infrastructure,17.0,0.6553398058252426,MARA|RIOT|MSTR
2022-07-11,enter,diagnostics_tools,1.0,0.8190644307149161,EXAS|GH|WGS
2022-07-11,enter,quantum_computing,2.0,0.7583848190644308,QUBT|GFS|RGTI
2022-07-11,enter,retail_consumer,3.0,0.7308031774051191,OLLI|CHWY|FIVE
2022-07-12,exit,diagnostics_tools,57.0,0.4757281553398059,EXAS|GH|WGS
2022-07-12,exit,quantum_computing,31.0,0.6043689320388349,QUBT|GFS|RGTI
2022-07-12,exit,retail_consumer,17.0,0.6771844660194174,OLLI|CHWY|FIVE
2022-07-12,enter,autos,1.0,0.7815533980582525,RIVN|LCID|F
2022-07-12,enter,semis_compute,2.0,0.7597087378640777,MU|MRVL|STM
2022-07-12,enter,transport_logistics,3.0,0.752647837599294,AAL|SAIA|DAL
2022-07-13,exit,biotech_innovation,13.0,0.7078552515445719,NVAX|CMPS|MRNA
2022-07-13,exit,autos,15.0,0.6864518976169461,RIVN|LCID|F
2022-07-13,exit,semis_compute,9.0,0.7305825242718447,MU|MRVL|STM
2022-07-13,exit,transport_logistics,53.0,0.5039717563989409,AAL|SAIA|DAL
2022-07-13,enter,additive_manufacturing,1.0,0.8069285083848191,VELO|SSYS|NNDM
2022-07-13,enter,gold_silver_miners,2.0,0.8022947925860549,EXK|HL|AG
2022-07-13,enter,renewables_storage,3.0,0.7888349514563106,ENVX|EOSE|LAR
2022-07-14,exit,additive_manufacturing,30.0,0.5911297440423655,VELO|SSYS|NNDM
2022-07-14,exit,gold_silver_miners,64.0,0.42586054721977057,EXK|HL|AG
2022-07-14,exit,renewables_storage,51.0,0.4854368932038835,ENVX|EOSE|LAR
2022-07-14,enter,semis,1.0,0.8614298323036187,QCOM|TSM|ON
2022-07-14,enter,semis_compute,2.0,0.8345101500441308,QCOM|TSM|EXTR
2022-07-14,enter,retail_consumer,3.0,0.7835392762577229,COST|TLRY|WMT
2022-07-15,exit,semis_compute,16.0,0.6999117387466902,QCOM|TSM|EXTR
2022-07-15,exit,retail_consumer,37.0,0.5703883495145631,COST|TLRY|WMT
2022-07-15,enter,semicap_equipment,2.0,0.8029567519858783,ONTO|AEHR|ICHR
2022-07-15,enter,pharma_largecap,3.0,0.7632391879964694,NVO|MRK|AZN
2022-07-18,exit,semis,14.0,0.6846866725507501,QCOM|TSM|ON
2022-07-18,exit,semicap_equipment,29.0,0.6156222418358339,ONTO|AEHR|ICHR
2022-07-18,exit,pharma_largecap,89.0,0.28398058252427183,NVO|MRK|AZN
2022-07-18,enter,airlines_travel,1.0,0.8638570167696381,CCL|LYFT|NCLH
2022-07-18,enter,lithium_battery_materials,2.0,0.7899382171226833,QS|ENVX|SQM
2022-07-18,enter,transport_logistics,3.0,0.7826566637246248,LYFT|UAL|UBER
2022-07-19,exit,airlines_travel,4.0,0.7537511032656663,CCL|LYFT|NCLH
2022-07-19,exit,lithium_battery_materials,61.0,0.4591791703442189,QS|ENVX|SQM
2022-07-19,exit,transport_logistics,39.0,0.5756840247131509,LYFT|UAL|UBER
2022-07-19,enter,semis_compute,1.0,0.7941306266548985,MRVL|ASML|NVDA
2022-07-19,enter,semicap_equipment,2.0,0.7780229479258606,AEHR|ACLS|ASML
2022-07-19,enter,semis,3.0,0.7731685789938217,MRVL|ON|AMD
2022-07-20,enter,airlines_travel,2.0,0.7729479258605472,CCL|LYFT|RCL
2022-07-20,enter,ai_infrastructure,3.0,0.7605913503971755,NVDA|AMD|MPWR
2022-07-21,exit,semis_compute,5.0,0.7308031774051192,MRVL|ASML|NVDA
2022-07-21,exit,semicap_equipment,1.0,0.7480141218005295,AEHR|ACLS|ASML
2022-07-21,exit,semis,19.0,0.6440864960282437,MRVL|ON|AMD
2022-07-21,exit,airlines_travel,49.0,0.5178729037952339,CCL|LYFT|RCL
2022-07-21,exit,ai_infrastructure,3.0,0.7385260370697264,NVDA|AMD|MPWR
2022-07-21,enter,semicap_equipment,1.0,0.7480141218005295,AEHR|ACLS|ONTO
2022-07-21,enter,mega_banks,2.0,0.7429390997352162,C|GS|WFC
2022-07-21,enter,ai_infrastructure,3.0,0.7385260370697264,SMCI|NVDA|MPWR
2022-07-22,exit,semicap_equipment,18.0,0.6354810238305385,AEHR|ACLS|ONTO
2022-07-22,exit,mega_banks,45.0,0.511253309796999,C|GS|WFC
2022-07-22,exit,ai_infrastructure,28.0,0.5825242718446602,SMCI|NVDA|MPWR
2022-07-22,enter,data_centers,1.0,0.7451456310679613,SMCI|VRT|DLR
2022-07-22,enter,fintech_payments,2.0,0.7424977934686673,AFRM|COIN|LC
2022-07-22,enter,crypto_infrastructure,3.0,0.7296999117387467,MARA|HUT|MSTR
2022-07-25,exit,data_centers,24.0,0.616504854368932,SMCI|VRT|DLR
2022-07-25,exit,fintech_payments,61.0,0.455648720211827,AFRM|COIN|LC
2022-07-25,exit,crypto_infrastructure,54.0,0.4757281553398059,MARA|HUT|MSTR
2022-07-25,enter,oil_gas,1.0,0.8033980582524273,RRC|AR|LNG
2022-07-25,enter,energy,2.0,0.7897175639894087,SMR|EQT|LNG
2022-07-25,enter,agriculture_food_inputs,3.0,0.7866284201235659,MOS|CALM|DE
2022-07-26,exit,oil_gas,12.0,0.738746690203001,RRC|AR|LNG
2022-07-26,exit,energy,21.0,0.6672550750220654,SMR|EQT|LNG
2022-07-26,exit,agriculture_food_inputs,11.0,0.7436010591350398,MOS|CALM|DE
2022-07-26,enter,medtech_devices,1.0,0.822594880847308,TMDX|SYK|ATEC
2022-07-26,enter,datacenter_infra,2.0,0.794351279788173,HUBB|XYL|ETN
2022-07-26,enter,medtech,3.0,0.7912621359223302,SYK|DXCM|TMO
2022-07-27,exit,medtech,11.0,0.6840247131509267,SYK|DXCM|TMO
2022-07-27,enter,electronics_components,3.0,0.7524271844660195,APH|PLXS|TEL
2022-07-28,exit,medtech_devices,28.0,0.6138570167696382,TMDX|SYK|ATEC
2022-07-28,exit,datacenter_infra,5.0,0.7981023830538392,HUBB|XYL|ETN
2022-07-28,exit,electronics_components,9.0,0.775154457193292,APH|PLXS|TEL
2022-07-28,enter,solar,1.0,0.8470873786407767,RUN|ARRY|FSLR
2022-07-28,enter,power_grid_electrification,2.0,0.8250220653133276,CEG|PWR|BE
2022-07-28,enter,vertical_software,3.0,0.8170785525154457,PTC|CDNS|TYL
2022-07-29,exit,vertical_software,33.0,0.6107678729037952,PTC|CDNS|TYL
2022-07-29,enter,energy,1.0,0.865180935569285,FSLR|SEDG|ENPH
2022-07-29,enter,oil_gas,2.0,0.8534863195057372,YPF|LBRT|CVX
2022-07-29,enter,industrial_automation,3.0,0.8358340688437776,ROK|APH|FTV
2022-08-01,exit,solar,12.0,0.6595322153574582,RUN|ARRY|FSLR
2022-08-01,exit,power_grid_electrification,4.0,0.7513239187996471,CEG|PWR|BE
2022-08-01,exit,energy,51.0,0.5189761694616063,FSLR|SEDG|ENPH
2022-08-01,exit,oil_gas,77.0,0.3883495145631068,YPF|LBRT|CVX
2022-08-01,exit,industrial_automation,20.0,0.6244483671668137,ROK|APH|FTV
2022-08-01,enter,networking_optical,1.0,0.7969991173874669,CRDO|ANET|EXTR
2022-08-01,enter,autos,2.0,0.7650044130626655,F|TSLA|ON
2022-08-01,enter,utilities_yield,3.0,0.7590467784642542,BE|CEG|ETN
2022-08-02,exit,networking_optical,13.0,0.6966019417475727,CRDO|ANET|EXTR
2022-08-02,exit,autos,24.0,0.6248896734333627,F|TSLA|ON
2022-08-02,exit,utilities_yield,38.0,0.5825242718446602,BE|CEG|ETN
2022-08-02,enter,solar,1.0,0.8124448367166814,ARRY|RUN|ENPH
2022-08-02,enter,renewables_storage,2.0,0.8040600176522507,STEM|FLNC|ARRY
2022-08-02,enter,oil_services,3.0,0.7846425419240953,RIG|FTI|BORR
2022-08-03,exit,solar,40.0,0.5655339805825242,ARRY|RUN|ENPH
2022-08-03,exit,renewables_storage,33.0,0.5984112974404235,STEM|FLNC|ARRY
2022-08-03,exit,oil_services,79.0,0.32568402471315094,RIG|FTI|BORR
2022-08-03,enter,fintech_payments,1.0,0.8353927625772286,SOFI|COIN|XYZ
2022-08-03,enter,fintech,2.0,0.8139894086496028,SOFI|COIN|AFRM
2022-08-03,enter,restaurants_food,3.0,0.7541924095322153,SG|BROS|WING
2022-08-04,exit,fintech_payments,5.0,0.7294792586054722,SOFI|COIN|XYZ
2022-08-04,exit,fintech,8.0,0.7138128861429831,SOFI|COIN|AFRM
2022-08-04,exit,restaurants_food,54.0,0.5158870255957635,SG|BROS|WING
2022-08-04,enter,semicap_equipment,1.0,0.7930273609885261,ACLS|AEHR|AMKR
2022-08-04,enter,consumer_internet_marketplaces,2.0,0.792586054721977,MELI|UBER|DASH
2022-08-04,enter,renewables_storage,3.0,0.7608120035304501,FLNC|STEM|TE
2022-08-05,exit,semicap_equipment,49.0,0.502206531332745,ACLS|AEHR|AMKR
2022-08-05,exit,consumer_internet_marketplaces,20.0,0.6562224183583407,MELI|UBER|DASH
2022-08-05,enter,cloud,1.0,0.7811120917917034,NET|MDB|SNOW
2022-08-05,enter,managed_care_insurance,2.0,0.7755957634598412,ALHC|CLOV|OSCR
2022-08-05,enter,dev_tools,3.0,0.7539717563989408,TEAM|GTLB|MDB
2022-08-08,exit,renewables_storage,10.0,0.7140335392762578,FLNC|STEM|TE
2022-08-08,exit,managed_care_insurance,12.0,0.6862312444836717,ALHC|CLOV|OSCR
2022-08-08,exit,dev_tools,26.0,0.6123124448367165,TEAM|GTLB|MDB
2022-08-08,enter,fintech_payments,1.0,0.8250220653133274,COIN|UPST|PAGS
2022-08-08,enter,workflow_software,3.0,0.7906001765225066,TEAM|HUBS|DOCU
2022-08-09,exit,cloud,40.0,0.5644307149161518,NET|MDB|SNOW
2022-08-09,exit,fintech_payments,1.0,0.7720653133274492,COIN|UPST|PAGS
2022-08-09,exit,workflow_software,41.0,0.5611209179170343,TEAM|HUBS|DOCU
2022-08-09,enter,fintech_payments,1.0,0.7720653133274492,PAGS|COIN|UPST
2022-08-09,enter,managed_care_insurance,2.0,0.7524271844660195,OSCR|ALHC|CI
2022-08-09,enter,managed_care,3.0,0.7475728155339805,OSCR|ALHC|CVS
2022-08-10,exit,fintech_payments,3.0,0.7515445719329216,PAGS|COIN|UPST
2022-08-10,exit,managed_care_insurance,78.0,0.3903353927625772,OSCR|ALHC|CI
2022-08-10,exit,managed_care,81.0,0.3848190644307149,OSCR|ALHC|CVS
2022-08-10,enter,biotech_innovation,1.0,0.7669902912621358,ABCL|PACB|SGMO
2022-08-10,enter,lithium_battery_materials,2.0,0.7544130626654898,SGML|ENVX|LAR
2022-08-10,enter,fintech_payments,3.0,0.7515445719329216,PAGS|BILL|FLYW
2022-08-11,exit,biotech_innovation,50.0,0.5307227039094543,ABCL|PACB|SGMO
2022-08-11,exit,lithium_battery_materials,18.0,0.6750687918591973,SGML|ENVX|LAR
2022-08-11,exit,fintech_payments,73.0,0.3675042832667047,PAGS|BILL|FLYW
2022-08-11,enter,oil_gas,1.0,0.8249831265251025,CRGY|DVN|FANG
2022-08-11,enter,natural_gas,2.0,0.7954415658584706,RRC|LNG|AR
2022-08-11,enter,oil_exploration,3.0,0.79134001349878,DVN|OXY|FANG
2022-08-12,exit,oil_gas,32.0,0.5840688437775815,CRGY|DVN|FANG
2022-08-12,exit,natural_gas,65.0,0.4368932038834951,RRC|LNG|AR
2022-08-12,exit,oil_exploration,54.0,0.4907325684024713,DVN|OXY|FANG
2022-08-12,enter,renewables_storage,1.0,0.8320829655781112,ENVX|LAR|ARRY
2022-08-12,enter,lithium_battery_materials,2.0,0.8056045895851721,ENVX|ALB|SGML
2022-08-12,enter,utilities_yield,3.0,0.7504413062665489,BE|FCEL|AEP
2022-08-15,exit,renewables_storage,7.0,0.7338923212709622,ENVX|LAR|ARRY
2022-08-15,exit,lithium_battery_materials,9.0,0.7177846425419241,ENVX|ALB|SGML
2022-08-15,enter,defense,2.0,0.8084730803177405,AXON|RKLB|GD
2022-08-15,enter,defense_aerospace,3.0,0.7985436893203883,ASTS|AVAV|AXON
2022-08-16,exit,utilities_yield,55.0,0.4991173874669021,BE|FCEL|AEP
2022-08-16,exit,defense,17.0,0.6650485436893204,AXON|RKLB|GD
2022-08-16,enter,apparel_beauty_lifestyle,1.0,0.8371579876434244,WRBY|AEO|TPR
2022-08-16,enter,additive_manufacturing,2.0,0.8195057369814651,VELO|DDD|NNDM
2022-08-17,exit,defense_aerospace,9.0,0.7444836716681378,ASTS|AVAV|AXON
2022-08-17,exit,additive_manufacturing,95.0,0.19417475728155337,VELO|DDD|NNDM
2022-08-17,enter,retail_consumer,2.0,0.7936893203883495,LOW|WMT|M
2022-08-17,enter,oil_gas,3.0,0.7923654015887025,YPF|CRGY|LNG
2022-08-18,exit,apparel_beauty_lifestyle,17.0,0.6842453662842012,WRBY|AEO|TPR
2022-08-18,exit,retail_consumer,31.0,0.6078993821712269,LOW|WMT|M
2022-08-18,enter,memory_storage,1.0,0.8217122683142102,RMBS|PSTG|MRAM
2022-08-18,enter,semis_compute,2.0,0.8197263901147397,ON|SMCI|NVTS
2022-08-18,enter,memory,3.0,0.7910414827890556,RMBS|MRAM|LRCX
2022-08-19,exit,oil_gas,14.0,0.6996910856134156,YPF|CRGY|LNG
2022-08-19,exit,memory_storage,81.0,0.3300970873786408,RMBS|PSTG|MRAM
2022-08-19,exit,semis_compute,58.0,0.4717563989408649,ON|SMCI|NVTS
2022-08-19,exit,memory,85.0,0.279567519858782,RMBS|MRAM|LRCX
2022-08-19,enter,utilities_yield,1.0,0.7844218887908209,AES|PEG|SO
2022-08-19,enter,pharma_largecap,2.0,0.7789055604589585,LLY|JNJ|AMGN
2022-08-19,enter,pharma,3.0,0.7775816416593117,JNJ|AMGN|MRK
2022-08-22,exit,utilities_yield,35.0,0.5717122683142101,AES|PEG|SO
2022-08-22,exit,pharma,16.0,0.6738746690203001,JNJ|AMGN|MRK
2022-08-22,enter,natural_gas,1.0,0.8007502206531333,AR|EQT|RRC
2022-08-22,enter,energy,2.0,0.7700794351279788,APA|EQT|OXY
2022-08-22,enter,oil_gas,3.0,0.7632391879964695,EQNR|AR|OXY
2022-08-23,exit,pharma_largecap,33.0,0.5792144748455429,LLY|JNJ|AMGN
2022-08-23,enter,agriculture_food_inputs,3.0,0.8415710503089145,CF|NTR|DE
2022-08-24,exit,energy,7.0,0.7775816416593118,APA|EQT|OXY
2022-08-24,exit,agriculture_food_inputs,10.0,0.7530891438658429,CF|NTR|DE
2022-08-24,enter,oil_exploration,2.0,0.8267872903795234,OXY|APA|DVN
2022-08-25,exit,natural_gas,67.0,0.452585535538134,AR|EQT|RRC
2022-08-25,exit,oil_gas,13.0,0.6632314002388245,EQNR|AR|OXY
2022-08-25,exit,oil_exploration,21.0,0.5990472976480972,OXY|APA|DVN
2022-08-25,enter,china_internet,1.0,0.830473495664815,PDD|BILI|JD
2022-08-25,enter,industrial_automation,2.0,0.7455609781423602,DE|ATI|CNH
2022-08-25,enter,agriculture_food_inputs,3.0,0.7447562431857121,CF|NTR|MOS
2022-08-26,exit,industrial_automation,56.0,0.4437334510150044,DE|ATI|CNH
2022-08-26,exit,agriculture_food_inputs,7.0,0.7283759929390997,CF|NTR|MOS
2022-08-26,enter,copper,2.0,0.7822153574580759,HBM|TECK|SCCO
2022-08-26,enter,copper_metals,3.0,0.7603706972639012,AA|TECK|HBM
2022-08-29,exit,china_internet,19.0,0.6372462488967343,PDD|BILI|JD
2022-08-29,exit,copper,37.0,0.5578111209179171,HBM|TECK|SCCO
2022-08-29,enter,oil_gas,1.0,0.843998234774934,YPF|LBRT|APA
2022-08-29,enter,nuclear,2.0,0.8360547219770521,LEU|CCJ|UEC
2022-08-29,enter,nuclear_uranium,3.0,0.8351721094439543,LEU|UUUU|CCJ
2022-08-30,exit,copper_metals,55.0,0.4803618711385701,AA|TECK|HBM
2022-08-30,exit,oil_gas,36.0,0.5597969991173875,YPF|LBRT|APA
2022-08-30,enter,uranium,1.0,0.8724624889673435,DNN|UUUU|CCJ
2022-08-30,enter,renewables_storage,3.0,0.852603706972639,TE|FSLR|PLUG
2022-08-31,exit,nuclear,7.0,0.748234774933804,LEU|CCJ|UEC
2022-08-31,exit,nuclear_uranium,4.0,0.7857458075904677,LEU|UUUU|CCJ
2022-08-31,exit,uranium,5.0,0.7846425419240953,DNN|UUUU|CCJ
2022-08-31,exit,renewables_storage,14.0,0.7164607237422771,TE|FSLR|PLUG
2022-08-31,enter,china_internet,1.0,0.8680494263018534,PDD|FUTU|YMM
2022-08-31,enter,consumer_internet,2.0,0.8395851721094438,PINS|BIDU|TME
2022-08-31,enter,datacenter_reits_towers,3.0,0.7998676081200353,DLR|COR|CCI
2022-09-01,exit,china_internet,37.0,0.5931156222418358,PDD|FUTU|YMM
2022-09-01,exit,consumer_internet,34.0,0.601279788172992,PINS|BIDU|TME
2022-09-01,exit,datacenter_reits_towers,20.0,0.6529126213592232,DLR|COR|CCI
2022-09-01,enter,consumer_staples,1.0,0.8064872021182701,CL|DG|KR
2022-09-01,enter,utilities_yield,2.0,0.7879523389232128,PCG|CEG|AEP
2022-09-01,enter,insurance,3.0,0.7696381288614299,PGR|CB|MET
2022-09-02,exit,consumer_staples,31.0,0.5734774933804061,CL|DG|KR
2022-09-02,enter,nuclear,1.0,0.7592674315975286,DNN|LEU|CCJ
2022-09-02,enter,banks_brokers_exchanges,2.0,0.7566195939982348,DB|BCS|MS
2022-09-06,exit,insurance,21.0,0.6637246248896734,PGR|CB|MET
2022-09-06,exit,nuclear,31.0,0.6253309796999118,DNN|LEU|CCJ
2022-09-06,enter,real_estate_reits,1.0,0.820829655781112,OUT|DEI|PSA
2022-09-06,enter,power_grid_electrification,3.0,0.8053839364518975,AES|TT|NEE
2022-09-07,exit,banks_brokers_exchanges,17.0,0.6812600591869581,DB|BCS|MS
2022-09-07,exit,real_estate_reits,13.0,0.7203675821608432,OUT|DEI|PSA
2022-09-07,enter,medtech_devices,2.0,0.8147032864337264,IRTC|TMDX|COO
2022-09-08,exit,utilities_yield,21.0,0.6394527802294793,PCG|CEG|AEP
2022-09-08,exit,power_grid_electrification,12.0,0.7116063548102383,AES|TT|NEE
2022-09-08,enter,medtech,1.0,0.8726831421006179,SYK|DXCM|BSX
2022-09-08,enter,insurance,2.0,0.8556928508384819,PGR|ALL|MET
2022-09-09,exit,medtech_devices,25.0,0.6142983230361871,IRTC|TMDX|COO
2022-09-09,exit,medtech,23.0,0.6290820829655781,SYK|DXCM|BSX
2022-09-09,exit,insurance,81.0,0.324360105913504,PGR|ALL|MET
2022-09-09,enter,airlines_travel,1.0,0.7588261253309797,LYFT|RCL|NCLH
2022-09-09,enter,cloud,2.0,0.7153574580759047,ZS|MDB|NET
2022-09-09,enter,transport_logistics,3.0,0.7138128861429833,LYFT|UBER|JBLU
2022-09-12,exit,cloud,17.0,0.6763018534863194,ZS|MDB|NET
2022-09-12,exit,transport_logistics,14.0,0.6897616946160635,LYFT|UBER|JBLU
2022-09-12,enter,fintech_payments,1.0,0.7698587819947044,HOOD|TOST|COIN
2022-09-12,enter,consumer_internet_marketplaces,3.0,0.7316857899382171,CVNA|ACVA|MELI
2022-09-13,exit,airlines_travel,13.0,0.6650485436893204,LYFT|RCL|NCLH
2022-09-13,exit,fintech_payments,16.0,0.645631067961165,HOOD|TOST|COIN
2022-09-13,exit,consumer_internet_marketplaces,9.0,0.6840247131509267,CVNA|ACVA|MELI
2022-09-13,enter,copper_metals,1.0,0.7365401588702559,CENX|TGB|VALE
2022-09-13,enter,lithium_battery_materials,2.0,0.7299205648720213,SGML|ENVX|ALB
2022-09-13,enter,renewables_storage,3.0,0.7259488084730802,EOSE|STEM|QS
2022-09-14,exit,copper_metals,64.0,0.4368932038834952,CENX|TGB|VALE
2022-09-14,exit,renewables_storage,9.0,0.7197705207413945,EOSE|STEM|QS
2022-09-14,enter,natural_gas,1.0,0.8067078552515445,LNG|CTRA|EQT
2022-09-14,enter,oil_services,2.0,0.8009708737864077,BORR|FTI|NBR
2022-09-14,enter,oil_gas,3.0,0.7879523389232128,LNG|COP|AR
2022-09-15,exit,natural_gas,41.0,0.5639894086496028,LNG|CTRA|EQT
2022-09-15,exit,oil_services,28.0,0.6253309796999118,BORR|FTI|NBR
2022-09-15,exit,oil_gas,35.0,0.6045895851721095,LNG|COP|AR
2022-09-15,enter,airlines_travel,1.0,0.8473080317740513,RCL|UBER|NCLH
2022-09-15,enter,fintech_payments,2.0,0.7947925860547219,HOOD|NU|MQ
2022-09-15,enter,renewables_storage,3.0,0.7883936451897616,TE|ENVX|EOSE
2022-09-16,exit,lithium_battery_materials,31.0,0.5882612533097971,SGML|ENVX|ALB
2022-09-16,exit,airlines_travel,53.0,0.5123565754633715,RCL|UBER|NCLH
2022-09-16,exit,fintech_payments,82.0,0.30450132391879975,HOOD|NU|MQ
2022-09-16,exit,renewables_storage,32.0,0.5873786407766991,TE|ENVX|EOSE
2022-09-16,enter,biotech,1.0,0.8307590467784641,NTLA|CRSP|ABBV
2022-09-16,enter,pharma_largecap,2.0,0.7868490732568404,ABBV|JNJ|MRK
2022-09-16,enter,autos,3.0,0.7643424536628419,LCID|RIVN|TSLA
2022-09-19,exit,biotech,54.0,0.5037511032656664,NTLA|CRSP|ABBV
2022-09-19,exit,pharma_largecap,37.0,0.5900264783759929,ABBV|JNJ|MRK
2022-09-19,exit,autos,25.0,0.6579876434245366,LCID|RIVN|TSLA
2022-09-19,enter,regional_banks,1.0,0.7808914386584289,HBAN|PNC|USB
2022-09-19,enter,insurance,2.0,0.7795675198587819,ALL|TRV|PGR
2022-09-19,enter,utilities_yield,3.0,0.7764783759929391,CEG|PCG|VST
2022-09-20,exit,regional_banks,21.0,0.6421006178287731,HBAN|PNC|USB
2022-09-20,exit,insurance,20.0,0.6496028243601059,ALL|TRV|PGR
2022-09-20,exit,utilities_yield,28.0,0.6103265666372463,CEG|PCG|VST
2022-09-20,enter,airlines_travel,1.0,0.8364960282436009,NCLH|AAL|RCL
2022-09-20,enter,defense_aerospace,2.0,0.8018534863195057,NOC|LMT|LDOS
2022-09-20,enter,biotech,3.0,0.781774051191527,CRSP|ABBV|VRTX
2022-09-21,exit,airlines_travel,67.0,0.4181376875551633,NCLH|AAL|RCL
2022-09-21,exit,biotech,65.0,0.4218887908208297,CRSP|ABBV|VRTX
2022-09-21,enter,retail_consumer,1.0,0.7850838481906443,WMT|OLLI|ELF
2022-09-21,enter,defense,3.0,0.7705207413945278,NOC|LMT|GD
2022-09-22,exit,defense_aerospace,5.0,0.7709620476610769,NOC|LMT|LDOS
2022-09-22,exit,retail_consumer,23.0,0.6176081200353045,WMT|OLLI|ELF
2022-09-22,enter,pharma_largecap,1.0,0.8318623124448368,MRK|LLY|ABBV
2022-09-22,enter,pharma,3.0,0.8124448367166814,MRK|ABBV|JNJ
2022-09-23,exit,defense,6.0,0.7069726390114741,NOC|LMT|GD
2022-09-23,enter,homebuilders_housing,1.0,0.8197263901147396,LEN|DHI|MTH
2022-09-26,exit,pharma_largecap,6.0,0.7003530450132391,MRK|LLY|ABBV
2022-09-26,exit,pharma,13.0,0.6526919682259488,MRK|ABBV|JNJ
2022-09-26,exit,homebuilders_housing,34.0,0.5637687555163283,LEN|DHI|MTH
2022-09-26,enter,consumer_staples,1.0,0.8137687555163283,PEP|PG|WMT
2022-09-26,enter,retail,2.0,0.7758164165931157,WMT|DG|DLTR
2022-09-26,enter,china_internet,3.0,0.7714033539276255,TCOM|LI|YMM
2022-09-27,exit,consumer_staples,28.0,0.587819947043248,PEP|PG|WMT
2022-09-27,exit,retail,61.0,0.45542806707855255,WMT|DG|DLTR
2022-09-27,exit,china_internet,53.0,0.4746248896734334,TCOM|LI|YMM
2022-09-27,enter,pharma_largecap,1.0,0.7621359223300971,BMY|LLY|JNJ
2022-09-27,enter,crypto_infrastructure,2.0,0.730803177405119,RIOT|BTDR|MSTR
2022-09-27,enter,electronics_components,3.0,0.7299205648720212,JBL|ROG|MTSI
2022-09-28,exit,crypto_infrastructure,53.0,0.4834510150044131,RIOT|BTDR|MSTR
2022-09-28,exit,electronics_components,21.0,0.6140776699029126,JBL|ROG|MTSI
2022-09-28,enter,pharma,1.0,0.7802294792586055,BMY|ABBV|AMGN
2022-09-28,enter,obesity_glp1_health,3.0,0.7436010591350397,LLY|SG|HIMS
2022-09-29,exit,pharma,11.0,0.6961606354810238,BMY|ABBV|AMGN
2022-09-29,enter,medtech_devices,2.0,0.7625772285966461,ATEC|HOLX|TNDM
2022-09-30,exit,pharma_largecap,14.0,0.6842453662842012,BMY|LLY|JNJ
2022-09-30,exit,obesity_glp1_health,21.0,0.6301853486319505,LLY|SG|HIMS
2022-09-30,exit,medtech_devices,25.0,0.6134157105030891,ATEC|HOLX|TNDM
2022-09-30,enter,gold_silver_miners,1.0,0.8203883495145632,CDE|KGC|FSM
2022-09-30,enter,quantum_computing,2.0,0.8128861429832305,IONQ|QBTS|QUBT
2022-09-30,enter,gold,3.0,0.792586054721977,AEM|GOLD|WPM
2022-10-03,exit,quantum_computing,72.0,0.41902030008826124,IONQ|QBTS|QUBT
2022-10-03,enter,oil_gas,2.0,0.793909973521624,OVV|APA|MGY
2022-10-04,exit,gold_silver_miners,5.0,0.7164607237422773,CDE|KGC|FSM
2022-10-04,exit,gold,4.0,0.7177846425419241,AEM|GOLD|WPM
2022-10-04,exit,oil_gas,6.0,0.7122683142100618,OVV|APA|MGY
2022-10-04,enter,fintech_payments,1.0,0.746469549867608,STNE|PAGS|BILL
2022-10-04,enter,silver,2.0,0.7321270962047661,AG|HL|PAAS
2022-10-04,enter,diagnostics_tools,3.0,0.7184466019417475,GH|WGS|PACB
2022-10-05,exit,fintech_payments,16.0,0.689541041482789,STNE|PAGS|BILL
2022-10-05,exit,silver,23.0,0.6357016769638129,AG|HL|PAAS
2022-10-05,exit,diagnostics_tools,13.0,0.7127096204766107,GH|WGS|PACB
2022-10-05,enter,oil_gas,1.0,0.8336275375110326,YPF|APA|DVN
2022-10-05,enter,oil_exploration,2.0,0.8309796999117388,APA|DVN|FANG
2022-10-05,enter,energy,3.0,0.8045013239187997,SLB|HAL|DVN
2022-10-06,enter,oil_services,3.0,0.8954104148278906,RIG|HAL|PTEN
2022-10-07,exit,oil_gas,2.0,0.8424536628420123,YPF|APA|DVN
2022-10-07,exit,oil_exploration,4.0,0.8172992056487202,APA|DVN|FANG
2022-10-07,exit,oil_services,3.0,0.8217122683142101,RIG|HAL|PTEN
2022-10-07,enter,oil_gas,2.0,0.8424536628420123,APA|OVV|COP
2022-10-07,enter,oil_services,3.0,0.8217122683142101,HAL|RIG|NBR
2022-10-10,exit,energy,20.0,0.6661518093556927,SLB|HAL|DVN
2022-10-10,exit,oil_gas,24.0,0.6507060900264784,APA|OVV|COP
2022-10-10,exit,oil_services,35.0,0.5787731685789937,HAL|RIG|NBR
2022-10-10,enter,agriculture_food_inputs,1.0,0.8027360988526038,DAR|AGCO|DE
2022-10-10,enter,consumer_internet_marketplaces,2.0,0.7989849955869375,CHWY|ETSY|CPNG
2022-10-10,enter,defense,3.0,0.7630185348631952,AXON|LHX|NOC
2022-10-11,exit,agriculture_food_inputs,28.0,0.6337157987643424,DAR|AGCO|DE
2022-10-11,exit,consumer_internet_marketplaces,69.0,0.3865842894969108,CHWY|ETSY|CPNG
2022-10-11,exit,defense,9.0,0.7319064430714916,AXON|LHX|NOC
2022-10-11,enter,retail_consumer,1.0,0.7886142983230362,KR|ELF|AAP
2022-10-11,enter,restaurants_food,2.0,0.7780229479258605,TXRH|BLMN|SHAK
2022-10-11,enter,consumer_staples,3.0,0.7636804942630184,KR|MCD|WMT
2022-10-12,exit,retail_consumer,10.0,0.7303618711385702,KR|ELF|AAP
2022-10-12,enter,airlines_travel,2.0,0.8201676963812886,RCL|TRIP|AAL
2022-10-12,enter,agriculture_food_inputs,3.0,0.7806707855251545,FMC|DAR|CALM
2022-10-13,exit,restaurants_food,15.0,0.6999117387466901,TXRH|BLMN|SHAK
2022-10-13,exit,consumer_staples,11.0,0.7303618711385701,KR|MCD|WMT
2022-10-13,exit,airlines_travel,38.0,0.5725948808473079,RCL|TRIP|AAL
2022-10-13,enter,insurance,1.0,0.8336275375110326,ALL|TRV|CB
2022-10-13,enter,banks_brokers_exchanges,2.0,0.8219329214474843,DB|NWG|JPM
2022-10-13,enter,industrial_automation,3.0,0.8203883495145631,MMM|AGCO|TEX
2022-10-14,exit,agriculture_food_inputs,15.0,0.6915269196822595,FMC|DAR|CALM
2022-10-14,exit,insurance,23.0,0.6498234774933804,ALL|TRV|CB
2022-10-14,exit,industrial_automation,25.0,0.6423212709620476,MMM|AGCO|TEX
2022-10-14,enter,regional_banks,2.0,0.8084730803177407,USB|HBAN|FITB
2022-10-14,enter,pharma_largecap,3.0,0.8051632833186231,AMGN|MRK|GILD
2022-10-17,exit,banks_brokers_exchanges,14.0,0.6668137687555163,DB|NWG|JPM
2022-10-17,exit,regional_banks,26.0,0.6156222418358341,USB|HBAN|FITB
2022-10-17,exit,pharma_largecap,16.0,0.6639452780229479,AMGN|MRK|GILD
2022-10-17,enter,medtech_devices,1.0,0.7866284201235658,GMED|TNDM|SYK
2022-10-17,enter,restaurants_food,2.0,0.7594880847308031,TXRH|EAT|BLMN
2022-10-17,enter,pharma,3.0,0.7405119152691969,AMGN|MRK|PFE
2022-10-18,exit,medtech_devices,49.0,0.47440423654015884,GMED|TNDM|SYK
2022-10-18,exit,pharma,47.0,0.4854368932038835,AMGN|MRK|PFE
2022-10-18,enter,airlines_travel,1.0,0.8362753751103265,CCL|NCLH|RCL
2022-10-18,enter,mega_banks,2.0,0.8329655781112091,BAC|JPM|WFC
2022-10-18,enter,industrial_automation,3.0,0.7998676081200352,TEX|CNH|GE
2022-10-19,exit,restaurants_food,16.0,0.6857899382171228,TXRH|EAT|BLMN
2022-10-19,exit,mega_banks,21.0,0.6725507502206532,BAC|JPM|WFC
2022-10-19,exit,industrial_automation,6.0,0.7449249779346866,TEX|CNH|GE
2022-10-19,enter,oil_services,1.0,0.8051632833186231,LBRT|RIG|BKR
2022-10-19,enter,oil_gas,2.0,0.7793468667255075,LBRT|CVX|EOG
2022-10-19,enter,lithium_battery_materials,3.0,0.763459841129744,AMPX|SGML|LAR
2022-10-20,exit,airlines_travel,1.0,0.7707413945278021,CCL|NCLH|RCL
2022-10-20,exit,oil_gas,32.0,0.5893645189761694,LBRT|CVX|EOG
2022-10-20,exit,lithium_battery_materials,39.0,0.5686231244483673,AMPX|SGML|LAR
2022-10-20,enter,airlines_travel,1.0,0.7707413945278021,UAL|UBER|JBLU
2022-10-20,enter,data_centers,3.0,0.7650044130626656,VRT|SMCI|PSTG
2022-10-21,exit,oil_services,5.0,0.7263901147396293,LBRT|RIG|BKR
2022-10-21,exit,airlines_travel,15.0,0.677846425419241,UAL|UBER|JBLU
2022-10-21,enter,lithium_battery_materials,1.0,0.7559576345984114,AMPX|SGML|LAR
2022-10-21,enter,gold_silver_miners,3.0,0.7296999117387467,HL|IAG|AG
2022-10-24,exit,data_centers,29.0,0.6006178287731686,VRT|SMCI|PSTG
2022-10-24,exit,lithium_battery_materials,19.0,0.6394527802294793,AMPX|SGML|LAR
2022-10-24,exit,gold_silver_miners,50.0,0.5052956751985879,HL|IAG|AG
2022-10-24,enter,defense,1.0,0.8545895851721095,LMT|AXON|LHX
2022-10-24,enter,defense_aerospace,2.0,0.7727272727272727,HII|LMT|AXON
2022-10-24,enter,consumer_staples,3.0,0.7597087378640777,DLTR|WMT|COST
2022-10-25,exit,defense,22.0,0.6050308914386584,LMT|AXON|LHX
2022-10-25,exit,defense_aerospace,56.0,0.4838923212709621,HII|LMT|AXON
2022-10-25,exit,consumer_staples,18.0,0.6213592233009708,DLTR|WMT|COST
2022-10-25,enter,data_centers,1.0,0.7389673433362752,SMCI|VRT|CSCO
2022-10-25,enter,electronics_components,2.0,0.7257281553398058,CLS|MTSI|SANM
2022-10-25,enter,networking,3.0,0.7237422771403353,CIEN|HPE|MRVL
2022-10-26,exit,data_centers,25.0,0.6045895851721094,SMCI|VRT|CSCO
2022-10-26,exit,electronics_components,44.0,0.5489849955869373,CLS|MTSI|SANM
2022-10-26,exit,networking,57.0,0.48389232127096204,CIEN|HPE|MRVL
2022-10-26,enter,oil_services,1.0,0.8245807590467785,NBR|HP|HAL
2022-10-26,enter,copper_metals,2.0,0.7994263018534864,STLD|FCX|USAS
2022-10-26,enter,gold_silver_miners,3.0,0.7826566637246248,IAG|CDE|USAS
2022-10-27,exit,oil_services,9.0,0.7272727272727273,NBR|HP|HAL
2022-10-27,exit,copper_metals,43.0,0.5525154457193292,STLD|FCX|USAS
2022-10-27,exit,gold_silver_miners,48.0,0.5383936451897617,IAG|CDE|USAS
2022-10-27,enter,datacenter_infra,1.0,0.8645189761694615,VRT|JCI|CARR
2022-10-27,enter,asset_managers,2.0,0.7654457193292145,SCHW|BLK|BX
2022-10-27,enter,restaurants_food,3.0,0.7645631067961166,EAT|WING|SHAK
2022-10-28,exit,restaurants_food,15.0,0.6950573698146515,EAT|WING|SHAK
2022-10-28,enter,healthcare,2.0,0.7694174757281553,TDOC|HUM|LFST
2022-10-31,exit,datacenter_infra,15.0,0.6831421006178288,VRT|JCI|CARR
2022-10-31,exit,asset_managers,52.0,0.5562665489849956,SCHW|BLK|BX
2022-10-31,enter,natural_gas,2.0,0.7672109443954104,EQT|AR|KMI
2022-10-31,enter,managed_care_insurance,3.0,0.7493380406001765,ALHC|HUM|CLOV
2022-11-01,exit,healthcare,41.0,0.5609002647837599,TDOC|HUM|LFST
2022-11-01,exit,natural_gas,46.0,0.5545013239187997,EQT|AR|KMI
2022-11-01,exit,managed_care_insurance,48.0,0.5494263018534864,ALHC|HUM|CLOV
2022-11-01,enter,biotech,1.0,0.7936893203883496,GILD|MRNA|EXAS
2022-11-01,enter,industrial_automation,2.0,0.7875110326566638,TEX|AME|ROK
2022-11-01,enter,biotech_innovation,3.0,0.7753751103265667,ROIV|TGTX|INDV
2022-11-02,exit,biotech,23.0,0.6705648720211826,GILD|MRNA|EXAS
2022-11-02,exit,biotech_innovation,33.0,0.5999558693733452,ROIV|TGTX|INDV
2022-11-02,enter,defense_aerospace,1.0,0.8062665489849956,SAIC|LDOS|BA
2022-11-02,enter,defense,2.0,0.7894969108561343,LDOS|AXON|MRCY
2022-11-02,enter,banks_brokers_exchanges,3.0,0.7853045013239188,FLG|RJF|MS
2022-11-03,exit,defense_aerospace,20.0,0.6745366284201235,SAIC|LDOS|BA
2022-11-03,exit,defense,16.0,0.7085172109443953,LDOS|AXON|MRCY
2022-11-03,exit,banks_brokers_exchanges,42.0,0.5394969108561343,FLG|RJF|MS
2022-11-03,enter,oil_services,1.0,0.8232568402471315,BORR|RIG|FTI
2022-11-03,enter,solar,2.0,0.807369814651368,FSLR|RUN|ARRY
2022-11-04,exit,oil_services,24.0,0.6403353927625772,BORR|RIG|FTI
2022-11-04,exit,solar,51.0,0.5037511032656663,FSLR|RUN|ARRY
2022-11-04,enter,china_internet,1.0,0.8413503971756401,BILI|TCOM|YMM
2022-11-04,enter,copper_metals,3.0,0.7910414827890556,HBM|SCCO|FCX
2022-11-07,exit,industrial_automation,8.0,0.7316857899382171,TEX|AME|ROK
2022-11-07,exit,china_internet,35.0,0.5785525154457193,BILI|TCOM|YMM
2022-11-07,exit,copper_metals,31.0,0.5966460723742278,HBM|SCCO|FCX
2022-11-07,enter,oil_gas,1.0,0.763459841129744,MGY|EOG|APA
2022-11-07,enter,gold_silver_miners,2.0,0.7568402471315094,IAG|AU|EGO
2022-11-07,enter,oil_services,3.0,0.75441306266549,AROC|RIG|FTI
2022-11-08,exit,oil_gas,46.0,0.5059576345984114,MGY|EOG|APA
2022-11-08,exit,oil_services,27.0,0.557811120917917,AROC|RIG|FTI
2022-11-08,enter,silver,2.0,0.8067078552515445,SLV|AG|SVM
2022-11-08,enter,ai_infrastructure,3.0,0.7775816416593117,NVDA|SMCI|TSM
2022-11-09,exit,silver,25.0,0.6003971756398941,SLV|AG|SVM
2022-11-09,exit,ai_infrastructure,78.0,0.40379523389232125,NVDA|SMCI|TSM
2022-11-09,enter,industrial_automation,2.0,0.7744924977934687,DD|CNH|ATI
2022-11-09,enter,gold,3.0,0.733892321270962,FNV|WPM|GOLD
2022-11-10,exit,gold_silver_miners,4.0,0.761253309796999,IAG|AU|EGO
2022-11-10,exit,industrial_automation,17.0,0.6694616063548103,DD|CNH|ATI
2022-11-10,enter,asset_managers_alts,1.0,0.8106796116504854,IVZ|OWL|TROW
2022-11-10,enter,silver,2.0,0.7753751103265666,WPM|FNV|SVM
2022-11-10,enter,homebuilders_housing,3.0,0.7674315975286848,TREX|CCS|FND
2022-11-11,exit,gold,26.0,0.6339364518976169,FNV|WPM|GOLD
2022-11-11,exit,asset_managers_alts,11.0,0.7268314210061784,IVZ|OWL|TROW
2022-11-11,exit,silver,92.0,0.24823477493380405,WPM|FNV|SVM
2022-11-11,exit,homebuilders_housing,17.0,0.6860105913503972,TREX|CCS|FND
2022-11-11,enter,cybersecurity,1.0,0.807369814651368,NET|OKTA|BB
2022-11-11,enter,semis,2.0,0.7698587819947044,AMAT|LRCX|AMD
2022-11-11,enter,semicap_equipment,3.0,0.7665489849955869,AEHR|AMAT|ASML
2022-11-14,exit,cybersecurity,26.0,0.601721094439541,NET|OKTA|BB
2022-11-14,exit,semis,18.0,0.6350397175639895,AMAT|LRCX|AMD
2022-11-14,exit,semicap_equipment,21.0,0.6173874669020301,AEHR|AMAT|ASML
2022-11-14,enter,biotech,1.0,0.7826566637246248,RXRX|BIIB|CRSP
2022-11-14,enter,renewables_storage,2.0,0.7541924095322156,TE|RUN|ARRY
2022-11-14,enter,gold_silver_miners,3.0,0.7358781994704326,FSM|HMY|GOLD
2022-11-15,exit,biotech,64.0,0.410414827890556,RXRX|BIIB|CRSP
2022-11-15,exit,renewables_storage,15.0,0.6924095322153575,TE|RUN|ARRY
2022-11-15,exit,gold_silver_miners,81.0,0.3228155339805825,FSM|HMY|GOLD
2022-11-15,enter,apparel_beauty_lifestyle,1.0,0.823477493380406,WRBY|CELH|CROX
2022-11-15,enter,china_internet,2.0,0.8093556928508386,TME|FUTU|BILI
2022-11-15,enter,consumer_internet_marketplaces,3.0,0.7828773168578992,BILI|COMP|SE
2022-11-16,exit,apparel_beauty_lifestyle,1.0,0.7685348631950574,WRBY|CELH|CROX
2022-11-16,exit,china_internet,29.0,0.5853927625772286,TME|FUTU|BILI
2022-11-16,exit,consumer_internet_marketplaces,21.0,0.6134157105030892,BILI|COMP|SE
2022-11-16,enter,apparel_beauty_lifestyle,1.0,0.7685348631950574,WRBY|CROX|CELH
2022-11-16,enter,gaming_sports_betting,2.0,0.7674315975286851,U|SRAD|BILI
2022-11-16,enter,mega_cap_platforms,3.0,0.752206531332745,NVDA|NFLX|AMZN
2022-11-17,exit,apparel_beauty_lifestyle,6.0,0.7583848190644308,WRBY|CROX|CELH
2022-11-17,exit,gaming_sports_betting,13.0,0.7285966460723742,U|SRAD|BILI
2022-11-17,exit,mega_cap_platforms,29.0,0.6209179170344218,NVDA|NFLX|AMZN
2022-11-17,enter,semis_compute,1.0,0.8281112091791705,SMCI|TSM|LSCC
2022-11-17,enter,ai_infrastructure,2.0,0.7947925860547219,TSM|SMCI|AMD
2022-11-17,enter,consumer_internet_marketplaces,3.0,0.7881729920564872,BEKE|BILI|SE
2022-11-18,exit,semis_compute,21.0,0.6785083848190643,SMCI|TSM|LSCC
2022-11-18,exit,ai_infrastructure,40.0,0.5922330097087378,TSM|SMCI|AMD
2022-11-18,exit,consumer_internet_marketplaces,60.0,0.4271844660194175,BEKE|BILI|SE
2022-11-18,enter,utilities_yield,1.0,0.833848190644307,CMS|DUK|WEC
2022-11-18,enter,consumer_staples,2.0,0.7923654015887025,WMT|KR|CL
2022-11-18,enter,networking,3.0,0.7875110326566638,CSCO|HPE|ANET
2022-11-21,exit,networking,45.0,0.5207413945278023,CSCO|HPE|ANET
2022-11-21,enter,apparel_beauty_lifestyle,3.0,0.8047219770520742,GAP|BBWI|AEO
2022-11-22,exit,utilities_yield,12.0,0.7012356575463372,CMS|DUK|WEC
2022-11-22,exit,consumer_staples,46.0,0.529567519858782,WMT|KR|CL
2022-11-22,exit,apparel_beauty_lifestyle,6.0,0.7771403353927626,GAP|BBWI|AEO
2022-11-22,enter,gold_silver_miners,1.0,0.8307590467784641,EGO|IAG|FSM
2022-11-22,enter,oil_gas,2.0,0.808252427184466,BP|RRC|ET
2022-11-22,enter,natural_gas,3.0,0.7998676081200353,RRC|LNG|WMB
2022-11-23,exit,oil_gas,44.0,0.5094880847308033,BP|RRC|ET
2022-11-23,exit,natural_gas,34.0,0.5564872021182701,RRC|LNG|WMB
2022-11-23,enter,storage,1.0,0.7894969108561343,DELL|HPE|NTAP
2022-11-23,enter,apparel_beauty_lifestyle,2.0,0.7667696381288613,AEO|GAP|TPR
2022-11-23,enter,data_centers,3.0,0.7493380406001766,SMCI|CSCO|EQIX
2022-11-25,exit,gold_silver_miners,22.0,0.6502647837599295,EGO|IAG|FSM
2022-11-25,exit,storage,34.0,0.5827449249779346,DELL|HPE|NTAP
2022-11-25,exit,apparel_beauty_lifestyle,16.0,0.710503089143866,AEO|GAP|TPR
2022-11-25,exit,data_centers,20.0,0.6599735216240071,SMCI|CSCO|EQIX
2022-11-25,enter,agriculture_food_inputs,1.0,0.8834951456310679,DE|AGCO|CALM
2022-11-25,enter,utilities_yield,2.0,0.8640776699029127,EIX|EXC|VST
2022-11-25,enter,managed_care,3.0,0.8590026478375995,CNC|ELV|CVS
2022-11-28,exit,utilities_yield,7.0,0.7594880847308032,EIX|EXC|VST
2022-11-28,exit,managed_care,10.0,0.7131509267431597,CNC|ELV|CVS
2022-11-28,enter,apparel_beauty_lifestyle,1.0,0.8629744042365401,AEO|CELH|FIGS
2022-11-28,enter,pharma,2.0,0.8192850838481907,NVO|MRK|PFE
2022-11-28,enter,pharma_largecap,3.0,0.8168578993821713,NVO|MRK|PFE
2022-11-29,exit,agriculture_food_inputs,7.0,0.7694174757281553,DE|AGCO|CALM
2022-11-29,exit,pharma,36.0,0.5792144748455427,NVO|MRK|PFE
2022-11-29,exit,pharma_largecap,34.0,0.5853927625772286,NVO|MRK|PFE
2022-11-29,enter,oil_gas,1.0,0.8576787290379524,YPF|SHEL|BP
2022-11-29,enter,natural_gas,2.0,0.857016769638129,AR|WMB|KMI
2022-11-29,enter,china_internet,3.0,0.8199470432480142,TME|YMM|FUTU
2022-11-30,exit,apparel_beauty_lifestyle,28.0,0.6211385701676964,AEO|CELH|FIGS
2022-11-30,exit,oil_gas,84.0,0.3278905560458958,YPF|SHEL|BP
2022-11-30,exit,natural_gas,94.0,0.20763459841129747,AR|WMB|KMI
2022-11-30,enter,managed_care,2.0,0.7385260370697263,MOH|ALHC|ELV
2022-11-30,enter,healthcare,3.0,0.7380847308031774,MOH|ELV|ALHC
2022-12-01,exit,china_internet,34.0,0.5803177405119153,TME|YMM|FUTU
2022-12-01,exit,managed_care,58.0,0.4717563989408649,MOH|ALHC|ELV
2022-12-01,exit,healthcare,30.0,0.5953221535745807,MOH|ELV|ALHC
2022-12-01,enter,medtech_devices,1.0,0.8022947925860549,ATEC|BSX|SYK
2022-12-01,enter,gold,2.0,0.7892762577228596,AEM|PAAS|NEM
2022-12-01,enter,workflow_software,3.0,0.7778022947925861,WDAY|TEAM|HUBS
2022-12-02,exit,medtech_devices,14.0,0.6637246248896734,ATEC|BSX|SYK
2022-12-02,exit,gold,40.0,0.5520741394527802,AEM|PAAS|NEM
2022-12-02,exit,workflow_software,35.0,0.5803177405119152,WDAY|TEAM|HUBS
2022-12-02,enter,china_internet,1.0,0.8916593115622242,XPEV|BILI|YMM
2022-12-02,enter,biotech_innovation,2.0,0.8254633715798765,ROIV|RVMD|CMPS
2022-12-02,enter,digital_ads_media,3.0,0.779567519858782,MGNI|NFLX|TTD
2022-12-05,exit,biotech_innovation,7.0,0.7321270962047661,ROIV|RVMD|CMPS
2022-12-05,exit,digital_ads_media,53.0,0.5127978817299206,MGNI|NFLX|TTD
2022-12-05,enter,consumer_internet_marketplaces,2.0,0.85657546337158,BILI|PDD|BIDU
2022-12-05,enter,consumer_internet,3.0,0.8294351279788174,BIDU|BABA|TME
2022-12-06,exit,china_internet,1.0,0.8567961165048544,XPEV|BILI|YMM
2022-12-06,exit,consumer_internet_marketplaces,2.0,0.795233892321271,BILI|PDD|BIDU
2022-12-06,exit,consumer_internet,3.0,0.7861871138570166,BIDU|BABA|TME
2022-12-06,enter,china_internet,1.0,0.8567961165048544,BILI|XPEV|TME
2022-12-06,enter,consumer_internet_marketplaces,2.0,0.795233892321271,BILI|BEKE|BIDU
2022-12-06,enter,consumer_internet,3.0,0.7861871138570166,TME|BIDU|BABA
2022-12-07,exit,china_internet,27.0,0.6167255075022066,BILI|XPEV|TME
2022-12-07,exit,consumer_internet_marketplaces,64.0,0.45631067961165045,BILI|BEKE|BIDU
2022-12-07,exit,consumer_internet,72.0,0.3971756398940865,TME|BIDU|BABA
2022-12-07,enter,gold_silver_miners,1.0,0.9210061782877317,USAS|FSM|EGO
2022-12-07,enter,silver,2.0,0.8576787290379524,HL|SVM|SLV
2022-12-07,enter,pharma_largecap,3.0,0.8510591350397175,GSK|SNY|ABBV
2022-12-08,exit,gold_silver_miners,60.0,0.45013239187996473,USAS|FSM|EGO
2022-12-08,exit,silver,73.0,0.39739629302736107,HL|SVM|SLV
2022-12-08,exit,pharma_largecap,17.0,0.6458517210944396,GSK|SNY|ABBV
2022-12-08,enter,china_internet,1.0,0.8325242718446602,BILI|TME|KWEB
2022-12-08,enter,copper,2.0,0.7676522506619595,RIO|FCX|SCCO
2022-12-08,enter,dev_tools,3.0,0.7440423654015887,MDB|GTLB|TEAM
2022-12-09,exit,copper,28.0,0.6085613415710502,RIO|FCX|SCCO
2022-12-09,exit,dev_tools,6.0,0.6988084730803178,MDB|GTLB|TEAM
2022-12-09,enter,real_estate_reits,1.0,0.8038393645189762,O|CCI|VICI
2022-12-09,enter,electronics_components,2.0,0.7983230361871138,FLEX|ROG|IPGP
2022-12-09,enter,utilities_yield,3.0,0.7590467784642543,CMS|XEL|AEP
2022-12-12,exit,china_internet,82.0,0.30406001765225066,BILI|TME|KWEB
2022-12-12,exit,real_estate_reits,17.0,0.6782877316857899,O|CCI|VICI
2022-12-12,exit,electronics_components,18.0,0.6696822594880848,FLEX|ROG|IPGP
2022-12-12,enter,dev_tools,1.0,0.8431156222418358,MDB|DDOG|TEAM
2022-12-12,enter,power_grid_electrification,3.0,0.763901147396293,PCG|SO|CMS
2022-12-13,exit,utilities_yield,14.0,0.6954986760812004,CMS|XEL|AEP
2022-12-13,exit,power_grid_electrification,13.0,0.7069726390114738,PCG|SO|CMS
2022-12-13,enter,homebuilders_housing,1.0,0.8347308031774051,CCS|TOL|FND
2022-12-13,enter,construction_infrastructure,2.0,0.7859664607237421,FND|BLDR|MLM
2022-12-14,exit,dev_tools,4.0,0.7566195939982349,MDB|DDOG|TEAM
2022-12-14,exit,construction_infrastructure,9.0,0.7038834951456312,FND|BLDR|MLM
2022-12-14,enter,renewables_storage,1.0,0.8300970873786407,FLNC|ARRY|FCEL
2022-12-14,enter,workflow_software,2.0,0.7928067078552514,DOCU|TEAM|HUBS
2022-12-15,exit,renewables_storage,12.0,0.6996910856134158,FLNC|ARRY|FCEL
2022-12-15,exit,workflow_software,18.0,0.6668137687555163,DOCU|TEAM|HUBS
2022-12-15,enter,real_estate_reits,2.0,0.8115622241835834,OUT|HPP|EQIX
2022-12-15,enter,construction_infrastructure,3.0,0.7850838481906443,FBIN|FND|BLDR
2022-12-16,exit,homebuilders_housing,16.0,0.6810004672654587,CCS|TOL|FND
2022-12-16,exit,real_estate_reits,50.0,0.49985722444317526,OUT|HPP|EQIX
2022-12-16,exit,construction_infrastructure,7.0,0.729544156585847,FBIN|FND|BLDR
2022-12-16,enter,biotech,1.0,0.7782955194434349,EXAS|GILD|ABBV
2022-12-16,enter,uranium,2.0,0.7622397590986969,DNN|UUUU|CCJ
2022-12-16,enter,defense,3.0,0.7594231867504283,KTOS|RKLB|NOC
2022-12-19,exit,biotech,33.0,0.601721094439541,EXAS|GILD|ABBV
2022-12-19,exit,uranium,54.0,0.5059576345984113,DNN|UUUU|CCJ
2022-12-19,exit,defense,22.0,0.6540158870255958,KTOS|RKLB|NOC
2022-12-19,enter,renewables_storage,1.0,0.8380406001765225,AMPX|FLNC|FSLR
2022-12-19,enter,energy,2.0,0.778243601059135,FSLR|OKLO|CVX
2022-12-19,enter,oil_gas,3.0,0.7683142100617828,YPF|LBRT|TTE
2022-12-20,exit,renewables_storage,63.0,0.41526919682259483,AMPX|FLNC|FSLR
2022-12-20,exit,energy,11.0,0.7323477493380405,FSLR|OKLO|CVX
2022-12-20,exit,oil_gas,10.0,0.7332303618711383,YPF|LBRT|TTE
2022-12-20,enter,copper_metals,1.0,0.8148720211827009,TGB|IAG|TECK
2022-12-20,enter,defense,2.0,0.8097969991173875,KTOS|NOC|AXON
2022-12-20,enter,gold_silver_miners,3.0,0.8084730803177407,IAG|PAAS|SVM
2022-12-21,exit,copper_metals,33.0,0.5920123565754634,TGB|IAG|TECK
2022-12-21,exit,gold_silver_miners,32.0,0.5928949691085615,IAG|PAAS|SVM
2022-12-21,enter,oil_gas,1.0,0.8698146513680495,YPF|TTE|COP
2022-12-21,enter,energy,2.0,0.8259046778464254,TTE|CAT|SLB
2022-12-21,enter,industrial_automation,3.0,0.7978817299205648,CAT|ATI|GE
2022-12-22,exit,defense,51.0,0.5061782877316858,KTOS|NOC|AXON
2022-12-22,exit,oil_gas,20.0,0.6504854368932039,YPF|TTE|COP
2022-12-22,exit,energy,39.0,0.5302294792586055,TTE|CAT|SLB
2022-12-22,exit,industrial_automation,16.0,0.676522506619594,CAT|ATI|GE
2022-12-22,enter,gold_silver_miners,1.0,0.8062665489849956,IAG|HMY|PAAS
2022-12-22,enter,apparel_beauty_lifestyle,2.0,0.7850838481906443,NKE|CROX|DECK
2022-12-22,enter,additive_manufacturing,3.0,0.775595763459841,VELO|SSYS|NNDM
2022-12-23,exit,gold_silver_miners,18.0,0.6939541041482788,IAG|HMY|PAAS
2022-12-23,exit,apparel_beauty_lifestyle,37.0,0.5772285966460725,NKE|CROX|DECK
2022-12-23,exit,additive_manufacturing,16.0,0.6961606354810239,VELO|SSYS|NNDM
2022-12-23,enter,oil_gas,1.0,0.8380406001765225,YPF|APA|TTE
2022-12-23,enter,oil_exploration,2.0,0.7848631950573699,APA|COP|USO
2022-12-23,enter,oil_services,3.0,0.78045013239188,RIG|NBR|BORR
2022-12-27,exit,oil_gas,11.0,0.7135922330097086,YPF|APA|TTE
2022-12-27,exit,oil_exploration,13.0,0.7049867608120036,APA|COP|USO
2022-12-27,exit,oil_services,14.0,0.7027802294792587,RIG|NBR|BORR
2022-12-27,enter,gold_silver_miners,1.0,0.9245366284201237,IAG|SVM|EXK
2022-12-27,enter,copper_metals,2.0,0.8912180052956753,IAG|TGB|ASM
2022-12-27,enter,silver,3.0,0.8411297440423653,SVM|PAAS|WPM
2022-12-28,exit,gold_silver_miners,33.0,0.5679611650485437,IAG|SVM|EXK
2022-12-28,exit,copper_metals,13.0,0.6449691085613416,IAG|TGB|ASM
2022-12-28,exit,silver,84.0,0.3890114739629303,SVM|PAAS|WPM
2022-12-28,enter,banks_brokers_exchanges,1.0,0.7698587819947044,IBKR|ICE|C
2022-12-28,enter,mega_banks,2.0,0.7464695498676082,C|BAC|JPM
2022-12-28,enter,apparel_beauty_lifestyle,3.0,0.736981465136805,CROX|DECK|EL
2022-12-29,exit,banks_brokers_exchanges,10.0,0.6626213592233011,IBKR|ICE|C
2022-12-29,exit,mega_banks,42.0,0.5496469549867607,C|BAC|JPM
2022-12-29,exit,apparel_beauty_lifestyle,22.0,0.6184907325684024,CROX|DECK|EL
2022-12-29,enter,fintech_payments,1.0,0.7658870255957635,FOUR|FLYW|AFRM
2022-12-29,enter,datacenter_infra,2.0,0.7396293027360988,GNRC|VRT|FLS
2022-12-29,enter,payments,3.0,0.7396293027360988,GPN|PYPL|AFRM
2022-12-30,exit,datacenter_infra,30.0,0.5937775816416594,GNRC|VRT|FLS
2022-12-30,exit,payments,24.0,0.6568843777581643,GPN|PYPL|AFRM
2022-12-30,enter,defense_aerospace,1.0,0.8243601059135041,ASTS|KTOS|NOC
2022-12-30,enter,airlines_travel,2.0,0.8029567519858783,LYFT|HTZ|EXPE
2022-12-30,enter,defense,3.0,0.7961165048543688,KTOS|NOC|RTX
2023-01-03,exit,fintech_payments,58.0,0.49051191526919685,FOUR|FLYW|AFRM
2023-01-03,exit,defense_aerospace,47.0,0.5353045013239188,ASTS|KTOS|NOC
2023-01-03,exit,airlines_travel,56.0,0.5048543689320387,LYFT|HTZ|EXPE
2023-01-03,exit,defense,41.0,0.5564872021182701,KTOS|NOC|RTX
2023-01-03,enter,china_internet,1.0,0.825242718446602,BILI|LI|BABA
2023-01-03,enter,apparel_beauty_lifestyle,2.0,0.8153133274492498,WRBY|EL|FIGS
2023-01-03,enter,storage,3.0,0.765666372462489,DELL|STX|NTAP
2023-01-04,exit,storage,35.0,0.574360105913504,DELL|STX|NTAP
2023-01-04,enter,airlines_travel,1.0,0.7815533980582524,JBLU|CCL|AAL
2023-01-04,enter,payments,2.0,0.7769196822594882,PYPL|XYZ|AFRM
2023-01-05,exit,apparel_beauty_lifestyle,17.0,0.6857899382171228,WRBY|EL|FIGS
2023-01-05,exit,payments,41.0,0.5507502206531332,PYPL|XYZ|AFRM
2023-01-05,enter,copper_metals,2.0,0.7594880847308033,ASM|MT|TMC
2023-01-06,exit,china_internet,30.0,0.5975286849073257,BILI|LI|BABA
2023-01-06,exit,airlines_travel,9.0,0.7135922330097089,JBLU|CCL|AAL
2023-01-06,enter,semicap_equipment,1.0,0.8133274492497794,ACLS|AEHR|AMKR
2023-01-06,enter,semis,2.0,0.7714033539276257,AVGO|TXN|AMAT
2023-01-06,enter,memory,3.0,0.7502206531332746,WDC|MU|LRCX
2023-01-09,exit,copper_metals,28.0,0.588261253309797,ASM|MT|TMC
2023-01-09,exit,semis,13.0,0.6641659311562225,AVGO|TXN|AMAT
2023-01-09,exit,memory,22.0,0.6182700794351279,WDC|MU|LRCX
2023-01-09,enter,transport_logistics,2.0,0.7568402471315092,LYFT|GXO|UAL
2023-01-09,enter,crypto_infrastructure,3.0,0.7312444836716682,RIOT|MARA|CIFR
2023-01-10,exit,semicap_equipment,9.0,0.7354368932038835,ACLS|AEHR|AMKR
2023-01-10,exit,transport_logistics,20.0,0.6615180935569285,LYFT|GXO|UAL
2023-01-10,enter,airlines_travel,1.0,0.8481906443071492,UAL|AAL|RCL
2023-01-10,enter,oil_services,3.0,0.8009708737864077,RIG|NBR|LBRT
2023-01-11,exit,crypto_infrastructure,21.0,0.6301853486319505,RIOT|MARA|CIFR
2023-01-11,exit,oil_services,31.0,0.604810238305384,RIG|NBR|LBRT
2023-01-11,enter,transport_logistics,1.0,0.8552515445719329,UAL|GXO|LYFT
2023-01-11,enter,diagnostics_tools,2.0,0.8091350397175641,EXAS|WGS|TXG
2023-01-11,enter,renewables_storage,3.0,0.7853045013239187,CSIQ|QS|ARRY
2023-01-12,exit,transport_logistics,14.0,0.718667255075022,UAL|GXO|LYFT
2023-01-12,exit,diagnostics_tools,37.0,0.5562665489849956,EXAS|WGS|TXG
2023-01-12,enter,copper,2.0,0.7868490732568403,SCCO|HBM|BHP
2023-01-13,exit,renewables_storage,5.0,0.7345542806707855,CSIQ|QS|ARRY
2023-01-13,exit,copper,50.0,0.5183142100617829,SCCO|HBM|BHP
2023-01-13,enter,consumer_internet_marketplaces,1.0,0.8144307149161517,MELI|CVNA|OPEN
2023-01-13,enter,quantum_computing,3.0,0.7797881729920563,QBTS|RGTI|IONQ
2023-01-17,exit,airlines_travel,5.0,0.7950132391879965,UAL|AAL|RCL
2023-01-17,exit,consumer_internet_marketplaces,7.0,0.7566195939982348,MELI|CVNA|OPEN
2023-01-17,exit,quantum_computing,54.0,0.4849955869373346,QBTS|RGTI|IONQ
2023-01-17,enter,crypto_infrastructure,1.0,0.8382612533097971,HUT|MARA|IREN
2023-01-17,enter,ai_apps,2.0,0.8153133274492499,SOUN|AI|RXRX
2023-01-17,enter,fintech_payments,3.0,0.8133274492497794,COIN|FOUR|LC
2023-01-18,exit,crypto_infrastructure,16.0,0.6763018534863195,HUT|MARA|IREN
2023-01-18,exit,ai_apps,19.0,0.6160635481023832,SOUN|AI|RXRX
2023-01-18,enter,renewables_storage,1.0,0.7610326566637245,SHLS|RUN|PLUG
2023-01-18,enter,lithium_battery_materials,3.0,0.7451456310679614,SGML|QS|SQM
2023-01-19,exit,fintech_payments,30.0,0.6317299205648721,COIN|FOUR|LC
2023-01-19,exit,renewables_storage,90.0,0.26831421006178285,SHLS|RUN|PLUG
2023-01-19,exit,lithium_battery_materials,53.0,0.4761694616063548,SGML|QS|SQM
2023-01-19,enter,gold_silver_miners,1.0,0.7974404236540159,CDE|BTG|HL
2023-01-19,enter,oil_gas,2.0,0.796116504854369,YPF|RRC|APA
2023-01-19,enter,natural_gas,3.0,0.7910414827890556,RRC|CTRA|EQT
2023-01-20,exit,gold_silver_miners,60.0,0.48411297440423656,CDE|BTG|HL
2023-01-20,exit,oil_gas,54.0,0.49315975286849073,YPF|RRC|APA
2023-01-20,exit,natural_gas,87.0,0.2897175639894086,RRC|CTRA|EQT
2023-01-20,enter,fintech,1.0,0.761694616063548,AFRM|COIN|FIS
2023-01-20,enter,payments,2.0,0.7586054721977052,AFRM|FIS|XYZ
2023-01-20,enter,workflow_software,3.0,0.7555163283318623,TEAM|HUBS|NOW
2023-01-23,exit,fintech,21.0,0.6678131976532891,AFRM|COIN|FIS
2023-01-23,exit,payments,19.0,0.6756009552982711,AFRM|FIS|XYZ
2023-01-23,exit,workflow_software,27.0,0.6125330979699912,TEAM|HUBS|NOW
2023-01-23,enter,ai_apps_agents,1.0,0.8114843466071336,AI|IOT|HUBS
2023-01-23,enter,semicap_equipment,2.0,0.7811899693681534,CAMT|AEHR|FORM
2023-01-23,enter,memory_storage,3.0,0.775232334769742,STX|WDC|RMBS
2023-01-24,exit,ai_apps_agents,16.0,0.6526919682259488,AI|IOT|HUBS
2023-01-24,exit,semicap_equipment,28.0,0.5858340688437776,CAMT|AEHR|FORM
2023-01-24,exit,memory_storage,23.0,0.6142983230361871,STX|WDC|RMBS
2023-01-24,enter,mega_cap_platforms,1.0,0.8120035304501325,NFLX|NVDA|NOW
2023-01-24,enter,nuclear,2.0,0.7471315092674317,DNN|CCJ|SMR
2023-01-24,enter,travel,3.0,0.7451456310679613,EXPE|MAR|TCOM
2023-01-25,exit,mega_cap_platforms,14.0,0.6950573698146514,NFLX|NVDA|NOW
2023-01-25,exit,travel,9.0,0.7336716681376876,EXPE|MAR|TCOM
2023-01-25,enter,streaming_entertainment,1.0,0.7877316857899384,WBD|PSKY|T
2023-01-25,enter,nuclear_uranium,2.0,0.7877316857899381,CCJ|UUUU|UEC
2023-01-26,exit,nuclear,57.0,0.47837599293909966,DNN|CCJ|SMR
2023-01-26,exit,streaming_entertainment,8.0,0.7012356575463372,WBD|PSKY|T
2023-01-26,exit,nuclear_uranium,52.0,0.48896734333627534,CCJ|UUUU|UEC
2023-01-26,enter,memory,1.0,0.8287731685789937,WDC|LRCX|MU
2023-01-26,enter,semicap_equipment,2.0,0.8272285966460723,TER|ACLS|FORM
2023-01-26,enter,semis,3.0,0.8210503089143865,TER|ON|QCOM
2023-01-27,exit,memory,36.0,0.574801412180053,WDC|LRCX|MU
2023-01-27,exit,semicap_equipment,69.0,0.4097528684907325,TER|ACLS|FORM
2023-01-27,exit,semis,49.0,0.513459841129744,TER|ON|QCOM
2023-01-27,enter,ai_apps_agents,1.0,0.8241394527802296,AI|SOUN|DUOL
2023-01-27,enter,fintech_payments,2.0,0.7923654015887025,AXP|BILL|STNE
2023-01-27,enter,ai_apps,3.0,0.777802294792586,AI|SOUN|DUOL
2023-01-30,exit,ai_apps_agents,25.0,0.6323918799646955,AI|SOUN|DUOL
2023-01-30,exit,fintech_payments,11.0,0.7093998234774934,AXP|BILL|STNE
2023-01-30,enter,uranium,1.0,0.8766548984995588,DNN|LEU|UEC
2023-01-30,enter,nuclear,2.0,0.8488526037069726,DNN|NXE|LEU
2023-01-30,enter,nuclear_uranium,3.0,0.787069726390115,NXE|UEC|LEU
2023-01-31,exit,ai_apps,23.0,0.6394527802294793,AI|SOUN|DUOL
2023-01-31,exit,uranium,65.0,0.43909973521624,DNN|LEU|UEC
2023-01-31,exit,nuclear,73.0,0.39872021182700795,DNN|NXE|LEU
2023-01-31,exit,nuclear_uranium,71.0,0.4181376875551633,NXE|UEC|LEU
2023-01-31,enter,regional_banks,1.0,0.806045895851721,COF|KEY|USB
2023-01-31,enter,homebuilders_housing,2.0,0.7978817299205649,PHM|BLDR|TOL
2023-01-31,enter,business_apps,3.0,0.7502206531332744,AI|WDAY|CRM
2023-02-01,exit,regional_banks,93.0,0.2674315975286849,COF|KEY|USB
2023-02-01,enter,consumer_internet_marketplaces,1.0,0.8537069726390114,BIDU|CVNA|COMP
2023-02-01,enter,ai_apps_agents,2.0,0.8448808473080318,AI|PATH|SOUN
2023-02-02,exit,consumer_internet_marketplaces,10.0,0.7283759929390997,BIDU|CVNA|COMP
2023-02-02,exit,ai_apps_agents,9.0,0.7420564872021181,AI|PATH|SOUN
2023-02-02,enter,ai_apps,3.0,0.7789055604589585,AI|DUOL|PATH
2023-02-03,exit,homebuilders_housing,28.0,0.6138570167696381,PHM|BLDR|TOL
2023-02-03,exit,business_apps,13.0,0.6780670785525154,AI|WDAY|CRM
2023-02-03,enter,additive_manufacturing,1.0,0.8007502206531333,VELO|DDD|SSYS
2023-02-03,enter,quantum_computing,2.0,0.794351279788173,QUBT|RGTI|QBTS
2023-02-03,enter,construction_infrastructure,3.0,0.7725066195939981,FND|TREX|OC
2023-02-06,exit,construction_infrastructure,12.0,0.6628420123565754,FND|TREX|OC
2023-02-07,exit,ai_apps,19.0,0.6147396293027362,AI|DUOL|PATH
2023-02-07,exit,additive_manufacturing,3.0,0.783097969991174,VELO|DDD|SSYS
2023-02-07,exit,quantum_computing,32.0,0.5657546337157988,QUBT|RGTI|QBTS
2023-02-07,enter,semis,1.0,0.8093556928508384,ON|MCHP|AMD
2023-02-07,enter,workflow_software,2.0,0.7848631950573698,ZM|TEAM|DOCU
2023-02-07,enter,additive_manufacturing,3.0,0.783097969991174,VELO|DDD|SSYS
2023-02-08,exit,semis,63.0,0.4298323036187114,ON|MCHP|AMD
2023-02-08,exit,workflow_software,42.0,0.546557811120918,ZM|TEAM|DOCU
2023-02-08,exit,additive_manufacturing,1.0,0.7833186231244486,VELO|DDD|SSYS
2023-02-08,enter,additive_manufacturing,1.0,0.7833186231244486,VELO|DDD|SSYS
2023-02-08,enter,quantum_computing,2.0,0.7773609885260371,RGTI|ARQQ|QUBT
2023-02-08,enter,data_centers,3.0,0.7753751103265667,VRT|SMCI|PSTG
2023-02-09,exit,quantum_computing,59.0,0.4763901147396293,RGTI|ARQQ|QUBT
2023-02-09,enter,ai_infrastructure,2.0,0.7691968225948809,MPWR|SMCI|NVDA
2023-02-09,enter,oil_integrated,3.0,0.7639011473962932,BP|SHEL|TTE
2023-02-10,exit,additive_manufacturing,36.0,0.5816416593115622,VELO|DDD|SSYS
2023-02-10,exit,data_centers,26.0,0.6187113857016768,VRT|SMCI|PSTG
2023-02-10,exit,ai_infrastructure,38.0,0.5719329214474846,MPWR|SMCI|NVDA
2023-02-10,enter,oil_gas,1.0,0.8684907325684024,BP|FANG|EQNR
2023-02-10,enter,energy,2.0,0.8548102383053839,BP|FANG|XOM
2023-02-10,enter,oil_exploration,3.0,0.84135039717564,FANG|USO|EOG
2023-02-13,exit,oil_integrated,48.0,0.5390815637817352,BP|SHEL|TTE
2023-02-13,exit,oil_gas,23.0,0.6384922901199314,BP|FANG|EQNR
2023-02-13,exit,energy,28.0,0.6215149784538705,BP|FANG|XOM
2023-02-13,exit,oil_exploration,34.0,0.5853408441929286,FANG|USO|EOG
2023-02-13,enter,data_centers,1.0,0.7593972275582783,SMCI|VRT|PSTG
2023-02-13,enter,consumer_staples,2.0,0.7394086496028244,WMT|PEP|KR
2023-02-13,enter,networking,3.0,0.7371761590779295,ANET|HPE|CSCO
2023-02-14,exit,consumer_staples,45.0,0.5194174757281553,WMT|PEP|KR
2023-02-14,exit,networking,37.0,0.5414827890556047,ANET|HPE|CSCO
2023-02-14,enter,ai_infrastructure,1.0,0.7899382171226832,MPWR|SMCI|TSM
2023-02-14,enter,oil_gas,2.0,0.768755516328332,SHEL|RRC|EQNR
2023-02-14,enter,natural_gas,3.0,0.7418358340688439,RRC|CTRA|AR
2023-02-15,exit,data_centers,36.0,0.573477493380406,SMCI|VRT|PSTG
2023-02-15,exit,ai_infrastructure,47.0,0.5075022065313327,MPWR|SMCI|TSM
2023-02-15,exit,oil_gas,65.0,0.4216681376875551,SHEL|RRC|EQNR
2023-02-15,exit,natural_gas,34.0,0.6063548102383054,RRC|CTRA|AR
2023-02-15,enter,renewables_storage,1.0,0.8022947925860546,QS|SEDG|ARRY
2023-02-15,enter,additive_manufacturing,2.0,0.7877316857899382,NNDM|VELO|DDD
2023-02-15,enter,aerospace,3.0,0.7835392762577227,HWM|ASTS|RKLB
2023-02-16,exit,renewables_storage,18.0,0.6451897616946161,QS|SEDG|ARRY
2023-02-16,exit,additive_manufacturing,36.0,0.5860547219770521,NNDM|VELO|DDD
2023-02-16,exit,aerospace,35.0,0.586496028243601,HWM|ASTS|RKLB
2023-02-16,enter,defense_aerospace,1.0,0.7954545454545454,PLTR|VELO|HWM
2023-02-16,enter,lithium_battery_materials,2.0,0.7627978817299206,QS|ALB|SQM
2023-02-16,enter,restaurants_food,3.0,0.7577228596646072,BLMN|TXRH|WING
2023-02-17,exit,lithium_battery_materials,30.0,0.5809796999117386,QS|ALB|SQM
2023-02-17,exit,restaurants_food,12.0,0.6994704324801412,BLMN|TXRH|WING
2023-02-17,enter,space_satellites,1.0,0.7853045013239187,RDW|LUNR|IRDM
2023-02-17,enter,power_grid_electrification,2.0,0.78045013239188,GNRC|WCC|EXC
2023-02-21,exit,defense_aerospace,8.0,0.7420564872021184,PLTR|VELO|HWM
2023-02-21,exit,space_satellites,10.0,0.7374227714033539,RDW|LUNR|IRDM
2023-02-21,exit,power_grid_electrification,17.0,0.6798323036187114,GNRC|WCC|EXC
2023-02-21,enter,restaurants_food,1.0,0.8133274492497794,BLMN|CAKE|WING
2023-02-21,enter,copper_metals,2.0,0.7797881729920565,TECK|VALE|FCX
2023-02-21,enter,copper,3.0,0.7755957634598413,TECK|FCX|RIO
2023-02-22,exit,copper_metals,49.0,0.5011032656663724,TECK|VALE|FCX
2023-02-22,exit,copper,60.0,0.43843777581641663,TECK|FCX|RIO
2023-02-22,enter,renewables_storage,1.0,0.807369814651368,EOSE|RUN|QS
2023-02-22,enter,agriculture_food_inputs,2.0,0.778243601059135,AGCO|TSN|CALM
2023-02-22,enter,digital_ads_media,3.0,0.7718446601941749,MGNI|ROKU|WBD
2023-02-23,exit,restaurants_food,45.0,0.5306707855251545,BLMN|CAKE|WING
2023-02-23,exit,renewables_storage,71.0,0.4002647837599294,EOSE|RUN|QS
2023-02-23,exit,agriculture_food_inputs,4.0,0.7250661959399822,AGCO|TSN|CALM
2023-02-23,exit,digital_ads_media,78.0,0.3259046778464254,MGNI|ROKU|WBD
2023-02-23,enter,datacenter_infra,1.0,0.7910414827890556,APG|VRT|PWR
2023-02-23,enter,medtech_devices,2.0,0.7875110326566637,TMDX|GEHC|PODD
2023-02-23,enter,industrial_automation,3.0,0.763901147396293,AGCO|TEX|CNH
2023-02-24,exit,datacenter_infra,13.0,0.7499999999999999,APG|VRT|PWR
2023-02-24,exit,medtech_devices,9.0,0.7742718446601943,TMDX|GEHC|PODD
2023-02-24,enter,power_grid_electrification,1.0,0.8190644307149162,PWR|APG|EIX
2023-02-24,enter,utilities_yield,2.0,0.8106796116504855,EIX|PCG|AEP
2023-02-27,exit,industrial_automation,2.0,0.750441306266549,AGCO|TEX|CNH
2023-02-27,exit,power_grid_electrification,23.0,0.5937775816416593,PWR|APG|EIX
2023-02-27,exit,utilities_yield,58.0,0.4812444836716681,EIX|PCG|AEP
2023-02-27,enter,oil_services,1.0,0.7725066195939981,FTI|AROC|BORR
2023-02-27,enter,industrial_automation,2.0,0.750441306266549,IR|TEX|GE
2023-02-27,enter,medtech_devices,3.0,0.7411738746690203,TMDX|IRTC|ATEC
2023-02-28,exit,oil_services,21.0,0.6348190644307149,FTI|AROC|BORR
2023-02-28,exit,industrial_automation,8.0,0.7184466019417477,IR|TEX|GE
2023-02-28,exit,medtech_devices,14.0,0.6738746690203,TMDX|IRTC|ATEC
2023-02-28,enter,datacenter_infra,1.0,0.8634157105030891,PRIM|APG|PWR
2023-02-28,enter,construction_infrastructure,2.0,0.7890556045895851,PRIM|BLDR|URI
2023-02-28,enter,homebuilders_housing,3.0,0.7817740511915269,BLDR|BLD|TOL
2023-03-01,exit,construction_infrastructure,10.0,0.7369814651368048,PRIM|BLDR|URI
2023-03-01,exit,homebuilders_housing,47.0,0.5242718446601942,BLDR|BLD|TOL
2023-03-01,enter,oil_gas,1.0,0.8499558693733451,RRC|FANG|YPF
2023-03-01,enter,copper_metals,2.0,0.8486319505736981,TGB|CENX|STLD
2023-03-01,enter,gold_silver_miners,3.0,0.8448808473080318,BTG|SVM|HL
2023-03-02,exit,datacenter_infra,9.0,0.721315092674316,PRIM|APG|PWR
2023-03-02,exit,copper_metals,15.0,0.6599735216240071,TGB|CENX|STLD
2023-03-02,exit,gold_silver_miners,30.0,0.5948808473080317,BTG|SVM|HL
2023-03-02,enter,construction_infrastructure,1.0,0.8446601941747574,CRH|BLDR|PRIM
2023-03-02,enter,oil_services,2.0,0.8300970873786406,RIG|BORR|PTEN
2023-03-02,enter,china_internet,3.0,0.8243601059135037,PDD|YMM|KWEB
2023-03-03,exit,oil_gas,59.0,0.5033097969991174,RRC|FANG|YPF
2023-03-03,exit,construction_infrastructure,28.0,0.6070167696381289,CRH|BLDR|PRIM
2023-03-03,exit,oil_services,37.0,0.5708296557811121,RIG|BORR|PTEN
2023-03-03,exit,china_internet,18.0,0.6310679611650485,PDD|YMM|KWEB
2023-03-03,enter,solar,1.0,0.7808914386584289,FSLR|RUN|NXT
2023-03-03,enter,renewables_storage,2.0,0.7645631067961165,FSLR|CSIQ|RUN
2023-03-03,enter,medtech_devices,3.0,0.7208737864077671,ATEC|TNDM|DDD
2023-03-06,exit,medtech_devices,22.0,0.6244483671668137,ATEC|TNDM|DDD
2023-03-06,enter,ai_apps,2.0,0.7575022065313326,DUOL|SNAP|AI
2023-03-06,enter,consumer_internet,3.0,0.7552956751985878,DUOL|SNAP|BKNG
2023-03-07,exit,solar,6.0,0.7301412180052957,FSLR|RUN|NXT
2023-03-07,exit,renewables_storage,11.0,0.6822594880847308,FSLR|CSIQ|RUN
2023-03-07,enter,transport_logistics,1.0,0.8155339805825244,UAL|PCAR|SAIA
2023-03-07,enter,airlines_travel,3.0,0.7605913503971756,UAL|NCLH|HTZ
2023-03-08,exit,ai_apps,37.0,0.5553839364518977,DUOL|SNAP|AI
2023-03-08,exit,consumer_internet,53.0,0.49338040600176525,DUOL|SNAP|BKNG
2023-03-08,exit,airlines_travel,31.0,0.5873786407766991,UAL|NCLH|HTZ
2023-03-08,enter,semis,1.0,0.7819947043248014,AMD|ON|AVGO
2023-03-08,enter,dev_tools,2.0,0.7579435127978815,GTLB|MDB|TEAM
2023-03-08,enter,utilities_yield,3.0,0.7358781994704326,VST|PCG|EIX
2023-03-09,exit,transport_logistics,9.0,0.6873345101500441,UAL|PCAR|SAIA
2023-03-09,exit,dev_tools,26.0,0.600838481906443,GTLB|MDB|TEAM
2023-03-09,enter,networking_optical,1.0,0.7749338040600177,ANET|NOK|AAOI
2023-03-09,enter,renewables_storage,2.0,0.7533097969991174,FCEL|ENVX|ARRY
2023-03-10,exit,semis,6.0,0.7085172109443955,AMD|ON|AVGO
2023-03-10,exit,utilities_yield,14.0,0.6429832303618711,VST|PCG|EIX
2023-03-10,exit,networking_optical,49.0,0.49713150926743166,ANET|NOK|AAOI
2023-03-10,exit,renewables_storage,53.0,0.48984995586937324,FCEL|ENVX|ARRY
2023-03-10,enter,pharma_largecap,1.0,0.8018534863195059,LLY|MRK|VRTX
2023-03-10,enter,pharma,2.0,0.7994263018534864,MRK|JNJ|GILD
2023-03-10,enter,defense,3.0,0.7440423654015886,LMT|KTOS|RTX
2023-03-13,exit,defense,34.0,0.5525154457193292,LMT|KTOS|RTX
2023-03-13,enter,consumer_staples,1.0,0.8367166813768757,PEP|KR|MDLZ
2023-03-13,enter,medtech,2.0,0.7998676081200353,SYK|BSX|JNJ
2023-03-13,enter,gold_silver_miners,3.0,0.7994263018534863,AU|HMY|FSM
2023-03-14,exit,pharma_largecap,12.0,0.7045454545454546,LLY|MRK|VRTX
2023-03-14,exit,pharma,15.0,0.6950573698146515,MRK|JNJ|GILD
2023-03-14,exit,consumer_staples,19.0,0.660414827890556,PEP|KR|MDLZ
2023-03-14,exit,gold_silver_miners,16.0,0.6813768755516328,AU|HMY|FSM
2023-03-14,enter,semis,1.0,0.8102383053839364,TER|AMD|INTC
2023-03-14,enter,datacenter_reits_towers,2.0,0.7857458075904679,CCI|AMT|DLR
2023-03-14,enter,semicap_equipment,3.0,0.7725066195939981,TER|ONTO|COHU
2023-03-15,exit,medtech,13.0,0.6824801412180054,SYK|BSX|JNJ
2023-03-15,exit,semis,26.0,0.5951015004413063,TER|AMD|INTC
2023-03-15,exit,semicap_equipment,39.0,0.5253751103265667,TER|ONTO|COHU
2023-03-15,enter,consumer_staples,1.0,0.8327449249779347,PEP|PG|MDLZ
2023-03-15,enter,pharma_largecap,3.0,0.7842012356575463,LLY|AMGN|ABBV
2023-03-16,exit,datacenter_reits_towers,17.0,0.6295233892321271,CCI|AMT|DLR
2023-03-16,exit,consumer_staples,45.0,0.5006619593998235,PEP|PG|MDLZ
2023-03-16,exit,pharma_largecap,25.0,0.5928949691085613,LLY|AMGN|ABBV
2023-03-16,enter,mega_cap_platforms,1.0,0.8161959399823477,MSFT|META|GOOGL
2023-03-16,enter,restaurants,2.0,0.7400706090026479,TXRH|CMG|DRI
2023-03-16,enter,consumer_internet,3.0,0.735216240070609,BIDU|PINS|TME
2023-03-17,exit,mega_cap_platforms,5.0,0.720873786407767,MSFT|META|GOOGL
2023-03-17,exit,restaurants,73.0,0.41129744042365407,TXRH|CMG|DRI
2023-03-17,exit,consumer_internet,36.0,0.5388349514563107,BIDU|PINS|TME
2023-03-17,enter,gold_silver_miners,1.0,0.9258605472197704,HMY|EXK|AU
2023-03-17,enter,crypto_infrastructure,2.0,0.8464254192409532,CIFR|BKKT|RIOT
2023-03-17,enter,silver,3.0,0.8371579876434246,SVM|AG|PAAS
2023-03-20,exit,crypto_infrastructure,11.0,0.6738746690203,CIFR|BKKT|RIOT
2023-03-20,enter,networking,3.0,0.7389673433362755,ANET|QCOM|CSCO
2023-03-21,exit,gold_silver_miners,82.0,0.31641659311562226,HMY|EXK|AU
2023-03-21,exit,silver,92.0,0.24514563106796117,SVM|AG|PAAS
2023-03-21,exit,networking,44.0,0.5661959399823479,ANET|QCOM|CSCO
2023-03-21,enter,fintech,1.0,0.747793468667255,COIN|AFRM|SCHW
2023-03-21,enter,ai_apps_agents,2.0,0.7363195057369816,GOOGL|PATH|APP
2023-03-21,enter,digital_ads_media,3.0,0.7235216240070609,APP|PSKY|PINS
2023-03-22,exit,fintech,30.0,0.6231244483671668,COIN|AFRM|SCHW
2023-03-22,exit,digital_ads_media,18.0,0.6860105913503971,APP|PSKY|PINS
2023-03-22,enter,ai_infrastructure,1.0,0.8325242718446602,SMCI|NVDA|AMD
2023-03-22,enter,semis_compute,3.0,0.7830979699911738,SMCI|NVDA|AMD
2023-03-23,exit,ai_apps_agents,31.0,0.6159597113337832,GOOGL|PATH|APP
2023-03-23,enter,memory,2.0,0.7868101344686154,MU|MRAM|LRCX
2023-03-24,exit,ai_infrastructure,43.0,0.5423134832044026,SMCI|NVDA|AMD
2023-03-24,exit,semis_compute,27.0,0.6073153003478532,SMCI|NVDA|AMD
2023-03-24,exit,memory,65.0,0.4341025907273766,MU|MRAM|LRCX
2023-03-24,enter,pharma_largecap,1.0,0.7708452312964023,SNY|NVO|REGN
2023-03-24,enter,natural_gas,2.0,0.7616037588910233,EQT|KMI|RRC
2023-03-24,enter,defense,3.0,0.7285577072841494,MRCY|KTOS|NOC
2023-03-27,exit,pharma_largecap,22.0,0.6383495145631067,SNY|NVO|REGN
2023-03-27,exit,natural_gas,14.0,0.6866725507502206,EQT|KMI|RRC
2023-03-27,exit,defense,30.0,0.6162842012356575,MRCY|KTOS|NOC
2023-03-27,enter,oil_gas,1.0,0.8009708737864077,APA|BP|RRC
2023-03-27,enter,oil_exploration,2.0,0.8005295675198588,APA|USO|EOG
2023-03-27,enter,ai_apps,3.0,0.7645631067961165,AI|SNAP|SOUN
2023-03-28,exit,ai_apps,91.0,0.2599293909973521,AI|SNAP|SOUN
2023-03-28,enter,gold_silver_miners,1.0,0.9362312444836717,CDE|FSM|IAG
2023-03-28,enter,copper_metals,2.0,0.8278905560458959,EQX|IAG|ASM
2023-03-28,enter,silver,3.0,0.8027360988526038,HL|SVM|AG
2023-03-29,exit,oil_gas,26.0,0.6123124448367168,APA|BP|RRC
2023-03-29,exit,oil_exploration,48.0,0.5052956751985878,APA|USO|EOG
2023-03-29,exit,gold_silver_miners,29.0,0.6092233009708736,CDE|FSM|IAG
2023-03-29,exit,copper_metals,46.0,0.5207413945278023,EQX|IAG|ASM
2023-03-29,exit,silver,70.0,0.4267431597528685,HL|SVM|AG
2023-03-29,enter,real_estate_reits,1.0,0.7345542806707854,DEI|HPP|EQIX
2023-03-29,enter,power_grid_electrification,2.0,0.7001323918799647,PEG|EIX|BE
2023-03-29,enter,workflow_software,3.0,0.6970432480141218,WDAY|HUBS|TEAM
2023-03-30,exit,power_grid_electrification,15.0,0.6831421006178288,PEG|EIX|BE
2023-03-30,exit,workflow_software,47.0,0.531332744924978,WDAY|HUBS|TEAM
2023-03-30,enter,managed_care,1.0,0.8406884377758164,OSCR|CVS|CNC
2023-03-30,enter,gold_silver_miners,2.0,0.8298764342453662,AU|CDE|USAS
2023-03-31,exit,real_estate_reits,9.0,0.6782877316857899,DEI|HPP|EQIX
2023-03-31,exit,managed_care,12.0,0.6696822594880848,OSCR|CVS|CNC
2023-03-31,exit,gold_silver_miners,53.0,0.5057369814651368,AU|CDE|USAS
2023-03-31,enter,workflow_software,1.0,0.764783759929391,WDAY|TEAM|HUBS
2023-03-31,enter,ai_apps_agents,2.0,0.7433804060017652,AI|SOUN|DDOG
2023-03-31,enter,business_apps,3.0,0.7341129744042365,AI|WDAY|TYL
2023-04-03,exit,workflow_software,66.0,0.4271844660194175,WDAY|TEAM|HUBS
2023-04-03,exit,ai_apps_agents,12.0,0.7100617828773168,AI|SOUN|DDOG
2023-04-03,exit,business_apps,27.0,0.5794351279788174,AI|WDAY|TYL
2023-04-03,enter,oil_exploration,1.0,0.8501765225066197,FANG|COP|DVN
2023-04-03,enter,oil_gas,2.0,0.849073256840247,OVV|FANG|COP
2023-04-03,enter,managed_care,3.0,0.8470873786407768,ALHC|OSCR|CVS
2023-04-04,exit,oil_exploration,23.0,0.631288614298323,FANG|COP|DVN
2023-04-04,exit,oil_gas,15.0,0.6791703442188879,OVV|FANG|COP
2023-04-04,exit,managed_care,29.0,0.6085613415710502,ALHC|OSCR|CVS
2023-04-04,enter,gold_silver_miners,1.0,0.8439982347749337,USAS|EXK|KGC
2023-04-04,enter,quantum_computing,2.0,0.7469108561341571,IONQ|QBTS|QUBT
2023-04-04,enter,creative_software,3.0,0.7314651368049425,RBLX|U|CDNS
2023-04-05,exit,gold_silver_miners,8.0,0.7473521624007061,USAS|EXK|KGC
2023-04-05,exit,quantum_computing,20.0,0.6745366284201235,IONQ|QBTS|QUBT
2023-04-05,exit,creative_software,47.0,0.5046337157987643,RBLX|U|CDNS
2023-04-05,enter,oil_gas,1.0,0.7850838481906444,OVV|COP|FANG
2023-04-05,enter,pharma,2.0,0.7789055604589585,JNJ|MRK|XLV
2023-04-05,enter,healthcare,3.0,0.7784642541924096,UNH|HUM|MOH
2023-04-06,exit,oil_gas,27.0,0.58693733451015,OVV|COP|FANG
2023-04-06,exit,pharma,17.0,0.6690203000882612,JNJ|MRK|XLV
2023-04-06,exit,healthcare,10.0,0.703442188879082,UNH|HUM|MOH
2023-04-06,enter,quantum_computing,1.0,0.8049426301853486,IONQ|QBTS|QUBT
2023-04-06,enter,ai_apps,2.0,0.781332744924978,SOUN|PINS|APP
2023-04-06,enter,ai_apps_agents,3.0,0.7656663724624889,GOOGL|SOUN|ORCL
2023-04-10,exit,quantum_computing,28.0,0.5723742277140335,IONQ|QBTS|QUBT
2023-04-10,exit,ai_apps,93.0,0.25728155339805825,SOUN|PINS|APP
2023-04-10,exit,ai_apps_agents,92.0,0.2764783759929391,GOOGL|SOUN|ORCL
2023-04-10,enter,oil_gas,1.0,0.7771403353927626,YPF|OVV|APA
2023-04-10,enter,defense_aerospace,2.0,0.7504413062665491,AVAV|LMT|MRCY
2023-04-10,enter,defense,3.0,0.7398499558693734,LMT|RTX|MRCY
2023-04-11,exit,oil_gas,33.0,0.6037069726390115,YPF|OVV|APA
2023-04-11,exit,defense_aerospace,36.0,0.5986319505736981,AVAV|LMT|MRCY
2023-04-11,exit,defense,52.0,0.5044130626654899,LMT|RTX|MRCY
2023-04-11,enter,transport_logistics,1.0,0.7910414827890555,XPO|LUV|SAIA
2023-04-11,enter,copper_metals,2.0,0.7744924977934687,IAG|HMY|EXK
2023-04-11,enter,real_estate_reits,3.0,0.7632391879964695,MPT|AMT|WELL
2023-04-12,exit,transport_logistics,33.0,0.6037069726390114,XPO|LUV|SAIA
2023-04-12,exit,copper_metals,13.0,0.7001323918799646,IAG|HMY|EXK
2023-04-12,exit,real_estate_reits,42.0,0.5419240953221536,MPT|AMT|WELL
2023-04-12,enter,pharma_largecap,1.0,0.8442188879082083,AZN|LLY|MRK
2023-04-12,enter,utilities_yield,2.0,0.8228155339805825,PCG|AES|EIX
2023-04-12,enter,defense_aerospace,3.0,0.7877316857899382,RXT|RTX|VELO
2023-04-13,exit,pharma_largecap,22.0,0.61738746690203,AZN|LLY|MRK
2023-04-13,exit,utilities_yield,84.0,0.3214916151809356,PCG|AES|EIX
2023-04-13,exit,defense_aerospace,12.0,0.6807149161518093,RXT|RTX|VELO
2023-04-13,enter,gold_silver_miners,1.0,0.8124448367166813,EXK|HL|EGO
2023-04-13,enter,asset_managers_alts,2.0,0.806928508384819,IVZ|ARES|BAM
2023-04-13,enter,crypto_infrastructure,3.0,0.8022947925860546,CLSK|WULF|RIOT
2023-04-14,exit,gold_silver_miners,54.0,0.48521624007060904,EXK|HL|EGO
2023-04-14,exit,asset_managers_alts,24.0,0.6484995586937334,IVZ|ARES|BAM
2023-04-14,enter,cloud_neocloud,1.0,0.8362753751103265,CLSK|IREN|CIFR
2023-04-14,enter,mega_banks,3.0,0.8042806707855251,JPM|C|BAC
2023-04-17,exit,crypto_infrastructure,30.0,0.6109885260370697,CLSK|WULF|RIOT
2023-04-17,exit,cloud_neocloud,23.0,0.6434245366284201,CLSK|IREN|CIFR
2023-04-17,enter,regional_banks,2.0,0.793468667255075,FITB|PNC|HBAN
2023-04-17,enter,asset_managers,3.0,0.7866284201235658,BX|MS|BLK
2023-04-18,exit,regional_banks,57.0,0.4446160635481023,FITB|PNC|HBAN
2023-04-18,exit,asset_managers,7.0,0.7575022065313329,BX|MS|BLK
2023-04-18,enter,homebuilders_housing,1.0,0.8793027360988528,MTH|PHM|BLDR
2023-04-18,enter,copper,3.0,0.8113415710503089,SCCO|TECK|HBM
2023-04-19,exit,mega_banks,9.0,0.7612533097969992,JPM|C|BAC
2023-04-19,exit,homebuilders_housing,11.0,0.7422771403353926,MTH|PHM|BLDR
2023-04-19,exit,copper,47.0,0.5255957634598412,SCCO|TECK|HBM
2023-04-19,enter,asset_managers_alts,1.0,0.8409090909090909,BX|ARES|CG
2023-04-19,enter,banks_brokers_exchanges,2.0,0.8126654898499559,MS|WFC|SCHW
2023-04-19,enter,regional_banks,3.0,0.8075904677846425,PNC|FITB|TFC
2023-04-20,exit,asset_managers_alts,20.0,0.659532215357458,BX|ARES|CG
2023-04-20,exit,banks_brokers_exchanges,27.0,0.6385701676963813,MS|WFC|SCHW
2023-04-20,exit,regional_banks,40.0,0.5677405119152692,PNC|FITB|TFC
2023-04-20,enter,homebuilders_housing,1.0,0.8576787290379524,BLD|DHI|LEN
2023-04-20,enter,medtech_devices,2.0,0.7998676081200353,TMDX|ISRG|SYK
2023-04-20,enter,construction_infrastructure,3.0,0.7722859664607237,MAS|TREX|OC
2023-04-21,exit,homebuilders_housing,20.0,0.6884377758164166,BLD|DHI|LEN
2023-04-21,exit,construction_infrastructure,52.0,0.4947043248014122,MAS|TREX|OC
2023-04-21,enter,medtech,2.0,0.8126654898499558,ISRG|DXCM|MDT
2023-04-21,enter,transport_logistics,3.0,0.7928067078552516,XPO|SAIA|LYFT
2023-04-24,exit,medtech_devices,7.0,0.7466902030008826,TMDX|ISRG|SYK
2023-04-24,exit,medtech,5.0,0.7811120917917035,ISRG|DXCM|MDT
2023-04-24,exit,transport_logistics,11.0,0.7279346866725508,XPO|SAIA|LYFT
2023-04-24,enter,consumer_staples,1.0,0.8402471315092676,PG|DLTR|DG
2023-04-24,enter,oil_services,2.0,0.8203883495145631,PTEN|LBRT|NBR
2023-04-24,enter,homebuilders_housing,3.0,0.8018534863195059,CCS|DHI|PHM
2023-04-25,exit,oil_services,53.0,0.4872021182700795,PTEN|LBRT|NBR
2023-04-25,exit,homebuilders_housing,12.0,0.7157987643424536,CCS|DHI|PHM
2023-04-25,enter,restaurants_food,2.0,0.7914827890556047,SBUX|WING|MCD
2023-04-25,enter,medtech_devices,3.0,0.7883936451897616,MDT|ISRG|TMDX
2023-04-26,exit,consumer_staples,17.0,0.6586496028243601,PG|DLTR|DG
2023-04-26,exit,medtech_devices,4.0,0.7614739629302736,MDT|ISRG|TMDX
2023-04-26,enter,restaurants,1.0,0.8097969991173875,CMG|SBUX|DPZ
2023-04-26,enter,consumer,2.0,0.809576345984113,CMG|SBUX|DPZ
2023-04-27,exit,restaurants_food,7.0,0.7308031774051191,SBUX|WING|MCD
2023-04-27,exit,restaurants,9.0,0.7215357458075905,CMG|SBUX|DPZ
2023-04-27,exit,consumer,15.0,0.689982347749338,CMG|SBUX|DPZ
2023-04-27,enter,datacenter_infra,1.0,0.8287731685789939,VRT|HUBB|FBIN
2023-04-27,enter,mega_cap_platforms,2.0,0.7683142100617829,META|MSFT|LLY
2023-04-27,enter,consumer_staples,3.0,0.7546337157987641,MDLZ|PG|PEP
2023-04-28,exit,datacenter_infra,13.0,0.7096204766107678,VRT|HUBB|FBIN
2023-04-28,exit,mega_cap_platforms,22.0,0.6257722859664607,META|MSFT|LLY
2023-04-28,exit,consumer_staples,35.0,0.5787731685789937,MDLZ|PG|PEP
2023-04-28,enter,natural_gas,1.0,0.8161959399823479,EQT|RRC|AR
2023-04-28,enter,restaurants_food,2.0,0.7868490732568404,CMG|SBUX|WING
2023-04-28,enter,oil_gas,3.0,0.7742718446601943,XOM|RRC|AR
2023-05-01,exit,natural_gas,55.0,0.47241835834068835,EQT|RRC|AR
2023-05-01,exit,oil_gas,80.0,0.3331862312444837,XOM|RRC|AR
2023-05-01,enter,managed_care_insurance,1.0,0.8038393645189762,ALHC|MOH|OSCR
2023-05-01,enter,healthcare,2.0,0.7956751985878199,ALHC|MOH|HIMS
2023-05-01,enter,restaurants,3.0,0.7906001765225067,CMG|SBUX|TXRH
2023-05-02,exit,managed_care_insurance,28.0,0.5970873786407768,ALHC|MOH|OSCR
2023-05-02,exit,healthcare,29.0,0.5962047661076787,ALHC|MOH|HIMS
2023-05-02,exit,restaurants,4.0,0.7365401588702559,CMG|SBUX|TXRH
2023-05-02,enter,datacenter_infra,2.0,0.8000882612533099,HUBB|FLS|AME
2023-05-02,enter,gold_silver_miners,3.0,0.7603706972639012,EGO|HMY|IAG
2023-05-03,exit,restaurants_food,49.0,0.514342453662842,CMG|SBUX|WING
2023-05-03,exit,datacenter_infra,3.0,0.7599293909973521,HUBB|FLS|AME
2023-05-03,exit,gold_silver_miners,11.0,0.7173433362753752,EGO|HMY|IAG
2023-05-03,enter,data_centers,1.0,0.7928067078552516,SMCI|VRT|CSCO
2023-05-03,enter,biotech_innovation,2.0,0.7850838481906444,TGTX|ARWR|PACB
2023-05-03,enter,datacenter_infra,3.0,0.7599293909973521,GNRC|FLS|VRT
2023-05-04,exit,data_centers,11.0,0.6999117387466902,SMCI|VRT|CSCO
2023-05-04,exit,biotech_innovation,9.0,0.7255075022065313,TGTX|ARWR|PACB
2023-05-04,exit,datacenter_infra,37.0,0.5489849955869373,GNRC|FLS|VRT
2023-05-04,enter,gold_silver_miners,1.0,0.8437775816416595,HMY|EGO|IAG
2023-05-04,enter,gold,2.0,0.8020741394527802,AEM|FNV|GLD
2023-05-04,enter,utilities_yield,3.0,0.7729479258605472,CEG|SO|FCEL
2023-05-05,exit,gold_silver_miners,41.0,0.5326566637246248,HMY|EGO|IAG
2023-05-05,exit,gold,61.0,0.4715357458075905,AEM|FNV|GLD
2023-05-05,exit,utilities_yield,27.0,0.5856134157105031,CEG|SO|FCEL
2023-05-05,enter,cybersecurity,1.0,0.7654457193292146,BB|QLYS|FTNT
2023-05-05,enter,semicap_equipment,2.0,0.75,ONTO|ENTG|AEHR
2023-05-05,enter,biotech,3.0,0.7458075904677848,CRSP|NTLA|BIIB
2023-05-08,exit,semicap_equipment,52.0,0.48014121800529574,ONTO|ENTG|AEHR
2023-05-08,exit,biotech,40.0,0.5399382171226831,CRSP|NTLA|BIIB
2023-05-08,enter,consumer_internet_marketplaces,1.0,0.851279788172992,SHOP|CVNA|OPEN
2023-05-08,enter,fintech_payments,2.0,0.8018534863195059,PAGS|NU|AFRM
2023-05-09,exit,cybersecurity,11.0,0.6897616946160636,BB|QLYS|FTNT
2023-05-09,exit,fintech_payments,19.0,0.6480582524271845,PAGS|NU|AFRM
2023-05-09,enter,uranium,1.0,0.8051632833186231,UUUU|DNN|LEU
2023-05-09,enter,nuclear_uranium,2.0,0.7835392762577229,UUUU|LEU|UEC
2023-05-09,enter,cloud,3.0,0.7826566637246248,ZS|MDB|NET
2023-05-10,exit,consumer_internet_marketplaces,4.0,0.7817740511915269,SHOP|CVNA|OPEN
2023-05-10,exit,uranium,35.0,0.5697263901147397,UUUU|DNN|LEU
2023-05-10,exit,nuclear_uranium,28.0,0.6151809355692851,UUUU|LEU|UEC
2023-05-10,enter,cybersecurity,2.0,0.7996469549867607,BB|ZS|NET
2023-05-10,enter,ai_apps_agents,3.0,0.7945719329214473,DUOL|PLTR|DDOG
2023-05-11,exit,cloud,12.0,0.7054280670785527,ZS|MDB|NET
2023-05-11,enter,fintech_payments,1.0,0.8398058252427184,UPST|PAGS|AFRM
2023-05-11,enter,consumer_internet_marketplaces,2.0,0.8287731685789939,ACVA|COMP|CVNA
2023-05-12,exit,cybersecurity,8.0,0.6734203831576762,BB|ZS|NET
2023-05-12,exit,ai_apps_agents,7.0,0.6814287939359328,DUOL|PLTR|DDOG
2023-05-12,exit,fintech_payments,13.0,0.6567805409895644,UPST|PAGS|AFRM
2023-05-12,exit,consumer_internet_marketplaces,34.0,0.5876901510824982,ACVA|COMP|CVNA
2023-05-12,enter,solar,1.0,0.7790093972275582,FSLR|NXT|ARRY
2023-05-12,enter,renewables_storage,2.0,0.7726364155547482,FSLR|FLNC|ARRY
2023-05-12,enter,natural_gas,3.0,0.7260915840299051,RRC|EQT|AR
2023-05-15,exit,solar,15.0,0.7067519858781994,FSLR|NXT|ARRY
2023-05-15,exit,renewables_storage,14.0,0.7071932921447484,FSLR|FLNC|ARRY
2023-05-15,exit,natural_gas,20.0,0.6707855251544572,RRC|EQT|AR
2023-05-15,enter,china_internet,1.0,0.807369814651368,TME|LI|BEKE
2023-05-15,enter,ai_apps,2.0,0.8040600176522508,APP|AI|DUOL
2023-05-15,enter,semicap_equipment,3.0,0.8016328331862315,ONTO|VECO|KLAC
2023-05-16,exit,china_internet,10.0,0.7091791703442188,TME|LI|BEKE
2023-05-16,enter,quantum_computing,2.0,0.7998676081200353,IONQ|QBTS|QUBT
2023-05-16,enter,ai_apps_agents,3.0,0.7784642541924096,AI|GOOGL|APP
2023-05-17,exit,ai_apps,16.0,0.6738746690203001,APP|AI|DUOL
2023-05-17,exit,semicap_equipment,1.0,0.7928067078552516,ONTO|VECO|KLAC
2023-05-17,exit,quantum_computing,24.0,0.6421006178287731,IONQ|QBTS|QUBT
2023-05-17,exit,ai_apps_agents,12.0,0.6985878199470432,AI|GOOGL|APP
2023-05-17,enter,semicap_equipment,1.0,0.7928067078552516,ONTO|ENTG|AMAT
2023-05-17,enter,airlines_travel,2.0,0.7422771403353926,DAL|CCL|UAL
2023-05-17,enter,mega_banks,3.0,0.7349955869373345,BAC|WFC|GS
2023-05-18,exit,airlines_travel,40.0,0.5558252427184466,DAL|CCL|UAL
2023-05-18,exit,mega_banks,52.0,0.4763901147396293,BAC|WFC|GS
2023-05-18,enter,semis,2.0,0.7888349514563107,LRCX|AMAT|MRVL
2023-05-18,enter,memory,3.0,0.7822153574580759,RMBS|WDC|MRAM
2023-05-19,exit,semicap_equipment,18.0,0.648720211827008,ONTO|ENTG|AMAT
2023-05-19,exit,semis,9.0,0.6855692850838482,LRCX|AMAT|MRVL
2023-05-19,exit,memory,4.0,0.7208737864077671,RMBS|WDC|MRAM
2023-05-19,enter,semis_compute,1.0,0.7378640776699029,NVTS|RMBS|MU
2023-05-19,enter,cloud_neocloud,2.0,0.7316857899382171,APLD|BE|DELL
2023-05-19,enter,networking,3.0,0.7248455428067079,CSCO|MRVL|HPE
2023-05-22,exit,networking,36.0,0.5536187113857016,CSCO|MRVL|HPE
2023-05-22,enter,ai_apps_agents,1.0,0.8084730803177405,PLTR|SOUN|AI
2023-05-22,enter,workflow_software,2.0,0.7866284201235659,NOW|TEAM|DOCU
2023-05-22,enter,ai_apps,3.0,0.7833186231244484,RXRX|SOUN|AI
2023-05-23,exit,semis_compute,17.0,0.6690203000882611,NVTS|RMBS|MU
2023-05-23,exit,cloud_neocloud,56.0,0.48411297440423656,APLD|BE|DELL
2023-05-23,exit,ai_apps_agents,10.0,0.6943954104148279,PLTR|SOUN|AI
2023-05-23,exit,workflow_software,27.0,0.6213592233009708,NOW|TEAM|DOCU
2023-05-23,enter,quantum_computing,1.0,0.7914827890556045,QBTS|RGTI|IONQ
2023-05-23,enter,banks_brokers_exchanges,3.0,0.7612533097969992,COF|COLB|WFC
2023-05-24,exit,ai_apps,16.0,0.6829214474845543,RXRX|SOUN|AI
2023-05-24,exit,banks_brokers_exchanges,58.0,0.4677846425419241,COF|COLB|WFC
2023-05-24,enter,cybersecurity,2.0,0.7815533980582524,CRWD|PANW|S
2023-05-24,enter,oil_services,3.0,0.762577228596646,RIG|HAL|FTI
2023-05-25,exit,quantum_computing,6.0,0.7656663724624889,QBTS|RGTI|IONQ
2023-05-25,exit,cybersecurity,19.0,0.6540158870255958,CRWD|PANW|S
2023-05-25,exit,oil_services,53.0,0.4684466019417476,RIG|HAL|FTI
2023-05-25,enter,electronics_components,1.0,0.8323036187113857,FLEX|JBL|COHR
2023-05-25,enter,networking,2.0,0.7998676081200353,MRVL|ANET|HPE
2023-05-25,enter,ai_infrastructure,3.0,0.7976610767872903,SMCI|NVDA|TSM
2023-05-26,exit,networking,9.0,0.7608120035304501,MRVL|ANET|HPE
2023-05-26,enter,quantum_computing,1.0,0.8506178287731685,QBTS|RGTI|ARQQ
2023-05-26,enter,semis_compute,2.0,0.8232568402471315,MRVL|CRDO|AVGO
2023-05-26,enter,data_centers,3.0,0.8042806707855251,VRT|SMCI|PSTG
2023-05-30,exit,electronics_components,27.0,0.632171226831421,FLEX|JBL|COHR
2023-05-30,exit,ai_infrastructure,12.0,0.6793909973521625,SMCI|NVDA|TSM
2023-05-30,exit,quantum_computing,5.0,0.7444836716681376,QBTS|RGTI|ARQQ
2023-05-30,exit,semis_compute,7.0,0.7221977052074139,MRVL|CRDO|AVGO
2023-05-30,exit,data_centers,1.0,0.7868490732568403,VRT|SMCI|PSTG
2023-05-30,enter,data_centers,1.0,0.7868490732568403,SMCI|PSTG|VRT
2023-05-30,enter,networking,2.0,0.7795675198587819,MRVL|ANET|QCOM
2023-05-30,enter,networking_optical,3.0,0.7563989408649603,LWLG|AAOI|CRDO
2023-05-31,exit,data_centers,5.0,0.7153574580759047,SMCI|PSTG|VRT
2023-05-31,exit,networking,19.0,0.6167255075022066,MRVL|ANET|QCOM
2023-05-31,exit,networking_optical,34.0,0.5776699029126214,LWLG|AAOI|CRDO
2023-05-31,enter,cybersecurity,1.0,0.8190644307149162,NET|CRWD|OKTA
2023-05-31,enter,real_estate_reits,2.0,0.7402912621359223,PLD|MPT|DLR
2023-05-31,enter,datacenter_reits_towers,3.0,0.7402912621359222,DLR|CCI|EQIX
2023-06-01,exit,cybersecurity,64.0,0.43623124448367173,NET|CRWD|OKTA
2023-06-01,exit,real_estate_reits,57.0,0.4677846425419241,PLD|MPT|DLR
2023-06-01,exit,datacenter_reits_towers,31.0,0.5847308031774052,DLR|CCI|EQIX
2023-06-01,enter,data_centers,1.0,0.8097969991173875,PSTG|SMCI|DLR
2023-06-01,enter,semis,2.0,0.789938217122683,MRVL|AVGO|KLAC
2023-06-01,enter,memory_storage,3.0,0.7610326566637245,PSTG|MRAM|QMCO
2023-06-02,exit,data_centers,31.0,0.5924536628420123,PSTG|SMCI|DLR
2023-06-02,exit,semis,81.0,0.3698146513680494,MRVL|AVGO|KLAC
2023-06-02,exit,memory_storage,47.0,0.5229479258605473,PSTG|MRAM|QMCO
2023-06-02,enter,airlines_travel,1.0,0.7806707855251546,GBTG|RCL|CCL
2023-06-02,enter,fintech,2.0,0.7672109443954104,SOFI|AFRM|HOOD
2023-06-02,enter,copper,3.0,0.7548543689320387,FCX|TECK|HBM
2023-06-05,exit,airlines_travel,9.0,0.747352162400706,GBTG|RCL|CCL
2023-06-05,exit,fintech,20.0,0.6513680494263018,SOFI|AFRM|HOOD
2023-06-05,exit,copper,67.0,0.455648720211827,FCX|TECK|HBM
2023-06-05,enter,ai_apps_agents,1.0,0.8356134157105032,IOT|PATH|GTM
2023-06-05,enter,managed_care_insurance,2.0,0.8254633715798764,OSCR|CLOV|ELV
2023-06-05,enter,cloud,3.0,0.8234774933804059,MDB|SNOW|ZS
2023-06-06,exit,ai_apps_agents,54.0,0.5198587819947044,IOT|PATH|GTM
2023-06-06,exit,managed_care_insurance,38.0,0.5789938217122683,OSCR|CLOV|ELV
2023-06-06,exit,cloud,37.0,0.5796557811120918,MDB|SNOW|ZS
2023-06-06,enter,china_internet,1.0,0.8473080317740512,BEKE|JD|BIDU
2023-06-06,enter,airlines_travel,2.0,0.7680935569285084,EXPE|RCL|LYFT
2023-06-06,enter,homebuilders_housing,3.0,0.7680935569285084,KBH|CCS|LEN
2023-06-07,exit,china_internet,41.0,0.5796557811120918,BEKE|JD|BIDU
2023-06-07,exit,airlines_travel,16.0,0.6974845542806708,EXPE|RCL|LYFT
2023-06-07,exit,homebuilders_housing,12.0,0.7215357458075905,KBH|CCS|LEN
2023-06-07,enter,industrial_automation,1.0,0.8243601059135042,PH|CAT|TEX
2023-06-07,enter,drones_autonomy,2.0,0.8038393645189761,AUR|JOBY|KTOS
2023-06-07,enter,oil_services,3.0,0.8029567519858782,NBR|PTEN|LBRT
2023-06-08,exit,industrial_automation,23.0,0.6222418358340689,PH|CAT|TEX
2023-06-08,exit,drones_autonomy,37.0,0.5644307149161518,AUR|JOBY|KTOS
2023-06-08,exit,oil_services,12.0,0.6716681376875551,NBR|PTEN|LBRT
2023-06-08,enter,china_internet,1.0,0.7707413945278023,BEKE|TCOM|LI
2023-06-08,enter,asset_managers_alts,2.0,0.7550750220653134,OWL|BXMT|APO
2023-06-08,enter,dev_tools,3.0,0.717343336275375,GTLB|MDB|PTC
2023-06-09,exit,dev_tools,13.0,0.7118270079435127,GTLB|MDB|PTC
2023-06-09,enter,airlines_travel,1.0,0.851721094439541,NCLH|DAL|CCL
2023-06-12,exit,china_internet,17.0,0.6579876434245366,BEKE|TCOM|LI
2023-06-12,exit,asset_managers_alts,30.0,0.5962047661076787,OWL|BXMT|APO
2023-06-12,exit,airlines_travel,3.0,0.7619152691968225,NCLH|DAL|CCL
2023-06-12,enter,homebuilders_housing,1.0,0.8499558693733451,KBH|BLD|MAS
2023-06-12,enter,semis,2.0,0.8219329214474845,INTC|AMD|TSM
2023-06-12,enter,airlines_travel,3.0,0.7619152691968225,CCL|NCLH|HTZ
2023-06-13,exit,homebuilders_housing,48.0,0.5141218005295675,KBH|BLD|MAS
2023-06-13,exit,semis,28.0,0.5984112974404237,INTC|AMD|TSM
2023-06-13,exit,airlines_travel,4.0,0.7310238305383937,CCL|NCLH|HTZ
2023-06-13,enter,renewables_storage,1.0,0.7440423654015887,BLDP|AMPX|EOSE
2023-06-13,enter,lithium_battery_materials,2.0,0.7380847308031774,AMPX|ALB|QS
2023-06-13,enter,electronics_components,3.0,0.7319064430714917,COHR|CLS|JBL
2023-06-14,exit,renewables_storage,47.0,0.49669020300088257,BLDP|AMPX|EOSE
2023-06-14,exit,lithium_battery_materials,80.0,0.3439982347749338,AMPX|ALB|QS
2023-06-14,exit,electronics_components,17.0,0.6857899382171226,COHR|CLS|JBL
2023-06-14,enter,china_internet,1.0,0.8157546337157989,XPEV|NTES|NIO
2023-06-14,enter,drones_autonomy,2.0,0.7932480141218006,ACHR|JOBY|AUR
2023-06-14,enter,medtech,3.0,0.7740511915269197,EW|DXCM|SYK
2023-06-15,exit,china_internet,1.0,0.7524271844660195,XPEV|NTES|NIO
2023-06-15,exit,drones_autonomy,18.0,0.6381288614298324,ACHR|JOBY|AUR
2023-06-15,enter,china_internet,1.0,0.7524271844660195,XPEV|NIO|LI
2023-06-15,enter,ai_apps_agents,2.0,0.7469108561341571,SOUN|AI|ORCL
2023-06-15,enter,business_apps,3.0,0.7385260370697264,AI|ADSK|WDAY
2023-06-16,exit,china_internet,42.0,0.5496469549867607,XPEV|NIO|LI
2023-06-16,exit,ai_apps_agents,53.0,0.513901147396293,SOUN|AI|ORCL
2023-06-16,exit,business_apps,74.0,0.40953221535745804,AI|ADSK|WDAY
2023-06-16,enter,electronics_components,1.0,0.8353927625772285,IPGP|COHR|GLW
2023-06-16,enter,networking_optical,2.0,0.8172992056487202,AAOI|COHR|LITE
2023-06-16,enter,crypto_infrastructure,3.0,0.7978817299205649,CIFR|BTDR|HUT
2023-06-20,exit,medtech,36.0,0.5845101500441306,EW|DXCM|SYK
2023-06-21,exit,electronics_components,20.0,0.6802736098852603,IPGP|COHR|GLW
2023-06-21,exit,networking_optical,46.0,0.5401588702559578,AAOI|COHR|LITE
2023-06-21,enter,defense,2.0,0.8111209179170343,KTOS|TDG|LDOS
2023-06-21,enter,restaurants,3.0,0.8111209179170343,DPZ|SBUX|MCD
2023-06-22,exit,crypto_infrastructure,8.0,0.7122683142100619,CIFR|BTDR|HUT
2023-06-22,exit,defense,23.0,0.6184907325684024,KTOS|TDG|LDOS
2023-06-22,exit,restaurants,38.0,0.5425860547219771,DPZ|SBUX|MCD
2023-06-22,enter,homebuilders_housing,1.0,0.7738305383936454,BLD|DHI|MTH
2023-06-22,enter,managed_care_insurance,2.0,0.7680935569285084,UNH|CI|MOH
2023-06-22,enter,consumer_staples,3.0,0.7650044130626655,DG|DLTR|PG
2023-06-23,exit,managed_care_insurance,23.0,0.6396734333627536,UNH|CI|MOH
2023-06-23,exit,consumer_staples,12.0,0.7169020300088262,DG|DLTR|PG
2023-06-23,enter,crypto_infrastructure,2.0,0.8490732568402471,HUT|WULF|MARA
2023-06-23,enter,construction_infrastructure,3.0,0.8217122683142102,MLM|VMC|EXP
2023-06-26,exit,homebuilders_housing,25.0,0.6319505736981466,BLD|DHI|MTH
2023-06-26,exit,crypto_infrastructure,19.0,0.6590909090909091,HUT|WULF|MARA
2023-06-26,enter,datacenter_infra,1.0,0.8415710503089143,GNRC|CARR|VRT
2023-06-26,enter,transport_logistics,3.0,0.8177405119152692,UBER|DAL|SAIA
2023-06-27,exit,datacenter_infra,5.0,0.7870697263901147,GNRC|CARR|VRT
2023-06-27,enter,homebuilders_housing,2.0,0.8556928508384819,FND|CCS|TREX
2023-06-27,enter,semicap_equipment,3.0,0.8075904677846426,AMKR|AMAT|LRCX
2023-06-28,exit,construction_infrastructure,11.0,0.6855692850838483,MLM|VMC|EXP
2023-06-28,exit,homebuilders_housing,24.0,0.6244483671668137,FND|CCS|TREX
2023-06-28,exit,semicap_equipment,27.0,0.5997352162400705,AMKR|AMAT|LRCX
2023-06-28,enter,airlines_travel,2.0,0.8166372462488968,NCLH|DAL|CCL
2023-06-28,enter,datacenter_reits_towers,3.0,0.7473521624007061,DLR|SBAC|CCI
2023-06-29,exit,transport_logistics,15.0,0.7285966460723743,UBER|DAL|SAIA
2023-06-29,exit,airlines_travel,32.0,0.6162842012356575,NCLH|DAL|CCL
2023-06-29,enter,obesity_glp1_health,1.0,0.7914827890556045,SG|HIMS|LLY
2023-06-29,enter,real_estate_reits,2.0,0.7864077669902914,WY|DLR|SPG
2023-06-29,enter,construction_infrastructure,3.0,0.7793468667255075,HAYW|TREX|URI
2023-06-30,exit,datacenter_reits_towers,11.0,0.6950573698146514,DLR|SBAC|CCI
2023-06-30,exit,construction_infrastructure,30.0,0.5935569285083847,HAYW|TREX|URI
2023-06-30,enter,semicap_equipment,1.0,0.8184024713150928,CAMT|FORM|ACLS
2023-07-03,exit,obesity_glp1_health,39.0,0.5646513680494263,SG|HIMS|LLY
2023-07-03,exit,real_estate_reits,16.0,0.6838040600176521,WY|DLR|SPG
2023-07-03,exit,semicap_equipment,32.0,0.6087819947043247,CAMT|FORM|ACLS
2023-07-03,enter,china_internet,1.0,0.8067078552515445,XPEV|NIO|LI
2023-07-03,enter,fintech,2.0,0.7703000882612532,COIN|HOOD|FIS
2023-07-03,enter,quantum_computing,3.0,0.7680935569285084,RGTI|QBTS|IONQ
2023-07-05,exit,china_internet,31.0,0.602603706972639,XPEV|NIO|LI
2023-07-05,exit,fintech,11.0,0.7469108561341572,COIN|HOOD|FIS
2023-07-05,enter,renewables_storage,1.0,0.8292144748455428,QS|TE|ENVX
2023-07-05,enter,payments,3.0,0.8199470432480142,FIS|XYZ|GPN
2023-07-06,exit,quantum_computing,64.0,0.43755516328331856,RGTI|QBTS|IONQ
2023-07-06,exit,renewables_storage,69.0,0.42519858781994707,QS|TE|ENVX
2023-07-06,exit,payments,11.0,0.7138128861429833,FIS|XYZ|GPN
2023-07-06,enter,cloud_neocloud,1.0,0.7947925860547219,WULF|IREN|CLSK
2023-07-06,enter,lithium_battery_materials,2.0,0.7886142983230361,QS|SQM|ENVX
2023-07-06,enter,oil_services,3.0,0.7883936451897617,LBRT|RIG|BORR
2023-07-07,exit,cloud_neocloud,10.0,0.7259488084730803,WULF|IREN|CLSK
2023-07-07,enter,airlines_travel,1.0,0.8336275375110328,AAL|LUV|CCL
2023-07-07,enter,energy,2.0,0.8263459841129746,SLB|HAL|BKR
2023-07-07,enter,rare_earth_critical_minerals,3.0,0.8252427184466019,TMC|MP|ALB
2023-07-10,exit,oil_services,26.0,0.6206972639011473,LBRT|RIG|BORR
2023-07-10,exit,airlines_travel,4.0,0.733892321270962,AAL|LUV|CCL
2023-07-10,exit,energy,13.0,0.6763018534863195,SLB|HAL|BKR
2023-07-10,enter,crypto_infrastructure,2.0,0.7963371579876435,WULF|IREN|CIFR
2023-07-10,enter,biotech_innovation,3.0,0.7411738746690203,CMPS|DFTX|NVAX
2023-07-11,exit,lithium_battery_materials,44.0,0.542144748455428,QS|SQM|ENVX
2023-07-11,exit,rare_earth_critical_minerals,30.0,0.5968667255075022,TMC|MP|ALB
2023-07-11,exit,crypto_infrastructure,22.0,0.6224624889673434,WULF|IREN|CIFR
2023-07-11,exit,biotech_innovation,32.0,0.586054721977052,CMPS|DFTX|NVAX
2023-07-11,enter,oil_exploration,1.0,0.8424536628420123,APA|USO|FANG
2023-07-11,enter,oil_services,2.0,0.8417917034421888,SLB|HAL|RIG
2023-07-11,enter,consumer_internet,3.0,0.7663283318623124,SNAP|BABA|PINS
2023-07-12,exit,consumer_internet,11.0,0.7228596646072373,SNAP|BABA|PINS
2023-07-12,enter,gold_silver_miners,1.0,0.837819947043248,EXK|HL|AG
2023-07-12,enter,silver,2.0,0.7764783759929391,AG|HL|PAAS
2023-07-12,enter,china_internet,3.0,0.7753751103265666,BILI|YMM|BABA
2023-07-13,exit,oil_exploration,24.0,0.6343777581641659,APA|USO|FANG
2023-07-13,exit,oil_services,15.0,0.6789496910856133,SLB|HAL|RIG
2023-07-13,exit,gold_silver_miners,23.0,0.6407766990291262,EXK|HL|AG
2023-07-13,exit,silver,40.0,0.5743601059135038,AG|HL|PAAS
2023-07-13,enter,cloud_neocloud,1.0,0.8056045895851721,WULF|CIFR|CLSK
2023-07-13,enter,biotech,2.0,0.7983230361871139,RXRX|EXAS|CRSP
2023-07-14,exit,china_internet,28.0,0.6248896734333629,BILI|YMM|BABA
2023-07-14,exit,cloud_neocloud,19.0,0.6619593998234775,WULF|CIFR|CLSK
2023-07-14,enter,biotech_innovation,1.0,0.8172992056487202,RXRX|ROIV|BBIO
2023-07-14,enter,gold_silver_miners,2.0,0.7976610767872904,EXK|AG|HMY
2023-07-14,enter,consumer_internet_marketplaces,3.0,0.7932480141218006,CVNA|PDD|COMP
2023-07-17,exit,biotech,10.0,0.7312444836716682,RXRX|EXAS|CRSP
2023-07-17,exit,biotech_innovation,25.0,0.6454104148278905,RXRX|ROIV|BBIO
2023-07-17,exit,gold_silver_miners,19.0,0.666151809355693,EXK|AG|HMY
2023-07-17,exit,consumer_internet_marketplaces,22.0,0.6513680494263019,CVNA|PDD|COMP
2023-07-17,enter,semicap_equipment,1.0,0.8448808473080318,AEHR|CAMT|FORM
2023-07-17,enter,ai_apps,2.0,0.7958958517210943,RXRX|SNAP|PATH
2023-07-17,enter,fintech_payments,3.0,0.7822153574580759,UPST|FLYW|HOOD
2023-07-18,exit,semicap_equipment,23.0,0.5970873786407769,AEHR|CAMT|FORM
2023-07-18,exit,ai_apps,13.0,0.6701235657546337,RXRX|SNAP|PATH
2023-07-18,exit,fintech_payments,17.0,0.6266548984995587,UPST|FLYW|HOOD
2023-07-18,enter,gold_silver_miners,1.0,0.9240953221535746,EXK|FSM|USAS
2023-07-18,enter,silver,2.0,0.8746690203000882,AG|SVM|HL
2023-07-18,enter,biotech,3.0,0.8133274492497794,RXRX|AMGN|VRTX
2023-07-19,exit,gold_silver_miners,31.0,0.5827449249779346,EXK|FSM|USAS
2023-07-19,exit,silver,43.0,0.5101500441306266,AG|SVM|HL
2023-07-19,exit,biotech,33.0,0.5772285966460724,RXRX|AMGN|VRTX
2023-07-19,enter,managed_care,1.0,0.8243601059135041,ELV|CI|UNH
2023-07-19,enter,workflow_software,2.0,0.8221535745807591,TEAM|NOW|ZM
2023-07-19,enter,asset_managers,3.0,0.8157546337157987,SCHW|BX|MS
2023-07-20,exit,managed_care,12.0,0.7166813768755516,ELV|CI|UNH
2023-07-20,exit,workflow_software,64.0,0.41041482789055606,TEAM|NOW|ZM
2023-07-20,exit,asset_managers,9.0,0.7378640776699029,SCHW|BX|MS
2023-07-20,enter,banks_brokers_exchanges,1.0,0.7888349514563107,VLY|MS|SCHW
2023-07-20,enter,defense,2.0,0.778684907325684,KTOS|RKLB|HEI
2023-07-20,enter,pharma,3.0,0.7758164165931155,JNJ|ABBV|NVO
2023-07-21,exit,banks_brokers_exchanges,13.0,0.7075177820466226,VLY|MS|SCHW
2023-07-21,exit,defense,40.0,0.5404054825813821,KTOS|RKLB|HEI
2023-07-21,enter,pharma_largecap,1.0,0.8059550386791964,JNJ|GILD|BMY
2023-07-21,enter,biotech,2.0,0.8057733243341467,GILD|VRTX|RXRX
2023-07-24,exit,pharma,20.0,0.6908649602824359,JNJ|ABBV|NVO
2023-07-24,exit,pharma_largecap,31.0,0.6412180052956752,JNJ|GILD|BMY
2023-07-24,exit,biotech,61.0,0.4355692850838482,GILD|VRTX|RXRX
2023-07-24,enter,regional_banks,1.0,0.8581200353045012,KEY|PNC|HBAN
2023-07-24,enter,oil_gas,2.0,0.8554721977052074,AESI|APA|FANG
2023-07-24,enter,banks_brokers_exchanges,3.0,0.8203883495145631,VLY|BAC|GS
2023-07-25,exit,regional_banks,38.0,0.5909090909090909,KEY|PNC|HBAN
2023-07-25,exit,oil_gas,3.0,0.7740511915269197,AESI|APA|FANG
2023-07-25,exit,banks_brokers_exchanges,33.0,0.6092233009708738,VLY|BAC|GS
2023-07-25,enter,agriculture_food_inputs,1.0,0.7923654015887025,ADM|CF|BG
2023-07-25,enter,copper,2.0,0.7822153574580758,SCCO|HBM|FCX
2023-07-25,enter,oil_gas,3.0,0.7740511915269197,AESI|FANG|OXY
2023-07-26,exit,agriculture_food_inputs,6.0,0.76522506619594,ADM|CF|BG
2023-07-26,exit,copper,37.0,0.5803177405119152,SCCO|HBM|FCX
2023-07-26,exit,oil_gas,21.0,0.6789496910856133,AESI|FANG|OXY
2023-07-26,enter,insurance,1.0,0.8245807590467785,CB|PGR|ALL
2023-07-26,enter,consumer_staples,2.0,0.8007502206531332,WMT|KR|PG
2023-07-26,enter,china_internet,3.0,0.7965578111209181,XPEV|NIO|BEKE
2023-07-27,exit,insurance,29.0,0.5977493380406002,CB|PGR|ALL
2023-07-27,exit,consumer_staples,42.0,0.5564872021182701,WMT|KR|PG
2023-07-27,enter,semis,1.0,0.820829655781112,LRCX|KLAC|AMAT
2023-07-27,enter,semicap_equipment,2.0,0.8148720211827009,LRCX|ONTO|CAMT
2023-07-27,enter,electronics_components,3.0,0.7824360105913505,CLS|APH|GLW
2023-07-28,exit,electronics_components,38.0,0.5511915269196823,CLS|APH|GLW
2023-07-28,enter,consumer_internet_marketplaces,2.0,0.839585172109444,BEKE|BILI|BIDU
2023-07-31,exit,china_internet,5.0,0.7206531332744925,XPEV|NIO|BEKE
2023-07-31,exit,semis,35.0,0.5902471315092673,LRCX|KLAC|AMAT
2023-07-31,exit,semicap_equipment,17.0,0.6465136804942629,LRCX|ONTO|CAMT
2023-07-31,exit,consumer_internet_marketplaces,12.0,0.6807149161518092,BEKE|BILI|BIDU
2023-07-31,enter,uranium,1.0,0.7718446601941749,UEC|UUUU|LEU
2023-07-31,enter,electronics_components,2.0,0.7650044130626652,CLS|MTSI|SANM
2023-07-31,enter,copper_metals,3.0,0.7528684907325685,HBM|SCCO|TGB
2023-08-01,exit,uranium,50.0,0.503530450132392,UEC|UUUU|LEU
2023-08-01,exit,electronics_components,68.0,0.4071050308914387,CLS|MTSI|SANM
2023-08-01,exit,copper_metals,85.0,0.3300970873786408,HBM|SCCO|TGB
2023-08-01,enter,defense_aerospace,1.0,0.818181818181818,PLTR|LDOS|SAIC
2023-08-01,enter,quantum_computing,2.0,0.7985436893203883,RGTI|IONQ|QUBT
2023-08-01,enter,construction_infrastructure,3.0,0.778684907325684,TREX|MTZ|PRIM
2023-08-02,exit,defense_aerospace,20.0,0.630847308031774,PLTR|LDOS|SAIC
2023-08-02,enter,datacenter_infra,2.0,0.7497793468667255,VRT|FLS|TT
2023-08-02,enter,data_centers,3.0,0.7314651368049426,VRT|DLR|SMCI
2023-08-03,exit,quantum_computing,19.0,0.6582082965578111,RGTI|IONQ|QUBT
2023-08-03,exit,construction_infrastructure,10.0,0.7184466019417476,TREX|MTZ|PRIM
2023-08-03,exit,datacenter_infra,11.0,0.7107237422771402,VRT|FLS|TT
2023-08-03,exit,data_centers,26.0,0.633053839364519,VRT|DLR|SMCI
2023-08-03,enter,oil_gas,1.0,0.8554721977052074,MGY|APA|OVV
2023-08-03,enter,apparel_beauty_lifestyle,2.0,0.837819947043248,HLF|AEO|ELF
2023-08-03,enter,china_internet,3.0,0.8294351279788174,LI|TIGR|NIO
2023-08-04,exit,apparel_beauty_lifestyle,9.0,0.7473521624007061,HLF|AEO|ELF
2023-08-04,exit,china_internet,87.0,0.2466902030008826,LI|TIGR|NIO
2023-08-04,enter,nuclear_uranium,1.0,0.8038393645189762,LEU|CEG|UEC
2023-08-04,enter,homebuilders_housing,2.0,0.780891438658429,BLD|HAYW|BLDR
2023-08-04,enter,construction_infrastructure,3.0,0.778243601059135,FLR|HAYW|ROAD
2023-08-07,exit,oil_gas,21.0,0.6681376875551632,MGY|APA|OVV
2023-08-07,exit,nuclear_uranium,27.0,0.6370255957634599,LEU|CEG|UEC
2023-08-07,enter,pharma_largecap,3.0,0.8031774051191527,AMGN|GILD|JNJ
2023-08-08,exit,homebuilders_housing,16.0,0.7160194174757281,BLD|HAYW|BLDR
2023-08-08,exit,construction_infrastructure,1.0,0.7983230361871139,FLR|HAYW|ROAD
2023-08-08,enter,construction_infrastructure,1.0,0.7983230361871139,JHX|FLR|J
2023-08-08,enter,data_centers,2.0,0.7930273609885261,VRT|SMCI|PSTG
2023-08-08,enter,natural_gas,3.0,0.7848631950573699,RRC|AR|WMB
2023-08-09,exit,construction_infrastructure,21.0,0.6537952338923213,JHX|FLR|J
2023-08-09,exit,data_centers,89.0,0.2755957634598411,VRT|SMCI|PSTG
2023-08-09,enter,oil_gas,1.0,0.9042365401588703,CRGY|EQNR|APA
2023-08-09,enter,energy,3.0,0.867828773168579,CRGY|EQT|APA
2023-08-10,exit,pharma_largecap,5.0,0.7396293027360988,AMGN|GILD|JNJ
2023-08-10,exit,natural_gas,50.0,0.4911738746690203,RRC|AR|WMB
2023-08-10,exit,oil_gas,15.0,0.6785083848190644,CRGY|EQNR|APA
2023-08-10,exit,energy,20.0,0.6469549867608119,CRGY|EQT|APA
2023-08-10,enter,travel,1.0,0.7864077669902914,DIS|TCOM|BKNG
2023-08-10,enter,oil_integrated,2.0,0.7698587819947043,TTE|BP|SHEL
2023-08-10,enter,networking_optical,3.0,0.7559576345984114,AAOI|EXTR|LWLG
2023-08-11,exit,travel,39.0,0.5591350397175641,DIS|TCOM|BKNG
2023-08-11,exit,oil_integrated,10.0,0.749558693733451,TTE|BP|SHEL
2023-08-11,exit,networking_optical,77.0,0.3323036187113857,AAOI|EXTR|LWLG
2023-08-11,enter,pharma_largecap,1.0,0.8526037069726389,LLY|NVO|REGN
2023-08-11,enter,uranium,2.0,0.8517210944395409,DNN|UUUU|UEC
2023-08-11,enter,nuclear_uranium,3.0,0.8283318623124448,UUUU|VST|UEC
2023-08-14,exit,pharma_largecap,1.0,0.7744924977934686,LLY|NVO|REGN
2023-08-14,exit,uranium,23.0,0.63261253309797,DNN|UUUU|UEC
2023-08-14,exit,nuclear_uranium,11.0,0.6868932038834952,UUUU|VST|UEC
2023-08-14,enter,pharma_largecap,1.0,0.7744924977934686,LLY|NVO|REGN
2023-08-14,enter,managed_care_insurance,2.0,0.751765225066196,CLOV|MOH|ALHC
2023-08-14,enter,apparel_beauty_lifestyle,3.0,0.7341129744042365,CELH|CPRI|FIGS
2023-08-15,exit,managed_care_insurance,6.0,0.7255075022065313,CLOV|MOH|ALHC
2023-08-15,exit,apparel_beauty_lifestyle,11.0,0.703442188879082,CELH|CPRI|FIGS
2023-08-15,enter,pharma,2.0,0.7912621359223301,BMY|AMGN|MRK
2023-08-15,enter,medtech,3.0,0.7738305383936452,DXCM|BSX|EW
2023-08-16,exit,pharma_largecap,3.0,0.7877316857899382,LLY|NVO|REGN
2023-08-16,exit,medtech,26.0,0.605251544571933,DXCM|BSX|EW
2023-08-16,enter,apparel_beauty_lifestyle,1.0,0.8179611650485435,VFC|CPRI|KDP
2023-08-16,enter,power_grid_electrification,2.0,0.792144748455428,TLN|PRIM|CEG
2023-08-16,enter,pharma_largecap,3.0,0.7877316857899382,LLY|MRK|AMGN
2023-08-17,exit,apparel_beauty_lifestyle,76.0,0.39320388349514557,VFC|CPRI|KDP
2023-08-17,exit,power_grid_electrification,13.0,0.6740953221535746,TLN|PRIM|CEG
2023-08-17,exit,pharma_largecap,2.0,0.8124448367166813,LLY|MRK|AMGN
2023-08-17,enter,pharma_largecap,2.0,0.8124448367166813,PFE|LLY|MRK
2023-08-17,enter,oil_gas,3.0,0.7906001765225067,CRGY|AESI|YPF
2023-08-18,exit,pharma,30.0,0.5944395410414829,BMY|AMGN|MRK
2023-08-18,exit,pharma_largecap,22.0,0.6467343336275375,PFE|LLY|MRK
2023-08-18,enter,retail_consumer,1.0,0.8197263901147396,BLMN|KSS|TGT
2023-08-18,enter,datacenter_infra,2.0,0.7908208296557812,GNRC|PRIM|PWR
2023-08-21,exit,oil_gas,23.0,0.6043689320388349,CRGY|AESI|YPF
2023-08-21,exit,retail_consumer,34.0,0.5613415710503089,BLMN|KSS|TGT
2023-08-21,exit,datacenter_infra,32.0,0.5759046778464253,GNRC|PRIM|PWR
2023-08-21,enter,semis,1.0,0.7815533980582523,AMAT|AVGO|MRVL
2023-08-21,enter,memory_storage,2.0,0.7552956751985878,PSTG|MRAM|NTAP
2023-08-21,enter,semicap_equipment,3.0,0.7548543689320389,CAMT|AMAT|ONTO
2023-08-22,exit,semis,64.0,0.456972639011474,AMAT|AVGO|MRVL
2023-08-22,exit,memory_storage,17.0,0.6562224183583406,PSTG|MRAM|NTAP
2023-08-22,exit,semicap_equipment,21.0,0.6374669020300088,CAMT|AMAT|ONTO
2023-08-22,enter,additive_manufacturing,1.0,0.7656663724624889,VELO|SSYS|NNDM
2023-08-22,enter,nuclear_uranium,2.0,0.7605913503971756,UEC|NXE|UUUU
2023-08-22,enter,uranium,3.0,0.7561782877316857,UEC|NXE|UUUU
2023-08-23,exit,additive_manufacturing,13.0,0.7065313327449249,VELO|SSYS|NNDM
2023-08-23,exit,nuclear_uranium,24.0,0.6445278022947926,UEC|NXE|UUUU
2023-08-23,exit,uranium,4.0,0.7458075904677848,UEC|NXE|UUUU
2023-08-23,enter,gold_silver_miners,1.0,0.8320829655781112,USAS|EXK|CDE
2023-08-23,enter,advanced_packaging,2.0,0.7742718446601942,CAMT|AMAT|ASX
2023-08-23,enter,semicap_equipment,3.0,0.748234774933804,CAMT|AMAT|ONTO
2023-08-24,exit,gold_silver_miners,2.0,0.7506619593998235,USAS|EXK|CDE
2023-08-24,exit,advanced_packaging,11.0,0.6860105913503971,CAMT|AMAT|ASX
2023-08-24,enter,data_centers,1.0,0.7733892321270962,SMCI|DLR|VRT
2023-08-24,enter,gold_silver_miners,2.0,0.7506619593998235,HMY|USAS|FSM
2023-08-24,enter,ai_infrastructure,3.0,0.7471315092674315,NVDA|SMCI|MPWR
2023-08-25,exit,semicap_equipment,23.0,0.6127537511032658,CAMT|AMAT|ONTO
2023-08-25,exit,data_centers,18.0,0.6379082082965579,SMCI|DLR|VRT
2023-08-25,exit,gold_silver_miners,36.0,0.5339805825242718,HMY|USAS|FSM
2023-08-25,exit,ai_infrastructure,41.0,0.5178729037952339,NVDA|SMCI|MPWR
2023-08-25,enter,cybersecurity,1.0,0.9035745807590468,BB|S|NET
2023-08-25,enter,business_apps,2.0,0.7645631067961165,INTU|ADSK|WDAY
2023-08-25,enter,workflow_software,3.0,0.7378640776699029,WDAY|NOW|TEAM
2023-08-28,exit,cybersecurity,67.0,0.4179170344218888,BB|S|NET
2023-08-28,exit,business_apps,45.0,0.4955869373345101,INTU|ADSK|WDAY
2023-08-28,exit,workflow_software,60.0,0.4461606354810238,WDAY|NOW|TEAM
2023-08-28,enter,gold_silver_miners,1.0,0.85216240070609,IAG|HMY|KGC
2023-08-28,enter,china_internet,2.0,0.8000882612533098,FUTU|YMM|XPEV
2023-08-28,enter,payments,3.0,0.7875110326566637,AFRM|MA|V
2023-08-29,exit,china_internet,13.0,0.6968225948808472,FUTU|YMM|XPEV
2023-08-29,exit,payments,31.0,0.589585172109444,AFRM|MA|V
2023-08-29,enter,advanced_packaging,1.0,0.808252427184466,CAMT|ONTO|ASX
2023-08-29,enter,semicap_equipment,2.0,0.8011915269196823,CAMT|ONTO|AEHR
2023-08-29,enter,electronics_components,3.0,0.76522506619594,JBL|CLS|NNDM
2023-08-30,exit,gold_silver_miners,61.0,0.4739629302736099,IAG|HMY|KGC
2023-08-30,exit,electronics_components,54.0,0.5,JBL|CLS|NNDM
2023-08-30,enter,fintech,1.0,0.793909973521624,AFRM|FUTU|MA
2023-08-30,enter,business_apps,3.0,0.7707413945278021,INTU|ADSK|WDAY
2023-08-31,exit,fintech,11.0,0.6855692850838483,AFRM|FUTU|MA
2023-08-31,enter,workflow_software,1.0,0.8170785525154457,WDAY|TEAM|DOCU
2023-08-31,enter,consumer_internet_marketplaces,3.0,0.7936893203883496,PDD|BEKE|SHOP
2023-09-01,exit,advanced_packaging,26.0,0.6038497481958361,CAMT|ONTO|ASX
2023-09-01,exit,semicap_equipment,18.0,0.6739525465967501,CAMT|ONTO|AEHR
2023-09-01,exit,business_apps,35.0,0.5686361040444421,INTU|ADSK|WDAY
2023-09-01,exit,workflow_software,17.0,0.7051814547531281,WDAY|TEAM|DOCU
2023-09-01,enter,china_internet,1.0,0.8885831472924562,TIGR|BEKE|FUTU
2023-09-01,enter,oil_services,2.0,0.813457245210529,NBR|RIG|AESI
2023-09-01,enter,homebuilders_housing,3.0,0.8040989564404757,TOL|BLDR|OC
2023-09-05,exit,consumer_internet_marketplaces,23.0,0.6103265666372463,PDD|BEKE|SHOP
2023-09-05,exit,china_internet,53.0,0.4944836716681378,TIGR|BEKE|FUTU
2023-09-05,exit,homebuilders_housing,64.0,0.4463812886142983,TOL|BLDR|OC
2023-09-05,enter,uranium,1.0,0.7923654015887025,UEC|LEU|UUUU
2023-09-05,enter,cloud,2.0,0.7830979699911738,ZS|MDB|ZM
2023-09-06,exit,oil_services,2.0,0.7870697263901147,NBR|RIG|AESI
2023-09-06,exit,uranium,33.0,0.5812003530450133,UEC|LEU|UUUU
2023-09-06,exit,cloud,43.0,0.5481023830538394,ZS|MDB|ZM
2023-09-06,enter,business_apps,1.0,0.8329655781112091,VEEV|DOCU|CRM
2023-09-06,enter,oil_services,2.0,0.7870697263901147,LBRT|FTI|NBR
2023-09-06,enter,workflow_software,3.0,0.7857458075904677,DOCU|ZM|TEAM
2023-09-07,exit,business_apps,5.0,0.7358781994704325,VEEV|DOCU|CRM
2023-09-07,enter,utilities_yield,2.0,0.7930273609885262,VST|CEG|NRG
2023-09-08,exit,workflow_software,30.0,0.6235657546337158,DOCU|ZM|TEAM
2023-09-08,enter,energy,2.0,0.8305383936451899,HAL|CVX|XOM
2023-09-11,exit,oil_services,33.0,0.5798764342453663,LBRT|FTI|NBR
2023-09-11,exit,utilities_yield,16.0,0.6838040600176521,VST|CEG|NRG
2023-09-11,exit,energy,55.0,0.4823477493380406,HAL|CVX|XOM
2023-09-11,enter,uranium,1.0,0.8316416593115621,UEC|NXE|DNN
2023-09-11,enter,cybersecurity,2.0,0.7848631950573698,OKTA|CRWD|ZS
2023-09-11,enter,asset_managers_alts,3.0,0.7733892321270962,BX|BAM|BXMT
2023-09-12,exit,uranium,15.0,0.7107107626810655,UEC|NXE|DNN
2023-09-12,exit,cybersecurity,58.0,0.44958724884481593,OKTA|CRWD|ZS
2023-09-12,enter,oil_services,1.0,0.9036394787394216,PTEN|AESI|NBR
2023-09-12,enter,insurance,2.0,0.8366128446082758,CB|PGR|AIG
2023-09-12,enter,banks_brokers_exchanges,3.0,0.8286563522143191,BCS|WFC|BAM
2023-09-13,exit,asset_managers_alts,11.0,0.7281553398058253,BX|BAM|BXMT
2023-09-13,exit,oil_services,26.0,0.6112091791703441,PTEN|AESI|NBR
2023-09-13,enter,utilities_yield,1.0,0.8618711385701677,DUK|EIX|SO
2023-09-13,enter,uranium,2.0,0.8305383936451899,UEC|DNN|NXE
2023-09-13,enter,nuclear_uranium,3.0,0.8283318623124448,UEC|NXE|UUUU
2023-09-14,exit,insurance,8.0,0.7511032656663726,CB|PGR|AIG
2023-09-14,exit,nuclear_uranium,21.0,0.6619593998234775,UEC|NXE|UUUU
2023-09-14,enter,copper_metals,3.0,0.8113415710503089,TGB|TECK|VALE
2023-09-15,exit,banks_brokers_exchanges,7.0,0.7669902912621359,BCS|WFC|BAM
2023-09-15,exit,utilities_yield,28.0,0.6434245366284201,DUK|EIX|SO
2023-09-15,exit,uranium,4.0,0.781774051191527,UEC|DNN|NXE
2023-09-15,exit,copper_metals,17.0,0.6840247131509266,TGB|TECK|VALE
2023-09-15,enter,gold_silver_miners,1.0,0.8821712268314211,KGC|SVM|IAG
2023-09-15,enter,silver,2.0,0.792144748455428,SVM|HL|PAAS
2023-09-15,enter,asset_managers_alts,3.0,0.7866284201235658,OWL|APO|KKR
2023-09-18,exit,gold_silver_miners,15.0,0.6928508384819065,KGC|SVM|IAG
2023-09-18,exit,silver,31.0,0.5820829655781112,SVM|HL|PAAS
2023-09-18,exit,asset_managers_alts,23.0,0.6226831421006178,OWL|APO|KKR
2023-09-18,enter,insurance,1.0,0.8406884377758165,MET|CB|AIG
2023-09-18,enter,gold,2.0,0.7641218005295675,NEM|PAAS|AEM
2023-09-18,enter,defense,3.0,0.763459841129744,MRCY|NOC|GD
2023-09-19,exit,gold,29.0,0.6063548102383054,NEM|PAAS|AEM
2023-09-19,enter,autos,2.0,0.716902030008826,TM|MBLY|GM
2023-09-19,enter,agriculture_food_inputs,3.0,0.7109443954104149,MOS|CTVA|CF
2023-09-20,exit,insurance,5.0,0.8114713670110586,MET|CB|AIG
2023-09-20,exit,defense,14.0,0.7082057006385961,MRCY|NOC|GD
2023-09-20,exit,autos,58.0,0.45066455531903854,TM|MBLY|GM
2023-09-20,exit,agriculture_food_inputs,9.0,0.7519209802190955,MOS|CTVA|CF
2023-09-20,enter,gold_silver_miners,1.0,0.85430403405846,AU|HMY|AEM
2023-09-20,enter,copper_metals,2.0,0.8499558693733451,HMY|TGB|IAG
2023-09-20,enter,silver,3.0,0.8271636986656975,SVM|WPM|HL
2023-09-21,exit,gold_silver_miners,20.0,0.6381288614298324,AU|HMY|AEM
2023-09-21,exit,copper_metals,57.0,0.45101500441306264,HMY|TGB|IAG
2023-09-21,enter,healthcare,1.0,0.8556928508384818,HUM|ALHC|UNH
2023-09-21,enter,managed_care,2.0,0.851279788172992,HUM|ALHC|UNH
2023-09-21,enter,managed_care_insurance,3.0,0.8067078552515446,HUM|ALHC|UNH
2023-09-22,exit,silver,84.0,0.3267872903795235,SVM|WPM|HL
2023-09-22,exit,healthcare,41.0,0.5580317740511915,HUM|ALHC|UNH
2023-09-22,exit,managed_care,36.0,0.5728155339805825,HUM|ALHC|UNH
2023-09-22,exit,managed_care_insurance,37.0,0.5681818181818181,HUM|ALHC|UNH
2023-09-22,enter,oil_integrated,1.0,0.8230361871138572,SHEL|TTE|CVX
2023-09-22,enter,oil_gas,2.0,0.7976610767872903,EPD|ET|SHEL
2023-09-22,enter,memory,3.0,0.779567519858782,WDC|MRAM|LRCX
2023-09-25,exit,memory,31.0,0.6001375837183948,WDC|MRAM|LRCX
2023-09-25,enter,healthcare,1.0,0.7953377290898707,UNH|MOH|ALHC
2023-09-25,enter,uranium,2.0,0.7795026218784072,LEU|DNN|UUUU
2023-09-26,exit,oil_integrated,21.0,0.6461762109963138,SHEL|TTE|CVX
2023-09-26,exit,uranium,25.0,0.6234619178651161,LEU|DNN|UUUU
2023-09-26,enter,pharma_largecap,1.0,0.8045402627070246,AZN|BIIB|AMGN
2023-09-26,enter,pharma,2.0,0.8003997715591092,AMGN|ABBV|GILD
2023-09-27,exit,healthcare,46.0,0.5150044130626655,UNH|MOH|ALHC
2023-09-27,exit,pharma_largecap,62.0,0.4671226831421006,AZN|BIIB|AMGN
2023-09-27,exit,pharma,63.0,0.45917917034421896,AMGN|ABBV|GILD
2023-09-27,enter,oil_exploration,2.0,0.810458958517211,USO|FANG|EOG
2023-09-27,enter,advanced_packaging,3.0,0.7899382171226832,CAMT|ONTO|TER
2023-09-28,exit,oil_gas,27.0,0.6182700794351279,EPD|ET|SHEL
2023-09-28,exit,oil_exploration,59.0,0.4576345984112974,USO|FANG|EOG
2023-09-28,enter,semicap_equipment,1.0,0.8312003530450133,CAMT|VECO|ONTO
2023-09-28,enter,uranium,2.0,0.8086937334510151,UEC|DNN|LEU
2023-09-29,exit,advanced_packaging,28.0,0.615180935569285,CAMT|ONTO|TER
2023-09-29,exit,semicap_equipment,18.0,0.6423212709620476,CAMT|VECO|ONTO
2023-09-29,exit,uranium,77.0,0.3647396293027361,UEC|DNN|LEU
2023-09-29,enter,additive_manufacturing,1.0,0.7738305383936452,VELO|SSYS|DDD
2023-09-29,enter,ai_apps_agents,2.0,0.7665489849955869,DUOL|PLTR|SOUN
2023-09-29,enter,ai_apps,3.0,0.7199911738746689,DUOL|SOUN|APP
2023-10-02,exit,ai_apps_agents,12.0,0.6831421006178288,DUOL|PLTR|SOUN
2023-10-02,exit,ai_apps,22.0,0.6529126213592233,DUOL|SOUN|APP
2023-10-02,enter,obesity_glp1_health,2.0,0.7621359223300971,HIMS|NVO|SG
2023-10-02,enter,ai_infrastructure,3.0,0.7383053839364518,SMCI|NVDA|AMD
2023-10-03,exit,additive_manufacturing,36.0,0.5417034421888791,VELO|SSYS|DDD
2023-10-03,exit,obesity_glp1_health,93.0,0.28729037952338926,HIMS|NVO|SG
2023-10-03,exit,ai_infrastructure,19.0,0.6149602824360105,SMCI|NVDA|AMD
2023-10-03,enter,networking_optical,1.0,0.7263901147396291,AAOI|CRDO|ERIC
2023-10-03,enter,diagnostics_tools,2.0,0.7085172109443953,ILMN|WGS|GH
2023-10-03,enter,copper_metals,3.0,0.708296557811121,IAG|AA|USAS
2023-10-04,exit,networking_optical,66.0,0.4415269196822595,AAOI|CRDO|ERIC
2023-10-04,exit,diagnostics_tools,45.0,0.5194174757281553,ILMN|WGS|GH
2023-10-04,exit,copper_metals,67.0,0.4307149161518093,IAG|AA|USAS
2023-10-04,enter,ai_apps_agents,1.0,0.7914827890556045,PLTR|GOOGL|DUOL
2023-10-04,enter,restaurants_food,2.0,0.7515445719329216,TXRH|EAT|WING
2023-10-04,enter,data_centers,3.0,0.7321270962047661,SMCI|VRT|EQIX
2023-10-05,exit,ai_apps_agents,2.0,0.720432480141218,PLTR|GOOGL|DUOL
2023-10-05,exit,restaurants_food,34.0,0.5723742277140336,TXRH|EAT|WING
2023-10-05,enter,streaming_entertainment,1.0,0.7239629302736099,LYV|SPOT|ROKU
2023-10-05,enter,ai_apps_agents,2.0,0.720432480141218,ZETA|SOUN|GOOGL
2023-10-05,enter,insurance,3.0,0.7065313327449249,PGR|AIG|CB
2023-10-06,exit,data_centers,37.0,0.5580317740511914,SMCI|VRT|EQIX
2023-10-06,exit,streaming_entertainment,20.0,0.6370255957634599,LYV|SPOT|ROKU
2023-10-06,exit,ai_apps_agents,11.0,0.6734333627537511,ZETA|SOUN|GOOGL
2023-10-06,exit,insurance,53.0,0.49624889673433364,PGR|AIG|CB
2023-10-06,enter,dev_tools,1.0,0.7658870255957634,CDNS|DDOG|GTLB
2023-10-06,enter,mega_cap_platforms,2.0,0.7625772285966461,LLY|GOOGL|INTU
2023-10-06,enter,ai_infrastructure,3.0,0.7160194174757282,SMCI|AMD|NVDA
2023-10-09,exit,dev_tools,25.0,0.6281994704324803,CDNS|DDOG|GTLB
2023-10-09,exit,ai_infrastructure,29.0,0.6015004413062666,SMCI|AMD|NVDA
2023-10-09,enter,oil_gas,1.0,0.8353927625772286,RRC|SHEL|AR
2023-10-09,enter,energy,2.0,0.8267872903795233,SMR|SHEL|CTRA
2023-10-09,enter,natural_gas,3.0,0.8239187996469549,RRC|AR|EQT
2023-10-10,exit,mega_cap_platforms,52.0,0.5002206531332746,LLY|GOOGL|INTU
2023-10-10,exit,oil_gas,86.0,0.3036187113857017,RRC|SHEL|AR
2023-10-10,exit,energy,69.0,0.39938217122683134,SMR|SHEL|CTRA
2023-10-10,exit,natural_gas,58.0,0.46425419240953214,RRC|AR|EQT
2023-10-10,enter,gaming_sports_betting,1.0,0.8177405119152692,NTES|BILI|EA
2023-10-10,enter,dev_tools,2.0,0.7868490732568403,CDNS|GTLB|MDB
2023-10-10,enter,china_internet,3.0,0.781332744924978,FUTU|PDD|TIGR
2023-10-11,exit,dev_tools,20.0,0.6712268314210061,CDNS|GTLB|MDB
2023-10-11,enter,gold_silver_miners,1.0,0.8256840247131509,HMY|AU|EGO
2023-10-12,exit,gaming_sports_betting,8.0,0.7082965578111211,NTES|BILI|EA
2023-10-12,exit,china_internet,51.0,0.5127978817299206,FUTU|PDD|TIGR
2023-10-12,exit,gold_silver_miners,26.0,0.6189320388349515,HMY|AU|EGO
2023-10-12,enter,oil_gas,1.0,0.8146513680494262,FANG|YPF|RRC
2023-10-12,enter,natural_gas,2.0,0.8018534863195057,AR|RRC|LNG
2023-10-12,enter,energy,3.0,0.7837599293909974,FANG|LNG|CTRA
2023-10-13,enter,gold_silver_miners,1.0,0.9437334510150043,HMY|CDE|HL
2023-10-13,enter,oil_exploration,3.0,0.8446601941747572,EOG|FANG|APA
2023-10-16,exit,oil_gas,33.0,0.5902471315092676,FANG|YPF|RRC
2023-10-16,exit,natural_gas,64.0,0.46006178287731686,AR|RRC|LNG
2023-10-16,exit,energy,21.0,0.6259929390997352,FANG|LNG|CTRA
2023-10-16,exit,gold_silver_miners,43.0,0.560458958517211,HMY|CDE|HL
2023-10-16,exit,oil_exploration,30.0,0.5953221535745807,EOG|FANG|APA
2023-10-16,enter,real_estate_reits,1.0,0.8153133274492498,AMT|SBAC|WELL
2023-10-16,enter,regional_banks,2.0,0.7963371579876434,TFC|KEY|USB
2023-10-16,enter,cybersecurity,3.0,0.7590467784642542,PANW|OKTA|BB
2023-10-17,exit,real_estate_reits,32.0,0.5818623124448368,AMT|SBAC|WELL
2023-10-17,exit,regional_banks,9.0,0.7484554280670787,TFC|KEY|USB
2023-10-17,exit,cybersecurity,30.0,0.589585172109444,PANW|OKTA|BB
2023-10-17,enter,gold_silver_miners,1.0,0.8656222418358341,HMY|KGC|HL
2023-10-17,enter,energy,2.0,0.8375992939099736,WMB|APA|BP
2023-10-17,enter,oil_gas,3.0,0.8146513680494265,LBRT|YPF|APA
2023-10-18,enter,oil_exploration,1.0,0.8309796999117386,APA|DVN|EOG
2023-10-19,exit,gold_silver_miners,3.0,0.789496910856134,HMY|KGC|HL
2023-10-19,exit,energy,12.0,0.6981465136804943,WMB|APA|BP
2023-10-19,exit,oil_gas,5.0,0.7634598411297441,LBRT|YPF|APA
2023-10-19,exit,oil_exploration,9.0,0.7332303618711385,APA|DVN|EOG
2023-10-19,enter,consumer_staples,1.0,0.8078111209179171,MDLZ|CL|MCD
2023-10-19,enter,restaurants_food,2.0,0.7910414827890556,CAKE|DRI|MCD
2023-10-19,enter,gold_silver_miners,3.0,0.789496910856134,KGC|IAG|BTG
2023-10-20,exit,consumer_staples,6.0,0.7226390114739629,MDLZ|CL|MCD
2023-10-20,exit,restaurants_food,12.0,0.6853486319505737,CAKE|DRI|MCD
2023-10-20,enter,silver,2.0,0.7802294792586055,AG|SLV|PAAS
2023-10-20,enter,crypto_infrastructure,3.0,0.7647837599293911,CLSK|MSTR|CIFR
2023-10-23,exit,gold_silver_miners,9.0,0.6809355692850839,KGC|IAG|BTG
2023-10-23,exit,silver,36.0,0.556045895851721,AG|SLV|PAAS
2023-10-23,enter,digital_ads_media,2.0,0.7308031774051191,SPOT|NFLX|SNAP
2023-10-23,enter,retail,3.0,0.7202118270079435,WMT|DG|DLTR
2023-10-24,exit,digital_ads_media,35.0,0.557369814651368,SPOT|NFLX|SNAP
2023-10-24,exit,retail,21.0,0.6253309796999118,WMT|DG|DLTR
2023-10-24,enter,china_internet,1.0,0.8444395410414828,TME|LI|TCOM
2023-10-24,enter,consumer_internet,3.0,0.7528684907325685,TME|SNAP|NTES
2023-10-25,exit,crypto_infrastructure,3.0,0.7689761694616063,CLSK|MSTR|CIFR
2023-10-25,exit,china_internet,31.0,0.5889232127096206,TME|LI|TCOM
2023-10-25,exit,consumer_internet,35.0,0.5690644307149162,TME|SNAP|NTES
2023-10-25,enter,defense,1.0,0.8058252427184467,RTX|GD|KTOS
2023-10-25,enter,consumer_staples,2.0,0.7886142983230362,KO|CL|MDLZ
2023-10-25,enter,crypto_infrastructure,3.0,0.7689761694616063,CIFR|MSTR|HUT
2023-10-26,exit,defense,12.0,0.7191085613415711,RTX|GD|KTOS
2023-10-26,exit,consumer_staples,20.0,0.6736540158870257,KO|CL|MDLZ
2023-10-26,exit,crypto_infrastructure,25.0,0.6423212709620477,CIFR|MSTR|HUT
2023-10-26,enter,real_estate_reits,1.0,0.8371579876434244,MPT|AMT|SBAC
2023-10-26,enter,datacenter_reits_towers,2.0,0.796116504854369,AMT|SBAC|DLR
2023-10-26,enter,space_satellites,3.0,0.7597087378640778,LPTH|BKSY|ASTS
2023-10-27,exit,real_estate_reits,17.0,0.6403353927625774,MPT|AMT|SBAC
2023-10-27,exit,datacenter_reits_towers,12.0,0.6822594880847308,AMT|SBAC|DLR
2023-10-27,exit,space_satellites,37.0,0.5741394527802295,LPTH|BKSY|ASTS
2023-10-27,enter,china_internet,1.0,0.8111209179170343,LI|TCOM|YMM
2023-10-27,enter,copper_metals,2.0,0.7402912621359223,VALE|CLF|IAG
2023-10-27,enter,cloud_neocloud,3.0,0.7296999117387467,CIFR|BTDR|AMZN
2023-10-30,exit,china_internet,5.0,0.7255075022065314,LI|TCOM|YMM
2023-10-30,exit,copper_metals,30.0,0.6242277140335393,VALE|CLF|IAG
2023-10-30,exit,cloud_neocloud,31.0,0.6235657546337158,CIFR|BTDR|AMZN
2023-10-30,enter,consumer_staples,1.0,0.7731685789938216,KO|KR|CL
2023-10-30,enter,insurance,2.0,0.7685348631950573,TRV|CB|AIG
2023-10-30,enter,industrial_automation,3.0,0.7610326566637245,IR|CE|MMM
2023-10-31,exit,consumer_staples,15.0,0.692188879082083,KO|KR|CL
2023-10-31,exit,industrial_automation,41.0,0.5174315975286847,IR|CE|MMM
2023-10-31,enter,defense,1.0,0.8245807590467785,LDOS|LHX|RTX
2023-10-31,enter,homebuilders_housing,3.0,0.8159752868490733,MAS|CCS|PHM
2023-11-01,exit,insurance,10.0,0.7279346866725507,TRV|CB|AIG
2023-11-01,exit,defense,38.0,0.5648720211827007,LDOS|LHX|RTX
2023-11-01,enter,datacenter_infra,2.0,0.7912621359223301,TT|GNRC|ETN
2023-11-01,enter,real_estate_reits,3.0,0.7758164165931157,SPG|EQIX|DLR
2023-11-02,exit,homebuilders_housing,1.0,0.8157546337157988,MAS|CCS|PHM
2023-11-02,exit,datacenter_infra,24.0,0.6006178287731686,TT|GNRC|ETN
2023-11-02,exit,real_estate_reits,8.0,0.7266107678729039,SPG|EQIX|DLR
2023-11-02,enter,homebuilders_housing,1.0,0.8157546337157988,BLD|MTH|KBH
2023-11-02,enter,payments,2.0,0.8031774051191528,AFRM|COF|GPN
2023-11-02,enter,regional_banks,3.0,0.7802294792586056,COF|USB|HBAN
2023-11-03,exit,homebuilders_housing,4.0,0.7526478375992939,BLD|MTH|KBH
2023-11-03,exit,payments,7.0,0.7248455428067079,AFRM|COF|GPN
2023-11-03,enter,airlines_travel,1.0,0.7736098852603706,PK|EXPE|LYFT
2023-11-03,enter,asset_managers,2.0,0.7703000882612533,GS|KKR|BX
2023-11-06,exit,regional_banks,52.0,0.5150044130626655,COF|USB|HBAN
2023-11-06,exit,airlines_travel,39.0,0.5580317740511915,PK|EXPE|LYFT
2023-11-06,exit,asset_managers,49.0,0.5253751103265667,GS|KKR|BX
2023-11-06,enter,defense_aerospace,1.0,0.7824360105913504,PLTR|MSI|HII
2023-11-06,enter,fintech,2.0,0.7579435127978816,COIN|XYZ|AFRM
2023-11-06,enter,drones_autonomy,3.0,0.7389673433362752,AUR|ONDS|ACHR
2023-11-07,exit,defense_aerospace,46.0,0.514438579780308,PLTR|MSI|HII
2023-11-07,enter,ai_apps,1.0,0.7947576311029162,RXRX|SOUN|APP
2023-11-07,enter,homebuilders_housing,2.0,0.7827112808368215,KBH|BLDR|DHI
2023-11-07,enter,biotech_innovation,3.0,0.768604773098669,CRSP|EDIT|RXRX
2023-11-08,exit,drones_autonomy,29.0,0.5968667255075022,AUR|ONDS|ACHR
2023-11-08,exit,ai_apps,13.0,0.6948367166813769,RXRX|SOUN|APP
2023-11-08,exit,homebuilders_housing,11.0,0.7003530450132391,KBH|BLDR|DHI
2023-11-08,exit,biotech_innovation,87.0,0.30406001765225066,CRSP|EDIT|RXRX
2023-11-08,enter,payments,1.0,0.8217122683142101,AFRM|XYZ|FIS
2023-11-08,enter,gaming_sports_betting,2.0,0.7919240953221536,RBLX|DKNG|BILI
2023-11-09,exit,fintech,38.0,0.559135039717564,COIN|XYZ|AFRM
2023-11-09,exit,payments,25.0,0.6001765225066196,AFRM|XYZ|FIS
2023-11-09,exit,gaming_sports_betting,4.0,0.7321270962047661,RBLX|DKNG|BILI
2023-11-09,enter,travel,1.0,0.7727272727272728,DIS|EXPE|HLT
2023-11-09,enter,memory,2.0,0.7568402471315093,RMBS|MU|WDC
2023-11-09,enter,airlines_travel,3.0,0.7440423654015887,UBER|TRIP|EXPE
2023-11-10,exit,travel,16.0,0.6520300088261253,DIS|EXPE|HLT
2023-11-10,exit,memory,10.0,0.7007943512797881,RMBS|MU|WDC
2023-11-10,exit,airlines_travel,51.0,0.5070609002647837,UBER|TRIP|EXPE
2023-11-10,enter,semis,1.0,0.8455428067078552,AVGO|KLAC|TSM
2023-11-10,enter,semicap_equipment,2.0,0.8402471315092673,CAMT|FORM|VECO
2023-11-10,enter,mega_cap_platforms,3.0,0.8168578993821711,AVGO|ADBE|NVDA
2023-11-13,exit,semis,47.0,0.5198847411868543,AVGO|KLAC|TSM
2023-11-13,exit,semicap_equipment,40.0,0.5344608275790457,CAMT|FORM|VECO
2023-11-13,exit,mega_cap_platforms,21.0,0.6383884533513317,AVGO|ADBE|NVDA
2023-11-13,enter,dev_tools,1.0,0.8059809978713464,DDOG|MDB|CDNS
2023-11-13,enter,ai_apps_agents,2.0,0.7800867037017807,DUOL|PLTR|DDOG
2023-11-13,enter,creative_software,3.0,0.7729738850526973,U|RBLX|CDNS
2023-11-14,exit,dev_tools,13.0,0.6804942630185349,DDOG|MDB|CDNS
2023-11-14,exit,ai_apps_agents,5.0,0.7290379523389232,DUOL|PLTR|DDOG
2023-11-14,exit,creative_software,4.0,0.7394086496028244,U|RBLX|CDNS
2023-11-14,enter,construction_infrastructure,1.0,0.8038393645189761,JHX|ACM|ROAD
2023-11-14,enter,homebuilders_housing,2.0,0.7837599293909975,MTH|JHX|TOL
2023-11-14,enter,ai_apps,3.0,0.760370697263901,DUOL|SOUN|SNAP
2023-11-15,exit,construction_infrastructure,25.0,0.6154015887025595,JHX|ACM|ROAD
2023-11-15,exit,homebuilders_housing,48.0,0.5238305383936452,MTH|JHX|TOL
2023-11-15,exit,ai_apps,7.0,0.7118270079435128,DUOL|SOUN|SNAP
2023-11-15,enter,fintech_payments,1.0,0.7654457193292146,STNE|AFRM|UPST
2023-11-15,enter,semis_compute,2.0,0.7550750220653132,AAOI|CRDO|ALGM
2023-11-15,enter,ai_apps_agents,3.0,0.7424977934686673,SOUN|AI|DUOL
2023-11-16,exit,fintech_payments,12.0,0.6831421006178288,STNE|AFRM|UPST
2023-11-16,exit,semis_compute,7.0,0.6968225948808473,AAOI|CRDO|ALGM
2023-11-16,exit,ai_apps_agents,34.0,0.5761253309796999,SOUN|AI|DUOL
2023-11-16,enter,semicap_equipment,1.0,0.8259046778464254,ENTG|AMKR|FORM
2023-11-16,enter,gold_silver_miners,2.0,0.7705207413945278,FSM|HMY|EXK
2023-11-16,enter,medtech,3.0,0.7691968225948809,DXCM|ISRG|MDT
2023-11-17,exit,semicap_equipment,91.0,0.2579435127978817,ENTG|AMKR|FORM
2023-11-17,exit,gold_silver_miners,42.0,0.557369814651368,FSM|HMY|EXK
2023-11-17,exit,medtech,53.0,0.49669020300088257,DXCM|ISRG|MDT
2023-11-17,enter,drones_autonomy,1.0,0.8144307149161518,ONDS|ACHR|AUR
2023-11-17,enter,uranium,2.0,0.7939099735216241,DNN|UEC|NXE
2023-11-17,enter,nuclear_uranium,3.0,0.7678729037952339,UEC|BW|NXE
2023-11-20,exit,uranium,59.0,0.4733009708737864,DNN|UEC|NXE
2023-11-20,exit,nuclear_uranium,22.0,0.6284201235657547,UEC|BW|NXE
2023-11-20,enter,china_internet,2.0,0.76522506619594,YMM|TME|PDD
2023-11-20,enter,semis_compute,3.0,0.7506619593998235,INTC|AAOI|CRDO
2023-11-21,exit,drones_autonomy,7.0,0.7559576345984114,ONDS|ACHR|AUR
2023-11-21,exit,china_internet,27.0,0.6248896734333629,YMM|TME|PDD
2023-11-21,exit,semis_compute,31.0,0.5984112974404237,INTC|AAOI|CRDO
2023-11-21,enter,gold_silver_miners,1.0,0.8481906443071492,CDE|FSM|HL
2023-11-21,enter,copper_metals,2.0,0.808693733451015,HMY|IAG|CENX
2023-11-21,enter,silver,3.0,0.7945719329214475,HL|SVM|WPM
2023-11-22,exit,gold_silver_miners,16.0,0.6451897616946161,CDE|FSM|HL
2023-11-22,exit,copper_metals,34.0,0.5807590467784643,HMY|IAG|CENX
2023-11-22,exit,silver,36.0,0.5752427184466019,HL|SVM|WPM
2023-11-22,enter,healthcare,1.0,0.7842012356575463,OSCR|HIMS|ELV
2023-11-22,enter,drones_autonomy,2.0,0.780891438658429,ONDS|MBLY|AUR
2023-11-22,enter,medtech_devices,3.0,0.7720653133274492,DXCM|XRAY|ISRG
2023-11-24,exit,healthcare,25.0,0.6237864077669902,OSCR|HIMS|ELV
2023-11-24,exit,medtech_devices,39.0,0.5597969991173875,DXCM|XRAY|ISRG
2023-11-24,enter,diagnostics_tools,1.0,0.8689320388349515,A|WGS|PACB
2023-11-24,enter,biotech_innovation,2.0,0.8285525154457193,DFTX|NTLA|EDIT
2023-11-27,exit,drones_autonomy,32.0,0.60657546337158,ONDS|MBLY|AUR
2023-11-27,exit,diagnostics_tools,41.0,0.5657546337157988,A|WGS|PACB
2023-11-27,exit,biotech_innovation,47.0,0.5569285083848191,DFTX|NTLA|EDIT
2023-11-27,enter,gold_silver_miners,1.0,0.8731244483671667,CDE|EGO|SVM
2023-11-27,enter,cybersecurity,2.0,0.7943512797881729,TENB|PANW|GEN
2023-11-27,enter,silver,3.0,0.7848631950573698,SVM|AG|PAAS
2023-11-28,exit,gold_silver_miners,1.0,0.833406884377758,CDE|EGO|SVM
2023-11-28,exit,cybersecurity,14.0,0.7166813768755516,TENB|PANW|GEN
2023-11-28,enter,gold_silver_miners,1.0,0.833406884377758,EGO|AU|SVM
2023-11-28,enter,crypto_infrastructure,2.0,0.8261253309797,IREN|CLSK|COIN
2023-11-28,enter,gold,3.0,0.8256840247131509,AEM|NEM|WPM
2023-11-29,exit,silver,51.0,0.5172109443954104,SVM|AG|PAAS
2023-11-29,exit,gold_silver_miners,22.0,0.6685789938217123,EGO|AU|SVM
2023-11-29,exit,crypto_infrastructure,12.0,0.7164607237422771,IREN|CLSK|COIN
2023-11-29,exit,gold,55.0,0.49801412180052956,AEM|NEM|WPM
2023-11-29,enter,fintech_payments,1.0,0.8371579876434246,AFRM|LC|COIN
2023-11-29,enter,storage,2.0,0.7780229479258605,NTAP|HPE|PSTG
2023-11-29,enter,cybersecurity,3.0,0.7775816416593115,CRWD|S|PANW
2023-11-30,exit,fintech_payments,19.0,0.6683583406884378,AFRM|LC|COIN
2023-11-30,exit,cybersecurity,29.0,0.62819947043248,CRWD|S|PANW
2023-11-30,enter,datacenter_reits_towers,1.0,0.7641218005295675,CCI|SBAC|COR
2023-11-30,enter,industrial_automation,2.0,0.7579435127978816,CNH|MMM|GE
2023-11-30,enter,consumer_staples,3.0,0.752206531332745,DG|DLTR|CL
2023-12-01,exit,storage,65.0,0.4011473962930273,NTAP|HPE|PSTG
2023-12-01,exit,datacenter_reits_towers,33.0,0.6293027360988527,CCI|SBAC|COR
2023-12-01,exit,industrial_automation,27.0,0.6654898499558694,CNH|MMM|GE
2023-12-01,exit,consumer_staples,62.0,0.43005295675198596,DG|DLTR|CL
2023-12-01,enter,regional_banks,1.0,0.7978817299205648,FITB|KEY|HBAN
2023-12-01,enter,real_estate_reits,2.0,0.7936893203883496,ARE|HPP|DEI
2023-12-01,enter,crypto_infrastructure,3.0,0.7789055604589585,CLSK|IREN|HUT
2023-12-04,enter,retail_consumer,2.0,0.8466460723742276,GME|KSS|TLRY
2023-12-05,exit,regional_banks,12.0,0.7140335392762577,FITB|KEY|HBAN
2023-12-05,exit,real_estate_reits,5.0,0.7627978817299205,ARE|HPP|DEI
2023-12-05,exit,retail_consumer,26.0,0.5898058252427184,GME|KSS|TLRY
2023-12-05,enter,cloud_neocloud,2.0,0.8362753751103266,CLSK|WULF|IREN
2023-12-05,enter,dev_tools,3.0,0.7800088261253311,GTLB|MDB|PTC
2023-12-06,exit,crypto_infrastructure,12.0,0.7116063548102383,CLSK|IREN|HUT
2023-12-06,exit,cloud_neocloud,28.0,0.6118711385701676,CLSK|WULF|IREN
2023-12-06,exit,dev_tools,74.0,0.37842012356575455,GTLB|MDB|PTC
2023-12-06,enter,airlines_travel,1.0,0.8605472197705207,CCL|NCLH|RCL
2023-12-06,enter,homebuilders_housing,2.0,0.8510591350397176,BLDR|BLD|FND
2023-12-06,enter,transport_logistics,3.0,0.8170785525154458,LUV|AAL|DAL
2023-12-07,enter,networking_optical,2.0,0.8358340688437775,ERIC|LWLG|COHR
2023-12-08,exit,airlines_travel,11.0,0.7237422771403356,CCL|NCLH|RCL
2023-12-08,exit,homebuilders_housing,9.0,0.7334510150044131,BLDR|BLD|FND
2023-12-08,exit,transport_logistics,40.0,0.560458958517211,LUV|AAL|DAL
2023-12-08,exit,networking_optical,12.0,0.7098411297440425,ERIC|LWLG|COHR
2023-12-08,enter,cloud_neocloud,1.0,0.8157546337157988,WULF|APLD|CLSK
2023-12-08,enter,datacenter_infra,2.0,0.792144748455428,PWR|JCI|CARR
2023-12-08,enter,crypto_infrastructure,3.0,0.7866284201235658,WULF|CLSK|HOOD
2023-12-11,exit,cloud_neocloud,88.0,0.25066195939982344,WULF|APLD|CLSK
2023-12-11,exit,crypto_infrastructure,90.0,0.23962930273609884,WULF|CLSK|HOOD
2023-12-11,enter,semicap_equipment,1.0,0.7936893203883496,AMKR|AMAT|LRCX
2023-12-11,enter,semis,2.0,0.7899382171226833,AMD|AVGO|ON
2023-12-11,enter,electronics_components,3.0,0.7868490732568403,COHR|APH|TEL
2023-12-12,exit,semis,19.0,0.6639452780229479,AMD|AVGO|ON
2023-12-12,exit,electronics_components,39.0,0.5776699029126213,COHR|APH|TEL
2023-12-12,enter,airlines_travel,2.0,0.7819947043248013,LUV|JBLU|LYFT
2023-12-12,enter,transport_logistics,3.0,0.7804501323918801,LUV|JBLU|LYFT
2023-12-13,exit,datacenter_infra,62.0,0.4651368049426302,PWR|JCI|CARR
2023-12-13,exit,semicap_equipment,28.0,0.5968667255075023,AMKR|AMAT|LRCX
2023-12-13,exit,airlines_travel,33.0,0.5798764342453663,LUV|JBLU|LYFT
2023-12-13,exit,transport_logistics,59.0,0.47065313327449243,LUV|JBLU|LYFT
2023-12-13,enter,drones_autonomy,1.0,0.8228155339805825,AUR|AMBA|JOBY
2023-12-13,enter,electronics_components,2.0,0.7722859664607238,CLS|COHR|LITE
2023-12-13,enter,regional_banks,3.0,0.7431597528684908,COF|USB|KEY
2023-12-14,exit,drones_autonomy,10.0,0.7674315975286848,AUR|AMBA|JOBY
2023-12-14,exit,electronics_components,11.0,0.7588261253309796,CLS|COHR|LITE
2023-12-14,enter,homebuilders_housing,1.0,0.8283318623124449,BLD|MTH|TOL
2023-12-14,enter,asset_managers,2.0,0.8186231244483672,MS|BX|SCHW
2023-12-15,exit,regional_banks,34.0,0.5909090909090909,COF|USB|KEY
2023-12-15,exit,homebuilders_housing,14.0,0.6893203883495146,BLD|MTH|TOL
2023-12-15,exit,asset_managers,8.0,0.7488967343336276,MS|BX|SCHW
2023-12-15,enter,cybersecurity,1.0,0.7866284201235658,FTNT|OKTA|ZS
2023-12-15,enter,semicap_equipment,2.0,0.7857458075904677,AMKR|UCTT|ICHR
2023-12-15,enter,solar,3.0,0.7811120917917035,SEDG|RUN|ENPH
2023-12-18,exit,cybersecurity,44.0,0.529567519858782,FTNT|OKTA|ZS
2023-12-18,exit,semicap_equipment,15.0,0.6418799646954987,AMKR|UCTT|ICHR
2023-12-18,exit,solar,25.0,0.60657546337158,SEDG|RUN|ENPH
2023-12-18,enter,crypto_infrastructure,1.0,0.7850838481906443,HUT|BTDR|MARA
2023-12-18,enter,fintech_payments,2.0,0.7709620476610768,UPST|SOFI|LC
2023-12-18,enter,cloud_neocloud,3.0,0.7407325684024714,HUT|BTDR|CIFR
2023-12-19,exit,crypto_infrastructure,35.0,0.6105472197705207,HUT|BTDR|MARA
2023-12-19,exit,cloud_neocloud,31.0,0.6257722859664607,HUT|BTDR|CIFR
2023-12-19,enter,ai_apps,1.0,0.8559135039717564,RXRX|AI|APP
2023-12-19,enter,regional_banks,2.0,0.7954545454545454,FITB|PNC|KEY
2023-12-19,enter,diagnostics_tools,3.0,0.7945719329214475,PACB|TXG|ILMN
2023-12-20,exit,fintech_payments,5.0,0.748234774933804,UPST|SOFI|LC
2023-12-20,exit,ai_apps,23.0,0.6074580759046778,RXRX|AI|APP
2023-12-20,exit,regional_banks,39.0,0.5141218005295675,FITB|PNC|KEY
2023-12-20,exit,diagnostics_tools,7.0,0.7308031774051191,PACB|TXG|ILMN
2023-12-20,enter,crypto_infrastructure,1.0,0.8508384819064432,CIFR|MARA|HUT
2023-12-20,enter,biotech_innovation,2.0,0.8287731685789939,ABSI|DNA|RXRX
2023-12-20,enter,cloud_neocloud,3.0,0.7791262135922329,CIFR|HUT|WULF
2023-12-21,exit,crypto_infrastructure,19.0,0.6489408649602824,CIFR|MARA|HUT
2023-12-21,exit,biotech_innovation,22.0,0.6319505736981464,ABSI|DNA|RXRX
2023-12-21,enter,consumer_internet_marketplaces,1.0,0.8053839364518978,RKT|CHWY|Z
2023-12-21,enter,diagnostics_tools,2.0,0.7727272727272726,WGS|EXAS|ILMN
2023-12-22,exit,consumer_internet_marketplaces,11.0,0.6758605472197706,RKT|CHWY|Z
2023-12-22,enter,crypto_infrastructure,1.0,0.8384819064430716,CIFR|MARA|HUT
2023-12-22,enter,biotech_innovation,2.0,0.807811120917917,EXAS|ARQT|CMPS
2023-12-26,exit,cloud_neocloud,7.0,0.7224183583406883,CIFR|HUT|WULF
2023-12-26,exit,diagnostics_tools,17.0,0.6692409532215359,WGS|EXAS|ILMN
2023-12-26,exit,crypto_infrastructure,21.0,0.6639452780229479,CIFR|MARA|HUT
2023-12-26,enter,semicap_equipment,1.0,0.7806707855251545,UCTT|CAMT|ICHR
2023-12-26,enter,oil_exploration,2.0,0.7619152691968226,APA|OXY|DVN
2023-12-27,exit,biotech_innovation,9.0,0.7096204766107679,EXAS|ARQT|CMPS
2023-12-27,exit,semicap_equipment,18.0,0.6458517210944396,UCTT|CAMT|ICHR
2023-12-27,exit,oil_exploration,72.0,0.37643424536628417,APA|OXY|DVN
2023-12-27,enter,crypto_infrastructure,1.0,0.8417917034421889,BTDR|CIFR|WULF
2023-12-27,enter,cloud_neocloud,2.0,0.8351721094439541,BTDR|CIFR|IREN
2023-12-27,enter,additive_manufacturing,3.0,0.763901147396293,VELO|SSYS|DDD
2023-12-28,exit,crypto_infrastructure,19.0,0.6489408649602825,BTDR|CIFR|WULF
2023-12-28,exit,cloud_neocloud,6.0,0.7319064430714917,BTDR|CIFR|IREN
2023-12-28,exit,additive_manufacturing,92.0,0.2292586054721977,VELO|SSYS|DDD
2023-12-28,enter,china_internet,1.0,0.8278905560458957,NIO|BILI|LI
2023-12-28,enter,defense,2.0,0.7605913503971756,RKLB|TDG|GD
2023-12-28,enter,biotech_innovation,3.0,0.7555163283318623,CMPS|SGMO|ABSI
2023-12-29,enter,space_satellites,1.0,0.8729037952338923,RKLB|KOPN|ONDS
2023-12-29,enter,aerospace,2.0,0.8528243601059133,RKLB|ASTS|GD
2024-01-02,exit,china_internet,29.0,0.6109885260370698,NIO|BILI|LI
2024-01-02,exit,defense,26.0,0.6394527802294793,RKLB|TDG|GD
2024-01-02,exit,biotech_innovation,23.0,0.6782877316857898,CMPS|SGMO|ABSI
2024-01-02,exit,space_satellites,36.0,0.5732568402471315,RKLB|KOPN|ONDS
2024-01-02,exit,aerospace,75.0,0.3484112974404236,RKLB|ASTS|GD
2024-01-02,enter,pharma_largecap,1.0,0.8521624007060901,REGN|MRK|AMGN
2024-01-02,enter,pharma,2.0,0.8362753751103266,MRK|AMGN|ABBV
2024-01-02,enter,biotech,3.0,0.8270079435127978,MRNA|REGN|AMGN
2024-01-03,exit,pharma_largecap,7.0,0.7365401588702561,REGN|MRK|AMGN
2024-01-03,exit,pharma,5.0,0.7418358340688439,MRK|AMGN|ABBV
2024-01-03,exit,biotech,8.0,0.7316857899382171,MRNA|REGN|AMGN
2024-01-03,enter,obesity_glp1_health,1.0,0.7747131509267432,LLY|HIMS|NVO
2024-01-03,enter,china_internet,2.0,0.7736098852603707,TCOM|BILI|LI
2024-01-03,enter,utilities_yield,3.0,0.7720653133274492,SO|XEL|WEC
2024-01-04,exit,obesity_glp1_health,27.0,0.6354810238305384,LLY|HIMS|NVO
2024-01-04,exit,china_internet,26.0,0.6407766990291262,TCOM|BILI|LI
2024-01-04,exit,utilities_yield,28.0,0.6328331862312445,SO|XEL|WEC
2024-01-04,enter,pharma,1.0,0.8210503089143868,MRK|AMGN|ABBV
2024-01-04,enter,biotech,2.0,0.8210503089143867,AMGN|ABBV|RXRX
2024-01-04,enter,healthcare,3.0,0.809576345984113,MOH|CNC|UNH
2024-01-05,exit,pharma,17.0,0.6886584289496911,MRK|AMGN|ABBV
2024-01-05,exit,biotech,9.0,0.7436010591350397,AMGN|ABBV|RXRX
2024-01-05,exit,healthcare,18.0,0.6785083848190644,MOH|CNC|UNH
2024-01-05,enter,regional_banks,1.0,0.8587819947043248,FITB|HBAN|KEY
2024-01-05,enter,banks_brokers_exchanges,2.0,0.8442188879082083,BCS|IBKR|BAC
2024-01-05,enter,insurance,3.0,0.8395851721094442,ALL|MET|AIG
2024-01-08,exit,regional_banks,8.0,0.6915269196822595,FITB|HBAN|KEY
2024-01-08,exit,banks_brokers_exchanges,16.0,0.6637246248896735,BCS|IBKR|BAC
2024-01-08,exit,insurance,31.0,0.6114298323036187,ALL|MET|AIG
2024-01-08,enter,medtech,1.0,0.7380847308031774,MDT|DXCM|JNJ
2024-01-08,enter,data_centers,2.0,0.7358781994704323,SMCI|PSTG|CSCO
2024-01-08,enter,ai_apps,3.0,0.7288172992056487,RXRX|SNAP|PINS
2024-01-09,exit,data_centers,11.0,0.717784642541924,SMCI|PSTG|CSCO
2024-01-09,enter,medtech_devices,1.0,0.8217122683142102,TMDX|XRAY|MDT
2024-01-09,enter,uranium,3.0,0.7720653133274493,CCJ|NXE|UEC
2024-01-10,exit,medtech,13.0,0.7157987643424537,MDT|DXCM|JNJ
2024-01-10,exit,ai_apps,9.0,0.7336716681376876,RXRX|SNAP|PINS
2024-01-10,exit,medtech_devices,8.0,0.73477493380406,TMDX|XRAY|MDT
2024-01-10,exit,uranium,35.0,0.5880406001765225,CCJ|NXE|UEC
2024-01-10,enter,mega_cap_platforms,1.0,0.7784642541924095,NVDA|META|NOW
2024-01-10,enter,diagnostics_tools,2.0,0.7740511915269198,WGS|ILMN|RVTY
2024-01-10,enter,construction_infrastructure,3.0,0.7630185348631952,MTZ|CRH|MAS
2024-01-11,exit,diagnostics_tools,25.0,0.6295233892321271,WGS|ILMN|RVTY
2024-01-11,exit,construction_infrastructure,23.0,0.6432038834951456,MTZ|CRH|MAS
2024-01-11,enter,business_apps,2.0,0.8018534863195057,DOCU|CRM|VEEV
2024-01-11,enter,workflow_software,3.0,0.7716240070609003,DOCU|NOW|TEAM
2024-01-12,exit,mega_cap_platforms,12.0,0.6946160635481025,NVDA|META|NOW
2024-01-12,enter,uranium,2.0,0.7731685789938217,UEC|DNN|CCJ
2024-01-12,enter,gold_silver_miners,3.0,0.7727272727272727,IAG|FSM|CDE
2024-01-16,exit,business_apps,38.0,0.5657546337157988,DOCU|CRM|VEEV
2024-01-16,exit,workflow_software,12.0,0.7146954986760813,DOCU|NOW|TEAM
2024-01-16,exit,gold_silver_miners,63.0,0.4406443071491615,IAG|FSM|CDE
2024-01-16,enter,dev_tools,2.0,0.8382612533097971,CDNS|MDB|GTLB
2024-01-16,enter,cloud,3.0,0.766107678729038,MDB|ZS|AKAM
2024-01-17,exit,uranium,5.0,0.7274933804060019,UEC|DNN|CCJ
2024-01-17,exit,cloud,47.0,0.5180935569285084,MDB|ZS|AKAM
2024-01-17,enter,restaurants_food,2.0,0.7365401588702559,WING|CAVA|CMG
2024-01-17,enter,vertical_software,3.0,0.7296999117387467,CDNS|VEEV|PTC
2024-01-18,exit,dev_tools,10.0,0.7133975390685843,CDNS|MDB|GTLB
2024-01-18,exit,restaurants_food,22.0,0.6547038056175691,WING|CAVA|CMG
2024-01-18,exit,vertical_software,9.0,0.7201599086236437,CDNS|VEEV|PTC
2024-01-18,enter,semis,1.0,0.8650122008203106,TSM|AMD|MRVL
2024-01-18,enter,advanced_packaging,2.0,0.8151835314885002,CAMT|ONTO|KLAC
2024-01-18,enter,semicap_equipment,3.0,0.8077851617257671,ICHR|VECO|CAMT
2024-01-22,exit,semis,23.0,0.6416073931779243,TSM|AMD|MRVL
2024-01-22,exit,advanced_packaging,9.0,0.7107497014692903,CAMT|ONTO|KLAC
2024-01-22,enter,memory,1.0,0.8263719433051245,WDC|RMBS|LRCX
2024-01-22,enter,memory_storage,2.0,0.8089922641607392,WDC|QMCO|RMBS
2024-01-23,exit,semicap_equipment,23.0,0.6220211827007944,ICHR|VECO|CAMT
2024-01-23,exit,memory,35.0,0.572594880847308,WDC|RMBS|LRCX
2024-01-23,exit,memory_storage,27.0,0.5995145631067961,WDC|QMCO|RMBS
2024-01-23,enter,semis,1.0,0.7614739629302737,TSM|KLAC|AVGO
2024-01-23,enter,digital_ads_media,2.0,0.7594880847308032,RUM|APP|ROKU
2024-01-23,enter,gaming_sports_betting,3.0,0.7586054721977052,DKNG|NTES|FLUT
2024-01-24,exit,digital_ads_media,31.0,0.604368932038835,RUM|APP|ROKU
2024-01-24,enter,oil_services,1.0,0.8254633715798765,HAL|LBRT|NBR
2024-01-24,enter,semis_compute,2.0,0.7954545454545454,ASML|SMCI|TSM
2024-01-25,exit,semis,31.0,0.6103525258293961,TSM|KLAC|AVGO
2024-01-25,exit,gaming_sports_betting,50.0,0.5159778827682883,DKNG|NTES|FLUT
2024-01-25,exit,semis_compute,9.0,0.6986786771195679,ASML|SMCI|TSM
2024-01-25,enter,asset_managers_alts,2.0,0.7709620476610769,BN|ARES|CG
2024-01-25,enter,oil_gas,3.0,0.7444057940916877,LBRT|YPF|MGY
2024-01-26,exit,asset_managers_alts,30.0,0.6275375110326565,BN|ARES|CG
2024-01-26,enter,digital_ads_media,3.0,0.7793468667255075,NFLX|RUM|SPOT
2024-01-29,exit,oil_services,13.0,0.6401147396293028,HAL|LBRT|NBR
2024-01-29,exit,oil_gas,31.0,0.5745807590467783,LBRT|YPF|MGY
2024-01-29,exit,digital_ads_media,3.0,0.7191085613415711,NFLX|RUM|SPOT
2024-01-29,enter,biotech_innovation,1.0,0.8197263901147397,ARQT|CMPS|WGS
2024-01-29,enter,renewables_storage,2.0,0.721315092674316,PLUG|RUN|NRG
2024-01-29,enter,digital_ads_media,3.0,0.7191085613415711,APP|TBLA|NFLX
2024-01-30,exit,biotech_innovation,45.0,0.5489849955869373,ARQT|CMPS|WGS
2024-01-30,exit,renewables_storage,93.0,0.1941747572815534,PLUG|RUN|NRG
2024-01-30,exit,digital_ads_media,72.0,0.3618711385701677,APP|TBLA|NFLX
2024-01-30,enter,oil_gas,1.0,0.8495145631067961,LBRT|MGY|XOM
2024-01-30,enter,mega_banks,2.0,0.8464254192409534,C|AXP|BAC
2024-01-30,enter,energy,3.0,0.8131067961165048,XOM|CVX|COP
2024-01-31,exit,oil_gas,31.0,0.6090026478375993,LBRT|MGY|XOM
2024-01-31,exit,mega_banks,28.0,0.6224624889673435,C|AXP|BAC
2024-01-31,exit,energy,22.0,0.647396293027361,XOM|CVX|COP
2024-01-31,enter,utilities_yield,1.0,0.8367166813768755,EIX|D|XEL
2024-01-31,enter,nuclear_uranium,2.0,0.8312003530450133,SMR|BW|CEG
2024-01-31,enter,medtech,3.0,0.7908208296557812,SYK|EW|BSX
2024-02-01,exit,utilities_yield,9.0,0.7493380406001764,EIX|D|XEL
2024-02-01,exit,medtech,25.0,0.6571050308914388,SYK|EW|BSX
2024-02-01,enter,nuclear,2.0,0.8340688437775817,NXE|DNN|UEC
2024-02-01,enter,restaurants_food,3.0,0.8184024713150928,EAT|CAVA|SHAK
2024-02-02,exit,nuclear_uranium,28.0,0.5858340688437775,SMR|BW|CEG
2024-02-02,exit,nuclear,45.0,0.5342012356575463,NXE|DNN|UEC
2024-02-02,exit,restaurants_food,9.0,0.6924095322153574,EAT|CAVA|SHAK
2024-02-02,enter,datacenter_infra,1.0,0.8567961165048544,VRT|FTV|ETN
2024-02-02,enter,construction_infrastructure,2.0,0.7872903795233893,ROAD|EXP|VMC
2024-02-02,enter,power_grid_electrification,3.0,0.7530891438658429,VRT|FTV|ETN
2024-02-05,exit,datacenter_infra,10.0,0.7330097087378642,VRT|FTV|ETN
2024-02-05,exit,construction_infrastructure,19.0,0.6771844660194174,ROAD|EXP|VMC
2024-02-05,exit,power_grid_electrification,17.0,0.7027802294792586,VRT|FTV|ETN
2024-02-05,enter,electronics_components,1.0,0.8417917034421889,CLS|SANM|GLW
2024-02-05,enter,medtech,2.0,0.7868490732568401,EW|SYK|BSX
2024-02-05,enter,medtech_devices,3.0,0.7771403353927627,EW|SYK|BSX
2024-02-06,exit,electronics_components,57.0,0.4739629302736098,CLS|SANM|GLW
2024-02-06,enter,china_internet,1.0,0.8642983230361871,TCOM|BILI|LI
2024-02-07,exit,medtech,32.0,0.5984112974404237,EW|SYK|BSX
2024-02-07,exit,medtech_devices,31.0,0.5999558693733451,EW|SYK|BSX
2024-02-07,exit,china_internet,50.0,0.49095322153574583,TCOM|BILI|LI
2024-02-07,enter,datacenter_infra,1.0,0.8684907325684024,EMR|XYL|TTEK
2024-02-07,enter,construction_infrastructure,2.0,0.8188437775816416,TREX|ROAD|FLR
2024-02-07,enter,mega_cap_platforms,3.0,0.8036187113857016,LLY|NVDA|META
2024-02-08,exit,datacenter_infra,11.0,0.7162400706090026,EMR|XYL|TTEK
2024-02-08,exit,construction_infrastructure,18.0,0.6813768755516328,TREX|ROAD|FLR
2024-02-08,exit,mega_cap_platforms,21.0,0.6705648720211828,LLY|NVDA|META
2024-02-08,enter,cloud,1.0,0.8027360988526038,NET|MDB|SNOW
2024-02-08,enter,apparel_beauty_lifestyle,2.0,0.7989849955869371,TPR|AEO|DECK
2024-02-08,enter,cloud_neocloud,3.0,0.7700794351279788,IREN|CORZ|CLSK
2024-02-09,exit,cloud,9.0,0.7299205648720213,NET|MDB|SNOW
2024-02-09,exit,apparel_beauty_lifestyle,24.0,0.6473962930273611,TPR|AEO|DECK
2024-02-09,enter,semis,1.0,0.8192850838481907,ARM|MPWR|AMAT
2024-02-09,enter,semicap_equipment,2.0,0.8126654898499559,AMAT|ICHR|ONTO
2024-02-09,enter,crypto_infrastructure,3.0,0.8025154457193293,CLSK|IREN|MSTR
2024-02-12,exit,cloud_neocloud,11.0,0.7230803177405118,IREN|CORZ|CLSK
2024-02-12,exit,semis,41.0,0.5370697263901149,ARM|MPWR|AMAT
2024-02-12,exit,semicap_equipment,53.0,0.5112533097969991,AMAT|ICHR|ONTO
2024-02-12,enter,solar,1.0,0.7976610767872904,ENPH|SEDG|RUN
2024-02-12,enter,biotech_innovation,3.0,0.7749338040600177,SGMO|BEAM|DFTX
2024-02-13,exit,crypto_infrastructure,6.0,0.7199911738746689,CLSK|IREN|MSTR
2024-02-13,exit,solar,35.0,0.5862753751103265,ENPH|SEDG|RUN
2024-02-13,exit,biotech_innovation,45.0,0.5342012356575464,SGMO|BEAM|DFTX
2024-02-13,enter,cybersecurity,1.0,0.7912621359223301,PANW|CRWD|NET
2024-02-13,enter,managed_care_insurance,2.0,0.76522506619594,MOH|OSCR|CI
2024-02-13,enter,ai_apps_agents,3.0,0.7460282436010591,GTM|AI|SOUN
2024-02-14,exit,cybersecurity,40.0,0.5522947925860546,PANW|CRWD|NET
2024-02-14,exit,managed_care_insurance,35.0,0.5809796999117388,MOH|OSCR|CI
2024-02-14,exit,ai_apps_agents,20.0,0.6593115622241836,GTM|AI|SOUN
2024-02-14,enter,crypto_infrastructure,1.0,0.8384819064430714,CLSK|IREN|MSTR
2024-02-14,enter,semicap_equipment,2.0,0.8027360988526037,ENTG|VECO|ICHR
2024-02-14,enter,cloud_neocloud,3.0,0.7897175639894085,CLSK|IREN|CIFR
2024-02-15,exit,crypto_infrastructure,23.0,0.6328331862312445,CLSK|IREN|MSTR
2024-02-15,exit,semicap_equipment,29.0,0.6008384819064432,ENTG|VECO|ICHR
2024-02-15,exit,cloud_neocloud,30.0,0.5986319505736981,CLSK|IREN|CIFR
2024-02-15,enter,oil_gas,1.0,0.784421888790821,FANG|TRGP|AR
2024-02-15,enter,energy,2.0,0.7837599293909974,FANG|OXY|CRGY
2024-02-15,enter,oil_exploration,3.0,0.7614739629302738,FANG|OXY|APA
2024-02-16,exit,energy,13.0,0.7116063548102383,FANG|OXY|CRGY
2024-02-16,enter,quantum_computing,1.0,0.8426743159752867,RGTI|QBTS|QUBT
2024-02-20,exit,oil_gas,15.0,0.7164607237422771,FANG|TRGP|AR
2024-02-20,exit,oil_exploration,31.0,0.6081200353045013,FANG|OXY|APA
2024-02-20,enter,consumer_staples,1.0,0.7996469549867607,KR|WMT|DG
2024-02-20,enter,banks_brokers_exchanges,3.0,0.7797881729920564,BCS|NWG|ABR
2024-02-21,exit,quantum_computing,48.0,0.5454545454545455,RGTI|QBTS|QUBT
2024-02-21,exit,consumer_staples,22.0,0.662180052956752,KR|WMT|DG
2024-02-21,exit,banks_brokers_exchanges,13.0,0.719108561341571,BCS|NWG|ABR
2024-02-21,enter,oil_gas,1.0,0.8779788172992058,AR|TRGP|RRC
2024-02-21,enter,natural_gas,2.0,0.8285525154457193,AR|EQT|RRC
2024-02-21,enter,diagnostics_tools,3.0,0.8265666372462488,WGS|EXAS|TECH
2024-02-22,exit,oil_gas,5.0,0.7255075022065313,AR|TRGP|RRC
2024-02-22,exit,natural_gas,21.0,0.6566637246248898,AR|EQT|RRC
2024-02-22,exit,diagnostics_tools,16.0,0.6643865842894969,WGS|EXAS|TECH
2024-02-22,enter,ai_apps,1.0,0.7577228596646072,RXRX|SOUN|APP
2024-02-22,enter,restaurants_food,2.0,0.7511032656663724,WING|DRI|TXRH
2024-02-22,enter,mega_banks,3.0,0.7354368932038834,JPM|WFC|GS
2024-02-23,exit,ai_apps,94.0,0.1652691968225949,RXRX|SOUN|APP
2024-02-23,enter,consumer_staples,1.0,0.881288614298323,TGT|WMT|MDLZ
2024-02-23,enter,retail_consumer,2.0,0.8470873786407768,OLLI|BJ|TGT
2024-02-23,enter,homebuilders_housing,3.0,0.7936893203883496,FND|BLD|TOL
2024-02-26,exit,restaurants_food,32.0,0.6067961165048543,WING|DRI|TXRH
2024-02-26,exit,mega_banks,46.0,0.515666372462489,JPM|WFC|GS
2024-02-26,exit,consumer_staples,38.0,0.5688437775816416,TGT|WMT|MDLZ
2024-02-26,exit,retail_consumer,14.0,0.6608561341571051,OLLI|BJ|TGT
2024-02-26,exit,homebuilders_housing,26.0,0.6334951456310679,FND|BLD|TOL
2024-02-26,enter,biotech_innovation,1.0,0.8298764342453663,INDV|NVAX|WGS
2024-02-26,enter,memory,2.0,0.7689761694616065,MU|WDC|RMBS
2024-02-26,enter,business_apps,3.0,0.7636804942630185,CRM|SAP|WDAY
2024-02-27,exit,memory,28.0,0.6149602824360106,MU|WDC|RMBS
2024-02-27,exit,business_apps,35.0,0.5483230361871139,CRM|SAP|WDAY
2024-02-27,enter,construction_infrastructure,2.0,0.7967784642541923,PWR|FND|DY
2024-02-27,enter,retail_consumer,3.0,0.7936893203883495,BBY|ELF|LOW
2024-02-28,exit,biotech_innovation,10.0,0.7074139452780228,INDV|NVAX|WGS
2024-02-28,enter,restaurants_food,2.0,0.8029567519858782,CAVA|SG|BROS
2024-02-29,exit,construction_infrastructure,3.0,0.747793468667255,PWR|FND|DY
2024-02-29,exit,retail_consumer,8.0,0.7219770520741395,BBY|ELF|LOW
2024-02-29,exit,restaurants_food,11.0,0.6937334510150044,CAVA|SG|BROS
2024-02-29,enter,storage,1.0,0.7897175639894088,PSTG|DELL|QMCO
2024-02-29,enter,homebuilders_housing,2.0,0.7897175639894085,HAYW|KBH|BLDR
2024-02-29,enter,construction_infrastructure,3.0,0.747793468667255,HAYW|CRH|MLM
2024-03-01,exit,homebuilders_housing,13.0,0.6928508384819064,HAYW|KBH|BLDR
2024-03-01,exit,construction_infrastructure,28.0,0.6213592233009708,HAYW|CRH|MLM
2024-03-01,enter,memory_storage,2.0,0.7892762577228598,NTAP|PSTG|WDC
2024-03-01,enter,networking,3.0,0.7561782877316858,MRVL|CIEN|ANET
2024-03-04,exit,storage,12.0,0.7440423654015887,PSTG|DELL|QMCO
2024-03-04,enter,obesity_glp1_health,1.0,0.8872462488967343,SG|HIMS|NVO
2024-03-04,enter,gold_silver_miners,2.0,0.8261253309797,HMY|EXK|AU
2024-03-04,enter,data_centers,3.0,0.7983230361871139,PSTG|SMCI|CORZ
2024-03-05,exit,memory_storage,32.0,0.6063548102383054,NTAP|PSTG|WDC
2024-03-05,exit,networking,16.0,0.6807149161518093,MRVL|CIEN|ANET
2024-03-05,exit,obesity_glp1_health,44.0,0.5567078552515445,SG|HIMS|NVO
2024-03-05,exit,data_centers,42.0,0.5670785525154457,PSTG|SMCI|CORZ
2024-03-05,enter,regional_banks,2.0,0.7930273609885261,PNC|FITB|KEY
2024-03-05,enter,utilities_yield,3.0,0.7877316857899384,TLN|NRG|CEG
2024-03-06,exit,regional_banks,46.0,0.5114739629302736,PNC|FITB|KEY
2024-03-06,exit,utilities_yield,6.0,0.7462488967343336,TLN|NRG|CEG
2024-03-06,enter,storage,2.0,0.8212709620476611,HPE|PSTG|DELL
2024-03-06,enter,semis,3.0,0.8139894086496027,TSM|AMD|MRVL
2024-03-07,exit,storage,28.0,0.619152691968226,HPE|PSTG|DELL
2024-03-07,enter,advanced_packaging,3.0,0.8424536628420123,ASX|AMKR|FORM
2024-03-08,exit,gold_silver_miners,1.0,0.8254633715798764,HMY|EXK|AU
2024-03-08,exit,semis,76.0,0.35591350397175636,TSM|AMD|MRVL
2024-03-08,exit,advanced_packaging,79.0,0.352603706972639,ASX|AMKR|FORM
2024-03-08,enter,gold_silver_miners,1.0,0.8254633715798764,IAG|HMY|AU
2024-03-08,enter,copper_metals,2.0,0.7954545454545454,TMC|TGB|HMY
2024-03-08,enter,gold,3.0,0.7906001765225067,FNV|AEM|PAAS
2024-03-11,exit,gold,10.0,0.7550750220653132,FNV|AEM|PAAS
2024-03-11,enter,energy,2.0,0.868270079435128,SMR|XOM|NXT
2024-03-11,enter,china_internet,3.0,0.8468667255075023,BILI|FUTU|JD
2024-03-12,exit,gold_silver_miners,28.0,0.6072374227714034,IAG|HMY|AU
2024-03-12,exit,copper_metals,4.0,0.7480141218005295,TMC|TGB|HMY
2024-03-12,exit,energy,31.0,0.5701676963812887,SMR|XOM|NXT
2024-03-12,enter,retail,2.0,0.7672109443954104,JD|DG|KR
2024-03-12,enter,quantum_computing,3.0,0.766548984995587,QUBT|QBTS|RGTI
2024-03-13,exit,china_internet,7.0,0.7925860547219772,BILI|FUTU|JD
2024-03-13,exit,retail,51.0,0.5094880847308031,JD|DG|KR
2024-03-13,exit,quantum_computing,23.0,0.6542365401588702,QUBT|QBTS|RGTI
2024-03-13,enter,copper,1.0,0.8287731685789939,SCCO|TECK|FCX
2024-03-13,enter,oil_services,2.0,0.8166372462488968,FTI|BORR|NBR
2024-03-13,enter,copper_metals,3.0,0.8117828773168579,TMC|SCCO|TGB
2024-03-14,exit,copper,14.0,0.71954986760812,SCCO|TECK|FCX
2024-03-14,exit,copper_metals,19.0,0.6963812886142983,TMC|SCCO|TGB
2024-03-14,enter,energy,1.0,0.8561341571050309,SMR|COP|APA
2024-03-14,enter,additive_manufacturing,2.0,0.8042806707855251,VELO|NNDM|SSYS
2024-03-15,exit,energy,12.0,0.7418358340688439,SMR|COP|APA
2024-03-15,enter,agriculture_food_inputs,1.0,0.8676081200353045,TSN|ADM|CALM
2024-03-15,enter,copper_metals,3.0,0.7978817299205648,SCCO|EXK|FCX
2024-03-18,exit,oil_services,40.0,0.5375110326566638,FTI|BORR|NBR
2024-03-18,exit,additive_manufacturing,3.0,0.7923654015887027,VELO|NNDM|SSYS
2024-03-18,exit,agriculture_food_inputs,6.0,0.7442630185348632,TSN|ADM|CALM
2024-03-18,exit,copper_metals,14.0,0.6902030008826125,SCCO|EXK|FCX
2024-03-18,enter,mega_cap_platforms,1.0,0.8320829655781112,GOOGL|ORCL|JPM
2024-03-18,enter,nuclear,2.0,0.8106796116504854,SMR|CCJ|DNN
2024-03-18,enter,additive_manufacturing,3.0,0.7923654015887027,VELO|NNDM|SSYS
2024-03-19,exit,mega_cap_platforms,40.0,0.5754633715798764,GOOGL|ORCL|JPM
2024-03-19,exit,nuclear,70.0,0.36032656663724627,SMR|CCJ|DNN
2024-03-19,exit,additive_manufacturing,7.0,0.7749338040600177,VELO|NNDM|SSYS
2024-03-19,enter,oil_gas,1.0,0.8576787290379523,TTE|CRGY|DVN
2024-03-19,enter,energy,2.0,0.8338481906443073,SLB|CRGY|DVN
2024-03-19,enter,oil_services,3.0,0.8232568402471315,NBR|RIG|FTI
2024-03-20,exit,oil_gas,18.0,0.6694616063548103,TTE|CRGY|DVN
2024-03-20,exit,energy,71.0,0.41725507502206527,SLB|CRGY|DVN
2024-03-20,exit,oil_services,23.0,0.6359223300970874,NBR|RIG|FTI
2024-03-20,enter,copper_metals,1.0,0.8100176522506619,TGB|CENX|USAS
2024-03-20,enter,industrial_automation,2.0,0.8040600176522507,CAT|CE|PCAR
2024-03-20,enter,airlines_travel,3.0,0.796557811120918,UAL|TRIP|LYFT
2024-03-21,exit,copper_metals,39.0,0.573477493380406,TGB|CENX|USAS
2024-03-21,exit,industrial_automation,19.0,0.7085172109443955,CAT|CE|PCAR
2024-03-21,exit,airlines_travel,20.0,0.690864960282436,UAL|TRIP|LYFT
2024-03-21,enter,datacenter_infra,1.0,0.8219329214474846,VRT|ACM|FLR
2024-03-21,enter,construction_infrastructure,2.0,0.8161959399823477,FND|ACM|HAYW
2024-03-21,enter,solar,3.0,0.7950132391879965,RUN|ARRY|ENPH
2024-03-22,exit,datacenter_infra,18.0,0.6368049426301853,VRT|ACM|FLR
2024-03-22,exit,construction_infrastructure,8.0,0.7210944395410415,FND|ACM|HAYW
2024-03-22,exit,solar,15.0,0.6421006178287731,RUN|ARRY|ENPH
2024-03-22,enter,cloud_neocloud,1.0,0.7932480141218006,WULF|CIFR|IREN
2024-03-22,enter,memory_storage,2.0,0.7488967343336276,MU|WDC|PSTG
2024-03-22,enter,electronics_components,3.0,0.7480141218005297,MTSI|COHR|LITE
2024-03-25,exit,memory_storage,11.0,0.7023389232127095,MU|WDC|PSTG
2024-03-25,exit,electronics_components,36.0,0.5657546337157988,MTSI|COHR|LITE
2024-03-25,enter,crypto_infrastructure,1.0,0.8091350397175641,CLSK|WULF|CIFR
2024-03-25,enter,airlines_travel,2.0,0.8020741394527804,HTZ|RCL|JBLU
2024-03-26,exit,cloud_neocloud,12.0,0.6860105913503971,WULF|CIFR|IREN
2024-03-26,exit,crypto_infrastructure,32.0,0.5637687555163284,CLSK|WULF|CIFR
2024-03-26,enter,additive_manufacturing,2.0,0.8027360988526038,VELO|SSYS|NNDM
2024-03-26,enter,payments,3.0,0.7978817299205648,PYPL|FIS|AFRM
2024-03-27,exit,airlines_travel,8.0,0.7310238305383936,HTZ|RCL|JBLU
2024-03-27,exit,additive_manufacturing,93.0,0.14805825242718446,VELO|SSYS|NNDM
2024-03-27,exit,payments,77.0,0.33473080317740506,PYPL|FIS|AFRM
2024-03-27,enter,solar,1.0,0.8316416593115622,RUN|FSLR|ARRY
2024-03-27,enter,renewables_storage,2.0,0.7930273609885262,RUN|STEM|FSLR
2024-03-27,enter,real_estate_reits,3.0,0.7755957634598412,MPT|OUT|ABR
2024-03-28,exit,renewables_storage,16.0,0.7173433362753752,RUN|STEM|FSLR
2024-03-28,exit,real_estate_reits,14.0,0.735216240070609,MPT|OUT|ABR
2024-03-28,enter,gold_silver_miners,1.0,0.85216240070609,EXK|HL|IAG
2024-03-28,enter,energy,2.0,0.8307590467784643,OKLO|SMR|FSLR
2024-03-28,enter,silver,3.0,0.8095763459841131,HL|AG|PAAS
2024-04-01,exit,solar,42.0,0.5255957634598412,RUN|FSLR|ARRY
2024-04-01,exit,energy,10.0,0.7550750220653134,OKLO|SMR|FSLR
2024-04-01,enter,nuclear_uranium,3.0,0.8115622241835836,OKLO|NXE|SMR
2024-04-02,exit,silver,3.0,0.7985436893203883,HL|AG|PAAS
2024-04-02,exit,nuclear_uranium,8.0,0.7718446601941749,OKLO|NXE|SMR
2024-04-02,enter,energy,2.0,0.8137687555163283,OKLO|TTE|OXY
2024-04-02,enter,silver,3.0,0.7985436893203883,AG|HL|SVM
2024-04-03,exit,gold_silver_miners,4.0,0.8572374227714035,EXK|HL|IAG
2024-04-03,exit,silver,8.0,0.7917034421888791,AG|HL|SVM
2024-04-03,enter,nuclear,1.0,0.8839364518976168,OKLO|CCJ|SMR
2024-04-03,enter,nuclear_uranium,2.0,0.8667255075022066,OKLO|CCJ|LEU
2024-04-04,exit,nuclear,8.0,0.7555163283318623,OKLO|CCJ|SMR
2024-04-04,exit,nuclear_uranium,13.0,0.6862312444836717,OKLO|CCJ|LEU
2024-04-04,enter,oil_gas,2.0,0.8409090909090909,SHEL|LBRT|DVN
2024-04-04,enter,oil_integrated,3.0,0.8111209179170344,SHEL|TTE|XOM
2024-04-05,exit,energy,8.0,0.7707413945278024,OKLO|TTE|OXY
2024-04-05,enter,gold_silver_miners,1.0,0.8868049426301853,CDE|AG|FSM
2024-04-05,enter,silver,3.0,0.8342894969108562,AG|PAAS|SVM
2024-04-08,exit,oil_gas,8.0,0.7012356575463372,SHEL|LBRT|DVN
2024-04-08,exit,oil_integrated,10.0,0.6966019417475728,SHEL|TTE|XOM
2024-04-08,exit,gold_silver_miners,6.0,0.7171226831421006,CDE|AG|FSM
2024-04-08,exit,silver,5.0,0.7266107678729038,AG|PAAS|SVM
2024-04-08,enter,copper_metals,1.0,0.7835392762577229,EXK|USAS|TGB
2024-04-08,enter,copper,2.0,0.7806707855251545,HBM|FCX|RIO
2024-04-08,enter,banks_brokers_exchanges,3.0,0.7775816416593117,BCS|HBAN|NWG
2024-04-09,exit,copper_metals,12.0,0.7272727272727273,EXK|USAS|TGB
2024-04-09,exit,banks_brokers_exchanges,45.0,0.516107678729038,BCS|HBAN|NWG
2024-04-09,enter,china_internet,2.0,0.8219329214474845,XPEV|TME|NTES
2024-04-09,enter,gold_silver_miners,3.0,0.8142100617828776,PAAS|AG|GOLD
2024-04-10,exit,copper,13.0,0.6802736098852603,HBM|FCX|RIO
2024-04-10,exit,china_internet,20.0,0.6487202118270079,XPEV|TME|NTES
2024-04-10,enter,oil_gas,1.0,0.8475286849073258,AR|CRGY|SHEL
2024-04-10,enter,energy,3.0,0.7864077669902911,FSLR|SHEL|CRGY
2024-04-11,exit,gold_silver_miners,2.0,0.7886142983230361,PAAS|AG|GOLD
2024-04-11,exit,oil_gas,27.0,0.6006178287731686,AR|CRGY|SHEL
2024-04-11,exit,energy,50.0,0.48742277140335394,FSLR|SHEL|CRGY
2024-04-11,enter,dev_tools,1.0,0.823477493380406,TEAM|DDOG|MDB
2024-04-11,enter,gold_silver_miners,2.0,0.7886142983230361,GOLD|PAAS|HMY
2024-04-11,enter,semicap_equipment,3.0,0.7758164165931156,AMKR|VECO|AMAT
2024-04-12,exit,dev_tools,11.0,0.6608561341571051,TEAM|DDOG|MDB
2024-04-12,exit,semicap_equipment,14.0,0.634819064430715,AMKR|VECO|AMAT
2024-04-12,enter,copper_metals,2.0,0.8144307149161518,USAS|RIO|TGB
2024-04-12,enter,gold,3.0,0.7998676081200353,GOLD|PAAS|GLD
2024-04-15,exit,gold_silver_miners,1.0,0.8223742277140336,GOLD|PAAS|HMY
2024-04-15,exit,gold,17.0,0.6785083848190643,GOLD|PAAS|GLD
2024-04-15,enter,gold_silver_miners,1.0,0.8223742277140336,HMY|PAAS|USAS
2024-04-15,enter,pharma_largecap,3.0,0.7848631950573699,AZN|GSK|VRTX
2024-04-16,exit,copper_metals,64.0,0.45366284201235657,USAS|RIO|TGB
2024-04-16,exit,gold_silver_miners,71.0,0.40887025595763454,HMY|PAAS|USAS
2024-04-16,exit,pharma_largecap,46.0,0.533097969991174,AZN|GSK|VRTX
2024-04-16,enter,managed_care,1.0,0.7546337157987643,UNH|OSCR|ALHC
2024-04-16,enter,insurance,2.0,0.7535304501323918,TRV|PGR|AIG
2024-04-16,enter,restaurants_food,3.0,0.7458075904677847,WING|TXRH|CAKE
2024-04-17,exit,managed_care,14.0,0.6899823477493381,UNH|OSCR|ALHC
2024-04-17,exit,insurance,44.0,0.5185348631950574,TRV|PGR|AIG
2024-04-17,exit,restaurants_food,30.0,0.6001765225066196,WING|TXRH|CAKE
2024-04-17,enter,banks_brokers_exchanges,1.0,0.8161959399823477,GS|SCHW|WFC
2024-04-17,enter,pharma_largecap,2.0,0.7842012356575464,LLY|AMGN|AZN
2024-04-17,enter,mega_banks,3.0,0.7817740511915269,GS|WFC|AXP
2024-04-18,exit,pharma_largecap,20.0,0.6628420123565754,LLY|AMGN|AZN
2024-04-18,exit,mega_banks,11.0,0.7349955869373346,GS|WFC|AXP
2024-04-18,enter,managed_care,2.0,0.8117828773168579,UNH|OSCR|ELV
2024-04-18,enter,consumer_staples,3.0,0.7932480141218006,PEP|PG|CL
2024-04-19,exit,managed_care,10.0,0.7557369814651368,UNH|OSCR|ELV
2024-04-19,enter,pharma,3.0,0.827449249779347,AMGN|ABBV|BMY
2024-04-22,exit,banks_brokers_exchanges,1.0,0.8142100617828772,GS|SCHW|WFC
2024-04-22,exit,consumer_staples,13.0,0.7054280670785525,PEP|PG|CL
2024-04-22,exit,pharma,9.0,0.7385260370697263,AMGN|ABBV|BMY
2024-04-22,enter,banks_brokers_exchanges,1.0,0.8142100617828772,WFC|ALLY|COLB
2024-04-22,enter,regional_banks,2.0,0.7974404236540158,COF|PNC|TFC
2024-04-22,enter,mega_banks,3.0,0.7950132391879964,AXP|WFC|MS
2024-04-23,exit,banks_brokers_exchanges,3.0,0.769196822594881,WFC|ALLY|COLB
2024-04-23,exit,regional_banks,11.0,0.7266107678729038,COF|PNC|TFC
2024-04-23,exit,mega_banks,9.0,0.7319064430714917,AXP|WFC|MS
2024-04-23,enter,payments,1.0,0.8089143865842895,AXP|AFRM|COF
2024-04-23,enter,homebuilders_housing,2.0,0.7808914386584289,PHM|KBH|TOL
2024-04-23,enter,banks_brokers_exchanges,3.0,0.769196822594881,ALLY|VLY|BAC
2024-04-24,exit,payments,8.0,0.7182259488084731,AXP|AFRM|COF
2024-04-24,exit,homebuilders_housing,69.0,0.43954104148278905,PHM|KBH|TOL
2024-04-24,exit,banks_brokers_exchanges,11.0,0.7071932921447484,ALLY|VLY|BAC
2024-04-24,enter,natural_gas,1.0,0.856134157105031,EQT|RRC|AR
2024-04-24,enter,china_internet,2.0,0.8285525154457194,BILI|FUTU|YMM
2024-04-24,enter,regional_banks,3.0,0.7910414827890556,FITB|COF|TFC
2024-04-25,exit,china_internet,9.0,0.709179170344219,BILI|FUTU|YMM
2024-04-25,exit,regional_banks,39.0,0.5761253309796999,FITB|COF|TFC
2024-04-25,enter,oil_gas,1.0,0.8128861429832304,AR|RRC|CVX
2024-04-25,enter,consumer_internet,2.0,0.8007502206531332,TME|BABA|EXPE
2024-04-25,enter,semis,3.0,0.7864077669902911,TER|MCHP|TXN
2024-04-26,exit,natural_gas,58.0,0.46910856134157103,EQT|RRC|AR
2024-04-26,exit,oil_gas,78.0,0.3439982347749338,AR|RRC|CVX
2024-04-26,exit,consumer_internet,7.0,0.7566195939982348,TME|BABA|EXPE
2024-04-26,enter,china_internet,1.0,0.925198587819947,FUTU|JD|BEKE
2024-04-26,enter,ai_apps,2.0,0.8338481906443073,SNAP|SOUN|APP
2024-04-29,exit,semis,18.0,0.6712268314210063,TER|MCHP|TXN
2024-04-29,exit,china_internet,8.0,0.7372021182700794,FUTU|JD|BEKE
2024-04-29,enter,nuclear,1.0,0.8230361871138571,OKLO|NXE|SMR
2024-04-29,enter,renewables_storage,3.0,0.7491173874669022,FCEL|FLNC|AMPX
2024-04-30,exit,ai_apps,9.0,0.7277140335392763,SNAP|SOUN|APP
2024-04-30,exit,nuclear,41.0,0.5249338040600176,OKLO|NXE|SMR
2024-04-30,exit,renewables_storage,49.0,0.5046337157987645,FCEL|FLNC|AMPX
2024-04-30,enter,restaurants_food,1.0,0.885701676963813,EAT|CAVA|DPZ
2024-04-30,enter,consumer,2.0,0.8192850838481907,DPZ|CMG|TXRH
2024-04-30,enter,restaurants,3.0,0.8159752868490733,DPZ|YUM|CMG
2024-05-01,exit,restaurants_food,46.0,0.5101500441306267,EAT|CAVA|DPZ
2024-05-01,exit,consumer,85.0,0.3120035304501324,DPZ|CMG|TXRH
2024-05-01,exit,restaurants,77.0,0.3654015887025596,DPZ|YUM|CMG
2024-05-01,enter,biotech_innovation,1.0,0.825684024713151,WGS|TECH|TGTX
2024-05-01,enter,nuclear_uranium,2.0,0.7914827890556045,LEU|VST|UEC
2024-05-01,enter,diagnostics_tools,3.0,0.7864077669902911,WGS|TECH|PACB
2024-05-02,exit,biotech_innovation,25.0,0.6220211827007944,WGS|TECH|TGTX
2024-05-02,exit,nuclear_uranium,18.0,0.6738746690203,LEU|VST|UEC
2024-05-02,exit,diagnostics_tools,36.0,0.5642100617828774,WGS|TECH|PACB
2024-05-02,enter,china_internet,1.0,0.8870255957634599,TIGR|BEKE|FUTU
2024-05-02,enter,consumer_internet,2.0,0.789496910856134,BABA|PINS|SNAP
2024-05-02,enter,gaming_sports_betting,3.0,0.7762577228596645,BILI|TCEHY|NTES
2024-05-03,exit,china_internet,3.0,0.7638102902237681,TIGR|BEKE|FUTU
2024-05-03,exit,consumer_internet,30.0,0.5905326826229167,BABA|PINS|SNAP
2024-05-03,exit,gaming_sports_betting,13.0,0.7012096983541871,BILI|TCEHY|NTES
2024-05-03,enter,renewables_storage,1.0,0.8376382326981984,ENVX|FLNC|PLUG
2024-05-03,enter,utilities_yield,2.0,0.7874850734645138,VST|AES|NRG
2024-05-03,enter,china_internet,3.0,0.7638102902237681,BEKE|XPEV|BIDU
2024-05-06,exit,renewables_storage,28.0,0.6131950573698147,ENVX|FLNC|PLUG
2024-05-06,exit,utilities_yield,17.0,0.64783759929391,VST|AES|NRG
2024-05-06,exit,china_internet,26.0,0.6167255075022066,BEKE|XPEV|BIDU
2024-05-06,enter,ai_apps,1.0,0.8060458958517212,PINS|SOUN|DUOL
2024-05-06,enter,ai_apps_agents,2.0,0.7356575463371581,SOUN|PLTR|DUOL
2024-05-06,enter,construction_infrastructure,3.0,0.7210944395410416,MTZ|BLDR|FND
2024-05-07,exit,ai_apps_agents,18.0,0.6383495145631068,SOUN|PLTR|DUOL
2024-05-07,exit,construction_infrastructure,52.0,0.5150044130626655,MTZ|BLDR|FND
2024-05-07,enter,managed_care_insurance,1.0,0.8097969991173875,OSCR|ALHC|CLOV
2024-05-07,enter,healthcare,2.0,0.7643424536628419,OSCR|ALHC|LFST
2024-05-07,enter,medtech_devices,3.0,0.7575022065313327,PODD|TNDM|ATEC
2024-05-08,exit,ai_apps,33.0,0.5988526037069727,PINS|SOUN|DUOL
2024-05-08,exit,healthcare,27.0,0.620476610767873,OSCR|ALHC|LFST
2024-05-08,exit,medtech_devices,91.0,0.27780229479258606,PODD|TNDM|ATEC
2024-05-08,enter,networking,2.0,0.7643424536628419,ANET|QCOM|MRVL
2024-05-08,enter,power_grid_electrification,3.0,0.7107237422771404,VST|CEG|WCC
2024-05-09,exit,networking,59.0,0.44814651368049424,ANET|QCOM|MRVL
2024-05-09,enter,healthcare,1.0,0.852603706972639,OSCR|ELAN|LFST
2024-05-09,enter,gold_silver_miners,2.0,0.8228155339805825,EXK|PAAS|HL
2024-05-10,exit,managed_care_insurance,6.0,0.7292586054721977,OSCR|ALHC|CLOV
2024-05-10,exit,healthcare,15.0,0.676963812886143,OSCR|ELAN|LFST
2024-05-10,enter,asset_managers,1.0,0.7778022947925861,KKR|MS|BX
2024-05-10,enter,asset_managers_alts,2.0,0.763018534863195,KKR|IVZ|ARES
2024-05-10,enter,restaurants_food,3.0,0.763018534863195,SG|BROS|CAKE
2024-05-13,exit,power_grid_electrification,27.0,0.5959841129744042,VST|CEG|WCC
2024-05-13,exit,gold_silver_miners,24.0,0.6136363636363636,EXK|PAAS|HL
2024-05-13,exit,asset_managers,54.0,0.4933804060017652,KKR|MS|BX
2024-05-13,exit,asset_managers_alts,34.0,0.5578111209179171,KKR|IVZ|ARES
2024-05-13,exit,restaurants_food,9.0,0.6882171226831421,SG|BROS|CAKE
2024-05-13,enter,apparel_beauty_lifestyle,1.0,0.8126654898499559,WRBY|FIGS|HLF
2024-05-13,enter,healthcare,2.0,0.7780229479258605,OSCR|HUM|HIMS
2024-05-13,enter,managed_care_insurance,3.0,0.7621359223300971,CLOV|OSCR|HUM
2024-05-14,exit,healthcare,19.0,0.6557811120917917,OSCR|HUM|HIMS
2024-05-14,exit,managed_care_insurance,16.0,0.6648278905560459,CLOV|OSCR|HUM
2024-05-14,enter,storage,1.0,0.8327449249779347,HPQ|QMCO|PSTG
2024-05-14,enter,real_estate_reits,2.0,0.7758164165931157,MPT|ABR|DEI
2024-05-15,exit,apparel_beauty_lifestyle,13.0,0.6972639011473962,WRBY|FIGS|HLF
2024-05-15,exit,real_estate_reits,10.0,0.7252868490732569,MPT|ABR|DEI
2024-05-15,enter,gold_silver_miners,1.0,0.8484112974404235,EXK|USAS|HL
2024-05-15,enter,copper_metals,2.0,0.779126213592233,EXK|ASM|USAS
2024-05-15,enter,data_centers,3.0,0.7778022947925862,PSTG|EQIX|SMCI
2024-05-16,exit,storage,39.0,0.5540600176522507,HPQ|QMCO|PSTG
2024-05-16,exit,gold_silver_miners,77.0,0.3949691085613416,EXK|USAS|HL
2024-05-16,exit,copper_metals,25.0,0.6116504854368932,EXK|ASM|USAS
2024-05-16,exit,data_centers,58.0,0.4631509267431598,PSTG|EQIX|SMCI
2024-05-16,enter,diagnostics_tools,1.0,0.8245807590467783,GH|PACB|DHR
2024-05-16,enter,china_internet,2.0,0.8150926743159753,ZTO|BILI|BEKE
2024-05-16,enter,networking_optical,3.0,0.7877316857899382,UI|EXTR|CRDO
2024-05-17,exit,diagnostics_tools,61.0,0.44682259488084725,GH|PACB|DHR
2024-05-17,exit,networking_optical,20.0,0.6160635481023832,UI|EXTR|CRDO
2024-05-17,enter,copper_metals,2.0,0.8223742277140336,ASM|HBM|TGB
2024-05-17,enter,copper,3.0,0.8150926743159753,HBM|BHP|RIO
2024-05-20,exit,china_internet,61.0,0.42872903795233896,ZTO|BILI|BEKE
2024-05-20,exit,copper,17.0,0.7255075022065314,HBM|BHP|RIO
2024-05-20,enter,semis,1.0,0.8296557811120918,TER|KLAC|AMAT
2024-05-20,enter,crypto_infrastructure,2.0,0.8267872903795234,BKKT|IREN|MARA
2024-05-20,enter,gold_silver_miners,3.0,0.8120035304501324,EXK|HL|CDE
2024-05-21,exit,copper_metals,2.0,0.7696381288614299,ASM|HBM|TGB
2024-05-21,exit,semis,9.0,0.7043248014121799,TER|KLAC|AMAT
2024-05-21,exit,crypto_infrastructure,3.0,0.7215357458075906,BKKT|IREN|MARA
2024-05-21,exit,gold_silver_miners,22.0,0.6266548984995587,EXK|HL|CDE
2024-05-21,enter,cloud_neocloud,1.0,0.8417917034421888,IREN|BE|CORZ
2024-05-21,enter,copper_metals,2.0,0.7696381288614299,ASM|USAS|AA
2024-05-21,enter,crypto_infrastructure,3.0,0.7215357458075906,IREN|BKKT|CORZ
2024-05-22,exit,copper_metals,31.0,0.5966460723742276,ASM|USAS|AA
2024-05-22,exit,crypto_infrastructure,6.0,0.7700794351279788,IREN|BKKT|CORZ
2024-05-22,enter,semis_compute,2.0,0.812224183583407,ADI|FLEX|UMC
2024-05-22,enter,semis,3.0,0.8060458958517212,MCHP|QCOM|TXN
2024-05-23,exit,cloud_neocloud,2.0,0.8053839364518975,IREN|BE|CORZ
2024-05-23,exit,semis_compute,11.0,0.7281553398058253,ADI|FLEX|UMC
2024-05-23,enter,electronics_components,1.0,0.8239187996469549,FLEX|CLS|APH
2024-05-23,enter,cloud_neocloud,2.0,0.8053839364518975,BE|DELL|CORZ
2024-05-23,enter,crypto_infrastructure,3.0,0.7689761694616064,CORZ|IREN|COIN
2024-05-24,exit,electronics_components,17.0,0.6727714033539277,FLEX|CLS|APH
2024-05-24,exit,cloud_neocloud,5.0,0.7758164165931155,BE|DELL|CORZ
2024-05-24,exit,crypto_infrastructure,12.0,0.7285966460723741,CORZ|IREN|COIN
2024-05-24,enter,semicap_equipment,1.0,0.825242718446602,TER|COHU|AMAT
2024-05-24,enter,solar,3.0,0.7793468667255076,FSLR|NXT|ARRY
2024-05-28,exit,semis,4.0,0.7634598411297441,MCHP|QCOM|TXN
2024-05-28,exit,semicap_equipment,10.0,0.7105030891438657,TER|COHU|AMAT
2024-05-28,exit,solar,9.0,0.7206531332744925,FSLR|NXT|ARRY
2024-05-28,enter,energy,1.0,0.8422330097087378,FSLR|NNE|OKLO
2024-05-28,enter,advanced_packaging,2.0,0.7727272727272727,COHU|CAMT|ASX
2024-05-28,enter,nuclear_uranium,3.0,0.7669902912621359,NNE|OKLO|SMR
2024-05-29,exit,advanced_packaging,13.0,0.6632833186231245,COHU|CAMT|ASX
2024-05-29,exit,nuclear_uranium,26.0,0.6118711385701676,NNE|OKLO|SMR
2024-05-29,enter,renewables_storage,1.0,0.7963371579876434,FLNC|FSLR|TE
2024-05-29,enter,apparel_beauty_lifestyle,2.0,0.7705207413945276,DECK|ONON|AEO
2024-05-29,enter,storage,3.0,0.7561782877316857,DELL|PSTG|WDC
2024-05-30,exit,energy,3.0,0.7641218005295675,FSLR|NNE|OKLO
2024-05-30,exit,renewables_storage,8.0,0.7041041482789057,FLNC|FSLR|TE
2024-05-30,exit,storage,16.0,0.6626213592233009,DELL|PSTG|WDC
2024-05-30,enter,construction_infrastructure,1.0,0.8303177405119155,DY|PRIM|FLR
2024-05-30,enter,utilities_yield,2.0,0.7842012356575464,TLN|NEE|AES
2024-05-30,enter,energy,3.0,0.7641218005295675,NNE|ENPH|FSLR
2024-05-31,exit,apparel_beauty_lifestyle,6.0,0.7466902030008826,DECK|ONON|AEO
2024-05-31,exit,construction_infrastructure,32.0,0.5937775816416594,DY|PRIM|FLR
2024-05-31,exit,utilities_yield,16.0,0.6820388349514565,TLN|NEE|AES
2024-05-31,enter,oil_services,2.0,0.7819947043248013,LBRT|BKR|RIG
2024-05-31,enter,real_estate_reits,3.0,0.7592674315975286,COLD|AMT|PLD
2024-06-03,exit,energy,24.0,0.6176081200353045,NNE|ENPH|FSLR
2024-06-03,exit,oil_services,86.0,0.3292144748455428,LBRT|BKR|RIG
2024-06-03,enter,retail_consumer,1.0,0.7901588702559577,BBY|GME|OLLI
2024-06-03,enter,restaurants_food,2.0,0.7819947043248013,EAT|DPZ|CAVA
2024-06-03,enter,consumer,3.0,0.778243601059135,DPZ|SBUX|DRI
2024-06-04,exit,real_estate_reits,10.0,0.7135922330097086,COLD|AMT|PLD
2024-06-04,exit,retail_consumer,24.0,0.6465136804942629,BBY|GME|OLLI
2024-06-04,exit,consumer,12.0,0.7016769638128862,DPZ|SBUX|DRI
2024-06-04,enter,pharma_largecap,1.0,0.7985436893203883,NVO|VRTX|BIIB
2024-06-04,enter,crypto_infrastructure,3.0,0.7711827007943514,CORZ|IREN|WULF
2024-06-05,exit,restaurants_food,3.0,0.7248455428067079,EAT|DPZ|CAVA
2024-06-05,exit,pharma_largecap,24.0,0.6052515445719329,NVO|VRTX|BIIB
2024-06-05,enter,diagnostics_tools,1.0,0.7599293909973522,GH|WGS|ILMN
2024-06-05,enter,drones_autonomy,2.0,0.7455869373345102,AMBA|UMAC|ACHR
2024-06-05,enter,restaurants_food,3.0,0.7248455428067079,SG|BROS|EAT
2024-06-06,exit,diagnostics_tools,19.0,0.6707855251544572,GH|WGS|ILMN
2024-06-06,exit,drones_autonomy,33.0,0.589585172109444,AMBA|UMAC|ACHR
2024-06-06,exit,restaurants_food,27.0,0.6037069726390115,SG|BROS|EAT
2024-06-06,enter,cloud_neocloud,2.0,0.806045895851721,CORZ|WULF|IREN
2024-06-06,enter,fintech,3.0,0.7846425419240954,PYPL|COIN|HOOD
2024-06-07,exit,crypto_infrastructure,32.0,0.6184907325684026,CORZ|IREN|WULF
2024-06-07,exit,cloud_neocloud,17.0,0.6668137687555162,CORZ|WULF|IREN
2024-06-07,exit,fintech,21.0,0.6458517210944396,PYPL|COIN|HOOD
2024-06-07,enter,pharma,1.0,0.7853045013239187,NVO|TMO|ABBV
2024-06-07,enter,consumer_internet,2.0,0.778243601059135,PINS|EXPE|SNAP
2024-06-07,enter,mega_cap_platforms,3.0,0.768755516328332,ORCL|NVDA|COST
2024-06-10,exit,pharma,12.0,0.6895410414827892,NVO|TMO|ABBV
2024-06-10,exit,consumer_internet,45.0,0.5099293909973521,PINS|EXPE|SNAP
2024-06-10,exit,mega_cap_platforms,27.0,0.6240070609002648,ORCL|NVDA|COST
2024-06-10,enter,data_centers,1.0,0.7758164165931155,CORZ|DLR|PSTG
2024-06-10,enter,semicap_equipment,2.0,0.7709620476610769,LRCX|ACLS|CAMT
2024-06-10,enter,crypto_infrastructure,3.0,0.7625772285966461,CORZ|IREN|WULF
2024-06-11,exit,data_centers,30.0,0.5622241835834069,CORZ|DLR|PSTG
2024-06-11,enter,cloud_neocloud,1.0,0.8647396293027361,IREN|WULF|CORZ
2024-06-13,exit,semicap_equipment,14.0,0.6734333627537512,LRCX|ACLS|CAMT
2024-06-13,exit,crypto_infrastructure,2.0,0.7945719329214475,CORZ|IREN|WULF
2024-06-13,enter,crypto_infrastructure,2.0,0.7945719329214475,BTDR|IREN|CORZ
2024-06-13,enter,storage,3.0,0.7819947043248014,HPE|QMCO|STX
2024-06-14,exit,cloud_neocloud,1.0,0.7983230361871139,IREN|WULF|CORZ
2024-06-14,exit,crypto_infrastructure,4.0,0.7310238305383937,BTDR|IREN|CORZ
2024-06-14,exit,storage,57.0,0.48278905560458957,HPE|QMCO|STX
2024-06-14,enter,cloud_neocloud,1.0,0.7983230361871139,BTDR|CORZ|CIFR
2024-06-14,enter,mega_cap_platforms,2.0,0.7632391879964695,AVGO|ADBE|ORCL
2024-06-14,enter,cybersecurity,3.0,0.7385260370697263,NET|CRWD|S
2024-06-17,exit,cloud_neocloud,2.0,0.7747131509267432,BTDR|CORZ|CIFR
2024-06-17,exit,mega_cap_platforms,10.0,0.7049867608120037,AVGO|ADBE|ORCL
2024-06-17,exit,cybersecurity,66.0,0.41328331862312445,NET|CRWD|S
2024-06-17,enter,electronics_components,1.0,0.8340688437775815,GLW|LITE|ROG
2024-06-17,enter,cloud_neocloud,2.0,0.7747131509267432,APLD|IREN|HUT
2024-06-17,enter,advanced_packaging,3.0,0.7729479258605472,CAMT|AMKR|FORM
2024-06-18,exit,electronics_components,9.0,0.7142541924095323,GLW|LITE|ROG
2024-06-18,exit,cloud_neocloud,26.0,0.6398940864960282,APLD|IREN|HUT
2024-06-18,enter,semicap_equipment,2.0,0.8153133274492499,AMKR|VECO|LRCX
2024-06-18,enter,semis,3.0,0.7983230361871139,ARM|AVGO|QCOM
2024-06-20,exit,advanced_packaging,54.0,0.5194174757281553,CAMT|AMKR|FORM
2024-06-20,exit,semicap_equipment,73.0,0.3848190644307149,AMKR|VECO|LRCX
2024-06-20,exit,semis,55.0,0.5189761694616063,ARM|AVGO|QCOM
2024-06-20,enter,gold_silver_miners,1.0,0.8197263901147396,EXK|CDE|PAAS
2024-06-20,enter,cloud_neocloud,2.0,0.7736098852603706,APLD|HUT|BTDR
2024-06-20,enter,copper_metals,3.0,0.7601500441306267,CRML|EXK|EQX
2024-06-21,exit,gold_silver_miners,21.0,0.6441643736046934,EXK|CDE|PAAS
2024-06-21,exit,cloud_neocloud,75.0,0.3910233113545507,APLD|HUT|BTDR
2024-06-21,exit,copper_metals,20.0,0.6457738435179897,CRML|EXK|EQX
2024-06-21,enter,defense,1.0,0.8068246716162194,RKLB|KTOS|LMT
2024-06-21,enter,agriculture_food_inputs,2.0,0.755620165100462,BG|ADM|CTVA
2024-06-21,enter,consumer_staples,3.0,0.7532448990187425,CL|MCD|PEP
2024-06-24,exit,defense,33.0,0.5968667255075023,RKLB|KTOS|LMT
2024-06-24,enter,regional_banks,1.0,0.8499558693733451,HBAN|USB|TFC
2024-06-24,enter,oil_gas,2.0,0.8188437775816417,LNG|FANG|TRGP
2024-06-24,enter,banks_brokers_exchanges,3.0,0.8128861429832304,JEF|HBAN|RJF
2024-06-25,exit,agriculture_food_inputs,36.0,0.5617828773168579,BG|ADM|CTVA
2024-06-25,exit,consumer_staples,42.0,0.5509708737864077,CL|MCD|PEP
2024-06-25,exit,regional_banks,25.0,0.5909090909090909,HBAN|USB|TFC
2024-06-25,exit,banks_brokers_exchanges,30.0,0.5741394527802294,JEF|HBAN|RJF
2024-06-25,enter,nuclear_uranium,1.0,0.7555163283318623,NNE|SMR|BW
2024-06-25,enter,energy,2.0,0.7506619593998234,NNE|LNG|SMR
2024-06-25,enter,oil_services,3.0,0.7433804060017652,BKR|SLB|NBR
2024-06-26,exit,oil_gas,25.0,0.6209179170344219,LNG|FANG|TRGP
2024-06-26,exit,energy,6.0,0.7096204766107679,NNE|LNG|SMR
2024-06-26,exit,oil_services,20.0,0.6361429832303619,BKR|SLB|NBR
2024-06-26,enter,dev_tools,1.0,0.7725066195939984,GTLB|TEAM|MDB
2024-06-26,enter,autos,2.0,0.7612533097969992,RIVN|TSLA|MBLY
2024-06-26,enter,nuclear,3.0,0.7530891438658428,NNE|SMR|NXE
2024-06-27,exit,nuclear_uranium,70.0,0.4218887908208297,NNE|SMR|BW
2024-06-27,exit,autos,21.0,0.6235657546337158,RIVN|TSLA|MBLY
2024-06-27,exit,nuclear,24.0,0.616946160635481,NNE|SMR|NXE
2024-06-27,enter,cybersecurity,1.0,0.8444395410414828,PANW|S|BB
2024-06-27,enter,ai_apps_agents,3.0,0.7718446601941746,ZETA|DDOG|IOT
2024-06-28,exit,dev_tools,16.0,0.681818181818182,GTLB|TEAM|MDB
2024-06-28,exit,cybersecurity,12.0,0.6972639011473962,PANW|S|BB
2024-06-28,exit,ai_apps_agents,18.0,0.680052956751986,ZETA|DDOG|IOT
2024-06-28,enter,oil_services,1.0,0.9126213592233011,AROC|BKR|NBR
2024-06-28,enter,oil_gas,2.0,0.8336275375110328,LNG|APA|LBRT
2024-06-28,enter,semicap_equipment,3.0,0.7714033539276257,FORM|CAMT|ICHR
2024-07-01,exit,oil_services,62.0,0.4329214474845543,AROC|BKR|NBR
2024-07-01,exit,oil_gas,29.0,0.5880406001765225,LNG|APA|LBRT
2024-07-01,exit,semicap_equipment,12.0,0.6937334510150044,FORM|CAMT|ICHR
2024-07-01,enter,digital_ads_media,1.0,0.8272285966460723,RDDT|ROKU|LYV
2024-07-01,enter,crypto_infrastructure,2.0,0.7996469549867609,MARA|BTDR|WULF
2024-07-01,enter,dev_tools,3.0,0.7985436893203883,GTLB|MDB|DDOG
2024-07-02,exit,digital_ads_media,10.0,0.6838040600176521,RDDT|ROKU|LYV
2024-07-02,exit,crypto_infrastructure,39.0,0.5494263018534863,MARA|BTDR|WULF
2024-07-02,enter,autos,1.0,0.8331862312444837,RIVN|TSLA|LCID
2024-07-02,enter,banks_brokers_exchanges,2.0,0.7985436893203886,JEF|JPM|FLG
2024-07-02,enter,robotics,3.0,0.7762577228596645,TSLA|PATH|SYM
2024-07-03,exit,dev_tools,26.0,0.5955428067078553,GTLB|MDB|DDOG
2024-07-03,exit,autos,20.0,0.635701676963813,RIVN|TSLA|LCID
2024-07-03,exit,banks_brokers_exchanges,15.0,0.6500441306266548,JEF|JPM|FLG
2024-07-03,exit,robotics,38.0,0.5514121800529567,TSLA|PATH|SYM
2024-07-03,enter,gold_silver_miners,1.0,0.8093556928508386,CDE|EXK|HL
2024-07-03,enter,semicap_equipment,2.0,0.7815533980582525,UCTT|CAMT|ENTG
2024-07-03,enter,advanced_packaging,3.0,0.7586054721977052,CAMT|COHU|KLAC
2024-07-05,exit,advanced_packaging,13.0,0.677405119152692,CAMT|COHU|KLAC
2024-07-05,enter,copper_metals,2.0,0.8137687555163283,ASM|CENX|USAS
2024-07-05,enter,mega_cap_platforms,3.0,0.7744924977934687,TSLA|NOW|COST
2024-07-08,exit,gold_silver_miners,7.0,0.7263901147396294,CDE|EXK|HL
2024-07-08,exit,copper_metals,28.0,0.62180052956752,ASM|CENX|USAS
2024-07-08,exit,mega_cap_platforms,21.0,0.6496028243601059,TSLA|NOW|COST
2024-07-08,enter,semis,1.0,0.8678287731685791,AMD|INTC|ARM
2024-07-08,enter,semis_compute,2.0,0.8232568402471315,GLW|LITE|AMD
2024-07-09,exit,semicap_equipment,7.0,0.7100617828773167,UCTT|CAMT|ENTG
2024-07-09,exit,semis,3.0,0.7270520741394528,AMD|INTC|ARM
2024-07-09,exit,semis_compute,18.0,0.6398940864960282,GLW|LITE|AMD
2024-07-09,enter,china_internet,1.0,0.7775816416593117,BIDU|TME|TCOM
2024-07-09,enter,consumer_internet_marketplaces,2.0,0.7603706972639014,JMIA|BIDU|MELI
2024-07-09,enter,semis,3.0,0.7270520741394528,INTC|TSM|AMD
2024-07-10,exit,china_internet,23.0,0.6403353927625772,BIDU|TME|TCOM
2024-07-10,exit,consumer_internet_marketplaces,41.0,0.5796557811120918,JMIA|BIDU|MELI
2024-07-10,exit,semis,4.0,0.7802294792586055,INTC|TSM|AMD
2024-07-10,enter,gold_silver_miners,1.0,0.8676081200353044,EXK|IAG|PAAS
2024-07-10,enter,silver,2.0,0.8325242718446602,PAAS|HL|WPM
2024-07-10,enter,gold,3.0,0.8303177405119152,AEM|WPM|PAAS
2024-07-11,enter,homebuilders_housing,2.0,0.8307590467784643,CCS|MTH|KBH
2024-07-11,enter,real_estate_reits,3.0,0.8161959399823479,SBAC|MPT|ARE
2024-07-12,exit,gold_silver_miners,28.0,0.58693733451015,EXK|IAG|PAAS
2024-07-12,exit,silver,56.0,0.470432480141218,PAAS|HL|WPM
2024-07-12,exit,gold,26.0,0.5922330097087378,AEM|WPM|PAAS
2024-07-12,exit,real_estate_reits,29.0,0.5765666372462489,SBAC|MPT|ARE
2024-07-12,enter,renewables_storage,2.0,0.823477493380406,QS|RUN|STEM
2024-07-12,enter,networking_optical,3.0,0.7824360105913505,ERIC|LWLG|UI
2024-07-15,exit,homebuilders_housing,25.0,0.6390114739629303,CCS|MTH|KBH
2024-07-15,exit,renewables_storage,12.0,0.6996910856134158,QS|RUN|STEM
2024-07-15,exit,networking_optical,16.0,0.6915269196822593,ERIC|LWLG|UI
2024-07-15,enter,quantum_computing,1.0,0.7978817299205649,ARQQ|QUBT|IONQ
2024-07-15,enter,oil_services,2.0,0.7939099735216242,HP|FTI|NBR
2024-07-15,enter,drones_autonomy,3.0,0.7817740511915269,AUR|JOBY|ACHR
2024-07-16,exit,quantum_computing,38.0,0.5778905560458959,ARQQ|QUBT|IONQ
2024-07-16,exit,oil_services,16.0,0.7113857016769639,HP|FTI|NBR
2024-07-16,enter,homebuilders_housing,1.0,0.8488526037069726,CCS|KBH|MTH
2024-07-16,enter,construction_infrastructure,2.0,0.8020741394527802,FLR|BLDR|URI
2024-07-16,enter,transport_logistics,3.0,0.7936893203883495,XPO|JBLU|SAIA
2024-07-17,exit,drones_autonomy,9.0,0.7093998234774933,AUR|JOBY|ACHR
2024-07-17,exit,construction_infrastructure,29.0,0.616946160635481,FLR|BLDR|URI
2024-07-17,exit,transport_logistics,21.0,0.6588702559576346,XPO|JBLU|SAIA
2024-07-17,enter,regional_banks,1.0,0.8342894969108562,USB|KEY|FITB
2024-07-17,enter,real_estate_reits,2.0,0.7599293909973522,VICI|HPP|ARE
2024-07-18,exit,regional_banks,10.0,0.6875551632833187,USB|KEY|FITB
2024-07-18,exit,real_estate_reits,28.0,0.6061341571050309,VICI|HPP|ARE
2024-07-18,enter,oil_gas,1.0,0.8283318623124449,KMI|LBRT|APA
2024-07-18,enter,defense_aerospace,3.0,0.7749338040600177,SERV|TXT|AXON
2024-07-19,exit,homebuilders_housing,8.0,0.718667255075022,CCS|KBH|MTH
2024-07-19,exit,oil_gas,12.0,0.7093998234774933,KMI|LBRT|APA
2024-07-19,exit,defense_aerospace,22.0,0.6482789055604589,SERV|TXT|AXON
2024-07-19,enter,crypto_infrastructure,1.0,0.8775375110326565,MSTR|COIN|CIFR
2024-07-19,enter,regional_banks,2.0,0.8025154457193292,HBAN|FITB|COF
2024-07-19,enter,cloud_neocloud,3.0,0.7773609885260372,CLSK|CIFR|HUT
2024-07-22,exit,crypto_infrastructure,15.0,0.6571050308914387,MSTR|COIN|CIFR
2024-07-22,exit,regional_banks,8.0,0.7116063548102382,HBAN|FITB|COF
2024-07-22,exit,cloud_neocloud,79.0,0.3519417475728156,CLSK|CIFR|HUT
2024-07-22,enter,homebuilders_housing,1.0,0.796557811120918,DHI|TOL|LEN
2024-07-22,enter,asset_managers_alts,2.0,0.7645631067961166,BX|OWL|CG
2024-07-22,enter,industrial_automation,3.0,0.7409532215357457,TEX|PCAR|MMM
2024-07-23,exit,industrial_automation,46.0,0.5176522506619594,TEX|PCAR|MMM
2024-07-23,enter,defense_aerospace,1.0,0.8464254192409534,SERV|LMT|GE
2024-07-23,enter,regional_banks,2.0,0.8426743159752869,HBAN|USB|TFC
2024-07-23,enter,defense,3.0,0.8080317740511915,LMT|KTOS|MRCY
2024-07-24,exit,homebuilders_housing,36.0,0.5653133274492499,DHI|TOL|LEN
2024-07-24,exit,asset_managers_alts,18.0,0.6780670785525154,BX|OWL|CG
2024-07-24,exit,defense_aerospace,9.0,0.7153574580759047,SERV|LMT|GE
2024-07-24,exit,regional_banks,15.0,0.6932921447484554,HBAN|USB|TFC
2024-07-24,exit,defense,12.0,0.7043248014121799,LMT|KTOS|MRCY
2024-07-24,enter,utilities_yield,1.0,0.8146513680494263,NEE|XEL|AES
2024-07-24,enter,pharma,2.0,0.8131067961165048,TMO|BMY|ABBV
2024-07-24,enter,pharma_largecap,3.0,0.7908208296557813,BMY|ABBV|SNY
2024-07-25,exit,utilities_yield,28.0,0.6288614298323038,NEE|XEL|AES
2024-07-25,exit,pharma_largecap,12.0,0.7188879082082965,BMY|ABBV|SNY
2024-07-25,enter,defense_aerospace,1.0,0.8345101500441306,ASTS|SERV|RTX
2024-07-25,enter,aerospace,2.0,0.8144307149161518,ASTS|HWM|LHX
2024-07-25,enter,defense,3.0,0.7839805825242719,RTX|LMT|NOC
2024-07-26,exit,pharma,13.0,0.6793909973521625,TMO|BMY|ABBV
2024-07-26,exit,defense_aerospace,6.0,0.7378640776699029,ASTS|SERV|RTX
2024-07-26,exit,defense,26.0,0.6270962047661077,RTX|LMT|NOC
2024-07-26,enter,space_satellites,1.0,0.8444395410414829,ASTS|VSAT|PL
2024-07-26,enter,homebuilders_housing,2.0,0.7868490732568401,MAS|TOL|CCS
2024-07-26,enter,diagnostics_tools,3.0,0.7711827007943514,TMO|PACB|RVTY
2024-07-29,exit,aerospace,6.0,0.7497793468667254,ASTS|HWM|LHX
2024-07-29,exit,space_satellites,19.0,0.6796116504854368,ASTS|VSAT|PL
2024-07-29,enter,pharma_largecap,2.0,0.7775816416593117,BMY|GILD|PFE
2024-07-29,enter,pharma,3.0,0.7731685789938216,BMY|TMO|PFE
2024-07-30,exit,pharma_largecap,17.0,0.6966019417475727,BMY|GILD|PFE
2024-07-30,enter,managed_care,2.0,0.8439982347749339,CNC|MOH|CVS
2024-07-30,enter,managed_care_insurance,3.0,0.8422330097087378,CLOV|CNC|MOH
2024-07-31,exit,homebuilders_housing,30.0,0.5825242718446602,MAS|TOL|CCS
2024-07-31,exit,diagnostics_tools,14.0,0.6584289496910856,TMO|PACB|RVTY
2024-07-31,exit,pharma,87.0,0.2992056487202118,BMY|TMO|PFE
2024-07-31,exit,managed_care,42.0,0.5522947925860547,CNC|MOH|CVS
2024-07-31,exit,managed_care_insurance,36.0,0.5633274492497794,CLOV|CNC|MOH
2024-07-31,enter,oil_services,1.0,0.8172992056487203,NBR|BKR|FTI
2024-07-31,enter,industrial_automation,2.0,0.7941306266548985,ATI|MMM|DD
2024-07-31,enter,datacenter_infra,3.0,0.7689761694616064,JCI|HUBB|WCC
2024-08-01,exit,oil_services,81.0,0.3305383936451898,NBR|BKR|FTI
2024-08-01,exit,industrial_automation,45.0,0.5132391879964695,ATI|MMM|DD
2024-08-01,exit,datacenter_infra,14.0,0.6815975286849073,JCI|HUBB|WCC
2024-08-01,enter,utilities_yield,1.0,0.8175198587819946,SO|WEC|D
2024-08-01,enter,datacenter_reits_towers,2.0,0.8157546337157987,AMT|COR|SBAC
2024-08-01,enter,power_grid_electrification,3.0,0.7914827890556045,TTEK|SO|WEC
2024-08-02,enter,consumer_staples,2.0,0.8120035304501324,MCD|KO|MDLZ
2024-08-05,exit,utilities_yield,2.0,0.7356315871450081,SO|WEC|D
2024-08-05,exit,datacenter_reits_towers,15.0,0.6689813613000363,AMT|COR|SBAC
2024-08-05,exit,power_grid_electrification,7.0,0.704766107678729,TTEK|SO|WEC
2024-08-05,exit,consumer_staples,1.0,0.7453013862208607,MCD|KO|MDLZ
2024-08-05,enter,consumer_staples,1.0,0.7453013862208607,MDLZ|DG|KO
2024-08-05,enter,utilities_yield,2.0,0.7356315871450081,WEC|SO|DUK
2024-08-05,enter,retail_consumer,3.0,0.7353070972431338,ELF|DG|WMT
2024-08-06,exit,consumer_staples,30.0,0.574801412180053,MDLZ|DG|KO
2024-08-06,exit,utilities_yield,11.0,0.6811562224183584,WEC|SO|DUK
2024-08-06,exit,retail_consumer,26.0,0.6067961165048544,ELF|DG|WMT
2024-08-06,enter,real_estate_reits,1.0,0.8195057369814651,O|PSA|WELL
2024-08-06,enter,data_centers,2.0,0.7797881729920565,CORZ|DLR|EQIX
2024-08-06,enter,power_grid_electrification,3.0,0.7665489849955869,TTEK|CEG|DUK
2024-08-07,exit,data_centers,49.0,0.49205648720211825,CORZ|DLR|EQIX
2024-08-07,enter,utilities_yield,1.0,0.867828773168579,DUK|SO|WEC
2024-08-07,enter,pharma_largecap,2.0,0.8011915269196823,GSK|AZN|ABBV
2024-08-07,enter,oil_gas,3.0,0.7868490732568403,WMB|EPD|TRGP
2024-08-08,exit,real_estate_reits,21.0,0.6270962047661076,O|PSA|WELL
2024-08-08,exit,power_grid_electrification,23.0,0.6193733451015004,TTEK|CEG|DUK
2024-08-08,exit,utilities_yield,33.0,0.5620035304501324,DUK|SO|WEC
2024-08-08,exit,pharma_largecap,29.0,0.5893645189761694,GSK|AZN|ABBV
2024-08-08,enter,medtech_devices,1.0,0.7630185348631952,GMED|TMDX|TNDM
2024-08-08,enter,ai_apps_agents,2.0,0.762135922330097,PLTR|DUOL|SOUN
2024-08-08,enter,medtech,3.0,0.7610326566637245,ISRG|EW|MDT
2024-08-09,exit,oil_gas,6.0,0.7345542806707855,WMB|EPD|TRGP
2024-08-09,exit,medtech_devices,75.0,0.36363636363636365,GMED|TMDX|TNDM
2024-08-09,exit,medtech,66.0,0.39320388349514557,ISRG|EW|MDT
2024-08-09,enter,fintech_payments,1.0,0.8045013239187996,UPST|PAYO|FOUR
2024-08-09,enter,defense,2.0,0.7795675198587819,AXON|MRCY|RKLB
2024-08-12,exit,ai_apps_agents,13.0,0.6787290379523389,PLTR|DUOL|SOUN
2024-08-12,exit,fintech_payments,9.0,0.6959399823477495,UPST|PAYO|FOUR
2024-08-12,enter,oil_gas,1.0,0.8325242718446602,YPF|EQNR|TRGP
2024-08-12,enter,gold_silver_miners,2.0,0.8135481023830538,IAG|AU|AG
2024-08-12,enter,oil_exploration,3.0,0.8011915269196823,USO|FANG|DVN
2024-08-13,exit,defense,22.0,0.6467343336275375,AXON|MRCY|RKLB
2024-08-13,exit,oil_gas,40.0,0.5478817299205648,YPF|EQNR|TRGP
2024-08-13,exit,gold_silver_miners,14.0,0.6862312444836717,IAG|AU|AG
2024-08-13,exit,oil_exploration,37.0,0.5538393645189761,USO|FANG|DVN
2024-08-13,enter,fintech_payments,1.0,0.8329655781112091,PAYO|FOUR|UPST
2024-08-13,enter,cloud,2.0,0.7877316857899382,AKAM|SNOW|ZS
2024-08-13,enter,semis,3.0,0.7722859664607237,MRVL|KLAC|TSM
2024-08-14,exit,cloud,24.0,0.627758164165931,AKAM|SNOW|ZS
2024-08-14,exit,semis,19.0,0.6511473962930274,MRVL|KLAC|TSM
2024-08-14,enter,asset_managers,2.0,0.7385260370697264,KKR|MS|BX
2024-08-14,enter,mega_cap_platforms,3.0,0.7354368932038835,LLY|NVDA|NFLX
2024-08-15,exit,fintech_payments,6.0,0.7592674315975287,PAYO|FOUR|UPST
2024-08-15,exit,asset_managers,62.0,0.4415269196822595,KKR|MS|BX
2024-08-15,exit,mega_cap_platforms,13.0,0.6992497793468667,LLY|NVDA|NFLX
2024-08-15,enter,semis,1.0,0.7963371579876435,MRVL|AVGO|AMAT
2024-08-15,enter,electronics_components,2.0,0.7958958517210943,LITE|COHR|CLS
2024-08-15,enter,semis_compute,3.0,0.7939099735216241,LITE|SMCI|COHR
2024-08-16,exit,semis,43.0,0.545233892321271,MRVL|AVGO|AMAT
2024-08-16,exit,electronics_components,44.0,0.5432480141218006,LITE|COHR|CLS
2024-08-16,exit,semis_compute,30.0,0.5928949691085613,LITE|SMCI|COHR
2024-08-16,enter,gold_silver_miners,1.0,0.9090909090909092,SVM|IAG|HL
2024-08-16,enter,silver,2.0,0.8148720211827009,SVM|HL|AG
2024-08-16,enter,retail_consumer,3.0,0.748234774933804,WOOF|FIVE|M
2024-08-19,exit,retail_consumer,27.0,0.6096646072374228,WOOF|FIVE|M
2024-08-19,enter,consumer_internet_marketplaces,2.0,0.7850838481906443,SE|COMP|OPEN
2024-08-20,exit,consumer_internet_marketplaces,41.0,0.5311120917917034,SE|COMP|OPEN
2024-08-20,enter,managed_care_insurance,3.0,0.8314210061782877,CLOV|CI|CNC
2024-08-21,exit,gold_silver_miners,2.0,0.7678729037952339,SVM|IAG|HL
2024-08-21,exit,silver,18.0,0.6703442188879082,SVM|HL|AG
2024-08-21,exit,managed_care_insurance,78.0,0.36716681376875554,CLOV|CI|CNC
2024-08-21,enter,renewables_storage,1.0,0.7879523389232128,EOSE|LAC|LAR
2024-08-21,enter,gold_silver_miners,2.0,0.7678729037952339,USAS|HL|CDE
2024-08-21,enter,lithium_battery_materials,3.0,0.7654457193292146,SGML|LAC|LAR
2024-08-22,exit,renewables_storage,59.0,0.47837599293909966,EOSE|LAC|LAR
2024-08-22,exit,gold_silver_miners,12.0,0.7025595763459841,USAS|HL|CDE
2024-08-22,exit,lithium_battery_materials,46.0,0.5580317740511915,SGML|LAC|LAR
2024-08-22,enter,defense,1.0,0.783097969991174,RKLB|HEI|KTOS
2024-08-22,enter,medtech,2.0,0.7758164165931155,MDT|SYK|ISRG
2024-08-22,enter,managed_care_insurance,3.0,0.761253309796999,CLOV|ALHC|CI
2024-08-23,exit,defense,86.0,0.29611650485436897,RKLB|HEI|KTOS
2024-08-23,exit,medtech,82.0,0.33384819064430715,MDT|SYK|ISRG
2024-08-23,exit,managed_care_insurance,70.0,0.4033539276257723,CLOV|ALHC|CI
2024-08-23,enter,homebuilders_housing,1.0,0.8515004413062666,TOL|BLDR|MTH
2024-08-23,enter,uranium,2.0,0.7623565754633715,DNN|NXE|UEC
2024-08-23,enter,airlines_travel,3.0,0.7614739629302737,CCL|NCLH|LUV
2024-08-26,exit,homebuilders_housing,12.0,0.6782877316857899,TOL|BLDR|MTH
2024-08-26,exit,uranium,37.0,0.5915710503089143,DNN|NXE|UEC
2024-08-26,exit,airlines_travel,61.0,0.4755075022065314,CCL|NCLH|LUV
2024-08-26,enter,drones_autonomy,1.0,0.7676522506619594,AMBA|AUR|KTOS
2024-08-26,enter,workflow_software,2.0,0.7594880847308032,ZM|WDAY|DOCU
2024-08-26,enter,networking_optical,3.0,0.7570609002647838,UI|CRDO|VIAV
2024-08-27,exit,drones_autonomy,16.0,0.6785083848190644,AMBA|AUR|KTOS
2024-08-27,exit,workflow_software,11.0,0.6985878199470433,ZM|WDAY|DOCU
2024-08-27,exit,networking_optical,10.0,0.7036628420123566,UI|CRDO|VIAV
2024-08-27,enter,real_estate_reits,1.0,0.7802294792586055,SPG|DEI|PSA
2024-08-27,enter,travel,2.0,0.7680935569285083,TCOM|EXPE|BKNG
2024-08-27,enter,autos,3.0,0.7528684907325685,LCID|GM|RIVN
2024-08-28,exit,travel,18.0,0.6968355744769222,TCOM|EXPE|BKNG
2024-08-28,exit,autos,51.0,0.49465240641711233,LCID|GM|RIVN
2024-08-28,enter,banks_brokers_exchanges,1.0,0.8352370074243288,COLB|JPM|CME
2024-08-28,enter,mega_banks,2.0,0.8055786303930221,AXP|JPM|BAC
2024-08-28,enter,agriculture_food_inputs,3.0,0.8028788744094284,DAR|TSN|CF
2024-08-29,exit,real_estate_reits,34.0,0.586496028243601,SPG|DEI|PSA
2024-08-29,exit,banks_brokers_exchanges,22.0,0.6577669902912622,COLB|JPM|CME
2024-08-29,exit,mega_banks,18.0,0.6999117387466902,AXP|JPM|BAC
2024-08-29,exit,agriculture_food_inputs,30.0,0.6273168578993821,DAR|TSN|CF
2024-08-29,enter,oil_exploration,1.0,0.7802294792586055,USO|APA|COP
2024-08-29,enter,payments,2.0,0.7658870255957634,AFRM|AXP|XYZ
2024-08-29,enter,oil_services,3.0,0.7594880847308032,PTEN|AESI|NBR
2024-08-30,exit,oil_exploration,58.0,0.46977052074139447,USO|APA|COP
2024-08-30,exit,payments,17.0,0.6668137687555163,AFRM|AXP|XYZ
2024-08-30,exit,oil_services,76.0,0.36782877316857904,PTEN|AESI|NBR
2024-08-30,enter,insurance,1.0,0.8296557811120918,ALL|PGR|CB
2024-08-30,enter,datacenter_infra,2.0,0.8093556928508385,GEV|HUBB|TT
2024-08-30,enter,industrial_automation,3.0,0.806928508384819,DD|MMM|GE
2024-09-03,exit,insurance,7.0,0.7358781994704325,ALL|PGR|CB
2024-09-03,exit,datacenter_infra,42.0,0.5322153574580759,GEV|HUBB|TT
2024-09-03,exit,industrial_automation,31.0,0.5926743159752869,DD|MMM|GE
2024-09-03,enter,medtech_devices,1.0,0.8014121800529568,COO|BSX|PODD
2024-09-03,enter,pharma,2.0,0.794351279788173,GILD|BMY|JNJ
2024-09-03,enter,utilities_yield,3.0,0.7890556045895852,SO|GEV|PCG
2024-09-04,exit,medtech_devices,10.0,0.7174212138518249,COO|BSX|PODD
2024-09-04,exit,pharma,15.0,0.6807149161518093,GILD|BMY|JNJ
2024-09-04,enter,insurance,2.0,0.8047349566481491,CB|TRV|PGR
2024-09-04,enter,healthcare,3.0,0.8023467109703547,ALHC|HUM|LFST
2024-09-05,exit,utilities_yield,1.0,0.7639011473962929,SO|GEV|PCG
2024-09-05,exit,insurance,22.0,0.6350397175639895,CB|TRV|PGR
2024-09-05,exit,healthcare,17.0,0.6902030008826124,ALHC|HUM|LFST
2024-09-05,enter,utilities_yield,1.0,0.7639011473962929,PCG|AEP|GEV
2024-09-05,enter,airlines_travel,2.0,0.7438217122683142,UAL|JBLU|AAL
2024-09-05,enter,dev_tools,3.0,0.7380847308031774,GTLB|MDB|TEAM
2024-09-06,exit,utilities_yield,7.0,0.7537511032656663,PCG|AEP|GEV
2024-09-06,exit,airlines_travel,28.0,0.6127537511032657,UAL|JBLU|AAL
2024-09-06,exit,dev_tools,34.0,0.5935569285083847,GTLB|MDB|TEAM
2024-09-06,enter,datacenter_reits_towers,1.0,0.8274492497793468,SBAC|AMT|CCI
2024-09-06,enter,medtech,2.0,0.7996469549867607,MDT|BSX|TMO
2024-09-06,enter,pharma,3.0,0.7877316857899381,TMO|MRK|PFE
2024-09-09,exit,pharma,10.0,0.6996910856134156,TMO|MRK|PFE
2024-09-09,enter,transport_logistics,2.0,0.8292144748455428,UAL|ALK|JBLU
2024-09-09,enter,insurance,3.0,0.7932480141218006,TRV|CB|PGR
2024-09-10,exit,datacenter_reits_towers,2.0,0.8212709620476609,SBAC|AMT|CCI
2024-09-10,exit,medtech,14.0,0.6857899382171226,MDT|BSX|TMO
2024-09-10,exit,transport_logistics,15.0,0.6815975286849073,UAL|ALK|JBLU
2024-09-10,exit,insurance,74.0,0.37621359223300976,TRV|CB|PGR
2024-09-10,enter,utilities_yield,1.0,0.8241394527802294,NEE|XEL|WEC
2024-09-10,enter,datacenter_reits_towers,2.0,0.8212709620476609,CCI|AMT|SBAC
2024-09-10,enter,real_estate_reits,3.0,0.8080317740511915,CCI|PSA|SBAC
2024-09-11,exit,utilities_yield,21.0,0.6339364518976169,NEE|XEL|WEC
2024-09-11,exit,datacenter_reits_towers,33.0,0.5767872903795235,CCI|AMT|SBAC
2024-09-11,exit,real_estate_reits,31.0,0.5858340688437775,CCI|PSA|SBAC
2024-09-11,enter,nuclear_uranium,1.0,0.7972197705207416,NNE|UUUU|LEU
2024-09-11,enter,nuclear,2.0,0.7797881729920565,NNE|LEU|SMR
2024-09-11,enter,semis,3.0,0.776478375992939,ARM|AMD|TSM
2024-09-12,exit,nuclear_uranium,14.0,0.6862312444836717,NNE|UUUU|LEU
2024-09-12,exit,nuclear,28.0,0.5957634598411298,NNE|LEU|SMR
2024-09-12,exit,semis,64.0,0.440864960282436,ARM|AMD|TSM
2024-09-12,enter,gold_silver_miners,1.0,0.8733451015004413,CDE|BTG|AG
2024-09-12,enter,silver,2.0,0.7994263018534863,AG|HL|PAAS
2024-09-12,enter,creative_software,3.0,0.7811120917917035,U|CDNS|ADBE
2024-09-13,exit,creative_software,32.0,0.5858340688437775,U|CDNS|ADBE
2024-09-13,enter,copper_metals,2.0,0.7947925860547221,EQX|EXK|USAS
2024-09-16,exit,gold_silver_miners,4.0,0.7349955869373345,CDE|BTG|AG
2024-09-16,exit,silver,11.0,0.6705648720211828,AG|HL|PAAS
2024-09-16,exit,copper_metals,19.0,0.6359223300970873,EQX|EXK|USAS
2024-09-16,enter,construction_infrastructure,1.0,0.8011915269196822,EXP|ROAD|BLDR
2024-09-16,enter,energy,2.0,0.7733892321270962,NNE|SEDG|SMR
2024-09-16,enter,power_grid_electrification,3.0,0.7380847308031775,AES|VST|TLN
2024-09-17,exit,power_grid_electrification,23.0,0.6421006178287733,AES|VST|TLN
2024-09-17,enter,renewables_storage,1.0,0.8581200353045012,SEDG|ARRY|FCEL
2024-09-17,enter,oil_services,3.0,0.7886142983230362,RIG|FTI|AESI
2024-09-18,exit,energy,20.0,0.6672550750220654,NNE|SEDG|SMR
2024-09-18,exit,renewables_storage,61.0,0.47925860547219773,SEDG|ARRY|FCEL
2024-09-18,exit,oil_services,34.0,0.6103265666372463,RIG|FTI|AESI
2024-09-18,enter,ai_apps,2.0,0.8457634598411298,DUOL|APP|SNAP
2024-09-18,enter,digital_ads_media,3.0,0.8170785525154456,APP|ROKU|WMG
2024-09-19,exit,ai_apps,6.0,0.7594880847308032,DUOL|APP|SNAP
2024-09-19,exit,digital_ads_media,40.0,0.5692850838481907,APP|ROKU|WMG
2024-09-19,enter,electronics_components,2.0,0.8415710503089144,COHR|LITE|FLEX
2024-09-19,enter,homebuilders_housing,3.0,0.8064872021182701,BLDR|HAYW|TREX
2024-09-20,exit,construction_infrastructure,9.0,0.7252868490732568,EXP|ROAD|BLDR
2024-09-20,exit,homebuilders_housing,32.0,0.5992939099735216,BLDR|HAYW|TREX
2024-09-20,enter,ai_apps_agents,1.0,0.8362753751103265,DUOL|APP|RBRK
2024-09-20,enter,defense_aerospace,2.0,0.8036187113857017,PLTR|CW|GE
2024-09-20,enter,airlines_travel,3.0,0.7683142100617829,ABNB|TRIP|PK
2024-09-23,exit,electronics_components,31.0,0.5984112974404238,COHR|LITE|FLEX
2024-09-23,exit,ai_apps_agents,27.0,0.6160635481023832,DUOL|APP|RBRK
2024-09-23,exit,airlines_travel,16.0,0.6827007943512798,ABNB|TRIP|PK
2024-09-23,enter,energy,1.0,0.8188437775816417,OKLO|SMR|EQT
2024-09-23,enter,china_internet,2.0,0.8003089143865842,FUTU|BEKE|JD
2024-09-23,enter,oil_services,3.0,0.7969991173874669,FTI|NBR|AESI
2024-09-24,exit,defense_aerospace,49.0,0.5070609002647838,PLTR|CW|GE
2024-09-24,exit,energy,36.0,0.5675198587819946,OKLO|SMR|EQT
2024-09-24,exit,oil_services,64.0,0.4168137687555164,FTI|NBR|AESI
2024-09-24,enter,consumer_internet_marketplaces,2.0,0.8232568402471315,BILI|BEKE|JD
2024-09-24,enter,travel,3.0,0.8223742277140335,TCOM|EXPE|ABNB
2024-09-25,exit,china_internet,4.0,0.7689761694616064,FUTU|BEKE|JD
2024-09-25,exit,consumer_internet_marketplaces,13.0,0.6888790820829656,BILI|BEKE|JD
2024-09-25,exit,travel,45.0,0.5441306266548985,TCOM|EXPE|ABNB
2024-09-25,enter,nuclear,1.0,0.8067078552515448,LEU|SMR|OKLO
2024-09-25,enter,uranium,2.0,0.7859664607237422,LEU|UEC|DNN
2024-09-25,enter,nuclear_uranium,3.0,0.7800088261253311,LEU|CEG|VST
2024-09-26,exit,nuclear,17.0,0.6721094439541041,LEU|SMR|OKLO
2024-09-26,exit,uranium,28.0,0.6299646954986762,LEU|UEC|DNN
2024-09-26,exit,nuclear_uranium,19.0,0.6641659311562224,LEU|CEG|VST
2024-09-26,enter,china_internet,1.0,0.8735657546337159,BEKE|BILI|JD
2024-09-26,enter,gold_silver_miners,2.0,0.764783759929391,EXK|HL|SVM
2024-09-26,enter,copper,3.0,0.7632391879964695,FCX|SCCO|HBM
2024-09-27,exit,gold_silver_miners,53.0,0.47661076787290374,EXK|HL|SVM
2024-09-27,exit,copper,13.0,0.6672550750220653,FCX|SCCO|HBM
2024-09-27,enter,renewables_storage,2.0,0.793909973521624,LAR|PLUG|AMPX
2024-09-27,enter,consumer_internet_marketplaces,3.0,0.7680935569285083,BILI|JD|TCOM
2024-09-30,exit,china_internet,4.0,0.7283759929390996,BEKE|BILI|JD
2024-09-30,exit,renewables_storage,16.0,0.6180494263018534,LAR|PLUG|AMPX
2024-09-30,enter,retail,1.0,0.7815533980582524,JD|PDD|KR
2024-09-30,enter,defense,2.0,0.7780229479258607,RKLB|LDOS|AXON
2024-10-01,exit,retail,4.0,0.7394086496028244,JD|PDD|KR
2024-10-01,enter,china_internet,1.0,0.8852603706972639,TIGR|FUTU|BILI
2024-10-02,exit,consumer_internet_marketplaces,9.0,0.7515445719329213,BILI|JD|TCOM
2024-10-02,exit,defense,13.0,0.7080759046778464,RKLB|LDOS|AXON
2024-10-02,enter,consumer_internet,2.0,0.8106796116504854,BIDU|BABA|NTES
2024-10-02,enter,nuclear,3.0,0.7928067078552514,LEU|OKLO|NNE
2024-10-03,exit,china_internet,11.0,0.7151368049426302,TIGR|FUTU|BILI
2024-10-03,exit,consumer_internet,39.0,0.5492056487202119,BIDU|BABA|NTES
2024-10-03,exit,nuclear,19.0,0.6782877316857898,LEU|OKLO|NNE
2024-10-03,enter,oil_gas,1.0,0.8901147396293028,CRGY|DVN|OVV
2024-10-03,enter,energy,2.0,0.8459841129744042,CRGY|HAL|APA
2024-10-03,enter,oil_exploration,3.0,0.8334068843777581,APA|DVN|FANG
2024-10-04,exit,oil_gas,12.0,0.7096204766107678,CRGY|DVN|OVV
2024-10-04,exit,energy,10.0,0.716902030008826,CRGY|HAL|APA
2024-10-04,exit,oil_exploration,5.0,0.7839805825242718,APA|DVN|FANG
2024-10-04,enter,nuclear_uranium,1.0,0.8375992939099736,OKLO|VST|NNE
2024-10-04,enter,china_internet,2.0,0.8254633715798764,TIGR|FUTU|BEKE
2024-10-04,enter,fintech,3.0,0.8186231244483672,FUTU|SOFI|PYPL
2024-10-07,exit,nuclear_uranium,30.0,0.6215798764342453,OKLO|VST|NNE
2024-10-07,exit,fintech,11.0,0.7277140335392763,FUTU|SOFI|PYPL
2024-10-07,enter,energy,1.0,0.8510591350397176,OKLO|FANG|NNE
2024-10-07,enter,oil_gas,3.0,0.8084730803177407,FANG|MGY|CRGY
2024-10-08,exit,china_internet,90.0,0.2877316857899382,TIGR|FUTU|BEKE
2024-10-08,exit,energy,42.0,0.5406001765225067,OKLO|FANG|NNE
2024-10-08,exit,oil_gas,25.0,0.6162842012356576,FANG|MGY|CRGY
2024-10-08,enter,fintech_payments,1.0,0.812224183583407,HOOD|SOFI|AFRM
2024-10-08,enter,networking_optical,2.0,0.7901588702559577,AAOI|ANET|CRDO
2024-10-08,enter,business_apps,3.0,0.7901588702559575,DOCU|CRM|ADSK
2024-10-09,exit,networking_optical,12.0,0.736981465136805,AAOI|ANET|CRDO
2024-10-09,exit,business_apps,14.0,0.732127096204766,DOCU|CRM|ADSK
2024-10-09,enter,cybersecurity,1.0,0.8375992939099736,ZS|RBRK|CHKP
2024-10-09,enter,workflow_software,2.0,0.8371579876434246,DOCU|TEAM|NOW
2024-10-09,enter,dev_tools,3.0,0.8292144748455428,TEAM|MDB|GTLB
2024-10-10,exit,fintech_payments,6.0,0.7806578059290796,HOOD|SOFI|AFRM
2024-10-10,enter,cloud,2.0,0.8170785525154457,NET|MDB|ZS
2024-10-10,enter,ai_apps_agents,3.0,0.8085249987020403,RBRK|PLTR|IOT
2024-10-11,exit,cybersecurity,31.0,0.6010591350397176,ZS|RBRK|CHKP
2024-10-11,exit,workflow_software,42.0,0.5275816416593115,DOCU|TEAM|NOW
2024-10-11,exit,dev_tools,21.0,0.6423212709620476,TEAM|MDB|GTLB
2024-10-11,exit,cloud,18.0,0.6573256840247133,NET|MDB|ZS
2024-10-11,exit,ai_apps_agents,33.0,0.5951015004413063,RBRK|PLTR|IOT
2024-10-11,enter,mega_banks,1.0,0.7718446601941747,WFC|JPM|BAC
2024-10-11,enter,obesity_glp1_health,2.0,0.7694174757281553,SG|HIMS|LLY
2024-10-11,enter,quantum_computing,3.0,0.7544130626654898,IONQ|HON|RGTI
2024-10-14,exit,mega_banks,23.0,0.6332744924977934,WFC|JPM|BAC
2024-10-14,exit,obesity_glp1_health,45.0,0.5419240953221536,SG|HIMS|LLY
2024-10-14,enter,fintech_payments,1.0,0.8373786407766991,UPST|SOFI|AFRM
2024-10-14,enter,payments,2.0,0.78045013239188,AFRM|XYZ|FIS
2024-10-14,enter,semicap_equipment,3.0,0.7722859664607237,AEHR|ONTO|ASML
2024-10-15,exit,quantum_computing,56.0,0.48234774933804053,IONQ|HON|RGTI
2024-10-15,exit,payments,9.0,0.7102824360105915,AFRM|XYZ|FIS
2024-10-15,exit,semicap_equipment,92.0,0.23918799646954986,AEHR|ONTO|ASML
2024-10-15,enter,regional_banks,2.0,0.8153133274492498,PNC|FITB|HBAN
2024-10-15,enter,banks_brokers_exchanges,3.0,0.7877316857899382,SCHW|WFC|HBAN
2024-10-16,exit,fintech_payments,23.0,0.6509267431597529,UPST|SOFI|AFRM
2024-10-16,exit,regional_banks,18.0,0.6798323036187114,PNC|FITB|HBAN
2024-10-16,enter,uranium,1.0,0.822594880847308,LEU|UUUU|DNN
2024-10-16,enter,nuclear,2.0,0.8150926743159753,OKLO|SMR|NNE
2024-10-16,enter,space_satellites,3.0,0.7864077669902911,RKLB|ASTS|RDW
2024-10-17,exit,banks_brokers_exchanges,6.0,0.760370697263901,SCHW|WFC|HBAN
2024-10-17,exit,space_satellites,27.0,0.5984112974404237,RKLB|ASTS|RDW
2024-10-17,enter,networking_optical,2.0,0.7947925860547219,LWLG|AAOI|ERIC
2024-10-18,exit,uranium,8.0,0.7627978817299205,LEU|UUUU|DNN
2024-10-18,exit,nuclear,4.0,0.7994263018534864,OKLO|SMR|NNE
2024-10-18,exit,networking_optical,30.0,0.63261253309797,LWLG|AAOI|ERIC
2024-10-18,enter,gold_silver_miners,1.0,0.8695939982347751,IAG|USAS|AG
2024-10-18,enter,asset_managers_alts,2.0,0.8091350397175641,BX|OWL|CG
2024-10-18,enter,gold,3.0,0.808252427184466,PAAS|WPM|AEM
2024-10-21,exit,asset_managers_alts,11.0,0.7191085613415711,BX|OWL|CG
2024-10-21,enter,cloud_neocloud,2.0,0.8411297440423655,WULF|HUT|CIFR
2024-10-22,exit,gold_silver_miners,1.0,0.8126654898499559,IAG|USAS|AG
2024-10-22,exit,gold,5.0,0.7771403353927626,PAAS|WPM|AEM
2024-10-22,exit,cloud_neocloud,6.0,0.7758164165931156,WULF|HUT|CIFR
2024-10-22,enter,gold_silver_miners,1.0,0.8126654898499559,EXK|USAS|AG
2024-10-22,enter,crypto_infrastructure,2.0,0.8056045895851722,WULF|HUT|CIFR
2024-10-22,enter,lithium_battery_materials,3.0,0.7901588702559578,AMPX|LAC|SGML
2024-10-23,exit,gold_silver_miners,8.0,0.7248455428067078,EXK|USAS|AG
2024-10-23,exit,crypto_infrastructure,23.0,0.6412180052956752,WULF|HUT|CIFR
2024-10-23,exit,lithium_battery_materials,46.0,0.5249338040600177,AMPX|LAC|SGML
2024-10-23,enter,medtech,1.0,0.8345101500441306,MDT|DXCM|ISRG
2024-10-23,enter,medtech_devices,2.0,0.7899382171226832,IRTC|NVST|MDT
2024-10-23,enter,utilities_yield,3.0,0.7716240070609003,GEV|CMS|SO
2024-10-24,exit,medtech,22.0,0.6299646954986761,MDT|DXCM|ISRG
2024-10-24,exit,medtech_devices,10.0,0.6694616063548103,IRTC|NVST|MDT
2024-10-24,exit,utilities_yield,45.0,0.5302294792586055,GEV|CMS|SO
2024-10-24,enter,cloud_neocloud,1.0,0.7985436893203883,WULF|CIFR|HUT
2024-10-24,enter,crypto_infrastructure,2.0,0.7685348631950574,MSTR|WULF|CIFR
2024-10-24,enter,natural_gas,3.0,0.7669902912621361,RRC|LNG|WMB
2024-10-25,exit,cloud_neocloud,23.0,0.6408156378173511,WULF|CIFR|HUT
2024-10-25,exit,crypto_infrastructure,36.0,0.5731659830746068,MSTR|WULF|CIFR
2024-10-25,exit,natural_gas,22.0,0.6420227402523233,RRC|LNG|WMB
2024-10-25,enter,oil_services,1.0,0.790898707232231,FTI|PTEN|BKR
2024-10-25,enter,semis,2.0,0.7698068636104044,LRCX|ON|TXN
2024-10-25,enter,memory,3.0,0.7570738798608586,LRCX|RMBS|WDC
2024-10-28,exit,oil_services,81.0,0.3495145631067961,FTI|PTEN|BKR
2024-10-28,exit,semis,42.0,0.5163283318623125,LRCX|ON|TXN
2024-10-28,exit,memory,43.0,0.5123565754633717,LRCX|RMBS|WDC
2024-10-28,enter,lithium_battery_materials,1.0,0.8270079435127979,LAC|SGML|QS
2024-10-28,enter,crypto_infrastructure,2.0,0.8157546337157988,BTDR|HUT|IREN
2024-10-28,enter,renewables_storage,3.0,0.8029567519858782,LAC|CSIQ|FCEL
2024-10-29,exit,lithium_battery_materials,20.0,0.646072374227714,LAC|SGML|QS
2024-10-29,exit,crypto_infrastructure,12.0,0.675198587819947,BTDR|HUT|IREN
2024-10-29,exit,renewables_storage,36.0,0.5754633715798765,LAC|CSIQ|FCEL
2024-10-29,enter,electronics_components,1.0,0.7969991173874669,IPGP|PLXS|GLW
2024-10-29,enter,semis,2.0,0.7722859664607238,AMD|ON|TXN
2024-10-29,enter,digital_ads_media,3.0,0.7714033539276258,RDDT|RUM|SNAP
2024-10-30,exit,electronics_components,9.0,0.7257281553398058,IPGP|PLXS|GLW
2024-10-30,exit,semis,78.0,0.3691526919682259,AMD|ON|TXN
2024-10-30,enter,additive_manufacturing,1.0,0.8113415710503088,VELO|DDD|NNDM
2024-10-30,enter,diagnostics_tools,2.0,0.7864077669902911,PACB|WGS|TECH
2024-10-30,enter,fintech_payments,3.0,0.7747131509267432,LC|SOFI|HOOD
2024-10-31,exit,additive_manufacturing,58.0,0.47330097087378636,VELO|DDD|NNDM
2024-10-31,exit,diagnostics_tools,12.0,0.6959399823477493,PACB|WGS|TECH
2024-10-31,exit,fintech_payments,64.0,0.4245366284201236,LC|SOFI|HOOD
2024-10-31,enter,managed_care_insurance,2.0,0.7835392762577229,ALHC|CLOV|CNC
2024-10-31,enter,managed_care,3.0,0.7504413062665489,ALHC|CNC|UNH
2024-11-01,exit,digital_ads_media,20.0,0.6414386584289498,RDDT|RUM|SNAP
2024-11-01,enter,biotech_innovation,1.0,0.8177405119152692,PACB|TGTX|CRSP
2024-11-01,enter,diagnostics_tools,2.0,0.8007502206531333,PACB|WGS|GH
2024-11-01,enter,ai_apps,3.0,0.7563989408649603,RDDT|SNAP|APP
2024-11-04,exit,managed_care_insurance,12.0,0.7389673433362755,ALHC|CLOV|CNC
2024-11-04,exit,managed_care,18.0,0.6974845542806708,ALHC|CNC|UNH
2024-11-04,exit,biotech_innovation,13.0,0.7312444836716682,PACB|TGTX|CRSP
2024-11-04,exit,ai_apps,43.0,0.5324360105913504,RDDT|SNAP|APP
2024-11-04,enter,oil_gas,2.0,0.7994263018534864,YPF|COP|CRGY
2024-11-04,enter,solar,3.0,0.7791262135922329,ARRY|NXT|RUN
2024-11-05,exit,diagnostics_tools,13.0,0.6928508384819064,PACB|WGS|GH
2024-11-05,exit,oil_gas,25.0,0.6456310679611651,YPF|COP|CRGY
2024-11-05,enter,gaming_sports_betting,2.0,0.804721977052074,EA|RBLX|BILI
2024-11-05,enter,creative_software,3.0,0.7786849073256841,RBLX|U|CDNS
2024-11-06,exit,solar,89.0,0.23631950573698146,ARRY|NXT|RUN
2024-11-06,exit,gaming_sports_betting,37.0,0.5785525154457193,EA|RBLX|BILI
2024-11-06,exit,creative_software,20.0,0.6789496910856133,RBLX|U|CDNS
2024-11-06,enter,mega_banks,1.0,0.8283318623124448,GS|MS|WFC
2024-11-06,enter,datacenter_infra,2.0,0.8270079435127982,TRMB|WCC|PRIM
2024-11-06,enter,oil_services,3.0,0.791703442188879,AROC|BKR|RIG
2024-11-07,exit,mega_banks,58.0,0.45322153574580765,GS|MS|WFC
2024-11-07,exit,datacenter_infra,34.0,0.5787731685789937,TRMB|WCC|PRIM
2024-11-07,exit,oil_services,61.0,0.43887908208296555,AROC|BKR|RIG
2024-11-07,enter,gaming_sports_betting,1.0,0.7950132391879965,SGHC|SRAD|TTWO
2024-11-07,enter,additive_manufacturing,2.0,0.792144748455428,VELO|DDD|SSYS
2024-11-07,enter,dev_tools,3.0,0.7594880847308031,TEAM|GTLB|CDNS
2024-11-08,exit,gaming_sports_betting,32.0,0.5900264783759929,SGHC|SRAD|TTWO
2024-11-08,exit,dev_tools,71.0,0.37665489849955874,TEAM|GTLB|CDNS
2024-11-08,enter,natural_gas,2.0,0.782656663724625,EQT|KMI|AR
2024-11-08,enter,fintech_payments,3.0,0.7594880847308032,UPST|BILL|COIN
2024-11-11,exit,additive_manufacturing,2.0,0.7861871138570169,VELO|DDD|SSYS
2024-11-11,enter,defense,1.0,0.8135481023830538,AXON|MRCY|RKLB
2024-11-11,enter,additive_manufacturing,2.0,0.7861871138570169,VELO|SSYS|DDD
2024-11-11,enter,fintech,3.0,0.7822153574580759,COIN|AFRM|HOOD
2024-11-12,exit,natural_gas,39.0,0.5425860547219772,EQT|KMI|AR
2024-11-12,exit,defense,15.0,0.6787290379523387,AXON|MRCY|RKLB
2024-11-12,exit,additive_manufacturing,45.0,0.5225066195939982,VELO|SSYS|DDD
2024-11-12,enter,ai_apps_agents,1.0,0.8303177405119152,HUBS|GTM|SOUN
2024-11-12,enter,crypto_infrastructure,3.0,0.8106796116504855,CLSK|MSTR|MARA
2024-11-13,exit,fintech_payments,34.0,0.5794351279788174,UPST|BILL|COIN
2024-11-13,exit,fintech,52.0,0.5072815533980581,COIN|AFRM|HOOD
2024-11-13,exit,ai_apps_agents,6.0,0.7433804060017651,HUBS|GTM|SOUN
2024-11-13,exit,crypto_infrastructure,27.0,0.6184907325684026,CLSK|MSTR|MARA
2024-11-13,enter,quantum_computing,1.0,0.8631950573698147,QUBT|IONQ|QBTS
2024-11-13,enter,drones_autonomy,2.0,0.7760370697263901,ACHR|UMAC|KTOS
2024-11-13,enter,transport_logistics,3.0,0.7716240070609003,HTZ|JBLU|CHRW
2024-11-14,exit,drones_autonomy,8.0,0.7093998234774933,ACHR|UMAC|KTOS
2024-11-14,enter,airlines_travel,1.0,0.8067078552515445,HTZ|GBTG|DAL
2024-11-14,enter,oil_gas,2.0,0.782656663724625,OVV|YPF|EOG
2024-11-15,exit,quantum_computing,24.0,0.6542365401588703,QUBT|IONQ|QBTS
2024-11-15,exit,transport_logistics,12.0,0.6884377758164166,HTZ|JBLU|CHRW
2024-11-15,exit,airlines_travel,11.0,0.6921888790820832,HTZ|GBTG|DAL
2024-11-15,exit,oil_gas,10.0,0.7032215357458076,OVV|YPF|EOG
2024-11-15,enter,aerospace,1.0,0.7912621359223301,LUNR|RKLB|SPIR
2024-11-15,enter,medtech,2.0,0.7563989408649603,SYK|DXCM|EW
2024-11-15,enter,banks_brokers_exchanges,3.0,0.7455869373345103,IBKR|SCHW|BAC
2024-11-18,exit,aerospace,27.0,0.6048102383053839,LUNR|RKLB|SPIR
2024-11-18,exit,medtech,12.0,0.721315092674316,SYK|DXCM|EW
2024-11-18,exit,banks_brokers_exchanges,32.0,0.5708296557811121,IBKR|SCHW|BAC
2024-11-18,enter,uranium,1.0,0.8241394527802294,UUUU|DNN|UEC
2024-11-18,enter,oil_gas,2.0,0.8091350397175641,YPF|OVV|EOG
2024-11-18,enter,natural_gas,3.0,0.7760370697263902,CTRA|KMI|WMB
2024-11-19,exit,uranium,10.0,0.6815975286849073,UUUU|DNN|UEC
2024-11-19,exit,oil_gas,17.0,0.6639452780229479,YPF|OVV|EOG
2024-11-19,exit,natural_gas,12.0,0.6793909973521625,CTRA|KMI|WMB
2024-11-19,enter,utilities_yield,1.0,0.7537511032656663,BE|VST|EIX
2024-11-19,enter,aerospace,2.0,0.7486760812003531,RKLB|LUNR|SPIR
2024-11-19,enter,dev_tools,3.0,0.7466902030008826,DDOG|GTLB|TEAM
2024-11-20,exit,utilities_yield,6.0,0.7376434245366285,BE|VST|EIX
2024-11-20,exit,aerospace,87.0,0.32634598411297444,RKLB|LUNR|SPIR
2024-11-20,exit,dev_tools,65.0,0.44395410414827896,DDOG|GTLB|TEAM
2024-11-20,enter,oil_gas,1.0,0.8636363636363636,YPF|ET|OVV
2024-11-20,enter,natural_gas,2.0,0.8007502206531333,EQT|AR|CTRA
2024-11-20,enter,agriculture_food_inputs,3.0,0.793468667255075,CF|DE|CALM
2024-11-21,exit,agriculture_food_inputs,21.0,0.6236955505944655,CF|DE|CALM
2024-11-21,enter,power_grid_electrification,3.0,0.7552956751985878,VRT|VST|TLN
2024-11-22,exit,oil_gas,25.0,0.6107548933077203,YPF|ET|OVV
2024-11-22,exit,natural_gas,63.0,0.446537043767198,EQT|AR|CTRA
2024-11-22,exit,power_grid_electrification,48.0,0.5251544571932922,VRT|VST|TLN
2024-11-22,enter,drones_autonomy,1.0,0.8216603499299102,UMAC|ACHR|ONDS
2024-11-22,enter,quantum_computing,2.0,0.746560407040133,QUBT|ARQQ|QBTS
2024-11-22,enter,dev_tools,3.0,0.7419915892217435,DDOG|MDB|GTLB
2024-11-25,exit,drones_autonomy,19.0,0.6604148278905558,UMAC|ACHR|ONDS
2024-11-25,exit,quantum_computing,14.0,0.6864518976169462,QUBT|ARQQ|QBTS
2024-11-25,exit,dev_tools,24.0,0.6440864960282437,DDOG|MDB|GTLB
2024-11-25,enter,homebuilders_housing,1.0,0.7563989408649604,BLD|TOL|OC
2024-11-25,enter,renewables_storage,2.0,0.7502206531332746,FLNC|FCEL|EOSE
2024-11-25,enter,diagnostics_tools,3.0,0.7422771403353928,GH|TXG|PACB
2024-11-26,exit,homebuilders_housing,41.0,0.5717122683142101,BLD|TOL|OC
2024-11-26,exit,renewables_storage,55.0,0.4896293027360988,FLNC|FCEL|EOSE
2024-11-26,exit,diagnostics_tools,22.0,0.6352603706972639,GH|TXG|PACB
2024-11-26,enter,drones_autonomy,1.0,0.8036187113857017,UMAC|AMBA|ACHR
2024-11-26,enter,memory_storage,2.0,0.7932480141218006,QMCO|WDC|RMBS
2024-11-26,enter,storage,3.0,0.7246248896734333,QMCO|WDC|NTAP
2024-11-27,exit,memory_storage,57.0,0.4735216240070609,QMCO|WDC|RMBS
2024-11-27,exit,storage,92.0,0.25485436893203883,QMCO|WDC|NTAP
2024-11-27,enter,biotech,1.0,0.7917034421888791,NTLA|EXAS|MRNA
2024-11-27,enter,space_satellites,2.0,0.7819947043248013,RKLB|VELO|VSAT
2024-11-27,enter,additive_manufacturing,3.0,0.7672109443954104,VELO|NNDM|DDD
2024-11-29,exit,drones_autonomy,6.0,0.7290379523389231,UMAC|AMBA|ACHR
2024-11-29,exit,biotech,12.0,0.6513680494263019,NTLA|EXAS|MRNA
2024-11-29,exit,additive_manufacturing,19.0,0.6195939982347749,VELO|NNDM|DDD
2024-11-29,enter,quantum_computing,1.0,0.8175198587819947,RGTI|ARQQ|QBTS
2024-11-29,enter,aerospace,3.0,0.7433804060017652,RKLB|LUNR|BA
2024-12-02,exit,space_satellites,13.0,0.6950573698146515,RKLB|VELO|VSAT
2024-12-02,exit,quantum_computing,32.0,0.6048102383053839,RGTI|ARQQ|QBTS
2024-12-02,exit,aerospace,85.0,0.29368932038834955,RKLB|LUNR|BA
2024-12-02,enter,apparel_beauty_lifestyle,1.0,0.8519417475728154,BBWI|TPR|AEO
2024-12-02,enter,semis,2.0,0.7989849955869373,LRCX|MRVL|ON
2024-12-02,enter,biotech_innovation,3.0,0.7731685789938216,ARWR|DNA|RXRX
2024-12-03,exit,apparel_beauty_lifestyle,17.0,0.6696822594880848,BBWI|TPR|AEO
2024-12-03,exit,semis,32.0,0.6028243601059134,LRCX|MRVL|ON
2024-12-03,exit,biotech_innovation,48.0,0.5339805825242718,ARWR|DNA|RXRX
2024-12-03,enter,gold_silver_miners,1.0,0.8296557811120918,CDE|IAG|HL
2024-12-03,enter,copper_metals,2.0,0.7936893203883495,CRML|CENX|EQX
2024-12-03,enter,silver,3.0,0.7718446601941747,HL|AG|PAAS
2024-12-04,exit,gold_silver_miners,48.0,0.5028684907325685,CDE|IAG|HL
2024-12-04,exit,copper_metals,42.0,0.556928508384819,CRML|CENX|EQX
2024-12-04,exit,silver,64.0,0.41990291262135915,HL|AG|PAAS
2024-12-04,enter,cloud_neocloud,1.0,0.8989408649602825,IREN|NBIS|BTDR
2024-12-04,enter,ai_apps_agents,2.0,0.8499558693733452,SOUN|PATH|DDOG
2024-12-04,enter,ai_apps,3.0,0.7985436893203882,SOUN|PATH|RDDT
2024-12-05,exit,cloud_neocloud,7.0,0.7252868490732568,IREN|NBIS|BTDR
2024-12-05,exit,ai_apps_agents,9.0,0.7091791703442188,SOUN|PATH|DDOG
2024-12-05,exit,ai_apps,10.0,0.7058693733451015,SOUN|PATH|RDDT
2024-12-05,enter,creative_software,1.0,0.7736098852603706,RBLX|U|ADBE
2024-12-05,enter,gaming_sports_betting,2.0,0.7610326566637248,RBLX|U|TTWO
2024-12-05,enter,quantum_computing,3.0,0.7453662842012355,QBTS|RGTI|ARQQ
2024-12-06,exit,creative_software,11.0,0.733451015004413,RBLX|U|ADBE
2024-12-06,enter,cloud_neocloud,1.0,0.7996469549867609,NBIS|BTDR|HPE
2024-12-06,enter,ai_apps_agents,2.0,0.795233892321271,RBRK|SOUN|APP
2024-12-06,enter,ai_apps,3.0,0.7881729920564872,SOUN|APP|RXRX
2024-12-09,exit,gaming_sports_betting,15.0,0.6524713150926743,RBLX|U|TTWO
2024-12-09,exit,quantum_computing,23.0,0.6054721977052073,QBTS|RGTI|ARQQ
2024-12-09,exit,cloud_neocloud,13.0,0.6628420123565756,NBIS|BTDR|HPE
2024-12-09,enter,china_internet,1.0,0.8790820829655782,TIGR|FUTU|YMM
2024-12-09,enter,gold_silver_miners,2.0,0.839585172109444,CDE|FSM|HL
2024-12-10,exit,ai_apps_agents,2.0,0.7899382171226832,RBRK|SOUN|APP
2024-12-10,exit,ai_apps,7.0,0.736098852603707,SOUN|APP|RXRX
2024-12-10,exit,china_internet,30.0,0.5955428067078553,TIGR|FUTU|YMM
2024-12-10,exit,gold_silver_miners,39.0,0.5432480141218006,CDE|FSM|HL
2024-12-10,enter,quantum_computing,1.0,0.8523830538393644,RGTI|QBTS|IBM
2024-12-10,enter,ai_apps_agents,2.0,0.7899382171226832,AI|GOOGL|RBRK
2024-12-10,enter,retail_consumer,3.0,0.7866284201235656,OLLI|M|AAP
2024-12-11,exit,quantum_computing,26.0,0.6048102383053838,RGTI|QBTS|IBM
2024-12-11,exit,ai_apps_agents,37.0,0.5653133274492498,AI|GOOGL|RBRK
2024-12-11,exit,retail_consumer,10.0,0.7076345984112975,OLLI|M|AAP
2024-12-11,enter,asset_managers_alts,1.0,0.8159752868490732,OWL|BLK|CG
2024-12-11,enter,silver,2.0,0.7859664607237422,AG|PAAS|SVM
2024-12-11,enter,mega_cap_platforms,3.0,0.7842012356575464,GOOGL|TSLA|AVGO
2024-12-12,exit,asset_managers_alts,14.0,0.6818181818181818,OWL|BLK|CG
2024-12-12,exit,silver,84.0,0.33075904677846424,AG|PAAS|SVM
2024-12-12,exit,mega_cap_platforms,19.0,0.6575463371579877,GOOGL|TSLA|AVGO
2024-12-12,enter,consumer_internet_marketplaces,1.0,0.7837599293909975,TCOM|BEKE|CHWY
2024-12-12,enter,cybersecurity,2.0,0.7802294792586053,RBRK|BB|NET
2024-12-12,enter,china_internet,3.0,0.7577228596646074,TIGR|TCOM|BEKE
2024-12-13,exit,consumer_internet_marketplaces,53.0,0.5231685789938216,TCOM|BEKE|CHWY
2024-12-13,exit,cybersecurity,63.0,0.4688879082082965,RBRK|BB|NET
2024-12-13,enter,drones_autonomy,1.0,0.7833186231244484,ONDS|ACHR|MBLY
2024-12-13,enter,advanced_packaging,2.0,0.7755957634598412,TER|AMKR|COHU
2024-12-13,enter,quantum_computing,3.0,0.7513239187996469,RGTI|ARQQ|QBTS
2024-12-16,exit,china_internet,94.0,0.18093556928508386,TIGR|TCOM|BEKE
2024-12-16,exit,advanced_packaging,12.0,0.6966019417475728,TER|AMKR|COHU
2024-12-16,enter,defense_aerospace,3.0,0.8027360988526038,SERV|KTOS|BA
2024-12-17,exit,drones_autonomy,4.0,0.7528684907325683,ONDS|ACHR|MBLY
2024-12-17,exit,defense_aerospace,43.0,0.5233892321270962,SERV|KTOS|BA
2024-12-17,enter,payments,2.0,0.7601500441306266,AFRM|V|PYPL
2024-12-17,enter,fintech,3.0,0.7588261253309797,AFRM|SOFI|HOOD
2024-12-18,exit,quantum_computing,5.0,0.7992056487202119,RGTI|ARQQ|QBTS
2024-12-18,exit,payments,51.0,0.4940423654015887,AFRM|V|PYPL
2024-12-18,exit,fintech,54.0,0.4825684024713151,AFRM|SOFI|HOOD
2024-12-18,enter,semicap_equipment,1.0,0.8766548984995587,CAMT|FORM|AEHR
2024-12-18,enter,advanced_packaging,2.0,0.8501765225066196,CAMT|FORM|ONTO
2024-12-18,enter,semis_compute,3.0,0.8097969991173877,JBL|VISN|AVGO
2024-12-19,exit,semicap_equipment,25.0,0.6347801256424899,CAMT|FORM|AEHR
2024-12-19,exit,advanced_packaging,18.0,0.6712917294013809,CAMT|FORM|ONTO
2024-12-19,exit,semis_compute,62.0,0.4494834120762162,JBL|VISN|AVGO
2024-12-19,enter,networking_optical,1.0,0.8024765069311043,LWLG|NOK|HLIT
2024-12-19,enter,insurance,2.0,0.7833186231244484,CB|PGR|AIG
2024-12-19,enter,medtech,3.0,0.7413426094179949,EW|BSX|TMO
2024-12-20,exit,networking_optical,72.0,0.3989408649602824,LWLG|NOK|HLIT
2024-12-20,exit,insurance,11.0,0.6919682259488085,CB|PGR|AIG
2024-12-20,enter,medtech_devices,1.0,0.7981023830538393,TNDM|EW|DXCM
2024-12-20,enter,mega_banks,2.0,0.7658870255957635,WFC|JPM|AXP
2024-12-23,exit,medtech,8.0,0.7422771403353928,EW|BSX|TMO
2024-12-23,exit,medtech_devices,13.0,0.7113857016769639,TNDM|EW|DXCM
2024-12-23,exit,mega_banks,21.0,0.6398940864960282,WFC|JPM|AXP
2024-12-23,enter,renewables_storage,1.0,0.8245807590467785,TE|EOSE|SHLS
2024-12-23,enter,pharma_largecap,2.0,0.8133274492497794,ABBV|PFE|SNY
2024-12-23,enter,pharma,3.0,0.7846425419240953,ABBV|PFE|BMY
2024-12-24,exit,renewables_storage,16.0,0.6546778464254193,TE|EOSE|SHLS
2024-12-24,exit,pharma_largecap,76.0,0.3766548984995587,ABBV|PFE|SNY
2024-12-24,exit,pharma,54.0,0.49315975286849073,ABBV|PFE|BMY
2024-12-24,enter,aerospace,1.0,0.753530450132392,LUNR|SPIR|BA
2024-12-24,enter,airlines_travel,2.0,0.7427184466019418,ALK|TRIP|AAL
2024-12-24,enter,medtech,3.0,0.7246248896734333,DXCM|EW|BSX
2024-12-26,exit,airlines_travel,24.0,0.6253309796999118,ALK|TRIP|AAL
2024-12-26,exit,medtech,38.0,0.54567519858782,DXCM|EW|BSX
2024-12-26,enter,drones_autonomy,1.0,0.8384819064430715,ONDS|ACHR|JOBY
2024-12-26,enter,space_satellites,2.0,0.8380406001765225,ONDS|RDW|LUNR
2024-12-26,enter,retail_consumer,3.0,0.8172992056487203,GME|M|TLRY
2024-12-27,exit,aerospace,11.0,0.7530891438658429,LUNR|SPIR|BA
2024-12-27,exit,retail_consumer,18.0,0.6815975286849072,GME|M|TLRY
2024-12-27,enter,renewables_storage,1.0,0.9007060900264784,TE|STEM|AMPX
2024-12-27,enter,solar,3.0,0.8164165931156223,ARRY|NXT|RUN
2024-12-30,exit,drones_autonomy,7.0,0.7815533980582525,ONDS|ACHR|JOBY
2024-12-30,exit,space_satellites,5.0,0.8192850838481907,ONDS|RDW|LUNR
2024-12-30,exit,solar,36.0,0.5492056487202119,ARRY|NXT|RUN
2024-12-30,enter,energy,1.0,0.8852603706972639,EQT|CTRA|OKLO
2024-12-30,enter,oil_gas,2.0,0.8605472197705208,AR|RRC|LBRT
2024-12-30,enter,natural_gas,3.0,0.85216240070609,AR|RRC|EQT
2024-12-31,exit,renewables_storage,52.0,0.4967551009812574,TE|STEM|AMPX
2024-12-31,exit,energy,3.0,0.8313820673900628,EQT|CTRA|OKLO
2024-12-31,exit,natural_gas,15.0,0.699119983386117,AR|RRC|EQT
2024-12-31,enter,real_estate_reits,1.0,0.8640517107107627,MPT|COLD|DEI
2024-12-31,enter,energy,3.0,0.8313820673900628,APA|FANG|DVN
2025-01-02,exit,oil_gas,7.0,0.8036187113857016,AR|RRC|LBRT
2025-01-02,exit,real_estate_reits,36.0,0.5494263018534863,MPT|COLD|DEI
2025-01-02,exit,energy,8.0,0.7771403353927626,APA|FANG|DVN
2025-01-02,enter,gold_silver_miners,1.0,0.8578993821712267,EXK|IAG|AG
2025-01-02,enter,renewables_storage,2.0,0.8411297440423655,STEM|EOSE|BLDP
2025-01-02,enter,uranium,3.0,0.8146513680494263,DNN|LEU|UUUU
2025-01-03,exit,gold_silver_miners,35.0,0.5975286849073256,EXK|IAG|AG
2025-01-03,exit,renewables_storage,9.0,0.7010150044130627,STEM|EOSE|BLDP
2025-01-03,enter,rare_earth_critical_minerals,1.0,0.7800088261253311,TMC|MP|UUUU
2025-01-03,enter,oil_exploration,2.0,0.7572815533980582,FANG|DVN|USO
2025-01-06,exit,uranium,14.0,0.6981465136804943,DNN|LEU|UUUU
2025-01-06,exit,rare_earth_critical_minerals,15.0,0.694836716681377,TMC|MP|UUUU
2025-01-06,exit,oil_exploration,52.0,0.5079435127978816,FANG|DVN|USO
2025-01-06,enter,lithium_battery_materials,1.0,0.8075904677846425,AMPX|QS|SGML
2025-01-06,enter,nuclear_uranium,2.0,0.7923654015887027,OKLO|NNE|SMR
2025-01-06,enter,diagnostics_tools,3.0,0.7725066195939982,WGS|GH|TXG
2025-01-07,exit,lithium_battery_materials,10.0,0.7288172992056487,AMPX|QS|SGML
2025-01-07,exit,nuclear_uranium,29.0,0.6162842012356575,OKLO|NNE|SMR
2025-01-07,enter,gold_silver_miners,1.0,0.853486319505737,AG|USAS|CDE
2025-01-07,enter,renewables_storage,2.0,0.8278905560458957,ENVX|SEDG|PLUG
2025-01-07,enter,energy,3.0,0.8170785525154457,SEDG|BP|NXT
2025-01-08,exit,diagnostics_tools,14.0,0.6582082965578111,WGS|GH|TXG
2025-01-08,exit,renewables_storage,4.0,0.7237422771403353,ENVX|SEDG|PLUG
2025-01-08,exit,energy,10.0,0.6811562224183583,SEDG|BP|NXT
2025-01-08,enter,medtech_devices,2.0,0.7383053839364518,BSX|TMDX|GMED
2025-01-08,enter,utilities_yield,3.0,0.7241835834068845,VST|CEG|NRG
2025-01-10,exit,gold_silver_miners,7.0,0.7283759929390998,AG|USAS|CDE
2025-01-10,exit,utilities_yield,42.0,0.5620035304501323,VST|CEG|NRG
2025-01-10,enter,energy,2.0,0.7899382171226832,CTRA|DVN|EOG
2025-01-10,enter,oil_gas,3.0,0.7800088261253311,AR|RRC|DVN
2025-01-13,exit,medtech_devices,11.0,0.736098852603707,BSX|TMDX|GMED
2025-01-13,enter,diagnostics_tools,1.0,0.8554721977052074,GH|WGS|RVTY
2025-01-13,enter,agriculture_food_inputs,3.0,0.8095763459841131,NTR|CF|ICL
2025-01-14,exit,energy,23.0,0.6694616063548101,CTRA|DVN|EOG
2025-01-14,exit,diagnostics_tools,43.0,0.5417034421888791,GH|WGS|RVTY
2025-01-14,exit,agriculture_food_inputs,25.0,0.6597528684907327,NTR|CF|ICL
2025-01-14,enter,gold_silver_miners,1.0,0.8943071491615181,HMY|AU|KGC
2025-01-14,enter,homebuilders_housing,2.0,0.8049426301853486,BLDR|MAS|MTH
2025-01-15,exit,oil_gas,7.0,0.7570609002647837,AR|RRC|DVN
2025-01-15,exit,gold_silver_miners,28.0,0.6023830538393645,HMY|AU|KGC
2025-01-15,enter,mega_banks,2.0,0.8053839364518975,C|GS|WFC
2025-01-15,enter,construction_infrastructure,3.0,0.7987643424536628,BLDR|FBIN|URI
2025-01-16,exit,homebuilders_housing,9.0,0.7399148538497482,BLDR|MAS|MTH
2025-01-16,exit,mega_banks,23.0,0.6669176055241162,C|GS|WFC
2025-01-16,exit,construction_infrastructure,12.0,0.7109184362182648,BLDR|FBIN|URI
2025-01-16,enter,natural_gas,1.0,0.8514485229219667,LNG|CTRA|RRC
2025-01-16,enter,oil_services,2.0,0.8319921084055865,AESI|AROC|PTEN
2025-01-16,enter,datacenter_infra,3.0,0.8144047557240018,FLS|PWR|FBIN
2025-01-17,exit,natural_gas,33.0,0.5773583926068221,LNG|CTRA|RRC
2025-01-17,exit,oil_services,36.0,0.5627952858107055,AESI|AROC|PTEN
2025-01-17,enter,china_internet,1.0,0.8493458283578215,JD|TIGR|FUTU
2025-01-17,enter,regional_banks,2.0,0.8355485177301282,TFC|KEY|FITB
2025-01-17,enter,construction_infrastructure,3.0,0.8306552100098645,PRIM|URI|BLDR
2025-01-21,exit,datacenter_infra,6.0,0.735216240070609,FLS|PWR|FBIN
2025-01-21,exit,china_internet,20.0,0.6465136804942629,JD|TIGR|FUTU
2025-01-21,exit,regional_banks,39.0,0.5368490732568402,TFC|KEY|FITB
2025-01-21,enter,electronics_components,1.0,0.8369373345101502,CLS|LITE|GLW
2025-01-21,enter,aerospace,3.0,0.7685348631950574,SPIR|LUNR|RKLB
2025-01-22,exit,construction_infrastructure,47.0,0.5183142100617829,PRIM|URI|BLDR
2025-01-22,exit,electronics_components,1.0,0.811782877316858,CLS|LITE|GLW
2025-01-22,exit,aerospace,31.0,0.6109885260370698,SPIR|LUNR|RKLB
2025-01-22,enter,electronics_components,1.0,0.811782877316858,CLS|GLW|LITE
2025-01-22,enter,nuclear_uranium,2.0,0.8007502206531333,NNE|OKLO|LEU
2025-01-22,enter,uranium,3.0,0.7954545454545454,LEU|CCJ|UEC
2025-01-23,exit,electronics_components,23.0,0.6222418358340687,CLS|GLW|LITE
2025-01-23,exit,uranium,12.0,0.6648278905560459,LEU|CCJ|UEC
2025-01-23,enter,biotech,2.0,0.7458075904677848,MRNA|NTLA|CRSP
2025-01-23,enter,fintech,3.0,0.7153574580759046,SOFI|SCHW|COIN
2025-01-24,exit,nuclear_uranium,16.0,0.6524713150926743,NNE|OKLO|LEU
2025-01-24,exit,biotech,12.0,0.6935127978817299,MRNA|NTLA|CRSP
2025-01-24,exit,fintech,10.0,0.6954986760812003,SOFI|SCHW|COIN
2025-01-24,enter,china_internet,1.0,0.8289938217122683,FUTU|TIGR|PDD
2025-01-24,enter,gold_silver_miners,2.0,0.8195057369814651,USAS|IAG|AEM
2025-01-24,enter,cloud_neocloud,3.0,0.7864077669902911,BE|DOCN|NBIS
2025-01-27,exit,china_internet,18.0,0.6809355692850838,FUTU|TIGR|PDD
2025-01-27,exit,gold_silver_miners,59.0,0.4514563106796116,USAS|IAG|AEM
2025-01-27,exit,cloud_neocloud,78.0,0.34068843777581653,BE|DOCN|NBIS
2025-01-27,enter,pharma_largecap,1.0,0.7930273609885261,GSK|BMY|NVO
2025-01-27,enter,cloud,2.0,0.781774051191527,NET|AKAM|MDB
2025-01-27,enter,pharma,3.0,0.7740511915269198,BMY|XLV|NVO
2025-01-28,exit,pharma_largecap,32.0,0.5743601059135041,GSK|BMY|NVO
2025-01-28,exit,pharma,33.0,0.5642100617828772,BMY|XLV|NVO
2025-01-28,enter,workflow_software,2.0,0.8367166813768757,HUBS|ZM|WDAY
2025-01-28,enter,cybersecurity,3.0,0.8223742277140336,NET|CRWD|TENB
2025-01-29,exit,cloud,39.0,0.5803177405119152,NET|AKAM|MDB
2025-01-29,exit,workflow_software,43.0,0.5615622241835834,HUBS|ZM|WDAY
2025-01-29,exit,cybersecurity,30.0,0.5992939099735216,NET|CRWD|TENB
2025-01-29,enter,restaurants_food,1.0,0.7722859664607238,EAT|SBUX|SG
2025-01-29,enter,digital_ads_media,2.0,0.7656663724624889,RDDT|SPOT|PSKY
2025-01-29,enter,gold_silver_miners,3.0,0.7599293909973522,FSM|KGC|EXK
2025-01-30,exit,digital_ads_media,49.0,0.4922771403353928,RDDT|SPOT|PSKY
2025-01-30,enter,china_internet,1.0,0.8503971756398943,BABA|BIDU|BEKE
2025-01-30,enter,silver,3.0,0.8124448367166814,PAAS|SVM|WPM
2025-01-31,exit,restaurants_food,14.0,0.6323918799646955,EAT|SBUX|SG
2025-01-31,exit,gold_silver_miners,16.0,0.6257722859664607,FSM|KGC|EXK
2025-01-31,exit,china_internet,53.0,0.4885260370697264,BABA|BIDU|BEKE
2025-01-31,exit,silver,30.0,0.5668578993821712,PAAS|SVM|WPM
2025-01-31,enter,workflow_software,1.0,0.7826566637246248,TEAM|ZM|DOCU
2025-01-31,enter,cybersecurity,2.0,0.7590467784642542,CHKP|BB|NET
2025-01-31,enter,dev_tools,3.0,0.7497793468667255,TEAM|GTLB|MDB
2025-02-03,exit,workflow_software,41.0,0.5381729920564872,TEAM|ZM|DOCU
2025-02-03,exit,cybersecurity,20.0,0.6376875551632832,CHKP|BB|NET
2025-02-03,exit,dev_tools,12.0,0.6866725507502206,TEAM|GTLB|MDB
2025-02-03,enter,gold_silver_miners,1.0,0.855251544571933,FSM|CDE|IAG
2025-02-03,enter,silver,2.0,0.7894969108561344,PAAS|FNV|AG
2025-02-03,enter,restaurants_food,3.0,0.7864077669902911,EAT|CAVA|CAKE
2025-02-04,enter,ai_apps,2.0,0.7954545454545454,RDDT|DUOL|SNAP
2025-02-05,exit,restaurants_food,63.0,0.4159311562224184,EAT|CAVA|CAKE
2025-02-05,exit,ai_apps,19.0,0.6542365401588703,RDDT|DUOL|SNAP
2025-02-05,enter,gold,2.0,0.8448808473080318,AEM|PAAS|WPM
2025-02-06,exit,gold_silver_miners,21.0,0.6544571932921447,FSM|CDE|IAG
2025-02-06,exit,silver,18.0,0.6597528684907324,PAAS|FNV|AG
2025-02-06,exit,gold,5.0,0.7027802294792587,AEM|PAAS|WPM
2025-02-06,enter,banks_brokers_exchanges,1.0,0.7729479258605473,FLG|ICE|WFC
2025-02-06,enter,mega_banks,2.0,0.7250661959399823,WFC|BAC|JPM
2025-02-06,enter,electronics_components,3.0,0.7096204766107679,CLS|COHR|LITE
2025-02-07,exit,banks_brokers_exchanges,41.0,0.5505295675198588,FLG|ICE|WFC
2025-02-07,exit,mega_banks,61.0,0.4496910856134157,WFC|BAC|JPM
2025-02-07,exit,electronics_components,55.0,0.47837599293909966,CLS|COHR|LITE
2025-02-07,enter,ai_apps_agents,1.0,0.8025154457193293,PLTR|ZETA|RDDT
2025-02-07,enter,copper_metals,2.0,0.8020741394527802,MT|HBM|TGB
2025-02-07,enter,cloud_neocloud,3.0,0.796116504854369,IREN|NBIS|CLSK
2025-02-10,exit,ai_apps_agents,18.0,0.6840247131509267,PLTR|ZETA|RDDT
2025-02-10,exit,cloud_neocloud,26.0,0.6279788172992056,IREN|NBIS|CLSK
2025-02-10,enter,cybersecurity,1.0,0.8153133274492499,BB|NET|RBRK
2025-02-10,enter,copper,2.0,0.794351279788173,HBM|SCCO|TECK
2025-02-11,exit,copper_metals,18.0,0.6705648720211828,MT|HBM|TGB
2025-02-11,exit,copper,56.0,0.4783759929390997,HBM|SCCO|TECK
2025-02-11,enter,consumer_internet_marketplaces,2.0,0.7797881729920565,BABA|BEKE|SHOP
2025-02-11,enter,consumer_staples,3.0,0.7654457193292146,KO|MCD|MDLZ
2025-02-12,exit,cybersecurity,5.0,0.7797881729920564,BB|NET|RBRK
2025-02-12,exit,consumer_staples,11.0,0.7204324801412181,KO|MCD|MDLZ
2025-02-12,enter,china_internet,1.0,0.8398058252427184,FUTU|TIGR|BEKE
2025-02-12,enter,travel,3.0,0.8014121800529568,ABNB|EXPE|HLT
2025-02-13,exit,travel,20.0,0.6270962047661077,ABNB|EXPE|HLT
2025-02-13,enter,gaming_sports_betting,3.0,0.7780229479258605,DKNG|BILI|TCEHY
2025-02-14,enter,biotech_innovation,3.0,0.7881729920564872,RXRX|DFTX|ABSI
2025-02-18,exit,consumer_internet_marketplaces,16.0,0.6765225066195941,BABA|BEKE|SHOP
2025-02-18,exit,china_internet,40.0,0.5681818181818182,FUTU|TIGR|BEKE
2025-02-18,exit,gaming_sports_betting,6.0,0.7177846425419241,DKNG|BILI|TCEHY
2025-02-18,exit,biotech_innovation,11.0,0.6948367166813769,RXRX|DFTX|ABSI
2025-02-18,enter,biotech,1.0,0.8040600176522507,RXRX|CRSP|NTLA
2025-02-18,enter,industrial_automation,2.0,0.7864077669902914,CRH|CNH|DD
2025-02-18,enter,semis_compute,3.0,0.7411738746690202,INTC|SMCI|LSCC
2025-02-19,exit,industrial_automation,47.0,0.4953143658169357,CRH|CNH|DD
2025-02-19,exit,semis_compute,9.0,0.7340870152120866,INTC|SMCI|LSCC
2025-02-19,enter,biotech_innovation,2.0,0.8408182337365662,EDIT|RXRX|NTLA
2025-02-19,enter,semis,3.0,0.7790093972275582,INTC|MCHP|ON
2025-02-20,exit,biotech,2.0,0.8027360988526037,RXRX|CRSP|NTLA
2025-02-20,exit,biotech_innovation,13.0,0.6809355692850839,EDIT|RXRX|NTLA
2025-02-20,exit,semis,5.0,0.7515445719329213,INTC|MCHP|ON
2025-02-20,enter,obesity_glp1_health,1.0,0.8040600176522504,HIMS|NVO|LLY
2025-02-20,enter,biotech,2.0,0.8027360988526037,NTLA|RXRX|CRSP
2025-02-20,enter,oil_exploration,3.0,0.7700794351279788,DVN|OXY|APA
2025-02-21,exit,obesity_glp1_health,65.0,0.425639894086496,HIMS|NVO|LLY
2025-02-21,exit,oil_exploration,33.0,0.5785525154457193,DVN|OXY|APA
2025-02-21,enter,gaming_sports_betting,2.0,0.8298764342453663,U|TCEHY|BILI
2025-02-21,enter,china_internet,3.0,0.7764783759929391,TME|BABA|LI
2025-02-24,exit,biotech,13.0,0.6813768755516328,NTLA|RXRX|CRSP
2025-02-24,exit,gaming_sports_betting,30.0,0.6112091791703442,U|TCEHY|BILI
2025-02-24,exit,china_internet,70.0,0.39276257722859664,TME|BABA|LI
2025-02-24,enter,pharma,1.0,0.822594880847308,NVO|GILD|AMGN
2025-02-24,enter,pharma_largecap,2.0,0.8172992056487202,GILD|NVO|AMGN
2025-02-24,enter,apparel_beauty_lifestyle,3.0,0.8120035304501322,NKE|HLF|KDP
2025-02-25,exit,pharma,3.0,0.7950132391879965,NVO|GILD|AMGN
2025-02-25,exit,pharma_largecap,4.0,0.7921447484554281,GILD|NVO|AMGN
2025-02-25,exit,apparel_beauty_lifestyle,22.0,0.6593115622241834,NKE|HLF|KDP
2025-02-25,enter,managed_care_insurance,1.0,0.8188437775816418,MOH|CI|CNC
2025-02-25,enter,homebuilders_housing,2.0,0.8075904677846425,FND|DHI|MTH
2025-02-25,enter,pharma,3.0,0.7950132391879965,JNJ|AMGN|NVO
2025-02-26,exit,managed_care_insurance,54.0,0.4788172992056488,MOH|CI|CNC
2025-02-26,exit,homebuilders_housing,27.0,0.5809796999117386,FND|DHI|MTH
2025-02-26,exit,pharma,39.0,0.5410414827890555,JNJ|AMGN|NVO
2025-02-26,enter,china_internet,1.0,0.8058252427184466,LI|XPEV|BEKE
2025-02-26,enter,gold_silver_miners,2.0,0.7502206531332745,AG|BTG|PAAS
2025-02-26,enter,apparel_beauty_lifestyle,3.0,0.7191085613415711,BBWI|NKE|FIGS
2025-02-27,exit,china_internet,10.0,0.7341129744042365,LI|XPEV|BEKE
2025-02-27,exit,gold_silver_miners,77.0,0.37091791703442184,AG|BTG|PAAS
2025-02-27,exit,apparel_beauty_lifestyle,15.0,0.6884377758164166,BBWI|NKE|FIGS
2025-02-27,enter,real_estate_reits,1.0,0.8248014121800531,MPT|AMT|HPP
2025-02-27,enter,defense,2.0,0.7877316857899382,HEI|RTX|NOC
2025-02-27,enter,insurance,3.0,0.7800088261253311,CB|TRV|AIG
2025-02-28,enter,banks_brokers_exchanges,3.0,0.823918799646955,NWG|BCS|ICE
2025-03-03,exit,defense,2.0,0.7890556045895852,HEI|RTX|NOC
2025-03-03,exit,insurance,3.0,0.7872903795233893,CB|TRV|AIG
2025-03-03,exit,banks_brokers_exchanges,11.0,0.7093998234774934,NWG|BCS|ICE
2025-03-03,enter,defense,2.0,0.7890556045895852,RTX|HEI|NOC
2025-03-03,enter,insurance,3.0,0.7872903795233893,CB|ALL|AIG
2025-03-04,exit,real_estate_reits,9.0,0.6601941747572816,MPT|AMT|HPP
2025-03-04,exit,defense,1.0,0.7113857016769638,RTX|HEI|NOC
2025-03-04,exit,insurance,23.0,0.603045013239188,CB|ALL|AIG
2025-03-04,enter,defense,1.0,0.7113857016769638,HEI|LHX|AXON
2025-03-04,enter,natural_gas,2.0,0.6915269196822595,EQT|KMI|LNG
2025-03-04,enter,gaming_sports_betting,3.0,0.6827007943512798,SRAD|FLUT|NTES
2025-03-05,exit,natural_gas,51.0,0.5075022065313327,EQT|KMI|LNG
2025-03-05,exit,gaming_sports_betting,31.0,0.5763459841129744,SRAD|FLUT|NTES
2025-03-05,enter,aerospace,2.0,0.7963371579876435,ASTS|GD|HEI
2025-03-05,enter,real_estate_reits,3.0,0.7610326566637248,O|HPP|WY
2025-03-06,exit,defense,20.0,0.646954986760812,HEI|LHX|AXON
2025-03-06,exit,aerospace,16.0,0.6657105030891438,ASTS|GD|HEI
2025-03-06,exit,real_estate_reits,30.0,0.5862753751103266,O|HPP|WY
2025-03-06,enter,pharma_largecap,1.0,0.7680935569285083,SNY|GSK|AMGN
2025-03-06,enter,copper_metals,2.0,0.765666372462489,MT|TMC|RIO
2025-03-06,enter,managed_care_insurance,3.0,0.7632391879964695,ALHC|MOH|CI
2025-03-07,exit,copper_metals,16.0,0.6529126213592233,MT|TMC|RIO
2025-03-07,exit,managed_care_insurance,20.0,0.6438658428949691,ALHC|MOH|CI
2025-03-07,enter,pharma,1.0,0.8135481023830539,GILD|AMGN|BMY
2025-03-07,enter,biotech,3.0,0.7394086496028244,BIIB|MRNA|AMGN
2025-03-10,exit,pharma,2.0,0.7649784538705154,GILD|AMGN|BMY
2025-03-10,enter,pharma,2.0,0.7649784538705154,BMY|AMGN|ABBV
2025-03-10,enter,energy,3.0,0.7298946056798711,ENPH|XOM|CVX
2025-03-11,exit,pharma_largecap,33.0,0.5672472872644203,SNY|GSK|AMGN
2025-03-11,exit,biotech,38.0,0.5497767509475104,BIIB|MRNA|AMGN
2025-03-11,exit,pharma,34.0,0.5602253257878614,BMY|AMGN|ABBV
2025-03-11,enter,copper_metals,1.0,0.8982010279840092,EXK|ASM|HMY
2025-03-11,enter,gold_silver_miners,2.0,0.8635195472716889,EXK|AG|SVM
2025-03-11,enter,china_internet,3.0,0.8330953740719588,XPEV|NIO|YMM
2025-03-12,exit,energy,11.0,0.6434245366284201,ENPH|XOM|CVX
2025-03-12,exit,china_internet,44.0,0.5390556045895851,XPEV|NIO|YMM
2025-03-12,enter,silver,1.0,0.8349514563106797,AG|SVM|SLV
2025-03-13,exit,copper_metals,2.0,0.8475286849073257,EXK|ASM|HMY
2025-03-13,enter,copper_metals,2.0,0.8475286849073257,ASM|TGB|EXK
2025-03-14,exit,gold_silver_miners,18.0,0.672550750220653,EXK|AG|SVM
2025-03-14,exit,silver,35.0,0.5884819064430715,AG|SVM|SLV
2025-03-14,exit,copper_metals,16.0,0.6780670785525155,ASM|TGB|EXK
2025-03-14,enter,gold,1.0,0.7751544571932922,FNV|PAAS|AEM
2025-03-14,enter,oil_gas,2.0,0.7742718446601943,YPF|COP|AR
2025-03-14,enter,oil_services,3.0,0.7504413062665489,AROC|NBR|PTEN
2025-03-17,exit,gold,6.0,0.752647837599294,FNV|PAAS|AEM
2025-03-17,exit,oil_gas,11.0,0.6778464254192409,YPF|COP|AR
2025-03-17,exit,oil_services,24.0,0.6147396293027361,AROC|NBR|PTEN
2025-03-17,enter,gold_silver_miners,1.0,0.8684907325684024,AG|BTG|EXK
2025-03-17,enter,silver,2.0,0.7978817299205648,AG|SVM|WPM
2025-03-17,enter,copper,3.0,0.7886142983230362,HBM|RIO|TECK
2025-03-18,enter,copper_metals,2.0,0.8511629718083172,ASM|TGB|EXK
2025-03-18,enter,natural_gas,3.0,0.8067338144436945,CTRA|AR|WMB
2025-03-19,exit,gold_silver_miners,9.0,0.7153574580759047,AG|BTG|EXK
2025-03-19,exit,silver,34.0,0.5827449249779346,AG|SVM|WPM
2025-03-19,exit,copper,27.0,0.619593998234775,HBM|RIO|TECK
2025-03-19,exit,copper_metals,18.0,0.6610767872903796,ASM|TGB|EXK
2025-03-19,exit,natural_gas,5.0,0.7460282436010591,CTRA|AR|WMB
2025-03-19,enter,oil_gas,1.0,0.7722859664607237,CVX|MGY|AR
2025-03-19,enter,energy,2.0,0.7614739629302737,CVX|CTRA|BP
2025-03-19,enter,fintech_payments,3.0,0.7594880847308032,STNE|PAGS|MQ
2025-03-20,exit,fintech_payments,13.0,0.6882171226831421,STNE|PAGS|MQ
2025-03-20,enter,nuclear,1.0,0.8329655781112092,OKLO|DNN|SMR
2025-03-21,exit,oil_gas,4.0,0.7197186023570946,CVX|MGY|AR
2025-03-21,exit,energy,13.0,0.6680987487669383,CVX|CTRA|BP
2025-03-21,exit,nuclear,54.0,0.541275115518405,OKLO|DNN|SMR
2025-03-21,enter,streaming_entertainment,1.0,0.7945589533253726,ROKU|SONY|WBD
2025-03-21,enter,lithium_battery_materials,2.0,0.7692227817870309,AMPX|ENVX|LAR
2025-03-21,enter,digital_ads_media,3.0,0.730011422044546,ROKU|SNAP|WBD
2025-03-24,exit,streaming_entertainment,44.0,0.5412621359223302,ROKU|SONY|WBD
2025-03-24,exit,lithium_battery_materials,32.0,0.6072374227714034,AMPX|ENVX|LAR
2025-03-24,exit,digital_ads_media,47.0,0.5375110326566637,ROKU|SNAP|WBD
2025-03-24,enter,electronics_components,1.0,0.7881729920564872,COHR|APH|JBL
2025-03-24,enter,fintech,2.0,0.7691968225948808,HOOD|SOFI|COIN
2025-03-24,enter,payments,3.0,0.766107678729038,XYZ|AFRM|COF
2025-03-25,exit,electronics_components,36.0,0.5745807590467784,COHR|APH|JBL
2025-03-25,exit,payments,23.0,0.6242277140335392,XYZ|AFRM|COF
2025-03-25,enter,fintech_payments,1.0,0.7747131509267432,HOOD|AFRM|STNE
2025-03-25,enter,aerospace,2.0,0.7539717563989407,LUNR|BA|GE
2025-03-25,enter,digital_ads_media,3.0,0.7502206531332745,TTD|APP|PINS
2025-03-26,exit,fintech,33.0,0.6076787290379523,HOOD|SOFI|COIN
2025-03-26,exit,fintech_payments,48.0,0.5185348631950574,HOOD|AFRM|STNE
2025-03-26,exit,aerospace,22.0,0.6447484554280671,LUNR|BA|GE
2025-03-26,exit,digital_ads_media,10.0,0.688217122683142,TTD|APP|PINS
2025-03-26,enter,restaurants_food,1.0,0.8592233009708738,EAT|BROS|DRI
2025-03-26,enter,consumer_staples,2.0,0.824801412180053,DLTR|DG|MDLZ
2025-03-26,enter,retail_consumer,3.0,0.7764783759929391,GME|DLTR|KMX
2025-03-27,enter,autos,3.0,0.7839805825242718,RIVN|TSLA|MBLY
2025-03-28,exit,restaurants_food,12.0,0.707855251544572,EAT|BROS|DRI
2025-03-28,exit,consumer_staples,3.0,0.7634598411297441,DLTR|DG|MDLZ
2025-03-28,exit,autos,53.0,0.47903795233892327,RIVN|TSLA|MBLY
2025-03-28,enter,defense,2.0,0.7654457193292145,TDG|HEI|GD
2025-03-28,enter,consumer_staples,3.0,0.7634598411297441,DLTR|MDLZ|PEP
2025-03-31,exit,retail_consumer,15.0,0.6937334510150044,GME|DLTR|KMX
2025-03-31,exit,defense,22.0,0.6606354810238305,TDG|HEI|GD
2025-03-31,enter,insurance,2.0,0.796999117387467,CB|AIG|PGR
2025-03-31,enter,restaurants,3.0,0.7747131509267431,SBUX|MCD|YUM
2025-04-01,exit,consumer_staples,5.0,0.7149161518093556,DLTR|MDLZ|PEP
2025-04-01,exit,insurance,10.0,0.6588702559576346,CB|AIG|PGR
2025-04-01,enter,oil_services,1.0,0.7897175639894088,RIG|FTI|HP
2025-04-01,enter,additive_manufacturing,2.0,0.7605913503971756,VELO|SSYS|NNDM
2025-04-01,enter,retail_consumer,3.0,0.737422771403354,OLLI|DLTR|KMX
2025-04-02,exit,restaurants,54.0,0.4905119152691968,SBUX|MCD|YUM
2025-04-02,exit,oil_services,15.0,0.6359223300970874,RIG|FTI|HP
2025-04-02,enter,homebuilders_housing,3.0,0.7292586054721977,HD|LOW|BLDR
2025-04-03,exit,additive_manufacturing,30.0,0.6138570167696381,VELO|SSYS|NNDM
2025-04-03,exit,retail_consumer,24.0,0.6394527802294793,OLLI|DLTR|KMX
2025-04-03,exit,homebuilders_housing,41.0,0.5540600176522507,HD|LOW|BLDR
2025-04-03,enter,consumer_staples,1.0,0.8334068843777581,DG|KR|KO
2025-04-03,enter,datacenter_reits_towers,2.0,0.7833186231244484,AMT|SBAC|COR
2025-04-03,enter,managed_care,3.0,0.7800088261253308,MOH|CNC|ELV
2025-04-04,exit,datacenter_reits_towers,12.0,0.6736540158870257,AMT|SBAC|COR
2025-04-04,exit,managed_care,19.0,0.6189320388349515,MOH|CNC|ELV
2025-04-04,enter,homebuilders_housing,1.0,0.8261253309796999,DHI|BLD|BLDR
2025-04-04,enter,consumer_internet_marketplaces,3.0,0.7436010591350397,RKT|Z|ETSY
2025-04-07,exit,consumer_staples,19.0,0.6120917917034422,DG|KR|KO
2025-04-07,exit,homebuilders_housing,50.0,0.5024271844660194,DHI|BLD|BLDR
2025-04-07,exit,consumer_internet_marketplaces,29.0,0.5701676963812886,RKT|Z|ETSY
2025-04-07,enter,diagnostics_tools,1.0,0.7107237422771404,EXAS|PACB|ILMN
2025-04-07,enter,gaming_sports_betting,2.0,0.703442188879082,DKNG|SGHC|FLUT
2025-04-07,enter,additive_manufacturing,3.0,0.6946160635481022,VELO|DDD|SSYS
2025-04-08,exit,diagnostics_tools,17.0,0.6376875551632832,EXAS|PACB|ILMN
2025-04-08,exit,gaming_sports_betting,12.0,0.7025595763459841,DKNG|SGHC|FLUT
2025-04-08,exit,additive_manufacturing,15.0,0.66306266548985,VELO|DDD|SSYS
2025-04-08,enter,defense,1.0,0.8203883495145634,LMT|MRCY|LHX
2025-04-08,enter,defense_aerospace,2.0,0.819947043248014,AVAV|LMT|MRCY
2025-04-08,enter,managed_care,3.0,0.7952338923212708,HUM|UNH|ALHC
2025-04-09,exit,defense,5.0,0.7082965578111209,LMT|MRCY|LHX
2025-04-09,exit,defense_aerospace,50.0,0.4997793468667255,AVAV|LMT|MRCY
2025-04-09,exit,managed_care,37.0,0.5394969108561342,HUM|UNH|ALHC
2025-04-09,enter,semicap_equipment,1.0,0.735216240070609,AEHR|ONTO|FORM
2025-04-09,enter,mega_cap_platforms,2.0,0.7252868490732567,AVGO|NVDA|MSFT
2025-04-09,enter,aerospace,3.0,0.711827007943513,ASTS|RKLB|LHX
2025-04-10,exit,mega_cap_platforms,13.0,0.6423212709620477,AVGO|NVDA|MSFT
2025-04-10,exit,aerospace,11.0,0.6520300088261253,ASTS|RKLB|LHX
2025-04-10,enter,gold_silver_miners,1.0,0.8148720211827006,HMY|IAG|NEM
2025-04-10,enter,gold,2.0,0.7725066195939982,AEM|NEM|GLD
2025-04-10,enter,managed_care_insurance,3.0,0.7319064430714917,UNH|HUM|ALHC
2025-04-11,exit,semicap_equipment,15.0,0.6504854368932039,AEHR|ONTO|FORM
2025-04-11,exit,managed_care_insurance,64.0,0.44020300088261255,UNH|HUM|ALHC
2025-04-11,enter,copper_metals,1.0,0.8477493380406,ASM|CRML|HMY
2025-04-11,enter,silver,3.0,0.782656663724625,WPM|FNV|PAAS
2025-04-14,exit,gold_silver_miners,3.0,0.7691968225948809,HMY|IAG|NEM
2025-04-14,exit,gold,20.0,0.6502647837599295,AEM|NEM|GLD
2025-04-14,exit,copper_metals,4.0,0.7513239187996469,ASM|CRML|HMY
2025-04-14,enter,biotech_innovation,2.0,0.7744924977934687,ABSI|RXRX|DNA
2025-04-14,enter,gold_silver_miners,3.0,0.7691968225948809,USAS|BTG|PAAS
2025-04-15,exit,silver,6.0,0.7356575463371581,WPM|FNV|PAAS
2025-04-15,exit,biotech_innovation,15.0,0.6619593998234775,ABSI|RXRX|DNA
2025-04-15,exit,gold_silver_miners,1.0,0.7894969108561343,USAS|BTG|PAAS
2025-04-15,enter,gold_silver_miners,1.0,0.7894969108561343,USAS|AU|HMY
2025-04-15,enter,workflow_software,2.0,0.7469108561341572,HUBS|TEAM|NOW
2025-04-15,enter,ai_infrastructure,3.0,0.7466902030008826,AMD|ARM|NVDA
2025-04-16,exit,workflow_software,50.0,0.49338040600176525,HUBS|TEAM|NOW
2025-04-16,exit,ai_infrastructure,93.0,0.21006178287731683,AMD|ARM|NVDA
2025-04-16,enter,silver,2.0,0.8757722859664608,FNV|PAAS|WPM
2025-04-16,enter,copper_metals,3.0,0.8574580759046778,USAS|IAG|CRML
2025-04-17,exit,gold_silver_miners,21.0,0.6593115622241835,USAS|AU|HMY
2025-04-17,exit,silver,42.0,0.5789938217122683,FNV|PAAS|WPM
2025-04-17,exit,copper_metals,8.0,0.7515445719329213,USAS|IAG|CRML
2025-04-17,enter,oil_services,1.0,0.8181818181818182,LBRT|NBR|HAL
2025-04-17,enter,oil_exploration,2.0,0.8051632833186231,FANG|DVN|APA
2025-04-17,enter,oil_gas,3.0,0.7994263018534864,LBRT|FANG|CRGY
2025-04-21,exit,oil_services,40.0,0.5571491615180936,LBRT|NBR|HAL
2025-04-21,exit,oil_exploration,43.0,0.5364077669902914,FANG|DVN|APA
2025-04-21,exit,oil_gas,25.0,0.6440864960282436,LBRT|FANG|CRGY
2025-04-21,enter,gold_silver_miners,1.0,0.8680494263018534,AEM|BTG|USAS
2025-04-21,enter,biotech_innovation,2.0,0.856134157105031,CMPS|NTLA|BEAM
2025-04-21,enter,gold,3.0,0.7981023830538393,GLD|AEM|FNV
2025-04-22,exit,gold_silver_miners,72.0,0.39783759929391005,AEM|BTG|USAS
2025-04-22,exit,biotech_innovation,26.0,0.6295233892321271,CMPS|NTLA|BEAM
2025-04-22,exit,gold,43.0,0.5611209179170344,GLD|AEM|FNV
2025-04-22,enter,airlines_travel,1.0,0.7833186231244484,HTZ|UBER|RCL
2025-04-22,enter,transport_logistics,2.0,0.7674315975286848,HTZ|UBER|LYFT
2025-04-22,enter,gaming_sports_betting,3.0,0.7610326566637245,SRAD|SGHC|U
2025-04-23,exit,gaming_sports_betting,24.0,0.6224624889673434,SRAD|SGHC|U
2025-04-23,enter,digital_ads_media,3.0,0.7619152691968225,MGNI|NFLX|RDDT
2025-04-24,exit,airlines_travel,23.0,0.6480582524271845,HTZ|UBER|RCL
2025-04-24,exit,transport_logistics,9.0,0.7069726390114739,HTZ|UBER|LYFT
2025-04-24,exit,digital_ads_media,15.0,0.6804942630185349,MGNI|NFLX|RDDT
2025-04-24,enter,semis,1.0,0.810458958517211,MCHP|ON|INTC
2025-04-24,enter,semicap_equipment,2.0,0.7850838481906443,ICHR|COHU|ENTG
2025-04-24,enter,industrial_automation,3.0,0.7755957634598412,APH|DD|DOW
2025-04-25,exit,semis,12.0,0.7111650485436893,MCHP|ON|INTC
2025-04-25,exit,semicap_equipment,15.0,0.6968225948808473,ICHR|COHU|ENTG
2025-04-25,exit,industrial_automation,36.0,0.5917917034421889,APH|DD|DOW
2025-04-25,enter,ai_apps_agents,1.0,0.8128861429832305,RDDT|TEM|SOUN
2025-04-25,enter,workflow_software,2.0,0.7996469549867609,NOW|HUBS|TEAM
2025-04-25,enter,data_centers,3.0,0.7903795233892321,VRT|CORZ|SMCI
2025-04-28,exit,ai_apps_agents,8.0,0.6994704324801412,RDDT|TEM|SOUN
2025-04-28,exit,workflow_software,40.0,0.5465578111209178,NOW|HUBS|TEAM
2025-04-28,exit,data_centers,14.0,0.6270962047661076,VRT|CORZ|SMCI
2025-04-28,enter,nuclear,1.0,0.8177405119152692,NNE|NXE|SMR
2025-04-28,enter,ai_apps,2.0,0.8018534863195056,RDDT|SOUN|APP
2025-04-28,enter,nuclear_uranium,3.0,0.7714033539276258,NNE|BW|NXE
2025-04-29,exit,nuclear,17.0,0.6412180052956753,NNE|NXE|SMR
2025-04-29,exit,ai_apps,3.0,0.7462488967343337,RDDT|SOUN|APP
2025-04-29,exit,nuclear_uranium,22.0,0.6310679611650484,NNE|BW|NXE
2025-04-29,enter,fintech,1.0,0.804721977052074,SOFI|AFRM|HOOD
2025-04-29,enter,fintech_payments,2.0,0.7703000882612532,SOFI|FOUR|UPST
2025-04-29,enter,ai_apps,3.0,0.7462488967343337,APP|SNAP|DUOL
2025-04-30,exit,fintech,28.0,0.6109885260370697,SOFI|AFRM|HOOD
2025-04-30,exit,fintech_payments,41.0,0.5525154457193292,SOFI|FOUR|UPST
2025-04-30,exit,ai_apps,55.0,0.5052956751985879,APP|SNAP|DUOL
2025-04-30,enter,semis,1.0,0.7738305383936452,MCHP|MPWR|AVGO
2025-04-30,enter,datacenter_infra,2.0,0.7656663724624889,TT|FLS|CARR
2025-04-30,enter,obesity_glp1_health,3.0,0.7577228596646072,HIMS|NVO|LLY
2025-05-01,exit,semis,91.0,0.27316857899382174,MCHP|MPWR|AVGO
2025-05-01,exit,obesity_glp1_health,20.0,0.6551191526919683,HIMS|NVO|LLY
2025-05-01,enter,data_centers,2.0,0.7903795233892322,CORZ|VRT|EQIX
2025-05-01,enter,dev_tools,3.0,0.7883936451897617,DDOG|PTC|CDNS
2025-05-02,exit,datacenter_infra,15.0,0.7016769638128861,TT|FLS|CARR
2025-05-02,exit,data_centers,50.0,0.5030891438658428,CORZ|VRT|EQIX
2025-05-02,exit,dev_tools,93.0,0.2030008826125331,DDOG|PTC|CDNS
2025-05-02,enter,drones_autonomy,1.0,0.793468667255075,AUR|UMAC|ACHR
2025-05-02,enter,obesity_glp1_health,2.0,0.7733892321270962,HIMS|NVO|SG
2025-05-02,enter,space_satellites,3.0,0.7685348631950575,SATL|LPTH|ASTS
2025-05-05,exit,drones_autonomy,79.0,0.35083848190644307,AUR|UMAC|ACHR
2025-05-05,exit,obesity_glp1_health,12.0,0.7244042365401588,HIMS|NVO|SG
2025-05-05,exit,space_satellites,56.0,0.4799205648720211,SATL|LPTH|ASTS
2025-05-05,enter,cybersecurity,1.0,0.8206090026478376,SAIL|RBRK|ZS
2025-05-05,enter,ai_apps_agents,2.0,0.809135039717564,DUOL|SAIL|MSFT
2025-05-05,enter,datacenter_infra,3.0,0.8042806707855251,APG|CARR|PWR
2025-05-06,exit,cybersecurity,44.0,0.542586054721977,SAIL|RBRK|ZS
2025-05-06,exit,ai_apps_agents,55.0,0.4944836716681377,DUOL|SAIL|MSFT
2025-05-06,exit,datacenter_infra,11.0,0.706531332744925,APG|CARR|PWR
2025-05-06,enter,gold_silver_miners,1.0,0.7625772285966461,EGO|KGC|IAG
2025-05-06,enter,additive_manufacturing,2.0,0.7586054721977052,VELO|DDD|SSYS
2025-05-06,enter,uranium,3.0,0.752206531332745,CCJ|DNN|UEC
2025-05-07,exit,gold_silver_miners,74.0,0.3762135922330097,EGO|KGC|IAG
2025-05-07,enter,electronics_components,1.0,0.8256840247131509,LITE|FLEX|MTSI
2025-05-07,enter,travel,2.0,0.8011915269196823,DIS|MAR|HLT
2025-05-07,enter,medtech_devices,3.0,0.7954545454545454,IRTC|TNDM|ATEC
2025-05-08,exit,additive_manufacturing,6.0,0.7557369814651369,VELO|DDD|SSYS
2025-05-08,exit,uranium,51.0,0.5000000000000001,CCJ|DNN|UEC
2025-05-08,exit,electronics_components,41.0,0.5679611650485438,LITE|FLEX|MTSI
2025-05-08,exit,travel,43.0,0.5613415710503089,DIS|MAR|HLT
2025-05-08,exit,medtech_devices,11.0,0.7224183583406883,IRTC|TNDM|ATEC
2025-05-08,enter,apparel_beauty_lifestyle,1.0,0.8009708737864079,FIGS|CROX|DECK
2025-05-08,enter,transport_logistics,2.0,0.7963371579876435,DAL|ALK|KNX
2025-05-08,enter,airlines_travel,3.0,0.7897175639894087,TRIP|DAL|ALK
2025-05-09,exit,apparel_beauty_lifestyle,55.0,0.48190644307149155,FIGS|CROX|DECK
2025-05-09,exit,transport_logistics,41.0,0.5668578993821712,DAL|ALK|KNX
2025-05-09,exit,airlines_travel,23.0,0.656001765225066,TRIP|DAL|ALK
2025-05-09,enter,gold_silver_miners,1.0,0.8283318623124448,CDE|PAAS|HL
2025-05-09,enter,solar,2.0,0.8195057369814652,SEDG|RUN|ARRY
2025-05-09,enter,energy,3.0,0.7903795233892321,SEDG|ENPH|FSLR
2025-05-12,exit,gold_silver_miners,88.0,0.26522506619594,CDE|PAAS|HL
2025-05-12,exit,solar,32.0,0.6067961165048543,SEDG|RUN|ARRY
2025-05-12,exit,energy,39.0,0.5688437775816416,SEDG|ENPH|FSLR
2025-05-12,enter,additive_manufacturing,1.0,0.8166372462488968,VELO|DDD|SSYS
2025-05-12,enter,semis,2.0,0.8036187113857016,MCHP|TXN|MPWR
2025-05-12,enter,industrial_automation,3.0,0.7447043248014121,ROK|TEX|AGCO
2025-05-13,exit,additive_manufacturing,48.0,0.5540600176522507,VELO|DDD|SSYS
2025-05-13,exit,industrial_automation,36.0,0.5915710503089144,ROK|TEX|AGCO
2025-05-13,enter,solar,1.0,0.7654457193292145,RUN|FSLR|ARRY
2025-05-13,enter,cloud_neocloud,2.0,0.7623565754633715,NBIS|HUT|IREN
2025-05-13,enter,semis_compute,3.0,0.7455869373345102,AAOI|ALAB|CRDO
2025-05-14,exit,semis,19.0,0.6464747417060381,MCHP|TXN|MPWR
2025-05-14,exit,cloud_neocloud,9.0,0.7015861066403614,NBIS|HUT|IREN
2025-05-14,exit,semis_compute,8.0,0.7102434972223666,AAOI|ALAB|CRDO
2025-05-14,enter,renewables_storage,1.0,0.8418306422304137,RUN|ARRY|FSLR
2025-05-14,enter,quantum_computing,3.0,0.8284746378692696,QBTS|QUBT|RGTI
2025-05-15,exit,solar,1.0,0.7506619593998235,RUN|FSLR|ARRY
2025-05-15,exit,renewables_storage,4.0,0.7224183583406883,RUN|ARRY|FSLR
2025-05-15,exit,quantum_computing,33.0,0.5639894086496029,QBTS|QUBT|RGTI
2025-05-15,enter,solar,1.0,0.7506619593998235,ARRY|RUN|NXT
2025-05-15,enter,aerospace,2.0,0.7444836716681377,LUNR|SPIR|RKLB
2025-05-15,enter,retail_consumer,3.0,0.7330097087378641,AAP|FIVE|BLMN
2025-05-16,exit,solar,30.0,0.5818623124448368,ARRY|RUN|NXT
2025-05-16,exit,retail_consumer,12.0,0.6683583406884377,AAP|FIVE|BLMN
2025-05-16,enter,cloud_neocloud,1.0,0.7857458075904677,CRWV|NBIS|APLD
2025-05-16,enter,cloud,3.0,0.7162400706090026,NET|ZS|MDB
2025-05-19,exit,cloud,29.0,0.6191526919682261,NET|ZS|MDB
2025-05-19,enter,defense,1.0,0.7934686672550751,RKLB|LHX|HWM
2025-05-19,enter,quantum_computing,3.0,0.7566195939982348,ARQQ|QUBT|QBTS
2025-05-20,exit,aerospace,19.0,0.6767431597528685,LUNR|SPIR|RKLB
2025-05-20,exit,cloud_neocloud,13.0,0.722197705207414,CRWV|NBIS|APLD
2025-05-20,exit,quantum_computing,18.0,0.6954986760812003,ARQQ|QUBT|QBTS
2025-05-20,enter,gold_silver_miners,1.0,0.8415710503089145,BTG|EGO|AEM
2025-05-20,enter,retail_consumer,2.0,0.7954545454545454,WOOF|DG|CHWY
2025-05-20,enter,pharma_largecap,3.0,0.7943512797881729,GILD|BIIB|REGN
2025-05-21,exit,defense,10.0,0.7356575463371581,RKLB|LHX|HWM
2025-05-21,exit,retail_consumer,18.0,0.6798323036187114,WOOF|DG|CHWY
2025-05-21,exit,pharma_largecap,17.0,0.6811562224183583,GILD|BIIB|REGN
2025-05-21,enter,copper_metals,2.0,0.7932480141218007,EXK|ASM|IAG
2025-05-21,enter,cloud_neocloud,3.0,0.7830979699911738,CRWV|CLSK|CIFR
2025-05-22,exit,gold_silver_miners,16.0,0.644748455428067,BTG|EGO|AEM
2025-05-22,exit,copper_metals,13.0,0.6518093556928509,EXK|ASM|IAG
2025-05-22,enter,crypto_infrastructure,1.0,0.8428949691085613,IREN|WULF|SBET
2025-05-22,enter,cybersecurity,3.0,0.7969991173874671,RBRK|CHKP|NET
2025-05-23,exit,cloud_neocloud,25.0,0.6427625772285966,CRWV|CLSK|CIFR
2025-05-23,exit,crypto_infrastructure,47.0,0.5194174757281553,IREN|WULF|SBET
2025-05-23,exit,cybersecurity,37.0,0.5633274492497794,RBRK|CHKP|NET
2025-05-23,enter,copper_metals,1.0,0.8779788172992056,TMC|ASM|EQX
2025-05-23,enter,utilities_yield,2.0,0.8495145631067961,CEG|GEV|FCEL
2025-05-23,enter,gold_silver_miners,3.0,0.8327449249779347,EXK|BTG|EGO
2025-05-27,exit,copper_metals,12.0,0.6924095322153575,TMC|ASM|EQX
2025-05-27,exit,utilities_yield,66.0,0.4373345101500442,CEG|GEV|FCEL
2025-05-27,exit,gold_silver_miners,9.0,0.7027802294792586,EXK|BTG|EGO
2025-05-27,enter,defense,1.0,0.7614739629302737,RKLB|KTOS|LHX
2025-05-27,enter,cybersecurity,2.0,0.7491173874669019,RBRK|CRWD|BB
2025-05-27,enter,uranium,3.0,0.7442630185348631,LEU|UEC|UUUU
2025-05-28,exit,defense,3.0,0.7566195939982348,RKLB|KTOS|LHX
2025-05-28,exit,cybersecurity,45.0,0.5214033539276257,RBRK|CRWD|BB
2025-05-28,exit,uranium,4.0,0.7424977934686674,LEU|UEC|UUUU
2025-05-28,enter,gold_silver_miners,1.0,0.7961165048543688,CDE|BTG|USAS
2025-05-28,enter,space_satellites,2.0,0.7625772285966461,RKLB|LPTH|RDW
2025-05-28,enter,defense,3.0,0.7566195939982348,RKLB|HEI|LHX
2025-05-29,exit,gold_silver_miners,86.0,0.29589585172109445,CDE|BTG|USAS
2025-05-29,exit,space_satellites,21.0,0.6270962047661077,RKLB|LPTH|RDW
2025-05-29,exit,defense,17.0,0.6339364518976169,RKLB|HEI|LHX
2025-05-29,enter,oil_services,1.0,0.731244483671668,LBRT|BORR|NBR
2025-05-29,enter,regional_banks,2.0,0.7221977052074139,KEY|HBAN|COF
2025-05-29,enter,semis_compute,3.0,0.7188879082082965,NVDA|NVTS|CRDO
2025-05-30,exit,oil_services,75.0,0.3857016769638129,LBRT|BORR|NBR
2025-05-30,exit,regional_banks,72.0,0.41593115622241833,KEY|HBAN|COF
2025-05-30,exit,semis_compute,89.0,0.25022065313327446,NVDA|NVTS|CRDO
2025-05-30,enter,utilities_yield,1.0,0.76081200353045,PEG|NEE|FCEL
2025-05-30,enter,business_apps,2.0,0.747793468667255,VEEV|DOCU|AI
2025-05-30,enter,insurance,3.0,0.7385260370697263,ALL|AIG|CB
2025-06-02,exit,utilities_yield,87.0,0.293909973521624,PEG|NEE|FCEL
2025-06-02,exit,business_apps,27.0,0.6193733451015004,VEEV|DOCU|AI
2025-06-02,exit,insurance,13.0,0.692188879082083,ALL|AIG|CB
2025-06-02,enter,gold_silver_miners,1.0,0.8175198587819947,FSM|AG|SVM
2025-06-02,enter,space_satellites,2.0,0.7947925860547219,ONDS|LPTH|BA
2025-06-02,enter,silver,3.0,0.7676522506619594,AG|SVM|HL
2025-06-03,exit,gold_silver_miners,18.0,0.6310679611650485,FSM|AG|SVM
2025-06-03,exit,silver,35.0,0.5615622241835834,AG|SVM|HL
2025-06-03,enter,oil_services,1.0,0.8455428067078551,NBR|BORR|HP
2025-06-03,enter,drones_autonomy,2.0,0.7555163283318623,ONDS|UMAC|AVAV
2025-06-03,enter,semis,3.0,0.7338923212709622,ON|AVGO|MCHP
2025-06-04,exit,space_satellites,10.0,0.7325684024713153,ONDS|LPTH|BA
2025-06-04,exit,oil_services,33.0,0.5995145631067961,NBR|BORR|HP
2025-06-04,exit,drones_autonomy,17.0,0.6796116504854369,ONDS|UMAC|AVAV
2025-06-04,enter,gold_silver_miners,1.0,0.7747131509267432,USAS|AG|HL
2025-06-04,enter,copper_metals,2.0,0.7738305383936452,USAS|CLF|CENX
2025-06-04,enter,cloud_neocloud,3.0,0.7685348631950574,APLD|CRWV|CORZ
2025-06-05,exit,semis,28.0,0.6008384819064431,ON|AVGO|MCHP
2025-06-05,exit,cloud_neocloud,22.0,0.6315092674315976,APLD|CRWV|CORZ
2025-06-05,enter,silver,2.0,0.866946160635481,AG|HL|PAAS
2025-06-06,exit,gold_silver_miners,9.0,0.7100617828773168,USAS|AG|HL
2025-06-06,exit,copper_metals,11.0,0.6950573698146515,USAS|CLF|CENX
2025-06-06,exit,silver,13.0,0.6882171226831421,AG|HL|PAAS
2025-06-06,enter,cloud_neocloud,1.0,0.8468667255075023,APLD|NBIS|HUT
2025-06-06,enter,biotech_innovation,2.0,0.8137687555163283,RXRX|BEAM|PACB
2025-06-06,enter,drones_autonomy,3.0,0.8027360988526038,UMAC|AVAV|ONDS
2025-06-09,exit,biotech_innovation,21.0,0.6842453662842013,RXRX|BEAM|PACB
2025-06-09,exit,drones_autonomy,11.0,0.7493380406001765,UMAC|AVAV|ONDS
2025-06-09,enter,semicap_equipment,1.0,0.8400264783759929,AEHR|ACLS|ENTG
2025-06-09,enter,semis,2.0,0.8373786407766989,ARM|ON|MCHP
2025-06-09,enter,memory,3.0,0.831200353045013,MU|SNDK|MRAM
2025-06-10,exit,cloud_neocloud,12.0,0.691306266548985,APLD|NBIS|HUT
2025-06-10,exit,memory,18.0,0.6425419240953222,MU|SNDK|MRAM
2025-06-10,enter,biotech_innovation,3.0,0.8210503089143867,ABCL|EDIT|RXRX
2025-06-11,exit,semicap_equipment,43.0,0.544351279788173,AEHR|ACLS|ENTG
2025-06-11,exit,semis,16.0,0.6745366284201236,ARM|ON|MCHP
2025-06-11,exit,biotech_innovation,31.0,0.6182700794351279,ABCL|EDIT|RXRX
2025-06-11,enter,nuclear_uranium,1.0,0.8537069726390114,OKLO|SMR|LEU
2025-06-11,enter,oil_gas,2.0,0.8526037069726392,LBRT|APA|OVV
2025-06-11,enter,oil_exploration,3.0,0.8389232127096207,APA|DVN|USO
2025-06-12,exit,nuclear_uranium,28.0,0.6032656663724626,OKLO|SMR|LEU
2025-06-12,enter,oil_integrated,3.0,0.7819947043248014,TTE|XOM|BP
2025-06-13,exit,oil_exploration,5.0,0.8111209179170343,APA|DVN|USO
2025-06-13,exit,oil_integrated,9.0,0.7769196822594882,TTE|XOM|BP
2025-06-13,enter,energy,1.0,0.8563548102383055,SEDG|APA|COP
2025-06-13,enter,solar,3.0,0.823477493380406,SEDG|RUN|ENPH
2025-06-16,exit,oil_gas,14.0,0.6738746690203,LBRT|APA|OVV
2025-06-16,exit,energy,6.0,0.7173433362753752,SEDG|APA|COP
2025-06-16,exit,solar,26.0,0.6242277140335393,SEDG|RUN|ENPH
2025-06-16,enter,nuclear,1.0,0.8040600176522505,OKLO|SMR|DNN
2025-06-16,enter,nuclear_uranium,2.0,0.7694174757281553,SMR|OKLO|LEU
2025-06-16,enter,digital_ads_media,3.0,0.7462488967343337,MGNI|RDDT|ROKU
2025-06-17,exit,nuclear,18.0,0.6939541041482788,OKLO|SMR|DNN
2025-06-17,exit,nuclear_uranium,32.0,0.620917917034422,SMR|OKLO|LEU
2025-06-17,exit,digital_ads_media,39.0,0.5580317740511915,MGNI|RDDT|ROKU
2025-06-17,enter,oil_gas,1.0,0.9168137687555163,APA|RRC|EQNR
2025-06-17,enter,oil_integrated,2.0,0.8587819947043248,TTE|XOM|XLE
2025-06-17,enter,oil_exploration,3.0,0.8236981465136806,USO|APA|EOG
2025-06-18,exit,oil_gas,28.0,0.6065365245833548,APA|RRC|EQNR
2025-06-18,exit,oil_integrated,36.0,0.5766315352266238,TTE|XOM|XLE
2025-06-18,exit,oil_exploration,23.0,0.6276802865894812,USO|APA|EOG
2025-06-18,enter,electronics_components,1.0,0.7962333212190438,JBL|LITE|FLEX
2025-06-18,enter,natural_gas,2.0,0.7699236799750792,EQT|AR|RRC
2025-06-18,enter,semis_compute,3.0,0.7660038419604382,CRDO|JBL|MRVL
2025-06-20,exit,electronics_components,19.0,0.6457868231140648,JBL|LITE|FLEX
2025-06-20,exit,semis_compute,21.0,0.6349229011993147,CRDO|JBL|MRVL
2025-06-20,enter,oil_exploration,2.0,0.7918072789574787,EOG|USO|OXY
2025-06-20,enter,agriculture_food_inputs,3.0,0.7914438502673797,ADM|CF|BG
2025-06-23,exit,natural_gas,75.0,0.3362753751103265,EQT|AR|RRC
2025-06-23,exit,oil_exploration,92.0,0.19417475728155337,EOG|USO|OXY
2025-06-23,exit,agriculture_food_inputs,66.0,0.41394527802294795,ADM|CF|BG
2025-06-23,enter,fintech_payments,1.0,0.7941306266548985,COIN|UPST|SOFI
2025-06-23,enter,mega_banks,2.0,0.7780229479258606,WFC|GS|BAC
2025-06-23,enter,transport_logistics,3.0,0.7753751103265667,GXO|HTZ|AAL
2025-06-24,exit,transport_logistics,25.0,0.6445278022947927,GXO|HTZ|AAL
2025-06-24,enter,semis_compute,3.0,0.7797881729920563,VISN|AMD|ARM
2025-06-25,exit,fintech_payments,15.0,0.6924095322153575,COIN|UPST|SOFI
2025-06-25,enter,diagnostics_tools,1.0,0.8459841129744042,TXG|WGS|ILMN
2025-06-25,enter,ai_infrastructure,3.0,0.8181818181818182,AMD|SMCI|ARM
2025-06-26,exit,mega_banks,2.0,0.7952338923212708,WFC|GS|BAC
2025-06-26,exit,semis_compute,24.0,0.6679170344218888,VISN|AMD|ARM
2025-06-26,exit,diagnostics_tools,12.0,0.7323477493380406,TXG|WGS|ILMN
2025-06-26,exit,ai_infrastructure,11.0,0.737422771403354,AMD|SMCI|ARM
2025-06-26,enter,regional_banks,1.0,0.8139894086496028,KEY|FITB|PNC
2025-06-26,enter,mega_banks,2.0,0.7952338923212708,GS|C|WFC
2025-06-26,enter,aerospace,3.0,0.7674315975286848,RKLB|GD|LUNR
2025-06-27,exit,regional_banks,10.0,0.7087378640776699,KEY|FITB|PNC
2025-06-27,exit,mega_banks,26.0,0.6165048543689321,GS|C|WFC
2025-06-27,enter,airlines_travel,1.0,0.8111209179170342,RCL|CCL|HTZ
2025-06-27,enter,construction_infrastructure,2.0,0.7749338040600177,JHX|PWR|URI
2025-06-27,enter,asset_managers,3.0,0.750882612533098,BX|KKR|GS
2025-06-30,exit,aerospace,46.0,0.5370697263901147,RKLB|GD|LUNR
2025-06-30,exit,airlines_travel,43.0,0.5469991173874669,RCL|CCL|HTZ
2025-06-30,exit,construction_infrastructure,74.0,0.39872021182700795,JHX|PWR|URI
2025-06-30,exit,asset_managers,11.0,0.6696822594880848,BX|KKR|GS
2025-06-30,enter,data_centers,1.0,0.7897175639894087,CORZ|CSCO|SMCI
2025-06-30,enter,cloud_neocloud,2.0,0.7665489849955869,CORZ|IREN|CIFR
2025-06-30,enter,networking,3.0,0.7305825242718446,HPE|ANET|MRVL
2025-07-01,exit,data_centers,51.0,0.5196381288614298,CORZ|CSCO|SMCI
2025-07-01,exit,cloud_neocloud,27.0,0.6412180052956752,CORZ|IREN|CIFR
2025-07-01,exit,networking,54.0,0.5101500441306266,HPE|ANET|MRVL
2025-07-01,enter,solar,1.0,0.8581200353045012,RUN|SEDG|FSLR
2025-07-01,enter,homebuilders_housing,2.0,0.819947043248014,JHX|BLDR|FND
2025-07-01,enter,regional_banks,3.0,0.8124448367166816,KEY|PNC|HBAN
2025-07-02,exit,solar,28.0,0.6286407766990292,RUN|SEDG|FSLR
2025-07-02,exit,homebuilders_housing,18.0,0.7102824360105913,JHX|BLDR|FND
2025-07-02,enter,lithium_battery_materials,1.0,0.8601059135039718,ENVX|LAR|QS
2025-07-02,enter,copper_metals,2.0,0.8598852603706972,VALE|AA|CLF
2025-07-02,enter,copper,3.0,0.852603706972639,FCX|HBM|SCCO
2025-07-03,exit,lithium_battery_materials,34.0,0.5628861429832304,ENVX|LAR|QS
2025-07-03,exit,copper_metals,62.0,0.4362312444836717,VALE|AA|CLF
2025-07-03,exit,copper,93.0,0.24139452780229476,FCX|HBM|SCCO
2025-07-03,enter,cloud_neocloud,1.0,0.8371579876434244,CIFR|IREN|WULF
2025-07-03,enter,solar,2.0,0.8164165931156222,SEDG|RUN|FSLR
2025-07-07,exit,regional_banks,29.0,0.6096646072374229,KEY|PNC|HBAN
2025-07-07,exit,cloud_neocloud,3.0,0.7440423654015887,CIFR|IREN|WULF
2025-07-07,exit,solar,8.0,0.7177846425419241,SEDG|RUN|FSLR
2025-07-07,enter,gold_silver_miners,1.0,0.796999117387467,USAS|SVM|CDE
2025-07-07,enter,crypto_infrastructure,2.0,0.7835392762577229,IREN|BMNR|SBET
2025-07-07,enter,cloud_neocloud,3.0,0.7440423654015887,IREN|CIFR|HUT
2025-07-08,exit,gold_silver_miners,62.0,0.4199029126213592,USAS|SVM|CDE
2025-07-08,exit,crypto_infrastructure,20.0,0.6791703442188879,IREN|BMNR|SBET
2025-07-08,exit,cloud_neocloud,69.0,0.39364518976169466,IREN|CIFR|HUT
2025-07-08,enter,biotech,1.0,0.8426743159752867,MRNA|NTLA|CRSP
2025-07-08,enter,homebuilders_housing,2.0,0.8155339805825244,BLD|FND|BLDR
2025-07-08,enter,oil_services,3.0,0.8071491615180936,NBR|HP|RIG
2025-07-09,exit,homebuilders_housing,10.0,0.7345542806707854,BLD|FND|BLDR
2025-07-09,exit,oil_services,35.0,0.5653133274492498,NBR|HP|RIG
2025-07-09,enter,biotech_innovation,1.0,0.8907766990291264,EDIT|BEAM|CRSP
2025-07-09,enter,renewables_storage,3.0,0.809576345984113,AMPX|ENVX|PLUG
2025-07-10,exit,biotech,5.0,0.7775816416593115,MRNA|NTLA|CRSP
2025-07-10,exit,biotech_innovation,9.0,0.7405119152691968,EDIT|BEAM|CRSP
2025-07-10,exit,renewables_storage,19.0,0.687775816416593,AMPX|ENVX|PLUG
2025-07-10,enter,homebuilders_housing,1.0,0.8146513680494262,BLD|HAYW|MTH
2025-07-10,enter,airlines_travel,2.0,0.810017652250662,DAL|UAL|AAL
2025-07-10,enter,asset_managers_alts,3.0,0.7945719329214475,CG|BX|KKR
2025-07-11,exit,homebuilders_housing,39.0,0.5792793728259177,BLD|HAYW|MTH
2025-07-11,exit,airlines_travel,41.0,0.5726078604433831,DAL|UAL|AAL
2025-07-11,exit,asset_managers_alts,28.0,0.6240979180727896,CG|BX|KKR
2025-07-11,enter,gold_silver_miners,1.0,0.8315508021390373,USAS|EXK|AG
2025-07-11,enter,copper_metals,2.0,0.8240875343959295,ASM|USAS|CENX
2025-07-11,enter,space_satellites,3.0,0.7984009137635637,ONDS|LPTH|SPCE
2025-07-14,exit,gold_silver_miners,84.0,0.34730803177405123,USAS|EXK|AG
2025-07-14,exit,copper_metals,51.0,0.5066195939982348,ASM|USAS|CENX
2025-07-14,enter,drones_autonomy,1.0,0.7894969108561343,ONDS|UMAC|KTOS
2025-07-14,enter,lithium_battery_materials,3.0,0.7680935569285084,AMPX|QS|SGML
2025-07-15,exit,space_satellites,11.0,0.7402912621359223,ONDS|LPTH|SPCE
2025-07-15,enter,nuclear_uranium,1.0,0.7976610767872905,UUUU|OKLO|SMR
2025-07-15,enter,aerospace,2.0,0.7910414827890556,RKLB|GE|TDG
2025-07-16,exit,drones_autonomy,6.0,0.7465993458283577,ONDS|UMAC|KTOS
2025-07-16,exit,lithium_battery_materials,17.0,0.6502258449717045,AMPX|QS|SGML
2025-07-16,exit,aerospace,22.0,0.6347152276621152,RKLB|GE|TDG
2025-07-16,enter,rare_earth_critical_minerals,1.0,0.8567961165048543,MP|CRML|UUUU
2025-07-16,enter,nuclear,3.0,0.8241524323763043,UEC|SMR|LEU
2025-07-17,exit,nuclear_uranium,18.0,0.7043248014121799,UUUU|OKLO|SMR
2025-07-17,exit,nuclear,12.0,0.7429390997352162,UEC|SMR|LEU
2025-07-17,enter,china_internet,2.0,0.794351279788173,NIO|LI|KWEB
2025-07-17,enter,defense_aerospace,3.0,0.7864077669902911,ASTS|KTOS|AVAV
2025-07-18,exit,rare_earth_critical_minerals,12.0,0.7035719848398319,MP|CRML|UUUU
2025-07-18,exit,defense_aerospace,37.0,0.570453247494938,ASTS|KTOS|AVAV
2025-07-18,enter,nuclear_uranium,1.0,0.8099267950781371,UUUU|SMR|OKLO
2025-07-18,enter,consumer_internet_marketplaces,2.0,0.8079279372825917,OPEN|BILI|SHOP
2025-07-18,enter,ai_apps,3.0,0.7859664607237423,RXRX|AI|SOUN
2025-07-21,exit,china_internet,4.0,0.7288172992056487,NIO|LI|KWEB
2025-07-21,exit,nuclear_uranium,34.0,0.5631067961165049,UUUU|SMR|OKLO
2025-07-21,exit,ai_apps,13.0,0.6652691968225949,RXRX|AI|SOUN
2025-07-21,enter,consumer_internet,1.0,0.789496910856134,PINS|BABA|NTES
2025-07-21,enter,renewables_storage,3.0,0.7330097087378642,STEM|QS|PLUG
2025-07-22,exit,consumer_internet_marketplaces,6.0,0.7442630185348631,OPEN|BILI|SHOP
2025-07-22,exit,consumer_internet,41.0,0.5648720211827009,PINS|BABA|NTES
2025-07-22,enter,homebuilders_housing,1.0,0.7877316857899382,DHI|PHM|TOL
2025-07-22,enter,biotech,2.0,0.7839805825242719,RXRX|NTLA|CRSP
2025-07-22,enter,real_estate_reits,3.0,0.7833186231244484,ABR|CCI|MPT
2025-07-23,exit,renewables_storage,45.0,0.5542806707855251,STEM|QS|PLUG
2025-07-23,exit,homebuilders_housing,21.0,0.6226831421006178,DHI|PHM|TOL
2025-07-23,exit,real_estate_reits,57.0,0.49955869373345096,ABR|CCI|MPT
2025-07-23,enter,oil_services,1.0,0.7987643424536628,BKR|LBRT|RIG
2025-07-23,enter,china_internet,2.0,0.7550750220653134,FUTU|NIO|TIGR
2025-07-23,enter,obesity_glp1_health,3.0,0.7511032656663726,SG|HIMS|WW
2025-07-24,exit,biotech,21.0,0.6436451897616946,RXRX|NTLA|CRSP
2025-07-24,exit,china_internet,26.0,0.6361429832303619,FUTU|NIO|TIGR
2025-07-24,exit,obesity_glp1_health,11.0,0.6963812886142984,SG|HIMS|WW
2025-07-24,enter,uranium,1.0,0.7969991173874669,DNN|UUUU|UEC
2025-07-24,enter,diagnostics_tools,2.0,0.7674315975286848,TMO|TECH|TXG
2025-07-24,enter,nuclear,3.0,0.7665489849955869,OKLO|SMR|DNN
2025-07-25,exit,oil_services,34.0,0.6105472197705207,BKR|LBRT|RIG
2025-07-25,exit,uranium,42.0,0.5370697263901147,DNN|UUUU|UEC
2025-07-25,exit,diagnostics_tools,10.0,0.7175639894086496,TMO|TECH|TXG
2025-07-25,exit,nuclear,31.0,0.6204766107678729,OKLO|SMR|DNN
2025-07-25,enter,datacenter_infra,1.0,0.8040600176522507,VRT|GEV|PWR
2025-07-25,enter,industrial_automation,2.0,0.7917034421888791,CRH|PCAR|CAT
2025-07-25,enter,power_grid_electrification,3.0,0.7855251544571933,BE|VRT|GEV
2025-07-28,exit,datacenter_infra,15.0,0.6743159752868491,VRT|GEV|PWR
2025-07-28,exit,industrial_automation,37.0,0.5862753751103266,CRH|PCAR|CAT
2025-07-28,exit,power_grid_electrification,9.0,0.7111650485436894,BE|VRT|GEV
2025-07-28,enter,oil_gas,1.0,0.8170785525154457,OVV|LBRT|MGY
2025-07-28,enter,homebuilders_housing,2.0,0.8155339805825245,TREX|BLDR|DHI
2025-07-28,enter,oil_exploration,3.0,0.7866284201235659,APA|FANG|COP
2025-07-29,exit,homebuilders_housing,63.0,0.4333627537511032,TREX|BLDR|DHI
2025-07-29,enter,oil_services,2.0,0.7932480141218006,BKR|FTI|LBRT
2025-07-29,enter,electronics_components,3.0,0.7928067078552514,CLS|SANM|GLW
2025-07-30,exit,oil_gas,26.0,0.6385701676963813,OVV|LBRT|MGY
2025-07-30,exit,oil_exploration,40.0,0.5831862312444837,APA|FANG|COP
2025-07-30,exit,oil_services,70.0,0.39783759929391005,BKR|FTI|LBRT
2025-07-30,exit,electronics_components,7.0,0.7283759929390997,CLS|SANM|GLW
2025-07-30,enter,power_grid_electrification,1.0,0.7709620476610769,GNRC|VRT|AEP
2025-07-30,enter,natural_gas,2.0,0.7674315975286848,KMI|LNG|CTRA
2025-07-30,enter,utilities_yield,3.0,0.763018534863195,BE|AEP|CEG
2025-07-31,exit,natural_gas,5.0,0.7352162400706089,KMI|LNG|CTRA
2025-07-31,enter,datacenter_infra,2.0,0.8590026478375993,GNRC|XYL|APG
2025-08-01,exit,power_grid_electrification,3.0,0.7846425419240953,GNRC|VRT|AEP
2025-08-01,exit,datacenter_infra,28.0,0.5875992939099736,GNRC|XYL|APG
2025-08-01,enter,medtech_devices,2.0,0.8201676963812886,ATEC|IRTC|NVST
2025-08-01,enter,power_grid_electrification,3.0,0.7846425419240953,AEP|D|GNRC
2025-08-04,exit,utilities_yield,1.0,0.8323036187113857,BE|AEP|CEG
2025-08-04,exit,medtech_devices,24.0,0.631288614298323,ATEC|IRTC|NVST
2025-08-04,exit,power_grid_electrification,10.0,0.6846866725507502,AEP|D|GNRC
2025-08-04,enter,utilities_yield,1.0,0.8323036187113857,NRG|CEG|PCG
2025-08-04,enter,electronics_components,2.0,0.7981023830538393,SANM|GLW|ROG
2025-08-04,enter,drones_autonomy,3.0,0.7197705207413945,ONDS|JOBY|AXON
2025-08-05,exit,utilities_yield,15.0,0.6924095322153575,NRG|CEG|PCG
2025-08-05,exit,electronics_components,52.0,0.497793468667255,SANM|GLW|ROG
2025-08-05,exit,drones_autonomy,20.0,0.6597528684907324,ONDS|JOBY|AXON
2025-08-05,enter,gold_silver_miners,1.0,0.8420123565754635,KGC|AU|EGO
2025-08-05,enter,homebuilders_housing,2.0,0.8148720211827009,BLD|MAS|HAYW
2025-08-05,enter,space_satellites,3.0,0.8102383053839364,ONDS|VSAT|LPTH
2025-08-06,exit,homebuilders_housing,16.0,0.646513680494263,BLD|MAS|HAYW
2025-08-06,exit,space_satellites,27.0,0.6156222418358341,ONDS|VSAT|LPTH
2025-08-06,enter,gaming_sports_betting,2.0,0.7903795233892321,TCEHY|RBLX|EA
2025-08-06,enter,ai_apps_agents,3.0,0.7819947043248014,ZETA|RDDT|PLTR
2025-08-07,exit,gold_silver_miners,4.0,0.778243601059135,KGC|AU|EGO
2025-08-07,exit,gaming_sports_betting,61.0,0.43248014121800527,TCEHY|RBLX|EA
2025-08-07,exit,ai_apps_agents,15.0,0.6584289496910856,ZETA|RDDT|PLTR
2025-08-07,enter,silver,1.0,0.8033980582524272,HL|PAAS|SVM
2025-08-07,enter,consumer_staples,2.0,0.7815533980582525,DG|WMT|KR
2025-08-07,enter,gold,3.0,0.7806707855251542,PAAS|AEM|NEM
2025-08-08,exit,consumer_staples,45.0,0.5375110326566638,DG|WMT|KR
2025-08-08,exit,gold,9.0,0.7045454545454547,PAAS|AEM|NEM
2025-08-08,enter,gold_silver_miners,2.0,0.7855251544571933,CDE|HL|PAAS
2025-08-08,enter,space_satellites,3.0,0.7707413945278023,ONDS|GSAT|VSAT
2025-08-11,exit,silver,11.0,0.6809355692850839,HL|PAAS|SVM
2025-08-11,exit,space_satellites,58.0,0.47639011473962933,ONDS|GSAT|VSAT
2025-08-11,enter,rare_earth_critical_minerals,1.0,0.8495145631067961,LAR|CRML|ALB
2025-08-11,enter,cloud_neocloud,2.0,0.822153574580759,NBIS|CRWV|WULF
2025-08-12,exit,gold_silver_miners,17.0,0.6879964695498675,CDE|HL|PAAS
2025-08-12,exit,rare_earth_critical_minerals,54.0,0.46844660194174753,LAR|CRML|ALB
2025-08-12,exit,cloud_neocloud,28.0,0.6120917917034421,NBIS|CRWV|WULF
2025-08-12,enter,semis_compute,1.0,0.808693733451015,LITE|EXTR|COHR
2025-08-12,enter,construction_infrastructure,2.0,0.8053839364518974,CRH|ROAD|DY
2025-08-12,enter,semis,3.0,0.7828773168578993,INTC|LRCX|AVGO
2025-08-13,exit,semis_compute,38.0,0.5639894086496028,LITE|EXTR|COHR
2025-08-13,exit,construction_infrastructure,10.0,0.6994704324801412,CRH|ROAD|DY
2025-08-13,exit,semis,30.0,0.5889232127096206,INTC|LRCX|AVGO
2025-08-13,enter,homebuilders_housing,1.0,0.8067078552515445,LEN|BLDR|CCS
2025-08-13,enter,semicap_equipment,2.0,0.7989849955869373,ICHR|ACLS|ONTO
2025-08-13,enter,diagnostics_tools,3.0,0.7921447484554281,GH|WGS|TXG
2025-08-14,exit,homebuilders_housing,37.0,0.5803177405119152,LEN|BLDR|CCS
2025-08-14,exit,semicap_equipment,35.0,0.5984112974404235,ICHR|ACLS|ONTO
2025-08-14,exit,diagnostics_tools,10.0,0.6902030008826124,GH|WGS|TXG
2025-08-14,enter,crypto_infrastructure,1.0,0.7667696381288615,WULF|HUT|BMNR
2025-08-14,enter,biotech_innovation,2.0,0.7325684024713153,CAI|GH|ARQT
2025-08-14,enter,banks_brokers_exchanges,3.0,0.7263901147396294,VLY|COLB|JEF
2025-08-15,exit,crypto_infrastructure,23.0,0.6423212709620476,WULF|HUT|BMNR
2025-08-15,exit,biotech_innovation,8.0,0.7484554280670784,CAI|GH|ARQT
2025-08-15,exit,banks_brokers_exchanges,68.0,0.41151809355692853,VLY|COLB|JEF
2025-08-15,enter,consumer_internet_marketplaces,1.0,0.8265666372462489,JMIA|OPEN|CHWY
2025-08-15,enter,solar,2.0,0.8122241835834069,ARRY|RUN|SEDG
2025-08-15,enter,managed_care_insurance,3.0,0.7985436893203883,UNH|CI|CLOV
2025-08-18,exit,consumer_internet_marketplaces,9.0,0.734333627537511,JMIA|OPEN|CHWY
2025-08-18,exit,managed_care_insurance,10.0,0.7186672550750222,UNH|CI|CLOV
2025-08-18,enter,crypto_infrastructure,1.0,0.7844218887908209,WULF|HUT|CIFR
2025-08-18,enter,managed_care,3.0,0.7667696381288613,UNH|CVS|CNC
2025-08-19,exit,solar,18.0,0.6875551632833186,ARRY|RUN|SEDG
2025-08-19,exit,crypto_infrastructure,68.0,0.3872462488967343,WULF|HUT|CIFR
2025-08-19,exit,managed_care,12.0,0.7213150926743159,UNH|CVS|CNC
2025-08-19,enter,homebuilders_housing,1.0,0.8426743159752869,LEN|DHI|PHM
2025-08-19,enter,pharma_largecap,2.0,0.8020741394527804,MRK|BIIB|NVO
2025-08-19,enter,pharma,3.0,0.7848631950573698,MRK|NVO|XLV
2025-08-20,exit,homebuilders_housing,89.0,0.25242718446601947,LEN|DHI|PHM
2025-08-20,exit,pharma,16.0,0.7032215357458075,MRK|NVO|XLV
2025-08-20,enter,cloud_neocloud,1.0,0.8170785525154458,CIFR|WULF|IREN
2025-08-20,enter,medtech,2.0,0.7994263018534864,EW|JNJ|BSX
2025-08-20,enter,real_estate_reits,3.0,0.7725066195939982,O|MPT|PLD
2025-08-21,exit,cloud_neocloud,72.0,0.40180935569285087,CIFR|WULF|IREN
2025-08-21,exit,medtech,32.0,0.5767872903795234,EW|JNJ|BSX
2025-08-21,exit,real_estate_reits,15.0,0.6480582524271845,O|MPT|PLD
2025-08-21,enter,china_internet,1.0,0.8005295675198588,NIO|XPEV|PDD
2025-08-21,enter,agriculture_food_inputs,3.0,0.7819947043248013,ADM|DAR|CALM
2025-08-22,exit,pharma_largecap,73.0,0.3636363636363636,MRK|BIIB|NVO
2025-08-22,exit,agriculture_food_inputs,25.0,0.6213592233009707,ADM|DAR|CALM
2025-08-22,enter,airlines_travel,1.0,0.8045013239187996,HTZ|CCL|PK
2025-08-22,enter,transport_logistics,3.0,0.7928067078552514,HTZ|XPO|LYFT
2025-08-25,exit,airlines_travel,22.0,0.6323918799646955,HTZ|CCL|PK
2025-08-25,exit,transport_logistics,16.0,0.6504854368932039,HTZ|XPO|LYFT
2025-08-25,enter,agriculture_food_inputs,2.0,0.8530450132391881,DAR|BG|ADM
2025-08-25,enter,oil_exploration,3.0,0.8367166813768755,APA|DVN|COP
2025-08-26,exit,china_internet,21.0,0.6707855251544572,NIO|XPEV|PDD
2025-08-26,exit,agriculture_food_inputs,45.0,0.5489849955869375,DAR|BG|ADM
2025-08-26,exit,oil_exploration,52.0,0.5099293909973521,APA|DVN|COP
2025-08-26,enter,defense,1.0,0.8038393645189762,RKLB|HEI|RTX
2025-08-26,enter,aerospace,2.0,0.8018534863195059,RKLB|HEI|ASTS
2025-08-26,enter,space_satellites,3.0,0.8009708737864079,LPTH|KOPN|ONDS
2025-08-27,exit,defense,74.0,0.3879082082965578,RKLB|HEI|RTX
2025-08-27,exit,aerospace,64.0,0.4611650485436893,RKLB|HEI|ASTS
2025-08-27,exit,space_satellites,18.0,0.6639452780229479,LPTH|KOPN|ONDS
2025-08-27,enter,oil_services,1.0,0.8234774933804061,BORR|HP|RIG
2025-08-27,enter,storage,2.0,0.8148720211827009,PSTG|HPE|SNDK
2025-08-27,enter,networking_optical,3.0,0.7859664607237422,LWLG|UI|LITE
2025-08-28,enter,semicap_equipment,2.0,0.793909973521624,AEHR|UCTT|CAMT
2025-08-29,exit,oil_services,15.0,0.6577669902912621,BORR|HP|RIG
2025-08-29,exit,storage,16.0,0.6546778464254192,PSTG|HPE|SNDK
2025-08-29,exit,networking_optical,17.0,0.6284201235657545,LWLG|UI|LITE
2025-08-29,exit,semicap_equipment,50.0,0.49139452780229487,AEHR|UCTT|CAMT
2025-08-29,enter,gold_silver_miners,1.0,0.792586054721977,USAS|CDE|EXK
2025-08-29,enter,silver,2.0,0.7919240953221535,HL|SVM|SLV
2025-08-29,enter,uranium,3.0,0.7850838481906444,DNN|NXE|UUUU
2025-09-02,exit,uranium,22.0,0.6582082965578112,DNN|NXE|UUUU
2025-09-02,enter,storage,2.0,0.7958958517210943,HPQ|PSTG|SNDK
2025-09-03,exit,gold_silver_miners,3.0,0.7824360105913503,USAS|CDE|EXK
2025-09-03,exit,silver,11.0,0.7285966460723742,HL|SVM|SLV
2025-09-03,enter,memory_storage,2.0,0.7844218887908208,WDC|STX|PSTG
2025-09-03,enter,gold_silver_miners,3.0,0.7824360105913503,USAS|CDE|HL
2025-09-04,exit,gold_silver_miners,32.0,0.5772285966460724,USAS|CDE|HL
2025-09-04,enter,travel,2.0,0.7771403353927626,HLT|TCOM|EXPE
2025-09-05,exit,storage,8.0,0.7528684907325683,HPQ|PSTG|SNDK
2025-09-05,exit,memory_storage,22.0,0.6500441306266548,WDC|STX|PSTG
2025-09-05,exit,travel,86.0,0.2610326566637246,HLT|TCOM|EXPE
2025-09-05,enter,gold_silver_miners,1.0,0.8654015887025597,HMY|CDE|AEM
2025-09-05,enter,silver,2.0,0.8272285966460722,HL|SVM|PAAS
2025-09-05,enter,biotech_innovation,3.0,0.8080317740511914,TVTX|NAMS|BEAM
2025-09-08,exit,biotech_innovation,14.0,0.6738746690203001,TVTX|NAMS|BEAM
2025-09-08,enter,consumer_internet_marketplaces,3.0,0.7766990291262135,BIDU|CPNG|RKT
2025-09-09,exit,gold_silver_miners,62.0,0.4538834951456311,HMY|CDE|AEM
2025-09-09,exit,silver,63.0,0.43887908208296555,HL|SVM|PAAS
2025-09-09,exit,consumer_internet_marketplaces,18.0,0.6734333627537511,BIDU|CPNG|RKT
2025-09-09,enter,ai_apps_agents,1.0,0.7837599293909974,APP|RBRK|GOOGL
2025-09-09,enter,biotech_innovation,2.0,0.7654457193292145,ARQT|TVTX|ROIV
2025-09-09,enter,networking_optical,3.0,0.763901147396293,CIEN|CRDO|GLW
2025-09-10,exit,ai_apps_agents,22.0,0.6365842894969109,APP|RBRK|GOOGL
2025-09-10,exit,biotech_innovation,53.0,0.49426301853486315,ARQT|TVTX|ROIV
2025-09-10,enter,electronics_components,1.0,0.8488526037069726,LITE|GLW|CLS
2025-09-10,enter,memory,3.0,0.8097969991173875,MU|SNDK|WDC
2025-09-11,exit,networking_optical,14.0,0.6562224183583406,CIEN|CRDO|GLW
2025-09-11,exit,electronics_components,54.0,0.4907325684024713,LITE|GLW|CLS
2025-09-11,enter,memory_storage,2.0,0.762577228596646,MU|RMBS|STX
2025-09-11,enter,ai_apps,3.0,0.7471315092674317,APP|DUOL|RDDT
2025-09-12,exit,memory,3.0,0.7848631950573698,MU|SNDK|WDC
2025-09-12,exit,memory_storage,20.0,0.6725507502206532,MU|RMBS|STX
2025-09-12,exit,ai_apps,19.0,0.6802736098852604,APP|DUOL|RDDT
2025-09-12,enter,utilities_yield,1.0,0.797440423654016,FCEL|BE|NRG
2025-09-12,enter,gold_silver_miners,2.0,0.7919240953221537,GOLD|AG|HL
2025-09-12,enter,memory,3.0,0.7848631950573698,MU|SNDK|RMBS
2025-09-15,exit,utilities_yield,17.0,0.7027802294792586,FCEL|BE|NRG
2025-09-15,exit,gold_silver_miners,21.0,0.6873345101500441,GOLD|AG|HL
2025-09-15,enter,nuclear_uranium,2.0,0.8067078552515445,OKLO|BW|NNE
2025-09-15,enter,uranium,3.0,0.8029567519858781,CCJ|UUUU|LEU
2025-09-16,exit,memory,5.0,0.7707413945278023,MU|SNDK|RMBS
2025-09-16,exit,nuclear_uranium,17.0,0.6683583406884378,OKLO|BW|NNE
2025-09-16,exit,uranium,78.0,0.41107678729037955,CCJ|UUUU|LEU
2025-09-16,enter,crypto_infrastructure,1.0,0.8347308031774051,BMNR|CIFR|BTDR
2025-09-16,enter,renewables_storage,2.0,0.7981023830538394,AMPX|STEM|PLUG
2025-09-16,enter,energy,3.0,0.789055604589585,OKLO|APA|OXY
2025-09-17,exit,energy,35.0,0.5842894969108562,OKLO|APA|OXY
2025-09-17,enter,china_internet,2.0,0.8084730803177405,BIDU|NIO|BABA
2025-09-17,enter,quantum_computing,3.0,0.807369814651368,IONQ|QBTS|RGTI
2025-09-18,exit,crypto_infrastructure,14.0,0.6788328747209386,BMNR|CIFR|BTDR
2025-09-18,exit,renewables_storage,10.0,0.7138518249312081,AMPX|STEM|PLUG
2025-09-18,exit,china_internet,57.0,0.4749234203831576,BIDU|NIO|BABA
2025-09-18,enter,semicap_equipment,1.0,0.8506308083692437,CAMT|ASML|FORM
2025-09-18,enter,advanced_packaging,3.0,0.7954675250506203,CAMT|FORM|AMKR
2025-09-19,exit,advanced_packaging,16.0,0.6361429832303619,CAMT|FORM|AMKR
2025-09-19,enter,renewables_storage,1.0,0.8195057369814651,PLUG|AMPX|QS
2025-09-19,enter,nuclear,3.0,0.8060458958517212,OKLO|NNE|LEU
2025-09-22,exit,quantum_computing,19.0,0.6679170344218888,IONQ|QBTS|RGTI
2025-09-22,exit,nuclear,12.0,0.7427184466019418,OKLO|NNE|LEU
2025-09-22,enter,advanced_packaging,3.0,0.8117828773168579,FORM|TER|AMAT
2025-09-23,exit,semicap_equipment,10.0,0.7336716681376876,CAMT|ASML|FORM
2025-09-23,exit,renewables_storage,12.0,0.7100617828773168,PLUG|AMPX|QS
2025-09-23,exit,advanced_packaging,13.0,0.6672550750220654,FORM|TER|AMAT
2025-09-23,enter,uranium,1.0,0.8175198587819947,DNN|UUUU|LEU
2025-09-23,enter,space_satellites,2.0,0.810458958517211,ASTS|ONDS|PL
2025-09-23,enter,quantum_computing,3.0,0.8084730803177407,RGTI|QUBT|QBTS
2025-09-24,exit,uranium,16.0,0.6824801412180055,DNN|UUUU|LEU
2025-09-24,exit,space_satellites,40.0,0.5553839364518975,ASTS|ONDS|PL
2025-09-24,enter,energy,1.0,0.7974404236540158,HAL|BKR|OKLO
2025-09-24,enter,biotech,2.0,0.7894969108561343,NTLA|RXRX|CRSP
2025-09-24,enter,semis,3.0,0.7855251544571933,INTC|MRVL|TER
2025-09-25,exit,quantum_computing,16.0,0.6926431649447069,RGTI|QUBT|QBTS
2025-09-25,exit,energy,11.0,0.7361767301801567,HAL|BKR|OKLO
2025-09-25,exit,biotech,69.0,0.40955817454960797,NTLA|RXRX|CRSP
2025-09-25,exit,semis,26.0,0.623461917865116,INTC|MRVL|TER
2025-09-25,enter,gold_silver_miners,1.0,0.8250999428897774,USAS|EXK|AG
2025-09-25,enter,rare_earth_critical_minerals,2.0,0.8146513680494263,LAC|LAR|UUUU
2025-09-25,enter,uranium,3.0,0.7959347905093194,UUUU|LEU|DNN
2025-09-26,exit,rare_earth_critical_minerals,32.0,0.5904677846425418,LAC|LAR|UUUU
2025-09-26,exit,uranium,31.0,0.5939982347749339,UUUU|LEU|DNN
2025-09-26,enter,silver,2.0,0.8199470432480142,AG|SLV|SVM
2025-09-26,enter,oil_gas,3.0,0.8042806707855251,DVN|WMB|CRGY
2025-09-29,exit,gold_silver_miners,2.0,0.8528243601059134,USAS|EXK|AG
2025-09-29,exit,oil_gas,11.0,0.6487202118270079,DVN|WMB|CRGY
2025-09-29,enter,copper_metals,1.0,0.8592233009708736,USAS|TGB|CENX
2025-09-29,enter,gold_silver_miners,2.0,0.8528243601059134,USAS|IAG|BTG
2025-09-29,enter,copper,3.0,0.8067078552515445,HBM|SCCO|TECK
2025-09-30,exit,silver,13.0,0.6714474845542806,AG|SLV|SVM
2025-09-30,exit,copper_metals,26.0,0.6337157987643425,USAS|TGB|CENX
2025-09-30,exit,gold_silver_miners,3.0,0.7305825242718447,USAS|IAG|BTG
2025-09-30,exit,copper,16.0,0.6663724624889674,HBM|SCCO|TECK
2025-09-30,enter,pharma_largecap,1.0,0.7599293909973522,GSK|PFE|ABBV
2025-09-30,enter,pharma,2.0,0.7409532215357457,PFE|JNJ|ABBV
2025-09-30,enter,gold_silver_miners,3.0,0.7305825242718447,USAS|FSM|IAG
2025-10-01,exit,gold_silver_miners,7.0,0.7718446601941747,USAS|FSM|IAG
2025-10-01,enter,biotech_innovation,3.0,0.8137687555163283,ABCL|DFTX|ARQT
2025-10-02,exit,pharma_largecap,23.0,0.6323918799646956,GSK|PFE|ABBV
2025-10-02,exit,pharma,38.0,0.5701676963812886,PFE|JNJ|ABBV
2025-10-02,enter,memory,2.0,0.7817740511915268,MRAM|SNDK|WDC
2025-10-02,enter,space_satellites,3.0,0.778243601059135,ASTS|ONDS|VELO
2025-10-03,exit,biotech_innovation,5.0,0.7475728155339806,ABCL|DFTX|ARQT
2025-10-03,exit,memory,12.0,0.7142541924095323,MRAM|SNDK|WDC
2025-10-03,exit,space_satellites,15.0,0.6915269196822595,ASTS|ONDS|VELO
2025-10-03,enter,crypto_infrastructure,1.0,0.7698587819947043,CIFR|CLSK|BKKT
2025-10-03,enter,pharma,2.0,0.7530891438658428,TMO|PFE|XLV
2025-10-03,enter,drones_autonomy,3.0,0.751765225066196,ONDS|UMAC|ACHR
2025-10-06,exit,crypto_infrastructure,9.0,0.7458075904677847,CIFR|CLSK|BKKT
2025-10-06,exit,pharma,31.0,0.5913503971756399,TMO|PFE|XLV
2025-10-06,exit,drones_autonomy,10.0,0.7427184466019418,ONDS|UMAC|ACHR
2025-10-06,enter,space_satellites,1.0,0.798764342453663,KOPN|BKSY|ASTS
2025-10-06,enter,renewables_storage,2.0,0.7828773168578994,PLUG|FCEL|BLDP
2025-10-06,enter,additive_manufacturing,3.0,0.7703000882612533,VELO|DDD|NNDM
2025-10-07,exit,renewables_storage,15.0,0.7105030891438657,PLUG|FCEL|BLDP
2025-10-07,enter,nuclear,3.0,0.7923654015887025,NNE|LEU|DNN
2025-10-08,exit,space_satellites,7.0,0.7513239187996468,KOPN|BKSY|ASTS
2025-10-08,exit,additive_manufacturing,4.0,0.8051632833186231,VELO|DDD|NNDM
2025-10-08,exit,nuclear,40.0,0.5558252427184466,NNE|LEU|DNN
2025-10-08,enter,copper_metals,1.0,0.8236981465136806,CRML|CLF|TMC
2025-10-08,enter,crypto_infrastructure,2.0,0.8170785525154458,CIFR|CLSK|HUT
2025-10-08,enter,aerospace,3.0,0.8084730803177407,ASTS|RKLB|SPIR
2025-10-09,exit,copper_metals,10.0,0.7082965578111209,CRML|CLF|TMC
2025-10-09,exit,aerospace,19.0,0.6460723742277139,ASTS|RKLB|SPIR
2025-10-09,enter,rare_earth_critical_minerals,1.0,0.8823918799646955,CRML|TMC|UUUU
2025-10-09,enter,cloud_neocloud,2.0,0.8755516328331863,IREN|CLSK|APLD
2025-10-09,enter,renewables_storage,3.0,0.8473080317740512,TE|LAR|PLUG
2025-10-10,exit,crypto_infrastructure,10.0,0.730803177405119,CIFR|CLSK|HUT
2025-10-10,exit,cloud_neocloud,2.0,0.8201676963812885,IREN|CLSK|APLD
2025-10-10,exit,renewables_storage,39.0,0.5198587819947044,TE|LAR|PLUG
2025-10-10,enter,copper_metals,1.0,0.8203883495145631,CRML|TMC|TGB
2025-10-10,enter,cloud_neocloud,2.0,0.8201676963812885,APLD|CLSK|CORZ
2025-10-10,enter,nuclear_uranium,3.0,0.812224183583407,UUUU|OKLO|UEC
2025-10-13,exit,rare_earth_critical_minerals,5.0,0.7740511915269197,CRML|TMC|UUUU
2025-10-13,exit,cloud_neocloud,1.0,0.820829655781112,APLD|CLSK|CORZ
2025-10-13,enter,cloud_neocloud,1.0,0.820829655781112,BE|APLD|CIFR
2025-10-13,enter,uranium,3.0,0.7919240953221537,UUUU|UEC|LEU
2025-10-14,exit,copper_metals,27.0,0.6361429832303619,CRML|TMC|TGB
2025-10-14,exit,nuclear_uranium,3.0,0.7548543689320389,UUUU|OKLO|UEC
2025-10-14,exit,cloud_neocloud,5.0,0.7515445719329213,BE|APLD|CIFR
2025-10-14,exit,uranium,11.0,0.7270520741394528,UUUU|UEC|LEU
2025-10-14,enter,additive_manufacturing,1.0,0.7828773168578994,VELO|NNDM|DDD
2025-10-14,enter,consumer_staples,2.0,0.7672109443954106,DLTR|PEP|WMT
2025-10-14,enter,nuclear_uranium,3.0,0.7548543689320389,UUUU|OKLO|SMR
2025-10-15,exit,additive_manufacturing,36.0,0.5785525154457193,VELO|NNDM|DDD
2025-10-15,exit,consumer_staples,25.0,0.6451897616946161,DLTR|PEP|WMT
2025-10-15,exit,nuclear_uranium,6.0,0.748234774933804,UUUU|OKLO|SMR
2025-10-15,enter,cloud_neocloud,1.0,0.8184024713150927,BTDR|APLD|BE
2025-10-15,enter,solar,2.0,0.8146513680494262,ARRY|NXT|SEDG
2025-10-15,enter,renewables_storage,3.0,0.7950132391879965,TE|STEM|FLNC
2025-10-16,exit,cloud_neocloud,12.0,0.6822594880847309,BTDR|APLD|BE
2025-10-16,exit,solar,43.0,0.546557811120918,ARRY|NXT|SEDG
2025-10-16,exit,renewables_storage,38.0,0.558252427184466,TE|STEM|FLNC
2025-10-16,enter,gold_silver_miners,1.0,0.8790820829655781,USAS|EXK|BTG
2025-10-16,enter,gold,2.0,0.8199470432480142,NEM|AEM|GOLD
2025-10-16,enter,silver,3.0,0.8155339805825244,AG|HL|SLV
2025-10-17,exit,gold_silver_miners,9.0,0.6716681376875553,USAS|EXK|BTG
2025-10-17,exit,gold,63.0,0.4651368049426302,NEM|AEM|GOLD
2025-10-17,exit,silver,60.0,0.47219770520741394,AG|HL|SLV
2025-10-17,enter,apparel_beauty_lifestyle,1.0,0.8038393645189762,EL|FIGS|GAP
2025-10-17,enter,retail,2.0,0.7405119152691969,DLTR|WMT|DG
2025-10-17,enter,retail_consumer,3.0,0.7365401588702559,BBY|DLTR|KSS
2025-10-20,exit,apparel_beauty_lifestyle,48.0,0.5233892321270962,EL|FIGS|GAP
2025-10-20,exit,retail,26.0,0.6178287731685789,DLTR|WMT|DG
2025-10-20,exit,retail_consumer,68.0,0.42078552515445716,BBY|DLTR|KSS
2025-10-20,enter,medtech_devices,1.0,0.8208296557811121,DDD|HOLX|ATEC
2025-10-20,enter,oil_services,2.0,0.7797881729920564,LBRT|SLB|BORR
2025-10-20,enter,mega_banks,3.0,0.7771403353927626,AXP|WFC|BAC
2025-10-21,exit,medtech_devices,5.0,0.729479258605472,DDD|HOLX|ATEC
2025-10-21,exit,oil_services,17.0,0.6818181818181818,LBRT|SLB|BORR
2025-10-21,exit,mega_banks,67.0,0.4474845542806708,AXP|WFC|BAC
2025-10-21,enter,managed_care_insurance,1.0,0.7689761694616064,CLOV|HUM|CI
2025-10-21,enter,workflow_software,2.0,0.7663283318623123,TEAM|DOCU|ZM
2025-10-21,enter,autos,3.0,0.7594880847308032,GM|F|ON
2025-10-22,exit,managed_care_insurance,31.0,0.5882612533097971,CLOV|HUM|CI
2025-10-22,exit,workflow_software,40.0,0.5520741394527803,TEAM|DOCU|ZM
2025-10-22,exit,autos,18.0,0.6500441306266549,GM|F|ON
2025-10-22,enter,oil_services,1.0,0.8300970873786407,HAL|LBRT|SLB
2025-10-22,enter,oil_integrated,2.0,0.8075904677846426,SHEL|TTE|BP
2025-10-22,enter,medtech,3.0,0.8067078552515446,ISRG|TMO|BSX
2025-10-23,exit,medtech,29.0,0.6127537511032657,ISRG|TMO|BSX
2025-10-23,enter,industrial_automation,2.0,0.8349514563106796,MMM|APH|DOW
2025-10-23,enter,diagnostics_tools,3.0,0.8047219770520742,PACB|TECH|EXAS
2025-10-24,exit,oil_services,16.0,0.668799646954987,HAL|LBRT|SLB
2025-10-24,exit,oil_integrated,66.0,0.44329214474845546,SHEL|TTE|BP
2025-10-24,exit,industrial_automation,18.0,0.646513680494263,MMM|APH|DOW
2025-10-24,enter,cloud,2.0,0.761694616063548,SNOW|ZS|ZM
2025-10-24,enter,banks_brokers_exchanges,3.0,0.7610326566637244,FLG|VLY|NWG
2025-10-27,exit,diagnostics_tools,52.0,0.5101500441306267,PACB|TECH|EXAS
2025-10-27,enter,industrial_automation,1.0,0.8161959399823479,DOW|TEX|ATI
2025-10-27,enter,networking,3.0,0.7877316857899382,QCOM|HPE|ANET
2025-10-28,exit,cloud,8.0,0.7272727272727273,SNOW|ZS|ZM
2025-10-28,exit,industrial_automation,10.0,0.707855251544572,DOW|TEX|ATI
2025-10-28,exit,networking,12.0,0.7052074139452781,QCOM|HPE|ANET
2025-10-28,enter,cloud_neocloud,1.0,0.778684907325684,WULF|NBIS|DELL
2025-10-28,enter,uranium,2.0,0.7687555163283318,CCJ|NXE|DNN
2025-10-28,enter,nuclear,3.0,0.7683142100617829,CCJ|NXE|DNN
2025-10-29,exit,banks_brokers_exchanges,42.0,0.5624448367166814,FLG|VLY|NWG
2025-10-29,exit,cloud_neocloud,11.0,0.7155781112091791,WULF|NBIS|DELL
2025-10-29,exit,uranium,15.0,0.6877758164165931,CCJ|NXE|DNN
2025-10-29,exit,nuclear,14.0,0.695278022947926,CCJ|NXE|DNN
2025-10-29,enter,memory,1.0,0.8349514563106797,SNDK|WDC|RMBS
2025-10-29,enter,networking_optical,2.0,0.822594880847308,LITE|NOK|COHR
2025-10-29,enter,datacenter_infra,3.0,0.8157546337157987,FLS|HUBB|WCC
2025-10-30,exit,memory,32.0,0.5939982347749337,SNDK|WDC|RMBS
2025-10-30,exit,networking_optical,3.0,0.7502206531332745,LITE|NOK|COHR
2025-10-30,enter,advanced_packaging,1.0,0.7621359223300972,FORM|TER|COHU
2025-10-30,enter,networking_optical,3.0,0.7502206531332745,VIAV|LITE|NOK
2025-10-31,exit,datacenter_infra,6.0,0.6979258605472198,FLS|HUBB|WCC
2025-10-31,exit,advanced_packaging,22.0,0.6315092674315976,FORM|TER|COHU
2025-10-31,exit,networking_optical,10.0,0.6681376875551633,VIAV|LITE|NOK
2025-10-31,enter,cloud,1.0,0.7751544571932922,NET|MDB|SNOW
2025-10-31,enter,oil_gas,2.0,0.7405119152691968,AESI|YPF|CVX
2025-10-31,enter,networking,3.0,0.7237422771403353,MRVL|CIEN|QCOM
2025-11-03,exit,cloud,8.0,0.7285966460723742,NET|MDB|SNOW
2025-11-03,exit,oil_gas,10.0,0.7129302736098853,AESI|YPF|CVX
2025-11-03,exit,networking,53.0,0.4880847308031774,MRVL|CIEN|QCOM
2025-11-03,enter,cloud_neocloud,1.0,0.8358340688437776,BE|WULF|CIFR
2025-11-03,enter,semicap_equipment,2.0,0.766107678729038,AMKR|TER|FORM
2025-11-03,enter,oil_services,3.0,0.7537511032656664,AESI|NBR|HP
2025-11-04,exit,cloud_neocloud,68.0,0.4293909973521624,BE|WULF|CIFR
2025-11-04,exit,semicap_equipment,21.0,0.6582082965578111,AMKR|TER|FORM
2025-11-04,exit,oil_services,54.0,0.5244924977934687,AESI|NBR|HP
2025-11-04,enter,power_grid_electrification,1.0,0.8384819064430715,BE|EMR|XEL
2025-11-04,enter,pharma_largecap,2.0,0.8289938217122683,LLY|AMGN|GILD
2025-11-04,enter,pharma,3.0,0.8137687555163284,AMGN|GILD|BMY
2025-11-05,exit,power_grid_electrification,10.0,0.716460723742277,BE|EMR|XEL
2025-11-05,exit,pharma_largecap,9.0,0.7261694616063548,LLY|AMGN|GILD
2025-11-05,enter,solar,1.0,0.7778022947925861,FSLR|SEDG|NXT
2025-11-05,enter,advanced_packaging,2.0,0.7742718446601942,TER|AMKR|ASX
2025-11-05,enter,electronics_components,3.0,0.7716240070609003,LITE|SANM|CLS
2025-11-06,exit,solar,15.0,0.6838040600176523,FSLR|SEDG|NXT
2025-11-06,exit,advanced_packaging,58.0,0.46712268314210054,TER|AMKR|ASX
2025-11-06,enter,pharma_largecap,1.0,0.8711385701676964,LLY|AMGN|BIIB
2025-11-06,enter,oil_gas,2.0,0.8503971756398943,TRGP|APA|BP
2025-11-07,exit,pharma,22.0,0.6588702559576346,AMGN|GILD|BMY
2025-11-07,exit,electronics_components,36.0,0.5889232127096204,LITE|SANM|CLS
2025-11-07,exit,pharma_largecap,25.0,0.6323918799646955,LLY|AMGN|BIIB
2025-11-07,enter,travel,1.0,0.7822153574580759,EXPE|MAR|HLT
2025-11-07,enter,transport_logistics,2.0,0.7819947043248013,LYFT|FDX|AAL
2025-11-07,enter,consumer_staples,3.0,0.7685348631950575,KO|CL|WMT
2025-11-10,exit,oil_gas,17.0,0.6657105030891438,TRGP|APA|BP
2025-11-10,exit,travel,15.0,0.6738746690203001,EXPE|MAR|HLT
2025-11-10,exit,transport_logistics,26.0,0.6032656663724626,LYFT|FDX|AAL
2025-11-10,exit,consumer_staples,40.0,0.5425860547219771,KO|CL|WMT
2025-11-10,enter,solar,1.0,0.7888349514563107,SEDG|ENPH|ARRY
2025-11-10,enter,gold_silver_miners,2.0,0.7837599293909974,HL|USAS|IAG
2025-11-10,enter,memory,3.0,0.7744924977934686,SNDK|WDC|MU
2025-11-11,exit,solar,18.0,0.6405560458958516,SEDG|ENPH|ARRY
2025-11-11,exit,gold_silver_miners,27.0,0.602603706972639,HL|USAS|IAG
2025-11-11,exit,memory,28.0,0.5928949691085613,SNDK|WDC|MU
2025-11-11,enter,pharma_largecap,1.0,0.8519417475728156,AMGN|LLY|MRK
2025-11-11,enter,pharma,2.0,0.8109002647837599,AMGN|MRK|BMY
2025-11-11,enter,oil_gas,3.0,0.7899382171226832,CRGY|AR|DVN
2025-11-12,exit,oil_gas,23.0,0.6343777581641659,CRGY|AR|DVN
2025-11-12,enter,gold_silver_miners,1.0,0.8294351279788172,AU|HL|IAG
2025-11-12,enter,copper_metals,3.0,0.7961165048543691,EQX|IAG|HMY
2025-11-13,exit,pharma,2.0,0.7828773168578993,AMGN|MRK|BMY
2025-11-13,exit,gold_silver_miners,19.0,0.6659311562224185,AU|HL|IAG
2025-11-13,exit,copper_metals,33.0,0.5679611650485438,EQX|IAG|HMY
2025-11-13,enter,pharma,2.0,0.7828773168578993,MRK|ABBV|AMGN
2025-11-13,enter,medtech_devices,3.0,0.7740511915269198,GMED|ALC|TNDM
2025-11-14,exit,pharma_largecap,4.0,0.7632391879964695,AMGN|LLY|MRK
2025-11-14,exit,pharma,10.0,0.674757281553398,MRK|ABBV|AMGN
2025-11-14,exit,medtech_devices,17.0,0.6279788172992056,GMED|ALC|TNDM
2025-11-14,enter,oil_gas,1.0,0.8212709620476611,TTE|YPF|FANG
2025-11-14,enter,oil_exploration,2.0,0.7780229479258607,DVN|COP|FANG
2025-11-14,enter,oil_integrated,3.0,0.7766990291262138,TTE|XLE|XOM
2025-11-17,exit,oil_gas,19.0,0.6738746690203,TTE|YPF|FANG
2025-11-17,exit,oil_exploration,34.0,0.5580317740511915,DVN|COP|FANG
2025-11-17,exit,oil_integrated,32.0,0.5672992056487202,TTE|XLE|XOM
2025-11-17,enter,pharma_largecap,1.0,0.8296557811120917,REGN|JNJ|MRK
2025-11-17,enter,pharma,2.0,0.8084730803177407,JNJ|MRK|AMGN
2025-11-17,enter,medtech,3.0,0.7954545454545456,JNJ|MDT|DXCM
2025-11-18,exit,pharma_largecap,3.0,0.7804501323918798,REGN|JNJ|MRK
2025-11-18,enter,oil_exploration,2.0,0.7923654015887025,DVN|FANG|OXY
2025-11-18,enter,pharma_largecap,3.0,0.7804501323918798,MRK|REGN|BIIB
2025-11-19,exit,pharma,21.0,0.6257722859664607,JNJ|MRK|AMGN
2025-11-19,exit,medtech,2.0,0.7504413062665489,JNJ|MDT|DXCM
2025-11-19,exit,oil_exploration,42.0,0.558252427184466,DVN|FANG|OXY
2025-11-19,exit,pharma_largecap,17.0,0.6418799646954987,MRK|REGN|BIIB
2025-11-19,enter,lithium_battery_materials,1.0,0.7808914386584289,SGML|LAR|ELVR
2025-11-19,enter,medtech,2.0,0.7504413062665489,JNJ|MDT|EW
2025-11-19,enter,mega_cap_platforms,3.0,0.7215357458075905,GOOGL|LLY|AVGO
2025-11-20,exit,lithium_battery_materials,39.0,0.527802294792586,SGML|LAR|ELVR
2025-11-20,exit,medtech,25.0,0.6076787290379524,JNJ|MDT|EW
2025-11-20,exit,mega_cap_platforms,9.0,0.7111650485436893,GOOGL|LLY|AVGO
2025-11-20,enter,biotech,1.0,0.8219329214474845,EXAS|REGN|BIIB
2025-11-20,enter,diagnostics_tools,2.0,0.7663283318623124,EXAS|GH|PACB
2025-11-20,enter,oil_gas,3.0,0.7616946160635482,FANG|RRC|LBRT
2025-11-21,exit,oil_gas,58.0,0.4311562224183584,FANG|RRC|LBRT
2025-11-21,enter,medtech_devices,2.0,0.8329655781112092,COO|MDT|TNDM
2025-11-21,enter,homebuilders_housing,3.0,0.8128861429832304,MTH|DHI|CCS
2025-11-24,exit,biotech,29.0,0.5814210061782876,EXAS|REGN|BIIB
2025-11-24,exit,homebuilders_housing,28.0,0.5838481906443073,MTH|DHI|CCS
2025-11-24,enter,biotech_innovation,3.0,0.7672109443954104,PACB|EXAS|WGS
2025-11-25,exit,diagnostics_tools,6.0,0.7793468667255075,EXAS|GH|PACB
2025-11-25,exit,medtech_devices,5.0,0.7822153574580758,COO|MDT|TNDM
2025-11-25,exit,biotech_innovation,10.0,0.7149161518093557,PACB|EXAS|WGS
2025-11-25,enter,homebuilders_housing,1.0,0.8300970873786407,LEN|DHI|CCS
2025-11-25,enter,regional_banks,2.0,0.8168578993821711,PNC|COF|USB
2025-11-25,enter,banks_brokers_exchanges,3.0,0.7919240953221536,FLG|BUR|VLY
2025-11-26,exit,regional_banks,39.0,0.5644307149161518,PNC|COF|USB
2025-11-26,exit,banks_brokers_exchanges,13.0,0.7142541924095321,FLG|BUR|VLY
2025-11-26,enter,copper_metals,2.0,0.8261253309796999,AA|TGB|HMY
2025-11-26,enter,construction_infrastructure,3.0,0.8256840247131509,DY|FBIN|HAYW
2025-11-28,exit,homebuilders_housing,35.0,0.5580317740511914,LEN|DHI|CCS
2025-11-28,exit,construction_infrastructure,44.0,0.5278022947925861,DY|FBIN|HAYW
2025-11-28,enter,gold_silver_miners,1.0,0.8022947925860545,EXK|HL|AG
2025-11-28,enter,crypto_infrastructure,2.0,0.7996469549867609,CLSK|CIFR|WULF
2025-11-28,enter,semis_compute,3.0,0.7793468667255075,CRDO|ADI|INTC
2025-12-01,exit,crypto_infrastructure,14.0,0.6760812003530451,CLSK|CIFR|WULF
2025-12-01,exit,semis_compute,12.0,0.707855251544572,CRDO|ADI|INTC
2025-12-01,enter,apparel_beauty_lifestyle,2.0,0.8289938217122682,AEO|FIGS|BBWI
2025-12-02,exit,copper_metals,7.0,0.723521624007061,AA|TGB|HMY
2025-12-02,exit,gold_silver_miners,11.0,0.6961606354810239,EXK|HL|AG
2025-12-02,exit,apparel_beauty_lifestyle,33.0,0.5800970873786407,AEO|FIGS|BBWI
2025-12-02,enter,semicap_equipment,1.0,0.8724624889673432,AMKR|AMAT|ONTO
2025-12-02,enter,semis,2.0,0.8446601941747572,INTC|AMAT|TER
2025-12-02,enter,advanced_packaging,3.0,0.8245807590467785,AMKR|AMAT|ONTO
2025-12-03,enter,copper_metals,3.0,0.8157546337157989,AA|VALE|TMC
2025-12-04,exit,semicap_equipment,25.0,0.6553398058252428,AMKR|AMAT|ONTO
2025-12-04,exit,semis,37.0,0.5999558693733452,INTC|AMAT|TER
2025-12-04,exit,advanced_packaging,24.0,0.6590909090909091,AMKR|AMAT|ONTO
2025-12-04,exit,copper_metals,22.0,0.674757281553398,AA|VALE|TMC
2025-12-04,enter,uranium,1.0,0.8541482789055604,UEC|NXE|UUUU
2025-12-04,enter,rare_earth_critical_minerals,2.0,0.8272285966460723,CRML|TMC|UUUU
2025-12-04,enter,nuclear_uranium,3.0,0.8175198587819947,OKLO|SMR|NNE
2025-12-05,exit,uranium,34.0,0.5741394527802294,UEC|NXE|UUUU
2025-12-05,exit,rare_earth_critical_minerals,56.0,0.48587819947043254,CRML|TMC|UUUU
2025-12-05,exit,nuclear_uranium,38.0,0.5562665489849956,OKLO|SMR|NNE
2025-12-05,enter,ai_apps_agents,1.0,0.833848190644307,PATH|IOT|RBRK
2025-12-05,enter,transport_logistics,2.0,0.7952338923212708,SAIA|ODFL|ALK
2025-12-05,enter,semis,3.0,0.7775816416593115,MCHP|MRVL|TER
2025-12-08,exit,ai_apps_agents,12.0,0.7188879082082966,PATH|IOT|RBRK
2025-12-08,exit,semis,10.0,0.7261694616063548,MCHP|MRVL|TER
2025-12-08,enter,additive_manufacturing,1.0,0.8217122683142101,VELO|DDD|SSYS
2025-12-08,enter,semis_compute,2.0,0.8071491615180936,FLEX|HIMX|COHR
2025-12-08,enter,ai_apps,3.0,0.8040600176522505,PATH|DUOL|RXRX
2025-12-09,exit,transport_logistics,34.0,0.5743601059135041,SAIA|ODFL|ALK
2025-12-09,exit,semis_compute,8.0,0.7422771403353928,FLEX|HIMX|COHR
2025-12-09,exit,ai_apps,35.0,0.5736981465136806,PATH|DUOL|RXRX
2025-12-09,enter,oil_services,1.0,0.8029567519858783,BORR|HAL|AESI
2025-12-09,enter,electronics_components,2.0,0.7886142983230363,FLEX|LITE|GLW
2025-12-09,enter,asset_managers,3.0,0.7736098852603706,KKR|GS|BX
2025-12-10,exit,additive_manufacturing,7.0,0.7360988526037071,VELO|DDD|SSYS
2025-12-10,exit,oil_services,26.0,0.6129744042365403,BORR|HAL|AESI
2025-12-10,exit,asset_managers,18.0,0.6758605472197706,KKR|GS|BX
2025-12-10,enter,regional_banks,1.0,0.8071491615180936,FITB|KEY|USB
2025-12-10,enter,space_satellites,2.0,0.792586054721977,VELO|RDW|SATL
2025-12-11,exit,electronics_components,10.0,0.7427184466019415,FLEX|LITE|GLW
2025-12-11,exit,regional_banks,8.0,0.7484554280670787,FITB|KEY|USB
2025-12-11,enter,gold_silver_miners,1.0,0.8049426301853486,USAS|HL|EGO
2025-12-11,enter,copper_metals,2.0,0.7989849955869373,USAS|ASM|FCX
2025-12-12,exit,space_satellites,5.0,0.7471315092674315,VELO|RDW|SATL
2025-12-12,exit,copper_metals,11.0,0.7259488084730802,USAS|ASM|FCX
2025-12-12,enter,defense_aerospace,1.0,0.813548102383054,VELO|FLY|GE
2025-12-12,enter,defense,2.0,0.7963371579876435,RKLB|RTX|LMT
2025-12-12,enter,insurance,3.0,0.7544130626654898,AIG|CB|PGR
2025-12-15,exit,defense_aerospace,33.0,0.6339364518976169,VELO|FLY|GE
2025-12-15,exit,defense,32.0,0.6354810238305384,RKLB|RTX|LMT
2025-12-15,enter,airlines_travel,1.0,0.8446601941747572,LUV|H|NCLH
2025-12-15,enter,apparel_beauty_lifestyle,3.0,0.8159752868490733,HLF|AEO|LULU
2025-12-16,exit,insurance,28.0,0.5953221535745807,AIG|CB|PGR
2025-12-16,exit,airlines_travel,3.0,0.7835392762577229,LUV|H|NCLH
2025-12-16,enter,transport_logistics,2.0,0.7842012356575464,LUV|AAL|KNX
2025-12-16,enter,airlines_travel,3.0,0.7835392762577229,LUV|NCLH|AAL
2025-12-17,exit,apparel_beauty_lifestyle,27.0,0.6465136804942629,HLF|AEO|LULU
2025-12-17,exit,transport_logistics,47.0,0.5514121800529567,LUV|AAL|KNX
2025-12-17,exit,airlines_travel,16.0,0.7111650485436893,LUV|NCLH|AAL
2025-12-17,enter,restaurants_food,2.0,0.7956751985878199,CMG|BROS|DRI
2025-12-17,enter,restaurants,3.0,0.792144748455428,CMG|DRI|YUM
2025-12-18,exit,gold_silver_miners,44.0,0.5110326566637245,USAS|HL|EGO
2025-12-18,enter,consumer,3.0,0.7793468667255075,SBUX|DRI|CMG
2025-12-19,exit,restaurants_food,31.0,0.6123124448367168,CMG|BROS|DRI
2025-12-19,exit,restaurants,42.0,0.5798764342453663,CMG|DRI|YUM
2025-12-19,exit,consumer,36.0,0.5959841129744042,SBUX|DRI|CMG
2025-12-19,enter,biotech,1.0,0.8133274492497794,MRNA|GILD|AMGN
2025-12-19,enter,gold_silver_miners,2.0,0.8080317740511914,IAG|HL|GOLD
2025-12-19,enter,pharma_largecap,3.0,0.8047219770520742,GILD|AMGN|LLY
2025-12-22,exit,biotech,21.0,0.6542365401588703,MRNA|GILD|AMGN
2025-12-22,exit,pharma_largecap,76.0,0.3678287731685789,GILD|AMGN|LLY
2025-12-22,enter,defense_aerospace,1.0,0.8172992056487202,VELO|FLY|HII
2025-12-22,enter,copper_metals,3.0,0.7936893203883495,AA|ASM|CENX
2025-12-23,exit,gold_silver_miners,3.0,0.7917034421888791,IAG|HL|GOLD
2025-12-23,enter,defense,2.0,0.796557811120918,RKLB|HEI|KTOS
2025-12-23,enter,gold_silver_miners,3.0,0.7917034421888791,CDE|IAG|PAAS
2025-12-24,exit,defense_aerospace,19.0,0.6142983230361871,VELO|FLY|HII
2025-12-24,exit,copper_metals,26.0,0.5946601941747574,AA|ASM|CENX
2025-12-24,exit,defense,6.0,0.7177846425419242,RKLB|HEI|KTOS
2025-12-24,exit,gold_silver_miners,34.0,0.5633274492497794,CDE|IAG|PAAS
2025-12-24,enter,rare_earth_critical_minerals,1.0,0.7513239187996471,LAR|CRML|TMC
2025-12-24,enter,renewables_storage,2.0,0.7466902030008827,ELVR|LAR|ARRY
2025-12-24,enter,solar,3.0,0.7418358340688439,ARRY|RUN|FSLR
2025-12-26,exit,rare_earth_critical_minerals,15.0,0.666151809355693,LAR|CRML|TMC
2025-12-26,exit,renewables_storage,26.0,0.6074580759046778,ELVR|LAR|ARRY
2025-12-26,enter,copper_metals,1.0,0.8956310679611651,USAS|ASM|CENX
2025-12-26,enter,gold_silver_miners,2.0,0.8918799646954988,USAS|PAAS|CDE
2025-12-26,enter,copper,3.0,0.7890556045895852,FCX|HBM|RIO
2025-12-29,exit,solar,24.0,0.6262135922330097,ARRY|RUN|FSLR
2025-12-29,exit,copper_metals,50.0,0.5163283318623124,USAS|ASM|CENX
2025-12-29,exit,gold_silver_miners,79.0,0.3437775816416593,USAS|PAAS|CDE
2025-12-29,exit,copper,27.0,0.6120917917034421,FCX|HBM|RIO
2025-12-29,enter,oil_gas,1.0,0.8402471315092673,XOM|OVV|AESI
2025-12-29,enter,oil_services,2.0,0.7917034421888791,AESI|BORR|LBRT
2025-12-29,enter,real_estate_reits,3.0,0.7766990291262136,COLD|CCI|DLR
2025-12-30,enter,natural_gas,3.0,0.797440423654016,AR|CTRA|RRC
2025-12-31,exit,oil_gas,4.0,0.7594880847308032,XOM|OVV|AESI
2025-12-31,exit,oil_services,13.0,0.6665931156222419,AESI|BORR|LBRT
2025-12-31,exit,real_estate_reits,6.0,0.7358781994704325,COLD|CCI|DLR
2025-12-31,exit,natural_gas,14.0,0.6524713150926743,AR|CTRA|RRC
2025-12-31,enter,managed_care_insurance,1.0,0.7917034421888791,MOH|CNC|ALHC
2025-12-31,enter,healthcare,2.0,0.7850838481906443,MOH|OMDA|CNC
2025-12-31,enter,managed_care,3.0,0.7797881729920565,MOH|CNC|ELV
2026-01-02,exit,managed_care_insurance,22.0,0.6537952338923211,MOH|CNC|ALHC
2026-01-02,exit,healthcare,36.0,0.5838481906443073,MOH|OMDA|CNC
2026-01-02,exit,managed_care,18.0,0.6793909973521626,MOH|CNC|ELV
2026-01-02,enter,china_internet,1.0,0.8369373345101498,BIDU|FUTU|TIGR
2026-01-02,enter,semis,2.0,0.8000882612533099,TSM|INTC|TER
2026-01-02,enter,energy,3.0,0.7733892321270961,OXY|SLB|DVN
2026-01-05,exit,china_internet,18.0,0.6890997352162401,BIDU|FUTU|TIGR
2026-01-05,exit,semis,27.0,0.6436451897616946,TSM|INTC|TER
2026-01-05,exit,energy,20.0,0.6822594880847309,OXY|SLB|DVN
2026-01-05,enter,managed_care,1.0,0.79126213592233,ALHC|OSCR|CNC
2026-01-05,enter,managed_care_insurance,2.0,0.7762577228596645,ALHC|OSCR|CNC
2026-01-05,enter,healthcare,3.0,0.7709620476610768,CNC|ALHC|OSCR
2026-01-06,exit,managed_care,20.0,0.6694616063548101,ALHC|OSCR|CNC
2026-01-06,exit,managed_care_insurance,25.0,0.6456310679611651,ALHC|OSCR|CNC
2026-01-06,enter,drones_autonomy,1.0,0.7912621359223301,UMAC|ONDS|JOBY
2026-01-06,enter,semicap_equipment,2.0,0.7868490732568403,AMKR|UCTT|CAMT
2026-01-06,enter,advanced_packaging,3.0,0.7738305383936452,AMKR|CAMT|COHU
2026-01-07,exit,healthcare,45.0,0.5302294792586055,CNC|ALHC|OSCR
2026-01-07,exit,drones_autonomy,6.0,0.734333627537511,UMAC|ONDS|JOBY
2026-01-07,exit,semicap_equipment,12.0,0.7058693733451016,AMKR|UCTT|CAMT
2026-01-07,exit,advanced_packaging,34.0,0.5957634598411297,AMKR|CAMT|COHU
2026-01-07,enter,rare_earth_critical_minerals,1.0,0.7870697263901147,CRML|UUUU|LAR
2026-01-07,enter,biotech,2.0,0.7842012356575464,MRNA|RXRX|NTLA
2026-01-07,enter,consumer_internet_marketplaces,3.0,0.7524271844660195,COMP|JMIA|QXO
2026-01-08,exit,rare_earth_critical_minerals,30.0,0.6162842012356575,CRML|UUUU|LAR
2026-01-08,exit,biotech,65.0,0.4521182700794351,MRNA|RXRX|NTLA
2026-01-08,enter,space_satellites,1.0,0.8362753751103266,SATL|ONDS|VELO
2026-01-08,enter,defense_aerospace,2.0,0.796999117387467,KTOS|SERV|DDD
2026-01-08,enter,drones_autonomy,3.0,0.7872903795233893,KTOS|ONDS|AVAV
2026-01-09,exit,consumer_internet_marketplaces,13.0,0.7402912621359223,COMP|JMIA|QXO
2026-01-09,enter,homebuilders_housing,2.0,0.8457634598411298,CCS|BLDR|TREX
2026-01-09,enter,defense,3.0,0.8323036187113858,KTOS|LHX|MRCY
2026-01-12,exit,space_satellites,5.0,0.7868490732568403,SATL|ONDS|VELO
2026-01-12,exit,defense_aerospace,7.0,0.7654457193292145,KTOS|SERV|DDD
2026-01-12,exit,drones_autonomy,31.0,0.5827449249779346,KTOS|ONDS|AVAV
2026-01-12,exit,defense,15.0,0.6904236540158869,KTOS|LHX|MRCY
2026-01-12,enter,copper_metals,1.0,0.852603706972639,SCCO|CRML|HMY
2026-01-12,enter,gold_silver_miners,2.0,0.8431156222418358,AG|GOLD|HL
2026-01-12,enter,rare_earth_critical_minerals,3.0,0.8155339805825242,CRML|LAR|ALB
2026-01-13,exit,homebuilders_housing,2.0,0.7720653133274492,CCS|BLDR|TREX
2026-01-13,exit,copper_metals,23.0,0.6763018534863195,SCCO|CRML|HMY
2026-01-13,exit,gold_silver_miners,17.0,0.6948367166813769,AG|GOLD|HL
2026-01-13,exit,rare_earth_critical_minerals,14.0,0.7085172109443955,CRML|LAR|ALB
2026-01-13,enter,oil_exploration,1.0,0.775154457193292,USO|APA|OXY
2026-01-13,enter,homebuilders_housing,2.0,0.7720653133274492,MTH|CCS|FND
2026-01-13,enter,oil_gas,3.0,0.7614739629302736,EQNR|APA|ET
2026-01-14,exit,homebuilders_housing,18.0,0.703883495145631,MTH|CCS|FND
2026-01-14,enter,agriculture_food_inputs,1.0,0.8031774051191527,NTR|BG|ADM
2026-01-14,enter,rare_earth_critical_minerals,2.0,0.7996469549867609,CRML|LAR|MP
2026-01-15,exit,oil_exploration,63.0,0.4379964695498676,USO|APA|OXY
2026-01-15,exit,oil_gas,53.0,0.49624889673433364,EQNR|APA|ET
2026-01-15,exit,agriculture_food_inputs,6.0,0.7530891438658429,NTR|BG|ADM
2026-01-15,exit,rare_earth_critical_minerals,30.0,0.5997352162400705,CRML|LAR|MP
2026-01-15,enter,semicap_equipment,1.0,0.8316416593115622,UCTT|ICHR|ONTO
2026-01-15,enter,homebuilders_housing,2.0,0.8060458958517212,BLDR|BLD|FND
2026-01-15,enter,electronics_components,3.0,0.7996469549867609,MTSI|PLXS|JBL
2026-01-16,exit,homebuilders_housing,68.0,0.4084289496910856,BLDR|BLD|FND
2026-01-16,exit,electronics_components,29.0,0.6209179170344218,MTSI|PLXS|JBL
2026-01-16,enter,crypto_infrastructure,1.0,0.819947043248014,GLXY|BTDR|RIOT
2026-01-16,enter,uranium,2.0,0.8161959399823477,DNN|UEC|UUUU
2026-01-16,enter,cloud_neocloud,3.0,0.7861871138570169,BTDR|IREN|CIFR
2026-01-20,exit,semicap_equipment,19.0,0.661297440423654,UCTT|ICHR|ONTO
2026-01-20,exit,crypto_infrastructure,48.0,0.5253751103265667,GLXY|BTDR|RIOT
2026-01-20,exit,uranium,4.0,0.7541924095322153,DNN|UEC|UUUU
2026-01-20,exit,cloud_neocloud,64.0,0.4168137687555164,BTDR|IREN|CIFR
2026-01-20,enter,gold_silver_miners,1.0,0.8929832303618712,SVM|IAG|KGC
2026-01-20,enter,copper_metals,2.0,0.8157546337157987,IAG|HBM|CRML
2026-01-20,enter,agriculture_food_inputs,3.0,0.7709620476610768,BG|NTR|CF
2026-01-21,exit,gold_silver_miners,23.0,0.662180052956752,SVM|IAG|KGC
2026-01-21,exit,agriculture_food_inputs,18.0,0.6879964695498676,BG|NTR|CF
2026-01-21,enter,regional_banks,1.0,0.7815533980582524,FITB|HBAN|PNC
2026-01-21,enter,memory,2.0,0.7733892321270964,MRAM|RMBS|SNDK
2026-01-21,enter,nuclear,3.0,0.7601500441306266,UEC|CCJ|DNN
2026-01-22,exit,copper_metals,8.0,0.7021182700794352,IAG|HBM|CRML
2026-01-22,exit,regional_banks,38.0,0.5703883495145631,FITB|HBAN|PNC
2026-01-22,exit,memory,14.0,0.6690203000882612,MRAM|RMBS|SNDK
2026-01-22,exit,nuclear,19.0,0.6535745807590468,UEC|CCJ|DNN
2026-01-22,enter,gold_silver_miners,1.0,0.8578993821712269,USAS|CDE|HL
2026-01-22,enter,biotech,2.0,0.7992056487202117,MRNA|NTLA|CRSP
2026-01-22,enter,renewables_storage,3.0,0.7742718446601943,FCEL|ENPH|ARRY
2026-01-23,exit,biotech,16.0,0.666151809355693,MRNA|NTLA|CRSP
2026-01-23,exit,renewables_storage,10.0,0.7120476610767872,FCEL|ENPH|ARRY
2026-01-23,enter,copper_metals,2.0,0.8837157987643425,USAS|ASM|TMC
2026-01-23,enter,oil_gas,3.0,0.8287731685789939,AR|WMB|KMI
2026-01-26,exit,gold_silver_miners,1.0,0.8045013239187996,USAS|CDE|HL
2026-01-26,exit,copper_metals,6.0,0.7714033539276257,USAS|ASM|TMC
2026-01-26,exit,oil_gas,15.0,0.7045454545454546,AR|WMB|KMI
2026-01-26,enter,gold_silver_miners,1.0,0.8045013239187996,EGO|USAS|AG
2026-01-26,enter,gold,2.0,0.8029567519858782,PAAS|GLD|NEM
2026-01-26,enter,dev_tools,3.0,0.778243601059135,TEAM|DDOG|GTLB
2026-01-27,exit,gold_silver_miners,4.0,0.7654457193292145,EGO|USAS|AG
2026-01-27,exit,gold,9.0,0.7283759929390997,PAAS|GLD|NEM
2026-01-27,exit,dev_tools,38.0,0.5584730803177405,TEAM|DDOG|GTLB
2026-01-27,enter,copper_metals,1.0,0.8457634598411298,ASM|USAS|TGB
2026-01-27,enter,cloud_neocloud,2.0,0.7886142983230362,DOCN|APLD|WULF
2026-01-27,enter,oil_services,3.0,0.7855251544571933,BKR|RIG|LBRT
2026-01-28,exit,copper_metals,4.0,0.7939099735216241,ASM|USAS|TGB
2026-01-28,exit,cloud_neocloud,15.0,0.706531332744925,DOCN|APLD|WULF
2026-01-28,exit,oil_services,64.0,0.42475728155339804,BKR|RIG|LBRT
2026-01-28,enter,gold_silver_miners,1.0,0.8603265666372463,GOLD|HMY|PAAS
2026-01-28,enter,solar,2.0,0.827449249779347,RUN|NXT|ARRY
2026-01-28,enter,gold,3.0,0.8179611650485438,GOLD|PAAS|GLD
2026-01-29,exit,gold_silver_miners,34.0,0.5668578993821712,GOLD|HMY|PAAS
2026-01-29,exit,solar,46.0,0.525154457193292,RUN|NXT|ARRY
2026-01-29,exit,gold,13.0,0.6705648720211826,GOLD|PAAS|GLD
2026-01-29,enter,oil_gas,1.0,0.906884377758164,LBRT|YPF|CRGY
2026-01-29,enter,oil_exploration,2.0,0.8682700794351282,USO|COP|EOG
2026-01-29,enter,copper,3.0,0.8448808473080318,SCCO|TECK|HBM
2026-01-30,exit,oil_gas,4.0,0.7744924977934687,LBRT|YPF|CRGY
2026-01-30,exit,copper,46.0,0.5150044130626655,SCCO|TECK|HBM
2026-01-30,enter,banks_brokers_exchanges,1.0,0.7819947043248013,VLY|WFC|FLG
2026-01-30,enter,networking_optical,3.0,0.7795675198587819,AAOI|VIAV|LITE
2026-02-02,exit,oil_exploration,35.0,0.574360105913504,USO|COP|EOG
2026-02-02,exit,networking_optical,12.0,0.720873786407767,AAOI|VIAV|LITE
2026-02-02,enter,transport_logistics,1.0,0.8492939099735216,XPO|CHRW|LUV
2026-02-02,enter,electronics_components,2.0,0.8027360988526038,LITE|GLW|IPGP
2026-02-02,enter,airlines_travel,3.0,0.7981023830538394,LUV|CCL|VIK
2026-02-03,exit,banks_brokers_exchanges,25.0,0.6502647837599295,VLY|WFC|FLG
2026-02-03,exit,electronics_components,19.0,0.6943954104148279,LITE|GLW|IPGP
2026-02-03,exit,airlines_travel,26.0,0.648720211827008,LUV|CCL|VIK
2026-02-03,enter,oil_gas,1.0,0.806928508384819,EPD|LBRT|CVX
2026-02-03,enter,oil_integrated,2.0,0.7674315975286848,XOM|CVX|XLE
2026-02-03,enter,oil_exploration,3.0,0.7621359223300971,DVN|COP|APA
2026-02-04,exit,transport_logistics,5.0,0.7859664607237421,XPO|CHRW|LUV
2026-02-04,enter,industrial_automation,1.0,0.8336275375110326,IR|FTV|DOW
2026-02-04,enter,datacenter_infra,3.0,0.8239187996469549,IR|FTV|JCI
2026-02-05,exit,oil_gas,31.0,0.5730361871138571,EPD|LBRT|CVX
2026-02-05,exit,oil_integrated,46.0,0.5203000882612533,XOM|CVX|XLE
2026-02-05,exit,oil_exploration,55.0,0.4836716681376876,DVN|COP|APA
2026-02-05,exit,industrial_automation,5.0,0.7581641659311561,IR|FTV|DOW
2026-02-05,enter,pharma,2.0,0.7877316857899381,MRK|BMY|AMGN
2026-02-05,enter,consumer_staples,3.0,0.7669902912621359,PEP|CL|KO
2026-02-06,exit,datacenter_infra,1.0,0.7667696381288615,IR|FTV|JCI
2026-02-06,exit,pharma,20.0,0.6365842894969109,MRK|BMY|AMGN
2026-02-06,exit,consumer_staples,38.0,0.5545013239187997,PEP|CL|KO
2026-02-06,enter,datacenter_infra,1.0,0.7667696381288615,IR|FLS|WCC
2026-02-06,enter,transport_logistics,2.0,0.7599293909973522,XPO|SAIA|DAL
2026-02-06,enter,electronics_components,3.0,0.7334510150044131,LITE|GLW|IPGP
2026-02-09,exit,datacenter_infra,4.0,0.7471315092674315,IR|FLS|WCC
2026-02-09,exit,transport_logistics,35.0,0.5732568402471315,XPO|SAIA|DAL
2026-02-09,exit,electronics_components,6.0,0.724404236540159,LITE|GLW|IPGP
2026-02-09,enter,copper_metals,1.0,0.7742718446601943,CENX|IAG|STLD
2026-02-09,enter,gold_silver_miners,2.0,0.7676522506619594,GOLD|IAG|AG
2026-02-09,enter,advanced_packaging,3.0,0.7572815533980582,TER|FORM|ASX
2026-02-10,exit,copper_metals,76.0,0.3426743159752869,CENX|IAG|STLD
2026-02-10,exit,gold_silver_miners,12.0,0.7135922330097086,GOLD|IAG|AG
2026-02-10,exit,advanced_packaging,13.0,0.710503089143866,TER|FORM|ASX
2026-02-10,enter,homebuilders_housing,1.0,0.9004854368932039,MAS|BLD|TOL
2026-02-10,enter,construction_infrastructure,2.0,0.8826125330979699,MAS|FBIN|ACM
2026-02-10,enter,industrial_automation,3.0,0.8373786407766989,CE|AGCO|DD
2026-02-11,exit,homebuilders_housing,11.0,0.7052074139452781,MAS|BLD|TOL
2026-02-11,exit,construction_infrastructure,4.0,0.7632391879964695,MAS|FBIN|ACM
2026-02-11,exit,industrial_automation,9.0,0.7341129744042365,CE|AGCO|DD
2026-02-11,enter,semicap_equipment,1.0,0.8113415710503089,AEHR|ICHR|AMKR
2026-02-11,enter,advanced_packaging,2.0,0.7822153574580759,AMKR|ASX|FORM
2026-02-11,enter,semis,3.0,0.7722859664607237,TER|TSM|ON
2026-02-12,exit,semicap_equipment,14.0,0.6648278905560459,AEHR|ICHR|AMKR
2026-02-12,exit,advanced_packaging,20.0,0.6416593115622241,AMKR|ASX|FORM
2026-02-12,exit,semis,40.0,0.543027360988526,TER|TSM|ON
2026-02-12,enter,power_grid_electrification,1.0,0.8470873786407768,GNRC|VRT|EXC
2026-02-12,enter,utilities_yield,2.0,0.8177405119152694,EXC|EIX|VST
2026-02-12,enter,datacenter_reits_towers,3.0,0.7680935569285084,EQIX|CCI|DLR
2026-02-13,exit,datacenter_reits_towers,9.0,0.7226390114739631,EQIX|CCI|DLR
2026-02-13,enter,gold_silver_miners,3.0,0.8018534863195059,EGO|AEM|GOLD
2026-02-17,exit,utilities_yield,5.0,0.7630185348631949,EXC|EIX|VST
2026-02-17,exit,gold_silver_miners,86.0,0.2738305383936452,EGO|AEM|GOLD
2026-02-17,enter,real_estate_reits,2.0,0.8175198587819946,SBAC|WELL|PSA
2026-02-17,enter,insurance,3.0,0.7751544571932922,ALL|AIG|PGR
2026-02-18,exit,power_grid_electrification,20.0,0.6275375110326566,GNRC|VRT|EXC
2026-02-18,exit,real_estate_reits,57.0,0.4735216240070608,SBAC|WELL|PSA
2026-02-18,exit,insurance,50.0,0.4942630185348631,ALL|AIG|PGR
2026-02-18,enter,oil_services,1.0,0.8422330097087378,NBR|BORR|RIG
2026-02-18,enter,oil_gas,2.0,0.8373786407766991,OVV|FANG|TRGP
2026-02-18,enter,oil_exploration,3.0,0.8236981465136806,APA|EOG|FANG
2026-02-19,exit,oil_services,12.0,0.7389673433362755,NBR|BORR|RIG
2026-02-19,exit,oil_exploration,9.0,0.7544130626654898,APA|EOG|FANG
2026-02-19,enter,defense_aerospace,1.0,0.8548102383053838,HII|RXT|KTOS
2026-02-19,enter,defense,2.0,0.8320829655781112,KTOS|NOC|RKLB
2026-02-19,enter,utilities_yield,3.0,0.8245807590467785,EIX|NRG|SO
2026-02-20,exit,oil_gas,10.0,0.7025595763459841,OVV|FANG|TRGP
2026-02-20,exit,defense_aerospace,5.0,0.7440423654015887,HII|RXT|KTOS
2026-02-20,exit,defense,25.0,0.6072374227714034,KTOS|NOC|RKLB
2026-02-20,exit,utilities_yield,23.0,0.6165048543689321,EIX|NRG|SO
2026-02-20,enter,apparel_beauty_lifestyle,1.0,0.8912180052956753,HLF|ELF|ONON
2026-02-20,enter,networking_optical,2.0,0.7866284201235656,AAOI|COHR|NOK
2026-02-20,enter,solar,3.0,0.7711827007943513,SEDG|RUN|FSLR
2026-02-23,exit,apparel_beauty_lifestyle,5.0,0.7277140335392763,HLF|ELF|ONON
2026-02-23,exit,networking_optical,12.0,0.6789496910856133,AAOI|COHR|NOK
2026-02-23,exit,solar,17.0,0.666151809355693,SEDG|RUN|FSLR
2026-02-23,enter,medtech_devices,1.0,0.7950132391879964,TNDM|GMED|EW
2026-02-23,enter,gold_silver_miners,2.0,0.7742718446601942,AG|FSM|SVM
2026-02-23,enter,biotech_innovation,3.0,0.7663283318623124,MRNA|CMPS|TVTX
2026-02-24,exit,medtech_devices,19.0,0.6467343336275375,TNDM|GMED|EW
2026-02-24,exit,gold_silver_miners,28.0,0.6171668137687556,AG|FSM|SVM
2026-02-24,exit,biotech_innovation,26.0,0.6209179170344219,MRNA|CMPS|TVTX
2026-02-24,enter,renewables_storage,1.0,0.7676522506619594,SEDG|FCEL|LAR
2026-02-24,enter,rare_earth_critical_minerals,2.0,0.7378640776699029,CRML|LAR|LAC
2026-02-24,enter,lithium_battery_materials,3.0,0.7332303618711387,LAR|LAC|ALB
2026-02-25,exit,renewables_storage,36.0,0.557811120917917,SEDG|FCEL|LAR
2026-02-25,exit,rare_earth_critical_minerals,23.0,0.6275375110326566,CRML|LAR|LAC
2026-02-25,enter,networking_optical,1.0,0.7700794351279788,GLW|LWLG|LITE
2026-02-25,enter,electronics_components,2.0,0.7495586937334511,GLW|LITE|COHR
2026-02-25,enter,semis_compute,3.0,0.7405119152691968,GLW|COHR|LITE
2026-02-26,exit,lithium_battery_materials,26.0,0.6063548102383054,LAR|LAC|ALB
2026-02-26,exit,networking_optical,20.0,0.645631067961165,GLW|LWLG|LITE
2026-02-26,exit,electronics_components,42.0,0.5359664607237423,GLW|LITE|COHR
2026-02-26,exit,semis_compute,31.0,0.5935569285083849,GLW|COHR|LITE
2026-02-26,enter,gold_silver_miners,1.0,0.8316416593115622,AG|SVM|USAS
2026-02-26,enter,airlines_travel,2.0,0.7866284201235659,EXPE|ABNB|NCLH
2026-02-26,enter,silver,3.0,0.7597087378640777,AG|SVM|WPM
2026-02-27,exit,airlines_travel,74.0,0.37511032656663723,EXPE|ABNB|NCLH
2026-02-27,exit,silver,25.0,0.6401147396293027,AG|SVM|WPM
2026-02-27,enter,utilities_yield,1.0,0.8184024713150928,AES|EXC|PCG
2026-02-27,enter,consumer_staples,2.0,0.7850838481906441,PG|MDLZ|DG
2026-02-27,enter,datacenter_reits_towers,3.0,0.7848631950573698,EQIX|COR|AMT
2026-03-02,exit,gold_silver_miners,31.0,0.5911297440423654,AG|SVM|USAS
2026-03-02,exit,utilities_yield,64.0,0.4406443071491615,AES|EXC|PCG
2026-03-02,exit,consumer_staples,90.0,0.24779346866725505,PG|MDLZ|DG
2026-03-02,exit,datacenter_reits_towers,75.0,0.36518093556928505,EQIX|COR|AMT
2026-03-02,enter,networking_optical,1.0,0.8428949691085613,AAOI|LWLG|VIAV
2026-03-02,enter,crypto_infrastructure,2.0,0.8175198587819946,CRCL|PURR|MARA
2026-03-02,enter,space_satellites,3.0,0.7780229479258606,BKSY|RDW|NOC
2026-03-03,exit,networking_optical,7.0,0.7118270079435128,AAOI|LWLG|VIAV
2026-03-03,exit,crypto_infrastructure,36.0,0.5968667255075022,CRCL|PURR|MARA
2026-03-03,exit,space_satellites,32.0,0.6098852603706973,BKSY|RDW|NOC
2026-03-03,enter,business_apps,1.0,0.7720653133274492,INTU|ADSK|WDAY
2026-03-03,enter,digital_ads_media,2.0,0.7583848190644308,PSKY|PINS|NFLX
2026-03-03,enter,mega_cap_platforms,3.0,0.7535304501323918,NFLX|INTU|ADBE
2026-03-04,exit,business_apps,23.0,0.6017210944395411,INTU|ADSK|WDAY
2026-03-04,exit,digital_ads_media,12.0,0.6811562224183584,PSKY|PINS|NFLX
2026-03-04,exit,mega_cap_platforms,16.0,0.6412180052956753,NFLX|INTU|ADBE
2026-03-04,enter,crypto_infrastructure,1.0,0.7872903795233892,CRCL|PURR|COIN
2026-03-04,enter,networking_optical,2.0,0.7674315975286848,LWLG|AAOI|NOK
2026-03-04,enter,space_satellites,3.0,0.7367608120035306,ASTS|BKSY|NOC
2026-03-05,exit,crypto_infrastructure,38.0,0.5516328331862312,CRCL|PURR|COIN
2026-03-05,exit,networking_optical,13.0,0.719108561341571,LWLG|AAOI|NOK
2026-03-05,exit,space_satellites,35.0,0.5580317740511915,ASTS|BKSY|NOC
2026-03-05,enter,oil_gas,1.0,0.9037952338923213,AR|AESI|FANG
2026-03-05,enter,oil_exploration,2.0,0.8256840247131509,USO|APA|FANG
2026-03-05,enter,natural_gas,3.0,0.8131067961165049,AR|LNG|RRC
2026-03-06,exit,natural_gas,17.0,0.6727714033539275,AR|LNG|RRC
2026-03-06,enter,space_satellites,2.0,0.823477493380406,BKSY|PL|VELO
2026-03-09,exit,oil_gas,3.0,0.6893203883495146,AR|AESI|FANG
2026-03-09,exit,oil_exploration,6.0,0.6586496028243601,USO|APA|FANG
2026-03-09,exit,space_satellites,46.0,0.4988967343336275,BKSY|PL|VELO
2026-03-09,enter,obesity_glp1_health,1.0,0.7652250661959401,HIMS|OMDA|SG
2026-03-09,enter,networking,2.0,0.693954104148279,MRVL|QCOM|ANET
2026-03-09,enter,oil_gas,3.0,0.6893203883495146,AR|BP|OVV
2026-03-10,exit,obesity_glp1_health,23.0,0.6394527802294793,HIMS|OMDA|SG
2026-03-10,exit,oil_gas,16.0,0.6491615180935569,AR|BP|OVV
2026-03-10,enter,china_internet,1.0,0.8062665489849956,NIO|FUTU|XPEV
2026-03-10,enter,nuclear_uranium,2.0,0.778243601059135,BW|CCJ|NXE
2026-03-11,exit,networking,23.0,0.6264342453662842,MRVL|QCOM|ANET
2026-03-11,exit,china_internet,15.0,0.7065313327449251,NIO|FUTU|XPEV
2026-03-11,exit,nuclear_uranium,45.0,0.5081641659311561,BW|CCJ|NXE
2026-03-11,enter,oil_gas,1.0,0.8793027360988526,AESI|LBRT|BP
2026-03-11,enter,energy,2.0,0.8309796999117388,BP|TTE|CRGY
2026-03-11,enter,oil_exploration,3.0,0.810017652250662,USO|DVN|APA
2026-03-12,enter,additive_manufacturing,3.0,0.7939099735216241,VELO|DDD|NNDM
2026-03-13,exit,oil_gas,2.0,0.7919240953221536,AESI|LBRT|BP
2026-03-13,exit,energy,8.0,0.7219770520741395,BP|TTE|CRGY
2026-03-13,exit,oil_exploration,5.0,0.7608120035304501,USO|DVN|APA
2026-03-13,exit,additive_manufacturing,55.0,0.4962488967343337,VELO|DDD|NNDM
2026-03-13,enter,china_internet,1.0,0.8265666372462489,NIO|XPEV|ZTO
2026-03-13,enter,oil_gas,2.0,0.7919240953221536,SHEL|BP|AESI
2026-03-13,enter,memory,3.0,0.7619152691968226,MU|SNDK|RMBS
2026-03-16,exit,oil_gas,24.0,0.6112091791703443,SHEL|BP|AESI
2026-03-16,enter,cloud_neocloud,1.0,0.8349514563106797,NBIS|DOCN|WULF
2026-03-16,enter,semis_compute,3.0,0.8124448367166813,MU|NVTS|HIMX
2026-03-17,exit,china_internet,88.0,0.2992056487202118,NIO|XPEV|ZTO
2026-03-17,exit,cloud_neocloud,23.0,0.6189320388349515,NBIS|DOCN|WULF
2026-03-17,exit,semis_compute,22.0,0.6345984112974403,MU|NVTS|HIMX
2026-03-17,enter,energy,1.0,0.8534863195057371,BP|CTRA|DVN
2026-03-17,enter,oil_gas,2.0,0.8479699911738746,LBRT|BP|DVN
2026-03-17,enter,agriculture_food_inputs,3.0,0.8166372462488968,DAR|MOS|CF
2026-03-18,exit,agriculture_food_inputs,35.0,0.6008384819064431,DAR|MOS|CF
2026-03-18,enter,oil_exploration,3.0,0.8144307149161518,USO|APA|DVN
2026-03-19,exit,memory,4.0,0.790820829655781,MU|SNDK|RMBS
2026-03-19,exit,energy,2.0,0.810458958517211,BP|CTRA|DVN
2026-03-19,exit,oil_gas,1.0,0.8594439541041484,LBRT|BP|DVN
2026-03-19,exit,oil_exploration,12.0,0.7215357458075904,USO|APA|DVN
2026-03-19,enter,oil_gas,1.0,0.8594439541041484,EQNR|LNG|BP
2026-03-19,enter,energy,2.0,0.810458958517211,LNG|BP|TTE
2026-03-19,enter,memory_storage,3.0,0.7998676081200353,WDC|STX|MU
2026-03-20,exit,memory_storage,52.0,0.5123565754633715,WDC|STX|MU
2026-03-20,enter,banks_brokers_exchanges,3.0,0.7581641659311561,WFC|MS|ALLY
2026-03-23,exit,oil_gas,8.0,0.6932921447484555,EQNR|LNG|BP
2026-03-23,exit,energy,13.0,0.6846866725507502,LNG|BP|TTE
2026-03-23,exit,banks_brokers_exchanges,6.0,0.7261694616063548,WFC|MS|ALLY
2026-03-23,enter,semicap_equipment,1.0,0.7493380406001765,CAMT|ICHR|FORM
2026-03-23,enter,airlines_travel,2.0,0.747793468667255,TRIP|DAL|UAL
2026-03-23,enter,advanced_packaging,3.0,0.7466902030008826,CAMT|FORM|ONTO
2026-03-24,exit,airlines_travel,46.0,0.4944836716681377,TRIP|DAL|UAL
2026-03-24,enter,oil_gas,2.0,0.8230361871138571,LNG|APA|EQNR
2026-03-25,exit,semicap_equipment,33.0,0.6010591350397175,CAMT|ICHR|FORM
2026-03-25,exit,advanced_packaging,36.0,0.5975286849073257,CAMT|FORM|ONTO
2026-03-25,exit,oil_gas,25.0,0.6341571050308914,LNG|APA|EQNR
2026-03-25,enter,space_satellites,1.0,0.8422330097087378,SATL|PL|IRDM
2026-03-25,enter,networking,2.0,0.8150926743159753,HPE|MRVL|CIEN
2026-03-25,enter,transport_logistics,3.0,0.7897175639894087,JBLU|SAIA|KNX
2026-03-26,exit,space_satellites,5.0,0.7325684024713152,SATL|PL|IRDM
2026-03-26,exit,networking,14.0,0.6849073256840247,HPE|MRVL|CIEN
2026-03-26,exit,transport_logistics,23.0,0.6229037952338923,JBLU|SAIA|KNX
2026-03-26,enter,oil_services,1.0,0.854368932038835,BORR|NBR|SLB
2026-03-26,enter,oil_gas,2.0,0.853486319505737,APA|OXY|FANG
2026-03-26,enter,energy,3.0,0.8245807590467786,APA|OXY|SEDG
2026-03-27,enter,gold_silver_miners,1.0,0.8203883495145631,FSM|AG|AU
2026-03-30,exit,oil_services,30.0,0.5840688437775817,BORR|NBR|SLB
2026-03-30,exit,oil_gas,6.0,0.7341129744042365,APA|OXY|FANG
2026-03-30,exit,energy,8.0,0.6884377758164166,APA|OXY|SEDG
2026-03-30,exit,gold_silver_miners,27.0,0.61738746690203,FSM|AG|AU
2026-03-30,enter,pharma_largecap,1.0,0.8647396293027362,AZN|BMY|PFE
2026-03-30,enter,pharma,2.0,0.8267872903795233,BMY|PFE|ABBV
2026-03-30,enter,consumer_staples,3.0,0.7773609885260372,PEP|COST|TGT
2026-03-31,exit,pharma_largecap,9.0,0.6857899382171226,AZN|BMY|PFE
2026-03-31,exit,consumer_staples,38.0,0.5476610767872905,PEP|COST|TGT
2026-03-31,enter,copper_metals,1.0,0.7707413945278024,CENX|EQX|AA
2026-03-31,enter,biotech_innovation,2.0,0.7632391879964696,TGTX|TVTX|GH
2026-04-01,exit,pharma,5.0,0.7453662842012355,BMY|PFE|ABBV
2026-04-01,exit,biotech_innovation,9.0,0.7184466019417476,TGTX|TVTX|GH
2026-04-01,enter,gold_silver_miners,1.0,0.8929832303618712,AU|BTG|HMY
2026-04-01,enter,copper,3.0,0.8029567519858783,HBM|RIO|FCX
2026-04-02,exit,copper_metals,14.0,0.6606354810238306,CENX|EQX|AA
2026-04-02,exit,gold_silver_miners,20.0,0.6134157105030891,AU|BTG|HMY
2026-04-02,exit,copper,26.0,0.5900264783759929,HBM|RIO|FCX
2026-04-02,enter,datacenter_reits_towers,1.0,0.7881729920564873,SBAC|CCI|DLR
2026-04-02,enter,space_satellites,2.0,0.7872903795233892,GSAT|LUNR|KOPN
2026-04-02,enter,networking_optical,3.0,0.7709620476610768,LITE|CIEN|UI
2026-04-06,exit,space_satellites,19.0,0.6712268314210061,GSAT|LUNR|KOPN
2026-04-06,exit,networking_optical,54.0,0.48786407766990286,LITE|CIEN|UI
2026-04-06,enter,restaurants_food,1.0,0.8186231244483672,SG|BROS|SHAK
2026-04-06,enter,managed_care_insurance,2.0,0.8045013239187996,OSCR|ALHC|HUM
2026-04-07,exit,datacenter_reits_towers,49.0,0.5238305383936452,SBAC|CCI|DLR
2026-04-07,exit,restaurants_food,43.0,0.5368490732568403,SG|BROS|SHAK
2026-04-07,enter,networking_optical,1.0,0.7775816416593115,AAOI|VIAV|LITE
2026-04-07,enter,semis_compute,2.0,0.7771403353927626,STX|INTC|AAOI
2026-04-07,enter,cloud_neocloud,3.0,0.7674315975286848,APLD|HUT|NBIS
2026-04-08,exit,managed_care_insurance,23.0,0.6482789055604591,OSCR|ALHC|HUM
2026-04-08,enter,semis,1.0,0.8274492497793468,INTC|TER|MPWR
2026-04-08,enter,semicap_equipment,2.0,0.8111209179170344,AEHR|TER|FORM
2026-04-10,exit,networking_optical,8.0,0.7402912621359223,AAOI|VIAV|LITE
2026-04-10,exit,semis,4.0,0.8323036187113858,INTC|TER|MPWR
2026-04-10,enter,advanced_packaging,2.0,0.8620917917034422,AMKR|FORM|ONTO
2026-04-13,exit,semis_compute,5.0,0.7316857899382171,STX|INTC|AAOI
2026-04-13,exit,semicap_equipment,3.0,0.7548543689320387,AEHR|TER|FORM
2026-04-13,exit,advanced_packaging,8.0,0.7049867608120035,AMKR|FORM|ONTO
2026-04-13,enter,crypto_infrastructure,1.0,0.8548102383053839,HUT|PURR|CIFR
2026-04-13,enter,semicap_equipment,3.0,0.7548543689320387,AMKR|ICHR|AEHR
2026-04-14,exit,cloud_neocloud,4.0,0.8038393645189761,APLD|HUT|NBIS
2026-04-14,exit,crypto_infrastructure,2.0,0.8142100617828772,HUT|PURR|CIFR
2026-04-14,exit,semicap_equipment,10.0,0.7087378640776698,AMKR|ICHR|AEHR
2026-04-14,enter,airlines_travel,1.0,0.8389232127096204,HTZ|JBLU|VIK
2026-04-14,enter,crypto_infrastructure,2.0,0.8142100617828772,IREN|HUT|CIFR
2026-04-14,enter,asset_managers_alts,3.0,0.8095763459841131,KKR|BN|BLK
2026-04-15,exit,airlines_travel,27.0,0.6304060017652251,HTZ|JBLU|VIK
2026-04-15,exit,crypto_infrastructure,8.0,0.7511032656663723,IREN|HUT|CIFR
2026-04-15,enter,ai_apps,1.0,0.8170785525154457,SNAP|SOUN|APP
2026-04-15,enter,consumer_internet,2.0,0.7793468667255075,SNAP|PINS|DUOL
2026-04-15,enter,digital_ads_media,3.0,0.7793468667255075,SNAP|APP|PINS
2026-04-16,exit,asset_managers_alts,50.0,0.5070609002647838,KKR|BN|BLK
2026-04-16,exit,ai_apps,24.0,0.6383495145631068,SNAP|SOUN|APP
2026-04-16,exit,consumer_internet,30.0,0.5955428067078553,SNAP|PINS|DUOL
2026-04-16,enter,nuclear,2.0,0.7740511915269197,OKLO|SMR|NNE
2026-04-16,enter,nuclear_uranium,3.0,0.7714033539276257,OKLO|SMR|NNE
2026-04-17,exit,digital_ads_media,32.0,0.5445719329214475,SNAP|APP|PINS
2026-04-17,exit,nuclear,13.0,0.647396293027361,OKLO|SMR|NNE
2026-04-17,exit,nuclear_uranium,19.0,0.6090026478375992,OKLO|SMR|NNE
2026-04-17,enter,quantum_computing,1.0,0.8056045895851721,IONQ|QBTS|QUBT
2026-04-17,enter,airlines_travel,2.0,0.7605913503971756,HTZ|VIK|ALK
2026-04-17,enter,consumer_internet_marketplaces,3.0,0.7506619593998235,OPEN|JMIA|BIDU
2026-04-20,exit,quantum_computing,8.0,0.7398499558693734,IONQ|QBTS|QUBT
2026-04-20,exit,airlines_travel,29.0,0.6193733451015004,HTZ|VIK|ALK
2026-04-20,exit,consumer_internet_marketplaces,11.0,0.7197705207413945,OPEN|JMIA|BIDU
2026-04-20,enter,cybersecurity,1.0,0.7861871138570169,BB|OKTA|S
2026-04-20,enter,lithium_battery_materials,2.0,0.7742718446601942,ELVR|SGML|LAC
2026-04-20,enter,crypto_infrastructure,3.0,0.7689761694616064,MSTR|BULL|HOOD
2026-04-21,exit,lithium_battery_materials,14.0,0.6573256840247131,ELVR|SGML|LAC
2026-04-21,exit,crypto_infrastructure,72.0,0.4095322153574581,MSTR|BULL|HOOD
2026-04-21,enter,semis_compute,2.0,0.7619152691968226,NVTS|GFS|HIMX
2026-04-21,enter,quantum_computing,3.0,0.7533097969991174,GFS|IONQ|QUBT
2026-04-22,exit,cybersecurity,12.0,0.6793909973521625,BB|OKTA|S
2026-04-22,exit,quantum_computing,40.0,0.5461165048543689,GFS|IONQ|QUBT
2026-04-22,enter,rare_earth_critical_minerals,1.0,0.7976610767872904,CRML|MP|TMC
2026-04-22,enter,renewables_storage,3.0,0.777802294792586,FCEL|BLDP|AMPX
2026-04-23,exit,rare_earth_critical_minerals,74.0,0.36959399823477496,CRML|MP|TMC
2026-04-23,enter,semis,1.0,0.8038393645189762,TXN|ARM|ON
2026-04-23,enter,power_grid_electrification,2.0,0.8014121800529568,FCEL|GEV|VRT
2026-04-24,exit,renewables_storage,14.0,0.6749779346866726,FCEL|BLDP|AMPX
2026-04-24,exit,power_grid_electrification,19.0,0.6449691085613416,FCEL|GEV|VRT
2026-04-24,enter,semicap_equipment,1.0,0.8923212709620477,AMKR|ACLS|COHU
2026-04-24,enter,advanced_packaging,2.0,0.8614298323036187,COHU|AMKR|ASX
2026-04-27,exit,semis_compute,6.0,0.723521624007061,NVTS|GFS|HIMX
2026-04-27,exit,semis,5.0,0.7294792586054724,TXN|ARM|ON
2026-04-27,exit,semicap_equipment,28.0,0.6158428949691086,AMKR|ACLS|COHU
2026-04-27,exit,advanced_packaging,29.0,0.6114298323036187,COHU|AMKR|ASX
2026-04-27,enter,managed_care_insurance,1.0,0.839585172109444,CNC|MOH|ELV
2026-04-27,enter,managed_care,2.0,0.8148720211827009,CNC|ELV|MOH
2026-04-27,enter,oil_services,3.0,0.808693733451015,LBRT|BKR|AESI
2026-04-28,enter,energy,2.0,0.8437775816416593,BKR|OKLO|CTRA
2026-04-28,enter,oil_gas,3.0,0.8417917034421889,LBRT|AESI|DVN
2026-04-29,exit,managed_care_insurance,5.0,0.8089143865842893,CNC|MOH|ELV
2026-04-30,exit,managed_care,24.0,0.5992939099735216,CNC|ELV|MOH
2026-04-30,exit,oil_services,29.0,0.5884819064430715,LBRT|BKR|AESI
2026-04-30,exit,energy,38.0,0.5439099735216241,BKR|OKLO|CTRA
2026-04-30,exit,oil_gas,12.0,0.6787290379523389,LBRT|AESI|DVN
2026-04-30,enter,lithium_battery_materials,1.0,0.7623565754633717,LAC|LAR|ELVR
2026-04-30,enter,rare_earth_critical_minerals,2.0,0.7577228596646072,LAC|LAR|CRML
2026-04-30,enter,asset_managers_alts,3.0,0.7323477493380406,BEN|OWL|TROW
2026-05-01,exit,lithium_battery_materials,32.0,0.5794351279788172,LAC|LAR|ELVR
2026-05-01,exit,rare_earth_critical_minerals,12.0,0.691747572815534,LAC|LAR|CRML
2026-05-01,enter,ai_apps_agents,1.0,0.8058252427184468,SOUN|GOOGL|DDOG
2026-05-01,enter,dev_tools,2.0,0.7813327449249781,TEAM|GTLB|DDOG
2026-05-01,enter,workflow_software,3.0,0.7636804942630185,TEAM|ZM|HUBS
2026-05-04,exit,asset_managers_alts,35.0,0.6061341571050309,BEN|OWL|TROW
2026-05-04,enter,oil_gas,1.0,0.8360547219770521,OVV|CRGY|FANG
2026-05-04,enter,cybersecurity,2.0,0.8254633715798764,RBRK|S|QLYS
2026-05-05,exit,ai_apps_agents,45.0,0.5052956751985878,SOUN|GOOGL|DDOG
2026-05-05,exit,dev_tools,40.0,0.5293468667255075,TEAM|GTLB|DDOG
2026-05-05,exit,workflow_software,37.0,0.5342012356575464,TEAM|ZM|HUBS
2026-05-05,exit,oil_gas,30.0,0.5767872903795234,OVV|CRGY|FANG
2026-05-05,exit,cybersecurity,27.0,0.5931156222418358,RBRK|S|QLYS
2026-05-05,enter,memory_storage,1.0,0.8170785525154457,MRAM|STX|MU
2026-05-05,enter,semis_compute,2.0,0.8135481023830539,STX|GFS|SNDK
2026-05-05,enter,networking_optical,3.0,0.8067078552515445,LWLG|LITE|EXTR
2026-05-06,exit,memory_storage,24.0,0.616946160635481,MRAM|STX|MU
2026-05-06,exit,semis_compute,8.0,0.7347749338040599,STX|GFS|SNDK
2026-05-06,exit,networking_optical,33.0,0.5889232127096204,LWLG|LITE|EXTR
2026-05-06,enter,copper_metals,1.0,0.7879523389232128,TMC|USAS|TECK
2026-05-06,enter,memory,2.0,0.7722859664607238,MRAM|SNDK|MU
2026-05-06,enter,uranium,3.0,0.7566195939982349,LEU|UUUU|NXE
2026-05-07,exit,copper_metals,29.0,0.6127537511032657,TMC|USAS|TECK
2026-05-07,exit,memory,48.0,0.4995586937334511,MRAM|SNDK|MU
2026-05-07,exit,uranium,70.0,0.42365401588702567,LEU|UUUU|NXE
2026-05-07,enter,cloud,1.0,0.8735657546337158,NET|MDB|AKAM
2026-05-07,enter,cybersecurity,2.0,0.8451015004413063,FTNT|NET|RBRK
2026-05-07,enter,dev_tools,3.0,0.8201676963812886,DDOG|TEAM|GTLB
2026-05-08,exit,cloud,19.0,0.6780670785525155,NET|MDB|AKAM
2026-05-08,exit,cybersecurity,11.0,0.7237422771403355,FTNT|NET|RBRK
2026-05-08,exit,dev_tools,21.0,0.6703442188879083,DDOG|TEAM|GTLB
2026-05-08,enter,semis_compute,1.0,0.7987643424536628,HIMX|FLEX|MRAM
2026-05-08,enter,electronics_components,2.0,0.7958958517210946,FLEX|MTSI|GLW
2026-05-08,enter,memory,3.0,0.7842012356575463,MU|MRAM|SNDK
2026-05-11,exit,electronics_components,17.0,0.6824801412180053,FLEX|MTSI|GLW
2026-05-11,enter,renewables_storage,1.0,0.8585613415710502,FLNC|EOSE|FCEL
2026-05-11,enter,gold_silver_miners,2.0,0.8128861429832304,EXK|AG|SVM
2026-05-12,exit,semis_compute,13.0,0.6710061782877316,HIMX|FLEX|MRAM
2026-05-12,exit,memory,15.0,0.6548984995586937,MU|MRAM|SNDK
2026-05-12,exit,renewables_storage,11.0,0.7065313327449249,FLNC|EOSE|FCEL
2026-05-12,exit,gold_silver_miners,7.0,0.7647837599293911,EXK|AG|SVM
2026-05-12,enter,managed_care,1.0,0.8305383936451897,OSCR|HUM|CVS
2026-05-12,enter,copper_metals,2.0,0.8267872903795235,ASM|HBM|EXK
2026-05-12,enter,managed_care_insurance,3.0,0.8172992056487202,OSCR|HUM|CLOV
2026-05-13,exit,copper_metals,15.0,0.7188879082082965,ASM|HBM|EXK
2026-05-13,enter,renewables_storage,1.0,0.8446601941747572,FCEL|FLNC|PLUG
2026-05-13,enter,copper,2.0,0.789496910856134,HBM|BHP|FCX
2026-05-14,exit,managed_care,32.0,0.5794351279788174,OSCR|HUM|CVS
2026-05-14,exit,managed_care_insurance,23.0,0.6142983230361871,OSCR|HUM|CLOV
2026-05-14,exit,renewables_storage,4.0,0.71954986760812,FCEL|FLNC|PLUG
2026-05-14,exit,copper,38.0,0.5503089143865842,HBM|BHP|FCX
2026-05-14,enter,space_satellites,1.0,0.8040600176522507,RDW|LUNR|RKLB
2026-05-14,enter,networking,2.0,0.7674315975286847,CSCO|HPE|MRVL
2026-05-14,enter,defense_aerospace,3.0,0.7323477493380405,RXT|DDD|FLY
2026-05-15,exit,networking,10.0,0.6868932038834953,CSCO|HPE|MRVL
2026-05-15,exit,defense_aerospace,33.0,0.5900264783759931,RXT|DDD|FLY
2026-05-15,enter,energy,1.0,0.8051632833186231,SEDG|ENPH|NXT
2026-05-15,enter,oil_exploration,3.0,0.7691968225948809,OXY|APA|DVN
2026-05-18,exit,space_satellites,11.0,0.7347749338040601,RDW|LUNR|RKLB
2026-05-18,exit,energy,9.0,0.7402912621359223,SEDG|ENPH|NXT
2026-05-18,enter,oil_services,1.0,0.8528243601059137,RIG|NBR|HP
2026-05-18,enter,cybersecurity,2.0,0.8446601941747571,ZS|SAIL|CRWD
2026-05-18,enter,medtech,3.0,0.8248014121800531,DXCM|SYK|EW
2026-05-19,exit,oil_exploration,10.0,0.746469549867608,OXY|APA|DVN
2026-05-19,exit,oil_services,17.0,0.6919682259488086,RIG|NBR|HP
2026-05-19,exit,cybersecurity,4.0,0.7758164165931156,ZS|SAIL|CRWD
2026-05-19,enter,oil_gas,1.0,0.8353927625772285,TRGP|APA|XOM
2026-05-19,enter,retail,3.0,0.7811120917917034,KR|TGT|WMT
2026-05-20,exit,medtech,25.0,0.5984112974404237,DXCM|SYK|EW
2026-05-20,exit,oil_gas,28.0,0.5831862312444837,TRGP|APA|XOM
2026-05-20,exit,retail,42.0,0.5227272727272727,KR|TGT|WMT
2026-05-20,enter,transport_logistics,1.0,0.7859664607237422,KNX|CHRW|DAL
2026-05-20,enter,homebuilders_housing,2.0,0.7753751103265666,JHX|PHM|TOL
2026-05-20,enter,cybersecurity,3.0,0.7506619593998235,TENB|CRWD|QLYS
2026-05-21,exit,transport_logistics,13.0,0.6456310679611651,KNX|CHRW|DAL
2026-05-21,exit,homebuilders_housing,12.0,0.6646072374227714,JHX|PHM|TOL
2026-05-21,exit,cybersecurity,6.0,0.7237422771403355,TENB|CRWD|QLYS
2026-05-21,enter,apparel_beauty_lifestyle,1.0,0.7930273609885259,CROX|DECK|GAP
2026-05-21,enter,diagnostics_tools,2.0,0.7815533980582524,GH|WGS|TXG
2026-05-21,enter,quantum_computing,3.0,0.7744924977934687,ARQQ|QBTS|RGTI
