date,strategy_return,gross_return,turnover,n_active_themes,n_active_tickers,active_themes
2018-01-02,-0.0005,0.0,1.0,3,9,advanced_packaging|aerospace|agriculture_food_inputs
2018-01-03,0.004880686272155938,0.005880686272155938,2.0,3,8,energy|homebuilders_housing|oil_exploration
2018-01-04,0.014530107571730455,0.015530107571730454,2.0,3,9,agriculture_food_inputs|mega_banks|silver
2018-01-05,-0.004808884413106462,-0.0038088844131064616,2.0,3,8,medtech|medtech_devices|pharma_largecap
2018-01-08,0.017769490878130255,0.018519490878130256,1.4999999999999998,4,10,medtech_devices|oil_services|power_grid_electrification|utilities_yield
2018-01-09,0.0004913594036927073,0.0014913594036927073,2.0,3,6,diagnostics_tools|fintech|payments
2018-01-10,-0.0032852830680467474,-0.0027519497347134143,1.0666666666666667,5,11,fintech|fintech_payments|oil_services|payments|regional_banks
2018-01-11,0.017045013040931232,0.01784501304093123,1.5999999999999999,3,9,asset_managers|electronics_components|oil_services
2018-01-12,0.01111328807116961,0.011446621404502944,0.6666666666666667,3,9,airlines_travel|asset_managers|electronics_components
2018-01-16,-0.012352221736129557,-0.011602221736129556,1.4999999999999998,4,12,asset_managers|gold_silver_miners|managed_care_insurance|pharma
2018-01-17,0.006981235403700308,0.007481235403700309,1.0,3,9,managed_care_insurance|pharma|storage
2018-01-18,0.0003141180474870082,0.0013141180474870082,2.0,3,9,retail_consumer|semicap_equipment|semis
2018-01-19,0.004328040084995694,0.005216928973884582,1.7777777777777777,3,9,apparel_beauty_lifestyle|consumer_staples|pharma
2018-01-22,0.005574738695136805,0.0064636275840256946,1.7777777777777781,3,6,biotech|managed_care|managed_care_insurance
2018-01-23,0.0172159393669825,0.0182159393669825,2.0000000000000004,3,9,apparel_beauty_lifestyle|creative_software|storage
2018-01-24,-0.004855785357276548,-0.003855785357276548,2.0,3,9,gold_silver_miners|insurance|mega_banks
2018-01-25,-0.004364580899896182,-0.003364580899896182,2.0,3,9,ai_apps_agents|fintech_payments|mega_cap_platforms
2018-01-26,0.01273921545186763,0.01323921545186763,1.0,4,11,ai_apps_agents|data_centers|datacenter_reits_towers|mega_cap_platforms
2018-01-29,-0.0019316995781249783,-0.001209477355902756,1.4444444444444442,3,9,biotech|data_centers|defense
2018-01-30,-0.015035073411279545,-0.0145906289668351,0.8888888888888888,3,9,data_centers|defense|drones_autonomy
2018-01-31,-0.026300525763216977,-0.025300525763216977,2.0,3,7,datacenter_reits_towers|real_estate_reits|utilities_yield
2018-02-01,-0.01572626512022929,-0.014726265120229292,2.0,3,9,datacenter_infra|defense|networking_optical
2018-02-02,-0.02615631999408324,-0.02565631999408324,1.0,4,12,apparel_beauty_lifestyle|datacenter_infra|networking_optical|real_estate_reits
2018-02-05,-0.02905384424769136,-0.02830384424769136,1.4999999999999998,3,9,apparel_beauty_lifestyle|gold|quantum_computing
2018-02-06,-0.02421745101272968,-0.02321745101272968,2.0,3,9,airlines_travel|cybersecurity|networking_optical
2018-02-07,-0.0011453544386381118,-0.0005453544386381118,1.2,5,13,ai_apps|airlines_travel|apparel_beauty_lifestyle|banks_brokers_exchanges|networking_optical
2018-02-08,-0.035485627349957,-0.03461896068329033,1.7333333333333334,3,9,medtech_devices|networking_optical|pharma_largecap
2018-02-09,-0.01770431374163808,-0.01670431374163808,2.0,3,9,apparel_beauty_lifestyle|copper|cybersecurity
2018-02-12,0.012120226233655239,0.01287022623365524,1.5,4,10,cybersecurity|networking|renewables_storage|solar
2018-02-13,0.02256050758629206,0.02281050758629206,0.49999999999999994,4,12,cybersecurity|defense|networking|solar
2018-02-14,0.01976842933169731,0.02076842933169731,2.0,3,6,copper_metals|gold_silver_miners|silver
2018-02-15,-0.006316089799064284,-0.005316089799064284,2.0000000000000004,3,9,business_apps|mega_cap_platforms|solar
2018-02-16,0.003668877811239221,0.0042244333667947765,1.1111111111111112,3,9,copper_metals|solar|workflow_software
2018-02-20,-0.009365698762074274,-0.008643476539852053,1.4444444444444444,4,9,business_apps|dev_tools|vertical_software|workflow_software
2018-02-21,9.645064121718925e-05,0.0008464506412171893,1.5,4,10,renewables_storage|restaurants_food|solar|workflow_software
2018-02-22,-0.010731164466919203,-0.009731164466919202,2.0,3,8,medtech_devices|mega_cap_platforms|robotics
2018-02-23,-0.0006626461287593732,0.0003373538712406268,2.0,3,9,cybersecurity|oil_services|utilities_yield
2018-02-26,0.0012489000742016802,0.0022489000742016802,2.0,3,9,semis|storage|transport_logistics
2018-02-27,-0.0038701122337861126,-0.0033701122337861126,1.0000000000000002,4,12,biotech_innovation|cybersecurity|semis|storage
2018-02-28,-0.0020226227899259866,-0.0015226227899259868,1.0,3,9,cybersecurity|healthcare|storage
2018-03-01,-0.012333225109552258,-0.011666558442885592,1.3333333333333335,3,8,memory_storage|storage|transport_logistics
2018-03-02,0.005794349466983824,0.006683238355872713,1.7777777777777777,3,9,biotech|semis_compute|solar
2018-03-05,0.02765789683395148,0.02840789683395148,1.4999999999999998,4,11,business_apps|cloud|solar|utilities_yield
2018-03-06,0.007529309779485017,0.008279309779485017,1.5,3,9,drones_autonomy|memory|solar
2018-03-07,-0.016601619860509093,-0.015851619860509092,1.4999999999999998,4,9,cloud|dev_tools|memory|workflow_software
2018-03-08,0.015352334593105036,0.015927334593105035,1.15,5,12,biotech|cloud|cybersecurity|dev_tools|medtech_devices
2018-03-09,0.005480250214104929,0.006213583547438262,1.4666666666666668,3,8,biotech|creative_software|diagnostics_tools
2018-03-12,-0.003743126477293481,-0.002743126477293481,2.0,3,7,memory|semicap_equipment|semis
2018-03-13,-0.019454684503234086,-0.018704684503234086,1.4999999999999998,4,10,airlines_travel|biotech|memory|transport_logistics
2018-03-14,-0.02231712125473158,-0.021400454588064912,1.8333333333333333,3,9,memory_storage|solar|utilities_yield
2018-03-15,-0.0049814998168736056,-0.004314833150206939,1.3333333333333335,3,9,electronics_components|transport_logistics|utilities_yield
2018-03-16,0.01744148724045191,0.017885931684896356,0.888888888888889,4,10,power_grid_electrification|real_estate_reits|transport_logistics|utilities_yield
2018-03-19,-0.008877519458680113,-0.00818307501423567,1.3888888888888888,3,9,renewables_storage|transport_logistics|utilities_yield
2018-03-20,0.005826782251180048,0.006521226695624493,1.3888888888888888,4,10,fintech|oil_exploration|renewables_storage|solar
2018-03-21,0.020835787162083737,0.021502453828750403,1.3333333333333333,4,10,copper_metals|energy|oil_exploration|oil_gas
2018-03-22,-0.006158942469577568,-0.005436720247355346,1.4444444444444444,3,7,energy|power_grid_electrification|utilities_yield
2018-03-23,-0.00770628170452143,-0.006928503926743651,1.5555555555555558,3,9,gold|gold_silver_miners|oil_exploration
2018-03-26,0.004475099653777252,0.005252877431555029,1.5555555555555554,3,9,construction_infrastructure|defense|energy
2018-03-27,-0.01991161202070995,-0.019467167576265505,0.8888888888888888,4,7,defense|energy|oil_exploration|oil_gas
2018-03-28,-0.014467463520611325,-0.013467463520611326,2.0,3,9,real_estate_reits|retail_consumer|utilities_yield
2018-03-29,-0.00925057389163439,-0.008583907224967723,1.3333333333333333,3,7,medtech|medtech_devices|retail_consumer
2018-04-02,-0.013810400489128585,-0.013477067155795252,0.6666666666666665,3,9,managed_care_insurance|medtech_devices|retail_consumer
2018-04-03,0.012862616276413868,0.013862616276413867,2.0,3,9,agriculture_food_inputs|power_grid_electrification|transport_logistics
2018-04-04,0.011472882141910112,0.012472882141910113,2.0,3,7,apparel_beauty_lifestyle|healthcare|managed_care
2018-04-05,0.0064655453108904614,0.007132211977557128,1.3333333333333335,3,9,apparel_beauty_lifestyle|construction_infrastructure|oil_integrated
2018-04-06,-0.018549852455290478,-0.01788318578862381,1.3333333333333335,3,9,apparel_beauty_lifestyle|nuclear_uranium|restaurants_food
2018-04-09,-0.007078482161099247,-0.006300704383321469,1.5555555555555558,3,7,diagnostics_tools|nuclear|uranium
2018-04-10,0.017751334139631134,0.018751334139631134,2.0,3,9,medtech_devices|oil_integrated|oil_services
2018-04-11,0.005449864308202487,0.005922086530424709,0.9444444444444445,4,11,gold_silver_miners|oil_gas|oil_integrated|oil_services
2018-04-12,-0.0024943572821281004,-0.0016610239487947671,1.6666666666666665,3,9,drones_autonomy|oil_services|semicap_equipment
2018-04-13,0.0037997557530826424,0.004466422419749309,1.3333333333333335,3,7,energy|oil_exploration|oil_services
2018-04-16,0.010141075784256319,0.01114107578425632,2.0,3,9,datacenter_infra|medtech_devices|storage
2018-04-17,0.004708792949026709,0.005375459615693376,1.3333333333333335,3,9,diagnostics_tools|storage|workflow_software
2018-04-18,0.00019673246984026156,0.0008633991365069283,1.3333333333333335,3,9,diagnostics_tools|oil_services|transport_logistics
2018-04-19,-0.009306604705386329,-0.00830660470538633,1.9999999999999998,3,7,energy|oil_exploration|silver
2018-04-20,-0.010887379381200716,-0.009887379381200715,2.0,3,6,aerospace|nuclear|uranium
2018-04-23,-0.007332434643060027,-0.006582434643060027,1.4999999999999998,4,12,aerospace|airlines_travel|energy|regional_banks
2018-04-24,-0.017050094084550382,-0.016383427417883716,1.333333333333333,4,12,networking_optical|oil_integrated|regional_banks|utilities_yield
2018-04-25,-0.0012043533822322363,-0.0004543533822322363,1.4999999999999998,3,9,medtech_devices|pharma|utilities_yield
2018-04-26,0.0030804286908496454,0.0038304286908496456,1.5,4,9,consumer|medtech_devices|pharma_largecap|restaurants
2018-04-27,-0.0011097499349456506,-0.00044308326827898403,1.3333333333333333,4,11,consumer|real_estate_reits|restaurants_food|utilities_yield
2018-04-30,-0.00856540971408403,-0.008315409714084029,0.49999999999999994,4,12,apparel_beauty_lifestyle|real_estate_reits|restaurants_food|utilities_yield
2018-05-01,0.006754380760768889,0.007671047427435555,1.833333333333333,3,9,homebuilders_housing|natural_gas|real_estate_reits
2018-05-02,-0.006673753094224737,-0.005895975316446958,1.5555555555555558,3,6,nuclear_uranium|real_estate_reits|uranium
2018-05-03,-0.02108957049245087,-0.02008957049245087,2.0000000000000004,3,8,business_apps|fintech|workflow_software
2018-05-04,0.00975202301814301,0.010474245240365233,1.4444444444444442,4,11,asset_managers|business_apps|mega_cap_platforms|semis
2018-05-07,0.00696533016838408,0.007687552390606302,1.4444444444444444,3,9,fintech|mega_cap_platforms|networking_optical
2018-05-08,0.014077060199917687,0.014743726866584353,1.3333333333333333,4,11,ai_infrastructure|dev_tools|networking_optical|workflow_software
2018-05-09,-0.009566165458103595,-0.008760609902548039,1.611111111111111,3,9,business_apps|storage|workflow_software
2018-05-10,0.008943248159153584,0.009693248159153584,1.5000000000000002,4,9,renewables_storage|semis|solar|storage
2018-05-11,-0.019769700051361343,-0.019019700051361343,1.5,4,11,biotech|biotech_innovation|drones_autonomy|renewables_storage
2018-05-14,0.011100991113361616,0.011656546668917172,1.111111111111111,3,8,biotech|energy|oil_exploration
2018-05-15,-0.0021452375297039803,-0.0011452375297039802,2.0,3,9,lithium_battery_materials|memory_storage|regional_banks
2018-05-16,0.03057683257887608,0.03107683257887608,1.0,4,12,airlines_travel|copper_metals|lithium_battery_materials|memory_storage
2018-05-17,-0.006770317355543583,-0.005770317355543583,1.9999999999999996,3,6,oil_exploration|oil_gas|oil_services
2018-05-18,-0.0036440356059994003,-0.0026440356059994003,2.0000000000000004,3,9,apparel_beauty_lifestyle|datacenter_infra|rare_earth_critical_minerals
2018-05-21,-0.00013894425057668766,0.0008610557494233124,2.0,3,9,industrial_automation|retail_consumer|transport_logistics
2018-05-22,-0.02541212409122336,-0.02441212409122336,2.0000000000000004,3,6,asset_managers|asset_managers_alts|silver
2018-05-23,-0.004844844944516152,-0.003844844944516152,2.0000000000000004,3,7,aerospace|creative_software|space_satellites
2018-05-24,-0.0006373828581990679,0.0002515060306898212,1.7777777777777781,3,8,business_apps|gold_silver_miners|silver
2018-05-25,-0.025574093011296727,-0.024574093011296726,2.0000000000000004,3,7,airlines_travel|semis|transport_logistics
2018-05-29,-0.020466754689216226,-0.019466754689216225,2.0,3,9,china_internet|real_estate_reits|utilities_yield
2018-05-30,0.013825771152382605,0.014492437819049271,1.3333333333333335,3,9,retail_consumer|utilities_yield|workflow_software
2018-05-31,-0.003799513731663687,-0.00313284706499702,1.3333333333333335,3,9,consumer_internet_marketplaces|natural_gas|utilities_yield
2018-06-01,0.0020598048626913794,0.0030598048626913794,2.0,3,9,ai_apps_agents|semicap_equipment|semis
2018-06-04,0.0036214669461782905,0.004510355835067179,1.7777777777777777,3,8,business_apps|cloud|workflow_software
2018-06-05,0.016218331692010843,0.016618331692010845,0.7999999999999998,5,12,ai_apps|business_apps|cloud|storage|workflow_software
2018-06-06,0.016643754410754948,0.017443754410754946,1.5999999999999999,3,7,ai_apps|copper|diagnostics_tools
2018-06-07,-0.020847218714089465,-0.019847218714089464,2.0,3,9,cloud|mega_banks|streaming_entertainment
2018-06-08,0.01713692221154951,0.017803588878216176,1.3333333333333335,3,9,cloud|diagnostics_tools|homebuilders_housing
2018-06-11,0.015452482800128148,0.01620248280012815,1.5,4,10,cloud|healthcare|managed_care|streaming_entertainment
2018-06-12,0.008380606459799423,0.009213939793132757,1.6666666666666665,3,9,china_internet|cybersecurity|robotics
2018-06-13,0.0029265060385578936,0.003926506038557894,1.9999999999999998,3,7,healthcare|managed_care|streaming_entertainment
2018-06-14,0.015161573361038488,0.015828240027705155,1.3333333333333333,3,7,consumer_internet_marketplaces|digital_ads_media|streaming_entertainment
2018-06-15,0.01589175381231557,0.01689175381231557,2.0,3,5,healthcare|managed_care|managed_care_insurance
2018-06-18,0.0011075125164149817,0.0021075125164149817,2.0,3,9,consumer_internet_marketplaces|creative_software|restaurants_food
2018-06-19,-0.009293718690496711,-0.00854371869049671,1.5,4,10,digital_ads_media|restaurants_food|streaming_entertainment|utilities_yield
2018-06-20,0.013080463671569294,0.013580463671569294,1.0,3,7,digital_ads_media|real_estate_reits|streaming_entertainment
2018-06-21,-0.0070171908312650615,-0.006239413053487284,1.5555555555555558,3,9,digital_ads_media|restaurants_food|utilities_yield
2018-06-22,-0.008910111172245393,-0.007910111172245394,2.0,3,7,energy|oil_gas|oil_services
2018-06-25,-0.024253040429367476,-0.023253040429367475,2.0,3,8,consumer_staples|obesity_glp1_health|utilities_yield
2018-06-26,-0.009130164189455673,-0.008380164189455672,1.5,4,11,datacenter_reits_towers|natural_gas|real_estate_reits|utilities_yield
2018-06-27,-0.0024759460070610147,-0.0014759460070610146,1.9999999999999996,3,7,oil_exploration|oil_gas|oil_services
2018-06-28,-6.975935055403856e-05,0.0007080184272237392,1.5555555555555556,3,9,datacenter_reits_towers|energy|real_estate_reits
2018-06-29,6.877970804557989e-05,0.0007354463747122465,1.3333333333333333,4,12,datacenter_infra|datacenter_reits_towers|gold|oil_exploration
2018-07-02,-0.009224587940649719,-0.00822458794064972,1.9999999999999998,3,9,cybersecurity|networking_optical|storage
2018-07-03,-0.012594591504467078,-0.011594591504467077,2.0,3,9,gold|gold_silver_miners|oil_integrated
2018-07-05,0.0043716681833980454,0.0053716681833980455,2.0,3,8,pharma|pharma_largecap|workflow_software
2018-07-06,0.015255144570221296,0.01592181123688796,1.3333333333333335,3,7,biotech|business_apps|pharma_largecap
2018-07-09,0.0016782410831724201,0.0026782410831724204,2.0000000000000004,3,7,healthcare|managed_care|regional_banks
2018-07-10,-0.006870868033666614,-0.006120868033666614,1.5000000000000002,4,8,managed_care|obesity_glp1_health|pharma|pharma_largecap
2018-07-11,-0.006673616485065953,-0.005673616485065953,2.0000000000000004,3,7,fintech|fintech_payments|mega_cap_platforms
2018-07-12,0.015661438028381172,0.016411438028381173,1.5,4,12,biotech|defense|dev_tools|fintech
2018-07-13,-0.0040005336795014826,-0.0032505336795014828,1.5,3,7,defense|defense_aerospace|healthcare
2018-07-16,0.0036596029235999527,0.003992936256933286,0.6666666666666667,3,7,aerospace|defense|defense_aerospace
2018-07-17,0.0075156509285273536,0.008515650928527354,2.0,3,9,ai_apps_agents|cybersecurity|fintech
2018-07-18,0.0016823613083164375,0.0026823613083164378,2.0000000000000004,3,6,airlines_travel|defense|defense_aerospace
2018-07-19,-0.0004081946365087131,0.00036958314126906474,1.5555555555555558,3,9,diagnostics_tools|drones_autonomy|natural_gas
2018-07-20,-0.001088504715961254,-0.0004885047159612539,1.2,5,13,banks_brokers_exchanges|diagnostics_tools|drones_autonomy|mega_banks|regional_banks
2018-07-23,0.008161343859640343,0.008561343859640342,0.7999999999999997,3,7,banks_brokers_exchanges|mega_banks|regional_banks
2018-07-24,0.001956100542882127,0.002956100542882127,2.0,3,9,copper_metals|diagnostics_tools|industrial_automation
2018-07-25,0.019953640881000698,0.0209536408810007,2.0,3,8,ai_apps_agents|energy|natural_gas
2018-07-26,-0.02718284979552327,-0.02618284979552327,2.0000000000000004,3,7,industrial_automation|nuclear|uranium
2018-07-27,-0.03244533875843468,-0.03177867209176801,1.3333333333333335,3,9,copper_metals|industrial_automation|mega_banks
2018-07-30,-0.004614367901221012,-0.0036143679012210126,2.0,3,8,oil_exploration|pharma|pharma_largecap
2018-07-31,0.0027072963100740234,0.0037072963100740234,2.0000000000000004,3,5,datacenter_infra|industrial_automation|power_grid_electrification
2018-08-01,-0.017290458572698484,-0.016290458572698483,2.0,3,6,managed_care|managed_care_insurance|real_estate_reits
2018-08-02,0.02209147953745639,0.022424812870789724,0.6666666666666667,4,6,advanced_packaging|healthcare|managed_care|managed_care_insurance
2018-08-03,-0.001475691152911184,-0.000475691152911184,2.0,3,9,power_grid_electrification|real_estate_reits|utilities_yield
2018-08-06,0.004782125756862544,0.005782125756862544,2.0,3,7,ai_apps|diagnostics_tools|workflow_software
2018-08-07,0.016732194360785053,0.017482194360785054,1.4999999999999998,4,10,ai_apps|electronics_components|healthcare|robotics
2018-08-08,-0.024079684628760967,-0.0234130179620943,1.3333333333333333,3,9,healthcare|mega_cap_platforms|retail_consumer
2018-08-09,-0.011210052898599863,-0.010210052898599862,2.0,3,9,apparel_beauty_lifestyle|cybersecurity|rare_earth_critical_minerals
2018-08-10,-0.014029021657688427,-0.013362354991021761,1.3333333333333337,3,9,apparel_beauty_lifestyle|energy|healthcare
2018-08-13,-0.008400025428873808,-0.007733358762207142,1.3333333333333335,3,7,healthcare|managed_care|retail_consumer
2018-08-14,0.023293709188330448,0.023543709188330448,0.49999999999999994,4,10,healthcare|managed_care|restaurants_food|retail_consumer
2018-08-15,-0.0029189223712001726,-0.002168922371200173,1.4999999999999998,4,8,consumer|real_estate_reits|restaurants|restaurants_food
2018-08-16,-0.0044718694984764535,-0.0037218694984764537,1.4999999999999998,4,10,healthcare|managed_care|pharma|real_estate_reits
2018-08-17,0.005756411055536343,0.006506411055536343,1.5,3,7,consumer_staples|real_estate_reits|retail_consumer
2018-08-20,-0.0027842955276899456,-0.0021176288610232786,1.3333333333333335,3,9,apparel_beauty_lifestyle|retail_consumer|transport_logistics
2018-08-21,-0.000731335664802668,0.00026866433519733197,2.0,3,9,datacenter_infra|homebuilders_housing|insurance
2018-08-22,-0.013778092078099064,-0.012778092078099063,2.0,3,9,business_apps|medtech_devices|oil_services
2018-08-23,0.010524046738342818,0.011190713405009484,1.3333333333333335,3,8,business_apps|retail_consumer|workflow_software
2018-08-24,0.04731053919923596,0.04764387253256929,0.6666666666666667,3,8,business_apps|gold_silver_miners|workflow_software
2018-08-27,0.010641226419555425,0.011530115308444314,1.7777777777777781,3,8,biotech|cloud|dev_tools
2018-08-28,0.013633204679816524,0.014272093568705412,1.2777777777777775,4,10,biotech|business_apps|diagnostics_tools|workflow_software
2018-08-29,0.00920980313200235,0.009709803132002351,1.0000000000000002,4,10,ai_infrastructure|business_apps|dev_tools|workflow_software
2018-08-30,-0.012618672785762782,-0.011618672785762783,1.9999999999999998,3,9,biotech|mega_cap_platforms|semicap_equipment
2018-08-31,-0.005752197719993146,-0.004752197719993146,2.0,3,7,fintech|fintech_payments|real_estate_reits
2018-09-04,0.003335679616528469,0.003724568505417358,0.7777777777777779,4,8,dev_tools|fintech|fintech_payments|payments
2018-09-05,-0.03707727359084817,-0.03607727359084817,1.9999999999999996,3,7,power_grid_electrification|transport_logistics|utilities_yield
2018-09-06,-0.009402180210854282,-0.00840218021085428,2.0,3,6,healthcare|managed_care|restaurants_food
2018-09-07,0.013422016977768446,0.013422016977768446,0.0,3,6,healthcare|managed_care|restaurants_food
2018-09-10,-0.02320371174177144,-0.02220371174177144,2.0000000000000004,3,9,datacenter_infra|defense|transport_logistics
2018-09-11,0.0011009038942176865,0.0013231261164399087,0.4444444444444444,3,9,datacenter_infra|drones_autonomy|transport_logistics
2018-09-12,-0.0032269403474713214,-0.0022269403474713214,2.0,3,9,homebuilders_housing|silver|uranium
2018-09-13,0.0005311033959286598,0.0012811033959286597,1.4999999999999998,4,12,china_internet|pharma|streaming_entertainment|uranium
2018-09-14,-0.01703184262185924,-0.01603184262185924,1.9999999999999996,3,9,datacenter_infra|oil_exploration|oil_services
2018-09-17,-0.003696918955502376,-0.003058030066613487,1.277777777777778,4,10,gold_silver_miners|oil_exploration|oil_gas|silver
2018-09-18,0.009621324694381251,0.010121324694381251,1.0,3,7,oil_exploration|oil_gas|oil_services
2018-09-19,0.017951815258364038,0.01842403748058626,0.9444444444444444,4,10,copper|natural_gas|oil_exploration|oil_gas
2018-09-20,0.00487187068561798,0.00562187068561798,1.5,3,9,asset_managers|copper|renewables_storage
2018-09-21,0.008442277985082975,0.009442277985082976,2.0,3,8,copper_metals|energy|oil_gas
2018-09-24,-0.011107739942048228,-0.010774406608714895,0.6666666666666667,3,8,energy|oil_exploration|oil_gas
2018-09-25,0.00553570927329963,0.006202375939966297,1.3333333333333335,3,9,energy|oil_integrated|oil_services
2018-09-26,-0.01330227584649605,-0.01230227584649605,2.0,3,9,medtech_devices|pharma_largecap|quantum_computing
2018-09-27,0.010534614675189348,0.011201281341856014,1.3333333333333335,3,9,healthcare|oil_exploration|pharma_largecap
2018-09-28,0.010608297204647737,0.011108297204647738,1.0,4,11,healthcare|medtech|medtech_devices|oil_exploration
2018-10-01,-0.00591231895176176,-0.004995652285095094,1.833333333333333,3,8,mega_cap_platforms|oil_exploration|oil_gas
2018-10-02,-0.013620875839393493,-0.012620875839393492,2.0000000000000004,3,6,pharma_largecap|power_grid_electrification|utilities_yield
2018-10-03,-0.003175509119341501,-0.002175509119341501,2.0,3,7,oil_exploration|oil_gas|uranium
2018-10-04,-0.006918310783589172,-0.005918310783589172,1.9999999999999998,3,9,banks_brokers_exchanges|regional_banks|utilities_yield
2018-10-05,0.0012758881835394217,0.0019425548502060885,1.3333333333333335,3,9,aerospace|agriculture_food_inputs|utilities_yield
2018-10-08,0.0054091668327598645,0.00596472238831542,1.1111111111111114,3,9,agriculture_food_inputs|natural_gas|utilities_yield
2018-10-09,0.000939866204067152,0.0013843106485115966,0.8888888888888891,3,9,natural_gas|oil_services|utilities_yield
2018-10-10,-0.03261175491020227,-0.03172286602131338,1.7777777777777777,3,9,banks_brokers_exchanges|consumer_staples|utilities_yield
2018-10-11,-0.03339695193749882,-0.03239695193749882,2.0,3,7,gold|gold_silver_miners|silver
2018-10-12,-0.010742598263869672,-0.00974259826386967,2.0,3,9,consumer|retail|travel
2018-10-15,-0.007213390188950692,-0.006213390188950692,2.0,3,9,copper|gold|gold_silver_miners
2018-10-16,-0.017095453482950544,-0.016095453482950543,2.0,3,8,medtech|medtech_devices|semicap_equipment
2018-10-17,0.0011441638197604831,0.0014774971530938166,0.6666666666666667,3,9,medtech_devices|networking_optical|semicap_equipment
2018-10-18,-0.029697484492080116,-0.02903081782541345,1.3333333333333335,3,9,datacenter_reits_towers|diagnostics_tools|networking_optical
2018-10-19,-0.018826029169657844,-0.018048251391880068,1.5555555555555554,3,9,insurance|networking_optical|real_estate_reits
2018-10-22,-0.01375987758348396,-0.012982099805706181,1.5555555555555558,3,8,fintech_payments|networking|networking_optical
2018-10-23,-0.004338692450093785,-0.0033386924500937846,2.0,3,9,airlines_travel|consumer_staples|real_estate_reits
2018-10-24,-0.007786683361973473,-0.00745335002864014,0.6666666666666665,3,7,consumer_staples|datacenter_reits_towers|real_estate_reits
2018-10-25,0.003521772017520254,0.004299549795298032,1.5555555555555556,3,9,asset_managers_alts|mega_cap_platforms|real_estate_reits
2018-10-26,-0.02443759605921593,-0.02354870717032704,1.7777777777777777,3,9,apparel_beauty_lifestyle|autos|homebuilders_housing
2018-10-29,0.005463960253428565,0.0059639602534285645,1.0,4,12,apparel_beauty_lifestyle|autos|consumer_staples|real_estate_reits
2018-10-30,0.020413590226555544,0.021163590226555545,1.4999999999999998,3,9,cloud|consumer_staples|homebuilders_housing
2018-10-31,0.004397541304096321,0.005397541304096321,2.0,3,9,travel|uranium|workflow_software
2018-11-01,0.01973124030857049,0.02073124030857049,2.0,3,9,advanced_packaging|biotech|construction_infrastructure
2018-11-02,0.002338428794918462,0.003005095461585129,1.3333333333333335,3,9,construction_infrastructure|electronics_components|nuclear_uranium
2018-11-05,0.03310804117717488,0.033774707843841546,1.3333333333333335,3,8,energy|natural_gas|nuclear_uranium
2018-11-06,-0.03021506207371131,-0.029215062073711308,2.0000000000000004,3,7,datacenter_infra|defense|defense_aerospace
2018-11-07,0.01230122753570056,0.01330122753570056,2.0000000000000004,3,6,managed_care|managed_care_insurance|solar
2018-11-08,-0.01584444642540218,-0.015511113092068846,0.6666666666666667,3,6,insurance|managed_care|managed_care_insurance
2018-11-09,-0.007558605941883239,-0.006558605941883239,2.0000000000000004,3,9,natural_gas|pharma_largecap|real_estate_reits
2018-11-12,-0.005221460007468408,-0.004554793340801741,1.3333333333333335,3,9,agriculture_food_inputs|real_estate_reits|restaurants_food
2018-11-13,-0.008789856511964091,-0.007789856511964091,2.0,3,8,airlines_travel|banks_brokers_exchanges|transport_logistics
2018-11-14,-0.007086429460557682,-0.006086429460557682,2.0,3,9,gold|real_estate_reits|restaurants_food
2018-11-15,-0.005036132677591299,-0.004036132677591299,2.0,3,9,ai_infrastructure|copper|regional_banks
2018-11-16,0.0039084452602178195,0.004797334149106708,1.7777777777777777,3,9,data_centers|pharma|real_estate_reits
2018-11-19,-0.005865731475807452,-0.005199064809140785,1.3333333333333335,3,6,obesity_glp1_health|pharma_largecap|real_estate_reits
2018-11-20,-0.023810612267264386,-0.022810612267264385,2.0,3,6,advanced_packaging|semicap_equipment|semis
2018-11-21,0.006723398945238448,0.007723398945238448,2.0,3,8,china_internet|copper_metals|gaming_sports_betting
2018-11-23,-0.03097207531748267,-0.02997207531748267,2.0,3,8,airlines_travel|diagnostics_tools|obesity_glp1_health
2018-11-26,0.005436418987023702,0.006436418987023702,2.0,3,9,asset_managers|autos|business_apps
2018-11-27,-0.010748068544262912,-0.009748068544262911,2.0,3,9,airlines_travel|consumer_internet_marketplaces|medtech_devices
2018-11-28,0.03270562329296409,0.03370562329296409,2.0,3,8,business_apps|healthcare|workflow_software
2018-11-29,0.009847819932431712,0.010320042154653935,0.9444444444444444,4,9,healthcare|managed_care|managed_care_insurance|workflow_software
2018-11-30,0.012426600333331018,0.01317660033333102,1.4999999999999996,3,7,biotech|pharma|workflow_software
2018-12-03,0.006343858190341579,0.007010524857008246,1.3333333333333333,3,8,dev_tools|robotics|workflow_software
2018-12-04,-0.04493050673173115,-0.04426384006506448,1.3333333333333335,3,7,managed_care|managed_care_insurance|robotics
2018-12-06,-0.02346507359334646,-0.02246507359334646,2.0,3,9,cloud|networking|real_estate_reits
2018-12-07,-0.04327811528895353,-0.042528115288953526,1.5,4,11,biotech_innovation|gold|gold_silver_miners|real_estate_reits
2018-12-10,-0.03588950990522445,-0.03488950990522445,1.9999999999999998,3,9,defense|networking_optical|utilities_yield
2018-12-11,0.002910004369976639,0.003410004369976639,1.0,4,12,datacenter_reits_towers|networking_optical|real_estate_reits|utilities_yield
2018-12-12,-0.0034035294092826605,-0.0026535294092826607,1.5,3,9,cloud|gold_silver_miners|networking_optical
2018-12-13,-0.00738042255885655,-0.006713755892189883,1.3333333333333333,3,8,energy|gold_silver_miners|obesity_glp1_health
2018-12-14,-0.015033452293350062,-0.014033452293350061,2.0000000000000004,3,7,defense|drones_autonomy|retail
2018-12-17,-0.03634291792840913,-0.03534291792840913,2.0000000000000004,3,7,gold|gold_silver_miners|silver
2018-12-18,0.030061354341674187,0.030061354341674187,0.0,3,7,gold|gold_silver_miners|silver
2018-12-19,-0.06725050642731542,-0.06625050642731542,2.0000000000000004,3,8,aerospace|obesity_glp1_health|restaurants_food
2018-12-20,-0.01793822929894201,-0.01718822929894201,1.5,4,10,gold|gold_silver_miners|obesity_glp1_health|silver
2018-12-21,-0.014967855461747758,-0.014217855461747758,1.5,3,9,gold_silver_miners|industrial_automation|insurance
2018-12-24,-0.0027935803377171983,-0.0021269136710505314,1.3333333333333335,3,9,gold|gold_silver_miners|silver
2018-12-26,-0.007207602208812864,-0.006207602208812864,2.0,3,9,energy|oil_gas|pharma_largecap
2018-12-27,0.0011372503055011307,0.0018316947499455753,1.3888888888888888,4,10,asset_managers|electronics_components|pharma|pharma_largecap
2018-12-28,-0.0016011436633876124,-0.0006844769967209457,1.8333333333333335,3,9,asset_managers_alts|medtech_devices|retail
2018-12-31,-0.00015396277645406283,0.0005127038902126039,1.3333333333333335,3,9,biotech|dev_tools|medtech_devices
2019-01-02,-0.017152059225286828,-0.016513170336397938,1.2777777777777777,4,11,biotech|biotech_innovation|oil_gas|workflow_software
2019-01-03,-0.03312385797061774,-0.03240163574839552,1.4444444444444444,3,9,biotech|real_estate_reits|silver
2019-01-04,0.018862020172717913,0.01963979795049569,1.5555555555555554,3,9,biotech|biotech_innovation|renewables_storage
2019-01-07,0.02525861272100533,0.026258612721005332,2.0,3,9,digital_ads_media|homebuilders_housing|retail_consumer
2019-01-08,0.017317852586104396,0.018095630363882172,1.5555555555555554,3,9,oil_exploration|renewables_storage|streaming_entertainment
2019-01-09,0.006495427496636538,0.007162094163303205,1.3333333333333335,3,9,homebuilders_housing|oil_exploration|oil_gas
2019-01-10,-0.005497261837581737,-0.004497261837581737,2.0,3,9,diagnostics_tools|electronics_components|fintech_payments
2019-01-11,0.0042295361025221825,0.004979536102522182,1.5,4,10,autos|electronics_components|restaurants_food|semis_compute
2019-01-14,-0.02205793049615487,-0.02130793049615487,1.4999999999999998,4,12,autos|healthcare|natural_gas|oil_exploration
2019-01-15,0.010366470221043478,0.011116470221043478,1.4999999999999996,3,7,healthcare|medtech|medtech_devices
2019-01-16,-0.0015635414689715624,-0.0008135414689715626,1.4999999999999996,4,10,banks_brokers_exchanges|healthcare|mega_banks|regional_banks
2019-01-17,-0.0013109599898361662,-0.0008109599898361661,1.0,4,12,medtech|mega_banks|regional_banks|solar
2019-01-18,0.006739767661802037,0.007239767661802037,1.0000000000000002,3,9,insurance|mega_banks|regional_banks
2019-01-22,-0.015671328732639184,-0.015004662065972518,1.3333333333333335,3,6,consumer|regional_banks|restaurants
2019-01-23,0.005323162456029697,0.005628718011585252,0.611111111111111,4,7,banks_brokers_exchanges|consumer|restaurants|restaurants_food
2019-01-24,0.0014371249326704987,0.0024371249326704987,2.0,3,7,memory|semis|semis_compute
2019-01-25,0.03789266829149876,0.03839266829149876,1.0,4,11,electronics_components|fintech_payments|memory|semis_compute
2019-01-28,-0.015660344907912283,-0.014743678241245617,1.8333333333333333,3,9,gold_silver_miners|real_estate_reits|semicap_equipment
2019-01-29,0.010854855104224811,0.011354855104224812,0.9999999999999999,4,10,defense|defense_aerospace|gold_silver_miners|real_estate_reits
2019-01-30,0.010892391431971998,0.011892391431971997,2.0,3,6,advanced_packaging|semicap_equipment|semis
2019-01-31,0.0028692020528336727,0.003869202052833673,2.0000000000000004,3,9,gold_silver_miners|homebuilders_housing|real_estate_reits
2019-02-01,0.00016831948233667136,0.0009183194823366712,1.4999999999999996,4,12,aerospace|cybersecurity|homebuilders_housing|workflow_software
2019-02-04,0.013164143884073977,0.01374747721740731,1.1666666666666667,5,12,aerospace|ai_apps|defense|vertical_software|workflow_software
2019-02-05,0.0167529985016599,0.017286331834993233,1.0666666666666667,3,6,ai_apps|business_apps|vertical_software
2019-02-06,0.07349885737242409,0.07416552403909075,1.3333333333333335,3,7,ai_apps|quantum_computing|semicap_equipment
2019-02-07,-0.011909524280047656,-0.010909524280047656,2.0,3,6,consumer|restaurants|vertical_software
2019-02-08,-0.0021571332423255688,-0.0011571332423255688,2.0,3,6,ai_apps|crypto_infrastructure|digital_ads_media
2019-02-11,-0.017975458284773968,-0.016975458284773967,2.0,3,9,biotech_innovation|medtech_devices|solar
2019-02-12,0.005503240346676919,0.006169907013343586,1.3333333333333337,3,9,homebuilders_housing|medtech_devices|networking
2019-02-13,-0.012253447054134226,-0.011253447054134225,2.0,3,7,ai_apps|datacenter_infra|vertical_software
2019-02-14,0.0036801087070380753,0.004280108707038075,1.1999999999999997,5,13,ai_apps|cloud|oil_exploration|renewables_storage|vertical_software
2019-02-15,0.010199574170389244,0.010999574170389244,1.5999999999999999,3,9,diagnostics_tools|medtech_devices|oil_exploration
2019-02-19,-0.012007878124124377,-0.011007878124124378,2.0,3,7,construction_infrastructure|gold_silver_miners|silver
2019-02-20,0.01300663187046568,0.01375663187046568,1.4999999999999996,4,11,copper|gold_silver_miners|power_grid_electrification|utilities_yield
2019-02-21,-0.06964815170890416,-0.06914815170890416,1.0,4,9,power_grid_electrification|rare_earth_critical_minerals|renewables_storage|utilities_yield
2019-02-22,0.009094918027625644,0.010094918027625643,1.9999999999999998,3,7,digital_ads_media|networking|networking_optical
2019-02-25,0.011368439328239645,0.012118439328239645,1.4999999999999998,4,10,ai_apps|china_internet|industrial_automation|networking
2019-02-26,0.004047199144689261,0.004797199144689261,1.5,3,9,biotech|china_internet|storage
2019-02-27,-0.007786102011544067,-0.007369435344877401,0.8333333333333335,4,8,biotech|biotech_innovation|china_internet|diagnostics_tools
2019-02-28,-0.016954935754462747,-0.016482713532240525,0.9444444444444445,3,9,china_internet|consumer_internet_marketplaces|diagnostics_tools
2019-03-01,0.011184029515077316,0.012072918403966204,1.7777777777777777,3,9,biotech|diagnostics_tools|medtech_devices
2019-03-04,-0.025901279068115863,-0.024901279068115862,2.0,3,8,china_internet|consumer_internet_marketplaces|energy
2019-03-05,0.0357373642183761,0.036070697551709434,0.6666666666666667,3,8,china_internet|consumer_internet_marketplaces|medtech_devices
2019-03-06,-0.03801025466643636,-0.03723247688865858,1.5555555555555558,3,9,china_internet|cloud|utilities_yield
2019-03-07,-0.005788393364962889,-0.005455060031629556,0.6666666666666667,3,8,cloud|obesity_glp1_health|utilities_yield
2019-03-08,0.005431624690570831,0.006181624690570831,1.5,4,11,gold_silver_miners|obesity_glp1_health|real_estate_reits|silver
2019-03-11,-0.009133444067728941,-0.00838344406772894,1.5,3,9,cloud|real_estate_reits|workflow_software
2019-03-12,0.006622936866116538,0.007206270199449871,1.1666666666666667,4,11,cloud|datacenter_reits_towers|real_estate_reits|silver
2019-03-13,0.0062766876831447565,0.0072766876831447565,1.9999999999999998,3,6,managed_care|managed_care_insurance|mega_cap_platforms
2019-03-14,-0.004285123786105891,-0.0032851237861058914,2.0,3,5,ai_apps|nuclear|uranium
2019-03-15,0.010048747323098201,0.011048747323098202,2.0,3,9,biotech|semis|storage
2019-03-18,-0.008791706037556338,-0.007791706037556338,2.0,3,9,mega_banks|oil_services|regional_banks
2019-03-19,-0.016180322375189553,-0.015180322375189553,2.0,3,9,dev_tools|healthcare|medtech_devices
2019-03-20,-0.0031803961240217046,-0.0021803961240217046,1.9999999999999996,3,7,energy|oil_gas|oil_services
2019-03-21,0.004057450340414949,0.005057450340414949,2.0,3,8,fintech_payments|networking|semis
2019-03-22,-0.03802300593536953,-0.03702300593536953,2.0,3,7,consumer|gold|restaurants
2019-03-25,0.008598872411612548,0.008954427967168103,0.7111111111111108,5,11,consumer|gold|gold_silver_miners|restaurants|silver
2019-03-26,0.006787812630275992,0.007787812630275992,1.9999999999999998,3,9,copper|mega_cap_platforms|oil_exploration
2019-03-27,-0.009352422126735628,-0.008352422126735629,2.0,3,9,homebuilders_housing|restaurants_food|retail_consumer
2019-03-28,0.007589269405591076,0.008255936072257743,1.3333333333333333,3,7,real_estate_reits|restaurants|restaurants_food
2019-03-29,0.0029874501574236063,0.0033207834907569398,0.6666666666666666,3,4,consumer|restaurants|restaurants_food
2019-04-01,-0.011906940076277017,-0.010906940076277016,2.0,3,9,banks_brokers_exchanges|copper|industrial_automation
2019-04-02,0.00035244820467475175,0.0010191148713414185,1.3333333333333335,3,7,airlines_travel|banks_brokers_exchanges|transport_logistics
2019-04-03,0.00893652108126672,0.009936521081266721,2.0000000000000004,3,8,electronics_components|industrial_automation|semicap_equipment
2019-04-04,0.007952004648553909,0.008285337981887242,0.6666666666666667,3,8,consumer_internet|electronics_components|industrial_automation
2019-04-05,0.008103230327288758,0.009103230327288759,2.0,3,6,lithium_battery_materials|rare_earth_critical_minerals|renewables_storage
2019-04-08,-0.013854858114144948,-0.013188191447478282,1.3333333333333335,3,9,consumer_internet|renewables_storage|solar
2019-04-09,-0.022178640727325165,-0.0215119740606585,1.3333333333333335,3,6,consumer_internet|managed_care|managed_care_insurance
2019-04-10,-0.01797139330669194,-0.01697139330669194,2.0000000000000004,3,9,copper|homebuilders_housing|solar
2019-04-11,-4.730407358286264e-05,0.0006193625930838041,1.3333333333333335,3,8,defense|drones_autonomy|homebuilders_housing
2019-04-12,0.010982935093578951,0.011732935093578952,1.4999999999999998,4,12,defense|networking|oil_exploration|travel
2019-04-15,-0.005716463736177539,-0.004966463736177539,1.5,3,9,consumer_staples|cybersecurity|networking
2019-04-16,-0.004645310767198811,-0.0037564218783099224,1.7777777777777777,3,9,banks_brokers_exchanges|insurance|networking
2019-04-17,0.01730788925423714,0.017974555920903808,1.3333333333333335,3,6,asset_managers|banks_brokers_exchanges|mega_banks
2019-04-18,-0.0004898515346594867,0.0005101484653405133,2.0,3,7,datacenter_infra|restaurants|restaurants_food
2019-04-22,-0.004362850968401449,-0.003362850968401449,2.0,3,9,asset_managers_alts|oil_gas|oil_services
2019-04-23,0.002524467582617628,0.003124467582617628,1.1999999999999997,5,15,asset_managers_alts|defense|drones_autonomy|oil_services|solar
2019-04-24,-0.007673705437321399,-0.006673705437321399,2.0,3,8,networking|restaurants|semis
2019-04-25,-0.011536535708615257,-0.010786535708615257,1.4999999999999998,4,12,biotech|cloud|restaurants|workflow_software
2019-04-26,0.009789328281758176,0.010539328281758176,1.4999999999999998,3,9,healthcare|solar|workflow_software
2019-04-29,0.0028402287400270706,0.0035068954066937376,1.3333333333333337,3,8,ai_apps|payments|workflow_software
2019-04-30,-0.01815278911271395,-0.017402789112713948,1.4999999999999998,4,12,insurance|payments|real_estate_reits|utilities_yield
2019-05-01,-0.001498976558774436,-0.0004989765587744363,1.9999999999999998,3,7,cloud|pharma|pharma_largecap
2019-05-02,0.004984464613154074,0.005984464613154074,2.0,3,9,apparel_beauty_lifestyle|defense|medtech_devices
2019-05-03,0.03228979012559966,0.03306756790337744,1.5555555555555554,3,9,airlines_travel|defense|solar
2019-05-06,-0.010991871180648751,-0.010325204513982085,1.3333333333333337,3,9,biotech_innovation|defense|medtech_devices
2019-05-07,-0.02455756232140968,-0.02355756232140968,2.0000000000000004,3,6,oil_gas|renewables_storage|solar
2019-05-08,-0.017052899592259373,-0.016302899592259373,1.4999999999999996,4,12,datacenter_reits_towers|defense|oil_exploration|oil_gas
2019-05-09,-0.004806016692827967,-0.004306016692827967,1.0,3,8,defense|defense_aerospace|oil_exploration
2019-05-10,-0.0027413228754766604,-0.0022413228754766604,1.0,4,11,asset_managers_alts|defense|defense_aerospace|insurance
2019-05-13,-0.010372178305941695,-0.009372178305941696,1.9999999999999998,3,8,crypto_infrastructure|gold|gold_silver_miners
2019-05-14,-0.013935275509701292,-0.012935275509701291,2.0000000000000004,3,7,business_apps|defense|drones_autonomy
2019-05-15,0.006951051616382336,0.007701051616382336,1.5,4,12,business_apps|payments|real_estate_reits|streaming_entertainment
2019-05-16,0.017003275299154297,0.017253275299154297,0.49999999999999994,4,12,business_apps|insurance|payments|real_estate_reits
2019-05-17,-0.006262274701805801,-0.0057622747018058005,1.0,4,11,cybersecurity|datacenter_reits_towers|insurance|real_estate_reits
2019-05-20,-0.013235039766776601,-0.0124850397667766,1.4999999999999998,3,9,insurance|renewables_storage|transport_logistics
2019-05-21,0.0045675614798067485,0.0055675614798067485,2.0,3,8,fintech_payments|payments|storage
2019-05-22,-0.00848972410960085,-0.007739724109600849,1.5,4,11,fintech_payments|pharma|pharma_largecap|utilities_yield
2019-05-23,-0.006852631442993352,-0.0066026314429933515,0.5,3,8,pharma|pharma_largecap|utilities_yield
2019-05-24,-0.006055223147514473,-0.005166334258625584,1.7777777777777777,3,9,defense|diagnostics_tools|regional_banks
2019-05-28,-0.004918625915869513,-0.004418625915869513,1.0000000000000002,4,12,business_apps|defense|diagnostics_tools|renewables_storage
2019-05-29,-0.006828415556849069,-0.006078415556849069,1.4999999999999998,3,9,consumer_staples|regional_banks|renewables_storage
2019-05-30,-0.0034485653467394,-0.0026985653467394,1.4999999999999998,4,12,consumer_staples|diagnostics_tools|gold|medtech
2019-05-31,0.0074129453893602626,0.008162945389360262,1.4999999999999998,3,8,gold|gold_silver_miners|silver
2019-06-03,0.04205860565238394,0.04239193898571727,0.6666666666666667,3,8,copper_metals|gold_silver_miners|silver
2019-06-04,-0.006761816322824291,-0.005761816322824291,2.0,3,9,construction_infrastructure|managed_care|semis
2019-06-05,-0.0015080851892123655,-0.0005080851892123656,2.0,3,9,diagnostics_tools|gold|gold_silver_miners
2019-06-06,0.002852342154781869,0.003852342154781869,2.0,3,5,consumer|restaurants|restaurants_food
2019-06-07,0.008535867887234497,0.009535867887234496,2.0,3,9,cloud|medtech|semis
2019-06-10,0.023185396262295932,0.02354095181785149,0.711111111111111,5,14,advanced_packaging|cloud|dev_tools|medtech|semis
2019-06-11,-0.020546123803700668,-0.019679457137034,1.7333333333333334,3,7,consumer_staples|medtech|retail
2019-06-12,0.005180686480122363,0.006180686480122363,2.0000000000000004,3,7,cybersecurity|pharma|pharma_largecap
2019-06-13,-0.007876895772041745,-0.006876895772041746,2.0,3,7,airlines_travel|solar|transport_logistics
2019-06-14,-0.012719746828100786,-0.011969746828100786,1.4999999999999996,4,12,airlines_travel|real_estate_reits|regional_banks|retail_consumer
2019-06-17,-0.004950783608007693,-0.004200783608007693,1.4999999999999998,3,8,datacenter_reits_towers|gold_silver_miners|real_estate_reits
2019-06-18,0.0035934346160526294,0.004315656838274852,1.4444444444444444,4,11,copper_metals|gold_silver_miners|silver|solar
2019-06-19,0.005960782688906174,0.006433004911128396,0.9444444444444444,3,9,copper_metals|cybersecurity|gold_silver_miners
2019-06-20,0.03693947967024681,0.03741170189246903,0.9444444444444444,4,11,copper_metals|gold|gold_silver_miners|silver
2019-06-21,0.006709729508052751,0.006909729508052751,0.39999999999999986,5,14,copper_metals|energy|gold|gold_silver_miners|silver
2019-06-24,0.006315387891137897,0.006698721224471231,0.7666666666666666,4,11,copper_metals|gold|gold_silver_miners|silver
2019-06-25,-0.01273408204116184,-0.01223408204116184,1.0,3,9,copper_metals|gold|oil_services
2019-06-26,0.015658799409370032,0.016408799409370033,1.4999999999999998,4,8,energy|oil_exploration|oil_gas|oil_services
2019-06-27,-0.015106957798629046,-0.014106957798629046,1.9999999999999996,3,8,construction_infrastructure|memory|semis_compute
2019-06-28,0.017168590218756167,0.017835256885422833,1.3333333333333335,3,8,construction_infrastructure|datacenter_infra|electronics_components
2019-07-01,0.008583582256239897,0.009250248922906563,1.3333333333333333,3,9,electronics_components|semis|semis_compute
2019-07-02,-0.016797331316194222,-0.01579733131619422,2.0,3,8,china_internet|renewables_storage|solar
2019-07-03,0.04541212998538586,0.04641212998538586,2.0,3,9,banks_brokers_exchanges|cybersecurity|diagnostics_tools
2019-07-05,0.005378324484695583,0.005878324484695583,1.0000000000000002,4,12,banks_brokers_exchanges|cybersecurity|fintech_payments|renewables_storage
2019-07-08,-0.007344211513517014,-0.006677544846850347,1.3333333333333335,3,8,cybersecurity|power_grid_electrification|utilities_yield
2019-07-09,-0.015235326456614164,-0.014735326456614163,1.0,4,12,cybersecurity|fintech_payments|utilities_yield|workflow_software
2019-07-10,0.030254482666130865,0.03092114933279753,1.3333333333333333,3,9,cybersecurity|fintech_payments|oil_exploration
2019-07-11,0.004886736692094619,0.005553403358761286,1.3333333333333333,3,7,fintech_payments|healthcare|managed_care
2019-07-12,0.019750641339369764,0.02019508578381421,0.8888888888888887,3,6,managed_care|managed_care_insurance|transport_logistics
2019-07-15,-0.009927900640097199,-0.008927900640097198,2.0000000000000004,3,9,fintech|fintech_payments|silver
2019-07-16,0.0073094614829531225,0.008059461482953122,1.4999999999999998,4,12,apparel_beauty_lifestyle|industrial_automation|silver|transport_logistics
2019-07-17,0.006806505071545278,0.007556505071545278,1.4999999999999998,3,8,copper_metals|gold_silver_miners|silver
2019-07-18,0.06253665453359099,0.06286998786692433,0.6666666666666667,3,8,gold_silver_miners|semis|silver
2019-07-19,-0.011797425681588848,-0.010797425681588849,2.0,3,9,copper|copper_metals|lithium_battery_materials
2019-07-22,0.00488494948515228,0.005662727262930057,1.5555555555555554,3,9,gold_silver_miners|semis|silver
2019-07-23,-0.006198129537933416,-0.005309240649044527,1.7777777777777777,3,9,electronics_components|regional_banks|semicap_equipment
2019-07-24,0.025296097594115,0.025962764260781666,1.3333333333333335,3,8,regional_banks|semicap_equipment|semis
2019-07-25,-0.026081777354600315,-0.025081777354600314,2.0,3,8,consumer_internet|digital_ads_media|homebuilders_housing
2019-07-26,0.010735896999038246,0.011402563665704912,1.3333333333333335,3,9,digital_ads_media|electronics_components|regional_banks
2019-07-29,-0.01979520087120676,-0.019128534204540092,1.3333333333333335,3,6,consumer|electronics_components|restaurants_food
2019-07-30,-0.003112271811643307,-0.002112271811643307,2.0000000000000004,3,9,construction_infrastructure|datacenter_reits_towers|drones_autonomy
2019-07-31,-0.0070346365176903415,-0.006701303184357008,0.6666666666666667,3,9,agriculture_food_inputs|construction_infrastructure|datacenter_reits_towers
2019-08-01,-0.008399603387077816,-0.007399603387077815,2.0,3,7,gold|gold_silver_miners|solar
2019-08-02,-0.0077919478191915805,-0.0067919478191915805,2.0,3,9,agriculture_food_inputs|real_estate_reits|utilities_yield
2019-08-05,-0.026379139370454403,-0.025712472703787737,1.3333333333333335,3,9,agriculture_food_inputs|gold_silver_miners|silver
2019-08-06,0.003751890594439539,0.004751890594439539,2.0,3,9,consumer_staples|insurance|utilities_yield
2019-08-07,0.012481810708306933,0.013231810708306934,1.5,4,11,consumer_staples|gold|gold_silver_miners|silver
2019-08-08,0.015365822807463597,0.016365822807463598,2.0,3,7,defense|defense_aerospace|real_estate_reits
2019-08-09,-0.006708065115579235,-0.0057080651155792346,2.0,3,9,gold_silver_miners|insurance|medtech_devices
2019-08-12,-0.007711931053412204,-0.006711931053412204,2.0,3,9,cybersecurity|real_estate_reits|solar
2019-08-13,0.021133762909565708,0.02213376290956571,2.0,3,8,china_internet|consumer_internet|semis
2019-08-14,-0.02854000173811202,-0.028095557293667573,0.888888888888889,4,10,biotech_innovation|china_internet|consumer_internet|gaming_sports_betting
2019-08-15,0.0017267819230643484,0.0027267819230643482,1.9999999999999996,3,9,consumer_staples|medtech|real_estate_reits
2019-08-16,0.006095934690271895,0.006762601356938562,1.3333333333333335,3,8,consumer_staples|mega_cap_platforms|retail
2019-08-19,0.016295145777651763,0.01685070133320732,1.1111111111111112,3,8,consumer_staples|retail|semis
2019-08-20,-0.00476227010324606,-0.0037622701032460596,2.0,3,9,biotech_innovation|gold_silver_miners|homebuilders_housing
2019-08-21,0.006533010030518329,0.007421898919407218,1.7777777777777777,3,9,ai_infrastructure|asset_managers_alts|homebuilders_housing
2019-08-22,0.006469784065545233,0.006969784065545233,1.0,4,11,ai_infrastructure|homebuilders_housing|retail|retail_consumer
2019-08-23,-0.036483846032072116,-0.035483846032072115,1.9999999999999998,3,7,copper_metals|gold_silver_miners|silver
2019-08-26,0.0036041833170835655,0.0046041833170835655,2.0000000000000004,3,8,business_apps|consumer_staples|retail
2019-08-27,0.00221237142264528,0.00271237142264528,1.0,4,10,business_apps|consumer_staples|gold_silver_miners|silver
2019-08-28,8.014189797579273e-05,0.0008301418979757926,1.4999999999999998,3,8,consumer_staples|medtech_devices|retail_consumer
2019-08-29,0.014601381249293242,0.015601381249293243,2.0,3,9,business_apps|gold_silver_miners|regional_banks
2019-08-30,-0.003922479056578301,-0.0032558123899116337,1.3333333333333335,3,6,datacenter_infra|power_grid_electrification|regional_banks
2019-09-03,-0.033366497327573325,-0.032616497327573324,1.5,4,11,gold_silver_miners|power_grid_electrification|real_estate_reits|silver
2019-09-04,0.01617952147402297,0.01717952147402297,2.0,3,9,copper|natural_gas|semicap_equipment
2019-09-05,0.029450940727787343,0.029950940727787343,1.0,4,11,copper|datacenter_infra|industrial_automation|semicap_equipment
2019-09-06,0.0024411808883550625,0.0034411808883550625,1.9999999999999998,3,9,oil_services|storage|uranium
2019-09-09,0.018073478949702154,0.018823478949702155,1.5,4,10,natural_gas|oil_gas|oil_services|semicap_equipment
2019-09-10,0.00475150297834202,0.00575150297834202,1.9999999999999998,3,9,electronics_components|regional_banks|semis_compute
2019-09-11,0.006019697608987871,0.007019697608987871,2.0,3,9,airlines_travel|asset_managers_alts|semicap_equipment
2019-09-12,-0.003620568701318536,-0.002620568701318536,2.0,3,8,asset_managers|banks_brokers_exchanges|regional_banks
2019-09-13,0.005176876919005526,0.005426876919005526,0.5,4,11,asset_managers|banks_brokers_exchanges|industrial_automation|regional_banks
2019-09-16,-0.001130119592850142,-0.00013011959285014207,1.9999999999999996,3,7,energy|oil_gas|oil_services
2019-09-17,-0.06607317552414967,-0.06507317552414967,2.0,3,8,ai_apps|natural_gas|solar
2019-09-18,-0.015066953507592124,-0.014316953507592123,1.4999999999999998,4,11,ai_apps|defense|homebuilders_housing|oil_gas
2019-09-19,-0.002836998115788223,-0.0020869981157882233,1.4999999999999998,4,10,managed_care_insurance|oil_gas|renewables_storage|solar
2019-09-20,-0.002525612140567456,-0.001775612140567456,1.4999999999999998,4,11,biotech|oil_gas|pharma_largecap|real_estate_reits
2019-09-23,-0.00043330121403864345,0.0005666987859613564,1.9999999999999998,3,9,gold_silver_miners|homebuilders_housing|renewables_storage
2019-09-24,-0.01214740841290784,-0.01139740841290784,1.4999999999999998,4,9,homebuilders_housing|power_grid_electrification|real_estate_reits|utilities_yield
2019-09-25,0.0030165080339143915,0.0037665080339143917,1.5,3,9,asset_managers_alts|electronics_components|homebuilders_housing
2019-09-26,0.01275938058135531,0.013648269470244199,1.7777777777777777,3,9,homebuilders_housing|insurance|real_estate_reits
2019-09-27,-0.005969134667212974,-0.004969134667212974,2.0,3,9,consumer_staples|power_grid_electrification|regional_banks
2019-09-30,-0.009542776006260054,-0.008542776006260053,2.0,3,8,apparel_beauty_lifestyle|construction_infrastructure|homebuilders_housing
2019-10-01,-0.02272383975189546,-0.02197383975189546,1.5,4,10,ai_infrastructure|apparel_beauty_lifestyle|mega_cap_platforms|semis
2019-10-02,-0.01526117182716585,-0.014261171827165851,2.0,3,9,consumer_staples|homebuilders_housing|real_estate_reits
2019-10-03,0.009850445694596022,0.010850445694596022,2.0,3,9,mega_cap_platforms|pharma|workflow_software
2019-10-04,0.019285035242959277,0.019757257465181498,0.9444444444444445,4,11,medtech|mega_cap_platforms|pharma|semis
2019-10-07,-0.0033250525131163122,-0.0025750525131163124,1.4999999999999998,3,9,mega_cap_platforms|nuclear|workflow_software
2019-10-08,-0.0165073098107043,-0.0155073098107043,2.0,3,9,datacenter_reits_towers|gold_silver_miners|real_estate_reits
2019-10-09,-0.006916019336452853,-0.005916019336452853,2.0,3,9,advanced_packaging|ai_apps_agents|business_apps
2019-10-10,-0.003440581199967262,-0.002440581199967262,2.0000000000000004,3,6,nuclear_uranium|solar|uranium
2019-10-11,-0.0229361568411003,-0.0219361568411003,2.0000000000000004,3,9,apparel_beauty_lifestyle|industrial_automation|mega_cap_platforms
2019-10-14,-0.0013508542618003066,-0.0006008542618003068,1.4999999999999996,4,12,apparel_beauty_lifestyle|banks_brokers_exchanges|storage|transport_logistics
2019-10-15,0.021557051597063087,0.022307051597063088,1.4999999999999996,4,11,banks_brokers_exchanges|semicap_equipment|semis|semis_compute
2019-10-16,-0.018950340226008895,-0.018200340226008895,1.5,3,9,banks_brokers_exchanges|consumer_internet|transport_logistics
2019-10-17,-0.0006272475566777066,0.00037275244332229344,2.0,3,8,datacenter_infra|industrial_automation|managed_care
2019-10-18,0.007765612897944195,0.008432279564610862,1.3333333333333335,3,9,construction_infrastructure|datacenter_infra|regional_banks
2019-10-21,0.006101800068647787,0.006768466735314454,1.3333333333333335,3,9,electronics_components|mega_banks|regional_banks
2019-10-22,0.006705323620954896,0.007705323620954896,2.0000000000000004,3,6,managed_care|managed_care_insurance|transport_logistics
2019-10-23,-0.0058613877191581905,-0.004972498830269302,1.7777777777777781,3,8,asset_managers_alts|energy|industrial_automation
2019-10-24,-0.0036856213265904604,-0.0027967324377015717,1.7777777777777777,3,9,advanced_packaging|gold_silver_miners|renewables_storage
2019-10-25,0.007192381598817784,0.007942381598817784,1.5,4,12,advanced_packaging|oil_services|robotics|transport_logistics
2019-10-28,0.0008640769307137093,0.0014640769307137091,1.1999999999999997,5,14,biotech|electronics_components|pharma_largecap|robotics|transport_logistics
2019-10-29,0.007435663578712119,0.008368996912045453,1.8666666666666667,3,9,biotech_innovation|gold_silver_miners|natural_gas
2019-10-30,-0.011372197498274672,-0.010705530831608006,1.3333333333333335,3,9,cybersecurity|gold_silver_miners|pharma_largecap
2019-10-31,0.00756640738277154,0.008010851827215984,0.8888888888888891,4,8,gold|gold_silver_miners|pharma_largecap|silver
2019-11-01,-0.002793334654045964,-0.0017933346540459636,2.0,3,9,agriculture_food_inputs|biotech|defense_aerospace
2019-11-04,0.00035801226712195856,0.0011080122671219585,1.4999999999999998,4,12,agriculture_food_inputs|china_internet|industrial_automation|oil_gas
2019-11-05,0.022888510278898627,0.023805176945565294,1.833333333333333,3,9,aerospace|apparel_beauty_lifestyle|electronics_components
2019-11-06,-0.010238939088334311,-0.009238939088334312,2.0,3,9,insurance|regional_banks|retail_consumer
2019-11-07,0.0023037061551124645,0.0033037061551124645,2.0,3,9,industrial_automation|mega_banks|oil_gas
2019-11-08,0.00819664882925138,0.009196648829251381,2.0000000000000004,3,6,healthcare|insurance|managed_care
2019-11-11,-0.01195156497416441,-0.01095156497416441,2.0000000000000004,3,9,agriculture_food_inputs|payments|renewables_storage
2019-11-12,0.024899047478678698,0.025565714145345364,1.3333333333333335,3,8,medtech_devices|renewables_storage|utilities_yield
2019-11-13,0.1086118717822358,0.1091118717822358,1.0000000000000002,4,12,biotech_innovation|diagnostics_tools|medtech_devices|utilities_yield
2019-11-14,0.020250645398641014,0.021000645398641014,1.4999999999999998,3,8,defense|renewables_storage|utilities_yield
2019-11-15,0.00858620536055652,0.009252872027223186,1.3333333333333335,3,9,diagnostics_tools|medtech|renewables_storage
2019-11-18,0.005465674514018805,0.006354563402907694,1.7777777777777777,3,7,digital_ads_media|streaming_entertainment|utilities_yield
2019-11-19,-0.03392987236749605,-0.032929872367496046,2.0,3,9,biotech|dev_tools|diagnostics_tools
2019-11-20,0.010203804709069673,0.010759360264625229,1.1111111111111112,3,9,cloud|diagnostics_tools|workflow_software
2019-11-21,-0.014598546774502279,-0.013598546774502278,2.0,3,9,biotech|managed_care_insurance|oil_exploration
2019-11-22,-0.000682957272358378,-1.6290605691711272e-05,1.3333333333333335,3,9,airlines_travel|biotech|cloud
2019-11-25,0.026199511997417088,0.026866178664083754,1.3333333333333335,3,9,asset_managers|biotech|pharma_largecap
2019-11-26,0.010330556153561005,0.011330556153561004,2.0,3,8,business_apps|cloud|vertical_software
2019-11-27,0.012543793384138172,0.01343268227302706,1.7777777777777777,3,9,asset_managers|creative_software|pharma_largecap
2019-11-29,-0.0040841120465497024,-0.003334112046549702,1.5,4,11,biotech_innovation|consumer_internet_marketplaces|creative_software|travel
2019-12-02,-0.02610630500615161,-0.02510630500615161,2.0,3,9,agriculture_food_inputs|consumer_internet_marketplaces|gold_silver_miners
2019-12-03,0.01292173359672085,0.013588400263387515,1.3333333333333333,3,6,gold|gold_silver_miners|silver
2019-12-04,-0.0063188865960618085,-0.0053188865960618085,2.0,3,6,oil_services|pharma|pharma_largecap
2019-12-05,-0.003881119967598063,-0.002881119967598063,2.0,3,7,gold_silver_miners|rare_earth_critical_minerals|silver
2019-12-06,-0.02278378726855363,-0.02178378726855363,2.0,3,6,energy|oil_exploration|oil_services
2019-12-09,0.013840537879476693,0.014240537879476692,0.7999999999999999,5,10,energy|natural_gas|oil_exploration|oil_gas|oil_services
2019-12-10,0.0063668845586552026,0.006833551225321869,0.9333333333333333,3,9,natural_gas|oil_services|regional_banks
2019-12-11,-0.0057946252840625915,-0.004794625284062591,2.0,3,9,copper|datacenter_infra|rare_earth_critical_minerals
2019-12-12,0.008171323038667596,0.008837989705334262,1.3333333333333335,3,9,copper|oil_gas|oil_services
2019-12-13,-0.006394527341709937,-0.005505638452821048,1.7777777777777777,3,9,copper|gold_silver_miners|utilities_yield
2019-12-16,0.00014563575107228084,0.0011456357510722809,2.0,3,7,energy|memory|memory_storage
2019-12-17,0.004141235320960715,0.004385679765405159,0.4888888888888888,5,10,energy|memory|memory_storage|oil_services|semis_compute
2019-12-18,0.001458014317621256,0.002058014317621256,1.2000000000000002,4,10,energy|oil_gas|oil_services|utilities_yield
2019-12-19,-0.0009761005979572924,-5.943393129062579e-05,1.8333333333333333,3,9,datacenter_reits_towers|mega_cap_platforms|solar
2019-12-20,0.005376135530490595,0.006376135530490595,2.0,3,9,agriculture_food_inputs|airlines_travel|memory
2019-12-23,0.0057900601448658655,0.0067900601448658655,2.0000000000000004,3,6,energy|natural_gas|oil_exploration
2019-12-24,-0.004357969386412702,-0.0036913027197460354,1.3333333333333335,3,8,gold_silver_miners|oil_exploration|silver
2019-12-26,0.005561878317178951,0.005895211650512284,0.6666666666666667,3,8,digital_ads_media|gold_silver_miners|silver
2019-12-27,-0.02155753640681468,-0.02055753640681468,2.0000000000000004,3,7,consumer_internet_marketplaces|mega_cap_platforms|robotics
2019-12-30,-0.005217561385189361,-0.004217561385189361,2.0000000000000004,3,6,gold|gold_silver_miners|silver
2019-12-31,-0.008172221670401214,-0.007172221670401213,2.0000000000000004,3,9,datacenter_reits_towers|fintech_payments|real_estate_reits
2020-01-02,0.0005162709827101588,0.001516270982710159,2.0000000000000004,3,6,china_internet|consumer_internet|consumer_internet_marketplaces
2020-01-03,0.01008889706317775,0.010838897063177751,1.5,4,9,china_internet|defense|defense_aerospace|utilities_yield
2020-01-06,0.005344321441500136,0.006177654774833469,1.6666666666666667,3,9,china_internet|dev_tools|renewables_storage
2020-01-07,-0.01618574194266566,-0.01579685305377677,0.7777777777777779,4,11,china_internet|consumer_internet|renewables_storage|workflow_software
2020-01-08,0.013922040500412422,0.014672040500412422,1.4999999999999998,3,9,business_apps|networking_optical|workflow_software
2020-01-09,0.010789567917863094,0.01145623458452976,1.3333333333333333,4,12,business_apps|dev_tools|medtech|oil_exploration
2020-01-10,-0.005163635590765286,-0.00424696892409862,1.833333333333333,3,7,cloud|cybersecurity|lithium_battery_materials
2020-01-13,0.03818039019595865,0.03868039019595865,1.0,4,7,cloud|cybersecurity|fintech|payments
2020-01-14,-0.006737066417615151,-0.005737066417615151,2.0,3,9,renewables_storage|semicap_equipment|transport_logistics
2020-01-15,-0.0036432948764437683,-0.0027544059875548796,1.7777777777777777,3,8,ai_apps|rare_earth_critical_minerals|utilities_yield
2020-01-16,0.0004460534797896536,0.0011127201464563204,1.3333333333333335,3,8,ai_apps|medtech_devices|semicap_equipment
2020-01-17,-0.002927738343721842,-0.002261071677055175,1.3333333333333335,3,8,ai_apps|fintech_payments|utilities_yield
2020-01-21,-0.0020072299873767647,-0.0013405633207100977,1.3333333333333335,3,9,real_estate_reits|semicap_equipment|utilities_yield
2020-01-22,-0.008774937258757083,-0.008108270592090417,1.3333333333333335,3,9,asset_managers_alts|fintech_payments|utilities_yield
2020-01-23,0.012961179188746806,0.013961179188746805,2.0,3,9,creative_software|homebuilders_housing|semis
2020-01-24,-0.005847060529028934,-0.005180393862362267,1.3333333333333335,3,8,creative_software|defense|dev_tools
2020-01-27,-0.01855882850548386,-0.017892161838817193,1.3333333333333335,3,9,defense|homebuilders_housing|real_estate_reits
2020-01-28,0.015811367854319233,0.016144701187652568,0.6666666666666667,3,9,defense|fintech_payments|homebuilders_housing
2020-01-29,-0.0010909911076225133,-9.099110762251323e-05,2.0,3,7,datacenter_infra|power_grid_electrification|restaurants
2020-01-30,-0.009098847520674937,-0.008098847520674936,2.0000000000000004,3,8,dev_tools|payments|workflow_software
2020-01-31,-0.020858368370976307,-0.019858368370976306,2.0000000000000004,3,7,consumer_staples|power_grid_electrification|utilities_yield
2020-02-03,0.017306407534779952,0.018306407534779953,2.0,3,9,fintech_payments|solar|workflow_software
2020-02-04,0.026215049631097467,0.027215049631097468,2.0,3,9,drones_autonomy|rare_earth_critical_minerals|robotics
2020-02-05,-0.013400963490899143,-0.012734296824232477,1.3333333333333335,3,9,agriculture_food_inputs|drones_autonomy|insurance
2020-02-06,0.00019163534592399854,0.0011916353459239986,2.0,3,8,china_internet|consumer_internet|pharma_largecap
2020-02-07,-0.002535537222166361,-0.0016466483332774721,1.7777777777777777,3,9,biotech|cloud_neocloud|space_satellites
2020-02-10,0.018040072709170074,0.01870673937583674,1.3333333333333335,3,8,biotech|biotech_innovation|renewables_storage
2020-02-11,-0.02189493269878897,-0.02089493269878897,2.0,3,9,insurance|managed_care|semicap_equipment
2020-02-12,0.005608438269301842,0.006302882713746287,1.3888888888888888,4,10,managed_care|managed_care_insurance|renewables_storage|storage
2020-02-13,-0.018163304793739083,-0.017163304793739082,1.9999999999999998,3,9,cybersecurity|fintech_payments|real_estate_reits
2020-02-14,0.009151369555628295,0.009568036222294962,0.8333333333333335,4,9,datacenter_reits_towers|fintech_payments|real_estate_reits|utilities_yield
2020-02-18,0.001016724143388438,0.001766724143388438,1.5,3,9,gold_silver_miners|retail|utilities_yield
2020-02-19,0.03883682708139779,0.03983682708139779,2.0,3,8,cloud|renewables_storage|solar
2020-02-20,0.008200851783688592,0.008506407339244147,0.6111111111111112,4,10,cloud|renewables_storage|solar|utilities_yield
2020-02-21,-0.0356880640761852,-0.0349380640761852,1.4999999999999998,3,9,gold_silver_miners|silver|utilities_yield
2020-02-24,0.0053264404575172775,0.005659773790850611,0.6666666666666666,3,8,copper_metals|gold_silver_miners|silver
2020-02-25,-0.03800456585721764,-0.03744901030166209,1.1111111111111112,3,9,biotech|gold|gold_silver_miners
2020-02-26,0.029430871569832286,0.030097538236498952,1.3333333333333335,3,6,biotech|biotech_innovation|pharma_largecap
2020-02-27,-0.019755801880266325,-0.01942246854693299,0.6666666666666667,3,8,biotech|biotech_innovation|gold
2020-02-28,0.03691601498460774,0.03791601498460774,2.0,3,9,nuclear|streaming_entertainment|workflow_software
2020-03-02,0.02504784739339816,0.02604784739339816,2.0,3,8,pharma|pharma_largecap|retail
2020-03-03,-0.022024262462773888,-0.021357595796107222,1.3333333333333335,3,9,biotech_innovation|pharma|uranium
2020-03-04,0.18935198355133873,0.19007420577356096,1.4444444444444444,4,8,healthcare|managed_care|pharma|pharma_largecap
2020-03-05,-0.02345048151691427,-0.02270048151691427,1.5,4,12,biotech_innovation|cloud|gaming_sports_betting|healthcare
2020-03-06,-0.05405237254073547,-0.05305237254073547,1.9999999999999998,3,9,consumer_staples|obesity_glp1_health|utilities_yield
2020-03-09,-0.027677392900344714,-0.027010726233678048,1.3333333333333335,3,5,consumer_staples|retail|retail_consumer
2020-03-10,0.0314338461514298,0.0319338461514298,0.9999999999999999,4,10,consumer_staples|datacenter_reits_towers|managed_care_insurance|retail
2020-03-11,-0.04071245431504607,-0.03996245431504607,1.5000000000000002,3,8,datacenter_reits_towers|pharma|pharma_largecap
2020-03-12,-0.0686717524082833,-0.0676717524082833,2.0000000000000004,3,7,consumer_staples|medtech_devices|retail_consumer
2020-03-13,0.049948073972062176,0.050614740638728846,1.3333333333333335,3,9,consumer_staples|natural_gas|pharma_largecap
2020-03-16,-0.07744998947073578,-0.07678332280406912,1.3333333333333335,3,9,consumer_staples|fintech|transport_logistics
2020-03-17,0.06534632127777538,0.06601298794444205,1.3333333333333337,3,9,consumer_staples|datacenter_reits_towers|pharma_largecap
2020-03-18,-0.030356416897140415,-0.029884194674918194,0.9444444444444446,4,11,consumer_staples|pharma|pharma_largecap|retail
2020-03-19,-0.018058228455222213,-0.017058228455222212,1.9999999999999998,3,9,creative_software|cybersecurity|mega_banks
2020-03-20,-0.027807024750451634,-0.02714035808378497,1.3333333333333335,3,9,cybersecurity|diagnostics_tools|workflow_software
2020-03-23,0.022317030825908492,0.022828141937019604,1.0222222222222221,5,12,cloud|cybersecurity|gold_silver_miners|silver|workflow_software
2020-03-24,0.07841695980152108,0.0792391820237433,1.6444444444444444,3,9,airlines_travel|cybersecurity|restaurants_food
2020-03-25,0.05362301385350004,0.05428968052016671,1.3333333333333335,3,9,airlines_travel|homebuilders_housing|oil_integrated
2020-03-26,0.015152173641520342,0.015902173641520342,1.5,4,11,defense|memory|oil_integrated|storage
2020-03-27,-0.05490232970972824,-0.05390232970972824,2.0,3,8,real_estate_reits|restaurants_food|retail_consumer
2020-03-30,-0.015587408546909185,-0.014587408546909186,2.0,3,9,managed_care|oil_integrated|utilities_yield
2020-03-31,-0.00565782369767219,-0.00465782369767219,2.0,3,6,construction_infrastructure|datacenter_infra|power_grid_electrification
2020-04-01,-0.040246788774514444,-0.03924678877451444,2.0,3,9,cybersecurity|retail|uranium
2020-04-02,0.012166249698510271,0.013166249698510272,2.0,3,8,energy|oil_gas|oil_integrated
2020-04-03,0.009824660089702559,0.010157993423035892,0.6666666666666667,3,6,energy|oil_exploration|oil_gas
2020-04-06,0.02599993395754714,0.026999933957547143,2.0000000000000004,3,9,consumer_staples|copper_metals|crypto_infrastructure
2020-04-07,-0.010624306378792523,-0.009624306378792523,2.0000000000000004,3,6,energy|nuclear|uranium
2020-04-08,0.019567083115363374,0.02023374978203004,1.3333333333333333,3,7,energy|oil_exploration|oil_gas
2020-04-09,0.03350525299269093,0.03450525299269093,1.9999999999999998,3,9,airlines_travel|real_estate_reits|restaurants_food
2020-04-13,-0.09331930669708918,-0.09231930669708918,2.0,3,8,copper_metals|gold_silver_miners|oil_services
2020-04-14,-0.0020411998114400294,-0.0010411998114400293,2.0,3,9,digital_ads_media|rare_earth_critical_minerals|retail_consumer
2020-04-15,-0.04369522090135149,-0.04294522090135149,1.4999999999999998,4,12,airlines_travel|consumer_internet_marketplaces|digital_ads_media|natural_gas
2020-04-16,-0.02503685269828987,-0.024036852698289868,1.9999999999999996,3,9,biotech|gaming_sports_betting|managed_care_insurance
2020-04-17,0.016742036437271086,0.017408703103937752,1.3333333333333335,3,8,biotech|medtech|medtech_devices
2020-04-20,0.018404175008890467,0.019154175008890467,1.5,4,9,biotech|consumer_internet_marketplaces|nuclear|uranium
2020-04-21,-0.050613388506674996,-0.049696721840008326,1.8333333333333333,3,9,biotech_innovation|diagnostics_tools|natural_gas
2020-04-22,-0.006879520287886211,-0.005879520287886211,2.0,3,7,nuclear|restaurants_food|uranium
2020-04-23,0.014891585261184153,0.015491585261184153,1.2,5,10,energy|nuclear|oil_exploration|oil_gas|uranium
2020-04-24,0.006146982564476028,0.007080315897809361,1.8666666666666665,3,9,electronics_components|gold_silver_miners|natural_gas
2020-04-27,0.02361071925718196,0.02436071925718196,1.4999999999999998,4,12,electronics_components|homebuilders_housing|industrial_automation|regional_banks
2020-04-28,0.03721188406369241,0.03746188406369241,0.49999999999999994,4,12,construction_infrastructure|electronics_components|homebuilders_housing|industrial_automation
2020-04-29,0.0753908712233515,0.0761408712233515,1.4999999999999996,3,9,airlines_travel|electronics_components|oil_services
2020-04-30,-0.0028736234442341543,-0.0022069567775674873,1.3333333333333335,3,8,construction_infrastructure|oil_gas|oil_services
2020-05-01,-0.08989091504208785,-0.08922424837542119,1.3333333333333335,3,9,construction_infrastructure|copper_metals|retail_consumer
2020-05-04,-0.009558065148876556,-0.008808065148876556,1.5,4,11,copper_metals|energy|oil_exploration|oil_gas
2020-05-05,-0.01293323890713858,-0.01193323890713858,1.9999999999999998,3,9,dev_tools|fintech_payments|homebuilders_housing
2020-05-06,0.020407420131404754,0.021407420131404755,2.0,3,9,cybersecurity|diagnostics_tools|gaming_sports_betting
2020-05-07,0.016250909795987405,0.016750909795987406,1.0,4,12,cybersecurity|gaming_sports_betting|silver|workflow_software
2020-05-08,-0.0066357265982441745,-0.0056357265982441744,1.9999999999999998,3,7,consumer_internet_marketplaces|memory|memory_storage
2020-05-11,0.036003075395317406,0.03700307539531741,2.0,3,9,biotech|cybersecurity|diagnostics_tools
2020-05-12,-0.01289055101075975,-0.012251662121870862,1.2777777777777777,4,10,biotech_innovation|china_internet|consumer_internet_marketplaces|diagnostics_tools
2020-05-13,-0.01136544566779792,-0.01111544566779792,0.49999999999999994,4,11,biotech_innovation|china_internet|consumer_internet_marketplaces|dev_tools
2020-05-14,-0.00581392894661228,-0.005008373391056724,1.611111111111111,3,9,ai_infrastructure|china_internet|memory
2020-05-15,-0.005211149435055947,-0.004211149435055947,2.0,3,9,gold_silver_miners|managed_care|silver
2020-05-18,0.021938008574351846,0.022938008574351847,2.0,3,8,airlines_travel|apparel_beauty_lifestyle|travel
2020-05-19,-0.0038302953114379215,-0.0028302953114379215,2.0,3,8,china_internet|gold_silver_miners|silver
2020-05-20,0.03142508460170422,0.03242508460170422,2.0,3,9,apparel_beauty_lifestyle|construction_infrastructure|storage
2020-05-21,0.016287874374669966,0.0166212077080033,0.6666666666666667,3,9,apparel_beauty_lifestyle|construction_infrastructure|homebuilders_housing
2020-05-22,0.02770195303529769,0.02770195303529769,0.0,3,9,apparel_beauty_lifestyle|construction_infrastructure|homebuilders_housing
2020-05-26,0.042442314210444386,0.043108980877111056,1.3333333333333337,3,9,airlines_travel|apparel_beauty_lifestyle|homebuilders_housing
2020-05-27,0.043493876125592884,0.043827209458926215,0.6666666666666667,3,9,airlines_travel|apparel_beauty_lifestyle|mega_banks
2020-05-28,-0.051617516282707054,-0.050617516282707053,2.0,3,9,business_apps|retail_consumer|utilities_yield
2020-05-29,-0.005892232415133116,-0.005170010192910894,1.4444444444444442,4,10,business_apps|cloud|cybersecurity|vertical_software
2020-06-01,0.03181365316757742,0.03281365316757742,2.0,3,9,banks_brokers_exchanges|mega_banks|regional_banks
2020-06-02,0.013374623296205573,0.014374623296205572,2.0,3,9,china_internet|copper|industrial_automation
2020-06-03,0.04394996340048578,0.04428329673381911,0.6666666666666667,3,9,copper|industrial_automation|networking_optical
2020-06-04,0.008809655469612137,0.009809655469612136,2.0,3,9,copper_metals|drones_autonomy|semis
2020-06-05,0.0388587764402707,0.0398587764402707,2.0,3,9,energy|industrial_automation|oil_services
2020-06-08,0.29355503777048864,0.293888371103822,0.6666666666666667,3,7,energy|oil_gas|oil_services
2020-06-09,-0.12424038994437948,-0.12324038994437948,2.0000000000000004,3,8,digital_ads_media|electronics_components|networking_optical
2020-06-10,-0.03548791918495056,-0.03448791918495056,2.0,3,9,copper_metals|gold_silver_miners|silver
2020-06-11,-0.1063279891585448,-0.1053279891585448,2.0,3,9,consumer_staples|utilities_yield|workflow_software
2020-06-12,0.007385365261498762,0.008385365261498762,2.0,3,9,ai_apps_agents|data_centers|fintech_payments
2020-06-15,0.013865284047130735,0.014615284047130736,1.4999999999999998,4,12,china_internet|cloud|data_centers|semis
2020-06-16,0.0111344900831577,0.012134490083157699,1.9999999999999998,3,9,fintech|mega_cap_platforms|solar
2020-06-17,-0.040908372309810814,-0.03990837230981081,2.0,3,8,cloud|consumer_internet_marketplaces|gaming_sports_betting
2020-06-18,0.019001766286868015,0.01933509962020135,0.6666666666666664,5,13,asset_managers_alts|china_internet|cloud|consumer_internet_marketplaces|gaming_sports_betting
2020-06-19,0.008221227643739169,0.008754560977072503,1.0666666666666667,3,8,consumer_internet_marketplaces|gaming_sports_betting|medtech_devices
2020-06-22,-0.012403986573722641,-0.011403986573722642,2.0,3,8,ai_apps|biotech_innovation|dev_tools
2020-06-23,0.01428770731015246,0.014954373976819126,1.3333333333333335,3,8,ai_apps|consumer_internet_marketplaces|gold_silver_miners
2020-06-24,-0.03583660299916439,-0.03505882522138661,1.5555555555555558,3,9,biotech_innovation|consumer_internet_marketplaces|renewables_storage
2020-06-25,0.03595493270491257,0.03651048826046812,1.1111111111111114,3,9,biotech_innovation|healthcare|mega_cap_platforms
2020-06-26,-0.02772709716458114,-0.02672709716458114,2.0000000000000004,3,6,cloud|dev_tools|workflow_software
2020-06-29,-0.02327115091924825,-0.02227115091924825,2.0000000000000004,3,9,apparel_beauty_lifestyle|gold_silver_miners|renewables_storage
2020-06-30,0.02158363946309393,0.022250306129760596,1.3333333333333335,3,7,copper_metals|gold_silver_miners|silver
2020-07-01,0.009463564249290757,0.010463564249290758,2.0000000000000004,3,7,business_apps|utilities_yield|workflow_software
2020-07-02,0.011478229293880725,0.012478229293880726,2.0000000000000004,3,8,china_internet|consumer_internet_marketplaces|natural_gas
2020-07-06,0.03706193457627944,0.03772860124294611,1.3333333333333335,3,8,lithium_battery_materials|natural_gas|renewables_storage
2020-07-07,-0.012284991977598973,-0.011507214199821194,1.5555555555555556,3,9,biotech|gold_silver_miners|natural_gas
2020-07-08,0.026783770886125907,0.027450437552792573,1.3333333333333337,3,9,consumer_internet_marketplaces|gold_silver_miners|mega_cap_platforms
2020-07-09,0.0017907083619753924,0.002457375028642059,1.3333333333333335,3,9,china_internet|consumer_internet_marketplaces|cybersecurity
2020-07-10,-0.022457582451054593,-0.021457582451054592,2.0,3,8,copper|copper_metals|mega_banks
2020-07-13,-0.0037463058401017574,-0.0034685280623239795,0.5555555555555556,4,9,copper|copper_metals|gold_silver_miners|mega_banks
2020-07-14,0.03026393941074672,0.030958383855191167,1.3888888888888888,3,8,gold_silver_miners|silver|solar
2020-07-15,0.02710922397712123,0.02810922397712123,2.0,3,9,airlines_travel|electronics_components|industrial_automation
2020-07-16,-0.042184265828924386,-0.041184265828924385,2.0,3,9,banks_brokers_exchanges|homebuilders_housing|insurance
2020-07-17,-0.013059712403497594,-0.012059712403497593,2.0,3,9,agriculture_food_inputs|power_grid_electrification|quantum_computing
2020-07-20,-0.015991322056953663,-0.014991322056953662,2.0,3,9,gold_silver_miners|solar|uranium
2020-07-21,0.014460622693718596,0.015210622693718596,1.5,4,9,energy|gold_silver_miners|oil_gas|oil_services
2020-07-22,-0.010694065975697407,-0.009944065975697407,1.4999999999999998,3,9,crypto_infrastructure|gold_silver_miners|homebuilders_housing
2020-07-23,-0.031540788488253424,-0.030790788488253427,1.5000000000000002,4,9,crypto_infrastructure|networking_optical|nuclear|uranium
2020-07-24,0.007588334153265181,0.008588334153265181,1.9999999999999996,3,7,copper_metals|gold_silver_miners|silver
2020-07-27,0.04946698072028094,0.04971698072028094,0.49999999999999967,4,10,copper_metals|gold_silver_miners|homebuilders_housing|silver
2020-07-28,-0.020550323283079475,-0.019661434394190585,1.7777777777777777,3,9,crypto_infrastructure|gold_silver_miners|real_estate_reits
2020-07-29,0.027446521479288104,0.028335410368176994,1.7777777777777777,3,9,datacenter_reits_towers|medtech_devices|regional_banks
2020-07-30,-0.0062135763229719115,-0.0052135763229719115,2.0,3,9,ai_infrastructure|consumer_internet_marketplaces|semicap_equipment
2020-07-31,0.010593425491833335,0.011593425491833335,2.0,3,8,ai_apps|networking|real_estate_reits
2020-08-03,0.008011173484867056,0.009011173484867057,2.0,3,7,consumer_internet_marketplaces|fintech|fintech_payments
2020-08-04,-0.022009525366521617,-0.021409525366521617,1.2,5,12,consumer_internet_marketplaces|fintech|natural_gas|networking_optical|oil_gas
2020-08-05,0.01123300536376423,0.011633005363764229,0.8,5,15,consumer_internet_marketplaces|crypto_infrastructure|fintech|oil_gas|solar
2020-08-06,-0.005661339785488492,-0.004661339785488492,1.9999999999999998,3,7,airlines_travel|consumer_internet|transport_logistics
2020-08-07,-0.03090824971321821,-0.029908249713218208,2.0000000000000004,3,7,construction_infrastructure|datacenter_infra|natural_gas
2020-08-10,0.020354478132384647,0.021132255910162424,1.5555555555555558,3,9,agriculture_food_inputs|airlines_travel|oil_gas
2020-08-11,-0.011853217701795442,-0.011186551035128776,1.3333333333333335,3,9,airlines_travel|datacenter_infra|defense
2020-08-12,-0.0032873014287922997,-0.0026206347621256327,1.3333333333333335,3,9,apparel_beauty_lifestyle|datacenter_infra|homebuilders_housing
2020-08-13,0.002836840977224962,0.003336840977224962,1.0000000000000002,4,12,agriculture_food_inputs|apparel_beauty_lifestyle|homebuilders_housing|renewables_storage
2020-08-14,-0.003743261891679504,-0.002993261891679504,1.4999999999999996,3,9,agriculture_food_inputs|airlines_travel|retail_consumer
2020-08-17,-0.0018660539375983222,-0.0008660539375983222,2.0,3,7,consumer_staples|homebuilders_housing|retail
2020-08-18,-0.0002417532053005404,0.0002582467946994596,1.0,4,12,consumer_staples|homebuilders_housing|mega_cap_platforms|renewables_storage
2020-08-19,0.016058122545038654,0.01647478921170532,0.8333333333333334,4,12,mega_cap_platforms|rare_earth_critical_minerals|renewables_storage|retail
2020-08-20,-0.0075777406660595854,-0.0069110739993929185,1.333333333333333,4,12,business_apps|consumer_internet_marketplaces|mega_cap_platforms|workflow_software
2020-08-21,0.006976628794871636,0.007893295461538302,1.833333333333333,3,8,consumer_staples|homebuilders_housing|retail
2020-08-24,0.003480742933503386,0.004369631822392275,1.7777777777777777,3,9,airlines_travel|china_internet|cybersecurity
2020-08-25,0.01689096617010619,0.017335410614550635,0.8888888888888891,4,10,airlines_travel|china_internet|consumer_internet_marketplaces|mega_cap_platforms
2020-08-26,0.04635568661354805,0.046800131057992495,0.8888888888888891,3,9,china_internet|gaming_sports_betting|mega_cap_platforms
2020-08-27,-0.03522623285209513,-0.034226232852095126,2.0,3,9,airlines_travel|regional_banks|travel
2020-08-28,0.026916051327836858,0.027249384661170193,0.6666666666666667,3,9,airlines_travel|restaurants_food|travel
2020-08-31,-0.028182141094745122,-0.02718214109474512,2.0,3,9,biotech|business_apps|robotics
2020-09-01,0.003227935197497177,0.0038946018641638435,1.3333333333333335,3,8,business_apps|restaurants_food|workflow_software
2020-09-02,-0.012057540450189756,-0.01139087378352309,1.3333333333333335,3,8,ai_apps|medtech|restaurants_food
2020-09-03,-0.02979661599992193,-0.029129949333255262,1.3333333333333337,3,9,renewables_storage|restaurants_food|retail_consumer
2020-09-04,0.01403177964439192,0.014754001866614143,1.4444444444444444,4,11,banks_brokers_exchanges|industrial_automation|lithium_battery_materials|renewables_storage
2020-09-08,-0.03827348863865704,-0.03752348863865704,1.5,3,8,airlines_travel|industrial_automation|transport_logistics
2020-09-09,-0.008392121792368885,-0.007614344014591107,1.5555555555555558,3,9,datacenter_reits_towers|industrial_automation|real_estate_reits
2020-09-10,-0.01584033498777258,-0.014840334987772581,2.0,3,9,airlines_travel|apparel_beauty_lifestyle|restaurants
2020-09-11,0.010249681145742677,0.010999681145742677,1.4999999999999998,4,11,agriculture_food_inputs|apparel_beauty_lifestyle|datacenter_infra|industrial_automation
2020-09-14,0.01450629919504589,0.015506299195045889,1.9999999999999996,3,7,biotech_innovation|gold|gold_silver_miners
2020-09-15,-0.00345904913958941,-0.0027090491395894097,1.5,4,12,copper_metals|gaming_sports_betting|gold_silver_miners|solar
2020-09-16,0.012163418083935007,0.012913418083935008,1.4999999999999998,4,12,apparel_beauty_lifestyle|construction_infrastructure|copper_metals|homebuilders_housing
2020-09-17,-0.006777019907243875,-0.006027019907243875,1.4999999999999998,3,8,copper|copper_metals|oil_exploration
2020-09-18,-0.0003561839896951183,0.0006438160103048817,2.0,3,8,biotech_innovation|rare_earth_critical_minerals|renewables_storage
2020-09-21,-0.03536778050765091,-0.03470111384098424,1.3333333333333335,3,9,crypto_infrastructure|fintech_payments|renewables_storage
2020-09-22,-0.012259291661667525,-0.011509291661667524,1.4999999999999998,4,11,ai_apps|fintech_payments|homebuilders_housing|retail_consumer
2020-09-23,-0.03457704465304836,-0.03357704465304836,1.9999999999999998,3,7,cloud|pharma|pharma_largecap
2020-09-24,-0.02014820533647817,-0.01914820533647817,2.0,3,9,consumer_staples|semis|utilities_yield
2020-09-25,0.009668748796807125,0.010668748796807126,2.0,3,8,creative_software|diagnostics_tools|vertical_software
2020-09-28,0.015244138168598487,0.016244138168598488,2.0,3,9,airlines_travel|asset_managers_alts|storage
2020-09-29,-0.010196333222387145,-0.009446333222387145,1.4999999999999998,4,12,ai_infrastructure|diagnostics_tools|solar|storage
2020-09-30,0.006079056129620785,0.006829056129620785,1.4999999999999998,3,9,healthcare|homebuilders_housing|solar
2020-10-01,0.023864611251578436,0.02430905569602288,0.8888888888888891,4,10,homebuilders_housing|real_estate_reits|renewables_storage|solar
2020-10-02,0.017949239007881125,0.018449239007881126,1.0,4,12,construction_infrastructure|real_estate_reits|regional_banks|renewables_storage
2020-10-05,0.028843100610616377,0.029343100610616377,1.0,3,9,rare_earth_critical_minerals|regional_banks|solar
2020-10-06,-0.025028873341018602,-0.024473317785463047,1.1111111111111112,3,8,renewables_storage|solar|utilities_yield
2020-10-07,0.06800801231477974,0.06900801231477974,2.0,3,9,apparel_beauty_lifestyle|industrial_automation|regional_banks
2020-10-08,0.021052650444322387,0.021719317110989053,1.3333333333333335,3,9,construction_infrastructure|oil_gas|regional_banks
2020-10-09,-0.003940986357325352,-0.002940986357325352,2.0,3,9,gold_silver_miners|networking_optical|solar
2020-10-12,-0.01728913941134593,-0.01628913941134593,2.0,3,9,medtech_devices|semis|utilities_yield
2020-10-13,-0.0036367235831106844,-0.0026367235831106844,2.0,3,8,cloud|consumer_internet_marketplaces|cybersecurity
2020-10-14,0.013609959835396784,0.014609959835396785,2.0,3,8,copper_metals|gold_silver_miners|medtech_devices
2020-10-15,-0.0077022020376426754,-0.006702202037642675,2.0,3,9,asset_managers|consumer_internet_marketplaces|vertical_software
2020-10-16,0.014943706690654975,0.015443706690654976,1.0000000000000002,4,12,asset_managers|china_internet|consumer_internet_marketplaces|medtech
2020-10-19,-0.027929075245925104,-0.026929075245925103,1.9999999999999998,3,6,ai_apps|digital_ads_media|electronics_components
2020-10-20,-0.021983237697513085,-0.020983237697513084,2.0,3,9,china_internet|datacenter_infra|regional_banks
2020-10-21,-0.023596549159837183,-0.022596549159837182,2.0,3,8,ai_apps|copper|networking_optical
2020-10-22,0.019874496167681454,0.02054116283434812,1.3333333333333335,3,8,ai_apps|airlines_travel|regional_banks
2020-10-23,0.032313693872845696,0.03253591609506792,0.4444444444444444,4,10,ai_apps|airlines_travel|regional_banks|transport_logistics
2020-10-26,-0.04023133727125346,-0.03945355949347568,1.5555555555555554,3,9,consumer_internet|consumer_internet_marketplaces|real_estate_reits
2020-10-27,-0.00478117389800846,-0.004114507231341793,1.3333333333333333,3,4,ai_apps|consumer_internet|digital_ads_media
2020-10-28,-0.019967949330843924,-0.01963461599751059,0.6666666666666665,3,6,agriculture_food_inputs|ai_apps|consumer_internet
2020-10-29,0.07301574953639262,0.07346019398083706,0.8888888888888891,3,9,agriculture_food_inputs|apparel_beauty_lifestyle|consumer_internet
2020-10-30,-0.037958465749885234,-0.03695846574988523,2.0,3,9,construction_infrastructure|gold|oil_integrated
2020-11-02,0.026400952426600843,0.026900952426600844,1.0,4,12,agriculture_food_inputs|construction_infrastructure|datacenter_infra|oil_integrated
2020-11-03,-0.011047321979360756,-0.010297321979360756,1.4999999999999998,3,9,datacenter_infra|industrial_automation|regional_banks
2020-11-04,-0.05839641729728804,-0.05739641729728804,2.0,3,9,advanced_packaging|china_internet|homebuilders_housing
2020-11-05,0.06942785067170353,0.07042785067170353,2.0,3,7,copper_metals|gold_silver_miners|silver
2020-11-06,0.013923902733679059,0.014173902733679059,0.5,4,10,china_internet|copper_metals|gold_silver_miners|silver
2020-11-09,-0.04405228777945705,-0.04305228777945705,1.9999999999999996,3,8,airlines_travel|transport_logistics|travel
2020-11-10,-0.03633561271130758,-0.03558561271130758,1.5,4,11,managed_care|oil_gas|oil_integrated|transport_logistics
2020-11-11,-0.019931937462553357,-0.018931937462553356,1.9999999999999996,3,5,nuclear_uranium|rare_earth_critical_minerals|uranium
2020-11-12,-0.04221154695195222,-0.04154488028528555,1.3333333333333335,3,8,airlines_travel|rare_earth_critical_minerals|real_estate_reits
2020-11-13,0.05270117593472709,0.05320117593472709,1.0,4,11,airlines_travel|oil_gas|real_estate_reits|travel
2020-11-16,0.026293876256288446,0.027043876256288447,1.4999999999999998,3,9,agriculture_food_inputs|oil_gas|rare_earth_critical_minerals
2020-11-17,0.0034482618396349564,0.004226039617412734,1.5555555555555554,3,9,apparel_beauty_lifestyle|energy|oil_gas
2020-11-18,-0.018751494731214596,-0.017862605842325706,1.7777777777777777,3,9,oil_exploration|oil_services|rare_earth_critical_minerals
2020-11-19,0.02040635478841848,0.021073021455085147,1.3333333333333335,3,6,energy|oil_exploration|oil_gas
2020-11-20,-0.005999957786811997,-0.004999957786811997,2.0,3,9,cybersecurity|gaming_sports_betting|renewables_storage
2020-11-23,0.0961087170730674,0.0971087170730674,2.0,3,7,energy|oil_gas|oil_services
2020-11-24,0.08479930753377526,0.08493819642266415,0.2777777777777778,4,8,energy|oil_exploration|oil_gas|oil_services
2020-11-25,-0.009308029947372176,-0.008308029947372175,2.0,3,6,nuclear_uranium|solar|uranium
2020-11-27,-0.03646391663572385,-0.03546391663572385,2.0000000000000004,3,9,biotech_innovation|cloud|consumer_internet_marketplaces
2020-11-30,0.031676770925010006,0.032232326480565565,1.1111111111111114,3,9,biotech_innovation|crypto_infrastructure|retail_consumer
2020-12-01,-0.0711261987556468,-0.0701261987556468,2.0,3,9,copper|copper_metals|gold_silver_miners
2020-12-02,0.014714705530171249,0.015314705530171249,1.2,5,10,copper|copper_metals|nuclear|nuclear_uranium|uranium
2020-12-03,-0.013441440025910394,-0.012641440025910394,1.6,3,9,copper|semicap_equipment|storage
2020-12-04,0.05275969274414915,0.05309302607748248,0.6666666666666667,3,9,nuclear_uranium|semicap_equipment|storage
2020-12-07,0.024784315559693685,0.02545098222636035,1.3333333333333335,4,12,gold_silver_miners|nuclear_uranium|semicap_equipment|silver
2020-12-08,-0.010154650011369521,-0.009154650011369522,1.9999999999999996,3,8,cloud|cybersecurity|oil_services
2020-12-09,-0.03522406655818718,-0.03450184433596496,1.4444444444444446,4,9,construction_infrastructure|energy|oil_gas|oil_services
2020-12-10,0.06752619519872338,0.06777619519872338,0.5,4,8,energy|oil_exploration|oil_gas|oil_services
2020-12-11,-0.015662156951496167,-0.014662156951496167,1.9999999999999998,3,6,biotech_innovation|nuclear|uranium
2020-12-14,0.044180774154669776,0.04476410748800311,1.1666666666666667,4,12,biotech_innovation|consumer_internet_marketplaces|dev_tools|nuclear
2020-12-15,0.015241801905579777,0.015991801905579778,1.5,3,7,nuclear|solar|uranium
2020-12-16,-0.013994645929215583,-0.013244645929215582,1.5,4,12,consumer_internet_marketplaces|dev_tools|gold_silver_miners|solar
2020-12-17,0.038445801312106336,0.038945801312106336,1.0,4,10,dev_tools|gold_silver_miners|homebuilders_housing|silver
2020-12-18,-0.01739750239347714,-0.016397502393477138,1.9999999999999998,3,9,cybersecurity|medtech_devices|solar
2020-12-21,0.0015850532901960559,0.002585053290196056,2.0,3,7,crypto_infrastructure|gold_silver_miners|silver
2020-12-22,0.023878854112125657,0.024545520778792324,1.3333333333333335,3,9,business_apps|crypto_infrastructure|rare_earth_critical_minerals
2020-12-23,-0.056624983501714285,-0.055958316835047615,1.3333333333333335,3,8,drones_autonomy|rare_earth_critical_minerals|space_satellites
2020-12-24,-0.0013097832526947433,-0.0003097832526947433,2.0,3,9,business_apps|construction_infrastructure|retail_consumer
2020-12-28,-0.003485156876669247,-0.002485156876669247,2.0,3,9,crypto_infrastructure|lithium_battery_materials|managed_care_insurance
2020-12-29,-0.041704674653142065,-0.041038007986475396,1.3333333333333335,3,7,healthcare|managed_care_insurance|obesity_glp1_health
2020-12-30,-0.012967048577409181,-0.011967048577409182,2.0,3,9,defense|gold_silver_miners|silver
2020-12-31,-0.007926513686761262,-0.006926513686761263,2.0,3,7,fintech|managed_care_insurance|payments
2021-01-04,-0.015214577996360721,-0.01446457799636072,1.5,4,10,copper_metals|gold_silver_miners|managed_care_insurance|silver
2021-01-05,0.008717671182631734,0.009467671182631735,1.5,4,10,copper_metals|oil_exploration|oil_gas|oil_services
2021-01-06,0.022732784644068617,0.023232784644068617,0.9999999999999999,4,11,agriculture_food_inputs|oil_exploration|oil_gas|regional_banks
2021-01-07,0.013904810431750217,0.014654810431750218,1.5,3,9,managed_care|regional_banks|semicap_equipment
2021-01-08,-0.03156319999417281,-0.030563199994172806,2.0,3,8,china_internet|copper|gaming_sports_betting
2021-01-11,-0.04327476887796455,-0.04227476887796455,2.0,3,6,energy|natural_gas|oil_gas
2021-01-12,0.053155512473490096,0.05334995691793454,0.38888888888888884,4,8,energy|natural_gas|oil_exploration|oil_gas
2021-01-13,-0.024633652187380478,-0.023633652187380477,1.9999999999999998,3,9,consumer_internet_marketplaces|space_satellites|utilities_yield
2021-01-14,0.022307543647473917,0.023057543647473918,1.4999999999999996,4,9,advanced_packaging|semicap_equipment|semis|space_satellites
2021-01-15,-0.01953745389941297,-0.01853745389941297,1.9999999999999998,3,9,networking_optical|obesity_glp1_health|retail_consumer
2021-01-19,0.021881402735477992,0.022881402735477993,2.0,3,7,drones_autonomy|semicap_equipment|semis
2021-01-20,-0.011066073212928147,-0.010066073212928146,2.0,3,9,cybersecurity|homebuilders_housing|real_estate_reits
2021-01-21,0.0008015877730148176,0.0014682544396814844,1.3333333333333335,3,9,digital_ads_media|homebuilders_housing|semis_compute
2021-01-22,0.010193175115139027,0.010859841781805693,1.3333333333333335,3,9,cybersecurity|drones_autonomy|homebuilders_housing
2021-01-25,0.03934225717207389,0.04034225717207389,2.0,3,9,ai_apps_agents|china_internet|consumer_internet_marketplaces
2021-01-26,-0.013010475831700624,-0.012343809165033958,1.3333333333333335,3,9,ai_apps_agents|mega_cap_platforms|nuclear_uranium
2021-01-27,-0.00750064184876991,-0.006722864070992133,1.5555555555555554,3,9,ai_apps_agents|networking_optical|storage
2021-01-28,-0.08053013237142052,-0.07953013237142052,2.0,3,8,asset_managers_alts|gold_silver_miners|silver
2021-01-29,0.0160249692513767,0.016358302584710036,0.6666666666666667,3,8,gold_silver_miners|networking_optical|silver
2021-02-01,0.1443556379361615,0.14502230460282817,1.3333333333333335,3,9,datacenter_reits_towers|gold_silver_miners|uranium
2021-02-02,-0.07112961157482395,-0.07012961157482395,2.0,3,9,biotech_innovation|fintech_payments|workflow_software
2021-02-03,-0.007746193757359975,-0.006746193757359975,2.0,3,9,airlines_travel|obesity_glp1_health|oil_exploration
2021-02-04,0.01228787109983455,0.013287871099834548,2.0,3,9,apparel_beauty_lifestyle|consumer_internet_marketplaces|regional_banks
2021-02-05,0.009150490579781505,0.010150490579781506,2.0,3,7,digital_ads_media|nuclear|uranium
2021-02-08,0.053544828762310745,0.054044828762310745,1.0,4,8,energy|nuclear|oil_exploration|uranium
2021-02-09,-0.01478457979781637,-0.014284579797816369,1.0,3,7,crypto_infrastructure|nuclear|uranium
2021-02-10,-0.05503104430256021,-0.05414215541367132,1.7777777777777781,3,9,consumer_internet_marketplaces|nuclear_uranium|oil_exploration
2021-02-11,0.011980343182359125,0.012980343182359126,2.0000000000000004,3,6,advanced_packaging|semicap_equipment|semis_compute
2021-02-12,0.011383665633500392,0.011883665633500393,1.0,4,10,advanced_packaging|diagnostics_tools|semicap_equipment|semis
2021-02-16,-0.0014253374984401052,-0.0007308930539956606,1.3888888888888888,3,9,copper|nuclear|semicap_equipment
2021-02-17,-0.011734025568464687,-0.011067358901798021,1.3333333333333335,3,7,natural_gas|nuclear|oil_gas
2021-02-18,-0.08763535530852448,-0.08663535530852448,2.0000000000000004,3,6,copper|memory|memory_storage
2021-02-19,0.0369359057715149,0.0376859057715149,1.4999999999999998,4,12,airlines_travel|copper|mega_banks|regional_banks
2021-02-22,0.029684439163087033,0.0300511058297537,0.7333333333333334,5,13,airlines_travel|copper|copper_metals|oil_gas|regional_banks
2021-02-23,0.003952796375431836,0.004552796375431836,1.2,3,8,airlines_travel|oil_gas|oil_integrated
2021-02-24,0.04309669877202758,0.04354114321647202,0.8888888888888891,3,9,airlines_travel|oil_gas|regional_banks
2021-02-25,-0.04457581270203198,-0.04357581270203198,2.0,3,9,banks_brokers_exchanges|oil_gas|oil_services
2021-02-26,-0.027831509012112877,-0.026831509012112877,2.0,3,7,construction_infrastructure|consumer|restaurants_food
2021-03-01,0.014628402450812516,0.015295069117479182,1.3333333333333335,3,9,aerospace|construction_infrastructure|semis
2021-03-02,-0.0346895239201355,-0.0336895239201355,2.0,3,9,apparel_beauty_lifestyle|asset_managers_alts|uranium
2021-03-03,-0.02444293217429301,-0.02344293217429301,2.0,3,8,banks_brokers_exchanges|mega_banks|transport_logistics
2021-03-04,-0.02035001476814362,-0.01960001476814362,1.5,4,10,managed_care|mega_banks|oil_exploration|oil_gas
2021-03-05,0.03212752973518494,0.03262752973518494,1.0,3,7,banks_brokers_exchanges|oil_exploration|oil_gas
2021-03-08,-0.014602222137405831,-0.013935555470739165,1.3333333333333337,3,9,banks_brokers_exchanges|mega_banks|regional_banks
2021-03-09,-0.022233050230884437,-0.021233050230884436,2.0,3,9,datacenter_reits_towers|managed_care|storage
2021-03-10,0.005068488074293079,0.006068488074293079,2.0,3,7,energy|oil_gas|oil_services
2021-03-11,-0.021281504828409736,-0.020281504828409735,2.0,3,9,china_internet|renewables_storage|storage
2021-03-12,0.006223127100927318,0.007223127100927318,2.0,3,9,airlines_travel|construction_infrastructure|datacenter_reits_towers
2021-03-15,0.018878827245364615,0.019878827245364616,2.0,3,7,creative_software|nuclear|uranium
2021-03-16,0.020760015865946974,0.021360015865946973,1.2,5,13,datacenter_reits_towers|digital_ads_media|nuclear|semicap_equipment|uranium
2021-03-17,-0.009226836119411212,-0.008426836119411212,1.6,4,9,gold|gold_silver_miners|semicap_equipment|silver
2021-03-18,-0.041287145836631116,-0.040287145836631115,1.9999999999999998,3,7,banks_brokers_exchanges|mega_banks|regional_banks
2021-03-19,-0.01656716808053821,-0.015567168080538213,2.0,3,9,biotech|diagnostics_tools|semis
2021-03-22,0.010339436177940092,0.010839436177940092,1.0000000000000002,4,12,biotech|consumer_staples|pharma_largecap|semis
2021-03-23,-0.019234270416345157,-0.018484270416345157,1.5,3,9,consumer_internet|consumer_staples|medtech_devices
2021-03-24,-0.06576420910057515,-0.06476420910057515,2.0000000000000004,3,6,managed_care|power_grid_electrification|utilities_yield
2021-03-25,0.004088074163766418,0.005088074163766418,2.0000000000000004,3,9,consumer_staples|homebuilders_housing|natural_gas
2021-03-26,0.041026860708953033,0.041276860708953034,0.5,4,12,consumer_staples|homebuilders_housing|medtech|natural_gas
2021-03-29,-0.013030290113186767,-0.012530290113186767,1.0,3,9,consumer_staples|medtech|real_estate_reits
2021-03-30,-0.006491932665339711,-0.005491932665339711,1.9999999999999996,3,7,construction_infrastructure|datacenter_infra|homebuilders_housing
2021-03-31,-0.005901382941976061,-0.004901382941976061,2.0,3,7,semicap_equipment|semis|semis_compute
2021-04-01,0.056601703721392976,0.056601703721392976,0.0,3,7,semicap_equipment|semis|semis_compute
2021-04-05,0.025759937347167364,0.02631549290272292,1.111111111111111,3,9,mega_cap_platforms|semicap_equipment|semis
2021-04-06,-0.025965900305015985,-0.024965900305015984,2.0,3,7,ai_apps|digital_ads_media|gold_silver_miners
2021-04-07,-0.0034768177520554514,-0.003143484418722118,0.6666666666666667,3,7,ai_apps|digital_ads_media|mega_cap_platforms
2021-04-08,0.021709925036498313,0.022209925036498313,1.0,4,12,ai_apps|gold_silver_miners|mega_cap_platforms|workflow_software
2021-04-09,-0.00554389121773488,-0.00479389121773488,1.4999999999999996,4,12,apparel_beauty_lifestyle|medtech|mega_cap_platforms|payments
2021-04-12,0.006546458771374831,0.007296458771374831,1.5,4,9,apparel_beauty_lifestyle|consumer|restaurants|workflow_software
2021-04-13,0.0053147128644312775,0.006064712864431277,1.5,3,9,business_apps|cybersecurity|workflow_software
2021-04-14,-0.020493922096944055,-0.019493922096944054,2.0,3,9,agriculture_food_inputs|defense|oil_exploration
2021-04-15,-0.008020194789895968,-0.007020194789895968,2.0,3,9,medtech|mega_cap_platforms|pharma_largecap
2021-04-16,0.0014781683804736185,0.0019226128249180629,0.888888888888889,4,10,homebuilders_housing|medtech|pharma|pharma_largecap
2021-04-19,-0.004110245745506961,-0.003638023523284739,0.9444444444444445,3,8,managed_care_insurance|pharma|pharma_largecap
2021-04-20,-0.013046260882736317,-0.01237959421606965,1.3333333333333333,4,12,managed_care_insurance|medtech|pharma_largecap|real_estate_reits
2021-04-21,0.015658595800023857,0.016658595800023858,1.9999999999999996,3,8,copper_metals|gold_silver_miners|silver
2021-04-22,-0.029607431958847765,-0.028607431958847764,2.0000000000000004,3,6,renewables_storage|restaurants_food|solar
2021-04-23,0.017297597820352485,0.018297597820352486,2.0,3,6,asset_managers|medtech|medtech_devices
2021-04-26,-0.007239670089831715,-0.006239670089831715,2.0,3,7,biotech|biotech_innovation|renewables_storage
2021-04-27,-0.014561513547399534,-0.013561513547399534,2.0,3,9,apparel_beauty_lifestyle|consumer_internet_marketplaces|oil_exploration
2021-04-28,0.018856553841385973,0.01952322050805264,1.3333333333333333,3,8,oil_exploration|oil_gas|oil_services
2021-04-29,-0.006770079305724874,-0.006270079305724874,1.0,4,11,asset_managers|oil_exploration|oil_gas|oil_services
2021-04-30,-0.033452700082176774,-0.03245270008217677,1.9999999999999998,3,9,biotech_innovation|natural_gas|restaurants_food
2021-05-03,-0.02042991629896994,-0.019763249632303272,1.3333333333333335,3,7,natural_gas|oil_exploration|oil_gas
2021-05-04,0.004979426697180865,0.0056460933638475316,1.3333333333333335,3,9,managed_care|oil_gas|oil_services
2021-05-05,0.02731628436912861,0.028094062146906386,1.5555555555555554,3,9,oil_gas|oil_services|uranium
2021-05-06,-0.0076345867201174705,-0.0066345867201174705,2.0,3,7,copper_metals|gold_silver_miners|silver
2021-05-07,0.017682543666483454,0.018182543666483454,1.0,4,11,copper_metals|energy|gold_silver_miners|oil_services
2021-05-10,-0.01946993627463503,-0.018803269607968364,1.3333333333333333,3,9,construction_infrastructure|copper_metals|oil_gas
2021-05-11,0.006854572987077912,0.007743461875966801,1.7777777777777781,3,7,copper|copper_metals|gold_silver_miners
2021-05-12,-0.04453088014713436,-0.04378088014713436,1.4999999999999998,4,11,energy|gold_silver_miners|natural_gas|oil_gas
2021-05-13,-0.008673742474341594,-0.0076737424743415945,1.9999999999999996,3,9,banks_brokers_exchanges|insurance|pharma_largecap
2021-05-14,0.00841581371157416,0.00916581371157416,1.4999999999999998,4,12,cybersecurity|gold|insurance|oil_gas
2021-05-17,0.031421273379350856,0.031921273379350856,0.9999999999999999,4,10,gold|gold_silver_miners|natural_gas|oil_gas
2021-05-18,-0.009078261910081289,-0.008272706354525733,1.611111111111111,3,9,airlines_travel|china_internet|gold_silver_miners
2021-05-19,-0.009445475524714048,-0.008445475524714047,2.0,3,7,semicap_equipment|semis|semis_compute
2021-05-20,0.02261410344672779,0.02336410344672779,1.4999999999999998,4,12,business_apps|china_internet|fintech_payments|semis
2021-05-21,0.0049489193632910695,0.0059489193632910695,1.9999999999999998,3,6,healthcare|managed_care|obesity_glp1_health
2021-05-24,-0.019745869011178942,-0.01874586901117894,2.0,3,8,diagnostics_tools|semicap_equipment|semis
2021-05-25,0.007866840570843928,0.00833906279306615,0.9444444444444444,4,9,ai_infrastructure|semicap_equipment|semis|semis_compute
2021-05-26,0.004508022038775798,0.005508022038775798,2.0,3,9,business_apps|gaming_sports_betting|renewables_storage
2021-05-27,0.024263896257560112,0.025263896257560113,2.0,3,9,autos|defense|diagnostics_tools
2021-05-28,-0.004559055967175798,-0.003559055967175798,2.0,3,7,advanced_packaging|semicap_equipment|semis_compute
2021-06-01,0.00027101989284489974,0.0012710198928449,2.0000000000000004,3,8,china_internet|oil_exploration|oil_gas
2021-06-02,0.006735418227688503,0.0070687515610218365,0.6666666666666667,3,8,oil_exploration|oil_gas|oil_services
2021-06-03,0.006700402603508411,0.007255958159063967,1.1111111111111112,3,9,industrial_automation|oil_exploration|oil_services
2021-06-04,0.006921409717847702,0.007921409717847702,2.0,3,9,ai_infrastructure|networking_optical|rare_earth_critical_minerals
2021-06-07,0.04340988200537852,0.044009882005378524,1.2,5,13,networking_optical|nuclear_uranium|rare_earth_critical_minerals|real_estate_reits|uranium
2021-06-08,-0.0060922127623359145,-0.005492212762335915,1.2,4,12,cybersecurity|networking_optical|real_estate_reits|restaurants_food
2021-06-09,-0.01809888352710953,-0.01709888352710953,1.9999999999999998,3,7,biotech|pharma|pharma_largecap
2021-06-10,0.018448926695699884,0.018698926695699884,0.5,4,10,biotech|biotech_innovation|pharma|pharma_largecap
2021-06-11,-0.004609423825524019,-0.0038594238255240188,1.5,3,9,biotech_innovation|restaurants_food|workflow_software
2021-06-14,0.0006313993658707061,0.0012980660325373728,1.3333333333333335,3,9,crypto_infrastructure|dev_tools|workflow_software
2021-06-15,-0.007125198809762178,-0.006375198809762178,1.4999999999999998,4,12,crypto_infrastructure|medtech_devices|oil_integrated|pharma
2021-06-16,-0.010312933235363335,-0.009312933235363335,1.9999999999999996,3,9,consumer_internet_marketplaces|solar|workflow_software
2021-06-17,0.056919444922195306,0.057169444922195306,0.5,4,12,consumer_internet_marketplaces|diagnostics_tools|solar|workflow_software
2021-06-18,0.011123063777051932,0.011789730443718598,1.3333333333333333,3,9,china_internet|consumer_internet_marketplaces|dev_tools
2021-06-21,-0.002462606050048948,-0.001462606050048948,2.0,3,9,asset_managers|consumer_staples|oil_exploration
2021-06-22,0.0038589729847503043,0.004858972984750304,2.0,3,9,apparel_beauty_lifestyle|consumer_internet_marketplaces|solar
2021-06-23,0.015276076793872195,0.015609410127205528,0.6666666666666667,3,9,consumer_internet_marketplaces|diagnostics_tools|solar
2021-06-24,0.0038157643215107626,0.004815764321510763,2.0,3,9,asset_managers_alts|construction_infrastructure|streaming_entertainment
2021-06-25,0.008795092118807881,0.009211758785474547,0.8333333333333333,4,12,apparel_beauty_lifestyle|asset_managers_alts|construction_infrastructure|digital_ads_media
2021-06-28,-0.0017460952847467744,-0.0009960952847467743,1.4999999999999998,3,9,digital_ads_media|renewables_storage|semis
2021-06-29,0.004056283236418987,0.0048062832364189866,1.4999999999999998,4,12,china_internet|consumer_internet|crypto_infrastructure|semis
2021-06-30,-0.007260877678460877,-0.0062608776784608775,1.9999999999999993,3,9,mega_banks|natural_gas|restaurants_food
2021-07-01,0.0011864698128353237,0.0021864698128353237,2.0,3,9,aerospace|pharma|utilities_yield
2021-07-02,0.00912591743762265,0.009792584104289317,1.3333333333333335,3,9,cloud_neocloud|mega_cap_platforms|pharma
2021-07-06,0.0074363673521661644,0.008103034018832831,1.3333333333333335,3,9,mega_cap_platforms|real_estate_reits|vertical_software
2021-07-07,0.000526460690679533,0.001526460690679533,2.0,3,9,datacenter_infra|medtech|pharma
2021-07-08,-0.005970212521095086,-0.005525768076650642,0.8888888888888891,3,9,medtech_devices|mega_cap_platforms|pharma
2021-07-09,0.0027009252129714086,0.0037009252129714086,2.0,3,9,datacenter_infra|payments|vertical_software
2021-07-12,0.004933544270070463,0.005683544270070463,1.5000000000000002,4,9,asset_managers|asset_managers_alts|datacenter_infra|real_estate_reits
2021-07-13,-0.016038143345790852,-0.015038143345790853,2.0,3,7,consumer_staples|restaurants|restaurants_food
2021-07-14,0.0033593406088220246,0.004026007275488692,1.3333333333333335,3,9,consumer_staples|mega_cap_platforms|real_estate_reits
2021-07-15,-0.002194047659046799,-0.0014162698812690212,1.5555555555555554,3,9,consumer_staples|insurance|mega_banks
2021-07-16,-0.00647554813442734,-0.005892214801094007,1.1666666666666667,4,10,consumer_staples|insurance|pharma|pharma_largecap
2021-07-19,-0.016074095284188523,-0.015490761950855192,1.1666666666666665,4,12,consumer_staples|pharma_largecap|quantum_computing|semicap_equipment
2021-07-20,0.011463534715678606,0.012213534715678607,1.4999999999999998,3,9,homebuilders_housing|real_estate_reits|semicap_equipment
2021-07-21,0.0585823861250485,0.05891571945838183,0.6666666666666667,3,9,fintech|homebuilders_housing|semicap_equipment
2021-07-22,-0.03278237757802336,-0.03178237757802336,2.0,3,9,cloud|dev_tools|workflow_software
2021-07-23,0.009497305548125274,0.01016397221479194,1.3333333333333335,3,8,dev_tools|homebuilders_housing|vertical_software
2021-07-26,-0.007862091301266952,-0.006862091301266952,2.0,3,9,copper_metals|crypto_infrastructure|oil_gas
2021-07-27,-0.04583021943919831,-0.04483021943919831,2.0,3,7,medtech|restaurants|restaurants_food
2021-07-28,-0.025608893178491084,-0.024608893178491083,2.0,3,9,copper_metals|electronics_components|uranium
2021-07-29,0.02317412273599206,0.023507456069325396,0.6666666666666667,3,9,copper_metals|electronics_components|gold_silver_miners
2021-07-30,0.004378634363471992,0.004711967696805325,0.6666666666666667,3,9,copper_metals|crypto_infrastructure|electronics_components
2021-08-02,-0.006250634776229866,-0.005250634776229866,2.0,3,8,china_internet|medtech|medtech_devices
2021-08-03,-0.014446521150920374,-0.013446521150920375,2.0,3,9,ai_infrastructure|datacenter_infra|solar
2021-08-04,0.004921904502377684,0.005644126724599906,1.4444444444444444,4,9,advanced_packaging|ai_infrastructure|autos|semis
2021-08-05,-0.013958953917116653,-0.012958953917116654,2.0,3,8,ai_apps_agents|apparel_beauty_lifestyle|dev_tools
2021-08-06,-0.007367338889413135,-0.006367338889413135,2.0000000000000004,3,7,banks_brokers_exchanges|insurance|mega_banks
2021-08-09,0.002444489540424302,0.0031944895404243017,1.5,4,12,crypto_infrastructure|insurance|obesity_glp1_health|renewables_storage
2021-08-10,0.005822547579866194,0.0063225475798661945,1.0,4,12,insurance|mega_banks|renewables_storage|retail_consumer
2021-08-11,-0.01404589553713383,-0.01354589553713383,1.0000000000000002,4,9,banks_brokers_exchanges|insurance|mega_banks|regional_banks
2021-08-12,0.0049407225225407735,0.0054129447447629955,0.9444444444444444,3,7,banks_brokers_exchanges|mega_banks|rare_earth_critical_minerals
2021-08-13,-0.019215538155935304,-0.018215538155935303,2.0,3,9,consumer_staples|creative_software|pharma
2021-08-16,-0.006491770467121115,-0.006158437133787782,0.6666666666666667,3,8,consumer_staples|pharma|retail_consumer
2021-08-17,0.0065626237664009185,0.007340401544178697,1.5555555555555558,3,9,medtech|medtech_devices|pharma_largecap
2021-08-18,-0.015090030464842688,-0.014506697131509354,1.1666666666666665,4,12,ai_apps_agents|consumer_staples|medtech_devices|pharma_largecap
2021-08-19,-0.0015951390414650764,-0.0010951390414650763,0.9999999999999999,4,11,consumer_staples|mega_cap_platforms|pharma|pharma_largecap
2021-08-20,0.007910894216958722,0.008660894216958722,1.5,3,9,mega_cap_platforms|retail_consumer|utilities_yield
2021-08-23,-0.009416169956920812,-0.008527281068031923,1.7777777777777777,3,9,business_apps|uranium|workflow_software
2021-08-24,0.006675595334811732,0.007675595334811732,2.0,3,8,airlines_travel|china_internet|travel
2021-08-25,-0.003912061312494589,-0.0032453946458279224,1.3333333333333335,3,9,airlines_travel|cybersecurity|semicap_equipment
2021-08-26,-0.008248791850850293,-0.007582125184183627,1.3333333333333335,3,9,cybersecurity|drones_autonomy|memory_storage
2021-08-27,0.03248459842306884,0.03348459842306884,2.0,3,9,oil_services|semicap_equipment|uranium
2021-08-30,-0.013256417522670283,-0.012700861967114728,1.1111111111111112,3,9,advanced_packaging|consumer_internet_marketplaces|uranium
2021-08-31,0.006127852820719445,0.006794519487386112,1.3333333333333335,3,8,nuclear|storage|uranium
2021-09-01,0.01918741304225528,0.019520746375588614,0.6666666666666667,3,8,nuclear|real_estate_reits|uranium
2021-09-02,0.06274052789183988,0.06340719455850655,1.3333333333333333,4,12,managed_care|natural_gas|nuclear|rare_earth_critical_minerals
2021-09-03,0.019191117255552666,0.019941117255552667,1.5,3,7,dev_tools|nuclear|uranium
2021-09-07,0.024782093015179984,0.02511542634851332,0.6666666666666667,3,6,nuclear|nuclear_uranium|uranium
2021-09-08,-0.037553368656480804,-0.0365533686564808,2.0000000000000004,3,7,aerospace|defense|natural_gas
2021-09-09,0.07788447496063432,0.07848447496063432,1.2,5,13,aerospace|ai_apps|airlines_travel|defense|managed_care_insurance
2021-09-10,-0.03858470784759756,-0.03758470784759756,2.0,3,5,nuclear|nuclear_uranium|uranium
2021-09-13,0.03234880919629377,0.03309880919629377,1.4999999999999998,4,11,airlines_travel|natural_gas|oil_gas|uranium
2021-09-14,-0.01128772520982965,-0.010371058543162984,1.833333333333333,3,9,additive_manufacturing|gold_silver_miners|rare_earth_critical_minerals
2021-09-15,0.030799144279290508,0.0316880331681794,1.7777777777777777,3,8,natural_gas|oil_gas|uranium
2021-09-16,-0.028910957060654704,-0.027910957060654704,2.0,3,9,homebuilders_housing|payments|semis
2021-09-17,-0.008733109758555221,-0.007733109758555221,2.0000000000000004,3,6,healthcare|managed_care|renewables_storage
2021-09-20,-0.025020900764967827,-0.024020900764967826,2.0,3,7,airlines_travel|pharma|transport_logistics
2021-09-21,-0.012192299842467813,-0.011692299842467812,0.9999999999999999,4,12,ai_apps_agents|autos|pharma|transport_logistics
2021-09-22,0.008447228484762785,0.009280561818096118,1.6666666666666667,3,9,airlines_travel|consumer_internet|fintech_payments
2021-09-23,0.013989740480172312,0.014406407146838978,0.8333333333333334,4,12,airlines_travel|fintech_payments|oil_exploration|travel
2021-09-24,0.010173732934767317,0.010673732934767317,1.0,4,11,airlines_travel|oil_exploration|quantum_computing|transport_logistics
2021-09-27,0.012997763270891869,0.01374776327089187,1.5,3,6,energy|oil_exploration|oil_gas
2021-09-28,-0.012668173033330269,-0.012334839699996936,0.6666666666666666,3,7,energy|oil_gas|oil_integrated
2021-09-29,-0.007910506044301137,-0.007466061599856693,0.8888888888888887,3,6,energy|natural_gas|oil_gas
2021-09-30,-0.015098344451242498,-0.014653900006798053,0.8888888888888888,3,6,energy|natural_gas|oil_gas
2021-10-01,0.02011811546961511,0.020784782136281776,1.3333333333333335,3,9,energy|oil_gas|oil_services
2021-10-04,0.04621933689393651,0.04621933689393651,0.0,3,9,energy|oil_gas|oil_services
2021-10-05,0.0033358936438817976,0.0041136714216595755,1.5555555555555558,3,8,insurance|oil_exploration|oil_gas
2021-10-06,-0.01755431645317736,-0.01655431645317736,2.0,3,9,gold|gold_silver_miners|utilities_yield
2021-10-07,0.016961475726690083,0.01762814239335675,1.3333333333333335,3,8,china_internet|gaming_sports_betting|gold_silver_miners
2021-10-08,0.008753067097136333,0.009353067097136333,1.2000000000000002,5,10,china_internet|energy|gold_silver_miners|oil_exploration|oil_gas
2021-10-11,0.0007458337491215001,0.0014958337491215,1.5,4,10,crypto_infrastructure|energy|renewables_storage|solar
2021-10-12,0.019821829733709863,0.020321829733709863,0.9999999999999999,3,7,gold_silver_miners|renewables_storage|solar
2021-10-13,0.036323051887318436,0.036989718553985106,1.3333333333333333,3,9,china_internet|cloud|gold_silver_miners
2021-10-14,0.007016940149201166,0.007905829038090055,1.7777777777777777,3,8,copper|gold_silver_miners|silver
2021-10-15,-0.0005559194634502875,0.00044408053654971255,2.0,3,9,dev_tools|fintech_payments|renewables_storage
2021-10-18,0.03367838053923488,0.03467838053923488,2.0000000000000004,3,4,nuclear|nuclear_uranium|uranium
2021-10-19,-0.003996015550036307,-0.0029960155500363063,2.0000000000000004,3,9,dev_tools|gold_silver_miners|semis
2021-10-20,0.0020197061588672757,0.0030197061588672757,2.0000000000000004,3,6,healthcare|managed_care|uranium
2021-10-21,0.0002486988360048183,0.0005820321693381517,0.6666666666666667,3,6,creative_software|healthcare|managed_care
2021-10-22,0.005058520327266,0.005808520327266,1.5,4,10,asset_managers|asset_managers_alts|creative_software|gold_silver_miners
2021-10-25,0.011481841459708214,0.011926285904152659,0.8888888888888888,3,9,asset_managers_alts|construction_infrastructure|gold_silver_miners
2021-10-26,0.005494248369834772,0.006160915036501439,1.3333333333333335,3,7,asset_managers|asset_managers_alts|managed_care
2021-10-27,-0.01696277112685134,-0.01596277112685134,2.0,3,9,additive_manufacturing|homebuilders_housing|mega_cap_platforms
2021-10-28,0.015654059152445023,0.016542948041333914,1.7777777777777777,3,9,asset_managers_alts|construction_infrastructure|semicap_equipment
2021-10-29,-0.0026359435943128498,-0.0016359435943128495,2.0,3,9,mega_cap_platforms|pharma_largecap|renewables_storage
2021-11-01,0.02107676874222281,0.0219656576311117,1.7777777777777777,3,8,airlines_travel|renewables_storage|travel
2021-11-02,-0.008550091794708434,-0.007550091794708435,2.0,3,8,additive_manufacturing|medtech_devices|pharma_largecap
2021-11-03,0.07059892411209913,0.07134892411209913,1.4999999999999998,4,12,additive_manufacturing|apparel_beauty_lifestyle|lithium_battery_materials|semicap_equipment
2021-11-04,0.0033178750684109254,0.003717875068410925,0.7999999999999998,5,15,additive_manufacturing|lithium_battery_materials|rare_earth_critical_minerals|semicap_equipment|semis
2021-11-05,-0.005211171888125152,-0.004411171888125152,1.5999999999999999,4,11,airlines_travel|electronics_components|semis|semis_compute
2021-11-08,0.0037665811517008556,0.004766581151700856,1.9999999999999996,3,8,crypto_infrastructure|rare_earth_critical_minerals|uranium
2021-11-09,0.018577657323541295,0.01924432399020796,1.3333333333333335,3,9,creative_software|homebuilders_housing|uranium
2021-11-10,-0.04055571708105097,-0.03955571708105097,2.0,3,8,gold|gold_silver_miners|silver
2021-11-11,0.015086090982912996,0.015558313205135219,0.9444444444444446,4,10,china_internet|copper_metals|gold_silver_miners|silver
2021-11-12,-0.001163276159566165,-0.00016327615956616514,1.9999999999999998,3,9,consumer_internet_marketplaces|creative_software|homebuilders_housing
2021-11-15,-0.00305852499700654,-0.002391858330339873,1.3333333333333335,3,7,agriculture_food_inputs|creative_software|gaming_sports_betting
2021-11-16,0.011433866407787773,0.012433866407787774,2.0,3,9,china_internet|datacenter_infra|retail
2021-11-17,-0.02249654594615217,-0.02149654594615217,2.0,3,9,homebuilders_housing|real_estate_reits|space_satellites
2021-11-18,-0.009845884252957501,-0.008845884252957502,2.0,3,8,networking_optical|retail_consumer|semis_compute
2021-11-19,-0.017875579103820118,-0.017320023548264563,1.1111111111111112,3,9,homebuilders_housing|memory|retail_consumer
2021-11-22,-0.00730051556857291,-0.00680051556857291,1.0,4,12,apparel_beauty_lifestyle|homebuilders_housing|mega_cap_platforms|retail_consumer
2021-11-23,-0.0050399029149189025,-0.0040399029149189025,1.9999999999999998,3,9,datacenter_reits_towers|insurance|memory
2021-11-24,0.004297355703222286,0.005019577925444508,1.4444444444444442,4,10,data_centers|datacenter_reits_towers|energy|oil_gas
2021-11-26,-0.036930451910032205,-0.035930451910032205,1.9999999999999996,3,8,consumer_staples|diagnostics_tools|pharma
2021-11-29,-0.0021943182149353445,-0.0015276515482686777,1.3333333333333335,3,9,consumer_staples|oil_exploration|storage
2021-11-30,-0.032054653481174596,-0.031276875703396816,1.5555555555555554,3,9,biotech_innovation|diagnostics_tools|oil_gas
2021-12-01,-0.05135569717937942,-0.05035569717937942,2.0,3,9,pharma|semicap_equipment|storage
2021-12-02,-0.006090381843602862,-0.005090381843602862,2.0,3,9,homebuilders_housing|networking|oil_integrated
2021-12-03,-0.003406577641311038,-0.002739910974644371,1.3333333333333337,3,9,consumer_staples|networking|utilities_yield
2021-12-06,0.013235380385353133,0.013735380385353133,0.9999999999999999,4,10,airlines_travel|consumer_staples|transport_logistics|utilities_yield
2021-12-07,-0.0038910873595075675,-0.0028910873595075675,1.9999999999999998,3,8,medtech|medtech_devices|networking_optical
2021-12-08,0.017311588619285043,0.018311588619285044,2.0,3,8,airlines_travel|construction_infrastructure|real_estate_reits
2021-12-09,-0.013015370324273332,-0.012015370324273331,2.0,3,7,healthcare|managed_care|networking_optical
2021-12-10,0.04218482771633682,0.042584827716336815,0.7999999999999997,5,13,healthcare|managed_care|networking_optical|oil_gas|oil_services
2021-12-13,-0.026937703062979466,-0.026359925285201688,1.1555555555555554,3,9,cybersecurity|healthcare|networking_optical
2021-12-14,-0.010207086717556853,-0.009540420050890187,1.3333333333333333,3,7,healthcare|pharma|pharma_largecap
2021-12-15,0.01787874587596156,0.018545412542628228,1.3333333333333335,3,9,consumer_staples|networking_optical|pharma
2021-12-16,-0.004390158124949657,-0.0035012692360607686,1.7777777777777777,3,9,banks_brokers_exchanges|pharma_largecap|silver
2021-12-17,-0.01735368094032167,-0.01635368094032167,2.0,3,9,biotech_innovation|cybersecurity|real_estate_reits
2021-12-20,0.01815659809108462,0.01915659809108462,2.0,3,7,pharma|pharma_largecap|utilities_yield
2021-12-21,-0.014285653809216203,-0.013285653809216202,2.0,3,9,airlines_travel|oil_services|semicap_equipment
2021-12-22,0.022003395809535548,0.022670062476202214,1.3333333333333335,3,9,airlines_travel|gold_silver_miners|medtech_devices
2021-12-23,0.006544590712573862,0.007433479601462751,1.7777777777777777,3,8,airlines_travel|semicap_equipment|transport_logistics
2021-12-27,0.025762015725147188,0.026428682391813854,1.3333333333333335,3,9,memory_storage|oil_exploration|semicap_equipment
2021-12-28,-0.017698086895547575,-0.016698086895547574,2.0,3,8,airlines_travel|industrial_automation|transport_logistics
2021-12-29,0.0007699449195520102,0.0015199449195520101,1.4999999999999998,4,12,homebuilders_housing|industrial_automation|memory|semicap_equipment
2021-12-30,-0.012777447124069204,-0.011777447124069204,1.9999999999999998,3,9,apparel_beauty_lifestyle|china_internet|real_estate_reits
2021-12-31,-0.002943417312420731,-0.0021934173124207312,1.4999999999999998,4,12,industrial_automation|power_grid_electrification|real_estate_reits|semicap_equipment
2022-01-03,0.004129154573728497,0.004879154573728497,1.4999999999999996,4,12,energy|mega_banks|regional_banks|semicap_equipment
2022-01-04,0.024303676831243185,0.024670343497909853,0.7333333333333334,5,13,banks_brokers_exchanges|energy|mega_banks|oil_exploration|regional_banks
2022-01-05,-0.016736094360370848,-0.015802761027037513,1.8666666666666667,3,9,copper_metals|energy|uranium
2022-01-06,-0.034913471170416564,-0.03419124894819434,1.4444444444444444,4,9,energy|oil_exploration|oil_gas|regional_banks
2022-01-07,0.007426185829714616,0.007676185829714616,0.5000000000000001,4,11,airlines_travel|energy|oil_gas|regional_banks
2022-01-10,-0.011157607417253846,-0.010157607417253845,2.0,3,9,banks_brokers_exchanges|insurance|storage
2022-01-11,0.004402271724598456,0.005402271724598456,2.0,3,8,oil_gas|oil_integrated|oil_services
2022-01-12,0.007792218521582408,0.008208885188249075,0.8333333333333333,4,7,energy|natural_gas|oil_gas|oil_integrated
2022-01-13,-0.024480952068099558,-0.023480952068099557,2.0,3,9,airlines_travel|regional_banks|utilities_yield
2022-01-14,-0.0010804204498354346,-8.042044983543484e-05,1.9999999999999998,3,7,energy|oil_exploration|oil_gas
2022-01-18,-0.01097618678365316,-0.01072618678365316,0.4999999999999997,4,10,copper|energy|oil_exploration|oil_gas
2022-01-19,-0.006235590001652495,-0.005485590001652495,1.4999999999999998,4,10,copper|gold|gold_silver_miners|silver
2022-01-20,-0.024030768494053962,-0.02303076849405396,1.9999999999999998,3,7,china_internet|power_grid_electrification|utilities_yield
2022-01-21,-0.026246989281325232,-0.025580322614658566,1.333333333333333,3,9,agriculture_food_inputs|consumer_staples|power_grid_electrification
2022-01-24,0.00023839368244268,0.00123839368244268,2.0,3,9,restaurants_food|retail_consumer|workflow_software
2022-01-25,-0.029561734821184908,-0.02889506815451824,1.3333333333333335,3,9,gold_silver_miners|oil_integrated|restaurants_food
2022-01-26,-0.023273063558953526,-0.022550841336731305,1.4444444444444444,4,10,energy|mega_banks|oil_gas|oil_integrated
2022-01-27,0.002190582213782433,0.002690582213782433,1.0,4,11,oil_gas|oil_integrated|pharma_largecap|utilities_yield
2022-01-28,-0.003244111422445987,-0.0022441114224459875,1.9999999999999998,3,9,apparel_beauty_lifestyle|payments|workflow_software
2022-01-31,0.03073367446287833,0.03162256335176722,1.7777777777777777,3,9,airlines_travel|asset_managers_alts|fintech_payments
2022-02-01,0.00963952922389001,0.010306195890556676,1.333333333333333,3,6,fintech|fintech_payments|payments
2022-02-02,-0.024693669282567405,-0.023693669282567404,2.0000000000000004,3,8,ai_infrastructure|mega_cap_platforms|natural_gas
2022-02-03,-0.04474865641322701,-0.04374865641322701,2.0,3,4,healthcare|managed_care|managed_care_insurance
2022-02-04,0.00833704241133331,0.009337042411333311,2.0,3,9,crypto_infrastructure|cybersecurity|dev_tools
2022-02-07,0.06225193177589975,0.06291859844256642,1.3333333333333335,3,9,airlines_travel|crypto_infrastructure|gold_silver_miners
2022-02-08,0.0256547210574281,0.026321387724094765,1.3333333333333335,3,6,airlines_travel|managed_care|managed_care_insurance
2022-02-09,0.007914906794077789,0.00891490679407779,2.0000000000000004,3,9,airlines_travel|china_internet|uranium
2022-02-10,-0.023122590619452297,-0.022122590619452296,2.0,3,8,cloud|copper_metals|dev_tools
2022-02-11,-0.036335326342193004,-0.035668659675526335,1.3333333333333335,3,9,copper_metals|gold_silver_miners|silver
2022-02-14,0.007590181271734279,0.007895736827289834,0.6111111111111112,4,11,copper_metals|gold_silver_miners|silver|travel
2022-02-15,0.0238238829364218,0.0245738829364218,1.5000000000000002,3,6,china_internet|consumer_internet_marketplaces|travel
2022-02-16,0.0005262468348481313,0.0015262468348481314,2.0,3,9,energy|gold_silver_miners|oil_services
2022-02-17,0.007407735729852555,0.007807735729852555,0.7999999999999997,5,14,energy|gold|gold_silver_miners|oil_services|silver
2022-02-18,-0.026271814793888574,-0.025271814793888573,2.0,3,9,consumer_staples|networking|semis_compute
2022-02-22,-0.02318724282150355,-0.02218724282150355,2.0,3,9,ai_infrastructure|copper_metals|real_estate_reits
2022-02-23,-0.01377664235443285,-0.013026642354432849,1.5,4,10,copper_metals|gold|gold_silver_miners|silver
2022-02-24,-0.025719271636141034,-0.024719271636141033,2.0,3,9,defense|real_estate_reits|uranium
2022-02-25,0.022494178270177363,0.023494178270177364,2.0,3,9,managed_care_insurance|medtech|medtech_devices
2022-02-28,0.007164476503032238,0.008164476503032238,2.0,3,7,cybersecurity|defense|defense_aerospace
2022-03-01,-0.0011989850044827764,-0.00019898500448277618,2.0000000000000004,3,8,copper_metals|natural_gas|oil_gas
2022-03-02,0.027745440208209026,0.028745440208209027,2.0000000000000004,3,6,agriculture_food_inputs|nuclear_uranium|uranium
2022-03-03,0.0009648508331918534,0.00163151749985852,1.3333333333333335,3,9,agriculture_food_inputs|copper|copper_metals
2022-03-04,0.02330436565937984,0.02430436565937984,2.0,3,9,natural_gas|oil_exploration|oil_services
2022-03-07,0.05443423108608802,0.05479534219719913,0.7222222222222223,4,9,energy|oil_exploration|oil_gas|oil_services
2022-03-08,-0.01386723700857904,-0.013033903675245706,1.6666666666666667,3,8,energy|gold_silver_miners|oil_integrated
2022-03-09,-0.02418329892557944,-0.023183298925579437,2.0000000000000004,3,7,managed_care|managed_care_insurance|uranium
2022-03-10,-0.0005102728214687918,0.00023972717853120796,1.4999999999999996,4,10,energy|gold_silver_miners|oil_services|uranium
2022-03-11,-0.026445830833999272,-0.025695830833999272,1.4999999999999998,4,11,construction_infrastructure|datacenter_infra|energy|industrial_automation
2022-03-14,-0.015620679617732973,-0.015370679617732972,0.49999999999999994,4,11,construction_infrastructure|datacenter_infra|industrial_automation|rare_earth_critical_minerals
2022-03-15,-0.007855667514306495,-0.006855667514306495,2.0,3,6,airlines_travel|construction_infrastructure|transport_logistics
2022-03-16,0.05406111503880587,0.0543944483721392,0.6666666666666667,3,6,airlines_travel|asset_managers|transport_logistics
2022-03-17,0.0035353023443389893,0.004201969011005656,1.3333333333333335,3,9,asset_managers|medtech_devices|semicap_equipment
2022-03-18,0.02087218389728488,0.02187218389728488,2.0,3,8,china_internet|consumer_internet_marketplaces|fintech_payments
2022-03-21,-0.06253880588184184,-0.06153880588184184,2.0,3,9,ai_infrastructure|drones_autonomy|uranium
2022-03-22,0.0176648694961825,0.0184148694961825,1.4999999999999998,4,9,china_internet|consumer_internet_marketplaces|drones_autonomy|gaming_sports_betting
2022-03-23,0.011184713704169895,0.01174026925972545,1.1111111111111112,3,8,china_internet|consumer_internet_marketplaces|renewables_storage
2022-03-24,-0.025432551033693435,-0.024543662144804544,1.7777777777777777,3,9,agriculture_food_inputs|cybersecurity|lithium_battery_materials
2022-03-25,0.0010077775225000218,0.0017577775225000218,1.5,4,10,agriculture_food_inputs|natural_gas|oil_gas|oil_services
2022-03-28,-0.028602815085889435,-0.027602815085889434,2.0,3,8,cloud|crypto_infrastructure|cybersecurity
2022-03-29,0.011579522273746947,0.012579522273746948,2.0,3,9,airlines_travel|autos|real_estate_reits
2022-03-30,-0.014739977500813843,-0.013739977500813842,2.0,3,7,drones_autonomy|medtech|medtech_devices
2022-03-31,-0.01112341020334031,-0.010456743536673644,1.3333333333333335,3,9,medtech_devices|real_estate_reits|utilities_yield
2022-04-01,0.03150246573313832,0.03194691017758276,0.8888888888888891,3,9,lithium_battery_materials|medtech_devices|real_estate_reits
2022-04-04,0.016761249922946305,0.01753902770072408,1.5555555555555554,3,9,biotech_innovation|china_internet|datacenter_reits_towers
2022-04-05,-0.02327416107169311,-0.02252416107169311,1.4999999999999998,4,12,datacenter_reits_towers|medtech_devices|pharma_largecap|utilities_yield
2022-04-06,0.015469300746433788,0.01585263407976712,0.7666666666666666,5,14,consumer_staples|datacenter_reits_towers|pharma|pharma_largecap|utilities_yield
2022-04-07,0.011152456421096258,0.011885789754429592,1.4666666666666666,3,8,managed_care|pharma|pharma_largecap
2022-04-08,0.0035455634332483125,0.00432334121102609,1.5555555555555558,3,8,energy|oil_gas|pharma_largecap
2022-04-11,-0.0245163354521698,-0.023849668785503132,1.3333333333333333,3,9,consumer_staples|nuclear_uranium|pharma_largecap
2022-04-12,-0.0007772436200453677,-0.00027724362004536785,0.9999999999999999,4,12,consumer_staples|gold_silver_miners|nuclear_uranium|oil_gas
2022-04-13,0.03488390093683101,0.03563390093683101,1.4999999999999998,3,9,airlines_travel|silver|uranium
2022-04-14,-0.003846992821252374,-0.003180326154585707,1.3333333333333335,3,9,airlines_travel|energy|industrial_automation
2022-04-18,0.0038508893792160172,0.004350889379216017,1.0,4,11,energy|industrial_automation|oil_gas|oil_services
2022-04-19,-0.011469076210020808,-0.010469076210020809,1.9999999999999996,3,8,airlines_travel|apparel_beauty_lifestyle|transport_logistics
2022-04-20,-0.0020510570512070987,-0.0015510570512070987,1.0,4,11,airlines_travel|industrial_automation|medtech|transport_logistics
2022-04-21,-0.001136290622521953,-0.0008862906225219529,0.49999999999999994,3,8,airlines_travel|industrial_automation|transport_logistics
2022-04-22,-0.024622096840312958,-0.02384431906253518,1.5555555555555558,3,9,networking_optical|semicap_equipment|transport_logistics
2022-04-25,0.012291674995209648,0.012791674995209648,1.0,4,12,data_centers|networking_optical|restaurants_food|semicap_equipment
2022-04-26,-0.03754128155422279,-0.03662461488755612,1.8333333333333328,3,8,electronics_components|networking_optical|utilities_yield
2022-04-27,0.008520114211694001,0.009075669767249557,1.1111111111111112,3,9,china_internet|electronics_components|power_grid_electrification
2022-04-28,0.02034097587650162,0.02134097587650162,2.0,3,9,dev_tools|homebuilders_housing|semis
2022-04-29,-0.040448128951229234,-0.03944812895122923,2.0,3,7,china_internet|pharma_largecap|retail
2022-05-02,0.02107235783947948,0.02196124672836837,1.7777777777777781,3,9,consumer_internet_marketplaces|electronics_components|oil_integrated
2022-05-03,0.015208158877841764,0.015958158877841765,1.4999999999999998,4,9,energy|natural_gas|oil_gas|oil_integrated
2022-05-04,0.03527238512294018,0.035966829567384624,1.3888888888888888,3,9,fintech|oil_gas|renewables_storage
2022-05-05,-0.05267810736457224,-0.05212255180901669,1.1111111111111112,3,8,oil_exploration|oil_gas|solar
2022-05-06,-0.00472320784636768,-0.004389874513034347,0.6666666666666667,3,6,energy|oil_exploration|oil_gas
2022-05-09,-0.11349698058549543,-0.11249698058549543,2.0000000000000004,3,7,consumer_staples|power_grid_electrification|utilities_yield
2022-05-10,-0.014518807235385987,-0.013518807235385986,2.0,3,9,oil_integrated|semis_compute|storage
2022-05-11,-0.012908071695666556,-0.01224140502899989,1.3333333333333335,3,6,oil_integrated|power_grid_electrification|utilities_yield
2022-05-12,-0.006807089388254904,-0.005807089388254904,2.0000000000000004,3,9,homebuilders_housing|pharma|retail_consumer
2022-05-13,0.006736142142677519,0.007402808809344186,1.3333333333333335,3,9,business_apps|china_internet|homebuilders_housing
2022-05-16,-0.019658646158066596,-0.018908646158066596,1.5,4,10,china_internet|energy|oil_gas|oil_services
2022-05-17,0.012934628338189164,0.013534628338189164,1.1999999999999997,5,15,consumer_internet_marketplaces|oil_gas|oil_services|renewables_storage|uranium
2022-05-18,-0.05954518192516168,-0.05874518192516168,1.6000000000000003,3,9,creative_software|fintech_payments|renewables_storage
2022-05-19,0.031173110080228574,0.03150644341356191,0.6666666666666667,3,9,fintech_payments|gold_silver_miners|renewables_storage
2022-05-20,-0.028927746491085794,-0.027927746491085793,2.0,3,9,china_internet|energy|pharma_largecap
2022-05-23,0.004329211027915639,0.004995877694582306,1.3333333333333335,3,8,banks_brokers_exchanges|energy|mega_banks
2022-05-24,-0.0009687779857037661,3.122201429623392e-05,2.0,3,9,pharma_largecap|quantum_computing|utilities_yield
2022-05-25,0.022573038665694677,0.023573038665694677,2.0,3,7,natural_gas|oil_gas|workflow_software
2022-05-26,0.031365263046724226,0.03236526304672423,2.0000000000000004,3,8,asset_managers|banks_brokers_exchanges|retail_consumer
2022-05-27,0.023445703049942975,0.024445703049942976,2.0,3,9,lithium_battery_materials|natural_gas|semicap_equipment
2022-05-31,-0.04429418350178638,-0.043294183501786376,2.0,3,8,apparel_beauty_lifestyle|china_internet|retail
2022-06-01,-0.016690754918075576,-0.01602408825140891,1.3333333333333335,3,9,china_internet|natural_gas|oil_services
2022-06-02,0.023607689611506315,0.02427435627817298,1.3333333333333335,3,8,china_internet|consumer_internet_marketplaces|drones_autonomy
2022-06-03,-0.03184014842678568,-0.03084014842678568,2.0,3,9,biotech_innovation|datacenter_infra|fintech_payments
2022-06-06,-0.0019281229532521873,-0.0009281229532521872,2.0,3,9,china_internet|consumer_internet_marketplaces|renewables_storage
2022-06-07,0.054253826033434795,0.054920492700101464,1.3333333333333335,3,9,china_internet|datacenter_infra|oil_gas
2022-06-08,-0.007139284027401024,-0.006139284027401024,2.0,3,8,biotech|china_internet|gaming_sports_betting
2022-06-09,-0.07232734838786499,-0.07132734838786499,2.0,3,6,datacenter_infra|energy|power_grid_electrification
2022-06-10,-0.024181853688307477,-0.023431853688307476,1.4999999999999996,4,11,china_internet|energy|gold_silver_miners|silver
2022-06-13,-0.08134441899907999,-0.08042775233241332,1.833333333333333,3,8,energy|oil_exploration|restaurants
2022-06-14,-0.005856612954154009,-0.004856612954154009,2.0,3,9,agriculture_food_inputs|china_internet|robotics
2022-06-15,0.006975636877659934,0.007975636877659934,2.0,3,9,datacenter_reits_towers|electronics_components|medtech
2022-06-16,-0.037521423056026924,-0.03652142305602692,2.0,3,8,gold|gold_silver_miners|healthcare
2022-06-17,-0.0040990307092415934,-0.0030990307092415934,2.0000000000000004,3,7,biotech|biotech_innovation|china_internet
2022-06-21,0.028971009129622406,0.02930434246295574,0.6666666666666666,3,9,additive_manufacturing|biotech|china_internet
2022-06-22,-0.01115673549986822,-0.010490068833201555,1.3333333333333335,3,8,biotech|datacenter_reits_towers|pharma_largecap
2022-06-23,0.039290768674686706,0.03962410200802004,0.6666666666666667,3,8,biotech|diagnostics_tools|pharma_largecap
2022-06-24,0.023692718698922272,0.024692718698922273,2.0,3,8,cybersecurity|fintech|fintech_payments
2022-06-27,-0.01600342119395428,-0.01511453230506539,1.7777777777777777,3,9,china_internet|consumer_internet_marketplaces|healthcare
2022-06-28,-0.04673089967818595,-0.04623089967818595,1.0,4,12,asset_managers|china_internet|healthcare|utilities_yield
2022-06-29,-0.0032322334094202656,-0.0023155667427535993,1.8333333333333328,3,9,medtech_devices|pharma_largecap|vertical_software
2022-06-30,-0.016826777962604872,-0.01607677796260487,1.5,4,10,defense|pharma_largecap|power_grid_electrification|utilities_yield
2022-07-01,0.012481234684159466,0.012981234684159466,1.0,4,10,consumer_staples|homebuilders_housing|power_grid_electrification|utilities_yield
2022-07-05,-0.01838864419304117,-0.01763864419304117,1.5,3,9,biotech_innovation|homebuilders_housing|restaurants_food
2022-07-06,-0.009114445379851514,-0.008392223157629292,1.4444444444444442,4,10,biotech|biotech_innovation|consumer_staples|mega_cap_platforms
2022-07-07,0.03602887347308464,0.03702887347308464,1.9999999999999998,3,9,consumer_internet_marketplaces|renewables_storage|solar
2022-07-08,0.027163191489340918,0.02766319148934092,1.0,4,12,biotech_innovation|crypto_infrastructure|renewables_storage|solar
2022-07-11,-0.06277273682335706,-0.06202273682335706,1.4999999999999996,4,12,biotech_innovation|diagnostics_tools|quantum_computing|retail_consumer
2022-07-12,-0.01731753695487297,-0.01656753695487297,1.4999999999999996,4,12,autos|biotech_innovation|semis_compute|transport_logistics
2022-07-13,-0.006781564088194274,-0.005781564088194274,1.9999999999999998,3,9,additive_manufacturing|gold_silver_miners|renewables_storage
2022-07-14,-0.02605093911147064,-0.02505093911147064,2.0,3,7,retail_consumer|semis|semis_compute
2022-07-15,0.008303208362365016,0.008969875029031682,1.3333333333333335,3,9,pharma_largecap|semicap_equipment|semis
2022-07-18,-0.014173039331435617,-0.013173039331435618,2.0,3,8,airlines_travel|lithium_battery_materials|transport_logistics
2022-07-19,0.03852448643693228,0.03952448643693228,2.0000000000000004,3,7,semicap_equipment|semis|semis_compute
2022-07-20,0.06508237476255124,0.06539348587366235,0.6222222222222221,5,11,ai_infrastructure|airlines_travel|semicap_equipment|semis|semis_compute
2022-07-21,0.004537476105152669,0.005226364994041558,1.3777777777777778,3,9,ai_infrastructure|mega_banks|semicap_equipment
2022-07-22,-0.028733518098100822,-0.02784462920921193,1.7777777777777777,3,9,crypto_infrastructure|data_centers|fintech_payments
2022-07-25,-0.02969730869999274,-0.02869730869999274,2.0,3,8,agriculture_food_inputs|energy|oil_gas
2022-07-26,0.00511491942127868,0.00611491942127868,2.0,3,8,datacenter_infra|medtech|medtech_devices
2022-07-27,0.03238355215829051,0.03271688549162384,0.6666666666666667,3,9,datacenter_infra|electronics_components|medtech_devices
2022-07-28,0.023025262680827222,0.024025262680827223,2.0,3,9,power_grid_electrification|solar|vertical_software
2022-07-29,0.02181216109094967,0.022367716646505227,1.1111111111111112,5,14,energy|industrial_automation|oil_gas|power_grid_electrification|solar
2022-08-01,-0.01576853241420141,-0.014901865747534743,1.7333333333333334,3,9,autos|networking_optical|utilities_yield
2022-08-02,0.01215027842397582,0.013150278423975821,2.0,3,8,oil_services|renewables_storage|solar
2022-08-03,-0.004974248868815736,-0.003974248868815736,2.0000000000000004,3,7,fintech|fintech_payments|restaurants_food
2022-08-04,0.0199183532640267,0.0209183532640267,2.0,3,9,consumer_internet_marketplaces|renewables_storage|semicap_equipment
2022-08-05,0.02047460178496319,0.02122460178496319,1.5,4,11,cloud|dev_tools|managed_care_insurance|renewables_storage
2022-08-08,0.011870275581727876,0.012509164470616764,1.2777777777777777,3,9,cloud|fintech_payments|workflow_software
2022-08-09,-0.04960413305637299,-0.04893746638970632,1.3333333333333335,3,7,fintech_payments|managed_care|managed_care_insurance
2022-08-10,0.036271685909363006,0.0371605747982519,1.7777777777777781,3,9,biotech_innovation|fintech_payments|lithium_battery_materials
2022-08-11,0.005509701026495865,0.006509701026495865,2.0,3,7,natural_gas|oil_exploration|oil_gas
2022-08-12,0.011350607272700172,0.012350607272700173,2.0000000000000004,3,8,lithium_battery_materials|renewables_storage|utilities_yield
2022-08-15,0.016404492068762513,0.01707115873542918,1.3333333333333335,3,8,defense|defense_aerospace|utilities_yield
2022-08-16,-0.00318175483628554,-0.002515088169618873,1.3333333333333335,3,9,additive_manufacturing|apparel_beauty_lifestyle|defense_aerospace
2022-08-17,-0.04577431511495097,-0.0451076484482843,1.3333333333333335,3,9,apparel_beauty_lifestyle|oil_gas|retail_consumer
2022-08-18,0.011704459409954116,0.012454459409954117,1.5,4,10,memory|memory_storage|oil_gas|semis_compute
2022-08-19,-0.03911341571034886,-0.03811341571034886,1.9999999999999998,3,7,pharma|pharma_largecap|utilities_yield
2022-08-22,-0.012620723901582486,-0.011870723901582485,1.5,4,9,energy|natural_gas|oil_gas|pharma_largecap
2022-08-23,0.0036300058668810335,0.0038800058668810333,0.49999999999999994,4,9,agriculture_food_inputs|energy|natural_gas|oil_gas
2022-08-24,0.025226764253597322,0.025532319809152878,0.6111111111111112,3,7,natural_gas|oil_exploration|oil_gas
2022-08-25,-0.005386404713470774,-0.004386404713470774,2.0,3,9,agriculture_food_inputs|china_internet|industrial_automation
2022-08-26,-0.027591622581780526,-0.02692495591511386,1.3333333333333335,3,7,china_internet|copper|copper_metals
2022-08-29,-0.00461387720734528,-0.0038638772073452793,1.4999999999999998,4,10,copper_metals|nuclear|nuclear_uranium|oil_gas
2022-08-30,-0.03006183246891065,-0.02956183246891065,1.0000000000000002,4,8,nuclear|nuclear_uranium|renewables_storage|uranium
2022-08-31,0.0098220211788742,0.0108220211788742,2.0,3,9,china_internet|consumer_internet|datacenter_reits_towers
2022-09-01,-0.009555753989218027,-0.008555753989218028,2.0,3,9,consumer_staples|insurance|utilities_yield
2022-09-02,-0.007944209475693612,-0.0074442094756936115,1.0,4,12,banks_brokers_exchanges|insurance|nuclear|utilities_yield
2022-09-06,-0.0023669117543843963,-0.0018669117543843965,1.0,4,12,banks_brokers_exchanges|power_grid_electrification|real_estate_reits|utilities_yield
2022-09-07,0.02297565670427623,0.023475656704276232,1.0,3,9,medtech_devices|power_grid_electrification|utilities_yield
2022-09-08,0.0027779897840871657,0.003444656450753832,1.3333333333333335,3,9,insurance|medtech|medtech_devices
2022-09-09,0.01000920652698049,0.01100920652698049,2.0,3,8,airlines_travel|cloud|transport_logistics
2022-09-12,0.017113759297099747,0.017780425963766413,1.3333333333333335,3,9,airlines_travel|consumer_internet_marketplaces|fintech_payments
2022-09-13,-0.06763429245423079,-0.06663429245423079,2.0,3,9,copper_metals|lithium_battery_materials|renewables_storage
2022-09-14,0.033346556111860666,0.03409655611186067,1.5,4,11,lithium_battery_materials|natural_gas|oil_gas|oil_services
2022-09-15,-0.028882469148083425,-0.028132469148083424,1.4999999999999998,4,11,airlines_travel|fintech_payments|lithium_battery_materials|renewables_storage
2022-09-16,-0.0559124965641785,-0.0549124965641785,1.9999999999999998,3,8,autos|biotech|pharma_largecap
2022-09-19,-0.015173059956077109,-0.014173059956077108,2.0,3,9,insurance|regional_banks|utilities_yield
2022-09-20,-0.017290498459549837,-0.016290498459549836,2.0,3,9,airlines_travel|biotech|defense_aerospace
2022-09-21,-0.028203854155744848,-0.027537187489078182,1.3333333333333335,3,7,defense|defense_aerospace|retail_consumer
2022-09-22,-0.0009373858198615307,-0.0002707191531948639,1.3333333333333335,3,7,defense|pharma|pharma_largecap
2022-09-23,-0.01087265824717387,-0.010539324913840537,0.6666666666666667,3,7,homebuilders_housing|pharma|pharma_largecap
2022-09-26,-0.02114140509748156,-0.02014140509748156,2.0000000000000004,3,8,china_internet|consumer_staples|retail
2022-09-27,-0.00740500351449607,-0.00640500351449607,2.0,3,9,crypto_infrastructure|electronics_components|pharma_largecap
2022-09-28,0.03617881022137876,0.03684547688804543,1.3333333333333335,3,7,obesity_glp1_health|pharma|pharma_largecap
2022-09-29,-0.013295951696448172,-0.012962618363114839,0.6666666666666667,3,8,medtech_devices|obesity_glp1_health|pharma_largecap
2022-09-30,-0.011814427188417926,-0.010814427188417927,2.0,3,9,gold|gold_silver_miners|quantum_computing
2022-10-03,0.03447844240928686,0.03481177574262019,0.6666666666666667,3,9,gold|gold_silver_miners|oil_gas
2022-10-04,0.01980847348798121,0.020808473487981212,2.0,3,9,diagnostics_tools|fintech_payments|silver
2022-10-05,-0.004752412557184775,-0.003752412557184775,2.0,3,6,energy|oil_exploration|oil_gas
2022-10-06,0.01951923291351995,0.019741455135742172,0.44444444444444425,4,8,energy|oil_exploration|oil_gas|oil_services
2022-10-07,-5.3177573481771466e-05,0.000391266870962673,0.8888888888888888,3,8,energy|oil_gas|oil_services
2022-10-10,-0.029836033010888795,-0.028836033010888794,2.0,3,9,agriculture_food_inputs|consumer_internet_marketplaces|defense
2022-10-11,-0.017675266001809575,-0.016675266001809574,2.0,3,8,consumer_staples|restaurants_food|retail_consumer
2022-10-12,0.010468935668432648,0.010968935668432649,1.0,4,12,agriculture_food_inputs|airlines_travel|consumer_staples|restaurants_food
2022-10-13,0.01671424807155732,0.01746424807155732,1.4999999999999996,4,12,agriculture_food_inputs|banks_brokers_exchanges|industrial_automation|insurance
2022-10-14,-0.02101543832891344,-0.02026543832891344,1.4999999999999998,3,9,banks_brokers_exchanges|pharma_largecap|regional_banks
2022-10-17,0.01650407179107426,0.017281849568852037,1.5555555555555554,3,9,medtech_devices|pharma|restaurants_food
2022-10-18,0.007626468816983236,0.008376468816983236,1.4999999999999998,4,12,airlines_travel|industrial_automation|mega_banks|restaurants_food
2022-10-19,-0.019264862531636357,-0.018514862531636356,1.4999999999999996,4,11,airlines_travel|lithium_battery_materials|oil_gas|oil_services
2022-10-20,-0.011880274709570753,-0.011158052487348531,1.4444444444444444,3,9,airlines_travel|data_centers|oil_services
2022-10-21,0.03529433570889713,0.0359610023755638,1.3333333333333335,3,9,data_centers|gold_silver_miners|lithium_battery_materials
2022-10-24,-0.006232055503195731,-0.005232055503195731,2.0,3,7,consumer_staples|defense|defense_aerospace
2022-10-25,0.004076564641684427,0.005076564641684427,2.0,3,9,data_centers|electronics_components|networking
2022-10-26,-0.007795233779609913,-0.006795233779609913,2.0,3,8,copper_metals|gold_silver_miners|oil_services
2022-10-27,-0.01884520211129713,-0.01784520211129713,2.0,3,9,asset_managers|datacenter_infra|restaurants_food
2022-10-28,0.03000556123059984,0.030338894563933176,0.6666666666666667,3,9,asset_managers|datacenter_infra|healthcare
2022-10-31,-0.015247661128553296,-0.01458099446188663,1.3333333333333335,3,8,healthcare|managed_care_insurance|natural_gas
2022-11-01,-0.002860299509658738,-0.0018602995096587383,2.0,3,9,biotech|biotech_innovation|industrial_automation
2022-11-02,-0.037732333018777625,-0.036982333018777624,1.4999999999999998,4,11,banks_brokers_exchanges|defense|defense_aerospace|industrial_automation
2022-11-03,0.012058594184404768,0.012808594184404767,1.4999999999999996,3,9,industrial_automation|oil_services|solar
2022-11-04,-0.005193225484128212,-0.004526558817461545,1.3333333333333335,3,9,china_internet|copper_metals|industrial_automation
2022-11-07,-0.008966251316207565,-0.007966251316207564,2.0,3,9,gold_silver_miners|oil_gas|oil_services
2022-11-08,0.02328892139273892,0.023955588059405585,1.3333333333333337,3,9,ai_infrastructure|gold_silver_miners|silver
2022-11-09,-0.021565537484739487,-0.02089887081807282,1.3333333333333335,3,9,gold|gold_silver_miners|industrial_automation
2022-11-10,0.04907898070093052,0.049773425145374965,1.3888888888888888,4,10,asset_managers_alts|gold|homebuilders_housing|silver
2022-11-11,0.02480425871329879,0.02580425871329879,2.0,3,8,cybersecurity|semicap_equipment|semis
2022-11-14,-0.02178784193435052,-0.02078784193435052,2.0,3,9,biotech|gold_silver_miners|renewables_storage
2022-11-15,0.0105232668854628,0.011523266885462801,2.0,3,8,apparel_beauty_lifestyle|china_internet|consumer_internet_marketplaces
2022-11-16,-0.05570501164966934,-0.055149456094113786,1.1111111111111112,3,9,apparel_beauty_lifestyle|gaming_sports_betting|mega_cap_platforms
2022-11-17,-0.003891434330352796,-0.003002545441463907,1.7777777777777781,3,7,ai_infrastructure|consumer_internet_marketplaces|semis_compute
2022-11-18,-0.017985625811238526,-0.016985625811238525,2.0,3,9,consumer_staples|networking|utilities_yield
2022-11-21,-0.00027901669809238206,5.431663524095131e-05,0.6666666666666667,3,9,apparel_beauty_lifestyle|consumer_staples|utilities_yield
2022-11-22,0.02812749933931263,0.02912749933931263,2.0,3,8,gold_silver_miners|natural_gas|oil_gas
2022-11-23,-0.0036364630807941114,-0.0028864630807941116,1.4999999999999998,4,12,apparel_beauty_lifestyle|data_centers|gold_silver_miners|storage
2022-11-25,0.001858932491005328,0.0028589324910053278,1.9999999999999996,3,9,agriculture_food_inputs|managed_care|utilities_yield
2022-11-28,-0.008277725620012173,-0.007527725620012173,1.5000000000000002,4,9,agriculture_food_inputs|apparel_beauty_lifestyle|pharma|pharma_largecap
2022-11-29,0.003728724381831982,0.004478724381831982,1.5,4,12,apparel_beauty_lifestyle|china_internet|natural_gas|oil_gas
2022-11-30,0.03927231224090769,0.040022312240907694,1.4999999999999996,3,6,china_internet|healthcare|managed_care
2022-12-01,-0.012799912635362534,-0.011799912635362533,2.0000000000000004,3,9,gold|medtech_devices|workflow_software
2022-12-02,-0.0036064260297960678,-0.0026064260297960678,2.0,3,9,biotech_innovation|china_internet|digital_ads_media
2022-12-05,-0.04067803341019226,-0.04001136674352559,1.3333333333333333,3,7,china_internet|consumer_internet|consumer_internet_marketplaces
2022-12-06,0.01989300340691441,0.020115225629136632,0.44444444444444453,3,6,china_internet|consumer_internet|consumer_internet_marketplaces
2022-12-07,-0.018905558542702643,-0.017905558542702642,2.0000000000000004,3,9,gold_silver_miners|pharma_largecap|silver
2022-12-08,-0.0027437476412263367,-0.0017437476412263367,2.0,3,9,china_internet|copper|dev_tools
2022-12-09,0.003142331106216044,0.003892331106216044,1.4999999999999996,4,12,china_internet|electronics_components|real_estate_reits|utilities_yield
2022-12-12,-0.005136720694887604,-0.004386720694887604,1.5,3,8,dev_tools|power_grid_electrification|utilities_yield
2022-12-13,0.006206702326239741,0.006873368992906408,1.3333333333333335,3,8,construction_infrastructure|dev_tools|homebuilders_housing
2022-12-14,0.010013972003817189,0.010569527559372745,1.1111111111111112,3,9,homebuilders_housing|renewables_storage|workflow_software
2022-12-15,-0.029233742391718064,-0.028567075725051398,1.3333333333333335,3,8,construction_infrastructure|homebuilders_housing|real_estate_reits
2022-12-16,-0.024668237612331105,-0.023668237612331104,2.0,3,9,biotech|defense|uranium
2022-12-19,-0.018774196330620926,-0.017774196330620926,2.0,3,8,energy|oil_gas|renewables_storage
2022-12-20,0.014238277394339013,0.015238277394339014,2.0,3,8,copper_metals|defense|gold_silver_miners
2022-12-21,0.010723708672617406,0.011473708672617407,1.5,4,10,defense|energy|industrial_automation|oil_gas
2022-12-22,-0.020554583262810296,-0.019554583262810295,2.0,3,9,additive_manufacturing|apparel_beauty_lifestyle|gold_silver_miners
2022-12-23,0.0033940269307458516,0.004394026930745852,2.0,3,8,oil_exploration|oil_gas|oil_services
2022-12-27,0.003965208234855455,0.004965208234855455,2.0000000000000004,3,7,copper_metals|gold_silver_miners|silver
2022-12-28,-0.04549375432601946,-0.04449375432601946,2.0000000000000004,3,8,apparel_beauty_lifestyle|banks_brokers_exchanges|mega_banks
2022-12-29,0.01276128751946494,0.013761287519464939,2.0,3,8,datacenter_infra|fintech_payments|payments
2022-12-30,0.004020672346919216,0.004770672346919216,1.5,4,10,airlines_travel|defense|defense_aerospace|fintech_payments
2023-01-03,-0.026822791420074172,-0.02582279142007417,2.0,3,9,apparel_beauty_lifestyle|china_internet|storage
2023-01-04,0.056503488390989856,0.05700348839098986,1.0,4,12,airlines_travel|apparel_beauty_lifestyle|china_internet|payments
2023-01-05,-0.008913252505649486,-0.008413252505649485,1.0,3,9,airlines_travel|china_internet|copper_metals
2023-01-06,0.0040961404992827435,0.004846140499282743,1.4999999999999998,4,12,copper_metals|memory|semicap_equipment|semis
2023-01-09,0.028101742853879327,0.028851742853879328,1.4999999999999998,3,9,crypto_infrastructure|semicap_equipment|transport_logistics
2023-01-10,0.05791270519912411,0.05846826075467966,1.1111111111111112,3,9,airlines_travel|crypto_infrastructure|oil_services
2023-01-11,0.0009808943197752106,0.0017031165419974328,1.4444444444444442,4,11,airlines_travel|diagnostics_tools|renewables_storage|transport_logistics
2023-01-12,0.05171863571310127,0.05219085793532349,0.9444444444444444,3,9,airlines_travel|copper|renewables_storage
2023-01-13,0.01597155853048894,0.016638225197155607,1.3333333333333335,3,9,airlines_travel|consumer_internet_marketplaces|quantum_computing
2023-01-17,0.004470434043403995,0.005470434043403995,2.0,3,9,ai_apps|crypto_infrastructure|fintech_payments
2023-01-18,-0.07103769311546689,-0.07037102644880022,1.3333333333333337,3,9,fintech_payments|lithium_battery_materials|renewables_storage
2023-01-19,-0.043976558858189824,-0.04297655885818982,2.0,3,8,gold_silver_miners|natural_gas|oil_gas
2023-01-20,0.01675257021547579,0.017752570215475792,2.0,3,7,fintech|payments|workflow_software
2023-01-23,0.03160655137812134,0.032495440267010234,1.777777777777778,3,9,ai_apps_agents|memory_storage|semicap_equipment
2023-01-24,-0.006728760120246343,-0.005728760120246343,2.0,3,9,mega_cap_platforms|nuclear|travel
2023-01-25,0.014969620103100361,0.015636286769767027,1.3333333333333335,3,8,nuclear|nuclear_uranium|streaming_entertainment
2023-01-26,-0.003667421319745893,-0.002667421319745893,2.0,3,8,memory|semicap_equipment|semis
2023-01-27,-0.004390740138979949,-0.003390740138979949,2.0000000000000004,3,6,ai_apps|ai_apps_agents|fintech_payments
2023-01-30,-0.001236259648100888,-0.0004862596481008878,1.5000000000000002,4,7,ai_apps|nuclear|nuclear_uranium|uranium
2023-01-31,0.009933745129346944,0.01085041179601361,1.8333333333333335,3,9,business_apps|homebuilders_housing|regional_banks
2023-02-01,0.021481905672728792,0.021954127894951013,0.9444444444444445,4,11,ai_apps_agents|business_apps|consumer_internet_marketplaces|homebuilders_housing
2023-02-02,0.02152788133905549,0.021861214672388826,0.6666666666666667,3,8,ai_apps|business_apps|homebuilders_housing
2023-02-03,0.016759448373347828,0.01750944837334783,1.5,4,12,additive_manufacturing|ai_apps|construction_infrastructure|quantum_computing
2023-02-06,-0.019449631037987126,-0.019199631037987126,0.5,3,9,additive_manufacturing|ai_apps|quantum_computing
2023-02-07,-0.028314967771334302,-0.027648301104667636,1.3333333333333335,3,9,additive_manufacturing|semis|workflow_software
2023-02-08,-0.02231693698071403,-0.021650270314047364,1.3333333333333335,3,9,additive_manufacturing|data_centers|quantum_computing
2023-02-09,-0.05099198450480463,-0.05051976228258241,0.9444444444444445,4,11,additive_manufacturing|ai_infrastructure|data_centers|oil_integrated
2023-02-10,-0.00411032142999774,-0.00336032142999774,1.5,4,8,energy|oil_exploration|oil_gas|oil_integrated
2023-02-13,-0.0045928260560151295,-0.0035928260560151295,1.9999999999999998,3,9,consumer_staples|data_centers|networking
2023-02-14,0.006223908958435072,0.006946131180657294,1.4444444444444442,4,10,ai_infrastructure|data_centers|natural_gas|oil_gas
2023-02-15,-0.003909807996575845,-0.0029098079965758448,1.9999999999999998,3,9,additive_manufacturing|aerospace|renewables_storage
2023-02-16,-0.05357117390145274,-0.05290450723478607,1.3333333333333335,3,9,defense_aerospace|lithium_battery_materials|restaurants_food
2023-02-17,-0.02413022974178986,-0.023463563075123192,1.3333333333333335,3,9,defense_aerospace|power_grid_electrification|space_satellites
2023-02-21,-0.04935411163876959,-0.04835411163876959,2.0,3,7,copper|copper_metals|restaurants_food
2023-02-22,-0.003963537688210409,-0.0032135376882104095,1.5,4,12,agriculture_food_inputs|digital_ads_media|renewables_storage|restaurants_food
2023-02-23,-0.027695364505102998,-0.02677869783843633,1.833333333333333,3,9,datacenter_infra|industrial_automation|medtech_devices
2023-02-24,-0.0072934374718236486,-0.006848993027379204,0.8888888888888891,3,8,industrial_automation|power_grid_electrification|utilities_yield
2023-02-27,-0.0026932109845132744,-0.0018043220956243853,1.7777777777777777,3,9,industrial_automation|medtech_devices|oil_services
2023-02-28,0.006799438834972052,0.007799438834972052,2.0,3,7,construction_infrastructure|datacenter_infra|homebuilders_housing
2023-03-01,-0.002869327800308916,-0.002119327800308916,1.5,4,12,copper_metals|datacenter_infra|gold_silver_miners|oil_gas
2023-03-02,-0.00038815833545990854,0.000278508331206758,1.333333333333333,4,12,china_internet|construction_infrastructure|oil_gas|oil_services
2023-03-03,0.01390325124425157,0.01490325124425157,1.9999999999999996,3,7,medtech_devices|renewables_storage|solar
2023-03-06,-1.1262143993995277e-05,0.0004887378560060047,1.0,4,8,ai_apps|consumer_internet|renewables_storage|solar
2023-03-07,-0.008323717944139813,-0.007823717944139812,1.0,4,9,ai_apps|airlines_travel|consumer_internet|transport_logistics
2023-03-08,-0.011752716345972443,-0.011002716345972443,1.5,4,12,dev_tools|semis|transport_logistics|utilities_yield
2023-03-09,-0.03161555876855912,-0.031115558768559124,1.0,4,12,networking_optical|renewables_storage|semis|utilities_yield
2023-03-10,-0.030657410796324103,-0.029657410796324103,1.9999999999999998,3,8,defense|pharma|pharma_largecap
2023-03-13,0.002099043414882477,0.0026545989704380327,1.1111111111111112,5,13,consumer_staples|gold_silver_miners|medtech|pharma|pharma_largecap
2023-03-14,0.013031924701329571,0.013815258034662905,1.5666666666666664,4,11,datacenter_reits_towers|medtech|semicap_equipment|semis
2023-03-15,-0.0027455467913230763,-0.0019955467913230765,1.5,3,9,consumer_staples|datacenter_reits_towers|pharma_largecap
2023-03-16,0.0004832544085558515,0.0014832544085558515,2.0,3,9,consumer_internet|mega_cap_platforms|restaurants
2023-03-17,-0.0021278927022998725,-0.0011278927022998725,2.0,3,9,crypto_infrastructure|gold_silver_miners|silver
2023-03-20,-0.006479862652510597,-0.006146529319177264,0.6666666666666667,3,9,gold_silver_miners|networking|silver
2023-03-21,-0.04141993470144957,-0.04041993470144957,2.0,3,8,ai_apps_agents|digital_ads_media|fintech
2023-03-22,-0.0425736315272529,-0.04190696486058623,1.3333333333333335,3,6,ai_apps_agents|ai_infrastructure|semis_compute
2023-03-23,0.02234656550679417,0.022679898840127506,0.6666666666666667,3,6,ai_infrastructure|memory|semis_compute
2023-03-24,-0.025753365278269002,-0.024753365278269,2.0000000000000004,3,9,defense|natural_gas|pharma_largecap
2023-03-27,0.0058735994839785016,0.00676248837286739,1.7777777777777777,3,8,ai_apps|oil_exploration|oil_gas
2023-03-28,-0.009482793542761792,-0.008882793542761792,1.2,5,13,copper_metals|gold_silver_miners|oil_exploration|oil_gas|silver
2023-03-29,0.0003137413979608255,0.0013137413979608255,2.0,3,9,power_grid_electrification|real_estate_reits|workflow_software
2023-03-30,0.011044375141085744,0.01171104180775241,1.3333333333333335,3,9,gold_silver_miners|managed_care|real_estate_reits
2023-03-31,-0.00028438526336929237,0.0007156147366307077,2.0,3,7,ai_apps_agents|business_apps|workflow_software
2023-04-03,0.0065787614077960814,0.0075787614077960815,2.0000000000000004,3,7,managed_care|oil_exploration|oil_gas
2023-04-04,-0.014333317335635625,-0.013333317335635624,2.0,3,9,creative_software|gold_silver_miners|quantum_computing
2023-04-05,-0.04424004834509788,-0.04324004834509788,2.0,3,9,healthcare|oil_gas|pharma
2023-04-06,-0.0026518423518114708,-0.0016518423518114707,2.0,3,8,ai_apps|ai_apps_agents|quantum_computing
2023-04-10,0.021823839645402937,0.022823839645402938,2.0000000000000004,3,7,defense|defense_aerospace|oil_gas
2023-04-11,-0.0009231923744023645,7.680762559763557e-05,2.0,3,9,copper_metals|real_estate_reits|transport_logistics
2023-04-12,-9.229049832567182e-05,0.0009077095016743282,2.0,3,9,defense_aerospace|pharma_largecap|utilities_yield
2023-04-13,0.0010219220064116895,0.0020219220064116895,2.0,3,9,asset_managers_alts|crypto_infrastructure|gold_silver_miners
2023-04-14,-0.010825621058226067,-0.0101589543915594,1.3333333333333335,3,8,cloud_neocloud|crypto_infrastructure|mega_banks
2023-04-17,-0.00015514823900071822,0.0005115184276659485,1.3333333333333335,3,9,asset_managers|mega_banks|regional_banks
2023-04-18,0.005648119531067548,0.006314786197734215,1.3333333333333335,3,9,copper|homebuilders_housing|mega_banks
2023-04-19,-0.010735431696004275,-0.009735431696004276,2.0,3,9,asset_managers_alts|banks_brokers_exchanges|regional_banks
2023-04-20,-0.018479813035970717,-0.017479813035970716,2.0,3,9,construction_infrastructure|homebuilders_housing|medtech_devices
2023-04-21,0.009936747301450161,0.010603413968116827,1.3333333333333335,3,8,medtech|medtech_devices|transport_logistics
2023-04-24,0.00012202161911459069,0.0011220216191145907,2.0,3,9,consumer_staples|homebuilders_housing|oil_services
2023-04-25,-0.026440087434758845,-0.02577342076809218,1.3333333333333335,3,9,consumer_staples|medtech_devices|restaurants_food
2023-04-26,-0.0012166545854954438,-0.000549987918828777,1.3333333333333335,3,5,consumer|restaurants|restaurants_food
2023-04-27,-0.006887937488194803,-0.005887937488194803,2.0,3,9,consumer_staples|datacenter_infra|mega_cap_platforms
2023-04-28,0.014254426088444318,0.01525442608844432,2.0,3,7,natural_gas|oil_gas|restaurants_food
2023-05-01,-0.020051812103777947,-0.0193573676593335,1.3888888888888888,4,8,healthcare|managed_care_insurance|restaurants|restaurants_food
2023-05-02,-0.011676811996289758,-0.010982367551845314,1.3888888888888888,3,9,datacenter_infra|gold_silver_miners|restaurants_food
2023-05-03,0.0019501180114477339,0.002839006900336623,1.7777777777777777,3,8,biotech_innovation|data_centers|datacenter_infra
2023-05-04,-0.014837894742694181,-0.01383789474269418,2.0,3,9,gold|gold_silver_miners|utilities_yield
2023-05-05,0.012099696633456187,0.013099696633456188,2.0,3,9,biotech|cybersecurity|semicap_equipment
2023-05-08,0.0036090591050737105,0.0042757257717403775,1.3333333333333335,3,9,consumer_internet_marketplaces|cybersecurity|fintech_payments
2023-05-09,0.009896593089578513,0.010646593089578514,1.5,4,10,cloud|consumer_internet_marketplaces|nuclear_uranium|uranium
2023-05-10,0.013126286058547355,0.013876286058547356,1.5,3,7,ai_apps_agents|cloud|cybersecurity
2023-05-11,-0.002104522137713597,-0.001604522137713597,1.0000000000000002,4,12,ai_apps_agents|consumer_internet_marketplaces|cybersecurity|fintech_payments
2023-05-12,-0.023668581230725193,-0.022668581230725193,1.9999999999999998,3,7,natural_gas|renewables_storage|solar
2023-05-15,0.03203414629094467,0.03303414629094467,2.0,3,9,ai_apps|china_internet|semicap_equipment
2023-05-16,0.0017989669756755355,0.00224341142011998,0.888888888888889,4,10,ai_apps|ai_apps_agents|quantum_computing|semicap_equipment
2023-05-17,0.040559366422140045,0.041476033088806714,1.8333333333333333,3,9,airlines_travel|mega_banks|semicap_equipment
2023-05-18,0.01200453351561174,0.012671200182278406,1.3333333333333335,3,8,memory|semicap_equipment|semis
2023-05-19,-0.007348680799006068,-0.006570903021228289,1.5555555555555558,3,9,cloud_neocloud|networking|semis_compute
2023-05-22,0.010183760973572204,0.010783760973572204,1.1999999999999997,5,13,ai_apps|ai_apps_agents|cloud_neocloud|semis_compute|workflow_software
2023-05-23,-0.005964884589024804,-0.005253773477913693,1.4222222222222223,3,9,ai_apps|banks_brokers_exchanges|quantum_computing
2023-05-24,0.0031219267505029364,0.0037885934171696034,1.3333333333333335,3,9,cybersecurity|oil_services|quantum_computing
2023-05-25,0.003556029265449662,0.004556029265449662,2.0,3,9,ai_infrastructure|electronics_components|networking
2023-05-26,0.08424292180709736,0.08473181069598625,0.9777777777777777,5,14,ai_infrastructure|data_centers|electronics_components|quantum_computing|semis_compute
2023-05-30,-0.0031223398838692543,-0.002500117661647032,1.2444444444444445,3,9,data_centers|networking|networking_optical
2023-05-31,-0.036272565903571946,-0.035272565903571945,2.0,3,8,cybersecurity|datacenter_reits_towers|real_estate_reits
2023-06-01,-0.019337163570348422,-0.018448274681459532,1.7777777777777781,3,8,data_centers|memory_storage|semis
2023-06-02,0.0033934431152221117,0.004393443115222112,2.0,3,9,airlines_travel|copper|fintech
2023-06-05,-0.0035689887698286448,-0.0025689887698286448,2.0,3,9,ai_apps_agents|cloud|managed_care_insurance
2023-06-06,0.011776256873312851,0.012776256873312852,2.0,3,9,airlines_travel|china_internet|homebuilders_housing
2023-06-07,-0.008297369591772887,-0.007297369591772887,2.0,3,9,drones_autonomy|industrial_automation|oil_services
2023-06-08,0.0075597065543800855,0.008559706554380085,2.0,3,9,asset_managers_alts|china_internet|dev_tools
2023-06-09,0.00018631521639583175,0.0005196485497291651,0.6666666666666667,3,9,airlines_travel|asset_managers_alts|china_internet
2023-06-12,0.01607347775273386,0.016851255530511637,1.5555555555555554,3,9,airlines_travel|homebuilders_housing|semis
2023-06-13,0.012035996055706134,0.013035996055706133,2.0,3,8,electronics_components|lithium_battery_materials|renewables_storage
2023-06-14,-0.020202433457050126,-0.019202433457050125,2.0,3,9,china_internet|drones_autonomy|medtech
2023-06-15,0.025558680001155683,0.026142013334489015,1.1666666666666665,4,11,ai_apps_agents|business_apps|china_internet|medtech
2023-06-16,-0.017944316527725376,-0.017194316527725375,1.4999999999999998,4,11,crypto_infrastructure|electronics_components|medtech|networking_optical
2023-06-20,0.012109679782222391,0.012359679782222391,0.5,3,8,crypto_infrastructure|electronics_components|networking_optical
2023-06-21,-0.06090889415335953,-0.06024222748669286,1.3333333333333335,3,9,crypto_infrastructure|defense|restaurants
2023-06-22,-0.008922948979382419,-0.007922948979382418,2.0,3,9,consumer_staples|homebuilders_housing|managed_care_insurance
2023-06-23,-0.0004470131035096842,0.00021965356315698257,1.3333333333333335,3,9,construction_infrastructure|crypto_infrastructure|homebuilders_housing
2023-06-26,-0.027560838271527156,-0.02689417160486049,1.3333333333333335,3,9,construction_infrastructure|datacenter_infra|transport_logistics
2023-06-27,0.034621063827000094,0.035121063827000094,1.0,4,12,construction_infrastructure|homebuilders_housing|semicap_equipment|transport_logistics
2023-06-28,0.002024333539515163,0.002774333539515163,1.4999999999999998,3,8,airlines_travel|datacenter_reits_towers|transport_logistics
2023-06-29,-0.0037959743301530877,-0.0030737521079308655,1.4444444444444442,4,11,construction_infrastructure|datacenter_reits_towers|obesity_glp1_health|real_estate_reits
2023-06-30,0.014084387670907621,0.014556609893129844,0.9444444444444445,3,9,obesity_glp1_health|real_estate_reits|semicap_equipment
2023-07-03,-0.004803974689580972,-0.003803974689580972,2.0,3,9,china_internet|fintech|quantum_computing
2023-07-05,0.0377443862707209,0.038299941826276454,1.1111111111111112,3,9,payments|quantum_computing|renewables_storage
2023-07-06,-0.04361527115089557,-0.04283749337311779,1.5555555555555554,3,9,cloud_neocloud|lithium_battery_materials|oil_services
2023-07-07,0.06352516390205747,0.06412516390205747,1.2,5,15,airlines_travel|energy|lithium_battery_materials|oil_services|rare_earth_critical_minerals
2023-07-10,0.02219501566336784,0.022795015663367838,1.1999999999999997,4,12,biotech_innovation|crypto_infrastructure|lithium_battery_materials|rare_earth_critical_minerals
2023-07-11,0.0068125938517726034,0.007812593851772603,1.9999999999999998,3,9,consumer_internet|oil_exploration|oil_services
2023-07-12,0.011946804629313648,0.012480137962646982,1.0666666666666667,5,13,china_internet|gold_silver_miners|oil_exploration|oil_services|silver
2023-07-13,0.017879320966362248,0.018679320966362246,1.6,3,9,biotech|china_internet|cloud_neocloud
2023-07-14,-0.04692765347577444,-0.04620543125355222,1.4444444444444444,4,11,biotech|biotech_innovation|consumer_internet_marketplaces|gold_silver_miners
2023-07-17,0.08853791748269554,0.08942680637158443,1.7777777777777777,3,9,ai_apps|fintech_payments|semicap_equipment
2023-07-18,5.126204020045109e-05,0.00094015092908934,1.7777777777777777,3,9,biotech|gold_silver_miners|silver
2023-07-19,0.011963735359853438,0.012963735359853438,2.0,3,9,asset_managers|managed_care|workflow_software
2023-07-20,-0.012079659301319686,-0.011301881523541907,1.5555555555555554,3,9,banks_brokers_exchanges|defense|pharma
2023-07-21,-0.005359792822494386,-0.004693126155827719,1.3333333333333335,3,7,biotech|pharma|pharma_largecap
2023-07-24,-0.02101033435871575,-0.02001033435871575,2.0,3,9,banks_brokers_exchanges|oil_gas|regional_banks
2023-07-25,-0.005010023487004558,-0.0042322457092267805,1.5555555555555554,3,9,agriculture_food_inputs|copper|oil_gas
2023-07-26,-0.0023623557191215032,-0.0013623557191215032,2.0,3,9,china_internet|consumer_staples|insurance
2023-07-27,0.0022440838951133042,0.002994083895113304,1.4999999999999998,4,11,china_internet|electronics_components|semicap_equipment|semis
2023-07-28,0.05509776390566168,0.05534776390566168,0.5,4,10,china_internet|consumer_internet_marketplaces|semicap_equipment|semis
2023-07-31,-0.008101252134783353,-0.0071012521347833535,1.9999999999999998,3,9,copper_metals|electronics_components|uranium
2023-08-01,-0.025889586946329826,-0.024889586946329825,2.0,3,9,construction_infrastructure|defense_aerospace|quantum_computing
2023-08-02,-0.04141684354601717,-0.04091684354601717,1.0,4,11,construction_infrastructure|data_centers|datacenter_infra|quantum_computing
2023-08-03,-0.015972287852592006,-0.014972287852592006,1.9999999999999998,3,9,apparel_beauty_lifestyle|china_internet|oil_gas
2023-08-04,-0.01241815390982845,-0.01166815390982845,1.4999999999999998,4,11,construction_infrastructure|homebuilders_housing|nuclear_uranium|oil_gas
2023-08-07,0.007589278058442542,0.008089278058442543,1.0,3,8,construction_infrastructure|homebuilders_housing|pharma_largecap
2023-08-08,0.0035237726108657955,0.004190439277532462,1.3333333333333333,4,12,construction_infrastructure|data_centers|natural_gas|pharma_largecap
2023-08-09,-0.023305955332425125,-0.022805955332425125,0.9999999999999999,4,10,energy|natural_gas|oil_gas|pharma_largecap
2023-08-10,-0.009218397108129519,-0.00821839710812952,1.9999999999999998,3,9,networking_optical|oil_integrated|travel
2023-08-11,-0.020704003578069664,-0.019704003578069663,2.0,3,7,nuclear_uranium|pharma_largecap|uranium
2023-08-14,-0.002321877931684207,-0.0016552112650175406,1.3333333333333333,3,9,apparel_beauty_lifestyle|managed_care_insurance|pharma_largecap
2023-08-15,-0.008884705351541485,-0.008218038684874819,1.3333333333333335,3,9,medtech|pharma|pharma_largecap
2023-08-16,-0.009175683403815032,-0.008564572292703921,1.2222222222222219,4,10,apparel_beauty_lifestyle|pharma|pharma_largecap|power_grid_electrification
2023-08-17,-0.0016900031675878614,-0.001134447612032306,1.1111111111111112,3,8,oil_gas|pharma|pharma_largecap
2023-08-18,0.0018749223323702134,0.00254158899903688,1.3333333333333335,3,9,datacenter_infra|oil_gas|retail_consumer
2023-08-21,-0.0034347863881593163,-0.0024347863881593163,2.0,3,8,memory_storage|semicap_equipment|semis
2023-08-22,-0.00461779558441724,-0.0036177955844172403,2.0000000000000004,3,6,additive_manufacturing|nuclear_uranium|uranium
2023-08-23,0.009634917419736704,0.010634917419736704,2.0,3,7,advanced_packaging|gold_silver_miners|semicap_equipment
2023-08-24,-0.01534518959311355,-0.014678522926446884,1.333333333333333,4,11,ai_infrastructure|data_centers|gold_silver_miners|semicap_equipment
2023-08-25,-0.008941967784597037,-0.007941967784597038,1.9999999999999996,3,8,business_apps|cybersecurity|workflow_software
2023-08-28,0.0016167706778226587,0.0026167706778226587,2.0,3,9,china_internet|gold_silver_miners|payments
2023-08-29,0.02968183880102344,0.03043183880102344,1.5,4,10,advanced_packaging|electronics_components|gold_silver_miners|semicap_equipment
2023-08-30,0.017245897088197938,0.01774589708819794,1.0,4,10,advanced_packaging|business_apps|fintech|semicap_equipment
2023-08-31,0.008508961241301316,0.008892294574634649,0.7666666666666666,5,12,advanced_packaging|business_apps|consumer_internet_marketplaces|semicap_equipment|workflow_software
2023-09-01,0.0114306495388913,0.012230649538891301,1.5999999999999999,4,11,china_internet|consumer_internet_marketplaces|homebuilders_housing|oil_services
2023-09-05,-0.02223467532547653,-0.02148467532547653,1.5,3,9,cloud|oil_services|uranium
2023-09-06,-0.010209574241606288,-0.00943179646382851,1.5555555555555558,3,8,business_apps|oil_services|workflow_software
2023-09-07,-0.004864057949870708,-0.004530724616537375,0.6666666666666667,3,9,oil_services|utilities_yield|workflow_software
2023-09-08,0.003970575994242603,0.004303909327575936,0.6666666666666667,3,9,energy|oil_services|utilities_yield
2023-09-11,-0.006606569876273454,-0.005606569876273454,2.0,3,9,asset_managers_alts|cybersecurity|uranium
2023-09-12,-0.00927040171867169,-0.008548179496449468,1.4444444444444442,4,11,asset_managers_alts|banks_brokers_exchanges|insurance|oil_services
2023-09-13,-0.0025228086861368397,-0.0019228086861368399,1.2,5,13,banks_brokers_exchanges|insurance|nuclear_uranium|uranium|utilities_yield
2023-09-14,0.022070229267173374,0.022436895933840042,0.7333333333333333,4,12,banks_brokers_exchanges|copper_metals|uranium|utilities_yield
2023-09-15,0.006918994899478594,0.007918994899478594,1.9999999999999996,3,8,asset_managers_alts|gold_silver_miners|silver
2023-09-18,-0.004388132771661513,-0.003499243882772624,1.7777777777777777,3,9,defense|gold|insurance
2023-09-19,-0.00779516496210113,-0.0072951649621011295,1.0,4,12,agriculture_food_inputs|autos|defense|insurance
2023-09-20,-0.005154905794192264,-0.004154905794192264,1.9999999999999998,3,8,copper_metals|gold_silver_miners|silver
2023-09-21,-0.03058890744040422,-0.029838907440404218,1.5,4,6,healthcare|managed_care|managed_care_insurance|silver
2023-09-22,0.0012466429578260616,0.0022466429578260616,2.0,3,8,memory|oil_gas|oil_integrated
2023-09-25,0.006313062290613711,0.006813062290613711,1.0,4,11,healthcare|oil_gas|oil_integrated|uranium
2023-09-26,-0.01652036469593134,-0.01602036469593134,1.0,4,11,healthcare|oil_gas|pharma|pharma_largecap
2023-09-27,-0.0009770241495200642,-0.00022702414952006434,1.5,3,9,advanced_packaging|oil_exploration|oil_gas
2023-09-28,0.01189031500909743,0.012556981675764096,1.3333333333333335,3,7,advanced_packaging|semicap_equipment|uranium
2023-09-29,-0.02914960804950813,-0.02814960804950813,2.0000000000000004,3,7,additive_manufacturing|ai_apps|ai_apps_agents
2023-10-02,-0.01013994575514628,-0.009473279088479614,1.3333333333333335,3,9,additive_manufacturing|ai_infrastructure|obesity_glp1_health
2023-10-03,-0.04811263000705068,-0.04711263000705068,2.0,3,9,copper_metals|diagnostics_tools|networking_optical
2023-10-04,-0.030158153082668827,-0.029158153082668826,2.0,3,9,ai_apps_agents|data_centers|restaurants_food
2023-10-05,0.0025898881153601444,0.003256554782026811,1.3333333333333333,4,12,ai_apps_agents|data_centers|insurance|streaming_entertainment
2023-10-06,0.012669192654075548,0.013502525987408882,1.6666666666666663,3,9,ai_infrastructure|dev_tools|mega_cap_platforms
2023-10-09,-0.0024569729547249575,-0.0017069729547249573,1.5000000000000002,4,9,energy|mega_cap_platforms|natural_gas|oil_gas
2023-10-10,0.0019425623418023558,0.0029425623418023556,1.9999999999999998,3,9,china_internet|dev_tools|gaming_sports_betting
2023-10-11,0.01347913435290984,0.013812467686243174,0.6666666666666667,3,9,china_internet|gaming_sports_betting|gold_silver_miners
2023-10-12,-0.024060307021632234,-0.023060307021632233,2.0000000000000004,3,6,energy|natural_gas|oil_gas
2023-10-13,0.012474543171163031,0.012807876504496364,0.6666666666666666,5,11,energy|gold_silver_miners|natural_gas|oil_exploration|oil_gas
2023-10-16,0.003599805845200344,0.004599805845200344,2.0,3,9,cybersecurity|real_estate_reits|regional_banks
2023-10-17,0.011861442449125154,0.012861442449125153,2.0,3,8,energy|gold_silver_miners|oil_gas
2023-10-18,-0.00452986961915845,-0.004335425174714006,0.3888888888888889,4,10,energy|gold_silver_miners|oil_exploration|oil_gas
2023-10-19,-0.0018373008025981664,-0.0009206341359314996,1.8333333333333333,3,8,consumer_staples|gold_silver_miners|restaurants_food
2023-10-20,-0.0038792326878598713,-0.0032125660211932043,1.3333333333333335,3,9,crypto_infrastructure|gold_silver_miners|silver
2023-10-23,0.015034330034949053,0.01570099670161572,1.3333333333333335,3,9,crypto_infrastructure|digital_ads_media|retail
2023-10-24,0.06100346094105647,0.06155901649661202,1.1111111111111112,3,8,china_internet|consumer_internet|crypto_infrastructure
2023-10-25,-0.004400861026579734,-0.0036230832488019556,1.5555555555555558,3,9,consumer_staples|crypto_infrastructure|defense
2023-10-26,-0.012021203377548195,-0.011021203377548194,2.0,3,7,datacenter_reits_towers|real_estate_reits|space_satellites
2023-10-27,-0.03417654762400768,-0.03317654762400768,2.0,3,9,china_internet|cloud_neocloud|copper_metals
2023-10-30,0.004333800605347321,0.005333800605347321,2.0,3,9,consumer_staples|industrial_automation|insurance
2023-10-31,0.007448248567535713,0.00811491523420238,1.3333333333333335,3,9,defense|homebuilders_housing|insurance
2023-11-01,0.016692806141132974,0.01735947280779964,1.3333333333333335,3,9,datacenter_infra|homebuilders_housing|real_estate_reits
2023-11-02,0.027045855172896986,0.028045855172896986,2.0,3,8,homebuilders_housing|payments|regional_banks
2023-11-03,0.03364709930480308,0.03431376597146975,1.3333333333333335,3,9,airlines_travel|asset_managers|regional_banks
2023-11-06,-0.016093161209057114,-0.015093161209057114,2.0,3,9,defense_aerospace|drones_autonomy|fintech
2023-11-07,0.00968622915469753,0.01028622915469753,1.2,5,14,ai_apps|biotech_innovation|drones_autonomy|fintech|homebuilders_housing
2023-11-08,-0.026054772306493484,-0.025254772306493485,1.5999999999999999,3,7,fintech|gaming_sports_betting|payments
2023-11-09,0.018846138209434815,0.019846138209434816,2.0000000000000004,3,8,airlines_travel|memory|travel
2023-11-10,0.02569356290701969,0.026693562907019693,2.0,3,8,mega_cap_platforms|semicap_equipment|semis
2023-11-13,-0.0077784308410560775,-0.006778430841056077,2.0,3,7,ai_apps_agents|creative_software|dev_tools
2023-11-14,0.03225379945931455,0.03314268834820344,1.777777777777778,3,8,ai_apps|construction_infrastructure|homebuilders_housing
2023-11-15,-0.005004666466779242,-0.004226888689001463,1.5555555555555558,3,9,ai_apps_agents|fintech_payments|semis_compute
2023-11-16,-0.019716422570143808,-0.018716422570143807,2.0,3,9,gold_silver_miners|medtech|semicap_equipment
2023-11-17,4.661767392708329e-05,0.0010466176739270833,2.0,3,7,drones_autonomy|nuclear_uranium|uranium
2023-11-20,0.03653996616864376,0.03720663283531043,1.3333333333333337,3,9,china_internet|drones_autonomy|semis_compute
2023-11-21,-0.028002226123986815,-0.027002226123986815,2.0,3,8,copper_metals|gold_silver_miners|silver
2023-11-22,-0.008046732319888665,-0.007046732319888665,2.0,3,9,drones_autonomy|healthcare|medtech_devices
2023-11-24,0.013162473834405955,0.013829140501072621,1.3333333333333335,3,9,biotech_innovation|diagnostics_tools|drones_autonomy
2023-11-27,-0.001975350751467879,-0.0009753507514678791,2.0,3,8,cybersecurity|gold_silver_miners|silver
2023-11-28,0.02333390899384008,0.023917242327173415,1.1666666666666667,4,11,crypto_infrastructure|gold|gold_silver_miners|silver
2023-11-29,0.018285560157368156,0.019202226824034822,1.833333333333333,3,9,cybersecurity|fintech_payments|storage
2023-11-30,-0.008923256896793257,-0.008173256896793256,1.4999999999999998,4,12,consumer_staples|datacenter_reits_towers|industrial_automation|storage
2023-12-01,0.009300721959668757,0.010300721959668756,1.9999999999999996,3,9,crypto_infrastructure|real_estate_reits|regional_banks
2023-12-04,0.019541471198100232,0.019791471198100232,0.5,4,12,crypto_infrastructure|real_estate_reits|regional_banks|retail_consumer
2023-12-05,-0.017396171158821815,-0.016646171158821815,1.5,3,7,cloud_neocloud|crypto_infrastructure|dev_tools
2023-12-06,-0.028906983521530254,-0.027906983521530253,2.0,3,9,airlines_travel|homebuilders_housing|transport_logistics
2023-12-07,0.021470469431768845,0.021720469431768846,0.5,4,12,airlines_travel|homebuilders_housing|networking_optical|transport_logistics
2023-12-08,0.009609674235089334,0.010609674235089333,1.9999999999999996,3,7,cloud_neocloud|crypto_infrastructure|datacenter_infra
2023-12-11,-0.09004916692511292,-0.08929916692511292,1.5,4,12,datacenter_infra|electronics_components|semicap_equipment|semis
2023-12-12,0.004422819168337845,0.0049228191683378456,1.0,4,9,airlines_travel|datacenter_infra|semicap_equipment|transport_logistics
2023-12-13,0.007269646838030949,0.008269646838030949,1.9999999999999998,3,9,drones_autonomy|electronics_components|regional_banks
2023-12-14,0.059429387024557974,0.06009605369122464,1.3333333333333335,3,9,asset_managers|homebuilders_housing|regional_banks
2023-12-15,-0.009262595028228435,-0.008262595028228435,2.0,3,9,cybersecurity|semicap_equipment|solar
2023-12-18,-0.006808901449001134,-0.005808901449001134,1.9999999999999996,3,7,cloud_neocloud|crypto_infrastructure|fintech_payments
2023-12-19,0.03718545807055935,0.03793545807055935,1.4999999999999996,4,12,ai_apps|diagnostics_tools|fintech_payments|regional_banks
2023-12-20,-0.04238622401865419,-0.04146955735198752,1.833333333333333,3,7,biotech_innovation|cloud_neocloud|crypto_infrastructure
2023-12-21,0.06545596012841973,0.06612262679508639,1.3333333333333335,3,9,cloud_neocloud|consumer_internet_marketplaces|diagnostics_tools
2023-12-22,0.02388348684722032,0.024300153513886986,0.8333333333333335,4,9,biotech_innovation|cloud_neocloud|crypto_infrastructure|diagnostics_tools
2023-12-26,0.06262427395900168,0.0633464961812239,1.4444444444444444,3,9,biotech_innovation|oil_exploration|semicap_equipment
2023-12-27,-0.0037652994562050474,-0.002765299456205048,1.9999999999999996,3,7,additive_manufacturing|cloud_neocloud|crypto_infrastructure
2023-12-28,-0.07274156806405842,-0.07174156806405842,1.9999999999999996,3,9,biotech_innovation|china_internet|defense
2023-12-29,-0.028800456115760948,-0.028489345004649835,0.6222222222222221,5,12,aerospace|biotech_innovation|china_internet|defense|space_satellites
2024-01-02,-0.027238602916484802,-0.0262386029164848,2.0000000000000004,3,5,biotech|pharma|pharma_largecap
2024-01-03,0.005358714190408257,0.006358714190408257,2.0000000000000004,3,9,china_internet|obesity_glp1_health|utilities_yield
2024-01-04,-0.004937183723895658,-0.003937183723895658,1.9999999999999998,3,7,biotech|healthcare|pharma
2024-01-05,0.006774277153870564,0.007774277153870564,1.9999999999999996,3,9,banks_brokers_exchanges|insurance|regional_banks
2024-01-08,-1.5200216850714621e-05,0.0009847997831492854,2.0,3,9,ai_apps|data_centers|medtech
2024-01-09,0.01273219424681948,0.013204416469041703,0.9444444444444446,4,11,ai_apps|medtech|medtech_devices|uranium
2024-01-10,-0.003183050282875419,-0.0021830502828754195,1.9999999999999998,3,9,construction_infrastructure|diagnostics_tools|mega_cap_platforms
2024-01-11,-0.013422383504610136,-0.01275571683794347,1.3333333333333335,3,7,business_apps|mega_cap_platforms|workflow_software
2024-01-12,0.009806660016257684,0.010306660016257685,1.0,4,11,business_apps|gold_silver_miners|uranium|workflow_software
2024-01-16,-0.012757095048362282,-0.012007095048362282,1.5,3,8,cloud|dev_tools|uranium
2024-01-17,-0.008811252809140892,-0.008144586142474226,1.3333333333333335,3,8,dev_tools|restaurants_food|vertical_software
2024-01-18,0.010085807616115366,0.011085807616115365,2.0,3,8,advanced_packaging|semicap_equipment|semis
2024-01-19,0.03507725936817589,0.03507725936817589,0.0,3,8,advanced_packaging|semicap_equipment|semis
2024-01-22,0.005696080572344756,0.006362747239011423,1.3333333333333333,3,7,memory|memory_storage|semicap_equipment
2024-01-23,0.000393637872896024,0.001393637872896024,2.0,3,9,digital_ads_media|gaming_sports_betting|semis
2024-01-24,-0.007339380668746203,-0.006867158446523981,0.9444444444444445,4,11,gaming_sports_betting|oil_services|semis|semis_compute
2024-01-25,0.010761850029998965,0.011511850029998966,1.5,3,8,asset_managers_alts|oil_gas|oil_services
2024-01-26,0.006659758206827121,0.0069930915401604545,0.6666666666666667,3,8,digital_ads_media|oil_gas|oil_services
2024-01-29,0.01328096212391119,0.01416985101280008,1.7777777777777777,3,9,biotech_innovation|digital_ads_media|renewables_storage
2024-01-30,-0.022830485542941866,-0.021830485542941865,2.0,3,8,energy|mega_banks|oil_gas
2024-01-31,-0.023444386938935764,-0.022444386938935763,2.0,3,9,medtech|nuclear_uranium|utilities_yield
2024-02-01,0.024235292258347606,0.024901958925014272,1.3333333333333335,3,9,nuclear|nuclear_uranium|restaurants_food
2024-02-02,-0.006531050395015187,-0.005531050395015187,2.0000000000000004,3,6,construction_infrastructure|datacenter_infra|power_grid_electrification
2024-02-05,-0.010063909681992774,-0.009063909681992775,2.0,3,6,electronics_components|medtech|medtech_devices
2024-02-06,0.0004148682539008385,0.0007482015872341719,0.6666666666666667,3,6,china_internet|medtech|medtech_devices
2024-02-07,-0.009263534937636935,-0.008263534937636935,2.0000000000000004,3,9,construction_infrastructure|datacenter_infra|mega_cap_platforms
2024-02-08,-0.001621445314689402,-0.0006214453146894019,2.0,3,9,apparel_beauty_lifestyle|cloud|cloud_neocloud
2024-02-09,0.09518260572859935,0.09587705017304379,1.388888888888889,4,9,cloud_neocloud|crypto_infrastructure|semicap_equipment|semis
2024-02-12,0.0867395374917346,0.08743398193617904,1.388888888888889,3,9,biotech_innovation|crypto_infrastructure|solar
2024-02-13,-0.0689985184502358,-0.0679985184502358,2.0,3,9,ai_apps_agents|cybersecurity|managed_care_insurance
2024-02-14,0.01031229255960258,0.011312292559602581,2.0,3,7,cloud_neocloud|crypto_infrastructure|semicap_equipment
2024-02-15,-0.017711516041024944,-0.016711516041024943,2.0000000000000004,3,6,energy|oil_exploration|oil_gas
2024-02-16,0.00940727344471685,0.009740606778050182,0.6666666666666666,3,8,oil_exploration|oil_gas|quantum_computing
2024-02-20,0.003230408749990231,0.003897075416656898,1.3333333333333335,3,9,banks_brokers_exchanges|consumer_staples|quantum_computing
2024-02-21,-0.03603648103806245,-0.03503648103806245,2.0,3,7,diagnostics_tools|natural_gas|oil_gas
2024-02-22,0.006614632438273577,0.007614632438273577,2.0,3,9,ai_apps|mega_banks|restaurants_food
2024-02-23,-0.010939220653302382,-0.010339220653302382,1.2,5,14,consumer_staples|homebuilders_housing|mega_banks|restaurants_food|retail_consumer
2024-02-26,-0.00028042338729075775,0.0007195766127092425,2.0000000000000004,3,9,biotech_innovation|business_apps|memory
2024-02-27,0.011459930304353366,0.012126596971020032,1.3333333333333335,3,9,biotech_innovation|construction_infrastructure|retail_consumer
2024-02-28,-0.026407623836295926,-0.02607429050296259,0.6666666666666667,3,9,construction_infrastructure|restaurants_food|retail_consumer
2024-02-29,0.010596391002856847,0.011596391002856846,2.0,3,8,construction_infrastructure|homebuilders_housing|storage
2024-03-01,0.04516265381394515,0.04582932048061182,1.3333333333333335,3,8,memory_storage|networking|storage
2024-03-04,0.0020359630258467588,0.002569296359180092,1.0666666666666667,5,14,data_centers|gold_silver_miners|memory_storage|networking|obesity_glp1_health
2024-03-05,-0.017316232602514612,-0.016516232602514613,1.6,3,9,gold_silver_miners|regional_banks|utilities_yield
2024-03-06,0.015364892757830213,0.01603155942449688,1.3333333333333337,3,9,gold_silver_miners|semis|storage
2024-03-07,0.013934782639970658,0.01426811597330399,0.6666666666666667,3,9,advanced_packaging|gold_silver_miners|semis
2024-03-08,-0.02943521261647794,-0.028657434838700164,1.5555555555555558,3,8,copper_metals|gold|gold_silver_miners
2024-03-11,0.030609965851430897,0.031109965851430898,1.0,4,11,china_internet|copper_metals|energy|gold_silver_miners
2024-03-12,0.01988076341706989,0.020630763417069892,1.5,3,8,china_internet|quantum_computing|retail
2024-03-13,-0.011562443243715321,-0.010562443243715322,2.0,3,8,copper|copper_metals|oil_services
2024-03-14,-0.0006349580096788917,3.170865698777503e-05,1.3333333333333335,3,9,additive_manufacturing|energy|oil_services
2024-03-15,0.03591157851421946,0.03641157851421946,1.0,4,12,additive_manufacturing|agriculture_food_inputs|copper_metals|oil_services
2024-03-18,-0.007723469073191287,-0.006973469073191288,1.4999999999999998,3,9,additive_manufacturing|mega_cap_platforms|nuclear
2024-03-19,-0.04002755551456217,-0.03902755551456217,1.9999999999999998,3,7,energy|oil_gas|oil_services
2024-03-20,0.0008434393692735335,0.0018434393692735333,1.9999999999999996,3,9,airlines_travel|copper_metals|industrial_automation
2024-03-21,-0.0009997539730216424,2.4602697835766907e-07,2.0,3,8,construction_infrastructure|datacenter_infra|solar
2024-03-22,-0.012900674422602097,-0.011900674422602096,2.0,3,9,cloud_neocloud|electronics_components|memory_storage
2024-03-25,0.038033966405828366,0.038700633072495036,1.3333333333333335,3,7,airlines_travel|cloud_neocloud|crypto_infrastructure
2024-03-26,-0.008634618401391705,-0.007967951734725039,1.3333333333333335,3,9,additive_manufacturing|airlines_travel|payments
2024-03-27,-0.024088607819737193,-0.023088607819737192,2.0,3,7,real_estate_reits|renewables_storage|solar
2024-03-28,-0.0002832962083385072,0.00038337045832815945,1.3333333333333333,4,10,energy|gold_silver_miners|silver|solar
2024-04-01,0.02313082278020677,0.023464156113540104,0.6666666666666666,3,8,gold_silver_miners|nuclear_uranium|silver
2024-04-02,0.03210241617931967,0.032435749512653,0.6666666666666667,3,8,energy|gold_silver_miners|silver
2024-04-03,0.057431019332659476,0.058097685999326146,1.3333333333333335,3,6,energy|nuclear|nuclear_uranium
2024-04-04,-0.01503224861591813,-0.014365581949251464,1.3333333333333335,3,7,energy|oil_gas|oil_integrated
2024-04-05,0.011591570544093549,0.012091570544093549,1.0,4,10,gold_silver_miners|oil_gas|oil_integrated|silver
2024-04-08,0.002633747724221055,0.003633747724221055,1.9999999999999998,3,9,banks_brokers_exchanges|copper|copper_metals
2024-04-09,0.017732134484856752,0.018398801151523418,1.3333333333333335,3,9,china_internet|copper|gold_silver_miners
2024-04-10,-0.0024413359457521313,-0.0017746692790854646,1.3333333333333335,3,7,energy|gold_silver_miners|oil_gas
2024-04-11,-0.0002249042009153403,0.0005528735768624375,1.5555555555555558,3,9,dev_tools|gold_silver_miners|semicap_equipment
2024-04-12,-0.021981394165667047,-0.02131472749900038,1.3333333333333335,3,7,copper_metals|gold|gold_silver_miners
2024-04-15,-0.006273839994061454,-0.005829395549617009,0.8888888888888891,3,8,copper_metals|gold_silver_miners|pharma_largecap
2024-04-16,-0.035874378856232826,-0.034874378856232825,2.0,3,9,insurance|managed_care|restaurants_food
2024-04-17,-0.014957892893991298,-0.013957892893991297,2.0,3,7,banks_brokers_exchanges|mega_banks|pharma_largecap
2024-04-18,0.0039837642163692314,0.004650430883035898,1.3333333333333335,3,9,banks_brokers_exchanges|consumer_staples|managed_care
2024-04-19,0.006826998285775586,0.007160331619108919,0.6666666666666667,3,9,banks_brokers_exchanges|consumer_staples|pharma
2024-04-22,0.012834334583354071,0.01372322347224296,1.7777777777777777,3,8,banks_brokers_exchanges|mega_banks|regional_banks
2024-04-23,0.009204165672003353,0.009870832338670019,1.3333333333333335,3,9,banks_brokers_exchanges|homebuilders_housing|payments
2024-04-24,-0.00588457623481099,-0.004995687345922101,1.7777777777777777,3,9,china_internet|natural_gas|regional_banks
2024-04-25,-0.0004784179702803299,0.00021602647416411457,1.3888888888888888,4,10,consumer_internet|natural_gas|oil_gas|semis
2024-04-26,0.008288335177004983,0.009038335177004983,1.5,3,9,ai_apps|china_internet|semis
2024-04-29,0.008272698314392132,0.008939364981058798,1.3333333333333335,3,9,ai_apps|nuclear|renewables_storage
2024-04-30,-0.03322780668469949,-0.03222780668469949,2.0000000000000004,3,6,consumer|restaurants|restaurants_food
2024-05-01,-0.0219295982314381,-0.0209295982314381,2.0,3,7,biotech_innovation|diagnostics_tools|nuclear_uranium
2024-05-02,0.012856627837440592,0.013856627837440592,2.0,3,9,china_internet|consumer_internet|gaming_sports_betting
2024-05-03,0.006784766253085661,0.00767365514197455,1.7777777777777777,3,9,china_internet|renewables_storage|utilities_yield
2024-05-06,-0.0023033641476796203,-0.0013033641476796203,2.0,3,7,ai_apps|ai_apps_agents|construction_infrastructure
2024-05-07,-0.04848723837200049,-0.04773723837200049,1.4999999999999998,4,10,ai_apps|healthcare|managed_care_insurance|medtech_devices
2024-05-08,-0.007805208485367134,-0.007110764040922689,1.3888888888888888,3,9,managed_care_insurance|networking|power_grid_electrification
2024-05-09,0.019495804317686848,0.01996802653990907,0.9444444444444444,4,11,gold_silver_miners|healthcare|managed_care_insurance|power_grid_electrification
2024-05-10,-0.016851249065192735,-0.016251249065192735,1.1999999999999997,5,14,asset_managers|asset_managers_alts|gold_silver_miners|power_grid_electrification|restaurants_food
2024-05-13,-0.007612921037604738,-0.006612921037604738,2.0,3,7,apparel_beauty_lifestyle|healthcare|managed_care_insurance
2024-05-14,0.04096657602021565,0.04163324268688232,1.3333333333333335,3,9,apparel_beauty_lifestyle|real_estate_reits|storage
2024-05-15,-0.00599919136750163,-0.005276969145279408,1.4444444444444444,4,9,copper_metals|data_centers|gold_silver_miners|storage
2024-05-16,-0.013818102683494374,-0.012818102683494374,2.0,3,9,china_internet|diagnostics_tools|networking_optical
2024-05-17,-0.00337418404726042,-0.002707517380593753,1.3333333333333335,3,8,china_internet|copper|copper_metals
2024-05-20,-0.00042607893487322667,0.00032392106512677335,1.5,4,12,copper_metals|crypto_infrastructure|gold_silver_miners|semis
2024-05-21,0.004478839003208242,0.005228839003208242,1.4999999999999998,3,7,cloud_neocloud|copper_metals|crypto_infrastructure
2024-05-22,0.00395046376306512,0.004617130429731787,1.3333333333333335,3,9,cloud_neocloud|semis|semis_compute
2024-05-23,-0.023811707019590362,-0.023422818130701472,0.7777777777777779,4,11,cloud_neocloud|crypto_infrastructure|electronics_components|semis
2024-05-24,0.05995036539150301,0.06070036539150301,1.4999999999999998,3,9,semicap_equipment|semis|solar
2024-05-28,0.0006658977359098105,0.0014436755136875883,1.5555555555555558,3,7,advanced_packaging|energy|nuclear_uranium
2024-05-29,0.051245329781344086,0.05196755200356631,1.4444444444444442,4,11,apparel_beauty_lifestyle|energy|renewables_storage|storage
2024-05-30,0.0070260122887342595,0.007609345622067593,1.1666666666666665,4,12,apparel_beauty_lifestyle|construction_infrastructure|energy|utilities_yield
2024-05-31,-0.017040575808804227,-0.016290575808804227,1.5,3,9,energy|oil_services|real_estate_reits
2024-06-03,-0.03624528850873439,-0.03549528850873439,1.4999999999999998,4,11,consumer|real_estate_reits|restaurants_food|retail_consumer
2024-06-04,-0.002404660738592889,-0.0016824385163706668,1.4444444444444444,3,9,crypto_infrastructure|pharma_largecap|restaurants_food
2024-06-05,0.028771472140210138,0.029438138806876804,1.333333333333333,4,12,crypto_infrastructure|diagnostics_tools|drones_autonomy|restaurants_food
2024-06-06,0.02476379423522765,0.02551379423522765,1.4999999999999998,3,6,cloud_neocloud|crypto_infrastructure|fintech
2024-06-07,-0.014604381317631027,-0.013604381317631026,2.0000000000000004,3,9,consumer_internet|mega_cap_platforms|pharma
2024-06-10,-0.002459663555797297,-0.001459663555797297,2.0,3,8,crypto_infrastructure|data_centers|semicap_equipment
2024-06-11,0.051855517373864644,0.052077739596086865,0.44444444444444453,3,6,cloud_neocloud|crypto_infrastructure|semicap_equipment
2024-06-12,0.08123190184363654,0.08123190184363654,0.0,3,6,cloud_neocloud|crypto_infrastructure|semicap_equipment
2024-06-13,0.027107731255195232,0.027552175699639678,0.8888888888888891,3,7,cloud_neocloud|crypto_infrastructure|storage
2024-06-14,0.010105513997770264,0.010883291775548042,1.5555555555555558,3,9,cloud_neocloud|cybersecurity|mega_cap_platforms
2024-06-17,-0.0016181250817868748,-0.0006181250817868748,2.0,3,9,advanced_packaging|cloud_neocloud|electronics_components
2024-06-18,0.002034070272796858,0.0027007369394635244,1.3333333333333335,3,8,advanced_packaging|semicap_equipment|semis
2024-06-20,-0.03732324292657928,-0.03632324292657928,2.0,3,8,cloud_neocloud|copper_metals|gold_silver_miners
2024-06-21,-0.038806520119095606,-0.037806520119095605,2.0,3,9,agriculture_food_inputs|consumer_staples|defense
2024-06-24,0.002148058308651879,0.0027480583086518786,1.2,5,14,agriculture_food_inputs|banks_brokers_exchanges|consumer_staples|oil_gas|regional_banks
2024-06-25,-0.007008000574034449,-0.006208000574034448,1.6,4,9,energy|nuclear_uranium|oil_gas|oil_services
2024-06-26,-0.029797162607093048,-0.029213829273759716,1.1666666666666665,4,10,autos|dev_tools|nuclear|nuclear_uranium
2024-06-27,-0.044924187156636125,-0.044174187156636124,1.5,3,9,ai_apps_agents|cybersecurity|dev_tools
2024-06-28,0.014013726670331343,0.015013726670331344,2.0,3,9,oil_gas|oil_services|semicap_equipment
2024-07-01,-0.0018800683894669955,-0.0008800683894669955,2.0,3,9,crypto_infrastructure|dev_tools|digital_ads_media
2024-07-02,0.016628743800893832,0.017378743800893832,1.5,4,11,autos|banks_brokers_exchanges|dev_tools|robotics
2024-07-03,0.014469566979746542,0.015469566979746541,1.9999999999999998,3,8,advanced_packaging|gold_silver_miners|semicap_equipment
2024-07-05,0.01723144402002924,0.01773144402002924,1.0,4,12,copper_metals|gold_silver_miners|mega_cap_platforms|semicap_equipment
2024-07-08,0.0030875763427685725,0.0038375763427685723,1.4999999999999998,3,8,semicap_equipment|semis|semis_compute
2024-07-09,0.0007171881977651542,0.001494965975542932,1.5555555555555558,3,8,china_internet|consumer_internet_marketplaces|semis
2024-07-10,0.014823690910559916,0.015823690910559917,2.0000000000000004,3,6,gold|gold_silver_miners|silver
2024-07-11,0.0391982396715799,0.039598239671579896,0.8000000000000002,5,12,gold|gold_silver_miners|homebuilders_housing|real_estate_reits|silver
2024-07-12,0.0038937148962486412,0.004693714896248641,1.6,3,9,homebuilders_housing|networking_optical|renewables_storage
2024-07-15,-0.006664030566703861,-0.005664030566703861,2.0,3,9,drones_autonomy|oil_services|quantum_computing
2024-07-16,0.04178722352906382,0.04253722352906382,1.4999999999999998,4,12,construction_infrastructure|drones_autonomy|homebuilders_housing|transport_logistics
2024-07-17,-0.041364141293698496,-0.040614141293698496,1.4999999999999998,3,9,homebuilders_housing|real_estate_reits|regional_banks
2024-07-18,-0.01411120599511496,-0.013444539328448295,1.3333333333333335,3,9,defense_aerospace|homebuilders_housing|oil_gas
2024-07-19,0.20046611567151099,0.201466115671511,2.0,3,8,cloud_neocloud|crypto_infrastructure|regional_banks
2024-07-22,0.01837202885622096,0.01937202885622096,2.0,3,9,asset_managers_alts|homebuilders_housing|industrial_automation
2024-07-23,-0.005025538676478508,-0.004425538676478508,1.2,5,14,asset_managers_alts|defense|defense_aerospace|homebuilders_housing|regional_banks
2024-07-24,-0.025347147934154473,-0.024347147934154472,1.9999999999999998,3,7,pharma|pharma_largecap|utilities_yield
2024-07-25,0.015336169116051783,0.016086169116051784,1.4999999999999998,4,10,aerospace|defense|defense_aerospace|pharma
2024-07-26,0.040183022382217846,0.04076635571555118,1.1666666666666665,4,11,aerospace|diagnostics_tools|homebuilders_housing|space_satellites
2024-07-29,0.0008802768035716031,0.001380276803571603,1.0,4,9,diagnostics_tools|homebuilders_housing|pharma|pharma_largecap
2024-07-30,0.010621354191971034,0.011021354191971033,0.8,5,12,diagnostics_tools|homebuilders_housing|managed_care|managed_care_insurance|pharma
2024-07-31,-0.013548962668761405,-0.012548962668761406,1.9999999999999998,3,9,datacenter_infra|industrial_automation|oil_services
2024-08-01,-0.03803268878864932,-0.03703268878864932,2.0,3,7,datacenter_reits_towers|power_grid_electrification|utilities_yield
2024-08-02,0.011958838868694779,0.012208838868694779,0.5,4,10,consumer_staples|datacenter_reits_towers|power_grid_electrification|utilities_yield
2024-08-05,-0.0269062352943946,-0.02629512418328349,1.2222222222222223,3,8,consumer_staples|retail_consumer|utilities_yield
2024-08-06,0.0062695574496966075,0.007158446338585496,1.7777777777777777,3,9,data_centers|power_grid_electrification|real_estate_reits
2024-08-07,-0.001879361571702443,-0.0013238060161468875,1.111111111111111,5,14,oil_gas|pharma_largecap|power_grid_electrification|real_estate_reits|utilities_yield
2024-08-08,0.008874005813256954,0.009674005813256954,1.5999999999999996,4,12,ai_apps_agents|medtech|medtech_devices|oil_gas
2024-08-09,-0.0010301971782516453,-0.0002801971782516455,1.4999999999999998,3,9,ai_apps_agents|defense|fintech_payments
2024-08-12,-0.004382288248377061,-0.003632288248377061,1.4999999999999998,4,12,defense|gold_silver_miners|oil_exploration|oil_gas
2024-08-13,-0.0004435811630605533,0.0005564188369394465,1.9999999999999998,3,9,cloud|fintech_payments|semis
2024-08-14,-0.003274281368796766,-0.002607614702130099,1.3333333333333335,3,9,asset_managers|fintech_payments|mega_cap_platforms
2024-08-15,0.013251680373123506,0.014251680373123507,2.0,3,7,electronics_components|semis|semis_compute
2024-08-16,0.010090285631206472,0.011090285631206473,2.0000000000000004,3,7,gold_silver_miners|retail_consumer|silver
2024-08-19,0.04121282545405702,0.041546158787390354,0.6666666666666667,3,7,consumer_internet_marketplaces|gold_silver_miners|silver
2024-08-20,0.0012491980146354972,0.0015825313479688307,0.6666666666666667,3,7,gold_silver_miners|managed_care_insurance|silver
2024-08-21,0.02295586966520909,0.02384475855409798,1.7777777777777781,3,7,gold_silver_miners|lithium_battery_materials|renewables_storage
2024-08-22,-0.03972038178371862,-0.038720381783718616,2.0,3,9,defense|managed_care_insurance|medtech
2024-08-23,0.012413624826707874,0.013413624826707875,2.0,3,9,airlines_travel|homebuilders_housing|uranium
2024-08-26,-0.012230172311164151,-0.01123017231116415,2.0,3,9,drones_autonomy|networking_optical|workflow_software
2024-08-27,-0.011697518598786746,-0.010697518598786747,2.0,3,9,autos|real_estate_reits|travel
2024-08-28,-0.01243553747464053,-0.01168553747464053,1.4999999999999998,4,11,agriculture_food_inputs|banks_brokers_exchanges|mega_banks|real_estate_reits
2024-08-29,0.001673897146455217,0.0025905638131218838,1.8333333333333333,3,9,oil_exploration|oil_services|payments
2024-08-30,-0.010320590702593526,-0.009320590702593525,2.0,3,9,datacenter_infra|industrial_automation|insurance
2024-09-03,-0.027548879202132656,-0.026659990313243766,1.7777777777777777,3,9,medtech_devices|pharma|utilities_yield
2024-09-04,0.008237623975289883,0.00890429064195655,1.3333333333333335,3,9,healthcare|insurance|utilities_yield
2024-09-05,-7.685970718698473e-05,0.0007009180705907929,1.5555555555555554,3,9,airlines_travel|dev_tools|utilities_yield
2024-09-06,-0.01362374960206035,-0.012623749602060351,2.0,3,8,datacenter_reits_towers|medtech|pharma
2024-09-09,0.009240732767757677,0.009740732767757677,1.0,4,12,datacenter_reits_towers|insurance|medtech|transport_logistics
2024-09-10,0.003937824386896818,0.004687824386896818,1.5,3,7,datacenter_reits_towers|real_estate_reits|utilities_yield
2024-09-11,-0.0017998282496327859,-0.0007998282496327856,2.0000000000000004,3,7,nuclear|nuclear_uranium|semis
2024-09-12,0.017557601413488253,0.018557601413488254,2.0000000000000004,3,8,creative_software|gold_silver_miners|silver
2024-09-13,0.02811466972812895,0.028448003061462286,0.6666666666666667,3,8,copper_metals|gold_silver_miners|silver
2024-09-16,0.0025655284919570897,0.0035655284919570897,2.0,3,9,construction_infrastructure|energy|power_grid_electrification
2024-09-17,-0.004367289789021678,-0.0038950675667994558,0.9444444444444444,4,11,construction_infrastructure|energy|oil_services|renewables_storage
2024-09-18,-0.027510996740766017,-0.026760996740766017,1.5,3,8,ai_apps|construction_infrastructure|digital_ads_media
2024-09-19,0.027100283826368237,0.027766950493034903,1.3333333333333335,3,8,construction_infrastructure|electronics_components|homebuilders_housing
2024-09-20,-0.014366801377688847,-0.013616801377688847,1.4999999999999998,4,12,ai_apps_agents|airlines_travel|defense_aerospace|electronics_components
2024-09-23,-0.001250554129321734,-0.0005005541293217342,1.4999999999999996,4,12,china_internet|defense_aerospace|energy|oil_services
2024-09-24,0.03460381969180646,0.03535381969180646,1.5,3,7,china_internet|consumer_internet_marketplaces|travel
2024-09-25,-0.020955832337671215,-0.019955832337671214,2.0,3,7,nuclear|nuclear_uranium|uranium
2024-09-26,-0.008465666813871592,-0.007465666813871592,1.9999999999999996,3,9,china_internet|copper|gold_silver_miners
2024-09-27,0.00043530133227331924,0.001101967998939986,1.3333333333333335,3,7,china_internet|consumer_internet_marketplaces|renewables_storage
2024-09-30,0.00024788262631902935,0.0008034381818745849,1.1111111111111112,3,8,consumer_internet_marketplaces|defense|retail
2024-10-01,0.040960205720775626,0.04129353905410896,0.6666666666666667,3,8,china_internet|consumer_internet_marketplaces|defense
2024-10-02,0.08187345741334377,0.08254012408001044,1.3333333333333335,3,9,china_internet|consumer_internet|nuclear
2024-10-03,-0.0008432188607756027,0.00015678113922439757,2.0000000000000004,3,6,energy|oil_exploration|oil_gas
2024-10-04,0.02023983955421855,0.02123983955421855,2.0,3,8,china_internet|fintech|nuclear_uranium
2024-10-07,-0.030450762468947932,-0.030006318024503487,0.8888888888888888,3,8,china_internet|energy|oil_gas
2024-10-08,-0.07165194532795251,-0.0706519453279525,2.0,3,9,business_apps|fintech_payments|networking_optical
2024-10-09,0.01559552689539756,0.016262193562064226,1.3333333333333333,4,11,cybersecurity|dev_tools|fintech_payments|workflow_software
2024-10-10,0.02301596726468277,0.02336596726468277,0.7000000000000001,5,11,ai_apps_agents|cloud|cybersecurity|dev_tools|workflow_software
2024-10-11,0.006163822427229727,0.007163822427229727,2.0,3,9,mega_banks|obesity_glp1_health|quantum_computing
2024-10-14,0.021736966252813655,0.022486966252813656,1.4999999999999998,4,11,fintech_payments|payments|quantum_computing|semicap_equipment
2024-10-15,-0.03761611430589507,-0.03689389208367285,1.4444444444444444,3,8,banks_brokers_exchanges|fintech_payments|regional_banks
2024-10-16,0.006678523878369649,0.007428523878369649,1.4999999999999998,4,12,banks_brokers_exchanges|nuclear|space_satellites|uranium
2024-10-17,-0.017200347669723292,-0.01670034766972329,1.0,3,9,networking_optical|nuclear|uranium
2024-10-18,0.0671851200035934,0.0681851200035934,2.0,3,9,asset_managers_alts|gold|gold_silver_miners
2024-10-21,0.014039726211373579,0.014373059544706912,0.6666666666666667,3,9,cloud_neocloud|gold|gold_silver_miners
2024-10-22,0.027696283460839653,0.0281407279052841,0.8888888888888891,3,9,crypto_infrastructure|gold_silver_miners|lithium_battery_materials
2024-10-23,-0.03199241116432516,-0.030992411164325162,2.0,3,8,medtech|medtech_devices|utilities_yield
2024-10-24,0.010206136586587053,0.011206136586587053,2.0000000000000004,3,7,cloud_neocloud|crypto_infrastructure|natural_gas
2024-10-25,-0.0050612284118221815,-0.0040612284118221815,2.0000000000000004,3,8,memory|oil_services|semis
2024-10-28,-0.007307450192696962,-0.006307450192696962,2.0,3,8,crypto_infrastructure|lithium_battery_materials|renewables_storage
2024-10-29,-0.012874933095875236,-0.011874933095875236,2.0,3,9,digital_ads_media|electronics_components|semis
2024-10-30,0.03547520778546268,0.03622520778546268,1.4999999999999998,4,12,additive_manufacturing|diagnostics_tools|digital_ads_media|fintech_payments
2024-10-31,-0.02690143465391977,-0.02615143465391977,1.4999999999999996,3,7,digital_ads_media|managed_care|managed_care_insurance
2024-11-01,0.013380655014716256,0.013847321681382923,0.933333333333333,5,12,ai_apps|biotech_innovation|diagnostics_tools|managed_care|managed_care_insurance
2024-11-04,-0.005192208503477675,-0.004436652947922119,1.5111111111111113,3,9,diagnostics_tools|oil_gas|solar
2024-11-05,0.02098133726228995,0.021648003928956615,1.3333333333333333,3,8,creative_software|gaming_sports_betting|solar
2024-11-06,-0.057977473915802144,-0.05697747391580214,2.0,3,9,datacenter_infra|mega_banks|oil_services
2024-11-07,-0.013177793157498046,-0.012177793157498045,2.0,3,9,additive_manufacturing|dev_tools|gaming_sports_betting
2024-11-08,0.022786406866094677,0.023453073532761343,1.3333333333333335,3,9,additive_manufacturing|fintech_payments|natural_gas
2024-11-11,0.08274248800520062,0.08309804356075617,0.7111111111111109,5,14,additive_manufacturing|defense|fintech|fintech_payments|natural_gas
2024-11-12,-0.028252586433621524,-0.027652586433621524,1.2,4,11,ai_apps_agents|crypto_infrastructure|fintech|fintech_payments
2024-11-13,-0.08845387755375775,-0.08745387755375775,1.9999999999999998,3,9,drones_autonomy|quantum_computing|transport_logistics
2024-11-14,0.08273359106855543,0.08320581329077766,0.9444444444444445,4,11,airlines_travel|oil_gas|quantum_computing|transport_logistics
2024-11-15,-0.03398528324978729,-0.03298528324978729,1.9999999999999998,3,9,aerospace|banks_brokers_exchanges|medtech
2024-11-18,0.001294402342692489,0.002294402342692489,2.0,3,9,natural_gas|oil_gas|uranium
2024-11-19,0.010561992078409379,0.01156199207840938,2.0,3,9,aerospace|dev_tools|utilities_yield
2024-11-20,-5.5406134565820866e-05,0.0009445938654341792,2.0,3,9,agriculture_food_inputs|natural_gas|oil_gas
2024-11-21,0.021934374600778378,0.022267707934111713,0.6666666666666667,3,9,natural_gas|oil_gas|power_grid_electrification
2024-11-22,-0.0020859698227068983,-0.0010859698227068983,2.0,3,9,dev_tools|drones_autonomy|quantum_computing
2024-11-25,0.13356845139751086,0.13456845139751086,2.0,3,9,diagnostics_tools|homebuilders_housing|renewables_storage
2024-11-26,-0.04307163711382705,-0.04207163711382705,2.0,3,7,drones_autonomy|memory_storage|storage
2024-11-27,0.1090380809092363,0.10978808090923631,1.5,4,11,additive_manufacturing|biotech|drones_autonomy|space_satellites
2024-11-29,0.0969371371621808,0.09765935938440302,1.4444444444444442,3,8,aerospace|quantum_computing|space_satellites
2024-12-02,-0.02736251435965225,-0.02636251435965225,2.0,3,9,apparel_beauty_lifestyle|biotech_innovation|semis
2024-12-03,-0.017768870357990584,-0.016768870357990583,2.0,3,8,copper_metals|gold_silver_miners|silver
2024-12-04,-0.00019890287223981872,0.0008010971277601815,2.0000000000000004,3,7,ai_apps|ai_apps_agents|cloud_neocloud
2024-12-05,0.061927733184485356,0.06292773318448536,2.0000000000000004,3,7,creative_software|gaming_sports_betting|quantum_computing
2024-12-06,0.08655605736375092,0.08715605736375093,1.1999999999999997,5,13,ai_apps|ai_apps_agents|cloud_neocloud|gaming_sports_betting|quantum_computing
2024-12-09,-0.03089450448399065,-0.03029450448399065,1.2,4,10,ai_apps|ai_apps_agents|china_internet|gold_silver_miners
2024-12-10,-0.05887691333584142,-0.05796024666917475,1.833333333333333,3,9,ai_apps_agents|quantum_computing|retail_consumer
2024-12-11,-0.0031503441481366638,-0.002261455259247775,1.7777777777777777,3,9,asset_managers_alts|mega_cap_platforms|silver
2024-12-12,-0.030236110034093655,-0.029236110034093654,2.0,3,7,china_internet|consumer_internet_marketplaces|cybersecurity
2024-12-13,-0.00762680758888862,-0.0068768075888886206,1.5,4,12,advanced_packaging|china_internet|drones_autonomy|quantum_computing
2024-12-16,0.08900556764096539,0.08950556764096539,1.0,3,9,defense_aerospace|drones_autonomy|quantum_computing
2024-12-17,0.09724101651658681,0.09790768318325348,1.3333333333333335,3,8,fintech|payments|quantum_computing
2024-12-18,-0.03938884845774113,-0.038388848457741126,2.0000000000000004,3,7,advanced_packaging|semicap_equipment|semis_compute
2024-12-19,-0.021245979527825906,-0.020245979527825905,2.0,3,9,insurance|medtech|networking_optical
2024-12-20,0.013635513399463724,0.01430218006613039,1.3333333333333335,3,8,medtech|medtech_devices|mega_banks
2024-12-23,0.0026126288505128204,0.003612628850512821,2.0000000000000004,3,7,pharma|pharma_largecap|renewables_storage
2024-12-24,0.016061345342015247,0.017061345342015248,2.0,3,9,aerospace|airlines_travel|medtech
2024-12-26,0.021597988710661153,0.022320210932883375,1.4444444444444442,4,10,aerospace|drones_autonomy|retail_consumer|space_satellites
2024-12-27,-0.013853017001117275,-0.013353017001117275,0.9999999999999999,4,11,drones_autonomy|renewables_storage|solar|space_satellites
2024-12-30,0.036222047802201306,0.036972047802201306,1.5,4,9,energy|natural_gas|oil_gas|renewables_storage
2024-12-31,-0.0390064512460444,-0.038312006801599956,1.3888888888888886,3,9,energy|oil_gas|real_estate_reits
2025-01-02,0.013962982340402424,0.014962982340402423,2.0,3,9,gold_silver_miners|renewables_storage|uranium
2025-01-03,0.07520638887046828,0.07587305553713494,1.3333333333333335,3,8,oil_exploration|rare_earth_critical_minerals|uranium
2025-01-06,0.004186806678499417,0.005186806678499417,2.0,3,9,diagnostics_tools|lithium_battery_materials|nuclear_uranium
2025-01-07,-0.027164048419447827,-0.026414048419447826,1.4999999999999998,4,11,diagnostics_tools|energy|gold_silver_miners|renewables_storage
2025-01-08,-0.04427108217371309,-0.04352108217371309,1.4999999999999998,3,9,gold_silver_miners|medtech_devices|utilities_yield
2025-01-10,0.030129759463188004,0.03079642612985467,1.3333333333333335,3,8,energy|medtech_devices|oil_gas
2025-01-13,0.0032927546094338096,0.0037927546094338096,1.0,4,11,agriculture_food_inputs|diagnostics_tools|energy|oil_gas
2025-01-14,-0.006823027746972961,-0.0061008055247507385,1.4444444444444444,3,9,gold_silver_miners|homebuilders_housing|oil_gas
2025-01-15,0.024956404488839436,0.025623071155506102,1.3333333333333335,3,8,construction_infrastructure|homebuilders_housing|mega_banks
2025-01-16,0.003270067448949249,0.004158956337838138,1.7777777777777777,3,9,datacenter_infra|natural_gas|oil_services
2025-01-17,-0.004436968685822128,-0.0036869686858221275,1.4999999999999998,4,12,china_internet|construction_infrastructure|datacenter_infra|regional_banks
2025-01-21,0.009827654822851332,0.010577654822851333,1.4999999999999998,3,9,aerospace|construction_infrastructure|electronics_components
2025-01-22,0.008153270289748068,0.008819936956414734,1.3333333333333335,3,8,electronics_components|nuclear_uranium|uranium
2025-01-23,0.04553868085885473,0.0462053475255214,1.3333333333333335,3,9,biotech|fintech|nuclear_uranium
2025-01-24,0.001891237645079359,0.002891237645079359,2.0,3,9,china_internet|cloud_neocloud|gold_silver_miners
2025-01-27,-0.09426481207221883,-0.09326481207221883,2.0,3,7,cloud|pharma|pharma_largecap
2025-01-28,0.005661683517125518,0.0063283501837921845,1.3333333333333335,3,8,cloud|cybersecurity|workflow_software
2025-01-29,-0.02090334888667918,-0.01990334888667918,2.0,3,9,digital_ads_media|gold_silver_miners|restaurants_food
2025-01-30,0.022918829849181845,0.023418829849181845,1.0000000000000002,4,12,china_internet|gold_silver_miners|restaurants_food|silver
2025-01-31,-0.024026258557979404,-0.023026258557979403,1.9999999999999998,3,8,cybersecurity|dev_tools|workflow_software
2025-02-03,-0.010526817865113978,-0.009526817865113977,2.0,3,9,gold_silver_miners|restaurants_food|silver
2025-02-04,0.015479128913904149,0.01572912891390415,0.5,4,12,ai_apps|gold_silver_miners|restaurants_food|silver
2025-02-05,0.0034053105524833754,0.0039053105524833754,1.0000000000000002,3,8,gold|gold_silver_miners|silver
2025-02-06,-0.006267986091845373,-0.005267986091845373,2.0,3,8,banks_brokers_exchanges|electronics_components|mega_banks
2025-02-07,-0.0236979729119743,-0.0226979729119743,2.0,3,9,ai_apps_agents|cloud_neocloud|copper_metals
2025-02-10,0.02570153771406177,0.026368204380728438,1.3333333333333335,3,8,copper|copper_metals|cybersecurity
2025-02-11,-0.037638651918130546,-0.036971985251463876,1.3333333333333335,3,9,consumer_internet_marketplaces|consumer_staples|cybersecurity
2025-02-12,0.0280353143078268,0.028701980974493467,1.3333333333333335,3,8,china_internet|consumer_internet_marketplaces|travel
2025-02-13,0.009163110721512486,0.009496444054845819,0.6666666666666667,3,8,china_internet|consumer_internet_marketplaces|gaming_sports_betting
2025-02-14,0.051520705498648726,0.05177070549864873,0.5,4,11,biotech_innovation|china_internet|consumer_internet_marketplaces|gaming_sports_betting
2025-02-18,-0.02262131289432271,-0.021704646227656044,1.833333333333333,3,9,biotech|industrial_automation|semis_compute
2025-02-19,0.009806232689629497,0.010361788245185053,1.1111111111111114,3,7,biotech|biotech_innovation|semis
2025-02-20,-0.053571988691203526,-0.052905322024536856,1.3333333333333335,3,9,biotech|obesity_glp1_health|oil_exploration
2025-02-21,-0.05178373485240378,-0.05111706818573711,1.3333333333333335,3,9,biotech|china_internet|gaming_sports_betting
2025-02-24,-0.06387481477176604,-0.06287481477176604,2.0000000000000004,3,6,apparel_beauty_lifestyle|pharma|pharma_largecap
2025-02-25,0.004773474765402734,0.005551252543180512,1.5555555555555558,3,9,homebuilders_housing|managed_care_insurance|pharma
2025-02-26,-0.02910750326743467,-0.02810750326743467,2.0,3,9,apparel_beauty_lifestyle|china_internet|gold_silver_miners
2025-02-27,-0.04056054907405876,-0.03956054907405876,2.0,3,9,defense|insurance|real_estate_reits
2025-02-28,0.019281136369694675,0.019531136369694675,0.5,4,12,banks_brokers_exchanges|defense|insurance|real_estate_reits
2025-03-03,0.00037610023275139106,0.0007094335660847244,0.6666666666666667,3,9,defense|insurance|real_estate_reits
2025-03-04,-0.019039583761223746,-0.018150694872334856,1.7777777777777777,3,9,defense|gaming_sports_betting|natural_gas
2025-03-05,0.006207629730089912,0.006874296396756579,1.3333333333333335,3,8,aerospace|defense|real_estate_reits
2025-03-06,-0.026064241114132438,-0.025064241114132437,2.0,3,9,copper_metals|managed_care_insurance|pharma_largecap
2025-03-07,-0.002600678384862158,-0.0019340117181954916,1.333333333333333,3,7,biotech|pharma|pharma_largecap
2025-03-10,0.007989051504424166,0.0083223848377575,0.6666666666666665,4,10,biotech|energy|pharma|pharma_largecap
2025-03-11,-0.02915017533321846,-0.02840017533321846,1.4999999999999998,4,11,china_internet|copper_metals|energy|gold_silver_miners
2025-03-12,0.01245345034632715,0.012953450346327151,1.0,3,6,copper_metals|gold_silver_miners|silver
2025-03-13,0.03586803766741166,0.03597914877852277,0.2222222222222222,3,6,copper_metals|gold_silver_miners|silver
2025-03-14,0.0026132377565560123,0.0036132377565560123,2.0000000000000004,3,9,gold|oil_gas|oil_services
2025-03-17,0.014320920583544765,0.015320920583544765,2.0,3,8,copper|gold_silver_miners|silver
2025-03-18,0.011105442136735881,0.011460997692291437,0.711111111111111,5,13,copper|copper_metals|gold_silver_miners|natural_gas|silver
2025-03-19,0.0037758450555453946,0.004642511722212061,1.7333333333333332,3,8,energy|fintech_payments|oil_gas
2025-03-20,-0.0027557369868311805,-0.002422403653497847,0.6666666666666667,3,8,energy|nuclear|oil_gas
2025-03-21,-0.009287484404013094,-0.008287484404013093,2.0000000000000004,3,7,digital_ads_media|lithium_battery_materials|streaming_entertainment
2025-03-24,0.026697409377883796,0.027697409377883796,2.0,3,9,electronics_components|fintech|payments
2025-03-25,-0.009071383076720058,-0.00843249418783117,1.2777777777777777,4,11,aerospace|digital_ads_media|fintech|fintech_payments
2025-03-26,-0.044993002447185036,-0.043993002447185035,1.9999999999999996,3,8,consumer_staples|restaurants_food|retail_consumer
2025-03-27,0.0028769052630938895,0.0031269052630938897,0.5,4,11,autos|consumer_staples|restaurants_food|retail_consumer
2025-03-28,-0.03137715760157772,-0.03079382426824439,1.1666666666666665,3,8,consumer_staples|defense|retail_consumer
2025-03-31,0.016157386055884227,0.016824052722550893,1.3333333333333335,3,9,consumer_staples|insurance|restaurants
2025-04-01,0.0010329139433187134,0.00169958060998538,1.333333333333333,4,12,additive_manufacturing|oil_services|restaurants|retail_consumer
2025-04-02,0.03563039714294142,0.03613039714294142,1.0,3,9,additive_manufacturing|homebuilders_housing|retail_consumer
2025-04-03,-0.07689922683509606,-0.07589922683509606,2.0,3,9,consumer_staples|datacenter_reits_towers|managed_care
2025-04-04,-0.03866613627872518,-0.03799946961205851,1.3333333333333335,3,9,consumer_internet_marketplaces|consumer_staples|homebuilders_housing
2025-04-07,-0.03330299996815131,-0.03230299996815131,2.0,3,9,additive_manufacturing|diagnostics_tools|gaming_sports_betting
2025-04-08,-0.03350033126298256,-0.03250033126298256,2.0,3,7,defense|defense_aerospace|managed_care
2025-04-09,0.04407239470101722,0.04496128358990611,1.777777777777778,3,9,aerospace|mega_cap_platforms|semicap_equipment
2025-04-10,-0.06180079532959347,-0.06105079532959347,1.4999999999999998,4,11,gold|gold_silver_miners|managed_care_insurance|semicap_equipment
2025-04-11,0.0375680206179861,0.0380680206179861,0.9999999999999999,4,10,copper_metals|gold|gold_silver_miners|silver
2025-04-14,0.02084876915128723,0.02159876915128723,1.5,3,8,biotech_innovation|gold_silver_miners|silver
2025-04-15,0.0038638691601431295,0.004752758049032018,1.7777777777777777,3,9,ai_infrastructure|gold_silver_miners|workflow_software
2025-04-16,-0.009552784414424084,-0.008886117747757417,1.3333333333333335,3,8,copper_metals|gold_silver_miners|silver
2025-04-17,-0.009987311659874345,-0.008987311659874344,2.0000000000000004,3,7,oil_exploration|oil_gas|oil_services
2025-04-21,-0.04300703034630153,-0.04200703034630153,2.0000000000000004,3,8,biotech_innovation|gold|gold_silver_miners
2025-04-22,0.007554698661801644,0.008554698661801644,2.0000000000000004,3,7,airlines_travel|gaming_sports_betting|transport_logistics
2025-04-23,0.0023232484062539137,0.0026565817395872472,0.6666666666666667,3,7,airlines_travel|digital_ads_media|transport_logistics
2025-04-24,0.03795392483550353,0.03895392483550353,2.0,3,9,industrial_automation|semicap_equipment|semis
2025-04-25,-0.005788887255258968,-0.004788887255258968,2.0,3,9,ai_apps_agents|data_centers|workflow_software
2025-04-28,0.006105907694262275,0.0068836854720400525,1.5555555555555558,3,7,ai_apps|nuclear|nuclear_uranium
2025-04-29,-0.005883389877910445,-0.004994500989021555,1.7777777777777781,3,8,ai_apps|fintech|fintech_payments
2025-04-30,-0.04891374286627133,-0.04791374286627133,2.0,3,9,datacenter_infra|obesity_glp1_health|semis
2025-05-01,0.017268625415311514,0.01793529208197818,1.3333333333333335,3,9,data_centers|datacenter_infra|dev_tools
2025-05-02,0.018878612509579215,0.019878612509579216,2.0,3,9,drones_autonomy|obesity_glp1_health|space_satellites
2025-05-05,-0.06519689446511762,-0.06419689446511762,2.0,3,8,ai_apps_agents|cybersecurity|datacenter_infra
2025-05-06,-0.024498234703850978,-0.023498234703850977,2.0,3,9,additive_manufacturing|gold_silver_miners|uranium
2025-05-07,0.02991934987664226,0.03051934987664226,1.2000000000000002,5,15,additive_manufacturing|electronics_components|medtech_devices|travel|uranium
2025-05-08,0.03654611258416479,0.03754611258416479,1.9999999999999998,3,7,airlines_travel|apparel_beauty_lifestyle|transport_logistics
2025-05-09,-0.014058521057670033,-0.013058521057670032,2.0,3,8,energy|gold_silver_miners|solar
2025-05-12,0.008841649617268937,0.009841649617268938,2.0,3,9,additive_manufacturing|industrial_automation|semis
2025-05-13,-0.03441145796016959,-0.03366145796016959,1.5,4,12,cloud_neocloud|semis|semis_compute|solar
2025-05-14,0.0006042378072266361,0.0013542378072266361,1.5,3,6,quantum_computing|renewables_storage|solar
2025-05-15,-0.00010594263250243404,0.0006718351452753438,1.5555555555555558,3,9,aerospace|retail_consumer|solar
2025-05-16,-0.01091579677177585,-0.010249130105109184,1.3333333333333335,3,9,aerospace|cloud|cloud_neocloud
2025-05-19,0.004228914512874447,0.004701136735096669,0.9444444444444444,4,11,aerospace|cloud_neocloud|defense|quantum_computing
2025-05-20,0.02469770005036584,0.02544770005036584,1.4999999999999996,4,12,defense|gold_silver_miners|pharma_largecap|retail_consumer
2025-05-21,-0.010648923150972878,-0.009898923150972877,1.4999999999999998,3,9,cloud_neocloud|copper_metals|gold_silver_miners
2025-05-22,-0.010321880132420042,-0.009655213465753376,1.3333333333333337,3,9,cloud_neocloud|crypto_infrastructure|cybersecurity
2025-05-23,0.07709172486239405,0.07809172486239405,2.0,3,9,copper_metals|gold_silver_miners|utilities_yield
2025-05-27,0.018413399464626428,0.01941339946462643,2.0,3,9,cybersecurity|defense|uranium
2025-05-28,-0.014083832759207352,-0.013306054981429574,1.5555555555555558,3,8,defense|gold_silver_miners|space_satellites
2025-05-29,-0.007797068492949116,-0.006797068492949116,2.0,3,9,oil_services|regional_banks|semis_compute
2025-05-30,-0.029527779346991467,-0.028527779346991466,2.0,3,9,business_apps|insurance|utilities_yield
2025-06-02,-0.005878675193122115,-0.004878675193122115,2.0,3,7,gold_silver_miners|silver|space_satellites
2025-06-03,0.0016858550156459064,0.0024080772378681286,1.4444444444444444,4,11,drones_autonomy|oil_services|semis|space_satellites
2025-06-04,0.04535507460810238,0.046105074608102384,1.5,4,11,cloud_neocloud|copper_metals|gold_silver_miners|semis
2025-06-05,-0.005170768609722116,-0.004670768609722115,1.0,3,6,copper_metals|gold_silver_miners|silver
2025-06-06,-0.003952363346041122,-0.0029523633460411224,2.0000000000000004,3,9,biotech_innovation|cloud_neocloud|drones_autonomy
2025-06-09,0.031148398832487753,0.031898398832487754,1.5,4,12,cloud_neocloud|memory|semicap_equipment|semis
2025-06-10,0.010215919954056824,0.010715919954056824,1.0,3,9,biotech_innovation|semicap_equipment|semis
2025-06-11,-0.013585633391555853,-0.012585633391555853,2.0,3,8,nuclear_uranium|oil_exploration|oil_gas
2025-06-12,-0.008168252644952197,-0.007834919311618864,0.6666666666666667,3,8,oil_exploration|oil_gas|oil_integrated
2025-06-13,0.037962834287111606,0.03851838984266716,1.1111111111111112,3,7,energy|oil_gas|solar
2025-06-16,-0.008953410975218883,-0.007953410975218882,2.0000000000000004,3,7,digital_ads_media|nuclear|nuclear_uranium
2025-06-17,-0.024310901438497047,-0.023310901438497046,2.0000000000000004,3,8,oil_exploration|oil_gas|oil_integrated
2025-06-18,-0.010060586162153759,-0.00917169727326487,1.7777777777777781,3,8,electronics_components|natural_gas|semis_compute
2025-06-20,0.005575057130487276,0.006241723797153943,1.3333333333333335,3,9,agriculture_food_inputs|natural_gas|oil_exploration
2025-06-23,-0.0349186398276428,-0.0339186398276428,2.0,3,9,fintech_payments|mega_banks|transport_logistics
2025-06-24,0.050845977595793033,0.051179310929126365,0.6666666666666667,3,9,fintech_payments|mega_banks|semis_compute
2025-06-25,0.014553533304698598,0.014997977749143044,0.888888888888889,4,10,ai_infrastructure|diagnostics_tools|mega_banks|semis_compute
2025-06-26,0.01577854591635876,0.016611879249692093,1.6666666666666665,3,9,aerospace|mega_banks|regional_banks
2025-06-27,-0.006441206614361451,-0.005774539947694784,1.3333333333333333,4,12,aerospace|airlines_travel|asset_managers|construction_infrastructure
2025-06-30,-0.0020296651317402974,-0.0010296651317402976,1.9999999999999996,3,8,cloud_neocloud|data_centers|networking
2025-07-01,-0.0005806982202021724,0.0004193017797978276,2.0,3,9,homebuilders_housing|regional_banks|solar
2025-07-02,0.021830479239707136,0.022580479239707137,1.4999999999999998,4,12,copper|copper_metals|lithium_battery_materials|regional_banks
2025-07-03,0.003476066976831985,0.004226066976831985,1.5,3,9,cloud_neocloud|regional_banks|solar
2025-07-07,-0.01842438524775744,-0.017646607469979664,1.5555555555555558,3,8,cloud_neocloud|crypto_infrastructure|gold_silver_miners
2025-07-08,0.02490385815676552,0.025903858156765523,2.0,3,9,biotech|homebuilders_housing|oil_services
2025-07-09,0.03148570075898315,0.03215236742564982,1.3333333333333335,3,8,biotech|biotech_innovation|renewables_storage
2025-07-10,0.009623113092322763,0.010623113092322764,2.0,3,9,airlines_travel|asset_managers_alts|homebuilders_housing
2025-07-11,-0.02209276141969336,-0.021092761419693358,2.0,3,8,copper_metals|gold_silver_miners|space_satellites
2025-07-14,0.002759846092470622,0.003426512759137289,1.3333333333333335,3,8,drones_autonomy|lithium_battery_materials|space_satellites
2025-07-15,0.011530572662686922,0.012030572662686922,1.0,4,12,aerospace|drones_autonomy|lithium_battery_materials|nuclear_uranium
2025-07-16,0.04262273953426727,0.04337273953426727,1.5,3,7,nuclear|nuclear_uranium|rare_earth_critical_minerals
2025-07-17,0.053796373002769814,0.05446303966943648,1.3333333333333335,3,9,china_internet|defense_aerospace|rare_earth_critical_minerals
2025-07-18,0.012782779226531827,0.013449445893198493,1.333333333333333,4,12,ai_apps|china_internet|consumer_internet_marketplaces|nuclear_uranium
2025-07-21,0.016171082090304396,0.016921082090304396,1.4999999999999998,3,9,consumer_internet|consumer_internet_marketplaces|renewables_storage
2025-07-22,-0.009696821736695808,-0.008946821736695807,1.4999999999999998,4,12,biotech|homebuilders_housing|real_estate_reits|renewables_storage
2025-07-23,-0.009610255340194097,-0.008860255340194098,1.4999999999999996,4,12,biotech|china_internet|obesity_glp1_health|oil_services
2025-07-24,-0.03311917541962096,-0.032369175419620956,1.4999999999999996,4,11,diagnostics_tools|nuclear|oil_services|uranium
2025-07-25,0.00205912815913358,0.00305912815913358,1.9999999999999996,3,7,datacenter_infra|industrial_automation|power_grid_electrification
2025-07-28,0.004227928120742476,0.005227928120742476,2.0,3,9,homebuilders_housing|oil_exploration|oil_gas
2025-07-29,-0.0001538377131345999,0.00031838450908762243,0.9444444444444446,4,11,electronics_components|oil_exploration|oil_gas|oil_services
2025-07-30,-0.017442931675637124,-0.016442931675637124,1.9999999999999998,3,8,natural_gas|power_grid_electrification|utilities_yield
2025-07-31,0.012170592412340085,0.012503925745673418,0.6666666666666667,3,7,datacenter_infra|power_grid_electrification|utilities_yield
2025-08-01,-0.01305475126709906,-0.012610306822654615,0.8888888888888891,3,8,medtech_devices|power_grid_electrification|utilities_yield
2025-08-04,0.014564042211187676,0.015452931100076565,1.7777777777777777,3,9,drones_autonomy|electronics_components|utilities_yield
2025-08-05,0.027639457686649636,0.028528346575538526,1.7777777777777777,3,9,gold_silver_miners|homebuilders_housing|space_satellites
2025-08-06,0.051783681560546,0.052450348227212666,1.3333333333333337,3,9,ai_apps_agents|gaming_sports_betting|gold_silver_miners
2025-08-07,-0.010513880741870686,-0.009513880741870687,2.0,3,8,consumer_staples|gold|silver
2025-08-08,0.0035105612831115088,0.0040661168386670644,1.1111111111111112,3,7,gold_silver_miners|silver|space_satellites
2025-08-11,-0.012103216844785299,-0.011436550178118633,1.3333333333333335,3,9,cloud_neocloud|gold_silver_miners|rare_earth_critical_minerals
2025-08-12,0.009523163779183854,0.010523163779183855,2.0,3,9,construction_infrastructure|semis|semis_compute
2025-08-13,-0.003835341599034659,-0.002835341599034659,2.0,3,9,diagnostics_tools|homebuilders_housing|semicap_equipment
2025-08-14,-0.01154655567626455,-0.01065766678737566,1.7777777777777777,3,9,banks_brokers_exchanges|biotech_innovation|crypto_infrastructure
2025-08-15,-0.010050836448108297,-0.009050836448108297,2.0,3,9,consumer_internet_marketplaces|managed_care_insurance|solar
2025-08-18,0.05495168181280131,0.05550723736835686,1.1111111111111112,3,9,crypto_infrastructure|managed_care|solar
2025-08-19,-0.014142147167392764,-0.013142147167392763,2.0,3,7,homebuilders_housing|pharma|pharma_largecap
2025-08-20,-0.012348080331020573,-0.011598080331020572,1.5,4,12,cloud_neocloud|medtech|pharma_largecap|real_estate_reits
2025-08-21,-0.0023874851980728853,-0.0016374851980728855,1.4999999999999998,3,9,agriculture_food_inputs|china_internet|pharma_largecap
2025-08-22,0.0453801919415962,0.04604685860826287,1.3333333333333335,3,8,airlines_travel|china_internet|transport_logistics
2025-08-25,-0.020897403534120198,-0.020230736867453532,1.3333333333333335,3,9,agriculture_food_inputs|china_internet|oil_exploration
2025-08-26,-0.002871658182990399,-0.0018716581829903989,2.0,3,7,aerospace|defense|space_satellites
2025-08-27,-0.02722666661386835,-0.026226666613868348,2.0,3,9,networking_optical|oil_services|storage
2025-08-28,0.05822818822151359,0.05847818822151359,0.5,4,12,networking_optical|oil_services|semicap_equipment|storage
2025-08-29,-0.0281332204275405,-0.0271332204275405,1.9999999999999998,3,9,gold_silver_miners|silver|uranium
2025-09-02,0.017067505765730337,0.017400839099063672,0.6666666666666667,3,9,gold_silver_miners|silver|storage
2025-09-03,0.009434843670403148,0.009768177003736481,0.6666666666666667,3,8,gold_silver_miners|memory_storage|storage
2025-09-04,0.027479888503629504,0.02781322183696284,0.6666666666666667,3,8,memory_storage|storage|travel
2025-09-05,0.013796360481647799,0.014796360481647798,2.0,3,9,biotech_innovation|gold_silver_miners|silver
2025-09-08,0.007805372972664714,0.008138706305998047,0.6666666666666667,3,9,consumer_internet_marketplaces|gold_silver_miners|silver
2025-09-09,-0.002608157767055227,-0.0016081577670552269,2.0,3,9,ai_apps_agents|biotech_innovation|networking_optical
2025-09-10,0.0321219390508879,0.03278860571755457,1.3333333333333335,3,8,electronics_components|memory|networking_optical
2025-09-11,0.022160804801822948,0.022827471468489614,1.3333333333333335,3,8,ai_apps|memory|memory_storage
2025-09-12,0.008558060814642944,0.00922472748130961,1.3333333333333335,3,9,gold_silver_miners|memory|utilities_yield
2025-09-15,0.020745579622231104,0.02141224628889777,1.3333333333333335,3,9,memory|nuclear_uranium|uranium
2025-09-16,-0.005005425620702125,-0.004116536731813236,1.7777777777777777,3,9,crypto_infrastructure|energy|renewables_storage
2025-09-17,0.05390357958863298,0.05440357958863298,1.0000000000000002,4,12,china_internet|crypto_infrastructure|quantum_computing|renewables_storage
2025-09-18,0.02373993582955083,0.02448993582955083,1.5,3,7,advanced_packaging|quantum_computing|semicap_equipment
2025-09-19,0.020203833157043716,0.020703833157043716,1.0,4,12,nuclear|quantum_computing|renewables_storage|semicap_equipment
2025-09-22,0.03444713525320015,0.03494713525320015,1.0,3,8,advanced_packaging|renewables_storage|semicap_equipment
2025-09-23,-0.009151058021681022,-0.008151058021681023,2.0,3,9,quantum_computing|space_satellites|uranium
2025-09-24,-0.01965766983793743,-0.01890766983793743,1.4999999999999998,4,12,biotech|energy|quantum_computing|semis
2025-09-25,-0.013292206044124089,-0.01229220604412409,1.9999999999999996,3,8,gold_silver_miners|rare_earth_critical_minerals|uranium
2025-09-26,-0.022593310383023108,-0.021926643716356442,1.3333333333333335,3,8,gold_silver_miners|oil_gas|silver
2025-09-29,0.003359064034360299,0.003997952923249188,1.2777777777777777,4,11,copper|copper_metals|gold_silver_miners|silver
2025-09-30,0.000952114702968617,0.0017576702585241726,1.611111111111111,3,7,gold_silver_miners|pharma|pharma_largecap
2025-10-01,0.03695409024354312,0.03728742357687645,0.6666666666666667,3,7,biotech_innovation|pharma|pharma_largecap
2025-10-02,-0.005564691298486011,-0.004898024631819344,1.3333333333333333,3,9,biotech_innovation|memory|space_satellites
2025-10-03,0.01007787789850217,0.010966766787391058,1.7777777777777777,3,9,crypto_infrastructure|drones_autonomy|pharma
2025-10-06,0.038840273173849714,0.039840273173849715,2.0,3,9,additive_manufacturing|renewables_storage|space_satellites
2025-10-07,0.023749660290057973,0.024082993623391308,0.6666666666666667,3,9,additive_manufacturing|nuclear|space_satellites
2025-10-08,-0.0017367740284204166,-0.0008478851395315275,1.7777777777777777,3,9,aerospace|copper_metals|crypto_infrastructure
2025-10-09,0.054936722473888255,0.05549227802944381,1.111111111111111,4,11,cloud_neocloud|crypto_infrastructure|rare_earth_critical_minerals|renewables_storage
2025-10-10,-0.027756544020199277,-0.027173210686865942,1.1666666666666667,4,9,cloud_neocloud|copper_metals|nuclear_uranium|rare_earth_critical_minerals
2025-10-13,0.183208651577032,0.18354198491036533,0.6666666666666667,4,10,cloud_neocloud|copper_metals|nuclear_uranium|uranium
2025-10-14,0.047012851288609554,0.04781840684416511,1.6111111111111112,3,9,additive_manufacturing|consumer_staples|nuclear_uranium
2025-10-15,0.011830757671474738,0.012830757671474739,2.0,3,9,cloud_neocloud|renewables_storage|solar
2025-10-16,-0.06580363163176796,-0.06480363163176796,2.0,3,9,gold|gold_silver_miners|silver
2025-10-17,-0.07705992864478652,-0.07605992864478651,2.0,3,8,apparel_beauty_lifestyle|retail|retail_consumer
2025-10-20,0.01851073265458303,0.01951073265458303,2.0,3,9,medtech_devices|mega_banks|oil_services
2025-10-21,-0.01297976065735065,-0.011979760657350649,2.0,3,9,autos|managed_care_insurance|workflow_software
2025-10-22,-0.020423665459684014,-0.019423665459684013,2.0,3,9,medtech|oil_integrated|oil_services
2025-10-23,0.023437891860103494,0.023937891860103495,1.0,4,12,diagnostics_tools|industrial_automation|oil_integrated|oil_services
2025-10-24,-0.002765992942511091,-0.002015992942511091,1.5,3,9,banks_brokers_exchanges|cloud|diagnostics_tools
2025-10-27,0.005893325190599985,0.0063933251905999855,1.0,4,12,banks_brokers_exchanges|cloud|industrial_automation|networking
2025-10-28,-0.0004807598148759227,0.0002692401851240772,1.4999999999999998,4,9,banks_brokers_exchanges|cloud_neocloud|nuclear|uranium
2025-10-29,-0.0031564642445423364,-0.0021564642445423363,1.9999999999999998,3,9,datacenter_infra|memory|networking_optical
2025-10-30,-0.017439088538572293,-0.016994644094127848,0.8888888888888891,3,9,advanced_packaging|datacenter_infra|networking_optical
2025-10-31,-0.0012891363516013767,-0.00028913635160137665,2.0,3,9,cloud|networking|oil_gas
2025-11-03,-0.0019651921348130654,-0.0010763032459241762,1.7777777777777777,3,9,cloud_neocloud|oil_services|semicap_equipment
2025-11-04,-0.06662318241196272,-0.06573429352307383,1.7777777777777781,3,7,pharma|pharma_largecap|power_grid_electrification
2025-11-05,0.026133950059303676,0.026883950059303677,1.5,4,12,advanced_packaging|electronics_components|pharma|solar
2025-11-06,-0.020225634693904298,-0.019725634693904297,1.0,4,11,electronics_components|oil_gas|pharma|pharma_largecap
2025-11-07,-0.005072708758918169,-0.004322708758918169,1.4999999999999998,4,12,consumer_staples|oil_gas|transport_logistics|travel
2025-11-10,0.005321391161535554,0.006321391161535554,1.9999999999999998,3,9,gold_silver_miners|memory|solar
2025-11-11,-0.01502574575402488,-0.014025745754024882,2.0,3,7,oil_gas|pharma|pharma_largecap
2025-11-12,-0.005286976839736316,-0.004786976839736315,1.0,4,9,copper_metals|gold_silver_miners|pharma|pharma_largecap
2025-11-13,-0.01920428223574621,-0.018620948902412875,1.1666666666666667,3,7,medtech_devices|pharma|pharma_largecap
2025-11-14,0.0060213903923539555,0.0070213903923539555,2.0000000000000004,3,7,oil_exploration|oil_gas|oil_integrated
2025-11-17,-0.015222993840523145,-0.014222993840523144,2.0,3,6,medtech|pharma|pharma_largecap
2025-11-18,0.021378215409490992,0.021711548742824327,0.6666666666666667,4,10,medtech|oil_exploration|pharma|pharma_largecap
2025-11-19,-0.009477070212408675,-0.008671514656853119,1.6111111111111112,3,9,lithium_battery_materials|medtech|mega_cap_platforms
2025-11-20,-0.026003719975445358,-0.025003719975445357,2.0,3,8,biotech|diagnostics_tools|oil_gas
2025-11-21,0.03459304288419207,0.03509304288419207,1.0,4,11,biotech|diagnostics_tools|homebuilders_housing|medtech_devices
2025-11-24,0.017246888030640523,0.01766355469730719,0.8333333333333335,3,7,biotech_innovation|diagnostics_tools|medtech_devices
2025-11-25,0.020266973851562755,0.021266973851562756,2.0,3,9,banks_brokers_exchanges|homebuilders_housing|regional_banks
2025-11-26,0.006781679623051688,0.007448346289718355,1.3333333333333335,3,9,construction_infrastructure|copper_metals|homebuilders_housing
2025-11-28,0.010291109512552916,0.011041109512552917,1.4999999999999998,4,12,copper_metals|crypto_infrastructure|gold_silver_miners|semis_compute
2025-12-01,-0.018115826015548703,-0.017615826015548702,1.0,3,9,apparel_beauty_lifestyle|copper_metals|gold_silver_miners
2025-12-02,-0.006006257605968524,-0.005006257605968524,2.0000000000000004,3,5,advanced_packaging|semicap_equipment|semis
2025-12-03,0.03200233275518942,0.03225233275518942,0.4999999999999999,4,8,advanced_packaging|copper_metals|semicap_equipment|semis
2025-12-04,-0.003975450146447918,-0.003058783479781252,1.8333333333333333,3,8,nuclear_uranium|rare_earth_critical_minerals|uranium
2025-12-05,-0.037167946480716994,-0.03616794648071699,2.0,3,9,ai_apps_agents|semis|transport_logistics
2025-12-08,-0.00414260268085377,-0.0034759360141871027,1.3333333333333333,4,12,additive_manufacturing|ai_apps|semis_compute|transport_logistics
2025-12-09,-0.003996580854605266,-0.0033299141879386002,1.333333333333333,4,12,additive_manufacturing|asset_managers|electronics_components|oil_services
2025-12-10,0.04222872623253856,0.04289539289920523,1.333333333333333,3,9,electronics_components|regional_banks|space_satellites
2025-12-11,0.07833889750698723,0.0790055641736539,1.3333333333333335,3,8,copper_metals|gold_silver_miners|space_satellites
2025-12-12,-0.036389032990401526,-0.03572236632373486,1.333333333333333,4,12,defense|defense_aerospace|gold_silver_miners|insurance
2025-12-15,-0.025267943273211274,-0.024767943273211274,1.0,4,12,airlines_travel|apparel_beauty_lifestyle|gold_silver_miners|insurance
2025-12-16,-0.008603859438568338,-0.008270526105235005,0.6666666666666666,4,10,airlines_travel|apparel_beauty_lifestyle|gold_silver_miners|transport_logistics
2025-12-17,-0.014393457773087443,-0.013643457773087442,1.4999999999999996,3,7,gold_silver_miners|restaurants|restaurants_food
2025-12-18,0.0089534849558111,0.009286818289144433,0.6666666666666667,3,5,consumer|restaurants|restaurants_food
2025-12-19,-0.008389448524370315,-0.007389448524370314,2.0,3,7,biotech|gold_silver_miners|pharma_largecap
2025-12-22,0.017871863695267443,0.01853853036193411,1.3333333333333333,3,9,copper_metals|defense_aerospace|gold_silver_miners
2025-12-23,-0.00855768218796119,-0.008141015521294525,0.8333333333333334,4,12,copper_metals|defense|defense_aerospace|gold_silver_miners
2025-12-24,-0.007454176557773518,-0.006454176557773518,1.9999999999999998,3,7,rare_earth_critical_minerals|renewables_storage|solar
2025-12-26,-0.024322627375955065,-0.023572627375955064,1.4999999999999998,4,11,copper|copper_metals|gold_silver_miners|solar
2025-12-29,-0.049635174284305625,-0.048635174284305624,2.0,3,8,oil_gas|oil_services|real_estate_reits
2025-12-30,0.013081530875737376,0.013331530875737376,0.5,4,11,natural_gas|oil_gas|oil_services|real_estate_reits
2025-12-31,-0.014493211401596704,-0.013493211401596705,1.9999999999999998,3,5,healthcare|managed_care|managed_care_insurance
2026-01-02,0.01117417528866227,0.01217417528866227,2.0,3,9,china_internet|energy|semis
2026-01-05,0.017716254804024834,0.018716254804024834,2.0,3,3,healthcare|managed_care|managed_care_insurance
2026-01-06,0.01091417147432171,0.011664171474321711,1.4999999999999998,4,10,advanced_packaging|drones_autonomy|healthcare|semicap_equipment
2026-01-07,-0.010377355398384226,-0.009377355398384227,1.9999999999999998,3,9,biotech|consumer_internet_marketplaces|rare_earth_critical_minerals
2026-01-08,0.00097873736039784,0.0017287373603978398,1.4999999999999998,4,10,consumer_internet_marketplaces|defense_aerospace|drones_autonomy|space_satellites
2026-01-09,0.010290740687682076,0.010657407354348742,0.7333333333333332,5,12,defense|defense_aerospace|drones_autonomy|homebuilders_housing|space_satellites
2026-01-12,0.02713889470284785,0.027938894702847848,1.5999999999999999,4,11,copper_metals|gold_silver_miners|homebuilders_housing|rare_earth_critical_minerals
2026-01-13,-0.005819241476599832,-0.0049025748099331655,1.8333333333333333,3,8,homebuilders_housing|oil_exploration|oil_gas
2026-01-14,0.006750907244465582,0.0072509072444655815,1.0,4,11,agriculture_food_inputs|oil_exploration|oil_gas|rare_earth_critical_minerals
2026-01-15,-0.009838901212258137,-0.008838901212258138,1.9999999999999998,3,9,electronics_components|homebuilders_housing|semicap_equipment
2026-01-16,0.0036150799499551642,0.004365079949955164,1.4999999999999998,4,11,cloud_neocloud|crypto_infrastructure|semicap_equipment|uranium
2026-01-20,-0.02513497642847618,-0.02413497642847618,1.9999999999999996,3,8,agriculture_food_inputs|copper_metals|gold_silver_miners
2026-01-21,-0.020221213176590397,-0.019471213176590396,1.4999999999999998,4,12,copper_metals|memory|nuclear|regional_banks
2026-01-22,0.014818119280404935,0.015818119280404934,1.9999999999999996,3,9,biotech|gold_silver_miners|renewables_storage
2026-01-23,-0.015276116708934213,-0.014609450042267547,1.3333333333333335,3,8,copper_metals|gold_silver_miners|oil_gas
2026-01-26,-0.03491372840376757,-0.03402483951487868,1.7777777777777777,3,9,dev_tools|gold|gold_silver_miners
2026-01-27,0.001990015807992962,0.0028789046968818507,1.7777777777777777,3,9,cloud_neocloud|copper_metals|oil_services
2026-01-28,-0.001336365574964414,-0.0003363655749644139,2.0,3,7,gold|gold_silver_miners|solar
2026-01-29,-0.025183451752019043,-0.024183451752019042,2.0,3,9,copper|oil_exploration|oil_gas
2026-01-30,-0.03072095401451181,-0.030054287347845144,1.3333333333333335,3,9,banks_brokers_exchanges|networking_optical|oil_exploration
2026-02-02,0.008646558304438624,0.00931322497110529,1.3333333333333335,4,11,airlines_travel|banks_brokers_exchanges|electronics_components|transport_logistics
2026-02-03,0.019280658426780773,0.020030658426780774,1.4999999999999998,4,11,oil_exploration|oil_gas|oil_integrated|transport_logistics
2026-02-04,0.018286284005486424,0.018686284005486425,0.7999999999999999,5,12,datacenter_infra|industrial_automation|oil_exploration|oil_gas|oil_integrated
2026-02-05,-0.01301780532390141,-0.0123066942127903,1.422222222222222,3,9,consumer_staples|datacenter_infra|pharma
2026-02-06,0.01993125128334372,0.02082014017223261,1.7777777777777777,3,9,datacenter_infra|electronics_components|transport_logistics
2026-02-09,0.009188545483900655,0.010188545483900654,2.0,3,8,advanced_packaging|copper_metals|gold_silver_miners
2026-02-10,-0.008143782585131546,-0.007143782585131547,2.0,3,8,construction_infrastructure|homebuilders_housing|industrial_automation
2026-02-11,0.001818597174993245,0.002818597174993245,2.0,3,8,advanced_packaging|semicap_equipment|semis
2026-02-12,-0.0575423492543143,-0.0565423492543143,2.0,3,8,datacenter_reits_towers|power_grid_electrification|utilities_yield
2026-02-13,0.020581531927461986,0.02091486526079532,0.6666666666666667,3,8,gold_silver_miners|power_grid_electrification|utilities_yield
2026-02-17,-0.0032995695115504396,-0.0026329028448837727,1.3333333333333335,3,9,insurance|power_grid_electrification|real_estate_reits
2026-02-18,-0.016616782565686807,-0.015616782565686806,2.0,3,8,oil_exploration|oil_gas|oil_services
2026-02-19,0.013817430472361222,0.014567430472361222,1.4999999999999998,4,11,defense|defense_aerospace|oil_gas|utilities_yield
2026-02-20,0.011756458958906814,0.012756458958906813,1.9999999999999998,3,9,apparel_beauty_lifestyle|networking_optical|solar
2026-02-23,-0.005832115068323989,-0.004832115068323989,2.0,3,9,biotech_innovation|gold_silver_miners|medtech_devices
2026-02-24,0.007172669303146134,0.008172669303146134,2.0,3,6,lithium_battery_materials|rare_earth_critical_minerals|renewables_storage
2026-02-25,0.025335745342024395,0.026085745342024395,1.4999999999999998,4,7,electronics_components|lithium_battery_materials|networking_optical|semis_compute
2026-02-26,-0.05054031571896288,-0.04954031571896288,2.0,3,7,airlines_travel|gold_silver_miners|silver
2026-02-27,0.010411746805725187,0.011161746805725188,1.5,4,12,consumer_staples|datacenter_reits_towers|gold_silver_miners|utilities_yield
2026-03-02,-0.022974160416071986,-0.021974160416071985,1.9999999999999998,3,9,crypto_infrastructure|networking_optical|space_satellites
2026-03-03,-0.023922647695196964,-0.022922647695196963,2.0,3,7,business_apps|digital_ads_media|mega_cap_platforms
2026-03-04,0.005125619833766359,0.006125619833766359,2.0,3,9,crypto_infrastructure|networking_optical|space_satellites
2026-03-05,-0.04612944384346299,-0.04512944384346299,2.0,3,7,natural_gas|oil_exploration|oil_gas
2026-03-06,0.022683969520310474,0.02301730285364381,0.6666666666666667,3,8,oil_exploration|oil_gas|space_satellites
2026-03-09,0.007862351401847224,0.008751240290736113,1.7777777777777777,3,9,networking|obesity_glp1_health|oil_gas
2026-03-10,-0.008553362003733873,-0.007886695337067207,1.3333333333333335,3,9,china_internet|networking|nuclear_uranium
2026-03-11,-0.010808791056886254,-0.009808791056886253,2.0,3,8,energy|oil_exploration|oil_gas
2026-03-12,0.019877680897683228,0.02012768089768323,0.5,4,11,additive_manufacturing|energy|oil_exploration|oil_gas
2026-03-13,-0.0022010784984409022,-0.0013955229428853468,1.6111111111111112,3,9,china_internet|memory|oil_gas
2026-03-16,0.01050432312521581,0.010976545347438032,0.9444444444444444,4,11,china_internet|cloud_neocloud|memory|semis_compute
2026-03-17,-0.009455382892608907,-0.008705382892608906,1.4999999999999998,4,10,agriculture_food_inputs|energy|memory|oil_gas
2026-03-18,0.010571398885493317,0.010821398885493317,0.5000000000000002,4,9,energy|memory|oil_exploration|oil_gas
2026-03-19,0.00889082337075342,0.00964082337075342,1.5,3,7,energy|memory_storage|oil_gas
2026-03-20,-0.024639699875573937,-0.024306366542240603,0.6666666666666667,3,7,banks_brokers_exchanges|energy|oil_gas
2026-03-23,-0.0022616408770086776,-0.0012616408770086776,2.0,3,7,advanced_packaging|airlines_travel|semicap_equipment
2026-03-24,0.036875148423529,0.03720848175686233,0.6666666666666667,3,7,advanced_packaging|oil_gas|semicap_equipment
2026-03-25,-0.0011244638420072743,-0.00012446384200727424,2.0,3,9,networking|space_satellites|transport_logistics
2026-03-26,-0.03813079392440594,-0.037130793924405936,2.0,3,7,energy|oil_gas|oil_services
2026-03-27,0.019562608895364784,0.019812608895364785,0.5,4,10,energy|gold_silver_miners|oil_gas|oil_services
2026-03-30,-0.022174230412143465,-0.021174230412143464,2.0,3,7,consumer_staples|pharma|pharma_largecap
2026-03-31,0.010592263296679628,0.011258929963346294,1.3333333333333335,3,9,biotech_innovation|copper_metals|pharma
2026-04-01,0.030433018880756186,0.031099685547422852,1.3333333333333337,3,9,copper|copper_metals|gold_silver_miners
2026-04-02,-0.013384476277280455,-0.012384476277280454,2.0,3,9,datacenter_reits_towers|networking_optical|space_satellites
2026-04-06,-0.018263201583520235,-0.01759653491685357,1.3333333333333335,3,9,datacenter_reits_towers|managed_care_insurance|restaurants_food
2026-04-07,0.022136020540202632,0.022886020540202633,1.5,4,11,cloud_neocloud|managed_care_insurance|networking_optical|semis_compute
2026-04-08,0.0875933392438264,0.08797667257715973,0.7666666666666666,5,12,cloud_neocloud|networking_optical|semicap_equipment|semis|semis_compute
2026-04-09,0.023495847034160355,0.023495847034160355,0.0,5,12,cloud_neocloud|networking_optical|semicap_equipment|semis|semis_compute
2026-04-10,0.031662727255759957,0.03201272725575996,0.7,4,11,advanced_packaging|cloud_neocloud|semicap_equipment|semis_compute
2026-04-13,0.030658669847221442,0.031242003180554773,1.1666666666666665,3,8,cloud_neocloud|crypto_infrastructure|semicap_equipment
2026-04-14,0.038797764772470135,0.039575542550247915,1.5555555555555558,3,9,airlines_travel|asset_managers_alts|crypto_infrastructure
2026-04-15,-0.0015919736363835708,-0.0008419736363835708,1.5,4,8,ai_apps|asset_managers_alts|consumer_internet|digital_ads_media
2026-04-16,-0.0041903616921176445,-0.003523695025450978,1.3333333333333333,3,6,digital_ads_media|nuclear|nuclear_uranium
2026-04-17,0.04674906620035869,0.04774906620035869,2.0000000000000004,3,9,airlines_travel|consumer_internet_marketplaces|quantum_computing
2026-04-20,0.00952807612904083,0.01052807612904083,2.0,3,9,crypto_infrastructure|cybersecurity|lithium_battery_materials
2026-04-21,-0.017282506757317385,-0.01661584009065072,1.3333333333333335,3,8,cybersecurity|quantum_computing|semis_compute
2026-04-22,0.03269217549208047,0.03335884215874714,1.3333333333333335,3,9,rare_earth_critical_minerals|renewables_storage|semis_compute
2026-04-23,-0.03964153592731816,-0.03916931370509594,0.9444444444444446,4,11,power_grid_electrification|renewables_storage|semis|semis_compute
2026-04-24,-0.005238103500646452,-0.004738103500646452,1.0,4,10,advanced_packaging|semicap_equipment|semis|semis_compute
2026-04-27,-0.025626540506644018,-0.024626540506644017,2.0,3,6,managed_care|managed_care_insurance|oil_services
2026-04-28,0.04478822257970359,0.04505488924637026,0.5333333333333333,5,9,energy|managed_care|managed_care_insurance|oil_gas|oil_services
2026-04-29,0.03109105313730963,0.03124105313730963,0.3,4,9,energy|managed_care|oil_gas|oil_services
2026-04-30,0.0120463894246493,0.013046389424649299,2.0,3,7,asset_managers_alts|lithium_battery_materials|rare_earth_critical_minerals
2026-05-01,0.0005289361622641918,0.0012789361622641917,1.4999999999999998,4,10,ai_apps_agents|asset_managers_alts|dev_tools|workflow_software
2026-05-04,0.02118413312427361,0.02158413312427361,0.7999999999999999,5,13,ai_apps_agents|cybersecurity|dev_tools|oil_gas|workflow_software
2026-05-05,-0.003820351251335506,-0.0028203512513355062,1.9999999999999998,3,8,memory_storage|networking_optical|semis_compute
2026-05-06,0.005553464395454395,0.006220131062121062,1.3333333333333335,3,9,copper_metals|memory|uranium
2026-05-07,-0.03965721708543558,-0.038657217085435576,2.0,3,8,cloud|cybersecurity|dev_tools
2026-05-08,-0.007792765670473461,-0.006792765670473461,2.0000000000000004,3,7,electronics_components|memory|semis_compute
2026-05-11,0.14803583949398302,0.14853583949398302,1.0,4,11,gold_silver_miners|memory|renewables_storage|semis_compute
2026-05-12,-0.006888206237185657,-0.005971539570518991,1.833333333333333,3,7,copper_metals|managed_care|managed_care_insurance
2026-05-13,0.017147117777011143,0.01756378444367781,0.8333333333333334,4,10,copper|managed_care|managed_care_insurance|renewables_storage
2026-05-14,-0.013719847803853435,-0.012719847803853435,2.0,3,9,defense_aerospace|networking|space_satellites
2026-05-15,-0.055197673109873995,-0.054531006443207325,1.3333333333333335,3,9,energy|oil_exploration|space_satellites
2026-05-18,-0.018947408817282775,-0.018197408817282774,1.4999999999999996,4,12,cybersecurity|medtech|oil_exploration|oil_services
2026-05-19,0.00064080075133439,0.0013074674180010566,1.3333333333333333,3,9,medtech|oil_gas|retail
2026-05-20,-0.01204893736562292,-0.011048937365622919,2.0,3,9,cybersecurity|homebuilders_housing|transport_logistics
2026-05-21,-0.003093560806434118,-0.002093560806434118,2.0,3,9,apparel_beauty_lifestyle|diagnostics_tools|quantum_computing
