Price,Close,High,Low,Open,Volume
Ticker,AAPL,AAPL,AAPL,AAPL,AAPL
Date,,,,,
2015-01-02,24.237548828125,24.705318351259162,23.798598610986176,24.694233092060063,212818400
2015-01-05,23.554744720458984,24.086805174772298,23.368524491704783,24.006996022056626,257142000
2015-01-06,23.55695915222168,23.816338020280458,23.19560061965636,23.61903255400942,263188400
2015-01-07,23.88727569580078,23.987036263456744,23.654498782772745,23.76534460966741,160423600
2015-01-08,24.80508041381836,24.862720720656704,24.097883456887466,24.215381460812253,237458000
2015-01-09,24.831689834594727,25.106587091638215,24.432644065198065,24.97800548912445,214798000
2015-01-12,24.219812393188477,24.969129549868345,24.120051828758882,24.962479071089444,198603200
2015-01-13,24.43485450744629,25.00681938380781,24.144438980365567,24.70310120728101,268367600
2015-01-14,24.34174346923828,24.494709555233538,24.053543652156318,24.173257344265455,195826400
2015-01-15,23.681100845336914,24.39938128317444,23.645631062558422,24.386080326054127,240056000
2015-01-16,23.49710464477539,23.849595354822647,23.321967985130645,23.727664233749223,314053200
2015-01-20,24.10232162475586,24.157744549135312,23.610165785646576,23.907231848461198,199599600
2015-01-21,24.286325454711914,24.62107869073436,24.00255866913812,24.153309086853763,194303600
2015-01-22,24.918142318725586,24.933660666894788,24.324008616661335,24.443722313126493,215185600
2015-01-23,25.046728134155273,25.21742999298039,24.72527416557457,24.89597771577307,185859200
2015-01-26,25.07332420349121,25.35265614411919,25.00681772616178,25.215206718108252,222460000
2015-01-27,24.195432662963867,24.935883840684372,24.171046439988512,24.92258118818741,382274800
2015-01-28,25.563274383544922,26.18622933247056,25.563274383544922,26.077599160443782,585908400
2015-01-29,26.359142303466797,26.423433096590607,25.618691178673068,25.787177336812245,337745600
2015-01-30,25.973398208618164,26.603001772030364,25.904672637239905,26.248295420011285,334982000
2015-02-02,26.299280166625977,26.4189938621203,25.733967466726934,26.170700293426666,250956400
2015-02-03,26.30372428894043,26.401267500696697,26.073164685143794,26.270470190930336,207662800
2015-02-04,26.505455017089844,26.71606311438626,26.22834043488918,26.2704623926231,280598800
2015-02-05,26.69464111328125,26.759185637251118,26.541069601144372,26.7124451524758,168984800
2015-02-06,26.4698486328125,26.763636508266117,26.36301590626183,26.712445437657788,174826400
2015-02-09,26.645673751831055,26.672380657208517,26.358562632684485,26.385271236110356,155559200
2015-02-10,27.157575607299805,27.186510351861603,26.743603296210924,26.745827739601534,248034000
2015-02-11,27.794118881225586,27.803021749787224,27.264410937172286,27.32450317740265,294247200
2015-02-12,28.145767211914062,28.372786055941305,27.94768310768235,28.05674024755138,297898000
2015-02-13,28.283763885498047,28.328276526199947,27.96549358013913,28.328276526199947,217088800
2015-02-17,28.45068359375,28.68437915950236,28.248147210358212,28.375010080839985,252609600
2015-02-18,28.648771286010742,28.66212473782531,28.36611077024827,28.406172823740263,179566800
2015-02-19,28.58867835998535,28.71776739221714,28.56197145541902,28.595355086126933,149449600
2015-02-20,28.82238006591797,28.82238006591797,28.49965911505575,28.626520334703407,195793600
2015-02-23,29.601362228393555,29.601362228393555,28.857990488247626,28.93811461207815,283896400
2015-02-24,29.4166259765625,29.73489796822131,29.19405938517191,29.588003202840323,276912400
2015-02-25,28.664348602294922,29.2897635504534,28.52190612565482,29.2808589853591,298846800
2015-02-26,29.02713394165039,29.12728822683171,28.179155786433736,28.66434931718159,365150000
2015-02-27,28.590904235839844,29.060519853426552,28.541939316766616,28.93365527325596,248059200
2015-03-02,28.731128692626953,28.99598355557924,28.555302529375826,28.766740172507415,192386800
2015-03-03,28.791215896606445,28.826827368145587,28.508555359921896,28.702190613855443,151265200
2015-03-04,28.608713150024414,28.835732063722944,28.559751615792635,28.73335331565114,126665200
2015-03-05,28.1346492767334,28.655454390000926,27.989980623698415,28.617618469406004,226068400
2015-03-06,28.17693328857422,28.7934420686846,28.101261454083147,28.577552179150562,291368400
2015-03-09,28.297119140625,28.837957778090015,27.83418017642311,28.479623696005753,354114000
2015-03-10,27.711772918701172,28.314928311443243,27.553750807514756,28.13464987578879,275426400
2015-03-11,27.20654296875,27.769636241841642,27.17760991964379,27.765185656613205,275756000
2015-03-12,27.698415756225586,27.79857175613911,27.070777942685456,27.22212331535712,193450800
2015-03-13,27.507001876831055,27.909848527679312,27.28221086122838,27.687281955206664,207309200
2015-03-16,27.809696197509766,27.809696197509766,27.346758956585212,27.571550001661393,143497200
2015-03-17,28.274858474731445,28.3371768453286,27.96549106494682,28.021132709844032,204092400
2015-03-18,28.59313201904297,28.74670351988461,28.125742488103533,28.26595883797083,261083600
2015-03-19,28.377243041992188,28.766734613156785,28.354986720392482,28.655451307109757,183238000
2015-03-20,28.021135330200195,28.577550133156368,27.856436521356393,28.544166501534818,274780400
2015-03-23,28.312702178955078,28.45514469325615,28.159130653391948,28.292671996341824,150838800
2015-03-24,28.196964263916016,28.497427148688423,28.168029517967973,28.31715043665406,131369200
2015-03-25,27.46026611328125,28.225895749966426,27.46026611328125,28.16357737452431,206620800
2015-03-26,27.651676177978516,27.794118677825203,27.28666705986531,27.32227853385125,190291600
2015-03-27,27.43132972717285,27.754050574155617,27.35565790850584,27.725117531379674,158184800
2015-03-30,28.125743865966797,28.132420592756837,27.59826037492282,27.60938938493857,188398800
2015-03-31,27.693967819213867,28.152454566424634,27.67838822192172,28.0634275684486,168362400
2015-04-01,27.653898239135742,27.847531779753435,27.3979463262866,27.780761124906427,162485600
2015-04-02,27.89204978942871,27.94546530476479,27.64055011075808,27.82750526345867,128880400
2015-04-06,28.343852996826172,28.37946446390211,27.67170268722584,27.702861871893177,148776000
2015-04-07,28.045612335205078,28.51522620847483,28.03893561017987,28.408395211975346,140049200
2015-04-08,27.954364776611328,28.13241873682573,27.81414842912516,28.010006426922278,149316800
2015-04-09,28.16802406311035,28.172476345339447,27.745148945945807,28.010002004940247,129936000
2015-04-10,28.288217544555664,28.312700009016844,27.878695771838775,28.032265587583318,160752000
2015-04-13,28.232566833496094,28.615383273375624,28.179151336371337,28.570867246016924,145460400
2015-04-14,28.110158920288086,28.330499352662446,28.02335809244218,28.26595484256325,102098400
2015-04-15,28.216995239257812,28.294893215067187,28.045619692477185,28.13464667828012,115881600
2015-04-16,28.081228256225586,28.288215267615023,28.067874803248348,28.105710718716157,113476000
2015-04-17,27.765188217163086,28.074555709550506,27.700643688082796,27.94324220759483,207828000
2015-04-20,28.399497985839844,28.515231871372787,27.858661076767103,27.947688056895437,188217200
2015-04-21,28.245922088623047,28.53303144803939,28.192504893247314,28.51077683037157,129740400
2015-04-22,28.62651252746582,28.682154172649728,28.114610410602825,28.263729612164116,150618000
2015-04-23,28.860210418701172,29.02713536756887,28.519683794698807,28.555295265520478,183083600
2015-04-24,28.995975494384766,29.073875160454126,28.762279892273376,29.04271597324572,178103600
2015-04-27,29.52346420288086,29.630298638040404,29.18961423422666,29.447792358382642,387816800
2015-04-28,29.058286666870117,29.94410053747658,28.837947967683483,29.92629820299544,475696000
2015-04-29,28.63097381591797,29.287544756394485,28.555301969728283,28.969276075956806,253544400
2015-04-30,27.85421371459961,28.630970767541644,27.727350805104503,28.630970767541644,332781600
2015-05-01,28.699954986572266,28.962585272787464,27.88758846459079,28.065640679826636,234050400
2015-05-04,28.64432716369629,29.06052910836705,28.546397294361995,28.82238116284069,203953200
2015-05-05,27.99888801574707,28.588688338085316,27.99443573139983,28.521917657268293,197085600
2015-05-06,27.823049545288086,28.210314931617717,27.455814336746123,28.168026736668235,288564000
2015-05-07,27.995149612426758,28.17841652722197,27.718012947016163,27.885635187565743,175763600
2015-05-08,28.522600173950195,28.522600173950195,28.185120262756058,28.312513093384876,222201600
2015-05-11,28.232046127319336,28.509180998854276,28.07783316974487,28.471187045728733,168143200
2015-05-12,28.1314754486084,28.357205448229426,27.896803688642215,28.07113050226684,192640000
2015-05-13,28.162765502929688,28.426491170136035,28.131476161493442,28.19405484436593,138776800
2015-05-14,28.819841384887695,28.819841384887695,28.419784589174334,28.47565865289466,180814000
2015-05-15,28.779621124267578,28.940538742139225,28.654463734874764,28.846670700094613,152832000
2015-05-18,29.096986770629883,29.21543954872697,28.68798809123903,28.69245897256814,203531600
2015-05-19,29.070159912109375,29.251191335426242,28.97405474783214,29.208726500765295,178532800
2015-05-20,29.067922592163086,29.27353873903243,28.90700501456408,29.054513362410205,145819600
2015-05-21,29.365171432495117,29.418811758884058,29.016517836672143,29.07015816306108,158921600
2015-05-22,29.622203826904297,29.718309027826777,29.367418132070213,29.412120128936607,182384000
2015-05-26,28.969589233398438,29.704893968093028,28.85784108371209,29.635610660932755,282790400
2015-05-27,29.510446548461914,29.559616001614543,29.065691145330188,29.130503564331832,183332800
2015-05-28,29.45233726501465,29.49033122049038,29.300361443111733,29.470217375288346,122933200
2015-05-29,29.117095947265625,29.37858619337023,29.032166267061793,29.329416737492505,203538000
2015-06-01,29.17519760131836,29.36517076898995,29.065686626553163,29.117089806754826,128451200
2015-06-02,29.045576095581055,29.20202279900119,28.902538622413736,29.023225104971452,134670400
2015-06-03,29.081335067749023,29.264603655579336,29.032165612979068,29.20202496955987,123934000
2015-06-04,28.91147232055664,29.184137992765837,28.810899699560547,28.960641763760385,153800400
2015-06-05,28.752792358398438,28.98523037753398,28.687979943807765,28.942765542675627,142507200
2015-06-08,28.56282615661621,28.877956739709482,28.34603448543426,28.808670026111816,210699200
2015-06-09,28.47789764404297,28.62540601795868,28.075605334088277,28.316980038004523,224301600
2015-06-10,28.804195404052734,28.90700176077434,28.57399285331299,28.58963752131075,156349200
2015-06-11,28.739389419555664,29.094747730712573,28.714804689270927,28.871251422772424,141563600
2015-06-12,28.42202377319336,28.681280297028987,28.408614540974767,28.64999095175799,147544800
2015-06-15,28.366147994995117,28.437666737767664,28.09571769560075,28.18288111006913,175955600
2015-06-16,28.51811981201172,28.57399387187269,28.243220392374692,28.390727023734343,125976400
2015-06-17,28.45107650756836,28.580703051243066,28.325917433993066,28.544944533893883,131672400
2015-06-18,28.580705642700195,28.67680911793054,28.433198974405606,28.435434414799264,141628800
2015-06-19,28.29463005065918,28.567295798030447,28.249931474593,28.542711069651634,218867600
2015-06-22,28.520357131958008,28.62092976428129,28.40190439006669,28.493536967605955,136157200
2015-06-23,28.390731811523438,28.52036006149513,28.357207028925068,28.49130615931855,121075600
2015-06-24,28.63211441040039,29.00982374632783,28.41085352548544,28.430967376322414,221123600
2015-06-25,28.495771408081055,28.87571434479905,28.495771408081055,28.79972643951187,127752400
2015-06-26,28.328157424926758,28.605292373182664,28.27451878771564,28.533773621853992,176267200
2015-06-29,27.83199691772461,28.265580331350833,27.82082312462451,28.039848566972665,196645600
2015-06-30,28.033140182495117,28.187353170768603,27.90574736331223,28.06442952719678,177482800
2015-07-01,28.29463005065918,28.370619676141335,28.158297176973544,28.361679619899824,120955200
2015-07-02,28.258865356445312,28.314739416890585,28.109121578544826,28.25662991658802,108844000
2015-07-06,28.16053581237793,28.21194071531361,27.903514707982673,27.923630263093703,112241600
2015-07-07,28.091249465942383,28.19405755556789,27.66213528971851,28.13594804225212,187787200
2015-07-08,27.393943786621094,27.856581099336466,27.387239169865182,27.82082257492441,243046400
2015-07-09,26.835193634033203,27.72694315969136,26.64522216989023,27.68000915361893,314380000
2015-07-10,27.552621841430664,27.680014656134844,27.089984598016393,27.253137636917494,245418000
2015-07-13,28.084548950195312,28.106898241613052,27.785062988744368,27.943745174494445,165762000
2015-07-14,28.073366165161133,28.243223805102456,27.945973361490438,28.16946962794016,127072400
2015-07-15,28.343799591064453,28.417553776418547,28.06666466732524,28.097954011692185,134596800
2015-07-16,28.721506118774414,28.7349187604003,28.462251317004103,28.549414731017865,144889600
2015-07-17,28.969589233398438,28.969589233398438,28.676809626865467,28.848902732261653,184658800
2015-07-20,29.517154693603516,29.7182999771092,29.21096247768072,29.271307426845436,235600800
2015-07-21,29.222137451171875,29.707123950305423,29.126035691518517,29.691480984672705,307025600
2015-07-22,27.9862003326416,28.048779009002466,27.264306704299237,27.264306704299237,461802400
2015-07-23,27.972795486450195,28.404141673972873,27.950444494126867,28.205230119312716,203998000
2015-07-24,27.825284957885742,28.102419848701462,27.691187540080794,28.008551826752115,168649200
2015-07-27,27.43863868713379,27.62637645681954,27.293367463201697,27.510157431504226,177822000
2015-07-28,27.574968338012695,27.69342278981975,27.389467735475773,27.574968338012695,134472400
2015-07-29,27.487808227539062,27.60179181286985,27.32689062592886,27.52356845240416,148046800
2015-07-30,27.349239349365234,27.393937921595764,27.20173099175027,27.338063853736987,134513200
2015-07-31,27.11009979248047,27.409583993039575,27.02293637857796,27.40064393710838,171540000
2015-08-03,26.470901489257812,27.39394056552106,26.265283603784972,27.15479960021046,279904000
2015-08-04,25.621614456176758,26.30551255544882,25.310954750615828,26.242933867298618,496554400
2015-08-05,25.79146957397461,26.247402163645372,25.053931210213424,25.24390269629094,397250400
2015-08-06,25.84759521484375,26.155171669995845,25.6208434576588,26.036182751048223,211612000
2015-08-07,25.935150146484375,26.099041656350053,25.706152857222204,25.724113899125694,154681600
2015-08-10,26.87809181213379,26.938708204443447,26.16191090980499,26.16191090980499,219806400
2015-08-11,25.479408264160156,26.532351159691274,25.443487880734995,26.449282596677104,388331200
2015-08-12,25.872291564941406,25.912703058030736,24.612802028659953,25.263875322717194,404870000
2015-08-13,25.85209083557129,26.13272577361948,25.715140848774993,26.051902774432822,194143200
2015-08-14,26.03394317626953,26.112520620724425,25.596153333692396,25.665750254086753,171718000
2015-08-17,26.303348541259766,26.41335694167236,25.93066457455252,26.05189905602863,163538800
2015-08-18,26.15517234802246,26.366210338258874,26.045163948219415,26.13945686233631,138242800
2015-08-19,25.820653915405273,26.1596596092665,25.74656589772991,26.065366702875668,193146000
2015-08-20,25.290817260742188,25.672480035526398,25.061818225584076,25.6118636514313,274006400
2015-08-21,23.74396324157715,25.12244203191726,23.719267227999406,24.792415043978203,513102000
2015-08-24,23.151256561279297,24.426461573215043,20.654727956824967,21.299066282542274,648825200
2015-08-25,23.290456771850586,24.945081158898475,23.236575337624984,24.945081158898475,414406400
2015-08-26,24.62627410888672,24.67117500740738,23.584557504900065,24.042552150961182,387098400
2015-08-27,25.351436614990234,25.423279088526364,24.70036323508548,25.196527298438387,338464400
2015-08-28,25.434505462646484,25.438994867917884,25.04161655630055,25.183055945955594,212657600
2015-08-31,25.315513610839844,25.712891876712465,25.14488711155364,25.151622075115288,224917200
2015-09-01,24.183992385864258,25.117944402577248,24.103169401079747,24.729546676730013,307383600
2015-09-02,25.221221923828125,25.221221923828125,24.500551620072176,24.747511731864307,247555200
2015-09-03,24.77893829345703,25.320001458230458,24.70485027311687,25.254893959706628,212935600
2015-09-04,24.531980514526367,24.79689993781752,24.361355722674787,24.464629163909024,199985200
2015-09-08,25.21448516845703,25.270612151175783,24.767714865616448,25.088761275282092,219374400
2015-09-09,24.72954750061035,25.598392046700837,24.644233395573615,25.540021221302467,340043200
2015-09-10,25.272855758666992,25.432256171737155,24.67342004060185,24.75648687238155,251571200
2015-09-11,25.641054153442383,25.641054153442383,25.091010331279467,25.097745296086877,199662000
2015-09-14,25.888010025024414,26.242732981471587,25.78698213712246,26.173136068155117,233453600
2015-09-15,26.10578155517578,26.161908537092778,25.688196672684565,26.0272041230639,173364800
2015-09-16,26.13496971130371,26.16415512642055,25.917196738831453,26.09904761928949,148694000
2015-09-17,25.57594871520996,26.1529341563039,25.531047804275474,25.96659383435182,256450400
2015-09-18,25.470426559448242,25.661259689611786,25.115705295805558,25.192037177583178,297141200
2015-09-21,25.865556716918945,25.901478805540528,25.517570475909544,25.5198143218038,200888000
2015-09-22,25.459197998046875,25.63431389833919,25.26162993588368,25.454706880528914,201384800
2015-09-23,25.665740966796875,25.7555444620465,25.436743681126572,25.51082998031275,143026800
2015-09-24,25.818410873413086,25.930664833732273,25.22795565876358,25.42552201229593,200878000
2015-09-25,25.753307342529297,26.19783384760581,25.598396305283583,26.14170685879038,224607600
2015-09-28,25.24367332458496,25.721874620209853,25.24367332458496,25.56022862933393,208436000
2015-09-29,24.48483657836914,25.48389798764426,24.215427722418397,25.331232512509576,293461600
2015-09-30,24.763225555419922,25.041614911169578,24.4107481711117,24.73403842806435,265892000
2015-10-01,24.60157585144043,24.610556372895342,24.09194196424501,24.48707634396447,255716400
2015-10-02,24.781187057495117,24.92262816309932,24.1458308568426,24.249104308937568,232079200
2015-10-05,24.870981216430664,25.003441748563393,24.48707296964721,24.66892379368698,208258800
2015-10-06,24.989978790283203,25.086517275072058,24.644236349710543,24.837313319288256,192787200
2015-10-07,24.870981216430664,25.093243525019172,24.563406535065532,25.086508563070897,187062400
2015-10-08,24.583616256713867,24.738527263432836,24.294000845954656,24.738527263432836,247918400
2015-10-09,25.171833038330078,25.207753421166636,24.581376008554745,24.695875547512134,211064400
2015-10-12,25.05508804321289,25.31327254029787,25.019167660228614,25.308783134747262,121868800
2015-10-13,25.097745895385742,25.24592026326643,24.84854191440199,24.87997289282698,132197200
2015-10-14,24.74301528930664,25.037120088240496,24.597084812702903,24.985484230784294,177849600
2015-10-15,25.11345672607422,25.16733814868498,24.80588025098785,24.904664286490533,150694000
2015-10-16,24.929357528686523,25.144884908069713,24.814858019593803,25.09549289579994,156930400
2015-10-19,25.084270477294922,25.08875988200489,24.72056703284584,24.875478044661843,119036800
2015-10-20,25.542261123657227,25.632064619528936,24.879963553214377,24.996706898846153,195871200
2015-10-21,25.540021896362305,25.948626249248292,25.526550256187043,25.593903318484763,167180800
2015-10-22,25.930662155151367,25.930662155151367,25.616350756153427,25.667988326224382,166616400
2015-10-23,26.734407424926758,26.768083960411673,26.117010554855703,26.200077401144117,237467600
2015-10-26,25.88127326965332,26.521120512088146,25.800450279781604,26.509896143575677,265335200
2015-10-27,25.717388153076172,26.16415852516625,25.591662527554156,25.90821958132692,279537600
2015-10-28,26.777063369750977,26.78380004728634,26.05639303084757,26.251715570738316,342205600
2015-10-29,27.059938430786133,27.095860518973556,26.552550068725132,26.649088539654535,204909200
2015-10-30,26.828699111938477,27.21485304685405,26.81747302967664,27.163215466453153,197461200
2015-11-02,27.205875396728516,27.246286899135292,26.853397958514936,27.12056298625193,128813200
2015-11-03,27.517942428588867,27.724489354512645,27.098111898688654,27.1183185071268,182076000
2015-11-04,27.38996696472168,27.79857132141872,27.304654569493785,27.64366030440483,179544400
2015-11-05,27.26370620727539,27.662787229444895,27.096859658670287,27.473392408705557,158210800
2015-11-06,27.29526710510254,27.464368796343848,27.19606194930443,27.306541239261836,132169200
2015-11-09,27.18478775024414,27.464368730775384,27.0675446681476,27.27272049186438,135485600
2015-11-10,26.3280086517334,26.6211189761139,26.167925902944273,26.357320716286395,236511600
2015-11-11,26.179203033447266,26.4745668425892,25.976280610292136,26.237825449068033,180872000
2015-11-12,26.091262817382812,26.33927827697718,26.075480062322935,26.21301623649815,130102400
2015-11-13,25.329181671142578,26.057447155325942,25.313398913042832,25.974023022403507,183249600
2015-11-16,25.74404525756836,25.7575728443581,25.027053914454697,25.112731497775744,152426800
2015-11-17,25.63356590270996,25.940203817430206,25.550141770552145,25.91089175251961,110467600
2015-11-18,26.445255279541016,26.49034838475126,26.04166562320002,26.100288036126702,186698800
2015-11-19,26.781204223632812,26.999909401741903,26.32575765699719,26.52416973312301,173183200
2015-11-20,26.898447036743164,27.038236688009746,26.796984974813444,26.875898765075483,137148400
2015-11-23,26.548969268798828,26.995398553515166,26.45652617219215,26.891681321159318,129930000
2015-11-24,26.803747177124023,26.909717854981725,26.406923078164844,26.454271349511398,171212800
2015-11-25,26.612092971801758,26.88265667354652,26.587291256137046,26.87814633241232,85553200
2015-11-27,26.562496185302734,26.697778930112786,26.51514791269584,26.670722037112466,52185600
2015-11-30,26.672975540161133,26.92324619414005,26.54896693857106,26.60307900099607,156721200
2015-12-01,26.456520080566406,26.787959641055217,26.348295971136103,26.77443205742423,139409600
2015-12-02,26.217531204223633,26.63013982662762,26.172438098906,26.456527758752156,133546400
2015-12-03,25.97402000427246,26.332516496869523,25.75306141655099,26.27840443541406,166278000
2015-12-04,26.837568283081055,26.887171726276318,25.953730430375632,25.994314909336165,231108000
2015-12-07,26.66846466064453,27.024705981494215,26.562493988729248,26.826293943140787,128336800
2015-12-08,26.657190322875977,26.740612719707226,26.34829729300567,26.497105880985725,137238000
2015-12-09,26.0687198638916,26.53544050807796,25.946966427991917,26.524166372827583,185445600
2015-12-10,26.192726135253906,26.366338180957943,26.043917530556215,26.163415792559743,116850800
2015-12-11,25.51857566833496,26.01686183825899,25.444170502459794,25.971768736620955,187544800
2015-12-14,25.36074447631836,25.405837571526742,24.75423254067508,25.293103113314466,257274800
2015-12-15,24.912063598632812,25.432898038572702,24.88049808350816,25.23899460555466,213292400
2015-12-16,25.103713989257812,25.250269162016448,24.53102432618106,25.042838124981426,224954000
2015-12-17,24.571609497070312,25.308892283775666,24.571609497070312,25.257033662969082,179091200
2015-12-18,23.90647315979004,24.693359335575057,23.856869714176426,24.555824854816795,385813200
2015-12-21,24.199583053588867,24.208602018100272,23.802757216044906,24.18830891790171,190362400
2015-12-22,24.17702865600586,24.287507925080426,24.001161485396647,24.215357952596275,131157600
2015-12-23,24.488176345825195,24.542288397916,24.17026438438559,24.186047137920035,130629600
2015-12-24,24.35740852355957,24.5761136635021,24.33937059609821,24.5761136635021,54281600
2015-12-28,24.0845890045166,24.28074757635794,23.940289039090082,24.258199309104633,106816800
2015-12-29,24.51749610900879,24.673070253801196,24.093615050970072,24.116161604660853,123724800
2015-12-30,24.19732093811035,24.50846738359693,24.165755431475095,24.481412218018765,100855200
2015-12-31,23.73286247253418,24.131941762427935,23.63365558276081,24.1274331402526,163649200
2016-01-04,23.753150939941406,23.75766128175527,22.997830384109424,23.13536656617872,270597600
2016-01-05,23.15791893005371,23.865891395773357,23.09027926758266,23.84334484161634,223164000
2016-01-06,22.704715728759766,23.08125006903562,22.517577864049613,22.673150222895835,273829600
2016-01-07,21.746477127075195,22.57620283984095,21.74196850545963,22.249273586684012,324377600
2016-01-08,21.861473083496094,22.34623175646729,21.816379973532584,22.219969672415957,283192000
2016-01-11,22.215456008911133,22.33495428062653,21.947147400212437,22.31466290023333,198957600
2016-01-12,22.537874221801758,22.70246729894013,22.285348398855252,22.670901786095747,196616800
2016-01-13,21.95842742919922,22.815210381922274,21.938136043360323,22.619051717852543,249758400
2016-01-14,22.43866729736328,22.655118985288468,21.586395011851792,22.086936314819855,252680400
2016-01-15,21.89979362487793,22.030565999647063,21.50071442899628,21.69010747919335,319335600
2016-01-19,21.793825149536133,22.24250778814382,21.53228039444584,22.18839573268043,212350800
2016-01-20,21.823139190673828,22.138796054786017,21.063308233798463,21.442096126694782,289337600
2016-01-21,21.71265983581543,22.06889945737359,21.406021936612106,21.884014993459072,208646000
2016-01-22,22.867053985595703,22.876072947450872,22.179374916002143,22.237995587774115,263202000
2016-01-25,22.420631408691406,22.891860656347266,22.36877279684545,22.889605485347495,207178000
2016-01-26,22.54463768005371,22.745304888812232,22.111737750160597,22.53111009480437,300308000
2016-01-27,21.063308715820312,21.787063832700888,21.045270787128768,21.654037979031745,533478800
2016-01-28,21.214374542236328,21.311326268055467,20.83107798166302,21.146734883413128,222715200
2016-01-29,21.947145462036133,21.947145462036133,21.27299382328388,21.37220070584501,257666000
2016-02-01,21.741975784301758,21.805106829203144,21.509742989046536,21.750994750743665,163774000
2016-02-02,21.302310943603516,21.654042017732312,21.257216113464004,21.514250624587643,149428800
2016-02-03,21.723928451538086,21.83440773231145,21.21211479881186,21.41954577664506,183857200
2016-02-04,21.898488998413086,22.06397523788645,21.578853562616636,21.730737079835702,185886800
2016-02-05,21.313610076904297,21.971018117234923,21.238802929563874,21.880340847960863,185672400
2016-02-08,21.53803825378418,21.694454781748387,21.091454097405915,21.111855576456612,216085600
2016-02-09,21.533506393432617,21.748865169160446,21.293213049729875,21.374822436180885,177324800
2016-02-10,21.370290756225586,21.841811340568256,21.33175346517059,21.74433354408901,169374400
2016-02-11,21.24107551574707,21.472302714075532,20.989446833197306,21.26147872949399,200298800
2016-02-12,21.30681610107422,21.42242969799724,21.084658539407094,21.352155614340887,161405600
2016-02-16,21.907556533813477,21.95516173708531,21.44737117265978,21.540314170611637,196231600
2016-02-17,22.24305534362793,22.263456826183887,21.796471110520166,21.914350378625155,179452800
2016-02-18,21.8214111328125,22.417611528318208,21.782872109976353,22.406276216391266,156084000
2016-02-19,21.77153968811035,21.934758503214418,21.717133992917617,21.762471783990584,141496800
2016-02-22,21.96196174621582,21.966496563298843,21.744337223431817,21.83274713176513,137123200
2016-02-23,21.46550178527832,21.87581443522661,21.43376499078097,21.853145543375017,127770400
2016-02-24,21.785133361816406,21.848606939807887,21.154928938150594,21.304546711580755,145022800
2016-02-25,21.93475341796875,21.93475341796875,21.59244746729102,21.773802048590266,110330800
2016-02-26,21.96875762939453,22.22038456002593,21.893948734855904,22.034496892385544,115964400
2016-02-29,21.91888427734375,22.26799071029583,21.909816375634232,21.957421562465143,140865200
2016-03-01,22.789384841918945,22.843790529227164,22.08437139689242,22.136511405643443,201628400
2016-03-02,22.83925437927246,22.870991170072692,22.587625731123904,22.7848486992614,132678400
2016-03-03,23.009279251098633,23.056884448902636,22.771251532552807,22.80072265228324,147822800
2016-03-04,23.351579666137695,23.519331522367473,22.979804347182302,23.206496699205122,184220400
2016-03-07,23.093156814575195,23.31078132426256,22.886865887861397,23.21103610875032,143315600
2016-03-08,22.902729034423828,23.06821521951815,22.75991346912839,22.846055943977557,126247600
2016-03-09,22.92313575744629,23.027414052296553,22.73044583679451,22.966206136705175,108806800
2016-03-10,22.934471130371094,23.17703194439298,22.703245628869972,22.98887855503972,134054400
2016-03-11,23.181562423706055,23.186095510150654,23.009275736877065,23.177027607735916,109632800
2016-03-14,23.240503311157227,23.328914935369426,23.0727514250246,23.10222254293723,100304400
2016-03-15,23.707490921020508,23.843506011179247,23.542004712818144,23.56694101445858,160270800
2016-03-16,24.022592544555664,24.09966712601931,23.70975594337211,23.71429075964977,153214000
2016-03-17,23.984054565429688,24.13593804538442,23.793632066323628,23.92057924604393,137682800
2016-03-18,24.011259078979492,24.1427410887273,23.845774592163977,24.106469473820678,176820800
2016-03-21,24.008989334106445,24.40343356702225,23.834435243600403,24.01352242043917,142010800
2016-03-22,24.19261360168457,24.32182820262374,23.85030758780069,23.859375491492568,129777600
2016-03-23,24.058862686157227,24.271954085834214,24.006724405082437,24.138206406139542,102814000
2016-03-24,23.954587936401367,24.086069956899372,23.777768123088983,23.909250143586988,104532000
2016-03-28,23.845775604248047,24.07246801845852,23.81630448350413,24.029395906310253,77645600
2016-03-29,24.410236358642578,24.435172659633167,23.775496981742304,23.77776438988481,124760400
2016-03-30,24.836414337158203,25.03136990456297,24.618789879723323,24.630125189501104,182404400
2016-03-31,24.70720100402832,24.91349189158519,24.682264704883522,24.87268719566875,103553600
2016-04-01,24.93389320373535,24.936160611694472,24.52811365532926,24.659595644549775,103496000
2016-04-04,25.1900577545166,25.43261853064803,24.997367848918945,25.031372051643565,149424800
2016-04-05,24.893089294433594,25.101647595122472,24.804679406015985,24.825082619241513,106314800
2016-04-06,25.15378761291504,25.158322429290177,24.75480851866221,24.988303135262203,105616400
2016-04-07,24.605182647705078,25.031363552508402,24.509972296024284,24.924817893926317,127207600
2016-04-08,24.632404327392578,24.884031374935518,24.52132377315485,24.689077444218505,94326800
2016-04-11,24.714006423950195,25.074448264636043,24.67093604100065,24.702672840869106,117630000
2016-04-12,25.035907745361328,25.04950873511771,24.632395573682633,24.786544736323343,108929200
2016-04-13,25.398611068725586,25.46661773592249,25.1175130393559,25.1175130393559,133029200
2016-04-14,25.412214279174805,25.477955273883552,25.237661915622667,25.303402910331414,101895600
2016-04-15,24.902156829833984,25.457554181436986,24.874954851968493,25.41448207711589,187756000
2016-04-18,24.364898681640625,24.698135039997922,24.242484584284085,24.684534050133532,243286000
2016-04-19,24.235679626464844,24.4827734543037,24.081528761460433,24.455569750058682,129539600
2016-04-20,24.285554885864258,24.503179370640357,24.04299410006453,24.17447610009353,122444000
2016-04-21,24.022592544555664,24.24021702869059,23.920579932616203,24.24021702869059,126210000
2016-04-22,23.956850051879883,24.13820464212083,23.716556689907346,23.80496657703028,134732400
2016-04-25,23.82083511352539,23.950049697733316,23.69162052931747,23.80269930848993,112126400
2016-04-26,23.655353546142578,23.870712381629517,23.555610057989227,23.555610057989227,224064800
2016-04-27,22.175048828125,22.376804910562402,21.689927267036683,21.76246876039029,458408400
2016-04-28,21.497238159179688,22.188648859516505,21.36575616767708,22.127442679762147,328970800
2016-04-29,21.250144958496094,21.472304270094504,20.971314276778763,21.306818058140756,274126000
2016-05-02,21.22747039794922,21.327215580145463,20.94637238301696,21.302279284596402,192640400
2016-05-03,21.576581954956055,21.70352914111735,21.236543366716273,21.35442264964809,227325200
2016-05-04,21.352155685424805,21.739799445136008,21.268278882746422,21.58111374246276,164102000
2016-05-05,21.26548957824707,21.45479026135099,21.137769474011133,21.438825248321496,143562000
2016-05-06,21.14689826965332,21.313390344548843,20.948474420062375,21.295145853366808,174799600
2016-05-09,21.162857055664062,21.38636723232578,21.117241490999312,21.210752093520146,131745600
2016-05-10,21.306543350219727,21.340754590600596,21.00776878034248,21.28601765002479,134747200
2016-05-11,21.099002838134766,21.340759307497407,21.087598508801815,21.320233602765718,114876400
2016-05-12,20.604080200195312,21.160577964522993,20.405658129186314,21.146894163779212,305258800
2016-05-13,20.645124435424805,20.90740819021013,20.52652748668164,20.52652748668164,177571200
2016-05-16,21.411457061767578,21.527774585849215,20.902856090687028,21.07162934323763,245039200
2016-05-17,21.32250213623047,21.59846971193948,21.213028287052005,21.56426022160587,187667600
2016-05-18,21.56654930114746,21.714796872167142,21.413741042736877,21.475321632879567,168249600
2016-05-19,21.484437942504883,21.58479044200801,21.340752832807443,21.58479044200801,121768400
2016-05-20,21.717069625854492,21.764964655054165,21.557417788466694,21.58478712231889,128104000
2016-05-23,21.9930419921875,22.1663776641088,21.8197063202662,21.865321886590717,152074400
2016-05-24,22.328310012817383,22.371642627703025,22.08655185057322,22.173220560456528,140560800
2016-05-25,22.720600128173828,22.747967735077896,22.3762099074944,22.50393004653042,152675200
2016-05-26,22.900772094726562,22.97375526188401,22.497082591968223,22.73427832024391,225324800
2016-05-27,22.887083053588867,22.91445238960724,22.63620356361535,22.679537910630522,145364800
2016-05-31,22.775325775146484,22.898485165241038,22.538130106081663,22.7160264228664,169228800
2016-06-01,22.456024169921875,22.70234295366386,22.426375363381943,22.583744247393028,116693200
2016-06-02,22.287260055541992,22.31462766042068,22.038659957537593,22.259890710607042,160766400
2016-06-03,22.332870483398438,22.412695552210707,22.225676073826534,22.303221669284163,114019600
2016-06-06,22.494800567626953,23.23831775252681,22.24848347488571,22.3488342385744,93170000
2016-06-07,22.586027145385742,22.77760901594213,22.570062134510685,22.63620339100898,89638000
2016-06-08,22.565502166748047,22.706906056125884,22.506202807300966,22.58374665114614,83392400
2016-06-09,22.727436065673828,22.8049799182945,22.456029101389614,22.465152214648974,106405600
2016-06-10,22.54041862487793,22.659015627823294,22.460593551736235,22.471996139295854,126851600
2016-06-13,22.20058250427246,22.606553129102913,22.145845576227288,22.508481857158543,152082000
2016-06-14,22.227951049804688,22.46058603084139,22.0660197442094,22.19602103123973,127727600
2016-06-15,22.154972076416016,22.444625250907382,22.129883951379572,22.310061512979562,117780800
2016-06-16,22.24848175048828,22.294095572260883,21.910933553181433,21.997600510571683,125307200
2016-06-17,21.74216651916504,22.043222352783687,21.735324617955385,22.03638045157403,244032800
2016-06-20,21.689701080322266,22.024968036960924,21.673736070008786,21.894966741535285,137647600
2016-06-21,21.87444496154785,21.974795727174183,21.59391488432513,21.65321425041519,142185600
2016-06-22,21.792333602905273,22.097949995258144,21.746718047292926,21.95198369740968,116876400
2016-06-23,21.917774200439453,21.961108546687086,21.72391285889613,21.88128349311697,128960800
2016-06-24,21.30198097229004,21.589352932595514,21.130926524022275,21.1902258866374,301245600
2016-06-27,20.991804122924805,21.222157956003795,20.868644699498095,21.210753628998063,181958400
2016-06-28,21.345314025878906,21.3612807785024,21.01460944838268,21.187945113442538,161779600
2016-06-29,21.530048370361328,21.564259599763854,21.354431538120874,21.431977107436964,146124000
2016-06-30,21.803743362426758,21.842515292415538,21.507249983619733,21.539180013028858,143345600
2016-07-01,21.869882583618164,22.00216511593841,21.742162477960512,21.778653190981583,104106000
2016-07-05,21.664609909057617,21.758120484914496,21.543731742261457,21.755839272317765,110820800
2016-07-06,21.78778076171875,21.81743132092388,21.523217383008316,21.575673119968283,123796400
2016-07-07,21.881288528442383,22.009008643545535,21.808305356946857,21.82654984477869,100558400
2016-07-08,22.050060272216797,22.097955312091806,21.906375152591764,22.00672591897257,115648400
2016-07-11,22.11848258972168,22.271290821542625,22.061464436947663,22.066025123544975,95179600
2016-07-12,22.218830108642578,22.28269015200899,22.150409379345284,22.16181196420033,96670000
2016-07-13,22.093393325805664,22.275850361255056,22.08654968617815,22.21655273826332,103568800
2016-07-14,22.531288146972656,22.57690196241551,22.196021209295587,22.211986218706137,155676000
2016-07-15,22.529010772705078,22.647609497152324,22.465150724182323,22.560940796966456,120548000
2016-07-18,22.76848793029785,22.83690866582766,22.487957868463706,22.510764780306978,145975600
2016-07-19,22.77760887145996,22.80725768002395,22.656728944109073,22.70690518941403,95119600
2016-07-20,22.798141479492188,22.91217780246287,22.747965218976095,22.807264594136587,105104000
2016-07-21,22.677255630493164,23.03532949461918,22.608833163694822,22.76848500620575,130808000
2016-07-22,22.501646041870117,22.64761238282225,22.421819230989637,22.638489269005735,113254800
2016-07-25,22.20058250427246,22.542691349652046,22.104792445179516,22.408129372362747,161531600
2016-07-26,22.04776954650879,22.34426451121152,21.990751417916357,22.081980771675287,224959200
2016-07-27,23.480072021484375,23.79937398974331,23.434458200328418,23.781127765258628,369379200
2016-07-28,23.797096252441406,23.822184379758244,23.450426636877086,23.4527078502848,159479200
2016-07-29,23.76744270324707,23.844988283156116,23.64656451756051,23.762882017396254,110934800
2016-08-01,24.187101364135742,24.209908277480622,23.813062417100653,23.813062417100653,152671600
2016-08-02,23.829021453857422,24.191655983239222,23.71954586118139,24.187095297736498,135266400
2016-08-03,24.127803802490234,24.139206389987773,23.895168744822634,23.90429185885431,120810400
2016-08-04,24.27684783935547,24.3066572608997,24.14155515807838,24.21034828408122,109634800
2016-08-05,24.64603614807129,24.68501810644561,24.347934908719594,24.368571798629993,162213600
2016-08-08,24.85012435913086,24.85012435913086,24.57266171299719,24.655211035858386,112148800
2016-08-09,24.951005935668945,24.980817098939802,24.767560563187015,24.818008609201005,105260800
2016-08-10,24.765275955200195,24.971653604723272,24.710242498488057,24.928084503856724,96034000
2016-08-11,24.749217987060547,24.978526037807153,24.730872923125236,24.884508897249884,109938000
2016-08-12,24.806549072265625,24.866169665102568,24.714825487012305,24.714825487012305,74641600
2016-08-15,25.10464859008789,25.118406514627303,24.783616938141463,24.797374862680876,103472800
2016-08-16,25.081724166870117,25.276637488902303,25.0427422022566,25.13905120288375,135177600
2016-08-17,25.04503059387207,25.079427158262995,24.843238349169017,25.017512992462944,101424000
2016-08-18,25.01293182373047,25.132171284339698,24.999172145961616,25.047328393929245,87938800
2016-08-19,25.077131271362305,25.15280335613701,24.84782319591055,24.941838597115247,101472400
2016-08-22,24.882226943969727,25.0175179078117,24.730882730706888,24.962484443662618,103280800
2016-08-23,24.96018409729004,25.067959174544544,24.886805581848094,24.900563506780394,85030800
2016-08-24,24.772153854370117,24.937255966895645,24.691896368970756,24.895980438764262,94700400
2016-08-25,24.666671752929688,24.73775670267158,24.462587687976196,24.625396225777187,100344800
2016-08-26,24.522212982177734,24.75381294329641,24.377747734717087,24.629988087590515,111065200
2016-08-29,24.49468994140625,24.636861586077046,24.37315693442919,24.44882902350309,99881200
2016-08-30,24.306657791137695,24.421311837322307,24.192003744953084,24.260796872456613,99455600
2016-08-31,24.32958221435547,24.437357270947324,24.22410072797321,24.2286878683924,118649600
2016-09-01,24.47405242919922,24.49010392500426,24.21952031751797,24.338759750715155,106806000
2016-09-02,24.703357696533203,24.765270102016324,24.49468652536688,24.696476985273627,107210000
2016-09-06,24.696483612060547,24.83406988246435,24.652916259282637,24.74234628535585,107521600
2016-09-07,24.847822189331055,24.939545765692408,24.552014574043575,24.72628919418198,169457200
2016-09-08,24.196592330932617,24.59788154554817,24.13238633651127,24.593296152867563,212008000
2016-09-09,23.648548126220703,24.242457125529008,23.648548126220703,23.994803911543716,186228000
2016-09-12,24.17824935913086,24.2424553544774,23.510961872888974,23.538479477815557,181171200
2016-09-13,24.753816604614258,24.946436379891274,24.59100801153105,24.652922198023937,248704800
2016-09-14,25.629762649536133,25.918691312499448,24.902856475162793,24.932667644437544,443554800
2016-09-15,26.50113868713379,26.537828825155824,26.024177389739744,26.10902202180415,359934400
2016-09-16,26.352088928222656,26.62955154556638,26.150298410922346,26.397951602255997,319547600
2016-09-19,26.044815063476562,26.64101578835884,25.969142968725123,26.414001253586534,188092000
2016-09-20,26.042524337768555,26.168644509466525,25.799458279022133,25.923284879557723,138057200
2016-09-21,26.037935256958008,26.138829630543682,25.783403127933372,26.106726636746156,144012800
2016-09-22,26.283300399780273,26.356678936731615,26.141128719038534,26.221386220472453,124296000
2016-09-23,25.84531021118164,26.32227137700637,25.579313781825043,26.237426768346275,209924800
2016-09-26,25.884302139282227,26.00124978020245,25.57932364356187,25.5999605363513,119477600
2016-09-27,25.932449340820312,25.953087977283978,25.760468284710765,25.91181245383842,98429600
2016-09-28,26.129657745361328,26.28788089692138,26.01041830107917,26.070038897961247,118564400
2016-09-29,25.723783493041992,26.09526325590385,25.636647042263935,25.948506207497637,143548000
2016-09-30,25.923280715942383,25.99665923601324,25.63664559855904,25.787988030806847,145516400
2016-10-03,25.801746368408203,25.92328112968327,25.746712914847194,25.845315466780058,86807200
2016-10-04,25.91181755065918,26.212210627916615,25.826972916476205,25.925575478019944,118947200
2016-10-05,25.923280715942383,26.06315879318401,25.840729662177427,26.003538198913336,85812400
2016-10-06,26.11589813232422,26.219086072644973,25.941623494722037,26.072329035553203,115117200
2016-10-07,26.154882431030273,26.269536485873623,26.02876402039181,26.212209458451948,97433600
2016-10-10,26.6112060546875,26.771721027005228,26.306225857801827,26.375017239017144,144944000
2016-10-11,26.668529510498047,27.21657566338203,26.645597303680738,26.989559412159313,256164000
2016-10-12,26.90700912475586,27.053767904700837,26.7717181980246,26.909302695398605,150347200
2016-10-13,26.8244686126709,26.92995015352574,26.535539848905316,26.780899503596064,140769600
2016-10-14,26.973512649536133,27.097339240251408,26.858858593260734,27.03083967767383,142608800
2016-10-17,26.955167770385742,27.021665579633385,26.778599554228744,26.9047197086266,94499600
2016-10-18,26.936819076538086,27.106506557309743,26.932231935460038,27.099627595174393,98214000
2016-10-19,26.8565673828125,27.00332443822551,26.09526450180172,26.886376808308796,80138400
2016-10-20,26.842803955078125,26.916182472530696,26.67541003220906,26.79694303772596,96503200
2016-10-21,26.73732566833496,26.808412373125577,26.663947142037795,26.785480162203534,92770800
2016-10-24,26.978099822998047,26.998736713400326,26.82904919976958,26.851979661155024,94154800
2016-10-25,27.115686416625977,27.1409104509256,26.900136214240906,27.04689327772115,192516000
2016-10-26,26.505722045898438,26.530946076482664,25.982899865574336,26.21220796217136,264536800
2016-10-27,26.25119400024414,26.567638571846132,26.164055796127844,26.459863476954137,138248000
2016-10-28,26.076915740966797,26.41858429821849,26.015001578224215,26.111312303659133,151446800
2016-10-31,26.035648345947266,26.193871534052256,25.957682662865675,26.06087238316639,105677600
2016-11-01,25.565563201904297,26.08838546407353,25.345427604647895,26.017300502834686,175303200
2016-11-02,25.58848762512207,25.76276225453521,25.505938326433526,25.544920279880134,113326800
2016-11-03,25.314210891723633,25.689901445652822,25.24967526365864,25.57926944281683,107730400
2016-11-04,25.086027145385742,25.411012365276413,24.91777380788829,25.01457724248659,123348000
2016-11-07,25.447895050048828,25.4709432394356,25.22893285471415,25.371834442454755,130240000
2016-11-08,25.597707748413086,25.74982895521074,25.284247466342794,25.424843699850676,97016800
2016-11-09,25.55621910095215,25.65763323403363,24.903946791576512,25.325733713740757,236705600
2016-11-10,24.844026565551758,25.604627486259076,24.39227530004007,25.604627486259076,228538000
2016-11-11,24.99153709411621,25.092951253527417,24.558225086706866,24.689601721187557,136575600
2016-11-14,24.3646183013916,24.848637426342865,23.988927626376935,24.82558923152891,204702000
2016-11-15,24.687292098999023,24.8186687107279,24.4683316656056,24.562829768129966,129058000
2016-11-16,25.351089477539062,25.406407241431,24.569744086822503,24.592792275878757,235362000
2016-11-17,25.34187126159668,25.434065781420426,25.083728716247236,25.309603443428,110528000
2016-11-18,25.367225646972656,25.477859426154385,25.275032882529526,25.288861445503144,113715600
2016-11-21,25.75213623046875,25.812061172364825,25.35570103471727,25.381054571082597,117058400
2016-11-22,25.768268585205078,25.91116840868547,25.676074072933307,25.80283998865094,103862000
2016-11-23,25.63689422607422,25.70142986278753,25.429456994878407,25.666856697844196,109705600
2016-11-25,25.765968322753906,25.78440758053936,25.57235963293547,25.613847083720533,45903600
2016-11-28,25.715255737304688,25.92269294681661,25.6737682954023,25.682987922321058,108776000
2016-11-29,25.68990707397461,25.821283705165236,25.36953245127354,25.533176903566115,114115200
2016-11-30,25.473247528076172,25.86046309920215,25.41562617379233,25.722172200613766,144649200
2016-12-01,25.235849380493164,25.570054310954436,25.12982629311161,25.438677685452912,148347600
2016-12-02,25.330347061157227,25.374138093561744,25.088336675834014,25.16209193713356,106112000
2016-12-05,25.148269653320312,25.360315862684942,24.950052009381544,25.353401579972008,137298000
2016-12-06,25.34187126159668,25.436371127993674,25.166703608242187,25.238153525835095,104782000
2016-12-07,25.590789794921875,25.62766829738496,25.159783287783206,25.182831472590742,119994800
2016-12-08,25.8420352935791,25.91348523697778,25.49169634340882,25.551623066707787,108273200
2016-12-09,26.263813018798828,26.436677084543792,25.885817069046983,25.885817069046983,137610400
2016-12-12,26.114002227783203,26.505826789988568,25.92730781724573,26.111696880909687,105497600
2016-12-13,26.549619674682617,26.717873069244042,26.217720062392935,26.23846290892882,174935200
2016-12-14,26.549619674682617,26.78240871419716,26.50121794096778,26.515046505325035,136127200
2016-12-15,26.694822311401367,26.904564895814616,26.558836752379893,26.59340815995195,186098000
2016-12-16,26.729398727416992,26.851555738262494,26.65564345152172,26.84464145590739,177404400
2016-12-19,26.88382339477539,27.054382139512974,26.67869148001228,26.690216456175612,111117600
2016-12-20,26.95526885986328,27.08203654281105,26.893038570893403,26.906867133228,85700000
2016-12-21,26.980621337890625,27.05898729112849,26.91608570490892,26.92069639781568,95132800
2016-12-22,26.803150177001953,26.853857251653306,26.653334299658653,26.816978739738055,104343600
2016-12-23,26.856163024902344,26.856163024902344,26.641811492731268,26.641811492731268,56998000
2016-12-27,27.026721954345703,27.151184297285916,26.849247188898552,26.85616147042896,73187600
2016-12-28,26.911479949951172,27.201890332679678,26.78240691027418,27.086647614892843,83623600
2016-12-29,26.904565811157227,26.992149644093313,26.82850519498244,26.84002841174374,60158000
2016-12-30,26.694822311401367,27.012891570314178,26.60493313478548,26.886125639466673,122345200
2017-01-03,26.770883560180664,26.812371008715775,26.45050894700677,26.690214009824704,115127600
2017-01-04,26.74091339111328,26.853852495000535,26.678683111359508,26.70173129799187,84472400
2017-01-05,26.87690544128418,26.934526797301263,26.69251639864383,26.717869935968483,88774400
2017-01-06,27.176536560058594,27.2341579147274,26.844636994457726,26.916086911538507,127007600
2017-01-09,27.425460815429688,27.52687496730904,27.183452169077967,27.185755757283022,134247600
2017-01-10,27.453115463256836,27.515345746010688,27.266422856531268,27.374749514772123,97848400
2017-01-11,27.600629806518555,27.642117253601786,27.33557121451258,27.367839033525733,110354400
2017-01-12,27.485387802124023,27.496912777124887,27.245682741513264,27.404718252510857,108344800
2017-01-13,27.43698501586914,27.57066698348872,27.38397259475647,27.453118925170525,104447600
2017-01-17,27.658248901367188,27.713564906799974,27.247985157351167,27.275642280835505,137759200
2017-01-18,27.65595054626465,27.773498626181215,27.591414897201293,27.6582558932925,94852000
2017-01-19,27.607545852661133,27.6789957766911,27.51304773621483,27.519962018093295,102389200
2017-01-20,27.658248901367188,27.761966631361673,27.59601861506332,27.761966631361673,130391600
2017-01-23,27.67669105529785,27.84494443566681,27.605239375728736,27.658251798733932,88200800
2017-01-24,27.651336669921875,27.681299142071996,27.54300823900832,27.554533213623724,92844000
2017-01-25,28.091562271118164,28.142269344718223,27.72278595193256,27.75505376995729,129510400
2017-01-26,28.10539436340332,28.220637080316127,28.027028401501173,28.043162311530395,105350400
2017-01-27,28.10770034790039,28.199894880983315,28.027030790877003,28.151493146769283,82251600
2017-01-30,28.033939361572266,28.033939361572266,27.81036999436097,27.872600280396256,121510000
2017-01-31,27.969402313232422,27.97862194004206,27.8011489597325,27.923305937648227,196804000
2017-02-01,29.674999237060547,30.076045153038212,29.273955079547164,29.278564014442228,447940000
2017-02-02,29.624292373657227,29.82250998639,29.45142829919011,29.497526440793255,134841600
2017-02-03,29.751052856445312,29.776406388567928,29.539006731841525,29.573578131587023,98029200
2017-02-06,30.02994728088379,30.07835077210367,29.709572650884894,29.76258683577543,107383600
2017-02-07,30.31574249267578,30.44481374592913,30.066817854146663,30.087560694792117,152735200
2017-02-08,30.433298110961914,30.474787321910643,30.244301865545825,30.274266100290518,92016400
2017-02-09,30.653213500976562,30.660157761656755,30.352282586851246,30.474969235104457,113399600
2017-02-10,30.583759307861328,30.773578468937934,30.5675572146001,30.662466795138403,80262000
2017-02-13,30.854595184326172,30.977285329204832,30.729594996126632,30.80598537365048,92141600
2017-02-14,31.255064010620117,31.271266102280745,30.845335117979864,30.896262032643673,132904800
2017-02-15,31.368501663208008,31.544432358828097,31.16248034768775,31.370818771630887,142492400
2017-02-16,31.331457138061523,31.45877090374158,31.21339767451446,31.405530409065754,90338400
2017-02-17,31.417112350463867,31.442575815708132,31.27359292754739,31.27359292754739,88792800
2017-02-21,31.64395523071289,31.655530171214334,31.47728597758471,31.535157147915996,98028800
2017-02-22,31.738876342773438,31.741189918844917,31.50739157724586,31.581464865482534,83347600
2017-02-23,31.60460662841797,31.82451639268836,31.551366135045967,31.801370041393547,83152800
2017-02-24,31.63470458984375,31.63470458984375,31.315254526691003,31.461091039378427,87106400
2017-02-27,31.69719696044922,31.815256413143743,31.54673332456239,31.7458102995898,81029600
2017-02-28,31.711084365844727,31.815251754835693,31.64395183744073,31.731917137207812,93931600
2017-03-01,32.3592529296875,32.44258758427442,31.852304274142256,31.919433300142533,145658400
2017-03-02,32.16712951660156,32.47268761733621,32.12082973063708,32.40787215559923,104844000
2017-03-03,32.35693359375,32.368508536083255,32.081466214230424,32.125448875790894,84432400
2017-03-06,32.25507736206055,32.35461762013714,32.083780944059676,32.26202162051052,87000000
2017-03-07,32.296749114990234,32.40323010814363,32.1277627262672,32.19026458966033,69785200
2017-03-08,32.176368713378906,32.36155715341623,32.134703168762755,32.16479377359363,74828800
2017-03-09,32.10228729248047,32.1277507434637,31.724969741588353,32.116179337523754,88623600
2017-03-10,32.20878601074219,32.2597129352126,32.09304364279613,32.23424947297739,78451200
2017-03-13,32.222679138183594,32.27591964604366,32.134717327844626,32.141661588340405,69686800
2017-03-14,32.17406463623047,32.326841877099305,32.1393398066237,32.24582433903701,61236400
2017-03-15,32.514339447021484,32.58146844952742,32.18331452053639,32.271279828529444,102767200
2017-03-16,32.56760025024414,32.643990665548266,32.4680599398134,32.574544512346506,76928000
2017-03-17,32.405548095703125,32.63934639760594,32.38239821021006,32.63934639760594,175540000
2017-03-20,32.745826721191406,32.75508455489394,32.461098001328324,32.50044997587236,86168000
2017-03-21,32.37083053588867,33.05602703352134,32.34536706899948,32.896301971414346,158119600
2017-03-22,32.736576080322266,32.778245176075494,32.35231051051694,32.37314682448221,103440800
2017-03-23,32.620819091796875,32.77359982087255,32.549059409642595,32.69952303143862,81385200
2017-03-24,32.5560188293457,32.810653496395375,32.48888979831117,32.75509587844525,89582400
2017-03-27,32.61155700683594,32.69026093621512,32.088399463159014,32.266643623838554,94300400
2017-03-28,33.287506103515625,33.34306018016378,32.55138279833644,32.61851535052202,133499200
2017-03-29,33.36157989501953,33.44723165146104,33.14630078035101,33.259726043365966,116760000
2017-03-30,33.31757736206055,33.44952528179941,33.21804067777312,33.37776561969922,84829200
2017-03-31,33.255096435546875,33.396302259059844,33.1046292450166,33.26898495389625,78646800
2017-04-03,33.264347076416016,33.361570216012105,33.11388345060261,33.26666418375753,79942800
2017-04-04,33.51205062866211,33.53982767033997,33.141673589463636,33.16019279464128,79565600
2017-04-05,33.33842849731445,33.6717670406043,33.28981515467788,33.38472473228775,110871600
2017-04-06,33.255096435546875,33.45417344029997,33.206483089147476,33.40092941039191,84596000
2017-04-07,33.1810188293457,33.37546514590922,33.16481673572033,33.27129772861994,66688800
2017-04-10,33.14166259765625,33.30601828148667,33.079160742433295,33.241202850950295,75733600
2017-04-11,32.785186767578125,33.18334082616107,32.421754009148394,33.088431229506256,121517600
2017-04-12,32.824527740478516,32.90554525771684,32.64165286854683,32.77823151174578,81400000
2017-04-13,32.65092086791992,32.95879597320454,32.65092086791992,32.84999787087928,71291600
2017-04-17,32.831478118896484,32.84305306128152,32.6092512345038,32.7504570543777,66328400
2017-04-18,32.685638427734375,32.88008472500291,32.664805652779066,32.734251768139586,58790000
2017-04-19,32.565242767333984,32.87080404971841,32.5120023131635,32.84302703574662,69313600
2017-04-20,32.97268295288086,33.08379462566669,32.67638280400104,32.69027132157722,93278400
2017-04-21,32.93333435058594,33.028240407807615,32.83611118541318,32.9726863318099,69283600
2017-04-24,33.25046157836914,33.32222126895121,33.14397706409578,33.218053862229624,68537200
2017-04-25,33.45650100708008,33.54214926083604,33.30372017699263,33.312981547882934,75486000
2017-04-26,33.25971603393555,33.4726850408515,33.19027345795837,33.4425909031442,80164800
2017-04-27,33.28520202636719,33.37085381502625,33.17409029739493,33.315296184451036,56985200
2017-04-28,33.252784729003906,33.403251943974794,33.16482292111123,33.354638589679055,83441600
2017-05-01,33.931034088134766,34.07455349864762,33.55602993438086,33.58843765714753,134411600
2017-05-02,34.146305084228516,34.280566627243395,33.99121076699823,34.15324934230031,181408800
2017-05-03,34.042137145996094,34.14167739708767,33.39629643023585,33.70185437712131,182788000
2017-05-04,33.919456481933594,34.06066230551336,33.75278719730906,33.91714290626646,93487600
2017-05-05,34.481971740722656,34.486598892800345,33.972702438004276,33.972702438004276,109310800
2017-05-08,35.419471740722656,35.579196744655825,34.49816364804464,34.49816364804464,195009600
2017-05-09,35.64632797241211,35.85234920110843,35.521324264291295,35.61854740828749,156521600
2017-05-10,35.477352142333984,35.63476361185649,35.211146087985654,35.5630039032327,103222800
2017-05-11,35.784156799316406,35.81205202631621,35.402955133364486,35.4354966092352,109020400
2017-05-12,36.28390884399414,36.35828784770253,35.951517585087146,35.9584905058487,130108000
2017-05-15,36.190940856933594,36.41175835238627,36.03985613550709,36.26299675628336,104038800
2017-05-16,36.137474060058594,36.27461291121088,35.96314392992262,36.24672122535091,80194000
2017-05-17,34.924137115478516,35.928280397547645,34.79862097859771,35.70281313875219,203070800
2017-05-18,35.4564208984375,35.642373738162306,35.128682964187924,35.161224445133115,134272800
2017-05-19,35.577301025390625,35.791145611314164,35.47735342896442,35.651683601410866,107843200
2017-05-22,35.79346466064453,35.93060351587456,35.542428840173685,35.795787785616746,91865600
2017-05-23,35.74930191040039,36.00498399119705,35.63540494053504,36.00498399119705,79675600
2017-05-24,35.64237594604492,35.83530171886918,35.486641452820535,35.7585960347278,76712000
2017-05-25,35.76557922363281,35.87715309446226,35.57033026981626,35.73303773133006,76942400
2017-05-26,35.70512771606445,35.85156612966504,35.63539496926633,35.79577922287557,87710400
2017-05-30,35.71908187866211,35.89573513785693,35.64005306902935,35.660971833916435,80507600
2017-05-31,35.507564544677734,35.83530608592491,35.4192396783089,35.78881875413772,97804800
2017-06-01,35.605194091796875,35.640062255685365,35.382053448639454,35.602870966240275,65616400
2017-06-02,36.13282012939453,36.13282012939453,35.53777392075964,35.698158189615405,111082800
2017-06-05,35.779518127441406,35.90038802400569,35.670274496933565,35.87481946024702,101326800
2017-06-06,35.90038299560547,36.21650176381911,35.74464850970871,35.77254019471844,106499600
2017-06-07,36.114227294921875,36.256015937417885,35.907355689977415,36.032875365239036,84278400
2017-06-08,36.02591323852539,36.15375253015387,35.88877080457249,36.08634642269079,85003200
2017-06-09,34.62894058227539,36.07239580899807,33.940919564947656,36.07239580899807,259530800
2017-06-12,33.80145263671875,33.95718714132232,33.12505081993979,33.875835201353475,289229200
2017-06-13,34.073402404785156,34.273301085438135,33.73868800492385,34.20589499921167,136661600
2017-06-14,33.74102020263672,34.28492941811625,33.43419743692664,34.28492941811625,126124800
2017-06-15,33.538795471191406,33.5829596774279,33.055322968065674,33.313331736349795,128661600
2017-06-16,33.06926727294922,33.58760791058845,33.0529947569857,33.42025068777792,201444400
2017-06-19,34.01530456542969,34.10828279138351,33.39236641194405,33.39236641194405,130165600
2017-06-20,33.706146240234375,34.1384850786203,33.68987727338797,34.1384850786203,99600400
2017-06-21,33.90605163574219,33.95254251423939,33.61317825369258,33.82469969188422,85063200
2017-06-22,33.85026550292969,34.09897465823026,33.73171873786307,33.882806987177126,76425200
2017-06-23,34.0013542175293,34.20590274079534,33.729399592781235,33.734049390152606,141757600
2017-06-26,33.89443588256836,34.46623685951128,33.79216161436551,34.208228063547345,102769600
2017-06-27,33.408626556396484,33.973458046192356,33.383057994360364,33.70614970731368,99047600
2017-06-28,33.896751403808594,33.96183436956342,33.276136557446506,33.58528241815972,88329600
2017-06-29,33.397003173828125,33.73404427035426,33.07158834234401,33.636419820909026,125997600
2017-06-30,33.476036071777344,33.694530410775855,33.420249151153556,33.57598364779478,92096400
2017-07-03,33.35517883300781,33.77357202946315,33.26220414346532,33.67594754141642,57111200
2017-07-05,33.4923095703125,33.65501701069458,33.17386761222499,33.39933490345308,86278400
2017-07-06,33.17619323730469,33.35517320858892,33.101814207564054,33.24360289059974,96515200
2017-07-07,33.513221740722656,33.64571433900802,33.21569860923733,33.21569860923733,76806800
2017-07-10,33.717769622802734,33.92464122689524,33.324945178156696,33.496952176350916,84362400
2017-07-11,33.82701873779297,33.90140129701359,33.55971395244957,33.64106588649704,79127200
2017-07-12,33.87583541870117,33.97810612559624,33.66199086413815,33.906050232366475,99538000
2017-07-13,34.34769058227539,34.51504781603423,33.8061044711886,33.82005031620915,100797600
2017-07-14,34.64288330078125,34.710292940009225,34.24541257418322,34.394174149377314,80528400
2017-07-17,34.76375961303711,35.07522866447601,34.533646059353856,34.59175611582035,95174000
2017-07-18,34.88462829589844,34.89625101613398,34.55688673773994,34.68007976937292,71475200
2017-07-19,35.103118896484375,35.1960935548669,34.85440618783953,34.97759920623651,83692000
2017-07-20,34.94506072998047,35.270479155850346,34.91019611677407,35.21469222796392,68974800
2017-07-21,34.92879104614258,34.96830545588833,34.60569929892158,34.86370807164886,105010400
2017-07-24,35.351829528808594,35.433185018344126,34.842784918114624,35.0008461000464,85972800
2017-07-25,35.50291061401367,35.75859265691047,35.2844163004483,35.2844163004483,75415600
2017-07-26,35.670265197753906,35.779508799782114,35.577287014345266,35.64469664066091,63124000
2017-07-27,34.996192932128906,35.79346459381474,34.23843922218672,35.737677673784596,129905200
2017-07-28,34.74981689453125,34.91949728159327,34.67776098550861,34.840468448907586,68854800
2017-07-31,34.57083511352539,34.94274090774462,34.43137310076057,34.842789762511146,79383600
2017-08-01,34.877655029296875,34.9171694403032,34.496453217920134,34.65683753402334,141474400
2017-08-02,36.525657653808594,37.132326796867105,36.29786722116688,37.02307960486664,279747200
2017-08-03,36.16073226928711,36.54193414663406,36.0328894193446,36.50474285451318,108389200
2017-08-04,36.35131072998047,36.58607397761046,36.18860335307083,36.27693173485955,82239600
2017-08-07,36.913822174072266,36.939390734188,36.41640036098421,36.507051883802646,87481200
2017-08-08,37.20903015136719,37.61580052880393,36.78831392847075,36.865019625255286,144823600
2017-08-09,37.43681716918945,37.48563117062074,36.9835594991385,37.01842410962092,104526000
2017-08-10,36.244384765625,37.33647494874768,36.08337064769913,37.31313822763123,163217200
2017-08-11,36.74843215942383,37.00278965434573,36.41940711122255,36.543083925509904,105028400
2017-08-14,37.30146026611328,37.38546744753378,37.04477066713886,37.17778352133901,88490800
2017-08-15,37.709842681884766,37.849852332322016,37.36914576718812,37.49049031278083,117862000
2017-08-16,37.55817413330078,37.92220433562523,37.3714909739668,37.78919494355365,110686400
2017-08-17,36.83710861206055,37.502166156557706,36.83244055457607,37.45782851216662,111762400
2017-08-18,36.75309371948242,37.21979967147585,36.57107868305969,36.837100933268594,109712400
2017-08-21,36.6854248046875,36.84410312737541,36.19538210568727,36.753095604496394,105474000
2017-08-22,37.28514099121094,37.33647893460074,36.87444100477661,36.923443139395175,86418400
2017-08-23,37.331809997558594,37.44615424344615,37.075123847345644,37.119461484744576,77596400
2017-08-24,37.16612243652344,37.50915153104791,36.998108040810095,37.43680913123212,79275600
2017-08-25,37.303802490234375,37.46714884205031,37.166125105181194,37.25479680434788,101920400
2017-08-28,37.67951202392578,37.80318883835701,37.320146382960566,37.369152083341085,103864000
2017-08-29,38.01553726196289,38.0645393969194,37.33647919209252,37.359815915861226,118067600
2017-08-30,38.11820602416992,38.244215051187865,37.94552355833903,38.223214140132114,109078400
2017-08-31,38.269893646240234,38.39123820845164,38.14854908402883,38.18588642019916,107140400
2017-09-01,38.28156280517578,38.48924684600232,38.18355496620326,38.45657756634481,66364400
2017-09-05,37.821842193603516,38.32821760931833,37.467144753591484,38.211541147798336,117874000
2017-09-06,37.78218078613281,38.03420242474273,37.45782029546227,37.968863877030955,86606800
2017-09-07,37.6305046081543,37.85919311859263,37.42048832623305,37.82418803114955,87714000
2017-09-08,37.016788482666016,37.60483549411663,36.99345175779137,37.537164689075034,114446000
2017-09-11,37.686492919921875,37.81483772559374,37.31079461278204,37.4531400225849,126323200
2017-09-12,37.53716278076172,38.26055848688814,37.04945587756065,37.945530520517316,286856000
2017-09-13,37.25479507446289,37.32713747611398,36.84876324175742,37.306133005604565,179629600
2017-09-14,36.93510818481445,37.19646237447088,36.89077055035121,37.10079036191123,95042800
2017-09-15,37.30847930908203,37.562833228128845,36.869774523434856,36.979450719846646,196458400
2017-09-18,37.02611541748047,37.4531517809566,36.86976935446195,37.362144264850784,113077600
2017-09-19,37.04012680053711,37.28281595453716,36.97245598607995,37.222141885694754,83242400
2017-09-20,36.419410705566406,36.93045087280349,35.89669861349356,36.84644363587544,211805600
2017-09-21,35.794010162353516,36.35639164690989,35.644664411338915,36.35639164690989,150046800
2017-09-22,35.44398498535156,35.53266025966119,35.133625085951856,35.36231001578385,186581600
2017-09-25,35.13129425048828,35.429985800433215,34.80693372856288,35.00061714247289,177549200
2017-09-26,35.735679626464844,35.917694688480516,35.39731847582978,35.41831939205828,146640000
2017-09-27,35.99003219604492,36.10437644790088,35.829018056321864,35.88969211516487,102016800
2017-09-28,35.76834487915039,36.00169786169218,35.63299972199408,35.91069034092824,88022000
2017-09-29,35.9643669128418,35.966702721919496,35.46965964147191,35.752018367161156,105199200
2017-10-02,35.89201736450195,36.04136311296529,35.63766349864281,35.99702548189776,74795200
2017-10-03,36.048370361328125,36.19071583343296,35.91536100318529,35.9386941667219,64921200
2017-10-04,35.81501770019531,35.90369298025103,35.57700020217874,35.8500227868572,80655200
2017-10-05,36.260719299316406,36.272387660414424,35.94802716171929,35.978360627753474,85135200
2017-10-06,36.23971176147461,36.28404938913225,36.067029306566766,36.16270486512448,69630400
2017-10-09,36.36573791503906,36.57342198401405,36.284066485168175,36.35873760849827,65051600
2017-10-10,36.379722595214844,36.86976520256019,36.19304308830553,36.41705992087005,62468000
2017-10-11,36.53140640258789,36.631746465717164,36.344723323460684,36.396061259237754,67622400
2017-10-12,36.403072357177734,36.72276486602361,36.34006604264477,36.484747341227305,64500400
2017-10-13,36.63407516479492,36.70174594299575,36.498730047710374,36.573401128460155,65576800
2017-10-16,37.30847930908203,37.33648053006061,36.78809954800165,36.84643779882987,96486000
2017-10-17,37.44615936279297,37.539499146415814,37.15680033646694,37.28514520946173,75989200
2017-10-18,37.28047561645508,37.50216382462566,37.24314184095446,37.43448945770484,65496800
2017-10-19,36.398399353027344,36.655089073140346,36.17438247064158,36.578082157106444,170336800
2017-10-20,36.461395263671875,36.81142465820312,36.393724480763076,36.5454024607867,95896400
2017-10-23,36.44272232055664,36.79741972900144,36.28637630331624,36.610736695047194,87937200
2017-10-24,36.659751892089844,36.734422988654664,36.44973208909128,36.47073300118605,71028800
2017-10-25,36.49874496459961,36.764767252230676,36.23272267696854,36.6154214690112,84828400
2017-10-26,36.73208999633789,36.830097811477216,36.58507649328712,36.69008461231614,68002000
2017-10-27,38.0482063293457,38.17655118799871,37.03311938262583,37.17079679432446,177816800
2017-10-30,38.90460205078125,39.21962994088949,38.20454323781472,38.24421280993417,178803200
2017-10-31,39.445987701416016,39.58833316716065,38.95594856083255,39.17996543633241,144187200
2017-11-01,38.94429016113281,39.65601767191477,38.64559854360546,39.63968124937447,134551200
2017-11-02,39.22896957397461,39.31997709366315,38.56858021390283,38.87660785634644,165573600
2017-11-03,40.25340270996094,40.66410281228549,39.931374348862015,40.60343229874321,237594400
2017-11-06,40.66175079345703,40.83443325514327,40.07136812561474,40.2230461160659,140105200
2017-11-07,40.79243087768555,40.895106751078096,40.51007578653969,40.58241463533435,97446000
2017-11-08,41.126136779785156,41.126136779785156,40.680431665114995,40.75743858759867,97638000
2017-11-09,41.0421257019043,41.09346364541121,40.40273721684441,40.86244289963009,117930400
2017-11-10,40.90629196166992,41.07256975543336,40.81261664659578,41.009336952342004,100582000
2017-11-13,40.74237060546875,40.86649204327437,40.60887948925217,40.63230011179429,67928400
2017-11-14,40.12643051147461,40.62760092491378,40.088958958034446,40.52455593969533,99130000
2017-11-15,39.59716796875,39.887567219183246,39.43323434894289,39.80559862253724,116632400
2017-11-16,40.07023620605469,40.250561399235764,39.882881968147146,40.08896841370907,94550000
2017-11-17,39.847747802734375,40.13814702658429,39.728311227840685,40.05617843744174,87598000
2017-11-20,39.80792236328125,39.94375404019337,39.709562233134555,39.88052125171214,65049600
2017-11-21,40.5479736328125,40.67912048692099,39.99528076658117,39.99528076658117,100525200
2017-11-22,40.974205017089844,40.9835711181554,40.52689775467844,40.5994966517589,102355600
2017-11-24,40.9765510559082,41.10067245893679,40.901607943559625,41.00699714198535,56106800
2017-11-27,40.770469665527344,41.00232094806405,40.594825729101515,40.99529547648582,82867200
2017-11-28,40.531578063964844,40.953120461014755,40.2482044029864,40.81963298821119,105715200
2017-11-29,39.690834045410156,40.49645458741891,39.14751080740588,40.4285405227249,166665600
2017-11-30,40.24586868286133,40.31378274336815,39.44727365976507,39.9133131291183,166108800
2017-12-01,40.05851745605469,40.20371526243537,39.461327511948554,39.80090498652369,159037200
2017-12-04,39.765777587890625,40.426196759021686,39.72596540146465,40.393410042348286,130169600
2017-12-05,39.72830581665039,40.16858764399004,39.43790663235427,39.5924741130353,109400800
2017-12-06,39.58076095581055,39.85944981268893,38.983574632195534,39.2271325695482,114240000
2017-12-07,39.653358459472656,39.915652139685264,39.5573389610079,39.58544083432115,102693200
2017-12-08,39.66508102416992,40.04681496530758,39.53627833774772,39.92737838256734,93420800
2017-12-11,40.437904357910156,40.48942684830083,39.529238880275294,39.625258391774615,141095200
2017-12-12,40.210731506347656,40.37232442075216,40.154527761151854,40.31611710207307,77636800
2017-12-13,40.34423828125,40.64165941151892,40.281005469762455,40.39810141589548,95273600
2017-12-14,40.33251953125,40.54563496624817,40.19902846532238,40.37467234776361,81906000
2017-12-15,40.74237060546875,40.78920827706771,40.38874207538853,40.66274620640199,160677200
2017-12-18,41.31611251831055,41.498781816939115,40.95077392105341,40.9554587571288,117684400
2017-12-19,40.875850677490234,41.07491521226022,40.770465042282154,40.990605989396826,109745600
2017-12-20,40.83135223388672,41.081935665957744,40.57373975840791,40.95312942821834,93902400
2017-12-21,40.98590850830078,41.222444529932275,40.772796671189994,40.78918824012919,83799600
2017-12-22,40.98590850830078,41.081928010676265,40.86647196837164,40.90862478005833,65397600
2017-12-26,39.94610595703125,40.156877194680966,39.7376717779659,39.9999690824779,132742000
2017-12-27,39.9531364440918,39.99528926752172,39.74470581233551,39.83604050325153,85992800
2017-12-28,40.0655403137207,40.24586903063577,39.92502378068592,40.046804537750475,65920800
2017-12-29,39.63228988647461,39.95079097845605,39.62994925418604,39.934399405467246,103999600
2018-01-02,40.341888427734375,40.351258103264755,39.63931284929152,39.85008766691489,102223600
2018-01-03,40.33485412597656,40.87818083627618,40.27162491067019,40.405112383133705,118071600
2018-01-04,40.52222442626953,40.62526943467592,40.299742834565635,40.40746910809244,89738400
2018-01-05,40.98356628417969,41.07021610938013,40.526892974566934,40.618227636489486,94640000
2018-01-08,40.83135223388672,41.12643269112992,40.732988507988125,40.83135223388672,82271200
2018-01-09,40.8266716003418,40.997630675227676,40.61121549570155,40.87819410074322,86336000
2018-01-10,40.817291259765625,40.81963546502523,40.51518538041785,40.55265692973523,95839600
2018-01-11,41.04914855957031,41.09833042205364,40.86413856419507,40.88755560589044,74670800
2018-01-12,41.47303771972656,41.53627052568865,41.13580085257462,41.25992225875077,101672400
2018-01-16,41.26226806640625,42.011681370568965,41.250557757664666,41.66273418158303,118263600
2018-01-17,41.94375991821289,41.97888726477312,40.99996709013325,41.25289113233468,137547200
2018-01-18,41.981239318847656,42.17796323356067,41.74470678285796,42.007000571162166,124773600
2018-01-19,41.79388427734375,42.056178038174856,41.54798208982235,41.82901162978203,129700400
2018-01-22,41.45195388793945,41.634623229363534,41.3582785853828,41.52221215159881,108434400
2018-01-23,41.46131896972656,42.02338149170278,41.4098000560253,41.52221113102708,130756400
2018-01-24,40.800899505615234,41.52221074603233,40.56202284665312,41.510500440238225,204420400
2018-01-25,40.07256317138672,40.97185891844492,39.93673148456798,40.86881394406632,166116000
2018-01-26,40.166255950927734,40.28101128114847,39.82667837284765,40.28101128114847,156572000
2018-01-29,39.33486557006836,39.850086936789836,39.126434961888506,39.850086936789836,202561600
2018-01-30,39.1030158996582,39.19669121606022,38.571399366691885,38.76577904303612,184192800
2018-01-31,39.21073532104492,39.44727134997662,38.99293864030814,39.07958847154962,129915600
2018-02-01,39.29269027709961,39.48941048319552,39.053813699136064,39.14983317121231,188923200
2018-02-02,37.58778762817383,39.06319682921009,37.49411232827588,38.87584265593056,346375200
2018-02-05,36.64867401123047,38.37935117314193,36.53391874921812,37.259914717858635,290954000
2018-02-06,38.180294036865234,38.341886972498564,36.065542082454556,36.259921731587134,272975200
2018-02-07,37.36296463012695,38.26694527664845,37.25289775278819,38.19434637791094,206434400
2018-02-08,36.33486557006836,37.70488937746302,36.30676369044482,37.538611584893964,217562000
2018-02-09,36.779300689697266,37.12731684344801,35.32844580447681,36.934498391741066,282690400
2018-02-12,38.26072692871094,38.53819835445637,37.037961033131694,37.27075759307828,243278000
2018-02-13,38.64400863647461,38.74041964665234,38.01146342597023,38.0820081550772,130196800
2018-02-14,39.356502532958984,39.396477041902536,38.3006961328428,38.338316878401834,162579600
2018-02-15,40.67802429199219,40.701536806482075,39.73978777414594,39.925552067246045,204588800
2018-02-16,40.54634475708008,41.10834882844967,40.3911506581798,40.52988635346286,160704400
2018-02-20,40.40995788574219,40.97665865050468,40.30884294882415,40.456986503540875,135722000
2018-02-21,40.22653579711914,40.94373014961663,40.21242398532644,40.64039257505093,149886400
2018-02-22,40.56282043457031,40.90378255539479,40.37705605306352,40.398218402591795,123967600
2018-02-23,41.26824188232422,41.30351244871162,40.807352815892024,40.83792303213014,135249600
2018-02-26,42.08420944213867,42.1829706355602,41.43520577620251,41.46812617400968,152648800
2018-02-27,41.947818756103516,42.43927448726959,41.89373602093621,42.11477448821193,155712400
2018-02-28,41.884334564208984,42.47220139152184,41.867876158832495,42.15240169394147,151128400
2018-03-01,41.15066146850586,42.27466210614424,40.6004191991454,41.983078984611204,195208000
2018-03-02,41.43520736694336,41.45636971176308,40.5510533552283,40.63335614693306,153816000
2018-03-05,41.57863998413086,41.79497451115357,41.03780187254719,41.20005366482767,113605600
2018-03-06,41.543365478515625,41.914897680952514,41.41638784408837,41.83494866712595,95154000
2018-03-07,41.1577262878418,41.35054830257984,40.97901608895721,41.13656394614241,126814000
2018-03-08,41.60686111450195,41.649185801737886,41.16713789729796,41.263545325353434,95096400
2018-03-09,42.32169723510742,42.32640117322609,41.71266821269217,41.84670353867306,128740800
2018-03-12,42.73085021972656,42.88839804722147,42.37578006415326,42.39458863897228,128828400
2018-03-13,42.31935501098633,43.1494226362358,42.147698911966,42.935438262301844,126774000
2018-03-14,41.9595832824707,42.44868891385226,41.811439693661825,42.40166028523092,117473600
2018-03-15,42.00895690917969,42.38284289256637,41.87257497940292,41.973686339074305,90975200
2018-03-16,41.86082077026367,42.11948001357857,41.766759927922955,42.00896076636214,157618800
2018-03-19,41.22122573852539,41.73149375231357,40.83558521442465,41.69622317525283,133787200
2018-03-20,41.20709991455078,41.573928111585595,41.13655520249337,41.20709991455078,78597600
2018-03-21,40.27357482910156,41.171833324202176,40.271221065833835,41.16007527202482,148219600
2018-03-22,39.70452880859375,40.60513767266344,39.645742123113486,39.97494612658116,165963200
2018-03-23,38.785091400146484,39.95612078420119,38.785091400146484,39.59634667471418,164115200
2018-03-26,40.626285552978516,40.703884373895896,39.13780690749702,39.52109707468055,150164800
2018-03-27,39.584590911865234,41.18593921489509,39.2506830596845,40.8402733112041,163690400
2018-03-28,39.147220611572266,39.97964191762341,38.84388295506285,39.3282845706032,166674000
2018-03-29,39.4528923034668,40.3864244988691,39.245962168047036,39.459946413715016,153594000
2018-04-02,39.19424819946289,39.72568201023475,38.67457602874525,39.18484391069471,150347200
2018-04-03,39.59634780883789,39.6810007539685,38.77098428485459,39.41998780548692,121112000
2018-04-04,40.35353469848633,40.44759196509991,38.74513175823286,38.77099804475981,138422000
2018-04-05,40.63334274291992,40.96960073764623,40.46403686410354,40.58161019172307,107732800
2018-04-06,39.593997955322266,40.55809716197049,39.55166968838654,40.203026977373334,140021200
2018-04-09,39.986698150634766,40.70154255952048,39.93966952695415,39.946723641103546,116070800
2018-04-10,40.7391471862793,40.91550713080864,40.334694759781144,40.680360538102846,113634400
2018-04-11,40.5487060546875,40.896722239264896,40.37469616837148,40.49932365855233,89726400
2018-04-12,40.94844055175781,41.15066682941306,40.68977778218014,40.77678448906721,91557200
2018-04-13,41.087181091308594,41.34819406678015,40.88025443918927,41.09893914369185,100497200
2018-04-16,41.3434944152832,41.43049754589345,41.11069789115241,41.157726513426766,86313600
2018-04-17,41.91254425048828,42.07714620383334,41.482225408708985,41.50103757309891,106421600
2018-04-18,41.8184814453125,42.04892775712022,41.59274265944586,41.8114273325075,83018000
2018-04-19,40.63334274291992,41.24237171885631,40.600422354708584,40.85908152263962,139235200
2018-04-20,38.9684944152832,40.26180070121921,38.90029989271545,40.11601095898135,261964400
2018-04-23,38.85564041137695,39.25068512896264,38.58521956459875,39.22952278796063,146062000
2018-04-24,38.314796447753906,39.11194346276698,37.91034391508117,38.95674580970701,134768000
2018-04-25,38.48175048828125,38.897961092108815,38.190170918548375,38.23954970914032,113528400
2018-04-26,38.615787506103516,38.97085769595813,38.41591139583521,38.592271403229525,111852000
2018-04-27,38.16900634765625,38.641649827377975,37.771607930930294,38.56405100150369,142623200
2018-04-30,38.86034393310547,39.3306373522608,38.05614261691634,38.124337172004125,169709600
2018-05-01,39.76331329345703,39.786825813515165,38.86270089117531,39.130768018607526,214277600
2018-05-02,41.51985168457031,41.797323049213546,40.86849436573064,41.204752401329166,266157600
2018-05-03,41.595088958740234,41.73852855249911,41.018980409006474,41.35759214430959,136272800
2018-05-04,43.22701644897461,43.32577762819836,41.89608532257385,41.91489748833844,224805200
2018-05-07,43.539756774902344,44.12997360452288,43.443345782398595,43.54445712474156,169805600
2018-05-08,43.74904251098633,43.7890170178285,43.18939223908844,43.49978759299765,113611200
2018-05-09,44.05708694458008,44.066491234068835,43.55387313766317,43.86661868696047,92844800
2018-05-10,44.68727493286133,44.76487377033595,44.12527449301821,44.14644042182307,111957200
2018-05-11,44.51730728149414,44.86430604769044,44.24820656504485,44.729757490410215,104848800
2018-05-14,44.4134521484375,44.739207039830816,44.3449982374365,44.61645824567123,83115200
2018-05-15,44.009803771972656,44.15851859124368,43.69349302796125,44.090061076831134,94780800
2018-05-16,44.42053985595703,44.48663814070112,43.90594502489507,43.92247049655361,76732400
2018-05-17,44.13962936401367,44.59285148855085,43.99091455997095,44.37804201646454,69176000
2018-05-18,43.97910690307617,44.33318699120385,43.93661902140753,44.18683504071553,73190800
2018-05-21,44.29071807861328,44.677845663358504,44.12075927536997,44.37805671848621,73603200
2018-05-22,44.179752349853516,44.585764459734094,44.090050911053055,44.46773776737088,60962800
2018-05-23,44.46302032470703,44.49606765793709,43.84928001970395,43.98855426864203,80233600
2018-05-24,44.4134521484375,44.57632959413416,43.95551151224936,44.55980772674339,92936000
2018-05-25,44.514949798583984,44.76752505903052,44.295418267574824,44.43232966932365,69844000
2018-05-29,44.35444259643555,44.555089473229884,44.11130782679905,44.2836294416986,90056400
2018-05-30,44.2600212097168,44.37804793294271,44.090062440120306,44.31195325608738,74762000
2018-05-31,44.111305236816406,44.432338059704065,43.93898723392432,44.19392538167832,109931200
2018-06-01,44.90680694580078,44.91152542115865,44.31903259368366,44.37568671498433,93770000
2018-06-04,45.28212356567383,45.657447602342195,45.16881894367543,45.23727284395453,105064800
2018-06-05,45.631492614746094,45.780207443365335,45.40724255383238,45.574842090997706,86264000
2018-06-06,45.789649963378906,45.8132567505479,45.30338040357382,45.70703341206747,83734400
2018-06-07,45.666900634765625,45.84157787725058,45.402518329510784,45.82741524698312,85388800
2018-06-08,45.251434326171875,45.3222510638369,44.7958530105306,45.12632631711552,106627200
2018-06-11,45.1405029296875,45.31518378979561,44.899730989674985,45.16883179466369,73234000
2018-06-12,45.38835906982422,45.466257143969734,45.1216175070129,45.17827163417962,67644400
2018-06-13,45.015380859375,45.52997912377757,44.954008274509455,45.42139297928895,86553600
2018-06-14,45.038997650146484,45.22075980980726,44.9020862209634,45.21603773241758,86440400
2018-06-15,44.57632827758789,44.88792053004648,44.43941685773997,44.85723243194056,246876800
2018-06-18,44.5527229309082,44.66602756180079,44.189198654039295,44.349716849535625,73939600
2018-06-19,43.832763671875,43.98383772878582,43.304002671742296,43.70293356002438,134314000
2018-06-20,44.023963928222656,44.18920060596678,43.8422017817594,43.98855735509514,82514800
2018-06-21,43.778465270996094,44.46065945482421,43.65571649412463,44.20099927334401,102847600
2018-06-22,43.650997161865234,43.941341854400115,43.59906512230429,43.934260540086285,108801600
2018-06-25,43.00184631347656,43.65099314638365,42.6619288501248,43.29219097930246,126652400
2018-06-26,43.53532791137695,44.03104150441041,43.08918711840249,43.195414032544754,98276800
2018-06-27,43.471614837646484,44.20810062898348,43.44092672904388,43.72419021787421,101141200
2018-06-28,43.78792190551758,43.95552146637585,43.386631697381475,43.45744846396793,69460800
2018-06-29,43.695838928222656,44.18683036402027,43.1765222409772,43.974380172495856,90950800
2018-07-02,44.184478759765625,44.21280762030508,43.296919170467575,43.39134270245,70925200
2018-07-03,43.414947509765625,44.36624256853828,43.32524605149568,44.32847315433098,55819200
2018-07-05,43.76430892944336,44.002725223185244,43.499930213576576,43.73126158996001,66416800
2018-07-06,44.3709716796875,44.47955426038454,43.717102549891266,43.76903460218643,69940800
2018-07-09,44.98706817626953,45.01067136078783,44.68492004007203,44.73213001099853,79026400
2018-07-10,44.93277359008789,45.1523015596252,44.892641335763145,45.01775297227096,63756400
2018-07-11,44.3497200012207,44.79822008171447,44.28598456598775,44.49607197660276,75326000
2018-07-12,45.09328842163086,45.182989881568,44.68727621608019,44.73920826110805,72164400
2018-07-13,45.16410446166992,45.284490417668366,45.06259961093862,45.1050911025137,50055600
2018-07-16,45.064964294433594,45.47569498575742,44.949296809074376,45.208957040742106,60172400
2018-07-17,45.19243621826172,45.291578243669946,44.66131590950257,44.79114603868839,62138000
2018-07-18,44.94457244873047,45.27504941787513,44.833627046461345,45.27032734066018,65573600
2018-07-19,45.2939338684082,45.452089236262694,44.77697627392988,44.77697627392988,81147200
2018-07-20,45.19007110595703,45.42376170622383,44.89028222878679,45.270328411060994,82704800
2018-07-23,45.230201721191406,45.31282186948864,44.74629142807148,45.01067013959894,63957600
2018-07-24,45.55832290649414,45.714119072078844,45.334072814638176,45.42849276850689,74791600
2018-07-25,45.98794174194336,45.995023058352196,45.42377045417711,45.5724853025433,66839600
2018-07-26,45.843929290771484,46.257022712765185,45.70229581961813,45.93834920361453,76304000
2018-07-27,45.081478118896484,46.0752645352622,44.8737535725159,46.02805457480702,96096000
2018-07-30,44.828895568847656,45.369456191762815,44.63061160600539,45.29863946163672,84118000
2018-07-31,44.918601989746094,45.35530224080693,44.69435196969696,44.92096482906494,157492000
2018-08-01,47.56476593017578,47.626138525018376,46.57570148664053,47.00532045620713,271742800
2018-08-02,48.95512008666992,49.18881427610502,47.29330554524424,47.347596824930974,249616000
2018-08-03,49.09675979614258,49.273799888813365,48.504263314128146,48.87014689269242,133789600
2018-08-06,49.3516960144043,49.39418390606156,48.87958911924481,49.09911709658689,101701600
2018-08-07,48.88901901245117,49.4531864850789,48.80639888305703,49.410698602685784,102349600
2018-08-08,48.922061920166016,49.05425123373256,48.27763721558481,48.638798590825054,90102000
2018-08-09,49.30683898925781,49.519285624205786,48.91026737496181,49.46027226984365,93970400
2018-08-10,49.159976959228516,49.53188234321348,48.95625889225755,49.11970757110333,98444800
2018-08-13,49.477394104003906,49.97010762312092,49.2002434272234,49.58162245038734,103563600
2018-08-14,49.68585968017578,49.87773298190438,49.33290519218512,49.78298189435421,82992000
2018-08-15,49.80192184448242,49.92036248504382,49.34947773005274,49.56030192567116,115230400
2018-08-16,50.531524658203125,50.64759419111368,50.0932927726419,50.15961925273996,114001600
2018-08-17,51.54064178466797,51.62828672278983,50.49362670792674,50.55995319318475,141708000
2018-08-20,51.0384521484375,51.91964735679999,50.95554223843427,51.66381870520836,121150800
2018-08-21,50.93895721435547,51.44825421858862,50.699708383548476,51.35587064881938,104639200
2018-08-22,50.941322326660156,51.25163623938956,50.65469437430576,50.71628582322843,76072400
2018-08-23,51.04554748535156,51.41508169772484,50.83472329421443,50.84656446640167,75532800
2018-08-24,51.204254150390625,51.37954396991234,50.955528103897144,51.30848248336093,73905600
2018-08-27,51.62591552734375,51.81542130649859,51.2445364570589,51.43877726016409,82100400
2018-08-28,52.04281997680664,52.24179939784103,51.85805285520017,51.87937130434206,91107200
2018-08-29,52.81978988647461,52.940601659622544,51.97412554704755,52.14941539118895,109019200
2018-08-30,53.305397033691406,54.07052259742774,52.68239807693291,52.883748621636954,195175200
2018-08-31,53.92129898071289,54.215029520302,53.535181251323905,53.65598942991082,173360400
2018-09-04,54.094215393066406,54.28845618519026,53.68441174415916,54.10606018131684,109560400
2018-09-05,53.741249084472656,54.404517320380506,53.32197186620769,54.24343980219261,133332000
2018-09-06,52.84821319580078,53.85495860116818,52.421826183564434,53.58964911882037,137160000
2018-09-07,52.42183303833008,53.38593806128113,52.28207393714789,52.552118477788824,150479200
2018-09-10,51.71829605102539,52.55211926147395,51.27769667661744,52.33892391703804,158066000
2018-09-11,53.02588653564453,53.13248240997228,51.2990196363506,51.642496837860996,142996000
2018-09-12,52.367347717285156,53.29828943782888,52.07598113256949,53.284077138968904,197114800
2018-09-13,53.63229751586914,54.09184782917725,52.722674165652904,52.947710684106966,166825600
2018-09-14,53.023502349853516,53.7341461563761,52.71082095453466,53.47594644082468,127997200
2018-09-17,51.611690521240234,52.812676640029984,51.46719280683929,52.62317090752562,148780400
2018-09-18,51.696983337402344,52.55212509282721,51.43167378696617,51.590383846094824,126286800
2018-09-19,51.72776794433594,52.02386956716063,51.00054423822981,51.75856366975667,108495200
2018-09-20,52.12098693847656,52.653969810185814,51.91253025867231,52.170733596892184,106435200
2018-09-21,51.55957794189453,52.436037915375984,51.471929414381464,52.29864634544323,384986800
2018-09-24,52.30101776123047,52.41235225527132,51.315594354443164,51.36060237729222,110773600
2018-09-25,52.63264083862305,52.78187716950789,52.042805277311224,52.05465006166284,98217600
2018-09-26,52.21337890625,53.002194117245956,52.057036371201,52.350770502397125,95938800
2018-09-27,53.28644561767578,53.63940004203078,52.95244213031854,53.018772217071486,120724800
2018-09-28,53.47357940673828,53.49726536512103,53.06614333153299,53.24853930771341,91717600
2018-10-01,53.83364486694336,54.34530936077399,53.618085623251176,53.99709354812719,94403200
2018-10-02,54.31214141845703,54.482696234962994,53.684407451123704,53.831272693023216,99152800
2018-10-03,54.97304916381836,55.30468156297177,54.43058892185491,54.49454788973524,114619200
2018-10-04,54.006561279296875,55.03936374636723,53.70808857005446,54.66745842279414,128168000
2018-10-05,53.13010025024414,54.106053573442246,52.25127273302901,53.99945772125052,134322000
2018-10-08,53.00693130493164,53.25091876301774,52.16126330037392,52.637397042763254,118655600
2018-10-09,53.741249084472656,53.836003755042974,52.64685884466341,52.97612364403794,107564000
2018-10-10,51.25163269042969,53.618077923682854,51.17820007366523,53.40725373397916,167962400
2018-10-11,50.799190521240234,51.995441725762305,50.29463584528402,50.815773946054776,212497600
2018-10-12,52.61370849609375,52.79610811889631,51.36534296639006,52.2133784994007,161351600
2018-10-15,51.4885139465332,52.54737353222936,51.46719549932301,52.38866351212896,123164000
2018-10-16,52.62318801879883,52.82217109061761,51.34639774603002,51.860429817973575,116736000
2018-10-17,52.39577102661133,52.73924816052703,51.95753921175651,52.65870939261992,91541600
2018-10-18,51.17109680175781,52.05229548152065,50.45571430054784,51.60695750381726,130325200
2018-10-19,51.95043182373047,52.412349586914395,51.505093870239605,51.654330230084184,132314800
2018-10-22,52.26786422729492,52.90981422454677,51.862799175510744,52.06414613810099,115168400
2018-10-23,52.76057052612305,52.88374981323003,50.858413991095595,51.12609101465835,155071200
2018-10-24,50.9507942199707,53.11588899890719,50.820508791603096,52.72977496604514,163702000
2018-10-25,52.06650924682617,52.44078212582718,51.344020575796435,51.571428208874636,119423200
2018-10-26,51.2374267578125,52.15889488542669,50.37754646798605,51.142672067536914,189033600
2018-10-29,50.27568817138672,52.04045312499331,48.8188660146814,51.92201247556305,183742000
2018-10-30,50.52677917480469,50.97211353591535,49.57214787858827,50.01748223969893,146640000
2018-10-31,51.843833923339844,52.22047426808277,51.31321858727521,51.3748100296124,153435600
2018-11-01,52.639766693115234,52.672929933002685,51.35823789724641,51.88885334996772,233292800
2018-11-02,49.14813232421875,50.60968954752682,48.66252492433643,49.638478362284054,365314800
2018-11-05,47.752899169921875,48.41616751574769,46.94276557852468,48.394849066781845,264654800
2018-11-06,48.26930236816406,48.49433887492205,47.77658884210814,47.83107052774979,127531600
2018-11-07,49.73323059082031,49.759287679647485,48.354583238431374,48.790443983793224,133697600
2018-11-08,49.559696197509766,49.94715741120494,49.146083355881075,49.913878467198,101450400
2018-11-09,48.604122161865234,48.9701906382226,48.076410468774,48.86084706340695,137463200
2018-11-12,46.15572738647461,47.50590970224583,46.06539725338494,47.3038566025874,204542000
2018-11-13,45.69456481933594,46.87121758651156,45.50915304400561,45.551942329845666,187531600
2018-11-14,44.403831481933594,46.2294262088426,44.197023165599184,46.091555206997754,243204000
2018-11-15,45.49966049194336,45.632776307756785,44.42759576583047,44.781781768510726,185915200
2018-11-16,46.00360107421875,46.345900967145944,45.03613198656177,45.28334656082362,147713200
2018-11-19,44.18037414550781,45.330879086693024,43.97356950945979,45.1644843434858,167701200
2018-11-20,42.06952667236328,43.13683603169067,41.720095905860255,42.39994037904801,271300800
2018-11-21,42.0219841003418,42.85158561836727,41.96731232258113,42.723221376680144,124496800
2018-11-23,40.95467758178711,41.97920130450926,40.90951614402539,41.58460546368542,94496000
2018-11-26,41.508548736572266,41.58699277202364,40.47214223739209,41.418222208859426,179994000
2018-11-27,41.41820526123047,41.544190095580014,40.61950696824367,40.76926040452482,165549600
2018-11-28,43.01085662841797,43.09405219512892,41.582230205975,42.01010503821361,184250000
2018-11-29,42.680442810058594,43.45299327942676,42.240681861257066,43.419714327370095,167080000
2018-11-30,42.449867248535156,42.86585597584638,42.08141936463273,42.856345630884306,158126000
2018-12-03,43.93314743041992,43.96167119930541,43.075022320835544,43.847572496631116,163210000
2018-12-04,42.00059509277344,43.35552893478612,41.90075824411287,43.01322909530219,165377200
2018-12-06,41.53231430053711,41.54657619066629,40.51016985805119,40.828697494715655,172393600
2018-12-07,40.05138397216797,41.47763060994114,40.00621891496391,41.23992283697894,169126400
2018-12-10,40.31524658203125,40.431721089169876,38.824817577209345,39.221789190120006,248104000
2018-12-11,40.08466720581055,40.83582109215089,39.697202333726885,40.80492154480871,189126800
2018-12-12,40.19639205932617,40.86672619637411,40.17737499929975,40.505409310138816,142510800
2018-12-13,40.63615417480469,41.02124333876003,40.30336465250625,40.526810600535384,127594400
2018-12-14,39.33589172363281,40.19164138491191,39.28835088181369,40.172624322757514,162814800
2018-12-17,38.96983337402344,40.018126074596374,38.68220522153694,39.32877099419408,177151600
2018-12-18,39.47614669799805,39.82319814808901,39.07679560054539,39.31212769156932,135366000
2018-12-19,38.24482345581055,39.80418668193228,37.81694851519552,39.45951095623547,196189200
2018-12-20,37.27972412109375,38.534821331791626,36.9160313854446,38.128339295230404,259092000
2018-12-21,35.82969665527344,37.59586754353606,35.56822024442438,37.286846669684195,382978400
2018-12-24,34.90264129638672,36.0246225500154,34.84559011112074,35.216413747515475,148676800
2018-12-26,37.360538482666016,37.37480037184857,34.876492432675754,35.252071232061816,234330000
2018-12-27,37.118064880371094,37.265446156461685,35.672804906741206,37.044376055892066,212468400
2018-12-28,37.1370849609375,37.68143780110752,36.73773763686122,37.438974853128165,169165600
2018-12-31,37.496036529541016,37.88112207522634,37.196522325444576,37.68382412991746,140014000
2019-01-02,37.538818359375,37.759888517261295,36.66167592649953,36.81856395762742,148158800
2019-01-03,33.799678802490234,34.63878719875447,33.75451373194411,34.225174245848386,365248800
2019-01-04,35.242557525634766,35.31149481961843,34.18238275669409,34.35590843708306,234428400
2019-01-07,35.16411590576172,35.37805511903299,34.68156932360782,35.347151941896,219111200
2019-01-08,35.83445358276367,36.08880268918446,35.30436616393607,35.55158069885025,164101200
2019-01-09,36.442996978759766,36.733000902236284,35.56823366194412,35.96282601293452,180396400
2019-01-10,36.55946731567383,36.59987721410009,35.86060567047333,36.25044639149984,143122800
2019-01-11,36.20051956176758,36.535688433017384,36.01510776642368,36.34076992153444,108092800
2019-01-14,35.65616989135742,35.95805981203487,35.470758098093015,35.85822297159505,129756800
2019-01-15,36.38594055175781,36.46200517390876,35.66806186445189,35.72035787905168,114843600
2019-01-16,36.830448150634766,37.05389406927528,36.36929442529299,36.38831148508509,122278800
2019-01-17,37.04914093017578,37.47701573113926,36.43109914799148,36.65454507889094,119284800
2019-01-18,37.277347564697266,37.529317310673214,37.07767020986163,37.43898716508409,135004000
2019-01-22,36.440608978271484,37.2559450474709,36.278965777015756,37.17988043233495,121576000
2019-01-23,36.587989807128906,36.87799365821248,36.0602781192315,36.64266159399864,92522400
2019-01-24,36.2979850769043,36.72110472601421,36.06978759028488,36.63315398920607,101766000
2019-01-25,37.50078201293945,37.58873636724454,36.683070210489795,36.95880850768255,134142000
2019-01-28,37.153724670410156,37.16085561324242,36.52617631124238,37.03249138799635,104768400
2019-01-29,36.76865005493164,37.58874507388774,36.63315846080026,37.14185313626924,166348800
2019-01-30,39.281227111816406,39.49516275264576,38.08793254038629,38.80581135252059,244439200
2019-01-31,39.56409454345703,40.17262605002727,39.11720263144844,39.48565051887251,162958400
2019-02-01,39.583099365234375,40.16785845546753,39.44284902258005,39.68769136566834,130672400
2019-02-04,40.707462310791016,40.8049233830398,39.76376201843734,39.79466519430484,125982000
2019-02-05,41.403953552246094,41.61789280375876,40.96895135781865,41.090181061348616,144406400
2019-02-06,41.41820526123047,41.73435704669742,41.08779158917797,41.51566269527601,112958400
2019-02-07,40.63376998901367,41.34689335525924,40.49114386491136,40.980821329392036,126966800
2019-02-08,40.68152618408203,40.74120801805574,40.206457474282914,40.34253380423419,95280000
2019-02-11,40.44756317138672,40.87250110070133,40.40459400749151,40.83430385989045,83973600
2019-02-12,40.79610061645508,40.82236076031254,40.51201459909403,40.607507687070644,89134000
2019-02-13,40.62661361694336,41.17568718212781,40.564545825038614,40.91547527726699,89960800
2019-02-14,40.774620056152344,40.884432564786806,40.43562775647638,40.51440819581286,87342800
2019-02-15,40.68391036987305,40.98948105506245,40.52396349892937,40.88205448713788,98507200
2019-02-19,40.80565643310547,40.92740968979166,40.46189217428749,40.51441247272279,75891200
2019-02-20,41.06825637817383,41.376216629460316,40.81998159348772,40.867726324078575,104457600
2019-02-21,40.83668518066406,41.14941731354865,40.655253771464714,41.01334466732138,68998800
2019-02-22,41.29265594482422,41.29981747146773,40.913080461961876,40.96082518714831,75652800
2019-02-25,41.59346389770508,41.98497659401641,41.52662053316584,41.57675487791535,87493600
2019-02-26,41.61732864379883,41.84889440507273,41.34040411487695,41.469318890580624,68280800
2019-02-27,41.74623107910156,41.777266785802794,41.23535493382843,41.3499466311767,111341600
2019-02-28,41.335636138916016,41.75579857516945,41.28072987242926,41.61495032332995,112861600
2019-03-01,41.77012252807617,41.81309170032905,41.273569229021284,41.60540008239329,103544800
2019-03-04,41.98018264770508,42.433762903806894,41.53137431321694,41.94198541866603,109744800
2019-03-05,41.9037971496582,42.01599925727172,41.667455842468,42.001676203991536,78949600
2019-03-06,41.66270065307617,41.89426648794849,41.524238344607845,41.69850830065828,83241600
2019-03-07,41.18046188354492,41.64359345799312,41.065873792169924,41.507517139799894,99185600
2019-03-08,41.2783317565918,41.31652899276633,40.46427091873069,40.66002902210845,95997600
2019-03-11,42.708309173583984,42.76082946689261,41.860830238999526,41.894251912678726,128044000
2019-03-12,43.18815612792969,43.608314858828265,42.82051405104015,42.970913413648546,129870400
2019-03-13,43.3791389465332,43.75871447631922,43.19054234110201,43.50805008474166,124130000
2019-03-14,43.86137008666992,43.94970167331341,43.58205955555263,43.9019532945051,94318000
2019-03-15,44.431915283203125,44.72077686289961,43.86374689655058,44.1287342938068,156171600
2019-03-18,44.88551330566406,44.97384125151117,44.35314874059598,44.35553834520154,104879200
2019-03-19,44.529808044433594,45.11707887203992,44.384184229156126,44.96429352836273,126585600
2019-03-20,44.91893005371094,45.23643780274211,44.1000935130117,44.458184466291875,124140800
2019-03-21,46.57331085205078,46.86933403302084,45.312830924516525,45.36296526328095,204136800
2019-03-22,45.60885238647461,47.19400154727684,45.544394994118264,46.63299092298744,169630800
2019-03-25,45.05739974975586,45.83087400495729,44.54652338461177,45.71867186302792,175381200
2019-03-26,44.59187316894531,46.04572527279197,44.064287847400074,45.75447765967055,199202000
2019-03-27,44.992919921875,45.30087643615742,44.53456409173765,45.059763252768676,119393600
2019-03-28,45.052616119384766,45.25314617612432,44.768530050992325,45.107522378153796,83121600
2019-03-29,45.34625244140625,45.37728815780185,45.00964605534381,45.31760632946552,94256000
2019-04-01,45.654212951660156,45.759249910216006,44.97145268625358,45.74970242041629,111448000
2019-04-02,46.317867279052734,46.42290786370757,45.608846975321725,45.618394463613456,91062800
2019-04-03,46.6353759765625,46.9099108936737,46.11017304222749,46.13404722749335,93087200
2019-04-04,46.71654510498047,46.87887791765802,46.107789772060734,46.50168835311438,76457200
2019-04-05,47.02928161621094,47.05315580507173,46.773841637621636,46.897980862856144,74106400
2019-04-08,47.76932907104492,47.80036113969256,46.8717121878572,46.8908108069345,103526800
2019-04-09,47.6260986328125,48.42583658322132,47.561641238769866,47.82185677668654,143072800
2019-04-10,47.893470764160156,47.92212051778951,47.310975557121054,47.43033920962285,86781200
2019-04-11,47.49480056762695,47.98419231228525,47.373050943277576,47.948384670620705,83603200
2019-04-12,47.4757080078125,47.77889276915621,46.84069601082528,47.55448847222576,111042800
2019-04-15,47.5616340637207,47.70964745151515,47.27038649628247,47.40646279176766,70146400
2019-04-16,47.56641387939453,48.07251458286473,47.40169146179994,47.616548214497456,102785600
2019-04-17,48.492679595947266,48.55236142338571,47.413631135907046,47.63564578548703,115627200
2019-04-18,48.66695022583008,48.73617954389049,48.34705650031418,48.49029070265323,96783200
2019-04-22,48.82689666748047,48.92477573931631,48.30408327313111,48.42106096698539,77758000
2019-04-23,49.53113555908203,49.59559294531774,48.676491450506916,48.80301661883193,93292000
2019-04-24,49.45473861694336,49.769856696776664,49.42847847339985,49.50248333901643,70162400
2019-04-25,49.005943298339844,49.597986024015086,48.9677460534086,49.37597136789553,74172800
2019-04-26,48.77199935913086,48.93910777910681,48.251571830988205,48.915233586528664,74596400
2019-04-29,48.84599685668945,49.17066615604025,48.66695136754799,48.79586251694633,88818800
2019-04-30,47.90540313720703,48.557127595690886,47.53298916093055,48.47596119423354,186139600
2019-05-01,50.25687026977539,51.400372389710334,49.948910024794905,50.10408494939952,259309200
2019-05-02,49.929813385009766,50.765358935797714,49.68631416151659,50.09453580499543,127985200
2019-05-03,50.550514221191406,50.57199880753566,50.18764764460908,50.3452085631805,83569600
2019-05-06,49.769866943359375,49.85580891786009,48.581005998340764,48.76959896429785,129772400
2019-05-07,48.428218841552734,49.51681471565359,47.943602727798975,49.149176286929475,155054800
2019-05-08,48.43777084350586,49.02026607598343,48.1632358878382,48.19904352807667,105358000
2019-05-09,47.9173469543457,48.14652313682094,46.94811463835433,47.840952465060795,139634400
2019-05-10,47.25352478027344,47.65373790443453,46.1966858308996,47.31104129279952,164834800
2019-05-13,44.507171630859375,45.408241627342775,43.81938698504411,44.98406973256331,229722400
2019-05-14,45.21172332763672,45.46095415453445,44.432871965596114,44.67251853853168,146118800
2019-05-15,45.75334167480469,45.95224884917704,44.57907445764329,44.6389861249825,106178800
2019-05-16,45.55202865600586,46.12478391503551,45.25486553934923,45.51128917058567,132125600
2019-05-17,45.293216705322266,45.74854387618077,44.75640689461861,44.79714638618235,131516400
2019-05-20,43.87689971923828,44.178856807213535,43.20349328767014,43.979949669541405,154449200
2019-05-21,44.71806335449219,45.05356717931072,44.26273255598997,44.387349829515756,113459200
2019-05-22,43.802616119384766,44.50478273302888,43.74749841159521,44.25315300927631,118994400
2019-05-23,43.05491638183594,43.265802939260645,42.611568633482584,43.08846676529334,146118800
2019-05-24,42.889564514160156,43.64924401379365,42.80568671757585,43.184328892260446,94858800
2019-05-28,42.71221923828125,43.27778544985154,42.63553421566566,42.877576003465414,111792800
2019-05-29,42.508522033691406,42.980626205477755,42.17780850142833,42.278459651091545,113924800
2019-05-30,42.7289924621582,42.9518620603252,42.33836730703267,42.64511468367893,84873600
2019-05-31,41.95492935180664,42.65469694054403,41.93575718621863,42.23291661104111,108174400
2019-06-03,41.53076171875,42.637927979424546,40.804632722240406,42.08194969920505,161584400
2019-06-04,43.05012512207031,43.095658571768766,41.8231354139418,42.043609898576285,123872000
2019-06-05,43.74509048461914,44.332227603206654,43.409586694040904,44.16207690152386,119093600
2019-06-06,44.38734817504883,44.447259831298844,43.65163128107434,43.87450454381739,90105200
2019-06-07,45.56880569458008,45.99298125786859,44.519155931088335,44.69649209879013,122737600
2019-06-10,46.15114974975586,46.8197622574143,45.92108736949208,45.96662081555493,104883600
2019-06-11,46.6855583190918,46.9707383872319,46.395587951299646,46.697541381656485,107731600
2019-06-12,46.53696823120117,46.963538835260515,46.3452502429605,46.47945173771403,73012800
2019-06-13,46.52738952636719,47.16005645303748,46.39558681154533,46.659195897906244,86698400
2019-06-14,46.18949508666992,46.393192538300454,45.604756695226875,45.90431499766962,75046000
2019-06-17,46.465087890625,46.7215115562083,46.05289536835188,46.22783639546343,58676400
2019-06-18,47.55786895751953,47.99881784169886,46.78141628249008,46.982718557000155,106204000
2019-06-19,47.41887283325195,47.90056485236439,47.284671318756736,47.8526326057158,84496800
2019-06-20,47.7999153137207,48.075507457573906,47.45721875366059,48.0179909537039,86056000
2019-06-21,47.63695526123047,48.133025524334315,47.4859767191176,47.64174921755458,191202400
2019-06-24,47.58903503417969,47.967677202569334,47.49077902420712,47.57944711984593,72881600
2019-06-25,46.86769104003906,47.751983992638394,46.80058662252923,47.55307686003269,84281200
2019-06-26,47.88139724731445,48.16657732114802,47.29426373709572,47.394914882557444,104270000
2019-06-27,47.86702346801758,48.30557727889453,47.82628397608489,47.99882620091607,83598800
2019-06-28,47.43086242675781,47.80950455578012,47.22237102064913,47.612992556266285,124442400
2019-07-01,48.30077362060547,49.00533521929681,48.08508948363142,48.68899994775499,109012000
2019-07-02,48.583560943603516,48.67942179095116,48.25524622614172,48.26722928914985,67740800
2019-07-03,48.98617172241211,48.993360829245304,48.57397919929373,48.715369842636605,45448000
2019-07-05,48.94302749633789,49.14672858318471,48.62429705737568,48.732140960245864,69062000
2019-07-08,47.934120178222656,48.26483004258469,47.54828895586912,48.123439407842795,101354400
2019-07-09,48.22650146484375,48.29120343864577,47.64415810359733,47.73762016691857,82312000
2019-07-10,48.703392028808594,48.82321536456781,48.303182526178986,48.37268210868142,71588400
2019-07-11,48.348716735839844,48.98138381228545,48.339132477784965,48.72256496418706,80767200
2019-07-12,48.720157623291016,48.8879095226626,48.45654488376627,48.51645653759306,70380800
2019-07-15,49.17789077758789,49.33605478787525,48.88791672141196,48.909484042353284,67789600
2019-07-16,49.00773239135742,49.393563584814785,48.76808577819675,49.02929970892977,67467200
2019-07-17,48.73215103149414,49.14913389035731,48.712978859393154,48.899902966480354,56430000
2019-07-18,49.285728454589844,49.33845100749355,48.816019435097935,48.88791415785004,74162400
2019-07-19,48.55002212524414,49.487041562218636,48.49490441033925,49.31689080309709,83717200
2019-07-22,49.659584045410156,49.66197919573005,48.79445940658343,48.80404366458104,89111600
2019-07-23,50.04780578613281,50.064582806950405,49.67635274522786,49.95674254519547,73420800
2019-07-24,50.00706100463867,50.12209036122868,49.64759106566724,49.76741437865772,59966400
2019-07-25,49.61165237426758,50.143668249830114,49.54215279538971,50.05979045648588,55638400
2019-07-26,49.7841911315918,50.26108557444569,49.64040169408489,49.72188066887074,70475600
2019-07-29,50.24911117553711,50.47917358387077,49.95195164997363,49.956745607175016,86693600
2019-07-30,50.033416748046875,50.364130225486285,49.68113595426583,50.02862279217643,135742800
2019-07-31,51.0543212890625,53.05057834512591,50.63733845360822,51.86432814544622,277125600
2019-08-01,49.949546813964844,52.25015599273981,49.54454706892121,51.260414211398206,216071600
2019-08-02,48.89270782470703,49.470253439827765,48.31995250948189,49.25457292956728,163448400
2019-08-05,46.33327865600586,47.6058016786869,46.151148533272625,47.44763768168687,209572000
2019-08-06,47.210391998291016,47.466815679597666,46.501036276061356,47.0450352178922,143299200
2019-08-07,47.69926452636719,47.82388180019968,46.448312458340716,46.829349729619025,133457600
2019-08-08,48.75131607055664,48.7752821981534,47.783145217160964,47.97725841785462,108038000
2019-08-09,48.34958267211914,48.77536618277326,47.94063258255727,48.42415480097006,98478800
2019-08-12,48.22689437866211,48.604570850192594,47.906952942126594,48.020015091526766,89927600
2019-08-13,50.26922607421875,51.03179177110684,48.22689462466071,48.35679753640936,188874000
2019-08-14,48.77296447753906,49.66062099046996,48.73447445076552,48.87159379466716,146189600
2019-08-15,48.53001403808594,49.347907103580994,48.032058839474224,48.94377274292089,108909600
2019-08-16,49.675048828125,49.833817419611805,49.035165962273794,49.14101168993166,110481600
2019-08-19,50.6011962890625,51.173719791019884,50.52421624172767,50.666144074564244,97654400
2019-08-20,50.603607177734375,51.32287444811057,50.59398650586073,50.728697935758746,107537200
2019-08-21,51.152069091796875,51.39503047697511,50.90189128621012,51.23626555737707,86141600
2019-08-22,51.10877990722656,51.585082094265125,50.69742551573104,51.2843856202691,89014800
2019-08-23,48.74650955200195,51.01015362415457,48.35199590142177,50.37989128106551,187272000
2019-08-26,49.672645568847656,49.84103483411144,49.328646947098854,49.5210933948049,104174400
2019-08-27,49.112152099609375,50.16819791599971,48.96059990979167,50.00221288345861,103493200
2019-08-28,49.44170379638672,49.48741023576001,48.910074625153904,49.09770888213141,63755200
2019-08-29,50.27886199951172,50.35343781919943,49.71355474872253,50.156179141736345,83962000
2019-08-30,50.213905334472656,50.625256042475115,49.84344523456853,50.55549607776158,84573600
2019-09-03,49.482601165771484,49.79051400013365,49.1265776392797,49.658206843819315,80092000
2019-09-04,50.32215118408203,50.391911143051544,49.87231048470653,50.12970472847496,76752400
2019-09-05,51.306026458740234,51.47201147242179,50.88023929372371,50.99811361359005,95654800
2019-09-06,51.30122756958008,51.58027480480596,51.120809668106524,51.491269814674716,77449200
2019-09-09,51.520137786865234,52.06620368728937,50.77441263010286,51.681310678848824,109237600
2019-09-10,52.12873077392578,52.14797578532957,50.92835301132534,51.44554938683884,127111600
2019-09-11,53.786170959472656,53.81504031277517,52.376505948455474,52.45829816710009,177158400
2019-09-12,53.66590881347656,54.466964788857105,53.61058168117922,54.07726327079538,128906800
2019-09-13,52.62187957763672,53.11261457668617,52.205716712062376,52.92257603236607,159053200
2019-09-16,52.898529052734375,52.95385985391872,52.33562606183448,52.376520347093525,84632400
2019-09-17,53.09096908569336,53.11983844341441,52.71088829943247,52.91295912103472,73274800
2019-09-18,53.58892059326172,53.60816560690575,52.78786479455756,53.177566226668915,101360000
2019-09-19,53.15351486206055,53.82707201378475,53.011583339522566,53.40609695865153,88242400
2019-09-20,52.37650680541992,53.53839827071438,52.313963268360816,53.254542597972154,221652400
2019-09-23,52.614662170410156,52.884085014203336,52.357264248091994,52.66998928927248,76662000
2019-09-24,52.36448287963867,53.52156594791052,52.24661221580906,53.170350865473765,124763200
2019-09-25,53.17035675048828,53.28341892628327,52.23458940465702,52.573775932041976,87613600
2019-09-26,52.8961067199707,53.148692438449224,52.64111675163237,52.92256815087056,75334000
2019-09-27,52.63872146606445,53.153513660739534,52.26826137037772,53.05247641965326,101408000
2019-09-30,53.87759017944336,54.0243302013865,53.112616462729726,53.13907789851,103909600
2019-10-01,54.02672576904297,54.899949338845005,53.93290863373775,54.142195836042134,139223200
2019-10-02,52.672386169433594,53.783758837737345,52.42460897035405,53.65866811336314,138449200
2019-10-03,53.119834899902344,53.15351275615426,51.75106404471548,52.54489975216936,114426000
2019-10-04,54.6088752746582,54.72434534521525,53.85833816909079,54.279313165976994,138478800
2019-10-07,54.62091064453125,55.311308550510645,54.327430602345274,54.43087209456384,122306000
2019-10-08,53.98102569580078,54.86146578985083,53.96418860317499,54.32262009604962,111820000
2019-10-09,54.613685607910156,54.796507707558874,54.27931133988558,54.613685607910156,74770400
2019-10-10,55.349796295166016,55.433992769762874,54.67864343102517,54.830191946444145,113013600
2019-10-11,56.82200241088867,57.165997351667045,55.883827383054744,56.0377838024609,166795600
2019-10-14,56.74020767211914,57.28386912163445,56.45153985739628,56.50686696815397,96427600
2019-10-15,56.60790252685547,57.16839737925436,56.5020568080918,56.86529673329411,87360000
2019-10-16,56.3793830871582,56.588670322294504,56.097931637089864,56.13882591575506,73903200
2019-10-17,56.59830093383789,56.80758453511731,56.17492155923477,56.55259447594658,67585200
2019-10-18,56.87012481689453,57.15157628203032,56.36014109020242,56.43230897960908,97433600
2019-10-21,57.856407165527344,57.971877257013034,57.089032829717496,57.137143532530864,87247200
2019-10-22,57.72410202026367,58.26294774953404,57.64230979011836,58.01276989960297,82293600
2019-10-23,58.498687744140625,58.51312425689027,58.027197771424554,58.238889244421685,75828800
2019-10-24,58.59492111206055,58.88840117916926,58.169133855581286,58.81863753813231,69275200
2019-10-25,59.316585540771484,59.35266764688448,58.42652477407812,58.49388048589636,73477200
2019-10-28,59.9107551574707,59.95886585030972,59.35025659290026,59.518645853142104,96572800
2019-10-29,58.525150299072266,60.07915117989535,58.351952519479724,59.89151688727669,142839600
2019-10-30,58.51792907714844,59.00866770266938,58.024789872236575,58.87876479036825,124522000
2019-10-31,59.840999603271484,59.93962892278996,57.07459217991583,59.47535535189402,139162000
2019-11-01,61.539329528808594,61.56578729051356,59.93721808993983,60.02862730743966,151125200
2019-11-04,61.943477630615234,62.027674116998526,61.433497552485065,61.90257967738118,103272000
2019-11-05,61.85446548461914,62.109455494173645,61.65961476677508,61.8352168001874,79897600
2019-11-06,61.88093185424805,61.941071154321364,61.43109106429535,61.76786967646129,75864400
2019-11-07,62.595096588134766,62.81707681785857,62.27660609632884,62.42861325665717,94940400
2019-11-08,62.76642608642578,62.83880696047028,61.97261480584435,62.41656801426399,69986400
2019-11-11,63.26345443725586,63.32859721707962,62.31763605688488,62.322458993562236,81821200
2019-11-12,63.20556640625,63.40583248504714,62.954641064928985,63.106640942295314,87388800
2019-11-13,63.811153411865234,63.88594942531639,62.99080505051398,63.00528122322957,102734400
2019-11-14,63.3696174621582,63.91008089634329,63.23932454025214,63.63743402929962,89182800
2019-11-15,64.12242126464844,64.1272442022923,63.45890285706975,63.62055594567041,100206400
2019-11-18,64.44571685791016,64.5253358048109,63.7532462907842,64.1320492800849,86703200
2019-11-19,64.25027465820312,64.66286024957508,64.03312473449476,64.63873084399398,76167200
2019-11-20,63.502323150634766,64.1996167578222,62.82915159180207,64.06933118896113,106234400
2019-11-21,63.21760940551758,63.70016814029315,63.017343407159025,63.622956975546195,121395200
2019-11-22,63.16212463378906,63.49991434036952,62.93532139581433,63.35756036985573,65325200
2019-11-25,64.26959228515625,64.28648361025664,63.340665127052524,63.386508801889065,84020400
2019-11-26,63.76771545410156,64.4601859451166,63.33582339665518,64.4071041985966,105207600
2019-11-27,64.62425231933594,64.6580349585711,64.01381593299939,64.07895869876083,65235600
2019-11-29,64.4819107055664,64.6628702304651,64.15618208809639,64.32508058997325,46617600
2019-12-02,63.73635482788086,64.72318649892358,63.56504854881408,64.4867300820024,94487200
2019-12-03,62.59992599487305,62.61922510170992,61.837482417750664,62.32486402043648,114430400
2019-12-04,63.15245819091797,63.53126855846393,62.896702654892984,62.99080514094122,67181600
2019-12-05,64.0789794921875,64.15378288001588,63.39133909623157,63.64709466989342,74424400
2019-12-06,65.31674194335938,65.38671502853519,64.49397833560806,64.53741422211255,106075600
2019-12-09,64.40231323242188,65.33847130163029,63.9173391877122,65.14545068933799,128042400
2019-12-10,64.77867126464844,65.16230448078927,64.14651329253007,64.80762360348773,90420400
2019-12-11,65.33120727539062,65.41083358471516,64.78350579892616,64.85830180873923,78756800
2019-12-12,65.4977035522461,65.76311236364234,64.49881066987119,64.60979713163219,137310400
2019-12-13,66.38803100585938,66.42422144624238,65.36983155792407,65.49770935611971,133587600
2019-12-16,67.52442932128906,67.74882469281124,66.82955104053698,66.8343739763318,128186000
2019-12-17,67.65714263916016,67.98527901702172,67.26867906123083,67.4544688710819,114158400
2019-12-18,67.4954833984375,68.0166476810069,67.34589137870454,67.50995957045932,116028400
2019-12-19,67.56305694580078,67.84294194171301,67.3048935762057,67.43759430484558,98369200
2019-12-20,67.4231185913086,68.19762343192532,67.21079153341988,68.09629020364594,275978000
2019-12-23,68.52336883544922,68.58368870238183,67.64752318946526,67.68612878789394,98572000
2019-12-24,68.58849334716797,68.73809276240259,68.26277204321963,68.68983393642199,48478800
2019-12-26,69.94929504394531,69.96618636509724,68.69223173166154,68.72118407462989,93121200
2019-12-27,69.92276763916016,70.92890598367917,69.51742001165071,70.24125821645885,146266000
2019-12-30,70.3377685546875,70.62006869460002,68.81771126880989,69.84073357609194,144114400
2019-12-31,70.85169219970703,70.85893028695814,69.85520712964954,69.95413256425645,100805600
2020-01-02,72.46824645996094,72.52856629098083,71.2232442641189,71.47658460909824,135480400
2020-01-03,71.76373291015625,72.52376157647284,71.5393448267866,71.69617497011174,146322800
2020-01-06,72.33553314208984,72.37413871472036,70.6345169765996,70.88544951706788,118387200
2020-01-07,71.99535369873047,72.60095990158051,71.77578859164102,72.34520436217124,108872000
2020-01-08,73.15349578857422,73.45509501348069,71.69858142215591,71.69858142215591,132079200
2020-01-09,74.70732116699219,74.90034168837741,73.87973482074321,74.13066002589181,170108400
2020-01-10,74.87621307373047,75.44081319943417,74.37435529486838,74.94136320691373,140644800
2020-01-13,76.47590637207031,76.50245093143005,75.07407383392189,75.1923057311866,121532000
2020-01-14,75.44322967529297,76.62308929816353,75.32018220682278,76.41317742986432,161954400
2020-01-15,75.11994934082031,76.12367282007459,74.68805702760709,75.24300422682184,121923600
2020-01-16,76.06092834472656,76.17192218872837,75.30089958102596,75.66281874119426,108829200
2020-01-17,76.9029769897461,76.90538477645106,76.00300228022495,76.30942443229468,137816400
2020-01-21,76.38182067871094,76.97295078497612,76.2442896548719,76.53141272712692,110843200
2020-01-22,76.65447235107422,77.2069969045426,76.56036984576589,76.86679204908404,101832400
2020-01-23,77.02362060546875,77.1032395625604,76.15983628507468,76.70754520066748,104472000
2020-01-24,76.80164337158203,78.01286327957854,76.61103058846822,77.26972598534742,146537600
2020-01-27,74.54326629638672,75.22366854186772,73.56125746709372,74.81108286986905,161940000
2020-01-28,76.65205383300781,76.8233601467646,75.32501712161712,75.42394256005781,162234000
2020-01-29,78.25654602050781,79.1034389225781,77.54236118317645,78.28309057876027,216229200
2020-01-30,78.14314270019531,78.196224452265,76.90779359376785,77.33968569636842,126743200
2020-01-31,74.67838287353516,77.85602816826189,74.38402173692818,77.43378925544725,199588400
2020-02-03,74.47329711914062,75.63867332859459,72.91945726436026,73.42131515382538,173788400
2020-02-04,76.93193817138672,77.12255095912198,75.67245940871321,76.07780703357612,136616400
2020-02-05,77.55924987792969,78.35788393608293,76.95605150390088,78.05869253554688,118826800
2020-02-06,78.46648406982422,78.46889922045179,77.27215526816731,77.82951018159336,105425600
2020-02-07,77.39990997314453,78.21495018710938,76.90895061507658,77.96584287500079,117684000
2020-02-10,77.76750946044922,77.76750946044922,75.90525344548281,75.9850613598187,109348800
2020-02-11,77.29832458496094,78.33587187126635,77.08065923180118,78.26331921379253,94323200
2020-02-12,79.13397979736328,79.13881418044723,77.74816513747918,77.74816513747918,113730400
2020-02-13,78.57047271728516,78.89697445434517,78.20286026576835,78.4060150979807,94747600
2020-02-14,78.58980560302734,78.83891285274403,78.08191495757227,78.53901137196604,80113600
2020-02-18,77.1507797241211,77.3321687046637,76.08904601525819,76.2704349958008,152531200
2020-02-19,78.26812744140625,78.49788974785425,77.39262455702266,77.39262455702266,93984000
2020-02-20,77.46517181396484,78.5172292071685,76.959702155596,78.02869095562303,100566000
2020-02-21,75.71177673339844,77.50148770003717,75.09505699539346,77.05889434201991,129554000
2020-02-24,72.11543273925781,73.56654484289926,69.950861613102,71.8929330165793,222195200
2020-02-25,69.67272186279297,73.16748626275555,69.20111488480276,72.7853633450679,230673600
2020-02-26,70.7779769897461,72.0428654399997,69.29058886204834,69.29784412586203,198054800
2020-02-27,66.15135955810547,69.16967532004576,66.01592302206369,67.98460193931137,320605600
2020-02-28,66.11267852783203,67.33403591375473,62.00361420698183,62.218866092738025,426510000
2020-03-02,72.26778411865234,72.90385595913628,67.16712712972084,68.2699714851257,341397200
2020-03-03,69.97262573242188,73.52301148955354,69.12130192834442,73.4432035732901,319475600
2020-03-04,73.21827697753906,73.37790019382146,70.89408264604006,71.6946122287109,219178400
2020-03-05,70.8432846069336,72.44675702043206,70.47808575850526,71.47209384482164,187572800
2020-03-06,69.9024887084961,70.3354058888164,68.01604591388242,68.20226931131931,226176800
2020-03-09,64.37377166748047,67.25664434069014,63.60709732294457,63.78848638375145,286744800
2020-03-10,69.01004791259766,69.27608658534605,65.14767122671621,67.02686596637837,285290000
2020-03-11,66.61331176757812,68.01363727531553,65.74989813353481,67.08734712395831,255598800
2020-03-12,60.03491973876953,65.30003870789042,59.97929481317342,61.8996002456348,418474000
2020-03-13,67.22760772705078,67.69922212839465,61.176469024415624,64.06418648557232,370732000
2020-03-16,58.578975677490234,62.65901412516802,58.044481123383505,58.51609179443726,322423600
2020-03-17,61.15469741821289,62.30349073818724,57.65751584296428,59.860787730415886,324056000
2020-03-18,59.65763854980469,60.46300623570861,57.347950973526814,57.98886105384675,300233600
2020-03-19,59.200538635253906,61.14986537455913,58.6757201816232,59.83177257079482,271857200
2020-03-20,55.442161560058594,60.90559811822868,55.14226370959631,59.78098394677199,401693200
2020-03-23,54.26433563232422,55.263185639015276,51.420157253571155,55.16160823517076,336752800
2020-03-24,59.70842742919922,59.904326973466,56.66592859765041,57.1641431646422,287531200
2020-03-25,59.3795051574707,62.45828014038061,59.08444541685393,60.644390107262105,303602000
2020-03-26,62.504241943359375,62.56228407124869,59.582668850990856,59.62136606316325,252087200
2020-03-27,59.91641616821289,61.882670430565696,59.74953769675213,61.12809336695391,204216800
2020-03-30,61.626319885253906,61.79803646344427,60.31789941723486,60.64198396689207,167976400
2020-03-31,61.50053787231445,63.48372335417798,60.94669846636235,61.81736706345771,197002000
2020-04-01,58.26457214355469,60.15343586559381,57.83407583491139,59.6165240756465,176218400
2020-04-02,59.23680877685547,59.290016512254034,57.29473750591379,58.12670897901646,165934000
2020-04-03,58.385498046875,59.423041606914005,57.795378517377415,58.721672212892855,129880000
2020-04-06,63.47889709472656,63.63367854249636,60.31305518274137,60.68066757934002,201820400
2020-04-07,62.74365997314453,65.71118861311454,62.639665388856514,65.49351591759843,202887200
2020-04-08,64.34956359863281,64.66396824725281,63.17900080091498,63.544192303076315,168895200
2020-04-09,64.81391143798828,65.31696770263731,64.01822371729881,64.98563166236876,161834800
2020-04-13,66.0860595703125,66.19489592354667,64.29151446730144,64.89131008954301,131022800
2020-04-14,69.42361450195312,69.71383985781922,67.24694647516952,67.71856083326759,194994800
2020-04-15,68.78997039794922,69.2494877739681,67.87093564591146,68.29901107744294,131154400
2020-04-16,69.3365478515625,69.70174671960459,68.28691109689659,69.50342631571836,157125200
2020-04-17,68.39574432373047,69.3994360529156,66.95914281806782,68.85284815768563,215250000
2020-04-20,66.9760513305664,68.12484796594079,66.95670642423084,67.22274501593823,130015200
2020-04-21,64.90580749511719,67.05345402031033,64.19476216229687,66.81885733049225,180991600
2020-04-22,66.77532196044922,67.2106524991791,65.83210087271084,66.17310561229915,116862400
2020-04-23,66.51656341552734,68.14180934991,66.47786620509702,66.7197182347329,124814400
2020-04-24,68.43685913085938,68.44653527723898,66.99300242947831,67.04137578063921,126161200
2020-04-27,68.4852294921875,68.81656552903699,67.7064658092128,68.1538860746012,117087600
2020-04-28,67.37513732910156,69.1285646001926,67.28323975471295,68.94717557214871,112004800
2020-04-29,69.58806610107422,70.05725948714488,68.65935547379901,68.86251023157146,137280800
2020-04-30,71.05609893798828,71.23265351601944,69.73801025784547,70.12738834900439,183064000
2020-05-01,69.91216278076172,72.31375148512824,69.13339900800005,69.23013833651491,240616800
2020-05-04,70.90132141113281,71.02950265458016,69.24705489201135,69.93633445349597,133568000
2020-05-05,71.96548461914062,72.79745613687825,71.21574190038736,71.36085458478117,147751200
2020-05-06,72.70795440673828,73.33918446648443,72.28229260413691,72.66683632686777,142333600
2020-05-07,73.46014404296875,73.80599810613609,73.03206854392603,73.33438362592382,115215200
2020-05-08,75.20858001708984,75.26193177006634,73.79234222983116,74.11972765033629,133838400
2020-05-11,76.39202117919922,76.88672941017224,74.50773979704356,74.71629936167047,145946400
2020-05-12,75.51900482177734,77.52695980197926,75.39775148384071,77.07589353648245,162301200
2020-05-13,74.607177734375,76.61998759486177,73.53044749592581,75.6984577813938,200622400
2020-05-14,75.06550598144531,75.12613264028523,73.12302546398516,73.84569790161457,158929200
2020-05-15,74.6217269897461,74.66780385011373,72.80292692486488,72.8368814117532,166348400
2020-05-18,76.37989807128906,76.75336041216173,75.25467098028571,75.94581646414036,135178400
2020-05-19,75.93856048583984,77.24324046806854,75.90703342703199,76.39689435415646,101729600
2020-05-20,77.41542053222656,77.48574215036817,76.75822201252429,76.79702397462873,111504800
2020-05-21,76.83824157714844,77.8179706179206,76.60058237100931,77.27717806754521,102688800
2020-05-22,77.33295440673828,77.41540578523484,76.47447873541405,76.57632739090906,81803200
2020-05-26,76.80914306640625,78.63036319231934,76.75336386600556,78.4509106181763,125522000
2020-05-27,77.14381408691406,77.28931960837535,75.92643293881503,76.66608292261066,112945200
2020-05-28,77.1777572631836,78.43636762804827,76.54239089339562,76.81884468298037,133560800
2020-05-29,77.10257720947266,77.88102160812149,76.74609208099886,77.42026037966232,153532400
2020-06-01,78.05078887939453,78.17204223872224,76.92555415248881,77.05650985276371,80791200
2020-06-02,78.412109375,78.43636152325215,77.34265402331467,77.78401795906733,87642800
2020-06-03,78.84378051757812,79.10569190926654,78.15990981793529,78.73222950297175,104491200
2020-06-04,78.16475677490234,78.96502587807994,77.79129440641832,78.66674739088378,87560400
2020-06-05,80.3909912109375,80.45161790114183,78.3854629632372,78.41456259042025,137250400
2020-06-08,80.86628723144531,80.90024172394006,79.3772998475136,80.08784274734353,95654400
2020-06-09,83.41987609863281,83.81273576255528,80.51465061318699,80.54617766782322,147712400
2020-06-10,85.56605529785156,86.0340914097843,83.92913522287401,84.36807171758845,166651600
2020-06-11,81.4579849243164,85.13438674688165,81.35613627237949,84.71000009547407,201662400
2020-06-12,82.16127014160156,84.34383052506377,81.05059266944424,83.59691311681682,200146000
2020-06-15,83.17737579345703,83.82971944873768,80.65288000271148,80.81536275804567,138808800
2020-06-16,85.38175201416016,85.65336572310193,83.59690633112962,85.2313990507297,165428800
2020-06-17,85.26294708251953,86.18689720512403,85.14169370789197,86.12627051781024,114406400
2020-06-18,85.29688262939453,85.71399444147255,84.6881884557675,85.21927871070163,96820400
2020-06-19,84.8094482421875,86.4681932764156,83.70119078400126,86.00258453034328,264476000
2020-06-22,87.02835083007812,87.17142884992104,85.156199399796,85.2022762503387,135445200
2020-06-23,88.88597869873047,90.3046443458434,87.85289780891296,88.27243705588172,212155600
2020-06-24,87.31697845458984,89.43406501341397,86.9435159931984,88.51496237301082,192623200
2020-06-25,88.47614288330078,88.51494484309887,86.71312185164297,87.47216900112456,137522400
2020-06-26,85.75765228271484,88.5925564218204,85.60971933565048,88.3718744192934,205256800
2020-06-29,87.73407745361328,87.82865862307958,85.1877569926391,85.66549550848868,130646000
2020-06-30,88.46644592285156,88.7526094686746,87.30241666099202,87.32181394171208,140223200
2020-07-01,88.29912567138672,89.08727257747864,88.25062876375057,88.54405984735594,110737200
2020-07-02,88.29912567138672,89.84147238829708,88.18515460811848,89.20610591273177,114041600
2020-07-06,90.66112518310547,91.12916130648333,89.69594591770318,89.72747297069945,118655600
2020-07-07,90.37983703613281,91.81790022041915,90.26828600853445,91.03945566141076,112424400
2020-07-08,92.48477935791016,92.51630641314865,91.26981841791165,91.35712467862727,117092000
2020-07-09,92.88250732421875,93.43056751509404,91.83487644851928,93.37721573714495,125642800
2020-07-10,93.04496765136719,93.10317429108636,91.86638865727205,92.47750286894541,90257200
2020-07-13,92.61573028564453,96.95902596441493,92.40232321566707,94.34965162813619,191649200
2020-07-14,94.14839172363281,94.33996671440302,91.0637057803454,91.99735078287982,170989200
2020-07-15,94.79585266113281,96.27271734408903,93.59786915923183,96.02293577834864,153198000
2020-07-16,93.62939453125,94.4854427364264,93.0304027910354,93.66819648454633,110577600
2020-07-17,93.44026947021484,94.2356912649812,92.96737837668047,94.08049080295564,92186800
2020-07-20,95.4094009399414,95.54763152313923,93.18319140296002,93.52755414344499,90318000
2020-07-21,94.09260559082031,96.27516602978264,93.84282396994556,96.19998954005356,103433200
2020-07-22,94.35691833496094,95.03836147832928,93.70700224247064,93.79430109039494,89001600
2020-07-23,90.0621337890625,94.16777018673336,89.25216234988122,94.09016627142198,197004400
2020-07-24,89.83902740478516,90.1833901651154,86.47303332227233,88.26031386604993,185438800
2020-07-27,91.9682388305664,92.06039256097253,90.67810880703217,90.90121082733599,121214000
2020-07-28,90.45743560791016,91.71604609920337,90.45258073696424,91.53901352618922,103625600
2020-07-29,92.19134521484375,92.37565266958501,90.9036352682461,90.94000979201954,90329200
2020-07-30,93.30689239501953,93.41116851340877,90.9570015743531,91.36441110716558,158130000
2020-07-31,103.07502746582031,103.22538040306863,97.80292791974138,99.80118772646902,374336800
2020-08-03,105.67229461669922,108.2913640186851,104.6586183859917,104.95689689079155,308151200
2020-08-04,106.37799072265625,107.46927088099201,105.13877762781757,105.8614502635959,173071600
2020-08-05,106.76358032226562,107.08369095937002,105.6334981524038,106.09911429734815,121776800
2020-08-06,110.48846435546875,110.98318005233068,106.506508834704,107.095798287908,202428800
2020-08-07,107.9764404296875,110.46661589150919,107.179584578467,110.00988008396922,198045600
2020-08-10,109.54584503173828,110.56378066058019,106.89532594642495,109.42194125871023,212403600
2020-08-11,106.28797149658203,109.30776282738468,106.02801970691873,108.80973072656776,187902400
2020-08-12,109.82039642333984,110.07791644345322,107.1844528144561,107.37880502863389,165598000
2020-08-13,111.7639389038086,112.7672986221406,110.71198742895228,111.20030714999548,210082000
2020-08-14,111.66432189941406,111.75420996900903,109.85438662016135,111.58900987277718,165565200
2020-08-17,111.3727798461914,112.81101111968458,110.74598779263943,112.78671524478968,119561600
2020-08-18,112.30083465576172,112.72598654466942,110.78972307405309,111.12498689269856,105633600
2020-08-19,112.44174194335938,113.85567747183467,112.34699766084464,112.70898176363043,145538000
2020-08-20,114.93677520751953,115.05095915162076,112.46603216773778,112.48304002227763,126907200
2020-08-21,120.85975646972656,121.34321254794537,115.88426180533297,115.89640603696287,338054800
2020-08-24,122.30525970458984,125.15013843519527,120.43945211980873,125.06509916365437,345937600
2020-08-25,121.3019027709961,121.64688641801345,119.57943117585931,121.1780064067377,211495600
2020-08-26,122.95149230957031,123.4082280829776,121.55213290407741,122.61866031262531,163022400
2020-08-27,121.48170471191406,123.88684852967005,120.33743327624663,123.5540164773564,155552400
2020-08-28,121.28491973876953,122.87376795038361,121.06140802616056,122.45590402911932,187630000
2020-08-31,125.3979263305664,127.30261317418659,122.44373480875961,123.97914215160894,225702700
2020-09-01,130.39283752441406,130.99534845473963,126.84586266163116,129.0129180085765,151948100
2020-09-02,127.69133758544922,134.0856242989173,123.41552988295788,133.70663231996068,200119000
2020-09-03,117.46825408935547,125.20358843955071,117.09898196053354,123.3280682941128,257599600
2020-09-04,117.54598999023438,120.20865338231157,107.76020880398585,116.68111019411374,332607200
2020-09-08,109.63573455810547,115.63158886854931,109.49968655275791,110.73383843385653,231366600
2020-09-09,114.00873565673828,115.77736730217215,112.0068798970881,113.95043148169943,176940500
2020-09-10,110.28681945800781,117.09896902670127,109.32476361414018,116.96292102510625,182274400
2020-09-11,108.83889770507812,111.97773703500987,106.89534596034459,111.33636140049826,180860300
2020-09-14,112.10403442382812,112.65794622230302,109.61629124668603,111.48209862954259,140150100
2020-09-15,112.27896881103516,115.47611185461919,110.40344135428404,114.99022398928534,184642000
2020-09-16,108.96519470214844,112.72596892054169,108.87773845742412,111.97770497523803,154679000
2020-09-17,107.22572326660156,109.03322659577087,105.64173160246284,106.6232270995851,178011000
2020-09-18,103.82451629638672,107.75049116786684,103.09568449283607,107.2840429654683,287104900
2020-09-21,106.97308349609375,107.07997942887015,100.19008504511055,101.58944459122996,195713800
2020-09-22,108.65425109863281,109.67461866621314,106.07905112970725,109.49969872360111,183055400
2020-09-23,104.09663391113281,108.94579342871626,103.75650642522785,108.46962532813541,150718700
2020-09-24,105.16556549072266,107.13826893890365,102.03644660847966,102.2016466950428,167743300
2020-09-25,109.1109848022461,109.26647248780473,104.63109780542541,105.36964948370711,149981400
2020-09-28,111.7153549194336,112.06519483137623,109.59688319225279,111.76394667933849,137672400
2020-09-29,110.86988067626953,112.05544815901067,110.36456059896766,111.31690400095869,99382200
2020-09-30,112.54134368896484,113.95042293050288,110.41315990508242,110.57835999800264,142675200
2020-10-01,113.49368286132812,114.39743454271479,112.56077909571286,114.31969070873184,116120400
2020-10-02,109.83009338378906,112.11377235625194,109.05267722245038,109.70376520376246,144712000
2020-10-05,113.21186828613281,113.35763612296132,110.34513295609943,110.6949727988638,106243800
2020-10-06,109.96614074707031,112.84259590260606,109.08182130955358,112.43444447771981,161498200
2020-10-07,111.83195495605469,112.2886907442599,110.9087635462189,111.38493900127487,96849000
2020-10-08,111.72506713867188,113.11470685692662,111.35578758231397,112.9689390012096,83477200
2020-10-09,113.66862487792969,113.69777696782543,111.67648137568933,112.02632128256141,100506900
2020-10-12,120.88887786865234,121.64686159864854,115.91338446731216,116.67136819730835,240226800
2020-10-13,117.6820297241211,121.85094815202251,116.27295799734162,121.73433240496897,262330500
2020-10-14,117.76952362060547,119.5575877167491,116.24383575511227,117.58488382722,150712000
2020-10-15,117.30306243896484,117.77923053145645,114.81531862538753,115.36923056556877,112559200
2020-10-16,115.66072845458984,118.1193269462499,115.45665646862143,117.8569433828195,115393800
2020-10-19,112.7065658569336,117.02124557068035,112.39559788284319,116.57422957130423,120639300
2020-10-20,114.19335174560547,115.62186305026543,112.36640888998728,112.9203206801555,124423700
2020-10-21,113.57144165039062,115.35950558309032,113.16329017526478,113.37708203983998,89946000
2020-10-22,112.48304748535156,114.70841493004065,111.35578401227829,114.13506335968486,101988000
2020-10-23,111.79307556152344,113.2604589200965,111.05452396584917,113.10497125192926,82572600
2020-10-26,111.80279541015625,113.26045893616059,109.69403654118432,110.79214780910604,111850700
2020-10-27,113.30904388427734,113.96985164953288,111.30718833691205,112.23037227607989,92276800
2020-10-28,108.06147003173828,112.17208508150478,107.96429393091981,111.80281293277008,143937800
2020-10-29,112.065185546875,113.62974518620118,109.03324236591982,109.19844988747217,146129200
2020-10-30,105.7874984741211,108.8291536074435,104.67967481973223,107.92540195106734,190272600
2020-11-02,105.70003509521484,107.55613016138878,104.29096335624901,106.03044267436084,122866900
2020-11-03,107.3228988647461,108.34325878897307,105.66116349038266,106.56491508844621,107624400
2020-11-04,111.70560455322266,112.32754035689703,109.17898942403805,110.91846867352281,138235500
2020-11-05,115.67046356201172,116.24381509607197,113.57143184766637,114.62094399780884,126387100
2020-11-06,115.53905487060547,116.03551019200556,113.04701195376393,115.1788748490344,114457900
2020-11-09,113.23199462890625,118.75146852760238,112.96916572142923,117.30102638050752,154515300
2020-11-10,112.89127349853516,114.46826159817878,111.10011726051921,112.48242528209808,138023400
2020-11-11,116.31782531738281,116.45410805937627,113.34879995040824,114.0788892511671,112295000
2020-11-12,116.04524230957031,117.33019898779234,115.42223346115063,116.44436129860394,103162300
2020-11-13,116.09391784667969,116.49302940870272,114.74081980829087,116.269139549406,81581900
2020-11-16,117.1063003540039,117.77797730868681,115.01337667932356,115.7629315909366,91183000
2020-11-17,116.22045135498047,117.46646891611805,115.80186663426858,116.37620726354791,74271000
2020-11-18,114.89657592773438,116.63905646851767,114.86737354648494,115.46118005472933,76322100
2020-11-19,115.49038696289062,115.89923517011198,113.70896736833065,114.46825901798518,74113000
2020-11-20,114.22489929199219,115.61693649962824,114.17623112885316,115.49039036324399,73604300
2020-11-23,110.82754516601562,114.49746457209459,110.73020141936897,114.06914317462709,127959300
2020-11-24,112.11251068115234,112.77445860760254,109.60100171666315,110.885966009348,113874200
2020-11-25,112.94966888427734,113.6505557267342,112.11249931432629,112.48241594054053,76499200
2020-11-27,113.49479675292969,114.37090528252364,113.13462416571154,113.47533097531714,46691300
2020-11-30,115.8895034790039,117.75853018018704,113.70896490077166,113.86472083929621,169410200
2020-12-01,119.46206665039062,120.19215587053868,116.82401182614447,117.79746411967523,127728200
2020-12-02,119.8125228881836,120.0948249747314,117.68065976068435,118.78065829638932,89004200
2020-12-03,119.67623138427734,120.49392777356492,118.96560791819012,120.24082808918226,78967600
2020-12-04,119.00455474853516,119.5983613009378,118.29393123559595,119.34526159986807,78260400
2020-12-07,120.46471405029297,121.2629445857138,119.00453569816821,119.06294045566084,86712000
2020-12-08,121.0780029296875,121.66208029231422,119.82224848300353,121.06827375333532,82225500
2020-12-09,118.54700469970703,122.60629848757797,117.78771319139744,121.2239981813297,115089200
2020-12-10,119.96827697753906,120.58155676972146,116.96031249401626,117.30101936364385,81312200
2020-12-11,119.1603012084961,119.50100803270227,117.34967931202699,119.17976698694284,86939800
2020-12-14,118.54700469970703,120.07532431759577,118.31337825719271,119.34523518624412,79184500
2020-12-15,124.48507690429688,124.50455010924838,120.83463079530905,121.03905488619017,157243700
2020-12-16,124.41693878173828,124.9620697049553,123.20012338037756,124.0275637947843,98208600
2020-12-17,125.28330993652344,126.13995272668132,124.64082784390504,125.47799742873109,94359800
2020-12-18,123.2974624633789,125.67268827051221,122.77179737031575,125.53640555307189,192541500
2020-12-21,124.8257827758789,124.90366074139115,120.17268202586978,121.70100182150271,121251600
2020-12-22,128.37887573242188,130.8417085111979,126.20806671895433,128.11603948994306,168904800
2020-12-23,127.48329162597656,128.91425252595747,127.30806252669929,128.65143115759162,88223700
2020-12-24,128.46649169921875,129.91694086606563,127.61959301416368,127.83375369258947,54930100
2020-12-28,133.06121826171875,133.69395641508856,129.96563173528466,130.43289960768968,124486200
2020-12-29,131.28953552246094,135.105467586539,130.77360687946737,134.3851222341288,121047300
2020-12-30,130.17002868652344,132.37976932791838,129.85851685438772,131.98065036313264,96452100
2020-12-31,129.16738891601562,131.16296911492586,128.2231389904879,130.5204870277971,99116600
2021-01-04,125.97447204589844,130.06296894085764,123.39482183574111,129.97536179433877,143301900
2021-01-05,127.531982421875,128.242613306386,125.0204736671036,125.46826826756664,97664900
2021-01-06,123.23908233642578,127.57095032339852,123.02492160278335,124.32935178639943,155088000
2021-01-07,127.44438171386719,128.13553942794485,124.46561985658641,124.95234603859188,109578200
2021-01-08,128.54432678222656,129.10893066849954,126.77263718871157,128.91422840491094,105158200
2021-01-11,125.55587768554688,126.7142883378028,125.08862472498865,125.76030921099948,100384500
2021-01-12,125.38064575195312,126.24701761180567,123.49214611607862,125.08860712256089,91951100
2021-01-13,127.41514587402344,127.96027667813408,125.07886675534918,125.34168812995227,88636800
2021-01-14,125.48773193359375,127.52224355209353,125.34170518524395,127.32755607466288,90221800
2021-01-15,123.7647476196289,126.76298303821044,123.62846486668002,125.36120909147559,111598500
2021-01-19,124.43639373779297,125.29303640790387,123.57002189323133,124.38771815813641,90757300
2021-01-20,128.52490234375,128.97269692470792,125.13729259464834,125.24437293876636,104319500
2021-01-21,133.23641967773438,135.96208925479198,130.0434971272025,130.2479286583061,120150900
2021-01-22,135.37802124023438,136.13731286135894,131.43553637442392,132.66208095000118,114459400
2021-01-25,139.1257781982422,141.23816756160053,132.91514878597044,139.27180493160114,157611700
2021-01-26,139.35943603515625,140.4691710725819,137.61694808504978,139.78775742744395,98390600
2021-01-27,138.2886199951172,140.46915831522645,136.68242977361535,139.62224478331817,140843800
2021-01-28,133.45053100585938,138.2204547141736,133.07088532031813,135.81602708784615,142621100
2021-01-29,128.45680236816406,133.10990427231604,126.7532604410124,132.22405890530754,177523800
2021-02-01,130.5789031982422,131.78598951100426,127.45411448597895,130.19925735971532,106239800
2021-02-02,131.40634155273438,132.6912909648265,131.03642489675576,132.12668680443446,83305400
2021-02-03,130.38417053222656,132.1655895740763,130.06292957185698,132.15584554716537,89880900
2021-02-04,133.7425994873047,133.75232866214105,131.01693030921246,132.68154013575978,84183100
2021-02-05,133.3282470703125,133.97168912108438,132.4508369108214,133.90345338134028,75693800
2021-02-08,133.4745330810547,133.5232814106689,131.53446261926186,132.61661008272995,71297200
2021-02-09,132.59707641601562,134.42016235628924,132.44110262440083,133.19177019449774,76774200
2021-02-10,131.9926300048828,133.55248682280848,131.0274669252529,133.0552748381974,73046600
2021-02-11,131.73919677734375,132.9675743269367,130.41332257065082,132.4898645085888,64280000
2021-02-12,131.97315979003906,132.12914848493614,130.33532312132203,130.9787653308469,60145100
2021-02-16,129.847900390625,132.59713112943632,129.45792856092905,132.09019006468793,80576300
2021-02-17,127.55680084228516,128.9021769728661,126.22118330017902,127.95651619642835,97918500
2021-02-18,126.45518493652344,126.7379014019475,124.21289601346298,125.95797287967874,96856700
2021-02-19,126.61113739013672,127.43007038216886,125.56799488227544,126.97186301044856,87668800
2021-02-22,122.8382797241211,126.46493488700048,122.44831544375612,124.79783740249141,103916400
2021-02-23,122.70177459716797,123.53044391763328,115.41921936454152,120.65447173544518,158273000
2021-02-24,122.20458221435547,122.40931177714582,119.16287735238498,121.80487424070276,111039900
2021-02-25,117.9539794921875,123.28672123283567,117.51527437819725,121.55138820352438,148199500
2021-02-26,118.21720886230469,121.71712094720249,118.15870939243611,119.51382934353043,164560400
2021-03-01,124.58334350585938,124.71982986571714,119.70880940251382,120.64471905780232,116307900
2021-03-02,121.98037719726562,125.49004121695306,121.87313682284052,125.18782240063729,102260900
2021-03-03,118.99713897705078,122.55555080343935,118.78265825970878,121.67813306792647,112966300
2021-03-04,117.11556243896484,120.49849054949536,115.64345838509743,118.69491428410296,178155000
2021-03-05,118.37320709228516,118.8801629015518,114.61981660015222,117.94425306669439,153766600
2021-03-08,113.4401626586914,117.96372988743823,113.29392514231552,117.89548670485603,154376600
2021-03-09,118.05148315429688,118.99714411910483,115.80920155325997,116.04317714685729,129525800
2021-03-10,116.96932983398438,119.10437082693089,116.45262294368767,118.63641969338748,111943300
2021-03-11,118.89965057373047,120.1182842596345,118.21721868480411,119.46509838909789,103026500
2021-03-12,117.99298095703125,118.12946732804168,116.16990981369923,117.37879228748427,88105100
2021-03-15,120.87870788574219,120.8884590376453,117.39829045128926,118.36345366505867,92403800
2021-03-16,122.41905975341797,124.02765763412758,121.59039037182497,122.54579497339591,115227900
2021-03-17,121.62938690185547,122.7017830040472,119.27010655149442,120.93720389555035,111932600
2021-03-18,117.50553894042969,120.08904396527872,117.30080936399335,119.79656889154106,121229700
2021-03-19,116.97908782958984,118.38295627751944,116.67686904236336,116.89134977056929,185549500
2021-03-22,120.29375457763672,120.76171313425421,117.24229884140365,117.31054202279068,111912300
2021-03-23,119.46508026123047,121.12241884739223,119.07511605332517,120.23525752640757,95467100
2021-03-24,117.07657623291016,119.81606991796893,117.05708136591241,119.73807557407793,88530500
2021-03-25,117.56402587890625,118.60718345893137,116.0139273940255,116.5403780411406,98844700
2021-03-26,118.1684799194336,118.4317089821302,115.93594193373995,117.33005928068575,94071200
2021-03-29,118.34396362304688,119.50410536738507,117.70052885181629,118.59744153314395,80819200
2021-03-30,116.891357421875,117.3788109495409,115.87745319177584,117.09608701094061,85671900
2021-03-31,119.08488464355469,120.42050239594532,118.10997769999379,118.59743117177423,118323800
2021-04-01,119.9135513305664,121.06394179532072,119.41634671803331,120.55699346889742,75089100
2021-04-05,122.74078369140625,122.99426157524732,119.98179530076379,120.7617238181442,88651200
2021-04-06,123.04301452636719,123.9399272027551,122.49706897342678,123.32573845569713,80171300
2021-04-07,124.69060516357422,124.71010003062226,121.99985979599343,122.67254799737614,83466700
2021-04-08,127.08882904052734,127.11807504939229,125.29500440930217,125.7142071202962,88844600
2021-04-09,129.6626434326172,129.70163317095958,126.22122258271084,126.54294370866688,106686700
2021-04-12,127.9468002319336,129.51640109938154,127.35210636598374,129.19468000377913,91420000
2021-04-13,131.0567169189453,131.28095619861375,128.619449864356,129.11666186406666,91266500
2021-04-14,128.7169647216797,131.61243958256816,128.35625390681537,131.55394754511985,87222800
2021-04-15,131.12498474121094,131.61243821608534,130.286564169391,130.46205515581354,89347100
2021-04-16,130.79354858398438,131.29074588188703,129.935625520087,130.93003499179508,84922400
2021-04-19,131.4564666748047,132.07066289352065,129.99410605950115,130.1598384774607,94264200
2021-04-20,129.76986694335938,132.12914001786334,128.5024849113631,131.63194282012853,94812300
2021-04-21,130.1501007080078,130.3938274883599,128.00530801609,129.03870718463844,68847100
2021-04-22,128.6291961669922,130.78373170695372,128.11249679084415,129.70158464304262,84566500
2021-04-23,130.9495391845703,131.72945302562363,128.84373611155925,128.84373611155925,78657500
2021-04-26,131.33946228027344,131.67092706494682,130.2085666757299,131.44670263718533,66905100
2021-04-27,131.01773071289062,132.01213986314156,130.74475798551163,131.6221681983873,66015800
2021-04-28,130.2280731201172,131.6319415185454,129.74061964154626,130.93975103357886,107760100
2021-04-29,130.13058471679688,133.63051222031285,129.12643167740748,133.04556205861587,151101000
2021-04-30,128.16127014160156,130.20856574635297,127.78105703815494,128.47323262027362,109839500
2021-05-03,129.2141571044922,130.70577838338053,128.5219815192614,128.7267036427075,75135100
2021-05-04,124.641845703125,128.19051366277054,123.52070128030383,127.89803861753046,137564700
2021-05-05,124.88558197021484,127.17660429874773,124.75883931076572,125.9579706529646,84000900
2021-05-06,126.48444366455078,126.49418737954478,123.93992827849607,124.68085970531065,78128300
2021-05-07,127.15827941894531,128.18365868536526,126.44537767413243,127.78327916566757,78973300
2021-05-10,123.87699890136719,126.50394796231055,123.83793549239249,126.3770049216638,88071200
2021-05-11,122.95903015136719,123.31058591748854,119.892615994426,120.60551014234991,126142800
2021-05-12,119.89263153076172,121.71880695136791,119.38482206893003,120.50787096501224,112172300
2021-05-13,122.04106140136719,123.1934058703671,121.34770266713772,121.66020248327753,105861300
2021-05-14,124.46292114257812,124.8926111424102,122.90042221216505,123.29104880741397,81918000
2021-05-17,123.31059265136719,123.95512773405065,122.23637496414497,123.84770522027007,74244600
2021-05-18,121.92387390136719,124.01371786549493,121.8555147978895,123.59379552967953,63342900
2021-05-19,121.76763153076172,121.99223682754793,119.9805196188087,120.27349147179841,92612000
2021-05-20,124.32621002197266,124.7266043537825,122.16800708745404,122.29496502221474,76857100
2021-05-21,122.49028015136719,125.00004641017311,122.27543512950636,124.82426479688547,79295400
2021-05-24,124.12114715576172,124.94146389287052,122.98833802904868,123.05669713625909,63092900
2021-05-25,123.92581939697266,125.31254421960261,123.35941119129158,124.82425537458776,72009500
2021-05-26,123.87699890136719,124.40434374665045,123.45707656811848,123.98442141340175,56575900
2021-05-27,122.34380340576172,124.6484925303121,122.14849379883397,123.4766199875777,94625600
2021-05-28,121.68949890136719,122.85161109201668,121.63090751379944,122.62699835536803,71311100
2021-06-01,121.3672103881836,122.41213217248166,121.03518264858519,122.14846352342303,67637100
2021-06-02,122.12895965576172,122.30474128408406,121.14263644461568,121.3672417498929,59278900
2021-06-03,120.64457702636719,121.92387199310579,120.24418267613345,121.7578580944845,76229200
2021-06-04,122.93950653076172,123.20318269390796,120.94731726161271,121.16216229807738,75169300
2021-06-07,122.94927215576172,123.35942679081123,121.90435013756394,123.21294086384106,71057600
2021-06-08,123.76956176757812,125.44925835272221,123.25198469832935,123.63284357760986,74403800
2021-06-09,124.15044403076172,124.75591573650723,123.55474004059155,124.22857085419675,56877900
2021-06-10,123.15435028076172,125.18560293992083,122.98833637271277,124.04301866252895,71186400
2021-06-11,124.36528778076172,124.45318231886102,123.14458411693292,123.56450647531338,53522400
2021-06-14,127.42191314697266,127.4805045322462,124.0918377902917,124.82425990854335,96906500
2021-06-15,126.60163879394531,127.53914591983998,126.35749802066934,126.89461070211054,62746300
2021-06-16,127.09963989257812,127.82230171440264,125.44926131088909,127.31448489633229,91815000
2021-06-17,128.7012176513672,129.44341498990488,126.61137364763495,126.75786702289925,96721700
2021-06-18,127.40242767333984,128.4278070000862,127.18758260077941,127.6465684465976,108953300
2021-06-21,129.19927978515625,129.30670230447237,126.18170388050524,127.24615390753081,79663300
2021-06-22,130.83987426757812,130.93753650393603,128.5351855604838,129.03324210427792,74783600
2021-06-23,130.56646728515625,131.17194646480604,130.10748149302736,130.63483384623305,60214200
2021-06-24,130.2832489013672,131.48441699311277,129.81448802069463,131.29886767382567,68711000
2021-06-25,129.9902801513672,130.7519979740222,129.69730831930764,130.33208310563106,70783700
2021-06-28,131.6211700439453,132.08015588124547,130.2246919993891,130.28328339969636,62111300
2021-06-29,133.1348419189453,133.2910955826677,131.2012512591816,131.64070164987749,64556100
2021-06-30,133.75006103515625,134.1895113589195,132.68559615169934,132.9785680012639,63261400
2021-07-01,134.0527801513672,134.11137153536558,132.5781607819675,133.39848486144226,52485800
2021-07-02,136.6797637939453,136.71881975736173,134.52155301126126,134.66803150053377,78852600
2021-07-06,138.69146728515625,139.79497322979873,136.78717260963688,136.78717260963688,108181800
2021-07-07,141.18170166015625,141.4941940308165,139.31646299700128,140.17582819219206,104911600
2021-07-08,139.88290405273438,140.68367804752438,137.37312972878914,138.26180572762215,105575500
2021-07-09,141.70901489257812,142.23635219741325,139.30666407881637,139.404326309902,99890800
2021-07-12,141.11331176757812,142.8906630545107,140.62503041198096,142.78324056023274,76299700
2021-07-13,142.22662353515625,144.00397520789517,140.2637374239949,140.65435663279786,100827100
2021-07-14,145.65435791015625,146.06452746184092,144.218809182764,144.62897873444868,127050800
2021-07-15,145.00003051757812,146.4844100450272,143.6426089138741,145.74222773188504,106820300
2021-07-16,142.9590301513672,146.2500420755194,142.46098847923267,144.9805223346472,93251400
2021-07-19,139.1114044189453,140.69344670327928,138.34968642696475,140.38093937263613,121434600
2021-07-20,142.7246856689453,143.6524324995489,139.60946201556987,140.09774354697396,96350000
2021-07-21,141.9922332763672,142.7051348899588,141.24029060622254,142.11919121599766,74993500
2021-07-22,143.35943603515625,144.72661812834664,142.39263340422124,142.5195913490058,77338200
2021-07-23,145.0781707763672,145.23442440451626,143.47660834075452,144.09184768836266,71447400
2021-07-26,145.49806213378906,146.3183711132942,144.2382880784698,144.79493589388113,72434100
2021-07-27,143.3301544189453,145.71297050212902,142.13874637735347,145.62506850801552,104818600
2021-07-28,141.5821075439453,143.52547338784896,139.19929130551824,141.41609361273288,118931200
2021-07-29,142.22662353515625,143.1152993715257,141.1914692207776,141.29889173837356,56699500
2021-07-30,142.44151306152344,142.90049897087195,140.73252741217075,140.9962036561134,70440600
2021-08-02,142.1094512939453,143.50592922511103,141.84577511280253,142.9297606339798,62880000
2021-08-03,143.90634155273438,144.5703973198966,141.77742620853948,142.39266574077612,64786600
2021-08-04,143.5059356689453,144.3262450458141,142.851640220645,143.818442994135,56368300
2021-08-05,143.61331176757812,144.37502949999453,142.74417153950483,143.53518496153995,46397700
2021-08-06,142.9287109375,143.8773972975789,142.42992307824377,143.13410295218878,54126800
2021-08-09,142.87982177734375,143.47641826359128,142.3223546901742,142.9874052395685,48908700
2021-08-10,142.40057373046875,144.46420892889094,142.10716298252666,143.22211188591413,69023100
2021-08-11,142.65489196777344,143.49599503680233,142.33214155394316,142.84071932029642,48493500
2021-08-12,145.6182861328125,145.77477386971125,142.6353039384577,142.97761899748718,72282600
2021-08-13,145.82369995117188,146.15622524916978,145.01193648359285,145.6965517804986,59375000
2021-08-16,147.7992706298828,147.8677396068058,143.25145612128088,145.27596199320675,103296000
2021-08-17,146.8897247314453,148.3469738946529,145.81389018106398,146.92883920441727,92229700
2021-08-18,143.14389038085938,147.4080844695857,142.938498348175,146.50830231259667,86326000
2021-08-19,143.47642517089844,144.74786207926644,141.32477074631083,141.8431233828503,86960300
2021-08-20,144.93370056152344,145.23688628655097,143.5546800797901,144.20018093381358,60549600
2021-08-23,146.42031860351562,146.8897670318289,144.64030363910405,145.05107287931523,60131800
2021-08-24,146.33224487304688,147.54500248159704,145.8725714606484,146.1659822444016,48606400
2021-08-25,145.09996032714844,147.01689814902136,144.55226807046895,146.51809526108525,58991300
2021-08-26,144.2979736328125,145.84325676235127,144.2686340417797,145.09018736118287,48597200
2021-08-27,145.3346710205078,145.48136895257556,143.60356080464544,144.23927174159581,55802400
2021-08-30,149.7552947998047,150.11717446738794,145.3444041359184,145.72583357316367,90956700
2021-08-31,148.49368286132812,149.44236923362013,147.96554048732443,149.3054461965621,86453100
2021-09-01,149.15872192382812,151.57444704677317,148.9924593146708,149.47169736941174,80313700
2021-09-02,150.273681640625,151.3201765731345,149.05114919993167,150.48884854406634,71115500
2021-09-03,150.90939331054688,151.23214363543914,149.72597545260857,150.38125098854488,57808700
2021-09-07,153.24688720703125,153.80435423363667,150.99742455621305,151.56468139327094,82278300
2021-09-08,151.70159912109375,153.58918195944025,150.59642507001544,153.53050279274424,74420200
2021-09-09,150.6844940185547,152.67966077073964,150.56712073419473,152.07328934160887,57305700
2021-09-10,145.69651794433594,152.06346111215902,145.43244677560867,151.59401286380336,140893200
2021-09-13,146.26382446289062,148.09272872223804,145.48140050070867,147.3200945733119,102404300
2021-09-14,144.86520385742188,147.7503924466826,143.6818007748944,147.04621254489265,109296300
2021-09-15,145.75523376464844,146.15622806180076,143.15368066284816,145.2955602871313,83281300
2021-09-16,145.52049255371094,145.69654500672686,143.98499938228917,145.1781923829195,68034100
2021-09-17,142.85049438476562,145.54985605884855,142.55708356060515,145.54985605884855,129868800
2021-09-20,139.7990264892578,141.65726975585443,138.1657250042302,140.64012937196273,123478900
2021-09-21,140.27828979492188,141.42259357419263,139.64257873843403,140.76730289175725,75834000
2021-09-22,142.64511108398438,143.21235308306478,140.54234603803783,141.27586560496235,76404300
2021-09-23,143.60354614257812,143.84805262005506,142.4396929220293,143.42749371857937,64838200
2021-09-24,143.6915740966797,144.22949136628228,142.36145817706782,142.45926674371992,53477900
2021-09-27,142.17567443847656,142.75272128103052,140.65974565510493,142.2734830351119,74150700
2021-09-28,138.7917022705078,141.56929310981445,138.57653531162535,140.102253802977,108972300
2021-09-29,139.6914825439453,141.2758801966286,138.90905860704783,139.3393925185162,74602000
2021-09-30,138.3906707763672,141.20739026450596,138.17550387527373,140.50321039247126,89056700
2021-10-01,139.51544189453125,139.77951316685906,136.0532354539415,138.78192218967357,94639600
2021-10-04,136.08255004882812,139.08509731906585,135.23167212302508,138.6449736382081,98322000
2021-10-05,138.00924682617188,139.11442096062234,136.2977013587978,136.42484951189164,80861100
2021-10-06,138.87969970703125,139.02639764577518,135.32946035449564,136.4052949835953,83221100
2021-10-07,140.14129638671875,141.05086805052895,139.58382949634105,139.91635465365323,61732700
2021-10-08,139.7599334716797,141.01180577314355,139.42740815611788,140.86510781730598,58773200
2021-10-11,139.67190551757812,141.62795772548145,138.69387941362646,139.1437779877816,64452200
2021-10-12,138.40042114257812,140.10219135240365,137.94074783745552,140.0826266584547,73035900
2021-10-13,137.8136444091797,138.29286758829517,136.1412134172162,138.13639477336537,78762700
2021-10-14,140.6010284423828,140.7184017237602,138.40046969110713,138.98729132751163,69907100
2021-10-15,141.6573028564453,141.71598203721894,140.3565262964831,140.61082264449493,67940300
2021-10-18,143.32972717285156,143.6133481739968,140.01421930853004,140.29784030967528,85589200
2021-10-19,145.4911651611328,145.89215946553824,143.32973571996214,143.77961939322623,76378900
2021-10-20,145.98016357421875,146.45940171355207,144.86521446863128,145.43247137126255,58418800
2021-10-21,146.19534301757812,146.35183078139093,144.62072033751141,145.54006729554342,61421000
2021-10-22,145.4226837158203,146.87993285856993,145.3737794326728,146.40070968480316,58883400
2021-10-25,145.373779296875,146.08773407498782,144.3761886308666,145.4128937692613,50720600
2021-10-26,146.03887939453125,147.5254684740955,145.73567873669694,146.04865428407604,60893400
2021-10-27,145.57913208007812,146.43978455204186,145.22704222952862,146.0779198169033,56094900
2021-10-28,149.21743774414062,149.804244404835,146.43005760449074,146.5278661763529,100077900
2021-10-29,146.50833129882812,146.6452543732099,143.1928229973374,143.985021850796,124953200
2021-11-01,145.68675231933594,146.4104819724985,144.5522386338212,145.71609190400514,74588300
2021-11-02,146.7234649658203,148.23940825327995,145.38355919540496,145.39334900645795,69122000
2021-11-03,148.16119384765625,148.6306422432943,146.52789189067994,147.0853590623447,54511500
2021-11-04,147.64280700683594,149.08049145321388,147.32983153314007,148.24917833275668,60394600
2021-11-05,148.17169189453125,149.07278712412187,146.976757690118,148.76915899673787,65463900
2021-11-08,147.34896850585938,148.45575560494797,147.07472275577462,148.29903947767883,55020900
2021-11-09,147.7113800048828,148.3186363926463,146.97678987957883,147.1139127718246,56787900
2021-11-10,144.88075256347656,147.04535126438861,144.81219859350324,146.93761078705322,65187100
2021-11-11,144.831787109375,146.35973220816493,144.64568854947308,145.89940280376894,41000000
2021-11-12,146.90823364257812,147.3097982131486,144.449795829464,145.38027365145768,63804000
2021-11-15,146.91799926757812,148.75937630755206,146.3597036966309,147.28039221661786,59222800
2021-11-16,147.89749145507812,148.37742909241703,146.2715949157919,146.8592730453793,59256200
2021-11-17,150.33633422851562,151.81530374274254,147.88770029718108,147.89748945260723,88807000
2021-11-18,154.6262969970703,155.4098626732955,149.9053395784081,150.5517823821893,137827700
2021-11-19,157.25125122070312,157.71159552855715,153.31384424629613,154.41082730572364,117305600
2021-11-22,157.71160888671875,162.29544415495414,157.69201563177705,158.35803684704905,117467900
2021-11-23,158.0935516357422,158.47553780293393,155.79183053518273,157.80950182574782,96041900
2021-11-24,158.61268615722656,158.8085738483819,156.35994034575776,157.4471342187338,69463600
2021-11-26,153.58807373046875,157.15328324096114,153.14732272261747,156.2913744764638,76959800
2021-11-29,156.94761657714844,157.8780943084946,155.52739720558188,156.09548196515397,88748200
2021-11-30,161.90367126464844,162.11915223655976,156.63420649835714,156.70277541909022,174048100
2021-12-01,161.38455200195312,166.8009284808444,161.1494777894876,164.03886252915143,152052500
2021-12-02,160.39527893066406,160.82624080588923,154.55774519881157,155.47843376037946,136739200
2021-12-03,158.51473999023438,161.57064486360198,156.43830349501886,160.64995624545222,118023100
2021-12-06,161.9232635498047,164.43066217672398,160.90462351682206,160.91441267175034,107497000
2021-12-07,167.66285705566406,168.05464745577578,164.881212468611,165.606013499861,120405400
2021-12-08,171.48269653320312,172.34462027485748,167.19268602213367,168.593312102322,116998900
2021-12-09,170.97337341308594,173.11837862863902,170.3465238704593,171.3161880617465,108923700
2021-12-10,175.7628936767578,175.93920304428585,171.1007012965135,171.6100212029294,115402700
2021-12-13,172.12913513183594,178.3878413686235,171.92344335477927,177.3985839315142,153237000
2021-12-14,170.74810791015625,174.08804749115933,168.67167154672788,171.64920321778123,139380400
2021-12-15,175.6160125732422,175.81190028087914,168.76962734356553,171.5121000863054,131063300
2021-12-16,168.7206573486328,177.41820935643656,167.24168791922142,175.5964252181878,150185800
2021-12-17,167.6236572265625,169.90578548213614,166.20345276063674,166.43851201579665,195432700
2021-12-20,166.26222229003906,167.07517044282818,164.01928047689202,164.82242453025603,107499100
2021-12-21,169.43565368652344,169.6413305368034,165.64515876193008,168.03502751462352,91185900
2021-12-22,172.03121948242188,172.24670045723798,168.61292124127107,169.48463429565436,92135300
2021-12-23,172.6580352783203,173.21633086134378,171.6687927754853,172.23687751170715,68356600
2021-12-27,176.62484741210938,176.71299463822913,173.43183445537653,173.4514127643316,74919600
2021-12-28,175.60621643066406,177.60430999681327,174.86183712980394,176.45835116267244,79144300
2021-12-29,175.69435119628906,176.91866791508298,174.4798236309474,175.6453755384828,62348900
2021-12-30,174.5386199951172,176.85993507638065,174.4308795065752,175.7825301909609,59773000
2021-12-31,173.9215850830078,175.54746672076513,173.61794190920978,174.43089020072648,64062300
2022-01-03,178.2703094482422,179.12244407617163,174.05867174915193,174.17620137564992,104487900
2022-01-04,176.0078125,179.18124760864967,175.43972760704736,178.8776193777369,99310400
2022-01-05,171.32598876953125,176.46811917460536,171.0517430102158,175.91962765597447,94537600
2022-01-06,168.46600341796875,171.69820298422886,168.11339955718992,169.15161788468467,96904000
2022-01-07,168.63246154785156,170.56198561495097,167.51588545861432,169.33766907213513,86709100
2022-01-10,168.65208435058594,168.95571251516662,164.71467747425172,165.6059836604726,106765600
2022-01-11,171.48269653320312,171.58063290230876,167.3102305884416,168.77941063247667,76138300
2022-01-12,171.92344665527344,173.5395387171234,171.22804314076478,172.5013205493631,74805200
2022-01-13,168.65208435058594,172.9910557649256,168.26029402106818,172.16831849084767,84505800
2022-01-14,169.51400756835938,170.20941111487983,167.57467907053888,167.81954242119846,80440800
2022-01-18,166.31121826171875,168.99491146380436,165.92923196932753,167.98607548786666,90956700
2022-01-19,162.8145751953125,167.56493135084568,162.53054021423367,166.50711962099675,94815000
2022-01-20,161.12991333007812,166.19368686782633,160.80669183465463,163.54916502241554,91420500
2022-01-21,159.07301330566406,162.9124684305105,158.96527284535048,161.0417090492799,122848900
2022-01-24,158.29928588867188,158.9653221075386,151.52146877699158,156.73216909742968,162294600
2022-01-25,156.49703979492188,159.41580630840494,153.7937541930319,155.71347420233516,115798400
2022-01-26,156.40892028808594,161.01234841002858,154.57734716045317,160.14063545703362,108275300
2022-01-27,155.94859313964844,160.4736636918006,155.02790442490624,159.112223875077,121954600
2022-01-28,166.83029174804688,166.8498849998228,159.45500918063075,162.30522203050273,179935700
2022-01-31,171.18890380859375,171.404384802253,166.02717900729996,166.6638328323027,115541600
2022-02-01,171.02236938476562,171.2476394960686,168.76962343591478,170.43469133018758,86213900
2022-02-02,172.2270965576172,172.266283066221,169.7686736999572,171.15949584991125,84914300
2022-02-03,169.34750366210938,172.61888970067017,168.5835311300311,170.8950419808838,89418100
2022-02-04,169.0631103515625,170.7401162961765,167.38610440694853,168.3668057872498,82465400
2022-02-07,168.34722900390625,170.59302893361408,167.65092433011057,169.5240678524441,77251200
2022-02-08,171.45602416992188,171.96599307785382,168.12163049721661,168.4158439042664,74829200
2022-02-09,172.8780059814453,173.24086063611506,171.5246335396632,172.65244889591918,71285000
2022-02-10,168.7982940673828,172.09345086021537,168.23930213729957,170.77931477893978,90865900
2022-02-11,165.38546752929688,169.73978371917386,164.79704076038374,169.00425774018962,98670700
2022-02-14,165.62081909179688,166.30730692089233,163.3455851847236,164.13995074155633,86185500
2022-02-15,169.45538330078125,169.61229911156767,166.96440840288716,167.67051458711066,62527400
2022-02-16,169.2200164794922,169.99476394129306,166.7682631690513,168.53352854543166,61177400
2022-02-17,165.62081909179688,168.5923424525554,165.21872801892943,167.72932063065696,69589300
2022-02-18,164.07135009765625,167.24881311236203,162.9827709259436,166.54272185911768,82772700
2022-02-22,161.1488494873047,163.4731068473456,159.02071443579257,161.79610099125685,91162800
2022-02-23,156.9808807373047,162.94353209804362,156.66704910552062,162.3453036437316,90009200
2022-02-24,159.5993194580078,159.70719718910948,149.06658313119078,149.6353916256984,141147500
2022-02-25,161.66860961914062,161.9333881865455,157.76540780776472,160.6780917637284,91974200
2022-02-28,161.93341064453125,162.22762405787608,159.29532147992174,159.9131681515143,95056600
2022-03-01,160.05047607421875,163.38487003337303,158.8442174624351,161.52152827152648,83474400
2022-03-02,163.34561157226562,164.13017563125035,159.80527916281847,161.21749147612806,79724800
2022-03-03,163.02200317382812,165.65029092720997,162.3551333488954,165.21877988081016,76678400
2022-03-04,160.02102661132812,162.35510045432284,158.9716840195684,161.3155594882437,83737200
2022-03-07,156.2257080078125,161.8353202073776,155.9707161123603,160.2073525837716,96418800
2022-03-08,154.401611328125,159.73662866525098,152.7932618336368,155.75498387793954,131148300
2022-03-09,159.80526733398438,160.25639649791017,156.33359145766846,158.36363528455044,91454900
2022-03-10,155.46075439453125,157.29466080253508,152.96976503092125,157.1083251850628,105342000
2022-03-11,151.74386596679688,156.20605863983377,151.51830892022346,155.86280729409629,96970100
2022-03-14,147.7131805419922,151.14563405850396,147.20322679384205,148.527164171625,108732100
2022-03-15,152.09698486328125,152.5677323353664,147.4778893963599,147.9878433779772,92964300
2022-03-16,156.5101318359375,156.9122229988077,151.4791438617729,154.01915688013034,102300200
2022-03-17,157.52023315429688,157.89290442537197,154.58794593498652,155.549028989307,75615400
2022-03-18,160.81536865234375,161.30571922205453,156.67680864683973,157.4123345014059,123511700
2022-03-21,162.1884002685547,163.13968181166422,159.8641278042269,160.35447849802293,95811400
2022-03-22,165.56201171875,166.15042355950408,161.7274657879275,162.3158776286816,81532000
2022-03-23,166.92518615722656,169.30828329467843,164.41457808924804,164.74802792669965,98062700
2022-03-24,170.71067810058594,170.77931940838405,166.9251705809909,167.75875768604743,90131400
2022-03-25,171.34812927246094,171.89731959636083,169.4161465488256,170.52434378661113,80546200
2022-03-28,172.21115112304688,172.33863211398676,168.68062052174977,168.84733794398963,90371900
2022-03-29,175.50633239746094,175.55535549692144,172.936884505865,173.28013598798506,100589400
2022-03-30,174.33929443359375,176.1437814426428,173.2899367384836,175.10424033882794,92633200
2022-03-31,171.24024963378906,174.59424618696573,171.0342957824536,174.40791055107027,103049300
2022-04-01,170.946044921875,171.5050518578882,168.62178757896973,170.67144974905557,78751300
2022-04-04,174.99635314941406,175.0453912102986,171.0735477076942,171.20104367313095,76468400
2022-04-05,171.6815643310547,174.85904187741096,171.05391610805626,174.0744778575844,73401800
2022-04-06,168.51393127441406,170.27919687020847,166.84674180895354,169.03370184368734,89058800
2022-04-07,168.81796264648438,170.01441972348906,166.57216270219604,167.85687932644254,77594700
2022-04-08,166.80747985839844,168.4648674430598,165.93465630346196,168.4648674430598,76575500
2022-04-11,162.55126953125,165.7679691730941,162.30609416242459,165.45415248244237,72246700
2022-04-12,164.4243927001953,166.59173431379904,163.42407312851623,164.77744578641645,79265200
2022-04-13,167.1115264892578,167.73917483894797,163.55159028656504,164.15962041661322,70618900
2022-04-14,162.10012817382812,167.96473333287506,161.85495282329552,167.32726844290085,75329400
2022-04-18,161.8843536376953,163.3848252707186,160.41330184341265,160.75653828349098,69023900
2022-04-19,164.16941833496094,164.58132611655063,160.74677981846057,161.8353590370808,67723800
2022-04-20,164.00267028808594,165.62083637298807,162.89448802131358,165.50314204406817,67929800
2022-04-21,163.20831298828125,168.21969736612456,162.70816069883412,165.65026467883652,87227800
2022-04-22,158.6676483154297,164.63031369845396,158.38325153783305,163.2475363117759,84882400
2022-04-25,159.73663330078125,160.0210300948507,155.40193532965264,158.01058942731927,96046400
2022-04-26,153.77394104003906,159.20701874643933,153.69548315348126,159.1187592356787,95623200
2022-04-27,153.5484161376953,156.70626068843154,152.38137914765707,152.90114966122312,88063200
2022-04-28,160.48196411132812,161.3449860653006,155.862854289535,156.17668589618484,130216800
2022-04-29,154.6075897216797,162.99259076908385,154.21531509666804,158.71673151345885,131747600
2022-05-02,154.91159057617188,155.17636916422146,150.31209888761785,153.68571389859628,123055300
2022-05-03,156.40223693847656,157.60851029484962,153.30323224685807,155.09790243206862,88966500
2022-05-04,162.81605529785156,163.26716957480116,156.1865040661354,156.58859524312854,108256500
2022-05-05,153.7445526123047,160.91347698312873,151.9596689981739,160.68791986588977,130525300
2022-05-06,154.47134399414062,156.59277501720737,151.4266967858706,153.22401904266582,116124600
2022-05-09,149.3445281982422,153.04720818256274,148.78471498335946,152.16327128379606,131577900
2022-05-10,151.7507781982422,153.94096598283207,150.1989918029188,152.74275136095326,115366700
2022-05-11,143.8838653564453,152.6740370686738,143.2061846849442,150.75886233593417,142689800
2022-05-12,140.01419067382812,143.58918770892123,136.32134136947613,140.22044713133192,182602000
2022-05-13,144.48294067382812,145.45526685384394,140.55437184575726,142.00793811597927,113990900
2022-05-16,142.9409637451172,144.88561601712348,141.60524980458257,142.95079475797485,86643800
2022-05-17,146.57492065429688,147.09545486873625,144.06062380512492,146.2017017887358,78336300
2022-05-18,138.3052978515625,144.72850245560213,137.40171366939953,144.22761523431257,109742900
2022-05-19,134.89724731445312,139.13027811714653,134.1606406090294,137.3820660685117,136095600
2022-05-20,135.13296508789062,138.18742845795921,130.24190028158935,136.60617864285032,137426100
2022-05-23,140.55438232421875,140.7016976717336,135.19187888015,135.32937819993117,117726300
2022-05-24,137.85345458984375,139.43470384222053,134.87756546678344,138.29541550178678,104132700
2022-05-25,138.01065063476562,139.257960660006,135.86957246588344,135.9579616828589,92482700
2022-05-26,141.21246337890625,141.7624608431334,134.69103704278567,134.93657269548044,90601500
2022-05-27,146.96775817871094,147.00703727273068,142.66597054796807,142.79365382955837,90978500
2022-05-31,146.18206787109375,147.969574191578,144.21778311608426,146.40797140805827,103718400
2022-06-01,146.0543975830078,149.03028774780992,145.0427771604216,147.223134407982,74286600
2022-06-02,148.5097198486328,148.5686459793301,144.2373955374819,145.1900746138875,72348100
2022-06-03,142.78384399414062,145.327588805216,141.88027492949882,144.27668941243508,88570300
2022-06-06,143.5302734375,145.91688699135824,142.31241160472894,144.40437947478588,71598400
2022-06-07,146.0543975830078,146.33921227466968,141.52672068431926,141.77225627538414,67808200
2022-06-08,145.31777954101562,147.1936599216941,144.8267083969664,145.92670296402,53950200
2022-06-09,140.0927734375,145.3079465173713,139.98473718785118,144.45348753415902,69473000
2022-06-10,134.68116760253906,138.2463336751748,134.61241045362357,137.7749096051149,91437900
2022-06-13,129.52493286132812,132.78563754326257,129.09278784637604,130.49724415866797,122207100
2022-06-14,130.38919067382812,131.49901613498997,129.1320498799016,130.75259347181498,84784300
2022-06-15,133.01150512695312,134.88740024350506,129.79991106375064,131.8918636674431,91533000
2022-06-16,127.7374267578125,130.02582014414816,126.73563740296159,129.7213584251009,108123900
2022-06-17,129.21063232421875,130.70349274398822,127.49188338256819,127.74724995941777,134520300
2022-06-21,133.44366455078125,134.61241624219525,130.93921376781023,131.03741900238268,81000500
2022-06-22,132.93296813964844,135.29991972582334,131.5186808102628,132.38295585554104,73409200
2022-06-23,135.80079650878906,136.11507419750754,133.2079418850883,134.37669341757493,72433800
2022-06-24,139.13027954101562,139.375815112003,137.27403122380292,137.40169953003104,89116800
2022-06-27,139.13027954101562,140.92760171899965,138.45259896728206,140.15170092235036,70207900
2022-06-28,134.98562622070312,140.85883237422544,134.86777395244602,139.59187553155968,67083400
2022-06-29,136.74365234375,138.15793948922365,134.2293707457082,135.00527146488074,66242400
2022-06-30,134.2784881591797,135.89901685954254,131.38117155043633,134.7990223471169,98964500
2022-07-01,136.44900512695312,136.55704136561366,133.23741100607202,133.6106148417446,71051600
2022-07-05,139.0320587158203,139.08116882706545,134.4847351652157,135.30974606974897,73353800
2022-07-06,140.3677520751953,141.54631963942614,138.56061414428805,138.82579671678738,74064300
2022-07-07,143.73651123046875,143.93293666537267,140.72132760332855,140.7311436298687,66253700
2022-07-08,144.41416931152344,144.9150713790322,142.41060600038625,142.66595755400886,64547800
2022-07-11,142.28292846679688,144.02132426836204,141.2123971200697,143.0686451840122,63141600
2022-07-12,143.25526428222656,145.79900902596674,142.4597314847581,143.1570440660671,77588800
2022-07-13,142.89187622070312,143.83472435454556,139.58204676627264,140.43652068379964,71185600
2022-07-14,145.81866455078125,146.29008864591398,140.69188068401962,141.50706056941064,78140700
2022-07-15,147.4883270263672,148.16600770138874,145.55350523889854,147.10529207782946,76259900
2022-07-18,144.4436798095703,148.86332029894717,144.08027695642463,148.04814036588357,81420900
2022-07-19,148.30349731445312,148.52938586254203,144.28653863291348,145.27849702782842,82982400
2022-07-20,150.3070526123047,150.9749171763546,147.6847344414976,148.42134117440867,64823400
2022-07-21,152.57579040527344,152.79186287917176,149.22668204614965,151.74096357554814,65086600
2022-07-22,151.33827209472656,153.48916568446282,150.67042266234586,152.61505981778862,66675400
2022-07-25,150.2186737060547,152.27134767920083,149.5606401112027,151.25974222884446,53623900
2022-07-26,148.89276123046875,150.3561434947877,148.1070444852617,149.54096368293668,55138700
2022-07-27,153.99008178710938,154.52044701167125,149.44277321253915,149.85527117258624,78620700
2022-07-28,154.5400848388672,154.82489948966665,151.65258430440582,154.17668202554245,81378700
2022-07-29,159.6079559326172,160.70796561063992,156.65171270547043,158.36064587550854,101786900
2022-08-01,158.62579345703125,160.66865118760447,158.01687004208316,158.1347223194791,67829400
2022-08-02,157.152587890625,159.50973846034333,156.7793839981374,157.24099208938756,59907000
2022-08-03,163.1632843017578,163.61506130985597,157.8793546055034,157.96774380452692,82507500
2022-08-04,162.8489990234375,164.20436008201335,161.49363796486168,163.0454244700845,55474100
2022-08-05,162.622802734375,163.1145559751719,160.31155649978248,160.51809946404907,56697000
2022-08-08,162.1507110595703,165.04222255656555,161.49176350864772,163.62597080235415,60276900
2022-08-09,162.1998748779297,163.0850396486981,160.5574209787257,161.31472511427808,63135500
2022-08-10,166.44863891601562,166.54698055787682,164.14722239112217,164.91435623038078,70170500
2022-08-11,165.71104431152344,168.16981098772024,165.41598930895566,167.2551419804722,57149200
2022-08-12,169.26144409179688,169.3302817306664,166.60596501556313,167.0190508772423,68039400
2022-08-15,170.33348083496094,170.5301791193321,168.52383260735886,168.6910268994302,54091700
2022-08-16,170.1761016845703,170.84489380290904,168.8287027941199,169.93022509830618,56377100
2022-08-17,171.6710662841797,173.24466771389544,169.72372757411412,169.92042587693876,79542000
2022-08-18,171.2776336669922,172.01526346746522,170.26462327491188,170.8842371095866,62290100
2022-08-19,168.69107055664062,170.87445659458973,168.4845275499715,170.17616024616845,70346300
2022-08-22,164.80621337890625,167.0584369610205,164.38329772382542,166.89124263458586,69026800
2022-08-23,164.4717559814453,165.92735612503327,163.90132052092278,164.32423603782541,54147100
2022-08-24,164.766845703125,165.33728128422243,163.5079585610888,164.5603177384026,53841500
2022-08-25,167.22561645507812,167.3338027751895,165.57333266477946,165.99623327523008,51218200
2022-08-26,160.9213409423828,168.22880259575382,160.86233294904275,167.75672364191396,78961000
2022-08-29,158.7183074951172,160.21322679343027,157.1840395269367,158.4920901611805,73314000
2022-08-30,156.2890167236328,159.87880933569366,155.118641623387,159.45590875707995,77906200
2022-08-31,154.6269073486328,157.93149009277647,154.54822502054373,157.66593911136576,87991100
2022-09-01,155.35470581054688,155.80711043286672,152.11896076188796,154.056469922945,74229900
2022-09-02,153.24014282226562,157.71510032446895,152.41400097767612,157.11516076913463,76957800
2022-09-06,151.98126220703125,154.49903651153815,151.15512032719968,153.88926726791752,73714800
2022-09-07,153.38766479492188,154.0859459351541,151.07641875135508,152.26646809885722,87449600
2022-09-08,151.91241455078125,153.78107082360773,150.1617592438652,152.08943851032333,84923800
2022-09-09,154.7744140625,155.21700399593914,152.19763181879884,152.9057577037595,68028800
2022-09-12,160.73446655273438,161.5507787814024,156.672594749297,156.95780504262976,104956000
2022-09-13,151.30262756347656,157.89211772902357,150.8403783347764,157.26267420589616,122656600
2022-09-14,152.74838256835938,154.50886749732993,151.07642462426648,152.23695501832623,87965400
2022-09-15,149.85687255859375,152.67954626691656,148.88321078041434,152.09926605765543,90481100
2022-09-16,148.21441650390625,148.85370468985187,145.92284471335466,148.71601438946803,162278800
2022-09-19,151.93206787109375,152.0107501857091,146.64081352548533,146.84734147012324,81474200
2022-09-20,154.31214904785156,155.47269441025097,150.5551623818667,150.86987662798256,107689800
2022-09-21,151.18458557128906,156.12179126652225,151.0665696207393,154.74487347927777,101696800
2022-09-22,150.22079467773438,151.92225679396847,148.42097590441998,149.86673172221157,86652500
2022-09-23,147.9488525390625,148.97170754367346,146.1097004729062,148.6963269671511,96029900
2022-09-26,148.28329467773438,151.23381448556898,147.171927414505,147.19160174855077,93339400
2022-09-27,149.25692749023438,152.16811306913462,147.47678328794686,150.22077457787657,84442700
2022-09-28,147.3686065673828,148.1554147485666,142.45107419388137,145.20489532446575,146691400
2022-09-29,140.12998962402344,144.30006222073425,138.3596750779143,143.69029304650877,128138200
2022-09-30,135.92059326171875,140.739784043771,135.72389496609006,138.9497950371784,124925300
2022-10-03,140.10047912597656,140.71026327900083,135.4189942166646,135.93042173003832,114311700
2022-10-04,143.69032287597656,143.80833886784444,141.8806592936553,142.63796359142103,87830100
2022-10-05,143.98532104492188,144.94916805569278,140.65123517873155,141.69376449693982,79471000
2022-10-06,143.0313262939453,145.1065253655181,142.8247983571862,143.40506352233135,68402200
2022-10-07,137.77944946289062,140.73981422288003,137.15000577763516,140.18903786705042,85925600
2022-10-10,138.1039581298828,139.54971364677584,136.2844804095271,138.1039581298828,74899000
2022-10-11,136.6876983642578,139.0186184488053,135.94023899526678,137.59252233949377,77033700
2022-10-12,136.05825805664062,138.04494498633176,135.88123412590454,136.83523643828954,70433700
2022-10-13,140.631591796875,141.22168665886508,132.15375604675947,132.76354024673512,113224000
2022-10-14,136.09764099121094,142.1363705990491,135.9107723458466,141.92982762072035,88598000
2022-10-17,140.0611572265625,140.5430657827838,137.95645402263972,138.7432621845146,85250900
2022-10-18,141.37905883789062,144.2804000004446,138.2908490399077,143.0903655439518,99136600
2022-10-19,141.48724365234375,142.55926212019432,139.16616774549112,139.35303637893844,61758300
2022-10-20,141.02499389648438,143.4837601022304,140.29719369702107,140.6611013003117,64522000
2022-10-21,144.84100341796875,145.41143897685419,140.29719327846567,140.51356590449524,86548600
2022-10-24,146.98501586914062,147.75214959476102,143.59192208164805,144.7622969983835,75981900
2022-10-25,149.82737731933594,149.97491229930705,146.89653213741997,147.6144876838341,74732300
2022-10-26,146.8866729736328,149.4831290241877,145.5982671053076,148.47011872840665,88194300
2022-10-27,142.4117431640625,146.5916457586151,141.75279561471663,145.62781359762897,109180200
2022-10-28,153.17127990722656,154.90224563044006,145.38191164209258,145.75563383941002,164762400
2022-10-31,150.81085205078125,151.69601672276417,149.41427490924212,150.63382812065376,97943200
2022-11-01,148.1652374267578,152.8860712842191,146.6703184608035,152.52217870801033,80379300
2022-11-02,142.637939453125,149.66017491618842,142.60843546015093,146.49328294195223,93604600
2022-11-03,136.58938598632812,140.44472962212055,136.4615253404881,139.7169294177421,97918500
2022-11-04,136.32339477539062,140.5496299805745,132.38284296255216,139.97824816387146,140814800
2022-11-07,136.8553466796875,137.08192417351185,133.65364870551915,135.07224959765693,83374600
2022-11-08,137.42674255371094,139.3280515614897,135.44662070693448,138.32322168629616,89908500
2022-11-09,132.8655548095703,136.49087039963513,132.58971737719733,136.44161049413725,74917800
2022-11-10,144.6872100830078,144.6872100830078,137.42674799216064,139.14089348616804,118854000
2022-11-11,147.4751739501953,147.78056436308594,142.22438595277526,143.65284825618983,93979700
2022-11-14,146.07627868652344,148.04655491917902,145.23890527483894,146.75602639191197,73374100
2022-11-15,147.81008911132812,151.3073317859871,146.35208917690562,149.9576976256643,89868300
2022-11-16,146.5786590576172,147.642609775535,145.100952232511,146.91361736230309,64218300
2022-11-17,148.48001098632812,149.22871050736455,143.97792279490108,144.2537602517047,80389400
2022-11-18,149.04150390625,150.43055193083845,147.74112971557977,150.04634875723008,74829600
2022-11-21,145.81027221679688,148.1351985339266,145.52458880647748,147.928327968664,58724100
2022-11-22,147.94802856445312,148.1844671134609,144.7463298277078,145.92850754073268,51804100
2022-11-23,148.82479858398438,149.57349802080938,147.1204990929822,147.22886486968167,58301400
2022-11-25,145.90879821777344,146.66735873059727,144.93350612985708,146.1058228227629,35195900
2022-11-28,142.07659912109375,144.46063120272478,141.24908683464577,142.9829242489195,69246000
2022-11-29,139.07192993164062,142.65783165746328,138.2641245866872,142.14555568748492,83763800
2022-11-30,145.82997131347656,146.50971891238402,138.4611435666205,139.29850181511986,111380900
2022-12-01,146.10581970214844,146.91364010696918,144.4310880474874,146.00731491776455,71250400
2022-12-02,145.6132354736328,145.80041408602733,143.48533393064037,143.79073931676461,65447400
2022-12-05,144.45079040527344,148.6770258303521,143.60357112015112,145.57384712908555,68826400
2022-12-06,140.7860565185547,145.11081116378415,139.81076461635996,144.88423366279338,64727200
2022-12-07,138.84535217285156,141.23923029830829,137.91932004741116,140.07677467327488,69721100
2022-12-08,140.5299072265625,141.38698737134578,139.00295559622268,140.24422386630843,62128300
2022-12-09,140.04722595214844,143.40655024212361,138.80594241386282,140.22454358218158,76097000
2022-12-12,142.34259033203125,142.35243630018152,138.9635592869445,140.5791849523235,70462700
2022-12-13,143.3079833984375,147.7411030786564,142.09626822814002,147.27808715393954,93886200
2022-12-14,141.08163452148438,144.4803579746899,139.0620984014011,143.18982946326526,82291200
2022-12-15,134.4713134765625,139.69254696960033,134.00829749499812,139.01279946338835,98931900
2022-12-16,132.5109405517578,135.60427405444494,131.74253391957555,134.6585497526899,160156900
2022-12-19,130.4027099609375,133.1906522558453,129.36832710470327,133.10199344508453,79592600
2022-12-20,130.33375549316406,131.26963355148135,127.9595693949815,129.43727633927585,77432800
2022-12-21,133.4369354248047,134.7767236692483,130.77706590433928,131.003643429146,85928000
2022-12-22,130.26480102539062,132.56017450128888,128.3634917913713,132.35330392731453,77852100
2022-12-23,129.90029907226562,130.4519739547497,127.71329147955147,128.974266934376,63814900
2022-12-27,128.09750366210938,129.45699902617415,126.80697517918489,129.42744608626094,69007800
2022-12-28,124.16677856445312,129.08261445216485,123.99930692968266,127.74282634199004,85438400
2022-12-29,127.68375396728516,128.54081933240047,125.83169698376393,126.08782748671398,75703700
2022-12-30,127.99893188476562,128.0186388473799,125.53609519427138,126.5015334302605,77034200
2023-01-03,123.2112045288086,128.9545531314731,122.32457886036785,128.34377240566315,112117500
2023-01-04,124.48204040527344,126.7478608503369,123.22106494631889,125.00416235162118,89113600
2023-01-05,123.16194915771484,125.87107865122056,122.9058186898535,125.24059093401247,80962700
2023-01-06,127.69358825683594,128.35362894146016,123.03388952483932,124.13724683818648,87754700
2023-01-09,128.2156982421875,131.4272575812406,127.95956778658704,128.530949601707,70790800
2023-01-10,128.78709411621094,129.30921608440133,126.21588318349379,128.32407802637962,63896200
2023-01-11,131.50608825683594,131.52578019546752,128.5211210646013,129.29937353694692,69458900
2023-01-12,131.42727661132812,132.26463497127472,129.4865533653131,131.89029271765745,71379600
2023-01-13,132.7572021484375,132.91482784880117,129.70328312196565,130.06777940104425,57809700
2023-01-17,133.91964721679688,135.24957434953774,132.1365500404185,132.82614355724837,63646600
2023-01-18,133.2005157470703,136.5499789381121,133.02318309021993,134.78658853017248,69672800
2023-01-19,133.2595977783203,134.2250286377242,131.78189104102427,132.08728136161048,58280400
2023-01-20,135.8209686279297,135.9687483442848,132.22522101014553,133.26946486486585,80223600
2023-01-23,139.01280212402344,141.1899633789221,135.85050302260262,136.06723455139834,81760300
2023-01-24,140.41172790527344,141.03236969957698,138.21487421828232,138.22472018745663,66435100
2023-01-25,139.751708984375,140.31322995511098,136.74703439635297,138.7961237050366,65799300
2023-01-26,141.8204803466797,142.10616376720364,139.79108333600698,141.04221286895242,54105100
2023-01-27,143.7611541748047,145.04183634112735,140.95352042033858,141.03233324940567,70555800
2023-01-30,140.87474060058594,143.38684562469143,140.72697590646771,142.80561778514152,64015300
2023-01-31,142.14553833007812,142.19479823056315,140.1654165994733,140.57917270592753,65874500
2023-02-01,143.26861572265625,144.43108640849707,139.21971287170524,141.83032262446247,77663600
2023-02-02,148.57852172851562,148.93315698101298,145.96789698553212,146.68704352311798,118339000
2023-02-03,152.20382690429688,155.0410292646019,145.632957993241,145.8299825944814,154357300
2023-02-06,149.4749755859375,150.82462478693864,148.53909754834626,150.30250288074524,69858300
2023-02-07,152.35157775878906,152.9229595728958,148.4011799958932,148.4011799958932,83322600
2023-02-08,149.6621551513672,152.28262569889247,148.9233016908853,151.5930321421785,64120100
2023-02-09,148.6277618408203,152.0363458567265,148.18445275739066,151.49451696275133,56007100
2023-02-10,148.9928436279297,149.3184373833088,147.2267605905334,147.4635601548908,57450700
2023-02-13,151.794921875,152.19943377089027,148.90405214554428,148.9336502097566,62199000
2023-02-14,151.153564453125,151.71595766811416,148.8448255867729,150.08798919443248,61707600
2023-02-15,153.255126953125,153.4228543120151,150.83785669682248,151.06478017591323,65573800
2023-02-16,151.65676879882812,154.24176636818623,151.3015770289575,151.4594283283723,68167900
2023-02-17,150.51223754882812,150.95622343027773,148.83494918837297,150.31491216317963,59144100
2023-02-21,146.4966278076172,149.27896600318738,146.42757068306315,148.1936535747809,58867200
2023-02-22,146.92086791992188,147.94696900428042,145.19424437189434,146.88139380804506,51011300
2023-02-23,147.40432739257812,148.33177339849212,145.27319184522457,148.08511286734324,48394200
2023-02-24,144.75025939941406,145.22384336023686,143.77347836618958,145.14491019093927,55469600
2023-02-27,145.94410705566406,147.1774097603546,145.48038403430326,145.73692063205627,44998500
2023-02-28,145.44090270996094,147.08859306462728,144.8686485359811,145.08571098317904,50547000
2023-03-01,143.3689727783203,145.26332395747403,143.07297711330398,144.86867310742886,55479000
2023-03-02,143.9609832763672,144.75030013651786,141.97782259518067,142.45142174425123,52238100
2023-03-03,149.01255798339844,149.0914911594904,145.36198515518814,146.0624926286878,70732300
2023-03-06,151.77517700195312,154.2121845297758,151.41012419214647,151.7357028817241,87558000
2023-03-07,149.57492065429688,151.97245328646787,149.11119774886313,151.64685964722966,56182000
2023-03-08,150.82797241210938,151.41996369175047,149.80187125635692,150.768776295138,47204800
2023-03-09,148.5784149169922,152.47564779944702,148.22322319539091,151.50874285646216,53833600
2023-03-10,146.516357421875,148.92376664622063,145.63824652167983,148.20352210122027,68572400
2023-03-13,148.46002197265625,151.09435428881787,145.72701943515565,145.83555065664373,84457100
2023-03-14,150.55172729492188,151.35090505544113,148.0949978910982,149.25922844223368,73695900
2023-03-15,150.9463653564453,151.20288685726504,147.9173671829065,149.1704067412566,77167900
2023-03-16,153.7681884765625,154.37004080347904,149.6144183096525,150.1274764543104,76161100
2023-03-17,152.92950439453125,154.64626683139153,152.21912097617263,153.99507952206918,98944600
2023-03-20,155.29747009277344,155.7118730486912,152.09088307007352,152.99860710640667,73641400
2023-03-21,157.15235900878906,157.2707512481165,154.44895412275298,155.21854884327422,73938300
2023-03-22,155.7217254638672,159.97415053377057,155.7019884063488,157.17209056471103,75701800
2023-03-23,156.8070526123047,159.39206566084016,155.57374974438574,156.70839741585115,67622100
2023-03-24,158.10940551757812,158.19819969843707,155.74147036488569,156.73797352277555,59196500
2023-03-27,156.16571044921875,158.62245469903792,155.76118357485748,157.8035399490982,52390300
2023-03-28,155.5441131591797,156.3729039229444,153.8964227422894,155.85984584155918,45992200
2023-03-29,158.62246704101562,158.89872564622954,157.2214369560123,157.24115895998125,51305700
2023-03-30,160.1912384033203,160.29976965443572,159.1158019499735,159.37232351853436,49501700
2023-03-31,162.69729614257812,162.7959663866168,159.74724553838644,160.27016471086742,68749800
2023-04-03,163.95033264160156,164.06872488806627,162.0263833617239,162.07571848273926,56976200
2023-04-04,163.4175567626953,164.61138542575975,162.9044985896194,164.37460092662135,46278300
2023-04-05,161.572509765625,162.84528654392068,159.63869962188485,162.53942989245922,51511700
2023-04-06,162.4604949951172,162.75649064193277,159.83602334429725,160.26027222926052,45390100
2023-04-10,159.86561584472656,159.86561584472656,157.94166678976978,159.26376357061562,47716900
2023-04-11,158.6520538330078,160.19121311129285,158.36591919116847,160.1813521100088,47644200
2023-04-12,157.96141052246094,159.89522066020655,157.64567781550258,159.06644488688698,50133100
2023-04-13,163.3484649658203,163.58526449148977,159.26376724154565,159.47096870837692,68445600
2023-04-14,163.003173828125,164.09834733508953,161.6317416937249,162.39144539168964,49386500
2023-04-17,163.02285766601562,163.18072400329442,161.83889024634973,162.88472838463733,41516200
2023-04-18,164.24630737304688,165.1737533320214,163.4372536454433,163.88125462301093,49923000
2023-04-19,165.3908233642578,165.91374248336922,163.32872989204589,163.58526647837797,47720200
2023-04-20,164.4239044189453,165.62760901810955,163.34846811386117,163.87138723669895,52456400
2023-04-21,162.81570434570312,164.22659550246317,162.2927851703339,162.84530240808513,58337300
2023-04-24,163.1215362548828,163.38793383083043,161.70076925644653,162.79594256316088,41949600
2023-04-25,161.5823974609375,164.08846202710322,161.54292334211996,162.98342757965568,48714100
2023-04-26,161.572509765625,163.07221001839787,160.625341751742,160.8818632857178,45498800
2023-04-27,166.16038513183594,166.30837541189834,162.98339664348885,162.98339664348885,64902300
2023-04-28,167.4134521484375,167.58119458170708,165.6375081170057,166.23936050031372,55275900
2023-05-01,167.3246307373047,168.17314354860417,166.387323749872,167.0187740939811,52472900
2023-05-02,166.28868103027344,168.07451617943886,165.30203876342605,167.81797955488014,48425700
2023-05-03,165.21322631835938,168.63687581044152,164.92710671677185,167.23584575291258,65136000
2023-05-04,163.5753936767578,164.8086963510818,162.11516752574818,162.68742177323023,81235400
2023-05-05,171.25148010253906,171.97172463520235,168.4790030974248,168.6960655683585,113453200
2023-05-08,171.18240356445312,171.5277343198539,169.8109716539451,170.1760244116815,55962800
2023-05-09,169.4755096435547,171.22185523763014,169.30778230115573,170.73841026688106,45326900
2023-05-10,171.24159240722656,171.70531537679722,169.60376298512443,170.70881232248743,53724500
2023-05-11,171.42904663085938,172.2578222934666,169.8701504721675,171.52771685234399,49514700
2023-05-12,170.50035095214844,171.97247152405595,168.94917294661113,171.5377460938216,45533100
2023-05-15,170.00634765625,171.13267487374878,169.4135375098661,171.0832715155854,37266700
2023-05-16,170.00634765625,171.0635071571624,169.73958158279842,169.92730529834625,42110300
2023-05-17,170.618896484375,170.8560084675657,168.37611683004315,169.65065404284252,57951600
2023-05-18,172.9506072998047,173.13833101906644,170.51022910097907,170.92519018134206,65496700
2023-05-19,173.05926513671875,174.27450921230027,172.84190244667505,174.27450921230027,55809500
2023-05-22,172.11077880859375,172.61467191708667,171.36977372037438,171.89341610998645,43570900
2023-05-23,169.50247192382812,171.30065183036018,169.22583118063702,171.05365008995454,50747300
2023-05-24,169.7790985107422,170.35214430979713,168.4749372695529,169.03809335131075,45143500
2023-05-25,170.91529846191406,171.81437317497037,169.63088663153601,170.34225271987503,56058300
2023-05-26,173.32601928710938,173.66195304430255,171.03385143516303,171.24133948884744,54835000
2023-05-30,175.17361450195312,176.84334846181008,174.45237373510062,174.8376957969301,55964400
2023-05-31,175.1241912841797,177.1990114284393,174.64006256364283,175.20323363094815,99625300
2023-06-01,177.93016052246094,177.95979952365096,174.8080550736066,175.568824614325,68901800
2023-06-02,178.77984619140625,179.59989373048958,177.11011211219468,178.85888855278898,61996900
2023-06-05,177.42625427246094,182.7318457046313,175.90471543246178,180.43967788018574,121946500
2023-06-06,177.06069946289062,177.95977416384898,175.30203354675976,177.81157917901706,64848400
2023-06-07,175.68736267089844,179.03670485789638,175.19335930953716,176.29992201473482,61944600
2023-06-08,178.40440368652344,178.67115468077665,175.3317017878174,175.76641213704826,50214900
2023-06-09,178.7897186279297,180.04447641965535,178.46367457216073,179.3232356709596,48900000
2023-06-12,181.5857391357422,181.68454583299638,178.79956816744163,179.0959731834188,54274900
2023-06-13,181.11155700683594,181.94147925145757,180.2519957588914,180.6076788745564,54929100
2023-06-14,181.7438507080078,182.1785761189824,179.8370047903456,181.17080494588566,57462900
2023-06-15,183.77915954589844,184.28305271752754,181.5759083620863,181.75375744495216,65433200
2023-06-16,182.70223999023438,184.74742157511324,182.06004151498252,184.490530124381,101256200
2023-06-20,182.79112243652344,183.8680612460024,182.19832743508823,182.19832743508823,49799100
2023-06-21,181.7537384033203,183.1863452547994,180.40015882951445,182.6824521359612,49515700
2023-06-22,184.75729370117188,184.80669706223912,181.46722885451086,181.53639657516283,51245300
2023-06-23,184.44110107421875,185.31055187722217,182.79113153727351,183.3246636484937,53117000
2023-06-26,183.04803466796875,185.79469252512132,183.00850595123646,184.58932295318664,48088700
2023-06-27,185.8045654296875,186.13060949863421,183.4432296659109,183.66059237854205,50730800
2023-06-28,186.98025512695312,187.62245340751116,185.35005021428435,185.67607913619028,51216800
2023-06-29,187.3162078857422,187.79046201011187,186.67400948819943,186.81232983886036,46347300
2023-06-30,191.64370727539062,192.14758538728958,188.9662018357955,189.33177465497502,85213200
2023-07-03,190.1518096923828,191.5547776450248,189.46019281962833,191.45597092726317,31458200
2023-07-05,189.0353546142578,190.66555990536892,188.33386310926684,189.27248168829453,46920300
2023-07-06,189.5095977783203,189.71708585705593,186.93089921117289,187.56322301313529,45094300
2023-07-07,188.39312744140625,190.35926638037827,187.95841711755844,189.11438325252212,46815000
2023-07-10,186.34796142578125,187.71141562141005,184.79678352776446,186.9901598095207,59922200
2023-07-11,185.82435607910156,187.0297258103105,184.36210995834276,186.89140543504672,46638100
2023-07-12,187.49404907226562,189.4008949030878,186.2096372553674,187.4051170053163,60750200
2023-07-13,188.2548065185547,188.89701997543003,187.5039267878899,188.21529288043007,41342300
2023-07-14,188.4030303955078,188.88714410801785,187.35574553686786,187.94854060692288,41616200
2023-07-17,191.66343688964844,191.9894809296959,189.50957431242833,189.59849130268125,50520200
2023-07-18,191.40655517578125,191.99936529239264,190.1122686661601,191.03112283932904,48288200
2023-07-19,192.76011657714844,195.85256735078863,190.33948805911442,190.784103142532,80507300
2023-07-20,190.81378173828125,194.11372124075075,190.19133255294633,192.7502668636511,59581200
2023-07-21,189.63803100585938,192.63169045749675,188.93653953192955,191.77212935032986,71951700
2023-07-24,190.43832397460938,192.57242242955687,189.9443205401746,191.09041212625252,45377800
2023-07-25,191.2978973388672,192.1080702594407,190.60629550166382,191.01138196195058,37283200
2023-07-26,192.1673126220703,193.29363971255637,191.00147189498233,191.34726521155525,47471900
2023-07-27,190.9026641845703,194.83492680246852,190.24070147552166,193.66908608151945,47460200
2023-07-28,193.48135375976562,194.27176213447206,191.81162002559202,192.33526237023054,48291400
2023-07-31,194.0939483642578,194.13347708185938,192.91821776612247,193.70862628447964,38824100
2023-08-01,193.26400756835938,194.37057034188453,192.93796352063418,193.88645666636083,35175100
2023-08-02,190.27037048339844,192.83917937620112,189.54912966810338,192.7008590133255,50389300
2023-08-03,188.8772735595703,190.06287880115997,188.40303447809214,189.2724853572926,61235200
2023-08-04,179.80735778808594,185.13271368389906,179.73819007769725,183.295020485719,115956800
2023-08-07,176.70501708984375,180.9336848652445,175.2230069327887,179.94567809387448,97576100
2023-08-08,177.64364624023438,178.10801069610721,175.45026968400623,177.53496487660905,67823000
2023-08-09,176.05296325683594,178.76009268860713,174.88710720037176,178.7008146829172,60378500
2023-08-10,175.8355712890625,178.58222898523437,175.47001359754938,177.3274561288203,54686900
2023-08-11,175.89492797851562,176.71608281179377,174.6681548123879,175.4299516016464,52036700
2023-08-14,177.54714965820312,177.77469387045335,175.42005736478495,176.0730260741773,43675600
2023-08-15,175.55856323242188,177.56692432110017,175.1628328578025,176.9733287591711,43622600
2023-08-16,174.6879425048828,176.6369303294026,174.61868139075943,175.24197103328896,46964900
2023-08-17,172.1453399658203,175.6179215615527,171.6308784010705,175.25187020963352,66062900
2023-08-18,172.630126953125,173.23362560342792,170.12709527960956,170.46346761685473,61172200
2023-08-21,173.96572875976562,174.25264612165492,171.88812158676677,173.20394701107267,46311900
2023-08-22,175.34092712402344,175.78612762060905,174.371377027614,175.17274094069768,42038900
2023-08-23,179.18942260742188,179.61484705303545,176.42916808280543,176.6171452729967,52722800
2023-08-24,174.49996948242188,179.16966018527063,174.13390304899033,178.74423570753817,54945800
2023-08-25,176.70619201660156,177.2404295003986,173.9459373407173,175.4893068451812,51449600
2023-08-28,178.2693634033203,178.66509377862053,176.6468447107556,178.17042326142217,43820700
2023-08-29,182.15745544433594,182.9291401969668,177.58670497165372,177.78457014737916,53003900
2023-08-30,185.6498565673828,185.84773686983334,182.7708853589575,182.96875056526045,60813900
2023-08-31,185.86746215820312,187.1041382306799,185.4816198274361,185.83778314015515,60794500
2023-09-01,187.44053649902344,187.8956248663274,186.27310636870047,187.47021551879786,45766500
2023-09-05,187.67799377441406,187.9550080601447,185.6102746073009,186.27313129788112,45280000
2023-09-06,180.96035766601562,186.83704535292617,179.5357042757167,186.39182984634905,81755800
2023-09-07,175.66738891601562,176.31046963604499,171.69023379276553,173.312752460059,112488800
2023-09-08,176.28076171875,178.31881673909905,175.89491935539235,176.44896296342043,65551300
2023-09-11,177.44821166992188,178.3781946740771,175.44973851819339,178.15065045906456,58953100
2023-09-12,174.42083740234375,178.21001559327632,172.95661681425068,177.57683789873767,90370200
2023-09-13,172.3531036376953,175.4101637291933,172.12554433664133,174.62857587906927,84267900
2023-09-14,173.86679077148438,174.22295413122683,171.72981061302968,172.14533201670497,60895800
2023-09-15,173.14456176757812,174.61868528190746,171.967258666553,174.59889423512476,109259500
2023-09-18,176.07302856445312,177.46800307348116,174.2922116482627,174.59890495957814,67257600
2023-09-19,177.16128540039062,177.71531389898738,175.2419616044344,175.6278039585389,51826900
2023-09-20,173.6194610595703,177.78457830053213,173.5304088946865,177.3492658362857,58436200
2023-09-21,172.07606506347656,174.42081339229338,172.00681904661934,172.6894667209782,63149100
2023-09-22,172.9269256591797,175.19252525078977,172.19482290064929,172.80820955696336,56725400
2023-09-25,174.20314025878906,175.0836530194257,172.2937045509844,172.34317461316155,46172700
2023-09-26,170.12709045410156,173.3325457352886,169.83028512536117,172.95660640862047,64588900
2023-09-27,168.61337280273438,171.19555331579562,167.24809254140138,170.7800319235512,66921800
2023-09-28,168.87062072753906,170.19633406818943,165.83333655703308,167.53500431517824,56294400
2023-09-29,169.38510131835938,171.22527642192762,168.5243642708508,170.18646521737097,51861100
2023-10-02,171.89797973632812,172.44212024536975,169.108031178775,169.39494849088058,52164500
2023-10-03,170.56234741210938,171.7792474619828,168.99920223701704,170.4238403043363,49594600
2023-10-04,171.80897521972656,172.35311583182798,169.14764530465982,169.26636140324675,53020300
2023-10-05,173.045654296875,173.5798918450903,170.83941278902026,171.93758200671277,48527900
2023-10-06,175.59815979003906,176.09283034712797,171.33408690716874,171.94748866333921,57266700
2023-10-09,177.0821533203125,177.1415113656987,173.92615307401468,174.9253820623563,42390800
2023-10-10,176.48854064941406,177.80436599291428,176.05322819338144,176.20163840129018,43698000
2023-10-11,177.88351440429688,177.9329844734106,175.70696722860302,176.300562769531,47551100
2023-10-12,178.7838134765625,180.39642899359671,177.13160077070958,178.1506358590928,56743100
2023-10-13,176.9436492919922,179.9908063804386,176.24121051823693,179.48624788964275,51427100
2023-10-16,176.81500244140625,177.1711657603602,174.6285524646888,174.86599970937266,52517000
2023-10-17,175.26177978515625,176.51824728047166,172.9368371257381,174.76710920704838,57549400
2023-10-18,173.96572875976562,175.68718764266174,173.24351401125745,173.7085055181981,54764400
2023-10-19,173.5897979736328,175.94441955236843,173.32267164674883,174.16360253338752,59302900
2023-10-20,171.03729248046875,173.55021220691836,170.79984518424126,173.44138408316581,64244000
2023-10-23,171.15597534179688,172.15520421409377,168.11869153900426,169.08825648819888,55980100
2023-10-24,171.59129333496094,171.81883752196748,169.6224994494151,171.20545097606092,43816600
2023-10-25,169.27626037597656,171.21536038795298,168.83104482476435,170.04794519039626,57157000
2023-10-26,165.11109924316406,169.55324523930184,163.90410215906684,168.554001286647,70625300
2023-10-27,166.42694091796875,167.1590586780216,165.05175755916278,165.13090664912622,58499100
2023-10-30,168.47488403320312,169.3455090048735,167.07002152646473,167.218431744534,51131000
2023-10-31,168.9497528076172,169.07835686158955,166.11033410734646,167.54489051547947,44846000
2023-11-01,172.11566162109375,172.37288485640974,168.3066925856151,169.1773175299865,56934900
2023-11-02,175.67730712890625,175.88506030695757,173.58979679508,173.64915484595178,77334800
2023-11-03,174.76707458496094,174.9352758328065,171.50226149314057,172.38277434389337,79829200
2023-11-06,177.319580078125,177.51744525540883,174.3317811800047,174.49996733550321,63841300
2023-11-07,179.88197326660156,180.4953598060514,177.06234560698942,177.27009874628624,70530000
2023-11-08,180.94058227539062,181.4946108426327,179.65443590363796,180.40634475587757,49340300
2023-11-09,180.4656982421875,182.1574629246798,179.87208759448916,181.00983881988668,53763500
2023-11-10,184.65611267089844,184.8245355233408,181.81296804065445,182.2488540012565,66133400
2023-11-13,183.0710906982422,184.28957909475855,182.4866141219331,184.0815522328342,43627500
2023-11-14,185.6864013671875,186.35013134634684,184.55706727911962,185.94396348691,60108400
2023-11-15,186.2510528564453,187.72711849110286,186.02320887124122,186.09256123667055,53790500
2023-11-16,187.93515014648438,189.1734556093977,186.88505441646575,187.79646053927942,54412900
2023-11-17,187.9153594970703,188.5989066274509,186.80584248313986,188.47011800403556,50922700
2023-11-20,189.65887451171875,190.1145776039652,188.10357060538217,188.11347160798348,46505100
2023-11-21,188.85646057128906,189.72823253932046,187.9648865974642,189.61926104331656,38134500
2023-11-22,189.52017211914062,191.12501116236683,189.04466705374648,189.69849596618437,39617700
2023-11-24,188.1927490234375,189.1140412122163,187.47948372810842,189.08432308458063,24048300
2023-11-27,188.014404296875,188.886176253634,187.13273133734725,188.14319291304204,40552600
2023-11-28,188.6186981201172,189.29234420962146,187.62805366546104,188.0045033953615,38415400
2023-11-29,187.5983428955078,190.29289712708973,187.202091144525,189.1140277612682,43014200
2023-11-30,188.1728973388672,188.53944603911236,186.42936866830843,188.06392585220516,48794400
2023-12-01,189.4508514404297,189.76784980640184,187.4596464071562,188.54936135651158,45704800
2023-12-04,187.65774536132812,188.27195511561732,185.6962738498395,188.20260275786183,43389500
2023-12-05,191.61044311523438,192.58127042048946,188.40074973234698,188.43048297188668,66628400
2023-12-06,190.52073669433594,192.93789631295678,190.3126947209947,192.63079897005184,41089700
2023-12-07,192.45249938964844,193.17566559760107,191.7788533108163,191.81848755335412,47477700
2023-12-08,193.8790283203125,194.15640755182167,191.8581052152776,192.38314555463674,53406400
2023-12-11,191.3726806640625,191.6797931299085,189.62915193698308,191.30334341541183,60943700
2023-12-12,192.88839721679688,192.8982982200226,189.92636472047343,191.27364184491046,52696900
2023-12-13,196.10797119140625,196.1475903161728,193.02706651664724,193.26481149731427,70404200
2023-12-14,196.2565460205078,197.7524134956911,194.32479262777906,196.1673916599279,66831600
2023-12-15,195.72164916992188,196.54387083662527,195.15697452600213,195.68201492331204,128538400
2023-12-18,194.05734252929688,194.7904248709577,192.57137584033416,194.2554683979516,55751900
2023-12-19,195.09751892089844,195.1074199235508,194.0573392330858,194.32481746504553,40714100
2023-12-20,193.0072479248047,195.8305753609382,193.0072479248047,195.05787394759355,52242800
2023-12-21,192.858642578125,195.23619818360498,191.6896894536902,194.26537091395173,46482500
2023-12-22,191.78875732421875,193.58182122700063,191.164646529934,193.35396213687642,37149600
2023-12-26,191.24392700195312,192.07606476826226,191.0259839989623,191.79868551282587,28919300
2023-12-27,191.3429718017578,191.6897034098951,189.3022466284661,190.68915794498034,48087700
2023-12-28,191.76895141601562,192.8388492190412,191.36278357008254,192.32370988068791,34049900
2023-12-29,190.72879028320312,192.5812907184497,189.93627163544917,192.08596845310797,42672100
2024-01-02,183.90321350097656,186.6770206585062,182.16958591702465,185.39908100307179,82488700
2024-01-03,182.52622985839844,184.1409850600839,181.7138941984477,182.49651173581816,58414500
2024-01-04,180.20814514160156,181.37709839926953,179.18778251294714,180.44589014802324,71983600
2024-01-05,179.48495483398438,181.05017488447822,178.48440937769652,180.28738953880892,62379700
2024-01-08,183.823974609375,183.86360885082058,179.80196071659407,180.38643729162627,59144500
2024-01-09,183.4079132080078,183.41781421075365,181.0204564512382,182.19932576748687,42841800
2024-01-10,184.44808959960938,184.6561164657865,182.1993225017619,182.6253074687535,46792900
2024-01-11,183.8537139892578,185.30006164856283,181.9021430633647,184.79482326593885,49128400
2024-01-12,184.18060302734375,184.99293868218925,183.45743685571247,184.3192926371913,40477800
2024-01-16,181.9120330810547,182.5361287641061,179.23728115128065,180.45578462721193,65603000
2024-01-17,180.97091674804688,181.2185778549055,178.613193289656,179.57411959355028,47317400
2024-01-18,186.86526489257812,187.3704881134165,184.0914574471942,184.34901955890965,78005800
2024-01-19,189.76783752441406,190.15418823308323,187.0534815615711,187.5587047602819,68903000
2024-01-22,192.07606506347656,193.50259558850516,190.4613096613906,190.5009439071057,60133900
2024-01-23,193.3539581298828,193.91863266844476,192.01659731903075,193.19546652112328,42355600
2024-01-24,192.68031311035156,194.54272920016803,192.52180639716883,193.5917040371039,53631300
2024-01-25,192.3534393310547,194.43379881211092,191.30335858737243,193.3936190715828,54822100
2024-01-26,190.61981201171875,192.9379165033589,190.14430688636483,192.45251037482265,44594000
2024-01-29,189.93624877929688,190.4018528619721,187.8063693410428,190.2136280052267,47145600
2024-01-30,186.28077697753906,190.0056098088079,185.71611749758625,189.1536549714469,55859400
2024-01-31,182.67483520507812,185.34958738130655,182.6253150741395,185.29013601531707,55467800
2024-02-01,185.11181640625,185.20097077595153,182.1002640289582,182.26867176596141,64885400
2024-02-02,184.1112823486328,185.5774319441079,177.57302274507782,178.1773164815156,102551700
2024-02-05,185.9241180419922,187.4794368744002,184.10133612770585,186.38972207997213,69668800
2024-02-06,187.52899169921875,187.53889270164484,185.02266252630227,185.1118168962398,43490800
2024-02-07,187.63796997070312,189.26262627331204,186.8454513829838,188.85645841865113,53439000
2024-02-08,186.5581817626953,187.7667541606289,185.5972553767356,187.61816353023744,40962000
2024-02-09,187.3219451904297,188.45272038917548,186.47881682618166,187.12355136214254,45155200
2024-02-12,185.6356658935547,187.14337102036012,185.27857823550397,186.89539390047275,41781900
2024-02-13,183.54273986816406,184.70328611762721,182.02512109310902,184.26684396147397,56529500
2024-02-14,182.65994262695312,184.02878118831165,180.96378758253468,183.8204888809099,54630500
2024-02-15,182.37228393554688,182.99719108766072,179.8825992332856,182.06479474492625,65434500
2024-02-16,180.83482360839844,183.3542794985624,180.20000281806102,181.9358425720657,49752500
2024-02-20,180.0908966064453,180.95385211869663,178.543521838827,180.31903131312703,53665600
2024-02-21,180.8447723388672,181.41015233649017,179.1982005294332,180.4678422502364,41371400
2024-02-22,182.87818908691406,183.46342668087547,180.9836551083553,181.99539101250986,52292200
2024-02-23,181.04315185546875,183.54275049121756,180.75548990166286,183.51299444569602,45119700
2024-02-26,179.69415283203125,181.28119739799624,179.18826979539264,180.7654158601022,40867400
2024-02-27,181.15225219726562,182.43180748858953,178.1070858709482,179.6346334198553,54318900
2024-02-28,179.95205688476562,181.63829848228303,178.67250144683115,181.03323362922586,48953900
2024-02-29,179.28746032714844,181.09274105155225,178.07733075339527,179.80325698202418,136682600
2024-03-01,178.206298828125,179.06925444803085,175.94474848019505,178.09718827908785,73563100
2024-03-04,173.6831817626953,175.46860492728393,172.38376893378626,174.7246735635979,81510100
2024-03-05,168.74346923828125,170.6479317427376,168.24751498810025,169.37829007310003,95132400
2024-03-06,167.75157165527344,169.85442810491517,167.31512946505867,169.67587669286206,68587700
2024-03-07,167.63253784179688,169.34853532264208,167.12666995146384,167.78131806385875,71765100
2024-03-08,169.34854125976562,172.29451084245372,167.5730316278488,167.63254371875993,76267000
2024-03-11,171.35218811035156,172.9690037589795,170.65785520874886,171.54065314121274,60139500
2024-03-12,171.82830810546875,172.62183794587216,169.62626998762764,171.7489536078961,59825400
2024-03-13,169.74530029296875,171.78862930722158,169.3782838692582,171.3720295685671,52488700
2024-03-14,171.60015869140625,172.89955631533712,170.65784870831544,171.5108905650266,72913500
2024-03-15,171.22323608398438,171.22323608398438,168.91208752136302,169.78497182252738,121752700
2024-03-18,172.31436157226562,176.27208229753154,172.11598288120766,174.14939851903085,75604200
2024-03-19,174.65524291992188,175.18095319129145,171.62991909909198,172.92931675607417,55215200
2024-03-20,177.22430419921875,177.22430419921875,173.67326966604173,174.29817691484007,53423100
2024-03-21,169.9833526611328,176.05384289670778,169.45764237357878,175.61740074055217,106181300
2024-03-22,170.88601684570312,171.64979072547655,168.6839784855534,170.3702201223851,71160100
2024-03-25,169.4675750732422,170.54875171721093,168.078894077347,169.1898419011277,54288300
2024-03-26,168.3367919921875,170.0329469889122,168.20783904863555,168.62443878704727,57388400
2024-03-27,171.90765380859375,172.19531573949365,168.7335497446837,169.03112531152695,60273300
2024-03-28,170.0924530029297,170.83638432396197,169.13030061690222,170.36027251639132,65672700
2024-04-01,168.6542205810547,169.86435030206175,168.1086678157934,169.80483820681948,46240500
2024-04-02,167.4738311767578,167.96978543762384,166.86876637308836,167.71189467068976,49329500
2024-04-03,168.2772674560547,169.29893197888933,167.21593325359058,167.4242255584593,47691700
2024-04-04,167.45399475097656,170.5289019190824,167.45399475097656,168.9120862737285,53704400
2024-04-05,168.20782470703125,169.01126807227428,167.58291758503302,168.2177383421046,42104800
2024-04-08,167.08697509765625,167.83090643391947,166.87868279928273,167.66228381393842,37425500
2024-04-09,168.29710388183594,168.70378997636425,166.98779260608748,167.33495148030394,42373800
2024-04-10,166.42239379882812,167.7217914097351,165.7578169724605,167.4341446269544,49709300
2024-04-11,173.6236572265625,174.040272115757,166.7993370367697,166.97787330186227,91070300
2024-04-12,175.1214599609375,176.9168120397123,172.80039755418966,172.8499808741194,101670900
2024-04-15,171.2926788330078,175.20080068867838,171.10421379905583,173.94107267383276,73531800
2024-04-16,168.00946044921875,172.354009228837,166.9084414489389,170.36027866522625,73711200
2024-04-17,166.64060974121094,169.2691609240719,166.64060974121094,168.2375828566437,50901200
2024-04-18,165.68836975097656,167.2754292189987,165.20234432957687,166.67036449953886,43122900
2024-04-19,163.6649169921875,165.05358296102196,162.75236290762146,164.86513304300607,68149400
2024-04-22,164.4980926513672,165.9066008250168,163.4367584871004,164.18068981978783,48116400
2024-04-23,165.54953002929688,165.69832539217154,163.58555534900174,164.01208389352126,49537800
2024-04-24,167.65237426757812,167.93010742906517,164.86511388137603,165.19243035823263,48251800
2024-04-25,168.51535034179688,169.22952573993217,166.7894239404159,168.15826264272923,50558300
2024-04-26,167.9300994873047,169.95358601606148,167.81106018420974,168.50540819041237,44838400
2024-04-29,172.09613037109375,174.60565774723543,171.69937301226366,171.9671774185786,68169400
2024-04-30,168.9517822265625,173.57407962239418,168.6244505944639,171.92750782528833,65934800
2024-05-01,167.9300994873047,171.31251085120192,167.74163446478235,168.20783263565716,50383100
2024-05-02,171.62991333007812,172.01675700988142,169.50722990892024,171.1141167118999,94214900
2024-05-03,181.89617919921875,185.48688300008854,181.1820038934194,185.13970898312533,163224100
2024-05-06,180.23968505859375,182.70952732957792,178.96011472526732,180.87450583987064,78569700
2024-05-07,180.92410278320312,183.40387401178498,179.8528549315395,181.965609726272,77305800
2024-05-08,181.26138305664062,181.58871471095884,179.98181248654907,181.37049360808004,45057100
2024-05-09,183.0765838623047,183.1658520068965,180.6364819628557,181.08283782113946,48983000
2024-05-10,181.8151397705078,183.8413711732151,180.90134794922002,183.65265049654158,50759500
2024-05-13,185.0233154296875,185.83779081511702,183.3745104951717,184.18898588060125,72044800
2024-05-14,186.1655731201172,187.029714327999,185.0332642686859,186.24503525163803,52393600
2024-05-15,188.44012451171875,189.36384333151435,186.1059718662387,186.6423374407049,70400000
2024-05-16,188.55929565429688,189.81080512810087,188.38051724709635,189.18505039119887,52845200
2024-05-17,188.589111328125,189.52277241007562,187.90376371878457,188.23153932133224,41282900
2024-05-20,189.75120544433594,190.62527366658756,187.73490137733788,188.052749878466,44361300
2024-05-21,191.05239868164062,191.42982486744873,189.63203768676544,189.80088903544183,42309400
2024-05-22,189.61215209960938,191.5192128106237,188.9864124860383,190.9729201671483,34648500
2024-05-23,185.61927795410156,189.71147882549133,185.3709645001415,189.6916095055364,51005900
2024-05-24,188.6983642578125,189.2943226367172,186.771449342652,187.54620129756856,36327000
2024-05-28,188.7083282470703,191.69801725699202,187.82433281517635,190.21806337750198,52280100
2024-05-29,189.0062713623047,190.95305560689752,188.2315345598267,188.33086600869876,53068000
2024-05-30,189.99951171875,190.88350698979508,189.343975732697,189.4730884200293,49889100
2024-05-31,190.95306396484375,191.2709124904654,188.62885345568,190.1485307236603,75158300
2024-06-03,192.72103881835938,193.67456916074488,191.22123099586668,191.5986571441052,50080500
2024-06-04,193.0388946533203,194.0023521144802,191.72779227719917,193.32693160548868,47471400
2024-06-05,194.5486297607422,195.5716800296083,193.55537589536917,194.08179923154876,54156800
2024-06-06,193.1680145263672,195.17439165110096,192.86010824182844,194.36985841579607,41181800
2024-06-07,195.56173706054688,195.61140278095115,192.830289152661,193.33684312674475,53103900
2024-06-10,191.8171844482422,195.96899354752293,190.8537269722117,195.57168290202756,97010200
2024-06-11,205.75253295898438,205.762475197422,192.32375155853347,192.34360572370616,172373300
2024-06-12,211.6326141357422,218.7145040828182,205.50422428227435,205.97105482418652,198134300
2024-06-13,212.79470825195312,215.28776993558532,210.17251871917932,213.29133517221976,97862700
2024-06-14,211.0565185546875,213.71843162956222,209.874544034183,212.40734441299963,70122700
2024-06-17,215.2083282470703,217.4729460060793,211.28497823555003,211.93058723086708,93728300
2024-06-18,212.8443603515625,217.15509356895643,211.56306955662498,216.12210108008887,79943300
2024-06-20,208.26547241210938,212.79472296910444,207.4410850045998,212.48680152632818,86172500
2024-06-21,206.0902557373047,210.4605668046439,205.71281440805072,208.9706859649803,241805100
2024-06-24,206.73587036132812,211.2651058128792,205.19632375372012,206.3187055335118,80727000
2024-06-25,207.6595916748047,209.95400566525086,207.20268823087267,207.73903864641352,55549700
2024-06-26,211.8114013671875,213.41054080672134,209.2190079939271,210.07320698316605,66213200
2024-06-27,212.65567016601562,214.28460598729217,210.91747580739147,213.24168634094727,49772700
2024-06-28,209.19911193847656,214.61235731022026,208.88127860134253,214.31437813701,82542700
2024-07-01,215.2877655029297,216.04263295008636,210.49034773322808,210.65919906394006,60402900
2024-07-02,218.78402709960938,218.89328562800327,213.6489065767971,214.6918109818244,58046200
2024-07-03,220.05538940429688,220.05538940429688,217.55238550522975,218.51584293427166,37369800
2024-07-05,224.81307983398438,224.92233836715073,220.15471670620812,220.15471670620812,60412400
2024-07-08,226.28309631347656,226.31289271610447,221.743919005718,225.55801010059582,59085900
2024-07-09,227.1372833251953,227.85242731023644,224.84286935479298,226.3923429370984,48076100
2024-07-10,231.4082794189453,231.50761086701095,227.70344677503346,227.75311249906628,62627700
2024-07-11,226.0347900390625,230.82226580227746,224.2469300453064,229.82901193417422,64710600
2024-07-12,228.98475646972656,231.07059580434316,227.13730353661973,227.3756899381295,53046500
2024-07-15,232.81871032714844,235.62962070976812,231.5175501306247,234.88468027763452,62631300
2024-07-16,233.2358856201172,234.67610072880163,230.76267797901863,233.41466404542834,43234300
2024-07-17,227.33595275878906,229.8985495862513,225.11105861290636,227.90209958898402,57345900
2024-07-18,222.66766357421875,228.88544301040346,220.77056004528671,228.7265187407576,66034600
2024-07-19,222.79678344726562,225.2699911539264,221.77373312637206,223.30335264411235,49151500
2024-07-22,222.4491424560547,226.24336434241772,221.58500128681854,225.47855462210336,48201800
2024-07-23,223.49205017089844,225.40903804109774,221.17776681088287,222.8563682936816,39960300
2024-07-24,217.06568908691406,223.28346786979841,215.66521268088363,222.48886176091068,61777600
2024-07-25,216.02279663085938,219.36013034825794,213.17214762576046,217.45306951901438,51391200
2024-07-26,216.48963928222656,218.00931662499272,214.55278194008886,217.22463751115632,41601300
2024-07-29,216.76771545410156,217.82056206049742,214.29450802816862,215.49635179854616,36311800
2024-07-30,217.32394409179688,218.84362126060284,214.66201590891492,217.71131248471113,41643800
2024-07-31,220.58180236816406,222.3100694099872,219.14158741123643,219.9461205520653,50036300
2024-08-01,216.88693237304688,222.96564167600837,215.55597572208578,222.8563831356547,62501000
2024-08-02,218.3767852783203,224.07806765618477,216.24129562954897,217.6715683981697,105568600
2024-08-05,207.85824584960938,212.0597055615941,194.6777624827749,197.74691336614487,119548600
2024-08-06,205.8319854736328,208.5733757245506,199.7135534430835,203.91501287026546,69660500
2024-08-07,208.40452575683594,212.1987475040528,204.9976572409954,205.50421123787663,63516400
2024-08-08,211.8710174560547,212.75501294795978,207.42124358771196,211.67236967865486,47161100
2024-08-09,214.78123474121094,215.31758519349225,210.5400362270979,210.66916408754707,42201600
2024-08-12,216.31259155273438,218.28150622882862,214.39340008618356,214.8607709437837,38028100
2024-08-13,220.03167724609375,220.64820259017597,217.7843155173404,217.7843155173404,44155300
2024-08-14,220.4791717529297,221.78183806687042,218.4704721927748,219.33561365974072,41960600
2024-08-15,223.46237182617188,224.08885093177264,221.51333414952188,223.3430482530648,46414000
2024-08-16,224.784912109375,225.56054561825633,222.39833462763832,222.6668278186797,44340200
2024-08-19,224.62582397460938,224.72527040192085,221.791767703572,224.4567771868955,40687800
2024-08-20,225.24234008789062,225.89865006504533,224.18827476461456,224.50649118022673,30299000
2024-08-21,225.13294982910156,226.70410920432383,223.7905141872767,225.25228856886343,34765500
2024-08-22,223.27342224121094,227.06209724349452,222.64694316501192,226.51517227009805,43695300
2024-08-23,225.57049560546875,226.9427773475752,223.07454817990703,224.39710671028325,38677300
2024-08-26,225.90859985351562,226.00804628168004,222.6370187250734,225.49095216733542,30602200
2024-08-27,226.75384521484375,227.5692634267734,223.63141860700006,224.73520717839608,35934600
2024-08-28,225.22247314453125,228.57360836626125,224.41699349604747,226.64446298605537,38052200
2024-08-29,228.5039825439453,231.61647047641185,227.59908685526068,228.81226038667728,51906300
2024-08-30,227.7184295654297,229.1105885676507,226.20693181059323,228.9017723040151,52990800
2024-09-03,221.52328491210938,227.71841483123856,219.9322331496077,227.27093626472063,50190600
2024-09-04,219.61402893066406,220.53881694406624,216.2628786668988,220.41949337418052,43840200
2024-09-05,221.13548278808594,224.2181249188319,220.28029506440387,220.38968006999326,36615400
2024-09-06,219.58419799804688,223.97945984429646,218.54007124155592,222.69667077468378,48423000
2024-09-09,219.6737060546875,220.03169196273555,215.49721390972365,219.58421337102425,67180000
2024-09-10,218.87815856933594,220.24048653111632,215.5170698289156,217.69481595725216,51591000
2024-09-11,221.4138946533203,221.8414808899648,216.670585544778,220.22061344649163,44587100
2024-09-12,221.52328491210938,222.29891847364556,218.5897974500539,221.25479170284098,37455600
2024-09-13,221.25479125976562,222.78616606005667,220.66809680320824,222.32874892129448,36766600
2024-09-16,215.10939025878906,216.00434741371936,212.72281255665072,215.32814508742544,59357400
2024-09-17,215.57672119140625,215.68610617984226,213.29954392555678,214.54254826078727,45519300
2024-09-18,219.45492553710938,221.46362499015893,216.322545198334,216.33249894497217,59894900
2024-09-19,227.58914184570312,228.53383738270648,223.37288038958053,223.7308662842885,66781300
2024-09-20,226.92288208007812,231.78551472560144,226.34612621296694,228.68298057338347,318679900
2024-09-23,225.20257568359375,228.16589404695566,224.54626569168985,226.06770192621624,54146000
2024-09-24,226.09751892089844,228.06644877557946,224.46669778796843,227.37035418692216,43556100
2024-09-25,225.10311889648438,226.01796830972677,222.76627973963284,223.6711754067507,42308700
2024-09-26,226.2467041015625,227.22121534991766,224.14851196557498,226.02793410267134,36636700
2024-09-27,226.5151824951172,228.23551159576573,226.0279344568732,227.1814462394898,34026000
2024-09-30,231.696044921875,231.696044921875,228.36478670449856,228.75260351180964,54541900
2024-10-01,224.9440460205078,228.364781673884,222.48786790384585,228.23551952322458,63285000
2024-10-02,225.51084899902344,226.09754348610434,221.77189689552054,224.62583039487592,32880600
2024-10-03,224.40704345703125,225.5406628776434,222.0702042586661,223.88001079844628,34044200
2024-10-04,225.53073120117188,226.72401244250622,222.87567550784985,226.6245660168141,37245100
2024-10-07,220.4493408203125,224.42695529805295,220.09135491038006,223.24361256318196,39505400
2024-10-08,224.50648498535156,224.7153012256155,222.0005838884303,223.0447106099303,31855700
2024-10-09,228.25538635253906,228.46421777631028,223.57175408478048,223.96950943919006,33591100
2024-10-10,227.75819396972656,228.21562630222516,225.89866409237993,226.50525089558744,28183500
2024-10-11,226.27655029296875,228.1261416619367,226.06771885321956,228.01675665509578,31759200
2024-10-14,230.00555419921875,230.43314046117197,227.32066753158787,227.4200987868959,39882100
2024-10-15,232.54129028320312,236.1609188169062,231.06956201546166,232.3026279543652,64751400
2024-10-16,230.4828643798828,230.82095796107367,228.5537189749549,230.30387901574463,34082200
2024-10-17,230.8507843017578,232.5412825211578,229.22991678936268,232.12361966628396,32993800
2024-10-18,233.68484497070312,234.8582339303053,232.70037994861724,234.8582339303053,46431500
2024-10-21,235.15655517578125,235.52449481958178,233.13791711516282,233.13791711516282,36254500
2024-10-22,234.54000854492188,234.8979944094582,231.29825861907142,232.58103244918055,38846600
2024-10-23,229.46856689453125,233.82405947286142,226.4853561254601,232.76999409553275,52287000
2024-10-24,229.27963256835938,229.52823345451665,227.131717270346,228.69292294524882,31109500
2024-10-25,230.11492919921875,231.91479719738325,228.28523030841902,228.45427709115,38802300
2024-10-28,232.09378051757812,233.41633904858514,231.24854661133642,232.01424158684446,36087100
2024-10-29,232.36228942871094,233.01859945208068,231.01985366097637,231.7954872619061,35417200
2024-10-30,228.812255859375,232.1633908639167,228.26533088908346,231.30820323038637,47070900
2024-10-31,224.64569091796875,228.5437506886065,224.10870454857795,228.0564875272545,64370100
2024-11-01,221.66249084472656,224.08883784550613,219.03726617591775,219.7333456007168,65276700
2024-11-04,220.76751708984375,221.54315061130296,218.4804011628397,219.75323643771605,44944500
2024-11-05,222.19947814941406,222.6966799421733,219.90240829460964,220.55871830266648,28111300
2024-11-06,221.4735565185547,224.80481443000403,219.95212032394844,221.36417152277414,54561100
2024-11-07,226.20692443847656,226.6046949785728,223.31322152292373,223.37288331058951,42137700
2024-11-08,225.93812561035156,227.63046836972322,225.39059893200246,226.1471715847569,38328800
2024-11-11,223.22042846679688,224.68381119249955,220.50272420052974,223.98696589218596,42005600
2024-11-12,223.22042846679688,224.5743058460154,222.354350392842,223.53899499841924,40398300
2024-11-13,224.10641479492188,225.62952490733255,221.75703985190805,223.00141185159572,48566200
2024-11-14,227.1924591064453,227.83952645793332,223.98695568104733,224.00686988588794,44923900
2024-11-15,223.98695373535156,225.89830725108274,223.26024476090137,225.38064426033654,47923700
2024-11-18,226.99337768554688,228.70563485331775,224.15620331601912,224.2358449505769,44633700
2024-11-19,227.25218200683594,229.12372228231885,225.63948081886542,225.9580321395358,36211800
2024-11-20,227.96896362304688,228.89476915350485,224.87296529986398,227.03319339435467,35169600
2024-11-21,227.4911346435547,229.12375023514656,224.6937885863231,227.8495144168353,42108300
2024-11-22,228.83502197265625,229.68120098473537,227.0331737980822,227.0331737980822,38168300
2024-11-25,231.82151794433594,232.19981188776785,228.70562083004268,230.41787789282506,90152800
2024-11-26,234.00167846679688,234.50939199708804,232.2794717613211,232.2794717613211,45986200
2024-11-27,233.8722381591797,234.6288260383393,232.75728573526553,233.41431778082386,33498400
2024-11-29,236.26144409179688,236.73927868022366,232.91657159263394,233.75278591990275,28481400
2024-12-02,238.5112762451172,239.70587037671794,236.0922242678823,236.2017296160342,48137100
2024-12-03,241.5574951171875,241.66700046466846,237.82437898500294,238.73028547870095,38861000
2024-12-04,241.91587829589844,243.01093178619982,240.16380790150487,241.7765092325954,44383900
2024-12-05,241.9457244873047,243.43897085315564,241.0398332364883,242.891459337747,40033900
2024-12-06,241.74664306640625,243.5285923470879,240.99007032901886,241.81633519239523,36870600
2024-12-09,245.63902282714844,246.1268220997756,240.66153502923254,240.74117665680967,44649200
2024-12-10,246.65443420410156,247.09245556004478,244.23536723926503,245.7783914922151,36914800
2024-12-11,245.38021850585938,249.67081089954078,245.15124311202538,246.84360125039836,45205800
2024-12-12,246.84359741210938,247.62008434324935,244.57384885559844,245.77840766369866,32777500
2024-12-13,247.0128173828125,248.16758302178013,245.13132757947596,246.70421556592945,33155300
2024-12-16,249.9097137451172,250.2481944775453,246.53497744922532,246.87345818165343,51694800
2024-12-17,252.33872985839844,252.68716009783537,248.655391740455,248.95404406138837,51356400
2024-12-18,246.9331817626953,253.13512753347695,246.62457993830327,251.02467749046986,56774100
2024-12-19,248.6653289794922,250.86538527206417,245.9774886038804,246.38564624934875,60882300
2024-12-20,253.34417724609375,253.8518755287198,244.58379575845774,246.92320588947405,147495300
2024-12-23,254.1206817626953,254.49896052911285,252.30886880268173,253.62293295259332,40858800
2024-12-24,257.0374755859375,257.0474099027653,254.14055892454206,254.3396705835317,23234700
2024-12-26,257.853759765625,258.9289141129315,256.47003399402934,257.0275101814573,27237100
2024-12-27,254.439208984375,257.5352220874343,251.9206014592013,256.6691137206059,42355300
2024-12-30,251.06448364257812,252.35863351915538,249.6210152068174,251.09434735441482,35557500
2024-12-31,249.29251098632812,252.1396347735265,248.30696287880588,251.30342042234355,39480700
2025-01-02,242.75210571289062,247.97846832553566,240.73124671787497,247.80922035937212,55740700
2025-01-03,242.26429748535156,243.08059762167903,240.80091479245596,242.26429748535156,40244100
2025-01-06,243.89691162109375,246.21642284830082,242.10501290585998,243.2100158477468,45045600
2025-01-07,241.11947631835938,244.44443460073458,240.263347789176,241.88599852058522,40856000
2025-01-08,241.60726928710938,242.61273160476242,238.9692066706783,240.83078235887348,37628900
2025-01-10,235.78359985351562,239.07869430046486,231.95092822526084,238.92936055450792,61710900
2025-01-13,233.34463500976562,233.61342361918983,228.68571346021633,232.47855694506205,49630700
2025-01-14,232.2296905517578,235.05690023183175,231.42333988575893,233.69307331230715,39435300
2025-01-15,236.79901123046875,237.88411516800545,233.3744970274307,233.5835582088168,39832000
2025-01-16,227.23228454589844,236.9383864807084,227.0033243432251,236.28136958651152,71759100
2025-01-17,228.9445343017578,231.24413133243607,227.4512878984511,231.07489856287185,68488300
2025-01-21,221.6375732421875,223.40955766052627,218.39225670760806,222.9914505136237,98070400
2025-01-22,222.8222198486328,223.11090745632038,218.80040121474653,218.80040121474653,64126500
2025-01-23,222.65301513671875,226.0078374632505,221.29913768199057,223.72815445577547,60234800
2025-01-24,221.77694702148438,224.614121166801,220.4131202139208,223.76794215782238,54697900
2025-01-27,228.82508850097656,231.10477141655377,222.9715575076631,223.01138591977585,94863400
2025-01-28,237.187255859375,239.1085741517517,229.77080167884077,229.81063008981926,75707600
2025-01-29,238.28228759765625,238.78003635891557,232.95636977614706,233.06587511122757,45486100
2025-01-30,236.52027893066406,239.7058683175974,236.14200015946125,237.59541819689565,55658300
2025-01-31,234.9374237060547,246.0770438113447,232.38895238779278,246.0770438113447,100959800
2025-02-03,226.9833984375,230.78620649590428,224.6838014511222,228.95449458875606,73063300
2025-02-04,231.75184631347656,232.08036234711574,225.62952690670866,226.2268315478868,45067300
2025-02-05,231.42332458496094,231.62242106375825,227.24223776986636,227.50106167329415,39620300
2025-02-06,232.16995239257812,232.74734282564026,229.39250557129796,230.24863411824003,29925300
2025-02-07,226.60513305664062,232.946448173879,226.236788599926,231.55275755143822,39707200
2025-02-10,226.8741912841797,229.80417456619486,226.42572786906877,228.7876615470872,33115600
2025-02-11,231.8272705078125,234.42837673351212,227.3525813044295,227.42233485023965,53718400
2025-02-12,236.06277465820312,236.15247950770552,229.89386689621963,230.41209906543347,45243300
2025-02-13,240.70689392089844,241.514131106333,234.7672133917818,236.10264318513748,53614100
2025-02-14,243.76644897460938,244.71320848741047,240.16875066053348,240.4278591482801,40896200
2025-02-18,243.6368865966797,244.34445851454996,241.01584434943877,243.31796980618805,48822500
2025-02-19,244.03550720214844,245.17162160901916,242.33134319523683,243.8262313730556,32204200
2025-02-20,244.99224853515625,245.93900803040836,243.45748811790233,244.10528213544586,32316900
2025-02-21,244.71319580078125,247.84249441981407,244.38431857946645,245.11182656230832,53197400
2025-02-24,246.25791931152344,248.01191597096326,243.58704451830639,244.0953010258401,51326400
2025-02-25,246.1981201171875,249.14803959700342,244.0753891604379,247.15485528022737,48013300
2025-02-26,239.5408935546875,244.14514449402503,238.3150894487839,243.49736566903925,44433600
2025-02-27,236.49131774902344,241.6337368385667,236.25213016109495,238.5941277716784,41153600
2025-02-28,241.01583862304688,241.26498665715278,229.41550676334808,236.14250368420718,56833400
2025-03-03,237.2188262939453,243.1983791446907,235.30537120652147,240.96600727263495,47184000
2025-03-04,235.1259765625,239.25188262538288,233.88023638606123,236.89992456399492,53798100
2025-03-05,234.93663024902344,235.7438674276595,228.44880585950324,234.61771347352882,47227600
2025-03-06,234.52804565429688,237.0494227188423,232.36544239217005,233.64107919926062,45170400
2025-03-07,238.2552947998047,240.54744460053885,233.95996981993864,234.30878315837532,46273600
2025-03-10,226.70477294921875,235.35520052510583,223.45588808739058,234.73730306532093,72071200
2025-03-11,220.08740234375,225.0703629938446,216.7089556312574,223.04728218644934,76137400
2025-03-12,216.2405548095703,220.99430349899413,214.17761702040198,219.3897895710681,62547500
2025-03-13,208.96542358398438,216.10102664759694,207.70972301630272,215.21406028960521,61368300
2025-03-14,212.762451171875,213.22087501834247,208.86577244295887,210.53007941159925,60107600
2025-03-17,213.2707061767578,214.48654973692538,209.25444129100026,212.58305520506434,48073400
2025-03-18,211.96519470214844,214.4168029665515,210.76928711901598,213.43018643369246,42432400
2025-03-19,214.50648498535156,218.0144781615262,213.0215573102422,213.48995680484757,54385400
2025-03-20,213.37039184570312,216.74883872802718,211.49679368091097,213.2607660976187,48862900
2025-03-21,217.5261688232422,218.09421843072647,210.55998434888178,210.83902892918795,94127800
2025-03-24,219.97776794433594,220.72521201243578,217.8351010318318,220.24685206675267,44299500
2025-03-25,222.98748779296875,223.3363011191594,219.32999652191663,220.0176475207108,34493600
2025-03-26,220.77505493164062,224.25316696482244,219.71866969932233,222.7483031053444,34466100
2025-03-27,223.08717346191406,224.22328797900445,219.8083765580053,220.63554992146092,37094800
2025-03-28,217.1574249267578,223.04728822423488,216.93817343567548,220.91458161653458,39818600
2025-03-31,221.37301635742188,224.8511131847691,215.49311362240712,216.27045427307317,65299300
2025-04-01,222.4293975830078,222.91771798921508,218.15400887457568,219.06091135294477,36412700
2025-04-02,223.12701416015625,224.4225869866718,220.2667995775576,220.56578026164416,35905900
2025-04-03,202.49754333496094,206.78289223919597,200.56415230327434,204.8395255545537,103419000
2025-04-04,187.738037109375,199.19884701911502,186.70157274086588,193.2292544699453,125910900
2025-04-07,180.84161376953125,193.48835506739644,174.02491207450518,176.59612158290105,160466300
2025-04-08,171.83241271972656,189.6913418115003,168.63336050772435,186.06374707733985,120859500
2025-04-09,198.17236328125,199.92636006312654,171.30423111843703,171.3640242168161,184395900
2025-04-10,189.7710723876953,194.11621470149436,182.37636057603893,188.42568213047016,121880000
2025-04-11,197.4747314453125,198.85999394662434,185.42593581806156,185.46580802047046,87435900
2025-04-14,201.82984924316406,212.2143377637297,200.47448329230923,210.7194495182335,101352900
2025-04-15,201.4511260986328,202.81645240683693,199.11910423874315,201.1720815277121,51343900
2025-04-16,193.6079559326172,200.01603598224625,191.71442177543545,197.68401406478426,59732400
2025-04-17,196.3087158203125,198.15241736523095,193.75744237056688,196.5279673080365,52164700
2025-04-21,192.50173950195312,193.13955785695288,189.1631497833642,192.61136524453693,46742500
2025-04-22,199.059326171875,200.9030125684292,195.3021694205859,195.45165216386687,52976400
2025-04-23,203.9027557373047,207.29116289420588,202.10888686320854,205.29797863560773,52929200
2025-04-24,207.659912109375,208.11835121294007,202.2484237558185,204.1917755069081,47311000
2025-04-25,208.56680297851562,209.0352025034097,205.49729734578435,205.66671618569228,38222300
2025-04-28,209.4238739013672,210.77923983434187,206.7530142372406,209.2843516085664,38743100
2025-04-29,210.490234375,211.51672307140856,207.6599011161091,207.978817902887,36827600
2025-04-30,211.7758331298828,212.8521544830753,205.96569903614,208.58674127234366,52286500
2025-05-01,212.59304809570312,213.82881264887993,208.18809734114114,208.3674918385056,57365700
2025-05-02,204.6501922607422,206.2846026840361,201.47106105284274,205.38766067678682,101010600
2025-05-05,198.21221923828125,203.4044712176219,197.5345438511527,202.40787903175757,69018500
2025-05-06,197.83349609375,199.96620262041338,196.34858356859348,197.5345306234426,51216500
2025-05-07,195.58120727539062,198.7603386318323,192.59143085844198,198.49125449640593,68536700
2025-05-08,196.81698608398438,199.3682595147921,194.0165494128041,197.04619801698016,50478900
2025-05-09,197.8534393310547,199.85658408831688,196.86680762308345,198.32183886048443,36453900
2025-05-12,210.34713745117188,210.82613996616402,206.31563192374182,210.52676720097676,63775800
2025-05-13,212.48263549804688,212.95164926547025,208.56089957562318,209.98788789546765,51909300
2025-05-14,211.88389587402344,213.49051386836734,210.13757262915965,211.98367663769176,49325800
2025-05-15,211.00575256347656,212.51258988469863,209.0997617101353,210.506803034962,45029500
2025-05-16,210.81614685058594,212.12340739052024,209.3292870180407,211.9138418912236,54737900
2025-05-19,208.3413543701172,209.0398806327114,203.83084657536088,207.47318710280226,46140500
2025-05-20,206.42539978027344,208.03201787298204,204.5992426766309,207.23369558110693,42496600
2025-05-21,201.6654052734375,206.60500227852873,200.28831500749223,204.73893602091724,59211800
2025-05-22,200.9369354248047,202.32401437172413,199.28041949489233,200.2883071907537,46742400
2025-05-23,194.85975646972656,197.28464391104225,193.05356158182016,193.26311186041877,78432900
2025-05-27,199.78936767578125,200.31825293342968,197.01519441683536,197.88337691051132,56288500
2025-05-28,199.99891662597656,202.30406088976383,199.48000488022652,200.16855762950956,45339700
2025-05-29,199.5299072265625,203.38179807643976,198.09293019267844,203.15228556391767,51396800
2025-05-30,200.4280242919922,201.53569281345096,196.36656797106642,198.95112277889336,70819900
2025-06-02,201.27622985839844,201.70533435611304,199.69954757512772,199.85921507319503,35423300
2025-06-03,202.84292602539062,203.34187550579085,200.53778186221837,200.92696184786135,46381600
2025-06-04,202.39389038085938,205.80670326672896,201.67540185470463,202.48369763994597,43604000
2025-06-05,200.20849609375,204.3198354061699,199.7294935749724,203.07246156364138,55126100
2025-06-06,203.49156188964844,205.26782088834017,201.62549563553227,202.57349663849442,46607700
2025-06-09,201.02676391601562,205.56720771427428,199.59977555964565,203.96058960802065,72862600
2025-06-10,202.2441864013672,203.92066462184746,200.14860765917956,200.1785434107301,54672600
2025-06-11,198.36236572265625,204.07034932786254,197.99314795828434,203.0724503091444,60989900
2025-06-12,198.78147888183594,199.26046614106752,196.94534836583952,198.66173587371065,43904600
2025-06-13,196.03726196289062,199.9490243445518,195.2888376882346,199.3103695725812,51447300
2025-06-16,198.0031280517578,198.27256505925683,196.1470352061455,196.8854859861783,43020700
2025-06-17,195.2289581298828,197.97318035709665,194.79986887227625,196.78567812068002,38856200
2025-06-18,196.16697692871094,197.15490236836843,194.66015499959357,195.52832221137376,45394700
2025-06-20,200.57769775390625,201.27622400422058,196.44639652864126,197.8235020126397,96813500
2025-06-23,201.07666015625,201.87498244787415,198.54200324907936,201.20639190632414,55814300
2025-06-24,199.87918090820312,203.0125832870988,199.77938491343542,202.16436301176623,54064000
2025-06-25,201.13653564453125,203.2421033073339,200.19850807531137,201.0267661369261,39525700
2025-06-26,200.57769775390625,202.2142514946699,199.04094000321476,201.00678701240994,50799100
2025-06-27,200.65753173828125,202.7930349784745,199.57979899649257,201.4658274879402,73188600
2025-06-30,204.7389373779297,206.95427439094752,198.84135059390303,201.58557286233471,91912800
2025-07-01,207.3833770751953,209.74839282792448,205.70689884063935,206.23578409144605,78788900
2025-07-02,211.99366760253906,212.8917706186518,207.7026988246806,208.47108532398713,67941800
2025-07-03,213.10134887695312,214.19902871499423,211.36499901814886,211.70428104663077,34955800
2025-07-07,209.50889587402344,215.77570049162512,208.36131809352125,212.23315593085263,50229000
2025-07-08,209.5687713623047,210.98578616820197,208.01205130024096,209.658593847986,42848900
2025-07-09,210.69639587402344,210.8859991217609,206.78463359109693,209.0897778625777,48749400
2025-07-10,211.96372985839844,213.03147386855414,209.58872537016995,210.06771262581316,44443600
2025-07-11,210.7163543701172,211.68431760849728,209.41908263784933,210.12759762046792,39765800
2025-07-14,208.1816864013672,210.46688365912564,207.10395364435493,209.48893166698292,38840100
2025-07-15,208.67066955566406,211.44482767792792,208.48106630115817,208.7804390594974,42296300
2025-07-16,209.71847534179688,211.95375954691573,208.2016644692293,209.8581806046168,47490500
2025-07-17,209.57875061035156,211.3550095983717,209.14964612579556,210.12759810142074,48068100
2025-07-18,210.73631286621094,211.34503189230253,209.25942654413325,210.42696659875526,48974600
2025-07-21,212.0335693359375,215.3266389893317,211.18536434566,211.65437808070223,51377400
2025-07-22,213.94955444335938,214.49840197701596,211.78411528941558,212.69220709721728,46404100
2025-07-23,213.7000732421875,214.69797228179937,211.9637386583707,214.54829351654996,46989300
2025-07-24,213.31088256835938,215.2368355364858,213.08137006420023,213.45058781785585,46022600
2025-07-25,213.43064880371094,214.7877920897316,212.95164630742312,214.24891808809048,40268800
2025-07-28,213.6002960205078,214.39861831079742,212.61237047326716,213.5803337758995,37858000
2025-07-29,210.8261260986328,214.3586818606333,210.37707459375494,213.73000061776605,51411700
2025-07-30,208.6107940673828,211.94377315400357,207.28358653790625,211.454797150492,45512500
2025-07-31,207.1339111328125,209.39913099136336,206.72476887181696,208.0519764228089,80698400
2025-08-01,201.95481872558594,213.1312852679161,201.07666267114303,210.4269720875647,104434500
2025-08-04,202.9227752685547,207.44325668811337,201.25627047720934,204.0803265791815,75109300
2025-08-05,202.49366760253906,204.90858140720596,201.73526982787092,202.97265486934364,44155100
2025-08-06,212.80197143554688,214.9275012748427,205.15806109322384,205.19798558200998,108483100
2025-08-07,219.56771850585938,220.38600300495352,216.12496995802366,218.42014073215765,90224800
2025-08-08,228.86814880371094,230.5146761138317,218.78936250198095,220.36604479784603,113854000
2025-08-11,226.95997619628906,229.33767612130436,224.54232171734583,227.6992650180531,61806100
2025-08-12,229.42758178710938,230.57647717809445,226.8500938879156,227.78917070894937,55626200
2025-08-13,233.10403442382812,234.77241529044048,230.2068337695816,230.8462285986664,69878500
2025-08-14,232.5545654296875,234.89229562265464,230.6264418350812,233.83332460758467,51916300
2025-08-15,231.36570739746094,234.0531046408583,229.11788646444978,233.77337703316005,56038700
2025-08-18,230.66639709472656,232.89423321308522,229.88715369469057,231.47561022214762,37476200
2025-08-19,230.3367156982422,232.64447617946885,229.1278960385577,231.05601964615855,39402600
2025-08-20,225.79110717773438,230.24679444121838,225.55134937034353,229.75726351111018,42263900
2025-08-21,224.68218994140625,226.30063142153253,223.56327948127884,226.05087353353895,30621200
2025-08-22,227.53941345214844,228.8681272027074,225.1916985271248,225.95095699429655,42477800
2025-08-25,226.94000244140625,229.07792927219558,226.01089520624416,226.26065308481304,30983100
2025-08-26,229.08792114257812,229.26775474756235,224.4724002828088,226.65028173376106,54575100
2025-08-27,230.26678466796875,230.676376013076,228.03893336267103,228.38860049855515,31259500
2025-08-28,232.33477783203125,233.18396075811214,229.11789497993007,230.59647266873003,38074700
2025-08-29,231.91517639160156,233.15398096397084,231.145917853049,232.28481317583598,39418400
2025-09-02,229.49752807617188,230.62643860177437,226.75019132336067,229.02798202980685,44075600
2025-09-03,238.2390594482422,238.6186963224971,234.133039090421,236.98028515930878,66427800
2025-09-04,239.5477752685547,239.66765417218173,236.51072617258424,238.21906152531412,47549400
2025-09-05,239.45787048339844,241.08629675958926,238.25903569310344,239.76756781945676,54870400
2025-09-08,237.64962768554688,239.91741830634814,236.11111057683257,239.06825064349684,48999500
2025-09-09,234.123046875,238.5487492683241,233.13400016518182,236.77047435136637,66313900
2025-09-10,226.5703582763672,232.19491077497392,225.73117543382176,231.96513778704139,83440800
2025-09-11,229.80722045898438,230.22681187017153,226.43048902665416,226.66027725307507,50208600
2025-09-12,233.84332275390625,234.28288383192944,228.79821036620638,228.9980136278554,55824200
2025-09-15,236.47076416015625,237.95932665324483,234.80238330570734,236.77047667310174,42699500
2025-09-16,237.9193572998047,240.98639147239973,236.09114297984144,236.9502954777413,63421100
2025-09-17,238.75856018066406,239.86748583209587,237.4997706474641,238.73857528095925,46508000
2025-09-18,237.64962768554688,240.9664044724694,236.4208079152849,239.737599946219,44249600
2025-09-19,245.26223754882812,246.06146581163878,239.9773675285625,240.99636870073516,163741300
2025-09-22,255.8319854736328,256.3914711896616,247.8797028858207,248.05953649140056,105517400
2025-09-23,254.18359375,257.0907792625319,253.33442606621003,255.63220171436936,60275200
2025-09-24,252.06564331054688,255.4923293909784,250.79686899703333,254.9728287261993,42303700
2025-09-25,256.6212158203125,256.9209435623003,251.466224879955,252.96477212582877,55202100
2025-09-26,255.2126007080078,257.3505275669758,253.5342198150173,253.8539172209246,46076300
2025-09-29,254.18359375,254.75304905914027,252.76497075706976,254.31347273152574,40127700
2025-09-30,254.38340759277344,255.67215158054225,252.8648753735947,254.61318058017173,37704300
2025-10-01,255.20260620117188,258.53938316103813,254.6831055272507,254.7929996074261,48713900
2025-10-02,256.8809814453125,257.9299523535748,253.9038565188199,256.33149581258533,42630200
2025-10-03,257.7701110839844,258.9889308017334,253.70406057825727,254.42336451804394,49155600
2025-10-06,256.44140625,258.819106172963,254.80299514816292,257.7401350456914,44664100
2025-10-07,256.23162841796875,257.15072039039774,255.18262697514498,256.56129542181253,31955800
2025-10-08,257.8100891113281,258.2696351050741,255.8619653198879,256.2715719294531,36496900
2025-10-09,253.79396057128906,257.75013209688524,252.8948383011137,257.5603136690899,38322000
2025-10-10,245.032470703125,256.13171175032437,243.76369637579657,254.69310389004832,61999100
2025-10-13,247.42015075683594,249.44818352992385,245.32217845998096,249.13848619669534,38142900
2025-10-14,247.53004455566406,248.60900042906025,244.46301046499008,246.36117950382103,35478000
2025-10-15,249.09852600097656,251.5761352503302,247.2303418581919,249.24838988167792,33893600
2025-10-16,247.21035766601562,248.79881419551728,244.8926123625184,248.00958596667436,39777000
2025-10-17,252.045654296875,253.13461023404025,247.03052706557392,247.77980070207627,49147000
2025-10-20,261.98602294921875,264.1239650925819,255.3824390623343,255.64218177653177,90483000
2025-10-21,262.5155029296875,265.03308188579996,261.5764108568555,261.6263807259345,46695900
2025-10-22,258.19970703125,262.5954395959732,255.18261234613632,262.3956210979312,45015300
2025-10-23,259.3285827636719,260.36758405794774,257.76012648314656,259.68824995662277,32754900
2025-10-24,262.56549072265625,263.87421967110856,258.9290010880386,260.93706434715574,38253700
2025-10-27,268.5496520996094,268.8593494221352,264.3936774471076,264.6234656652487,44888200
2025-10-28,268.7394714355469,269.6286240979669,267.8902885694659,268.7294713644567,41534800
2025-10-29,269.4388122558594,271.1471476128123,266.85129379808274,269.01920560410514,51086700
2025-10-30,271.13714599609375,273.87451306817263,268.2199910571769,271.72657092903916,69886500
2025-10-31,270.108154296875,277.05143573891627,268.89933466249033,276.721738255342,86167100
2025-11-03,268.7894287109375,270.5877038096653,265.9921525413924,270.15812755648943,50194600
2025-11-04,269.7784729003906,271.22705027239556,267.36080327265466,268.0701070960229,49274800
2025-11-05,269.8783874511719,271.43687417180433,266.67147434431234,268.3498399683747,43683100
2025-11-06,269.50872802734375,273.1352174017799,267.6305743388968,267.6305743388968,51204000
2025-11-07,268.2099914550781,272.02629915101613,266.51162568814635,269.5386899523433,48227400
2025-11-10,269.42999267578125,273.7300109863281,267.4599914550781,268.9599914550781,41312400
2025-11-11,275.25,275.9100036621094,269.79998779296875,269.80999755859375,46208300
2025-11-12,273.4700012207031,275.7300109863281,271.70001220703125,275.0,48398000
2025-11-13,272.95001220703125,276.70001220703125,272.0899963378906,274.1099853515625,49602800
2025-11-14,272.4100036621094,275.9599914550781,269.6000061035156,271.04998779296875,47431300
2025-11-17,267.4599914550781,270.489990234375,265.7300109863281,268.82000732421875,45018300
2025-11-18,267.44000244140625,270.7099914550781,265.32000732421875,269.989990234375,45677300
2025-11-19,268.55999755859375,272.2099914550781,265.5,265.5299987792969,40424500
2025-11-20,266.25,275.42999267578125,265.9200134277344,270.8299865722656,45823600
2025-11-21,271.489990234375,273.3299865722656,265.6700134277344,265.95001220703125,59030800
2025-11-24,275.9200134277344,277.0,270.8999938964844,270.8999938964844,65585800
2025-11-25,276.9700012207031,280.3800048828125,275.25,275.2699890136719,46914200
2025-11-26,277.54998779296875,279.5299987792969,276.6300048828125,276.9599914550781,33431400
2025-11-28,278.8500061035156,279.0,275.989990234375,277.260009765625,20135600
2025-12-01,283.1000061035156,283.4200134277344,276.1400146484375,278.010009765625,46587700
2025-12-02,286.19000244140625,287.3999938964844,282.6300048828125,283.0,53669500
2025-12-03,284.1499938964844,288.6199951171875,283.29998779296875,286.20001220703125,43538700
2025-12-04,280.70001220703125,284.7300109863281,278.5899963378906,284.1000061035156,43989100
2025-12-05,278.7799987792969,281.1400146484375,278.04998779296875,280.5400085449219,47265800
2025-12-08,277.8900146484375,279.6700134277344,276.1499938964844,278.1300048828125,38211800
2025-12-09,277.17999267578125,280.0299987792969,276.9200134277344,278.1600036621094,32193300
2025-12-10,278.7799987792969,279.75,276.44000244140625,277.75,33038300
2025-12-11,278.0299987792969,279.5899963378906,273.80999755859375,279.1000061035156,33248000
2025-12-12,278.2799987792969,279.2200012207031,276.82000732421875,277.8999938964844,39532900
2025-12-15,274.1099853515625,280.1499938964844,272.8399963378906,280.1499938964844,50409100
2025-12-16,274.6099853515625,275.5,271.7900085449219,272.82000732421875,37648600
2025-12-17,271.8399963378906,276.1600036621094,271.6400146484375,275.010009765625,50138700
2025-12-18,272.19000244140625,273.6300048828125,266.95001220703125,273.6099853515625,51630700
2025-12-19,273.6700134277344,274.6000061035156,269.8999938964844,272.1499938964844,144632000
2025-12-22,270.9700012207031,273.8800048828125,270.510009765625,272.8599853515625,36571800
2025-12-23,272.3599853515625,272.5,269.55999755859375,270.8399963378906,29642000
2025-12-24,273.80999755859375,275.42999267578125,272.20001220703125,272.3399963378906,17910600
2025-12-26,273.3999938964844,275.3699951171875,272.8599853515625,274.1600036621094,21521800
2025-12-29,273.760009765625,274.3599853515625,272.3500061035156,272.69000244140625,23715200
2025-12-30,273.0799865722656,274.0799865722656,272.2799987792969,272.80999755859375,22139600
2025-12-31,271.8599853515625,273.67999267578125,271.75,273.05999755859375,27293600
2026-01-02,271.010009765625,277.8399963378906,269.0,272.260009765625,37822400
