regime,timestamp,symbol,event,price,reason
baseline_next_open,2026-01-26 20:10:00+00:00,SPY,enter_short,693.65,next_open
baseline_next_open,2026-01-26 20:20:00+00:00,SPY,enter_long,693.53,next_open
baseline_next_open,2026-01-26 20:50:00+00:00,SPY,exit_short,693.63,hybrid_exit
baseline_next_open,2026-01-27 14:40:00+00:00,SPY,exit_long,693.6,hybrid_exit
baseline_next_open,2026-01-27 14:50:00+00:00,SPY,enter_long,694.48,next_open
baseline_next_open,2026-01-27 15:30:00+00:00,SPY,exit_long,694.725,hybrid_exit
baseline_next_open,2026-01-27 15:40:00+00:00,SPY,enter_long,695.54,next_open
baseline_next_open,2026-01-27 16:10:00+00:00,SPY,exit_long,696.1,hybrid_exit
baseline_next_open,2026-01-27 16:10:00+00:00,SPY,enter_short,696.1,next_open
baseline_next_open,2026-01-27 17:50:00+00:00,SPY,exit_short,695.7,hybrid_exit
baseline_next_open,2026-01-27 18:00:00+00:00,SPY,enter_long,695.44,next_open
baseline_next_open,2026-01-27 19:00:00+00:00,SPY,exit_long,696.01,hybrid_exit
baseline_next_open,2026-01-27 19:30:00+00:00,SPY,enter_short,696.19,next_open
baseline_next_open,2026-01-27 20:10:00+00:00,SPY,exit_short,696.15,hybrid_exit
baseline_next_open,2026-01-27 20:30:00+00:00,SPY,enter_long,695.97,next_open
baseline_next_open,2026-01-28 14:40:00+00:00,SPY,exit_long,697.165,hybrid_exit
baseline_next_open,2026-01-28 14:40:00+00:00,SPY,enter_short,697.165,next_open
baseline_next_open,2026-01-28 15:20:00+00:00,SPY,exit_short,696.51,hybrid_exit
baseline_next_open,2026-01-28 15:30:00+00:00,SPY,enter_short,696.76,next_open
baseline_next_open,2026-01-28 17:00:00+00:00,SPY,exit_short,694.73,hybrid_exit
baseline_next_open,2026-01-28 17:00:00+00:00,SPY,enter_long,694.73,next_open
baseline_next_open,2026-01-28 17:20:00+00:00,SPY,enter_short,695.58,next_open
baseline_next_open,2026-01-28 17:50:00+00:00,SPY,exit_short,694.93,hybrid_exit
baseline_next_open,2026-01-28 18:00:00+00:00,SPY,exit_long,694.84,hybrid_exit
baseline_next_open,2026-01-28 18:10:00+00:00,SPY,enter_short,695.07,next_open
baseline_next_open,2026-01-28 18:50:00+00:00,SPY,exit_short,694.89,hybrid_exit
baseline_next_open,2026-01-28 18:50:00+00:00,SPY,enter_long,694.89,next_open
baseline_next_open,2026-01-28 19:40:00+00:00,SPY,exit_long,694.67,hybrid_exit
baseline_next_open,2026-01-28 20:00:00+00:00,SPY,enter_short,694.9,next_open
baseline_next_open,2026-01-29 14:50:00+00:00,SPY,exit_short,693.64,hybrid_exit
baseline_next_open,2026-01-29 15:00:00+00:00,SPY,enter_short,691.535,next_open
baseline_next_open,2026-01-29 15:40:00+00:00,SPY,exit_short,687.59,hybrid_exit
baseline_next_open,2026-01-29 15:40:00+00:00,SPY,enter_long,687.59,next_open
baseline_next_open,2026-01-29 17:30:00+00:00,SPY,exit_long,690.985,hybrid_exit
baseline_next_open,2026-01-29 17:30:00+00:00,SPY,enter_short,690.985,next_open
baseline_next_open,2026-01-29 17:50:00+00:00,SPY,enter_long,689.85,next_open
baseline_next_open,2026-01-29 18:00:00+00:00,SPY,exit_short,689.03,hybrid_exit
baseline_next_open,2026-01-30 14:30:00+00:00,SPY,exit_long,691.84,hybrid_exit
baseline_next_open,2026-01-30 14:30:00+00:00,SPY,enter_short,691.84,next_open
baseline_next_open,2026-01-30 17:10:00+00:00,SPY,exit_short,689.11,hybrid_exit
baseline_next_open,2026-01-30 17:10:00+00:00,SPY,enter_long,689.11,next_open
baseline_next_open,2026-01-30 17:30:00+00:00,SPY,enter_short,691.025,next_open
baseline_next_open,2026-01-30 17:40:00+00:00,SPY,exit_long,690.09,hybrid_exit
baseline_next_open,2026-01-30 18:00:00+00:00,SPY,enter_long,689.09,next_open
baseline_next_open,2026-01-30 18:10:00+00:00,SPY,exit_short,689.6,hybrid_exit
baseline_next_open,2026-01-30 19:00:00+00:00,SPY,exit_long,691.36,hybrid_exit
baseline_next_open,2026-01-30 19:10:00+00:00,SPY,enter_short,692.14,next_open
baseline_next_open,2026-01-30 19:50:00+00:00,SPY,exit_short,690.89,hybrid_exit
baseline_next_open,2026-01-30 19:50:00+00:00,SPY,enter_long,690.89,next_open
baseline_next_open,2026-02-02 15:40:00+00:00,SPY,enter_short,695.7,next_open
baseline_next_open,2026-02-02 16:10:00+00:00,SPY,exit_short,694.87,hybrid_exit
baseline_next_open,2026-02-02 17:20:00+00:00,SPY,exit_long,696.26,hybrid_exit
baseline_next_open,2026-02-02 17:20:00+00:00,SPY,enter_short,696.26,next_open
baseline_next_open,2026-02-02 18:30:00+00:00,SPY,exit_short,696.07,hybrid_exit
baseline_next_open,2026-02-02 18:50:00+00:00,SPY,enter_short,696.68,next_open
baseline_next_open,2026-02-02 20:10:00+00:00,SPY,exit_short,696.3,hybrid_exit
baseline_next_open,2026-02-02 20:20:00+00:00,SPY,enter_short,695.91,next_open
baseline_next_open,2026-02-03 15:10:00+00:00,SPY,exit_short,692.99,hybrid_exit
baseline_next_open,2026-02-03 15:20:00+00:00,SPY,enter_short,692.43,next_open
baseline_next_open,2026-02-03 18:40:00+00:00,SPY,exit_short,686.355,hybrid_exit
baseline_next_open,2026-02-03 18:50:00+00:00,SPY,enter_long,685.62,next_open
baseline_next_open,2026-02-04 14:30:00+00:00,SPY,enter_short,690.29,next_open
baseline_next_open,2026-02-04 14:40:00+00:00,SPY,exit_long,690.57,hybrid_exit
baseline_next_open,2026-02-04 15:10:00+00:00,SPY,exit_short,688.985,hybrid_exit
baseline_next_open,2026-02-04 15:20:00+00:00,SPY,enter_short,688.69,next_open
baseline_next_open,2026-02-04 17:00:00+00:00,SPY,exit_short,686.51,hybrid_exit
baseline_next_open,2026-02-04 17:10:00+00:00,SPY,enter_short,686.445,next_open
baseline_next_open,2026-02-04 17:40:00+00:00,SPY,exit_short,682.41,hybrid_exit
baseline_next_open,2026-02-04 17:40:00+00:00,SPY,enter_long,682.41,next_open
baseline_next_open,2026-02-04 19:50:00+00:00,SPY,exit_long,687.33,hybrid_exit
baseline_next_open,2026-02-04 19:50:00+00:00,SPY,enter_short,687.33,next_open
baseline_next_open,2026-02-05 14:40:00+00:00,SPY,exit_short,682.37,hybrid_exit
baseline_next_open,2026-02-05 14:50:00+00:00,SPY,enter_short,682.85,next_open
baseline_next_open,2026-02-05 15:10:00+00:00,SPY,exit_short,678.75,hybrid_exit
baseline_next_open,2026-02-05 15:20:00+00:00,SPY,enter_long,678.04,next_open
baseline_next_open,2026-02-05 16:40:00+00:00,SPY,exit_long,680.235,hybrid_exit
baseline_next_open,2026-02-05 17:00:00+00:00,SPY,enter_short,681.25,next_open
baseline_next_open,2026-02-05 18:30:00+00:00,SPY,exit_short,679.09,hybrid_exit
baseline_next_open,2026-02-05 18:40:00+00:00,SPY,enter_long,678.96,next_open
baseline_next_open,2026-02-05 19:20:00+00:00,SPY,exit_long,681.16,hybrid_exit
baseline_next_open,2026-02-05 19:20:00+00:00,SPY,enter_short,681.16,next_open
baseline_next_open,2026-02-05 19:40:00+00:00,SPY,enter_long,679.11,next_open
baseline_next_open,2026-02-05 20:00:00+00:00,SPY,exit_short,679.08,hybrid_exit
baseline_next_open,2026-02-06 15:00:00+00:00,SPY,exit_long,684.82,hybrid_exit
baseline_next_open,2026-02-06 15:10:00+00:00,SPY,enter_long,683.98,next_open
baseline_next_open,2026-02-06 18:20:00+00:00,SPY,exit_long,689.155,hybrid_exit
baseline_next_open,2026-02-06 18:30:00+00:00,SPY,enter_long,688.99,next_open
baseline_next_open,2026-02-09 14:30:00+00:00,SPY,exit_long,689.47,hybrid_exit
baseline_next_open,2026-02-09 14:40:00+00:00,SPY,enter_long,691.05,next_open
baseline_next_open,2026-02-09 15:30:00+00:00,SPY,exit_long,691.94,hybrid_exit
baseline_next_open,2026-02-09 15:40:00+00:00,SPY,enter_long,693.34,next_open
baseline_next_open,2026-02-09 16:50:00+00:00,SPY,enter_short,695.195,next_open
baseline_next_open,2026-02-09 17:00:00+00:00,SPY,exit_long,695.375,hybrid_exit
baseline_next_open,2026-02-09 18:00:00+00:00,SPY,exit_short,694.58,hybrid_exit
baseline_next_open,2026-02-09 18:00:00+00:00,SPY,enter_long,694.58,next_open
baseline_next_open,2026-02-09 19:20:00+00:00,SPY,enter_short,695.335,next_open
baseline_next_open,2026-02-09 19:30:00+00:00,SPY,exit_long,695.76,hybrid_exit
baseline_next_open,2026-02-09 20:30:00+00:00,SPY,enter_long,694.44,next_open
baseline_next_open,2026-02-09 20:40:00+00:00,SPY,exit_short,694.54,hybrid_exit
baseline_next_open,2026-02-10 14:40:00+00:00,SPY,exit_long,694.305,hybrid_exit
baseline_next_open,2026-02-10 14:50:00+00:00,SPY,enter_long,693.935,next_open
baseline_next_open,2026-02-10 15:00:00+00:00,SPY,exit_long,695.77,hybrid_exit
baseline_next_open,2026-02-10 15:00:00+00:00,SPY,enter_short,695.77,next_open
baseline_next_open,2026-02-10 16:20:00+00:00,SPY,exit_short,694.94,hybrid_exit
baseline_next_open,2026-02-10 17:10:00+00:00,SPY,enter_short,695.19,next_open
baseline_next_open,2026-02-10 18:40:00+00:00,SPY,exit_short,693.675,hybrid_exit
baseline_next_open,2026-02-10 18:50:00+00:00,SPY,enter_long,693.15,next_open
baseline_next_open,2026-02-10 19:30:00+00:00,SPY,exit_long,693.88,hybrid_exit
baseline_next_open,2026-02-10 19:30:00+00:00,SPY,enter_short,693.88,next_open
baseline_next_open,2026-02-11 14:30:00+00:00,SPY,exit_short,696.435,hybrid_exit
baseline_next_open,2026-02-11 14:30:00+00:00,SPY,enter_long,696.435,next_open
baseline_next_open,2026-02-11 14:40:00+00:00,SPY,exit_long,695.19,hybrid_exit
baseline_next_open,2026-02-11 14:40:00+00:00,SPY,enter_short,695.19,next_open
baseline_next_open,2026-02-11 15:20:00+00:00,SPY,exit_short,690.79,hybrid_exit
baseline_next_open,2026-02-11 15:20:00+00:00,SPY,enter_long,690.79,next_open
baseline_next_open,2026-02-11 16:30:00+00:00,SPY,exit_long,691.74,hybrid_exit
baseline_next_open,2026-02-11 17:00:00+00:00,SPY,enter_long,692.015,next_open
baseline_next_open,2026-02-11 17:30:00+00:00,SPY,enter_short,693.6,next_open
baseline_next_open,2026-02-11 17:40:00+00:00,SPY,exit_long,693.4,hybrid_exit
baseline_next_open,2026-02-11 18:10:00+00:00,SPY,exit_short,692.0,hybrid_exit
baseline_next_open,2026-02-11 18:10:00+00:00,SPY,enter_long,692.0,next_open
baseline_next_open,2026-02-11 18:50:00+00:00,SPY,exit_long,692.89,hybrid_exit
baseline_next_open,2026-02-11 19:00:00+00:00,SPY,enter_long,692.74,next_open
baseline_next_open,2026-02-11 19:20:00+00:00,SPY,enter_short,693.365,next_open
baseline_next_open,2026-02-11 19:40:00+00:00,SPY,exit_long,693.53,hybrid_exit
baseline_next_open,2026-02-11 20:20:00+00:00,SPY,exit_short,692.71,hybrid_exit
baseline_next_open,2026-02-11 20:30:00+00:00,SPY,enter_long,692.21,next_open
baseline_next_open,2026-02-11 20:50:00+00:00,SPY,enter_short,692.92,next_open
baseline_next_open,2026-02-12 14:40:00+00:00,SPY,exit_long,694.82,hybrid_exit
baseline_next_open,2026-02-12 16:30:00+00:00,SPY,enter_long,683.6,next_open
baseline_next_open,2026-02-12 16:30:00+00:00,SPY,exit_short,683.6,hybrid_exit
baseline_next_open,2026-02-12 16:40:00+00:00,SPY,exit_long,685.58,hybrid_exit
baseline_next_open,2026-02-12 16:40:00+00:00,SPY,enter_short,685.58,next_open
baseline_next_open,2026-02-12 17:20:00+00:00,SPY,enter_long,683.605,next_open
baseline_next_open,2026-02-12 17:30:00+00:00,SPY,exit_short,684.115,hybrid_exit
baseline_next_open,2026-02-12 17:40:00+00:00,SPY,exit_long,684.89,hybrid_exit
baseline_next_open,2026-02-12 17:40:00+00:00,SPY,enter_short,684.89,next_open
baseline_next_open,2026-02-12 18:00:00+00:00,SPY,enter_long,682.82,next_open
baseline_next_open,2026-02-12 18:10:00+00:00,SPY,exit_short,683.34,hybrid_exit
baseline_next_open,2026-02-12 19:00:00+00:00,SPY,exit_long,684.855,hybrid_exit
baseline_next_open,2026-02-12 19:10:00+00:00,SPY,enter_short,684.495,next_open
baseline_next_open,2026-02-13 14:30:00+00:00,SPY,exit_short,681.695,hybrid_exit
baseline_next_open,2026-02-13 14:30:00+00:00,SPY,enter_long,681.695,next_open
baseline_next_open,2026-02-13 15:40:00+00:00,SPY,exit_long,682.86,hybrid_exit
baseline_next_open,2026-02-13 15:50:00+00:00,SPY,enter_long,681.195,next_open
baseline_next_open,2026-02-13 17:10:00+00:00,SPY,exit_long,685.2,hybrid_exit
baseline_next_open,2026-02-13 17:40:00+00:00,SPY,enter_short,685.935,next_open
baseline_next_open,2026-02-13 20:50:00+00:00,SPY,exit_short,681.18,hybrid_exit
baseline_next_open,2026-02-17 14:30:00+00:00,SPY,enter_short,680.15,next_open
baseline_next_open,2026-02-17 15:00:00+00:00,SPY,exit_short,676.42,hybrid_exit
baseline_next_open,2026-02-17 15:00:00+00:00,SPY,enter_long,676.42,next_open
baseline_next_open,2026-02-17 15:30:00+00:00,SPY,exit_long,677.43,hybrid_exit
baseline_next_open,2026-02-17 15:40:00+00:00,SPY,enter_long,675.87,next_open
baseline_next_open,2026-02-17 16:20:00+00:00,SPY,exit_long,682.76,hybrid_exit
baseline_next_open,2026-02-17 16:40:00+00:00,SPY,enter_short,682.4,next_open
baseline_next_open,2026-02-17 17:20:00+00:00,SPY,exit_short,681.365,hybrid_exit
baseline_next_open,2026-02-17 17:20:00+00:00,SPY,enter_long,681.365,next_open
baseline_next_open,2026-02-17 19:00:00+00:00,SPY,enter_short,684.06,next_open
baseline_next_open,2026-02-17 19:00:00+00:00,SPY,exit_long,684.06,hybrid_exit
baseline_next_open,2026-02-17 20:00:00+00:00,SPY,enter_long,683.57,next_open
baseline_next_open,2026-02-17 20:10:00+00:00,SPY,exit_short,683.39,hybrid_exit
baseline_next_open,2026-02-18 15:10:00+00:00,SPY,exit_long,687.48,hybrid_exit
baseline_next_open,2026-02-18 15:30:00+00:00,SPY,enter_short,687.89,next_open
baseline_next_open,2026-02-18 16:20:00+00:00,SPY,exit_short,688.13,hybrid_exit
baseline_next_open,2026-02-18 16:40:00+00:00,SPY,enter_short,688.53,next_open
baseline_next_open,2026-02-18 17:00:00+00:00,SPY,enter_long,687.56,next_open
baseline_next_open,2026-02-18 17:20:00+00:00,SPY,exit_long,688.58,hybrid_exit
baseline_next_open,2026-02-18 20:00:00+00:00,SPY,exit_short,684.62,hybrid_exit
baseline_next_open,2026-02-18 20:00:00+00:00,SPY,enter_long,684.62,next_open
baseline_next_open,2026-02-18 20:40:00+00:00,SPY,enter_short,685.53,next_open
baseline_next_open,2026-02-18 20:50:00+00:00,SPY,exit_long,686.47,hybrid_exit
baseline_next_open,2026-02-19 14:40:00+00:00,SPY,exit_short,683.68,hybrid_exit
baseline_next_open,2026-02-19 14:40:00+00:00,SPY,enter_long,683.68,next_open
baseline_next_open,2026-02-19 15:00:00+00:00,SPY,exit_long,684.9,hybrid_exit
baseline_next_open,2026-02-19 15:20:00+00:00,SPY,enter_short,684.99,next_open
baseline_next_open,2026-02-19 15:30:00+00:00,SPY,enter_long,683.86,next_open
baseline_next_open,2026-02-19 15:40:00+00:00,SPY,exit_long,685.43,hybrid_exit
baseline_next_open,2026-02-19 17:00:00+00:00,SPY,exit_short,683.55,hybrid_exit
baseline_next_open,2026-02-19 17:10:00+00:00,SPY,enter_long,683.04,next_open
baseline_next_open,2026-02-19 17:20:00+00:00,SPY,exit_long,684.08,hybrid_exit
baseline_next_open,2026-02-19 17:20:00+00:00,SPY,enter_short,684.08,next_open
baseline_next_open,2026-02-19 17:50:00+00:00,SPY,enter_long,682.71,next_open
baseline_next_open,2026-02-19 18:00:00+00:00,SPY,exit_short,682.42,hybrid_exit
baseline_next_open,2026-02-19 19:00:00+00:00,SPY,exit_long,683.73,hybrid_exit
baseline_next_open,2026-02-19 19:00:00+00:00,SPY,enter_short,683.73,next_open
baseline_next_open,2026-02-19 19:40:00+00:00,SPY,exit_short,682.02,hybrid_exit
baseline_next_open,2026-02-19 19:40:00+00:00,SPY,enter_long,682.02,next_open
baseline_next_open,2026-02-20 14:50:00+00:00,SPY,exit_long,684.26,hybrid_exit
baseline_next_open,2026-02-20 15:00:00+00:00,SPY,enter_long,684.89,next_open
baseline_next_open,2026-02-20 15:10:00+00:00,SPY,exit_long,687.035,hybrid_exit
baseline_next_open,2026-02-20 15:20:00+00:00,SPY,enter_long,686.85,next_open
baseline_next_open,2026-02-20 15:50:00+00:00,SPY,exit_long,688.17,hybrid_exit
baseline_next_open,2026-02-20 15:50:00+00:00,SPY,enter_short,688.17,next_open
baseline_next_open,2026-02-20 16:30:00+00:00,SPY,enter_long,686.1,next_open
baseline_next_open,2026-02-20 16:40:00+00:00,SPY,exit_long,688.12,hybrid_exit
baseline_next_open,2026-02-20 17:20:00+00:00,SPY,exit_short,685.08,hybrid_exit
baseline_next_open,2026-02-20 17:20:00+00:00,SPY,enter_long,685.08,next_open
baseline_next_open,2026-02-20 18:50:00+00:00,SPY,exit_long,689.1,hybrid_exit
baseline_next_open,2026-02-20 19:00:00+00:00,SPY,enter_short,689.27,next_open
baseline_next_open,2026-02-20 19:40:00+00:00,SPY,exit_short,688.61,hybrid_exit
baseline_next_open,2026-02-20 20:10:00+00:00,SPY,enter_short,689.03,next_open
baseline_next_open,2026-02-23 16:10:00+00:00,SPY,enter_long,681.15,next_open
baseline_next_open,2026-02-23 16:10:00+00:00,SPY,exit_short,681.15,hybrid_exit
baseline_next_open,2026-02-23 16:30:00+00:00,SPY,enter_short,682.66,next_open
baseline_next_open,2026-02-23 16:50:00+00:00,SPY,exit_long,682.05,hybrid_exit
baseline_next_open,2026-02-23 17:10:00+00:00,SPY,exit_short,681.96,hybrid_exit
baseline_next_open,2026-02-23 17:30:00+00:00,SPY,enter_long,681.67,next_open
baseline_next_open,2026-02-23 18:20:00+00:00,SPY,exit_long,683.13,hybrid_exit
baseline_next_open,2026-02-23 18:20:00+00:00,SPY,enter_short,683.13,next_open
baseline_next_open,2026-02-23 19:20:00+00:00,SPY,exit_short,681.755,hybrid_exit
baseline_next_open,2026-02-23 19:30:00+00:00,SPY,enter_long,681.29,next_open
baseline_next_open,2026-02-24 14:50:00+00:00,SPY,exit_long,684.9,hybrid_exit
baseline_next_open,2026-02-24 15:00:00+00:00,SPY,enter_long,683.125,next_open
baseline_next_open,2026-02-24 15:40:00+00:00,SPY,exit_long,685.93,hybrid_exit
baseline_next_open,2026-02-24 16:00:00+00:00,SPY,enter_long,685.36,next_open
baseline_next_open,2026-02-24 17:30:00+00:00,SPY,exit_long,687.45,hybrid_exit
baseline_next_open,2026-02-24 17:40:00+00:00,SPY,enter_short,687.4,next_open
baseline_next_open,2026-02-24 18:30:00+00:00,SPY,exit_short,687.04,hybrid_exit
baseline_next_open,2026-02-24 18:40:00+00:00,SPY,enter_short,687.67,next_open
baseline_next_open,2026-02-24 19:20:00+00:00,SPY,exit_short,686.93,hybrid_exit
baseline_next_open,2026-02-24 19:30:00+00:00,SPY,enter_long,686.89,next_open
baseline_next_open,2026-02-24 21:00:00+00:00,SPY,exit_long,687.45,hybrid_exit
baseline_next_open,2026-02-25 14:30:00+00:00,SPY,enter_long,690.14,next_open
baseline_next_open,2026-02-25 14:40:00+00:00,SPY,exit_long,691.19,hybrid_exit
baseline_next_open,2026-02-25 14:50:00+00:00,SPY,enter_short,691.68,next_open
baseline_next_open,2026-02-25 15:30:00+00:00,SPY,exit_short,691.13,hybrid_exit
baseline_next_open,2026-02-25 15:40:00+00:00,SPY,enter_long,690.49,next_open
baseline_next_open,2026-02-25 16:50:00+00:00,SPY,enter_short,692.29,next_open
baseline_next_open,2026-02-25 17:00:00+00:00,SPY,exit_long,692.02,hybrid_exit
baseline_next_open,2026-02-25 17:30:00+00:00,SPY,enter_long,691.97,next_open
baseline_next_open,2026-02-25 17:40:00+00:00,SPY,exit_short,692.31,hybrid_exit
baseline_next_open,2026-02-25 19:20:00+00:00,SPY,exit_long,693.0,hybrid_exit
baseline_next_open,2026-02-25 19:41:00+00:00,SPY,enter_short,693.18,next_open
baseline_next_open,2026-02-26 14:40:00+00:00,SPY,exit_short,692.165,hybrid_exit
baseline_next_open,2026-02-26 14:50:00+00:00,SPY,enter_short,691.05,next_open
baseline_next_open,2026-02-26 15:10:00+00:00,SPY,exit_short,690.025,hybrid_exit
baseline_next_open,2026-02-26 15:30:00+00:00,SPY,enter_long,685.6,next_open
baseline_next_open,2026-02-26 15:50:00+00:00,SPY,exit_long,687.56,hybrid_exit
baseline_next_open,2026-02-26 16:00:00+00:00,SPY,enter_short,687.685,next_open
baseline_next_open,2026-02-26 17:10:00+00:00,SPY,exit_short,686.76,hybrid_exit
baseline_next_open,2026-02-26 17:30:00+00:00,SPY,enter_long,686.23,next_open
baseline_next_open,2026-02-26 19:20:00+00:00,SPY,exit_long,688.89,hybrid_exit
baseline_next_open,2026-02-26 19:20:00+00:00,SPY,enter_short,688.89,next_open
baseline_next_open,2026-02-27 14:40:00+00:00,SPY,exit_short,684.06,hybrid_exit
baseline_next_open,2026-02-27 14:50:00+00:00,SPY,enter_long,683.5,next_open
baseline_next_open,2026-02-27 15:50:00+00:00,SPY,exit_long,685.135,hybrid_exit
baseline_next_open,2026-02-27 16:00:00+00:00,SPY,enter_short,685.24,next_open
baseline_next_open,2026-02-27 17:30:00+00:00,SPY,exit_short,684.14,hybrid_exit
baseline_next_open,2026-02-27 18:00:00+00:00,SPY,enter_short,684.37,next_open
baseline_next_open,2026-02-27 18:40:00+00:00,SPY,exit_short,683.69,hybrid_exit
baseline_next_open,2026-02-27 19:10:00+00:00,SPY,enter_long,683.87,next_open
baseline_next_open,2026-02-27 20:20:00+00:00,SPY,exit_long,685.57,hybrid_exit
baseline_next_open,2026-02-27 20:20:00+00:00,SPY,enter_short,685.57,next_open
baseline_next_open,2026-03-02 14:40:00+00:00,SPY,exit_short,681.0,hybrid_exit
baseline_next_open,2026-03-02 14:40:00+00:00,SPY,enter_long,681.0,next_open
baseline_next_open,2026-03-02 15:30:00+00:00,SPY,exit_long,683.37,hybrid_exit
baseline_next_open,2026-03-02 15:40:00+00:00,SPY,enter_long,683.83,next_open
baseline_next_open,2026-03-02 17:00:00+00:00,SPY,exit_long,686.25,hybrid_exit
baseline_next_open,2026-03-02 17:20:00+00:00,SPY,enter_short,687.04,next_open
baseline_next_open,2026-03-02 18:20:00+00:00,SPY,exit_short,686.59,hybrid_exit
baseline_next_open,2026-03-02 18:40:00+00:00,SPY,enter_long,686.16,next_open
baseline_next_open,2026-03-02 19:20:00+00:00,SPY,enter_short,687.66,next_open
baseline_next_open,2026-03-02 19:30:00+00:00,SPY,exit_long,688.245,hybrid_exit
baseline_next_open,2026-03-02 20:20:00+00:00,SPY,exit_short,686.08,hybrid_exit
baseline_next_open,2026-03-02 20:30:00+00:00,SPY,enter_short,685.37,next_open
baseline_next_open,2026-03-03 14:40:00+00:00,SPY,exit_short,675.78,hybrid_exit
baseline_next_open,2026-03-03 14:40:00+00:00,SPY,enter_long,675.78,next_open
baseline_next_open,2026-03-03 17:00:00+00:00,SPY,exit_long,677.57,hybrid_exit
baseline_next_open,2026-03-03 17:10:00+00:00,SPY,enter_long,676.81,next_open
baseline_next_open,2026-03-03 18:50:00+00:00,SPY,exit_long,681.4,hybrid_exit
baseline_next_open,2026-03-03 19:00:00+00:00,SPY,enter_short,681.27,next_open
baseline_next_open,2026-03-03 19:40:00+00:00,SPY,exit_short,680.82,hybrid_exit
baseline_next_open,2026-03-03 19:50:00+00:00,SPY,enter_short,682.01,next_open
baseline_next_open,2026-03-03 20:20:00+00:00,SPY,enter_long,680.48,next_open
baseline_next_open,2026-03-03 20:30:00+00:00,SPY,exit_short,681.04,hybrid_exit
baseline_next_open,2026-03-04 14:40:00+00:00,SPY,exit_long,680.95,hybrid_exit
baseline_next_open,2026-03-04 14:50:00+00:00,SPY,enter_long,680.85,next_open
baseline_next_open,2026-03-04 15:40:00+00:00,SPY,exit_long,684.63,hybrid_exit
baseline_next_open,2026-03-04 16:00:00+00:00,SPY,enter_short,685.86,next_open
baseline_next_open,2026-03-04 16:20:00+00:00,SPY,enter_long,684.54,next_open
baseline_next_open,2026-03-04 16:30:00+00:00,SPY,exit_short,685.185,hybrid_exit
baseline_next_open,2026-03-04 17:00:00+00:00,SPY,exit_long,685.78,hybrid_exit
baseline_next_open,2026-03-04 17:30:00+00:00,SPY,enter_long,685.33,next_open
baseline_next_open,2026-03-04 18:10:00+00:00,SPY,exit_long,686.22,hybrid_exit
baseline_next_open,2026-03-04 18:20:00+00:00,SPY,enter_long,685.6,next_open
baseline_next_open,2026-03-04 19:00:00+00:00,SPY,exit_long,686.57,hybrid_exit
baseline_next_open,2026-03-04 19:10:00+00:00,SPY,enter_short,686.74,next_open
baseline_next_open,2026-03-05 14:40:00+00:00,SPY,exit_short,683.63,hybrid_exit
baseline_next_open,2026-03-05 14:50:00+00:00,SPY,enter_short,682.825,next_open
baseline_next_open,2026-03-05 15:40:00+00:00,SPY,exit_short,681.3,hybrid_exit
baseline_next_open,2026-03-05 15:50:00+00:00,SPY,enter_short,681.29,next_open
baseline_next_open,2026-03-05 17:40:00+00:00,SPY,exit_short,678.09,hybrid_exit
baseline_next_open,2026-03-05 18:10:00+00:00,SPY,enter_short,677.79,next_open
baseline_next_open,2026-03-05 18:20:00+00:00,SPY,enter_long,676.46,next_open
baseline_next_open,2026-03-05 18:30:00+00:00,SPY,exit_short,676.67,hybrid_exit
baseline_next_open,2026-03-05 20:00:00+00:00,SPY,exit_long,677.1,hybrid_exit
baseline_next_open,2026-03-05 20:10:00+00:00,SPY,enter_short,678.28,next_open
baseline_next_open,2026-03-06 14:40:00+00:00,SPY,exit_short,671.06,hybrid_exit
baseline_next_open,2026-03-06 14:40:00+00:00,SPY,enter_long,671.06,next_open
baseline_next_open,2026-03-06 15:40:00+00:00,SPY,exit_long,675.5,hybrid_exit
baseline_next_open,2026-03-06 15:40:00+00:00,SPY,enter_short,675.5,next_open
baseline_next_open,2026-03-06 15:50:00+00:00,SPY,enter_long,673.5,next_open
baseline_next_open,2026-03-06 16:00:00+00:00,SPY,exit_long,674.92,hybrid_exit
baseline_next_open,2026-03-06 17:20:00+00:00,SPY,exit_short,674.43,hybrid_exit
baseline_next_open,2026-03-06 17:40:00+00:00,SPY,enter_long,672.96,next_open
baseline_next_open,2026-03-06 18:20:00+00:00,SPY,exit_long,675.82,hybrid_exit
baseline_next_open,2026-03-06 18:20:00+00:00,SPY,enter_short,675.82,next_open
baseline_next_open,2026-03-09 13:40:00+00:00,SPY,enter_long,664.67,next_open
baseline_next_open,2026-03-09 13:50:00+00:00,SPY,exit_short,663.68,hybrid_exit
baseline_next_open,2026-03-09 16:20:00+00:00,SPY,exit_long,670.0,hybrid_exit
baseline_next_open,2026-03-09 16:30:00+00:00,SPY,enter_short,670.93,next_open
baseline_next_open,2026-03-09 17:30:00+00:00,SPY,exit_short,668.875,hybrid_exit
baseline_next_open,2026-03-09 17:30:00+00:00,SPY,enter_long,668.875,next_open
baseline_next_open,2026-03-09 19:40:00+00:00,SPY,exit_long,679.16,hybrid_exit
baseline_next_open,2026-03-09 19:40:00+00:00,SPY,enter_short,679.16,next_open
baseline_next_open,2026-03-10 13:40:00+00:00,SPY,exit_short,677.04,hybrid_exit
baseline_next_open,2026-03-10 13:40:00+00:00,SPY,enter_long,677.04,next_open
baseline_next_open,2026-03-10 15:00:00+00:00,SPY,exit_long,681.1,hybrid_exit
baseline_next_open,2026-03-10 15:00:00+00:00,SPY,enter_short,681.1,next_open
baseline_next_open,2026-03-10 16:00:00+00:00,SPY,exit_short,681.4,hybrid_exit
baseline_next_open,2026-03-10 16:10:00+00:00,SPY,enter_long,679.97,next_open
baseline_next_open,2026-03-10 16:40:00+00:00,SPY,enter_short,681.56,next_open
baseline_next_open,2026-03-10 16:50:00+00:00,SPY,exit_long,680.94,hybrid_exit
baseline_next_open,2026-03-10 18:30:00+00:00,SPY,exit_short,679.42,hybrid_exit
baseline_next_open,2026-03-10 18:40:00+00:00,SPY,enter_short,678.78,next_open
baseline_next_open,2026-03-10 19:50:00+00:00,SPY,exit_short,676.78,hybrid_exit
baseline_next_open,2026-03-10 19:50:00+00:00,SPY,enter_long,676.78,next_open
baseline_next_open,2026-03-11 13:40:00+00:00,SPY,exit_long,678.38,hybrid_exit
baseline_next_open,2026-03-11 13:40:00+00:00,SPY,enter_short,678.38,next_open
baseline_next_open,2026-03-11 15:40:00+00:00,SPY,exit_short,674.875,hybrid_exit
baseline_next_open,2026-03-11 15:50:00+00:00,SPY,enter_long,674.25,next_open
baseline_next_open,2026-03-11 16:50:00+00:00,SPY,exit_long,675.34,hybrid_exit
baseline_next_open,2026-03-11 16:50:00+00:00,SPY,enter_short,675.34,next_open
baseline_next_open,2026-03-11 17:50:00+00:00,SPY,exit_short,674.83,hybrid_exit
baseline_next_open,2026-03-11 18:10:00+00:00,SPY,enter_long,674.325,next_open
baseline_next_open,2026-03-11 18:50:00+00:00,SPY,exit_long,674.815,hybrid_exit
baseline_next_open,2026-03-11 18:50:00+00:00,SPY,enter_short,674.815,next_open
baseline_next_open,2026-03-12 13:40:00+00:00,SPY,exit_short,671.28,hybrid_exit
baseline_next_open,2026-03-12 13:50:00+00:00,SPY,enter_short,670.29,next_open
baseline_next_open,2026-03-12 14:30:00+00:00,SPY,exit_short,668.04,hybrid_exit
baseline_next_open,2026-03-12 14:30:00+00:00,SPY,enter_long,668.04,next_open
baseline_next_open,2026-03-12 15:40:00+00:00,SPY,exit_long,669.73,hybrid_exit
baseline_next_open,2026-03-12 15:40:00+00:00,SPY,enter_short,669.73,next_open
baseline_next_open,2026-03-12 16:10:00+00:00,SPY,enter_long,667.89,next_open
baseline_next_open,2026-03-12 16:20:00+00:00,SPY,exit_long,669.8,hybrid_exit
baseline_next_open,2026-03-12 18:50:00+00:00,SPY,exit_short,667.49,hybrid_exit
baseline_next_open,2026-03-12 19:00:00+00:00,SPY,enter_long,667.3,next_open
baseline_next_open,2026-03-12 19:40:00+00:00,SPY,exit_long,667.915,hybrid_exit
baseline_next_open,2026-03-12 19:50:00+00:00,SPY,enter_long,666.69,next_open
baseline_next_open,2026-03-13 13:40:00+00:00,SPY,exit_long,670.39,hybrid_exit
baseline_next_open,2026-03-13 13:40:00+00:00,SPY,enter_short,670.39,next_open
baseline_next_open,2026-03-13 15:10:00+00:00,SPY,exit_short,666.21,hybrid_exit
baseline_next_open,2026-03-13 15:20:00+00:00,SPY,enter_short,665.865,next_open
baseline_next_open,2026-03-13 16:00:00+00:00,SPY,exit_short,663.5,hybrid_exit
baseline_next_open,2026-03-13 16:00:00+00:00,SPY,enter_long,663.5,next_open
baseline_next_open,2026-03-13 16:40:00+00:00,SPY,exit_long,664.27,hybrid_exit
baseline_next_open,2026-03-13 16:40:00+00:00,SPY,enter_short,664.27,next_open
baseline_next_open,2026-03-13 17:50:00+00:00,SPY,enter_long,662.485,next_open
baseline_next_open,2026-03-13 18:00:00+00:00,SPY,exit_short,662.7,hybrid_exit
baseline_next_open,2026-03-16 14:10:00+00:00,SPY,exit_long,670.8,hybrid_exit
baseline_next_open,2026-03-16 14:10:00+00:00,SPY,enter_short,670.8,next_open
baseline_next_open,2026-03-16 14:50:00+00:00,SPY,enter_long,668.02,next_open
baseline_next_open,2026-03-16 14:50:00+00:00,SPY,exit_short,668.02,hybrid_exit
baseline_next_open,2026-03-16 15:10:00+00:00,SPY,exit_long,669.17,hybrid_exit
baseline_next_open,2026-03-16 15:20:00+00:00,SPY,enter_short,669.51,next_open
baseline_next_open,2026-03-16 16:10:00+00:00,SPY,exit_short,668.81,hybrid_exit
baseline_next_open,2026-03-16 16:30:00+00:00,SPY,enter_long,667.44,next_open
baseline_next_open,2026-03-16 18:20:00+00:00,SPY,exit_long,669.81,hybrid_exit
baseline_next_open,2026-03-16 18:40:00+00:00,SPY,enter_long,670.1,next_open
baseline_next_open,2026-03-16 19:20:00+00:00,SPY,exit_long,669.42,hybrid_exit
baseline_next_open,2026-03-16 19:30:00+00:00,SPY,enter_long,669.26,next_open
baseline_next_open,2026-03-17 13:40:00+00:00,SPY,exit_long,673.885,hybrid_exit
baseline_next_open,2026-03-17 13:50:00+00:00,SPY,enter_short,674.16,next_open
baseline_next_open,2026-03-17 14:20:00+00:00,SPY,exit_short,672.565,hybrid_exit
baseline_next_open,2026-03-17 14:30:00+00:00,SPY,enter_short,672.73,next_open
baseline_next_open,2026-03-17 15:40:00+00:00,SPY,exit_short,670.68,hybrid_exit
baseline_next_open,2026-03-17 16:10:00+00:00,SPY,enter_long,670.64,next_open
baseline_next_open,2026-03-17 16:20:00+00:00,SPY,enter_short,671.55,next_open
baseline_next_open,2026-03-17 17:00:00+00:00,SPY,exit_short,671.05,hybrid_exit
baseline_next_open,2026-03-17 17:10:00+00:00,SPY,enter_short,671.79,next_open
baseline_next_open,2026-03-17 17:20:00+00:00,SPY,exit_long,671.4,hybrid_exit
baseline_next_open,2026-03-18 13:40:00+00:00,SPY,exit_short,669.07,hybrid_exit
baseline_next_open,2026-03-18 13:50:00+00:00,SPY,enter_short,669.09,next_open
baseline_next_open,2026-03-18 14:30:00+00:00,SPY,exit_short,665.98,hybrid_exit
baseline_next_open,2026-03-18 14:30:00+00:00,SPY,enter_long,665.98,next_open
baseline_next_open,2026-03-18 15:00:00+00:00,SPY,enter_short,667.13,next_open
baseline_next_open,2026-03-18 15:10:00+00:00,SPY,exit_long,667.96,hybrid_exit
baseline_next_open,2026-03-18 18:30:00+00:00,SPY,exit_short,665.94,hybrid_exit
baseline_next_open,2026-03-18 18:40:00+00:00,SPY,enter_short,664.795,next_open
baseline_next_open,2026-03-19 13:40:00+00:00,SPY,enter_long,656.23,next_open
baseline_next_open,2026-03-19 13:40:00+00:00,SPY,exit_short,656.23,hybrid_exit
baseline_next_open,2026-03-19 14:00:00+00:00,SPY,exit_long,658.64,hybrid_exit
baseline_next_open,2026-03-19 14:00:00+00:00,SPY,enter_short,658.64,next_open
baseline_next_open,2026-03-19 14:30:00+00:00,SPY,exit_short,656.33,hybrid_exit
baseline_next_open,2026-03-19 14:30:00+00:00,SPY,enter_long,656.33,next_open
baseline_next_open,2026-03-19 14:40:00+00:00,SPY,exit_long,657.37,hybrid_exit
baseline_next_open,2026-03-19 15:10:00+00:00,SPY,enter_short,658.87,next_open
baseline_next_open,2026-03-19 15:40:00+00:00,SPY,enter_long,656.93,next_open
baseline_next_open,2026-03-19 15:50:00+00:00,SPY,exit_short,657.02,hybrid_exit
baseline_next_open,2026-03-19 16:10:00+00:00,SPY,exit_long,658.495,hybrid_exit
baseline_next_open,2026-03-19 16:10:00+00:00,SPY,enter_short,658.495,next_open
baseline_next_open,2026-03-19 17:10:00+00:00,SPY,enter_long,655.86,next_open
baseline_next_open,2026-03-19 17:20:00+00:00,SPY,exit_short,656.8,hybrid_exit
baseline_next_open,2026-03-19 18:30:00+00:00,SPY,exit_long,657.155,hybrid_exit
baseline_next_open,2026-03-19 18:40:00+00:00,SPY,enter_long,656.71,next_open
baseline_next_open,2026-03-19 19:00:00+00:00,SPY,enter_short,658.415,next_open
baseline_next_open,2026-03-19 19:00:00+00:00,SPY,exit_long,658.415,hybrid_exit
baseline_next_open,2026-03-20 14:10:00+00:00,SPY,exit_short,653.09,hybrid_exit
baseline_next_open,2026-03-20 14:20:00+00:00,SPY,enter_long,652.19,next_open
baseline_next_open,2026-03-20 15:00:00+00:00,SPY,exit_long,652.15,hybrid_exit
baseline_next_open,2026-03-20 15:30:00+00:00,SPY,enter_long,651.94,next_open
baseline_next_open,2026-03-20 16:00:00+00:00,SPY,exit_long,652.96,hybrid_exit
baseline_next_open,2026-03-20 16:00:00+00:00,SPY,enter_short,652.96,next_open
baseline_next_open,2026-03-20 18:30:00+00:00,SPY,exit_short,649.4,hybrid_exit
baseline_next_open,2026-03-20 18:40:00+00:00,SPY,enter_long,648.33,next_open
baseline_next_open,2026-03-23 14:10:00+00:00,SPY,exit_long,659.56,hybrid_exit
baseline_next_open,2026-03-23 14:10:00+00:00,SPY,enter_short,659.56,next_open
baseline_next_open,2026-03-23 16:10:00+00:00,SPY,exit_short,656.77,hybrid_exit
baseline_next_open,2026-03-23 16:30:00+00:00,SPY,enter_long,654.08,next_open
baseline_next_open,2026-03-23 17:40:00+00:00,SPY,exit_long,657.8,hybrid_exit
baseline_next_open,2026-03-23 17:50:00+00:00,SPY,enter_long,656.65,next_open
baseline_next_open,2026-03-23 18:30:00+00:00,SPY,exit_long,657.43,hybrid_exit
baseline_next_open,2026-03-23 18:30:00+00:00,SPY,enter_short,657.43,next_open
baseline_next_open,2026-03-24 13:40:00+00:00,SPY,exit_short,651.22,hybrid_exit
baseline_next_open,2026-03-24 13:40:00+00:00,SPY,enter_long,651.22,next_open
baseline_next_open,2026-03-24 14:50:00+00:00,SPY,exit_long,652.7,hybrid_exit
baseline_next_open,2026-03-24 15:00:00+00:00,SPY,enter_long,653.95,next_open
baseline_next_open,2026-03-24 15:30:00+00:00,SPY,enter_short,656.05,next_open
baseline_next_open,2026-03-24 15:40:00+00:00,SPY,exit_long,656.36,hybrid_exit
baseline_next_open,2026-03-24 17:10:00+00:00,SPY,enter_long,653.03,next_open
baseline_next_open,2026-03-24 17:20:00+00:00,SPY,exit_short,652.79,hybrid_exit
baseline_next_open,2026-03-24 18:50:00+00:00,SPY,exit_long,655.02,hybrid_exit
baseline_next_open,2026-03-24 19:30:00+00:00,SPY,enter_long,654.4,next_open
baseline_next_open,2026-03-25 13:40:00+00:00,SPY,exit_long,659.88,hybrid_exit
baseline_next_open,2026-03-25 14:00:00+00:00,SPY,enter_long,656.64,next_open
baseline_next_open,2026-03-25 14:20:00+00:00,SPY,enter_short,657.64,next_open
baseline_next_open,2026-03-25 14:20:00+00:00,SPY,exit_long,657.64,hybrid_exit
baseline_next_open,2026-03-25 15:20:00+00:00,SPY,exit_short,655.15,hybrid_exit
baseline_next_open,2026-03-25 15:20:00+00:00,SPY,enter_long,655.15,next_open
baseline_next_open,2026-03-25 15:30:00+00:00,SPY,exit_long,657.87,hybrid_exit
baseline_next_open,2026-03-25 15:30:00+00:00,SPY,enter_short,657.87,next_open
baseline_next_open,2026-03-25 15:50:00+00:00,SPY,enter_long,656.83,next_open
baseline_next_open,2026-03-25 16:10:00+00:00,SPY,exit_short,656.57,hybrid_exit
baseline_next_open,2026-03-25 16:40:00+00:00,SPY,exit_long,658.055,hybrid_exit
baseline_next_open,2026-03-25 16:40:00+00:00,SPY,enter_short,658.055,next_open
baseline_next_open,2026-03-25 17:10:00+00:00,SPY,enter_long,657.0,next_open
baseline_next_open,2026-03-25 17:20:00+00:00,SPY,exit_short,657.24,hybrid_exit
baseline_next_open,2026-03-25 17:30:00+00:00,SPY,enter_short,658.05,next_open
baseline_next_open,2026-03-25 17:50:00+00:00,SPY,exit_long,658.07,hybrid_exit
baseline_next_open,2026-03-26 13:40:00+00:00,SPY,enter_long,650.79,next_open
baseline_next_open,2026-03-26 13:40:00+00:00,SPY,exit_short,650.79,hybrid_exit
baseline_next_open,2026-03-26 13:50:00+00:00,SPY,exit_long,653.45,hybrid_exit
baseline_next_open,2026-03-26 14:00:00+00:00,SPY,enter_short,654.47,next_open
baseline_next_open,2026-03-26 15:00:00+00:00,SPY,exit_short,652.31,hybrid_exit
baseline_next_open,2026-03-26 15:10:00+00:00,SPY,enter_short,652.255,next_open
baseline_next_open,2026-03-26 19:10:00+00:00,SPY,enter_long,646.26,next_open
baseline_next_open,2026-03-26 19:50:00+00:00,SPY,exit_long,645.73,hybrid_exit
baseline_next_open,2026-03-27 13:40:00+00:00,SPY,exit_short,640.925,hybrid_exit
baseline_next_open,2026-03-27 13:50:00+00:00,SPY,enter_short,641.86,next_open
baseline_next_open,2026-03-27 14:00:00+00:00,SPY,exit_short,639.01,hybrid_exit
baseline_next_open,2026-03-27 14:20:00+00:00,SPY,enter_short,640.605,next_open
baseline_next_open,2026-03-27 14:30:00+00:00,SPY,enter_long,639.23,next_open
baseline_next_open,2026-03-27 14:40:00+00:00,SPY,exit_short,638.9,hybrid_exit
baseline_next_open,2026-03-27 14:50:00+00:00,SPY,exit_long,640.2,hybrid_exit
baseline_next_open,2026-03-27 14:50:00+00:00,SPY,enter_short,640.2,next_open
current_policy_trend_1bar,2026-01-26 20:11:00+00:00,SPY,enter_short,693.64,trend_1bar
current_policy_trend_1bar,2026-01-26 20:21:00+00:00,SPY,enter_long,693.58,trend_1bar
current_policy_trend_1bar,2026-01-26 20:50:00+00:00,SPY,exit_short,693.63,hybrid_exit
current_policy_trend_1bar,2026-01-27 14:40:00+00:00,SPY,exit_long,693.6,hybrid_exit
current_policy_trend_1bar,2026-01-27 14:50:00+00:00,SPY,enter_long,694.78,trend_1bar
current_policy_trend_1bar,2026-01-27 16:00:00+00:00,SPY,exit_long,696.0,hybrid_exit
current_policy_trend_1bar,2026-01-27 16:12:00+00:00,SPY,enter_short,696.13,trend_1bar
current_policy_trend_1bar,2026-01-27 17:50:00+00:00,SPY,exit_short,695.7,hybrid_exit
current_policy_trend_1bar,2026-01-27 18:06:00+00:00,SPY,enter_long,695.02,trend_1bar
current_policy_trend_1bar,2026-01-27 19:00:00+00:00,SPY,exit_long,696.01,hybrid_exit
current_policy_trend_1bar,2026-01-27 19:31:00+00:00,SPY,enter_short,696.19,trend_1bar
current_policy_trend_1bar,2026-01-27 20:10:00+00:00,SPY,exit_short,696.15,hybrid_exit
current_policy_trend_1bar,2026-01-27 20:31:00+00:00,SPY,enter_long,695.99,trend_1bar
current_policy_trend_1bar,2026-01-28 14:40:00+00:00,SPY,exit_long,697.165,hybrid_exit
current_policy_trend_1bar,2026-01-28 14:43:00+00:00,SPY,enter_short,697.45,trend_1bar
current_policy_trend_1bar,2026-01-28 15:20:00+00:00,SPY,exit_short,696.51,hybrid_exit
current_policy_trend_1bar,2026-01-28 15:30:00+00:00,SPY,enter_short,696.65,trend_1bar
current_policy_trend_1bar,2026-01-28 17:00:00+00:00,SPY,exit_short,694.73,hybrid_exit
current_policy_trend_1bar,2026-01-28 17:00:00+00:00,SPY,enter_long,694.82,trend_1bar
current_policy_trend_1bar,2026-01-28 17:20:00+00:00,SPY,enter_short,695.55,trend_1bar
current_policy_trend_1bar,2026-01-28 17:50:00+00:00,SPY,exit_short,694.93,hybrid_exit
current_policy_trend_1bar,2026-01-28 18:00:00+00:00,SPY,exit_long,694.84,hybrid_exit
current_policy_trend_1bar,2026-01-28 18:10:00+00:00,SPY,enter_short,694.935,trend_1bar
current_policy_trend_1bar,2026-01-28 18:50:00+00:00,SPY,exit_short,694.89,hybrid_exit
current_policy_trend_1bar,2026-01-28 18:50:00+00:00,SPY,enter_long,695.11,trend_1bar
current_policy_trend_1bar,2026-01-28 19:40:00+00:00,SPY,exit_long,694.67,hybrid_exit
current_policy_trend_1bar,2026-01-28 20:03:00+00:00,SPY,enter_short,695.46,trend_1bar
current_policy_trend_1bar,2026-01-29 14:50:00+00:00,SPY,exit_short,693.64,hybrid_exit
current_policy_trend_1bar,2026-01-29 15:00:00+00:00,SPY,enter_short,690.56,trend_1bar
current_policy_trend_1bar,2026-01-29 15:40:00+00:00,SPY,exit_short,687.59,hybrid_exit
current_policy_trend_1bar,2026-01-29 15:44:00+00:00,SPY,enter_long,686.56,trend_1bar
current_policy_trend_1bar,2026-01-29 17:30:00+00:00,SPY,exit_long,690.985,hybrid_exit
current_policy_trend_1bar,2026-01-29 17:31:00+00:00,SPY,enter_short,691.17,trend_1bar
current_policy_trend_1bar,2026-01-29 17:50:00+00:00,SPY,enter_long,689.92,trend_1bar
current_policy_trend_1bar,2026-01-29 18:00:00+00:00,SPY,exit_short,689.03,hybrid_exit
current_policy_trend_1bar,2026-01-30 14:30:00+00:00,SPY,exit_long,691.84,hybrid_exit
current_policy_trend_1bar,2026-01-30 14:31:00+00:00,SPY,enter_short,691.7,trend_1bar
current_policy_trend_1bar,2026-01-30 17:10:00+00:00,SPY,exit_short,689.11,hybrid_exit
current_policy_trend_1bar,2026-01-30 17:10:00+00:00,SPY,enter_long,689.49,trend_1bar
current_policy_trend_1bar,2026-01-30 17:31:00+00:00,SPY,enter_short,691.34,trend_1bar
current_policy_trend_1bar,2026-01-30 17:50:00+00:00,SPY,exit_long,690.41,hybrid_exit
current_policy_trend_1bar,2026-01-30 18:00:00+00:00,SPY,enter_long,689.105,trend_1bar
current_policy_trend_1bar,2026-01-30 18:10:00+00:00,SPY,exit_short,689.6,hybrid_exit
current_policy_trend_1bar,2026-01-30 19:00:00+00:00,SPY,exit_long,691.36,hybrid_exit
current_policy_trend_1bar,2026-01-30 19:11:00+00:00,SPY,enter_short,692.05,trend_1bar
current_policy_trend_1bar,2026-01-30 19:50:00+00:00,SPY,exit_short,690.89,hybrid_exit
current_policy_trend_1bar,2026-01-30 19:50:00+00:00,SPY,enter_long,691.1,trend_1bar
current_policy_trend_1bar,2026-02-02 15:40:00+00:00,SPY,enter_short,695.61,trend_1bar
current_policy_trend_1bar,2026-02-02 16:10:00+00:00,SPY,exit_short,694.87,hybrid_exit
current_policy_trend_1bar,2026-02-02 17:20:00+00:00,SPY,exit_long,696.26,hybrid_exit
current_policy_trend_1bar,2026-02-02 17:20:00+00:00,SPY,enter_short,696.16,trend_1bar
current_policy_trend_1bar,2026-02-02 18:30:00+00:00,SPY,exit_short,696.07,hybrid_exit
current_policy_trend_1bar,2026-02-02 18:50:00+00:00,SPY,enter_short,696.54,trend_1bar
current_policy_trend_1bar,2026-02-02 20:10:00+00:00,SPY,exit_short,696.3,hybrid_exit
current_policy_trend_1bar,2026-02-02 20:21:00+00:00,SPY,enter_short,695.9,trend_1bar
current_policy_trend_1bar,2026-02-03 15:10:00+00:00,SPY,exit_short,692.99,hybrid_exit
current_policy_trend_1bar,2026-02-03 15:21:00+00:00,SPY,enter_short,692.36,trend_1bar
current_policy_trend_1bar,2026-02-03 18:40:00+00:00,SPY,exit_short,686.355,hybrid_exit
current_policy_trend_1bar,2026-02-03 18:51:00+00:00,SPY,enter_long,685.62,trend_1bar
current_policy_trend_1bar,2026-02-04 14:30:00+00:00,SPY,enter_short,689.9,trend_1bar
current_policy_trend_1bar,2026-02-04 14:40:00+00:00,SPY,exit_long,690.57,hybrid_exit
current_policy_trend_1bar,2026-02-04 15:10:00+00:00,SPY,exit_short,688.985,hybrid_exit
current_policy_trend_1bar,2026-02-04 15:22:00+00:00,SPY,enter_short,688.915,trend_1bar
current_policy_trend_1bar,2026-02-04 17:00:00+00:00,SPY,exit_short,686.51,hybrid_exit
current_policy_trend_1bar,2026-02-04 17:10:00+00:00,SPY,enter_short,686.06,trend_1bar
current_policy_trend_1bar,2026-02-04 17:40:00+00:00,SPY,exit_short,682.41,hybrid_exit
current_policy_trend_1bar,2026-02-04 17:41:00+00:00,SPY,enter_long,682.93,trend_1bar
current_policy_trend_1bar,2026-02-04 19:50:00+00:00,SPY,exit_long,687.33,hybrid_exit
current_policy_trend_1bar,2026-02-04 19:50:00+00:00,SPY,enter_short,687.18,trend_1bar
current_policy_trend_1bar,2026-02-05 14:40:00+00:00,SPY,exit_short,682.37,hybrid_exit
current_policy_trend_1bar,2026-02-05 14:51:00+00:00,SPY,enter_short,682.15,trend_1bar
current_policy_trend_1bar,2026-02-05 15:10:00+00:00,SPY,exit_short,678.75,hybrid_exit
current_policy_trend_1bar,2026-02-05 15:21:00+00:00,SPY,enter_long,677.57,trend_1bar
current_policy_trend_1bar,2026-02-05 16:40:00+00:00,SPY,exit_long,680.235,hybrid_exit
current_policy_trend_1bar,2026-02-05 17:00:00+00:00,SPY,enter_short,680.56,trend_1bar
current_policy_trend_1bar,2026-02-05 18:30:00+00:00,SPY,exit_short,679.09,hybrid_exit
current_policy_trend_1bar,2026-02-05 18:41:00+00:00,SPY,enter_long,679.01,trend_1bar
current_policy_trend_1bar,2026-02-05 19:20:00+00:00,SPY,exit_long,681.16,hybrid_exit
current_policy_trend_1bar,2026-02-05 19:20:00+00:00,SPY,enter_short,681.15,trend_1bar
current_policy_trend_1bar,2026-02-05 19:41:00+00:00,SPY,enter_long,678.96,trend_1bar
current_policy_trend_1bar,2026-02-05 20:00:00+00:00,SPY,exit_short,679.08,hybrid_exit
current_policy_trend_1bar,2026-02-06 15:00:00+00:00,SPY,exit_long,684.82,hybrid_exit
current_policy_trend_1bar,2026-02-06 15:10:00+00:00,SPY,enter_long,684.97,trend_1bar
current_policy_trend_1bar,2026-02-06 18:20:00+00:00,SPY,exit_long,689.155,hybrid_exit
current_policy_trend_1bar,2026-02-06 18:30:00+00:00,SPY,enter_long,689.02,trend_1bar
current_policy_trend_1bar,2026-02-09 14:30:00+00:00,SPY,exit_long,689.47,hybrid_exit
current_policy_trend_1bar,2026-02-09 14:40:00+00:00,SPY,enter_long,691.13,trend_1bar
current_policy_trend_1bar,2026-02-09 15:30:00+00:00,SPY,exit_long,691.94,hybrid_exit
current_policy_trend_1bar,2026-02-09 15:40:00+00:00,SPY,enter_long,693.495,trend_1bar
current_policy_trend_1bar,2026-02-09 16:50:00+00:00,SPY,enter_short,695.175,trend_1bar
current_policy_trend_1bar,2026-02-09 17:00:00+00:00,SPY,exit_long,695.375,hybrid_exit
current_policy_trend_1bar,2026-02-09 18:00:00+00:00,SPY,exit_short,694.58,hybrid_exit
current_policy_trend_1bar,2026-02-09 18:02:00+00:00,SPY,enter_long,694.77,trend_1bar
current_policy_trend_1bar,2026-02-09 19:21:00+00:00,SPY,enter_short,695.34,trend_1bar
current_policy_trend_1bar,2026-02-09 19:30:00+00:00,SPY,exit_long,695.76,hybrid_exit
current_policy_trend_1bar,2026-02-09 20:30:00+00:00,SPY,enter_long,694.49,trend_1bar
current_policy_trend_1bar,2026-02-09 20:40:00+00:00,SPY,exit_short,694.54,hybrid_exit
current_policy_trend_1bar,2026-02-10 14:40:00+00:00,SPY,exit_long,694.305,hybrid_exit
current_policy_trend_1bar,2026-02-10 14:50:00+00:00,SPY,enter_long,694.56,trend_1bar
current_policy_trend_1bar,2026-02-10 15:00:00+00:00,SPY,enter_short,695.61,trend_1bar
current_policy_trend_1bar,2026-02-10 15:00:00+00:00,SPY,exit_long,695.77,hybrid_exit
current_policy_trend_1bar,2026-02-10 16:20:00+00:00,SPY,exit_short,694.94,hybrid_exit
current_policy_trend_1bar,2026-02-10 17:10:00+00:00,SPY,enter_short,695.18,trend_1bar
current_policy_trend_1bar,2026-02-10 18:40:00+00:00,SPY,exit_short,693.675,hybrid_exit
current_policy_trend_1bar,2026-02-10 18:50:00+00:00,SPY,enter_long,693.22,trend_1bar
current_policy_trend_1bar,2026-02-10 19:30:00+00:00,SPY,exit_long,693.88,hybrid_exit
current_policy_trend_1bar,2026-02-10 19:32:00+00:00,SPY,enter_short,694.05,trend_1bar
current_policy_trend_1bar,2026-02-11 14:30:00+00:00,SPY,exit_short,696.435,hybrid_exit
current_policy_trend_1bar,2026-02-11 14:30:00+00:00,SPY,enter_long,696.92,trend_1bar
current_policy_trend_1bar,2026-02-11 14:40:00+00:00,SPY,exit_long,695.19,hybrid_exit
current_policy_trend_1bar,2026-02-11 14:42:00+00:00,SPY,enter_short,695.18,trend_1bar
current_policy_trend_1bar,2026-02-11 15:20:00+00:00,SPY,exit_short,690.79,hybrid_exit
current_policy_trend_1bar,2026-02-11 15:21:00+00:00,SPY,enter_long,690.395,trend_1bar
current_policy_trend_1bar,2026-02-11 16:10:00+00:00,SPY,exit_long,691.55,hybrid_exit
current_policy_trend_1bar,2026-02-11 16:30:00+00:00,SPY,enter_long,692.23,trend_1bar
current_policy_trend_1bar,2026-02-11 17:30:00+00:00,SPY,exit_long,693.6,hybrid_exit
current_policy_trend_1bar,2026-02-11 17:30:00+00:00,SPY,enter_short,693.295,trend_1bar
current_policy_trend_1bar,2026-02-11 18:10:00+00:00,SPY,exit_short,692.0,hybrid_exit
current_policy_trend_1bar,2026-02-11 18:11:00+00:00,SPY,enter_long,691.87,trend_1bar
current_policy_trend_1bar,2026-02-11 18:50:00+00:00,SPY,exit_long,692.89,hybrid_exit
current_policy_trend_1bar,2026-02-11 19:02:00+00:00,SPY,enter_long,692.82,trend_1bar
current_policy_trend_1bar,2026-02-11 19:22:00+00:00,SPY,enter_short,693.45,trend_1bar
current_policy_trend_1bar,2026-02-11 19:40:00+00:00,SPY,exit_long,693.53,hybrid_exit
current_policy_trend_1bar,2026-02-11 20:20:00+00:00,SPY,exit_short,692.71,hybrid_exit
current_policy_trend_1bar,2026-02-11 20:31:00+00:00,SPY,enter_long,692.15,trend_1bar
current_policy_trend_1bar,2026-02-11 20:50:00+00:00,SPY,enter_short,692.315,trend_1bar
current_policy_trend_1bar,2026-02-12 14:40:00+00:00,SPY,exit_long,694.82,hybrid_exit
current_policy_trend_1bar,2026-02-12 16:30:00+00:00,SPY,enter_long,683.885,trend_1bar
current_policy_trend_1bar,2026-02-12 16:30:00+00:00,SPY,exit_short,683.6,hybrid_exit
current_policy_trend_1bar,2026-02-12 16:40:00+00:00,SPY,exit_long,685.58,hybrid_exit
current_policy_trend_1bar,2026-02-12 16:40:00+00:00,SPY,enter_short,685.35,trend_1bar
current_policy_trend_1bar,2026-02-12 17:20:00+00:00,SPY,enter_long,684.31,trend_1bar
current_policy_trend_1bar,2026-02-12 17:30:00+00:00,SPY,exit_short,684.115,hybrid_exit
current_policy_trend_1bar,2026-02-12 17:40:00+00:00,SPY,exit_long,684.89,hybrid_exit
current_policy_trend_1bar,2026-02-12 17:41:00+00:00,SPY,enter_short,684.93,trend_1bar
current_policy_trend_1bar,2026-02-12 18:01:00+00:00,SPY,enter_long,683.09,trend_1bar
current_policy_trend_1bar,2026-02-12 18:10:00+00:00,SPY,exit_short,683.34,hybrid_exit
current_policy_trend_1bar,2026-02-12 19:00:00+00:00,SPY,exit_long,684.855,hybrid_exit
current_policy_trend_1bar,2026-02-12 19:10:00+00:00,SPY,enter_short,684.47,trend_1bar
current_policy_trend_1bar,2026-02-13 14:30:00+00:00,SPY,exit_short,681.695,hybrid_exit
current_policy_trend_1bar,2026-02-13 14:31:00+00:00,SPY,enter_long,682.07,trend_1bar
current_policy_trend_1bar,2026-02-13 15:40:00+00:00,SPY,exit_long,682.86,hybrid_exit
current_policy_trend_1bar,2026-02-13 15:50:00+00:00,SPY,enter_long,681.7,trend_1bar
current_policy_trend_1bar,2026-02-13 17:10:00+00:00,SPY,exit_long,685.2,hybrid_exit
current_policy_trend_1bar,2026-02-13 17:40:00+00:00,SPY,enter_short,685.9,trend_1bar
current_policy_trend_1bar,2026-02-13 20:50:00+00:00,SPY,exit_short,681.18,hybrid_exit
current_policy_trend_1bar,2026-02-17 14:32:00+00:00,SPY,enter_short,680.57,trend_1bar
current_policy_trend_1bar,2026-02-17 15:00:00+00:00,SPY,exit_short,676.42,hybrid_exit
current_policy_trend_1bar,2026-02-17 15:00:00+00:00,SPY,enter_long,676.8,trend_1bar
current_policy_trend_1bar,2026-02-17 15:30:00+00:00,SPY,exit_long,677.43,hybrid_exit
current_policy_trend_1bar,2026-02-17 15:40:00+00:00,SPY,enter_long,676.45,trend_1bar
current_policy_trend_1bar,2026-02-17 16:20:00+00:00,SPY,exit_long,682.76,hybrid_exit
current_policy_trend_1bar,2026-02-17 16:40:00+00:00,SPY,enter_short,682.24,trend_1bar
current_policy_trend_1bar,2026-02-17 17:20:00+00:00,SPY,exit_short,681.365,hybrid_exit
current_policy_trend_1bar,2026-02-17 17:20:00+00:00,SPY,enter_long,681.405,trend_1bar
current_policy_trend_1bar,2026-02-17 19:00:00+00:00,SPY,enter_short,684.0,trend_1bar
current_policy_trend_1bar,2026-02-17 19:00:00+00:00,SPY,exit_long,684.06,hybrid_exit
current_policy_trend_1bar,2026-02-17 20:00:00+00:00,SPY,enter_long,683.79,trend_1bar
current_policy_trend_1bar,2026-02-17 20:10:00+00:00,SPY,exit_short,683.39,hybrid_exit
current_policy_trend_1bar,2026-02-18 15:10:00+00:00,SPY,exit_long,687.48,hybrid_exit
current_policy_trend_1bar,2026-02-18 15:30:00+00:00,SPY,enter_short,687.6,trend_1bar
current_policy_trend_1bar,2026-02-18 16:20:00+00:00,SPY,exit_short,688.13,hybrid_exit
current_policy_trend_1bar,2026-02-18 16:40:00+00:00,SPY,enter_short,688.41,trend_1bar
current_policy_trend_1bar,2026-02-18 17:01:00+00:00,SPY,enter_long,687.7,trend_1bar
current_policy_trend_1bar,2026-02-18 17:20:00+00:00,SPY,exit_long,688.58,hybrid_exit
current_policy_trend_1bar,2026-02-18 20:00:00+00:00,SPY,exit_short,684.62,hybrid_exit
current_policy_trend_1bar,2026-02-18 20:00:00+00:00,SPY,enter_long,684.88,trend_1bar
current_policy_trend_1bar,2026-02-18 20:40:00+00:00,SPY,enter_short,685.355,trend_1bar
current_policy_trend_1bar,2026-02-18 20:50:00+00:00,SPY,exit_long,686.47,hybrid_exit
current_policy_trend_1bar,2026-02-19 14:40:00+00:00,SPY,exit_short,683.68,hybrid_exit
current_policy_trend_1bar,2026-02-19 14:42:00+00:00,SPY,enter_long,683.77,trend_1bar
current_policy_trend_1bar,2026-02-19 15:00:00+00:00,SPY,exit_long,684.9,hybrid_exit
current_policy_trend_1bar,2026-02-19 15:21:00+00:00,SPY,enter_short,684.36,trend_1bar
current_policy_trend_1bar,2026-02-19 15:30:00+00:00,SPY,enter_long,684.09,trend_1bar
current_policy_trend_1bar,2026-02-19 15:40:00+00:00,SPY,exit_long,685.43,hybrid_exit
current_policy_trend_1bar,2026-02-19 17:10:00+00:00,SPY,enter_long,683.25,trend_1bar
current_policy_trend_1bar,2026-02-19 17:20:00+00:00,SPY,exit_long,684.08,hybrid_exit
current_policy_trend_1bar,2026-02-19 17:50:00+00:00,SPY,enter_long,682.97,trend_1bar
current_policy_trend_1bar,2026-02-19 18:00:00+00:00,SPY,exit_short,682.42,hybrid_exit
current_policy_trend_1bar,2026-02-19 19:00:00+00:00,SPY,exit_long,683.73,hybrid_exit
current_policy_trend_1bar,2026-02-19 19:00:00+00:00,SPY,enter_short,683.65,trend_1bar
current_policy_trend_1bar,2026-02-19 19:40:00+00:00,SPY,exit_short,682.02,hybrid_exit
current_policy_trend_1bar,2026-02-19 19:40:00+00:00,SPY,enter_long,682.23,trend_1bar
current_policy_trend_1bar,2026-02-20 14:50:00+00:00,SPY,exit_long,684.26,hybrid_exit
current_policy_trend_1bar,2026-02-20 15:00:00+00:00,SPY,enter_long,685.565,trend_1bar
current_policy_trend_1bar,2026-02-20 15:10:00+00:00,SPY,exit_long,687.035,hybrid_exit
current_policy_trend_1bar,2026-02-20 15:21:00+00:00,SPY,enter_long,687.51,trend_1bar
current_policy_trend_1bar,2026-02-20 15:50:00+00:00,SPY,exit_long,688.17,hybrid_exit
current_policy_trend_1bar,2026-02-20 15:50:00+00:00,SPY,enter_short,688.0,trend_1bar
current_policy_trend_1bar,2026-02-20 16:31:00+00:00,SPY,enter_long,686.28,trend_1bar
current_policy_trend_1bar,2026-02-20 16:40:00+00:00,SPY,exit_long,688.12,hybrid_exit
current_policy_trend_1bar,2026-02-20 17:20:00+00:00,SPY,exit_short,685.08,hybrid_exit
current_policy_trend_1bar,2026-02-20 17:21:00+00:00,SPY,enter_long,684.85,trend_1bar
current_policy_trend_1bar,2026-02-20 18:50:00+00:00,SPY,exit_long,689.1,hybrid_exit
current_policy_trend_1bar,2026-02-20 19:02:00+00:00,SPY,enter_short,689.61,trend_1bar
current_policy_trend_1bar,2026-02-20 19:40:00+00:00,SPY,exit_short,688.61,hybrid_exit
current_policy_trend_1bar,2026-02-20 20:10:00+00:00,SPY,enter_short,688.97,trend_1bar
current_policy_trend_1bar,2026-02-23 16:10:00+00:00,SPY,exit_short,681.15,hybrid_exit
current_policy_trend_1bar,2026-02-23 16:10:00+00:00,SPY,enter_long,681.25,trend_1bar
current_policy_trend_1bar,2026-02-23 16:31:00+00:00,SPY,enter_short,682.57,trend_1bar
current_policy_trend_1bar,2026-02-23 16:50:00+00:00,SPY,exit_long,682.05,hybrid_exit
current_policy_trend_1bar,2026-02-23 17:10:00+00:00,SPY,exit_short,681.96,hybrid_exit
current_policy_trend_1bar,2026-02-23 17:31:00+00:00,SPY,enter_long,681.67,trend_1bar
current_policy_trend_1bar,2026-02-23 18:20:00+00:00,SPY,exit_long,683.13,hybrid_exit
current_policy_trend_1bar,2026-02-23 18:21:00+00:00,SPY,enter_short,683.29,trend_1bar
current_policy_trend_1bar,2026-02-23 19:20:00+00:00,SPY,exit_short,681.755,hybrid_exit
current_policy_trend_1bar,2026-02-23 19:30:00+00:00,SPY,enter_long,681.42,trend_1bar
current_policy_trend_1bar,2026-02-24 14:50:00+00:00,SPY,exit_long,684.9,hybrid_exit
current_policy_trend_1bar,2026-02-24 15:01:00+00:00,SPY,enter_long,682.63,trend_1bar
current_policy_trend_1bar,2026-02-24 15:40:00+00:00,SPY,exit_long,685.93,hybrid_exit
current_policy_trend_1bar,2026-02-24 16:00:00+00:00,SPY,enter_long,685.425,trend_1bar
current_policy_trend_1bar,2026-02-24 17:30:00+00:00,SPY,exit_long,687.45,hybrid_exit
current_policy_trend_1bar,2026-02-24 17:40:00+00:00,SPY,enter_short,687.32,trend_1bar
current_policy_trend_1bar,2026-02-24 18:30:00+00:00,SPY,exit_short,687.04,hybrid_exit
current_policy_trend_1bar,2026-02-24 18:41:00+00:00,SPY,enter_short,687.68,trend_1bar
current_policy_trend_1bar,2026-02-24 19:20:00+00:00,SPY,exit_short,686.93,hybrid_exit
current_policy_trend_1bar,2026-02-24 19:30:00+00:00,SPY,enter_long,686.9,trend_1bar
current_policy_trend_1bar,2026-02-24 21:00:00+00:00,SPY,exit_long,687.45,hybrid_exit
current_policy_trend_1bar,2026-02-25 14:30:00+00:00,SPY,enter_long,691.08,trend_1bar
current_policy_trend_1bar,2026-02-25 14:40:00+00:00,SPY,exit_long,691.19,hybrid_exit
current_policy_trend_1bar,2026-02-25 14:50:00+00:00,SPY,enter_short,691.56,trend_1bar
current_policy_trend_1bar,2026-02-25 15:30:00+00:00,SPY,exit_short,691.13,hybrid_exit
current_policy_trend_1bar,2026-02-25 15:40:00+00:00,SPY,enter_long,690.53,trend_1bar
current_policy_trend_1bar,2026-02-25 16:51:00+00:00,SPY,enter_short,692.2,trend_1bar
current_policy_trend_1bar,2026-02-25 17:00:00+00:00,SPY,exit_long,692.02,hybrid_exit
current_policy_trend_1bar,2026-02-25 17:30:00+00:00,SPY,enter_long,691.99,trend_1bar
current_policy_trend_1bar,2026-02-25 17:40:00+00:00,SPY,exit_short,692.31,hybrid_exit
current_policy_trend_1bar,2026-02-25 19:20:00+00:00,SPY,exit_long,693.0,hybrid_exit
current_policy_trend_1bar,2026-02-25 19:41:00+00:00,SPY,enter_short,693.16,trend_1bar
current_policy_trend_1bar,2026-02-26 14:40:00+00:00,SPY,exit_short,692.165,hybrid_exit
current_policy_trend_1bar,2026-02-26 14:51:00+00:00,SPY,enter_short,691.01,trend_1bar
current_policy_trend_1bar,2026-02-26 15:10:00+00:00,SPY,exit_short,690.025,hybrid_exit
current_policy_trend_1bar,2026-02-26 15:31:00+00:00,SPY,enter_long,685.47,trend_1bar
current_policy_trend_1bar,2026-02-26 15:50:00+00:00,SPY,exit_long,687.56,hybrid_exit
current_policy_trend_1bar,2026-02-26 16:01:00+00:00,SPY,enter_short,687.82,trend_1bar
current_policy_trend_1bar,2026-02-26 17:10:00+00:00,SPY,exit_short,686.76,hybrid_exit
current_policy_trend_1bar,2026-02-26 17:30:00+00:00,SPY,enter_long,686.43,trend_1bar
current_policy_trend_1bar,2026-02-26 19:20:00+00:00,SPY,exit_long,688.89,hybrid_exit
current_policy_trend_1bar,2026-02-26 19:21:00+00:00,SPY,enter_short,689.09,trend_1bar
current_policy_trend_1bar,2026-02-27 14:40:00+00:00,SPY,exit_short,684.06,hybrid_exit
current_policy_trend_1bar,2026-02-27 14:51:00+00:00,SPY,enter_long,683.33,trend_1bar
current_policy_trend_1bar,2026-02-27 15:50:00+00:00,SPY,exit_long,685.135,hybrid_exit
current_policy_trend_1bar,2026-02-27 16:05:00+00:00,SPY,enter_short,685.68,trend_1bar
current_policy_trend_1bar,2026-02-27 17:30:00+00:00,SPY,exit_short,684.14,hybrid_exit
current_policy_trend_1bar,2026-02-27 18:01:00+00:00,SPY,enter_short,684.2,trend_1bar
current_policy_trend_1bar,2026-02-27 18:40:00+00:00,SPY,exit_short,683.69,hybrid_exit
current_policy_trend_1bar,2026-02-27 19:12:00+00:00,SPY,enter_long,683.84,trend_1bar
current_policy_trend_1bar,2026-02-27 20:20:00+00:00,SPY,exit_long,685.57,hybrid_exit
current_policy_trend_1bar,2026-02-27 20:20:00+00:00,SPY,enter_short,685.25,trend_1bar
current_policy_trend_1bar,2026-03-02 14:40:00+00:00,SPY,exit_short,681.0,hybrid_exit
current_policy_trend_1bar,2026-03-02 14:40:00+00:00,SPY,enter_long,681.12,trend_1bar
current_policy_trend_1bar,2026-03-02 15:30:00+00:00,SPY,exit_long,683.37,hybrid_exit
current_policy_trend_1bar,2026-03-02 15:41:00+00:00,SPY,enter_long,683.99,trend_1bar
current_policy_trend_1bar,2026-03-02 17:00:00+00:00,SPY,exit_long,686.25,hybrid_exit
current_policy_trend_1bar,2026-03-02 17:20:00+00:00,SPY,enter_short,687.02,trend_1bar
current_policy_trend_1bar,2026-03-02 18:20:00+00:00,SPY,exit_short,686.59,hybrid_exit
current_policy_trend_1bar,2026-03-02 18:43:00+00:00,SPY,enter_long,686.21,trend_1bar
current_policy_trend_1bar,2026-03-02 19:22:00+00:00,SPY,enter_short,688.04,trend_1bar
current_policy_trend_1bar,2026-03-02 19:30:00+00:00,SPY,exit_long,688.245,hybrid_exit
current_policy_trend_1bar,2026-03-02 20:20:00+00:00,SPY,exit_short,686.08,hybrid_exit
current_policy_trend_1bar,2026-03-02 20:31:00+00:00,SPY,enter_short,685.42,trend_1bar
current_policy_trend_1bar,2026-03-03 14:40:00+00:00,SPY,exit_short,675.78,hybrid_exit
current_policy_trend_1bar,2026-03-03 14:45:00+00:00,SPY,enter_long,673.99,trend_1bar
current_policy_trend_1bar,2026-03-03 16:50:00+00:00,SPY,exit_long,677.57,hybrid_exit
current_policy_trend_1bar,2026-03-03 17:10:00+00:00,SPY,enter_long,676.86,trend_1bar
current_policy_trend_1bar,2026-03-03 18:50:00+00:00,SPY,exit_long,681.4,hybrid_exit
current_policy_trend_1bar,2026-03-03 19:00:00+00:00,SPY,enter_short,681.23,trend_1bar
current_policy_trend_1bar,2026-03-03 19:40:00+00:00,SPY,exit_short,680.82,hybrid_exit
current_policy_trend_1bar,2026-03-03 19:51:00+00:00,SPY,enter_short,681.99,trend_1bar
current_policy_trend_1bar,2026-03-03 20:20:00+00:00,SPY,enter_long,680.95,trend_1bar
current_policy_trend_1bar,2026-03-03 20:30:00+00:00,SPY,exit_short,681.04,hybrid_exit
current_policy_trend_1bar,2026-03-04 15:40:00+00:00,SPY,exit_long,684.63,hybrid_exit
current_policy_trend_1bar,2026-03-04 16:04:00+00:00,SPY,enter_short,686.22,trend_1bar
current_policy_trend_1bar,2026-03-04 16:20:00+00:00,SPY,enter_long,684.8,trend_1bar
current_policy_trend_1bar,2026-03-04 16:30:00+00:00,SPY,exit_short,685.185,hybrid_exit
current_policy_trend_1bar,2026-03-04 17:00:00+00:00,SPY,exit_long,685.78,hybrid_exit
current_policy_trend_1bar,2026-03-04 17:33:00+00:00,SPY,enter_long,685.26,trend_1bar
current_policy_trend_1bar,2026-03-04 18:10:00+00:00,SPY,exit_long,686.22,hybrid_exit
current_policy_trend_1bar,2026-03-04 18:21:00+00:00,SPY,enter_long,685.74,trend_1bar
current_policy_trend_1bar,2026-03-04 19:00:00+00:00,SPY,exit_long,686.57,hybrid_exit
current_policy_trend_1bar,2026-03-04 19:10:00+00:00,SPY,enter_short,686.71,trend_1bar
current_policy_trend_1bar,2026-03-05 14:40:00+00:00,SPY,exit_short,683.63,hybrid_exit
current_policy_trend_1bar,2026-03-05 14:52:00+00:00,SPY,enter_short,683.5,trend_1bar
current_policy_trend_1bar,2026-03-05 15:40:00+00:00,SPY,exit_short,681.3,hybrid_exit
current_policy_trend_1bar,2026-03-05 15:51:00+00:00,SPY,enter_short,682.19,trend_1bar
current_policy_trend_1bar,2026-03-05 18:00:00+00:00,SPY,exit_short,676.335,hybrid_exit
current_policy_trend_1bar,2026-03-05 18:11:00+00:00,SPY,enter_short,677.43,trend_1bar
current_policy_trend_1bar,2026-03-05 18:20:00+00:00,SPY,enter_long,676.52,trend_1bar
current_policy_trend_1bar,2026-03-05 18:30:00+00:00,SPY,exit_short,676.67,hybrid_exit
current_policy_trend_1bar,2026-03-05 20:00:00+00:00,SPY,exit_long,677.1,hybrid_exit
current_policy_trend_1bar,2026-03-05 20:11:00+00:00,SPY,enter_short,678.64,trend_1bar
current_policy_trend_1bar,2026-03-06 14:40:00+00:00,SPY,exit_short,671.06,hybrid_exit
current_policy_trend_1bar,2026-03-06 14:41:00+00:00,SPY,enter_long,671.485,trend_1bar
current_policy_trend_1bar,2026-03-06 15:40:00+00:00,SPY,exit_long,675.5,hybrid_exit
current_policy_trend_1bar,2026-03-06 15:40:00+00:00,SPY,enter_short,675.1,trend_1bar
current_policy_trend_1bar,2026-03-06 15:52:00+00:00,SPY,enter_long,672.82,trend_1bar
current_policy_trend_1bar,2026-03-06 16:00:00+00:00,SPY,exit_long,674.92,hybrid_exit
current_policy_trend_1bar,2026-03-06 17:20:00+00:00,SPY,exit_short,674.43,hybrid_exit
current_policy_trend_1bar,2026-03-06 17:44:00+00:00,SPY,enter_long,672.65,trend_1bar
current_policy_trend_1bar,2026-03-06 18:20:00+00:00,SPY,enter_short,675.81,trend_1bar
current_policy_trend_1bar,2026-03-06 18:20:00+00:00,SPY,exit_long,675.82,hybrid_exit
current_policy_trend_1bar,2026-03-09 13:43:00+00:00,SPY,enter_long,664.29,trend_1bar
current_policy_trend_1bar,2026-03-09 13:50:00+00:00,SPY,exit_short,663.68,hybrid_exit
current_policy_trend_1bar,2026-03-09 16:20:00+00:00,SPY,exit_long,670.0,hybrid_exit
current_policy_trend_1bar,2026-03-09 16:30:00+00:00,SPY,enter_short,670.41,trend_1bar
current_policy_trend_1bar,2026-03-09 17:30:00+00:00,SPY,exit_short,668.875,hybrid_exit
current_policy_trend_1bar,2026-03-09 17:30:00+00:00,SPY,enter_long,669.04,trend_1bar
current_policy_trend_1bar,2026-03-09 19:40:00+00:00,SPY,exit_long,679.16,hybrid_exit
current_policy_trend_1bar,2026-03-09 19:40:00+00:00,SPY,enter_short,678.33,trend_1bar
current_policy_trend_1bar,2026-03-10 13:40:00+00:00,SPY,exit_short,677.04,hybrid_exit
current_policy_trend_1bar,2026-03-10 13:40:00+00:00,SPY,enter_long,677.37,trend_1bar
current_policy_trend_1bar,2026-03-10 15:00:00+00:00,SPY,exit_long,681.1,hybrid_exit
current_policy_trend_1bar,2026-03-10 15:03:00+00:00,SPY,enter_short,681.34,trend_1bar
current_policy_trend_1bar,2026-03-10 16:00:00+00:00,SPY,exit_short,681.4,hybrid_exit
current_policy_trend_1bar,2026-03-10 16:10:00+00:00,SPY,enter_long,680.67,trend_1bar
current_policy_trend_1bar,2026-03-10 16:40:00+00:00,SPY,enter_short,681.485,trend_1bar
current_policy_trend_1bar,2026-03-10 16:50:00+00:00,SPY,exit_long,680.94,hybrid_exit
current_policy_trend_1bar,2026-03-10 18:30:00+00:00,SPY,exit_short,679.42,hybrid_exit
current_policy_trend_1bar,2026-03-10 18:44:00+00:00,SPY,enter_short,678.73,trend_1bar
current_policy_trend_1bar,2026-03-10 19:50:00+00:00,SPY,exit_short,676.78,hybrid_exit
current_policy_trend_1bar,2026-03-10 19:52:00+00:00,SPY,enter_long,676.59,trend_1bar
current_policy_trend_1bar,2026-03-11 13:40:00+00:00,SPY,exit_long,678.38,hybrid_exit
current_policy_trend_1bar,2026-03-11 13:40:00+00:00,SPY,enter_short,678.355,trend_1bar
current_policy_trend_1bar,2026-03-11 15:40:00+00:00,SPY,exit_short,674.875,hybrid_exit
current_policy_trend_1bar,2026-03-11 15:50:00+00:00,SPY,enter_long,674.36,trend_1bar
current_policy_trend_1bar,2026-03-11 16:50:00+00:00,SPY,exit_long,675.34,hybrid_exit
current_policy_trend_1bar,2026-03-11 16:51:00+00:00,SPY,enter_short,675.645,trend_1bar
current_policy_trend_1bar,2026-03-11 17:40:00+00:00,SPY,exit_short,674.64,hybrid_exit
current_policy_trend_1bar,2026-03-11 18:13:00+00:00,SPY,enter_long,673.895,trend_1bar
current_policy_trend_1bar,2026-03-11 18:50:00+00:00,SPY,exit_long,674.815,hybrid_exit
current_policy_trend_1bar,2026-03-11 18:53:00+00:00,SPY,enter_short,675.12,trend_1bar
current_policy_trend_1bar,2026-03-12 13:40:00+00:00,SPY,exit_short,671.28,hybrid_exit
current_policy_trend_1bar,2026-03-12 13:51:00+00:00,SPY,enter_short,670.26,trend_1bar
current_policy_trend_1bar,2026-03-12 14:30:00+00:00,SPY,exit_short,668.04,hybrid_exit
current_policy_trend_1bar,2026-03-12 14:32:00+00:00,SPY,enter_long,668.01,trend_1bar
current_policy_trend_1bar,2026-03-12 15:40:00+00:00,SPY,exit_long,669.73,hybrid_exit
current_policy_trend_1bar,2026-03-12 15:40:00+00:00,SPY,enter_short,668.94,trend_1bar
current_policy_trend_1bar,2026-03-12 16:10:00+00:00,SPY,enter_long,668.24,trend_1bar
current_policy_trend_1bar,2026-03-12 16:20:00+00:00,SPY,exit_long,669.8,hybrid_exit
current_policy_trend_1bar,2026-03-12 18:50:00+00:00,SPY,exit_short,667.49,hybrid_exit
current_policy_trend_1bar,2026-03-12 19:00:00+00:00,SPY,enter_long,667.65,trend_1bar
current_policy_trend_1bar,2026-03-12 19:40:00+00:00,SPY,exit_long,667.915,hybrid_exit
current_policy_trend_1bar,2026-03-12 19:50:00+00:00,SPY,enter_long,666.8,trend_1bar
current_policy_trend_1bar,2026-03-13 13:40:00+00:00,SPY,exit_long,670.39,hybrid_exit
current_policy_trend_1bar,2026-03-13 13:46:00+00:00,SPY,enter_short,671.98,trend_1bar
current_policy_trend_1bar,2026-03-13 15:10:00+00:00,SPY,exit_short,666.21,hybrid_exit
current_policy_trend_1bar,2026-03-13 15:22:00+00:00,SPY,enter_short,666.095,trend_1bar
current_policy_trend_1bar,2026-03-13 15:50:00+00:00,SPY,exit_short,664.33,hybrid_exit
current_policy_trend_1bar,2026-03-13 16:00:00+00:00,SPY,enter_long,663.71,trend_1bar
current_policy_trend_1bar,2026-03-13 16:40:00+00:00,SPY,exit_long,664.27,hybrid_exit
current_policy_trend_1bar,2026-03-13 16:41:00+00:00,SPY,enter_short,664.5,trend_1bar
current_policy_trend_1bar,2026-03-13 17:51:00+00:00,SPY,enter_long,662.51,trend_1bar
current_policy_trend_1bar,2026-03-13 18:00:00+00:00,SPY,exit_short,662.7,hybrid_exit
current_policy_trend_1bar,2026-03-16 14:10:00+00:00,SPY,exit_long,670.8,hybrid_exit
current_policy_trend_1bar,2026-03-16 14:11:00+00:00,SPY,enter_short,671.07,trend_1bar
current_policy_trend_1bar,2026-03-16 14:50:00+00:00,SPY,exit_short,668.02,hybrid_exit
current_policy_trend_1bar,2026-03-16 14:51:00+00:00,SPY,enter_long,668.54,trend_1bar
current_policy_trend_1bar,2026-03-16 15:10:00+00:00,SPY,exit_long,669.17,hybrid_exit
current_policy_trend_1bar,2026-03-16 15:25:00+00:00,SPY,enter_short,669.95,trend_1bar
current_policy_trend_1bar,2026-03-16 16:10:00+00:00,SPY,exit_short,668.81,hybrid_exit
current_policy_trend_1bar,2026-03-16 16:31:00+00:00,SPY,enter_long,667.71,trend_1bar
current_policy_trend_1bar,2026-03-16 18:20:00+00:00,SPY,exit_long,669.81,hybrid_exit
current_policy_trend_1bar,2026-03-16 18:41:00+00:00,SPY,enter_long,670.105,trend_1bar
current_policy_trend_1bar,2026-03-16 19:20:00+00:00,SPY,exit_long,669.42,hybrid_exit
current_policy_trend_1bar,2026-03-16 19:31:00+00:00,SPY,enter_long,669.18,trend_1bar
current_policy_trend_1bar,2026-03-17 13:40:00+00:00,SPY,exit_long,673.885,hybrid_exit
current_policy_trend_1bar,2026-03-17 13:50:00+00:00,SPY,enter_short,673.97,trend_1bar
current_policy_trend_1bar,2026-03-17 14:20:00+00:00,SPY,exit_short,672.565,hybrid_exit
current_policy_trend_1bar,2026-03-17 14:30:00+00:00,SPY,enter_short,672.6,trend_1bar
current_policy_trend_1bar,2026-03-17 15:40:00+00:00,SPY,exit_short,670.68,hybrid_exit
current_policy_trend_1bar,2026-03-17 16:10:00+00:00,SPY,enter_long,670.89,trend_1bar
current_policy_trend_1bar,2026-03-17 16:20:00+00:00,SPY,enter_short,671.35,trend_1bar
current_policy_trend_1bar,2026-03-17 17:00:00+00:00,SPY,exit_short,671.05,hybrid_exit
current_policy_trend_1bar,2026-03-17 17:10:00+00:00,SPY,enter_short,671.28,trend_1bar
current_policy_trend_1bar,2026-03-17 17:20:00+00:00,SPY,exit_long,671.4,hybrid_exit
current_policy_trend_1bar,2026-03-18 13:40:00+00:00,SPY,exit_short,669.07,hybrid_exit
current_policy_trend_1bar,2026-03-18 13:51:00+00:00,SPY,enter_short,668.63,trend_1bar
current_policy_trend_1bar,2026-03-18 14:30:00+00:00,SPY,exit_short,665.98,hybrid_exit
current_policy_trend_1bar,2026-03-18 14:30:00+00:00,SPY,enter_long,666.27,trend_1bar
current_policy_trend_1bar,2026-03-18 15:01:00+00:00,SPY,enter_short,667.24,trend_1bar
current_policy_trend_1bar,2026-03-18 15:10:00+00:00,SPY,exit_long,667.96,hybrid_exit
current_policy_trend_1bar,2026-03-18 18:30:00+00:00,SPY,exit_short,665.94,hybrid_exit
current_policy_trend_1bar,2026-03-18 18:40:00+00:00,SPY,enter_short,664.64,trend_1bar
current_policy_trend_1bar,2026-03-19 13:40:00+00:00,SPY,exit_short,656.23,hybrid_exit
current_policy_trend_1bar,2026-03-19 13:40:00+00:00,SPY,enter_long,656.37,trend_1bar
current_policy_trend_1bar,2026-03-19 14:00:00+00:00,SPY,exit_long,658.64,hybrid_exit
current_policy_trend_1bar,2026-03-19 14:04:00+00:00,SPY,enter_short,658.21,trend_1bar
current_policy_trend_1bar,2026-03-19 14:30:00+00:00,SPY,exit_short,656.33,hybrid_exit
current_policy_trend_1bar,2026-03-19 14:30:00+00:00,SPY,enter_long,656.49,trend_1bar
current_policy_trend_1bar,2026-03-19 14:40:00+00:00,SPY,exit_long,657.37,hybrid_exit
current_policy_trend_1bar,2026-03-19 15:10:00+00:00,SPY,enter_short,658.79,trend_1bar
current_policy_trend_1bar,2026-03-19 15:40:00+00:00,SPY,enter_long,657.08,trend_1bar
current_policy_trend_1bar,2026-03-19 15:50:00+00:00,SPY,exit_short,657.02,hybrid_exit
current_policy_trend_1bar,2026-03-19 16:10:00+00:00,SPY,exit_long,658.495,hybrid_exit
current_policy_trend_1bar,2026-03-19 16:10:00+00:00,SPY,enter_short,657.96,trend_1bar
current_policy_trend_1bar,2026-03-19 17:10:00+00:00,SPY,enter_long,655.99,trend_1bar
current_policy_trend_1bar,2026-03-19 17:20:00+00:00,SPY,exit_short,656.8,hybrid_exit
current_policy_trend_1bar,2026-03-19 18:30:00+00:00,SPY,exit_long,657.155,hybrid_exit
current_policy_trend_1bar,2026-03-19 18:44:00+00:00,SPY,enter_long,656.5,trend_1bar
current_policy_trend_1bar,2026-03-19 19:00:00+00:00,SPY,exit_long,658.415,hybrid_exit
current_policy_trend_1bar,2026-03-19 19:03:00+00:00,SPY,enter_short,660.07,trend_1bar
current_policy_trend_1bar,2026-03-20 14:10:00+00:00,SPY,exit_short,653.09,hybrid_exit
current_policy_trend_1bar,2026-03-20 14:20:00+00:00,SPY,enter_long,652.2,trend_1bar
current_policy_trend_1bar,2026-03-20 15:00:00+00:00,SPY,exit_long,652.15,hybrid_exit
current_policy_trend_1bar,2026-03-20 15:31:00+00:00,SPY,enter_long,652.08,trend_1bar
current_policy_trend_1bar,2026-03-20 16:00:00+00:00,SPY,exit_long,652.96,hybrid_exit
current_policy_trend_1bar,2026-03-20 16:05:00+00:00,SPY,enter_short,653.39,trend_1bar
current_policy_trend_1bar,2026-03-20 18:30:00+00:00,SPY,exit_short,649.4,hybrid_exit
current_policy_trend_1bar,2026-03-20 18:40:00+00:00,SPY,enter_long,648.54,trend_1bar
current_policy_trend_1bar,2026-03-23 14:10:00+00:00,SPY,exit_long,659.56,hybrid_exit
current_policy_trend_1bar,2026-03-23 14:10:00+00:00,SPY,enter_short,659.44,trend_1bar
current_policy_trend_1bar,2026-03-23 16:10:00+00:00,SPY,exit_short,656.77,hybrid_exit
current_policy_trend_1bar,2026-03-23 16:30:00+00:00,SPY,enter_long,654.26,trend_1bar
current_policy_trend_1bar,2026-03-23 17:40:00+00:00,SPY,exit_long,657.8,hybrid_exit
current_policy_trend_1bar,2026-03-23 17:50:00+00:00,SPY,enter_long,656.98,trend_1bar
current_policy_trend_1bar,2026-03-23 18:30:00+00:00,SPY,exit_long,657.43,hybrid_exit
current_policy_trend_1bar,2026-03-23 18:38:00+00:00,SPY,enter_short,659.36,trend_1bar
current_policy_trend_1bar,2026-03-24 13:40:00+00:00,SPY,exit_short,651.22,hybrid_exit
current_policy_trend_1bar,2026-03-24 13:42:00+00:00,SPY,enter_long,651.23,trend_1bar
current_policy_trend_1bar,2026-03-24 14:50:00+00:00,SPY,exit_long,652.7,hybrid_exit
current_policy_trend_1bar,2026-03-24 15:00:00+00:00,SPY,enter_long,655.16,trend_1bar
current_policy_trend_1bar,2026-03-24 15:30:00+00:00,SPY,exit_long,656.05,hybrid_exit
current_policy_trend_1bar,2026-03-24 15:30:00+00:00,SPY,enter_short,656.02,trend_1bar
current_policy_trend_1bar,2026-03-24 17:11:00+00:00,SPY,enter_long,653.11,trend_1bar
current_policy_trend_1bar,2026-03-24 17:20:00+00:00,SPY,exit_short,652.79,hybrid_exit
current_policy_trend_1bar,2026-03-24 18:50:00+00:00,SPY,exit_long,655.02,hybrid_exit
current_policy_trend_1bar,2026-03-24 19:30:00+00:00,SPY,enter_long,654.5,trend_1bar
current_policy_trend_1bar,2026-03-25 13:40:00+00:00,SPY,exit_long,659.88,hybrid_exit
current_policy_trend_1bar,2026-03-25 14:01:00+00:00,SPY,enter_long,656.67,trend_1bar
current_policy_trend_1bar,2026-03-25 14:20:00+00:00,SPY,exit_long,657.64,hybrid_exit
current_policy_trend_1bar,2026-03-25 14:23:00+00:00,SPY,enter_short,658.145,trend_1bar
current_policy_trend_1bar,2026-03-25 15:20:00+00:00,SPY,exit_short,655.15,hybrid_exit
current_policy_trend_1bar,2026-03-25 15:20:00+00:00,SPY,enter_long,655.69,trend_1bar
current_policy_trend_1bar,2026-03-25 15:30:00+00:00,SPY,exit_long,657.87,hybrid_exit
current_policy_trend_1bar,2026-03-25 15:32:00+00:00,SPY,enter_short,657.93,trend_1bar
current_policy_trend_1bar,2026-03-25 15:50:00+00:00,SPY,enter_long,657.06,trend_1bar
current_policy_trend_1bar,2026-03-25 16:10:00+00:00,SPY,exit_short,656.57,hybrid_exit
current_policy_trend_1bar,2026-03-25 16:40:00+00:00,SPY,exit_long,658.055,hybrid_exit
current_policy_trend_1bar,2026-03-25 16:40:00+00:00,SPY,enter_short,657.95,trend_1bar
current_policy_trend_1bar,2026-03-25 17:10:00+00:00,SPY,enter_long,657.18,trend_1bar
current_policy_trend_1bar,2026-03-25 17:20:00+00:00,SPY,exit_short,657.24,hybrid_exit
current_policy_trend_1bar,2026-03-25 17:30:00+00:00,SPY,enter_short,657.98,trend_1bar
current_policy_trend_1bar,2026-03-25 17:50:00+00:00,SPY,exit_long,658.07,hybrid_exit
current_policy_trend_1bar,2026-03-26 13:40:00+00:00,SPY,enter_long,651.17,trend_1bar
current_policy_trend_1bar,2026-03-26 13:40:00+00:00,SPY,exit_short,650.79,hybrid_exit
current_policy_trend_1bar,2026-03-26 13:50:00+00:00,SPY,exit_long,653.45,hybrid_exit
current_policy_trend_1bar,2026-03-26 14:00:00+00:00,SPY,enter_short,654.35,trend_1bar
current_policy_trend_1bar,2026-03-26 15:00:00+00:00,SPY,exit_short,652.31,hybrid_exit
current_policy_trend_1bar,2026-03-26 15:11:00+00:00,SPY,enter_short,652.375,trend_1bar
current_policy_trend_1bar,2026-03-26 19:12:00+00:00,SPY,enter_long,646.0,trend_1bar
current_policy_trend_1bar,2026-03-26 19:50:00+00:00,SPY,exit_long,645.73,hybrid_exit
current_policy_trend_1bar,2026-03-27 13:40:00+00:00,SPY,exit_short,640.925,hybrid_exit
current_policy_trend_1bar,2026-03-27 13:50:00+00:00,SPY,enter_short,640.95,trend_1bar
current_policy_trend_1bar,2026-03-27 14:00:00+00:00,SPY,exit_short,639.01,hybrid_exit
current_policy_trend_1bar,2026-03-27 14:21:00+00:00,SPY,enter_short,640.45,trend_1bar
current_policy_trend_1bar,2026-03-27 14:31:00+00:00,SPY,enter_long,639.63,trend_1bar
current_policy_trend_1bar,2026-03-27 14:40:00+00:00,SPY,exit_short,638.9,hybrid_exit
current_policy_trend_1bar,2026-03-27 14:50:00+00:00,SPY,exit_long,640.2,hybrid_exit
current_policy_trend_1bar,2026-03-27 14:51:00+00:00,SPY,enter_short,640.03,trend_1bar
trend_2bar,2026-01-26 20:12:00+00:00,SPY,enter_short,693.6,trend_2bar
trend_2bar,2026-01-26 20:22:00+00:00,SPY,enter_long,693.67,trend_2bar
trend_2bar,2026-01-26 20:50:00+00:00,SPY,exit_short,693.63,hybrid_exit
trend_2bar,2026-01-27 14:40:00+00:00,SPY,exit_long,693.6,hybrid_exit
trend_2bar,2026-01-27 14:53:00+00:00,SPY,enter_long,695.22,trend_2bar
trend_2bar,2026-01-27 16:00:00+00:00,SPY,exit_long,696.0,hybrid_exit
trend_2bar,2026-01-27 16:15:00+00:00,SPY,enter_short,696.15,trend_2bar
trend_2bar,2026-01-27 17:50:00+00:00,SPY,exit_short,695.7,hybrid_exit
trend_2bar,2026-01-27 18:12:00+00:00,SPY,enter_long,695.305,trend_2bar
trend_2bar,2026-01-27 19:00:00+00:00,SPY,exit_long,696.01,hybrid_exit
trend_2bar,2026-01-27 19:34:00+00:00,SPY,enter_short,696.21,trend_2bar
trend_2bar,2026-01-27 20:10:00+00:00,SPY,exit_short,696.15,hybrid_exit
trend_2bar,2026-01-27 20:32:00+00:00,SPY,enter_long,696.01,trend_2bar
trend_2bar,2026-01-28 14:40:00+00:00,SPY,exit_long,697.165,hybrid_exit
trend_2bar,2026-01-28 14:47:00+00:00,SPY,enter_short,697.04,trend_2bar
trend_2bar,2026-01-28 15:20:00+00:00,SPY,exit_short,696.51,hybrid_exit
trend_2bar,2026-01-28 15:35:00+00:00,SPY,enter_short,696.24,trend_2bar
trend_2bar,2026-01-28 17:00:00+00:00,SPY,exit_short,694.73,hybrid_exit
trend_2bar,2026-01-28 17:01:00+00:00,SPY,enter_long,694.94,trend_2bar
trend_2bar,2026-01-28 17:21:00+00:00,SPY,enter_short,695.53,trend_2bar
trend_2bar,2026-01-28 17:50:00+00:00,SPY,exit_short,694.93,hybrid_exit
trend_2bar,2026-01-28 18:00:00+00:00,SPY,exit_long,694.84,hybrid_exit
trend_2bar,2026-01-28 18:22:00+00:00,SPY,enter_short,695.225,trend_2bar
trend_2bar,2026-01-28 18:55:00+00:00,SPY,enter_long,694.965,trend_2bar
trend_2bar,2026-01-28 19:00:00+00:00,SPY,exit_short,695.14,hybrid_exit
trend_2bar,2026-01-28 19:40:00+00:00,SPY,exit_long,694.67,hybrid_exit
trend_2bar,2026-01-28 20:12:00+00:00,SPY,enter_short,695.94,trend_2bar
trend_2bar,2026-01-29 14:50:00+00:00,SPY,exit_short,693.64,hybrid_exit
trend_2bar,2026-01-29 15:01:00+00:00,SPY,enter_short,690.25,trend_2bar
trend_2bar,2026-01-29 15:40:00+00:00,SPY,exit_short,687.59,hybrid_exit
trend_2bar,2026-01-29 15:45:00+00:00,SPY,enter_long,686.82,trend_2bar
trend_2bar,2026-01-29 17:30:00+00:00,SPY,exit_long,690.985,hybrid_exit
trend_2bar,2026-01-29 17:32:00+00:00,SPY,enter_short,691.09,trend_2bar
trend_2bar,2026-01-29 17:56:00+00:00,SPY,enter_long,689.385,trend_2bar
trend_2bar,2026-01-29 18:00:00+00:00,SPY,exit_short,689.03,hybrid_exit
trend_2bar,2026-01-30 14:30:00+00:00,SPY,exit_long,691.84,hybrid_exit
trend_2bar,2026-01-30 14:38:00+00:00,SPY,enter_short,692.92,trend_2bar
trend_2bar,2026-01-30 15:10:00+00:00,SPY,exit_short,693.34,hybrid_exit
trend_2bar,2026-01-30 15:25:00+00:00,SPY,enter_short,692.61,trend_2bar
trend_2bar,2026-01-30 17:10:00+00:00,SPY,exit_short,689.11,hybrid_exit
trend_2bar,2026-01-30 17:22:00+00:00,SPY,enter_long,690.49,trend_2bar
trend_2bar,2026-01-30 17:34:00+00:00,SPY,enter_short,690.35,trend_2bar
trend_2bar,2026-01-30 18:10:00+00:00,SPY,exit_short,689.6,hybrid_exit
trend_2bar,2026-01-30 19:10:00+00:00,SPY,exit_long,692.14,hybrid_exit
trend_2bar,2026-01-30 19:12:00+00:00,SPY,enter_short,691.89,trend_2bar
trend_2bar,2026-01-30 19:50:00+00:00,SPY,exit_short,690.89,hybrid_exit
trend_2bar,2026-01-30 19:53:00+00:00,SPY,enter_long,691.7,trend_2bar
trend_2bar,2026-02-02 15:41:00+00:00,SPY,enter_short,695.29,trend_2bar
trend_2bar,2026-02-02 16:10:00+00:00,SPY,exit_short,694.87,hybrid_exit
trend_2bar,2026-02-02 17:20:00+00:00,SPY,exit_long,696.26,hybrid_exit
trend_2bar,2026-02-02 17:21:00+00:00,SPY,enter_short,696.055,trend_2bar
trend_2bar,2026-02-02 18:30:00+00:00,SPY,exit_short,696.07,hybrid_exit
trend_2bar,2026-02-02 18:53:00+00:00,SPY,enter_short,696.52,trend_2bar
trend_2bar,2026-02-02 20:10:00+00:00,SPY,exit_short,696.3,hybrid_exit
trend_2bar,2026-02-02 20:26:00+00:00,SPY,enter_short,696.04,trend_2bar
trend_2bar,2026-02-03 15:10:00+00:00,SPY,exit_short,692.99,hybrid_exit
trend_2bar,2026-02-03 15:22:00+00:00,SPY,enter_short,692.025,trend_2bar
trend_2bar,2026-02-03 18:40:00+00:00,SPY,exit_short,686.355,hybrid_exit
trend_2bar,2026-02-03 18:55:00+00:00,SPY,enter_long,685.95,trend_2bar
trend_2bar,2026-02-04 14:31:00+00:00,SPY,enter_short,689.49,trend_2bar
trend_2bar,2026-02-04 14:40:00+00:00,SPY,exit_long,690.57,hybrid_exit
trend_2bar,2026-02-04 15:10:00+00:00,SPY,exit_short,688.985,hybrid_exit
trend_2bar,2026-02-04 15:27:00+00:00,SPY,enter_short,689.66,trend_2bar
trend_2bar,2026-02-04 17:00:00+00:00,SPY,exit_short,686.51,hybrid_exit
trend_2bar,2026-02-04 17:17:00+00:00,SPY,enter_short,685.88,trend_2bar
trend_2bar,2026-02-04 17:44:00+00:00,SPY,enter_long,683.09,trend_2bar
trend_2bar,2026-02-04 17:50:00+00:00,SPY,exit_short,682.31,hybrid_exit
trend_2bar,2026-02-04 19:50:00+00:00,SPY,exit_long,687.33,hybrid_exit
trend_2bar,2026-02-04 20:01:00+00:00,SPY,enter_short,687.515,trend_2bar
trend_2bar,2026-02-05 14:40:00+00:00,SPY,exit_short,682.37,hybrid_exit
trend_2bar,2026-02-05 14:52:00+00:00,SPY,enter_short,682.065,trend_2bar
trend_2bar,2026-02-05 15:10:00+00:00,SPY,exit_short,678.75,hybrid_exit
trend_2bar,2026-02-05 15:25:00+00:00,SPY,enter_long,677.4,trend_2bar
trend_2bar,2026-02-05 16:40:00+00:00,SPY,exit_long,680.235,hybrid_exit
trend_2bar,2026-02-05 17:01:00+00:00,SPY,enter_short,680.49,trend_2bar
trend_2bar,2026-02-05 18:30:00+00:00,SPY,exit_short,679.09,hybrid_exit
trend_2bar,2026-02-05 18:42:00+00:00,SPY,enter_long,679.05,trend_2bar
trend_2bar,2026-02-05 19:20:00+00:00,SPY,exit_long,681.16,hybrid_exit
trend_2bar,2026-02-05 19:21:00+00:00,SPY,enter_short,681.085,trend_2bar
trend_2bar,2026-02-05 19:54:00+00:00,SPY,enter_long,678.77,trend_2bar
trend_2bar,2026-02-05 20:00:00+00:00,SPY,exit_short,679.08,hybrid_exit
trend_2bar,2026-02-06 15:00:00+00:00,SPY,exit_long,684.82,hybrid_exit
trend_2bar,2026-02-06 15:11:00+00:00,SPY,enter_long,685.0,trend_2bar
trend_2bar,2026-02-06 18:20:00+00:00,SPY,exit_long,689.155,hybrid_exit
trend_2bar,2026-02-06 18:31:00+00:00,SPY,enter_long,689.165,trend_2bar
trend_2bar,2026-02-09 14:30:00+00:00,SPY,exit_long,689.47,hybrid_exit
trend_2bar,2026-02-09 14:54:00+00:00,SPY,enter_long,690.425,trend_2bar
trend_2bar,2026-02-09 15:30:00+00:00,SPY,exit_long,691.94,hybrid_exit
trend_2bar,2026-02-09 15:45:00+00:00,SPY,enter_long,693.67,trend_2bar
trend_2bar,2026-02-09 16:54:00+00:00,SPY,enter_short,695.38,trend_2bar
trend_2bar,2026-02-09 17:00:00+00:00,SPY,exit_long,695.375,hybrid_exit
trend_2bar,2026-02-09 18:00:00+00:00,SPY,exit_short,694.58,hybrid_exit
trend_2bar,2026-02-09 18:03:00+00:00,SPY,enter_long,694.895,trend_2bar
trend_2bar,2026-02-09 19:26:00+00:00,SPY,enter_short,695.65,trend_2bar
trend_2bar,2026-02-09 19:30:00+00:00,SPY,exit_long,695.76,hybrid_exit
trend_2bar,2026-02-09 20:38:00+00:00,SPY,enter_long,694.31,trend_2bar
trend_2bar,2026-02-09 20:40:00+00:00,SPY,exit_short,694.54,hybrid_exit
trend_2bar,2026-02-10 14:40:00+00:00,SPY,exit_long,694.305,hybrid_exit
trend_2bar,2026-02-10 14:53:00+00:00,SPY,enter_long,695.0,trend_2bar
trend_2bar,2026-02-10 15:00:00+00:00,SPY,exit_long,695.77,hybrid_exit
trend_2bar,2026-02-10 15:12:00+00:00,SPY,enter_short,695.89,trend_2bar
trend_2bar,2026-02-10 16:20:00+00:00,SPY,exit_short,694.94,hybrid_exit
trend_2bar,2026-02-10 17:20:00+00:00,SPY,enter_short,695.35,trend_2bar
trend_2bar,2026-02-10 18:40:00+00:00,SPY,exit_short,693.675,hybrid_exit
trend_2bar,2026-02-10 18:56:00+00:00,SPY,enter_long,693.6,trend_2bar
trend_2bar,2026-02-10 19:30:00+00:00,SPY,exit_long,693.88,hybrid_exit
trend_2bar,2026-02-10 19:33:00+00:00,SPY,enter_short,693.98,trend_2bar
trend_2bar,2026-02-11 14:30:00+00:00,SPY,exit_short,696.435,hybrid_exit
trend_2bar,2026-02-11 14:31:00+00:00,SPY,enter_long,697.03,trend_2bar
trend_2bar,2026-02-11 14:40:00+00:00,SPY,exit_long,695.19,hybrid_exit
trend_2bar,2026-02-11 14:43:00+00:00,SPY,enter_short,695.32,trend_2bar
trend_2bar,2026-02-11 15:20:00+00:00,SPY,exit_short,690.79,hybrid_exit
trend_2bar,2026-02-11 15:26:00+00:00,SPY,enter_long,689.5,trend_2bar
trend_2bar,2026-02-11 15:50:00+00:00,SPY,exit_long,690.465,hybrid_exit
trend_2bar,2026-02-11 16:11:00+00:00,SPY,enter_long,692.39,trend_2bar
trend_2bar,2026-02-11 16:50:00+00:00,SPY,exit_long,692.57,hybrid_exit
trend_2bar,2026-02-11 17:07:00+00:00,SPY,enter_long,691.88,trend_2bar
trend_2bar,2026-02-11 17:35:00+00:00,SPY,enter_short,693.22,trend_2bar
trend_2bar,2026-02-11 17:40:00+00:00,SPY,exit_long,693.4,hybrid_exit
trend_2bar,2026-02-11 18:10:00+00:00,SPY,exit_short,692.0,hybrid_exit
trend_2bar,2026-02-11 18:12:00+00:00,SPY,enter_long,691.8,trend_2bar
trend_2bar,2026-02-11 18:50:00+00:00,SPY,exit_long,692.89,hybrid_exit
trend_2bar,2026-02-11 19:08:00+00:00,SPY,enter_long,692.805,trend_2bar
trend_2bar,2026-02-11 19:27:00+00:00,SPY,enter_short,693.72,trend_2bar
trend_2bar,2026-02-11 19:40:00+00:00,SPY,exit_long,693.53,hybrid_exit
trend_2bar,2026-02-11 20:20:00+00:00,SPY,exit_short,692.71,hybrid_exit
trend_2bar,2026-02-11 20:32:00+00:00,SPY,enter_long,692.165,trend_2bar
trend_2bar,2026-02-11 20:51:00+00:00,SPY,enter_short,692.29,trend_2bar
trend_2bar,2026-02-12 14:40:00+00:00,SPY,exit_long,694.82,hybrid_exit
trend_2bar,2026-02-12 16:30:00+00:00,SPY,exit_short,683.6,hybrid_exit
trend_2bar,2026-02-12 16:31:00+00:00,SPY,enter_long,683.94,trend_2bar
trend_2bar,2026-02-12 16:40:00+00:00,SPY,exit_long,685.58,hybrid_exit
trend_2bar,2026-02-12 16:43:00+00:00,SPY,enter_short,685.69,trend_2bar
trend_2bar,2026-02-12 17:21:00+00:00,SPY,enter_long,684.41,trend_2bar
trend_2bar,2026-02-12 17:30:00+00:00,SPY,exit_short,684.115,hybrid_exit
trend_2bar,2026-02-12 17:40:00+00:00,SPY,exit_long,684.89,hybrid_exit
trend_2bar,2026-02-12 17:45:00+00:00,SPY,enter_short,685.07,trend_2bar
trend_2bar,2026-02-12 18:02:00+00:00,SPY,enter_long,683.16,trend_2bar
trend_2bar,2026-02-12 18:10:00+00:00,SPY,exit_short,683.34,hybrid_exit
trend_2bar,2026-02-12 19:00:00+00:00,SPY,exit_long,684.855,hybrid_exit
trend_2bar,2026-02-12 19:11:00+00:00,SPY,enter_short,683.85,trend_2bar
trend_2bar,2026-02-13 14:30:00+00:00,SPY,exit_short,681.695,hybrid_exit
trend_2bar,2026-02-13 14:32:00+00:00,SPY,enter_long,682.17,trend_2bar
trend_2bar,2026-02-13 15:40:00+00:00,SPY,exit_long,682.86,hybrid_exit
trend_2bar,2026-02-13 15:51:00+00:00,SPY,enter_long,682.58,trend_2bar
trend_2bar,2026-02-13 17:10:00+00:00,SPY,exit_long,685.2,hybrid_exit
trend_2bar,2026-02-13 17:43:00+00:00,SPY,enter_short,685.85,trend_2bar
trend_2bar,2026-02-13 20:50:00+00:00,SPY,exit_short,681.18,hybrid_exit
trend_2bar,2026-02-17 14:41:00+00:00,SPY,enter_short,682.125,trend_2bar
trend_2bar,2026-02-17 15:00:00+00:00,SPY,exit_short,676.42,hybrid_exit
trend_2bar,2026-02-17 15:01:00+00:00,SPY,enter_long,677.4,trend_2bar
trend_2bar,2026-02-17 16:20:00+00:00,SPY,exit_long,682.76,hybrid_exit
trend_2bar,2026-02-17 16:44:00+00:00,SPY,enter_short,681.77,trend_2bar
trend_2bar,2026-02-17 17:20:00+00:00,SPY,exit_short,681.365,hybrid_exit
trend_2bar,2026-02-17 17:24:00+00:00,SPY,enter_long,681.1,trend_2bar
trend_2bar,2026-02-17 19:00:00+00:00,SPY,exit_long,684.06,hybrid_exit
trend_2bar,2026-02-17 19:06:00+00:00,SPY,enter_short,683.92,trend_2bar
trend_2bar,2026-02-17 20:01:00+00:00,SPY,enter_long,683.97,trend_2bar
trend_2bar,2026-02-17 20:10:00+00:00,SPY,exit_short,683.39,hybrid_exit
trend_2bar,2026-02-18 15:10:00+00:00,SPY,exit_long,687.48,hybrid_exit
trend_2bar,2026-02-18 15:31:00+00:00,SPY,enter_short,687.57,trend_2bar
trend_2bar,2026-02-18 16:20:00+00:00,SPY,exit_short,688.13,hybrid_exit
trend_2bar,2026-02-18 16:44:00+00:00,SPY,enter_short,688.33,trend_2bar
trend_2bar,2026-02-18 17:02:00+00:00,SPY,enter_long,687.76,trend_2bar
trend_2bar,2026-02-18 17:20:00+00:00,SPY,exit_long,688.58,hybrid_exit
trend_2bar,2026-02-18 20:00:00+00:00,SPY,exit_short,684.62,hybrid_exit
trend_2bar,2026-02-18 20:01:00+00:00,SPY,enter_long,685.02,trend_2bar
trend_2bar,2026-02-18 20:50:00+00:00,SPY,exit_long,686.47,hybrid_exit
trend_2bar,2026-02-18 20:56:00+00:00,SPY,enter_short,686.955,trend_2bar
trend_2bar,2026-02-19 14:40:00+00:00,SPY,exit_short,683.68,hybrid_exit
trend_2bar,2026-02-19 14:43:00+00:00,SPY,enter_long,683.86,trend_2bar
trend_2bar,2026-02-19 15:00:00+00:00,SPY,exit_long,684.9,hybrid_exit
trend_2bar,2026-02-19 15:26:00+00:00,SPY,enter_short,684.4,trend_2bar
trend_2bar,2026-02-19 15:31:00+00:00,SPY,enter_long,684.76,trend_2bar
trend_2bar,2026-02-19 15:40:00+00:00,SPY,exit_long,685.43,hybrid_exit
trend_2bar,2026-02-19 17:11:00+00:00,SPY,enter_long,683.49,trend_2bar
trend_2bar,2026-02-19 17:20:00+00:00,SPY,exit_long,684.08,hybrid_exit
trend_2bar,2026-02-19 17:54:00+00:00,SPY,enter_long,682.625,trend_2bar
trend_2bar,2026-02-19 18:00:00+00:00,SPY,exit_short,682.42,hybrid_exit
trend_2bar,2026-02-19 19:00:00+00:00,SPY,exit_long,683.73,hybrid_exit
trend_2bar,2026-02-19 19:03:00+00:00,SPY,enter_short,683.46,trend_2bar
trend_2bar,2026-02-19 19:40:00+00:00,SPY,exit_short,682.02,hybrid_exit
trend_2bar,2026-02-19 19:41:00+00:00,SPY,enter_long,682.5,trend_2bar
trend_2bar,2026-02-20 14:50:00+00:00,SPY,exit_long,684.26,hybrid_exit
trend_2bar,2026-02-20 15:01:00+00:00,SPY,enter_long,688.97,trend_2bar
trend_2bar,2026-02-20 15:50:00+00:00,SPY,exit_long,688.17,hybrid_exit
trend_2bar,2026-02-20 15:57:00+00:00,SPY,enter_short,688.76,trend_2bar
trend_2bar,2026-02-20 16:32:00+00:00,SPY,enter_long,687.1,trend_2bar
trend_2bar,2026-02-20 16:40:00+00:00,SPY,exit_long,688.12,hybrid_exit
trend_2bar,2026-02-20 16:40:00+00:00,SPY,exit_short,688.12,hybrid_exit
trend_2bar,2026-02-20 16:51:00+00:00,SPY,enter_short,688.67,trend_2bar
trend_2bar,2026-02-20 17:20:00+00:00,SPY,exit_short,685.08,hybrid_exit
trend_2bar,2026-02-20 17:28:00+00:00,SPY,enter_long,684.75,trend_2bar
trend_2bar,2026-02-20 18:50:00+00:00,SPY,exit_long,689.1,hybrid_exit
trend_2bar,2026-02-20 19:05:00+00:00,SPY,enter_short,689.24,trend_2bar
trend_2bar,2026-02-20 19:40:00+00:00,SPY,exit_short,688.61,hybrid_exit
trend_2bar,2026-02-20 20:11:00+00:00,SPY,enter_short,689.02,trend_2bar
trend_2bar,2026-02-23 16:10:00+00:00,SPY,exit_short,681.15,hybrid_exit
trend_2bar,2026-02-23 16:17:00+00:00,SPY,enter_long,681.08,trend_2bar
trend_2bar,2026-02-23 16:34:00+00:00,SPY,enter_short,682.67,trend_2bar
trend_2bar,2026-02-23 16:50:00+00:00,SPY,exit_long,682.05,hybrid_exit
trend_2bar,2026-02-23 17:10:00+00:00,SPY,exit_short,681.96,hybrid_exit
trend_2bar,2026-02-23 17:41:00+00:00,SPY,enter_long,681.17,trend_2bar
trend_2bar,2026-02-23 18:20:00+00:00,SPY,exit_long,683.13,hybrid_exit
trend_2bar,2026-02-23 18:30:00+00:00,SPY,enter_short,683.55,trend_2bar
trend_2bar,2026-02-23 19:20:00+00:00,SPY,exit_short,681.755,hybrid_exit
trend_2bar,2026-02-23 19:45:00+00:00,SPY,enter_long,680.92,trend_2bar
trend_2bar,2026-02-24 14:50:00+00:00,SPY,exit_long,684.9,hybrid_exit
trend_2bar,2026-02-24 15:02:00+00:00,SPY,enter_long,683.14,trend_2bar
trend_2bar,2026-02-24 15:40:00+00:00,SPY,exit_long,685.93,hybrid_exit
trend_2bar,2026-02-24 16:01:00+00:00,SPY,enter_long,685.575,trend_2bar
trend_2bar,2026-02-24 17:30:00+00:00,SPY,exit_long,687.45,hybrid_exit
trend_2bar,2026-02-24 17:41:00+00:00,SPY,enter_short,687.315,trend_2bar
trend_2bar,2026-02-24 18:30:00+00:00,SPY,exit_short,687.04,hybrid_exit
trend_2bar,2026-02-24 18:42:00+00:00,SPY,enter_short,687.55,trend_2bar
trend_2bar,2026-02-24 19:20:00+00:00,SPY,exit_short,686.93,hybrid_exit
trend_2bar,2026-02-24 19:31:00+00:00,SPY,enter_long,687.05,trend_2bar
trend_2bar,2026-02-24 21:00:00+00:00,SPY,exit_long,687.45,hybrid_exit
trend_2bar,2026-02-25 14:36:00+00:00,SPY,enter_long,691.06,trend_2bar
trend_2bar,2026-02-25 14:40:00+00:00,SPY,exit_long,691.19,hybrid_exit
trend_2bar,2026-02-25 14:55:00+00:00,SPY,enter_short,691.37,trend_2bar
trend_2bar,2026-02-25 15:30:00+00:00,SPY,exit_short,691.13,hybrid_exit
trend_2bar,2026-02-25 15:41:00+00:00,SPY,enter_long,690.56,trend_2bar
trend_2bar,2026-02-25 16:58:00+00:00,SPY,enter_short,692.0,trend_2bar
trend_2bar,2026-02-25 17:00:00+00:00,SPY,exit_long,692.02,hybrid_exit
trend_2bar,2026-02-25 17:31:00+00:00,SPY,enter_long,692.06,trend_2bar
trend_2bar,2026-02-25 17:40:00+00:00,SPY,exit_short,692.31,hybrid_exit
trend_2bar,2026-02-25 19:20:00+00:00,SPY,exit_long,693.0,hybrid_exit
trend_2bar,2026-02-25 19:54:00+00:00,SPY,enter_short,693.14,trend_2bar
trend_2bar,2026-02-26 14:40:00+00:00,SPY,exit_short,692.165,hybrid_exit
trend_2bar,2026-02-26 14:52:00+00:00,SPY,enter_short,690.81,trend_2bar
trend_2bar,2026-02-26 15:10:00+00:00,SPY,exit_short,690.025,hybrid_exit
trend_2bar,2026-02-26 15:36:00+00:00,SPY,enter_long,685.52,trend_2bar
trend_2bar,2026-02-26 15:50:00+00:00,SPY,exit_long,687.56,hybrid_exit
trend_2bar,2026-02-26 16:02:00+00:00,SPY,enter_short,687.74,trend_2bar
trend_2bar,2026-02-26 17:10:00+00:00,SPY,exit_short,686.76,hybrid_exit
trend_2bar,2026-02-26 17:31:00+00:00,SPY,enter_long,686.51,trend_2bar
trend_2bar,2026-02-26 19:20:00+00:00,SPY,exit_long,688.89,hybrid_exit
trend_2bar,2026-02-26 19:22:00+00:00,SPY,enter_short,689.06,trend_2bar
trend_2bar,2026-02-27 14:40:00+00:00,SPY,exit_short,684.06,hybrid_exit
trend_2bar,2026-02-27 14:59:00+00:00,SPY,enter_long,682.92,trend_2bar
trend_2bar,2026-02-27 15:20:00+00:00,SPY,exit_long,684.03,hybrid_exit
trend_2bar,2026-02-27 15:36:00+00:00,SPY,enter_long,685.02,trend_2bar
trend_2bar,2026-02-27 16:00:00+00:00,SPY,exit_long,685.24,hybrid_exit
trend_2bar,2026-02-27 16:06:00+00:00,SPY,enter_short,685.39,trend_2bar
trend_2bar,2026-02-27 17:30:00+00:00,SPY,exit_short,684.14,hybrid_exit
trend_2bar,2026-02-27 18:04:00+00:00,SPY,enter_short,684.18,trend_2bar
trend_2bar,2026-02-27 18:40:00+00:00,SPY,exit_short,683.69,hybrid_exit
trend_2bar,2026-02-27 19:13:00+00:00,SPY,enter_long,684.18,trend_2bar
trend_2bar,2026-02-27 20:20:00+00:00,SPY,exit_long,685.57,hybrid_exit
trend_2bar,2026-02-27 20:25:00+00:00,SPY,enter_short,685.79,trend_2bar
trend_2bar,2026-03-02 14:40:00+00:00,SPY,exit_short,681.0,hybrid_exit
trend_2bar,2026-03-02 14:41:00+00:00,SPY,enter_long,681.39,trend_2bar
trend_2bar,2026-03-02 15:30:00+00:00,SPY,exit_long,683.37,hybrid_exit
trend_2bar,2026-03-02 15:44:00+00:00,SPY,enter_long,684.31,trend_2bar
trend_2bar,2026-03-02 17:00:00+00:00,SPY,exit_long,686.25,hybrid_exit
trend_2bar,2026-03-02 17:21:00+00:00,SPY,enter_short,686.99,trend_2bar
trend_2bar,2026-03-02 18:20:00+00:00,SPY,exit_short,686.59,hybrid_exit
trend_2bar,2026-03-02 18:44:00+00:00,SPY,enter_long,686.2,trend_2bar
trend_2bar,2026-03-02 19:23:00+00:00,SPY,enter_short,687.96,trend_2bar
trend_2bar,2026-03-02 19:30:00+00:00,SPY,exit_long,688.245,hybrid_exit
trend_2bar,2026-03-02 20:20:00+00:00,SPY,exit_short,686.08,hybrid_exit
trend_2bar,2026-03-02 20:40:00+00:00,SPY,enter_short,685.95,trend_2bar
trend_2bar,2026-03-03 14:40:00+00:00,SPY,exit_short,675.78,hybrid_exit
trend_2bar,2026-03-03 14:46:00+00:00,SPY,enter_long,674.52,trend_2bar
trend_2bar,2026-03-03 16:50:00+00:00,SPY,exit_long,677.57,hybrid_exit
trend_2bar,2026-03-03 17:18:00+00:00,SPY,enter_long,677.5,trend_2bar
trend_2bar,2026-03-03 18:50:00+00:00,SPY,exit_long,681.4,hybrid_exit
trend_2bar,2026-03-03 19:06:00+00:00,SPY,enter_short,680.86,trend_2bar
trend_2bar,2026-03-03 19:40:00+00:00,SPY,exit_short,680.82,hybrid_exit
trend_2bar,2026-03-03 19:52:00+00:00,SPY,enter_short,681.6,trend_2bar
trend_2bar,2026-03-03 20:29:00+00:00,SPY,enter_long,681.01,trend_2bar
trend_2bar,2026-03-03 20:30:00+00:00,SPY,exit_short,681.04,hybrid_exit
trend_2bar,2026-03-04 15:40:00+00:00,SPY,exit_long,684.63,hybrid_exit
trend_2bar,2026-03-04 16:05:00+00:00,SPY,enter_short,685.86,trend_2bar
trend_2bar,2026-03-04 16:24:00+00:00,SPY,enter_long,684.48,trend_2bar
trend_2bar,2026-03-04 16:30:00+00:00,SPY,exit_short,685.185,hybrid_exit
trend_2bar,2026-03-04 17:00:00+00:00,SPY,exit_long,685.78,hybrid_exit
trend_2bar,2026-03-04 17:34:00+00:00,SPY,enter_long,685.47,trend_2bar
trend_2bar,2026-03-04 18:10:00+00:00,SPY,exit_long,686.22,hybrid_exit
trend_2bar,2026-03-04 18:27:00+00:00,SPY,enter_long,686.08,trend_2bar
trend_2bar,2026-03-04 19:00:00+00:00,SPY,exit_long,686.57,hybrid_exit
trend_2bar,2026-03-04 19:19:00+00:00,SPY,enter_short,686.79,trend_2bar
trend_2bar,2026-03-05 14:40:00+00:00,SPY,exit_short,683.63,hybrid_exit
trend_2bar,2026-03-05 15:04:00+00:00,SPY,enter_short,684.27,trend_2bar
trend_2bar,2026-03-05 15:40:00+00:00,SPY,exit_short,681.3,hybrid_exit
trend_2bar,2026-03-05 15:52:00+00:00,SPY,enter_short,682.125,trend_2bar
trend_2bar,2026-03-05 18:00:00+00:00,SPY,exit_short,676.335,hybrid_exit
trend_2bar,2026-03-05 18:15:00+00:00,SPY,enter_short,677.71,trend_2bar
trend_2bar,2026-03-05 18:21:00+00:00,SPY,enter_long,676.66,trend_2bar
trend_2bar,2026-03-05 18:30:00+00:00,SPY,exit_short,676.67,hybrid_exit
trend_2bar,2026-03-05 20:00:00+00:00,SPY,exit_long,677.1,hybrid_exit
trend_2bar,2026-03-05 20:12:00+00:00,SPY,enter_short,678.55,trend_2bar
trend_2bar,2026-03-06 14:40:00+00:00,SPY,exit_short,671.06,hybrid_exit
trend_2bar,2026-03-06 14:48:00+00:00,SPY,enter_long,670.92,trend_2bar
trend_2bar,2026-03-06 15:40:00+00:00,SPY,exit_long,675.5,hybrid_exit
trend_2bar,2026-03-06 15:41:00+00:00,SPY,enter_short,674.75,trend_2bar
trend_2bar,2026-03-06 15:53:00+00:00,SPY,enter_long,673.055,trend_2bar
trend_2bar,2026-03-06 16:00:00+00:00,SPY,exit_long,674.92,hybrid_exit
trend_2bar,2026-03-06 17:20:00+00:00,SPY,exit_short,674.43,hybrid_exit
trend_2bar,2026-03-06 17:47:00+00:00,SPY,enter_long,673.03,trend_2bar
trend_2bar,2026-03-06 18:20:00+00:00,SPY,exit_long,675.82,hybrid_exit
trend_2bar,2026-03-06 18:21:00+00:00,SPY,enter_short,675.735,trend_2bar
trend_2bar,2026-03-09 13:44:00+00:00,SPY,enter_long,664.36,trend_2bar
trend_2bar,2026-03-09 13:50:00+00:00,SPY,exit_short,663.68,hybrid_exit
trend_2bar,2026-03-09 16:20:00+00:00,SPY,exit_long,670.0,hybrid_exit
trend_2bar,2026-03-09 16:31:00+00:00,SPY,enter_short,670.27,trend_2bar
trend_2bar,2026-03-09 17:30:00+00:00,SPY,exit_short,668.875,hybrid_exit
trend_2bar,2026-03-09 17:33:00+00:00,SPY,enter_long,668.88,trend_2bar
trend_2bar,2026-03-09 19:40:00+00:00,SPY,exit_long,679.16,hybrid_exit
trend_2bar,2026-03-09 19:41:00+00:00,SPY,enter_short,677.3,trend_2bar
trend_2bar,2026-03-10 13:40:00+00:00,SPY,exit_short,677.04,hybrid_exit
trend_2bar,2026-03-10 14:02:00+00:00,SPY,enter_long,675.77,trend_2bar
trend_2bar,2026-03-10 15:00:00+00:00,SPY,exit_long,681.1,hybrid_exit
trend_2bar,2026-03-10 15:04:00+00:00,SPY,enter_short,681.38,trend_2bar
trend_2bar,2026-03-10 16:00:00+00:00,SPY,exit_short,681.4,hybrid_exit
trend_2bar,2026-03-10 16:14:00+00:00,SPY,enter_long,680.535,trend_2bar
trend_2bar,2026-03-10 16:41:00+00:00,SPY,enter_short,681.43,trend_2bar
trend_2bar,2026-03-10 16:50:00+00:00,SPY,exit_long,680.94,hybrid_exit
trend_2bar,2026-03-10 18:30:00+00:00,SPY,exit_short,679.42,hybrid_exit
trend_2bar,2026-03-10 18:45:00+00:00,SPY,enter_short,678.62,trend_2bar
trend_2bar,2026-03-10 19:50:00+00:00,SPY,exit_short,676.78,hybrid_exit
trend_2bar,2026-03-10 19:53:00+00:00,SPY,enter_long,676.64,trend_2bar
trend_2bar,2026-03-11 13:40:00+00:00,SPY,exit_long,678.38,hybrid_exit
trend_2bar,2026-03-11 13:41:00+00:00,SPY,enter_short,678.175,trend_2bar
trend_2bar,2026-03-11 15:40:00+00:00,SPY,exit_short,674.875,hybrid_exit
trend_2bar,2026-03-11 15:51:00+00:00,SPY,enter_long,674.72,trend_2bar
trend_2bar,2026-03-11 16:50:00+00:00,SPY,exit_long,675.34,hybrid_exit
trend_2bar,2026-03-11 17:08:00+00:00,SPY,enter_short,676.255,trend_2bar
trend_2bar,2026-03-11 17:40:00+00:00,SPY,exit_short,674.64,hybrid_exit
trend_2bar,2026-03-11 18:14:00+00:00,SPY,enter_long,674.37,trend_2bar
trend_2bar,2026-03-11 18:50:00+00:00,SPY,exit_long,674.815,hybrid_exit
trend_2bar,2026-03-11 18:56:00+00:00,SPY,enter_short,675.3,trend_2bar
trend_2bar,2026-03-12 13:40:00+00:00,SPY,exit_short,671.28,hybrid_exit
trend_2bar,2026-03-12 13:52:00+00:00,SPY,enter_short,669.87,trend_2bar
trend_2bar,2026-03-12 14:30:00+00:00,SPY,exit_short,668.04,hybrid_exit
trend_2bar,2026-03-12 14:35:00+00:00,SPY,enter_long,668.51,trend_2bar
trend_2bar,2026-03-12 15:40:00+00:00,SPY,exit_long,669.73,hybrid_exit
trend_2bar,2026-03-12 15:47:00+00:00,SPY,enter_short,668.73,trend_2bar
trend_2bar,2026-03-12 16:14:00+00:00,SPY,enter_long,668.895,trend_2bar
trend_2bar,2026-03-12 16:20:00+00:00,SPY,exit_long,669.8,hybrid_exit
trend_2bar,2026-03-12 18:50:00+00:00,SPY,exit_short,667.49,hybrid_exit
trend_2bar,2026-03-12 19:04:00+00:00,SPY,enter_long,667.31,trend_2bar
trend_2bar,2026-03-12 19:40:00+00:00,SPY,exit_long,667.915,hybrid_exit
trend_2bar,2026-03-13 13:38:00+00:00,SPY,enter_long,670.39,trend_2bar
trend_2bar,2026-03-13 13:40:00+00:00,SPY,exit_long,670.39,hybrid_exit
trend_2bar,2026-03-13 13:49:00+00:00,SPY,enter_short,671.17,trend_2bar
trend_2bar,2026-03-13 15:10:00+00:00,SPY,exit_short,666.21,hybrid_exit
trend_2bar,2026-03-13 15:23:00+00:00,SPY,enter_short,665.385,trend_2bar
trend_2bar,2026-03-13 16:00:00+00:00,SPY,exit_short,663.5,hybrid_exit
trend_2bar,2026-03-13 16:01:00+00:00,SPY,enter_long,664.21,trend_2bar
trend_2bar,2026-03-13 16:40:00+00:00,SPY,exit_long,664.27,hybrid_exit
trend_2bar,2026-03-13 16:44:00+00:00,SPY,enter_short,663.75,trend_2bar
trend_2bar,2026-03-13 17:52:00+00:00,SPY,enter_long,662.755,trend_2bar
trend_2bar,2026-03-13 18:00:00+00:00,SPY,exit_short,662.7,hybrid_exit
trend_2bar,2026-03-16 14:10:00+00:00,SPY,exit_long,670.8,hybrid_exit
trend_2bar,2026-03-16 14:12:00+00:00,SPY,enter_short,670.52,trend_2bar
trend_2bar,2026-03-16 14:50:00+00:00,SPY,exit_short,668.02,hybrid_exit
trend_2bar,2026-03-16 14:52:00+00:00,SPY,enter_long,668.76,trend_2bar
trend_2bar,2026-03-16 15:10:00+00:00,SPY,exit_long,669.17,hybrid_exit
trend_2bar,2026-03-16 15:28:00+00:00,SPY,enter_short,670.09,trend_2bar
trend_2bar,2026-03-16 16:10:00+00:00,SPY,exit_short,668.81,hybrid_exit
trend_2bar,2026-03-16 16:38:00+00:00,SPY,enter_long,667.9,trend_2bar
trend_2bar,2026-03-16 18:20:00+00:00,SPY,exit_long,669.81,hybrid_exit
trend_2bar,2026-03-16 18:42:00+00:00,SPY,enter_long,670.16,trend_2bar
trend_2bar,2026-03-16 19:20:00+00:00,SPY,exit_long,669.42,hybrid_exit
trend_2bar,2026-03-16 19:32:00+00:00,SPY,enter_long,669.19,trend_2bar
trend_2bar,2026-03-17 13:40:00+00:00,SPY,exit_long,673.885,hybrid_exit
trend_2bar,2026-03-17 13:53:00+00:00,SPY,enter_short,673.81,trend_2bar
trend_2bar,2026-03-17 14:20:00+00:00,SPY,exit_short,672.565,hybrid_exit
trend_2bar,2026-03-17 14:31:00+00:00,SPY,enter_short,672.41,trend_2bar
trend_2bar,2026-03-17 15:40:00+00:00,SPY,exit_short,670.68,hybrid_exit
trend_2bar,2026-03-17 16:11:00+00:00,SPY,enter_long,671.19,trend_2bar
trend_2bar,2026-03-17 16:21:00+00:00,SPY,enter_short,671.15,trend_2bar
trend_2bar,2026-03-17 17:00:00+00:00,SPY,exit_short,671.05,hybrid_exit
trend_2bar,2026-03-17 17:20:00+00:00,SPY,exit_long,671.4,hybrid_exit
trend_2bar,2026-03-17 17:33:00+00:00,SPY,enter_short,671.48,trend_2bar
trend_2bar,2026-03-18 13:40:00+00:00,SPY,exit_short,669.07,hybrid_exit
trend_2bar,2026-03-18 13:54:00+00:00,SPY,enter_short,668.77,trend_2bar
trend_2bar,2026-03-18 14:30:00+00:00,SPY,exit_short,665.98,hybrid_exit
trend_2bar,2026-03-18 14:33:00+00:00,SPY,enter_long,666.82,trend_2bar
trend_2bar,2026-03-18 15:00:00+00:00,SPY,exit_long,667.13,hybrid_exit
trend_2bar,2026-03-18 15:02:00+00:00,SPY,enter_short,666.86,trend_2bar
trend_2bar,2026-03-18 19:10:00+00:00,SPY,exit_short,664.4,hybrid_exit
trend_2bar,2026-03-18 19:21:00+00:00,SPY,enter_short,663.14,trend_2bar
trend_2bar,2026-03-19 13:40:00+00:00,SPY,exit_short,656.23,hybrid_exit
trend_2bar,2026-03-19 13:41:00+00:00,SPY,enter_long,657.32,trend_2bar
trend_2bar,2026-03-19 14:00:00+00:00,SPY,exit_long,658.64,hybrid_exit
trend_2bar,2026-03-19 14:09:00+00:00,SPY,enter_short,658.17,trend_2bar
trend_2bar,2026-03-19 14:30:00+00:00,SPY,exit_short,656.33,hybrid_exit
trend_2bar,2026-03-19 14:31:00+00:00,SPY,enter_long,657.26,trend_2bar
trend_2bar,2026-03-19 15:00:00+00:00,SPY,exit_long,657.78,hybrid_exit
trend_2bar,2026-03-19 15:15:00+00:00,SPY,enter_short,659.32,trend_2bar
trend_2bar,2026-03-19 15:46:00+00:00,SPY,enter_long,656.74,trend_2bar
trend_2bar,2026-03-19 15:50:00+00:00,SPY,exit_short,657.02,hybrid_exit
trend_2bar,2026-03-19 16:10:00+00:00,SPY,exit_long,658.495,hybrid_exit
trend_2bar,2026-03-19 16:14:00+00:00,SPY,enter_short,657.8,trend_2bar
trend_2bar,2026-03-19 17:11:00+00:00,SPY,enter_long,656.07,trend_2bar
trend_2bar,2026-03-19 17:20:00+00:00,SPY,exit_short,656.8,hybrid_exit
trend_2bar,2026-03-19 18:30:00+00:00,SPY,exit_long,657.155,hybrid_exit
trend_2bar,2026-03-19 18:45:00+00:00,SPY,enter_long,656.53,trend_2bar
trend_2bar,2026-03-19 19:00:00+00:00,SPY,exit_long,658.415,hybrid_exit
trend_2bar,2026-03-19 19:13:00+00:00,SPY,enter_short,660.83,trend_2bar
trend_2bar,2026-03-20 14:10:00+00:00,SPY,exit_short,653.09,hybrid_exit
trend_2bar,2026-03-20 14:31:00+00:00,SPY,enter_long,652.43,trend_2bar
trend_2bar,2026-03-20 15:10:00+00:00,SPY,exit_long,652.19,hybrid_exit
trend_2bar,2026-03-20 15:32:00+00:00,SPY,enter_long,652.26,trend_2bar
trend_2bar,2026-03-20 16:00:00+00:00,SPY,exit_long,652.96,hybrid_exit
trend_2bar,2026-03-20 16:06:00+00:00,SPY,enter_short,653.165,trend_2bar
trend_2bar,2026-03-20 18:30:00+00:00,SPY,exit_short,649.4,hybrid_exit
trend_2bar,2026-03-20 18:50:00+00:00,SPY,enter_long,647.8,trend_2bar
trend_2bar,2026-03-23 14:10:00+00:00,SPY,exit_long,659.56,hybrid_exit
trend_2bar,2026-03-23 14:25:00+00:00,SPY,enter_short,661.44,trend_2bar
trend_2bar,2026-03-23 16:10:00+00:00,SPY,exit_short,656.77,hybrid_exit
trend_2bar,2026-03-23 16:31:00+00:00,SPY,enter_long,655.0,trend_2bar
trend_2bar,2026-03-23 17:40:00+00:00,SPY,exit_long,657.8,hybrid_exit
trend_2bar,2026-03-23 17:51:00+00:00,SPY,enter_long,657.04,trend_2bar
trend_2bar,2026-03-23 18:30:00+00:00,SPY,exit_long,657.43,hybrid_exit
trend_2bar,2026-03-23 18:39:00+00:00,SPY,enter_short,658.95,trend_2bar
trend_2bar,2026-03-24 13:40:00+00:00,SPY,exit_short,651.22,hybrid_exit
trend_2bar,2026-03-24 13:45:00+00:00,SPY,enter_long,650.87,trend_2bar
trend_2bar,2026-03-24 14:50:00+00:00,SPY,exit_long,652.7,hybrid_exit
trend_2bar,2026-03-24 15:01:00+00:00,SPY,enter_long,655.085,trend_2bar
trend_2bar,2026-03-24 15:30:00+00:00,SPY,exit_long,656.05,hybrid_exit
trend_2bar,2026-03-24 15:31:00+00:00,SPY,enter_short,655.75,trend_2bar
trend_2bar,2026-03-24 17:19:00+00:00,SPY,enter_long,652.82,trend_2bar
trend_2bar,2026-03-24 17:20:00+00:00,SPY,exit_short,652.79,hybrid_exit
trend_2bar,2026-03-24 18:50:00+00:00,SPY,exit_long,655.02,hybrid_exit
trend_2bar,2026-03-24 19:37:00+00:00,SPY,enter_long,654.0,trend_2bar
trend_2bar,2026-03-25 13:40:00+00:00,SPY,exit_long,659.88,hybrid_exit
trend_2bar,2026-03-25 14:02:00+00:00,SPY,enter_long,657.01,trend_2bar
trend_2bar,2026-03-25 14:20:00+00:00,SPY,exit_long,657.64,hybrid_exit
trend_2bar,2026-03-25 14:24:00+00:00,SPY,enter_short,657.36,trend_2bar
trend_2bar,2026-03-25 15:20:00+00:00,SPY,exit_short,655.15,hybrid_exit
trend_2bar,2026-03-25 15:21:00+00:00,SPY,enter_long,655.86,trend_2bar
trend_2bar,2026-03-25 15:30:00+00:00,SPY,exit_long,657.87,hybrid_exit
trend_2bar,2026-03-25 15:35:00+00:00,SPY,enter_short,657.71,trend_2bar
trend_2bar,2026-03-25 15:54:00+00:00,SPY,enter_long,656.71,trend_2bar
trend_2bar,2026-03-25 16:10:00+00:00,SPY,exit_short,656.57,hybrid_exit
trend_2bar,2026-03-25 16:40:00+00:00,SPY,exit_long,658.055,hybrid_exit
trend_2bar,2026-03-25 16:47:00+00:00,SPY,enter_short,657.5,trend_2bar
trend_2bar,2026-03-25 17:11:00+00:00,SPY,enter_long,657.17,trend_2bar
trend_2bar,2026-03-25 17:20:00+00:00,SPY,exit_short,657.24,hybrid_exit
trend_2bar,2026-03-25 17:31:00+00:00,SPY,enter_short,657.64,trend_2bar
trend_2bar,2026-03-25 17:50:00+00:00,SPY,exit_long,658.07,hybrid_exit
trend_2bar,2026-03-26 13:40:00+00:00,SPY,exit_short,650.79,hybrid_exit
trend_2bar,2026-03-26 13:41:00+00:00,SPY,enter_long,651.205,trend_2bar
trend_2bar,2026-03-26 13:50:00+00:00,SPY,exit_long,653.45,hybrid_exit
trend_2bar,2026-03-26 14:08:00+00:00,SPY,enter_short,653.61,trend_2bar
trend_2bar,2026-03-26 15:00:00+00:00,SPY,exit_short,652.31,hybrid_exit
trend_2bar,2026-03-26 15:14:00+00:00,SPY,enter_short,652.26,trend_2bar
trend_2bar,2026-03-26 19:13:00+00:00,SPY,enter_long,645.975,trend_2bar
trend_2bar,2026-03-26 19:50:00+00:00,SPY,exit_long,645.73,hybrid_exit
trend_2bar,2026-03-27 13:40:00+00:00,SPY,exit_short,640.925,hybrid_exit
trend_2bar,2026-03-27 13:51:00+00:00,SPY,enter_short,640.57,trend_2bar
trend_2bar,2026-03-27 14:34:00+00:00,SPY,enter_long,639.68,trend_2bar
trend_2bar,2026-03-27 14:40:00+00:00,SPY,exit_short,638.9,hybrid_exit
trend_2bar,2026-03-27 14:50:00+00:00,SPY,exit_long,640.2,hybrid_exit
trend_2bar,2026-03-27 14:54:00+00:00,SPY,enter_short,639.5,trend_2bar
trend_3bar,2026-01-26 20:13:00+00:00,SPY,enter_short,693.56,trend_3bar
trend_3bar,2026-01-26 20:23:00+00:00,SPY,enter_long,693.7,trend_3bar
trend_3bar,2026-01-26 20:50:00+00:00,SPY,exit_short,693.63,hybrid_exit
trend_3bar,2026-01-27 15:30:00+00:00,SPY,exit_long,694.725,hybrid_exit
trend_3bar,2026-01-27 15:42:00+00:00,SPY,enter_long,695.68,trend_3bar
trend_3bar,2026-01-27 16:10:00+00:00,SPY,exit_long,696.1,hybrid_exit
trend_3bar,2026-01-27 16:22:00+00:00,SPY,enter_short,696.325,trend_3bar
trend_3bar,2026-01-27 17:50:00+00:00,SPY,exit_short,695.7,hybrid_exit
trend_3bar,2026-01-27 18:16:00+00:00,SPY,enter_long,695.565,trend_3bar
trend_3bar,2026-01-27 19:00:00+00:00,SPY,exit_long,696.01,hybrid_exit
trend_3bar,2026-01-27 19:35:00+00:00,SPY,enter_short,696.16,trend_3bar
trend_3bar,2026-01-27 20:10:00+00:00,SPY,exit_short,696.15,hybrid_exit
trend_3bar,2026-01-28 14:57:00+00:00,SPY,enter_short,697.485,trend_3bar
trend_3bar,2026-01-28 15:20:00+00:00,SPY,exit_short,696.51,hybrid_exit
trend_3bar,2026-01-28 15:41:00+00:00,SPY,enter_short,696.135,trend_3bar
trend_3bar,2026-01-28 17:00:00+00:00,SPY,exit_short,694.73,hybrid_exit
trend_3bar,2026-01-28 17:02:00+00:00,SPY,enter_long,695.045,trend_3bar
trend_3bar,2026-01-28 17:22:00+00:00,SPY,enter_short,695.18,trend_3bar
trend_3bar,2026-01-28 18:00:00+00:00,SPY,exit_long,694.84,hybrid_exit
trend_3bar,2026-01-28 18:00:00+00:00,SPY,exit_short,694.84,hybrid_exit
trend_3bar,2026-01-28 18:23:00+00:00,SPY,enter_short,695.22,trend_3bar
trend_3bar,2026-01-28 18:56:00+00:00,SPY,enter_long,695.0,trend_3bar
trend_3bar,2026-01-28 19:00:00+00:00,SPY,exit_short,695.14,hybrid_exit
trend_3bar,2026-01-28 19:40:00+00:00,SPY,exit_long,694.67,hybrid_exit
trend_3bar,2026-01-28 20:13:00+00:00,SPY,enter_short,695.92,trend_3bar
trend_3bar,2026-01-29 14:50:00+00:00,SPY,exit_short,693.64,hybrid_exit
trend_3bar,2026-01-29 15:02:00+00:00,SPY,enter_short,690.37,trend_3bar
trend_3bar,2026-01-29 15:40:00+00:00,SPY,exit_short,687.59,hybrid_exit
trend_3bar,2026-01-29 15:57:00+00:00,SPY,enter_long,686.79,trend_3bar
trend_3bar,2026-01-29 17:30:00+00:00,SPY,exit_long,690.985,hybrid_exit
trend_3bar,2026-01-29 17:33:00+00:00,SPY,enter_short,690.83,trend_3bar
trend_3bar,2026-01-29 18:00:00+00:00,SPY,exit_short,689.03,hybrid_exit
trend_3bar,2026-01-29 18:11:00+00:00,SPY,enter_long,690.875,trend_3bar
trend_3bar,2026-01-30 14:30:00+00:00,SPY,exit_long,691.84,hybrid_exit
trend_3bar,2026-01-30 14:54:00+00:00,SPY,enter_short,692.325,trend_3bar
trend_3bar,2026-01-30 17:10:00+00:00,SPY,exit_short,689.11,hybrid_exit
trend_3bar,2026-01-30 17:27:00+00:00,SPY,enter_long,691.03,trend_3bar
trend_3bar,2026-01-30 17:35:00+00:00,SPY,enter_short,689.81,trend_3bar
trend_3bar,2026-01-30 18:10:00+00:00,SPY,exit_short,689.6,hybrid_exit
trend_3bar,2026-01-30 19:10:00+00:00,SPY,exit_long,692.14,hybrid_exit
trend_3bar,2026-01-30 19:13:00+00:00,SPY,enter_short,691.67,trend_3bar
trend_3bar,2026-01-30 19:50:00+00:00,SPY,exit_short,690.89,hybrid_exit
trend_3bar,2026-01-30 19:54:00+00:00,SPY,enter_long,691.98,trend_3bar
trend_3bar,2026-02-02 15:42:00+00:00,SPY,enter_short,695.16,trend_3bar
trend_3bar,2026-02-02 16:10:00+00:00,SPY,exit_short,694.87,hybrid_exit
trend_3bar,2026-02-02 17:20:00+00:00,SPY,exit_long,696.26,hybrid_exit
trend_3bar,2026-02-02 17:58:00+00:00,SPY,enter_short,696.585,trend_3bar
trend_3bar,2026-02-02 18:30:00+00:00,SPY,exit_short,696.07,hybrid_exit
trend_3bar,2026-02-02 18:54:00+00:00,SPY,enter_short,696.52,trend_3bar
trend_3bar,2026-02-02 20:10:00+00:00,SPY,exit_short,696.3,hybrid_exit
trend_3bar,2026-02-02 21:00:00+00:00,SPY,enter_short,694.97,trend_3bar
trend_3bar,2026-02-03 15:10:00+00:00,SPY,exit_short,692.99,hybrid_exit
trend_3bar,2026-02-03 15:23:00+00:00,SPY,enter_short,691.785,trend_3bar
trend_3bar,2026-02-03 18:40:00+00:00,SPY,exit_short,686.355,hybrid_exit
trend_3bar,2026-02-03 19:11:00+00:00,SPY,enter_long,685.1,trend_3bar
trend_3bar,2026-02-03 19:30:00+00:00,SPY,exit_long,686.26,hybrid_exit
trend_3bar,2026-02-03 19:55:00+00:00,SPY,enter_long,686.28,trend_3bar
trend_3bar,2026-02-04 14:40:00+00:00,SPY,exit_long,690.57,hybrid_exit
trend_3bar,2026-02-04 14:51:00+00:00,SPY,enter_short,689.82,trend_3bar
trend_3bar,2026-02-04 15:10:00+00:00,SPY,exit_short,688.985,hybrid_exit
trend_3bar,2026-02-04 15:28:00+00:00,SPY,enter_short,689.51,trend_3bar
trend_3bar,2026-02-04 17:00:00+00:00,SPY,exit_short,686.51,hybrid_exit
trend_3bar,2026-02-04 17:18:00+00:00,SPY,enter_short,685.88,trend_3bar
trend_3bar,2026-02-04 17:50:00+00:00,SPY,exit_short,682.31,hybrid_exit
trend_3bar,2026-02-04 17:53:00+00:00,SPY,enter_long,682.8,trend_3bar
trend_3bar,2026-02-04 19:50:00+00:00,SPY,exit_long,687.33,hybrid_exit
trend_3bar,2026-02-04 20:02:00+00:00,SPY,enter_short,687.46,trend_3bar
trend_3bar,2026-02-05 14:40:00+00:00,SPY,exit_short,682.37,hybrid_exit
trend_3bar,2026-02-05 14:53:00+00:00,SPY,enter_short,681.93,trend_3bar
trend_3bar,2026-02-05 15:10:00+00:00,SPY,exit_short,678.75,hybrid_exit
trend_3bar,2026-02-05 15:37:00+00:00,SPY,enter_long,676.62,trend_3bar
trend_3bar,2026-02-05 16:40:00+00:00,SPY,exit_long,680.235,hybrid_exit
trend_3bar,2026-02-05 18:06:00+00:00,SPY,enter_short,680.22,trend_3bar
trend_3bar,2026-02-05 18:40:00+00:00,SPY,exit_short,678.96,hybrid_exit
trend_3bar,2026-02-05 19:55:00+00:00,SPY,enter_long,678.97,trend_3bar
trend_3bar,2026-02-06 15:00:00+00:00,SPY,exit_long,684.82,hybrid_exit
trend_3bar,2026-02-06 15:33:00+00:00,SPY,enter_long,686.11,trend_3bar
trend_3bar,2026-02-06 18:20:00+00:00,SPY,exit_long,689.155,hybrid_exit
trend_3bar,2026-02-06 19:03:00+00:00,SPY,enter_long,689.26,trend_3bar
trend_3bar,2026-02-09 14:30:00+00:00,SPY,exit_long,689.47,hybrid_exit
trend_3bar,2026-02-09 15:01:00+00:00,SPY,enter_long,690.88,trend_3bar
trend_3bar,2026-02-09 15:30:00+00:00,SPY,exit_long,691.94,hybrid_exit
trend_3bar,2026-02-09 16:22:00+00:00,SPY,enter_long,694.36,trend_3bar
trend_3bar,2026-02-09 17:00:00+00:00,SPY,exit_long,695.375,hybrid_exit
trend_3bar,2026-02-09 17:06:00+00:00,SPY,enter_short,695.43,trend_3bar
trend_3bar,2026-02-09 18:00:00+00:00,SPY,exit_short,694.58,hybrid_exit
trend_3bar,2026-02-09 18:08:00+00:00,SPY,enter_long,694.705,trend_3bar
trend_3bar,2026-02-09 19:30:00+00:00,SPY,exit_long,695.76,hybrid_exit
trend_3bar,2026-02-09 19:31:00+00:00,SPY,enter_short,695.625,trend_3bar
trend_3bar,2026-02-09 20:39:00+00:00,SPY,enter_long,694.575,trend_3bar
trend_3bar,2026-02-09 20:40:00+00:00,SPY,exit_short,694.54,hybrid_exit
trend_3bar,2026-02-10 15:00:00+00:00,SPY,exit_long,695.77,hybrid_exit
trend_3bar,2026-02-10 15:13:00+00:00,SPY,enter_short,694.83,trend_3bar
trend_3bar,2026-02-10 16:20:00+00:00,SPY,exit_short,694.94,hybrid_exit
trend_3bar,2026-02-10 17:56:00+00:00,SPY,enter_short,695.425,trend_3bar
trend_3bar,2026-02-10 18:40:00+00:00,SPY,exit_short,693.675,hybrid_exit
trend_3bar,2026-02-10 19:34:00+00:00,SPY,enter_short,693.75,trend_3bar
trend_3bar,2026-02-11 14:30:00+00:00,SPY,exit_short,696.435,hybrid_exit
trend_3bar,2026-02-11 14:56:00+00:00,SPY,enter_short,694.65,trend_3bar
trend_3bar,2026-02-11 15:20:00+00:00,SPY,exit_short,690.79,hybrid_exit
trend_3bar,2026-02-11 15:27:00+00:00,SPY,enter_long,689.6,trend_3bar
trend_3bar,2026-02-11 15:50:00+00:00,SPY,exit_long,690.465,hybrid_exit
trend_3bar,2026-02-11 16:12:00+00:00,SPY,enter_long,692.565,trend_3bar
trend_3bar,2026-02-11 16:50:00+00:00,SPY,exit_long,692.57,hybrid_exit
trend_3bar,2026-02-11 17:08:00+00:00,SPY,enter_long,692.08,trend_3bar
trend_3bar,2026-02-11 17:40:00+00:00,SPY,exit_long,693.4,hybrid_exit
trend_3bar,2026-02-11 17:57:00+00:00,SPY,enter_short,692.79,trend_3bar
trend_3bar,2026-02-11 18:13:00+00:00,SPY,enter_long,691.87,trend_3bar
trend_3bar,2026-02-11 18:20:00+00:00,SPY,exit_short,692.05,hybrid_exit
trend_3bar,2026-02-11 18:50:00+00:00,SPY,exit_long,692.89,hybrid_exit
trend_3bar,2026-02-11 19:28:00+00:00,SPY,enter_short,693.6,trend_3bar
trend_3bar,2026-02-11 20:20:00+00:00,SPY,exit_short,692.71,hybrid_exit
trend_3bar,2026-02-11 20:56:00+00:00,SPY,enter_short,692.4,trend_3bar
trend_3bar,2026-02-12 16:30:00+00:00,SPY,exit_short,683.6,hybrid_exit
trend_3bar,2026-02-12 16:32:00+00:00,SPY,enter_long,684.765,trend_3bar
trend_3bar,2026-02-12 16:40:00+00:00,SPY,exit_long,685.58,hybrid_exit
trend_3bar,2026-02-12 16:44:00+00:00,SPY,enter_short,684.955,trend_3bar
trend_3bar,2026-02-12 17:22:00+00:00,SPY,enter_long,684.755,trend_3bar
trend_3bar,2026-02-12 17:30:00+00:00,SPY,exit_short,684.115,hybrid_exit
trend_3bar,2026-02-12 17:40:00+00:00,SPY,exit_long,684.89,hybrid_exit
trend_3bar,2026-02-12 17:46:00+00:00,SPY,enter_short,684.535,trend_3bar
trend_3bar,2026-02-12 18:10:00+00:00,SPY,exit_short,683.34,hybrid_exit
trend_3bar,2026-02-12 18:13:00+00:00,SPY,enter_long,683.515,trend_3bar
trend_3bar,2026-02-12 19:00:00+00:00,SPY,exit_long,684.855,hybrid_exit
trend_3bar,2026-02-12 19:12:00+00:00,SPY,enter_short,683.78,trend_3bar
trend_3bar,2026-02-13 14:30:00+00:00,SPY,exit_short,681.695,hybrid_exit
trend_3bar,2026-02-13 14:44:00+00:00,SPY,enter_long,680.45,trend_3bar
trend_3bar,2026-02-13 15:00:00+00:00,SPY,exit_long,679.885,hybrid_exit
trend_3bar,2026-02-13 15:27:00+00:00,SPY,enter_long,682.79,trend_3bar
trend_3bar,2026-02-13 17:10:00+00:00,SPY,exit_long,685.2,hybrid_exit
trend_3bar,2026-02-13 17:44:00+00:00,SPY,enter_short,685.74,trend_3bar
trend_3bar,2026-02-13 20:50:00+00:00,SPY,exit_short,681.18,hybrid_exit
trend_3bar,2026-02-17 14:42:00+00:00,SPY,enter_short,681.54,trend_3bar
trend_3bar,2026-02-17 15:00:00+00:00,SPY,exit_short,676.42,hybrid_exit
trend_3bar,2026-02-17 15:05:00+00:00,SPY,enter_long,678.28,trend_3bar
trend_3bar,2026-02-17 16:20:00+00:00,SPY,exit_long,682.76,hybrid_exit
trend_3bar,2026-02-17 16:45:00+00:00,SPY,enter_short,681.76,trend_3bar
trend_3bar,2026-02-17 17:20:00+00:00,SPY,exit_short,681.365,hybrid_exit
trend_3bar,2026-02-17 17:25:00+00:00,SPY,enter_long,681.38,trend_3bar
trend_3bar,2026-02-17 19:00:00+00:00,SPY,exit_long,684.06,hybrid_exit
trend_3bar,2026-02-17 19:12:00+00:00,SPY,enter_short,683.92,trend_3bar
trend_3bar,2026-02-17 20:10:00+00:00,SPY,exit_short,683.39,hybrid_exit
trend_3bar,2026-02-17 20:14:00+00:00,SPY,enter_long,683.5,trend_3bar
trend_3bar,2026-02-18 14:50:00+00:00,SPY,exit_long,683.77,hybrid_exit
trend_3bar,2026-02-18 15:02:00+00:00,SPY,enter_long,686.86,trend_3bar
trend_3bar,2026-02-18 15:32:00+00:00,SPY,enter_short,687.61,trend_3bar
trend_3bar,2026-02-18 15:40:00+00:00,SPY,exit_long,688.04,hybrid_exit
trend_3bar,2026-02-18 16:20:00+00:00,SPY,exit_short,688.13,hybrid_exit
trend_3bar,2026-02-18 17:06:00+00:00,SPY,enter_long,688.735,trend_3bar
trend_3bar,2026-02-18 17:12:00+00:00,SPY,enter_short,688.09,trend_3bar
trend_3bar,2026-02-18 17:20:00+00:00,SPY,exit_long,688.58,hybrid_exit
trend_3bar,2026-02-18 20:00:00+00:00,SPY,exit_short,684.62,hybrid_exit
trend_3bar,2026-02-18 20:02:00+00:00,SPY,enter_long,685.27,trend_3bar
trend_3bar,2026-02-18 20:50:00+00:00,SPY,exit_long,686.47,hybrid_exit
trend_3bar,2026-02-18 20:57:00+00:00,SPY,enter_short,686.845,trend_3bar
trend_3bar,2026-02-19 14:40:00+00:00,SPY,exit_short,683.68,hybrid_exit
trend_3bar,2026-02-19 14:44:00+00:00,SPY,enter_long,684.54,trend_3bar
trend_3bar,2026-02-19 15:20:00+00:00,SPY,exit_long,684.99,hybrid_exit
trend_3bar,2026-02-19 15:27:00+00:00,SPY,enter_short,684.335,trend_3bar
trend_3bar,2026-02-19 15:32:00+00:00,SPY,enter_long,685.28,trend_3bar
trend_3bar,2026-02-19 15:40:00+00:00,SPY,exit_long,685.43,hybrid_exit
trend_3bar,2026-02-19 17:55:00+00:00,SPY,enter_long,683.0,trend_3bar
trend_3bar,2026-02-19 18:00:00+00:00,SPY,exit_short,682.42,hybrid_exit
trend_3bar,2026-02-19 19:00:00+00:00,SPY,exit_long,683.73,hybrid_exit
trend_3bar,2026-02-19 19:10:00+00:00,SPY,enter_short,683.84,trend_3bar
trend_3bar,2026-02-19 19:50:00+00:00,SPY,exit_short,682.53,hybrid_exit
trend_3bar,2026-02-19 19:50:00+00:00,SPY,enter_long,682.72,trend_3bar
trend_3bar,2026-02-20 14:50:00+00:00,SPY,exit_long,684.26,hybrid_exit
trend_3bar,2026-02-20 15:09:00+00:00,SPY,enter_long,687.1,trend_3bar
trend_3bar,2026-02-20 15:10:00+00:00,SPY,exit_long,687.035,hybrid_exit
trend_3bar,2026-02-20 15:23:00+00:00,SPY,enter_long,687.9,trend_3bar
trend_3bar,2026-02-20 15:50:00+00:00,SPY,exit_long,688.17,hybrid_exit
trend_3bar,2026-02-20 15:58:00+00:00,SPY,enter_short,688.74,trend_3bar
trend_3bar,2026-02-20 16:39:00+00:00,SPY,enter_long,688.085,trend_3bar
trend_3bar,2026-02-20 16:40:00+00:00,SPY,exit_long,688.12,hybrid_exit
trend_3bar,2026-02-20 16:40:00+00:00,SPY,exit_short,688.12,hybrid_exit
trend_3bar,2026-02-20 17:00:00+00:00,SPY,enter_short,688.51,trend_3bar
trend_3bar,2026-02-20 17:20:00+00:00,SPY,exit_short,685.08,hybrid_exit
trend_3bar,2026-02-20 17:29:00+00:00,SPY,enter_long,685.2,trend_3bar
trend_3bar,2026-02-20 18:50:00+00:00,SPY,exit_long,689.1,hybrid_exit
trend_3bar,2026-02-20 19:06:00+00:00,SPY,enter_short,689.03,trend_3bar
trend_3bar,2026-02-20 19:40:00+00:00,SPY,exit_short,688.61,hybrid_exit
trend_3bar,2026-02-20 20:17:00+00:00,SPY,enter_short,688.75,trend_3bar
trend_3bar,2026-02-23 16:10:00+00:00,SPY,exit_short,681.15,hybrid_exit
trend_3bar,2026-02-23 16:18:00+00:00,SPY,enter_long,681.19,trend_3bar
trend_3bar,2026-02-23 16:35:00+00:00,SPY,enter_short,682.63,trend_3bar
trend_3bar,2026-02-23 16:50:00+00:00,SPY,exit_long,682.05,hybrid_exit
trend_3bar,2026-02-23 17:10:00+00:00,SPY,exit_short,681.96,hybrid_exit
trend_3bar,2026-02-23 17:42:00+00:00,SPY,enter_long,681.47,trend_3bar
trend_3bar,2026-02-23 18:20:00+00:00,SPY,exit_long,683.13,hybrid_exit
trend_3bar,2026-02-23 18:31:00+00:00,SPY,enter_short,683.44,trend_3bar
trend_3bar,2026-02-23 19:20:00+00:00,SPY,exit_short,681.755,hybrid_exit
trend_3bar,2026-02-23 19:46:00+00:00,SPY,enter_long,681.02,trend_3bar
trend_3bar,2026-02-24 14:50:00+00:00,SPY,exit_long,684.9,hybrid_exit
trend_3bar,2026-02-24 15:19:00+00:00,SPY,enter_long,684.18,trend_3bar
trend_3bar,2026-02-24 15:50:00+00:00,SPY,exit_long,686.0,hybrid_exit
trend_3bar,2026-02-24 16:02:00+00:00,SPY,enter_long,686.09,trend_3bar
trend_3bar,2026-02-24 17:30:00+00:00,SPY,exit_long,687.45,hybrid_exit
trend_3bar,2026-02-24 17:45:00+00:00,SPY,enter_short,687.02,trend_3bar
trend_3bar,2026-02-24 18:30:00+00:00,SPY,exit_short,687.04,hybrid_exit
trend_3bar,2026-02-24 18:46:00+00:00,SPY,enter_short,687.71,trend_3bar
trend_3bar,2026-02-24 19:20:00+00:00,SPY,exit_short,686.93,hybrid_exit
trend_3bar,2026-02-24 19:32:00+00:00,SPY,enter_long,687.08,trend_3bar
trend_3bar,2026-02-24 21:00:00+00:00,SPY,exit_long,687.45,hybrid_exit
trend_3bar,2026-02-25 14:56:00+00:00,SPY,enter_short,691.18,trend_3bar
trend_3bar,2026-02-25 15:30:00+00:00,SPY,exit_short,691.13,hybrid_exit
trend_3bar,2026-02-25 15:42:00+00:00,SPY,enter_long,690.73,trend_3bar
trend_3bar,2026-02-25 17:00:00+00:00,SPY,exit_long,692.02,hybrid_exit
trend_3bar,2026-02-25 17:28:00+00:00,SPY,enter_short,692.11,trend_3bar
trend_3bar,2026-02-25 17:32:00+00:00,SPY,enter_long,692.09,trend_3bar
trend_3bar,2026-02-25 18:00:00+00:00,SPY,exit_short,692.54,hybrid_exit
trend_3bar,2026-02-25 19:20:00+00:00,SPY,exit_long,693.0,hybrid_exit
trend_3bar,2026-02-25 20:04:00+00:00,SPY,enter_short,693.09,trend_3bar
trend_3bar,2026-02-26 14:40:00+00:00,SPY,exit_short,692.165,hybrid_exit
trend_3bar,2026-02-26 15:01:00+00:00,SPY,enter_short,689.76,trend_3bar
trend_3bar,2026-02-26 15:20:00+00:00,SPY,exit_short,686.56,hybrid_exit
trend_3bar,2026-02-26 15:37:00+00:00,SPY,enter_long,685.95,trend_3bar
trend_3bar,2026-02-26 16:00:00+00:00,SPY,exit_long,687.685,hybrid_exit
trend_3bar,2026-02-26 16:03:00+00:00,SPY,enter_short,687.8,trend_3bar
trend_3bar,2026-02-26 17:10:00+00:00,SPY,exit_short,686.76,hybrid_exit
trend_3bar,2026-02-26 17:32:00+00:00,SPY,enter_long,686.775,trend_3bar
trend_3bar,2026-02-26 19:20:00+00:00,SPY,exit_long,688.89,hybrid_exit
trend_3bar,2026-02-26 19:29:00+00:00,SPY,enter_short,688.62,trend_3bar
trend_3bar,2026-02-27 14:40:00+00:00,SPY,exit_short,684.06,hybrid_exit
trend_3bar,2026-02-27 15:00:00+00:00,SPY,enter_long,683.09,trend_3bar
trend_3bar,2026-02-27 15:20:00+00:00,SPY,exit_long,684.03,hybrid_exit
trend_3bar,2026-02-27 15:37:00+00:00,SPY,enter_long,685.13,trend_3bar
trend_3bar,2026-02-27 16:00:00+00:00,SPY,exit_long,685.24,hybrid_exit
trend_3bar,2026-02-27 16:07:00+00:00,SPY,enter_short,685.315,trend_3bar
trend_3bar,2026-02-27 17:30:00+00:00,SPY,exit_short,684.14,hybrid_exit
trend_3bar,2026-02-27 18:05:00+00:00,SPY,enter_short,684.02,trend_3bar
trend_3bar,2026-02-27 18:40:00+00:00,SPY,exit_short,683.69,hybrid_exit
trend_3bar,2026-02-27 19:33:00+00:00,SPY,enter_long,683.43,trend_3bar
trend_3bar,2026-02-27 20:20:00+00:00,SPY,exit_long,685.57,hybrid_exit
trend_3bar,2026-03-02 14:42:00+00:00,SPY,enter_long,681.79,trend_3bar
trend_3bar,2026-03-02 15:30:00+00:00,SPY,exit_long,683.37,hybrid_exit
trend_3bar,2026-03-02 15:45:00+00:00,SPY,enter_long,684.36,trend_3bar
trend_3bar,2026-03-02 17:00:00+00:00,SPY,exit_long,686.25,hybrid_exit
trend_3bar,2026-03-02 17:22:00+00:00,SPY,enter_short,686.85,trend_3bar
trend_3bar,2026-03-02 18:20:00+00:00,SPY,exit_short,686.59,hybrid_exit
trend_3bar,2026-03-02 18:50:00+00:00,SPY,enter_long,685.88,trend_3bar
trend_3bar,2026-03-02 19:24:00+00:00,SPY,enter_short,687.72,trend_3bar
trend_3bar,2026-03-02 19:30:00+00:00,SPY,exit_long,688.245,hybrid_exit
trend_3bar,2026-03-02 20:20:00+00:00,SPY,exit_short,686.08,hybrid_exit
trend_3bar,2026-03-02 20:41:00+00:00,SPY,enter_short,685.65,trend_3bar
trend_3bar,2026-03-03 14:40:00+00:00,SPY,exit_short,675.78,hybrid_exit
trend_3bar,2026-03-03 15:31:00+00:00,SPY,enter_long,671.59,trend_3bar
trend_3bar,2026-03-03 16:50:00+00:00,SPY,exit_long,677.57,hybrid_exit
trend_3bar,2026-03-03 17:19:00+00:00,SPY,enter_long,677.57,trend_3bar
trend_3bar,2026-03-03 18:50:00+00:00,SPY,exit_long,681.4,hybrid_exit
trend_3bar,2026-03-03 19:07:00+00:00,SPY,enter_short,680.46,trend_3bar
trend_3bar,2026-03-03 19:40:00+00:00,SPY,exit_short,680.82,hybrid_exit
trend_3bar,2026-03-03 19:53:00+00:00,SPY,enter_short,680.98,trend_3bar
trend_3bar,2026-03-03 20:30:00+00:00,SPY,exit_short,681.04,hybrid_exit
trend_3bar,2026-03-03 20:59:00+00:00,SPY,enter_long,680.29,trend_3bar
trend_3bar,2026-03-04 14:40:00+00:00,SPY,exit_long,680.95,hybrid_exit
trend_3bar,2026-03-04 14:53:00+00:00,SPY,enter_long,681.52,trend_3bar
trend_3bar,2026-03-04 15:40:00+00:00,SPY,exit_long,684.63,hybrid_exit
trend_3bar,2026-03-04 16:09:00+00:00,SPY,enter_short,685.67,trend_3bar
trend_3bar,2026-03-04 16:25:00+00:00,SPY,enter_long,684.91,trend_3bar
trend_3bar,2026-03-04 16:30:00+00:00,SPY,exit_short,685.185,hybrid_exit
trend_3bar,2026-03-04 17:00:00+00:00,SPY,exit_long,685.78,hybrid_exit
trend_3bar,2026-03-04 17:35:00+00:00,SPY,enter_long,685.6,trend_3bar
trend_3bar,2026-03-04 18:10:00+00:00,SPY,exit_long,686.22,hybrid_exit
trend_3bar,2026-03-04 19:20:00+00:00,SPY,enter_short,686.73,trend_3bar
trend_3bar,2026-03-05 14:40:00+00:00,SPY,exit_short,683.63,hybrid_exit
trend_3bar,2026-03-05 15:05:00+00:00,SPY,enter_short,684.02,trend_3bar
trend_3bar,2026-03-05 15:40:00+00:00,SPY,exit_short,681.3,hybrid_exit
trend_3bar,2026-03-05 15:56:00+00:00,SPY,enter_short,681.38,trend_3bar
trend_3bar,2026-03-05 17:40:00+00:00,SPY,exit_short,678.09,hybrid_exit
trend_3bar,2026-03-05 18:16:00+00:00,SPY,enter_short,677.69,trend_3bar
trend_3bar,2026-03-05 18:22:00+00:00,SPY,enter_long,677.3,trend_3bar
trend_3bar,2026-03-05 18:30:00+00:00,SPY,exit_short,676.67,hybrid_exit
trend_3bar,2026-03-05 20:00:00+00:00,SPY,exit_long,677.1,hybrid_exit
trend_3bar,2026-03-05 20:29:00+00:00,SPY,enter_short,679.45,trend_3bar
trend_3bar,2026-03-06 14:40:00+00:00,SPY,exit_short,671.06,hybrid_exit
trend_3bar,2026-03-06 15:13:00+00:00,SPY,enter_long,673.25,trend_3bar
trend_3bar,2026-03-06 15:42:00+00:00,SPY,enter_short,674.63,trend_3bar
trend_3bar,2026-03-06 16:00:00+00:00,SPY,exit_long,674.92,hybrid_exit
trend_3bar,2026-03-06 17:20:00+00:00,SPY,exit_short,674.43,hybrid_exit
trend_3bar,2026-03-06 17:48:00+00:00,SPY,enter_long,673.21,trend_3bar
trend_3bar,2026-03-06 18:20:00+00:00,SPY,exit_long,675.82,hybrid_exit
trend_3bar,2026-03-06 18:22:00+00:00,SPY,enter_short,675.07,trend_3bar
trend_3bar,2026-03-09 13:50:00+00:00,SPY,exit_short,663.68,hybrid_exit
trend_3bar,2026-03-09 14:02:00+00:00,SPY,enter_long,664.675,trend_3bar
trend_3bar,2026-03-09 16:20:00+00:00,SPY,exit_long,670.0,hybrid_exit
trend_3bar,2026-03-09 16:50:00+00:00,SPY,enter_short,671.85,trend_3bar
trend_3bar,2026-03-09 17:30:00+00:00,SPY,exit_short,668.875,hybrid_exit
trend_3bar,2026-03-09 17:47:00+00:00,SPY,enter_long,668.63,trend_3bar
trend_3bar,2026-03-09 19:40:00+00:00,SPY,exit_long,679.16,hybrid_exit
trend_3bar,2026-03-09 19:42:00+00:00,SPY,enter_short,677.13,trend_3bar
trend_3bar,2026-03-10 13:40:00+00:00,SPY,exit_short,677.04,hybrid_exit
trend_3bar,2026-03-10 14:03:00+00:00,SPY,enter_long,675.56,trend_3bar
trend_3bar,2026-03-10 15:00:00+00:00,SPY,exit_long,681.1,hybrid_exit
trend_3bar,2026-03-10 15:05:00+00:00,SPY,enter_short,681.09,trend_3bar
trend_3bar,2026-03-10 16:00:00+00:00,SPY,exit_short,681.4,hybrid_exit
trend_3bar,2026-03-10 16:27:00+00:00,SPY,enter_long,681.15,trend_3bar
trend_3bar,2026-03-10 16:42:00+00:00,SPY,enter_short,681.38,trend_3bar
trend_3bar,2026-03-10 17:00:00+00:00,SPY,exit_long,681.45,hybrid_exit
trend_3bar,2026-03-10 18:30:00+00:00,SPY,exit_short,679.42,hybrid_exit
trend_3bar,2026-03-10 18:53:00+00:00,SPY,enter_short,678.6,trend_3bar
trend_3bar,2026-03-10 19:50:00+00:00,SPY,exit_short,676.78,hybrid_exit
trend_3bar,2026-03-10 19:54:00+00:00,SPY,enter_long,676.76,trend_3bar
trend_3bar,2026-03-11 13:40:00+00:00,SPY,exit_long,678.38,hybrid_exit
trend_3bar,2026-03-11 13:42:00+00:00,SPY,enter_short,677.9,trend_3bar
trend_3bar,2026-03-11 15:40:00+00:00,SPY,exit_short,674.875,hybrid_exit
trend_3bar,2026-03-11 15:52:00+00:00,SPY,enter_long,674.81,trend_3bar
trend_3bar,2026-03-11 16:50:00+00:00,SPY,exit_long,675.34,hybrid_exit
trend_3bar,2026-03-11 17:09:00+00:00,SPY,enter_short,676.24,trend_3bar
trend_3bar,2026-03-11 17:40:00+00:00,SPY,exit_short,674.64,hybrid_exit
trend_3bar,2026-03-11 18:15:00+00:00,SPY,enter_long,674.45,trend_3bar
trend_3bar,2026-03-11 18:50:00+00:00,SPY,exit_long,674.815,hybrid_exit
trend_3bar,2026-03-11 18:57:00+00:00,SPY,enter_short,675.12,trend_3bar
trend_3bar,2026-03-12 13:40:00+00:00,SPY,exit_short,671.28,hybrid_exit
trend_3bar,2026-03-12 13:53:00+00:00,SPY,enter_short,669.18,trend_3bar
trend_3bar,2026-03-12 14:30:00+00:00,SPY,exit_short,668.04,hybrid_exit
trend_3bar,2026-03-12 15:24:00+00:00,SPY,enter_long,667.88,trend_3bar
trend_3bar,2026-03-12 15:40:00+00:00,SPY,exit_long,669.73,hybrid_exit
trend_3bar,2026-03-12 16:08:00+00:00,SPY,enter_short,668.04,trend_3bar
trend_3bar,2026-03-12 16:15:00+00:00,SPY,enter_long,669.44,trend_3bar
trend_3bar,2026-03-12 16:20:00+00:00,SPY,exit_long,669.8,hybrid_exit
trend_3bar,2026-03-12 18:50:00+00:00,SPY,exit_short,667.49,hybrid_exit
trend_3bar,2026-03-12 19:05:00+00:00,SPY,enter_long,667.53,trend_3bar
trend_3bar,2026-03-12 19:40:00+00:00,SPY,exit_long,667.915,hybrid_exit
trend_3bar,2026-03-13 13:50:00+00:00,SPY,enter_short,670.7,trend_3bar
trend_3bar,2026-03-13 15:10:00+00:00,SPY,exit_short,666.21,hybrid_exit
trend_3bar,2026-03-13 15:24:00+00:00,SPY,enter_short,664.79,trend_3bar
trend_3bar,2026-03-13 16:00:00+00:00,SPY,exit_short,663.5,hybrid_exit
trend_3bar,2026-03-13 16:07:00+00:00,SPY,enter_long,664.605,trend_3bar
trend_3bar,2026-03-13 16:40:00+00:00,SPY,exit_long,664.27,hybrid_exit
trend_3bar,2026-03-13 16:45:00+00:00,SPY,enter_short,663.62,trend_3bar
trend_3bar,2026-03-13 17:53:00+00:00,SPY,enter_long,662.72,trend_3bar
trend_3bar,2026-03-13 18:00:00+00:00,SPY,exit_short,662.7,hybrid_exit
trend_3bar,2026-03-16 14:10:00+00:00,SPY,exit_long,670.8,hybrid_exit
trend_3bar,2026-03-16 14:24:00+00:00,SPY,enter_short,670.99,trend_3bar
trend_3bar,2026-03-16 14:50:00+00:00,SPY,exit_short,668.02,hybrid_exit
trend_3bar,2026-03-16 14:53:00+00:00,SPY,enter_long,668.88,trend_3bar
trend_3bar,2026-03-16 15:10:00+00:00,SPY,exit_long,669.17,hybrid_exit
trend_3bar,2026-03-16 15:29:00+00:00,SPY,enter_short,670.05,trend_3bar
trend_3bar,2026-03-16 16:10:00+00:00,SPY,exit_short,668.81,hybrid_exit
trend_3bar,2026-03-16 16:39:00+00:00,SPY,enter_long,668.21,trend_3bar
trend_3bar,2026-03-16 18:20:00+00:00,SPY,exit_long,669.81,hybrid_exit
trend_3bar,2026-03-16 19:22:00+00:00,SPY,enter_long,669.73,trend_3bar
trend_3bar,2026-03-17 13:40:00+00:00,SPY,exit_long,673.885,hybrid_exit
trend_3bar,2026-03-17 14:02:00+00:00,SPY,enter_short,673.195,trend_3bar
trend_3bar,2026-03-17 15:40:00+00:00,SPY,exit_short,670.68,hybrid_exit
trend_3bar,2026-03-17 16:18:00+00:00,SPY,enter_long,671.4,trend_3bar
trend_3bar,2026-03-17 17:20:00+00:00,SPY,exit_long,671.4,hybrid_exit
trend_3bar,2026-03-17 17:34:00+00:00,SPY,enter_short,671.455,trend_3bar
trend_3bar,2026-03-18 13:40:00+00:00,SPY,exit_short,669.07,hybrid_exit
trend_3bar,2026-03-18 13:55:00+00:00,SPY,enter_short,668.75,trend_3bar
trend_3bar,2026-03-18 14:30:00+00:00,SPY,exit_short,665.98,hybrid_exit
trend_3bar,2026-03-18 14:59:00+00:00,SPY,enter_long,667.14,trend_3bar
trend_3bar,2026-03-18 15:10:00+00:00,SPY,exit_long,667.96,hybrid_exit
trend_3bar,2026-03-18 15:18:00+00:00,SPY,enter_short,667.06,trend_3bar
trend_3bar,2026-03-18 18:30:00+00:00,SPY,exit_short,665.94,hybrid_exit
trend_3bar,2026-03-18 18:46:00+00:00,SPY,enter_short,664.8,trend_3bar
trend_3bar,2026-03-19 13:40:00+00:00,SPY,exit_short,656.23,hybrid_exit
trend_3bar,2026-03-19 13:49:00+00:00,SPY,enter_long,657.93,trend_3bar
trend_3bar,2026-03-19 14:00:00+00:00,SPY,exit_long,658.64,hybrid_exit
trend_3bar,2026-03-19 14:15:00+00:00,SPY,enter_short,657.75,trend_3bar
trend_3bar,2026-03-19 14:30:00+00:00,SPY,exit_short,656.33,hybrid_exit
trend_3bar,2026-03-19 14:32:00+00:00,SPY,enter_long,657.72,trend_3bar
trend_3bar,2026-03-19 15:00:00+00:00,SPY,exit_long,657.78,hybrid_exit
trend_3bar,2026-03-19 15:20:00+00:00,SPY,enter_short,657.765,trend_3bar
trend_3bar,2026-03-19 15:50:00+00:00,SPY,exit_short,657.02,hybrid_exit
trend_3bar,2026-03-19 16:15:00+00:00,SPY,enter_short,657.56,trend_3bar
trend_3bar,2026-03-19 17:18:00+00:00,SPY,enter_long,656.74,trend_3bar
trend_3bar,2026-03-19 17:20:00+00:00,SPY,exit_short,656.8,hybrid_exit
trend_3bar,2026-03-19 19:10:00+00:00,SPY,exit_long,661.85,hybrid_exit
trend_3bar,2026-03-19 19:25:00+00:00,SPY,enter_short,659.7,trend_3bar
trend_3bar,2026-03-20 14:10:00+00:00,SPY,exit_short,653.09,hybrid_exit
trend_3bar,2026-03-20 14:32:00+00:00,SPY,enter_long,652.69,trend_3bar
trend_3bar,2026-03-20 15:10:00+00:00,SPY,exit_long,652.19,hybrid_exit
trend_3bar,2026-03-20 15:33:00+00:00,SPY,enter_long,652.57,trend_3bar
trend_3bar,2026-03-20 16:00:00+00:00,SPY,exit_long,652.96,hybrid_exit
trend_3bar,2026-03-20 16:14:00+00:00,SPY,enter_short,653.29,trend_3bar
trend_3bar,2026-03-20 18:30:00+00:00,SPY,exit_short,649.4,hybrid_exit
trend_3bar,2026-03-20 18:51:00+00:00,SPY,enter_long,648.02,trend_3bar
trend_3bar,2026-03-23 14:10:00+00:00,SPY,exit_long,659.56,hybrid_exit
trend_3bar,2026-03-23 14:26:00+00:00,SPY,enter_short,661.36,trend_3bar
trend_3bar,2026-03-23 16:10:00+00:00,SPY,exit_short,656.77,hybrid_exit
trend_3bar,2026-03-23 16:42:00+00:00,SPY,enter_long,655.82,trend_3bar
trend_3bar,2026-03-23 18:10:00+00:00,SPY,exit_long,657.45,hybrid_exit
trend_3bar,2026-03-23 18:40:00+00:00,SPY,enter_short,658.91,trend_3bar
trend_3bar,2026-03-24 13:40:00+00:00,SPY,exit_short,651.22,hybrid_exit
trend_3bar,2026-03-24 13:46:00+00:00,SPY,enter_long,651.57,trend_3bar
trend_3bar,2026-03-24 15:00:00+00:00,SPY,exit_long,653.95,hybrid_exit
trend_3bar,2026-03-24 15:32:00+00:00,SPY,enter_short,655.55,trend_3bar
trend_3bar,2026-03-24 17:20:00+00:00,SPY,enter_long,653.07,trend_3bar
trend_3bar,2026-03-24 17:20:00+00:00,SPY,exit_short,652.79,hybrid_exit
trend_3bar,2026-03-24 18:50:00+00:00,SPY,exit_long,655.02,hybrid_exit
trend_3bar,2026-03-25 13:30:00+00:00,SPY,enter_long,659.51,trend_3bar
trend_3bar,2026-03-25 13:40:00+00:00,SPY,exit_long,659.88,hybrid_exit
trend_3bar,2026-03-25 14:30:00+00:00,SPY,enter_short,658.07,trend_3bar
trend_3bar,2026-03-25 15:20:00+00:00,SPY,exit_short,655.15,hybrid_exit
trend_3bar,2026-03-25 15:22:00+00:00,SPY,enter_long,656.28,trend_3bar
trend_3bar,2026-03-25 15:30:00+00:00,SPY,exit_long,657.87,hybrid_exit
trend_3bar,2026-03-25 15:55:00+00:00,SPY,enter_long,656.905,trend_3bar
trend_3bar,2026-03-25 16:40:00+00:00,SPY,exit_long,658.055,hybrid_exit
trend_3bar,2026-03-25 17:12:00+00:00,SPY,enter_long,657.52,trend_3bar
trend_3bar,2026-03-25 17:42:00+00:00,SPY,enter_short,658.38,trend_3bar
trend_3bar,2026-03-25 17:50:00+00:00,SPY,exit_long,658.07,hybrid_exit
trend_3bar,2026-03-26 13:40:00+00:00,SPY,exit_short,650.79,hybrid_exit
trend_3bar,2026-03-26 13:42:00+00:00,SPY,enter_long,651.84,trend_3bar
trend_3bar,2026-03-26 14:00:00+00:00,SPY,exit_long,654.47,hybrid_exit
trend_3bar,2026-03-26 14:26:00+00:00,SPY,enter_short,654.24,trend_3bar
trend_3bar,2026-03-26 15:00:00+00:00,SPY,exit_short,652.31,hybrid_exit
trend_3bar,2026-03-26 15:31:00+00:00,SPY,enter_short,650.93,trend_3bar
trend_3bar,2026-03-26 19:14:00+00:00,SPY,enter_long,646.22,trend_3bar
trend_3bar,2026-03-26 19:50:00+00:00,SPY,exit_long,645.73,hybrid_exit
trend_3bar,2026-03-27 13:40:00+00:00,SPY,exit_short,640.925,hybrid_exit
trend_3bar,2026-03-27 13:52:00+00:00,SPY,enter_short,640.39,trend_3bar
trend_3bar,2026-03-27 14:40:00+00:00,SPY,exit_short,638.9,hybrid_exit
trend_3bar,2026-03-27 14:49:00+00:00,SPY,enter_long,640.21,trend_3bar
trend_3bar,2026-03-27 14:50:00+00:00,SPY,exit_long,640.2,hybrid_exit
trend_3bar,2026-03-27 15:07:00+00:00,SPY,enter_short,640.27,trend_3bar
signal_open_cross,2026-01-26 20:13:00+00:00,SPY,enter_short,693.56,signal_open_cross
signal_open_cross,2026-01-26 20:22:00+00:00,SPY,enter_long,693.67,signal_open_cross
signal_open_cross,2026-01-26 20:50:00+00:00,SPY,exit_short,693.63,hybrid_exit
signal_open_cross,2026-01-27 14:40:00+00:00,SPY,exit_long,693.6,hybrid_exit
signal_open_cross,2026-01-27 14:50:00+00:00,SPY,enter_long,694.78,signal_open_cross
signal_open_cross,2026-01-27 16:00:00+00:00,SPY,exit_long,696.0,hybrid_exit
signal_open_cross,2026-01-27 16:30:00+00:00,SPY,enter_short,696.21,signal_open_cross
signal_open_cross,2026-01-27 17:50:00+00:00,SPY,exit_short,695.7,hybrid_exit
signal_open_cross,2026-01-27 18:15:00+00:00,SPY,enter_long,695.475,signal_open_cross
signal_open_cross,2026-01-27 19:00:00+00:00,SPY,exit_long,696.01,hybrid_exit
signal_open_cross,2026-01-27 19:40:00+00:00,SPY,enter_short,696.05,signal_open_cross
signal_open_cross,2026-01-27 20:20:00+00:00,SPY,exit_short,696.27,hybrid_exit
signal_open_cross,2026-01-27 20:40:00+00:00,SPY,enter_long,695.98,signal_open_cross
signal_open_cross,2026-01-28 14:40:00+00:00,SPY,exit_long,697.165,hybrid_exit
signal_open_cross,2026-01-28 14:59:00+00:00,SPY,enter_short,697.1,signal_open_cross
signal_open_cross,2026-01-28 15:20:00+00:00,SPY,exit_short,696.51,hybrid_exit
signal_open_cross,2026-01-28 15:34:00+00:00,SPY,enter_short,696.17,signal_open_cross
signal_open_cross,2026-01-28 17:00:00+00:00,SPY,exit_short,694.73,hybrid_exit
signal_open_cross,2026-01-28 17:03:00+00:00,SPY,enter_long,695.13,signal_open_cross
signal_open_cross,2026-01-28 17:23:00+00:00,SPY,enter_short,694.995,signal_open_cross
signal_open_cross,2026-01-28 18:00:00+00:00,SPY,exit_long,694.84,hybrid_exit
signal_open_cross,2026-01-28 18:00:00+00:00,SPY,exit_short,694.84,hybrid_exit
signal_open_cross,2026-01-28 18:30:00+00:00,SPY,enter_short,695.22,signal_open_cross
signal_open_cross,2026-01-28 18:50:00+00:00,SPY,enter_long,695.11,signal_open_cross
signal_open_cross,2026-01-28 19:10:00+00:00,SPY,exit_short,695.0,hybrid_exit
signal_open_cross,2026-01-28 19:40:00+00:00,SPY,exit_long,694.67,hybrid_exit
signal_open_cross,2026-01-28 20:00:00+00:00,SPY,enter_short,695.26,signal_open_cross
signal_open_cross,2026-01-29 14:50:00+00:00,SPY,exit_short,693.64,hybrid_exit
signal_open_cross,2026-01-29 15:00:00+00:00,SPY,enter_short,690.56,signal_open_cross
signal_open_cross,2026-01-29 15:40:00+00:00,SPY,exit_short,687.59,hybrid_exit
signal_open_cross,2026-01-29 16:10:00+00:00,SPY,enter_long,686.13,signal_open_cross
signal_open_cross,2026-01-29 17:30:00+00:00,SPY,exit_long,690.985,hybrid_exit
signal_open_cross,2026-01-29 17:40:00+00:00,SPY,enter_short,690.88,signal_open_cross
signal_open_cross,2026-01-29 18:00:00+00:00,SPY,exit_short,689.03,hybrid_exit
signal_open_cross,2026-01-29 18:05:00+00:00,SPY,enter_long,690.43,signal_open_cross
signal_open_cross,2026-01-30 14:30:00+00:00,SPY,exit_long,691.84,hybrid_exit
signal_open_cross,2026-01-30 14:30:00+00:00,SPY,enter_short,692.915,signal_open_cross
signal_open_cross,2026-01-30 15:10:00+00:00,SPY,exit_short,693.34,hybrid_exit
signal_open_cross,2026-01-30 15:21:00+00:00,SPY,enter_short,693.11,signal_open_cross
signal_open_cross,2026-01-30 15:40:00+00:00,SPY,exit_short,693.04,hybrid_exit
signal_open_cross,2026-01-30 15:53:00+00:00,SPY,enter_short,692.49,signal_open_cross
signal_open_cross,2026-01-30 17:10:00+00:00,SPY,exit_short,689.11,hybrid_exit
signal_open_cross,2026-01-30 17:20:00+00:00,SPY,enter_long,689.66,signal_open_cross
signal_open_cross,2026-01-30 19:00:00+00:00,SPY,exit_long,691.36,hybrid_exit
signal_open_cross,2026-01-30 19:22:00+00:00,SPY,enter_short,691.91,signal_open_cross
signal_open_cross,2026-01-30 19:53:00+00:00,SPY,enter_long,691.7,signal_open_cross
signal_open_cross,2026-01-30 20:00:00+00:00,SPY,exit_short,690.665,hybrid_exit
signal_open_cross,2026-02-02 17:20:00+00:00,SPY,exit_long,696.26,hybrid_exit
signal_open_cross,2026-02-02 17:20:00+00:00,SPY,enter_short,696.16,signal_open_cross
signal_open_cross,2026-02-02 18:30:00+00:00,SPY,exit_short,696.07,hybrid_exit
signal_open_cross,2026-02-02 19:00:00+00:00,SPY,enter_short,696.51,signal_open_cross
signal_open_cross,2026-02-02 20:10:00+00:00,SPY,exit_short,696.3,hybrid_exit
signal_open_cross,2026-02-02 20:20:00+00:00,SPY,enter_short,696.01,signal_open_cross
signal_open_cross,2026-02-03 15:10:00+00:00,SPY,exit_short,692.99,hybrid_exit
signal_open_cross,2026-02-03 15:20:00+00:00,SPY,enter_short,692.72,signal_open_cross
signal_open_cross,2026-02-03 15:30:00+00:00,SPY,exit_short,692.15,hybrid_exit
signal_open_cross,2026-02-03 15:40:00+00:00,SPY,enter_short,692.005,signal_open_cross
signal_open_cross,2026-02-03 18:40:00+00:00,SPY,exit_short,686.355,hybrid_exit
signal_open_cross,2026-02-03 19:11:00+00:00,SPY,enter_long,685.1,signal_open_cross
signal_open_cross,2026-02-03 19:30:00+00:00,SPY,exit_long,686.26,hybrid_exit
signal_open_cross,2026-02-03 19:40:00+00:00,SPY,enter_long,686.48,signal_open_cross
signal_open_cross,2026-02-04 14:40:00+00:00,SPY,exit_long,690.57,hybrid_exit
signal_open_cross,2026-02-04 14:40:00+00:00,SPY,enter_short,690.0,signal_open_cross
signal_open_cross,2026-02-04 15:10:00+00:00,SPY,exit_short,688.985,hybrid_exit
signal_open_cross,2026-02-04 15:22:00+00:00,SPY,enter_short,688.915,signal_open_cross
signal_open_cross,2026-02-04 17:00:00+00:00,SPY,exit_short,686.51,hybrid_exit
signal_open_cross,2026-02-04 17:10:00+00:00,SPY,enter_short,686.06,signal_open_cross
signal_open_cross,2026-02-04 17:40:00+00:00,SPY,exit_short,682.41,hybrid_exit
signal_open_cross,2026-02-04 17:52:00+00:00,SPY,enter_long,682.73,signal_open_cross
signal_open_cross,2026-02-04 19:50:00+00:00,SPY,exit_long,687.33,hybrid_exit
signal_open_cross,2026-02-04 20:10:00+00:00,SPY,enter_short,687.72,signal_open_cross
signal_open_cross,2026-02-05 14:40:00+00:00,SPY,exit_short,682.37,hybrid_exit
signal_open_cross,2026-02-05 14:51:00+00:00,SPY,enter_short,682.15,signal_open_cross
signal_open_cross,2026-02-05 15:10:00+00:00,SPY,exit_short,678.75,hybrid_exit
signal_open_cross,2026-02-05 15:40:00+00:00,SPY,enter_long,677.635,signal_open_cross
signal_open_cross,2026-02-05 16:40:00+00:00,SPY,exit_long,680.235,hybrid_exit
signal_open_cross,2026-02-05 17:03:00+00:00,SPY,enter_short,680.11,signal_open_cross
signal_open_cross,2026-02-05 18:30:00+00:00,SPY,exit_short,679.09,hybrid_exit
signal_open_cross,2026-02-05 19:02:00+00:00,SPY,enter_long,678.495,signal_open_cross
signal_open_cross,2026-02-05 19:30:00+00:00,SPY,exit_long,680.145,hybrid_exit
signal_open_cross,2026-02-05 20:01:00+00:00,SPY,enter_long,679.38,signal_open_cross
signal_open_cross,2026-02-06 15:00:00+00:00,SPY,exit_long,684.82,hybrid_exit
signal_open_cross,2026-02-06 15:10:00+00:00,SPY,enter_long,684.97,signal_open_cross
signal_open_cross,2026-02-06 18:20:00+00:00,SPY,exit_long,689.155,hybrid_exit
signal_open_cross,2026-02-06 18:31:00+00:00,SPY,enter_long,689.165,signal_open_cross
signal_open_cross,2026-02-09 14:30:00+00:00,SPY,exit_long,689.47,hybrid_exit
signal_open_cross,2026-02-09 14:40:00+00:00,SPY,enter_long,691.13,signal_open_cross
signal_open_cross,2026-02-09 15:30:00+00:00,SPY,exit_long,691.94,hybrid_exit
signal_open_cross,2026-02-09 15:40:00+00:00,SPY,enter_long,693.495,signal_open_cross
signal_open_cross,2026-02-09 17:00:00+00:00,SPY,exit_long,695.375,hybrid_exit
signal_open_cross,2026-02-09 17:10:00+00:00,SPY,enter_short,695.37,signal_open_cross
signal_open_cross,2026-02-09 18:00:00+00:00,SPY,exit_short,694.58,hybrid_exit
signal_open_cross,2026-02-09 18:20:00+00:00,SPY,enter_long,694.9,signal_open_cross
signal_open_cross,2026-02-09 19:30:00+00:00,SPY,exit_long,695.76,hybrid_exit
signal_open_cross,2026-02-09 19:40:00+00:00,SPY,enter_short,695.52,signal_open_cross
signal_open_cross,2026-02-09 20:40:00+00:00,SPY,exit_short,694.54,hybrid_exit
signal_open_cross,2026-02-09 20:40:00+00:00,SPY,enter_long,694.495,signal_open_cross
signal_open_cross,2026-02-10 14:40:00+00:00,SPY,exit_long,694.305,hybrid_exit
signal_open_cross,2026-02-10 14:50:00+00:00,SPY,enter_long,694.56,signal_open_cross
signal_open_cross,2026-02-10 15:00:00+00:00,SPY,exit_long,695.77,hybrid_exit
signal_open_cross,2026-02-10 15:13:00+00:00,SPY,enter_short,694.83,signal_open_cross
signal_open_cross,2026-02-10 16:20:00+00:00,SPY,exit_short,694.94,hybrid_exit
signal_open_cross,2026-02-10 17:22:00+00:00,SPY,enter_short,695.13,signal_open_cross
signal_open_cross,2026-02-10 18:40:00+00:00,SPY,exit_short,693.675,hybrid_exit
signal_open_cross,2026-02-10 19:40:00+00:00,SPY,enter_short,693.87,signal_open_cross
signal_open_cross,2026-02-11 14:30:00+00:00,SPY,exit_short,696.435,hybrid_exit
signal_open_cross,2026-02-11 14:30:00+00:00,SPY,enter_long,696.92,signal_open_cross
signal_open_cross,2026-02-11 14:40:00+00:00,SPY,exit_long,695.19,hybrid_exit
signal_open_cross,2026-02-11 14:40:00+00:00,SPY,enter_short,695.53,signal_open_cross
signal_open_cross,2026-02-11 15:20:00+00:00,SPY,exit_short,690.79,hybrid_exit
signal_open_cross,2026-02-11 15:35:00+00:00,SPY,enter_long,691.02,signal_open_cross
signal_open_cross,2026-02-11 16:30:00+00:00,SPY,exit_long,691.74,hybrid_exit
signal_open_cross,2026-02-11 17:10:00+00:00,SPY,enter_long,692.28,signal_open_cross
signal_open_cross,2026-02-11 17:40:00+00:00,SPY,enter_short,693.535,signal_open_cross
signal_open_cross,2026-02-11 17:50:00+00:00,SPY,exit_long,693.73,hybrid_exit
signal_open_cross,2026-02-11 18:20:00+00:00,SPY,exit_short,692.05,hybrid_exit
signal_open_cross,2026-02-11 18:22:00+00:00,SPY,enter_long,692.225,signal_open_cross
signal_open_cross,2026-02-11 19:20:00+00:00,SPY,exit_long,693.365,hybrid_exit
signal_open_cross,2026-02-11 19:40:00+00:00,SPY,enter_short,693.59,signal_open_cross
signal_open_cross,2026-02-11 20:20:00+00:00,SPY,exit_short,692.71,hybrid_exit
signal_open_cross,2026-02-11 20:50:00+00:00,SPY,enter_short,692.315,signal_open_cross
signal_open_cross,2026-02-12 14:30:00+00:00,SPY,enter_long,694.29,signal_open_cross
signal_open_cross,2026-02-12 14:40:00+00:00,SPY,exit_long,694.82,hybrid_exit
signal_open_cross,2026-02-12 16:30:00+00:00,SPY,exit_short,683.6,hybrid_exit
signal_open_cross,2026-02-12 16:36:00+00:00,SPY,enter_long,685.79,signal_open_cross
signal_open_cross,2026-02-12 16:40:00+00:00,SPY,exit_long,685.58,hybrid_exit
signal_open_cross,2026-02-12 17:10:00+00:00,SPY,enter_short,684.18,signal_open_cross
signal_open_cross,2026-02-12 17:23:00+00:00,SPY,enter_long,684.99,signal_open_cross
signal_open_cross,2026-02-12 17:40:00+00:00,SPY,exit_long,684.89,hybrid_exit
signal_open_cross,2026-02-12 18:10:00+00:00,SPY,enter_long,683.34,signal_open_cross
signal_open_cross,2026-02-12 18:10:00+00:00,SPY,exit_short,683.34,hybrid_exit
signal_open_cross,2026-02-12 19:00:00+00:00,SPY,exit_long,684.855,hybrid_exit
signal_open_cross,2026-02-12 19:10:00+00:00,SPY,enter_short,684.47,signal_open_cross
signal_open_cross,2026-02-13 14:30:00+00:00,SPY,exit_short,681.695,hybrid_exit
signal_open_cross,2026-02-13 14:31:00+00:00,SPY,enter_long,682.07,signal_open_cross
signal_open_cross,2026-02-13 15:40:00+00:00,SPY,exit_long,682.86,hybrid_exit
signal_open_cross,2026-02-13 15:55:00+00:00,SPY,enter_long,682.98,signal_open_cross
signal_open_cross,2026-02-13 17:10:00+00:00,SPY,exit_long,685.2,hybrid_exit
signal_open_cross,2026-02-13 17:50:00+00:00,SPY,enter_short,685.88,signal_open_cross
signal_open_cross,2026-02-13 20:50:00+00:00,SPY,exit_short,681.18,hybrid_exit
signal_open_cross,2026-02-17 14:30:00+00:00,SPY,enter_short,680.5,signal_open_cross
signal_open_cross,2026-02-17 15:00:00+00:00,SPY,exit_short,676.42,hybrid_exit
signal_open_cross,2026-02-17 15:10:00+00:00,SPY,enter_long,677.465,signal_open_cross
signal_open_cross,2026-02-17 16:20:00+00:00,SPY,exit_long,682.76,hybrid_exit
signal_open_cross,2026-02-17 17:00:00+00:00,SPY,enter_short,681.92,signal_open_cross
signal_open_cross,2026-02-17 17:29:00+00:00,SPY,enter_long,682.1,signal_open_cross
signal_open_cross,2026-02-17 17:30:00+00:00,SPY,exit_short,682.11,hybrid_exit
signal_open_cross,2026-02-17 19:00:00+00:00,SPY,exit_long,684.06,hybrid_exit
signal_open_cross,2026-02-17 19:10:00+00:00,SPY,enter_short,683.845,signal_open_cross
signal_open_cross,2026-02-17 20:10:00+00:00,SPY,exit_short,683.39,hybrid_exit
signal_open_cross,2026-02-17 20:16:00+00:00,SPY,enter_long,683.61,signal_open_cross
signal_open_cross,2026-02-18 15:10:00+00:00,SPY,exit_long,687.48,hybrid_exit
signal_open_cross,2026-02-18 15:30:00+00:00,SPY,enter_short,687.6,signal_open_cross
signal_open_cross,2026-02-18 16:20:00+00:00,SPY,exit_short,688.13,hybrid_exit
signal_open_cross,2026-02-18 16:49:00+00:00,SPY,enter_short,688.06,signal_open_cross
signal_open_cross,2026-02-18 17:04:00+00:00,SPY,enter_long,688.155,signal_open_cross
signal_open_cross,2026-02-18 17:20:00+00:00,SPY,exit_long,688.58,hybrid_exit
signal_open_cross,2026-02-18 20:00:00+00:00,SPY,exit_short,684.62,hybrid_exit
signal_open_cross,2026-02-18 20:02:00+00:00,SPY,enter_long,685.27,signal_open_cross
signal_open_cross,2026-02-18 20:50:00+00:00,SPY,exit_long,686.47,hybrid_exit
signal_open_cross,2026-02-19 14:30:00+00:00,SPY,enter_short,684.25,signal_open_cross
signal_open_cross,2026-02-19 14:40:00+00:00,SPY,exit_short,683.68,hybrid_exit
signal_open_cross,2026-02-19 14:43:00+00:00,SPY,enter_long,683.86,signal_open_cross
signal_open_cross,2026-02-19 15:00:00+00:00,SPY,exit_long,684.9,hybrid_exit
signal_open_cross,2026-02-19 15:21:00+00:00,SPY,enter_short,684.36,signal_open_cross
signal_open_cross,2026-02-19 15:32:00+00:00,SPY,enter_long,685.28,signal_open_cross
signal_open_cross,2026-02-19 15:40:00+00:00,SPY,exit_long,685.43,hybrid_exit
signal_open_cross,2026-02-19 17:14:00+00:00,SPY,enter_long,683.55,signal_open_cross
signal_open_cross,2026-02-19 17:20:00+00:00,SPY,exit_long,684.08,hybrid_exit
signal_open_cross,2026-02-19 18:00:00+00:00,SPY,exit_short,682.42,hybrid_exit
signal_open_cross,2026-02-19 18:10:00+00:00,SPY,enter_long,682.66,signal_open_cross
signal_open_cross,2026-02-19 19:00:00+00:00,SPY,exit_long,683.73,hybrid_exit
signal_open_cross,2026-02-19 19:11:00+00:00,SPY,enter_short,683.64,signal_open_cross
signal_open_cross,2026-02-19 19:50:00+00:00,SPY,exit_short,682.53,hybrid_exit
signal_open_cross,2026-02-19 19:50:00+00:00,SPY,enter_long,682.72,signal_open_cross
signal_open_cross,2026-02-20 14:50:00+00:00,SPY,exit_long,684.26,hybrid_exit
signal_open_cross,2026-02-20 15:00:00+00:00,SPY,enter_long,685.565,signal_open_cross
signal_open_cross,2026-02-20 15:10:00+00:00,SPY,exit_long,687.035,hybrid_exit
signal_open_cross,2026-02-20 15:21:00+00:00,SPY,enter_long,687.51,signal_open_cross
signal_open_cross,2026-02-20 15:50:00+00:00,SPY,exit_long,688.17,hybrid_exit
signal_open_cross,2026-02-20 16:10:00+00:00,SPY,enter_short,688.19,signal_open_cross
signal_open_cross,2026-02-20 16:38:00+00:00,SPY,enter_long,687.67,signal_open_cross
signal_open_cross,2026-02-20 16:40:00+00:00,SPY,exit_long,688.12,hybrid_exit
signal_open_cross,2026-02-20 17:20:00+00:00,SPY,exit_short,685.08,hybrid_exit
signal_open_cross,2026-02-20 17:30:00+00:00,SPY,enter_long,685.665,signal_open_cross
signal_open_cross,2026-02-20 18:50:00+00:00,SPY,exit_long,689.1,hybrid_exit
signal_open_cross,2026-02-20 19:06:00+00:00,SPY,enter_short,689.03,signal_open_cross
signal_open_cross,2026-02-20 19:40:00+00:00,SPY,exit_short,688.61,hybrid_exit
signal_open_cross,2026-02-20 20:20:00+00:00,SPY,enter_short,688.61,signal_open_cross
signal_open_cross,2026-02-23 16:10:00+00:00,SPY,exit_short,681.15,hybrid_exit
signal_open_cross,2026-02-23 16:20:00+00:00,SPY,enter_long,681.82,signal_open_cross
signal_open_cross,2026-02-23 17:00:00+00:00,SPY,exit_long,681.96,hybrid_exit
signal_open_cross,2026-02-23 17:50:00+00:00,SPY,enter_long,681.34,signal_open_cross
signal_open_cross,2026-02-23 18:20:00+00:00,SPY,exit_long,683.13,hybrid_exit
signal_open_cross,2026-02-23 18:40:00+00:00,SPY,enter_short,683.32,signal_open_cross
signal_open_cross,2026-02-23 19:20:00+00:00,SPY,exit_short,681.755,hybrid_exit
signal_open_cross,2026-02-23 19:48:00+00:00,SPY,enter_long,681.39,signal_open_cross
signal_open_cross,2026-02-24 14:50:00+00:00,SPY,exit_long,684.9,hybrid_exit
signal_open_cross,2026-02-24 15:10:00+00:00,SPY,enter_long,683.7,signal_open_cross
signal_open_cross,2026-02-24 15:50:00+00:00,SPY,exit_long,686.0,hybrid_exit
signal_open_cross,2026-02-24 16:02:00+00:00,SPY,enter_long,686.09,signal_open_cross
signal_open_cross,2026-02-24 17:30:00+00:00,SPY,exit_long,687.45,hybrid_exit
signal_open_cross,2026-02-24 17:40:00+00:00,SPY,enter_short,687.32,signal_open_cross
signal_open_cross,2026-02-24 18:30:00+00:00,SPY,exit_short,687.04,hybrid_exit
signal_open_cross,2026-02-24 18:58:00+00:00,SPY,enter_short,687.65,signal_open_cross
signal_open_cross,2026-02-24 19:30:00+00:00,SPY,exit_short,686.89,hybrid_exit
signal_open_cross,2026-02-24 19:31:00+00:00,SPY,enter_long,687.05,signal_open_cross
signal_open_cross,2026-02-24 21:00:00+00:00,SPY,exit_long,687.45,hybrid_exit
signal_open_cross,2026-02-25 14:30:00+00:00,SPY,enter_long,691.08,signal_open_cross
signal_open_cross,2026-02-25 14:40:00+00:00,SPY,exit_long,691.19,hybrid_exit
signal_open_cross,2026-02-25 14:56:00+00:00,SPY,enter_short,691.18,signal_open_cross
signal_open_cross,2026-02-25 15:30:00+00:00,SPY,exit_short,691.13,hybrid_exit
signal_open_cross,2026-02-25 15:50:00+00:00,SPY,enter_long,690.58,signal_open_cross
signal_open_cross,2026-02-25 17:00:00+00:00,SPY,exit_long,692.02,hybrid_exit
signal_open_cross,2026-02-25 17:29:00+00:00,SPY,enter_short,691.98,signal_open_cross
signal_open_cross,2026-02-25 17:37:00+00:00,SPY,enter_long,692.27,signal_open_cross
signal_open_cross,2026-02-25 18:00:00+00:00,SPY,exit_short,692.54,hybrid_exit
signal_open_cross,2026-02-25 19:20:00+00:00,SPY,exit_long,693.0,hybrid_exit
signal_open_cross,2026-02-25 19:51:00+00:00,SPY,enter_short,693.15,signal_open_cross
signal_open_cross,2026-02-26 14:40:00+00:00,SPY,exit_short,692.165,hybrid_exit
signal_open_cross,2026-02-26 14:50:00+00:00,SPY,enter_short,691.14,signal_open_cross
signal_open_cross,2026-02-26 15:10:00+00:00,SPY,exit_short,690.025,hybrid_exit
signal_open_cross,2026-02-26 15:40:00+00:00,SPY,enter_long,686.66,signal_open_cross
signal_open_cross,2026-02-26 16:00:00+00:00,SPY,exit_long,687.685,hybrid_exit
signal_open_cross,2026-02-26 16:36:00+00:00,SPY,enter_short,687.8,signal_open_cross
signal_open_cross,2026-02-26 17:10:00+00:00,SPY,exit_short,686.76,hybrid_exit
signal_open_cross,2026-02-26 17:30:00+00:00,SPY,enter_long,686.43,signal_open_cross
signal_open_cross,2026-02-26 19:20:00+00:00,SPY,exit_long,688.89,hybrid_exit
signal_open_cross,2026-02-26 19:30:00+00:00,SPY,enter_short,688.725,signal_open_cross
signal_open_cross,2026-02-27 14:40:00+00:00,SPY,exit_short,684.06,hybrid_exit
signal_open_cross,2026-02-27 15:01:00+00:00,SPY,enter_long,683.715,signal_open_cross
signal_open_cross,2026-02-27 15:50:00+00:00,SPY,exit_long,685.135,hybrid_exit
signal_open_cross,2026-02-27 16:08:00+00:00,SPY,enter_short,685.08,signal_open_cross
signal_open_cross,2026-02-27 17:30:00+00:00,SPY,exit_short,684.14,hybrid_exit
signal_open_cross,2026-02-27 18:10:00+00:00,SPY,enter_short,684.07,signal_open_cross
signal_open_cross,2026-02-27 18:50:00+00:00,SPY,exit_short,683.75,hybrid_exit
signal_open_cross,2026-02-27 19:13:00+00:00,SPY,enter_long,684.18,signal_open_cross
signal_open_cross,2026-02-27 20:20:00+00:00,SPY,exit_long,685.57,hybrid_exit
signal_open_cross,2026-02-27 20:34:00+00:00,SPY,enter_short,685.38,signal_open_cross
signal_open_cross,2026-03-02 14:40:00+00:00,SPY,exit_short,681.0,hybrid_exit
signal_open_cross,2026-03-02 14:40:00+00:00,SPY,enter_long,681.12,signal_open_cross
signal_open_cross,2026-03-02 15:30:00+00:00,SPY,exit_long,683.37,hybrid_exit
signal_open_cross,2026-03-02 15:40:00+00:00,SPY,enter_long,683.59,signal_open_cross
signal_open_cross,2026-03-02 17:00:00+00:00,SPY,exit_long,686.25,hybrid_exit
signal_open_cross,2026-03-02 17:30:00+00:00,SPY,enter_short,686.44,signal_open_cross
signal_open_cross,2026-03-02 18:20:00+00:00,SPY,exit_short,686.59,hybrid_exit
signal_open_cross,2026-03-02 19:06:00+00:00,SPY,enter_long,685.85,signal_open_cross
signal_open_cross,2026-03-02 19:40:00+00:00,SPY,exit_long,688.31,hybrid_exit
signal_open_cross,2026-03-02 19:42:00+00:00,SPY,enter_short,688.18,signal_open_cross
signal_open_cross,2026-03-02 20:20:00+00:00,SPY,exit_short,686.08,hybrid_exit
signal_open_cross,2026-03-02 20:30:00+00:00,SPY,enter_short,685.56,signal_open_cross
signal_open_cross,2026-03-03 14:40:00+00:00,SPY,exit_short,675.78,hybrid_exit
signal_open_cross,2026-03-03 14:40:00+00:00,SPY,enter_long,675.63,signal_open_cross
signal_open_cross,2026-03-03 17:00:00+00:00,SPY,exit_long,677.57,hybrid_exit
signal_open_cross,2026-03-03 17:19:00+00:00,SPY,enter_long,677.57,signal_open_cross
signal_open_cross,2026-03-03 18:50:00+00:00,SPY,exit_long,681.4,hybrid_exit
signal_open_cross,2026-03-03 19:00:00+00:00,SPY,enter_short,681.23,signal_open_cross
signal_open_cross,2026-03-03 19:40:00+00:00,SPY,exit_short,680.82,hybrid_exit
signal_open_cross,2026-03-03 20:00:00+00:00,SPY,enter_short,680.94,signal_open_cross
signal_open_cross,2026-03-03 20:30:00+00:00,SPY,enter_long,680.97,signal_open_cross
signal_open_cross,2026-03-03 20:40:00+00:00,SPY,exit_short,680.66,hybrid_exit
signal_open_cross,2026-03-04 15:40:00+00:00,SPY,exit_long,684.63,hybrid_exit
signal_open_cross,2026-03-04 16:10:00+00:00,SPY,enter_short,685.255,signal_open_cross
signal_open_cross,2026-03-04 16:30:00+00:00,SPY,exit_short,685.185,hybrid_exit
signal_open_cross,2026-03-04 16:30:00+00:00,SPY,enter_long,685.23,signal_open_cross
signal_open_cross,2026-03-04 17:10:00+00:00,SPY,exit_long,686.08,hybrid_exit
signal_open_cross,2026-03-04 17:39:00+00:00,SPY,enter_long,686.05,signal_open_cross
signal_open_cross,2026-03-04 18:10:00+00:00,SPY,exit_long,686.22,hybrid_exit
signal_open_cross,2026-03-04 18:30:00+00:00,SPY,enter_long,686.45,signal_open_cross
signal_open_cross,2026-03-04 19:00:00+00:00,SPY,exit_long,686.57,hybrid_exit
signal_open_cross,2026-03-04 19:20:00+00:00,SPY,enter_short,686.73,signal_open_cross
signal_open_cross,2026-03-05 14:40:00+00:00,SPY,exit_short,683.63,hybrid_exit
signal_open_cross,2026-03-05 14:50:00+00:00,SPY,enter_short,683.37,signal_open_cross
signal_open_cross,2026-03-05 15:40:00+00:00,SPY,exit_short,681.3,hybrid_exit
signal_open_cross,2026-03-05 16:03:00+00:00,SPY,enter_short,681.19,signal_open_cross
signal_open_cross,2026-03-05 17:40:00+00:00,SPY,exit_short,678.09,hybrid_exit
signal_open_cross,2026-03-05 18:30:00+00:00,SPY,enter_long,676.51,signal_open_cross
signal_open_cross,2026-03-05 20:00:00+00:00,SPY,exit_long,677.1,hybrid_exit
signal_open_cross,2026-03-06 14:30:00+00:00,SPY,enter_short,672.76,signal_open_cross
signal_open_cross,2026-03-06 14:40:00+00:00,SPY,exit_short,671.06,hybrid_exit
signal_open_cross,2026-03-06 14:51:00+00:00,SPY,enter_long,671.77,signal_open_cross
signal_open_cross,2026-03-06 15:40:00+00:00,SPY,exit_long,675.5,hybrid_exit
signal_open_cross,2026-03-06 15:46:00+00:00,SPY,enter_short,674.01,signal_open_cross
signal_open_cross,2026-03-06 17:20:00+00:00,SPY,exit_short,674.43,hybrid_exit
signal_open_cross,2026-03-06 17:50:00+00:00,SPY,enter_long,673.88,signal_open_cross
signal_open_cross,2026-03-06 18:30:00+00:00,SPY,exit_long,674.55,hybrid_exit
signal_open_cross,2026-03-06 18:50:00+00:00,SPY,enter_short,674.13,signal_open_cross
signal_open_cross,2026-03-09 13:50:00+00:00,SPY,exit_short,663.68,hybrid_exit
signal_open_cross,2026-03-09 14:00:00+00:00,SPY,enter_long,664.24,signal_open_cross
signal_open_cross,2026-03-09 16:20:00+00:00,SPY,exit_long,670.0,hybrid_exit
signal_open_cross,2026-03-09 17:00:00+00:00,SPY,enter_short,671.03,signal_open_cross
signal_open_cross,2026-03-09 17:40:00+00:00,SPY,exit_short,668.5,hybrid_exit
signal_open_cross,2026-03-09 17:50:00+00:00,SPY,enter_long,668.58,signal_open_cross
signal_open_cross,2026-03-09 19:40:00+00:00,SPY,exit_long,679.16,hybrid_exit
signal_open_cross,2026-03-09 19:41:00+00:00,SPY,enter_short,677.3,signal_open_cross
signal_open_cross,2026-03-10 13:40:00+00:00,SPY,exit_short,677.04,hybrid_exit
signal_open_cross,2026-03-10 13:50:00+00:00,SPY,enter_long,677.24,signal_open_cross
signal_open_cross,2026-03-10 15:00:00+00:00,SPY,exit_long,681.1,hybrid_exit
signal_open_cross,2026-03-10 15:10:00+00:00,SPY,enter_short,680.43,signal_open_cross
signal_open_cross,2026-03-10 16:00:00+00:00,SPY,exit_short,681.4,hybrid_exit
signal_open_cross,2026-03-10 16:20:00+00:00,SPY,enter_long,680.82,signal_open_cross
signal_open_cross,2026-03-10 17:00:00+00:00,SPY,exit_long,681.45,hybrid_exit
signal_open_cross,2026-03-10 17:33:00+00:00,SPY,enter_short,682.31,signal_open_cross
signal_open_cross,2026-03-10 18:30:00+00:00,SPY,exit_short,679.42,hybrid_exit
signal_open_cross,2026-03-10 18:40:00+00:00,SPY,enter_short,678.92,signal_open_cross
signal_open_cross,2026-03-10 19:50:00+00:00,SPY,exit_short,676.78,hybrid_exit
signal_open_cross,2026-03-11 13:43:00+00:00,SPY,enter_short,677.48,signal_open_cross
signal_open_cross,2026-03-11 15:40:00+00:00,SPY,exit_short,674.875,hybrid_exit
signal_open_cross,2026-03-11 15:55:00+00:00,SPY,enter_long,674.915,signal_open_cross
signal_open_cross,2026-03-11 16:50:00+00:00,SPY,exit_long,675.34,hybrid_exit
signal_open_cross,2026-03-11 17:10:00+00:00,SPY,enter_short,675.96,signal_open_cross
signal_open_cross,2026-03-11 17:40:00+00:00,SPY,exit_short,674.64,hybrid_exit
signal_open_cross,2026-03-11 18:50:00+00:00,SPY,enter_short,674.905,signal_open_cross
signal_open_cross,2026-03-12 13:40:00+00:00,SPY,exit_short,671.28,hybrid_exit
signal_open_cross,2026-03-12 13:50:00+00:00,SPY,enter_short,670.49,signal_open_cross
signal_open_cross,2026-03-12 14:30:00+00:00,SPY,exit_short,668.04,hybrid_exit
signal_open_cross,2026-03-12 14:43:00+00:00,SPY,enter_long,668.42,signal_open_cross
signal_open_cross,2026-03-12 15:40:00+00:00,SPY,exit_long,669.73,hybrid_exit
signal_open_cross,2026-03-12 15:50:00+00:00,SPY,enter_short,669.385,signal_open_cross
signal_open_cross,2026-03-12 16:15:00+00:00,SPY,enter_long,669.44,signal_open_cross
signal_open_cross,2026-03-12 16:20:00+00:00,SPY,exit_long,669.8,hybrid_exit
signal_open_cross,2026-03-12 18:50:00+00:00,SPY,exit_short,667.49,hybrid_exit
signal_open_cross,2026-03-12 19:00:00+00:00,SPY,enter_long,667.65,signal_open_cross
signal_open_cross,2026-03-12 19:40:00+00:00,SPY,exit_long,667.915,hybrid_exit
signal_open_cross,2026-03-13 13:30:00+00:00,SPY,enter_long,670.065,signal_open_cross
signal_open_cross,2026-03-13 13:40:00+00:00,SPY,exit_long,670.39,hybrid_exit
signal_open_cross,2026-03-13 14:00:00+00:00,SPY,enter_short,671.05,signal_open_cross
signal_open_cross,2026-03-13 15:10:00+00:00,SPY,exit_short,666.21,hybrid_exit
signal_open_cross,2026-03-13 15:20:00+00:00,SPY,enter_short,665.9,signal_open_cross
signal_open_cross,2026-03-13 16:00:00+00:00,SPY,exit_short,663.5,hybrid_exit
signal_open_cross,2026-03-13 16:07:00+00:00,SPY,enter_long,664.605,signal_open_cross
signal_open_cross,2026-03-13 16:40:00+00:00,SPY,exit_long,664.27,hybrid_exit
signal_open_cross,2026-03-13 16:44:00+00:00,SPY,enter_short,663.75,signal_open_cross
signal_open_cross,2026-03-13 18:00:00+00:00,SPY,exit_short,662.7,hybrid_exit
signal_open_cross,2026-03-13 18:00:00+00:00,SPY,enter_long,662.825,signal_open_cross
signal_open_cross,2026-03-16 14:10:00+00:00,SPY,exit_long,670.8,hybrid_exit
signal_open_cross,2026-03-16 14:12:00+00:00,SPY,enter_short,670.52,signal_open_cross
signal_open_cross,2026-03-16 14:50:00+00:00,SPY,exit_short,668.02,hybrid_exit
signal_open_cross,2026-03-16 14:51:00+00:00,SPY,enter_long,668.54,signal_open_cross
signal_open_cross,2026-03-16 15:10:00+00:00,SPY,exit_long,669.17,hybrid_exit
signal_open_cross,2026-03-16 15:41:00+00:00,SPY,enter_short,669.82,signal_open_cross
signal_open_cross,2026-03-16 16:20:00+00:00,SPY,exit_short,668.67,hybrid_exit
signal_open_cross,2026-03-16 16:40:00+00:00,SPY,enter_long,668.22,signal_open_cross
signal_open_cross,2026-03-16 18:20:00+00:00,SPY,exit_long,669.81,hybrid_exit
signal_open_cross,2026-03-16 18:40:00+00:00,SPY,enter_long,669.93,signal_open_cross
signal_open_cross,2026-03-16 19:20:00+00:00,SPY,exit_long,669.42,hybrid_exit
signal_open_cross,2026-03-16 19:55:00+00:00,SPY,enter_long,669.0,signal_open_cross
signal_open_cross,2026-03-17 13:40:00+00:00,SPY,exit_long,673.885,hybrid_exit
signal_open_cross,2026-03-17 13:52:00+00:00,SPY,enter_short,673.805,signal_open_cross
signal_open_cross,2026-03-17 14:20:00+00:00,SPY,exit_short,672.565,hybrid_exit
signal_open_cross,2026-03-17 14:31:00+00:00,SPY,enter_short,672.41,signal_open_cross
signal_open_cross,2026-03-17 15:40:00+00:00,SPY,exit_short,670.68,hybrid_exit
signal_open_cross,2026-03-17 16:11:00+00:00,SPY,enter_long,671.19,signal_open_cross
signal_open_cross,2026-03-17 17:20:00+00:00,SPY,exit_long,671.4,hybrid_exit
signal_open_cross,2026-03-17 17:43:00+00:00,SPY,enter_short,671.34,signal_open_cross
signal_open_cross,2026-03-18 13:40:00+00:00,SPY,exit_short,669.07,hybrid_exit
signal_open_cross,2026-03-18 13:51:00+00:00,SPY,enter_short,668.63,signal_open_cross
signal_open_cross,2026-03-18 14:30:00+00:00,SPY,exit_short,665.98,hybrid_exit
signal_open_cross,2026-03-18 14:40:00+00:00,SPY,enter_long,666.04,signal_open_cross
signal_open_cross,2026-03-18 15:10:00+00:00,SPY,exit_long,667.96,hybrid_exit
signal_open_cross,2026-03-18 15:18:00+00:00,SPY,enter_short,667.06,signal_open_cross
signal_open_cross,2026-03-18 18:30:00+00:00,SPY,exit_short,665.94,hybrid_exit
signal_open_cross,2026-03-18 18:40:00+00:00,SPY,enter_short,664.64,signal_open_cross
signal_open_cross,2026-03-19 13:40:00+00:00,SPY,exit_short,656.23,hybrid_exit
signal_open_cross,2026-03-19 13:41:00+00:00,SPY,enter_long,657.32,signal_open_cross
signal_open_cross,2026-03-19 14:00:00+00:00,SPY,exit_long,658.64,hybrid_exit
signal_open_cross,2026-03-19 14:10:00+00:00,SPY,enter_short,658.415,signal_open_cross
signal_open_cross,2026-03-19 14:30:00+00:00,SPY,exit_short,656.33,hybrid_exit
signal_open_cross,2026-03-19 14:32:00+00:00,SPY,enter_long,657.72,signal_open_cross
signal_open_cross,2026-03-19 15:00:00+00:00,SPY,exit_long,657.78,hybrid_exit
signal_open_cross,2026-03-19 15:20:00+00:00,SPY,enter_short,657.765,signal_open_cross
signal_open_cross,2026-03-19 15:50:00+00:00,SPY,exit_short,657.02,hybrid_exit
signal_open_cross,2026-03-19 16:13:00+00:00,SPY,enter_short,657.8,signal_open_cross
signal_open_cross,2026-03-19 17:20:00+00:00,SPY,exit_short,656.8,hybrid_exit
signal_open_cross,2026-03-19 17:20:00+00:00,SPY,enter_long,656.685,signal_open_cross
signal_open_cross,2026-03-19 19:00:00+00:00,SPY,exit_long,658.415,hybrid_exit
signal_open_cross,2026-03-19 19:20:00+00:00,SPY,enter_short,660.925,signal_open_cross
signal_open_cross,2026-03-20 14:10:00+00:00,SPY,exit_short,653.09,hybrid_exit
signal_open_cross,2026-03-20 14:30:00+00:00,SPY,enter_long,652.34,signal_open_cross
signal_open_cross,2026-03-20 15:10:00+00:00,SPY,exit_long,652.19,hybrid_exit
signal_open_cross,2026-03-20 15:31:00+00:00,SPY,enter_long,652.08,signal_open_cross
signal_open_cross,2026-03-20 16:00:00+00:00,SPY,exit_long,652.96,hybrid_exit
signal_open_cross,2026-03-20 16:26:00+00:00,SPY,enter_short,653.0,signal_open_cross
signal_open_cross,2026-03-20 18:30:00+00:00,SPY,exit_short,649.4,hybrid_exit
signal_open_cross,2026-03-20 19:00:00+00:00,SPY,enter_long,648.45,signal_open_cross
signal_open_cross,2026-03-23 14:10:00+00:00,SPY,exit_long,659.56,hybrid_exit
signal_open_cross,2026-03-23 14:10:00+00:00,SPY,enter_short,659.44,signal_open_cross
signal_open_cross,2026-03-23 16:10:00+00:00,SPY,exit_short,656.77,hybrid_exit
signal_open_cross,2026-03-23 16:40:00+00:00,SPY,enter_long,655.77,signal_open_cross
signal_open_cross,2026-03-23 18:10:00+00:00,SPY,exit_long,657.45,hybrid_exit
signal_open_cross,2026-03-23 18:50:00+00:00,SPY,enter_short,658.9,signal_open_cross
signal_open_cross,2026-03-24 13:40:00+00:00,SPY,exit_short,651.22,hybrid_exit
signal_open_cross,2026-03-24 13:46:00+00:00,SPY,enter_long,651.57,signal_open_cross
signal_open_cross,2026-03-24 15:00:00+00:00,SPY,exit_long,653.95,hybrid_exit
signal_open_cross,2026-03-24 15:32:00+00:00,SPY,enter_short,655.55,signal_open_cross
signal_open_cross,2026-03-24 17:20:00+00:00,SPY,exit_short,652.79,hybrid_exit
signal_open_cross,2026-03-24 17:20:00+00:00,SPY,enter_long,653.07,signal_open_cross
signal_open_cross,2026-03-24 18:50:00+00:00,SPY,exit_long,655.02,hybrid_exit
signal_open_cross,2026-03-25 13:30:00+00:00,SPY,enter_long,659.51,signal_open_cross
signal_open_cross,2026-03-25 13:40:00+00:00,SPY,exit_long,659.88,hybrid_exit
signal_open_cross,2026-03-25 14:40:00+00:00,SPY,enter_short,658.09,signal_open_cross
signal_open_cross,2026-03-25 15:20:00+00:00,SPY,exit_short,655.15,hybrid_exit
signal_open_cross,2026-03-25 15:29:00+00:00,SPY,enter_long,657.845,signal_open_cross
signal_open_cross,2026-03-25 15:30:00+00:00,SPY,exit_long,657.87,hybrid_exit
signal_open_cross,2026-03-25 15:50:00+00:00,SPY,enter_long,657.06,signal_open_cross
signal_open_cross,2026-03-25 16:40:00+00:00,SPY,exit_long,658.055,hybrid_exit
signal_open_cross,2026-03-25 16:47:00+00:00,SPY,enter_short,657.5,signal_open_cross
signal_open_cross,2026-03-25 17:20:00+00:00,SPY,exit_short,657.24,hybrid_exit
signal_open_cross,2026-03-25 17:50:00+00:00,SPY,enter_short,658.065,signal_open_cross
signal_open_cross,2026-03-26 13:40:00+00:00,SPY,exit_short,650.79,hybrid_exit
signal_open_cross,2026-03-26 13:43:00+00:00,SPY,enter_long,652.31,signal_open_cross
signal_open_cross,2026-03-26 14:00:00+00:00,SPY,exit_long,654.47,hybrid_exit
signal_open_cross,2026-03-26 14:10:00+00:00,SPY,enter_short,653.84,signal_open_cross
signal_open_cross,2026-03-26 15:00:00+00:00,SPY,exit_short,652.31,hybrid_exit
signal_open_cross,2026-03-26 15:13:00+00:00,SPY,enter_short,652.28,signal_open_cross
signal_open_cross,2026-03-27 13:40:00+00:00,SPY,exit_short,640.925,hybrid_exit
signal_open_cross,2026-03-27 13:51:00+00:00,SPY,enter_short,640.57,signal_open_cross
signal_open_cross,2026-03-27 14:40:00+00:00,SPY,exit_short,638.9,hybrid_exit
signal_open_cross,2026-03-27 14:47:00+00:00,SPY,enter_long,639.41,signal_open_cross
signal_open_cross,2026-03-27 14:50:00+00:00,SPY,exit_long,640.2,hybrid_exit
signal_open_cross,2026-03-27 15:00:00+00:00,SPY,enter_short,640.11,signal_open_cross
signal_close_cross,2026-01-26 20:10:00+00:00,SPY,enter_short,693.68,signal_close_cross
signal_close_cross,2026-01-26 20:21:00+00:00,SPY,enter_long,693.58,signal_close_cross
signal_close_cross,2026-01-26 20:50:00+00:00,SPY,exit_short,693.63,hybrid_exit
signal_close_cross,2026-01-27 14:40:00+00:00,SPY,exit_long,693.6,hybrid_exit
signal_close_cross,2026-01-27 14:50:00+00:00,SPY,enter_long,694.78,signal_close_cross
signal_close_cross,2026-01-27 16:00:00+00:00,SPY,exit_long,696.0,hybrid_exit
signal_close_cross,2026-01-27 16:20:00+00:00,SPY,enter_short,696.415,signal_close_cross
signal_close_cross,2026-01-27 17:50:00+00:00,SPY,exit_short,695.7,hybrid_exit
signal_close_cross,2026-01-27 18:11:00+00:00,SPY,enter_long,695.1,signal_close_cross
signal_close_cross,2026-01-27 19:00:00+00:00,SPY,exit_long,696.01,hybrid_exit
signal_close_cross,2026-01-27 19:40:00+00:00,SPY,enter_short,696.05,signal_close_cross
signal_close_cross,2026-01-27 20:20:00+00:00,SPY,exit_short,696.27,hybrid_exit
signal_close_cross,2026-01-27 20:31:00+00:00,SPY,enter_long,695.99,signal_close_cross
signal_close_cross,2026-01-28 14:40:00+00:00,SPY,exit_long,697.165,hybrid_exit
signal_close_cross,2026-01-28 14:47:00+00:00,SPY,enter_short,697.04,signal_close_cross
signal_close_cross,2026-01-28 15:20:00+00:00,SPY,exit_short,696.51,hybrid_exit
signal_close_cross,2026-01-28 15:34:00+00:00,SPY,enter_short,696.17,signal_close_cross
signal_close_cross,2026-01-28 17:00:00+00:00,SPY,exit_short,694.73,hybrid_exit
signal_close_cross,2026-01-28 17:00:00+00:00,SPY,enter_long,694.82,signal_close_cross
signal_close_cross,2026-01-28 17:20:00+00:00,SPY,enter_short,695.55,signal_close_cross
signal_close_cross,2026-01-28 17:50:00+00:00,SPY,exit_short,694.93,hybrid_exit
signal_close_cross,2026-01-28 18:00:00+00:00,SPY,exit_long,694.84,hybrid_exit
signal_close_cross,2026-01-28 18:10:00+00:00,SPY,enter_short,694.935,signal_close_cross
signal_close_cross,2026-01-28 18:50:00+00:00,SPY,exit_short,694.89,hybrid_exit
signal_close_cross,2026-01-28 18:50:00+00:00,SPY,enter_long,695.11,signal_close_cross
signal_close_cross,2026-01-28 19:40:00+00:00,SPY,exit_long,694.67,hybrid_exit
signal_close_cross,2026-01-28 20:11:00+00:00,SPY,enter_short,695.95,signal_close_cross
signal_close_cross,2026-01-29 14:50:00+00:00,SPY,exit_short,693.64,hybrid_exit
signal_close_cross,2026-01-29 15:00:00+00:00,SPY,enter_short,690.56,signal_close_cross
signal_close_cross,2026-01-29 15:40:00+00:00,SPY,exit_short,687.59,hybrid_exit
signal_close_cross,2026-01-29 15:56:00+00:00,SPY,enter_long,686.58,signal_close_cross
signal_close_cross,2026-01-29 17:30:00+00:00,SPY,exit_long,690.985,hybrid_exit
signal_close_cross,2026-01-29 17:33:00+00:00,SPY,enter_short,690.83,signal_close_cross
signal_close_cross,2026-01-29 18:00:00+00:00,SPY,exit_short,689.03,hybrid_exit
signal_close_cross,2026-01-29 18:00:00+00:00,SPY,enter_long,689.18,signal_close_cross
signal_close_cross,2026-01-30 14:30:00+00:00,SPY,exit_long,691.84,hybrid_exit
signal_close_cross,2026-01-30 14:30:00+00:00,SPY,enter_short,692.915,signal_close_cross
signal_close_cross,2026-01-30 15:10:00+00:00,SPY,exit_short,693.34,hybrid_exit
signal_close_cross,2026-01-30 15:21:00+00:00,SPY,enter_short,693.11,signal_close_cross
signal_close_cross,2026-01-30 15:40:00+00:00,SPY,exit_short,693.04,hybrid_exit
signal_close_cross,2026-01-30 15:50:00+00:00,SPY,enter_short,693.38,signal_close_cross
signal_close_cross,2026-01-30 17:10:00+00:00,SPY,enter_long,689.49,signal_close_cross
signal_close_cross,2026-01-30 17:10:00+00:00,SPY,exit_short,689.11,hybrid_exit
signal_close_cross,2026-01-30 17:33:00+00:00,SPY,enter_short,690.44,signal_close_cross
signal_close_cross,2026-01-30 17:50:00+00:00,SPY,exit_long,690.41,hybrid_exit
signal_close_cross,2026-01-30 18:01:00+00:00,SPY,enter_long,689.4,signal_close_cross
signal_close_cross,2026-01-30 18:10:00+00:00,SPY,exit_short,689.6,hybrid_exit
signal_close_cross,2026-01-30 19:00:00+00:00,SPY,exit_long,691.36,hybrid_exit
signal_close_cross,2026-01-30 19:11:00+00:00,SPY,enter_short,692.05,signal_close_cross
signal_close_cross,2026-01-30 19:50:00+00:00,SPY,exit_short,690.89,hybrid_exit
signal_close_cross,2026-01-30 19:50:00+00:00,SPY,enter_long,691.1,signal_close_cross
signal_close_cross,2026-02-02 15:40:00+00:00,SPY,enter_short,695.61,signal_close_cross
signal_close_cross,2026-02-02 16:10:00+00:00,SPY,exit_short,694.87,hybrid_exit
signal_close_cross,2026-02-02 17:20:00+00:00,SPY,exit_long,696.26,hybrid_exit
signal_close_cross,2026-02-02 17:20:00+00:00,SPY,enter_short,696.16,signal_close_cross
signal_close_cross,2026-02-02 18:30:00+00:00,SPY,exit_short,696.07,hybrid_exit
signal_close_cross,2026-02-02 18:50:00+00:00,SPY,enter_short,696.54,signal_close_cross
signal_close_cross,2026-02-02 20:10:00+00:00,SPY,exit_short,696.3,hybrid_exit
signal_close_cross,2026-02-02 20:29:00+00:00,SPY,enter_short,695.81,signal_close_cross
signal_close_cross,2026-02-03 15:10:00+00:00,SPY,exit_short,692.99,hybrid_exit
signal_close_cross,2026-02-03 15:21:00+00:00,SPY,enter_short,692.36,signal_close_cross
signal_close_cross,2026-02-03 18:40:00+00:00,SPY,exit_short,686.355,hybrid_exit
signal_close_cross,2026-02-03 18:55:00+00:00,SPY,enter_long,685.95,signal_close_cross
signal_close_cross,2026-02-04 14:33:00+00:00,SPY,enter_short,689.43,signal_close_cross
signal_close_cross,2026-02-04 14:40:00+00:00,SPY,exit_long,690.57,hybrid_exit
signal_close_cross,2026-02-04 15:10:00+00:00,SPY,exit_short,688.985,hybrid_exit
signal_close_cross,2026-02-04 15:30:00+00:00,SPY,enter_short,689.355,signal_close_cross
signal_close_cross,2026-02-04 17:00:00+00:00,SPY,exit_short,686.51,hybrid_exit
signal_close_cross,2026-02-04 17:10:00+00:00,SPY,enter_short,686.06,signal_close_cross
signal_close_cross,2026-02-04 17:40:00+00:00,SPY,exit_short,682.41,hybrid_exit
signal_close_cross,2026-02-04 17:41:00+00:00,SPY,enter_long,682.93,signal_close_cross
signal_close_cross,2026-02-04 19:50:00+00:00,SPY,enter_short,687.18,signal_close_cross
signal_close_cross,2026-02-04 19:50:00+00:00,SPY,exit_long,687.33,hybrid_exit
signal_close_cross,2026-02-05 14:40:00+00:00,SPY,exit_short,682.37,hybrid_exit
signal_close_cross,2026-02-05 14:51:00+00:00,SPY,enter_short,682.15,signal_close_cross
signal_close_cross,2026-02-05 15:10:00+00:00,SPY,exit_short,678.75,hybrid_exit
signal_close_cross,2026-02-05 15:30:00+00:00,SPY,enter_long,677.09,signal_close_cross
signal_close_cross,2026-02-05 16:40:00+00:00,SPY,exit_long,680.235,hybrid_exit
signal_close_cross,2026-02-05 17:00:00+00:00,SPY,enter_short,680.56,signal_close_cross
signal_close_cross,2026-02-05 18:30:00+00:00,SPY,exit_short,679.09,hybrid_exit
signal_close_cross,2026-02-05 18:41:00+00:00,SPY,enter_long,679.01,signal_close_cross
signal_close_cross,2026-02-05 19:20:00+00:00,SPY,exit_long,681.16,hybrid_exit
signal_close_cross,2026-02-05 19:25:00+00:00,SPY,enter_short,680.59,signal_close_cross
signal_close_cross,2026-02-05 19:43:00+00:00,SPY,enter_long,679.2,signal_close_cross
signal_close_cross,2026-02-05 20:00:00+00:00,SPY,exit_short,679.08,hybrid_exit
signal_close_cross,2026-02-06 15:00:00+00:00,SPY,exit_long,684.82,hybrid_exit
signal_close_cross,2026-02-06 15:10:00+00:00,SPY,enter_long,684.97,signal_close_cross
signal_close_cross,2026-02-06 18:20:00+00:00,SPY,exit_long,689.155,hybrid_exit
signal_close_cross,2026-02-06 18:30:00+00:00,SPY,enter_long,689.02,signal_close_cross
signal_close_cross,2026-02-09 14:30:00+00:00,SPY,exit_long,689.47,hybrid_exit
signal_close_cross,2026-02-09 14:40:00+00:00,SPY,enter_long,691.13,signal_close_cross
signal_close_cross,2026-02-09 15:30:00+00:00,SPY,exit_long,691.94,hybrid_exit
signal_close_cross,2026-02-09 15:40:00+00:00,SPY,enter_long,693.495,signal_close_cross
signal_close_cross,2026-02-09 17:00:00+00:00,SPY,exit_long,695.375,hybrid_exit
signal_close_cross,2026-02-09 17:10:00+00:00,SPY,enter_short,695.37,signal_close_cross
signal_close_cross,2026-02-09 18:00:00+00:00,SPY,exit_short,694.58,hybrid_exit
signal_close_cross,2026-02-09 18:02:00+00:00,SPY,enter_long,694.77,signal_close_cross
signal_close_cross,2026-02-09 19:30:00+00:00,SPY,exit_long,695.76,hybrid_exit
signal_close_cross,2026-02-09 19:31:00+00:00,SPY,enter_short,695.625,signal_close_cross
signal_close_cross,2026-02-09 20:39:00+00:00,SPY,enter_long,694.575,signal_close_cross
signal_close_cross,2026-02-09 20:40:00+00:00,SPY,exit_short,694.54,hybrid_exit
signal_close_cross,2026-02-10 15:00:00+00:00,SPY,exit_long,695.77,hybrid_exit
signal_close_cross,2026-02-10 15:00:00+00:00,SPY,enter_short,695.61,signal_close_cross
signal_close_cross,2026-02-10 16:20:00+00:00,SPY,exit_short,694.94,hybrid_exit
signal_close_cross,2026-02-10 17:20:00+00:00,SPY,enter_short,695.35,signal_close_cross
signal_close_cross,2026-02-10 18:40:00+00:00,SPY,exit_short,693.675,hybrid_exit
signal_close_cross,2026-02-10 18:50:00+00:00,SPY,enter_long,693.22,signal_close_cross
signal_close_cross,2026-02-10 19:30:00+00:00,SPY,exit_long,693.88,hybrid_exit
signal_close_cross,2026-02-10 19:34:00+00:00,SPY,enter_short,693.75,signal_close_cross
signal_close_cross,2026-02-11 14:30:00+00:00,SPY,exit_short,696.435,hybrid_exit
signal_close_cross,2026-02-11 14:30:00+00:00,SPY,enter_long,696.92,signal_close_cross
signal_close_cross,2026-02-11 14:40:00+00:00,SPY,exit_long,695.19,hybrid_exit
signal_close_cross,2026-02-11 14:42:00+00:00,SPY,enter_short,695.18,signal_close_cross
signal_close_cross,2026-02-11 15:20:00+00:00,SPY,exit_short,690.79,hybrid_exit
signal_close_cross,2026-02-11 15:31:00+00:00,SPY,enter_long,690.445,signal_close_cross
signal_close_cross,2026-02-11 16:10:00+00:00,SPY,exit_long,691.55,hybrid_exit
signal_close_cross,2026-02-11 16:30:00+00:00,SPY,enter_long,692.23,signal_close_cross
signal_close_cross,2026-02-11 17:30:00+00:00,SPY,exit_long,693.6,hybrid_exit
signal_close_cross,2026-02-11 17:30:00+00:00,SPY,enter_short,693.295,signal_close_cross
signal_close_cross,2026-02-11 18:10:00+00:00,SPY,exit_short,692.0,hybrid_exit
signal_close_cross,2026-02-11 18:16:00+00:00,SPY,enter_long,692.16,signal_close_cross
signal_close_cross,2026-02-11 18:50:00+00:00,SPY,exit_long,692.89,hybrid_exit
signal_close_cross,2026-02-11 19:02:00+00:00,SPY,enter_long,692.82,signal_close_cross
signal_close_cross,2026-02-11 19:30:00+00:00,SPY,enter_short,693.4,signal_close_cross
signal_close_cross,2026-02-11 19:40:00+00:00,SPY,exit_long,693.53,hybrid_exit
signal_close_cross,2026-02-11 20:20:00+00:00,SPY,exit_short,692.71,hybrid_exit
signal_close_cross,2026-02-11 20:36:00+00:00,SPY,enter_long,692.27,signal_close_cross
signal_close_cross,2026-02-11 20:50:00+00:00,SPY,enter_short,692.315,signal_close_cross
signal_close_cross,2026-02-12 14:40:00+00:00,SPY,exit_long,694.82,hybrid_exit
signal_close_cross,2026-02-12 16:30:00+00:00,SPY,enter_long,683.885,signal_close_cross
signal_close_cross,2026-02-12 16:30:00+00:00,SPY,exit_short,683.6,hybrid_exit
signal_close_cross,2026-02-12 16:40:00+00:00,SPY,exit_long,685.58,hybrid_exit
signal_close_cross,2026-02-12 16:40:00+00:00,SPY,enter_short,685.35,signal_close_cross
signal_close_cross,2026-02-12 17:20:00+00:00,SPY,enter_long,684.31,signal_close_cross
signal_close_cross,2026-02-12 17:30:00+00:00,SPY,exit_short,684.115,hybrid_exit
signal_close_cross,2026-02-12 17:40:00+00:00,SPY,exit_long,684.89,hybrid_exit
signal_close_cross,2026-02-12 17:46:00+00:00,SPY,enter_short,684.535,signal_close_cross
signal_close_cross,2026-02-12 18:01:00+00:00,SPY,enter_long,683.09,signal_close_cross
signal_close_cross,2026-02-12 18:10:00+00:00,SPY,exit_short,683.34,hybrid_exit
signal_close_cross,2026-02-12 19:00:00+00:00,SPY,exit_long,684.855,hybrid_exit
signal_close_cross,2026-02-12 19:10:00+00:00,SPY,enter_short,684.47,signal_close_cross
signal_close_cross,2026-02-13 14:30:00+00:00,SPY,exit_short,681.695,hybrid_exit
signal_close_cross,2026-02-13 14:30:00+00:00,SPY,enter_long,681.58,signal_close_cross
signal_close_cross,2026-02-13 15:40:00+00:00,SPY,exit_long,682.86,hybrid_exit
signal_close_cross,2026-02-13 15:50:00+00:00,SPY,enter_long,681.7,signal_close_cross
signal_close_cross,2026-02-13 17:10:00+00:00,SPY,exit_long,685.2,hybrid_exit
signal_close_cross,2026-02-13 17:40:00+00:00,SPY,enter_short,685.9,signal_close_cross
signal_close_cross,2026-02-13 20:50:00+00:00,SPY,exit_short,681.18,hybrid_exit
signal_close_cross,2026-02-17 14:30:00+00:00,SPY,enter_short,680.5,signal_close_cross
signal_close_cross,2026-02-17 15:00:00+00:00,SPY,exit_short,676.42,hybrid_exit
signal_close_cross,2026-02-17 15:00:00+00:00,SPY,enter_long,676.8,signal_close_cross
signal_close_cross,2026-02-17 15:30:00+00:00,SPY,exit_long,677.43,hybrid_exit
signal_close_cross,2026-02-17 15:40:00+00:00,SPY,enter_long,676.45,signal_close_cross
signal_close_cross,2026-02-17 16:20:00+00:00,SPY,exit_long,682.76,hybrid_exit
signal_close_cross,2026-02-17 16:40:00+00:00,SPY,enter_short,682.24,signal_close_cross
signal_close_cross,2026-02-17 17:20:00+00:00,SPY,exit_short,681.365,hybrid_exit
signal_close_cross,2026-02-17 17:20:00+00:00,SPY,enter_long,681.405,signal_close_cross
signal_close_cross,2026-02-17 19:00:00+00:00,SPY,enter_short,684.0,signal_close_cross
signal_close_cross,2026-02-17 19:00:00+00:00,SPY,exit_long,684.06,hybrid_exit
signal_close_cross,2026-02-17 20:00:00+00:00,SPY,enter_long,683.79,signal_close_cross
signal_close_cross,2026-02-17 20:10:00+00:00,SPY,exit_short,683.39,hybrid_exit
signal_close_cross,2026-02-18 15:10:00+00:00,SPY,exit_long,687.48,hybrid_exit
signal_close_cross,2026-02-18 15:30:00+00:00,SPY,enter_short,687.6,signal_close_cross
signal_close_cross,2026-02-18 16:20:00+00:00,SPY,exit_short,688.13,hybrid_exit
signal_close_cross,2026-02-18 16:40:00+00:00,SPY,enter_short,688.41,signal_close_cross
signal_close_cross,2026-02-18 17:01:00+00:00,SPY,enter_long,687.7,signal_close_cross
signal_close_cross,2026-02-18 17:20:00+00:00,SPY,exit_long,688.58,hybrid_exit
signal_close_cross,2026-02-18 20:00:00+00:00,SPY,exit_short,684.62,hybrid_exit
signal_close_cross,2026-02-18 20:00:00+00:00,SPY,enter_long,684.88,signal_close_cross
signal_close_cross,2026-02-18 20:40:00+00:00,SPY,enter_short,685.355,signal_close_cross
signal_close_cross,2026-02-18 20:50:00+00:00,SPY,exit_long,686.47,hybrid_exit
signal_close_cross,2026-02-19 14:40:00+00:00,SPY,exit_short,683.68,hybrid_exit
signal_close_cross,2026-02-19 14:42:00+00:00,SPY,enter_long,683.77,signal_close_cross
signal_close_cross,2026-02-19 15:00:00+00:00,SPY,exit_long,684.9,hybrid_exit
signal_close_cross,2026-02-19 15:21:00+00:00,SPY,enter_short,684.36,signal_close_cross
signal_close_cross,2026-02-19 15:30:00+00:00,SPY,enter_long,684.09,signal_close_cross
signal_close_cross,2026-02-19 15:40:00+00:00,SPY,exit_long,685.43,hybrid_exit
signal_close_cross,2026-02-19 17:10:00+00:00,SPY,enter_long,683.25,signal_close_cross
signal_close_cross,2026-02-19 17:20:00+00:00,SPY,exit_long,684.08,hybrid_exit
signal_close_cross,2026-02-19 17:50:00+00:00,SPY,enter_long,682.97,signal_close_cross
signal_close_cross,2026-02-19 18:00:00+00:00,SPY,exit_short,682.42,hybrid_exit
signal_close_cross,2026-02-19 19:00:00+00:00,SPY,exit_long,683.73,hybrid_exit
signal_close_cross,2026-02-19 19:00:00+00:00,SPY,enter_short,683.65,signal_close_cross
signal_close_cross,2026-02-19 19:40:00+00:00,SPY,exit_short,682.02,hybrid_exit
signal_close_cross,2026-02-19 19:40:00+00:00,SPY,enter_long,682.23,signal_close_cross
signal_close_cross,2026-02-20 14:50:00+00:00,SPY,exit_long,684.26,hybrid_exit
signal_close_cross,2026-02-20 15:00:00+00:00,SPY,enter_long,685.565,signal_close_cross
signal_close_cross,2026-02-20 15:10:00+00:00,SPY,exit_long,687.035,hybrid_exit
signal_close_cross,2026-02-20 15:21:00+00:00,SPY,enter_long,687.51,signal_close_cross
signal_close_cross,2026-02-20 15:50:00+00:00,SPY,exit_long,688.17,hybrid_exit
signal_close_cross,2026-02-20 15:50:00+00:00,SPY,enter_short,688.0,signal_close_cross
signal_close_cross,2026-02-20 16:31:00+00:00,SPY,enter_long,686.28,signal_close_cross
signal_close_cross,2026-02-20 16:40:00+00:00,SPY,exit_long,688.12,hybrid_exit
signal_close_cross,2026-02-20 17:20:00+00:00,SPY,exit_short,685.08,hybrid_exit
signal_close_cross,2026-02-20 17:29:00+00:00,SPY,enter_long,685.2,signal_close_cross
signal_close_cross,2026-02-20 18:50:00+00:00,SPY,exit_long,689.1,hybrid_exit
signal_close_cross,2026-02-20 19:05:00+00:00,SPY,enter_short,689.24,signal_close_cross
signal_close_cross,2026-02-20 19:40:00+00:00,SPY,exit_short,688.61,hybrid_exit
signal_close_cross,2026-02-20 20:10:00+00:00,SPY,enter_short,688.97,signal_close_cross
signal_close_cross,2026-02-23 16:10:00+00:00,SPY,exit_short,681.15,hybrid_exit
signal_close_cross,2026-02-23 16:10:00+00:00,SPY,enter_long,681.25,signal_close_cross
signal_close_cross,2026-02-23 16:30:00+00:00,SPY,enter_short,682.855,signal_close_cross
signal_close_cross,2026-02-23 16:50:00+00:00,SPY,exit_long,682.05,hybrid_exit
signal_close_cross,2026-02-23 17:10:00+00:00,SPY,exit_short,681.96,hybrid_exit
signal_close_cross,2026-02-23 17:40:00+00:00,SPY,enter_long,680.88,signal_close_cross
signal_close_cross,2026-02-23 18:20:00+00:00,SPY,exit_long,683.13,hybrid_exit
signal_close_cross,2026-02-23 18:30:00+00:00,SPY,enter_short,683.55,signal_close_cross
signal_close_cross,2026-02-23 19:20:00+00:00,SPY,exit_short,681.755,hybrid_exit
signal_close_cross,2026-02-23 19:30:00+00:00,SPY,enter_long,681.42,signal_close_cross
signal_close_cross,2026-02-24 14:50:00+00:00,SPY,exit_long,684.9,hybrid_exit
signal_close_cross,2026-02-24 15:06:00+00:00,SPY,enter_long,683.38,signal_close_cross
signal_close_cross,2026-02-24 15:40:00+00:00,SPY,exit_long,685.93,hybrid_exit
signal_close_cross,2026-02-24 16:00:00+00:00,SPY,enter_long,685.425,signal_close_cross
signal_close_cross,2026-02-24 17:30:00+00:00,SPY,exit_long,687.45,hybrid_exit
signal_close_cross,2026-02-24 17:40:00+00:00,SPY,enter_short,687.32,signal_close_cross
signal_close_cross,2026-02-24 18:30:00+00:00,SPY,exit_short,687.04,hybrid_exit
signal_close_cross,2026-02-24 18:41:00+00:00,SPY,enter_short,687.68,signal_close_cross
signal_close_cross,2026-02-24 19:20:00+00:00,SPY,exit_short,686.93,hybrid_exit
signal_close_cross,2026-02-24 19:30:00+00:00,SPY,enter_long,686.9,signal_close_cross
signal_close_cross,2026-02-24 21:00:00+00:00,SPY,exit_long,687.45,hybrid_exit
signal_close_cross,2026-02-25 14:30:00+00:00,SPY,enter_long,691.08,signal_close_cross
signal_close_cross,2026-02-25 14:40:00+00:00,SPY,exit_long,691.19,hybrid_exit
signal_close_cross,2026-02-25 14:50:00+00:00,SPY,enter_short,691.56,signal_close_cross
signal_close_cross,2026-02-25 15:30:00+00:00,SPY,exit_short,691.13,hybrid_exit
signal_close_cross,2026-02-25 15:40:00+00:00,SPY,enter_long,690.53,signal_close_cross
signal_close_cross,2026-02-25 16:54:00+00:00,SPY,enter_short,692.13,signal_close_cross
signal_close_cross,2026-02-25 17:00:00+00:00,SPY,exit_long,692.02,hybrid_exit
signal_close_cross,2026-02-25 17:30:00+00:00,SPY,enter_long,691.99,signal_close_cross
signal_close_cross,2026-02-25 17:40:00+00:00,SPY,exit_short,692.31,hybrid_exit
signal_close_cross,2026-02-25 19:20:00+00:00,SPY,exit_long,693.0,hybrid_exit
signal_close_cross,2026-02-25 19:41:00+00:00,SPY,enter_short,693.16,signal_close_cross
signal_close_cross,2026-02-26 14:40:00+00:00,SPY,exit_short,692.165,hybrid_exit
signal_close_cross,2026-02-26 14:51:00+00:00,SPY,enter_short,691.01,signal_close_cross
signal_close_cross,2026-02-26 15:10:00+00:00,SPY,exit_short,690.025,hybrid_exit
signal_close_cross,2026-02-26 15:37:00+00:00,SPY,enter_long,685.95,signal_close_cross
signal_close_cross,2026-02-26 16:00:00+00:00,SPY,exit_long,687.685,hybrid_exit
signal_close_cross,2026-02-26 16:10:00+00:00,SPY,enter_short,687.99,signal_close_cross
signal_close_cross,2026-02-26 16:50:00+00:00,SPY,exit_short,687.42,hybrid_exit
signal_close_cross,2026-02-26 17:30:00+00:00,SPY,enter_long,686.43,signal_close_cross
signal_close_cross,2026-02-26 19:20:00+00:00,SPY,exit_long,688.89,hybrid_exit
signal_close_cross,2026-02-26 19:25:00+00:00,SPY,enter_short,688.9,signal_close_cross
signal_close_cross,2026-02-27 14:40:00+00:00,SPY,exit_short,684.06,hybrid_exit
signal_close_cross,2026-02-27 15:00:00+00:00,SPY,enter_long,683.09,signal_close_cross
signal_close_cross,2026-02-27 15:20:00+00:00,SPY,exit_long,684.03,hybrid_exit
signal_close_cross,2026-02-27 15:35:00+00:00,SPY,enter_long,684.69,signal_close_cross
signal_close_cross,2026-02-27 16:00:00+00:00,SPY,enter_short,685.24,signal_close_cross
signal_close_cross,2026-02-27 16:00:00+00:00,SPY,exit_long,685.24,hybrid_exit
signal_close_cross,2026-02-27 17:30:00+00:00,SPY,exit_short,684.14,hybrid_exit
signal_close_cross,2026-02-27 18:01:00+00:00,SPY,enter_short,684.2,signal_close_cross
signal_close_cross,2026-02-27 18:40:00+00:00,SPY,exit_short,683.69,hybrid_exit
signal_close_cross,2026-02-27 19:12:00+00:00,SPY,enter_long,683.84,signal_close_cross
signal_close_cross,2026-02-27 20:20:00+00:00,SPY,exit_long,685.57,hybrid_exit
signal_close_cross,2026-02-27 20:20:00+00:00,SPY,enter_short,685.25,signal_close_cross
signal_close_cross,2026-03-02 14:40:00+00:00,SPY,exit_short,681.0,hybrid_exit
signal_close_cross,2026-03-02 14:40:00+00:00,SPY,enter_long,681.12,signal_close_cross
signal_close_cross,2026-03-02 15:30:00+00:00,SPY,exit_long,683.37,hybrid_exit
signal_close_cross,2026-03-02 15:41:00+00:00,SPY,enter_long,683.99,signal_close_cross
signal_close_cross,2026-03-02 17:00:00+00:00,SPY,exit_long,686.25,hybrid_exit
signal_close_cross,2026-03-02 17:20:00+00:00,SPY,enter_short,687.02,signal_close_cross
signal_close_cross,2026-03-02 18:20:00+00:00,SPY,exit_short,686.59,hybrid_exit
signal_close_cross,2026-03-02 18:43:00+00:00,SPY,enter_long,686.21,signal_close_cross
signal_close_cross,2026-03-02 19:25:00+00:00,SPY,enter_short,687.6,signal_close_cross
signal_close_cross,2026-03-02 19:30:00+00:00,SPY,exit_long,688.245,hybrid_exit
signal_close_cross,2026-03-02 20:20:00+00:00,SPY,exit_short,686.08,hybrid_exit
signal_close_cross,2026-03-02 20:40:00+00:00,SPY,enter_short,685.95,signal_close_cross
signal_close_cross,2026-03-03 14:40:00+00:00,SPY,exit_short,675.78,hybrid_exit
signal_close_cross,2026-03-03 15:11:00+00:00,SPY,enter_long,672.54,signal_close_cross
signal_close_cross,2026-03-03 16:50:00+00:00,SPY,exit_long,677.57,hybrid_exit
signal_close_cross,2026-03-03 17:10:00+00:00,SPY,enter_long,676.86,signal_close_cross
signal_close_cross,2026-03-03 18:50:00+00:00,SPY,exit_long,681.4,hybrid_exit
signal_close_cross,2026-03-03 19:00:00+00:00,SPY,enter_short,681.23,signal_close_cross
signal_close_cross,2026-03-03 19:40:00+00:00,SPY,exit_short,680.82,hybrid_exit
signal_close_cross,2026-03-03 19:51:00+00:00,SPY,enter_short,681.99,signal_close_cross
signal_close_cross,2026-03-03 20:20:00+00:00,SPY,enter_long,680.95,signal_close_cross
signal_close_cross,2026-03-03 20:30:00+00:00,SPY,exit_short,681.04,hybrid_exit
signal_close_cross,2026-03-04 15:40:00+00:00,SPY,exit_long,684.63,hybrid_exit
signal_close_cross,2026-03-04 16:07:00+00:00,SPY,enter_short,685.82,signal_close_cross
signal_close_cross,2026-03-04 16:20:00+00:00,SPY,enter_long,684.8,signal_close_cross
signal_close_cross,2026-03-04 16:30:00+00:00,SPY,exit_short,685.185,hybrid_exit
signal_close_cross,2026-03-04 17:00:00+00:00,SPY,exit_long,685.78,hybrid_exit
signal_close_cross,2026-03-04 17:34:00+00:00,SPY,enter_long,685.47,signal_close_cross
signal_close_cross,2026-03-04 18:10:00+00:00,SPY,exit_long,686.22,hybrid_exit
signal_close_cross,2026-03-04 18:21:00+00:00,SPY,enter_long,685.74,signal_close_cross
signal_close_cross,2026-03-04 19:00:00+00:00,SPY,exit_long,686.57,hybrid_exit
signal_close_cross,2026-03-04 19:10:00+00:00,SPY,enter_short,686.71,signal_close_cross
signal_close_cross,2026-03-05 14:40:00+00:00,SPY,exit_short,683.63,hybrid_exit
signal_close_cross,2026-03-05 15:01:00+00:00,SPY,enter_short,684.9,signal_close_cross
signal_close_cross,2026-03-05 15:40:00+00:00,SPY,exit_short,681.3,hybrid_exit
signal_close_cross,2026-03-05 16:01:00+00:00,SPY,enter_short,681.88,signal_close_cross
signal_close_cross,2026-03-05 17:40:00+00:00,SPY,exit_short,678.09,hybrid_exit
signal_close_cross,2026-03-05 18:11:00+00:00,SPY,enter_short,677.43,signal_close_cross
signal_close_cross,2026-03-05 18:20:00+00:00,SPY,enter_long,676.52,signal_close_cross
signal_close_cross,2026-03-05 18:30:00+00:00,SPY,exit_short,676.67,hybrid_exit
signal_close_cross,2026-03-05 20:00:00+00:00,SPY,exit_long,677.1,hybrid_exit
signal_close_cross,2026-03-05 20:20:00+00:00,SPY,enter_short,678.95,signal_close_cross
signal_close_cross,2026-03-06 14:40:00+00:00,SPY,exit_short,671.06,hybrid_exit
signal_close_cross,2026-03-06 14:41:00+00:00,SPY,enter_long,671.485,signal_close_cross
signal_close_cross,2026-03-06 15:40:00+00:00,SPY,exit_long,675.5,hybrid_exit
signal_close_cross,2026-03-06 15:40:00+00:00,SPY,enter_short,675.1,signal_close_cross
signal_close_cross,2026-03-06 15:55:00+00:00,SPY,enter_long,674.67,signal_close_cross
signal_close_cross,2026-03-06 16:00:00+00:00,SPY,exit_long,674.92,hybrid_exit
signal_close_cross,2026-03-06 17:20:00+00:00,SPY,exit_short,674.43,hybrid_exit
signal_close_cross,2026-03-06 17:46:00+00:00,SPY,enter_long,672.94,signal_close_cross
signal_close_cross,2026-03-06 18:20:00+00:00,SPY,enter_short,675.81,signal_close_cross
signal_close_cross,2026-03-06 18:20:00+00:00,SPY,exit_long,675.82,hybrid_exit
signal_close_cross,2026-03-09 13:48:00+00:00,SPY,enter_long,664.8,signal_close_cross
signal_close_cross,2026-03-09 13:50:00+00:00,SPY,exit_short,663.68,hybrid_exit
signal_close_cross,2026-03-09 16:20:00+00:00,SPY,exit_long,670.0,hybrid_exit
signal_close_cross,2026-03-09 16:30:00+00:00,SPY,enter_short,670.41,signal_close_cross
signal_close_cross,2026-03-09 17:30:00+00:00,SPY,exit_short,668.875,hybrid_exit
signal_close_cross,2026-03-09 17:30:00+00:00,SPY,enter_long,669.04,signal_close_cross
signal_close_cross,2026-03-09 19:40:00+00:00,SPY,exit_long,679.16,hybrid_exit
signal_close_cross,2026-03-09 19:40:00+00:00,SPY,enter_short,678.33,signal_close_cross
signal_close_cross,2026-03-10 13:40:00+00:00,SPY,exit_short,677.04,hybrid_exit
signal_close_cross,2026-03-10 14:04:00+00:00,SPY,enter_long,676.08,signal_close_cross
signal_close_cross,2026-03-10 15:00:00+00:00,SPY,exit_long,681.1,hybrid_exit
signal_close_cross,2026-03-10 15:05:00+00:00,SPY,enter_short,681.09,signal_close_cross
signal_close_cross,2026-03-10 16:00:00+00:00,SPY,exit_short,681.4,hybrid_exit
signal_close_cross,2026-03-10 16:10:00+00:00,SPY,enter_long,680.67,signal_close_cross
signal_close_cross,2026-03-10 16:40:00+00:00,SPY,enter_short,681.485,signal_close_cross
signal_close_cross,2026-03-10 16:50:00+00:00,SPY,exit_long,680.94,hybrid_exit
signal_close_cross,2026-03-10 18:30:00+00:00,SPY,exit_short,679.42,hybrid_exit
signal_close_cross,2026-03-10 18:40:00+00:00,SPY,enter_short,678.92,signal_close_cross
signal_close_cross,2026-03-10 19:50:00+00:00,SPY,exit_short,676.78,hybrid_exit
signal_close_cross,2026-03-10 19:50:00+00:00,SPY,enter_long,676.755,signal_close_cross
signal_close_cross,2026-03-11 13:40:00+00:00,SPY,exit_long,678.38,hybrid_exit
signal_close_cross,2026-03-11 13:41:00+00:00,SPY,enter_short,678.175,signal_close_cross
signal_close_cross,2026-03-11 15:40:00+00:00,SPY,exit_short,674.875,hybrid_exit
signal_close_cross,2026-03-11 15:50:00+00:00,SPY,enter_long,674.36,signal_close_cross
signal_close_cross,2026-03-11 16:50:00+00:00,SPY,exit_long,675.34,hybrid_exit
signal_close_cross,2026-03-11 17:01:00+00:00,SPY,enter_short,676.26,signal_close_cross
signal_close_cross,2026-03-11 17:40:00+00:00,SPY,exit_short,674.64,hybrid_exit
signal_close_cross,2026-03-11 18:10:00+00:00,SPY,enter_long,674.29,signal_close_cross
signal_close_cross,2026-03-11 18:50:00+00:00,SPY,exit_long,674.815,hybrid_exit
signal_close_cross,2026-03-11 19:01:00+00:00,SPY,enter_short,674.99,signal_close_cross
signal_close_cross,2026-03-12 13:40:00+00:00,SPY,exit_short,671.28,hybrid_exit
signal_close_cross,2026-03-12 13:52:00+00:00,SPY,enter_short,669.87,signal_close_cross
signal_close_cross,2026-03-12 14:30:00+00:00,SPY,exit_short,668.04,hybrid_exit
signal_close_cross,2026-03-12 14:35:00+00:00,SPY,enter_long,668.51,signal_close_cross
signal_close_cross,2026-03-12 15:40:00+00:00,SPY,exit_long,669.73,hybrid_exit
signal_close_cross,2026-03-12 15:40:00+00:00,SPY,enter_short,668.94,signal_close_cross
signal_close_cross,2026-03-12 16:10:00+00:00,SPY,enter_long,668.24,signal_close_cross
signal_close_cross,2026-03-12 16:20:00+00:00,SPY,exit_long,669.8,hybrid_exit
signal_close_cross,2026-03-12 18:50:00+00:00,SPY,exit_short,667.49,hybrid_exit
signal_close_cross,2026-03-12 19:00:00+00:00,SPY,enter_long,667.65,signal_close_cross
signal_close_cross,2026-03-12 19:40:00+00:00,SPY,exit_long,667.915,hybrid_exit
signal_close_cross,2026-03-12 19:50:00+00:00,SPY,enter_long,666.8,signal_close_cross
signal_close_cross,2026-03-13 13:40:00+00:00,SPY,exit_long,670.39,hybrid_exit
signal_close_cross,2026-03-13 13:50:00+00:00,SPY,enter_short,670.7,signal_close_cross
signal_close_cross,2026-03-13 15:10:00+00:00,SPY,exit_short,666.21,hybrid_exit
signal_close_cross,2026-03-13 15:23:00+00:00,SPY,enter_short,665.385,signal_close_cross
signal_close_cross,2026-03-13 16:00:00+00:00,SPY,exit_short,663.5,hybrid_exit
signal_close_cross,2026-03-13 16:00:00+00:00,SPY,enter_long,663.71,signal_close_cross
signal_close_cross,2026-03-13 16:40:00+00:00,SPY,exit_long,664.27,hybrid_exit
signal_close_cross,2026-03-13 16:43:00+00:00,SPY,enter_short,664.355,signal_close_cross
signal_close_cross,2026-03-13 17:52:00+00:00,SPY,enter_long,662.755,signal_close_cross
signal_close_cross,2026-03-13 18:00:00+00:00,SPY,exit_short,662.7,hybrid_exit
signal_close_cross,2026-03-16 14:10:00+00:00,SPY,exit_long,670.8,hybrid_exit
signal_close_cross,2026-03-16 14:12:00+00:00,SPY,enter_short,670.52,signal_close_cross
signal_close_cross,2026-03-16 14:50:00+00:00,SPY,exit_short,668.02,hybrid_exit
signal_close_cross,2026-03-16 14:51:00+00:00,SPY,enter_long,668.54,signal_close_cross
signal_close_cross,2026-03-16 15:10:00+00:00,SPY,exit_long,669.17,hybrid_exit
signal_close_cross,2026-03-16 15:40:00+00:00,SPY,enter_short,670.045,signal_close_cross
signal_close_cross,2026-03-16 16:20:00+00:00,SPY,exit_short,668.67,hybrid_exit
signal_close_cross,2026-03-16 16:31:00+00:00,SPY,enter_long,667.71,signal_close_cross
signal_close_cross,2026-03-16 18:20:00+00:00,SPY,exit_long,669.81,hybrid_exit
signal_close_cross,2026-03-16 18:41:00+00:00,SPY,enter_long,670.105,signal_close_cross
signal_close_cross,2026-03-16 19:20:00+00:00,SPY,exit_long,669.42,hybrid_exit
signal_close_cross,2026-03-16 19:40:00+00:00,SPY,enter_long,669.03,signal_close_cross
signal_close_cross,2026-03-17 13:40:00+00:00,SPY,exit_long,673.885,hybrid_exit
signal_close_cross,2026-03-17 13:50:00+00:00,SPY,enter_short,673.97,signal_close_cross
signal_close_cross,2026-03-17 14:20:00+00:00,SPY,exit_short,672.565,hybrid_exit
signal_close_cross,2026-03-17 14:31:00+00:00,SPY,enter_short,672.41,signal_close_cross
signal_close_cross,2026-03-17 15:40:00+00:00,SPY,exit_short,670.68,hybrid_exit
signal_close_cross,2026-03-17 16:10:00+00:00,SPY,enter_long,670.89,signal_close_cross
signal_close_cross,2026-03-17 16:20:00+00:00,SPY,enter_short,671.35,signal_close_cross
signal_close_cross,2026-03-17 17:00:00+00:00,SPY,exit_short,671.05,hybrid_exit
signal_close_cross,2026-03-17 17:10:00+00:00,SPY,enter_short,671.28,signal_close_cross
signal_close_cross,2026-03-17 17:20:00+00:00,SPY,exit_long,671.4,hybrid_exit
signal_close_cross,2026-03-18 13:40:00+00:00,SPY,exit_short,669.07,hybrid_exit
signal_close_cross,2026-03-18 13:51:00+00:00,SPY,enter_short,668.63,signal_close_cross
signal_close_cross,2026-03-18 14:30:00+00:00,SPY,exit_short,665.98,hybrid_exit
signal_close_cross,2026-03-18 14:30:00+00:00,SPY,enter_long,666.27,signal_close_cross
signal_close_cross,2026-03-18 15:02:00+00:00,SPY,enter_short,666.86,signal_close_cross
signal_close_cross,2026-03-18 15:10:00+00:00,SPY,exit_long,667.96,hybrid_exit
signal_close_cross,2026-03-18 19:10:00+00:00,SPY,exit_short,664.4,hybrid_exit
signal_close_cross,2026-03-18 19:20:00+00:00,SPY,enter_short,663.28,signal_close_cross
signal_close_cross,2026-03-19 13:40:00+00:00,SPY,exit_short,656.23,hybrid_exit
signal_close_cross,2026-03-19 13:40:00+00:00,SPY,enter_long,656.37,signal_close_cross
signal_close_cross,2026-03-19 14:00:00+00:00,SPY,exit_long,658.64,hybrid_exit
signal_close_cross,2026-03-19 14:04:00+00:00,SPY,enter_short,658.21,signal_close_cross
signal_close_cross,2026-03-19 14:30:00+00:00,SPY,exit_short,656.33,hybrid_exit
signal_close_cross,2026-03-19 14:30:00+00:00,SPY,enter_long,656.49,signal_close_cross
signal_close_cross,2026-03-19 14:40:00+00:00,SPY,exit_long,657.37,hybrid_exit
signal_close_cross,2026-03-19 15:19:00+00:00,SPY,enter_short,658.12,signal_close_cross
signal_close_cross,2026-03-19 15:40:00+00:00,SPY,enter_long,657.08,signal_close_cross
signal_close_cross,2026-03-19 15:50:00+00:00,SPY,exit_short,657.02,hybrid_exit
signal_close_cross,2026-03-19 16:10:00+00:00,SPY,exit_long,658.495,hybrid_exit
signal_close_cross,2026-03-19 16:10:00+00:00,SPY,enter_short,657.96,signal_close_cross
signal_close_cross,2026-03-19 17:10:00+00:00,SPY,enter_long,655.99,signal_close_cross
signal_close_cross,2026-03-19 17:20:00+00:00,SPY,exit_short,656.8,hybrid_exit
signal_close_cross,2026-03-19 18:30:00+00:00,SPY,exit_long,657.155,hybrid_exit
signal_close_cross,2026-03-19 18:51:00+00:00,SPY,enter_long,656.81,signal_close_cross
signal_close_cross,2026-03-19 19:00:00+00:00,SPY,exit_long,658.415,hybrid_exit
signal_close_cross,2026-03-19 19:12:00+00:00,SPY,enter_short,661.3,signal_close_cross
signal_close_cross,2026-03-19 19:40:00+00:00,SPY,exit_short,660.16,hybrid_exit
signal_close_cross,2026-03-19 19:50:00+00:00,SPY,enter_short,659.565,signal_close_cross
signal_close_cross,2026-03-20 14:10:00+00:00,SPY,exit_short,653.09,hybrid_exit
signal_close_cross,2026-03-20 14:20:00+00:00,SPY,enter_long,652.2,signal_close_cross
signal_close_cross,2026-03-20 15:00:00+00:00,SPY,exit_long,652.15,hybrid_exit
signal_close_cross,2026-03-20 15:30:00+00:00,SPY,enter_long,651.93,signal_close_cross
signal_close_cross,2026-03-20 16:00:00+00:00,SPY,exit_long,652.96,hybrid_exit
signal_close_cross,2026-03-20 16:15:00+00:00,SPY,enter_short,653.2,signal_close_cross
signal_close_cross,2026-03-20 18:30:00+00:00,SPY,exit_short,649.4,hybrid_exit
signal_close_cross,2026-03-20 18:40:00+00:00,SPY,enter_long,648.54,signal_close_cross
signal_close_cross,2026-03-23 14:10:00+00:00,SPY,exit_long,659.56,hybrid_exit
signal_close_cross,2026-03-23 14:10:00+00:00,SPY,enter_short,659.44,signal_close_cross
signal_close_cross,2026-03-23 16:10:00+00:00,SPY,exit_short,656.77,hybrid_exit
signal_close_cross,2026-03-23 16:30:00+00:00,SPY,enter_long,654.26,signal_close_cross
signal_close_cross,2026-03-23 17:40:00+00:00,SPY,exit_long,657.8,hybrid_exit
signal_close_cross,2026-03-23 17:50:00+00:00,SPY,enter_long,656.98,signal_close_cross
signal_close_cross,2026-03-23 18:30:00+00:00,SPY,exit_long,657.43,hybrid_exit
signal_close_cross,2026-03-23 18:40:00+00:00,SPY,enter_short,658.91,signal_close_cross
signal_close_cross,2026-03-24 13:40:00+00:00,SPY,exit_short,651.22,hybrid_exit
signal_close_cross,2026-03-24 13:46:00+00:00,SPY,enter_long,651.57,signal_close_cross
signal_close_cross,2026-03-24 15:00:00+00:00,SPY,exit_long,653.95,hybrid_exit
signal_close_cross,2026-03-24 15:30:00+00:00,SPY,enter_short,656.02,signal_close_cross
signal_close_cross,2026-03-24 17:11:00+00:00,SPY,enter_long,653.11,signal_close_cross
signal_close_cross,2026-03-24 17:20:00+00:00,SPY,exit_short,652.79,hybrid_exit
signal_close_cross,2026-03-24 18:50:00+00:00,SPY,exit_long,655.02,hybrid_exit
signal_close_cross,2026-03-24 19:30:00+00:00,SPY,enter_long,654.5,signal_close_cross
signal_close_cross,2026-03-25 13:40:00+00:00,SPY,exit_long,659.88,hybrid_exit
signal_close_cross,2026-03-25 14:01:00+00:00,SPY,enter_long,656.67,signal_close_cross
signal_close_cross,2026-03-25 14:20:00+00:00,SPY,exit_long,657.64,hybrid_exit
signal_close_cross,2026-03-25 14:24:00+00:00,SPY,enter_short,657.36,signal_close_cross
signal_close_cross,2026-03-25 15:20:00+00:00,SPY,exit_short,655.15,hybrid_exit
signal_close_cross,2026-03-25 15:20:00+00:00,SPY,enter_long,655.69,signal_close_cross
signal_close_cross,2026-03-25 15:30:00+00:00,SPY,exit_long,657.87,hybrid_exit
signal_close_cross,2026-03-25 15:35:00+00:00,SPY,enter_short,657.71,signal_close_cross
signal_close_cross,2026-03-25 15:50:00+00:00,SPY,enter_long,657.06,signal_close_cross
signal_close_cross,2026-03-25 16:10:00+00:00,SPY,exit_short,656.57,hybrid_exit
signal_close_cross,2026-03-25 16:40:00+00:00,SPY,exit_long,658.055,hybrid_exit
signal_close_cross,2026-03-25 16:40:00+00:00,SPY,enter_short,657.95,signal_close_cross
signal_close_cross,2026-03-25 17:10:00+00:00,SPY,enter_long,657.18,signal_close_cross
signal_close_cross,2026-03-25 17:20:00+00:00,SPY,exit_short,657.24,hybrid_exit
signal_close_cross,2026-03-25 17:30:00+00:00,SPY,enter_short,657.98,signal_close_cross
signal_close_cross,2026-03-25 17:50:00+00:00,SPY,exit_long,658.07,hybrid_exit
signal_close_cross,2026-03-26 13:40:00+00:00,SPY,enter_long,651.17,signal_close_cross
signal_close_cross,2026-03-26 13:40:00+00:00,SPY,exit_short,650.79,hybrid_exit
signal_close_cross,2026-03-26 13:50:00+00:00,SPY,exit_long,653.45,hybrid_exit
signal_close_cross,2026-03-26 14:00:00+00:00,SPY,enter_short,654.35,signal_close_cross
signal_close_cross,2026-03-26 15:00:00+00:00,SPY,exit_short,652.31,hybrid_exit
signal_close_cross,2026-03-26 15:13:00+00:00,SPY,enter_short,652.28,signal_close_cross
signal_close_cross,2026-03-26 19:15:00+00:00,SPY,enter_long,646.55,signal_close_cross
signal_close_cross,2026-03-26 19:50:00+00:00,SPY,exit_long,645.73,hybrid_exit
signal_close_cross,2026-03-27 13:40:00+00:00,SPY,exit_short,640.925,hybrid_exit
signal_close_cross,2026-03-27 13:50:00+00:00,SPY,enter_short,640.95,signal_close_cross
signal_close_cross,2026-03-27 14:00:00+00:00,SPY,exit_short,639.01,hybrid_exit
signal_close_cross,2026-03-27 14:21:00+00:00,SPY,enter_short,640.45,signal_close_cross
signal_close_cross,2026-03-27 14:30:00+00:00,SPY,enter_long,639.18,signal_close_cross
signal_close_cross,2026-03-27 14:40:00+00:00,SPY,exit_short,638.9,hybrid_exit
signal_close_cross,2026-03-27 14:50:00+00:00,SPY,exit_long,640.2,hybrid_exit
signal_close_cross,2026-03-27 14:51:00+00:00,SPY,enter_short,640.03,signal_close_cross
signal_body_break,2026-01-26 20:13:00+00:00,SPY,enter_short,693.56,signal_body_break
signal_body_break,2026-01-26 20:22:00+00:00,SPY,enter_long,693.67,signal_body_break
signal_body_break,2026-01-26 20:50:00+00:00,SPY,exit_short,693.63,hybrid_exit
signal_body_break,2026-01-27 14:40:00+00:00,SPY,exit_long,693.6,hybrid_exit
signal_body_break,2026-01-27 14:50:00+00:00,SPY,enter_long,694.78,signal_body_break
signal_body_break,2026-01-27 16:00:00+00:00,SPY,exit_long,696.0,hybrid_exit
signal_body_break,2026-01-27 16:50:00+00:00,SPY,enter_short,696.255,signal_body_break
signal_body_break,2026-01-27 17:50:00+00:00,SPY,exit_short,695.7,hybrid_exit
signal_body_break,2026-01-27 18:15:00+00:00,SPY,enter_long,695.475,signal_body_break
signal_body_break,2026-01-27 19:00:00+00:00,SPY,exit_long,696.01,hybrid_exit
signal_body_break,2026-01-27 19:40:00+00:00,SPY,enter_short,696.05,signal_body_break
signal_body_break,2026-01-27 20:20:00+00:00,SPY,exit_short,696.27,hybrid_exit
signal_body_break,2026-01-27 20:49:00+00:00,SPY,enter_long,696.12,signal_body_break
signal_body_break,2026-01-28 14:40:00+00:00,SPY,exit_long,697.165,hybrid_exit
signal_body_break,2026-01-28 14:59:00+00:00,SPY,enter_short,697.1,signal_body_break
signal_body_break,2026-01-28 15:20:00+00:00,SPY,exit_short,696.51,hybrid_exit
signal_body_break,2026-01-28 15:34:00+00:00,SPY,enter_short,696.17,signal_body_break
signal_body_break,2026-01-28 17:00:00+00:00,SPY,exit_short,694.73,hybrid_exit
signal_body_break,2026-01-28 17:03:00+00:00,SPY,enter_long,695.13,signal_body_break
signal_body_break,2026-01-28 17:23:00+00:00,SPY,enter_short,694.995,signal_body_break
signal_body_break,2026-01-28 18:00:00+00:00,SPY,exit_long,694.84,hybrid_exit
signal_body_break,2026-01-28 18:00:00+00:00,SPY,exit_short,694.84,hybrid_exit
signal_body_break,2026-01-28 18:30:00+00:00,SPY,enter_short,695.22,signal_body_break
signal_body_break,2026-01-28 18:50:00+00:00,SPY,enter_long,695.11,signal_body_break
signal_body_break,2026-01-28 19:10:00+00:00,SPY,exit_short,695.0,hybrid_exit
signal_body_break,2026-01-28 19:40:00+00:00,SPY,exit_long,694.67,hybrid_exit
signal_body_break,2026-01-28 20:20:00+00:00,SPY,enter_short,695.77,signal_body_break
signal_body_break,2026-01-29 14:50:00+00:00,SPY,exit_short,693.64,hybrid_exit
signal_body_break,2026-01-29 15:00:00+00:00,SPY,enter_short,690.56,signal_body_break
signal_body_break,2026-01-29 15:40:00+00:00,SPY,exit_short,687.59,hybrid_exit
signal_body_break,2026-01-29 16:10:00+00:00,SPY,enter_long,686.13,signal_body_break
signal_body_break,2026-01-29 17:30:00+00:00,SPY,exit_long,690.985,hybrid_exit
signal_body_break,2026-01-29 17:40:00+00:00,SPY,enter_short,690.88,signal_body_break
signal_body_break,2026-01-29 18:00:00+00:00,SPY,exit_short,689.03,hybrid_exit
signal_body_break,2026-01-29 18:05:00+00:00,SPY,enter_long,690.43,signal_body_break
signal_body_break,2026-01-30 14:30:00+00:00,SPY,exit_long,691.84,hybrid_exit
signal_body_break,2026-01-30 14:30:00+00:00,SPY,enter_short,692.915,signal_body_break
signal_body_break,2026-01-30 15:10:00+00:00,SPY,exit_short,693.34,hybrid_exit
signal_body_break,2026-01-30 15:21:00+00:00,SPY,enter_short,693.11,signal_body_break
signal_body_break,2026-01-30 15:40:00+00:00,SPY,exit_short,693.04,hybrid_exit
signal_body_break,2026-01-30 15:53:00+00:00,SPY,enter_short,692.49,signal_body_break
signal_body_break,2026-01-30 17:10:00+00:00,SPY,exit_short,689.11,hybrid_exit
signal_body_break,2026-01-30 17:20:00+00:00,SPY,enter_long,689.66,signal_body_break
signal_body_break,2026-01-30 19:00:00+00:00,SPY,exit_long,691.36,hybrid_exit
signal_body_break,2026-01-30 19:29:00+00:00,SPY,enter_short,691.34,signal_body_break
signal_body_break,2026-01-30 19:53:00+00:00,SPY,enter_long,691.7,signal_body_break
signal_body_break,2026-01-30 20:00:00+00:00,SPY,exit_short,690.665,hybrid_exit
signal_body_break,2026-02-02 17:20:00+00:00,SPY,exit_long,696.26,hybrid_exit
signal_body_break,2026-02-02 17:20:00+00:00,SPY,enter_short,696.16,signal_body_break
signal_body_break,2026-02-02 18:30:00+00:00,SPY,exit_short,696.07,hybrid_exit
signal_body_break,2026-02-02 19:00:00+00:00,SPY,enter_short,696.51,signal_body_break
signal_body_break,2026-02-02 20:10:00+00:00,SPY,exit_short,696.3,hybrid_exit
signal_body_break,2026-02-02 20:29:00+00:00,SPY,enter_short,695.81,signal_body_break
signal_body_break,2026-02-03 15:10:00+00:00,SPY,exit_short,692.99,hybrid_exit
signal_body_break,2026-02-03 15:21:00+00:00,SPY,enter_short,692.36,signal_body_break
signal_body_break,2026-02-03 18:40:00+00:00,SPY,exit_short,686.355,hybrid_exit
signal_body_break,2026-02-03 19:11:00+00:00,SPY,enter_long,685.1,signal_body_break
signal_body_break,2026-02-03 19:30:00+00:00,SPY,exit_long,686.26,hybrid_exit
signal_body_break,2026-02-03 19:40:00+00:00,SPY,enter_long,686.48,signal_body_break
signal_body_break,2026-02-04 14:40:00+00:00,SPY,exit_long,690.57,hybrid_exit
signal_body_break,2026-02-04 14:40:00+00:00,SPY,enter_short,690.0,signal_body_break
signal_body_break,2026-02-04 15:10:00+00:00,SPY,exit_short,688.985,hybrid_exit
signal_body_break,2026-02-04 15:34:00+00:00,SPY,enter_short,688.325,signal_body_break
signal_body_break,2026-02-04 17:00:00+00:00,SPY,exit_short,686.51,hybrid_exit
signal_body_break,2026-02-04 17:10:00+00:00,SPY,enter_short,686.06,signal_body_break
signal_body_break,2026-02-04 17:40:00+00:00,SPY,exit_short,682.41,hybrid_exit
signal_body_break,2026-02-04 17:52:00+00:00,SPY,enter_long,682.73,signal_body_break
signal_body_break,2026-02-04 19:50:00+00:00,SPY,exit_long,687.33,hybrid_exit
signal_body_break,2026-02-04 20:10:00+00:00,SPY,enter_short,687.72,signal_body_break
signal_body_break,2026-02-05 14:40:00+00:00,SPY,exit_short,682.37,hybrid_exit
signal_body_break,2026-02-05 14:51:00+00:00,SPY,enter_short,682.15,signal_body_break
signal_body_break,2026-02-05 15:10:00+00:00,SPY,exit_short,678.75,hybrid_exit
signal_body_break,2026-02-05 15:41:00+00:00,SPY,enter_long,677.72,signal_body_break
signal_body_break,2026-02-05 16:40:00+00:00,SPY,exit_long,680.235,hybrid_exit
signal_body_break,2026-02-05 17:03:00+00:00,SPY,enter_short,680.11,signal_body_break
signal_body_break,2026-02-05 18:30:00+00:00,SPY,exit_short,679.09,hybrid_exit
signal_body_break,2026-02-05 19:02:00+00:00,SPY,enter_long,678.495,signal_body_break
signal_body_break,2026-02-05 19:30:00+00:00,SPY,exit_long,680.145,hybrid_exit
signal_body_break,2026-02-05 20:01:00+00:00,SPY,enter_long,679.38,signal_body_break
signal_body_break,2026-02-06 15:00:00+00:00,SPY,exit_long,684.82,hybrid_exit
signal_body_break,2026-02-06 15:10:00+00:00,SPY,enter_long,684.97,signal_body_break
signal_body_break,2026-02-06 18:20:00+00:00,SPY,exit_long,689.155,hybrid_exit
signal_body_break,2026-02-06 18:31:00+00:00,SPY,enter_long,689.165,signal_body_break
signal_body_break,2026-02-09 14:30:00+00:00,SPY,exit_long,689.47,hybrid_exit
signal_body_break,2026-02-09 14:40:00+00:00,SPY,enter_long,691.13,signal_body_break
signal_body_break,2026-02-09 15:30:00+00:00,SPY,exit_long,691.94,hybrid_exit
signal_body_break,2026-02-09 15:40:00+00:00,SPY,enter_long,693.495,signal_body_break
signal_body_break,2026-02-09 17:00:00+00:00,SPY,exit_long,695.375,hybrid_exit
signal_body_break,2026-02-09 17:10:00+00:00,SPY,enter_short,695.37,signal_body_break
signal_body_break,2026-02-09 18:00:00+00:00,SPY,exit_short,694.58,hybrid_exit
signal_body_break,2026-02-09 18:20:00+00:00,SPY,enter_long,694.9,signal_body_break
signal_body_break,2026-02-09 19:30:00+00:00,SPY,exit_long,695.76,hybrid_exit
signal_body_break,2026-02-09 19:40:00+00:00,SPY,enter_short,695.52,signal_body_break
signal_body_break,2026-02-09 20:40:00+00:00,SPY,exit_short,694.54,hybrid_exit
signal_body_break,2026-02-09 20:42:00+00:00,SPY,enter_long,694.61,signal_body_break
signal_body_break,2026-02-10 15:00:00+00:00,SPY,exit_long,695.77,hybrid_exit
signal_body_break,2026-02-10 15:13:00+00:00,SPY,enter_short,694.83,signal_body_break
signal_body_break,2026-02-10 16:20:00+00:00,SPY,exit_short,694.94,hybrid_exit
signal_body_break,2026-02-10 17:22:00+00:00,SPY,enter_short,695.13,signal_body_break
signal_body_break,2026-02-10 18:40:00+00:00,SPY,exit_short,693.675,hybrid_exit
signal_body_break,2026-02-10 19:40:00+00:00,SPY,enter_short,693.87,signal_body_break
signal_body_break,2026-02-11 14:30:00+00:00,SPY,exit_short,696.435,hybrid_exit
signal_body_break,2026-02-11 14:30:00+00:00,SPY,enter_long,696.92,signal_body_break
signal_body_break,2026-02-11 14:40:00+00:00,SPY,exit_long,695.19,hybrid_exit
signal_body_break,2026-02-11 14:42:00+00:00,SPY,enter_short,695.18,signal_body_break
signal_body_break,2026-02-11 15:20:00+00:00,SPY,exit_short,690.79,hybrid_exit
signal_body_break,2026-02-11 15:35:00+00:00,SPY,enter_long,691.02,signal_body_break
signal_body_break,2026-02-11 16:30:00+00:00,SPY,exit_long,691.74,hybrid_exit
signal_body_break,2026-02-11 17:12:00+00:00,SPY,enter_long,692.51,signal_body_break
signal_body_break,2026-02-11 17:50:00+00:00,SPY,exit_long,693.73,hybrid_exit
signal_body_break,2026-02-11 17:55:00+00:00,SPY,enter_short,693.18,signal_body_break
signal_body_break,2026-02-11 18:20:00+00:00,SPY,exit_short,692.05,hybrid_exit
signal_body_break,2026-02-11 18:22:00+00:00,SPY,enter_long,692.225,signal_body_break
signal_body_break,2026-02-11 19:20:00+00:00,SPY,exit_long,693.365,hybrid_exit
signal_body_break,2026-02-11 19:40:00+00:00,SPY,enter_short,693.59,signal_body_break
signal_body_break,2026-02-11 20:20:00+00:00,SPY,exit_short,692.71,hybrid_exit
signal_body_break,2026-02-11 20:50:00+00:00,SPY,enter_short,692.315,signal_body_break
signal_body_break,2026-02-12 14:30:00+00:00,SPY,enter_long,694.29,signal_body_break
signal_body_break,2026-02-12 14:40:00+00:00,SPY,exit_long,694.82,hybrid_exit
signal_body_break,2026-02-12 16:30:00+00:00,SPY,exit_short,683.6,hybrid_exit
signal_body_break,2026-02-12 16:36:00+00:00,SPY,enter_long,685.79,signal_body_break
signal_body_break,2026-02-12 16:40:00+00:00,SPY,exit_long,685.58,hybrid_exit
signal_body_break,2026-02-12 17:10:00+00:00,SPY,enter_short,684.18,signal_body_break
signal_body_break,2026-02-12 17:23:00+00:00,SPY,enter_long,684.99,signal_body_break
signal_body_break,2026-02-12 17:40:00+00:00,SPY,exit_long,684.89,hybrid_exit
signal_body_break,2026-02-12 18:10:00+00:00,SPY,exit_short,683.34,hybrid_exit
signal_body_break,2026-02-12 18:11:00+00:00,SPY,enter_long,683.455,signal_body_break
signal_body_break,2026-02-12 19:00:00+00:00,SPY,exit_long,684.855,hybrid_exit
signal_body_break,2026-02-12 19:10:00+00:00,SPY,enter_short,684.47,signal_body_break
signal_body_break,2026-02-13 14:30:00+00:00,SPY,exit_short,681.695,hybrid_exit
signal_body_break,2026-02-13 14:31:00+00:00,SPY,enter_long,682.07,signal_body_break
signal_body_break,2026-02-13 15:40:00+00:00,SPY,exit_long,682.86,hybrid_exit
signal_body_break,2026-02-13 15:55:00+00:00,SPY,enter_long,682.98,signal_body_break
signal_body_break,2026-02-13 17:10:00+00:00,SPY,exit_long,685.2,hybrid_exit
signal_body_break,2026-02-13 17:50:00+00:00,SPY,enter_short,685.88,signal_body_break
signal_body_break,2026-02-13 20:50:00+00:00,SPY,exit_short,681.18,hybrid_exit
signal_body_break,2026-02-17 14:30:00+00:00,SPY,enter_short,680.5,signal_body_break
signal_body_break,2026-02-17 15:00:00+00:00,SPY,exit_short,676.42,hybrid_exit
signal_body_break,2026-02-17 15:10:00+00:00,SPY,enter_long,677.465,signal_body_break
signal_body_break,2026-02-17 16:20:00+00:00,SPY,exit_long,682.76,hybrid_exit
signal_body_break,2026-02-17 17:00:00+00:00,SPY,enter_short,681.92,signal_body_break
signal_body_break,2026-02-17 17:29:00+00:00,SPY,enter_long,682.1,signal_body_break
signal_body_break,2026-02-17 17:30:00+00:00,SPY,exit_short,682.11,hybrid_exit
signal_body_break,2026-02-17 19:00:00+00:00,SPY,exit_long,684.06,hybrid_exit
signal_body_break,2026-02-17 19:10:00+00:00,SPY,enter_short,683.845,signal_body_break
signal_body_break,2026-02-17 20:10:00+00:00,SPY,exit_short,683.39,hybrid_exit
signal_body_break,2026-02-17 20:16:00+00:00,SPY,enter_long,683.61,signal_body_break
signal_body_break,2026-02-18 15:10:00+00:00,SPY,exit_long,687.48,hybrid_exit
signal_body_break,2026-02-18 15:30:00+00:00,SPY,enter_short,687.6,signal_body_break
signal_body_break,2026-02-18 16:20:00+00:00,SPY,exit_short,688.13,hybrid_exit
signal_body_break,2026-02-18 16:49:00+00:00,SPY,enter_short,688.06,signal_body_break
signal_body_break,2026-02-18 17:04:00+00:00,SPY,enter_long,688.155,signal_body_break
signal_body_break,2026-02-18 17:20:00+00:00,SPY,exit_long,688.58,hybrid_exit
signal_body_break,2026-02-18 20:00:00+00:00,SPY,exit_short,684.62,hybrid_exit
signal_body_break,2026-02-18 20:02:00+00:00,SPY,enter_long,685.27,signal_body_break
signal_body_break,2026-02-18 20:50:00+00:00,SPY,exit_long,686.47,hybrid_exit
signal_body_break,2026-02-19 14:30:00+00:00,SPY,enter_short,684.25,signal_body_break
signal_body_break,2026-02-19 14:40:00+00:00,SPY,exit_short,683.68,hybrid_exit
signal_body_break,2026-02-19 14:43:00+00:00,SPY,enter_long,683.86,signal_body_break
signal_body_break,2026-02-19 15:00:00+00:00,SPY,exit_long,684.9,hybrid_exit
signal_body_break,2026-02-19 15:21:00+00:00,SPY,enter_short,684.36,signal_body_break
signal_body_break,2026-02-19 15:32:00+00:00,SPY,enter_long,685.28,signal_body_break
signal_body_break,2026-02-19 15:40:00+00:00,SPY,exit_long,685.43,hybrid_exit
signal_body_break,2026-02-19 17:14:00+00:00,SPY,enter_long,683.55,signal_body_break
signal_body_break,2026-02-19 17:20:00+00:00,SPY,exit_long,684.08,hybrid_exit
signal_body_break,2026-02-19 18:00:00+00:00,SPY,exit_short,682.42,hybrid_exit
signal_body_break,2026-02-19 18:12:00+00:00,SPY,enter_long,682.77,signal_body_break
signal_body_break,2026-02-19 19:00:00+00:00,SPY,exit_long,683.73,hybrid_exit
signal_body_break,2026-02-19 19:11:00+00:00,SPY,enter_short,683.64,signal_body_break
signal_body_break,2026-02-19 19:50:00+00:00,SPY,exit_short,682.53,hybrid_exit
signal_body_break,2026-02-19 19:50:00+00:00,SPY,enter_long,682.72,signal_body_break
signal_body_break,2026-02-20 14:50:00+00:00,SPY,exit_long,684.26,hybrid_exit
signal_body_break,2026-02-20 15:00:00+00:00,SPY,enter_long,685.565,signal_body_break
signal_body_break,2026-02-20 15:10:00+00:00,SPY,exit_long,687.035,hybrid_exit
signal_body_break,2026-02-20 15:21:00+00:00,SPY,enter_long,687.51,signal_body_break
signal_body_break,2026-02-20 15:50:00+00:00,SPY,exit_long,688.17,hybrid_exit
signal_body_break,2026-02-20 16:10:00+00:00,SPY,enter_short,688.19,signal_body_break
signal_body_break,2026-02-20 16:38:00+00:00,SPY,enter_long,687.67,signal_body_break
signal_body_break,2026-02-20 16:40:00+00:00,SPY,exit_long,688.12,hybrid_exit
signal_body_break,2026-02-20 17:20:00+00:00,SPY,exit_short,685.08,hybrid_exit
signal_body_break,2026-02-20 17:30:00+00:00,SPY,enter_long,685.665,signal_body_break
signal_body_break,2026-02-20 18:50:00+00:00,SPY,exit_long,689.1,hybrid_exit
signal_body_break,2026-02-20 19:06:00+00:00,SPY,enter_short,689.03,signal_body_break
signal_body_break,2026-02-20 19:40:00+00:00,SPY,exit_short,688.61,hybrid_exit
signal_body_break,2026-02-20 20:20:00+00:00,SPY,enter_short,688.61,signal_body_break
signal_body_break,2026-02-23 16:10:00+00:00,SPY,exit_short,681.15,hybrid_exit
signal_body_break,2026-02-23 16:20:00+00:00,SPY,enter_long,681.82,signal_body_break
signal_body_break,2026-02-23 17:00:00+00:00,SPY,exit_long,681.96,hybrid_exit
signal_body_break,2026-02-23 17:50:00+00:00,SPY,enter_long,681.34,signal_body_break
signal_body_break,2026-02-23 18:20:00+00:00,SPY,exit_long,683.13,hybrid_exit
signal_body_break,2026-02-23 18:40:00+00:00,SPY,enter_short,683.32,signal_body_break
signal_body_break,2026-02-23 19:20:00+00:00,SPY,exit_short,681.755,hybrid_exit
signal_body_break,2026-02-23 19:48:00+00:00,SPY,enter_long,681.39,signal_body_break
signal_body_break,2026-02-24 14:50:00+00:00,SPY,exit_long,684.9,hybrid_exit
signal_body_break,2026-02-24 15:11:00+00:00,SPY,enter_long,683.97,signal_body_break
signal_body_break,2026-02-24 15:50:00+00:00,SPY,exit_long,686.0,hybrid_exit
signal_body_break,2026-02-24 16:02:00+00:00,SPY,enter_long,686.09,signal_body_break
signal_body_break,2026-02-24 17:30:00+00:00,SPY,exit_long,687.45,hybrid_exit
signal_body_break,2026-02-24 17:40:00+00:00,SPY,enter_short,687.32,signal_body_break
signal_body_break,2026-02-24 18:30:00+00:00,SPY,exit_short,687.04,hybrid_exit
signal_body_break,2026-02-24 18:58:00+00:00,SPY,enter_short,687.65,signal_body_break
signal_body_break,2026-02-24 19:30:00+00:00,SPY,exit_short,686.89,hybrid_exit
signal_body_break,2026-02-24 19:31:00+00:00,SPY,enter_long,687.05,signal_body_break
signal_body_break,2026-02-24 21:00:00+00:00,SPY,exit_long,687.45,hybrid_exit
signal_body_break,2026-02-25 14:30:00+00:00,SPY,enter_long,691.08,signal_body_break
signal_body_break,2026-02-25 14:40:00+00:00,SPY,exit_long,691.19,hybrid_exit
signal_body_break,2026-02-25 14:56:00+00:00,SPY,enter_short,691.18,signal_body_break
signal_body_break,2026-02-25 15:30:00+00:00,SPY,exit_short,691.13,hybrid_exit
signal_body_break,2026-02-25 15:51:00+00:00,SPY,enter_long,690.75,signal_body_break
signal_body_break,2026-02-25 17:00:00+00:00,SPY,exit_long,692.02,hybrid_exit
signal_body_break,2026-02-25 17:29:00+00:00,SPY,enter_short,691.98,signal_body_break
signal_body_break,2026-02-25 17:37:00+00:00,SPY,enter_long,692.27,signal_body_break
signal_body_break,2026-02-25 18:00:00+00:00,SPY,exit_short,692.54,hybrid_exit
signal_body_break,2026-02-25 19:20:00+00:00,SPY,exit_long,693.0,hybrid_exit
signal_body_break,2026-02-25 19:51:00+00:00,SPY,enter_short,693.15,signal_body_break
signal_body_break,2026-02-26 14:40:00+00:00,SPY,exit_short,692.165,hybrid_exit
signal_body_break,2026-02-26 14:51:00+00:00,SPY,enter_short,691.01,signal_body_break
signal_body_break,2026-02-26 15:10:00+00:00,SPY,exit_short,690.025,hybrid_exit
signal_body_break,2026-02-26 15:40:00+00:00,SPY,enter_long,686.66,signal_body_break
signal_body_break,2026-02-26 16:00:00+00:00,SPY,exit_long,687.685,hybrid_exit
signal_body_break,2026-02-26 16:36:00+00:00,SPY,enter_short,687.8,signal_body_break
signal_body_break,2026-02-26 17:10:00+00:00,SPY,exit_short,686.76,hybrid_exit
signal_body_break,2026-02-26 17:30:00+00:00,SPY,enter_long,686.43,signal_body_break
signal_body_break,2026-02-26 19:20:00+00:00,SPY,exit_long,688.89,hybrid_exit
signal_body_break,2026-02-26 19:59:00+00:00,SPY,enter_short,689.03,signal_body_break
signal_body_break,2026-02-27 14:40:00+00:00,SPY,exit_short,684.06,hybrid_exit
signal_body_break,2026-02-27 15:01:00+00:00,SPY,enter_long,683.715,signal_body_break
signal_body_break,2026-02-27 15:50:00+00:00,SPY,exit_long,685.135,hybrid_exit
signal_body_break,2026-02-27 16:08:00+00:00,SPY,enter_short,685.08,signal_body_break
signal_body_break,2026-02-27 17:30:00+00:00,SPY,exit_short,684.14,hybrid_exit
signal_body_break,2026-02-27 18:12:00+00:00,SPY,enter_short,683.97,signal_body_break
signal_body_break,2026-02-27 18:50:00+00:00,SPY,exit_short,683.75,hybrid_exit
signal_body_break,2026-02-27 19:13:00+00:00,SPY,enter_long,684.18,signal_body_break
signal_body_break,2026-02-27 20:20:00+00:00,SPY,exit_long,685.57,hybrid_exit
signal_body_break,2026-02-27 20:34:00+00:00,SPY,enter_short,685.38,signal_body_break
signal_body_break,2026-03-02 14:40:00+00:00,SPY,exit_short,681.0,hybrid_exit
signal_body_break,2026-03-02 14:40:00+00:00,SPY,enter_long,681.12,signal_body_break
signal_body_break,2026-03-02 15:30:00+00:00,SPY,exit_long,683.37,hybrid_exit
signal_body_break,2026-03-02 15:41:00+00:00,SPY,enter_long,683.99,signal_body_break
signal_body_break,2026-03-02 17:00:00+00:00,SPY,exit_long,686.25,hybrid_exit
signal_body_break,2026-03-02 17:30:00+00:00,SPY,enter_short,686.44,signal_body_break
signal_body_break,2026-03-02 18:20:00+00:00,SPY,exit_short,686.59,hybrid_exit
signal_body_break,2026-03-02 19:06:00+00:00,SPY,enter_long,685.85,signal_body_break
signal_body_break,2026-03-02 19:40:00+00:00,SPY,exit_long,688.31,hybrid_exit
signal_body_break,2026-03-02 19:42:00+00:00,SPY,enter_short,688.18,signal_body_break
signal_body_break,2026-03-02 20:20:00+00:00,SPY,exit_short,686.08,hybrid_exit
signal_body_break,2026-03-03 14:30:00+00:00,SPY,enter_short,676.12,signal_body_break
signal_body_break,2026-03-03 14:40:00+00:00,SPY,exit_short,675.78,hybrid_exit
signal_body_break,2026-03-03 15:11:00+00:00,SPY,enter_long,672.54,signal_body_break
signal_body_break,2026-03-03 16:50:00+00:00,SPY,exit_long,677.57,hybrid_exit
signal_body_break,2026-03-03 17:19:00+00:00,SPY,enter_long,677.57,signal_body_break
signal_body_break,2026-03-03 18:50:00+00:00,SPY,exit_long,681.4,hybrid_exit
signal_body_break,2026-03-03 19:00:00+00:00,SPY,enter_short,681.23,signal_body_break
signal_body_break,2026-03-03 19:40:00+00:00,SPY,exit_short,680.82,hybrid_exit
signal_body_break,2026-03-03 20:00:00+00:00,SPY,enter_short,680.94,signal_body_break
signal_body_break,2026-03-03 20:31:00+00:00,SPY,enter_long,681.29,signal_body_break
signal_body_break,2026-03-03 20:40:00+00:00,SPY,exit_short,680.66,hybrid_exit
signal_body_break,2026-03-04 15:40:00+00:00,SPY,exit_long,684.63,hybrid_exit
signal_body_break,2026-03-04 16:10:00+00:00,SPY,enter_short,685.255,signal_body_break
signal_body_break,2026-03-04 16:30:00+00:00,SPY,enter_long,685.23,signal_body_break
signal_body_break,2026-03-04 16:30:00+00:00,SPY,exit_short,685.185,hybrid_exit
signal_body_break,2026-03-04 17:10:00+00:00,SPY,exit_long,686.08,hybrid_exit
signal_body_break,2026-03-04 17:39:00+00:00,SPY,enter_long,686.05,signal_body_break
signal_body_break,2026-03-04 18:10:00+00:00,SPY,exit_long,686.22,hybrid_exit
signal_body_break,2026-03-04 18:30:00+00:00,SPY,enter_long,686.45,signal_body_break
signal_body_break,2026-03-04 19:00:00+00:00,SPY,exit_long,686.57,hybrid_exit
signal_body_break,2026-03-04 19:20:00+00:00,SPY,enter_short,686.73,signal_body_break
signal_body_break,2026-03-05 14:40:00+00:00,SPY,exit_short,683.63,hybrid_exit
signal_body_break,2026-03-05 15:11:00+00:00,SPY,enter_short,683.12,signal_body_break
signal_body_break,2026-03-05 15:40:00+00:00,SPY,exit_short,681.3,hybrid_exit
signal_body_break,2026-03-05 16:03:00+00:00,SPY,enter_short,681.19,signal_body_break
signal_body_break,2026-03-05 17:40:00+00:00,SPY,exit_short,678.09,hybrid_exit
signal_body_break,2026-03-05 18:30:00+00:00,SPY,enter_long,676.51,signal_body_break
signal_body_break,2026-03-05 20:00:00+00:00,SPY,exit_long,677.1,hybrid_exit
signal_body_break,2026-03-06 14:30:00+00:00,SPY,enter_short,672.76,signal_body_break
signal_body_break,2026-03-06 14:40:00+00:00,SPY,exit_short,671.06,hybrid_exit
signal_body_break,2026-03-06 14:51:00+00:00,SPY,enter_long,671.77,signal_body_break
signal_body_break,2026-03-06 15:40:00+00:00,SPY,exit_long,675.5,hybrid_exit
signal_body_break,2026-03-06 15:46:00+00:00,SPY,enter_short,674.01,signal_body_break
signal_body_break,2026-03-06 17:20:00+00:00,SPY,exit_short,674.43,hybrid_exit
signal_body_break,2026-03-06 17:50:00+00:00,SPY,enter_long,673.88,signal_body_break
signal_body_break,2026-03-06 18:30:00+00:00,SPY,exit_long,674.55,hybrid_exit
signal_body_break,2026-03-06 18:50:00+00:00,SPY,enter_short,674.13,signal_body_break
signal_body_break,2026-03-09 13:50:00+00:00,SPY,exit_short,663.68,hybrid_exit
signal_body_break,2026-03-09 14:00:00+00:00,SPY,enter_long,664.24,signal_body_break
signal_body_break,2026-03-09 16:20:00+00:00,SPY,exit_long,670.0,hybrid_exit
signal_body_break,2026-03-09 17:00:00+00:00,SPY,enter_short,671.03,signal_body_break
signal_body_break,2026-03-09 17:40:00+00:00,SPY,exit_short,668.5,hybrid_exit
signal_body_break,2026-03-09 17:51:00+00:00,SPY,enter_long,668.82,signal_body_break
signal_body_break,2026-03-09 19:40:00+00:00,SPY,exit_long,679.16,hybrid_exit
signal_body_break,2026-03-09 19:41:00+00:00,SPY,enter_short,677.3,signal_body_break
signal_body_break,2026-03-10 13:40:00+00:00,SPY,exit_short,677.04,hybrid_exit
signal_body_break,2026-03-10 14:19:00+00:00,SPY,enter_long,676.17,signal_body_break
signal_body_break,2026-03-10 15:00:00+00:00,SPY,exit_long,681.1,hybrid_exit
signal_body_break,2026-03-10 15:10:00+00:00,SPY,enter_short,680.43,signal_body_break
signal_body_break,2026-03-10 16:00:00+00:00,SPY,exit_short,681.4,hybrid_exit
signal_body_break,2026-03-10 16:25:00+00:00,SPY,enter_long,681.14,signal_body_break
signal_body_break,2026-03-10 17:00:00+00:00,SPY,exit_long,681.45,hybrid_exit
signal_body_break,2026-03-10 17:33:00+00:00,SPY,enter_short,682.31,signal_body_break
signal_body_break,2026-03-10 18:30:00+00:00,SPY,exit_short,679.42,hybrid_exit
signal_body_break,2026-03-10 18:40:00+00:00,SPY,enter_short,678.92,signal_body_break
signal_body_break,2026-03-10 19:50:00+00:00,SPY,exit_short,676.78,hybrid_exit
signal_body_break,2026-03-11 13:43:00+00:00,SPY,enter_short,677.48,signal_body_break
signal_body_break,2026-03-11 15:40:00+00:00,SPY,exit_short,674.875,hybrid_exit
signal_body_break,2026-03-11 15:55:00+00:00,SPY,enter_long,674.915,signal_body_break
signal_body_break,2026-03-11 16:50:00+00:00,SPY,exit_long,675.34,hybrid_exit
signal_body_break,2026-03-11 17:10:00+00:00,SPY,enter_short,675.96,signal_body_break
signal_body_break,2026-03-11 17:40:00+00:00,SPY,exit_short,674.64,hybrid_exit
signal_body_break,2026-03-11 19:02:00+00:00,SPY,enter_short,674.61,signal_body_break
signal_body_break,2026-03-12 13:40:00+00:00,SPY,exit_short,671.28,hybrid_exit
signal_body_break,2026-03-12 13:52:00+00:00,SPY,enter_short,669.87,signal_body_break
signal_body_break,2026-03-12 14:30:00+00:00,SPY,exit_short,668.04,hybrid_exit
signal_body_break,2026-03-12 14:43:00+00:00,SPY,enter_long,668.42,signal_body_break
signal_body_break,2026-03-12 15:40:00+00:00,SPY,exit_long,669.73,hybrid_exit
signal_body_break,2026-03-12 15:51:00+00:00,SPY,enter_short,668.89,signal_body_break
signal_body_break,2026-03-12 16:15:00+00:00,SPY,enter_long,669.44,signal_body_break
signal_body_break,2026-03-12 16:20:00+00:00,SPY,exit_long,669.8,hybrid_exit
signal_body_break,2026-03-12 18:50:00+00:00,SPY,exit_short,667.49,hybrid_exit
signal_body_break,2026-03-12 19:00:00+00:00,SPY,enter_long,667.65,signal_body_break
signal_body_break,2026-03-12 19:40:00+00:00,SPY,exit_long,667.915,hybrid_exit
signal_body_break,2026-03-13 13:30:00+00:00,SPY,enter_long,670.065,signal_body_break
signal_body_break,2026-03-13 13:40:00+00:00,SPY,exit_long,670.39,hybrid_exit
signal_body_break,2026-03-13 14:02:00+00:00,SPY,enter_short,669.87,signal_body_break
signal_body_break,2026-03-13 15:10:00+00:00,SPY,exit_short,666.21,hybrid_exit
signal_body_break,2026-03-13 15:23:00+00:00,SPY,enter_short,665.385,signal_body_break
signal_body_break,2026-03-13 16:00:00+00:00,SPY,exit_short,663.5,hybrid_exit
signal_body_break,2026-03-13 16:07:00+00:00,SPY,enter_long,664.605,signal_body_break
signal_body_break,2026-03-13 16:40:00+00:00,SPY,exit_long,664.27,hybrid_exit
signal_body_break,2026-03-13 16:44:00+00:00,SPY,enter_short,663.75,signal_body_break
signal_body_break,2026-03-13 18:00:00+00:00,SPY,exit_short,662.7,hybrid_exit
signal_body_break,2026-03-13 18:00:00+00:00,SPY,enter_long,662.825,signal_body_break
signal_body_break,2026-03-16 14:10:00+00:00,SPY,exit_long,670.8,hybrid_exit
signal_body_break,2026-03-16 14:12:00+00:00,SPY,enter_short,670.52,signal_body_break
signal_body_break,2026-03-16 14:50:00+00:00,SPY,exit_short,668.02,hybrid_exit
signal_body_break,2026-03-16 14:51:00+00:00,SPY,enter_long,668.54,signal_body_break
signal_body_break,2026-03-16 15:10:00+00:00,SPY,exit_long,669.17,hybrid_exit
signal_body_break,2026-03-16 15:41:00+00:00,SPY,enter_short,669.82,signal_body_break
signal_body_break,2026-03-16 16:20:00+00:00,SPY,exit_short,668.67,hybrid_exit
signal_body_break,2026-03-16 16:40:00+00:00,SPY,enter_long,668.22,signal_body_break
signal_body_break,2026-03-16 18:20:00+00:00,SPY,exit_long,669.81,hybrid_exit
signal_body_break,2026-03-16 18:41:00+00:00,SPY,enter_long,670.105,signal_body_break
signal_body_break,2026-03-16 19:20:00+00:00,SPY,exit_long,669.42,hybrid_exit
signal_body_break,2026-03-16 19:55:00+00:00,SPY,enter_long,669.0,signal_body_break
signal_body_break,2026-03-17 13:40:00+00:00,SPY,exit_long,673.885,hybrid_exit
signal_body_break,2026-03-17 13:52:00+00:00,SPY,enter_short,673.805,signal_body_break
signal_body_break,2026-03-17 14:20:00+00:00,SPY,exit_short,672.565,hybrid_exit
signal_body_break,2026-03-17 14:31:00+00:00,SPY,enter_short,672.41,signal_body_break
signal_body_break,2026-03-17 15:40:00+00:00,SPY,exit_short,670.68,hybrid_exit
signal_body_break,2026-03-17 16:11:00+00:00,SPY,enter_long,671.19,signal_body_break
signal_body_break,2026-03-17 17:20:00+00:00,SPY,exit_long,671.4,hybrid_exit
signal_body_break,2026-03-17 17:43:00+00:00,SPY,enter_short,671.34,signal_body_break
signal_body_break,2026-03-18 13:40:00+00:00,SPY,exit_short,669.07,hybrid_exit
signal_body_break,2026-03-18 13:51:00+00:00,SPY,enter_short,668.63,signal_body_break
signal_body_break,2026-03-18 14:30:00+00:00,SPY,exit_short,665.98,hybrid_exit
signal_body_break,2026-03-18 14:45:00+00:00,SPY,enter_long,666.28,signal_body_break
signal_body_break,2026-03-18 15:10:00+00:00,SPY,exit_long,667.96,hybrid_exit
signal_body_break,2026-03-18 15:18:00+00:00,SPY,enter_short,667.06,signal_body_break
signal_body_break,2026-03-18 18:30:00+00:00,SPY,exit_short,665.94,hybrid_exit
signal_body_break,2026-03-18 18:40:00+00:00,SPY,enter_short,664.64,signal_body_break
signal_body_break,2026-03-19 13:40:00+00:00,SPY,exit_short,656.23,hybrid_exit
signal_body_break,2026-03-19 13:41:00+00:00,SPY,enter_long,657.32,signal_body_break
signal_body_break,2026-03-19 14:00:00+00:00,SPY,exit_long,658.64,hybrid_exit
signal_body_break,2026-03-19 14:15:00+00:00,SPY,enter_short,657.75,signal_body_break
signal_body_break,2026-03-19 14:30:00+00:00,SPY,exit_short,656.33,hybrid_exit
signal_body_break,2026-03-19 14:32:00+00:00,SPY,enter_long,657.72,signal_body_break
signal_body_break,2026-03-19 15:00:00+00:00,SPY,exit_long,657.78,hybrid_exit
signal_body_break,2026-03-19 15:20:00+00:00,SPY,enter_short,657.765,signal_body_break
signal_body_break,2026-03-19 15:50:00+00:00,SPY,exit_short,657.02,hybrid_exit
signal_body_break,2026-03-19 16:13:00+00:00,SPY,enter_short,657.8,signal_body_break
signal_body_break,2026-03-19 17:20:00+00:00,SPY,exit_short,656.8,hybrid_exit
signal_body_break,2026-03-19 17:22:00+00:00,SPY,enter_long,656.895,signal_body_break
signal_body_break,2026-03-19 19:10:00+00:00,SPY,exit_long,661.85,hybrid_exit
signal_body_break,2026-03-19 19:20:00+00:00,SPY,enter_short,660.925,signal_body_break
signal_body_break,2026-03-20 14:10:00+00:00,SPY,exit_short,653.09,hybrid_exit
signal_body_break,2026-03-20 14:30:00+00:00,SPY,enter_long,652.34,signal_body_break
signal_body_break,2026-03-20 15:10:00+00:00,SPY,exit_long,652.19,hybrid_exit
signal_body_break,2026-03-20 15:31:00+00:00,SPY,enter_long,652.08,signal_body_break
signal_body_break,2026-03-20 16:00:00+00:00,SPY,exit_long,652.96,hybrid_exit
signal_body_break,2026-03-20 16:26:00+00:00,SPY,enter_short,653.0,signal_body_break
signal_body_break,2026-03-20 18:30:00+00:00,SPY,exit_short,649.4,hybrid_exit
signal_body_break,2026-03-20 19:00:00+00:00,SPY,enter_long,648.45,signal_body_break
signal_body_break,2026-03-23 14:10:00+00:00,SPY,exit_long,659.56,hybrid_exit
signal_body_break,2026-03-23 14:10:00+00:00,SPY,enter_short,659.44,signal_body_break
signal_body_break,2026-03-23 16:10:00+00:00,SPY,exit_short,656.77,hybrid_exit
signal_body_break,2026-03-23 16:40:00+00:00,SPY,enter_long,655.77,signal_body_break
signal_body_break,2026-03-23 18:10:00+00:00,SPY,exit_long,657.45,hybrid_exit
signal_body_break,2026-03-23 18:50:00+00:00,SPY,enter_short,658.9,signal_body_break
signal_body_break,2026-03-24 13:40:00+00:00,SPY,exit_short,651.22,hybrid_exit
signal_body_break,2026-03-24 13:46:00+00:00,SPY,enter_long,651.57,signal_body_break
signal_body_break,2026-03-24 15:00:00+00:00,SPY,exit_long,653.95,hybrid_exit
signal_body_break,2026-03-24 15:32:00+00:00,SPY,enter_short,655.55,signal_body_break
signal_body_break,2026-03-24 17:20:00+00:00,SPY,exit_short,652.79,hybrid_exit
signal_body_break,2026-03-24 17:20:00+00:00,SPY,enter_long,653.07,signal_body_break
signal_body_break,2026-03-24 18:50:00+00:00,SPY,exit_long,655.02,hybrid_exit
signal_body_break,2026-03-25 13:30:00+00:00,SPY,enter_long,659.51,signal_body_break
signal_body_break,2026-03-25 13:40:00+00:00,SPY,exit_long,659.88,hybrid_exit
signal_body_break,2026-03-25 14:40:00+00:00,SPY,enter_short,658.09,signal_body_break
signal_body_break,2026-03-25 15:20:00+00:00,SPY,exit_short,655.15,hybrid_exit
signal_body_break,2026-03-25 15:29:00+00:00,SPY,enter_long,657.845,signal_body_break
signal_body_break,2026-03-25 15:30:00+00:00,SPY,exit_long,657.87,hybrid_exit
signal_body_break,2026-03-25 15:50:00+00:00,SPY,enter_long,657.06,signal_body_break
signal_body_break,2026-03-25 16:40:00+00:00,SPY,exit_long,658.055,hybrid_exit
signal_body_break,2026-03-25 16:47:00+00:00,SPY,enter_short,657.5,signal_body_break
signal_body_break,2026-03-25 17:20:00+00:00,SPY,exit_short,657.24,hybrid_exit
signal_body_break,2026-03-25 17:50:00+00:00,SPY,enter_short,658.065,signal_body_break
signal_body_break,2026-03-26 13:40:00+00:00,SPY,exit_short,650.79,hybrid_exit
signal_body_break,2026-03-26 13:43:00+00:00,SPY,enter_long,652.31,signal_body_break
signal_body_break,2026-03-26 14:00:00+00:00,SPY,exit_long,654.47,hybrid_exit
signal_body_break,2026-03-26 14:10:00+00:00,SPY,enter_short,653.84,signal_body_break
signal_body_break,2026-03-26 15:00:00+00:00,SPY,exit_short,652.31,hybrid_exit
signal_body_break,2026-03-26 15:13:00+00:00,SPY,enter_short,652.28,signal_body_break
signal_body_break,2026-03-27 13:40:00+00:00,SPY,exit_short,640.925,hybrid_exit
signal_body_break,2026-03-27 13:51:00+00:00,SPY,enter_short,640.57,signal_body_break
signal_body_break,2026-03-27 14:40:00+00:00,SPY,exit_short,638.9,hybrid_exit
signal_body_break,2026-03-27 14:47:00+00:00,SPY,enter_long,639.41,signal_body_break
signal_body_break,2026-03-27 14:50:00+00:00,SPY,exit_long,640.2,hybrid_exit
signal_body_break,2026-03-27 15:00:00+00:00,SPY,enter_short,640.11,signal_body_break
signal_breakout_touch,2026-01-26 20:30:00+00:00,SPY,enter_long,693.73,signal_breakout
signal_breakout_touch,2026-01-27 15:00:00+00:00,SPY,exit_long,695.17,hybrid_exit
signal_breakout_touch,2026-01-27 15:20:00+00:00,SPY,enter_long,695.37,signal_breakout
signal_breakout_touch,2026-01-27 16:00:00+00:00,SPY,exit_long,696.0,hybrid_exit
signal_breakout_touch,2026-01-27 16:30:00+00:00,SPY,enter_short,696.18,signal_breakout
signal_breakout_touch,2026-01-27 17:50:00+00:00,SPY,exit_short,695.7,hybrid_exit
signal_breakout_touch,2026-01-27 18:13:00+00:00,SPY,enter_long,695.44,signal_breakout
signal_breakout_touch,2026-01-27 19:00:00+00:00,SPY,exit_long,696.01,hybrid_exit
signal_breakout_touch,2026-01-27 19:40:00+00:00,SPY,enter_short,696.11,signal_breakout
signal_breakout_touch,2026-01-27 20:20:00+00:00,SPY,exit_short,696.27,hybrid_exit
signal_breakout_touch,2026-01-27 20:49:00+00:00,SPY,enter_long,696.085,signal_breakout
signal_breakout_touch,2026-01-28 14:40:00+00:00,SPY,exit_long,697.165,hybrid_exit
signal_breakout_touch,2026-01-28 14:48:00+00:00,SPY,enter_short,696.94,signal_breakout
signal_breakout_touch,2026-01-28 15:20:00+00:00,SPY,exit_short,696.51,hybrid_exit
signal_breakout_touch,2026-01-28 15:33:00+00:00,SPY,enter_short,696.49,signal_breakout
signal_breakout_touch,2026-01-28 17:00:00+00:00,SPY,exit_short,694.73,hybrid_exit
signal_breakout_touch,2026-01-28 17:03:00+00:00,SPY,enter_long,695.085,signal_breakout
signal_breakout_touch,2026-01-28 17:23:00+00:00,SPY,enter_short,695.04,signal_breakout
signal_breakout_touch,2026-01-28 18:00:00+00:00,SPY,exit_long,694.84,hybrid_exit
signal_breakout_touch,2026-01-28 18:00:00+00:00,SPY,exit_short,694.84,hybrid_exit
signal_breakout_touch,2026-01-28 18:32:00+00:00,SPY,enter_short,695.095,signal_breakout
signal_breakout_touch,2026-01-28 18:51:00+00:00,SPY,enter_long,695.16,signal_breakout
signal_breakout_touch,2026-01-28 19:10:00+00:00,SPY,exit_short,695.0,hybrid_exit
signal_breakout_touch,2026-01-28 19:40:00+00:00,SPY,exit_long,694.67,hybrid_exit
signal_breakout_touch,2026-01-28 20:00:00+00:00,SPY,enter_short,694.89,signal_breakout
signal_breakout_touch,2026-01-29 14:50:00+00:00,SPY,exit_short,693.64,hybrid_exit
signal_breakout_touch,2026-01-29 15:00:00+00:00,SPY,enter_short,691.48,signal_breakout
signal_breakout_touch,2026-01-29 15:40:00+00:00,SPY,exit_short,687.59,hybrid_exit
signal_breakout_touch,2026-01-29 16:11:00+00:00,SPY,enter_long,686.18,signal_breakout
signal_breakout_touch,2026-01-29 17:30:00+00:00,SPY,exit_long,690.985,hybrid_exit
signal_breakout_touch,2026-01-29 17:41:00+00:00,SPY,enter_short,690.81,signal_breakout
signal_breakout_touch,2026-01-29 18:00:00+00:00,SPY,exit_short,689.03,hybrid_exit
signal_breakout_touch,2026-01-29 18:03:00+00:00,SPY,enter_long,689.98,signal_breakout
signal_breakout_touch,2026-01-30 14:30:00+00:00,SPY,exit_long,691.84,hybrid_exit
signal_breakout_touch,2026-01-30 14:30:00+00:00,SPY,enter_short,691.84,signal_breakout
signal_breakout_touch,2026-01-30 17:10:00+00:00,SPY,exit_short,689.11,hybrid_exit
signal_breakout_touch,2026-01-30 17:20:00+00:00,SPY,enter_long,689.72,signal_breakout
signal_breakout_touch,2026-01-30 19:00:00+00:00,SPY,exit_long,691.36,hybrid_exit
signal_breakout_touch,2026-01-30 19:29:00+00:00,SPY,enter_short,691.505,signal_breakout
signal_breakout_touch,2026-01-30 19:53:00+00:00,SPY,enter_long,691.85,signal_breakout
signal_breakout_touch,2026-01-30 20:00:00+00:00,SPY,exit_short,690.665,hybrid_exit
signal_breakout_touch,2026-02-02 17:20:00+00:00,SPY,exit_long,696.26,hybrid_exit
signal_breakout_touch,2026-02-02 17:21:00+00:00,SPY,enter_short,696.04,signal_breakout
signal_breakout_touch,2026-02-02 18:30:00+00:00,SPY,exit_short,696.07,hybrid_exit
signal_breakout_touch,2026-02-02 19:00:00+00:00,SPY,enter_short,696.43,signal_breakout
signal_breakout_touch,2026-02-02 20:10:00+00:00,SPY,exit_short,696.3,hybrid_exit
signal_breakout_touch,2026-02-02 20:30:00+00:00,SPY,enter_short,695.72,signal_breakout
signal_breakout_touch,2026-02-03 15:10:00+00:00,SPY,exit_short,692.99,hybrid_exit
signal_breakout_touch,2026-02-03 15:23:00+00:00,SPY,enter_short,691.655,signal_breakout
signal_breakout_touch,2026-02-03 18:40:00+00:00,SPY,exit_short,686.355,hybrid_exit
signal_breakout_touch,2026-02-03 19:12:00+00:00,SPY,enter_long,685.16,signal_breakout
signal_breakout_touch,2026-02-03 19:30:00+00:00,SPY,exit_long,686.26,hybrid_exit
signal_breakout_touch,2026-02-03 19:56:00+00:00,SPY,enter_long,686.71,signal_breakout
signal_breakout_touch,2026-02-04 14:40:00+00:00,SPY,exit_long,690.57,hybrid_exit
signal_breakout_touch,2026-02-04 14:51:00+00:00,SPY,enter_short,689.91,signal_breakout
signal_breakout_touch,2026-02-04 15:10:00+00:00,SPY,exit_short,688.985,hybrid_exit
signal_breakout_touch,2026-02-04 15:33:00+00:00,SPY,enter_short,688.69,signal_breakout
signal_breakout_touch,2026-02-04 17:00:00+00:00,SPY,exit_short,686.51,hybrid_exit
signal_breakout_touch,2026-02-04 17:10:00+00:00,SPY,enter_short,686.275,signal_breakout
signal_breakout_touch,2026-02-04 17:40:00+00:00,SPY,exit_short,682.41,hybrid_exit
signal_breakout_touch,2026-02-04 17:55:00+00:00,SPY,enter_long,683.36,signal_breakout
signal_breakout_touch,2026-02-04 19:50:00+00:00,SPY,exit_long,687.33,hybrid_exit
signal_breakout_touch,2026-02-04 20:11:00+00:00,SPY,enter_short,687.435,signal_breakout
signal_breakout_touch,2026-02-05 14:40:00+00:00,SPY,exit_short,682.37,hybrid_exit
signal_breakout_touch,2026-02-05 14:55:00+00:00,SPY,enter_short,681.35,signal_breakout
signal_breakout_touch,2026-02-05 15:10:00+00:00,SPY,exit_short,678.75,hybrid_exit
signal_breakout_touch,2026-02-05 15:42:00+00:00,SPY,enter_long,677.86,signal_breakout
signal_breakout_touch,2026-02-05 16:40:00+00:00,SPY,exit_long,680.235,hybrid_exit
signal_breakout_touch,2026-02-05 17:03:00+00:00,SPY,enter_short,680.12,signal_breakout
signal_breakout_touch,2026-02-05 18:30:00+00:00,SPY,exit_short,679.09,hybrid_exit
signal_breakout_touch,2026-02-05 19:03:00+00:00,SPY,enter_long,678.59,signal_breakout
signal_breakout_touch,2026-02-05 19:30:00+00:00,SPY,exit_long,680.145,hybrid_exit
signal_breakout_touch,2026-02-05 20:01:00+00:00,SPY,enter_long,679.16,signal_breakout
signal_breakout_touch,2026-02-06 15:00:00+00:00,SPY,exit_long,684.82,hybrid_exit
signal_breakout_touch,2026-02-06 15:11:00+00:00,SPY,enter_long,685.06,signal_breakout
signal_breakout_touch,2026-02-06 18:20:00+00:00,SPY,exit_long,689.155,hybrid_exit
signal_breakout_touch,2026-02-06 19:22:00+00:00,SPY,enter_long,689.3,signal_breakout
signal_breakout_touch,2026-02-09 14:30:00+00:00,SPY,exit_long,689.47,hybrid_exit
signal_breakout_touch,2026-02-09 14:40:00+00:00,SPY,enter_long,691.09,signal_breakout
signal_breakout_touch,2026-02-09 15:30:00+00:00,SPY,exit_long,691.94,hybrid_exit
signal_breakout_touch,2026-02-09 15:45:00+00:00,SPY,enter_long,693.735,signal_breakout
signal_breakout_touch,2026-02-09 17:00:00+00:00,SPY,exit_long,695.375,hybrid_exit
signal_breakout_touch,2026-02-09 17:20:00+00:00,SPY,enter_short,695.36,signal_breakout
signal_breakout_touch,2026-02-09 18:00:00+00:00,SPY,exit_short,694.58,hybrid_exit
signal_breakout_touch,2026-02-09 18:04:00+00:00,SPY,enter_long,694.93,signal_breakout
signal_breakout_touch,2026-02-09 19:30:00+00:00,SPY,exit_long,695.76,hybrid_exit
signal_breakout_touch,2026-02-09 19:40:00+00:00,SPY,enter_short,695.55,signal_breakout
signal_breakout_touch,2026-02-09 20:40:00+00:00,SPY,enter_long,694.58,signal_breakout
signal_breakout_touch,2026-02-09 20:40:00+00:00,SPY,exit_short,694.54,hybrid_exit
signal_breakout_touch,2026-02-10 15:00:00+00:00,SPY,exit_long,695.77,hybrid_exit
signal_breakout_touch,2026-02-10 15:13:00+00:00,SPY,enter_short,695.53,signal_breakout
signal_breakout_touch,2026-02-10 16:20:00+00:00,SPY,exit_short,694.94,hybrid_exit
signal_breakout_touch,2026-02-10 17:21:00+00:00,SPY,enter_short,695.15,signal_breakout
signal_breakout_touch,2026-02-10 18:40:00+00:00,SPY,exit_short,693.675,hybrid_exit
signal_breakout_touch,2026-02-10 19:43:00+00:00,SPY,enter_short,693.645,signal_breakout
signal_breakout_touch,2026-02-11 14:30:00+00:00,SPY,exit_short,696.435,hybrid_exit
signal_breakout_touch,2026-02-11 14:30:00+00:00,SPY,enter_long,696.435,signal_breakout
signal_breakout_touch,2026-02-11 14:40:00+00:00,SPY,exit_long,695.19,hybrid_exit
signal_breakout_touch,2026-02-11 14:40:00+00:00,SPY,enter_short,695.19,signal_breakout
signal_breakout_touch,2026-02-11 15:20:00+00:00,SPY,exit_short,690.79,hybrid_exit
signal_breakout_touch,2026-02-11 15:35:00+00:00,SPY,enter_long,690.8,signal_breakout
signal_breakout_touch,2026-02-11 16:30:00+00:00,SPY,exit_long,691.74,hybrid_exit
signal_breakout_touch,2026-02-11 17:10:00+00:00,SPY,enter_long,692.38,signal_breakout
signal_breakout_touch,2026-02-11 17:50:00+00:00,SPY,exit_long,693.73,hybrid_exit
signal_breakout_touch,2026-02-11 17:54:00+00:00,SPY,enter_short,693.38,signal_breakout
signal_breakout_touch,2026-02-11 18:20:00+00:00,SPY,exit_short,692.05,hybrid_exit
signal_breakout_touch,2026-02-11 18:27:00+00:00,SPY,enter_long,692.44,signal_breakout
signal_breakout_touch,2026-02-11 19:20:00+00:00,SPY,exit_long,693.365,hybrid_exit
signal_breakout_touch,2026-02-11 19:30:00+00:00,SPY,enter_short,693.345,signal_breakout
signal_breakout_touch,2026-02-11 20:20:00+00:00,SPY,exit_short,692.71,hybrid_exit
signal_breakout_touch,2026-02-11 20:50:00+00:00,SPY,enter_short,692.435,signal_breakout
signal_breakout_touch,2026-02-12 14:30:00+00:00,SPY,enter_long,694.23,signal_breakout
signal_breakout_touch,2026-02-12 14:40:00+00:00,SPY,exit_long,694.82,hybrid_exit
signal_breakout_touch,2026-02-12 16:30:00+00:00,SPY,exit_short,683.6,hybrid_exit
signal_breakout_touch,2026-02-12 16:36:00+00:00,SPY,enter_long,685.67,signal_breakout
signal_breakout_touch,2026-02-12 16:40:00+00:00,SPY,exit_long,685.58,hybrid_exit
signal_breakout_touch,2026-02-12 17:23:00+00:00,SPY,enter_long,684.83,signal_breakout
signal_breakout_touch,2026-02-12 17:40:00+00:00,SPY,exit_long,684.89,hybrid_exit
signal_breakout_touch,2026-02-12 17:52:00+00:00,SPY,enter_short,684.165,signal_breakout
signal_breakout_touch,2026-02-12 18:10:00+00:00,SPY,exit_short,683.34,hybrid_exit
signal_breakout_touch,2026-02-12 18:24:00+00:00,SPY,enter_long,683.545,signal_breakout
signal_breakout_touch,2026-02-12 19:00:00+00:00,SPY,exit_long,684.855,hybrid_exit
signal_breakout_touch,2026-02-12 19:10:00+00:00,SPY,enter_short,684.335,signal_breakout
signal_breakout_touch,2026-02-13 14:30:00+00:00,SPY,exit_short,681.695,hybrid_exit
signal_breakout_touch,2026-02-13 14:31:00+00:00,SPY,enter_long,681.83,signal_breakout
signal_breakout_touch,2026-02-13 15:40:00+00:00,SPY,exit_long,682.86,hybrid_exit
signal_breakout_touch,2026-02-13 15:55:00+00:00,SPY,enter_long,683.14,signal_breakout
signal_breakout_touch,2026-02-13 17:10:00+00:00,SPY,exit_long,685.2,hybrid_exit
signal_breakout_touch,2026-02-13 17:54:00+00:00,SPY,enter_short,685.44,signal_breakout
signal_breakout_touch,2026-02-13 20:50:00+00:00,SPY,exit_short,681.18,hybrid_exit
signal_breakout_touch,2026-02-17 14:30:00+00:00,SPY,enter_short,680.15,signal_breakout
signal_breakout_touch,2026-02-17 15:00:00+00:00,SPY,exit_short,676.42,hybrid_exit
signal_breakout_touch,2026-02-17 15:18:00+00:00,SPY,enter_long,678.53,signal_breakout
signal_breakout_touch,2026-02-17 16:20:00+00:00,SPY,exit_long,682.76,hybrid_exit
signal_breakout_touch,2026-02-17 17:01:00+00:00,SPY,enter_short,681.805,signal_breakout
signal_breakout_touch,2026-02-17 17:29:00+00:00,SPY,enter_long,681.84,signal_breakout
signal_breakout_touch,2026-02-17 17:30:00+00:00,SPY,exit_short,682.11,hybrid_exit
signal_breakout_touch,2026-02-17 19:00:00+00:00,SPY,exit_long,684.06,hybrid_exit
signal_breakout_touch,2026-02-17 19:10:00+00:00,SPY,enter_short,683.845,signal_breakout
signal_breakout_touch,2026-02-17 20:10:00+00:00,SPY,exit_short,683.39,hybrid_exit
signal_breakout_touch,2026-02-17 20:42:00+00:00,SPY,enter_long,682.89,signal_breakout
signal_breakout_touch,2026-02-18 14:50:00+00:00,SPY,exit_long,683.77,hybrid_exit
signal_breakout_touch,2026-02-18 15:00:00+00:00,SPY,enter_long,686.345,signal_breakout
signal_breakout_touch,2026-02-18 15:33:00+00:00,SPY,enter_short,687.535,signal_breakout
signal_breakout_touch,2026-02-18 15:40:00+00:00,SPY,exit_long,688.04,hybrid_exit
signal_breakout_touch,2026-02-18 16:20:00+00:00,SPY,exit_short,688.13,hybrid_exit
signal_breakout_touch,2026-02-18 16:49:00+00:00,SPY,enter_short,688.15,signal_breakout
signal_breakout_touch,2026-02-18 17:05:00+00:00,SPY,enter_long,688.215,signal_breakout
signal_breakout_touch,2026-02-18 17:20:00+00:00,SPY,exit_long,688.58,hybrid_exit
signal_breakout_touch,2026-02-18 20:00:00+00:00,SPY,exit_short,684.62,hybrid_exit
signal_breakout_touch,2026-02-18 20:30:00+00:00,SPY,enter_long,684.42,signal_breakout
signal_breakout_touch,2026-02-19 14:30:00+00:00,SPY,exit_long,683.85,hybrid_exit
signal_breakout_touch,2026-02-19 14:30:00+00:00,SPY,enter_short,683.85,signal_breakout
signal_breakout_touch,2026-02-19 14:40:00+00:00,SPY,exit_short,683.68,hybrid_exit
signal_breakout_touch,2026-02-19 14:44:00+00:00,SPY,enter_long,684.48,signal_breakout
signal_breakout_touch,2026-02-19 15:20:00+00:00,SPY,exit_long,684.99,hybrid_exit
signal_breakout_touch,2026-02-19 15:28:00+00:00,SPY,enter_short,684.08,signal_breakout
signal_breakout_touch,2026-02-19 15:33:00+00:00,SPY,enter_long,685.29,signal_breakout
signal_breakout_touch,2026-02-19 15:40:00+00:00,SPY,exit_long,685.43,hybrid_exit
signal_breakout_touch,2026-02-19 17:17:00+00:00,SPY,enter_long,683.68,signal_breakout
signal_breakout_touch,2026-02-19 17:20:00+00:00,SPY,exit_long,684.08,hybrid_exit
signal_breakout_touch,2026-02-19 18:00:00+00:00,SPY,exit_short,682.42,hybrid_exit
signal_breakout_touch,2026-02-19 18:10:00+00:00,SPY,enter_long,682.67,signal_breakout
signal_breakout_touch,2026-02-19 19:00:00+00:00,SPY,exit_long,683.73,hybrid_exit
signal_breakout_touch,2026-02-19 19:28:00+00:00,SPY,enter_short,683.47,signal_breakout
signal_breakout_touch,2026-02-19 19:50:00+00:00,SPY,enter_long,682.66,signal_breakout
signal_breakout_touch,2026-02-19 20:00:00+00:00,SPY,exit_short,682.555,hybrid_exit
signal_breakout_touch,2026-02-20 14:50:00+00:00,SPY,exit_long,684.26,hybrid_exit
signal_breakout_touch,2026-02-20 15:00:00+00:00,SPY,enter_long,685.0,signal_breakout
signal_breakout_touch,2026-02-20 15:10:00+00:00,SPY,exit_long,687.035,hybrid_exit
signal_breakout_touch,2026-02-20 15:24:00+00:00,SPY,enter_long,687.925,signal_breakout
signal_breakout_touch,2026-02-20 15:50:00+00:00,SPY,exit_long,688.17,hybrid_exit
signal_breakout_touch,2026-02-20 16:10:00+00:00,SPY,enter_short,688.31,signal_breakout
signal_breakout_touch,2026-02-20 16:33:00+00:00,SPY,enter_long,687.4,signal_breakout
signal_breakout_touch,2026-02-20 16:40:00+00:00,SPY,exit_long,688.12,hybrid_exit
signal_breakout_touch,2026-02-20 17:20:00+00:00,SPY,exit_short,685.08,hybrid_exit
signal_breakout_touch,2026-02-20 17:30:00+00:00,SPY,enter_long,685.2,signal_breakout
signal_breakout_touch,2026-02-20 18:50:00+00:00,SPY,exit_long,689.1,hybrid_exit
signal_breakout_touch,2026-02-20 19:10:00+00:00,SPY,enter_short,688.84,signal_breakout
signal_breakout_touch,2026-02-20 19:50:00+00:00,SPY,exit_short,688.05,hybrid_exit
signal_breakout_touch,2026-02-20 20:20:00+00:00,SPY,enter_short,688.55,signal_breakout
signal_breakout_touch,2026-02-23 16:10:00+00:00,SPY,exit_short,681.15,hybrid_exit
signal_breakout_touch,2026-02-23 16:20:00+00:00,SPY,enter_long,681.61,signal_breakout
signal_breakout_touch,2026-02-23 17:00:00+00:00,SPY,exit_long,681.96,hybrid_exit
signal_breakout_touch,2026-02-23 17:52:00+00:00,SPY,enter_long,681.665,signal_breakout
signal_breakout_touch,2026-02-23 18:30:00+00:00,SPY,exit_long,683.6,hybrid_exit
signal_breakout_touch,2026-02-23 18:40:00+00:00,SPY,enter_short,683.37,signal_breakout
signal_breakout_touch,2026-02-23 19:20:00+00:00,SPY,exit_short,681.755,hybrid_exit
signal_breakout_touch,2026-02-23 19:56:00+00:00,SPY,enter_long,681.43,signal_breakout
signal_breakout_touch,2026-02-24 14:50:00+00:00,SPY,exit_long,684.9,hybrid_exit
signal_breakout_touch,2026-02-24 15:10:00+00:00,SPY,enter_long,683.99,signal_breakout
signal_breakout_touch,2026-02-24 15:50:00+00:00,SPY,exit_long,686.0,hybrid_exit
signal_breakout_touch,2026-02-24 16:02:00+00:00,SPY,enter_long,686.0,signal_breakout
signal_breakout_touch,2026-02-24 17:30:00+00:00,SPY,exit_long,687.45,hybrid_exit
signal_breakout_touch,2026-02-24 17:40:00+00:00,SPY,enter_short,687.305,signal_breakout
signal_breakout_touch,2026-02-24 18:30:00+00:00,SPY,exit_short,687.04,hybrid_exit
signal_breakout_touch,2026-02-24 18:59:00+00:00,SPY,enter_short,687.51,signal_breakout
signal_breakout_touch,2026-02-24 19:30:00+00:00,SPY,exit_short,686.89,hybrid_exit
signal_breakout_touch,2026-02-24 19:32:00+00:00,SPY,enter_long,687.09,signal_breakout
signal_breakout_touch,2026-02-24 21:00:00+00:00,SPY,exit_long,687.45,hybrid_exit
signal_breakout_touch,2026-02-25 14:30:00+00:00,SPY,enter_long,690.14,signal_breakout
signal_breakout_touch,2026-02-25 14:40:00+00:00,SPY,exit_long,691.19,hybrid_exit
signal_breakout_touch,2026-02-25 15:06:00+00:00,SPY,enter_short,690.85,signal_breakout
signal_breakout_touch,2026-02-25 15:40:00+00:00,SPY,exit_short,690.49,hybrid_exit
signal_breakout_touch,2026-02-25 15:59:00+00:00,SPY,enter_long,690.82,signal_breakout
signal_breakout_touch,2026-02-25 17:00:00+00:00,SPY,exit_long,692.02,hybrid_exit
signal_breakout_touch,2026-02-25 17:29:00+00:00,SPY,enter_short,692.02,signal_breakout
signal_breakout_touch,2026-02-25 18:00:00+00:00,SPY,exit_short,692.54,hybrid_exit
signal_breakout_touch,2026-02-25 18:30:00+00:00,SPY,enter_long,692.38,signal_breakout
signal_breakout_touch,2026-02-25 19:20:00+00:00,SPY,exit_long,693.0,hybrid_exit
signal_breakout_touch,2026-02-25 19:59:00+00:00,SPY,enter_short,693.07,signal_breakout
signal_breakout_touch,2026-02-26 14:40:00+00:00,SPY,exit_short,692.165,hybrid_exit
signal_breakout_touch,2026-02-26 14:53:00+00:00,SPY,enter_short,690.67,signal_breakout
signal_breakout_touch,2026-02-26 15:10:00+00:00,SPY,exit_short,690.025,hybrid_exit
signal_breakout_touch,2026-02-26 15:40:00+00:00,SPY,enter_long,686.63,signal_breakout
signal_breakout_touch,2026-02-26 16:00:00+00:00,SPY,exit_long,687.685,hybrid_exit
signal_breakout_touch,2026-02-26 16:36:00+00:00,SPY,enter_short,688.14,signal_breakout
signal_breakout_touch,2026-02-26 16:50:00+00:00,SPY,exit_short,687.42,hybrid_exit
signal_breakout_touch,2026-02-26 17:32:00+00:00,SPY,enter_long,686.53,signal_breakout
signal_breakout_touch,2026-02-26 19:20:00+00:00,SPY,exit_long,688.89,hybrid_exit
signal_breakout_touch,2026-02-26 20:00:00+00:00,SPY,enter_short,688.995,signal_breakout
signal_breakout_touch,2026-02-27 14:40:00+00:00,SPY,exit_short,684.06,hybrid_exit
signal_breakout_touch,2026-02-27 15:01:00+00:00,SPY,enter_long,683.68,signal_breakout
signal_breakout_touch,2026-02-27 15:50:00+00:00,SPY,exit_long,685.135,hybrid_exit
signal_breakout_touch,2026-02-27 16:40:00+00:00,SPY,enter_short,685.36,signal_breakout
signal_breakout_touch,2026-02-27 17:30:00+00:00,SPY,exit_short,684.14,hybrid_exit
signal_breakout_touch,2026-02-27 18:10:00+00:00,SPY,enter_short,683.98,signal_breakout
signal_breakout_touch,2026-02-27 18:50:00+00:00,SPY,exit_short,683.75,hybrid_exit
signal_breakout_touch,2026-02-27 20:00:00+00:00,SPY,enter_long,683.59,signal_breakout
signal_breakout_touch,2026-02-27 20:30:00+00:00,SPY,exit_long,685.57,hybrid_exit
signal_breakout_touch,2026-02-27 20:35:00+00:00,SPY,enter_short,685.18,signal_breakout
signal_breakout_touch,2026-03-02 14:40:00+00:00,SPY,exit_short,681.0,hybrid_exit
signal_breakout_touch,2026-03-02 14:45:00+00:00,SPY,enter_long,682.46,signal_breakout
signal_breakout_touch,2026-03-02 15:30:00+00:00,SPY,exit_long,683.37,hybrid_exit
signal_breakout_touch,2026-03-02 15:41:00+00:00,SPY,enter_long,683.95,signal_breakout
signal_breakout_touch,2026-03-02 17:00:00+00:00,SPY,exit_long,686.25,hybrid_exit
signal_breakout_touch,2026-03-02 17:30:00+00:00,SPY,enter_short,686.46,signal_breakout
signal_breakout_touch,2026-03-02 18:20:00+00:00,SPY,exit_short,686.59,hybrid_exit
signal_breakout_touch,2026-03-02 19:09:00+00:00,SPY,enter_long,685.99,signal_breakout
signal_breakout_touch,2026-03-02 19:40:00+00:00,SPY,exit_long,688.31,hybrid_exit
signal_breakout_touch,2026-03-02 19:43:00+00:00,SPY,enter_short,688.145,signal_breakout
signal_breakout_touch,2026-03-02 20:20:00+00:00,SPY,exit_short,686.08,hybrid_exit
signal_breakout_touch,2026-03-02 20:31:00+00:00,SPY,enter_short,685.24,signal_breakout
signal_breakout_touch,2026-03-03 14:40:00+00:00,SPY,exit_short,675.78,hybrid_exit
signal_breakout_touch,2026-03-03 15:31:00+00:00,SPY,enter_long,671.09,signal_breakout
signal_breakout_touch,2026-03-03 16:50:00+00:00,SPY,exit_long,677.57,hybrid_exit
signal_breakout_touch,2026-03-03 17:20:00+00:00,SPY,enter_long,677.66,signal_breakout
signal_breakout_touch,2026-03-03 18:50:00+00:00,SPY,exit_long,681.4,hybrid_exit
signal_breakout_touch,2026-03-03 19:02:00+00:00,SPY,enter_short,680.93,signal_breakout
signal_breakout_touch,2026-03-03 19:40:00+00:00,SPY,exit_short,680.82,hybrid_exit
signal_breakout_touch,2026-03-03 19:56:00+00:00,SPY,enter_short,680.82,signal_breakout
signal_breakout_touch,2026-03-03 20:30:00+00:00,SPY,exit_short,681.04,hybrid_exit
signal_breakout_touch,2026-03-03 20:31:00+00:00,SPY,enter_long,681.28,signal_breakout
signal_breakout_touch,2026-03-04 15:40:00+00:00,SPY,exit_long,684.63,hybrid_exit
signal_breakout_touch,2026-03-04 16:10:00+00:00,SPY,enter_short,685.52,signal_breakout
signal_breakout_touch,2026-03-04 16:30:00+00:00,SPY,exit_short,685.185,hybrid_exit
signal_breakout_touch,2026-03-04 16:31:00+00:00,SPY,enter_long,685.44,signal_breakout
signal_breakout_touch,2026-03-04 17:10:00+00:00,SPY,exit_long,686.08,hybrid_exit
signal_breakout_touch,2026-03-04 17:53:00+00:00,SPY,enter_long,686.2,signal_breakout
signal_breakout_touch,2026-03-04 18:50:00+00:00,SPY,exit_long,686.76,hybrid_exit
signal_breakout_touch,2026-03-04 19:22:00+00:00,SPY,enter_short,686.67,signal_breakout
signal_breakout_touch,2026-03-05 14:40:00+00:00,SPY,exit_short,683.63,hybrid_exit
signal_breakout_touch,2026-03-05 15:18:00+00:00,SPY,enter_short,682.91,signal_breakout
signal_breakout_touch,2026-03-05 15:40:00+00:00,SPY,exit_short,681.3,hybrid_exit
signal_breakout_touch,2026-03-05 16:03:00+00:00,SPY,enter_short,681.25,signal_breakout
signal_breakout_touch,2026-03-05 17:40:00+00:00,SPY,exit_short,678.09,hybrid_exit
signal_breakout_touch,2026-03-05 18:40:00+00:00,SPY,enter_long,676.99,signal_breakout
signal_breakout_touch,2026-03-05 20:00:00+00:00,SPY,exit_long,677.1,hybrid_exit
signal_breakout_touch,2026-03-06 14:30:00+00:00,SPY,enter_short,673.41,signal_breakout
signal_breakout_touch,2026-03-06 14:40:00+00:00,SPY,exit_short,671.06,hybrid_exit
signal_breakout_touch,2026-03-06 14:51:00+00:00,SPY,enter_long,672.11,signal_breakout
signal_breakout_touch,2026-03-06 15:40:00+00:00,SPY,exit_long,675.5,hybrid_exit
signal_breakout_touch,2026-03-06 15:46:00+00:00,SPY,enter_short,674.21,signal_breakout
signal_breakout_touch,2026-03-06 17:20:00+00:00,SPY,exit_short,674.43,hybrid_exit
signal_breakout_touch,2026-03-06 17:50:00+00:00,SPY,enter_long,673.49,signal_breakout
signal_breakout_touch,2026-03-06 18:30:00+00:00,SPY,exit_long,674.55,hybrid_exit
signal_breakout_touch,2026-03-06 18:50:00+00:00,SPY,enter_short,674.21,signal_breakout
signal_breakout_touch,2026-03-09 13:50:00+00:00,SPY,exit_short,663.68,hybrid_exit
signal_breakout_touch,2026-03-09 13:58:00+00:00,SPY,enter_long,664.86,signal_breakout
signal_breakout_touch,2026-03-09 16:20:00+00:00,SPY,exit_long,670.0,hybrid_exit
signal_breakout_touch,2026-03-09 17:00:00+00:00,SPY,enter_short,671.18,signal_breakout
signal_breakout_touch,2026-03-09 17:40:00+00:00,SPY,exit_short,668.5,hybrid_exit
signal_breakout_touch,2026-03-09 17:52:00+00:00,SPY,enter_long,669.02,signal_breakout
signal_breakout_touch,2026-03-09 19:40:00+00:00,SPY,exit_long,679.16,hybrid_exit
signal_breakout_touch,2026-03-09 19:53:00+00:00,SPY,enter_short,677.0,signal_breakout
signal_breakout_touch,2026-03-10 13:40:00+00:00,SPY,exit_short,677.04,hybrid_exit
signal_breakout_touch,2026-03-10 14:20:00+00:00,SPY,enter_long,676.35,signal_breakout
signal_breakout_touch,2026-03-10 15:00:00+00:00,SPY,exit_long,681.1,hybrid_exit
signal_breakout_touch,2026-03-10 15:10:00+00:00,SPY,enter_short,680.52,signal_breakout
signal_breakout_touch,2026-03-10 16:00:00+00:00,SPY,exit_short,681.4,hybrid_exit
signal_breakout_touch,2026-03-10 16:25:00+00:00,SPY,enter_long,681.23,signal_breakout
signal_breakout_touch,2026-03-10 17:00:00+00:00,SPY,exit_long,681.45,hybrid_exit
signal_breakout_touch,2026-03-10 17:33:00+00:00,SPY,enter_short,682.32,signal_breakout
signal_breakout_touch,2026-03-10 18:30:00+00:00,SPY,exit_short,679.42,hybrid_exit
signal_breakout_touch,2026-03-10 18:54:00+00:00,SPY,enter_short,678.59,signal_breakout
signal_breakout_touch,2026-03-10 19:50:00+00:00,SPY,exit_short,676.78,hybrid_exit
signal_breakout_touch,2026-03-11 13:43:00+00:00,SPY,enter_short,677.57,signal_breakout
signal_breakout_touch,2026-03-11 15:40:00+00:00,SPY,exit_short,674.875,hybrid_exit
signal_breakout_touch,2026-03-11 16:14:00+00:00,SPY,enter_long,674.25,signal_breakout
signal_breakout_touch,2026-03-11 16:50:00+00:00,SPY,exit_long,675.34,hybrid_exit
signal_breakout_touch,2026-03-11 17:10:00+00:00,SPY,enter_short,676.09,signal_breakout
signal_breakout_touch,2026-03-11 17:40:00+00:00,SPY,exit_short,674.64,hybrid_exit
signal_breakout_touch,2026-03-11 19:02:00+00:00,SPY,enter_short,674.79,signal_breakout
signal_breakout_touch,2026-03-12 13:40:00+00:00,SPY,exit_short,671.28,hybrid_exit
signal_breakout_touch,2026-03-12 13:55:00+00:00,SPY,enter_short,668.78,signal_breakout
signal_breakout_touch,2026-03-12 14:30:00+00:00,SPY,exit_short,668.04,hybrid_exit
signal_breakout_touch,2026-03-12 14:44:00+00:00,SPY,enter_long,668.64,signal_breakout
signal_breakout_touch,2026-03-12 15:40:00+00:00,SPY,exit_long,669.73,hybrid_exit
signal_breakout_touch,2026-03-12 16:08:00+00:00,SPY,enter_short,668.815,signal_breakout
signal_breakout_touch,2026-03-12 18:50:00+00:00,SPY,exit_short,667.49,hybrid_exit
signal_breakout_touch,2026-03-12 19:21:00+00:00,SPY,enter_long,667.91,signal_breakout
signal_breakout_touch,2026-03-13 13:40:00+00:00,SPY,exit_long,670.39,hybrid_exit
signal_breakout_touch,2026-03-13 14:02:00+00:00,SPY,enter_short,670.38,signal_breakout
signal_breakout_touch,2026-03-13 15:10:00+00:00,SPY,exit_short,666.21,hybrid_exit
signal_breakout_touch,2026-03-13 15:20:00+00:00,SPY,enter_short,665.83,signal_breakout
signal_breakout_touch,2026-03-13 16:00:00+00:00,SPY,exit_short,663.5,hybrid_exit
signal_breakout_touch,2026-03-13 16:07:00+00:00,SPY,enter_long,664.43,signal_breakout
signal_breakout_touch,2026-03-13 16:40:00+00:00,SPY,exit_long,664.27,hybrid_exit
signal_breakout_touch,2026-03-13 16:44:00+00:00,SPY,enter_short,664.03,signal_breakout
signal_breakout_touch,2026-03-13 18:00:00+00:00,SPY,exit_short,662.7,hybrid_exit
signal_breakout_touch,2026-03-13 18:03:00+00:00,SPY,enter_long,663.0,signal_breakout
signal_breakout_touch,2026-03-16 14:10:00+00:00,SPY,exit_long,670.8,hybrid_exit
signal_breakout_touch,2026-03-16 14:29:00+00:00,SPY,enter_short,670.4,signal_breakout
signal_breakout_touch,2026-03-16 14:50:00+00:00,SPY,exit_short,668.02,hybrid_exit
signal_breakout_touch,2026-03-16 14:52:00+00:00,SPY,enter_long,668.74,signal_breakout
signal_breakout_touch,2026-03-16 15:10:00+00:00,SPY,exit_long,669.17,hybrid_exit
signal_breakout_touch,2026-03-16 15:40:00+00:00,SPY,enter_short,670.03,signal_breakout
signal_breakout_touch,2026-03-16 16:20:00+00:00,SPY,exit_short,668.67,hybrid_exit
signal_breakout_touch,2026-03-16 16:40:00+00:00,SPY,enter_long,668.21,signal_breakout
signal_breakout_touch,2026-03-16 18:20:00+00:00,SPY,exit_long,669.81,hybrid_exit
signal_breakout_touch,2026-03-16 18:42:00+00:00,SPY,enter_long,670.145,signal_breakout
signal_breakout_touch,2026-03-16 19:20:00+00:00,SPY,exit_long,669.42,hybrid_exit
signal_breakout_touch,2026-03-16 19:56:00+00:00,SPY,enter_long,669.12,signal_breakout
signal_breakout_touch,2026-03-17 13:40:00+00:00,SPY,exit_long,673.885,hybrid_exit
signal_breakout_touch,2026-03-17 14:00:00+00:00,SPY,enter_short,673.66,signal_breakout
signal_breakout_touch,2026-03-17 14:20:00+00:00,SPY,exit_short,672.565,hybrid_exit
signal_breakout_touch,2026-03-17 15:01:00+00:00,SPY,enter_short,672.975,signal_breakout
signal_breakout_touch,2026-03-17 15:40:00+00:00,SPY,exit_short,670.68,hybrid_exit
signal_breakout_touch,2026-03-17 16:11:00+00:00,SPY,enter_long,671.09,signal_breakout
signal_breakout_touch,2026-03-17 17:20:00+00:00,SPY,exit_long,671.4,hybrid_exit
signal_breakout_touch,2026-03-17 17:43:00+00:00,SPY,enter_short,671.38,signal_breakout
signal_breakout_touch,2026-03-18 13:40:00+00:00,SPY,exit_short,669.07,hybrid_exit
signal_breakout_touch,2026-03-18 14:02:00+00:00,SPY,enter_short,668.37,signal_breakout
signal_breakout_touch,2026-03-18 14:30:00+00:00,SPY,exit_short,665.98,hybrid_exit
signal_breakout_touch,2026-03-18 14:57:00+00:00,SPY,enter_long,666.46,signal_breakout
signal_breakout_touch,2026-03-18 15:00:00+00:00,SPY,exit_long,667.13,hybrid_exit
signal_breakout_touch,2026-03-18 15:41:00+00:00,SPY,enter_short,666.83,signal_breakout
signal_breakout_touch,2026-03-18 19:10:00+00:00,SPY,exit_short,664.4,hybrid_exit
signal_breakout_touch,2026-03-18 19:20:00+00:00,SPY,enter_short,663.3,signal_breakout
signal_breakout_touch,2026-03-19 13:40:00+00:00,SPY,exit_short,656.23,hybrid_exit
signal_breakout_touch,2026-03-19 13:41:00+00:00,SPY,enter_long,656.76,signal_breakout
signal_breakout_touch,2026-03-19 14:00:00+00:00,SPY,exit_long,658.64,hybrid_exit
signal_breakout_touch,2026-03-19 14:10:00+00:00,SPY,enter_short,658.17,signal_breakout
signal_breakout_touch,2026-03-19 14:30:00+00:00,SPY,exit_short,656.33,hybrid_exit
signal_breakout_touch,2026-03-19 14:34:00+00:00,SPY,enter_long,658.1,signal_breakout
signal_breakout_touch,2026-03-19 15:10:00+00:00,SPY,exit_long,658.87,hybrid_exit
signal_breakout_touch,2026-03-19 15:20:00+00:00,SPY,enter_short,658.12,signal_breakout
signal_breakout_touch,2026-03-19 15:50:00+00:00,SPY,exit_short,657.02,hybrid_exit
signal_breakout_touch,2026-03-19 16:16:00+00:00,SPY,enter_short,657.49,signal_breakout
signal_breakout_touch,2026-03-19 17:20:00+00:00,SPY,exit_short,656.8,hybrid_exit
signal_breakout_touch,2026-03-19 17:21:00+00:00,SPY,enter_long,656.88,signal_breakout
signal_breakout_touch,2026-03-19 19:10:00+00:00,SPY,exit_long,661.85,hybrid_exit
signal_breakout_touch,2026-03-19 19:24:00+00:00,SPY,enter_short,660.71,signal_breakout
signal_breakout_touch,2026-03-20 14:10:00+00:00,SPY,exit_short,653.09,hybrid_exit
signal_breakout_touch,2026-03-20 14:31:00+00:00,SPY,enter_long,652.43,signal_breakout
signal_breakout_touch,2026-03-20 15:10:00+00:00,SPY,exit_long,652.19,hybrid_exit
signal_breakout_touch,2026-03-20 16:30:00+00:00,SPY,enter_short,653.0,signal_breakout
signal_breakout_touch,2026-03-20 18:30:00+00:00,SPY,exit_short,649.4,hybrid_exit
signal_breakout_touch,2026-03-20 19:00:00+00:00,SPY,enter_long,648.23,signal_breakout
signal_breakout_touch,2026-03-23 14:10:00+00:00,SPY,exit_long,659.56,hybrid_exit
signal_breakout_touch,2026-03-23 14:30:00+00:00,SPY,enter_short,660.575,signal_breakout
signal_breakout_touch,2026-03-23 16:10:00+00:00,SPY,exit_short,656.77,hybrid_exit
signal_breakout_touch,2026-03-23 16:45:00+00:00,SPY,enter_long,656.17,signal_breakout
signal_breakout_touch,2026-03-23 18:10:00+00:00,SPY,exit_long,657.45,hybrid_exit
signal_breakout_touch,2026-03-23 19:00:00+00:00,SPY,enter_short,658.6,signal_breakout
signal_breakout_touch,2026-03-24 13:40:00+00:00,SPY,exit_short,651.22,hybrid_exit
signal_breakout_touch,2026-03-24 14:00:00+00:00,SPY,enter_long,651.99,signal_breakout
signal_breakout_touch,2026-03-24 15:00:00+00:00,SPY,exit_long,653.95,hybrid_exit
signal_breakout_touch,2026-03-24 15:33:00+00:00,SPY,enter_short,655.33,signal_breakout
signal_breakout_touch,2026-03-24 17:20:00+00:00,SPY,exit_short,652.79,hybrid_exit
signal_breakout_touch,2026-03-24 17:23:00+00:00,SPY,enter_long,653.305,signal_breakout
signal_breakout_touch,2026-03-24 18:50:00+00:00,SPY,exit_long,655.02,hybrid_exit
signal_breakout_touch,2026-03-25 13:30:00+00:00,SPY,enter_long,658.665,signal_breakout
signal_breakout_touch,2026-03-25 13:40:00+00:00,SPY,exit_long,659.88,hybrid_exit
signal_breakout_touch,2026-03-25 15:01:00+00:00,SPY,enter_short,658.45,signal_breakout
signal_breakout_touch,2026-03-25 15:20:00+00:00,SPY,exit_short,655.15,hybrid_exit
signal_breakout_touch,2026-03-25 15:29:00+00:00,SPY,enter_long,657.525,signal_breakout
signal_breakout_touch,2026-03-25 15:30:00+00:00,SPY,exit_long,657.87,hybrid_exit
signal_breakout_touch,2026-03-25 15:50:00+00:00,SPY,enter_long,657.05,signal_breakout
signal_breakout_touch,2026-03-25 16:40:00+00:00,SPY,exit_long,658.055,hybrid_exit
signal_breakout_touch,2026-03-25 17:50:00+00:00,SPY,enter_short,658.04,signal_breakout
signal_breakout_touch,2026-03-26 13:40:00+00:00,SPY,exit_short,650.79,hybrid_exit
signal_breakout_touch,2026-03-26 13:43:00+00:00,SPY,enter_long,652.1,signal_breakout
signal_breakout_touch,2026-03-26 14:00:00+00:00,SPY,exit_long,654.47,hybrid_exit
signal_breakout_touch,2026-03-26 14:12:00+00:00,SPY,enter_short,653.55,signal_breakout
signal_breakout_touch,2026-03-26 15:00:00+00:00,SPY,exit_short,652.31,hybrid_exit
signal_breakout_touch,2026-03-26 15:16:00+00:00,SPY,enter_short,652.12,signal_breakout
signal_breakout_touch,2026-03-27 13:40:00+00:00,SPY,exit_short,640.925,hybrid_exit
signal_breakout_touch,2026-03-27 13:51:00+00:00,SPY,enter_short,640.6,signal_breakout
signal_breakout_touch,2026-03-27 14:40:00+00:00,SPY,exit_short,638.9,hybrid_exit
signal_breakout_touch,2026-03-27 14:49:00+00:00,SPY,enter_long,639.73,signal_breakout
signal_breakout_touch,2026-03-27 14:50:00+00:00,SPY,exit_long,640.2,hybrid_exit
signal_breakout_touch,2026-03-27 15:10:00+00:00,SPY,enter_short,640.0,signal_breakout
signal_breakout_close,2026-01-26 20:30:00+00:00,SPY,enter_long,693.77,signal_breakout_close
signal_breakout_close,2026-01-27 15:00:00+00:00,SPY,exit_long,695.17,hybrid_exit
signal_breakout_close,2026-01-27 15:20:00+00:00,SPY,enter_long,695.37,signal_breakout_close
signal_breakout_close,2026-01-27 16:00:00+00:00,SPY,exit_long,696.0,hybrid_exit
signal_breakout_close,2026-01-27 16:54:00+00:00,SPY,enter_short,696.16,signal_breakout_close
signal_breakout_close,2026-01-27 17:50:00+00:00,SPY,exit_short,695.7,hybrid_exit
signal_breakout_close,2026-01-27 18:15:00+00:00,SPY,enter_long,695.475,signal_breakout_close
signal_breakout_close,2026-01-27 19:00:00+00:00,SPY,exit_long,696.01,hybrid_exit
signal_breakout_close,2026-01-27 19:40:00+00:00,SPY,enter_short,696.05,signal_breakout_close
signal_breakout_close,2026-01-27 20:20:00+00:00,SPY,exit_short,696.27,hybrid_exit
signal_breakout_close,2026-01-27 20:49:00+00:00,SPY,enter_long,696.12,signal_breakout_close
signal_breakout_close,2026-01-28 14:40:00+00:00,SPY,exit_long,697.165,hybrid_exit
signal_breakout_close,2026-01-28 15:00:00+00:00,SPY,enter_short,697.045,signal_breakout_close
signal_breakout_close,2026-01-28 15:20:00+00:00,SPY,exit_short,696.51,hybrid_exit
signal_breakout_close,2026-01-28 15:34:00+00:00,SPY,enter_short,696.17,signal_breakout_close
signal_breakout_close,2026-01-28 17:00:00+00:00,SPY,exit_short,694.73,hybrid_exit
signal_breakout_close,2026-01-28 17:03:00+00:00,SPY,enter_long,695.13,signal_breakout_close
signal_breakout_close,2026-01-28 17:23:00+00:00,SPY,enter_short,694.995,signal_breakout_close
signal_breakout_close,2026-01-28 18:00:00+00:00,SPY,exit_long,694.84,hybrid_exit
signal_breakout_close,2026-01-28 18:00:00+00:00,SPY,exit_short,694.84,hybrid_exit
signal_breakout_close,2026-01-28 18:32:00+00:00,SPY,enter_short,695.04,signal_breakout_close
signal_breakout_close,2026-01-28 18:59:00+00:00,SPY,enter_long,695.17,signal_breakout_close
signal_breakout_close,2026-01-28 19:10:00+00:00,SPY,exit_short,695.0,hybrid_exit
signal_breakout_close,2026-01-28 19:40:00+00:00,SPY,exit_long,694.67,hybrid_exit
signal_breakout_close,2026-01-28 20:26:00+00:00,SPY,enter_short,695.525,signal_breakout_close
signal_breakout_close,2026-01-29 14:50:00+00:00,SPY,exit_short,693.64,hybrid_exit
signal_breakout_close,2026-01-29 15:00:00+00:00,SPY,enter_short,690.56,signal_breakout_close
signal_breakout_close,2026-01-29 15:40:00+00:00,SPY,exit_short,687.59,hybrid_exit
signal_breakout_close,2026-01-29 16:11:00+00:00,SPY,enter_long,686.765,signal_breakout_close
signal_breakout_close,2026-01-29 17:30:00+00:00,SPY,exit_long,690.985,hybrid_exit
signal_breakout_close,2026-01-29 17:41:00+00:00,SPY,enter_short,690.805,signal_breakout_close
signal_breakout_close,2026-01-29 18:00:00+00:00,SPY,exit_short,689.03,hybrid_exit
signal_breakout_close,2026-01-29 18:05:00+00:00,SPY,enter_long,690.43,signal_breakout_close
signal_breakout_close,2026-01-30 14:30:00+00:00,SPY,exit_long,691.84,hybrid_exit
signal_breakout_close,2026-01-30 14:30:00+00:00,SPY,enter_short,692.915,signal_breakout_close
signal_breakout_close,2026-01-30 15:10:00+00:00,SPY,exit_short,693.34,hybrid_exit
signal_breakout_close,2026-01-30 15:24:00+00:00,SPY,enter_short,692.645,signal_breakout_close
signal_breakout_close,2026-01-30 17:10:00+00:00,SPY,exit_short,689.11,hybrid_exit
signal_breakout_close,2026-01-30 17:20:00+00:00,SPY,enter_long,689.66,signal_breakout_close
signal_breakout_close,2026-01-30 19:00:00+00:00,SPY,exit_long,691.36,hybrid_exit
signal_breakout_close,2026-01-30 19:29:00+00:00,SPY,enter_short,691.34,signal_breakout_close
signal_breakout_close,2026-01-30 19:54:00+00:00,SPY,enter_long,691.98,signal_breakout_close
signal_breakout_close,2026-01-30 20:00:00+00:00,SPY,exit_short,690.665,hybrid_exit
signal_breakout_close,2026-02-02 17:20:00+00:00,SPY,exit_long,696.26,hybrid_exit
signal_breakout_close,2026-02-02 17:26:00+00:00,SPY,enter_short,696.03,signal_breakout_close
signal_breakout_close,2026-02-02 18:30:00+00:00,SPY,exit_short,696.07,hybrid_exit
signal_breakout_close,2026-02-02 19:30:00+00:00,SPY,enter_short,696.455,signal_breakout_close
signal_breakout_close,2026-02-02 20:10:00+00:00,SPY,exit_short,696.3,hybrid_exit
signal_breakout_close,2026-02-02 20:32:00+00:00,SPY,enter_short,695.71,signal_breakout_close
signal_breakout_close,2026-02-03 15:10:00+00:00,SPY,exit_short,692.99,hybrid_exit
signal_breakout_close,2026-02-03 15:24:00+00:00,SPY,enter_short,691.0,signal_breakout_close
signal_breakout_close,2026-02-03 18:40:00+00:00,SPY,exit_short,686.355,hybrid_exit
signal_breakout_close,2026-02-03 19:12:00+00:00,SPY,enter_long,685.74,signal_breakout_close
signal_breakout_close,2026-02-04 14:40:00+00:00,SPY,exit_long,690.57,hybrid_exit
signal_breakout_close,2026-02-04 14:51:00+00:00,SPY,enter_short,689.82,signal_breakout_close
signal_breakout_close,2026-02-04 15:10:00+00:00,SPY,exit_short,688.985,hybrid_exit
signal_breakout_close,2026-02-04 15:34:00+00:00,SPY,enter_short,688.325,signal_breakout_close
signal_breakout_close,2026-02-04 17:00:00+00:00,SPY,exit_short,686.51,hybrid_exit
signal_breakout_close,2026-02-04 17:10:00+00:00,SPY,enter_short,686.06,signal_breakout_close
signal_breakout_close,2026-02-04 17:40:00+00:00,SPY,exit_short,682.41,hybrid_exit
signal_breakout_close,2026-02-04 17:55:00+00:00,SPY,enter_long,683.76,signal_breakout_close
signal_breakout_close,2026-02-04 19:50:00+00:00,SPY,exit_long,687.33,hybrid_exit
signal_breakout_close,2026-02-04 20:11:00+00:00,SPY,enter_short,687.13,signal_breakout_close
signal_breakout_close,2026-02-05 14:40:00+00:00,SPY,exit_short,682.37,hybrid_exit
signal_breakout_close,2026-02-05 14:56:00+00:00,SPY,enter_short,681.02,signal_breakout_close
signal_breakout_close,2026-02-05 15:10:00+00:00,SPY,exit_short,678.75,hybrid_exit
signal_breakout_close,2026-02-05 15:42:00+00:00,SPY,enter_long,678.105,signal_breakout_close
signal_breakout_close,2026-02-05 16:40:00+00:00,SPY,exit_long,680.235,hybrid_exit
signal_breakout_close,2026-02-05 17:03:00+00:00,SPY,enter_short,680.11,signal_breakout_close
signal_breakout_close,2026-02-05 18:30:00+00:00,SPY,exit_short,679.09,hybrid_exit
signal_breakout_close,2026-02-05 19:03:00+00:00,SPY,enter_long,679.0,signal_breakout_close
signal_breakout_close,2026-02-05 19:30:00+00:00,SPY,exit_long,680.145,hybrid_exit
signal_breakout_close,2026-02-05 20:01:00+00:00,SPY,enter_long,679.38,signal_breakout_close
signal_breakout_close,2026-02-06 15:00:00+00:00,SPY,exit_long,684.82,hybrid_exit
signal_breakout_close,2026-02-06 15:22:00+00:00,SPY,enter_long,685.52,signal_breakout_close
signal_breakout_close,2026-02-06 18:20:00+00:00,SPY,exit_long,689.155,hybrid_exit
signal_breakout_close,2026-02-06 19:22:00+00:00,SPY,enter_long,689.345,signal_breakout_close
signal_breakout_close,2026-02-09 14:30:00+00:00,SPY,exit_long,689.47,hybrid_exit
signal_breakout_close,2026-02-09 14:40:00+00:00,SPY,enter_long,691.13,signal_breakout_close
signal_breakout_close,2026-02-09 15:30:00+00:00,SPY,exit_long,691.94,hybrid_exit
signal_breakout_close,2026-02-09 15:49:00+00:00,SPY,enter_long,693.74,signal_breakout_close
signal_breakout_close,2026-02-09 17:00:00+00:00,SPY,exit_long,695.375,hybrid_exit
signal_breakout_close,2026-02-09 17:20:00+00:00,SPY,enter_short,695.28,signal_breakout_close
signal_breakout_close,2026-02-09 18:00:00+00:00,SPY,exit_short,694.58,hybrid_exit
signal_breakout_close,2026-02-09 18:41:00+00:00,SPY,enter_long,694.91,signal_breakout_close
signal_breakout_close,2026-02-09 19:30:00+00:00,SPY,exit_long,695.76,hybrid_exit
signal_breakout_close,2026-02-09 19:40:00+00:00,SPY,enter_short,695.52,signal_breakout_close
signal_breakout_close,2026-02-09 20:40:00+00:00,SPY,exit_short,694.54,hybrid_exit
signal_breakout_close,2026-02-09 20:42:00+00:00,SPY,enter_long,694.61,signal_breakout_close
signal_breakout_close,2026-02-10 15:00:00+00:00,SPY,exit_long,695.77,hybrid_exit
signal_breakout_close,2026-02-10 15:13:00+00:00,SPY,enter_short,694.83,signal_breakout_close
signal_breakout_close,2026-02-10 16:20:00+00:00,SPY,exit_short,694.94,hybrid_exit
signal_breakout_close,2026-02-10 17:22:00+00:00,SPY,enter_short,695.13,signal_breakout_close
signal_breakout_close,2026-02-10 18:40:00+00:00,SPY,exit_short,693.675,hybrid_exit
signal_breakout_close,2026-02-10 19:43:00+00:00,SPY,enter_short,693.53,signal_breakout_close
signal_breakout_close,2026-02-11 14:30:00+00:00,SPY,exit_short,696.435,hybrid_exit
signal_breakout_close,2026-02-11 14:30:00+00:00,SPY,enter_long,696.92,signal_breakout_close
signal_breakout_close,2026-02-11 14:40:00+00:00,SPY,exit_long,695.19,hybrid_exit
signal_breakout_close,2026-02-11 14:42:00+00:00,SPY,enter_short,695.18,signal_breakout_close
signal_breakout_close,2026-02-11 15:20:00+00:00,SPY,exit_short,690.79,hybrid_exit
signal_breakout_close,2026-02-11 15:35:00+00:00,SPY,enter_long,691.02,signal_breakout_close
signal_breakout_close,2026-02-11 16:30:00+00:00,SPY,exit_long,691.74,hybrid_exit
signal_breakout_close,2026-02-11 17:12:00+00:00,SPY,enter_long,692.51,signal_breakout_close
signal_breakout_close,2026-02-11 17:50:00+00:00,SPY,exit_long,693.73,hybrid_exit
signal_breakout_close,2026-02-11 17:55:00+00:00,SPY,enter_short,693.18,signal_breakout_close
signal_breakout_close,2026-02-11 18:20:00+00:00,SPY,exit_short,692.05,hybrid_exit
signal_breakout_close,2026-02-11 18:27:00+00:00,SPY,enter_long,692.58,signal_breakout_close
signal_breakout_close,2026-02-11 19:20:00+00:00,SPY,exit_long,693.365,hybrid_exit
signal_breakout_close,2026-02-11 19:45:00+00:00,SPY,enter_short,692.62,signal_breakout_close
signal_breakout_close,2026-02-11 20:20:00+00:00,SPY,exit_short,692.71,hybrid_exit
signal_breakout_close,2026-02-11 20:50:00+00:00,SPY,enter_short,692.315,signal_breakout_close
signal_breakout_close,2026-02-12 14:30:00+00:00,SPY,enter_long,694.29,signal_breakout_close
signal_breakout_close,2026-02-12 14:40:00+00:00,SPY,exit_long,694.82,hybrid_exit
signal_breakout_close,2026-02-12 16:30:00+00:00,SPY,exit_short,683.6,hybrid_exit
signal_breakout_close,2026-02-12 16:36:00+00:00,SPY,enter_long,685.79,signal_breakout_close
signal_breakout_close,2026-02-12 16:40:00+00:00,SPY,exit_long,685.58,hybrid_exit
signal_breakout_close,2026-02-12 17:23:00+00:00,SPY,enter_long,684.99,signal_breakout_close
signal_breakout_close,2026-02-12 17:40:00+00:00,SPY,exit_long,684.89,hybrid_exit
signal_breakout_close,2026-02-12 17:52:00+00:00,SPY,enter_short,684.15,signal_breakout_close
signal_breakout_close,2026-02-12 18:10:00+00:00,SPY,exit_short,683.34,hybrid_exit
signal_breakout_close,2026-02-12 18:26:00+00:00,SPY,enter_long,683.66,signal_breakout_close
signal_breakout_close,2026-02-12 19:00:00+00:00,SPY,exit_long,684.855,hybrid_exit
signal_breakout_close,2026-02-12 19:11:00+00:00,SPY,enter_short,683.85,signal_breakout_close
signal_breakout_close,2026-02-13 14:30:00+00:00,SPY,exit_short,681.695,hybrid_exit
signal_breakout_close,2026-02-13 14:31:00+00:00,SPY,enter_long,682.07,signal_breakout_close
signal_breakout_close,2026-02-13 15:40:00+00:00,SPY,exit_long,682.86,hybrid_exit
signal_breakout_close,2026-02-13 16:03:00+00:00,SPY,enter_long,683.25,signal_breakout_close
signal_breakout_close,2026-02-13 17:10:00+00:00,SPY,exit_long,685.2,hybrid_exit
signal_breakout_close,2026-02-13 17:55:00+00:00,SPY,enter_short,685.23,signal_breakout_close
signal_breakout_close,2026-02-13 20:50:00+00:00,SPY,exit_short,681.18,hybrid_exit
signal_breakout_close,2026-02-17 14:45:00+00:00,SPY,enter_short,680.06,signal_breakout_close
signal_breakout_close,2026-02-17 15:00:00+00:00,SPY,exit_short,676.42,hybrid_exit
signal_breakout_close,2026-02-17 15:18:00+00:00,SPY,enter_long,679.25,signal_breakout_close
signal_breakout_close,2026-02-17 16:20:00+00:00,SPY,exit_long,682.76,hybrid_exit
signal_breakout_close,2026-02-17 17:01:00+00:00,SPY,enter_short,681.805,signal_breakout_close
signal_breakout_close,2026-02-17 17:29:00+00:00,SPY,enter_long,682.1,signal_breakout_close
signal_breakout_close,2026-02-17 17:30:00+00:00,SPY,exit_short,682.11,hybrid_exit
signal_breakout_close,2026-02-17 19:00:00+00:00,SPY,exit_long,684.06,hybrid_exit
signal_breakout_close,2026-02-17 19:10:00+00:00,SPY,enter_short,683.845,signal_breakout_close
signal_breakout_close,2026-02-17 20:10:00+00:00,SPY,exit_short,683.39,hybrid_exit
signal_breakout_close,2026-02-17 20:42:00+00:00,SPY,enter_long,682.945,signal_breakout_close
signal_breakout_close,2026-02-18 14:50:00+00:00,SPY,exit_long,683.77,hybrid_exit
signal_breakout_close,2026-02-18 15:00:00+00:00,SPY,enter_long,686.425,signal_breakout_close
signal_breakout_close,2026-02-18 15:33:00+00:00,SPY,enter_short,687.44,signal_breakout_close
signal_breakout_close,2026-02-18 15:40:00+00:00,SPY,exit_long,688.04,hybrid_exit
signal_breakout_close,2026-02-18 16:20:00+00:00,SPY,exit_short,688.13,hybrid_exit
signal_breakout_close,2026-02-18 16:49:00+00:00,SPY,enter_short,688.06,signal_breakout_close
signal_breakout_close,2026-02-18 17:05:00+00:00,SPY,enter_long,688.51,signal_breakout_close
signal_breakout_close,2026-02-18 17:20:00+00:00,SPY,exit_long,688.58,hybrid_exit
signal_breakout_close,2026-02-18 20:00:00+00:00,SPY,exit_short,684.62,hybrid_exit
signal_breakout_close,2026-02-18 20:30:00+00:00,SPY,enter_long,684.83,signal_breakout_close
signal_breakout_close,2026-02-19 14:30:00+00:00,SPY,exit_long,683.85,hybrid_exit
signal_breakout_close,2026-02-19 14:30:00+00:00,SPY,enter_short,684.25,signal_breakout_close
signal_breakout_close,2026-02-19 14:40:00+00:00,SPY,exit_short,683.68,hybrid_exit
signal_breakout_close,2026-02-19 14:44:00+00:00,SPY,enter_long,684.54,signal_breakout_close
signal_breakout_close,2026-02-19 15:20:00+00:00,SPY,exit_long,684.99,hybrid_exit
signal_breakout_close,2026-02-19 15:28:00+00:00,SPY,enter_short,684.08,signal_breakout_close
signal_breakout_close,2026-02-19 15:33:00+00:00,SPY,enter_long,685.49,signal_breakout_close
signal_breakout_close,2026-02-19 15:40:00+00:00,SPY,exit_long,685.43,hybrid_exit
signal_breakout_close,2026-02-19 17:17:00+00:00,SPY,enter_long,684.04,signal_breakout_close
signal_breakout_close,2026-02-19 17:20:00+00:00,SPY,exit_long,684.08,hybrid_exit
signal_breakout_close,2026-02-19 18:00:00+00:00,SPY,exit_short,682.42,hybrid_exit
signal_breakout_close,2026-02-19 18:12:00+00:00,SPY,enter_long,682.77,signal_breakout_close
signal_breakout_close,2026-02-19 19:00:00+00:00,SPY,exit_long,683.73,hybrid_exit
signal_breakout_close,2026-02-19 19:28:00+00:00,SPY,enter_short,683.42,signal_breakout_close
signal_breakout_close,2026-02-19 19:50:00+00:00,SPY,enter_long,682.72,signal_breakout_close
signal_breakout_close,2026-02-19 20:00:00+00:00,SPY,exit_short,682.555,hybrid_exit
signal_breakout_close,2026-02-20 14:50:00+00:00,SPY,exit_long,684.26,hybrid_exit
signal_breakout_close,2026-02-20 15:00:00+00:00,SPY,enter_long,685.565,signal_breakout_close
signal_breakout_close,2026-02-20 15:10:00+00:00,SPY,exit_long,687.035,hybrid_exit
signal_breakout_close,2026-02-20 15:26:00+00:00,SPY,enter_long,688.03,signal_breakout_close
signal_breakout_close,2026-02-20 15:50:00+00:00,SPY,exit_long,688.17,hybrid_exit
signal_breakout_close,2026-02-20 16:10:00+00:00,SPY,enter_short,688.19,signal_breakout_close
signal_breakout_close,2026-02-20 16:38:00+00:00,SPY,enter_long,687.67,signal_breakout_close
signal_breakout_close,2026-02-20 16:40:00+00:00,SPY,exit_long,688.12,hybrid_exit
signal_breakout_close,2026-02-20 17:20:00+00:00,SPY,exit_short,685.08,hybrid_exit
signal_breakout_close,2026-02-20 17:30:00+00:00,SPY,enter_long,685.665,signal_breakout_close
signal_breakout_close,2026-02-20 18:50:00+00:00,SPY,exit_long,689.1,hybrid_exit
signal_breakout_close,2026-02-20 19:10:00+00:00,SPY,enter_short,688.79,signal_breakout_close
signal_breakout_close,2026-02-20 19:50:00+00:00,SPY,exit_short,688.05,hybrid_exit
signal_breakout_close,2026-02-20 20:21:00+00:00,SPY,enter_short,688.3,signal_breakout_close
signal_breakout_close,2026-02-23 16:10:00+00:00,SPY,exit_short,681.15,hybrid_exit
signal_breakout_close,2026-02-23 16:20:00+00:00,SPY,enter_long,681.82,signal_breakout_close
signal_breakout_close,2026-02-23 17:00:00+00:00,SPY,exit_long,681.96,hybrid_exit
signal_breakout_close,2026-02-23 17:52:00+00:00,SPY,enter_long,681.71,signal_breakout_close
signal_breakout_close,2026-02-23 18:30:00+00:00,SPY,exit_long,683.6,hybrid_exit
signal_breakout_close,2026-02-23 18:40:00+00:00,SPY,enter_short,683.32,signal_breakout_close
signal_breakout_close,2026-02-23 19:20:00+00:00,SPY,exit_short,681.755,hybrid_exit
signal_breakout_close,2026-02-23 19:56:00+00:00,SPY,enter_long,681.43,signal_breakout_close
signal_breakout_close,2026-02-24 14:50:00+00:00,SPY,exit_long,684.9,hybrid_exit
signal_breakout_close,2026-02-24 15:19:00+00:00,SPY,enter_long,684.18,signal_breakout_close
signal_breakout_close,2026-02-24 15:50:00+00:00,SPY,exit_long,686.0,hybrid_exit
signal_breakout_close,2026-02-24 16:02:00+00:00,SPY,enter_long,686.09,signal_breakout_close
signal_breakout_close,2026-02-24 17:30:00+00:00,SPY,exit_long,687.45,hybrid_exit
signal_breakout_close,2026-02-24 17:43:00+00:00,SPY,enter_short,687.21,signal_breakout_close
signal_breakout_close,2026-02-24 18:30:00+00:00,SPY,exit_short,687.04,hybrid_exit
signal_breakout_close,2026-02-24 18:59:00+00:00,SPY,enter_short,687.45,signal_breakout_close
signal_breakout_close,2026-02-24 19:30:00+00:00,SPY,exit_short,686.89,hybrid_exit
signal_breakout_close,2026-02-24 19:40:00+00:00,SPY,enter_long,687.16,signal_breakout_close
signal_breakout_close,2026-02-24 21:00:00+00:00,SPY,exit_long,687.45,hybrid_exit
signal_breakout_close,2026-02-25 14:30:00+00:00,SPY,enter_long,691.08,signal_breakout_close
signal_breakout_close,2026-02-25 14:40:00+00:00,SPY,exit_long,691.19,hybrid_exit
signal_breakout_close,2026-02-25 15:06:00+00:00,SPY,enter_short,690.62,signal_breakout_close
signal_breakout_close,2026-02-25 15:40:00+00:00,SPY,exit_short,690.49,hybrid_exit
signal_breakout_close,2026-02-25 15:59:00+00:00,SPY,enter_long,690.83,signal_breakout_close
signal_breakout_close,2026-02-25 17:00:00+00:00,SPY,exit_long,692.02,hybrid_exit
signal_breakout_close,2026-02-25 17:29:00+00:00,SPY,enter_short,691.98,signal_breakout_close
signal_breakout_close,2026-02-25 18:00:00+00:00,SPY,exit_short,692.54,hybrid_exit
signal_breakout_close,2026-02-25 18:30:00+00:00,SPY,enter_long,692.43,signal_breakout_close
signal_breakout_close,2026-02-25 19:20:00+00:00,SPY,exit_long,693.0,hybrid_exit
signal_breakout_close,2026-02-25 19:59:00+00:00,SPY,enter_short,693.08,signal_breakout_close
signal_breakout_close,2026-02-26 14:40:00+00:00,SPY,exit_short,692.165,hybrid_exit
signal_breakout_close,2026-02-26 15:01:00+00:00,SPY,enter_short,689.76,signal_breakout_close
signal_breakout_close,2026-02-26 15:20:00+00:00,SPY,exit_short,686.56,hybrid_exit
signal_breakout_close,2026-02-26 15:40:00+00:00,SPY,enter_long,686.66,signal_breakout_close
signal_breakout_close,2026-02-26 16:00:00+00:00,SPY,exit_long,687.685,hybrid_exit
signal_breakout_close,2026-02-26 16:36:00+00:00,SPY,enter_short,687.8,signal_breakout_close
signal_breakout_close,2026-02-26 17:10:00+00:00,SPY,exit_short,686.76,hybrid_exit
signal_breakout_close,2026-02-26 17:32:00+00:00,SPY,enter_long,686.775,signal_breakout_close
signal_breakout_close,2026-02-26 19:20:00+00:00,SPY,exit_long,688.89,hybrid_exit
signal_breakout_close,2026-02-26 20:00:00+00:00,SPY,enter_short,688.99,signal_breakout_close
signal_breakout_close,2026-02-27 14:40:00+00:00,SPY,exit_short,684.06,hybrid_exit
signal_breakout_close,2026-02-27 15:01:00+00:00,SPY,enter_long,683.715,signal_breakout_close
signal_breakout_close,2026-02-27 15:50:00+00:00,SPY,exit_long,685.135,hybrid_exit
signal_breakout_close,2026-02-27 16:40:00+00:00,SPY,enter_short,685.16,signal_breakout_close
signal_breakout_close,2026-02-27 17:30:00+00:00,SPY,exit_short,684.14,hybrid_exit
signal_breakout_close,2026-02-27 18:12:00+00:00,SPY,enter_short,683.97,signal_breakout_close
signal_breakout_close,2026-02-27 18:50:00+00:00,SPY,exit_short,683.75,hybrid_exit
signal_breakout_close,2026-02-27 20:01:00+00:00,SPY,enter_long,683.62,signal_breakout_close
signal_breakout_close,2026-02-27 20:30:00+00:00,SPY,exit_long,685.57,hybrid_exit
signal_breakout_close,2026-02-27 20:36:00+00:00,SPY,enter_short,685.18,signal_breakout_close
signal_breakout_close,2026-03-02 14:40:00+00:00,SPY,exit_short,681.0,hybrid_exit
signal_breakout_close,2026-03-02 14:45:00+00:00,SPY,enter_long,682.51,signal_breakout_close
signal_breakout_close,2026-03-02 15:30:00+00:00,SPY,exit_long,683.37,hybrid_exit
signal_breakout_close,2026-03-02 15:41:00+00:00,SPY,enter_long,683.99,signal_breakout_close
signal_breakout_close,2026-03-02 17:00:00+00:00,SPY,exit_long,686.25,hybrid_exit
signal_breakout_close,2026-03-02 17:30:00+00:00,SPY,enter_short,686.44,signal_breakout_close
signal_breakout_close,2026-03-02 18:20:00+00:00,SPY,exit_short,686.59,hybrid_exit
signal_breakout_close,2026-03-02 19:09:00+00:00,SPY,enter_long,686.45,signal_breakout_close
signal_breakout_close,2026-03-02 19:40:00+00:00,SPY,exit_long,688.31,hybrid_exit
signal_breakout_close,2026-03-02 19:43:00+00:00,SPY,enter_short,688.01,signal_breakout_close
signal_breakout_close,2026-03-02 20:20:00+00:00,SPY,exit_short,686.08,hybrid_exit
signal_breakout_close,2026-03-03 14:30:00+00:00,SPY,enter_short,676.12,signal_breakout_close
signal_breakout_close,2026-03-03 14:40:00+00:00,SPY,exit_short,675.78,hybrid_exit
signal_breakout_close,2026-03-03 15:31:00+00:00,SPY,enter_long,671.59,signal_breakout_close
signal_breakout_close,2026-03-03 16:50:00+00:00,SPY,exit_long,677.57,hybrid_exit
signal_breakout_close,2026-03-03 17:22:00+00:00,SPY,enter_long,677.83,signal_breakout_close
signal_breakout_close,2026-03-03 18:50:00+00:00,SPY,exit_long,681.4,hybrid_exit
signal_breakout_close,2026-03-03 19:02:00+00:00,SPY,enter_short,680.84,signal_breakout_close
signal_breakout_close,2026-03-03 19:40:00+00:00,SPY,exit_short,680.82,hybrid_exit
signal_breakout_close,2026-03-03 20:14:00+00:00,SPY,enter_short,680.74,signal_breakout_close
signal_breakout_close,2026-03-03 20:31:00+00:00,SPY,enter_long,681.29,signal_breakout_close
signal_breakout_close,2026-03-03 20:50:00+00:00,SPY,exit_short,680.52,hybrid_exit
signal_breakout_close,2026-03-04 15:40:00+00:00,SPY,exit_long,684.63,hybrid_exit
signal_breakout_close,2026-03-04 16:10:00+00:00,SPY,enter_short,685.255,signal_breakout_close
signal_breakout_close,2026-03-04 16:30:00+00:00,SPY,exit_short,685.185,hybrid_exit
signal_breakout_close,2026-03-04 16:31:00+00:00,SPY,enter_long,685.45,signal_breakout_close
signal_breakout_close,2026-03-04 17:10:00+00:00,SPY,exit_long,686.08,hybrid_exit
signal_breakout_close,2026-03-04 17:53:00+00:00,SPY,enter_long,686.33,signal_breakout_close
signal_breakout_close,2026-03-04 18:50:00+00:00,SPY,exit_long,686.76,hybrid_exit
signal_breakout_close,2026-03-04 19:22:00+00:00,SPY,enter_short,686.65,signal_breakout_close
signal_breakout_close,2026-03-05 14:40:00+00:00,SPY,exit_short,683.63,hybrid_exit
signal_breakout_close,2026-03-05 15:19:00+00:00,SPY,enter_short,682.91,signal_breakout_close
signal_breakout_close,2026-03-05 15:40:00+00:00,SPY,exit_short,681.3,hybrid_exit
signal_breakout_close,2026-03-05 16:03:00+00:00,SPY,enter_short,681.19,signal_breakout_close
signal_breakout_close,2026-03-05 17:40:00+00:00,SPY,exit_short,678.09,hybrid_exit
signal_breakout_close,2026-03-05 18:40:00+00:00,SPY,enter_long,677.25,signal_breakout_close
signal_breakout_close,2026-03-05 20:00:00+00:00,SPY,exit_long,677.1,hybrid_exit
signal_breakout_close,2026-03-06 14:30:00+00:00,SPY,enter_short,672.76,signal_breakout_close
signal_breakout_close,2026-03-06 14:40:00+00:00,SPY,exit_short,671.06,hybrid_exit
signal_breakout_close,2026-03-06 15:00:00+00:00,SPY,enter_long,672.4,signal_breakout_close
signal_breakout_close,2026-03-06 15:40:00+00:00,SPY,exit_long,675.5,hybrid_exit
signal_breakout_close,2026-03-06 15:46:00+00:00,SPY,enter_short,674.01,signal_breakout_close
signal_breakout_close,2026-03-06 17:20:00+00:00,SPY,exit_short,674.43,hybrid_exit
signal_breakout_close,2026-03-06 17:50:00+00:00,SPY,enter_long,673.88,signal_breakout_close
signal_breakout_close,2026-03-06 18:30:00+00:00,SPY,exit_long,674.55,hybrid_exit
signal_breakout_close,2026-03-06 18:50:00+00:00,SPY,enter_short,674.13,signal_breakout_close
signal_breakout_close,2026-03-09 13:50:00+00:00,SPY,exit_short,663.68,hybrid_exit
signal_breakout_close,2026-03-09 14:03:00+00:00,SPY,enter_long,665.3,signal_breakout_close
signal_breakout_close,2026-03-09 16:20:00+00:00,SPY,exit_long,670.0,hybrid_exit
signal_breakout_close,2026-03-09 17:00:00+00:00,SPY,enter_short,671.03,signal_breakout_close
signal_breakout_close,2026-03-09 17:40:00+00:00,SPY,exit_short,668.5,hybrid_exit
signal_breakout_close,2026-03-09 17:52:00+00:00,SPY,enter_long,669.06,signal_breakout_close
signal_breakout_close,2026-03-09 19:40:00+00:00,SPY,exit_long,679.16,hybrid_exit
signal_breakout_close,2026-03-10 14:20:00+00:00,SPY,enter_long,676.85,signal_breakout_close
signal_breakout_close,2026-03-10 15:00:00+00:00,SPY,exit_long,681.1,hybrid_exit
signal_breakout_close,2026-03-10 15:10:00+00:00,SPY,enter_short,680.43,signal_breakout_close
signal_breakout_close,2026-03-10 16:00:00+00:00,SPY,exit_short,681.4,hybrid_exit
signal_breakout_close,2026-03-10 16:34:00+00:00,SPY,enter_long,681.34,signal_breakout_close
signal_breakout_close,2026-03-10 17:10:00+00:00,SPY,exit_long,682.02,hybrid_exit
signal_breakout_close,2026-03-10 17:33:00+00:00,SPY,enter_short,682.31,signal_breakout_close
signal_breakout_close,2026-03-10 18:30:00+00:00,SPY,exit_short,679.42,hybrid_exit
signal_breakout_close,2026-03-10 18:55:00+00:00,SPY,enter_short,678.47,signal_breakout_close
signal_breakout_close,2026-03-10 19:50:00+00:00,SPY,exit_short,676.78,hybrid_exit
signal_breakout_close,2026-03-11 13:43:00+00:00,SPY,enter_short,677.48,signal_breakout_close
signal_breakout_close,2026-03-11 15:40:00+00:00,SPY,exit_short,674.875,hybrid_exit
signal_breakout_close,2026-03-11 16:14:00+00:00,SPY,enter_long,674.39,signal_breakout_close
signal_breakout_close,2026-03-11 16:50:00+00:00,SPY,exit_long,675.34,hybrid_exit
signal_breakout_close,2026-03-11 17:10:00+00:00,SPY,enter_short,675.96,signal_breakout_close
signal_breakout_close,2026-03-11 17:40:00+00:00,SPY,exit_short,674.64,hybrid_exit
signal_breakout_close,2026-03-11 19:02:00+00:00,SPY,enter_short,674.61,signal_breakout_close
signal_breakout_close,2026-03-12 13:40:00+00:00,SPY,exit_short,671.28,hybrid_exit
signal_breakout_close,2026-03-12 13:55:00+00:00,SPY,enter_short,668.5,signal_breakout_close
signal_breakout_close,2026-03-12 14:30:00+00:00,SPY,exit_short,668.04,hybrid_exit
signal_breakout_close,2026-03-12 14:44:00+00:00,SPY,enter_long,669.02,signal_breakout_close
signal_breakout_close,2026-03-12 15:40:00+00:00,SPY,exit_long,669.73,hybrid_exit
signal_breakout_close,2026-03-12 16:08:00+00:00,SPY,enter_short,668.04,signal_breakout_close
signal_breakout_close,2026-03-12 18:50:00+00:00,SPY,exit_short,667.49,hybrid_exit
signal_breakout_close,2026-03-12 19:21:00+00:00,SPY,enter_long,668.04,signal_breakout_close
signal_breakout_close,2026-03-13 13:40:00+00:00,SPY,exit_long,670.39,hybrid_exit
signal_breakout_close,2026-03-13 14:02:00+00:00,SPY,enter_short,669.87,signal_breakout_close
signal_breakout_close,2026-03-13 15:10:00+00:00,SPY,exit_short,666.21,hybrid_exit
signal_breakout_close,2026-03-13 15:23:00+00:00,SPY,enter_short,665.385,signal_breakout_close
signal_breakout_close,2026-03-13 16:00:00+00:00,SPY,exit_short,663.5,hybrid_exit
signal_breakout_close,2026-03-13 16:07:00+00:00,SPY,enter_long,664.605,signal_breakout_close
signal_breakout_close,2026-03-13 16:40:00+00:00,SPY,exit_long,664.27,hybrid_exit
signal_breakout_close,2026-03-13 16:44:00+00:00,SPY,enter_short,663.75,signal_breakout_close
signal_breakout_close,2026-03-13 18:00:00+00:00,SPY,exit_short,662.7,hybrid_exit
signal_breakout_close,2026-03-13 18:04:00+00:00,SPY,enter_long,663.14,signal_breakout_close
signal_breakout_close,2026-03-16 14:10:00+00:00,SPY,exit_long,670.8,hybrid_exit
signal_breakout_close,2026-03-16 14:29:00+00:00,SPY,enter_short,670.365,signal_breakout_close
signal_breakout_close,2026-03-16 14:50:00+00:00,SPY,exit_short,668.02,hybrid_exit
signal_breakout_close,2026-03-16 14:52:00+00:00,SPY,enter_long,668.76,signal_breakout_close
signal_breakout_close,2026-03-16 15:10:00+00:00,SPY,exit_long,669.17,hybrid_exit
signal_breakout_close,2026-03-16 15:41:00+00:00,SPY,enter_short,669.82,signal_breakout_close
signal_breakout_close,2026-03-16 16:20:00+00:00,SPY,exit_short,668.67,hybrid_exit
signal_breakout_close,2026-03-16 16:40:00+00:00,SPY,enter_long,668.22,signal_breakout_close
signal_breakout_close,2026-03-16 18:20:00+00:00,SPY,exit_long,669.81,hybrid_exit
signal_breakout_close,2026-03-16 18:42:00+00:00,SPY,enter_long,670.16,signal_breakout_close
signal_breakout_close,2026-03-16 19:20:00+00:00,SPY,exit_long,669.42,hybrid_exit
signal_breakout_close,2026-03-17 13:30:00+00:00,SPY,enter_long,672.6,signal_breakout_close
signal_breakout_close,2026-03-17 13:40:00+00:00,SPY,exit_long,673.885,hybrid_exit
signal_breakout_close,2026-03-17 14:00:00+00:00,SPY,enter_short,673.47,signal_breakout_close
signal_breakout_close,2026-03-17 15:40:00+00:00,SPY,exit_short,670.68,hybrid_exit
signal_breakout_close,2026-03-17 16:11:00+00:00,SPY,enter_long,671.19,signal_breakout_close
signal_breakout_close,2026-03-17 17:20:00+00:00,SPY,exit_long,671.4,hybrid_exit
signal_breakout_close,2026-03-17 17:43:00+00:00,SPY,enter_short,671.34,signal_breakout_close
signal_breakout_close,2026-03-18 13:40:00+00:00,SPY,exit_short,669.07,hybrid_exit
signal_breakout_close,2026-03-18 14:02:00+00:00,SPY,enter_short,668.23,signal_breakout_close
signal_breakout_close,2026-03-18 14:30:00+00:00,SPY,exit_short,665.98,hybrid_exit
signal_breakout_close,2026-03-18 14:57:00+00:00,SPY,enter_long,666.505,signal_breakout_close
signal_breakout_close,2026-03-18 15:00:00+00:00,SPY,exit_long,667.13,hybrid_exit
signal_breakout_close,2026-03-18 15:41:00+00:00,SPY,enter_short,666.83,signal_breakout_close
signal_breakout_close,2026-03-18 19:10:00+00:00,SPY,exit_short,664.4,hybrid_exit
signal_breakout_close,2026-03-18 19:20:00+00:00,SPY,enter_short,663.28,signal_breakout_close
signal_breakout_close,2026-03-19 13:40:00+00:00,SPY,exit_short,656.23,hybrid_exit
signal_breakout_close,2026-03-19 13:41:00+00:00,SPY,enter_long,657.32,signal_breakout_close
signal_breakout_close,2026-03-19 14:00:00+00:00,SPY,exit_long,658.64,hybrid_exit
signal_breakout_close,2026-03-19 14:15:00+00:00,SPY,enter_short,657.75,signal_breakout_close
signal_breakout_close,2026-03-19 14:30:00+00:00,SPY,exit_short,656.33,hybrid_exit
signal_breakout_close,2026-03-19 14:34:00+00:00,SPY,enter_long,658.54,signal_breakout_close
signal_breakout_close,2026-03-19 15:10:00+00:00,SPY,exit_long,658.87,hybrid_exit
signal_breakout_close,2026-03-19 15:20:00+00:00,SPY,enter_short,657.765,signal_breakout_close
signal_breakout_close,2026-03-19 15:50:00+00:00,SPY,exit_short,657.02,hybrid_exit
signal_breakout_close,2026-03-19 16:16:00+00:00,SPY,enter_short,657.46,signal_breakout_close
signal_breakout_close,2026-03-19 17:20:00+00:00,SPY,exit_short,656.8,hybrid_exit
signal_breakout_close,2026-03-19 17:22:00+00:00,SPY,enter_long,656.895,signal_breakout_close
signal_breakout_close,2026-03-19 19:10:00+00:00,SPY,exit_long,661.85,hybrid_exit
signal_breakout_close,2026-03-19 19:24:00+00:00,SPY,enter_short,660.69,signal_breakout_close
signal_breakout_close,2026-03-20 14:10:00+00:00,SPY,exit_short,653.09,hybrid_exit
signal_breakout_close,2026-03-20 14:31:00+00:00,SPY,enter_long,652.43,signal_breakout_close
signal_breakout_close,2026-03-20 15:10:00+00:00,SPY,exit_long,652.19,hybrid_exit
signal_breakout_close,2026-03-20 16:30:00+00:00,SPY,enter_short,652.8,signal_breakout_close
signal_breakout_close,2026-03-20 18:30:00+00:00,SPY,exit_short,649.4,hybrid_exit
signal_breakout_close,2026-03-20 19:00:00+00:00,SPY,enter_long,648.45,signal_breakout_close
signal_breakout_close,2026-03-23 14:10:00+00:00,SPY,exit_long,659.56,hybrid_exit
signal_breakout_close,2026-03-23 14:30:00+00:00,SPY,enter_short,660.46,signal_breakout_close
signal_breakout_close,2026-03-23 16:10:00+00:00,SPY,exit_short,656.77,hybrid_exit
signal_breakout_close,2026-03-23 16:45:00+00:00,SPY,enter_long,656.64,signal_breakout_close
signal_breakout_close,2026-03-23 18:10:00+00:00,SPY,exit_long,657.45,hybrid_exit
signal_breakout_close,2026-03-23 19:00:00+00:00,SPY,enter_short,658.6,signal_breakout_close
signal_breakout_close,2026-03-24 13:40:00+00:00,SPY,exit_short,651.22,hybrid_exit
signal_breakout_close,2026-03-24 14:00:00+00:00,SPY,enter_long,652.11,signal_breakout_close
signal_breakout_close,2026-03-24 15:00:00+00:00,SPY,exit_long,653.95,hybrid_exit
signal_breakout_close,2026-03-24 15:55:00+00:00,SPY,enter_short,655.97,signal_breakout_close
signal_breakout_close,2026-03-24 17:20:00+00:00,SPY,exit_short,652.79,hybrid_exit
signal_breakout_close,2026-03-24 17:28:00+00:00,SPY,enter_long,653.38,signal_breakout_close
signal_breakout_close,2026-03-24 18:50:00+00:00,SPY,exit_long,655.02,hybrid_exit
signal_breakout_close,2026-03-25 13:30:00+00:00,SPY,enter_long,659.51,signal_breakout_close
signal_breakout_close,2026-03-25 13:40:00+00:00,SPY,exit_long,659.88,hybrid_exit
signal_breakout_close,2026-03-25 15:02:00+00:00,SPY,enter_short,658.44,signal_breakout_close
signal_breakout_close,2026-03-25 15:20:00+00:00,SPY,exit_short,655.15,hybrid_exit
signal_breakout_close,2026-03-25 15:29:00+00:00,SPY,enter_long,657.845,signal_breakout_close
signal_breakout_close,2026-03-25 15:30:00+00:00,SPY,exit_long,657.87,hybrid_exit
signal_breakout_close,2026-03-25 15:50:00+00:00,SPY,enter_long,657.06,signal_breakout_close
signal_breakout_close,2026-03-25 16:40:00+00:00,SPY,exit_long,658.055,hybrid_exit
signal_breakout_close,2026-03-25 17:52:00+00:00,SPY,enter_short,657.8,signal_breakout_close
signal_breakout_close,2026-03-26 13:40:00+00:00,SPY,exit_short,650.79,hybrid_exit
signal_breakout_close,2026-03-26 13:43:00+00:00,SPY,enter_long,652.31,signal_breakout_close
signal_breakout_close,2026-03-26 14:00:00+00:00,SPY,exit_long,654.47,hybrid_exit
signal_breakout_close,2026-03-26 14:37:00+00:00,SPY,enter_short,653.74,signal_breakout_close
signal_breakout_close,2026-03-26 15:00:00+00:00,SPY,exit_short,652.31,hybrid_exit
signal_breakout_close,2026-03-26 15:16:00+00:00,SPY,enter_short,651.94,signal_breakout_close
signal_breakout_close,2026-03-27 13:40:00+00:00,SPY,exit_short,640.925,hybrid_exit
signal_breakout_close,2026-03-27 13:51:00+00:00,SPY,enter_short,640.57,signal_breakout_close
signal_breakout_close,2026-03-27 14:40:00+00:00,SPY,exit_short,638.9,hybrid_exit
signal_breakout_close,2026-03-27 14:49:00+00:00,SPY,enter_long,640.21,signal_breakout_close
signal_breakout_close,2026-03-27 14:50:00+00:00,SPY,exit_long,640.2,hybrid_exit
signal_breakout_close,2026-03-27 15:11:00+00:00,SPY,enter_short,639.855,signal_breakout_close
signal_breakout_0.05atr,2026-01-26 20:30:00+00:00,SPY,enter_long,693.7502453658615,signal_breakout
signal_breakout_0.05atr,2026-01-27 15:00:00+00:00,SPY,exit_long,695.17,hybrid_exit
signal_breakout_0.05atr,2026-01-27 15:21:00+00:00,SPY,enter_long,695.3990494128516,signal_breakout
signal_breakout_0.05atr,2026-01-27 16:00:00+00:00,SPY,exit_long,696.0,hybrid_exit
signal_breakout_0.05atr,2026-01-27 16:30:00+00:00,SPY,enter_short,696.1536925112872,signal_breakout
signal_breakout_0.05atr,2026-01-27 17:50:00+00:00,SPY,exit_short,695.7,hybrid_exit
signal_breakout_0.05atr,2026-01-27 18:15:00+00:00,SPY,enter_long,695.4635694846615,signal_breakout
signal_breakout_0.05atr,2026-01-27 19:00:00+00:00,SPY,exit_long,696.01,hybrid_exit
signal_breakout_0.05atr,2026-01-27 19:40:00+00:00,SPY,enter_short,696.0903254974216,signal_breakout
signal_breakout_0.05atr,2026-01-27 20:20:00+00:00,SPY,exit_short,696.27,hybrid_exit
signal_breakout_0.05atr,2026-01-27 20:49:00+00:00,SPY,enter_long,696.1020191110869,signal_breakout
signal_breakout_0.05atr,2026-01-28 14:40:00+00:00,SPY,exit_long,697.165,hybrid_exit
signal_breakout_0.05atr,2026-01-28 14:48:00+00:00,SPY,enter_short,696.94,signal_breakout
signal_breakout_0.05atr,2026-01-28 15:20:00+00:00,SPY,exit_short,696.51,hybrid_exit
signal_breakout_0.05atr,2026-01-28 15:33:00+00:00,SPY,enter_short,696.4615679278145,signal_breakout
signal_breakout_0.05atr,2026-01-28 17:00:00+00:00,SPY,exit_short,694.73,hybrid_exit
signal_breakout_0.05atr,2026-01-28 17:03:00+00:00,SPY,enter_long,695.1153911170167,signal_breakout
signal_breakout_0.05atr,2026-01-28 17:23:00+00:00,SPY,enter_short,695.0100989858377,signal_breakout
signal_breakout_0.05atr,2026-01-28 18:00:00+00:00,SPY,exit_long,694.84,hybrid_exit
signal_breakout_0.05atr,2026-01-28 18:00:00+00:00,SPY,exit_short,694.84,hybrid_exit
signal_breakout_0.05atr,2026-01-28 18:32:00+00:00,SPY,enter_short,695.0665308383286,signal_breakout
signal_breakout_0.05atr,2026-01-28 18:59:00+00:00,SPY,enter_long,695.1871519812371,signal_breakout
signal_breakout_0.05atr,2026-01-28 19:10:00+00:00,SPY,exit_short,695.0,hybrid_exit
signal_breakout_0.05atr,2026-01-28 20:00:00+00:00,SPY,enter_short,694.8511986185376,signal_breakout
signal_breakout_0.05atr,2026-01-28 20:00:00+00:00,SPY,exit_long,694.9,hybrid_exit
signal_breakout_0.05atr,2026-01-29 14:50:00+00:00,SPY,exit_short,693.64,hybrid_exit
signal_breakout_0.05atr,2026-01-29 15:00:00+00:00,SPY,enter_short,691.4227433448483,signal_breakout
signal_breakout_0.05atr,2026-01-29 15:40:00+00:00,SPY,exit_short,687.59,hybrid_exit
signal_breakout_0.05atr,2026-01-29 16:11:00+00:00,SPY,enter_long,686.24732068493,signal_breakout
signal_breakout_0.05atr,2026-01-29 17:30:00+00:00,SPY,exit_long,690.985,hybrid_exit
signal_breakout_0.05atr,2026-01-29 17:42:00+00:00,SPY,enter_short,690.749662735991,signal_breakout
signal_breakout_0.05atr,2026-01-29 18:00:00+00:00,SPY,exit_short,689.03,hybrid_exit
signal_breakout_0.05atr,2026-01-29 18:05:00+00:00,SPY,enter_long,690.041622436824,signal_breakout
signal_breakout_0.05atr,2026-01-30 14:30:00+00:00,SPY,exit_long,691.84,hybrid_exit
signal_breakout_0.05atr,2026-01-30 14:30:00+00:00,SPY,enter_short,691.84,signal_breakout
signal_breakout_0.05atr,2026-01-30 17:10:00+00:00,SPY,exit_short,689.11,hybrid_exit
signal_breakout_0.05atr,2026-01-30 17:20:00+00:00,SPY,enter_long,689.72,signal_breakout
signal_breakout_0.05atr,2026-01-30 19:00:00+00:00,SPY,exit_long,691.36,hybrid_exit
signal_breakout_0.05atr,2026-01-30 19:29:00+00:00,SPY,enter_short,691.4323933298194,signal_breakout
signal_breakout_0.05atr,2026-01-30 19:53:00+00:00,SPY,enter_long,691.920638430899,signal_breakout
signal_breakout_0.05atr,2026-01-30 20:00:00+00:00,SPY,exit_short,690.665,hybrid_exit
signal_breakout_0.05atr,2026-02-02 17:20:00+00:00,SPY,exit_long,696.26,hybrid_exit
signal_breakout_0.05atr,2026-02-02 17:21:00+00:00,SPY,enter_short,695.9850334331741,signal_breakout
signal_breakout_0.05atr,2026-02-02 18:30:00+00:00,SPY,exit_short,696.07,hybrid_exit
signal_breakout_0.05atr,2026-02-02 19:00:00+00:00,SPY,enter_short,696.3922560316199,signal_breakout
signal_breakout_0.05atr,2026-02-02 20:10:00+00:00,SPY,exit_short,696.3,hybrid_exit
signal_breakout_0.05atr,2026-02-02 20:32:00+00:00,SPY,enter_short,695.6828701021437,signal_breakout
signal_breakout_0.05atr,2026-02-03 15:10:00+00:00,SPY,exit_short,692.99,hybrid_exit
signal_breakout_0.05atr,2026-02-03 15:24:00+00:00,SPY,enter_short,691.603504119513,signal_breakout
signal_breakout_0.05atr,2026-02-03 18:40:00+00:00,SPY,exit_short,686.355,hybrid_exit
signal_breakout_0.05atr,2026-02-03 19:12:00+00:00,SPY,enter_long,685.2156225788854,signal_breakout
signal_breakout_0.05atr,2026-02-03 19:30:00+00:00,SPY,exit_long,686.26,hybrid_exit
signal_breakout_0.05atr,2026-02-03 19:56:00+00:00,SPY,enter_long,686.7713434239782,signal_breakout
signal_breakout_0.05atr,2026-02-04 14:40:00+00:00,SPY,exit_long,690.57,hybrid_exit
signal_breakout_0.05atr,2026-02-04 14:51:00+00:00,SPY,enter_short,689.8460878047143,signal_breakout
signal_breakout_0.05atr,2026-02-04 15:10:00+00:00,SPY,exit_short,688.985,hybrid_exit
signal_breakout_0.05atr,2026-02-04 15:34:00+00:00,SPY,enter_short,688.23,signal_breakout
signal_breakout_0.05atr,2026-02-04 17:00:00+00:00,SPY,exit_short,686.51,hybrid_exit
signal_breakout_0.05atr,2026-02-04 17:10:00+00:00,SPY,enter_short,686.1904952545896,signal_breakout
signal_breakout_0.05atr,2026-02-04 17:40:00+00:00,SPY,exit_short,682.41,hybrid_exit
signal_breakout_0.05atr,2026-02-04 17:55:00+00:00,SPY,enter_long,683.36,signal_breakout
signal_breakout_0.05atr,2026-02-04 19:50:00+00:00,SPY,exit_long,687.33,hybrid_exit
signal_breakout_0.05atr,2026-02-04 20:11:00+00:00,SPY,enter_short,687.3558215484491,signal_breakout
signal_breakout_0.05atr,2026-02-05 14:40:00+00:00,SPY,exit_short,682.37,hybrid_exit
signal_breakout_0.05atr,2026-02-05 14:55:00+00:00,SPY,enter_short,681.2529320720672,signal_breakout
signal_breakout_0.05atr,2026-02-05 15:10:00+00:00,SPY,exit_short,678.75,hybrid_exit
signal_breakout_0.05atr,2026-02-05 15:42:00+00:00,SPY,enter_long,677.9658883266942,signal_breakout
signal_breakout_0.05atr,2026-02-05 16:40:00+00:00,SPY,exit_long,680.235,hybrid_exit
signal_breakout_0.05atr,2026-02-05 17:04:00+00:00,SPY,enter_short,679.87,signal_breakout
signal_breakout_0.05atr,2026-02-05 18:30:00+00:00,SPY,exit_short,679.09,hybrid_exit
signal_breakout_0.05atr,2026-02-05 19:03:00+00:00,SPY,enter_long,678.6649879783821,signal_breakout
signal_breakout_0.05atr,2026-02-05 19:30:00+00:00,SPY,exit_long,680.145,hybrid_exit
signal_breakout_0.05atr,2026-02-05 20:01:00+00:00,SPY,enter_long,679.2296663726618,signal_breakout
signal_breakout_0.05atr,2026-02-06 15:00:00+00:00,SPY,exit_long,684.82,hybrid_exit
signal_breakout_0.05atr,2026-02-06 15:11:00+00:00,SPY,enter_long,685.1545166673883,signal_breakout
signal_breakout_0.05atr,2026-02-06 18:20:00+00:00,SPY,exit_long,689.155,hybrid_exit
signal_breakout_0.05atr,2026-02-06 19:22:00+00:00,SPY,enter_long,689.348070030703,signal_breakout
signal_breakout_0.05atr,2026-02-09 14:30:00+00:00,SPY,exit_long,689.47,hybrid_exit
signal_breakout_0.05atr,2026-02-09 14:40:00+00:00,SPY,enter_long,691.139322266538,signal_breakout
signal_breakout_0.05atr,2026-02-09 15:30:00+00:00,SPY,exit_long,691.94,hybrid_exit
signal_breakout_0.05atr,2026-02-09 15:50:00+00:00,SPY,enter_long,693.8050919179846,signal_breakout
signal_breakout_0.05atr,2026-02-09 17:00:00+00:00,SPY,exit_long,695.375,hybrid_exit
signal_breakout_0.05atr,2026-02-09 17:20:00+00:00,SPY,enter_short,695.3193777996307,signal_breakout
signal_breakout_0.05atr,2026-02-09 18:00:00+00:00,SPY,exit_short,694.58,hybrid_exit
signal_breakout_0.05atr,2026-02-09 18:21:00+00:00,SPY,enter_long,695.0,signal_breakout
signal_breakout_0.05atr,2026-02-09 19:30:00+00:00,SPY,exit_long,695.76,hybrid_exit
signal_breakout_0.05atr,2026-02-09 19:40:00+00:00,SPY,enter_short,695.5181252701193,signal_breakout
signal_breakout_0.05atr,2026-02-09 20:40:00+00:00,SPY,enter_long,694.609633718706,signal_breakout
signal_breakout_0.05atr,2026-02-09 20:40:00+00:00,SPY,exit_short,694.54,hybrid_exit
signal_breakout_0.05atr,2026-02-10 15:00:00+00:00,SPY,exit_long,695.77,hybrid_exit
signal_breakout_0.05atr,2026-02-10 15:13:00+00:00,SPY,enter_short,695.4887005776778,signal_breakout
signal_breakout_0.05atr,2026-02-10 16:20:00+00:00,SPY,exit_short,694.94,hybrid_exit
signal_breakout_0.05atr,2026-02-10 17:22:00+00:00,SPY,enter_short,695.1092340545441,signal_breakout
signal_breakout_0.05atr,2026-02-10 18:40:00+00:00,SPY,exit_short,693.675,hybrid_exit
signal_breakout_0.05atr,2026-02-10 19:43:00+00:00,SPY,enter_short,693.6287134706328,signal_breakout
signal_breakout_0.05atr,2026-02-11 14:30:00+00:00,SPY,exit_short,696.435,hybrid_exit
signal_breakout_0.05atr,2026-02-11 14:30:00+00:00,SPY,enter_long,696.435,signal_breakout
signal_breakout_0.05atr,2026-02-11 14:40:00+00:00,SPY,exit_long,695.19,hybrid_exit
signal_breakout_0.05atr,2026-02-11 14:50:00+00:00,SPY,enter_short,695.1271784530228,signal_breakout
signal_breakout_0.05atr,2026-02-11 15:20:00+00:00,SPY,exit_short,690.79,hybrid_exit
signal_breakout_0.05atr,2026-02-11 15:35:00+00:00,SPY,enter_long,690.8530984343298,signal_breakout
signal_breakout_0.05atr,2026-02-11 16:30:00+00:00,SPY,exit_long,691.74,hybrid_exit
signal_breakout_0.05atr,2026-02-11 17:10:00+00:00,SPY,enter_long,692.412806883495,signal_breakout
signal_breakout_0.05atr,2026-02-11 17:50:00+00:00,SPY,exit_long,693.73,hybrid_exit
signal_breakout_0.05atr,2026-02-11 17:55:00+00:00,SPY,enter_short,693.321611915621,signal_breakout
signal_breakout_0.05atr,2026-02-11 18:20:00+00:00,SPY,exit_short,692.05,hybrid_exit
signal_breakout_0.05atr,2026-02-11 18:27:00+00:00,SPY,enter_long,692.4978411521066,signal_breakout
signal_breakout_0.05atr,2026-02-11 19:20:00+00:00,SPY,exit_long,693.365,hybrid_exit
signal_breakout_0.05atr,2026-02-11 19:45:00+00:00,SPY,enter_short,693.2917851856689,signal_breakout
signal_breakout_0.05atr,2026-02-11 20:20:00+00:00,SPY,exit_short,692.71,hybrid_exit
signal_breakout_0.05atr,2026-02-11 20:50:00+00:00,SPY,enter_short,692.394390788108,signal_breakout
signal_breakout_0.05atr,2026-02-12 14:30:00+00:00,SPY,enter_long,694.23,signal_breakout
signal_breakout_0.05atr,2026-02-12 14:40:00+00:00,SPY,exit_long,694.82,hybrid_exit
signal_breakout_0.05atr,2026-02-12 16:30:00+00:00,SPY,exit_short,683.6,hybrid_exit
signal_breakout_0.05atr,2026-02-12 16:36:00+00:00,SPY,enter_long,685.741582876047,signal_breakout
signal_breakout_0.05atr,2026-02-12 16:40:00+00:00,SPY,exit_long,685.58,hybrid_exit
signal_breakout_0.05atr,2026-02-12 17:23:00+00:00,SPY,enter_long,684.903581856325,signal_breakout
signal_breakout_0.05atr,2026-02-12 17:40:00+00:00,SPY,exit_long,684.89,hybrid_exit
signal_breakout_0.05atr,2026-02-12 17:53:00+00:00,SPY,enter_short,684.0911834590576,signal_breakout
signal_breakout_0.05atr,2026-02-12 18:10:00+00:00,SPY,exit_short,683.34,hybrid_exit
signal_breakout_0.05atr,2026-02-12 18:24:00+00:00,SPY,enter_long,683.6189138813595,signal_breakout
signal_breakout_0.05atr,2026-02-12 19:00:00+00:00,SPY,exit_long,684.855,hybrid_exit
signal_breakout_0.05atr,2026-02-12 19:11:00+00:00,SPY,enter_short,684.2667500357894,signal_breakout
signal_breakout_0.05atr,2026-02-13 14:30:00+00:00,SPY,exit_short,681.695,hybrid_exit
signal_breakout_0.05atr,2026-02-13 14:31:00+00:00,SPY,enter_long,681.8923590976221,signal_breakout
signal_breakout_0.05atr,2026-02-13 15:40:00+00:00,SPY,exit_long,682.86,hybrid_exit
signal_breakout_0.05atr,2026-02-13 16:02:00+00:00,SPY,enter_long,683.2849762655143,signal_breakout
signal_breakout_0.05atr,2026-02-13 17:10:00+00:00,SPY,exit_long,685.2,hybrid_exit
signal_breakout_0.05atr,2026-02-13 17:54:00+00:00,SPY,enter_short,685.3653725874977,signal_breakout
signal_breakout_0.05atr,2026-02-13 20:50:00+00:00,SPY,exit_short,681.18,hybrid_exit
signal_breakout_0.05atr,2026-02-17 14:30:00+00:00,SPY,enter_short,680.15,signal_breakout
signal_breakout_0.05atr,2026-02-17 15:00:00+00:00,SPY,exit_short,676.42,hybrid_exit
signal_breakout_0.05atr,2026-02-17 15:18:00+00:00,SPY,enter_long,678.616079740226,signal_breakout
signal_breakout_0.05atr,2026-02-17 16:20:00+00:00,SPY,exit_long,682.76,hybrid_exit
signal_breakout_0.05atr,2026-02-17 17:01:00+00:00,SPY,enter_short,681.7147508085046,signal_breakout
signal_breakout_0.05atr,2026-02-17 17:29:00+00:00,SPY,enter_long,681.9239087416465,signal_breakout
signal_breakout_0.05atr,2026-02-17 17:30:00+00:00,SPY,exit_short,682.11,hybrid_exit
signal_breakout_0.05atr,2026-02-17 19:00:00+00:00,SPY,exit_long,684.06,hybrid_exit
signal_breakout_0.05atr,2026-02-17 19:10:00+00:00,SPY,enter_short,683.7730435856346,signal_breakout
signal_breakout_0.05atr,2026-02-17 20:10:00+00:00,SPY,exit_short,683.39,hybrid_exit
signal_breakout_0.05atr,2026-02-17 20:43:00+00:00,SPY,enter_long,682.97,signal_breakout
signal_breakout_0.05atr,2026-02-18 14:50:00+00:00,SPY,exit_long,683.77,hybrid_exit
signal_breakout_0.05atr,2026-02-18 15:00:00+00:00,SPY,enter_long,686.4110256220006,signal_breakout
signal_breakout_0.05atr,2026-02-18 15:33:00+00:00,SPY,enter_short,687.4688466503151,signal_breakout
signal_breakout_0.05atr,2026-02-18 15:40:00+00:00,SPY,exit_long,688.04,hybrid_exit
signal_breakout_0.05atr,2026-02-18 16:20:00+00:00,SPY,exit_short,688.13,hybrid_exit
signal_breakout_0.05atr,2026-02-18 16:49:00+00:00,SPY,enter_short,688.108830291598,signal_breakout
signal_breakout_0.05atr,2026-02-18 17:05:00+00:00,SPY,enter_long,688.2634932689792,signal_breakout
signal_breakout_0.05atr,2026-02-18 17:20:00+00:00,SPY,exit_long,688.58,hybrid_exit
signal_breakout_0.05atr,2026-02-18 20:00:00+00:00,SPY,exit_short,684.62,hybrid_exit
signal_breakout_0.05atr,2026-02-18 20:30:00+00:00,SPY,enter_long,684.463902336839,signal_breakout
signal_breakout_0.05atr,2026-02-19 14:30:00+00:00,SPY,exit_long,683.85,hybrid_exit
signal_breakout_0.05atr,2026-02-19 14:30:00+00:00,SPY,enter_short,683.85,signal_breakout
signal_breakout_0.05atr,2026-02-19 14:40:00+00:00,SPY,exit_short,683.68,hybrid_exit
signal_breakout_0.05atr,2026-02-19 14:44:00+00:00,SPY,enter_long,684.5375365574881,signal_breakout
signal_breakout_0.05atr,2026-02-19 15:20:00+00:00,SPY,exit_long,684.99,hybrid_exit
signal_breakout_0.05atr,2026-02-19 15:28:00+00:00,SPY,enter_short,684.0166602036023,signal_breakout
signal_breakout_0.05atr,2026-02-19 15:33:00+00:00,SPY,enter_long,685.3540655252265,signal_breakout
signal_breakout_0.05atr,2026-02-19 15:40:00+00:00,SPY,exit_long,685.43,hybrid_exit
signal_breakout_0.05atr,2026-02-19 17:17:00+00:00,SPY,enter_long,683.7456019905011,signal_breakout
signal_breakout_0.05atr,2026-02-19 17:20:00+00:00,SPY,exit_long,684.08,hybrid_exit
signal_breakout_0.05atr,2026-02-19 18:00:00+00:00,SPY,exit_short,682.42,hybrid_exit
signal_breakout_0.05atr,2026-02-19 18:11:00+00:00,SPY,enter_long,682.7311064312819,signal_breakout
signal_breakout_0.05atr,2026-02-19 19:00:00+00:00,SPY,exit_long,683.73,hybrid_exit
signal_breakout_0.05atr,2026-02-19 19:28:00+00:00,SPY,enter_short,683.4258703694443,signal_breakout
signal_breakout_0.05atr,2026-02-19 19:50:00+00:00,SPY,enter_long,682.7141533521614,signal_breakout
signal_breakout_0.05atr,2026-02-19 20:00:00+00:00,SPY,exit_short,682.555,hybrid_exit
signal_breakout_0.05atr,2026-02-20 14:50:00+00:00,SPY,exit_long,684.26,hybrid_exit
signal_breakout_0.05atr,2026-02-20 15:00:00+00:00,SPY,enter_long,685.0582836644644,signal_breakout
signal_breakout_0.05atr,2026-02-20 15:10:00+00:00,SPY,exit_long,687.035,hybrid_exit
signal_breakout_0.05atr,2026-02-20 15:26:00+00:00,SPY,enter_long,688.0036042821147,signal_breakout
signal_breakout_0.05atr,2026-02-20 15:50:00+00:00,SPY,exit_long,688.17,hybrid_exit
signal_breakout_0.05atr,2026-02-20 16:10:00+00:00,SPY,enter_short,688.2301891274483,signal_breakout
signal_breakout_0.05atr,2026-02-20 16:38:00+00:00,SPY,enter_long,687.4799172829654,signal_breakout
signal_breakout_0.05atr,2026-02-20 16:40:00+00:00,SPY,exit_long,688.12,hybrid_exit
signal_breakout_0.05atr,2026-02-20 17:20:00+00:00,SPY,exit_short,685.08,hybrid_exit
signal_breakout_0.05atr,2026-02-20 17:30:00+00:00,SPY,enter_long,685.2783160769699,signal_breakout
signal_breakout_0.05atr,2026-02-20 18:50:00+00:00,SPY,exit_long,689.1,hybrid_exit
signal_breakout_0.05atr,2026-02-20 19:10:00+00:00,SPY,enter_short,688.7642675019101,signal_breakout
signal_breakout_0.05atr,2026-02-20 19:50:00+00:00,SPY,exit_short,688.05,hybrid_exit
signal_breakout_0.05atr,2026-02-20 20:21:00+00:00,SPY,enter_short,688.5087154087361,signal_breakout
signal_breakout_0.05atr,2026-02-23 16:10:00+00:00,SPY,exit_short,681.15,hybrid_exit
signal_breakout_0.05atr,2026-02-23 16:20:00+00:00,SPY,enter_long,681.6768173309939,signal_breakout
signal_breakout_0.05atr,2026-02-23 17:00:00+00:00,SPY,exit_long,681.96,hybrid_exit
signal_breakout_0.05atr,2026-02-23 17:53:00+00:00,SPY,enter_long,681.75,signal_breakout
signal_breakout_0.05atr,2026-02-23 18:30:00+00:00,SPY,exit_long,683.6,hybrid_exit
signal_breakout_0.05atr,2026-02-23 18:41:00+00:00,SPY,enter_short,683.3197050387167,signal_breakout
signal_breakout_0.05atr,2026-02-23 19:20:00+00:00,SPY,exit_short,681.755,hybrid_exit
signal_breakout_0.05atr,2026-02-23 19:56:00+00:00,SPY,enter_long,681.4754603448064,signal_breakout
signal_breakout_0.05atr,2026-02-24 14:50:00+00:00,SPY,exit_long,684.9,hybrid_exit
signal_breakout_0.05atr,2026-02-24 15:10:00+00:00,SPY,enter_long,684.053619879424,signal_breakout
signal_breakout_0.05atr,2026-02-24 15:50:00+00:00,SPY,exit_long,686.0,hybrid_exit
signal_breakout_0.05atr,2026-02-24 16:02:00+00:00,SPY,enter_long,686.0618617078096,signal_breakout
signal_breakout_0.05atr,2026-02-24 17:30:00+00:00,SPY,exit_long,687.45,hybrid_exit
signal_breakout_0.05atr,2026-02-24 17:40:00+00:00,SPY,enter_short,687.2594207307894,signal_breakout
signal_breakout_0.05atr,2026-02-24 18:30:00+00:00,SPY,exit_short,687.04,hybrid_exit
signal_breakout_0.05atr,2026-02-24 18:59:00+00:00,SPY,enter_short,687.4722537978113,signal_breakout
signal_breakout_0.05atr,2026-02-24 19:30:00+00:00,SPY,exit_short,686.89,hybrid_exit
signal_breakout_0.05atr,2026-02-24 19:40:00+00:00,SPY,enter_long,687.1428500153382,signal_breakout
signal_breakout_0.05atr,2026-02-24 21:00:00+00:00,SPY,exit_long,687.45,hybrid_exit
signal_breakout_0.05atr,2026-02-25 14:30:00+00:00,SPY,enter_long,690.14,signal_breakout
signal_breakout_0.05atr,2026-02-25 14:40:00+00:00,SPY,exit_long,691.19,hybrid_exit
signal_breakout_0.05atr,2026-02-25 15:06:00+00:00,SPY,enter_short,690.8058764902377,signal_breakout
signal_breakout_0.05atr,2026-02-25 15:40:00+00:00,SPY,exit_short,690.49,hybrid_exit
signal_breakout_0.05atr,2026-02-25 16:00:00+00:00,SPY,enter_long,690.8818572951285,signal_breakout
signal_breakout_0.05atr,2026-02-25 17:00:00+00:00,SPY,exit_long,692.02,hybrid_exit
signal_breakout_0.05atr,2026-02-25 17:29:00+00:00,SPY,enter_short,692.02,signal_breakout
signal_breakout_0.05atr,2026-02-25 18:00:00+00:00,SPY,exit_short,692.54,hybrid_exit
signal_breakout_0.05atr,2026-02-25 18:30:00+00:00,SPY,enter_long,692.4055258672072,signal_breakout
signal_breakout_0.05atr,2026-02-25 19:20:00+00:00,SPY,exit_long,693.0,hybrid_exit
signal_breakout_0.05atr,2026-02-25 20:11:00+00:00,SPY,enter_short,693.0610595680845,signal_breakout
signal_breakout_0.05atr,2026-02-26 14:40:00+00:00,SPY,exit_short,692.165,hybrid_exit
signal_breakout_0.05atr,2026-02-26 14:53:00+00:00,SPY,enter_short,690.6436778360619,signal_breakout
signal_breakout_0.05atr,2026-02-26 15:10:00+00:00,SPY,exit_short,690.025,hybrid_exit
signal_breakout_0.05atr,2026-02-26 15:40:00+00:00,SPY,enter_long,686.6827097172403,signal_breakout
signal_breakout_0.05atr,2026-02-26 16:00:00+00:00,SPY,exit_long,687.685,hybrid_exit
signal_breakout_0.05atr,2026-02-26 16:36:00+00:00,SPY,enter_short,688.0874631198249,signal_breakout
signal_breakout_0.05atr,2026-02-26 16:50:00+00:00,SPY,exit_short,687.42,hybrid_exit
signal_breakout_0.05atr,2026-02-26 17:32:00+00:00,SPY,enter_long,686.5815449675864,signal_breakout
signal_breakout_0.05atr,2026-02-26 19:20:00+00:00,SPY,exit_long,688.89,hybrid_exit
signal_breakout_0.05atr,2026-02-26 20:00:00+00:00,SPY,enter_short,688.9831201496874,signal_breakout
signal_breakout_0.05atr,2026-02-27 14:40:00+00:00,SPY,exit_short,684.06,hybrid_exit
signal_breakout_0.05atr,2026-02-27 15:01:00+00:00,SPY,enter_long,683.7454705955256,signal_breakout
signal_breakout_0.05atr,2026-02-27 15:50:00+00:00,SPY,exit_long,685.135,hybrid_exit
signal_breakout_0.05atr,2026-02-27 16:40:00+00:00,SPY,enter_short,685.2953811180655,signal_breakout
signal_breakout_0.05atr,2026-02-27 17:30:00+00:00,SPY,exit_short,684.14,hybrid_exit
signal_breakout_0.05atr,2026-02-27 18:10:00+00:00,SPY,enter_short,683.9189911476702,signal_breakout
signal_breakout_0.05atr,2026-02-27 18:50:00+00:00,SPY,exit_short,683.75,hybrid_exit
signal_breakout_0.05atr,2026-02-27 20:00:00+00:00,SPY,enter_long,683.637167442605,signal_breakout
signal_breakout_0.05atr,2026-02-27 20:30:00+00:00,SPY,exit_long,685.57,hybrid_exit
signal_breakout_0.05atr,2026-02-27 20:35:00+00:00,SPY,enter_short,685.1307844856402,signal_breakout
signal_breakout_0.05atr,2026-03-02 14:40:00+00:00,SPY,exit_short,681.0,hybrid_exit
signal_breakout_0.05atr,2026-03-02 14:45:00+00:00,SPY,enter_long,682.5345989184625,signal_breakout
signal_breakout_0.05atr,2026-03-02 15:30:00+00:00,SPY,exit_long,683.37,hybrid_exit
signal_breakout_0.05atr,2026-03-02 15:42:00+00:00,SPY,enter_long,684.0299530290479,signal_breakout
signal_breakout_0.05atr,2026-03-02 17:00:00+00:00,SPY,exit_long,686.25,hybrid_exit
signal_breakout_0.05atr,2026-03-02 17:31:00+00:00,SPY,enter_short,686.3887167663174,signal_breakout
signal_breakout_0.05atr,2026-03-02 18:20:00+00:00,SPY,exit_short,686.59,hybrid_exit
signal_breakout_0.05atr,2026-03-02 19:09:00+00:00,SPY,enter_long,686.0438007925571,signal_breakout
signal_breakout_0.05atr,2026-03-02 19:40:00+00:00,SPY,exit_long,688.31,hybrid_exit
signal_breakout_0.05atr,2026-03-02 19:43:00+00:00,SPY,enter_short,688.0931866947046,signal_breakout
signal_breakout_0.05atr,2026-03-02 20:20:00+00:00,SPY,exit_short,686.08,hybrid_exit
signal_breakout_0.05atr,2026-03-03 14:30:00+00:00,SPY,enter_short,675.03,signal_breakout
signal_breakout_0.05atr,2026-03-03 15:10:00+00:00,SPY,exit_short,672.35,hybrid_exit
signal_breakout_0.05atr,2026-03-03 15:31:00+00:00,SPY,enter_long,671.1909958263167,signal_breakout
signal_breakout_0.05atr,2026-03-03 16:50:00+00:00,SPY,exit_long,677.57,hybrid_exit
signal_breakout_0.05atr,2026-03-03 17:22:00+00:00,SPY,enter_long,677.755695047049,signal_breakout
signal_breakout_0.05atr,2026-03-03 18:50:00+00:00,SPY,exit_long,681.4,hybrid_exit
signal_breakout_0.05atr,2026-03-03 19:02:00+00:00,SPY,enter_short,680.8453073992325,signal_breakout
signal_breakout_0.05atr,2026-03-03 19:40:00+00:00,SPY,exit_short,680.82,hybrid_exit
signal_breakout_0.05atr,2026-03-03 20:15:00+00:00,SPY,enter_short,680.7278854048312,signal_breakout
signal_breakout_0.05atr,2026-03-03 20:35:00+00:00,SPY,enter_long,681.3600401356301,signal_breakout
signal_breakout_0.05atr,2026-03-03 20:50:00+00:00,SPY,exit_short,680.52,hybrid_exit
signal_breakout_0.05atr,2026-03-04 15:40:00+00:00,SPY,exit_long,684.63,hybrid_exit
signal_breakout_0.05atr,2026-03-04 16:10:00+00:00,SPY,enter_short,685.4380887196521,signal_breakout
signal_breakout_0.05atr,2026-03-04 16:30:00+00:00,SPY,exit_short,685.185,hybrid_exit
signal_breakout_0.05atr,2026-03-04 16:32:00+00:00,SPY,enter_long,685.5197347264225,signal_breakout
signal_breakout_0.05atr,2026-03-04 17:10:00+00:00,SPY,exit_long,686.08,hybrid_exit
signal_breakout_0.05atr,2026-03-04 17:53:00+00:00,SPY,enter_long,686.2640241435117,signal_breakout
signal_breakout_0.05atr,2026-03-04 18:50:00+00:00,SPY,exit_long,686.76,hybrid_exit
signal_breakout_0.05atr,2026-03-04 19:22:00+00:00,SPY,enter_short,686.6231559514282,signal_breakout
signal_breakout_0.05atr,2026-03-05 14:40:00+00:00,SPY,exit_short,683.63,hybrid_exit
signal_breakout_0.05atr,2026-03-05 15:19:00+00:00,SPY,enter_short,682.8501853783162,signal_breakout
signal_breakout_0.05atr,2026-03-05 15:40:00+00:00,SPY,exit_short,681.3,hybrid_exit
signal_breakout_0.05atr,2026-03-05 16:04:00+00:00,SPY,enter_short,681.1833505294877,signal_breakout
signal_breakout_0.05atr,2026-03-05 17:40:00+00:00,SPY,exit_short,678.09,hybrid_exit
signal_breakout_0.05atr,2026-03-05 18:40:00+00:00,SPY,enter_long,677.0616747605318,signal_breakout
signal_breakout_0.05atr,2026-03-05 20:00:00+00:00,SPY,exit_long,677.1,hybrid_exit
signal_breakout_0.05atr,2026-03-06 14:30:00+00:00,SPY,enter_short,673.41,signal_breakout
signal_breakout_0.05atr,2026-03-06 14:40:00+00:00,SPY,exit_short,671.06,hybrid_exit
signal_breakout_0.05atr,2026-03-06 15:00:00+00:00,SPY,enter_long,672.2087323520526,signal_breakout
signal_breakout_0.05atr,2026-03-06 15:40:00+00:00,SPY,exit_long,675.5,hybrid_exit
signal_breakout_0.05atr,2026-03-06 15:46:00+00:00,SPY,enter_short,674.1124423949143,signal_breakout
signal_breakout_0.05atr,2026-03-06 17:20:00+00:00,SPY,exit_short,674.43,hybrid_exit
signal_breakout_0.05atr,2026-03-06 17:50:00+00:00,SPY,enter_long,673.550553056418,signal_breakout
signal_breakout_0.05atr,2026-03-06 18:30:00+00:00,SPY,exit_long,674.55,hybrid_exit
signal_breakout_0.05atr,2026-03-06 18:50:00+00:00,SPY,enter_short,674.1312101711585,signal_breakout
signal_breakout_0.05atr,2026-03-09 13:50:00+00:00,SPY,exit_short,663.68,hybrid_exit
signal_breakout_0.05atr,2026-03-09 14:03:00+00:00,SPY,enter_long,665.0030789332055,signal_breakout
signal_breakout_0.05atr,2026-03-09 16:20:00+00:00,SPY,exit_long,670.0,hybrid_exit
signal_breakout_0.05atr,2026-03-09 17:00:00+00:00,SPY,enter_short,671.1248652349703,signal_breakout
signal_breakout_0.05atr,2026-03-09 17:40:00+00:00,SPY,exit_short,668.5,hybrid_exit
signal_breakout_0.05atr,2026-03-09 17:53:00+00:00,SPY,enter_long,669.0866883842339,signal_breakout
signal_breakout_0.05atr,2026-03-09 19:40:00+00:00,SPY,exit_long,679.16,hybrid_exit
signal_breakout_0.05atr,2026-03-09 19:53:00+00:00,SPY,enter_short,676.9109710188346,signal_breakout
signal_breakout_0.05atr,2026-03-10 13:40:00+00:00,SPY,exit_short,677.04,hybrid_exit
signal_breakout_0.05atr,2026-03-10 14:20:00+00:00,SPY,enter_long,676.4399591236498,signal_breakout
signal_breakout_0.05atr,2026-03-10 15:00:00+00:00,SPY,exit_long,681.1,hybrid_exit
signal_breakout_0.05atr,2026-03-10 15:10:00+00:00,SPY,enter_short,680.4374745281034,signal_breakout
signal_breakout_0.05atr,2026-03-10 16:00:00+00:00,SPY,exit_short,681.4,hybrid_exit
signal_breakout_0.05atr,2026-03-10 16:25:00+00:00,SPY,enter_long,681.3002584416627,signal_breakout
signal_breakout_0.05atr,2026-03-10 17:00:00+00:00,SPY,exit_long,681.45,hybrid_exit
signal_breakout_0.05atr,2026-03-10 17:33:00+00:00,SPY,enter_short,682.2577463473768,signal_breakout
signal_breakout_0.05atr,2026-03-10 18:30:00+00:00,SPY,exit_short,679.42,hybrid_exit
signal_breakout_0.05atr,2026-03-10 18:54:00+00:00,SPY,enter_short,678.5137120087284,signal_breakout
signal_breakout_0.05atr,2026-03-10 19:50:00+00:00,SPY,exit_short,676.78,hybrid_exit
signal_breakout_0.05atr,2026-03-11 13:43:00+00:00,SPY,enter_short,677.4991268853328,signal_breakout
signal_breakout_0.05atr,2026-03-11 15:40:00+00:00,SPY,exit_short,674.875,hybrid_exit
signal_breakout_0.05atr,2026-03-11 16:14:00+00:00,SPY,enter_long,674.2945481817901,signal_breakout
signal_breakout_0.05atr,2026-03-11 16:50:00+00:00,SPY,exit_long,675.34,hybrid_exit
signal_breakout_0.05atr,2026-03-11 17:10:00+00:00,SPY,enter_short,676.0268165990178,signal_breakout
signal_breakout_0.05atr,2026-03-11 17:40:00+00:00,SPY,exit_short,674.64,hybrid_exit
signal_breakout_0.05atr,2026-03-11 19:02:00+00:00,SPY,enter_short,674.756155392407,signal_breakout
signal_breakout_0.05atr,2026-03-12 13:40:00+00:00,SPY,exit_short,671.28,hybrid_exit
signal_breakout_0.05atr,2026-03-12 13:55:00+00:00,SPY,enter_short,668.7050759994437,signal_breakout
signal_breakout_0.05atr,2026-03-12 14:30:00+00:00,SPY,exit_short,668.04,hybrid_exit
signal_breakout_0.05atr,2026-03-12 14:44:00+00:00,SPY,enter_long,668.7201140000046,signal_breakout
signal_breakout_0.05atr,2026-03-12 15:40:00+00:00,SPY,exit_long,669.73,hybrid_exit
signal_breakout_0.05atr,2026-03-12 16:08:00+00:00,SPY,enter_short,668.7357244144447,signal_breakout
signal_breakout_0.05atr,2026-03-12 18:50:00+00:00,SPY,exit_short,667.49,hybrid_exit
signal_breakout_0.05atr,2026-03-12 19:21:00+00:00,SPY,enter_long,667.9741008208047,signal_breakout
signal_breakout_0.05atr,2026-03-13 13:40:00+00:00,SPY,exit_long,670.39,hybrid_exit
signal_breakout_0.05atr,2026-03-13 14:02:00+00:00,SPY,enter_short,670.3040123812697,signal_breakout
signal_breakout_0.05atr,2026-03-13 15:10:00+00:00,SPY,exit_short,666.21,hybrid_exit
signal_breakout_0.05atr,2026-03-13 15:20:00+00:00,SPY,enter_short,665.7479548686429,signal_breakout
signal_breakout_0.05atr,2026-03-13 16:00:00+00:00,SPY,exit_short,663.5,hybrid_exit
signal_breakout_0.05atr,2026-03-13 16:07:00+00:00,SPY,enter_long,664.5112045631166,signal_breakout
signal_breakout_0.05atr,2026-03-13 16:40:00+00:00,SPY,exit_long,664.27,hybrid_exit
signal_breakout_0.05atr,2026-03-13 16:44:00+00:00,SPY,enter_short,663.9540271884846,signal_breakout
signal_breakout_0.05atr,2026-03-13 18:00:00+00:00,SPY,exit_short,662.7,hybrid_exit
signal_breakout_0.05atr,2026-03-13 18:03:00+00:00,SPY,enter_long,663.0700756763816,signal_breakout
signal_breakout_0.05atr,2026-03-16 14:10:00+00:00,SPY,exit_long,670.8,hybrid_exit
signal_breakout_0.05atr,2026-03-16 14:30:00+00:00,SPY,enter_short,670.28,signal_breakout
signal_breakout_0.05atr,2026-03-16 14:50:00+00:00,SPY,exit_short,668.02,hybrid_exit
signal_breakout_0.05atr,2026-03-16 14:53:00+00:00,SPY,enter_long,668.8111800651512,signal_breakout
signal_breakout_0.05atr,2026-03-16 15:10:00+00:00,SPY,exit_long,669.17,hybrid_exit
signal_breakout_0.05atr,2026-03-16 15:41:00+00:00,SPY,enter_short,669.963726692319,signal_breakout
signal_breakout_0.05atr,2026-03-16 16:20:00+00:00,SPY,exit_short,668.67,hybrid_exit
signal_breakout_0.05atr,2026-03-16 16:41:00+00:00,SPY,enter_long,668.2719073315374,signal_breakout
signal_breakout_0.05atr,2026-03-16 18:20:00+00:00,SPY,exit_long,669.81,hybrid_exit
signal_breakout_0.05atr,2026-03-16 18:42:00+00:00,SPY,enter_long,670.1933950803442,signal_breakout
signal_breakout_0.05atr,2026-03-16 19:20:00+00:00,SPY,exit_long,669.42,hybrid_exit
signal_breakout_0.05atr,2026-03-16 19:59:00+00:00,SPY,enter_long,669.1717927622176,signal_breakout
signal_breakout_0.05atr,2026-03-17 13:40:00+00:00,SPY,exit_long,673.885,hybrid_exit
signal_breakout_0.05atr,2026-03-17 14:00:00+00:00,SPY,enter_short,673.5994066838896,signal_breakout
signal_breakout_0.05atr,2026-03-17 14:20:00+00:00,SPY,exit_short,672.565,hybrid_exit
signal_breakout_0.05atr,2026-03-17 15:03:00+00:00,SPY,enter_short,672.87,signal_breakout
signal_breakout_0.05atr,2026-03-17 15:40:00+00:00,SPY,exit_short,670.68,hybrid_exit
signal_breakout_0.05atr,2026-03-17 16:11:00+00:00,SPY,enter_long,671.1208543931922,signal_breakout
signal_breakout_0.05atr,2026-03-17 17:20:00+00:00,SPY,exit_long,671.4,hybrid_exit
signal_breakout_0.05atr,2026-03-17 17:44:00+00:00,SPY,enter_short,671.3351810670591,signal_breakout
signal_breakout_0.05atr,2026-03-18 13:40:00+00:00,SPY,exit_short,669.07,hybrid_exit
signal_breakout_0.05atr,2026-03-18 14:02:00+00:00,SPY,enter_short,668.3258711564896,signal_breakout
signal_breakout_0.05atr,2026-03-18 14:30:00+00:00,SPY,exit_short,665.98,hybrid_exit
signal_breakout_0.05atr,2026-03-18 14:57:00+00:00,SPY,enter_long,666.5109606426889,signal_breakout
signal_breakout_0.05atr,2026-03-18 15:00:00+00:00,SPY,exit_long,667.13,hybrid_exit
signal_breakout_0.05atr,2026-03-18 15:41:00+00:00,SPY,enter_short,666.7786712755365,signal_breakout
signal_breakout_0.05atr,2026-03-18 19:10:00+00:00,SPY,exit_short,664.4,hybrid_exit
signal_breakout_0.05atr,2026-03-18 19:20:00+00:00,SPY,enter_short,663.2881365648138,signal_breakout
signal_breakout_0.05atr,2026-03-19 13:40:00+00:00,SPY,exit_short,656.23,hybrid_exit
signal_breakout_0.05atr,2026-03-19 13:41:00+00:00,SPY,enter_long,656.82678317485,signal_breakout
signal_breakout_0.05atr,2026-03-19 14:00:00+00:00,SPY,exit_long,658.64,hybrid_exit
signal_breakout_0.05atr,2026-03-19 14:10:00+00:00,SPY,enter_short,658.1033927167837,signal_breakout
signal_breakout_0.05atr,2026-03-19 14:30:00+00:00,SPY,exit_short,656.33,hybrid_exit
signal_breakout_0.05atr,2026-03-19 14:34:00+00:00,SPY,enter_long,658.1713220962426,signal_breakout
signal_breakout_0.05atr,2026-03-19 15:10:00+00:00,SPY,exit_long,658.87,hybrid_exit
signal_breakout_0.05atr,2026-03-19 15:20:00+00:00,SPY,enter_short,658.0451305267519,signal_breakout
signal_breakout_0.05atr,2026-03-19 15:50:00+00:00,SPY,exit_short,657.02,hybrid_exit
signal_breakout_0.05atr,2026-03-19 16:22:00+00:00,SPY,enter_short,657.3598266527247,signal_breakout
signal_breakout_0.05atr,2026-03-19 17:20:00+00:00,SPY,exit_short,656.8,hybrid_exit
signal_breakout_0.05atr,2026-03-19 17:22:00+00:00,SPY,enter_long,656.945283623976,signal_breakout
signal_breakout_0.05atr,2026-03-19 19:10:00+00:00,SPY,exit_long,661.85,hybrid_exit
signal_breakout_0.05atr,2026-03-19 19:24:00+00:00,SPY,enter_short,660.6362261275832,signal_breakout
signal_breakout_0.05atr,2026-03-20 14:10:00+00:00,SPY,exit_short,653.09,hybrid_exit
signal_breakout_0.05atr,2026-03-20 14:31:00+00:00,SPY,enter_long,652.5132263570391,signal_breakout
signal_breakout_0.05atr,2026-03-20 15:10:00+00:00,SPY,exit_long,652.19,hybrid_exit
signal_breakout_0.05atr,2026-03-20 16:30:00+00:00,SPY,enter_short,652.931232891805,signal_breakout
signal_breakout_0.05atr,2026-03-20 18:30:00+00:00,SPY,exit_short,649.4,hybrid_exit
signal_breakout_0.05atr,2026-03-20 19:00:00+00:00,SPY,enter_long,648.2896559818524,signal_breakout
signal_breakout_0.05atr,2026-03-23 14:10:00+00:00,SPY,exit_long,659.56,hybrid_exit
signal_breakout_0.05atr,2026-03-23 14:30:00+00:00,SPY,enter_short,660.4771113881008,signal_breakout
signal_breakout_0.05atr,2026-03-23 16:10:00+00:00,SPY,exit_short,656.77,hybrid_exit
signal_breakout_0.05atr,2026-03-23 16:45:00+00:00,SPY,enter_long,656.2631793400583,signal_breakout
signal_breakout_0.05atr,2026-03-23 18:10:00+00:00,SPY,exit_long,657.45,hybrid_exit
signal_breakout_0.05atr,2026-03-23 19:01:00+00:00,SPY,enter_short,658.5231982156938,signal_breakout
signal_breakout_0.05atr,2026-03-24 13:40:00+00:00,SPY,exit_short,651.22,hybrid_exit
signal_breakout_0.05atr,2026-03-24 14:00:00+00:00,SPY,enter_long,651.99,signal_breakout
signal_breakout_0.05atr,2026-03-24 15:00:00+00:00,SPY,exit_long,653.95,hybrid_exit
signal_breakout_0.05atr,2026-03-24 15:55:00+00:00,SPY,enter_short,655.9398188315112,signal_breakout
signal_breakout_0.05atr,2026-03-24 17:20:00+00:00,SPY,exit_short,652.79,hybrid_exit
signal_breakout_0.05atr,2026-03-24 17:28:00+00:00,SPY,enter_long,653.382043310282,signal_breakout
signal_breakout_0.05atr,2026-03-24 18:50:00+00:00,SPY,exit_long,655.02,hybrid_exit
signal_breakout_0.05atr,2026-03-25 13:30:00+00:00,SPY,enter_long,658.665,signal_breakout
signal_breakout_0.05atr,2026-03-25 13:40:00+00:00,SPY,exit_long,659.88,hybrid_exit
signal_breakout_0.05atr,2026-03-25 15:06:00+00:00,SPY,enter_short,658.369660092065,signal_breakout
signal_breakout_0.05atr,2026-03-25 15:20:00+00:00,SPY,exit_short,655.15,hybrid_exit
signal_breakout_0.05atr,2026-03-25 15:29:00+00:00,SPY,enter_long,657.6120660430664,signal_breakout
signal_breakout_0.05atr,2026-03-25 15:30:00+00:00,SPY,exit_long,657.87,hybrid_exit
signal_breakout_0.05atr,2026-03-25 15:55:00+00:00,SPY,enter_long,657.1366932750061,signal_breakout
signal_breakout_0.05atr,2026-03-25 16:40:00+00:00,SPY,exit_long,658.055,hybrid_exit
signal_breakout_0.05atr,2026-03-25 17:50:00+00:00,SPY,enter_short,657.9723049506098,signal_breakout
signal_breakout_0.05atr,2026-03-26 13:40:00+00:00,SPY,exit_short,650.79,hybrid_exit
signal_breakout_0.05atr,2026-03-26 13:43:00+00:00,SPY,enter_long,652.1698602309468,signal_breakout
signal_breakout_0.05atr,2026-03-26 14:00:00+00:00,SPY,exit_long,654.47,hybrid_exit
signal_breakout_0.05atr,2026-03-26 14:38:00+00:00,SPY,enter_short,653.6765830044235,signal_breakout
signal_breakout_0.05atr,2026-03-26 15:00:00+00:00,SPY,exit_short,652.31,hybrid_exit
signal_breakout_0.05atr,2026-03-26 15:16:00+00:00,SPY,enter_short,652.0463221233168,signal_breakout
signal_breakout_0.05atr,2026-03-27 13:40:00+00:00,SPY,exit_short,640.925,hybrid_exit
signal_breakout_0.05atr,2026-03-27 13:52:00+00:00,SPY,enter_short,640.5,signal_breakout
signal_breakout_0.05atr,2026-03-27 14:40:00+00:00,SPY,exit_short,638.9,hybrid_exit
signal_breakout_0.05atr,2026-03-27 14:49:00+00:00,SPY,enter_long,639.8008753805842,signal_breakout
signal_breakout_0.05atr,2026-03-27 14:50:00+00:00,SPY,exit_long,640.2,hybrid_exit
signal_breakout_0.05atr,2026-03-27 15:11:00+00:00,SPY,enter_short,639.9297962058515,signal_breakout
signal_breakout_0.10atr,2026-01-26 20:31:00+00:00,SPY,enter_long,693.78,signal_breakout
signal_breakout_0.10atr,2026-01-27 15:00:00+00:00,SPY,exit_long,695.17,hybrid_exit
signal_breakout_0.10atr,2026-01-27 15:36:00+00:00,SPY,enter_long,695.4583060524386,signal_breakout
signal_breakout_0.10atr,2026-01-27 16:10:00+00:00,SPY,exit_long,696.1,hybrid_exit
signal_breakout_0.10atr,2026-01-27 16:52:00+00:00,SPY,enter_short,696.150260555179,signal_breakout
signal_breakout_0.10atr,2026-01-27 17:50:00+00:00,SPY,exit_short,695.7,hybrid_exit
signal_breakout_0.10atr,2026-01-27 18:15:00+00:00,SPY,enter_long,695.487138969323,signal_breakout
signal_breakout_0.10atr,2026-01-27 19:00:00+00:00,SPY,exit_long,696.01,hybrid_exit
signal_breakout_0.10atr,2026-01-27 19:40:00+00:00,SPY,enter_short,696.0706509948432,signal_breakout
signal_breakout_0.10atr,2026-01-27 20:20:00+00:00,SPY,exit_short,696.27,hybrid_exit
signal_breakout_0.10atr,2026-01-27 20:49:00+00:00,SPY,enter_long,696.1190382221737,signal_breakout
signal_breakout_0.10atr,2026-01-28 14:40:00+00:00,SPY,exit_long,697.165,hybrid_exit
signal_breakout_0.10atr,2026-01-28 14:48:00+00:00,SPY,enter_short,696.9150351633825,signal_breakout
signal_breakout_0.10atr,2026-01-28 15:20:00+00:00,SPY,exit_short,696.51,hybrid_exit
signal_breakout_0.10atr,2026-01-28 15:33:00+00:00,SPY,enter_short,696.433135855629,signal_breakout
signal_breakout_0.10atr,2026-01-28 17:00:00+00:00,SPY,exit_short,694.73,hybrid_exit
signal_breakout_0.10atr,2026-01-28 17:04:00+00:00,SPY,enter_long,695.18,signal_breakout
signal_breakout_0.10atr,2026-01-28 17:23:00+00:00,SPY,enter_short,694.9801979716755,signal_breakout
signal_breakout_0.10atr,2026-01-28 18:00:00+00:00,SPY,exit_long,694.84,hybrid_exit
signal_breakout_0.10atr,2026-01-28 18:00:00+00:00,SPY,exit_short,694.84,hybrid_exit
signal_breakout_0.10atr,2026-01-28 18:32:00+00:00,SPY,enter_short,695.0380616766572,signal_breakout
signal_breakout_0.10atr,2026-01-28 19:10:00+00:00,SPY,exit_short,695.0,hybrid_exit
signal_breakout_0.10atr,2026-01-28 19:30:00+00:00,SPY,enter_long,695.3776572514637,signal_breakout
signal_breakout_0.10atr,2026-01-28 20:10:00+00:00,SPY,exit_long,695.965,hybrid_exit
signal_breakout_0.10atr,2026-01-28 20:29:00+00:00,SPY,enter_short,695.5211129238047,signal_breakout
signal_breakout_0.10atr,2026-01-29 14:50:00+00:00,SPY,exit_short,693.64,hybrid_exit
signal_breakout_0.10atr,2026-01-29 15:00:00+00:00,SPY,enter_short,691.3654866896966,signal_breakout
signal_breakout_0.10atr,2026-01-29 15:40:00+00:00,SPY,exit_short,687.59,hybrid_exit
signal_breakout_0.10atr,2026-01-29 16:11:00+00:00,SPY,enter_long,686.3146413698599,signal_breakout
signal_breakout_0.10atr,2026-01-29 17:30:00+00:00,SPY,exit_long,690.985,hybrid_exit
signal_breakout_0.10atr,2026-01-29 17:42:00+00:00,SPY,enter_short,690.6893254719821,signal_breakout
signal_breakout_0.10atr,2026-01-29 18:00:00+00:00,SPY,exit_short,689.03,hybrid_exit
signal_breakout_0.10atr,2026-01-29 18:05:00+00:00,SPY,enter_long,690.1032448736481,signal_breakout
signal_breakout_0.10atr,2026-01-30 14:30:00+00:00,SPY,exit_long,691.84,hybrid_exit
signal_breakout_0.10atr,2026-01-30 14:30:00+00:00,SPY,enter_short,691.84,signal_breakout
signal_breakout_0.10atr,2026-01-30 17:10:00+00:00,SPY,exit_short,689.11,hybrid_exit
signal_breakout_0.10atr,2026-01-30 17:21:00+00:00,SPY,enter_long,689.78083476496,signal_breakout
signal_breakout_0.10atr,2026-01-30 19:00:00+00:00,SPY,exit_long,691.36,hybrid_exit
signal_breakout_0.10atr,2026-01-30 19:29:00+00:00,SPY,enter_short,691.3597866596389,signal_breakout
signal_breakout_0.10atr,2026-01-30 19:55:00+00:00,SPY,enter_long,692.02,signal_breakout
signal_breakout_0.10atr,2026-01-30 20:00:00+00:00,SPY,exit_short,690.665,hybrid_exit
signal_breakout_0.10atr,2026-02-02 17:20:00+00:00,SPY,exit_long,696.26,hybrid_exit
signal_breakout_0.10atr,2026-02-02 18:14:00+00:00,SPY,enter_short,696.3209183041423,signal_breakout
signal_breakout_0.10atr,2026-02-03 15:10:00+00:00,SPY,exit_short,692.99,hybrid_exit
signal_breakout_0.10atr,2026-02-03 15:24:00+00:00,SPY,enter_short,691.552008239026,signal_breakout
signal_breakout_0.10atr,2026-02-03 18:40:00+00:00,SPY,exit_short,686.355,hybrid_exit
signal_breakout_0.10atr,2026-02-03 19:12:00+00:00,SPY,enter_long,685.2712451577707,signal_breakout
signal_breakout_0.10atr,2026-02-03 19:30:00+00:00,SPY,exit_long,686.26,hybrid_exit
signal_breakout_0.10atr,2026-02-03 19:58:00+00:00,SPY,enter_long,686.8326868479563,signal_breakout
signal_breakout_0.10atr,2026-02-04 14:40:00+00:00,SPY,exit_long,690.57,hybrid_exit
signal_breakout_0.10atr,2026-02-04 14:52:00+00:00,SPY,enter_short,689.7821756094286,signal_breakout
signal_breakout_0.10atr,2026-02-04 15:10:00+00:00,SPY,exit_short,688.985,hybrid_exit
signal_breakout_0.10atr,2026-02-04 15:34:00+00:00,SPY,enter_short,688.23,signal_breakout
signal_breakout_0.10atr,2026-02-04 17:00:00+00:00,SPY,exit_short,686.51,hybrid_exit
signal_breakout_0.10atr,2026-02-04 17:10:00+00:00,SPY,enter_short,686.1059905091793,signal_breakout
signal_breakout_0.10atr,2026-02-04 17:40:00+00:00,SPY,exit_short,682.41,hybrid_exit
signal_breakout_0.10atr,2026-02-04 17:55:00+00:00,SPY,enter_long,683.4371838834686,signal_breakout
signal_breakout_0.10atr,2026-02-04 19:50:00+00:00,SPY,exit_long,687.33,hybrid_exit
signal_breakout_0.10atr,2026-02-04 20:11:00+00:00,SPY,enter_short,687.2766430968983,signal_breakout
signal_breakout_0.10atr,2026-02-05 14:40:00+00:00,SPY,exit_short,682.37,hybrid_exit
signal_breakout_0.10atr,2026-02-05 14:56:00+00:00,SPY,enter_short,681.1558641441343,signal_breakout
signal_breakout_0.10atr,2026-02-05 15:10:00+00:00,SPY,exit_short,678.75,hybrid_exit
signal_breakout_0.10atr,2026-02-05 15:42:00+00:00,SPY,enter_long,678.0717766533884,signal_breakout
signal_breakout_0.10atr,2026-02-05 16:40:00+00:00,SPY,exit_long,680.235,hybrid_exit
signal_breakout_0.10atr,2026-02-05 17:04:00+00:00,SPY,enter_short,679.87,signal_breakout
signal_breakout_0.10atr,2026-02-05 18:30:00+00:00,SPY,exit_short,679.09,hybrid_exit
signal_breakout_0.10atr,2026-02-05 19:03:00+00:00,SPY,enter_long,678.7399759567642,signal_breakout
signal_breakout_0.10atr,2026-02-05 19:30:00+00:00,SPY,exit_long,680.145,hybrid_exit
signal_breakout_0.10atr,2026-02-05 20:01:00+00:00,SPY,enter_long,679.2993327453236,signal_breakout
signal_breakout_0.10atr,2026-02-06 15:00:00+00:00,SPY,exit_long,684.82,hybrid_exit
signal_breakout_0.10atr,2026-02-06 15:11:00+00:00,SPY,enter_long,685.2490333347768,signal_breakout
signal_breakout_0.10atr,2026-02-06 18:20:00+00:00,SPY,exit_long,689.155,hybrid_exit
signal_breakout_0.10atr,2026-02-06 19:23:00+00:00,SPY,enter_long,689.3961400614058,signal_breakout
signal_breakout_0.10atr,2026-02-09 14:30:00+00:00,SPY,exit_long,689.47,hybrid_exit
signal_breakout_0.10atr,2026-02-09 14:40:00+00:00,SPY,enter_long,691.188644533076,signal_breakout
signal_breakout_0.10atr,2026-02-09 15:30:00+00:00,SPY,exit_long,691.94,hybrid_exit
signal_breakout_0.10atr,2026-02-09 15:50:00+00:00,SPY,enter_long,693.8601838359691,signal_breakout
signal_breakout_0.10atr,2026-02-09 17:00:00+00:00,SPY,exit_long,695.375,hybrid_exit
signal_breakout_0.10atr,2026-02-09 17:20:00+00:00,SPY,enter_short,695.2787555992616,signal_breakout
signal_breakout_0.10atr,2026-02-09 18:00:00+00:00,SPY,exit_short,694.58,hybrid_exit
signal_breakout_0.10atr,2026-02-09 18:21:00+00:00,SPY,enter_long,695.0,signal_breakout
signal_breakout_0.10atr,2026-02-09 19:30:00+00:00,SPY,exit_long,695.76,hybrid_exit
signal_breakout_0.10atr,2026-02-09 19:48:00+00:00,SPY,enter_short,695.4862505402386,signal_breakout
signal_breakout_0.10atr,2026-02-09 20:40:00+00:00,SPY,enter_long,694.6392674374121,signal_breakout
signal_breakout_0.10atr,2026-02-09 20:40:00+00:00,SPY,exit_short,694.54,hybrid_exit
signal_breakout_0.10atr,2026-02-10 15:00:00+00:00,SPY,exit_long,695.77,hybrid_exit
signal_breakout_0.10atr,2026-02-10 15:13:00+00:00,SPY,enter_short,695.4474011553558,signal_breakout
signal_breakout_0.10atr,2026-02-10 16:20:00+00:00,SPY,exit_short,694.94,hybrid_exit
signal_breakout_0.10atr,2026-02-10 17:23:00+00:00,SPY,enter_short,695.05,signal_breakout
signal_breakout_0.10atr,2026-02-10 18:40:00+00:00,SPY,exit_short,693.675,hybrid_exit
signal_breakout_0.10atr,2026-02-10 19:43:00+00:00,SPY,enter_short,693.5924269412656,signal_breakout
signal_breakout_0.10atr,2026-02-11 14:30:00+00:00,SPY,exit_short,696.435,hybrid_exit
signal_breakout_0.10atr,2026-02-11 14:30:00+00:00,SPY,enter_long,696.435,signal_breakout
signal_breakout_0.10atr,2026-02-11 14:40:00+00:00,SPY,exit_long,695.19,hybrid_exit
signal_breakout_0.10atr,2026-02-11 14:50:00+00:00,SPY,enter_short,695.0743569060455,signal_breakout
signal_breakout_0.10atr,2026-02-11 15:20:00+00:00,SPY,exit_short,690.79,hybrid_exit
signal_breakout_0.10atr,2026-02-11 15:35:00+00:00,SPY,enter_long,690.9161968686597,signal_breakout
signal_breakout_0.10atr,2026-02-11 16:30:00+00:00,SPY,exit_long,691.74,hybrid_exit
signal_breakout_0.10atr,2026-02-11 17:11:00+00:00,SPY,enter_long,692.47561376699,signal_breakout
signal_breakout_0.10atr,2026-02-11 17:50:00+00:00,SPY,exit_long,693.73,hybrid_exit
signal_breakout_0.10atr,2026-02-11 17:55:00+00:00,SPY,enter_short,693.2632238312422,signal_breakout
signal_breakout_0.10atr,2026-02-11 18:20:00+00:00,SPY,exit_short,692.05,hybrid_exit
signal_breakout_0.10atr,2026-02-11 18:27:00+00:00,SPY,enter_long,692.5556823042133,signal_breakout
signal_breakout_0.10atr,2026-02-11 19:20:00+00:00,SPY,exit_long,693.365,hybrid_exit
signal_breakout_0.10atr,2026-02-11 19:45:00+00:00,SPY,enter_short,693.2435703713378,signal_breakout
signal_breakout_0.10atr,2026-02-11 20:20:00+00:00,SPY,exit_short,692.71,hybrid_exit
signal_breakout_0.10atr,2026-02-11 20:50:00+00:00,SPY,enter_short,692.3537815762161,signal_breakout
signal_breakout_0.10atr,2026-02-12 14:30:00+00:00,SPY,enter_long,694.23,signal_breakout
signal_breakout_0.10atr,2026-02-12 14:40:00+00:00,SPY,exit_long,694.82,hybrid_exit
signal_breakout_0.10atr,2026-02-12 16:30:00+00:00,SPY,exit_short,683.6,hybrid_exit
signal_breakout_0.10atr,2026-02-12 17:23:00+00:00,SPY,enter_long,684.97716371265,signal_breakout
signal_breakout_0.10atr,2026-02-12 17:40:00+00:00,SPY,exit_long,684.89,hybrid_exit
signal_breakout_0.10atr,2026-02-12 17:53:00+00:00,SPY,enter_short,684.0173669181152,signal_breakout
signal_breakout_0.10atr,2026-02-12 18:10:00+00:00,SPY,exit_short,683.34,hybrid_exit
signal_breakout_0.10atr,2026-02-12 18:24:00+00:00,SPY,enter_long,683.6928277627189,signal_breakout
signal_breakout_0.10atr,2026-02-12 19:00:00+00:00,SPY,exit_long,684.855,hybrid_exit
signal_breakout_0.10atr,2026-02-12 19:11:00+00:00,SPY,enter_short,684.1985000715788,signal_breakout
signal_breakout_0.10atr,2026-02-13 14:30:00+00:00,SPY,exit_short,681.695,hybrid_exit
signal_breakout_0.10atr,2026-02-13 14:31:00+00:00,SPY,enter_long,681.9547181952443,signal_breakout
signal_breakout_0.10atr,2026-02-13 15:40:00+00:00,SPY,exit_long,682.86,hybrid_exit
signal_breakout_0.10atr,2026-02-13 16:04:00+00:00,SPY,enter_long,683.3799525310285,signal_breakout
signal_breakout_0.10atr,2026-02-13 17:10:00+00:00,SPY,exit_long,685.2,hybrid_exit
signal_breakout_0.10atr,2026-02-13 17:55:00+00:00,SPY,enter_short,685.2907451749954,signal_breakout
signal_breakout_0.10atr,2026-02-13 20:50:00+00:00,SPY,exit_short,681.18,hybrid_exit
signal_breakout_0.10atr,2026-02-17 14:30:00+00:00,SPY,enter_short,680.15,signal_breakout
signal_breakout_0.10atr,2026-02-17 15:00:00+00:00,SPY,exit_short,676.42,hybrid_exit
signal_breakout_0.10atr,2026-02-17 15:18:00+00:00,SPY,enter_long,678.7021594804521,signal_breakout
signal_breakout_0.10atr,2026-02-17 16:20:00+00:00,SPY,exit_long,682.76,hybrid_exit
signal_breakout_0.10atr,2026-02-17 17:29:00+00:00,SPY,enter_long,682.007817483293,signal_breakout
signal_breakout_0.10atr,2026-02-17 19:00:00+00:00,SPY,exit_long,684.06,hybrid_exit
signal_breakout_0.10atr,2026-02-17 19:10:00+00:00,SPY,enter_short,683.701087171269,signal_breakout
signal_breakout_0.10atr,2026-02-17 20:10:00+00:00,SPY,exit_short,683.39,hybrid_exit
signal_breakout_0.10atr,2026-02-17 20:43:00+00:00,SPY,enter_long,683.0003858657547,signal_breakout
signal_breakout_0.10atr,2026-02-18 14:50:00+00:00,SPY,exit_long,683.77,hybrid_exit
signal_breakout_0.10atr,2026-02-18 15:00:00+00:00,SPY,enter_long,686.4770512440011,signal_breakout
signal_breakout_0.10atr,2026-02-18 15:34:00+00:00,SPY,enter_short,687.4026933006303,signal_breakout
signal_breakout_0.10atr,2026-02-18 15:40:00+00:00,SPY,exit_long,688.04,hybrid_exit
signal_breakout_0.10atr,2026-02-18 16:20:00+00:00,SPY,exit_short,688.13,hybrid_exit
signal_breakout_0.10atr,2026-02-18 17:05:00+00:00,SPY,enter_long,688.3119865379584,signal_breakout
signal_breakout_0.10atr,2026-02-18 17:20:00+00:00,SPY,exit_long,688.58,hybrid_exit
signal_breakout_0.10atr,2026-02-18 17:33:00+00:00,SPY,enter_short,688.0453229140326,signal_breakout
signal_breakout_0.10atr,2026-02-18 20:00:00+00:00,SPY,exit_short,684.62,hybrid_exit
signal_breakout_0.10atr,2026-02-18 20:30:00+00:00,SPY,enter_long,684.5078046736782,signal_breakout
signal_breakout_0.10atr,2026-02-19 14:30:00+00:00,SPY,enter_short,683.85,signal_breakout
signal_breakout_0.10atr,2026-02-19 14:30:00+00:00,SPY,exit_long,683.85,hybrid_exit
signal_breakout_0.10atr,2026-02-19 14:40:00+00:00,SPY,exit_short,683.68,hybrid_exit
signal_breakout_0.10atr,2026-02-19 14:44:00+00:00,SPY,enter_long,684.5950731149761,signal_breakout
signal_breakout_0.10atr,2026-02-19 15:20:00+00:00,SPY,exit_long,684.99,hybrid_exit
signal_breakout_0.10atr,2026-02-19 15:29:00+00:00,SPY,enter_short,683.9533204072045,signal_breakout
signal_breakout_0.10atr,2026-02-19 15:33:00+00:00,SPY,enter_long,685.418131050453,signal_breakout
signal_breakout_0.10atr,2026-02-19 15:40:00+00:00,SPY,exit_long,685.43,hybrid_exit
signal_breakout_0.10atr,2026-02-19 17:17:00+00:00,SPY,enter_long,683.8112039810022,signal_breakout
signal_breakout_0.10atr,2026-02-19 17:20:00+00:00,SPY,exit_long,684.08,hybrid_exit
signal_breakout_0.10atr,2026-02-19 18:00:00+00:00,SPY,exit_short,682.42,hybrid_exit
signal_breakout_0.10atr,2026-02-19 18:11:00+00:00,SPY,enter_long,682.7922128625638,signal_breakout
signal_breakout_0.10atr,2026-02-19 19:00:00+00:00,SPY,exit_long,683.73,hybrid_exit
signal_breakout_0.10atr,2026-02-19 19:29:00+00:00,SPY,enter_short,683.3717407388885,signal_breakout
signal_breakout_0.10atr,2026-02-19 19:51:00+00:00,SPY,enter_long,682.7683067043228,signal_breakout
signal_breakout_0.10atr,2026-02-19 20:00:00+00:00,SPY,exit_short,682.555,hybrid_exit
signal_breakout_0.10atr,2026-02-20 14:50:00+00:00,SPY,exit_long,684.26,hybrid_exit
signal_breakout_0.10atr,2026-02-20 15:00:00+00:00,SPY,enter_long,685.1165673289289,signal_breakout
signal_breakout_0.10atr,2026-02-20 15:10:00+00:00,SPY,exit_long,687.035,hybrid_exit
signal_breakout_0.10atr,2026-02-20 16:11:00+00:00,SPY,enter_short,688.14,signal_breakout
signal_breakout_0.10atr,2026-02-20 16:38:00+00:00,SPY,enter_long,687.5598345659309,signal_breakout
signal_breakout_0.10atr,2026-02-20 16:40:00+00:00,SPY,exit_long,688.12,hybrid_exit
signal_breakout_0.10atr,2026-02-20 17:20:00+00:00,SPY,exit_short,685.08,hybrid_exit
signal_breakout_0.10atr,2026-02-20 17:30:00+00:00,SPY,enter_long,685.3566321539397,signal_breakout
signal_breakout_0.10atr,2026-02-20 18:50:00+00:00,SPY,exit_long,689.1,hybrid_exit
signal_breakout_0.10atr,2026-02-20 19:12:00+00:00,SPY,enter_short,688.6885350038201,signal_breakout
signal_breakout_0.10atr,2026-02-20 19:50:00+00:00,SPY,exit_short,688.05,hybrid_exit
signal_breakout_0.10atr,2026-02-20 20:21:00+00:00,SPY,enter_short,688.447430817472,signal_breakout
signal_breakout_0.10atr,2026-02-23 16:10:00+00:00,SPY,exit_short,681.15,hybrid_exit
signal_breakout_0.10atr,2026-02-23 16:20:00+00:00,SPY,enter_long,681.7436346619877,signal_breakout
signal_breakout_0.10atr,2026-02-23 17:00:00+00:00,SPY,exit_long,681.96,hybrid_exit
signal_breakout_0.10atr,2026-02-23 17:53:00+00:00,SPY,enter_long,681.7739486511042,signal_breakout
signal_breakout_0.10atr,2026-02-23 18:30:00+00:00,SPY,exit_long,683.6,hybrid_exit
signal_breakout_0.10atr,2026-02-23 18:41:00+00:00,SPY,enter_short,683.2694100774335,signal_breakout
signal_breakout_0.10atr,2026-02-23 19:20:00+00:00,SPY,exit_short,681.755,hybrid_exit
signal_breakout_0.10atr,2026-02-23 20:26:00+00:00,SPY,enter_long,681.2640053772155,signal_breakout
signal_breakout_0.10atr,2026-02-24 14:50:00+00:00,SPY,exit_long,684.9,hybrid_exit
signal_breakout_0.10atr,2026-02-24 15:10:00+00:00,SPY,enter_long,684.117239758848,signal_breakout
signal_breakout_0.10atr,2026-02-24 15:50:00+00:00,SPY,exit_long,686.0,hybrid_exit
signal_breakout_0.10atr,2026-02-24 16:03:00+00:00,SPY,enter_long,686.1237234156191,signal_breakout
signal_breakout_0.10atr,2026-02-24 17:30:00+00:00,SPY,exit_long,687.45,hybrid_exit
signal_breakout_0.10atr,2026-02-24 17:43:00+00:00,SPY,enter_short,687.2138414615789,signal_breakout
signal_breakout_0.10atr,2026-02-24 18:30:00+00:00,SPY,exit_short,687.04,hybrid_exit
signal_breakout_0.10atr,2026-02-24 19:05:00+00:00,SPY,enter_short,687.3771856245068,signal_breakout
signal_breakout_0.10atr,2026-02-24 19:40:00+00:00,SPY,exit_short,686.98,hybrid_exit
signal_breakout_0.10atr,2026-02-24 19:41:00+00:00,SPY,enter_long,687.1757000306764,signal_breakout
signal_breakout_0.10atr,2026-02-25 14:40:00+00:00,SPY,exit_long,691.19,hybrid_exit
signal_breakout_0.10atr,2026-02-25 15:06:00+00:00,SPY,enter_short,690.7617529804752,signal_breakout
signal_breakout_0.10atr,2026-02-25 15:40:00+00:00,SPY,exit_short,690.49,hybrid_exit
signal_breakout_0.10atr,2026-02-25 16:00:00+00:00,SPY,enter_long,690.9237145902571,signal_breakout
signal_breakout_0.10atr,2026-02-25 17:00:00+00:00,SPY,exit_long,692.02,hybrid_exit
signal_breakout_0.10atr,2026-02-25 17:29:00+00:00,SPY,enter_short,692.012469221147,signal_breakout
signal_breakout_0.10atr,2026-02-25 18:00:00+00:00,SPY,exit_short,692.54,hybrid_exit
signal_breakout_0.10atr,2026-02-25 18:42:00+00:00,SPY,enter_long,692.53,signal_breakout
signal_breakout_0.10atr,2026-02-25 19:20:00+00:00,SPY,exit_long,693.0,hybrid_exit
signal_breakout_0.10atr,2026-02-25 20:11:00+00:00,SPY,enter_short,693.0421191361689,signal_breakout
signal_breakout_0.10atr,2026-02-26 14:40:00+00:00,SPY,exit_short,692.165,hybrid_exit
signal_breakout_0.10atr,2026-02-26 14:53:00+00:00,SPY,enter_short,690.6173556721238,signal_breakout
signal_breakout_0.10atr,2026-02-26 15:10:00+00:00,SPY,exit_short,690.025,hybrid_exit
signal_breakout_0.10atr,2026-02-26 15:40:00+00:00,SPY,enter_long,686.7354194344806,signal_breakout
signal_breakout_0.10atr,2026-02-26 16:00:00+00:00,SPY,exit_long,687.685,hybrid_exit
signal_breakout_0.10atr,2026-02-26 16:36:00+00:00,SPY,enter_short,688.0349262396497,signal_breakout
signal_breakout_0.10atr,2026-02-26 16:50:00+00:00,SPY,exit_short,687.42,hybrid_exit
signal_breakout_0.10atr,2026-02-26 17:32:00+00:00,SPY,enter_long,686.633089935173,signal_breakout
signal_breakout_0.10atr,2026-02-26 19:20:00+00:00,SPY,exit_long,688.89,hybrid_exit
signal_breakout_0.10atr,2026-02-26 20:00:00+00:00,SPY,enter_short,688.9362402993748,signal_breakout
signal_breakout_0.10atr,2026-02-27 14:40:00+00:00,SPY,exit_short,684.06,hybrid_exit
signal_breakout_0.10atr,2026-02-27 15:01:00+00:00,SPY,enter_long,683.8109411910514,signal_breakout
signal_breakout_0.10atr,2026-02-27 15:50:00+00:00,SPY,exit_long,685.135,hybrid_exit
signal_breakout_0.10atr,2026-02-27 16:40:00+00:00,SPY,enter_short,685.2307622361311,signal_breakout
signal_breakout_0.10atr,2026-02-27 17:30:00+00:00,SPY,exit_short,684.14,hybrid_exit
signal_breakout_0.10atr,2026-02-27 18:10:00+00:00,SPY,enter_short,683.8579822953405,signal_breakout
signal_breakout_0.10atr,2026-02-27 18:50:00+00:00,SPY,exit_short,683.75,hybrid_exit
signal_breakout_0.10atr,2026-02-27 20:02:00+00:00,SPY,enter_long,683.69,signal_breakout
signal_breakout_0.10atr,2026-02-27 20:30:00+00:00,SPY,exit_long,685.57,hybrid_exit
signal_breakout_0.10atr,2026-02-27 20:37:00+00:00,SPY,enter_short,685.0815689712805,signal_breakout
signal_breakout_0.10atr,2026-03-02 14:40:00+00:00,SPY,exit_short,681.0,hybrid_exit
signal_breakout_0.10atr,2026-03-02 14:45:00+00:00,SPY,enter_long,682.609197836925,signal_breakout
signal_breakout_0.10atr,2026-03-02 15:30:00+00:00,SPY,exit_long,683.37,hybrid_exit
signal_breakout_0.10atr,2026-03-02 15:43:00+00:00,SPY,enter_long,684.1099060580958,signal_breakout
signal_breakout_0.10atr,2026-03-02 17:00:00+00:00,SPY,exit_long,686.25,hybrid_exit
signal_breakout_0.10atr,2026-03-02 17:31:00+00:00,SPY,enter_short,686.3174335326348,signal_breakout
signal_breakout_0.10atr,2026-03-02 18:20:00+00:00,SPY,exit_short,686.59,hybrid_exit
signal_breakout_0.10atr,2026-03-02 19:09:00+00:00,SPY,enter_long,686.0976015851144,signal_breakout
signal_breakout_0.10atr,2026-03-02 19:40:00+00:00,SPY,exit_long,688.31,hybrid_exit
signal_breakout_0.10atr,2026-03-02 19:43:00+00:00,SPY,enter_short,688.0413733894093,signal_breakout
signal_breakout_0.10atr,2026-03-02 20:20:00+00:00,SPY,exit_short,686.08,hybrid_exit
signal_breakout_0.10atr,2026-03-03 14:30:00+00:00,SPY,enter_short,675.03,signal_breakout
signal_breakout_0.10atr,2026-03-03 15:10:00+00:00,SPY,exit_short,672.35,hybrid_exit
signal_breakout_0.10atr,2026-03-03 15:31:00+00:00,SPY,enter_long,671.2919916526332,signal_breakout
signal_breakout_0.10atr,2026-03-03 16:50:00+00:00,SPY,exit_long,677.57,hybrid_exit
signal_breakout_0.10atr,2026-03-03 17:22:00+00:00,SPY,enter_long,677.8513900940981,signal_breakout
signal_breakout_0.10atr,2026-03-03 18:50:00+00:00,SPY,exit_long,681.4,hybrid_exit
signal_breakout_0.10atr,2026-03-03 19:06:00+00:00,SPY,enter_short,680.7606147984652,signal_breakout
signal_breakout_0.10atr,2026-03-03 19:40:00+00:00,SPY,exit_short,680.82,hybrid_exit
signal_breakout_0.10atr,2026-03-03 20:16:00+00:00,SPY,enter_short,680.6457708096625,signal_breakout
signal_breakout_0.10atr,2026-03-03 20:35:00+00:00,SPY,enter_long,681.4400802712603,signal_breakout
signal_breakout_0.10atr,2026-03-03 20:50:00+00:00,SPY,exit_short,680.52,hybrid_exit
signal_breakout_0.10atr,2026-03-04 15:40:00+00:00,SPY,exit_long,684.63,hybrid_exit
signal_breakout_0.10atr,2026-03-04 16:10:00+00:00,SPY,enter_short,685.3561774393041,signal_breakout
signal_breakout_0.10atr,2026-03-04 16:30:00+00:00,SPY,exit_short,685.185,hybrid_exit
signal_breakout_0.10atr,2026-03-04 16:33:00+00:00,SPY,enter_long,685.5994694528449,signal_breakout
signal_breakout_0.10atr,2026-03-04 17:10:00+00:00,SPY,exit_long,686.08,hybrid_exit
signal_breakout_0.10atr,2026-03-04 17:53:00+00:00,SPY,enter_long,686.3280482870234,signal_breakout
signal_breakout_0.10atr,2026-03-04 18:50:00+00:00,SPY,exit_long,686.76,hybrid_exit
signal_breakout_0.10atr,2026-03-04 19:26:00+00:00,SPY,enter_short,686.5763119028564,signal_breakout
signal_breakout_0.10atr,2026-03-05 14:40:00+00:00,SPY,exit_short,683.63,hybrid_exit
signal_breakout_0.10atr,2026-03-05 15:19:00+00:00,SPY,enter_short,682.7903707566325,signal_breakout
signal_breakout_0.10atr,2026-03-05 15:40:00+00:00,SPY,exit_short,681.3,hybrid_exit
signal_breakout_0.10atr,2026-03-05 16:04:00+00:00,SPY,enter_short,681.1167010589753,signal_breakout
signal_breakout_0.10atr,2026-03-05 18:00:00+00:00,SPY,exit_short,676.335,hybrid_exit
signal_breakout_0.10atr,2026-03-05 18:40:00+00:00,SPY,enter_long,677.1333495210637,signal_breakout
signal_breakout_0.10atr,2026-03-05 20:00:00+00:00,SPY,exit_long,677.1,hybrid_exit
signal_breakout_0.10atr,2026-03-06 14:30:00+00:00,SPY,enter_short,673.41,signal_breakout
signal_breakout_0.10atr,2026-03-06 14:40:00+00:00,SPY,exit_short,671.06,hybrid_exit
signal_breakout_0.10atr,2026-03-06 15:00:00+00:00,SPY,enter_long,672.3074647041052,signal_breakout
signal_breakout_0.10atr,2026-03-06 15:40:00+00:00,SPY,exit_long,675.5,hybrid_exit
signal_breakout_0.10atr,2026-03-06 15:46:00+00:00,SPY,enter_short,674.0148847898286,signal_breakout
signal_breakout_0.10atr,2026-03-06 17:20:00+00:00,SPY,exit_short,674.43,hybrid_exit
signal_breakout_0.10atr,2026-03-06 17:50:00+00:00,SPY,enter_long,673.6361061128362,signal_breakout
signal_breakout_0.10atr,2026-03-06 18:30:00+00:00,SPY,exit_long,674.55,hybrid_exit
signal_breakout_0.10atr,2026-03-06 18:51:00+00:00,SPY,enter_short,674.052420342317,signal_breakout
signal_breakout_0.10atr,2026-03-09 13:50:00+00:00,SPY,exit_short,663.68,hybrid_exit
signal_breakout_0.10atr,2026-03-09 14:03:00+00:00,SPY,enter_long,665.0961578664111,signal_breakout
signal_breakout_0.10atr,2026-03-09 16:20:00+00:00,SPY,exit_long,670.0,hybrid_exit
signal_breakout_0.10atr,2026-03-09 17:00:00+00:00,SPY,enter_short,671.0497304699405,signal_breakout
signal_breakout_0.10atr,2026-03-09 17:40:00+00:00,SPY,exit_short,668.5,hybrid_exit
signal_breakout_0.10atr,2026-03-09 17:54:00+00:00,SPY,enter_long,669.1533767684676,signal_breakout
signal_breakout_0.10atr,2026-03-09 19:40:00+00:00,SPY,exit_long,679.16,hybrid_exit
signal_breakout_0.10atr,2026-03-10 14:20:00+00:00,SPY,enter_long,676.5299182472996,signal_breakout
signal_breakout_0.10atr,2026-03-10 15:00:00+00:00,SPY,exit_long,681.1,hybrid_exit
signal_breakout_0.10atr,2026-03-10 15:13:00+00:00,SPY,enter_short,680.3549490562068,signal_breakout
signal_breakout_0.10atr,2026-03-10 16:00:00+00:00,SPY,exit_short,681.4,hybrid_exit
signal_breakout_0.10atr,2026-03-10 16:35:00+00:00,SPY,enter_long,681.447444248802,signal_breakout
signal_breakout_0.10atr,2026-03-10 17:10:00+00:00,SPY,exit_long,682.02,hybrid_exit
signal_breakout_0.10atr,2026-03-10 17:33:00+00:00,SPY,enter_short,682.1954926947536,signal_breakout
signal_breakout_0.10atr,2026-03-10 18:30:00+00:00,SPY,exit_short,679.42,hybrid_exit
signal_breakout_0.10atr,2026-03-10 19:07:00+00:00,SPY,enter_short,678.13,signal_breakout
signal_breakout_0.10atr,2026-03-10 19:50:00+00:00,SPY,exit_short,676.78,hybrid_exit
signal_breakout_0.10atr,2026-03-11 13:44:00+00:00,SPY,enter_short,677.4282537706654,signal_breakout
signal_breakout_0.10atr,2026-03-11 15:40:00+00:00,SPY,exit_short,674.875,hybrid_exit
signal_breakout_0.10atr,2026-03-11 16:14:00+00:00,SPY,enter_long,674.3690963635802,signal_breakout
signal_breakout_0.10atr,2026-03-11 16:50:00+00:00,SPY,exit_long,675.34,hybrid_exit
signal_breakout_0.10atr,2026-03-11 17:10:00+00:00,SPY,enter_short,675.9636331980356,signal_breakout
signal_breakout_0.10atr,2026-03-11 17:40:00+00:00,SPY,exit_short,674.64,hybrid_exit
signal_breakout_0.10atr,2026-03-11 19:02:00+00:00,SPY,enter_short,674.6973107848139,signal_breakout
signal_breakout_0.10atr,2026-03-12 13:40:00+00:00,SPY,exit_short,671.28,hybrid_exit
signal_breakout_0.10atr,2026-03-12 13:55:00+00:00,SPY,enter_short,668.6301519988875,signal_breakout
signal_breakout_0.10atr,2026-03-12 14:30:00+00:00,SPY,exit_short,668.04,hybrid_exit
signal_breakout_0.10atr,2026-03-12 14:44:00+00:00,SPY,enter_long,668.8002280000094,signal_breakout
signal_breakout_0.10atr,2026-03-12 15:40:00+00:00,SPY,exit_long,669.73,hybrid_exit
signal_breakout_0.10atr,2026-03-12 16:08:00+00:00,SPY,enter_short,668.6564488288894,signal_breakout
signal_breakout_0.10atr,2026-03-12 18:50:00+00:00,SPY,exit_short,667.49,hybrid_exit
signal_breakout_0.10atr,2026-03-12 19:21:00+00:00,SPY,enter_long,668.0382016416095,signal_breakout
signal_breakout_0.10atr,2026-03-13 13:40:00+00:00,SPY,exit_long,670.39,hybrid_exit
signal_breakout_0.10atr,2026-03-13 14:02:00+00:00,SPY,enter_short,670.2280247625393,signal_breakout
signal_breakout_0.10atr,2026-03-13 15:10:00+00:00,SPY,exit_short,666.21,hybrid_exit
signal_breakout_0.10atr,2026-03-13 15:20:00+00:00,SPY,enter_short,665.6659097372857,signal_breakout
signal_breakout_0.10atr,2026-03-13 16:00:00+00:00,SPY,exit_short,663.5,hybrid_exit
signal_breakout_0.10atr,2026-03-13 16:07:00+00:00,SPY,enter_long,664.5924091262334,signal_breakout
signal_breakout_0.10atr,2026-03-13 16:40:00+00:00,SPY,exit_long,664.27,hybrid_exit
signal_breakout_0.10atr,2026-03-13 16:44:00+00:00,SPY,enter_short,663.8780543769691,signal_breakout
signal_breakout_0.10atr,2026-03-13 18:00:00+00:00,SPY,exit_short,662.7,hybrid_exit
signal_breakout_0.10atr,2026-03-13 18:03:00+00:00,SPY,enter_long,663.1401513527634,signal_breakout
signal_breakout_0.10atr,2026-03-16 14:10:00+00:00,SPY,exit_long,670.8,hybrid_exit
signal_breakout_0.10atr,2026-03-16 14:30:00+00:00,SPY,enter_short,670.2231770086433,signal_breakout
signal_breakout_0.10atr,2026-03-16 14:50:00+00:00,SPY,exit_short,668.02,hybrid_exit
signal_breakout_0.10atr,2026-03-16 14:53:00+00:00,SPY,enter_long,668.8823601303025,signal_breakout
signal_breakout_0.10atr,2026-03-16 15:10:00+00:00,SPY,exit_long,669.17,hybrid_exit
signal_breakout_0.10atr,2026-03-16 15:41:00+00:00,SPY,enter_short,669.8974533846381,signal_breakout
signal_breakout_0.10atr,2026-03-16 16:20:00+00:00,SPY,exit_short,668.67,hybrid_exit
signal_breakout_0.10atr,2026-03-16 16:41:00+00:00,SPY,enter_long,668.3338146630747,signal_breakout
signal_breakout_0.10atr,2026-03-16 18:20:00+00:00,SPY,exit_long,669.81,hybrid_exit
signal_breakout_0.10atr,2026-03-16 18:45:00+00:00,SPY,enter_long,670.2417901606884,signal_breakout
signal_breakout_0.10atr,2026-03-16 19:20:00+00:00,SPY,exit_long,669.42,hybrid_exit
signal_breakout_0.10atr,2026-03-16 19:59:00+00:00,SPY,enter_long,669.2235855244352,signal_breakout
signal_breakout_0.10atr,2026-03-17 13:40:00+00:00,SPY,exit_long,673.885,hybrid_exit
signal_breakout_0.10atr,2026-03-17 14:00:00+00:00,SPY,enter_short,673.5388133677792,signal_breakout
signal_breakout_0.10atr,2026-03-17 15:40:00+00:00,SPY,exit_short,670.68,hybrid_exit
signal_breakout_0.10atr,2026-03-17 16:11:00+00:00,SPY,enter_long,671.1767087863844,signal_breakout
signal_breakout_0.10atr,2026-03-17 17:20:00+00:00,SPY,exit_long,671.4,hybrid_exit
signal_breakout_0.10atr,2026-03-17 17:44:00+00:00,SPY,enter_short,671.2903621341183,signal_breakout
signal_breakout_0.10atr,2026-03-18 13:40:00+00:00,SPY,exit_short,669.07,hybrid_exit
signal_breakout_0.10atr,2026-03-18 14:02:00+00:00,SPY,enter_short,668.2817423129791,signal_breakout
signal_breakout_0.10atr,2026-03-18 14:30:00+00:00,SPY,exit_short,665.98,hybrid_exit
signal_breakout_0.10atr,2026-03-18 14:57:00+00:00,SPY,enter_long,666.5619212853779,signal_breakout
signal_breakout_0.10atr,2026-03-18 15:00:00+00:00,SPY,exit_long,667.13,hybrid_exit
signal_breakout_0.10atr,2026-03-18 15:41:00+00:00,SPY,enter_short,666.7273425510729,signal_breakout
signal_breakout_0.10atr,2026-03-18 19:10:00+00:00,SPY,exit_short,664.4,hybrid_exit
signal_breakout_0.10atr,2026-03-18 19:21:00+00:00,SPY,enter_short,663.2362731296278,signal_breakout
signal_breakout_0.10atr,2026-03-19 13:40:00+00:00,SPY,exit_short,656.23,hybrid_exit
signal_breakout_0.10atr,2026-03-19 13:41:00+00:00,SPY,enter_long,656.8935663497,signal_breakout
signal_breakout_0.10atr,2026-03-19 14:00:00+00:00,SPY,exit_long,658.64,hybrid_exit
signal_breakout_0.10atr,2026-03-19 14:10:00+00:00,SPY,enter_short,658.0367854335674,signal_breakout
signal_breakout_0.10atr,2026-03-19 14:30:00+00:00,SPY,exit_short,656.33,hybrid_exit
signal_breakout_0.10atr,2026-03-19 14:34:00+00:00,SPY,enter_long,658.2426441924853,signal_breakout
signal_breakout_0.10atr,2026-03-19 15:10:00+00:00,SPY,exit_long,658.87,hybrid_exit
signal_breakout_0.10atr,2026-03-19 15:20:00+00:00,SPY,enter_short,657.9702610535037,signal_breakout
signal_breakout_0.10atr,2026-03-19 15:50:00+00:00,SPY,exit_short,657.02,hybrid_exit
signal_breakout_0.10atr,2026-03-19 16:22:00+00:00,SPY,enter_short,657.2896533054495,signal_breakout
signal_breakout_0.10atr,2026-03-19 17:20:00+00:00,SPY,exit_short,656.8,hybrid_exit
signal_breakout_0.10atr,2026-03-19 17:22:00+00:00,SPY,enter_long,657.0105672479522,signal_breakout
signal_breakout_0.10atr,2026-03-19 19:10:00+00:00,SPY,exit_long,661.85,hybrid_exit
signal_breakout_0.10atr,2026-03-19 19:24:00+00:00,SPY,enter_short,660.5624522551665,signal_breakout
signal_breakout_0.10atr,2026-03-20 14:10:00+00:00,SPY,exit_short,653.09,hybrid_exit
signal_breakout_0.10atr,2026-03-20 14:32:00+00:00,SPY,enter_long,652.5964527140782,signal_breakout
signal_breakout_0.10atr,2026-03-20 15:10:00+00:00,SPY,exit_long,652.19,hybrid_exit
signal_breakout_0.10atr,2026-03-20 16:30:00+00:00,SPY,enter_short,652.86246578361,signal_breakout
signal_breakout_0.10atr,2026-03-20 18:30:00+00:00,SPY,exit_short,649.4,hybrid_exit
signal_breakout_0.10atr,2026-03-20 19:00:00+00:00,SPY,enter_long,648.3493119637048,signal_breakout
signal_breakout_0.10atr,2026-03-23 14:10:00+00:00,SPY,exit_long,659.56,hybrid_exit
signal_breakout_0.10atr,2026-03-23 14:36:00+00:00,SPY,enter_short,660.3792227762015,signal_breakout
signal_breakout_0.10atr,2026-03-23 16:10:00+00:00,SPY,exit_short,656.77,hybrid_exit
signal_breakout_0.10atr,2026-03-23 16:45:00+00:00,SPY,enter_long,656.3563586801167,signal_breakout
signal_breakout_0.10atr,2026-03-23 18:10:00+00:00,SPY,exit_long,657.45,hybrid_exit
signal_breakout_0.10atr,2026-03-23 19:03:00+00:00,SPY,enter_short,658.4463964313876,signal_breakout
signal_breakout_0.10atr,2026-03-24 13:40:00+00:00,SPY,exit_short,651.22,hybrid_exit
signal_breakout_0.10atr,2026-03-24 14:00:00+00:00,SPY,enter_long,651.99,signal_breakout
signal_breakout_0.10atr,2026-03-24 15:00:00+00:00,SPY,exit_long,653.95,hybrid_exit
signal_breakout_0.10atr,2026-03-24 15:56:00+00:00,SPY,enter_short,655.8596376630222,signal_breakout
signal_breakout_0.10atr,2026-03-24 17:20:00+00:00,SPY,exit_short,652.79,hybrid_exit
signal_breakout_0.10atr,2026-03-24 17:29:00+00:00,SPY,enter_long,653.459086620564,signal_breakout
signal_breakout_0.10atr,2026-03-24 18:50:00+00:00,SPY,exit_long,655.02,hybrid_exit
signal_breakout_0.10atr,2026-03-25 13:30:00+00:00,SPY,enter_long,658.665,signal_breakout
signal_breakout_0.10atr,2026-03-25 13:40:00+00:00,SPY,exit_long,659.88,hybrid_exit
signal_breakout_0.10atr,2026-03-25 15:06:00+00:00,SPY,enter_short,658.28932018413,signal_breakout
signal_breakout_0.10atr,2026-03-25 15:20:00+00:00,SPY,exit_short,655.15,hybrid_exit
signal_breakout_0.10atr,2026-03-25 15:29:00+00:00,SPY,enter_long,657.6991320861327,signal_breakout
signal_breakout_0.10atr,2026-03-25 15:30:00+00:00,SPY,exit_long,657.87,hybrid_exit
signal_breakout_0.10atr,2026-03-25 15:57:00+00:00,SPY,enter_long,657.26,signal_breakout
signal_breakout_0.10atr,2026-03-25 16:40:00+00:00,SPY,exit_long,658.055,hybrid_exit
signal_breakout_0.10atr,2026-03-25 17:50:00+00:00,SPY,enter_short,657.9046099012195,signal_breakout
signal_breakout_0.10atr,2026-03-26 13:40:00+00:00,SPY,exit_short,650.79,hybrid_exit
signal_breakout_0.10atr,2026-03-26 13:43:00+00:00,SPY,enter_long,652.2397204618935,signal_breakout
signal_breakout_0.10atr,2026-03-26 14:00:00+00:00,SPY,exit_long,654.47,hybrid_exit
signal_breakout_0.10atr,2026-03-26 14:38:00+00:00,SPY,enter_short,653.6031660088471,signal_breakout
signal_breakout_0.10atr,2026-03-26 15:00:00+00:00,SPY,exit_short,652.31,hybrid_exit
signal_breakout_0.10atr,2026-03-26 15:16:00+00:00,SPY,enter_short,651.9726442466338,signal_breakout
signal_breakout_0.10atr,2026-03-27 13:40:00+00:00,SPY,exit_short,640.925,hybrid_exit
signal_breakout_0.10atr,2026-03-27 13:52:00+00:00,SPY,enter_short,640.4726686784438,signal_breakout
signal_breakout_0.10atr,2026-03-27 14:40:00+00:00,SPY,exit_short,638.9,hybrid_exit
signal_breakout_0.10atr,2026-03-27 14:49:00+00:00,SPY,enter_long,639.8717507611683,signal_breakout
signal_breakout_0.10atr,2026-03-27 14:50:00+00:00,SPY,exit_long,640.2,hybrid_exit
signal_breakout_0.10atr,2026-03-27 15:11:00+00:00,SPY,enter_short,639.859592411703,signal_breakout
bos_2_touch,2026-01-26 20:12:00+00:00,SPY,enter_short,693.62,bos_2_touch
bos_2_touch,2026-01-26 20:22:00+00:00,SPY,enter_long,693.63,bos_2_touch
bos_2_touch,2026-01-26 20:50:00+00:00,SPY,exit_short,693.63,hybrid_exit
bos_2_touch,2026-01-27 14:40:00+00:00,SPY,exit_long,693.6,hybrid_exit
bos_2_touch,2026-01-27 14:53:00+00:00,SPY,enter_long,695.0,bos_2_touch
bos_2_touch,2026-01-27 16:00:00+00:00,SPY,exit_long,696.0,hybrid_exit
bos_2_touch,2026-01-27 16:13:00+00:00,SPY,enter_short,696.11,bos_2_touch
bos_2_touch,2026-01-27 17:50:00+00:00,SPY,exit_short,695.7,hybrid_exit
bos_2_touch,2026-01-27 18:08:00+00:00,SPY,enter_long,695.05,bos_2_touch
bos_2_touch,2026-01-27 19:00:00+00:00,SPY,exit_long,696.01,hybrid_exit
bos_2_touch,2026-01-27 19:33:00+00:00,SPY,enter_short,696.19,bos_2_touch
bos_2_touch,2026-01-27 20:10:00+00:00,SPY,exit_short,696.15,hybrid_exit
bos_2_touch,2026-01-27 20:34:00+00:00,SPY,enter_long,696.03,bos_2_touch
bos_2_touch,2026-01-28 14:40:00+00:00,SPY,exit_long,697.165,hybrid_exit
bos_2_touch,2026-01-28 14:44:00+00:00,SPY,enter_short,697.33,bos_2_touch
bos_2_touch,2026-01-28 15:20:00+00:00,SPY,exit_short,696.51,hybrid_exit
bos_2_touch,2026-01-28 15:32:00+00:00,SPY,enter_short,696.56,bos_2_touch
bos_2_touch,2026-01-28 17:00:00+00:00,SPY,exit_short,694.73,hybrid_exit
bos_2_touch,2026-01-28 17:02:00+00:00,SPY,enter_long,695.02,bos_2_touch
bos_2_touch,2026-01-28 17:22:00+00:00,SPY,enter_short,695.42,bos_2_touch
bos_2_touch,2026-01-28 18:00:00+00:00,SPY,exit_long,694.84,hybrid_exit
bos_2_touch,2026-01-28 18:00:00+00:00,SPY,exit_short,694.84,hybrid_exit
bos_2_touch,2026-01-28 18:18:00+00:00,SPY,enter_short,695.25,bos_2_touch
bos_2_touch,2026-01-28 18:50:00+00:00,SPY,exit_short,694.89,hybrid_exit
bos_2_touch,2026-01-28 18:57:00+00:00,SPY,enter_long,695.04,bos_2_touch
bos_2_touch,2026-01-28 19:40:00+00:00,SPY,exit_long,694.67,hybrid_exit
bos_2_touch,2026-01-28 20:04:00+00:00,SPY,enter_short,695.37,bos_2_touch
bos_2_touch,2026-01-29 14:50:00+00:00,SPY,exit_short,693.64,hybrid_exit
bos_2_touch,2026-01-29 15:02:00+00:00,SPY,enter_short,690.18,bos_2_touch
bos_2_touch,2026-01-29 15:40:00+00:00,SPY,exit_short,687.59,hybrid_exit
bos_2_touch,2026-01-29 15:46:00+00:00,SPY,enter_long,686.835,bos_2_touch
bos_2_touch,2026-01-29 17:30:00+00:00,SPY,exit_long,690.985,hybrid_exit
bos_2_touch,2026-01-29 17:33:00+00:00,SPY,enter_short,691.04,bos_2_touch
bos_2_touch,2026-01-29 17:56:00+00:00,SPY,enter_long,689.18,bos_2_touch
bos_2_touch,2026-01-29 18:00:00+00:00,SPY,exit_short,689.03,hybrid_exit
bos_2_touch,2026-01-30 14:30:00+00:00,SPY,exit_long,691.84,hybrid_exit
bos_2_touch,2026-01-30 14:32:00+00:00,SPY,enter_short,691.67,bos_2_touch
bos_2_touch,2026-01-30 17:10:00+00:00,SPY,exit_short,689.11,hybrid_exit
bos_2_touch,2026-01-30 17:14:00+00:00,SPY,enter_long,689.42,bos_2_touch
bos_2_touch,2026-01-30 17:33:00+00:00,SPY,enter_short,691.18,bos_2_touch
bos_2_touch,2026-01-30 17:50:00+00:00,SPY,exit_long,690.41,hybrid_exit
bos_2_touch,2026-01-30 18:02:00+00:00,SPY,enter_long,689.46,bos_2_touch
bos_2_touch,2026-01-30 18:10:00+00:00,SPY,exit_short,689.6,hybrid_exit
bos_2_touch,2026-01-30 19:00:00+00:00,SPY,exit_long,691.36,hybrid_exit
bos_2_touch,2026-01-30 19:12:00+00:00,SPY,enter_short,692.02,bos_2_touch
bos_2_touch,2026-01-30 19:50:00+00:00,SPY,exit_short,690.89,hybrid_exit
bos_2_touch,2026-01-30 19:52:00+00:00,SPY,enter_long,691.2,bos_2_touch
bos_2_touch,2026-02-02 15:42:00+00:00,SPY,enter_short,695.21,bos_2_touch
bos_2_touch,2026-02-02 16:10:00+00:00,SPY,exit_short,694.87,hybrid_exit
bos_2_touch,2026-02-02 17:20:00+00:00,SPY,exit_long,696.26,hybrid_exit
bos_2_touch,2026-02-02 17:26:00+00:00,SPY,enter_short,696.09,bos_2_touch
bos_2_touch,2026-02-02 18:30:00+00:00,SPY,exit_short,696.07,hybrid_exit
bos_2_touch,2026-02-02 18:52:00+00:00,SPY,enter_short,696.51,bos_2_touch
bos_2_touch,2026-02-02 20:10:00+00:00,SPY,exit_short,696.3,hybrid_exit
bos_2_touch,2026-02-02 20:25:00+00:00,SPY,enter_short,696.07,bos_2_touch
bos_2_touch,2026-02-03 15:10:00+00:00,SPY,exit_short,692.99,hybrid_exit
bos_2_touch,2026-02-03 15:22:00+00:00,SPY,enter_short,692.33,bos_2_touch
bos_2_touch,2026-02-03 18:40:00+00:00,SPY,exit_short,686.355,hybrid_exit
bos_2_touch,2026-02-03 18:53:00+00:00,SPY,enter_long,685.63,bos_2_touch
bos_2_touch,2026-02-04 14:32:00+00:00,SPY,enter_short,689.12,bos_2_touch
bos_2_touch,2026-02-04 14:40:00+00:00,SPY,exit_long,690.57,hybrid_exit
bos_2_touch,2026-02-04 15:10:00+00:00,SPY,exit_short,688.985,hybrid_exit
bos_2_touch,2026-02-04 15:23:00+00:00,SPY,enter_short,688.81,bos_2_touch
bos_2_touch,2026-02-04 17:00:00+00:00,SPY,exit_short,686.51,hybrid_exit
bos_2_touch,2026-02-04 17:16:00+00:00,SPY,enter_short,686.45,bos_2_touch
bos_2_touch,2026-02-04 17:40:00+00:00,SPY,exit_short,682.41,hybrid_exit
bos_2_touch,2026-02-04 17:42:00+00:00,SPY,enter_long,682.96,bos_2_touch
bos_2_touch,2026-02-04 19:50:00+00:00,SPY,exit_long,687.33,hybrid_exit
bos_2_touch,2026-02-04 19:55:00+00:00,SPY,enter_short,687.695,bos_2_touch
bos_2_touch,2026-02-05 14:40:00+00:00,SPY,exit_short,682.37,hybrid_exit
bos_2_touch,2026-02-05 14:52:00+00:00,SPY,enter_short,681.995,bos_2_touch
bos_2_touch,2026-02-05 15:10:00+00:00,SPY,exit_short,678.75,hybrid_exit
bos_2_touch,2026-02-05 15:22:00+00:00,SPY,enter_long,678.04,bos_2_touch
bos_2_touch,2026-02-05 16:40:00+00:00,SPY,exit_long,680.235,hybrid_exit
bos_2_touch,2026-02-05 17:03:00+00:00,SPY,enter_short,680.395,bos_2_touch
bos_2_touch,2026-02-05 18:30:00+00:00,SPY,exit_short,679.09,hybrid_exit
bos_2_touch,2026-02-05 18:42:00+00:00,SPY,enter_long,679.03,bos_2_touch
bos_2_touch,2026-02-05 19:20:00+00:00,SPY,exit_long,681.16,hybrid_exit
bos_2_touch,2026-02-05 19:22:00+00:00,SPY,enter_short,681.02,bos_2_touch
bos_2_touch,2026-02-05 19:42:00+00:00,SPY,enter_long,679.11,bos_2_touch
bos_2_touch,2026-02-05 20:00:00+00:00,SPY,exit_short,679.08,hybrid_exit
bos_2_touch,2026-02-06 15:00:00+00:00,SPY,exit_long,684.82,hybrid_exit
bos_2_touch,2026-02-06 15:17:00+00:00,SPY,enter_long,684.275,bos_2_touch
bos_2_touch,2026-02-06 18:20:00+00:00,SPY,exit_long,689.155,hybrid_exit
bos_2_touch,2026-02-06 18:32:00+00:00,SPY,enter_long,689.185,bos_2_touch
bos_2_touch,2026-02-09 14:30:00+00:00,SPY,exit_long,689.47,hybrid_exit
bos_2_touch,2026-02-09 14:42:00+00:00,SPY,enter_long,691.285,bos_2_touch
bos_2_touch,2026-02-09 15:30:00+00:00,SPY,exit_long,691.94,hybrid_exit
bos_2_touch,2026-02-09 15:44:00+00:00,SPY,enter_long,693.52,bos_2_touch
bos_2_touch,2026-02-09 16:55:00+00:00,SPY,enter_short,695.36,bos_2_touch
bos_2_touch,2026-02-09 17:00:00+00:00,SPY,exit_long,695.375,hybrid_exit
bos_2_touch,2026-02-09 18:00:00+00:00,SPY,exit_short,694.58,hybrid_exit
bos_2_touch,2026-02-09 18:02:00+00:00,SPY,enter_long,694.58,bos_2_touch
bos_2_touch,2026-02-09 19:22:00+00:00,SPY,enter_short,695.32,bos_2_touch
bos_2_touch,2026-02-09 19:30:00+00:00,SPY,exit_long,695.76,hybrid_exit
bos_2_touch,2026-02-09 20:33:00+00:00,SPY,enter_long,694.54,bos_2_touch
bos_2_touch,2026-02-09 20:40:00+00:00,SPY,exit_short,694.54,hybrid_exit
bos_2_touch,2026-02-10 14:40:00+00:00,SPY,exit_long,694.305,hybrid_exit
bos_2_touch,2026-02-10 14:52:00+00:00,SPY,enter_long,694.6,bos_2_touch
bos_2_touch,2026-02-10 15:00:00+00:00,SPY,exit_long,695.77,hybrid_exit
bos_2_touch,2026-02-10 15:03:00+00:00,SPY,enter_short,695.64,bos_2_touch
bos_2_touch,2026-02-10 16:20:00+00:00,SPY,exit_short,694.94,hybrid_exit
bos_2_touch,2026-02-10 17:13:00+00:00,SPY,enter_short,695.26,bos_2_touch
bos_2_touch,2026-02-10 18:40:00+00:00,SPY,exit_short,693.675,hybrid_exit
bos_2_touch,2026-02-10 18:56:00+00:00,SPY,enter_long,693.06,bos_2_touch
bos_2_touch,2026-02-10 19:30:00+00:00,SPY,exit_long,693.88,hybrid_exit
bos_2_touch,2026-02-10 19:34:00+00:00,SPY,enter_short,693.94,bos_2_touch
bos_2_touch,2026-02-11 14:30:00+00:00,SPY,exit_short,696.435,hybrid_exit
bos_2_touch,2026-02-11 14:42:00+00:00,SPY,enter_short,695.19,bos_2_touch
bos_2_touch,2026-02-11 15:20:00+00:00,SPY,exit_short,690.79,hybrid_exit
bos_2_touch,2026-02-11 15:28:00+00:00,SPY,enter_long,689.88,bos_2_touch
bos_2_touch,2026-02-11 16:10:00+00:00,SPY,exit_long,691.55,hybrid_exit
bos_2_touch,2026-02-11 16:33:00+00:00,SPY,enter_long,692.305,bos_2_touch
bos_2_touch,2026-02-11 17:30:00+00:00,SPY,exit_long,693.6,hybrid_exit
bos_2_touch,2026-02-11 17:32:00+00:00,SPY,enter_short,693.27,bos_2_touch
bos_2_touch,2026-02-11 18:10:00+00:00,SPY,exit_short,692.0,hybrid_exit
bos_2_touch,2026-02-11 18:16:00+00:00,SPY,enter_long,691.73,bos_2_touch
bos_2_touch,2026-02-11 18:50:00+00:00,SPY,exit_long,692.89,hybrid_exit
bos_2_touch,2026-02-11 19:02:00+00:00,SPY,enter_long,692.74,bos_2_touch
bos_2_touch,2026-02-11 19:28:00+00:00,SPY,enter_short,693.665,bos_2_touch
bos_2_touch,2026-02-11 19:40:00+00:00,SPY,exit_long,693.53,hybrid_exit
bos_2_touch,2026-02-11 20:20:00+00:00,SPY,exit_short,692.71,hybrid_exit
bos_2_touch,2026-02-11 20:32:00+00:00,SPY,enter_long,692.23,bos_2_touch
bos_2_touch,2026-02-11 20:55:00+00:00,SPY,enter_short,692.565,bos_2_touch
bos_2_touch,2026-02-12 14:40:00+00:00,SPY,exit_long,694.82,hybrid_exit
bos_2_touch,2026-02-12 16:30:00+00:00,SPY,exit_short,683.6,hybrid_exit
bos_2_touch,2026-02-12 16:32:00+00:00,SPY,enter_long,684.08,bos_2_touch
bos_2_touch,2026-02-12 16:40:00+00:00,SPY,exit_long,685.58,hybrid_exit
bos_2_touch,2026-02-12 16:43:00+00:00,SPY,enter_short,685.285,bos_2_touch
bos_2_touch,2026-02-12 17:22:00+00:00,SPY,enter_long,684.41,bos_2_touch
bos_2_touch,2026-02-12 17:30:00+00:00,SPY,exit_short,684.115,hybrid_exit
bos_2_touch,2026-02-12 17:40:00+00:00,SPY,exit_long,684.89,hybrid_exit
bos_2_touch,2026-02-12 17:46:00+00:00,SPY,enter_short,685.02,bos_2_touch
bos_2_touch,2026-02-12 18:02:00+00:00,SPY,enter_long,683.12,bos_2_touch
bos_2_touch,2026-02-12 18:10:00+00:00,SPY,exit_short,683.34,hybrid_exit
bos_2_touch,2026-02-12 19:00:00+00:00,SPY,exit_long,684.855,hybrid_exit
bos_2_touch,2026-02-12 19:22:00+00:00,SPY,enter_short,684.99,bos_2_touch
bos_2_touch,2026-02-13 14:30:00+00:00,SPY,exit_short,681.695,hybrid_exit
bos_2_touch,2026-02-13 14:32:00+00:00,SPY,enter_long,682.15,bos_2_touch
bos_2_touch,2026-02-13 15:40:00+00:00,SPY,exit_long,682.86,hybrid_exit
bos_2_touch,2026-02-13 15:52:00+00:00,SPY,enter_long,682.68,bos_2_touch
bos_2_touch,2026-02-13 17:10:00+00:00,SPY,exit_long,685.2,hybrid_exit
bos_2_touch,2026-02-13 17:43:00+00:00,SPY,enter_short,685.96,bos_2_touch
bos_2_touch,2026-02-13 20:50:00+00:00,SPY,exit_short,681.18,hybrid_exit
bos_2_touch,2026-02-17 14:39:00+00:00,SPY,enter_short,681.93,bos_2_touch
bos_2_touch,2026-02-17 15:00:00+00:00,SPY,exit_short,676.42,hybrid_exit
bos_2_touch,2026-02-17 15:02:00+00:00,SPY,enter_long,677.48,bos_2_touch
bos_2_touch,2026-02-17 16:20:00+00:00,SPY,exit_long,682.76,hybrid_exit
bos_2_touch,2026-02-17 16:43:00+00:00,SPY,enter_short,682.12,bos_2_touch
bos_2_touch,2026-02-17 17:20:00+00:00,SPY,exit_short,681.365,hybrid_exit
bos_2_touch,2026-02-17 17:25:00+00:00,SPY,enter_long,681.135,bos_2_touch
bos_2_touch,2026-02-17 19:00:00+00:00,SPY,exit_long,684.06,hybrid_exit
bos_2_touch,2026-02-17 19:06:00+00:00,SPY,enter_short,684.255,bos_2_touch
bos_2_touch,2026-02-17 20:10:00+00:00,SPY,exit_short,683.39,hybrid_exit
bos_2_touch,2026-02-17 20:11:00+00:00,SPY,enter_long,683.46,bos_2_touch
bos_2_touch,2026-02-18 14:50:00+00:00,SPY,exit_long,683.77,hybrid_exit
bos_2_touch,2026-02-18 15:02:00+00:00,SPY,enter_long,686.84,bos_2_touch
bos_2_touch,2026-02-18 15:33:00+00:00,SPY,enter_short,687.54,bos_2_touch
bos_2_touch,2026-02-18 15:40:00+00:00,SPY,exit_long,688.04,hybrid_exit
bos_2_touch,2026-02-18 16:20:00+00:00,SPY,exit_short,688.13,hybrid_exit
bos_2_touch,2026-02-18 16:44:00+00:00,SPY,enter_short,688.42,bos_2_touch
bos_2_touch,2026-02-18 17:02:00+00:00,SPY,enter_long,687.71,bos_2_touch
bos_2_touch,2026-02-18 17:20:00+00:00,SPY,exit_long,688.58,hybrid_exit
bos_2_touch,2026-02-18 20:00:00+00:00,SPY,exit_short,684.62,hybrid_exit
bos_2_touch,2026-02-18 20:02:00+00:00,SPY,enter_long,685.07,bos_2_touch
bos_2_touch,2026-02-18 20:45:00+00:00,SPY,enter_short,685.64,bos_2_touch
bos_2_touch,2026-02-18 20:50:00+00:00,SPY,exit_long,686.47,hybrid_exit
bos_2_touch,2026-02-19 14:40:00+00:00,SPY,exit_short,683.68,hybrid_exit
bos_2_touch,2026-02-19 14:42:00+00:00,SPY,enter_long,683.685,bos_2_touch
bos_2_touch,2026-02-19 15:00:00+00:00,SPY,exit_long,684.9,hybrid_exit
bos_2_touch,2026-02-19 15:26:00+00:00,SPY,enter_short,684.72,bos_2_touch
bos_2_touch,2026-02-19 15:32:00+00:00,SPY,enter_long,684.86,bos_2_touch
bos_2_touch,2026-02-19 15:40:00+00:00,SPY,exit_long,685.43,hybrid_exit
bos_2_touch,2026-02-19 17:14:00+00:00,SPY,enter_long,683.55,bos_2_touch
bos_2_touch,2026-02-19 17:20:00+00:00,SPY,exit_long,684.08,hybrid_exit
bos_2_touch,2026-02-19 17:55:00+00:00,SPY,enter_long,682.76,bos_2_touch
bos_2_touch,2026-02-19 18:00:00+00:00,SPY,exit_short,682.42,hybrid_exit
bos_2_touch,2026-02-19 19:00:00+00:00,SPY,exit_long,683.73,hybrid_exit
bos_2_touch,2026-02-19 19:02:00+00:00,SPY,enter_short,683.6,bos_2_touch
bos_2_touch,2026-02-19 19:40:00+00:00,SPY,exit_short,682.02,hybrid_exit
bos_2_touch,2026-02-19 19:44:00+00:00,SPY,enter_long,682.485,bos_2_touch
bos_2_touch,2026-02-20 14:50:00+00:00,SPY,exit_long,684.26,hybrid_exit
bos_2_touch,2026-02-20 15:02:00+00:00,SPY,enter_long,689.265,bos_2_touch
bos_2_touch,2026-02-20 15:50:00+00:00,SPY,exit_long,688.17,hybrid_exit
bos_2_touch,2026-02-20 15:58:00+00:00,SPY,enter_short,688.66,bos_2_touch
bos_2_touch,2026-02-20 16:32:00+00:00,SPY,enter_long,686.36,bos_2_touch
bos_2_touch,2026-02-20 16:40:00+00:00,SPY,exit_short,688.12,hybrid_exit
bos_2_touch,2026-02-20 16:40:00+00:00,SPY,exit_long,688.12,hybrid_exit
bos_2_touch,2026-02-20 16:55:00+00:00,SPY,enter_short,688.87,bos_2_touch
bos_2_touch,2026-02-20 17:20:00+00:00,SPY,exit_short,685.08,hybrid_exit
bos_2_touch,2026-02-20 17:23:00+00:00,SPY,enter_long,684.99,bos_2_touch
bos_2_touch,2026-02-20 18:50:00+00:00,SPY,exit_long,689.1,hybrid_exit
bos_2_touch,2026-02-20 19:04:00+00:00,SPY,enter_short,689.5,bos_2_touch
bos_2_touch,2026-02-20 19:40:00+00:00,SPY,exit_short,688.61,hybrid_exit
bos_2_touch,2026-02-20 20:12:00+00:00,SPY,enter_short,688.82,bos_2_touch
bos_2_touch,2026-02-23 16:10:00+00:00,SPY,exit_short,681.15,hybrid_exit
bos_2_touch,2026-02-23 16:14:00+00:00,SPY,enter_long,680.93,bos_2_touch
bos_2_touch,2026-02-23 16:32:00+00:00,SPY,enter_short,682.55,bos_2_touch
bos_2_touch,2026-02-23 16:50:00+00:00,SPY,exit_long,682.05,hybrid_exit
bos_2_touch,2026-02-23 17:10:00+00:00,SPY,exit_short,681.96,hybrid_exit
bos_2_touch,2026-02-23 17:39:00+00:00,SPY,enter_long,680.86,bos_2_touch
bos_2_touch,2026-02-23 18:20:00+00:00,SPY,exit_long,683.13,hybrid_exit
bos_2_touch,2026-02-23 18:26:00+00:00,SPY,enter_short,683.6,bos_2_touch
bos_2_touch,2026-02-23 19:20:00+00:00,SPY,exit_short,681.755,hybrid_exit
bos_2_touch,2026-02-23 19:32:00+00:00,SPY,enter_long,681.49,bos_2_touch
bos_2_touch,2026-02-24 14:50:00+00:00,SPY,exit_long,684.9,hybrid_exit
bos_2_touch,2026-02-24 15:02:00+00:00,SPY,enter_long,683.125,bos_2_touch
bos_2_touch,2026-02-24 15:40:00+00:00,SPY,exit_long,685.93,hybrid_exit
bos_2_touch,2026-02-24 16:02:00+00:00,SPY,enter_long,685.76,bos_2_touch
bos_2_touch,2026-02-24 17:30:00+00:00,SPY,exit_long,687.45,hybrid_exit
bos_2_touch,2026-02-24 17:43:00+00:00,SPY,enter_short,687.28,bos_2_touch
bos_2_touch,2026-02-24 18:30:00+00:00,SPY,exit_short,687.04,hybrid_exit
bos_2_touch,2026-02-24 18:42:00+00:00,SPY,enter_short,687.63,bos_2_touch
bos_2_touch,2026-02-24 19:20:00+00:00,SPY,exit_short,686.93,hybrid_exit
bos_2_touch,2026-02-24 19:32:00+00:00,SPY,enter_long,687.05,bos_2_touch
bos_2_touch,2026-02-24 21:00:00+00:00,SPY,exit_long,687.45,hybrid_exit
bos_2_touch,2026-02-25 14:34:00+00:00,SPY,enter_long,690.9,bos_2_touch
bos_2_touch,2026-02-25 14:40:00+00:00,SPY,exit_long,691.19,hybrid_exit
bos_2_touch,2026-02-25 14:52:00+00:00,SPY,enter_short,691.56,bos_2_touch
bos_2_touch,2026-02-25 15:30:00+00:00,SPY,exit_short,691.13,hybrid_exit
bos_2_touch,2026-02-25 15:42:00+00:00,SPY,enter_long,690.59,bos_2_touch
bos_2_touch,2026-02-25 16:54:00+00:00,SPY,enter_short,692.23,bos_2_touch
bos_2_touch,2026-02-25 17:00:00+00:00,SPY,exit_long,692.02,hybrid_exit
bos_2_touch,2026-02-25 17:35:00+00:00,SPY,enter_long,692.13,bos_2_touch
bos_2_touch,2026-02-25 17:40:00+00:00,SPY,exit_short,692.31,hybrid_exit
bos_2_touch,2026-02-25 19:20:00+00:00,SPY,exit_long,693.0,hybrid_exit
bos_2_touch,2026-02-25 19:43:00+00:00,SPY,enter_short,693.16,bos_2_touch
bos_2_touch,2026-02-26 14:40:00+00:00,SPY,exit_short,692.165,hybrid_exit
bos_2_touch,2026-02-26 14:52:00+00:00,SPY,enter_short,690.83,bos_2_touch
bos_2_touch,2026-02-26 15:10:00+00:00,SPY,exit_short,690.025,hybrid_exit
bos_2_touch,2026-02-26 15:35:00+00:00,SPY,enter_long,685.25,bos_2_touch
bos_2_touch,2026-02-26 15:50:00+00:00,SPY,exit_long,687.56,hybrid_exit
bos_2_touch,2026-02-26 16:02:00+00:00,SPY,enter_short,687.685,bos_2_touch
bos_2_touch,2026-02-26 17:10:00+00:00,SPY,exit_short,686.76,hybrid_exit
bos_2_touch,2026-02-26 17:32:00+00:00,SPY,enter_long,686.52,bos_2_touch
bos_2_touch,2026-02-26 19:20:00+00:00,SPY,exit_long,688.89,hybrid_exit
bos_2_touch,2026-02-26 19:25:00+00:00,SPY,enter_short,689.055,bos_2_touch
bos_2_touch,2026-02-27 14:40:00+00:00,SPY,exit_short,684.06,hybrid_exit
bos_2_touch,2026-02-27 14:54:00+00:00,SPY,enter_long,683.295,bos_2_touch
bos_2_touch,2026-02-27 15:20:00+00:00,SPY,exit_long,684.03,hybrid_exit
bos_2_touch,2026-02-27 15:33:00+00:00,SPY,enter_long,684.55,bos_2_touch
bos_2_touch,2026-02-27 16:00:00+00:00,SPY,exit_long,685.24,hybrid_exit
bos_2_touch,2026-02-27 16:05:00+00:00,SPY,enter_short,685.57,bos_2_touch
bos_2_touch,2026-02-27 17:30:00+00:00,SPY,exit_short,684.14,hybrid_exit
bos_2_touch,2026-02-27 18:02:00+00:00,SPY,enter_short,684.18,bos_2_touch
bos_2_touch,2026-02-27 18:40:00+00:00,SPY,exit_short,683.69,hybrid_exit
bos_2_touch,2026-02-27 19:12:00+00:00,SPY,enter_long,683.92,bos_2_touch
bos_2_touch,2026-02-27 20:20:00+00:00,SPY,exit_long,685.57,hybrid_exit
bos_2_touch,2026-02-27 20:27:00+00:00,SPY,enter_short,685.69,bos_2_touch
bos_2_touch,2026-03-02 14:40:00+00:00,SPY,exit_short,681.0,hybrid_exit
bos_2_touch,2026-03-02 14:42:00+00:00,SPY,enter_long,681.715,bos_2_touch
bos_2_touch,2026-03-02 15:30:00+00:00,SPY,exit_long,683.37,hybrid_exit
bos_2_touch,2026-03-02 15:42:00+00:00,SPY,enter_long,684.0,bos_2_touch
bos_2_touch,2026-03-02 17:00:00+00:00,SPY,exit_long,686.25,hybrid_exit
bos_2_touch,2026-03-02 17:22:00+00:00,SPY,enter_short,686.91,bos_2_touch
bos_2_touch,2026-03-02 18:20:00+00:00,SPY,exit_short,686.59,hybrid_exit
bos_2_touch,2026-03-02 18:43:00+00:00,SPY,enter_long,686.1,bos_2_touch
bos_2_touch,2026-03-02 19:24:00+00:00,SPY,enter_short,687.88,bos_2_touch
bos_2_touch,2026-03-02 19:30:00+00:00,SPY,exit_long,688.245,hybrid_exit
bos_2_touch,2026-03-02 20:20:00+00:00,SPY,exit_short,686.08,hybrid_exit
bos_2_touch,2026-03-02 20:36:00+00:00,SPY,enter_short,685.68,bos_2_touch
bos_2_touch,2026-03-03 14:40:00+00:00,SPY,exit_short,675.78,hybrid_exit
bos_2_touch,2026-03-03 14:46:00+00:00,SPY,enter_long,674.27,bos_2_touch
bos_2_touch,2026-03-03 16:50:00+00:00,SPY,exit_long,677.57,hybrid_exit
bos_2_touch,2026-03-03 17:14:00+00:00,SPY,enter_long,676.94,bos_2_touch
bos_2_touch,2026-03-03 18:50:00+00:00,SPY,exit_long,681.4,hybrid_exit
bos_2_touch,2026-03-03 19:02:00+00:00,SPY,enter_short,681.15,bos_2_touch
bos_2_touch,2026-03-03 19:40:00+00:00,SPY,exit_short,680.82,hybrid_exit
bos_2_touch,2026-03-03 19:52:00+00:00,SPY,enter_short,681.8,bos_2_touch
bos_2_touch,2026-03-03 20:24:00+00:00,SPY,enter_long,680.74,bos_2_touch
bos_2_touch,2026-03-03 20:30:00+00:00,SPY,exit_short,681.04,hybrid_exit
bos_2_touch,2026-03-04 14:40:00+00:00,SPY,exit_long,680.95,hybrid_exit
bos_2_touch,2026-03-04 14:52:00+00:00,SPY,enter_long,680.905,bos_2_touch
bos_2_touch,2026-03-04 15:40:00+00:00,SPY,exit_long,684.63,hybrid_exit
bos_2_touch,2026-03-04 16:05:00+00:00,SPY,enter_short,686.2,bos_2_touch
bos_2_touch,2026-03-04 16:25:00+00:00,SPY,enter_long,684.49,bos_2_touch
bos_2_touch,2026-03-04 16:30:00+00:00,SPY,exit_short,685.185,hybrid_exit
bos_2_touch,2026-03-04 17:00:00+00:00,SPY,exit_long,685.78,hybrid_exit
bos_2_touch,2026-03-04 17:33:00+00:00,SPY,enter_long,685.1,bos_2_touch
bos_2_touch,2026-03-04 18:10:00+00:00,SPY,exit_long,686.22,hybrid_exit
bos_2_touch,2026-03-04 18:22:00+00:00,SPY,enter_long,685.75,bos_2_touch
bos_2_touch,2026-03-04 19:00:00+00:00,SPY,exit_long,686.57,hybrid_exit
bos_2_touch,2026-03-04 19:16:00+00:00,SPY,enter_short,686.79,bos_2_touch
bos_2_touch,2026-03-05 14:40:00+00:00,SPY,exit_short,683.63,hybrid_exit
bos_2_touch,2026-03-05 14:53:00+00:00,SPY,enter_short,683.31,bos_2_touch
bos_2_touch,2026-03-05 15:40:00+00:00,SPY,exit_short,681.3,hybrid_exit
bos_2_touch,2026-03-05 15:55:00+00:00,SPY,enter_short,682.08,bos_2_touch
bos_2_touch,2026-03-05 18:00:00+00:00,SPY,exit_short,676.335,hybrid_exit
bos_2_touch,2026-03-05 18:12:00+00:00,SPY,enter_short,677.43,bos_2_touch
bos_2_touch,2026-03-05 18:22:00+00:00,SPY,enter_long,676.78,bos_2_touch
bos_2_touch,2026-03-05 18:30:00+00:00,SPY,exit_short,676.67,hybrid_exit
bos_2_touch,2026-03-05 20:00:00+00:00,SPY,exit_long,677.1,hybrid_exit
bos_2_touch,2026-03-05 20:13:00+00:00,SPY,enter_short,678.53,bos_2_touch
bos_2_touch,2026-03-06 14:40:00+00:00,SPY,exit_short,671.06,hybrid_exit
bos_2_touch,2026-03-06 14:43:00+00:00,SPY,enter_long,671.7,bos_2_touch
bos_2_touch,2026-03-06 15:40:00+00:00,SPY,exit_long,675.5,hybrid_exit
bos_2_touch,2026-03-06 15:42:00+00:00,SPY,enter_short,674.69,bos_2_touch
bos_2_touch,2026-03-06 15:53:00+00:00,SPY,enter_long,673.0,bos_2_touch
bos_2_touch,2026-03-06 16:00:00+00:00,SPY,exit_long,674.92,hybrid_exit
bos_2_touch,2026-03-06 17:20:00+00:00,SPY,exit_short,674.43,hybrid_exit
bos_2_touch,2026-03-06 17:44:00+00:00,SPY,enter_long,672.44,bos_2_touch
bos_2_touch,2026-03-06 18:20:00+00:00,SPY,exit_long,675.82,hybrid_exit
bos_2_touch,2026-03-06 18:22:00+00:00,SPY,enter_short,675.53,bos_2_touch
bos_2_touch,2026-03-09 13:44:00+00:00,SPY,enter_long,664.48,bos_2_touch
bos_2_touch,2026-03-09 13:50:00+00:00,SPY,exit_short,663.68,hybrid_exit
bos_2_touch,2026-03-09 16:20:00+00:00,SPY,exit_long,670.0,hybrid_exit
bos_2_touch,2026-03-09 16:32:00+00:00,SPY,enter_short,670.09,bos_2_touch
bos_2_touch,2026-03-09 17:30:00+00:00,SPY,exit_short,668.875,hybrid_exit
bos_2_touch,2026-03-09 17:42:00+00:00,SPY,enter_long,668.61,bos_2_touch
bos_2_touch,2026-03-09 19:40:00+00:00,SPY,exit_long,679.16,hybrid_exit
bos_2_touch,2026-03-09 19:42:00+00:00,SPY,enter_short,677.3,bos_2_touch
bos_2_touch,2026-03-10 13:40:00+00:00,SPY,exit_short,677.04,hybrid_exit
bos_2_touch,2026-03-10 13:44:00+00:00,SPY,enter_long,676.93,bos_2_touch
bos_2_touch,2026-03-10 15:00:00+00:00,SPY,exit_long,681.1,hybrid_exit
bos_2_touch,2026-03-10 15:05:00+00:00,SPY,enter_short,681.3,bos_2_touch
bos_2_touch,2026-03-10 16:00:00+00:00,SPY,exit_short,681.4,hybrid_exit
bos_2_touch,2026-03-10 16:18:00+00:00,SPY,enter_long,680.55,bos_2_touch
bos_2_touch,2026-03-10 16:42:00+00:00,SPY,enter_short,681.4,bos_2_touch
bos_2_touch,2026-03-10 16:50:00+00:00,SPY,exit_long,680.94,hybrid_exit
bos_2_touch,2026-03-10 18:30:00+00:00,SPY,exit_short,679.42,hybrid_exit
bos_2_touch,2026-03-10 18:44:00+00:00,SPY,enter_short,678.81,bos_2_touch
bos_2_touch,2026-03-10 19:50:00+00:00,SPY,exit_short,676.78,hybrid_exit
bos_2_touch,2026-03-10 19:52:00+00:00,SPY,enter_long,676.92,bos_2_touch
bos_2_touch,2026-03-11 13:40:00+00:00,SPY,exit_long,678.38,hybrid_exit
bos_2_touch,2026-03-11 13:42:00+00:00,SPY,enter_short,677.95,bos_2_touch
bos_2_touch,2026-03-11 15:40:00+00:00,SPY,exit_short,674.875,hybrid_exit
bos_2_touch,2026-03-11 15:52:00+00:00,SPY,enter_long,674.87,bos_2_touch
bos_2_touch,2026-03-11 16:50:00+00:00,SPY,exit_long,675.34,hybrid_exit
bos_2_touch,2026-03-11 17:05:00+00:00,SPY,enter_short,676.14,bos_2_touch
bos_2_touch,2026-03-11 17:40:00+00:00,SPY,exit_short,674.64,hybrid_exit
bos_2_touch,2026-03-11 18:14:00+00:00,SPY,enter_long,674.16,bos_2_touch
bos_2_touch,2026-03-11 18:50:00+00:00,SPY,exit_long,674.815,hybrid_exit
bos_2_touch,2026-03-11 18:53:00+00:00,SPY,enter_short,675.08,bos_2_touch
bos_2_touch,2026-03-12 13:40:00+00:00,SPY,exit_short,671.28,hybrid_exit
bos_2_touch,2026-03-12 13:52:00+00:00,SPY,enter_short,670.15,bos_2_touch
bos_2_touch,2026-03-12 14:30:00+00:00,SPY,exit_short,668.04,hybrid_exit
bos_2_touch,2026-03-12 14:35:00+00:00,SPY,enter_long,668.05,bos_2_touch
bos_2_touch,2026-03-12 15:40:00+00:00,SPY,exit_long,669.73,hybrid_exit
bos_2_touch,2026-03-12 15:45:00+00:00,SPY,enter_short,669.7,bos_2_touch
bos_2_touch,2026-03-12 16:13:00+00:00,SPY,enter_long,668.29,bos_2_touch
bos_2_touch,2026-03-12 16:20:00+00:00,SPY,exit_long,669.8,hybrid_exit
bos_2_touch,2026-03-12 18:50:00+00:00,SPY,exit_short,667.49,hybrid_exit
bos_2_touch,2026-03-12 19:04:00+00:00,SPY,enter_long,667.35,bos_2_touch
bos_2_touch,2026-03-12 19:40:00+00:00,SPY,exit_long,667.915,hybrid_exit
bos_2_touch,2026-03-12 19:53:00+00:00,SPY,enter_long,666.81,bos_2_touch
bos_2_touch,2026-03-13 13:40:00+00:00,SPY,exit_long,670.39,hybrid_exit
bos_2_touch,2026-03-13 13:47:00+00:00,SPY,enter_short,671.64,bos_2_touch
bos_2_touch,2026-03-13 15:10:00+00:00,SPY,exit_short,666.21,hybrid_exit
bos_2_touch,2026-03-13 15:23:00+00:00,SPY,enter_short,665.87,bos_2_touch
bos_2_touch,2026-03-13 16:00:00+00:00,SPY,exit_short,663.5,hybrid_exit
bos_2_touch,2026-03-13 16:04:00+00:00,SPY,enter_long,664.23,bos_2_touch
bos_2_touch,2026-03-13 16:40:00+00:00,SPY,exit_long,664.27,hybrid_exit
bos_2_touch,2026-03-13 16:43:00+00:00,SPY,enter_short,664.26,bos_2_touch
bos_2_touch,2026-03-13 17:52:00+00:00,SPY,enter_long,662.73,bos_2_touch
bos_2_touch,2026-03-13 18:00:00+00:00,SPY,exit_short,662.7,hybrid_exit
bos_2_touch,2026-03-16 14:10:00+00:00,SPY,exit_long,670.8,hybrid_exit
bos_2_touch,2026-03-16 14:12:00+00:00,SPY,enter_short,670.74,bos_2_touch
bos_2_touch,2026-03-16 14:50:00+00:00,SPY,exit_short,668.02,hybrid_exit
bos_2_touch,2026-03-16 14:52:00+00:00,SPY,enter_long,668.54,bos_2_touch
bos_2_touch,2026-03-16 15:10:00+00:00,SPY,exit_long,669.17,hybrid_exit
bos_2_touch,2026-03-16 15:25:00+00:00,SPY,enter_short,669.89,bos_2_touch
bos_2_touch,2026-03-16 16:10:00+00:00,SPY,exit_short,668.81,hybrid_exit
bos_2_touch,2026-03-16 16:32:00+00:00,SPY,enter_long,667.71,bos_2_touch
bos_2_touch,2026-03-16 18:20:00+00:00,SPY,exit_long,669.81,hybrid_exit
bos_2_touch,2026-03-16 18:42:00+00:00,SPY,enter_long,670.13,bos_2_touch
bos_2_touch,2026-03-16 19:20:00+00:00,SPY,exit_long,669.42,hybrid_exit
bos_2_touch,2026-03-16 19:32:00+00:00,SPY,enter_long,669.37,bos_2_touch
bos_2_touch,2026-03-17 13:40:00+00:00,SPY,exit_long,673.885,hybrid_exit
bos_2_touch,2026-03-17 13:52:00+00:00,SPY,enter_short,673.93,bos_2_touch
bos_2_touch,2026-03-17 14:20:00+00:00,SPY,exit_short,672.565,hybrid_exit
bos_2_touch,2026-03-17 14:36:00+00:00,SPY,enter_short,672.95,bos_2_touch
bos_2_touch,2026-03-17 15:40:00+00:00,SPY,exit_short,670.68,hybrid_exit
bos_2_touch,2026-03-17 16:16:00+00:00,SPY,enter_long,670.79,bos_2_touch
bos_2_touch,2026-03-17 16:27:00+00:00,SPY,enter_short,671.24,bos_2_touch
bos_2_touch,2026-03-17 17:00:00+00:00,SPY,exit_short,671.05,hybrid_exit
bos_2_touch,2026-03-17 17:15:00+00:00,SPY,enter_short,671.445,bos_2_touch
bos_2_touch,2026-03-17 17:20:00+00:00,SPY,exit_long,671.4,hybrid_exit
bos_2_touch,2026-03-18 13:40:00+00:00,SPY,exit_short,669.07,hybrid_exit
bos_2_touch,2026-03-18 13:52:00+00:00,SPY,enter_short,668.63,bos_2_touch
bos_2_touch,2026-03-18 14:30:00+00:00,SPY,exit_short,665.98,hybrid_exit
bos_2_touch,2026-03-18 14:32:00+00:00,SPY,enter_long,666.37,bos_2_touch
bos_2_touch,2026-03-18 15:00:00+00:00,SPY,exit_long,667.13,hybrid_exit
bos_2_touch,2026-03-18 15:02:00+00:00,SPY,enter_short,667.11,bos_2_touch
bos_2_touch,2026-03-18 18:30:00+00:00,SPY,exit_short,665.94,hybrid_exit
bos_2_touch,2026-03-18 18:45:00+00:00,SPY,enter_short,664.9,bos_2_touch
bos_2_touch,2026-03-18 19:10:00+00:00,SPY,exit_short,664.4,hybrid_exit
bos_2_touch,2026-03-18 19:23:00+00:00,SPY,enter_short,662.94,bos_2_touch
bos_2_touch,2026-03-19 13:40:00+00:00,SPY,exit_short,656.23,hybrid_exit
bos_2_touch,2026-03-19 13:42:00+00:00,SPY,enter_long,657.34,bos_2_touch
bos_2_touch,2026-03-19 14:00:00+00:00,SPY,exit_long,658.64,hybrid_exit
bos_2_touch,2026-03-19 14:04:00+00:00,SPY,enter_short,658.65,bos_2_touch
bos_2_touch,2026-03-19 14:30:00+00:00,SPY,exit_short,656.33,hybrid_exit
bos_2_touch,2026-03-19 14:32:00+00:00,SPY,enter_long,657.43,bos_2_touch
bos_2_touch,2026-03-19 15:00:00+00:00,SPY,exit_long,657.78,hybrid_exit
bos_2_touch,2026-03-19 15:17:00+00:00,SPY,enter_short,659.09,bos_2_touch
bos_2_touch,2026-03-19 15:43:00+00:00,SPY,enter_long,656.89,bos_2_touch
bos_2_touch,2026-03-19 15:50:00+00:00,SPY,exit_short,657.02,hybrid_exit
bos_2_touch,2026-03-19 16:10:00+00:00,SPY,exit_long,658.495,hybrid_exit
bos_2_touch,2026-03-19 16:14:00+00:00,SPY,enter_short,657.74,bos_2_touch
bos_2_touch,2026-03-19 17:12:00+00:00,SPY,enter_long,656.2,bos_2_touch
bos_2_touch,2026-03-19 17:20:00+00:00,SPY,exit_short,656.8,hybrid_exit
bos_2_touch,2026-03-19 18:30:00+00:00,SPY,exit_long,657.155,hybrid_exit
bos_2_touch,2026-03-19 18:46:00+00:00,SPY,enter_long,656.57,bos_2_touch
bos_2_touch,2026-03-19 19:00:00+00:00,SPY,exit_long,658.415,hybrid_exit
bos_2_touch,2026-03-19 19:04:00+00:00,SPY,enter_short,659.95,bos_2_touch
bos_2_touch,2026-03-20 14:10:00+00:00,SPY,exit_short,653.09,hybrid_exit
bos_2_touch,2026-03-20 14:24:00+00:00,SPY,enter_long,652.13,bos_2_touch
bos_2_touch,2026-03-20 15:00:00+00:00,SPY,exit_long,652.15,hybrid_exit
bos_2_touch,2026-03-20 15:32:00+00:00,SPY,enter_long,652.26,bos_2_touch
bos_2_touch,2026-03-20 16:00:00+00:00,SPY,exit_long,652.96,hybrid_exit
bos_2_touch,2026-03-20 16:06:00+00:00,SPY,enter_short,653.32,bos_2_touch
bos_2_touch,2026-03-20 18:30:00+00:00,SPY,exit_short,649.4,hybrid_exit
bos_2_touch,2026-03-20 18:44:00+00:00,SPY,enter_long,648.41,bos_2_touch
bos_2_touch,2026-03-23 14:10:00+00:00,SPY,exit_long,659.56,hybrid_exit
bos_2_touch,2026-03-23 14:20:00+00:00,SPY,enter_short,660.86,bos_2_touch
bos_2_touch,2026-03-23 16:10:00+00:00,SPY,exit_short,656.77,hybrid_exit
bos_2_touch,2026-03-23 16:32:00+00:00,SPY,enter_long,655.0,bos_2_touch
bos_2_touch,2026-03-23 17:40:00+00:00,SPY,exit_long,657.8,hybrid_exit
bos_2_touch,2026-03-23 17:52:00+00:00,SPY,enter_long,657.135,bos_2_touch
bos_2_touch,2026-03-23 18:30:00+00:00,SPY,exit_long,657.43,hybrid_exit
bos_2_touch,2026-03-23 18:39:00+00:00,SPY,enter_short,659.21,bos_2_touch
bos_2_touch,2026-03-24 13:40:00+00:00,SPY,exit_short,651.22,hybrid_exit
bos_2_touch,2026-03-24 13:45:00+00:00,SPY,enter_long,651.15,bos_2_touch
bos_2_touch,2026-03-24 14:50:00+00:00,SPY,exit_long,652.7,hybrid_exit
bos_2_touch,2026-03-24 15:03:00+00:00,SPY,enter_long,655.24,bos_2_touch
bos_2_touch,2026-03-24 15:30:00+00:00,SPY,exit_long,656.05,hybrid_exit
bos_2_touch,2026-03-24 15:32:00+00:00,SPY,enter_short,655.75,bos_2_touch
bos_2_touch,2026-03-24 17:15:00+00:00,SPY,enter_long,653.05,bos_2_touch
bos_2_touch,2026-03-24 17:20:00+00:00,SPY,exit_short,652.79,hybrid_exit
bos_2_touch,2026-03-24 18:50:00+00:00,SPY,exit_long,655.02,hybrid_exit
bos_2_touch,2026-03-24 19:38:00+00:00,SPY,enter_long,654.12,bos_2_touch
bos_2_touch,2026-03-25 13:40:00+00:00,SPY,exit_long,659.88,hybrid_exit
bos_2_touch,2026-03-25 14:02:00+00:00,SPY,enter_long,656.98,bos_2_touch
bos_2_touch,2026-03-25 14:20:00+00:00,SPY,exit_long,657.64,hybrid_exit
bos_2_touch,2026-03-25 14:24:00+00:00,SPY,enter_short,658.01,bos_2_touch
bos_2_touch,2026-03-25 15:20:00+00:00,SPY,exit_short,655.15,hybrid_exit
bos_2_touch,2026-03-25 15:22:00+00:00,SPY,enter_long,656.06,bos_2_touch
bos_2_touch,2026-03-25 15:30:00+00:00,SPY,exit_long,657.87,hybrid_exit
bos_2_touch,2026-03-25 15:33:00+00:00,SPY,enter_short,657.84,bos_2_touch
bos_2_touch,2026-03-25 15:55:00+00:00,SPY,enter_long,656.8,bos_2_touch
bos_2_touch,2026-03-25 16:10:00+00:00,SPY,exit_short,656.57,hybrid_exit
bos_2_touch,2026-03-25 16:40:00+00:00,SPY,exit_long,658.055,hybrid_exit
bos_2_touch,2026-03-25 16:42:00+00:00,SPY,enter_short,657.87,bos_2_touch
bos_2_touch,2026-03-25 17:12:00+00:00,SPY,enter_long,657.25,bos_2_touch
bos_2_touch,2026-03-25 17:20:00+00:00,SPY,exit_short,657.24,hybrid_exit
bos_2_touch,2026-03-25 17:32:00+00:00,SPY,enter_short,657.63,bos_2_touch
bos_2_touch,2026-03-25 17:50:00+00:00,SPY,exit_long,658.07,hybrid_exit
bos_2_touch,2026-03-26 13:40:00+00:00,SPY,exit_short,650.79,hybrid_exit
bos_2_touch,2026-03-26 13:42:00+00:00,SPY,enter_long,651.47,bos_2_touch
bos_2_touch,2026-03-26 13:50:00+00:00,SPY,exit_long,653.45,hybrid_exit
bos_2_touch,2026-03-26 14:04:00+00:00,SPY,enter_short,654.09,bos_2_touch
bos_2_touch,2026-03-26 15:00:00+00:00,SPY,exit_short,652.31,hybrid_exit
bos_2_touch,2026-03-26 15:13:00+00:00,SPY,enter_short,652.375,bos_2_touch
bos_2_touch,2026-03-26 19:14:00+00:00,SPY,enter_long,646.15,bos_2_touch
bos_2_touch,2026-03-26 19:50:00+00:00,SPY,exit_long,645.73,hybrid_exit
bos_2_touch,2026-03-27 13:40:00+00:00,SPY,exit_short,640.925,hybrid_exit
bos_2_touch,2026-03-27 13:52:00+00:00,SPY,enter_short,640.5,bos_2_touch
bos_2_touch,2026-03-27 14:33:00+00:00,SPY,enter_long,639.63,bos_2_touch
bos_2_touch,2026-03-27 14:40:00+00:00,SPY,exit_short,638.9,hybrid_exit
bos_2_touch,2026-03-27 14:50:00+00:00,SPY,exit_long,640.2,hybrid_exit
bos_2_touch,2026-03-27 14:53:00+00:00,SPY,enter_short,639.95,bos_2_touch
bos_3_touch,2026-01-26 20:13:00+00:00,SPY,enter_short,693.56,bos_3_touch
bos_3_touch,2026-01-26 20:23:00+00:00,SPY,enter_long,693.705,bos_3_touch
bos_3_touch,2026-01-26 20:50:00+00:00,SPY,exit_short,693.63,hybrid_exit
bos_3_touch,2026-01-27 15:30:00+00:00,SPY,exit_long,694.725,hybrid_exit
bos_3_touch,2026-01-27 15:44:00+00:00,SPY,enter_long,695.725,bos_3_touch
bos_3_touch,2026-01-27 16:10:00+00:00,SPY,exit_long,696.1,hybrid_exit
bos_3_touch,2026-01-27 16:13:00+00:00,SPY,enter_short,696.1,bos_3_touch
bos_3_touch,2026-01-27 17:50:00+00:00,SPY,exit_short,695.7,hybrid_exit
bos_3_touch,2026-01-27 18:08:00+00:00,SPY,enter_long,695.05,bos_3_touch
bos_3_touch,2026-01-27 19:00:00+00:00,SPY,exit_long,696.01,hybrid_exit
bos_3_touch,2026-01-27 19:33:00+00:00,SPY,enter_short,696.19,bos_3_touch
bos_3_touch,2026-01-27 20:10:00+00:00,SPY,exit_short,696.15,hybrid_exit
bos_3_touch,2026-01-27 20:34:00+00:00,SPY,enter_long,696.05,bos_3_touch
bos_3_touch,2026-01-28 14:40:00+00:00,SPY,exit_long,697.165,hybrid_exit
bos_3_touch,2026-01-28 14:47:00+00:00,SPY,enter_short,697.33,bos_3_touch
bos_3_touch,2026-01-28 15:20:00+00:00,SPY,exit_short,696.51,hybrid_exit
bos_3_touch,2026-01-28 15:33:00+00:00,SPY,enter_short,696.52,bos_3_touch
bos_3_touch,2026-01-28 17:00:00+00:00,SPY,exit_short,694.73,hybrid_exit
bos_3_touch,2026-01-28 17:03:00+00:00,SPY,enter_long,695.08,bos_3_touch
bos_3_touch,2026-01-28 17:23:00+00:00,SPY,enter_short,695.15,bos_3_touch
bos_3_touch,2026-01-28 18:00:00+00:00,SPY,exit_long,694.84,hybrid_exit
bos_3_touch,2026-01-28 18:00:00+00:00,SPY,exit_short,694.84,hybrid_exit
bos_3_touch,2026-01-28 18:19:00+00:00,SPY,enter_short,695.225,bos_3_touch
bos_3_touch,2026-01-28 18:50:00+00:00,SPY,exit_short,694.89,hybrid_exit
bos_3_touch,2026-01-28 18:57:00+00:00,SPY,enter_long,695.05,bos_3_touch
bos_3_touch,2026-01-28 19:40:00+00:00,SPY,exit_long,694.67,hybrid_exit
bos_3_touch,2026-01-28 20:14:00+00:00,SPY,enter_short,695.875,bos_3_touch
bos_3_touch,2026-01-29 14:50:00+00:00,SPY,exit_short,693.64,hybrid_exit
bos_3_touch,2026-01-29 15:03:00+00:00,SPY,enter_short,690.13,bos_3_touch
bos_3_touch,2026-01-29 15:40:00+00:00,SPY,exit_short,687.59,hybrid_exit
bos_3_touch,2026-01-29 15:46:00+00:00,SPY,enter_long,686.835,bos_3_touch
bos_3_touch,2026-01-29 17:30:00+00:00,SPY,exit_long,690.985,hybrid_exit
bos_3_touch,2026-01-29 17:33:00+00:00,SPY,enter_short,690.985,bos_3_touch
bos_3_touch,2026-01-29 17:56:00+00:00,SPY,enter_long,689.2,bos_3_touch
bos_3_touch,2026-01-29 18:00:00+00:00,SPY,exit_short,689.03,hybrid_exit
bos_3_touch,2026-01-30 14:30:00+00:00,SPY,exit_long,691.84,hybrid_exit
bos_3_touch,2026-01-30 14:37:00+00:00,SPY,enter_short,692.58,bos_3_touch
bos_3_touch,2026-01-30 15:40:00+00:00,SPY,exit_short,693.04,hybrid_exit
bos_3_touch,2026-01-30 15:53:00+00:00,SPY,enter_short,692.93,bos_3_touch
bos_3_touch,2026-01-30 17:10:00+00:00,SPY,exit_short,689.11,hybrid_exit
bos_3_touch,2026-01-30 17:18:00+00:00,SPY,enter_long,689.43,bos_3_touch
bos_3_touch,2026-01-30 17:33:00+00:00,SPY,enter_short,690.865,bos_3_touch
bos_3_touch,2026-01-30 17:50:00+00:00,SPY,exit_long,690.41,hybrid_exit
bos_3_touch,2026-01-30 18:05:00+00:00,SPY,enter_long,689.72,bos_3_touch
bos_3_touch,2026-01-30 18:10:00+00:00,SPY,exit_short,689.6,hybrid_exit
bos_3_touch,2026-01-30 19:00:00+00:00,SPY,exit_long,691.36,hybrid_exit
bos_3_touch,2026-01-30 19:13:00+00:00,SPY,enter_short,691.83,bos_3_touch
bos_3_touch,2026-01-30 19:50:00+00:00,SPY,exit_short,690.89,hybrid_exit
bos_3_touch,2026-01-30 19:53:00+00:00,SPY,enter_long,691.45,bos_3_touch
bos_3_touch,2026-02-02 15:43:00+00:00,SPY,enter_short,695.12,bos_3_touch
bos_3_touch,2026-02-02 16:10:00+00:00,SPY,exit_short,694.87,hybrid_exit
bos_3_touch,2026-02-02 17:20:00+00:00,SPY,exit_long,696.26,hybrid_exit
bos_3_touch,2026-02-02 17:26:00+00:00,SPY,enter_short,696.04,bos_3_touch
bos_3_touch,2026-02-02 18:30:00+00:00,SPY,exit_short,696.07,hybrid_exit
bos_3_touch,2026-02-02 18:53:00+00:00,SPY,enter_short,696.51,bos_3_touch
bos_3_touch,2026-02-02 20:10:00+00:00,SPY,exit_short,696.3,hybrid_exit
bos_3_touch,2026-02-02 20:26:00+00:00,SPY,enter_short,696.06,bos_3_touch
bos_3_touch,2026-02-03 15:10:00+00:00,SPY,exit_short,692.99,hybrid_exit
bos_3_touch,2026-02-03 15:23:00+00:00,SPY,enter_short,691.935,bos_3_touch
bos_3_touch,2026-02-03 18:40:00+00:00,SPY,exit_short,686.355,hybrid_exit
bos_3_touch,2026-02-03 18:55:00+00:00,SPY,enter_long,685.63,bos_3_touch
bos_3_touch,2026-02-04 14:40:00+00:00,SPY,exit_long,690.57,hybrid_exit
bos_3_touch,2026-02-04 14:41:00+00:00,SPY,enter_short,689.915,bos_3_touch
bos_3_touch,2026-02-04 15:10:00+00:00,SPY,exit_short,688.985,hybrid_exit
bos_3_touch,2026-02-04 15:27:00+00:00,SPY,enter_short,689.82,bos_3_touch
bos_3_touch,2026-02-04 17:00:00+00:00,SPY,exit_short,686.51,hybrid_exit
bos_3_touch,2026-02-04 17:16:00+00:00,SPY,enter_short,686.31,bos_3_touch
bos_3_touch,2026-02-04 17:40:00+00:00,SPY,exit_short,682.41,hybrid_exit
bos_3_touch,2026-02-04 17:44:00+00:00,SPY,enter_long,682.985,bos_3_touch
bos_3_touch,2026-02-04 19:50:00+00:00,SPY,exit_long,687.33,hybrid_exit
bos_3_touch,2026-02-04 19:55:00+00:00,SPY,enter_short,687.56,bos_3_touch
bos_3_touch,2026-02-05 14:40:00+00:00,SPY,exit_short,682.37,hybrid_exit
bos_3_touch,2026-02-05 14:53:00+00:00,SPY,enter_short,681.96,bos_3_touch
bos_3_touch,2026-02-05 15:10:00+00:00,SPY,exit_short,678.75,hybrid_exit
bos_3_touch,2026-02-05 15:30:00+00:00,SPY,enter_long,677.38,bos_3_touch
bos_3_touch,2026-02-05 16:40:00+00:00,SPY,exit_long,680.235,hybrid_exit
bos_3_touch,2026-02-05 17:03:00+00:00,SPY,enter_short,680.395,bos_3_touch
bos_3_touch,2026-02-05 18:30:00+00:00,SPY,exit_short,679.09,hybrid_exit
bos_3_touch,2026-02-05 18:43:00+00:00,SPY,enter_long,679.05,bos_3_touch
bos_3_touch,2026-02-05 19:20:00+00:00,SPY,exit_long,681.16,hybrid_exit
bos_3_touch,2026-02-05 19:25:00+00:00,SPY,enter_short,680.95,bos_3_touch
bos_3_touch,2026-02-05 19:43:00+00:00,SPY,enter_long,679.13,bos_3_touch
bos_3_touch,2026-02-05 20:00:00+00:00,SPY,exit_short,679.08,hybrid_exit
bos_3_touch,2026-02-06 15:00:00+00:00,SPY,exit_long,684.82,hybrid_exit
bos_3_touch,2026-02-06 15:17:00+00:00,SPY,enter_long,684.275,bos_3_touch
bos_3_touch,2026-02-06 18:20:00+00:00,SPY,exit_long,689.155,hybrid_exit
bos_3_touch,2026-02-06 18:33:00+00:00,SPY,enter_long,689.19,bos_3_touch
bos_3_touch,2026-02-09 14:30:00+00:00,SPY,exit_long,689.47,hybrid_exit
bos_3_touch,2026-02-09 14:43:00+00:00,SPY,enter_long,691.52,bos_3_touch
bos_3_touch,2026-02-09 17:00:00+00:00,SPY,exit_long,695.375,hybrid_exit
bos_3_touch,2026-02-09 17:00:00+00:00,SPY,enter_short,695.37,bos_3_touch
bos_3_touch,2026-02-09 18:00:00+00:00,SPY,exit_short,694.58,hybrid_exit
bos_3_touch,2026-02-09 18:03:00+00:00,SPY,enter_long,694.77,bos_3_touch
bos_3_touch,2026-02-09 19:30:00+00:00,SPY,exit_long,695.76,hybrid_exit
bos_3_touch,2026-02-09 19:31:00+00:00,SPY,enter_short,695.68,bos_3_touch
bos_3_touch,2026-02-09 20:33:00+00:00,SPY,enter_long,694.54,bos_3_touch
bos_3_touch,2026-02-09 20:40:00+00:00,SPY,exit_short,694.54,hybrid_exit
bos_3_touch,2026-02-10 14:40:00+00:00,SPY,exit_long,694.305,hybrid_exit
bos_3_touch,2026-02-10 14:53:00+00:00,SPY,enter_long,694.84,bos_3_touch
bos_3_touch,2026-02-10 15:00:00+00:00,SPY,exit_long,695.77,hybrid_exit
bos_3_touch,2026-02-10 15:12:00+00:00,SPY,enter_short,696.09,bos_3_touch
bos_3_touch,2026-02-10 16:20:00+00:00,SPY,exit_short,694.94,hybrid_exit
bos_3_touch,2026-02-10 17:20:00+00:00,SPY,enter_short,695.445,bos_3_touch
bos_3_touch,2026-02-10 18:40:00+00:00,SPY,exit_short,693.675,hybrid_exit
bos_3_touch,2026-02-10 18:56:00+00:00,SPY,enter_long,693.18,bos_3_touch
bos_3_touch,2026-02-10 19:30:00+00:00,SPY,exit_long,693.88,hybrid_exit
bos_3_touch,2026-02-10 19:34:00+00:00,SPY,enter_short,693.94,bos_3_touch
bos_3_touch,2026-02-11 14:30:00+00:00,SPY,exit_short,696.435,hybrid_exit
bos_3_touch,2026-02-11 14:50:00+00:00,SPY,enter_short,695.5,bos_3_touch
bos_3_touch,2026-02-11 15:20:00+00:00,SPY,exit_short,690.79,hybrid_exit
bos_3_touch,2026-02-11 15:28:00+00:00,SPY,enter_long,689.92,bos_3_touch
bos_3_touch,2026-02-11 16:10:00+00:00,SPY,exit_long,691.55,hybrid_exit
bos_3_touch,2026-02-11 16:33:00+00:00,SPY,enter_long,692.305,bos_3_touch
bos_3_touch,2026-02-11 17:30:00+00:00,SPY,exit_long,693.6,hybrid_exit
bos_3_touch,2026-02-11 17:36:00+00:00,SPY,enter_short,693.14,bos_3_touch
bos_3_touch,2026-02-11 18:10:00+00:00,SPY,exit_short,692.0,hybrid_exit
bos_3_touch,2026-02-11 18:16:00+00:00,SPY,enter_long,691.87,bos_3_touch
bos_3_touch,2026-02-11 18:50:00+00:00,SPY,exit_long,692.89,hybrid_exit
bos_3_touch,2026-02-11 19:05:00+00:00,SPY,enter_long,692.84,bos_3_touch
bos_3_touch,2026-02-11 19:30:00+00:00,SPY,enter_short,693.6,bos_3_touch
bos_3_touch,2026-02-11 19:40:00+00:00,SPY,exit_long,693.53,hybrid_exit
bos_3_touch,2026-02-11 20:20:00+00:00,SPY,exit_short,692.71,hybrid_exit
bos_3_touch,2026-02-11 20:36:00+00:00,SPY,enter_long,692.27,bos_3_touch
bos_3_touch,2026-02-11 20:56:00+00:00,SPY,enter_short,692.395,bos_3_touch
bos_3_touch,2026-02-12 14:40:00+00:00,SPY,exit_long,694.82,hybrid_exit
bos_3_touch,2026-02-12 16:30:00+00:00,SPY,exit_short,683.6,hybrid_exit
bos_3_touch,2026-02-12 16:35:00+00:00,SPY,enter_long,684.89,bos_3_touch
bos_3_touch,2026-02-12 16:40:00+00:00,SPY,exit_long,685.58,hybrid_exit
bos_3_touch,2026-02-12 16:43:00+00:00,SPY,enter_short,685.285,bos_3_touch
bos_3_touch,2026-02-12 17:23:00+00:00,SPY,enter_long,684.82,bos_3_touch
bos_3_touch,2026-02-12 17:30:00+00:00,SPY,exit_short,684.115,hybrid_exit
bos_3_touch,2026-02-12 17:40:00+00:00,SPY,exit_long,684.89,hybrid_exit
bos_3_touch,2026-02-12 17:46:00+00:00,SPY,enter_short,684.99,bos_3_touch
bos_3_touch,2026-02-12 18:06:00+00:00,SPY,enter_long,683.5,bos_3_touch
bos_3_touch,2026-02-12 18:10:00+00:00,SPY,exit_short,683.34,hybrid_exit
bos_3_touch,2026-02-12 19:00:00+00:00,SPY,exit_long,684.855,hybrid_exit
bos_3_touch,2026-02-12 19:26:00+00:00,SPY,enter_short,684.96,bos_3_touch
bos_3_touch,2026-02-13 14:30:00+00:00,SPY,exit_short,681.695,hybrid_exit
bos_3_touch,2026-02-13 14:44:00+00:00,SPY,enter_long,679.8,bos_3_touch
bos_3_touch,2026-02-13 14:50:00+00:00,SPY,exit_long,681.43,hybrid_exit
bos_3_touch,2026-02-13 15:03:00+00:00,SPY,enter_long,681.39,bos_3_touch
bos_3_touch,2026-02-13 15:40:00+00:00,SPY,exit_long,682.86,hybrid_exit
bos_3_touch,2026-02-13 15:55:00+00:00,SPY,enter_long,682.79,bos_3_touch
bos_3_touch,2026-02-13 17:10:00+00:00,SPY,exit_long,685.2,hybrid_exit
bos_3_touch,2026-02-13 17:43:00+00:00,SPY,enter_short,685.86,bos_3_touch
bos_3_touch,2026-02-13 20:50:00+00:00,SPY,exit_short,681.18,hybrid_exit
bos_3_touch,2026-02-17 14:42:00+00:00,SPY,enter_short,681.9,bos_3_touch
bos_3_touch,2026-02-17 15:00:00+00:00,SPY,exit_short,676.42,hybrid_exit
bos_3_touch,2026-02-17 15:03:00+00:00,SPY,enter_long,677.6,bos_3_touch
bos_3_touch,2026-02-17 16:20:00+00:00,SPY,exit_long,682.76,hybrid_exit
bos_3_touch,2026-02-17 16:43:00+00:00,SPY,enter_short,682.12,bos_3_touch
bos_3_touch,2026-02-17 17:20:00+00:00,SPY,exit_short,681.365,hybrid_exit
bos_3_touch,2026-02-17 17:25:00+00:00,SPY,enter_long,681.28,bos_3_touch
bos_3_touch,2026-02-17 19:00:00+00:00,SPY,exit_long,684.06,hybrid_exit
bos_3_touch,2026-02-17 19:06:00+00:00,SPY,enter_short,684.02,bos_3_touch
bos_3_touch,2026-02-17 20:10:00+00:00,SPY,exit_short,683.39,hybrid_exit
bos_3_touch,2026-02-17 20:13:00+00:00,SPY,enter_long,683.46,bos_3_touch
bos_3_touch,2026-02-18 14:50:00+00:00,SPY,exit_long,683.77,hybrid_exit
bos_3_touch,2026-02-18 15:04:00+00:00,SPY,enter_long,686.99,bos_3_touch
bos_3_touch,2026-02-18 15:33:00+00:00,SPY,enter_short,687.54,bos_3_touch
bos_3_touch,2026-02-18 15:40:00+00:00,SPY,exit_long,688.04,hybrid_exit
bos_3_touch,2026-02-18 16:20:00+00:00,SPY,exit_short,688.13,hybrid_exit
bos_3_touch,2026-02-18 16:44:00+00:00,SPY,enter_short,688.33,bos_3_touch
bos_3_touch,2026-02-18 17:04:00+00:00,SPY,enter_long,687.94,bos_3_touch
bos_3_touch,2026-02-18 17:20:00+00:00,SPY,exit_long,688.58,hybrid_exit
bos_3_touch,2026-02-18 20:00:00+00:00,SPY,exit_short,684.62,hybrid_exit
bos_3_touch,2026-02-18 20:24:00+00:00,SPY,enter_long,684.26,bos_3_touch
bos_3_touch,2026-02-18 20:58:00+00:00,SPY,enter_short,686.71,bos_3_touch
bos_3_touch,2026-02-19 14:30:00+00:00,SPY,exit_long,683.85,hybrid_exit
bos_3_touch,2026-02-19 14:40:00+00:00,SPY,exit_short,683.68,hybrid_exit
bos_3_touch,2026-02-19 14:43:00+00:00,SPY,enter_long,683.8,bos_3_touch
bos_3_touch,2026-02-19 15:00:00+00:00,SPY,exit_long,684.9,hybrid_exit
bos_3_touch,2026-02-19 15:26:00+00:00,SPY,enter_short,684.64,bos_3_touch
bos_3_touch,2026-02-19 15:33:00+00:00,SPY,enter_long,685.28,bos_3_touch
bos_3_touch,2026-02-19 15:40:00+00:00,SPY,exit_long,685.43,hybrid_exit
bos_3_touch,2026-02-19 17:14:00+00:00,SPY,enter_long,683.59,bos_3_touch
bos_3_touch,2026-02-19 17:20:00+00:00,SPY,exit_long,684.08,hybrid_exit
bos_3_touch,2026-02-19 17:55:00+00:00,SPY,enter_long,683.0,bos_3_touch
bos_3_touch,2026-02-19 18:00:00+00:00,SPY,exit_short,682.42,hybrid_exit
bos_3_touch,2026-02-19 19:00:00+00:00,SPY,exit_long,683.73,hybrid_exit
bos_3_touch,2026-02-19 19:04:00+00:00,SPY,enter_short,683.41,bos_3_touch
bos_3_touch,2026-02-19 19:40:00+00:00,SPY,exit_short,682.02,hybrid_exit
bos_3_touch,2026-02-19 19:44:00+00:00,SPY,enter_long,682.53,bos_3_touch
bos_3_touch,2026-02-20 14:50:00+00:00,SPY,exit_long,684.26,hybrid_exit
bos_3_touch,2026-02-20 15:08:00+00:00,SPY,enter_long,686.87,bos_3_touch
bos_3_touch,2026-02-20 15:10:00+00:00,SPY,exit_long,687.035,hybrid_exit
bos_3_touch,2026-02-20 15:23:00+00:00,SPY,enter_long,687.88,bos_3_touch
bos_3_touch,2026-02-20 15:50:00+00:00,SPY,exit_long,688.17,hybrid_exit
bos_3_touch,2026-02-20 15:58:00+00:00,SPY,enter_short,688.66,bos_3_touch
bos_3_touch,2026-02-20 16:33:00+00:00,SPY,enter_long,687.23,bos_3_touch
bos_3_touch,2026-02-20 16:40:00+00:00,SPY,exit_long,688.12,hybrid_exit
bos_3_touch,2026-02-20 16:40:00+00:00,SPY,exit_short,688.12,hybrid_exit
bos_3_touch,2026-02-20 16:56:00+00:00,SPY,enter_short,688.79,bos_3_touch
bos_3_touch,2026-02-20 17:20:00+00:00,SPY,exit_short,685.08,hybrid_exit
bos_3_touch,2026-02-20 17:27:00+00:00,SPY,enter_long,684.94,bos_3_touch
bos_3_touch,2026-02-20 18:50:00+00:00,SPY,exit_long,689.1,hybrid_exit
bos_3_touch,2026-02-20 19:04:00+00:00,SPY,enter_short,689.38,bos_3_touch
bos_3_touch,2026-02-20 19:40:00+00:00,SPY,exit_short,688.61,hybrid_exit
bos_3_touch,2026-02-20 20:17:00+00:00,SPY,enter_short,688.96,bos_3_touch
bos_3_touch,2026-02-23 16:10:00+00:00,SPY,exit_short,681.15,hybrid_exit
bos_3_touch,2026-02-23 16:17:00+00:00,SPY,enter_long,680.93,bos_3_touch
bos_3_touch,2026-02-23 16:34:00+00:00,SPY,enter_short,682.55,bos_3_touch
bos_3_touch,2026-02-23 16:50:00+00:00,SPY,exit_long,682.05,hybrid_exit
bos_3_touch,2026-02-23 17:10:00+00:00,SPY,exit_short,681.96,hybrid_exit
bos_3_touch,2026-02-23 17:41:00+00:00,SPY,enter_long,680.97,bos_3_touch
bos_3_touch,2026-02-23 18:20:00+00:00,SPY,exit_long,683.13,hybrid_exit
bos_3_touch,2026-02-23 18:26:00+00:00,SPY,enter_short,683.58,bos_3_touch
bos_3_touch,2026-02-23 19:20:00+00:00,SPY,exit_short,681.755,hybrid_exit
bos_3_touch,2026-02-23 19:33:00+00:00,SPY,enter_long,681.58,bos_3_touch
bos_3_touch,2026-02-24 14:50:00+00:00,SPY,exit_long,684.9,hybrid_exit
bos_3_touch,2026-02-24 15:03:00+00:00,SPY,enter_long,683.15,bos_3_touch
bos_3_touch,2026-02-24 15:40:00+00:00,SPY,exit_long,685.93,hybrid_exit
bos_3_touch,2026-02-24 16:03:00+00:00,SPY,enter_long,686.1,bos_3_touch
bos_3_touch,2026-02-24 17:30:00+00:00,SPY,exit_long,687.45,hybrid_exit
bos_3_touch,2026-02-24 17:43:00+00:00,SPY,enter_short,687.24,bos_3_touch
bos_3_touch,2026-02-24 18:30:00+00:00,SPY,exit_short,687.04,hybrid_exit
bos_3_touch,2026-02-24 18:47:00+00:00,SPY,enter_short,687.66,bos_3_touch
bos_3_touch,2026-02-24 19:20:00+00:00,SPY,exit_short,686.93,hybrid_exit
bos_3_touch,2026-02-24 19:37:00+00:00,SPY,enter_long,686.93,bos_3_touch
bos_3_touch,2026-02-24 21:00:00+00:00,SPY,exit_long,687.45,hybrid_exit
bos_3_touch,2026-02-25 14:36:00+00:00,SPY,enter_long,690.99,bos_3_touch
bos_3_touch,2026-02-25 14:40:00+00:00,SPY,exit_long,691.19,hybrid_exit
bos_3_touch,2026-02-25 14:53:00+00:00,SPY,enter_short,691.45,bos_3_touch
bos_3_touch,2026-02-25 15:30:00+00:00,SPY,exit_short,691.13,hybrid_exit
bos_3_touch,2026-02-25 15:46:00+00:00,SPY,enter_long,690.79,bos_3_touch
bos_3_touch,2026-02-25 16:55:00+00:00,SPY,enter_short,692.05,bos_3_touch
bos_3_touch,2026-02-25 17:00:00+00:00,SPY,exit_long,692.02,hybrid_exit
bos_3_touch,2026-02-25 17:35:00+00:00,SPY,enter_long,692.13,bos_3_touch
bos_3_touch,2026-02-25 17:40:00+00:00,SPY,exit_short,692.31,hybrid_exit
bos_3_touch,2026-02-25 19:20:00+00:00,SPY,exit_long,693.0,hybrid_exit
bos_3_touch,2026-02-25 19:44:00+00:00,SPY,enter_short,693.11,bos_3_touch
bos_3_touch,2026-02-26 14:40:00+00:00,SPY,exit_short,692.165,hybrid_exit
bos_3_touch,2026-02-26 14:53:00+00:00,SPY,enter_short,690.805,bos_3_touch
bos_3_touch,2026-02-26 15:10:00+00:00,SPY,exit_short,690.025,hybrid_exit
bos_3_touch,2026-02-26 15:36:00+00:00,SPY,enter_long,685.4,bos_3_touch
bos_3_touch,2026-02-26 15:50:00+00:00,SPY,exit_long,687.56,hybrid_exit
bos_3_touch,2026-02-26 16:06:00+00:00,SPY,enter_short,687.63,bos_3_touch
bos_3_touch,2026-02-26 17:10:00+00:00,SPY,exit_short,686.76,hybrid_exit
bos_3_touch,2026-02-26 17:33:00+00:00,SPY,enter_long,686.81,bos_3_touch
bos_3_touch,2026-02-26 19:20:00+00:00,SPY,exit_long,688.89,hybrid_exit
bos_3_touch,2026-02-26 19:25:00+00:00,SPY,enter_short,689.03,bos_3_touch
bos_3_touch,2026-02-27 14:40:00+00:00,SPY,exit_short,684.06,hybrid_exit
bos_3_touch,2026-02-27 15:01:00+00:00,SPY,enter_long,683.28,bos_3_touch
bos_3_touch,2026-02-27 15:20:00+00:00,SPY,exit_long,684.03,hybrid_exit
bos_3_touch,2026-02-27 15:34:00+00:00,SPY,enter_long,684.57,bos_3_touch
bos_3_touch,2026-02-27 16:00:00+00:00,SPY,exit_long,685.24,hybrid_exit
bos_3_touch,2026-02-27 16:06:00+00:00,SPY,enter_short,685.53,bos_3_touch
bos_3_touch,2026-02-27 17:30:00+00:00,SPY,exit_short,684.14,hybrid_exit
bos_3_touch,2026-02-27 18:05:00+00:00,SPY,enter_short,684.05,bos_3_touch
bos_3_touch,2026-02-27 18:40:00+00:00,SPY,exit_short,683.69,hybrid_exit
bos_3_touch,2026-02-27 19:13:00+00:00,SPY,enter_long,683.93,bos_3_touch
bos_3_touch,2026-02-27 20:20:00+00:00,SPY,exit_long,685.57,hybrid_exit
bos_3_touch,2026-02-27 20:27:00+00:00,SPY,enter_short,685.69,bos_3_touch
bos_3_touch,2026-03-02 14:40:00+00:00,SPY,exit_short,681.0,hybrid_exit
bos_3_touch,2026-03-02 14:43:00+00:00,SPY,enter_long,681.91,bos_3_touch
bos_3_touch,2026-03-02 15:30:00+00:00,SPY,exit_long,683.37,hybrid_exit
bos_3_touch,2026-03-02 15:43:00+00:00,SPY,enter_long,684.04,bos_3_touch
bos_3_touch,2026-03-02 17:00:00+00:00,SPY,exit_long,686.25,hybrid_exit
bos_3_touch,2026-03-02 17:26:00+00:00,SPY,enter_short,686.74,bos_3_touch
bos_3_touch,2026-03-02 18:20:00+00:00,SPY,exit_short,686.59,hybrid_exit
bos_3_touch,2026-03-02 18:43:00+00:00,SPY,enter_long,686.18,bos_3_touch
bos_3_touch,2026-03-02 19:24:00+00:00,SPY,enter_short,687.87,bos_3_touch
bos_3_touch,2026-03-02 19:30:00+00:00,SPY,exit_long,688.245,hybrid_exit
bos_3_touch,2026-03-02 20:20:00+00:00,SPY,exit_short,686.08,hybrid_exit
bos_3_touch,2026-03-02 20:41:00+00:00,SPY,enter_short,685.93,bos_3_touch
bos_3_touch,2026-03-03 14:40:00+00:00,SPY,exit_short,675.78,hybrid_exit
bos_3_touch,2026-03-03 14:46:00+00:00,SPY,enter_long,674.39,bos_3_touch
bos_3_touch,2026-03-03 16:50:00+00:00,SPY,exit_long,677.57,hybrid_exit
bos_3_touch,2026-03-03 17:14:00+00:00,SPY,enter_long,677.07,bos_3_touch
bos_3_touch,2026-03-03 18:50:00+00:00,SPY,exit_long,681.4,hybrid_exit
bos_3_touch,2026-03-03 19:03:00+00:00,SPY,enter_short,680.84,bos_3_touch
bos_3_touch,2026-03-03 19:40:00+00:00,SPY,exit_short,680.82,hybrid_exit
bos_3_touch,2026-03-03 19:53:00+00:00,SPY,enter_short,681.42,bos_3_touch
bos_3_touch,2026-03-03 20:28:00+00:00,SPY,enter_long,680.79,bos_3_touch
bos_3_touch,2026-03-03 20:30:00+00:00,SPY,exit_short,681.04,hybrid_exit
bos_3_touch,2026-03-04 14:40:00+00:00,SPY,exit_long,680.95,hybrid_exit
bos_3_touch,2026-03-04 14:53:00+00:00,SPY,enter_long,681.33,bos_3_touch
bos_3_touch,2026-03-04 15:40:00+00:00,SPY,exit_long,684.63,hybrid_exit
bos_3_touch,2026-03-04 16:05:00+00:00,SPY,enter_short,686.175,bos_3_touch
bos_3_touch,2026-03-04 16:25:00+00:00,SPY,enter_long,684.64,bos_3_touch
bos_3_touch,2026-03-04 16:30:00+00:00,SPY,exit_short,685.185,hybrid_exit
bos_3_touch,2026-03-04 17:00:00+00:00,SPY,exit_long,685.78,hybrid_exit
bos_3_touch,2026-03-04 17:34:00+00:00,SPY,enter_long,685.29,bos_3_touch
bos_3_touch,2026-03-04 18:10:00+00:00,SPY,exit_long,686.22,hybrid_exit
bos_3_touch,2026-03-04 18:23:00+00:00,SPY,enter_long,685.8,bos_3_touch
bos_3_touch,2026-03-04 19:00:00+00:00,SPY,exit_long,686.57,hybrid_exit
bos_3_touch,2026-03-04 19:20:00+00:00,SPY,enter_short,686.78,bos_3_touch
bos_3_touch,2026-03-05 14:40:00+00:00,SPY,exit_short,683.63,hybrid_exit
bos_3_touch,2026-03-05 15:02:00+00:00,SPY,enter_short,684.77,bos_3_touch
bos_3_touch,2026-03-05 15:40:00+00:00,SPY,exit_short,681.3,hybrid_exit
bos_3_touch,2026-03-05 15:55:00+00:00,SPY,enter_short,681.985,bos_3_touch
bos_3_touch,2026-03-05 17:40:00+00:00,SPY,exit_short,678.09,hybrid_exit
bos_3_touch,2026-03-05 18:16:00+00:00,SPY,enter_short,677.69,bos_3_touch
bos_3_touch,2026-03-05 18:23:00+00:00,SPY,enter_long,677.31,bos_3_touch
bos_3_touch,2026-03-05 18:30:00+00:00,SPY,exit_short,676.67,hybrid_exit
bos_3_touch,2026-03-05 20:00:00+00:00,SPY,exit_long,677.1,hybrid_exit
bos_3_touch,2026-03-05 20:16:00+00:00,SPY,enter_short,678.47,bos_3_touch
bos_3_touch,2026-03-06 14:40:00+00:00,SPY,exit_short,671.06,hybrid_exit
bos_3_touch,2026-03-06 14:43:00+00:00,SPY,enter_long,671.82,bos_3_touch
bos_3_touch,2026-03-06 15:40:00+00:00,SPY,exit_long,675.5,hybrid_exit
bos_3_touch,2026-03-06 15:43:00+00:00,SPY,enter_short,674.59,bos_3_touch
bos_3_touch,2026-03-06 15:54:00+00:00,SPY,enter_long,673.055,bos_3_touch
bos_3_touch,2026-03-06 16:00:00+00:00,SPY,exit_long,674.92,hybrid_exit
bos_3_touch,2026-03-06 17:20:00+00:00,SPY,exit_short,674.43,hybrid_exit
bos_3_touch,2026-03-06 17:45:00+00:00,SPY,enter_long,672.73,bos_3_touch
bos_3_touch,2026-03-06 18:20:00+00:00,SPY,exit_long,675.82,hybrid_exit
bos_3_touch,2026-03-06 18:24:00+00:00,SPY,enter_short,675.06,bos_3_touch
bos_3_touch,2026-03-09 13:45:00+00:00,SPY,enter_long,664.48,bos_3_touch
bos_3_touch,2026-03-09 13:50:00+00:00,SPY,exit_short,663.68,hybrid_exit
bos_3_touch,2026-03-09 16:20:00+00:00,SPY,exit_long,670.0,hybrid_exit
bos_3_touch,2026-03-09 16:38:00+00:00,SPY,enter_short,670.86,bos_3_touch
bos_3_touch,2026-03-09 17:30:00+00:00,SPY,exit_short,668.875,hybrid_exit
bos_3_touch,2026-03-09 17:42:00+00:00,SPY,enter_long,668.69,bos_3_touch
bos_3_touch,2026-03-09 19:40:00+00:00,SPY,exit_long,679.16,hybrid_exit
bos_3_touch,2026-03-09 19:43:00+00:00,SPY,enter_short,677.11,bos_3_touch
bos_3_touch,2026-03-10 13:40:00+00:00,SPY,exit_short,677.04,hybrid_exit
bos_3_touch,2026-03-10 13:46:00+00:00,SPY,enter_long,677.26,bos_3_touch
bos_3_touch,2026-03-10 15:00:00+00:00,SPY,exit_long,681.1,hybrid_exit
bos_3_touch,2026-03-10 15:05:00+00:00,SPY,enter_short,681.3,bos_3_touch
bos_3_touch,2026-03-10 16:00:00+00:00,SPY,exit_short,681.4,hybrid_exit
bos_3_touch,2026-03-10 16:18:00+00:00,SPY,enter_long,680.55,bos_3_touch
bos_3_touch,2026-03-10 16:43:00+00:00,SPY,enter_short,681.35,bos_3_touch
bos_3_touch,2026-03-10 16:50:00+00:00,SPY,exit_long,680.94,hybrid_exit
bos_3_touch,2026-03-10 18:30:00+00:00,SPY,exit_short,679.42,hybrid_exit
bos_3_touch,2026-03-10 18:45:00+00:00,SPY,enter_short,678.64,bos_3_touch
bos_3_touch,2026-03-10 19:50:00+00:00,SPY,exit_short,676.78,hybrid_exit
bos_3_touch,2026-03-10 19:55:00+00:00,SPY,enter_long,676.96,bos_3_touch
bos_3_touch,2026-03-11 13:40:00+00:00,SPY,exit_long,678.38,hybrid_exit
bos_3_touch,2026-03-11 13:43:00+00:00,SPY,enter_short,677.645,bos_3_touch
bos_3_touch,2026-03-11 15:40:00+00:00,SPY,exit_short,674.875,hybrid_exit
bos_3_touch,2026-03-11 15:53:00+00:00,SPY,enter_long,674.905,bos_3_touch
bos_3_touch,2026-03-11 16:50:00+00:00,SPY,exit_long,675.34,hybrid_exit
bos_3_touch,2026-03-11 17:05:00+00:00,SPY,enter_short,676.14,bos_3_touch
bos_3_touch,2026-03-11 17:40:00+00:00,SPY,exit_short,674.64,hybrid_exit
bos_3_touch,2026-03-11 18:14:00+00:00,SPY,enter_long,674.16,bos_3_touch
bos_3_touch,2026-03-11 18:50:00+00:00,SPY,exit_long,674.815,hybrid_exit
bos_3_touch,2026-03-11 18:57:00+00:00,SPY,enter_short,675.3,bos_3_touch
bos_3_touch,2026-03-12 13:40:00+00:00,SPY,exit_short,671.28,hybrid_exit
bos_3_touch,2026-03-12 13:53:00+00:00,SPY,enter_short,669.55,bos_3_touch
bos_3_touch,2026-03-12 14:30:00+00:00,SPY,exit_short,668.04,hybrid_exit
bos_3_touch,2026-03-12 14:35:00+00:00,SPY,enter_long,668.14,bos_3_touch
bos_3_touch,2026-03-12 15:40:00+00:00,SPY,exit_long,669.73,hybrid_exit
bos_3_touch,2026-03-12 15:46:00+00:00,SPY,enter_short,669.45,bos_3_touch
bos_3_touch,2026-03-12 16:13:00+00:00,SPY,enter_long,668.38,bos_3_touch
bos_3_touch,2026-03-12 16:20:00+00:00,SPY,exit_long,669.8,hybrid_exit
bos_3_touch,2026-03-12 18:50:00+00:00,SPY,exit_short,667.49,hybrid_exit
bos_3_touch,2026-03-12 19:05:00+00:00,SPY,enter_long,667.35,bos_3_touch
bos_3_touch,2026-03-12 19:40:00+00:00,SPY,exit_long,667.915,hybrid_exit
bos_3_touch,2026-03-12 19:54:00+00:00,SPY,enter_long,666.81,bos_3_touch
bos_3_touch,2026-03-13 13:40:00+00:00,SPY,exit_long,670.39,hybrid_exit
bos_3_touch,2026-03-13 13:47:00+00:00,SPY,enter_short,671.62,bos_3_touch
bos_3_touch,2026-03-13 15:10:00+00:00,SPY,exit_short,666.21,hybrid_exit
bos_3_touch,2026-03-13 15:23:00+00:00,SPY,enter_short,665.655,bos_3_touch
bos_3_touch,2026-03-13 16:00:00+00:00,SPY,exit_short,663.5,hybrid_exit
bos_3_touch,2026-03-13 16:07:00+00:00,SPY,enter_long,664.23,bos_3_touch
bos_3_touch,2026-03-13 16:40:00+00:00,SPY,exit_long,664.27,hybrid_exit
bos_3_touch,2026-03-13 16:43:00+00:00,SPY,enter_short,664.26,bos_3_touch
bos_3_touch,2026-03-13 17:55:00+00:00,SPY,enter_long,662.87,bos_3_touch
bos_3_touch,2026-03-13 18:00:00+00:00,SPY,exit_short,662.7,hybrid_exit
bos_3_touch,2026-03-16 14:10:00+00:00,SPY,exit_long,670.8,hybrid_exit
bos_3_touch,2026-03-16 14:17:00+00:00,SPY,enter_short,670.5,bos_3_touch
bos_3_touch,2026-03-16 14:50:00+00:00,SPY,exit_short,668.02,hybrid_exit
bos_3_touch,2026-03-16 14:53:00+00:00,SPY,enter_long,668.81,bos_3_touch
bos_3_touch,2026-03-16 15:10:00+00:00,SPY,exit_long,669.17,hybrid_exit
bos_3_touch,2026-03-16 15:29:00+00:00,SPY,enter_short,670.0,bos_3_touch
bos_3_touch,2026-03-16 16:10:00+00:00,SPY,exit_short,668.81,hybrid_exit
bos_3_touch,2026-03-16 16:36:00+00:00,SPY,enter_long,667.9,bos_3_touch
bos_3_touch,2026-03-16 18:20:00+00:00,SPY,exit_long,669.81,hybrid_exit
bos_3_touch,2026-03-16 18:45:00+00:00,SPY,enter_long,670.22,bos_3_touch
bos_3_touch,2026-03-16 19:20:00+00:00,SPY,exit_long,669.42,hybrid_exit
bos_3_touch,2026-03-16 19:36:00+00:00,SPY,enter_long,669.24,bos_3_touch
bos_3_touch,2026-03-17 13:40:00+00:00,SPY,exit_long,673.885,hybrid_exit
bos_3_touch,2026-03-17 13:57:00+00:00,SPY,enter_short,673.735,bos_3_touch
bos_3_touch,2026-03-17 14:20:00+00:00,SPY,exit_short,672.565,hybrid_exit
bos_3_touch,2026-03-17 14:37:00+00:00,SPY,enter_short,672.91,bos_3_touch
bos_3_touch,2026-03-17 15:40:00+00:00,SPY,exit_short,670.68,hybrid_exit
bos_3_touch,2026-03-17 16:17:00+00:00,SPY,enter_long,670.82,bos_3_touch
bos_3_touch,2026-03-17 16:27:00+00:00,SPY,enter_short,671.24,bos_3_touch
bos_3_touch,2026-03-17 17:00:00+00:00,SPY,exit_short,671.05,hybrid_exit
bos_3_touch,2026-03-17 17:15:00+00:00,SPY,enter_short,671.38,bos_3_touch
bos_3_touch,2026-03-17 17:20:00+00:00,SPY,exit_long,671.4,hybrid_exit
bos_3_touch,2026-03-18 13:40:00+00:00,SPY,exit_short,669.07,hybrid_exit
bos_3_touch,2026-03-18 13:54:00+00:00,SPY,enter_short,668.62,bos_3_touch
bos_3_touch,2026-03-18 14:30:00+00:00,SPY,exit_short,665.98,hybrid_exit
bos_3_touch,2026-03-18 14:33:00+00:00,SPY,enter_long,666.51,bos_3_touch
bos_3_touch,2026-03-18 15:00:00+00:00,SPY,exit_long,667.13,hybrid_exit
bos_3_touch,2026-03-18 15:10:00+00:00,SPY,enter_short,667.65,bos_3_touch
bos_3_touch,2026-03-18 18:30:00+00:00,SPY,exit_short,665.94,hybrid_exit
bos_3_touch,2026-03-18 18:45:00+00:00,SPY,enter_short,664.77,bos_3_touch
bos_3_touch,2026-03-19 13:40:00+00:00,SPY,exit_short,656.23,hybrid_exit
bos_3_touch,2026-03-19 13:43:00+00:00,SPY,enter_long,657.34,bos_3_touch
bos_3_touch,2026-03-19 14:00:00+00:00,SPY,exit_long,658.64,hybrid_exit
bos_3_touch,2026-03-19 14:04:00+00:00,SPY,enter_short,658.65,bos_3_touch
bos_3_touch,2026-03-19 14:30:00+00:00,SPY,exit_short,656.33,hybrid_exit
bos_3_touch,2026-03-19 14:33:00+00:00,SPY,enter_long,657.915,bos_3_touch
bos_3_touch,2026-03-19 15:10:00+00:00,SPY,exit_long,658.87,hybrid_exit
bos_3_touch,2026-03-19 15:17:00+00:00,SPY,enter_short,659.09,bos_3_touch
bos_3_touch,2026-03-19 15:43:00+00:00,SPY,enter_long,657.11,bos_3_touch
bos_3_touch,2026-03-19 15:50:00+00:00,SPY,exit_short,657.02,hybrid_exit
bos_3_touch,2026-03-19 16:10:00+00:00,SPY,exit_long,658.495,hybrid_exit
bos_3_touch,2026-03-19 16:14:00+00:00,SPY,enter_short,657.72,bos_3_touch
bos_3_touch,2026-03-19 17:16:00+00:00,SPY,enter_long,656.055,bos_3_touch
bos_3_touch,2026-03-19 17:20:00+00:00,SPY,exit_short,656.8,hybrid_exit
bos_3_touch,2026-03-19 18:30:00+00:00,SPY,exit_long,657.155,hybrid_exit
bos_3_touch,2026-03-19 18:46:00+00:00,SPY,enter_long,656.57,bos_3_touch
bos_3_touch,2026-03-19 19:00:00+00:00,SPY,exit_long,658.415,hybrid_exit
bos_3_touch,2026-03-19 19:10:00+00:00,SPY,enter_short,661.21,bos_3_touch
bos_3_touch,2026-03-20 14:10:00+00:00,SPY,exit_short,653.09,hybrid_exit
bos_3_touch,2026-03-20 14:27:00+00:00,SPY,enter_long,652.13,bos_3_touch
bos_3_touch,2026-03-20 15:00:00+00:00,SPY,exit_long,652.15,hybrid_exit
bos_3_touch,2026-03-20 15:33:00+00:00,SPY,enter_long,652.38,bos_3_touch
bos_3_touch,2026-03-20 16:00:00+00:00,SPY,exit_long,652.96,hybrid_exit
bos_3_touch,2026-03-20 16:06:00+00:00,SPY,enter_short,653.23,bos_3_touch
bos_3_touch,2026-03-20 18:30:00+00:00,SPY,exit_short,649.4,hybrid_exit
bos_3_touch,2026-03-20 18:46:00+00:00,SPY,enter_long,648.41,bos_3_touch
bos_3_touch,2026-03-23 14:10:00+00:00,SPY,exit_long,659.56,hybrid_exit
bos_3_touch,2026-03-23 14:25:00+00:00,SPY,enter_short,661.54,bos_3_touch
bos_3_touch,2026-03-23 16:10:00+00:00,SPY,exit_short,656.77,hybrid_exit
bos_3_touch,2026-03-23 16:34:00+00:00,SPY,enter_long,655.4,bos_3_touch
bos_3_touch,2026-03-23 18:10:00+00:00,SPY,exit_long,657.45,hybrid_exit
bos_3_touch,2026-03-23 18:39:00+00:00,SPY,enter_short,658.97,bos_3_touch
bos_3_touch,2026-03-24 13:40:00+00:00,SPY,exit_short,651.22,hybrid_exit
bos_3_touch,2026-03-24 13:46:00+00:00,SPY,enter_long,651.17,bos_3_touch
bos_3_touch,2026-03-24 14:50:00+00:00,SPY,exit_long,652.7,hybrid_exit
bos_3_touch,2026-03-24 15:07:00+00:00,SPY,enter_long,655.0,bos_3_touch
bos_3_touch,2026-03-24 15:30:00+00:00,SPY,exit_long,656.05,hybrid_exit
bos_3_touch,2026-03-24 15:33:00+00:00,SPY,enter_short,655.35,bos_3_touch
bos_3_touch,2026-03-24 17:20:00+00:00,SPY,exit_short,652.79,hybrid_exit
bos_3_touch,2026-03-24 17:20:00+00:00,SPY,enter_long,653.11,bos_3_touch
bos_3_touch,2026-03-24 18:50:00+00:00,SPY,exit_long,655.02,hybrid_exit
bos_3_touch,2026-03-24 19:41:00+00:00,SPY,enter_long,654.12,bos_3_touch
bos_3_touch,2026-03-25 13:40:00+00:00,SPY,exit_long,659.88,hybrid_exit
bos_3_touch,2026-03-25 14:04:00+00:00,SPY,enter_long,657.27,bos_3_touch
bos_3_touch,2026-03-25 14:20:00+00:00,SPY,exit_long,657.64,hybrid_exit
bos_3_touch,2026-03-25 14:24:00+00:00,SPY,enter_short,657.92,bos_3_touch
bos_3_touch,2026-03-25 15:20:00+00:00,SPY,exit_short,655.15,hybrid_exit
bos_3_touch,2026-03-25 15:23:00+00:00,SPY,enter_long,656.36,bos_3_touch
bos_3_touch,2026-03-25 15:30:00+00:00,SPY,exit_long,657.87,hybrid_exit
bos_3_touch,2026-03-25 15:35:00+00:00,SPY,enter_short,657.7,bos_3_touch
bos_3_touch,2026-03-25 15:55:00+00:00,SPY,enter_long,656.95,bos_3_touch
bos_3_touch,2026-03-25 16:10:00+00:00,SPY,exit_short,656.57,hybrid_exit
bos_3_touch,2026-03-25 16:40:00+00:00,SPY,exit_long,658.055,hybrid_exit
bos_3_touch,2026-03-25 16:43:00+00:00,SPY,enter_short,657.75,bos_3_touch
bos_3_touch,2026-03-25 17:13:00+00:00,SPY,enter_long,657.61,bos_3_touch
bos_3_touch,2026-03-25 17:20:00+00:00,SPY,exit_short,657.24,hybrid_exit
bos_3_touch,2026-03-25 17:46:00+00:00,SPY,enter_short,658.44,bos_3_touch
bos_3_touch,2026-03-25 17:50:00+00:00,SPY,exit_long,658.07,hybrid_exit
bos_3_touch,2026-03-26 13:40:00+00:00,SPY,exit_short,650.79,hybrid_exit
bos_3_touch,2026-03-26 13:43:00+00:00,SPY,enter_long,651.84,bos_3_touch
bos_3_touch,2026-03-26 14:00:00+00:00,SPY,exit_long,654.47,hybrid_exit
bos_3_touch,2026-03-26 14:04:00+00:00,SPY,enter_short,654.08,bos_3_touch
bos_3_touch,2026-03-26 15:00:00+00:00,SPY,exit_short,652.31,hybrid_exit
bos_3_touch,2026-03-26 15:14:00+00:00,SPY,enter_short,652.28,bos_3_touch
bos_3_touch,2026-03-26 19:14:00+00:00,SPY,enter_long,646.15,bos_3_touch
bos_3_touch,2026-03-26 19:50:00+00:00,SPY,exit_long,645.73,hybrid_exit
bos_3_touch,2026-03-27 13:40:00+00:00,SPY,exit_short,640.925,hybrid_exit
bos_3_touch,2026-03-27 13:53:00+00:00,SPY,enter_short,640.3,bos_3_touch
bos_3_touch,2026-03-27 14:33:00+00:00,SPY,enter_long,639.63,bos_3_touch
bos_3_touch,2026-03-27 14:40:00+00:00,SPY,exit_short,638.9,hybrid_exit
bos_3_touch,2026-03-27 14:50:00+00:00,SPY,exit_long,640.2,hybrid_exit
bos_3_touch,2026-03-27 14:53:00+00:00,SPY,enter_short,639.94,bos_3_touch
bos_2_close,2026-01-26 20:12:00+00:00,SPY,enter_short,693.6,bos_2_close
bos_2_close,2026-01-26 20:22:00+00:00,SPY,enter_long,693.67,bos_2_close
bos_2_close,2026-01-26 20:50:00+00:00,SPY,exit_short,693.63,hybrid_exit
bos_2_close,2026-01-27 14:40:00+00:00,SPY,exit_long,693.6,hybrid_exit
bos_2_close,2026-01-27 14:53:00+00:00,SPY,enter_long,695.22,bos_2_close
bos_2_close,2026-01-27 16:00:00+00:00,SPY,exit_long,696.0,hybrid_exit
bos_2_close,2026-01-27 16:22:00+00:00,SPY,enter_short,696.325,bos_2_close
bos_2_close,2026-01-27 17:50:00+00:00,SPY,exit_short,695.7,hybrid_exit
bos_2_close,2026-01-27 18:08:00+00:00,SPY,enter_long,695.15,bos_2_close
bos_2_close,2026-01-27 19:00:00+00:00,SPY,exit_long,696.01,hybrid_exit
bos_2_close,2026-01-27 19:35:00+00:00,SPY,enter_short,696.16,bos_2_close
bos_2_close,2026-01-27 20:10:00+00:00,SPY,exit_short,696.15,hybrid_exit
bos_2_close,2026-01-27 20:34:00+00:00,SPY,enter_long,696.085,bos_2_close
bos_2_close,2026-01-28 14:40:00+00:00,SPY,exit_long,697.165,hybrid_exit
bos_2_close,2026-01-28 14:47:00+00:00,SPY,enter_short,697.04,bos_2_close
bos_2_close,2026-01-28 15:20:00+00:00,SPY,exit_short,696.51,hybrid_exit
bos_2_close,2026-01-28 15:32:00+00:00,SPY,enter_short,696.53,bos_2_close
bos_2_close,2026-01-28 17:00:00+00:00,SPY,exit_short,694.73,hybrid_exit
bos_2_close,2026-01-28 17:02:00+00:00,SPY,enter_long,695.045,bos_2_close
bos_2_close,2026-01-28 17:22:00+00:00,SPY,enter_short,695.18,bos_2_close
bos_2_close,2026-01-28 18:00:00+00:00,SPY,exit_long,694.84,hybrid_exit
bos_2_close,2026-01-28 18:00:00+00:00,SPY,exit_short,694.84,hybrid_exit
bos_2_close,2026-01-28 18:22:00+00:00,SPY,enter_short,695.225,bos_2_close
bos_2_close,2026-01-28 18:58:00+00:00,SPY,enter_long,695.15,bos_2_close
bos_2_close,2026-01-28 19:00:00+00:00,SPY,exit_short,695.14,hybrid_exit
bos_2_close,2026-01-28 19:40:00+00:00,SPY,exit_long,694.67,hybrid_exit
bos_2_close,2026-01-28 20:14:00+00:00,SPY,enter_short,695.785,bos_2_close
bos_2_close,2026-01-29 14:50:00+00:00,SPY,exit_short,693.64,hybrid_exit
bos_2_close,2026-01-29 15:03:00+00:00,SPY,enter_short,689.85,bos_2_close
bos_2_close,2026-01-29 15:40:00+00:00,SPY,exit_short,687.59,hybrid_exit
bos_2_close,2026-01-29 15:46:00+00:00,SPY,enter_long,686.835,bos_2_close
bos_2_close,2026-01-29 17:30:00+00:00,SPY,exit_long,690.985,hybrid_exit
bos_2_close,2026-01-29 17:33:00+00:00,SPY,enter_short,690.83,bos_2_close
bos_2_close,2026-01-29 17:56:00+00:00,SPY,enter_long,689.385,bos_2_close
bos_2_close,2026-01-29 18:00:00+00:00,SPY,exit_short,689.03,hybrid_exit
bos_2_close,2026-01-30 14:30:00+00:00,SPY,exit_long,691.84,hybrid_exit
bos_2_close,2026-01-30 14:42:00+00:00,SPY,enter_short,693.1,bos_2_close
bos_2_close,2026-01-30 15:10:00+00:00,SPY,exit_short,693.34,hybrid_exit
bos_2_close,2026-01-30 15:24:00+00:00,SPY,enter_short,692.645,bos_2_close
bos_2_close,2026-01-30 17:10:00+00:00,SPY,exit_short,689.11,hybrid_exit
bos_2_close,2026-01-30 17:17:00+00:00,SPY,enter_long,689.335,bos_2_close
bos_2_close,2026-01-30 17:33:00+00:00,SPY,enter_short,690.44,bos_2_close
bos_2_close,2026-01-30 17:40:00+00:00,SPY,exit_long,690.09,hybrid_exit
bos_2_close,2026-01-30 18:02:00+00:00,SPY,enter_long,689.72,bos_2_close
bos_2_close,2026-01-30 18:10:00+00:00,SPY,exit_short,689.6,hybrid_exit
bos_2_close,2026-01-30 19:00:00+00:00,SPY,exit_long,691.36,hybrid_exit
bos_2_close,2026-01-30 19:12:00+00:00,SPY,enter_short,691.89,bos_2_close
bos_2_close,2026-01-30 19:50:00+00:00,SPY,exit_short,690.89,hybrid_exit
bos_2_close,2026-01-30 19:52:00+00:00,SPY,enter_long,691.41,bos_2_close
bos_2_close,2026-02-02 15:42:00+00:00,SPY,enter_short,695.16,bos_2_close
bos_2_close,2026-02-02 16:10:00+00:00,SPY,exit_short,694.87,hybrid_exit
bos_2_close,2026-02-02 17:20:00+00:00,SPY,exit_long,696.26,hybrid_exit
bos_2_close,2026-02-02 17:26:00+00:00,SPY,enter_short,696.03,bos_2_close
bos_2_close,2026-02-02 18:30:00+00:00,SPY,exit_short,696.07,hybrid_exit
bos_2_close,2026-02-02 18:55:00+00:00,SPY,enter_short,696.455,bos_2_close
bos_2_close,2026-02-02 20:10:00+00:00,SPY,exit_short,696.3,hybrid_exit
bos_2_close,2026-02-02 20:26:00+00:00,SPY,enter_short,696.04,bos_2_close
bos_2_close,2026-02-03 15:10:00+00:00,SPY,exit_short,692.99,hybrid_exit
bos_2_close,2026-02-03 15:22:00+00:00,SPY,enter_short,692.025,bos_2_close
bos_2_close,2026-02-03 18:40:00+00:00,SPY,exit_short,686.355,hybrid_exit
bos_2_close,2026-02-03 18:55:00+00:00,SPY,enter_long,685.95,bos_2_close
bos_2_close,2026-02-04 14:40:00+00:00,SPY,exit_long,690.57,hybrid_exit
bos_2_close,2026-02-04 14:40:00+00:00,SPY,enter_short,690.0,bos_2_close
bos_2_close,2026-02-04 15:10:00+00:00,SPY,exit_short,688.985,hybrid_exit
bos_2_close,2026-02-04 15:26:00+00:00,SPY,enter_short,689.82,bos_2_close
bos_2_close,2026-02-04 17:00:00+00:00,SPY,exit_short,686.51,hybrid_exit
bos_2_close,2026-02-04 17:16:00+00:00,SPY,enter_short,686.09,bos_2_close
bos_2_close,2026-02-04 17:40:00+00:00,SPY,exit_short,682.41,hybrid_exit
bos_2_close,2026-02-04 17:44:00+00:00,SPY,enter_long,683.09,bos_2_close
bos_2_close,2026-02-04 19:50:00+00:00,SPY,exit_long,687.33,hybrid_exit
bos_2_close,2026-02-04 20:00:00+00:00,SPY,enter_short,687.8,bos_2_close
bos_2_close,2026-02-05 14:40:00+00:00,SPY,exit_short,682.37,hybrid_exit
bos_2_close,2026-02-05 14:53:00+00:00,SPY,enter_short,681.93,bos_2_close
bos_2_close,2026-02-05 15:10:00+00:00,SPY,exit_short,678.75,hybrid_exit
bos_2_close,2026-02-05 15:37:00+00:00,SPY,enter_long,676.62,bos_2_close
bos_2_close,2026-02-05 16:40:00+00:00,SPY,exit_long,680.235,hybrid_exit
bos_2_close,2026-02-05 17:03:00+00:00,SPY,enter_short,680.11,bos_2_close
bos_2_close,2026-02-05 18:30:00+00:00,SPY,exit_short,679.09,hybrid_exit
bos_2_close,2026-02-05 18:42:00+00:00,SPY,enter_long,679.05,bos_2_close
bos_2_close,2026-02-05 19:20:00+00:00,SPY,exit_long,681.16,hybrid_exit
bos_2_close,2026-02-05 19:25:00+00:00,SPY,enter_short,680.59,bos_2_close
bos_2_close,2026-02-05 19:43:00+00:00,SPY,enter_long,679.2,bos_2_close
bos_2_close,2026-02-05 20:00:00+00:00,SPY,exit_short,679.08,hybrid_exit
bos_2_close,2026-02-06 15:00:00+00:00,SPY,exit_long,684.82,hybrid_exit
bos_2_close,2026-02-06 15:17:00+00:00,SPY,enter_long,684.275,bos_2_close
bos_2_close,2026-02-06 18:20:00+00:00,SPY,exit_long,689.155,hybrid_exit
bos_2_close,2026-02-06 18:37:00+00:00,SPY,enter_long,689.18,bos_2_close
bos_2_close,2026-02-09 14:30:00+00:00,SPY,exit_long,689.47,hybrid_exit
bos_2_close,2026-02-09 14:42:00+00:00,SPY,enter_long,691.52,bos_2_close
bos_2_close,2026-02-09 17:00:00+00:00,SPY,exit_long,695.375,hybrid_exit
bos_2_close,2026-02-09 17:04:00+00:00,SPY,enter_short,695.49,bos_2_close
bos_2_close,2026-02-09 18:00:00+00:00,SPY,exit_short,694.58,hybrid_exit
bos_2_close,2026-02-09 18:02:00+00:00,SPY,enter_long,694.77,bos_2_close
bos_2_close,2026-02-09 19:30:00+00:00,SPY,exit_long,695.76,hybrid_exit
bos_2_close,2026-02-09 19:31:00+00:00,SPY,enter_short,695.625,bos_2_close
bos_2_close,2026-02-09 20:38:00+00:00,SPY,enter_long,694.31,bos_2_close
bos_2_close,2026-02-09 20:40:00+00:00,SPY,exit_short,694.54,hybrid_exit
bos_2_close,2026-02-10 14:40:00+00:00,SPY,exit_long,694.305,hybrid_exit
bos_2_close,2026-02-10 14:52:00+00:00,SPY,enter_long,694.825,bos_2_close
bos_2_close,2026-02-10 15:00:00+00:00,SPY,exit_long,695.77,hybrid_exit
bos_2_close,2026-02-10 15:03:00+00:00,SPY,enter_short,695.58,bos_2_close
bos_2_close,2026-02-10 16:20:00+00:00,SPY,exit_short,694.94,hybrid_exit
bos_2_close,2026-02-10 17:20:00+00:00,SPY,enter_short,695.35,bos_2_close
bos_2_close,2026-02-10 18:40:00+00:00,SPY,exit_short,693.675,hybrid_exit
bos_2_close,2026-02-10 18:56:00+00:00,SPY,enter_long,693.6,bos_2_close
bos_2_close,2026-02-10 19:30:00+00:00,SPY,exit_long,693.88,hybrid_exit
bos_2_close,2026-02-10 19:34:00+00:00,SPY,enter_short,693.75,bos_2_close
bos_2_close,2026-02-11 14:30:00+00:00,SPY,exit_short,696.435,hybrid_exit
bos_2_close,2026-02-11 14:42:00+00:00,SPY,enter_short,695.18,bos_2_close
bos_2_close,2026-02-11 15:20:00+00:00,SPY,exit_short,690.79,hybrid_exit
bos_2_close,2026-02-11 15:28:00+00:00,SPY,enter_long,690.0,bos_2_close
bos_2_close,2026-02-11 16:10:00+00:00,SPY,exit_long,691.55,hybrid_exit
bos_2_close,2026-02-11 16:33:00+00:00,SPY,enter_long,692.56,bos_2_close
bos_2_close,2026-02-11 17:30:00+00:00,SPY,exit_long,693.6,hybrid_exit
bos_2_close,2026-02-11 17:32:00+00:00,SPY,enter_short,693.16,bos_2_close
bos_2_close,2026-02-11 18:10:00+00:00,SPY,exit_short,692.0,hybrid_exit
bos_2_close,2026-02-11 18:16:00+00:00,SPY,enter_long,692.16,bos_2_close
bos_2_close,2026-02-11 18:50:00+00:00,SPY,exit_long,692.89,hybrid_exit
bos_2_close,2026-02-11 19:02:00+00:00,SPY,enter_long,692.82,bos_2_close
bos_2_close,2026-02-11 19:28:00+00:00,SPY,enter_short,693.6,bos_2_close
bos_2_close,2026-02-11 19:40:00+00:00,SPY,exit_long,693.53,hybrid_exit
bos_2_close,2026-02-11 20:20:00+00:00,SPY,exit_short,692.71,hybrid_exit
bos_2_close,2026-02-11 20:36:00+00:00,SPY,enter_long,692.27,bos_2_close
bos_2_close,2026-02-11 20:55:00+00:00,SPY,enter_short,692.445,bos_2_close
bos_2_close,2026-02-12 14:40:00+00:00,SPY,exit_long,694.82,hybrid_exit
bos_2_close,2026-02-12 16:30:00+00:00,SPY,exit_short,683.6,hybrid_exit
bos_2_close,2026-02-12 16:32:00+00:00,SPY,enter_long,684.765,bos_2_close
bos_2_close,2026-02-12 16:40:00+00:00,SPY,exit_long,685.58,hybrid_exit
bos_2_close,2026-02-12 16:44:00+00:00,SPY,enter_short,684.955,bos_2_close
bos_2_close,2026-02-12 17:22:00+00:00,SPY,enter_long,684.755,bos_2_close
bos_2_close,2026-02-12 17:30:00+00:00,SPY,exit_short,684.115,hybrid_exit
bos_2_close,2026-02-12 17:40:00+00:00,SPY,exit_long,684.89,hybrid_exit
bos_2_close,2026-02-12 17:46:00+00:00,SPY,enter_short,684.535,bos_2_close
bos_2_close,2026-02-12 18:02:00+00:00,SPY,enter_long,683.16,bos_2_close
bos_2_close,2026-02-12 18:10:00+00:00,SPY,exit_short,683.34,hybrid_exit
bos_2_close,2026-02-12 19:00:00+00:00,SPY,exit_long,684.855,hybrid_exit
bos_2_close,2026-02-12 19:25:00+00:00,SPY,enter_short,685.0,bos_2_close
bos_2_close,2026-02-13 14:30:00+00:00,SPY,exit_short,681.695,hybrid_exit
bos_2_close,2026-02-13 14:32:00+00:00,SPY,enter_long,682.17,bos_2_close
bos_2_close,2026-02-13 15:40:00+00:00,SPY,exit_long,682.86,hybrid_exit
bos_2_close,2026-02-13 15:55:00+00:00,SPY,enter_long,682.98,bos_2_close
bos_2_close,2026-02-13 17:10:00+00:00,SPY,exit_long,685.2,hybrid_exit
bos_2_close,2026-02-13 17:43:00+00:00,SPY,enter_short,685.85,bos_2_close
bos_2_close,2026-02-13 20:50:00+00:00,SPY,exit_short,681.18,hybrid_exit
bos_2_close,2026-02-17 14:42:00+00:00,SPY,enter_short,681.54,bos_2_close
bos_2_close,2026-02-17 15:00:00+00:00,SPY,exit_short,676.42,hybrid_exit
bos_2_close,2026-02-17 15:03:00+00:00,SPY,enter_long,678.07,bos_2_close
bos_2_close,2026-02-17 16:20:00+00:00,SPY,exit_long,682.76,hybrid_exit
bos_2_close,2026-02-17 16:43:00+00:00,SPY,enter_short,682.02,bos_2_close
bos_2_close,2026-02-17 17:20:00+00:00,SPY,exit_short,681.365,hybrid_exit
bos_2_close,2026-02-17 17:25:00+00:00,SPY,enter_long,681.38,bos_2_close
bos_2_close,2026-02-17 19:00:00+00:00,SPY,exit_long,684.06,hybrid_exit
bos_2_close,2026-02-17 19:06:00+00:00,SPY,enter_short,683.92,bos_2_close
bos_2_close,2026-02-17 20:10:00+00:00,SPY,exit_short,683.39,hybrid_exit
bos_2_close,2026-02-17 20:13:00+00:00,SPY,enter_long,683.49,bos_2_close
bos_2_close,2026-02-18 14:50:00+00:00,SPY,exit_long,683.77,hybrid_exit
bos_2_close,2026-02-18 15:02:00+00:00,SPY,enter_long,686.86,bos_2_close
bos_2_close,2026-02-18 15:33:00+00:00,SPY,enter_short,687.44,bos_2_close
bos_2_close,2026-02-18 15:40:00+00:00,SPY,exit_long,688.04,hybrid_exit
bos_2_close,2026-02-18 16:20:00+00:00,SPY,exit_short,688.13,hybrid_exit
bos_2_close,2026-02-18 16:44:00+00:00,SPY,enter_short,688.33,bos_2_close
bos_2_close,2026-02-18 17:02:00+00:00,SPY,enter_long,687.76,bos_2_close
bos_2_close,2026-02-18 17:20:00+00:00,SPY,exit_long,688.58,hybrid_exit
bos_2_close,2026-02-18 20:00:00+00:00,SPY,exit_short,684.62,hybrid_exit
bos_2_close,2026-02-18 20:02:00+00:00,SPY,enter_long,685.27,bos_2_close
bos_2_close,2026-02-18 20:50:00+00:00,SPY,exit_long,686.47,hybrid_exit
bos_2_close,2026-02-18 20:58:00+00:00,SPY,enter_short,686.645,bos_2_close
bos_2_close,2026-02-19 14:40:00+00:00,SPY,exit_short,683.68,hybrid_exit
bos_2_close,2026-02-19 14:42:00+00:00,SPY,enter_long,683.77,bos_2_close
bos_2_close,2026-02-19 15:00:00+00:00,SPY,exit_long,684.9,hybrid_exit
bos_2_close,2026-02-19 15:26:00+00:00,SPY,enter_short,684.4,bos_2_close
bos_2_close,2026-02-19 15:32:00+00:00,SPY,enter_long,685.28,bos_2_close
bos_2_close,2026-02-19 15:40:00+00:00,SPY,exit_long,685.43,hybrid_exit
bos_2_close,2026-02-19 17:14:00+00:00,SPY,enter_long,683.55,bos_2_close
bos_2_close,2026-02-19 17:20:00+00:00,SPY,exit_long,684.08,hybrid_exit
bos_2_close,2026-02-19 17:55:00+00:00,SPY,enter_long,683.0,bos_2_close
bos_2_close,2026-02-19 18:00:00+00:00,SPY,exit_short,682.42,hybrid_exit
bos_2_close,2026-02-19 19:00:00+00:00,SPY,exit_long,683.73,hybrid_exit
bos_2_close,2026-02-19 19:02:00+00:00,SPY,enter_short,683.48,bos_2_close
bos_2_close,2026-02-19 19:40:00+00:00,SPY,exit_short,682.02,hybrid_exit
bos_2_close,2026-02-19 19:45:00+00:00,SPY,enter_long,682.59,bos_2_close
bos_2_close,2026-02-20 14:50:00+00:00,SPY,exit_long,684.26,hybrid_exit
bos_2_close,2026-02-20 15:08:00+00:00,SPY,enter_long,687.065,bos_2_close
bos_2_close,2026-02-20 15:10:00+00:00,SPY,exit_long,687.035,hybrid_exit
bos_2_close,2026-02-20 15:22:00+00:00,SPY,enter_long,687.77,bos_2_close
bos_2_close,2026-02-20 15:50:00+00:00,SPY,exit_long,688.17,hybrid_exit
bos_2_close,2026-02-20 16:00:00+00:00,SPY,enter_short,688.42,bos_2_close
bos_2_close,2026-02-20 16:32:00+00:00,SPY,enter_long,687.1,bos_2_close
bos_2_close,2026-02-20 16:40:00+00:00,SPY,exit_long,688.12,hybrid_exit
bos_2_close,2026-02-20 17:20:00+00:00,SPY,exit_short,685.08,hybrid_exit
bos_2_close,2026-02-20 17:27:00+00:00,SPY,enter_long,685.0,bos_2_close
bos_2_close,2026-02-20 18:50:00+00:00,SPY,exit_long,689.1,hybrid_exit
bos_2_close,2026-02-20 19:04:00+00:00,SPY,enter_short,689.455,bos_2_close
bos_2_close,2026-02-20 19:40:00+00:00,SPY,exit_short,688.61,hybrid_exit
bos_2_close,2026-02-20 20:12:00+00:00,SPY,enter_short,688.84,bos_2_close
bos_2_close,2026-02-23 16:10:00+00:00,SPY,exit_short,681.15,hybrid_exit
bos_2_close,2026-02-23 16:17:00+00:00,SPY,enter_long,681.08,bos_2_close
bos_2_close,2026-02-23 16:39:00+00:00,SPY,enter_short,682.51,bos_2_close
bos_2_close,2026-02-23 16:50:00+00:00,SPY,exit_long,682.05,hybrid_exit
bos_2_close,2026-02-23 17:10:00+00:00,SPY,exit_short,681.96,hybrid_exit
bos_2_close,2026-02-23 17:41:00+00:00,SPY,enter_long,681.17,bos_2_close
bos_2_close,2026-02-23 18:20:00+00:00,SPY,exit_long,683.13,hybrid_exit
bos_2_close,2026-02-23 18:30:00+00:00,SPY,enter_short,683.55,bos_2_close
bos_2_close,2026-02-23 19:20:00+00:00,SPY,exit_short,681.755,hybrid_exit
bos_2_close,2026-02-23 19:32:00+00:00,SPY,enter_long,681.5,bos_2_close
bos_2_close,2026-02-24 14:50:00+00:00,SPY,exit_long,684.9,hybrid_exit
bos_2_close,2026-02-24 15:02:00+00:00,SPY,enter_long,683.14,bos_2_close
bos_2_close,2026-02-24 15:40:00+00:00,SPY,exit_long,685.93,hybrid_exit
bos_2_close,2026-02-24 16:02:00+00:00,SPY,enter_long,686.09,bos_2_close
bos_2_close,2026-02-24 17:30:00+00:00,SPY,exit_long,687.45,hybrid_exit
bos_2_close,2026-02-24 17:43:00+00:00,SPY,enter_short,687.21,bos_2_close
bos_2_close,2026-02-24 18:30:00+00:00,SPY,exit_short,687.04,hybrid_exit
bos_2_close,2026-02-24 18:42:00+00:00,SPY,enter_short,687.55,bos_2_close
bos_2_close,2026-02-24 19:20:00+00:00,SPY,exit_short,686.93,hybrid_exit
bos_2_close,2026-02-24 19:32:00+00:00,SPY,enter_long,687.08,bos_2_close
bos_2_close,2026-02-24 21:00:00+00:00,SPY,exit_long,687.45,hybrid_exit
bos_2_close,2026-02-25 14:36:00+00:00,SPY,enter_long,691.06,bos_2_close
bos_2_close,2026-02-25 14:40:00+00:00,SPY,exit_long,691.19,hybrid_exit
bos_2_close,2026-02-25 14:52:00+00:00,SPY,enter_short,691.53,bos_2_close
bos_2_close,2026-02-25 15:30:00+00:00,SPY,exit_short,691.13,hybrid_exit
bos_2_close,2026-02-25 15:42:00+00:00,SPY,enter_long,690.73,bos_2_close
bos_2_close,2026-02-25 16:54:00+00:00,SPY,enter_short,692.13,bos_2_close
bos_2_close,2026-02-25 17:00:00+00:00,SPY,exit_long,692.02,hybrid_exit
bos_2_close,2026-02-25 17:37:00+00:00,SPY,enter_long,692.27,bos_2_close
bos_2_close,2026-02-25 17:40:00+00:00,SPY,exit_short,692.31,hybrid_exit
bos_2_close,2026-02-25 19:20:00+00:00,SPY,exit_long,693.0,hybrid_exit
bos_2_close,2026-02-25 19:43:00+00:00,SPY,enter_short,693.16,bos_2_close
bos_2_close,2026-02-26 14:40:00+00:00,SPY,exit_short,692.165,hybrid_exit
bos_2_close,2026-02-26 14:52:00+00:00,SPY,enter_short,690.81,bos_2_close
bos_2_close,2026-02-26 15:10:00+00:00,SPY,exit_short,690.025,hybrid_exit
bos_2_close,2026-02-26 15:35:00+00:00,SPY,enter_long,685.4,bos_2_close
bos_2_close,2026-02-26 15:50:00+00:00,SPY,exit_long,687.56,hybrid_exit
bos_2_close,2026-02-26 16:11:00+00:00,SPY,enter_short,687.99,bos_2_close
bos_2_close,2026-02-26 16:50:00+00:00,SPY,exit_short,687.42,hybrid_exit
bos_2_close,2026-02-26 17:32:00+00:00,SPY,enter_long,686.775,bos_2_close
bos_2_close,2026-02-26 19:20:00+00:00,SPY,exit_long,688.89,hybrid_exit
bos_2_close,2026-02-26 19:25:00+00:00,SPY,enter_short,688.9,bos_2_close
bos_2_close,2026-02-27 14:40:00+00:00,SPY,exit_short,684.06,hybrid_exit
bos_2_close,2026-02-27 15:01:00+00:00,SPY,enter_long,683.715,bos_2_close
bos_2_close,2026-02-27 15:50:00+00:00,SPY,exit_long,685.135,hybrid_exit
bos_2_close,2026-02-27 16:06:00+00:00,SPY,enter_short,685.39,bos_2_close
bos_2_close,2026-02-27 17:30:00+00:00,SPY,exit_short,684.14,hybrid_exit
bos_2_close,2026-02-27 18:05:00+00:00,SPY,enter_short,684.02,bos_2_close
bos_2_close,2026-02-27 18:40:00+00:00,SPY,exit_short,683.69,hybrid_exit
bos_2_close,2026-02-27 19:13:00+00:00,SPY,enter_long,684.18,bos_2_close
bos_2_close,2026-02-27 20:20:00+00:00,SPY,exit_long,685.57,hybrid_exit
bos_2_close,2026-02-27 20:27:00+00:00,SPY,enter_short,685.69,bos_2_close
bos_2_close,2026-03-02 14:40:00+00:00,SPY,exit_short,681.0,hybrid_exit
bos_2_close,2026-03-02 14:42:00+00:00,SPY,enter_long,681.79,bos_2_close
bos_2_close,2026-03-02 15:30:00+00:00,SPY,exit_long,683.37,hybrid_exit
bos_2_close,2026-03-02 15:43:00+00:00,SPY,enter_long,684.08,bos_2_close
bos_2_close,2026-03-02 17:00:00+00:00,SPY,exit_long,686.25,hybrid_exit
bos_2_close,2026-03-02 17:22:00+00:00,SPY,enter_short,686.85,bos_2_close
bos_2_close,2026-03-02 18:20:00+00:00,SPY,exit_short,686.59,hybrid_exit
bos_2_close,2026-03-02 18:43:00+00:00,SPY,enter_long,686.21,bos_2_close
bos_2_close,2026-03-02 19:24:00+00:00,SPY,enter_short,687.72,bos_2_close
bos_2_close,2026-03-02 19:30:00+00:00,SPY,exit_long,688.245,hybrid_exit
bos_2_close,2026-03-02 20:20:00+00:00,SPY,exit_short,686.08,hybrid_exit
bos_2_close,2026-03-02 20:40:00+00:00,SPY,enter_short,685.95,bos_2_close
bos_2_close,2026-03-03 14:40:00+00:00,SPY,exit_short,675.78,hybrid_exit
bos_2_close,2026-03-03 14:46:00+00:00,SPY,enter_long,674.52,bos_2_close
bos_2_close,2026-03-03 16:50:00+00:00,SPY,exit_long,677.57,hybrid_exit
bos_2_close,2026-03-03 17:14:00+00:00,SPY,enter_long,677.125,bos_2_close
bos_2_close,2026-03-03 18:50:00+00:00,SPY,exit_long,681.4,hybrid_exit
bos_2_close,2026-03-03 19:02:00+00:00,SPY,enter_short,680.84,bos_2_close
bos_2_close,2026-03-03 19:40:00+00:00,SPY,exit_short,680.82,hybrid_exit
bos_2_close,2026-03-03 19:52:00+00:00,SPY,enter_short,681.6,bos_2_close
bos_2_close,2026-03-03 20:24:00+00:00,SPY,enter_long,680.74,bos_2_close
bos_2_close,2026-03-03 20:30:00+00:00,SPY,exit_short,681.04,hybrid_exit
bos_2_close,2026-03-04 14:40:00+00:00,SPY,exit_long,680.95,hybrid_exit
bos_2_close,2026-03-04 14:52:00+00:00,SPY,enter_long,681.25,bos_2_close
bos_2_close,2026-03-04 15:40:00+00:00,SPY,exit_long,684.63,hybrid_exit
bos_2_close,2026-03-04 16:05:00+00:00,SPY,enter_short,685.86,bos_2_close
bos_2_close,2026-03-04 16:25:00+00:00,SPY,enter_long,684.91,bos_2_close
bos_2_close,2026-03-04 16:30:00+00:00,SPY,exit_short,685.185,hybrid_exit
bos_2_close,2026-03-04 17:00:00+00:00,SPY,exit_long,685.78,hybrid_exit
bos_2_close,2026-03-04 17:33:00+00:00,SPY,enter_long,685.26,bos_2_close
bos_2_close,2026-03-04 18:10:00+00:00,SPY,exit_long,686.22,hybrid_exit
bos_2_close,2026-03-04 18:23:00+00:00,SPY,enter_long,685.82,bos_2_close
bos_2_close,2026-03-04 19:00:00+00:00,SPY,exit_long,686.57,hybrid_exit
bos_2_close,2026-03-04 19:19:00+00:00,SPY,enter_short,686.79,bos_2_close
bos_2_close,2026-03-05 14:40:00+00:00,SPY,exit_short,683.63,hybrid_exit
bos_2_close,2026-03-05 15:03:00+00:00,SPY,enter_short,684.45,bos_2_close
bos_2_close,2026-03-05 15:40:00+00:00,SPY,exit_short,681.3,hybrid_exit
bos_2_close,2026-03-05 15:55:00+00:00,SPY,enter_short,682.05,bos_2_close
bos_2_close,2026-03-05 18:00:00+00:00,SPY,exit_short,676.335,hybrid_exit
bos_2_close,2026-03-05 18:15:00+00:00,SPY,enter_short,677.71,bos_2_close
bos_2_close,2026-03-05 18:22:00+00:00,SPY,enter_long,677.3,bos_2_close
bos_2_close,2026-03-05 18:30:00+00:00,SPY,exit_short,676.67,hybrid_exit
bos_2_close,2026-03-05 20:00:00+00:00,SPY,exit_long,677.1,hybrid_exit
bos_2_close,2026-03-05 20:28:00+00:00,SPY,enter_short,679.72,bos_2_close
bos_2_close,2026-03-06 14:40:00+00:00,SPY,exit_short,671.06,hybrid_exit
bos_2_close,2026-03-06 14:51:00+00:00,SPY,enter_long,671.77,bos_2_close
bos_2_close,2026-03-06 15:40:00+00:00,SPY,exit_long,675.5,hybrid_exit
bos_2_close,2026-03-06 15:42:00+00:00,SPY,enter_short,674.63,bos_2_close
bos_2_close,2026-03-06 15:53:00+00:00,SPY,enter_long,673.055,bos_2_close
bos_2_close,2026-03-06 16:00:00+00:00,SPY,exit_long,674.92,hybrid_exit
bos_2_close,2026-03-06 17:20:00+00:00,SPY,exit_short,674.43,hybrid_exit
bos_2_close,2026-03-06 17:44:00+00:00,SPY,enter_long,672.65,bos_2_close
bos_2_close,2026-03-06 18:20:00+00:00,SPY,exit_long,675.82,hybrid_exit
bos_2_close,2026-03-06 18:22:00+00:00,SPY,enter_short,675.07,bos_2_close
bos_2_close,2026-03-09 13:50:00+00:00,SPY,exit_short,663.68,hybrid_exit
bos_2_close,2026-03-09 13:55:00+00:00,SPY,enter_long,663.95,bos_2_close
bos_2_close,2026-03-09 16:20:00+00:00,SPY,exit_long,670.0,hybrid_exit
bos_2_close,2026-03-09 16:32:00+00:00,SPY,enter_short,670.09,bos_2_close
bos_2_close,2026-03-09 17:30:00+00:00,SPY,exit_short,668.875,hybrid_exit
bos_2_close,2026-03-09 17:45:00+00:00,SPY,enter_long,668.59,bos_2_close
bos_2_close,2026-03-09 19:40:00+00:00,SPY,exit_long,679.16,hybrid_exit
bos_2_close,2026-03-09 19:42:00+00:00,SPY,enter_short,677.13,bos_2_close
bos_2_close,2026-03-10 13:40:00+00:00,SPY,exit_short,677.04,hybrid_exit
bos_2_close,2026-03-10 13:44:00+00:00,SPY,enter_long,677.23,bos_2_close
bos_2_close,2026-03-10 15:00:00+00:00,SPY,exit_long,681.1,hybrid_exit
bos_2_close,2026-03-10 15:05:00+00:00,SPY,enter_short,681.09,bos_2_close
bos_2_close,2026-03-10 16:00:00+00:00,SPY,exit_short,681.4,hybrid_exit
bos_2_close,2026-03-10 16:18:00+00:00,SPY,enter_long,681.005,bos_2_close
bos_2_close,2026-03-10 16:42:00+00:00,SPY,enter_short,681.38,bos_2_close
bos_2_close,2026-03-10 16:50:00+00:00,SPY,exit_long,680.94,hybrid_exit
bos_2_close,2026-03-10 18:30:00+00:00,SPY,exit_short,679.42,hybrid_exit
bos_2_close,2026-03-10 18:44:00+00:00,SPY,enter_short,678.73,bos_2_close
bos_2_close,2026-03-10 19:50:00+00:00,SPY,exit_short,676.78,hybrid_exit
bos_2_close,2026-03-10 19:58:00+00:00,SPY,enter_long,676.74,bos_2_close
bos_2_close,2026-03-11 13:40:00+00:00,SPY,exit_long,678.38,hybrid_exit
bos_2_close,2026-03-11 13:42:00+00:00,SPY,enter_short,677.9,bos_2_close
bos_2_close,2026-03-11 15:40:00+00:00,SPY,exit_short,674.875,hybrid_exit
bos_2_close,2026-03-11 16:06:00+00:00,SPY,enter_long,673.91,bos_2_close
bos_2_close,2026-03-11 16:50:00+00:00,SPY,exit_long,675.34,hybrid_exit
bos_2_close,2026-03-11 17:08:00+00:00,SPY,enter_short,676.255,bos_2_close
bos_2_close,2026-03-11 17:40:00+00:00,SPY,exit_short,674.64,hybrid_exit
bos_2_close,2026-03-11 18:14:00+00:00,SPY,enter_long,674.37,bos_2_close
bos_2_close,2026-03-11 18:50:00+00:00,SPY,exit_long,674.815,hybrid_exit
bos_2_close,2026-03-11 18:56:00+00:00,SPY,enter_short,675.3,bos_2_close
bos_2_close,2026-03-12 13:40:00+00:00,SPY,exit_short,671.28,hybrid_exit
bos_2_close,2026-03-12 13:52:00+00:00,SPY,enter_short,669.87,bos_2_close
bos_2_close,2026-03-12 14:30:00+00:00,SPY,exit_short,668.04,hybrid_exit
bos_2_close,2026-03-12 14:35:00+00:00,SPY,enter_long,668.51,bos_2_close
bos_2_close,2026-03-12 15:40:00+00:00,SPY,exit_long,669.73,hybrid_exit
bos_2_close,2026-03-12 15:46:00+00:00,SPY,enter_short,669.07,bos_2_close
bos_2_close,2026-03-12 16:13:00+00:00,SPY,enter_long,668.6,bos_2_close
bos_2_close,2026-03-12 16:20:00+00:00,SPY,exit_long,669.8,hybrid_exit
bos_2_close,2026-03-12 18:50:00+00:00,SPY,exit_short,667.49,hybrid_exit
bos_2_close,2026-03-12 19:05:00+00:00,SPY,enter_long,667.53,bos_2_close
bos_2_close,2026-03-12 19:40:00+00:00,SPY,exit_long,667.915,hybrid_exit
bos_2_close,2026-03-13 13:30:00+00:00,SPY,enter_long,670.065,bos_2_close
bos_2_close,2026-03-13 13:40:00+00:00,SPY,exit_long,670.39,hybrid_exit
bos_2_close,2026-03-13 13:48:00+00:00,SPY,enter_short,671.43,bos_2_close
bos_2_close,2026-03-13 15:10:00+00:00,SPY,exit_short,666.21,hybrid_exit
bos_2_close,2026-03-13 15:23:00+00:00,SPY,enter_short,665.385,bos_2_close
bos_2_close,2026-03-13 16:00:00+00:00,SPY,exit_short,663.5,hybrid_exit
bos_2_close,2026-03-13 16:07:00+00:00,SPY,enter_long,664.605,bos_2_close
bos_2_close,2026-03-13 16:40:00+00:00,SPY,exit_long,664.27,hybrid_exit
bos_2_close,2026-03-13 16:44:00+00:00,SPY,enter_short,663.75,bos_2_close
bos_2_close,2026-03-13 17:52:00+00:00,SPY,enter_long,662.755,bos_2_close
bos_2_close,2026-03-13 18:00:00+00:00,SPY,exit_short,662.7,hybrid_exit
bos_2_close,2026-03-16 14:10:00+00:00,SPY,exit_long,670.8,hybrid_exit
bos_2_close,2026-03-16 14:12:00+00:00,SPY,enter_short,670.52,bos_2_close
bos_2_close,2026-03-16 14:50:00+00:00,SPY,exit_short,668.02,hybrid_exit
bos_2_close,2026-03-16 14:52:00+00:00,SPY,enter_long,668.76,bos_2_close
bos_2_close,2026-03-16 15:10:00+00:00,SPY,exit_long,669.17,hybrid_exit
bos_2_close,2026-03-16 15:38:00+00:00,SPY,enter_short,670.22,bos_2_close
bos_2_close,2026-03-16 16:10:00+00:00,SPY,exit_short,668.81,hybrid_exit
bos_2_close,2026-03-16 16:35:00+00:00,SPY,enter_long,667.76,bos_2_close
bos_2_close,2026-03-16 18:20:00+00:00,SPY,exit_long,669.81,hybrid_exit
bos_2_close,2026-03-16 18:42:00+00:00,SPY,enter_long,670.16,bos_2_close
bos_2_close,2026-03-16 19:20:00+00:00,SPY,exit_long,669.42,hybrid_exit
bos_2_close,2026-03-16 19:36:00+00:00,SPY,enter_long,669.2,bos_2_close
bos_2_close,2026-03-17 13:40:00+00:00,SPY,exit_long,673.885,hybrid_exit
bos_2_close,2026-03-17 13:52:00+00:00,SPY,enter_short,673.805,bos_2_close
bos_2_close,2026-03-17 14:20:00+00:00,SPY,exit_short,672.565,hybrid_exit
bos_2_close,2026-03-17 14:36:00+00:00,SPY,enter_short,672.95,bos_2_close
bos_2_close,2026-03-17 15:40:00+00:00,SPY,exit_short,670.68,hybrid_exit
bos_2_close,2026-03-17 16:16:00+00:00,SPY,enter_long,670.82,bos_2_close
bos_2_close,2026-03-17 16:27:00+00:00,SPY,enter_short,671.04,bos_2_close
bos_2_close,2026-03-17 17:00:00+00:00,SPY,exit_short,671.05,hybrid_exit
bos_2_close,2026-03-17 17:15:00+00:00,SPY,enter_short,671.3,bos_2_close
bos_2_close,2026-03-17 17:20:00+00:00,SPY,exit_long,671.4,hybrid_exit
bos_2_close,2026-03-18 13:40:00+00:00,SPY,exit_short,669.07,hybrid_exit
bos_2_close,2026-03-18 13:57:00+00:00,SPY,enter_short,668.48,bos_2_close
bos_2_close,2026-03-18 14:30:00+00:00,SPY,exit_short,665.98,hybrid_exit
bos_2_close,2026-03-18 14:32:00+00:00,SPY,enter_long,666.51,bos_2_close
bos_2_close,2026-03-18 15:00:00+00:00,SPY,exit_long,667.13,hybrid_exit
bos_2_close,2026-03-18 15:02:00+00:00,SPY,enter_short,666.86,bos_2_close
bos_2_close,2026-03-18 19:10:00+00:00,SPY,exit_short,664.4,hybrid_exit
bos_2_close,2026-03-18 19:31:00+00:00,SPY,enter_short,662.835,bos_2_close
bos_2_close,2026-03-19 13:40:00+00:00,SPY,exit_short,656.23,hybrid_exit
bos_2_close,2026-03-19 13:43:00+00:00,SPY,enter_long,657.39,bos_2_close
bos_2_close,2026-03-19 14:00:00+00:00,SPY,exit_long,658.64,hybrid_exit
bos_2_close,2026-03-19 14:04:00+00:00,SPY,enter_short,658.21,bos_2_close
bos_2_close,2026-03-19 14:30:00+00:00,SPY,exit_short,656.33,hybrid_exit
bos_2_close,2026-03-19 14:32:00+00:00,SPY,enter_long,657.72,bos_2_close
bos_2_close,2026-03-19 15:00:00+00:00,SPY,exit_long,657.78,hybrid_exit
bos_2_close,2026-03-19 15:17:00+00:00,SPY,enter_short,659.005,bos_2_close
bos_2_close,2026-03-19 15:43:00+00:00,SPY,enter_long,656.9,bos_2_close
bos_2_close,2026-03-19 15:50:00+00:00,SPY,exit_short,657.02,hybrid_exit
bos_2_close,2026-03-19 16:10:00+00:00,SPY,exit_long,658.495,hybrid_exit
bos_2_close,2026-03-19 16:15:00+00:00,SPY,enter_short,657.56,bos_2_close
bos_2_close,2026-03-19 17:17:00+00:00,SPY,enter_long,656.34,bos_2_close
bos_2_close,2026-03-19 17:20:00+00:00,SPY,exit_short,656.8,hybrid_exit
bos_2_close,2026-03-19 18:30:00+00:00,SPY,exit_long,657.155,hybrid_exit
bos_2_close,2026-03-19 18:46:00+00:00,SPY,enter_long,656.62,bos_2_close
bos_2_close,2026-03-19 19:00:00+00:00,SPY,exit_long,658.415,hybrid_exit
bos_2_close,2026-03-19 19:13:00+00:00,SPY,enter_short,660.83,bos_2_close
bos_2_close,2026-03-20 14:10:00+00:00,SPY,exit_short,653.09,hybrid_exit
bos_2_close,2026-03-20 14:24:00+00:00,SPY,enter_long,652.09,bos_2_close
bos_2_close,2026-03-20 15:00:00+00:00,SPY,exit_long,652.15,hybrid_exit
bos_2_close,2026-03-20 15:32:00+00:00,SPY,enter_long,652.26,bos_2_close
bos_2_close,2026-03-20 16:00:00+00:00,SPY,exit_long,652.96,hybrid_exit
bos_2_close,2026-03-20 16:06:00+00:00,SPY,enter_short,653.165,bos_2_close
bos_2_close,2026-03-20 18:30:00+00:00,SPY,exit_short,649.4,hybrid_exit
bos_2_close,2026-03-20 18:59:00+00:00,SPY,enter_long,648.06,bos_2_close
bos_2_close,2026-03-23 14:10:00+00:00,SPY,exit_long,659.56,hybrid_exit
bos_2_close,2026-03-23 14:25:00+00:00,SPY,enter_short,661.44,bos_2_close
bos_2_close,2026-03-23 16:10:00+00:00,SPY,exit_short,656.77,hybrid_exit
bos_2_close,2026-03-23 16:34:00+00:00,SPY,enter_long,655.6,bos_2_close
bos_2_close,2026-03-23 18:10:00+00:00,SPY,exit_long,657.45,hybrid_exit
bos_2_close,2026-03-23 18:39:00+00:00,SPY,enter_short,658.95,bos_2_close
bos_2_close,2026-03-24 13:40:00+00:00,SPY,exit_short,651.22,hybrid_exit
bos_2_close,2026-03-24 13:46:00+00:00,SPY,enter_long,651.57,bos_2_close
bos_2_close,2026-03-24 15:00:00+00:00,SPY,exit_long,653.95,hybrid_exit
bos_2_close,2026-03-24 15:32:00+00:00,SPY,enter_short,655.55,bos_2_close
bos_2_close,2026-03-24 17:15:00+00:00,SPY,enter_long,653.14,bos_2_close
bos_2_close,2026-03-24 17:20:00+00:00,SPY,exit_short,652.79,hybrid_exit
bos_2_close,2026-03-24 18:50:00+00:00,SPY,exit_long,655.02,hybrid_exit
bos_2_close,2026-03-24 19:42:00+00:00,SPY,enter_long,654.25,bos_2_close
bos_2_close,2026-03-25 13:40:00+00:00,SPY,exit_long,659.88,hybrid_exit
bos_2_close,2026-03-25 14:02:00+00:00,SPY,enter_long,657.01,bos_2_close
bos_2_close,2026-03-25 14:20:00+00:00,SPY,exit_long,657.64,hybrid_exit
bos_2_close,2026-03-25 14:24:00+00:00,SPY,enter_short,657.36,bos_2_close
bos_2_close,2026-03-25 15:20:00+00:00,SPY,exit_short,655.15,hybrid_exit
bos_2_close,2026-03-25 15:22:00+00:00,SPY,enter_long,656.28,bos_2_close
bos_2_close,2026-03-25 15:30:00+00:00,SPY,exit_long,657.87,hybrid_exit
bos_2_close,2026-03-25 15:37:00+00:00,SPY,enter_short,657.265,bos_2_close
bos_2_close,2026-03-25 15:55:00+00:00,SPY,enter_long,656.905,bos_2_close
bos_2_close,2026-03-25 16:10:00+00:00,SPY,exit_short,656.57,hybrid_exit
bos_2_close,2026-03-25 16:40:00+00:00,SPY,exit_long,658.055,hybrid_exit
bos_2_close,2026-03-25 16:42:00+00:00,SPY,enter_short,657.82,bos_2_close
bos_2_close,2026-03-25 17:12:00+00:00,SPY,enter_long,657.52,bos_2_close
bos_2_close,2026-03-25 17:20:00+00:00,SPY,exit_short,657.24,hybrid_exit
bos_2_close,2026-03-25 17:42:00+00:00,SPY,enter_short,658.38,bos_2_close
bos_2_close,2026-03-25 17:50:00+00:00,SPY,exit_long,658.07,hybrid_exit
bos_2_close,2026-03-26 13:40:00+00:00,SPY,exit_short,650.79,hybrid_exit
bos_2_close,2026-03-26 13:42:00+00:00,SPY,enter_long,651.84,bos_2_close
bos_2_close,2026-03-26 14:00:00+00:00,SPY,exit_long,654.47,hybrid_exit
bos_2_close,2026-03-26 14:04:00+00:00,SPY,enter_short,654.02,bos_2_close
bos_2_close,2026-03-26 15:00:00+00:00,SPY,exit_short,652.31,hybrid_exit
bos_2_close,2026-03-26 15:13:00+00:00,SPY,enter_short,652.28,bos_2_close
bos_2_close,2026-03-26 19:14:00+00:00,SPY,enter_long,646.22,bos_2_close
bos_2_close,2026-03-26 19:50:00+00:00,SPY,exit_long,645.73,hybrid_exit
bos_2_close,2026-03-27 13:40:00+00:00,SPY,exit_short,640.925,hybrid_exit
bos_2_close,2026-03-27 13:52:00+00:00,SPY,enter_short,640.39,bos_2_close
bos_2_close,2026-03-27 14:34:00+00:00,SPY,enter_long,639.68,bos_2_close
bos_2_close,2026-03-27 14:40:00+00:00,SPY,exit_short,638.9,hybrid_exit
bos_2_close,2026-03-27 14:50:00+00:00,SPY,exit_long,640.2,hybrid_exit
bos_2_close,2026-03-27 14:53:00+00:00,SPY,enter_short,639.92,bos_2_close
bos_3_close,2026-01-26 20:13:00+00:00,SPY,enter_short,693.56,bos_3_close
bos_3_close,2026-01-26 20:30:00+00:00,SPY,enter_long,693.77,bos_3_close
bos_3_close,2026-01-26 20:50:00+00:00,SPY,exit_short,693.63,hybrid_exit
bos_3_close,2026-01-27 15:00:00+00:00,SPY,exit_long,695.17,hybrid_exit
bos_3_close,2026-01-27 15:18:00+00:00,SPY,enter_long,695.25,bos_3_close
bos_3_close,2026-01-27 16:00:00+00:00,SPY,exit_long,696.0,hybrid_exit
bos_3_close,2026-01-27 16:22:00+00:00,SPY,enter_short,696.325,bos_3_close
bos_3_close,2026-01-27 17:50:00+00:00,SPY,exit_short,695.7,hybrid_exit
bos_3_close,2026-01-27 18:08:00+00:00,SPY,enter_long,695.15,bos_3_close
bos_3_close,2026-01-27 19:00:00+00:00,SPY,exit_long,696.01,hybrid_exit
bos_3_close,2026-01-27 19:35:00+00:00,SPY,enter_short,696.16,bos_3_close
bos_3_close,2026-01-27 20:10:00+00:00,SPY,exit_short,696.15,hybrid_exit
bos_3_close,2026-01-27 20:34:00+00:00,SPY,enter_long,696.085,bos_3_close
bos_3_close,2026-01-28 14:40:00+00:00,SPY,exit_long,697.165,hybrid_exit
bos_3_close,2026-01-28 14:47:00+00:00,SPY,enter_short,697.04,bos_3_close
bos_3_close,2026-01-28 15:20:00+00:00,SPY,exit_short,696.51,hybrid_exit
bos_3_close,2026-01-28 15:34:00+00:00,SPY,enter_short,696.17,bos_3_close
bos_3_close,2026-01-28 17:00:00+00:00,SPY,exit_short,694.73,hybrid_exit
bos_3_close,2026-01-28 17:03:00+00:00,SPY,enter_long,695.13,bos_3_close
bos_3_close,2026-01-28 17:23:00+00:00,SPY,enter_short,694.995,bos_3_close
bos_3_close,2026-01-28 18:00:00+00:00,SPY,exit_long,694.84,hybrid_exit
bos_3_close,2026-01-28 18:00:00+00:00,SPY,exit_short,694.84,hybrid_exit
bos_3_close,2026-01-28 18:23:00+00:00,SPY,enter_short,695.22,bos_3_close
bos_3_close,2026-01-28 18:58:00+00:00,SPY,enter_long,695.15,bos_3_close
bos_3_close,2026-01-28 19:00:00+00:00,SPY,exit_short,695.14,hybrid_exit
bos_3_close,2026-01-28 19:40:00+00:00,SPY,exit_long,694.67,hybrid_exit
bos_3_close,2026-01-28 20:14:00+00:00,SPY,enter_short,695.785,bos_3_close
bos_3_close,2026-01-29 14:50:00+00:00,SPY,exit_short,693.64,hybrid_exit
bos_3_close,2026-01-29 15:03:00+00:00,SPY,enter_short,689.85,bos_3_close
bos_3_close,2026-01-29 15:40:00+00:00,SPY,exit_short,687.59,hybrid_exit
bos_3_close,2026-01-29 15:46:00+00:00,SPY,enter_long,686.835,bos_3_close
bos_3_close,2026-01-29 17:30:00+00:00,SPY,exit_long,690.985,hybrid_exit
bos_3_close,2026-01-29 17:33:00+00:00,SPY,enter_short,690.83,bos_3_close
bos_3_close,2026-01-29 17:56:00+00:00,SPY,enter_long,689.385,bos_3_close
bos_3_close,2026-01-29 18:00:00+00:00,SPY,exit_short,689.03,hybrid_exit
bos_3_close,2026-01-30 14:30:00+00:00,SPY,exit_long,691.84,hybrid_exit
bos_3_close,2026-01-30 14:43:00+00:00,SPY,enter_short,692.97,bos_3_close
bos_3_close,2026-01-30 15:40:00+00:00,SPY,exit_short,693.04,hybrid_exit
bos_3_close,2026-01-30 15:53:00+00:00,SPY,enter_short,692.49,bos_3_close
bos_3_close,2026-01-30 17:10:00+00:00,SPY,exit_short,689.11,hybrid_exit
bos_3_close,2026-01-30 17:19:00+00:00,SPY,enter_long,689.46,bos_3_close
bos_3_close,2026-01-30 17:33:00+00:00,SPY,enter_short,690.44,bos_3_close
bos_3_close,2026-01-30 17:50:00+00:00,SPY,exit_long,690.41,hybrid_exit
bos_3_close,2026-01-30 18:05:00+00:00,SPY,enter_long,690.0,bos_3_close
bos_3_close,2026-01-30 18:10:00+00:00,SPY,exit_short,689.6,hybrid_exit
bos_3_close,2026-01-30 19:10:00+00:00,SPY,exit_long,692.14,hybrid_exit
bos_3_close,2026-01-30 19:13:00+00:00,SPY,enter_short,691.67,bos_3_close
bos_3_close,2026-01-30 19:50:00+00:00,SPY,exit_short,690.89,hybrid_exit
bos_3_close,2026-01-30 19:53:00+00:00,SPY,enter_long,691.7,bos_3_close
bos_3_close,2026-02-02 15:43:00+00:00,SPY,enter_short,695.08,bos_3_close
bos_3_close,2026-02-02 16:10:00+00:00,SPY,exit_short,694.87,hybrid_exit
bos_3_close,2026-02-02 17:20:00+00:00,SPY,exit_long,696.26,hybrid_exit
bos_3_close,2026-02-02 17:26:00+00:00,SPY,enter_short,696.03,bos_3_close
bos_3_close,2026-02-02 18:30:00+00:00,SPY,exit_short,696.07,hybrid_exit
bos_3_close,2026-02-02 18:55:00+00:00,SPY,enter_short,696.455,bos_3_close
bos_3_close,2026-02-02 20:10:00+00:00,SPY,exit_short,696.3,hybrid_exit
bos_3_close,2026-02-02 20:26:00+00:00,SPY,enter_short,696.04,bos_3_close
bos_3_close,2026-02-03 15:10:00+00:00,SPY,exit_short,692.99,hybrid_exit
bos_3_close,2026-02-03 15:23:00+00:00,SPY,enter_short,691.785,bos_3_close
bos_3_close,2026-02-03 18:40:00+00:00,SPY,exit_short,686.355,hybrid_exit
bos_3_close,2026-02-03 18:55:00+00:00,SPY,enter_long,685.95,bos_3_close
bos_3_close,2026-02-04 14:40:00+00:00,SPY,exit_long,690.57,hybrid_exit
bos_3_close,2026-02-04 14:50:00+00:00,SPY,enter_short,690.135,bos_3_close
bos_3_close,2026-02-04 15:10:00+00:00,SPY,exit_short,688.985,hybrid_exit
bos_3_close,2026-02-04 15:27:00+00:00,SPY,enter_short,689.66,bos_3_close
bos_3_close,2026-02-04 17:00:00+00:00,SPY,exit_short,686.51,hybrid_exit
bos_3_close,2026-02-04 17:16:00+00:00,SPY,enter_short,686.09,bos_3_close
bos_3_close,2026-02-04 17:40:00+00:00,SPY,exit_short,682.41,hybrid_exit
bos_3_close,2026-02-04 17:44:00+00:00,SPY,enter_long,683.09,bos_3_close
bos_3_close,2026-02-04 19:50:00+00:00,SPY,exit_long,687.33,hybrid_exit
bos_3_close,2026-02-04 20:00:00+00:00,SPY,enter_short,687.8,bos_3_close
bos_3_close,2026-02-05 14:40:00+00:00,SPY,exit_short,682.37,hybrid_exit
bos_3_close,2026-02-05 14:53:00+00:00,SPY,enter_short,681.93,bos_3_close
bos_3_close,2026-02-05 15:10:00+00:00,SPY,exit_short,678.75,hybrid_exit
bos_3_close,2026-02-05 15:37:00+00:00,SPY,enter_long,676.62,bos_3_close
bos_3_close,2026-02-05 16:40:00+00:00,SPY,exit_long,680.235,hybrid_exit
bos_3_close,2026-02-05 17:03:00+00:00,SPY,enter_short,680.11,bos_3_close
bos_3_close,2026-02-05 18:30:00+00:00,SPY,exit_short,679.09,hybrid_exit
bos_3_close,2026-02-05 18:56:00+00:00,SPY,enter_long,678.075,bos_3_close
bos_3_close,2026-02-05 19:25:00+00:00,SPY,enter_short,680.59,bos_3_close
bos_3_close,2026-02-05 19:30:00+00:00,SPY,exit_long,680.145,hybrid_exit
bos_3_close,2026-02-05 19:43:00+00:00,SPY,enter_long,679.2,bos_3_close
bos_3_close,2026-02-05 20:00:00+00:00,SPY,exit_short,679.08,hybrid_exit
bos_3_close,2026-02-06 15:00:00+00:00,SPY,exit_long,684.82,hybrid_exit
bos_3_close,2026-02-06 15:17:00+00:00,SPY,enter_long,684.275,bos_3_close
bos_3_close,2026-02-06 18:20:00+00:00,SPY,exit_long,689.155,hybrid_exit
bos_3_close,2026-02-06 18:37:00+00:00,SPY,enter_long,689.18,bos_3_close
bos_3_close,2026-02-09 14:30:00+00:00,SPY,exit_long,689.47,hybrid_exit
bos_3_close,2026-02-09 15:04:00+00:00,SPY,enter_long,691.235,bos_3_close
bos_3_close,2026-02-09 15:30:00+00:00,SPY,exit_long,691.94,hybrid_exit
bos_3_close,2026-02-09 15:45:00+00:00,SPY,enter_long,693.67,bos_3_close
bos_3_close,2026-02-09 17:00:00+00:00,SPY,exit_long,695.375,hybrid_exit
bos_3_close,2026-02-09 17:05:00+00:00,SPY,enter_short,695.46,bos_3_close
bos_3_close,2026-02-09 18:00:00+00:00,SPY,exit_short,694.58,hybrid_exit
bos_3_close,2026-02-09 18:03:00+00:00,SPY,enter_long,694.895,bos_3_close
bos_3_close,2026-02-09 19:30:00+00:00,SPY,exit_long,695.76,hybrid_exit
bos_3_close,2026-02-09 19:31:00+00:00,SPY,enter_short,695.625,bos_3_close
bos_3_close,2026-02-09 20:38:00+00:00,SPY,enter_long,694.31,bos_3_close
bos_3_close,2026-02-09 20:40:00+00:00,SPY,exit_short,694.54,hybrid_exit
bos_3_close,2026-02-10 14:40:00+00:00,SPY,exit_long,694.305,hybrid_exit
bos_3_close,2026-02-10 14:53:00+00:00,SPY,enter_long,695.0,bos_3_close
bos_3_close,2026-02-10 15:00:00+00:00,SPY,exit_long,695.77,hybrid_exit
bos_3_close,2026-02-10 15:12:00+00:00,SPY,enter_short,695.89,bos_3_close
bos_3_close,2026-02-10 16:20:00+00:00,SPY,exit_short,694.94,hybrid_exit
bos_3_close,2026-02-10 17:20:00+00:00,SPY,enter_short,695.35,bos_3_close
bos_3_close,2026-02-10 18:40:00+00:00,SPY,exit_short,693.675,hybrid_exit
bos_3_close,2026-02-10 18:56:00+00:00,SPY,enter_long,693.6,bos_3_close
bos_3_close,2026-02-10 19:30:00+00:00,SPY,exit_long,693.88,hybrid_exit
bos_3_close,2026-02-10 19:34:00+00:00,SPY,enter_short,693.75,bos_3_close
bos_3_close,2026-02-11 14:30:00+00:00,SPY,exit_short,696.435,hybrid_exit
bos_3_close,2026-02-11 14:50:00+00:00,SPY,enter_short,695.05,bos_3_close
bos_3_close,2026-02-11 15:20:00+00:00,SPY,exit_short,690.79,hybrid_exit
bos_3_close,2026-02-11 15:28:00+00:00,SPY,enter_long,690.0,bos_3_close
bos_3_close,2026-02-11 16:10:00+00:00,SPY,exit_long,691.55,hybrid_exit
bos_3_close,2026-02-11 16:33:00+00:00,SPY,enter_long,692.56,bos_3_close
bos_3_close,2026-02-11 17:30:00+00:00,SPY,exit_long,693.6,hybrid_exit
bos_3_close,2026-02-11 17:53:00+00:00,SPY,enter_short,693.43,bos_3_close
bos_3_close,2026-02-11 18:16:00+00:00,SPY,enter_long,692.16,bos_3_close
bos_3_close,2026-02-11 18:20:00+00:00,SPY,exit_short,692.05,hybrid_exit
bos_3_close,2026-02-11 18:50:00+00:00,SPY,exit_long,692.89,hybrid_exit
bos_3_close,2026-02-11 19:30:00+00:00,SPY,enter_short,693.4,bos_3_close
bos_3_close,2026-02-11 20:20:00+00:00,SPY,exit_short,692.71,hybrid_exit
bos_3_close,2026-02-11 20:36:00+00:00,SPY,enter_long,692.27,bos_3_close
bos_3_close,2026-02-11 20:59:00+00:00,SPY,enter_short,691.81,bos_3_close
bos_3_close,2026-02-12 14:40:00+00:00,SPY,exit_long,694.82,hybrid_exit
bos_3_close,2026-02-12 16:30:00+00:00,SPY,exit_short,683.6,hybrid_exit
bos_3_close,2026-02-12 16:35:00+00:00,SPY,enter_long,684.93,bos_3_close
bos_3_close,2026-02-12 16:40:00+00:00,SPY,exit_long,685.58,hybrid_exit
bos_3_close,2026-02-12 16:44:00+00:00,SPY,enter_short,684.955,bos_3_close
bos_3_close,2026-02-12 17:23:00+00:00,SPY,enter_long,684.99,bos_3_close
bos_3_close,2026-02-12 17:30:00+00:00,SPY,exit_short,684.115,hybrid_exit
bos_3_close,2026-02-12 17:40:00+00:00,SPY,exit_long,684.89,hybrid_exit
bos_3_close,2026-02-12 17:46:00+00:00,SPY,enter_short,684.535,bos_3_close
bos_3_close,2026-02-12 18:06:00+00:00,SPY,enter_long,683.45,bos_3_close
bos_3_close,2026-02-12 18:10:00+00:00,SPY,exit_short,683.34,hybrid_exit
bos_3_close,2026-02-12 19:00:00+00:00,SPY,exit_long,684.855,hybrid_exit
bos_3_close,2026-02-12 19:26:00+00:00,SPY,enter_short,684.64,bos_3_close
bos_3_close,2026-02-13 14:30:00+00:00,SPY,exit_short,681.695,hybrid_exit
bos_3_close,2026-02-13 14:44:00+00:00,SPY,enter_long,680.45,bos_3_close
bos_3_close,2026-02-13 15:00:00+00:00,SPY,exit_long,679.885,hybrid_exit
bos_3_close,2026-02-13 15:20:00+00:00,SPY,enter_long,682.0,bos_3_close
bos_3_close,2026-02-13 17:10:00+00:00,SPY,exit_long,685.2,hybrid_exit
bos_3_close,2026-02-13 17:43:00+00:00,SPY,enter_short,685.85,bos_3_close
bos_3_close,2026-02-13 20:50:00+00:00,SPY,exit_short,681.18,hybrid_exit
bos_3_close,2026-02-17 14:42:00+00:00,SPY,enter_short,681.54,bos_3_close
bos_3_close,2026-02-17 15:00:00+00:00,SPY,exit_short,676.42,hybrid_exit
bos_3_close,2026-02-17 15:03:00+00:00,SPY,enter_long,678.07,bos_3_close
bos_3_close,2026-02-17 16:20:00+00:00,SPY,exit_long,682.76,hybrid_exit
bos_3_close,2026-02-17 16:43:00+00:00,SPY,enter_short,682.02,bos_3_close
bos_3_close,2026-02-17 17:20:00+00:00,SPY,exit_short,681.365,hybrid_exit
bos_3_close,2026-02-17 17:25:00+00:00,SPY,enter_long,681.38,bos_3_close
bos_3_close,2026-02-17 19:00:00+00:00,SPY,exit_long,684.06,hybrid_exit
bos_3_close,2026-02-17 19:06:00+00:00,SPY,enter_short,683.92,bos_3_close
bos_3_close,2026-02-17 20:10:00+00:00,SPY,exit_short,683.39,hybrid_exit
bos_3_close,2026-02-17 20:13:00+00:00,SPY,enter_long,683.49,bos_3_close
bos_3_close,2026-02-18 14:50:00+00:00,SPY,exit_long,683.77,hybrid_exit
bos_3_close,2026-02-18 15:04:00+00:00,SPY,enter_long,687.56,bos_3_close
bos_3_close,2026-02-18 15:33:00+00:00,SPY,enter_short,687.44,bos_3_close
bos_3_close,2026-02-18 15:40:00+00:00,SPY,exit_long,688.04,hybrid_exit
bos_3_close,2026-02-18 16:20:00+00:00,SPY,exit_short,688.13,hybrid_exit
bos_3_close,2026-02-18 16:44:00+00:00,SPY,enter_short,688.33,bos_3_close
bos_3_close,2026-02-18 17:04:00+00:00,SPY,enter_long,688.155,bos_3_close
bos_3_close,2026-02-18 17:20:00+00:00,SPY,exit_long,688.58,hybrid_exit
bos_3_close,2026-02-18 20:00:00+00:00,SPY,exit_short,684.62,hybrid_exit
bos_3_close,2026-02-18 20:24:00+00:00,SPY,enter_long,684.34,bos_3_close
bos_3_close,2026-02-18 20:58:00+00:00,SPY,enter_short,686.645,bos_3_close
bos_3_close,2026-02-19 14:30:00+00:00,SPY,exit_long,683.85,hybrid_exit
bos_3_close,2026-02-19 14:40:00+00:00,SPY,exit_short,683.68,hybrid_exit
bos_3_close,2026-02-19 14:43:00+00:00,SPY,enter_long,683.86,bos_3_close
bos_3_close,2026-02-19 15:00:00+00:00,SPY,exit_long,684.9,hybrid_exit
bos_3_close,2026-02-19 15:26:00+00:00,SPY,enter_short,684.4,bos_3_close
bos_3_close,2026-02-19 15:33:00+00:00,SPY,enter_long,685.49,bos_3_close
bos_3_close,2026-02-19 15:40:00+00:00,SPY,exit_long,685.43,hybrid_exit
bos_3_close,2026-02-19 17:17:00+00:00,SPY,enter_long,684.04,bos_3_close
bos_3_close,2026-02-19 17:20:00+00:00,SPY,exit_long,684.08,hybrid_exit
bos_3_close,2026-02-19 17:55:00+00:00,SPY,enter_long,683.0,bos_3_close
bos_3_close,2026-02-19 18:00:00+00:00,SPY,exit_short,682.42,hybrid_exit
bos_3_close,2026-02-19 19:00:00+00:00,SPY,exit_long,683.73,hybrid_exit
bos_3_close,2026-02-19 19:21:00+00:00,SPY,enter_short,683.7,bos_3_close
bos_3_close,2026-02-19 19:45:00+00:00,SPY,enter_long,682.59,bos_3_close
bos_3_close,2026-02-19 19:50:00+00:00,SPY,exit_short,682.53,hybrid_exit
bos_3_close,2026-02-20 14:50:00+00:00,SPY,exit_long,684.26,hybrid_exit
bos_3_close,2026-02-20 15:08:00+00:00,SPY,enter_long,687.065,bos_3_close
bos_3_close,2026-02-20 15:10:00+00:00,SPY,exit_long,687.035,hybrid_exit
bos_3_close,2026-02-20 15:23:00+00:00,SPY,enter_long,687.9,bos_3_close
bos_3_close,2026-02-20 15:50:00+00:00,SPY,exit_long,688.17,hybrid_exit
bos_3_close,2026-02-20 16:00:00+00:00,SPY,enter_short,688.42,bos_3_close
bos_3_close,2026-02-20 16:33:00+00:00,SPY,enter_long,687.2,bos_3_close
bos_3_close,2026-02-20 16:40:00+00:00,SPY,exit_long,688.12,hybrid_exit
bos_3_close,2026-02-20 17:20:00+00:00,SPY,exit_short,685.08,hybrid_exit
bos_3_close,2026-02-20 17:27:00+00:00,SPY,enter_long,685.0,bos_3_close
bos_3_close,2026-02-20 18:50:00+00:00,SPY,exit_long,689.1,hybrid_exit
bos_3_close,2026-02-20 19:05:00+00:00,SPY,enter_short,689.24,bos_3_close
bos_3_close,2026-02-20 19:40:00+00:00,SPY,exit_short,688.61,hybrid_exit
bos_3_close,2026-02-20 20:17:00+00:00,SPY,enter_short,688.75,bos_3_close
bos_3_close,2026-02-23 16:10:00+00:00,SPY,exit_short,681.15,hybrid_exit
bos_3_close,2026-02-23 16:17:00+00:00,SPY,enter_long,681.08,bos_3_close
bos_3_close,2026-02-23 16:50:00+00:00,SPY,exit_long,682.05,hybrid_exit
bos_3_close,2026-02-23 17:41:00+00:00,SPY,enter_long,681.17,bos_3_close
bos_3_close,2026-02-23 18:20:00+00:00,SPY,exit_long,683.13,hybrid_exit
bos_3_close,2026-02-23 18:30:00+00:00,SPY,enter_short,683.55,bos_3_close
bos_3_close,2026-02-23 19:20:00+00:00,SPY,exit_short,681.755,hybrid_exit
bos_3_close,2026-02-23 19:46:00+00:00,SPY,enter_long,681.02,bos_3_close
bos_3_close,2026-02-24 14:50:00+00:00,SPY,exit_long,684.9,hybrid_exit
bos_3_close,2026-02-24 15:06:00+00:00,SPY,enter_long,683.38,bos_3_close
bos_3_close,2026-02-24 15:40:00+00:00,SPY,exit_long,685.93,hybrid_exit
bos_3_close,2026-02-24 16:05:00+00:00,SPY,enter_long,686.24,bos_3_close
bos_3_close,2026-02-24 17:30:00+00:00,SPY,exit_long,687.45,hybrid_exit
bos_3_close,2026-02-24 17:43:00+00:00,SPY,enter_short,687.21,bos_3_close
bos_3_close,2026-02-24 18:30:00+00:00,SPY,exit_short,687.04,hybrid_exit
bos_3_close,2026-02-24 18:48:00+00:00,SPY,enter_short,687.58,bos_3_close
bos_3_close,2026-02-24 19:20:00+00:00,SPY,exit_short,686.93,hybrid_exit
bos_3_close,2026-02-24 19:37:00+00:00,SPY,enter_long,686.96,bos_3_close
bos_3_close,2026-02-24 21:00:00+00:00,SPY,exit_long,687.45,hybrid_exit
bos_3_close,2026-02-25 14:36:00+00:00,SPY,enter_long,691.06,bos_3_close
bos_3_close,2026-02-25 14:40:00+00:00,SPY,exit_long,691.19,hybrid_exit
bos_3_close,2026-02-25 14:56:00+00:00,SPY,enter_short,691.18,bos_3_close
bos_3_close,2026-02-25 15:30:00+00:00,SPY,exit_short,691.13,hybrid_exit
bos_3_close,2026-02-25 15:51:00+00:00,SPY,enter_long,690.75,bos_3_close
bos_3_close,2026-02-25 16:58:00+00:00,SPY,enter_short,692.0,bos_3_close
bos_3_close,2026-02-25 17:00:00+00:00,SPY,exit_long,692.02,hybrid_exit
bos_3_close,2026-02-25 17:37:00+00:00,SPY,enter_long,692.27,bos_3_close
bos_3_close,2026-02-25 17:40:00+00:00,SPY,exit_short,692.31,hybrid_exit
bos_3_close,2026-02-25 19:20:00+00:00,SPY,exit_long,693.0,hybrid_exit
bos_3_close,2026-02-25 19:44:00+00:00,SPY,enter_short,693.11,bos_3_close
bos_3_close,2026-02-26 14:40:00+00:00,SPY,exit_short,692.165,hybrid_exit
bos_3_close,2026-02-26 15:01:00+00:00,SPY,enter_short,689.76,bos_3_close
bos_3_close,2026-02-26 15:20:00+00:00,SPY,exit_short,686.56,hybrid_exit
bos_3_close,2026-02-26 15:36:00+00:00,SPY,enter_long,685.52,bos_3_close
bos_3_close,2026-02-26 15:50:00+00:00,SPY,exit_long,687.56,hybrid_exit
bos_3_close,2026-02-26 16:19:00+00:00,SPY,enter_short,688.27,bos_3_close
bos_3_close,2026-02-26 16:50:00+00:00,SPY,exit_short,687.42,hybrid_exit
bos_3_close,2026-02-26 17:33:00+00:00,SPY,enter_long,686.8,bos_3_close
bos_3_close,2026-02-26 19:20:00+00:00,SPY,exit_long,688.89,hybrid_exit
bos_3_close,2026-02-26 19:25:00+00:00,SPY,enter_short,688.9,bos_3_close
bos_3_close,2026-02-27 14:40:00+00:00,SPY,exit_short,684.06,hybrid_exit
bos_3_close,2026-02-27 15:01:00+00:00,SPY,enter_long,683.715,bos_3_close
bos_3_close,2026-02-27 15:50:00+00:00,SPY,exit_long,685.135,hybrid_exit
bos_3_close,2026-02-27 16:06:00+00:00,SPY,enter_short,685.39,bos_3_close
bos_3_close,2026-02-27 17:30:00+00:00,SPY,exit_short,684.14,hybrid_exit
bos_3_close,2026-02-27 18:05:00+00:00,SPY,enter_short,684.02,bos_3_close
bos_3_close,2026-02-27 18:40:00+00:00,SPY,exit_short,683.69,hybrid_exit
bos_3_close,2026-02-27 19:13:00+00:00,SPY,enter_long,684.18,bos_3_close
bos_3_close,2026-02-27 20:20:00+00:00,SPY,exit_long,685.57,hybrid_exit
bos_3_close,2026-02-27 20:27:00+00:00,SPY,enter_short,685.69,bos_3_close
bos_3_close,2026-03-02 14:40:00+00:00,SPY,exit_short,681.0,hybrid_exit
bos_3_close,2026-03-02 14:45:00+00:00,SPY,enter_long,682.51,bos_3_close
bos_3_close,2026-03-02 15:30:00+00:00,SPY,exit_long,683.37,hybrid_exit
bos_3_close,2026-03-02 15:43:00+00:00,SPY,enter_long,684.08,bos_3_close
bos_3_close,2026-03-02 17:00:00+00:00,SPY,exit_long,686.25,hybrid_exit
bos_3_close,2026-03-02 17:26:00+00:00,SPY,enter_short,686.62,bos_3_close
bos_3_close,2026-03-02 18:20:00+00:00,SPY,exit_short,686.59,hybrid_exit
bos_3_close,2026-03-02 18:43:00+00:00,SPY,enter_long,686.21,bos_3_close
bos_3_close,2026-03-02 19:24:00+00:00,SPY,enter_short,687.72,bos_3_close
bos_3_close,2026-03-02 19:30:00+00:00,SPY,exit_long,688.245,hybrid_exit
bos_3_close,2026-03-02 20:20:00+00:00,SPY,exit_short,686.08,hybrid_exit
bos_3_close,2026-03-02 20:41:00+00:00,SPY,enter_short,685.65,bos_3_close
bos_3_close,2026-03-03 14:40:00+00:00,SPY,exit_short,675.78,hybrid_exit
bos_3_close,2026-03-03 14:46:00+00:00,SPY,enter_long,674.52,bos_3_close
bos_3_close,2026-03-03 16:50:00+00:00,SPY,exit_long,677.57,hybrid_exit
bos_3_close,2026-03-03 17:14:00+00:00,SPY,enter_long,677.125,bos_3_close
bos_3_close,2026-03-03 18:50:00+00:00,SPY,exit_long,681.4,hybrid_exit
bos_3_close,2026-03-03 19:07:00+00:00,SPY,enter_short,680.46,bos_3_close
bos_3_close,2026-03-03 19:40:00+00:00,SPY,exit_short,680.82,hybrid_exit
bos_3_close,2026-03-03 19:53:00+00:00,SPY,enter_short,680.98,bos_3_close
bos_3_close,2026-03-03 20:28:00+00:00,SPY,enter_long,680.81,bos_3_close
bos_3_close,2026-03-03 20:30:00+00:00,SPY,exit_short,681.04,hybrid_exit
bos_3_close,2026-03-04 14:40:00+00:00,SPY,exit_long,680.95,hybrid_exit
bos_3_close,2026-03-04 14:53:00+00:00,SPY,enter_long,681.52,bos_3_close
bos_3_close,2026-03-04 15:40:00+00:00,SPY,exit_long,684.63,hybrid_exit
bos_3_close,2026-03-04 16:05:00+00:00,SPY,enter_short,685.86,bos_3_close
bos_3_close,2026-03-04 16:25:00+00:00,SPY,enter_long,684.91,bos_3_close
bos_3_close,2026-03-04 16:30:00+00:00,SPY,exit_short,685.185,hybrid_exit
bos_3_close,2026-03-04 17:00:00+00:00,SPY,exit_long,685.78,hybrid_exit
bos_3_close,2026-03-04 17:34:00+00:00,SPY,enter_long,685.47,bos_3_close
bos_3_close,2026-03-04 18:10:00+00:00,SPY,exit_long,686.22,hybrid_exit
bos_3_close,2026-03-04 18:23:00+00:00,SPY,enter_long,685.82,bos_3_close
bos_3_close,2026-03-04 19:00:00+00:00,SPY,exit_long,686.57,hybrid_exit
bos_3_close,2026-03-04 19:20:00+00:00,SPY,enter_short,686.73,bos_3_close
bos_3_close,2026-03-05 14:40:00+00:00,SPY,exit_short,683.63,hybrid_exit
bos_3_close,2026-03-05 15:03:00+00:00,SPY,enter_short,684.45,bos_3_close
bos_3_close,2026-03-05 15:40:00+00:00,SPY,exit_short,681.3,hybrid_exit
bos_3_close,2026-03-05 15:56:00+00:00,SPY,enter_short,681.38,bos_3_close
bos_3_close,2026-03-05 17:40:00+00:00,SPY,exit_short,678.09,hybrid_exit
bos_3_close,2026-03-05 18:16:00+00:00,SPY,enter_short,677.69,bos_3_close
bos_3_close,2026-03-05 18:30:00+00:00,SPY,exit_short,676.67,hybrid_exit
bos_3_close,2026-03-05 18:30:00+00:00,SPY,enter_long,676.51,bos_3_close
bos_3_close,2026-03-05 20:00:00+00:00,SPY,exit_long,677.1,hybrid_exit
bos_3_close,2026-03-05 20:28:00+00:00,SPY,enter_short,679.72,bos_3_close
bos_3_close,2026-03-06 14:40:00+00:00,SPY,exit_short,671.06,hybrid_exit
bos_3_close,2026-03-06 14:51:00+00:00,SPY,enter_long,671.77,bos_3_close
bos_3_close,2026-03-06 15:40:00+00:00,SPY,exit_long,675.5,hybrid_exit
bos_3_close,2026-03-06 15:43:00+00:00,SPY,enter_short,674.37,bos_3_close
bos_3_close,2026-03-06 15:54:00+00:00,SPY,enter_long,673.255,bos_3_close
bos_3_close,2026-03-06 16:00:00+00:00,SPY,exit_long,674.92,hybrid_exit
bos_3_close,2026-03-06 17:20:00+00:00,SPY,exit_short,674.43,hybrid_exit
bos_3_close,2026-03-06 17:46:00+00:00,SPY,enter_long,672.94,bos_3_close
bos_3_close,2026-03-06 18:20:00+00:00,SPY,exit_long,675.82,hybrid_exit
bos_3_close,2026-03-06 18:27:00+00:00,SPY,enter_short,674.56,bos_3_close
bos_3_close,2026-03-09 13:50:00+00:00,SPY,exit_short,663.68,hybrid_exit
bos_3_close,2026-03-09 13:57:00+00:00,SPY,enter_long,664.45,bos_3_close
bos_3_close,2026-03-09 16:20:00+00:00,SPY,exit_long,670.0,hybrid_exit
bos_3_close,2026-03-09 16:50:00+00:00,SPY,enter_short,671.85,bos_3_close
bos_3_close,2026-03-09 17:30:00+00:00,SPY,exit_short,668.875,hybrid_exit
bos_3_close,2026-03-09 17:46:00+00:00,SPY,enter_long,668.64,bos_3_close
bos_3_close,2026-03-09 19:40:00+00:00,SPY,exit_long,679.16,hybrid_exit
bos_3_close,2026-03-09 19:50:00+00:00,SPY,enter_short,677.14,bos_3_close
bos_3_close,2026-03-10 13:40:00+00:00,SPY,exit_short,677.04,hybrid_exit
bos_3_close,2026-03-10 13:46:00+00:00,SPY,enter_long,677.26,bos_3_close
bos_3_close,2026-03-10 15:00:00+00:00,SPY,exit_long,681.1,hybrid_exit
bos_3_close,2026-03-10 15:05:00+00:00,SPY,enter_short,681.09,bos_3_close
bos_3_close,2026-03-10 16:00:00+00:00,SPY,exit_short,681.4,hybrid_exit
bos_3_close,2026-03-10 16:18:00+00:00,SPY,enter_long,681.005,bos_3_close
bos_3_close,2026-03-10 16:43:00+00:00,SPY,enter_short,681.3,bos_3_close
bos_3_close,2026-03-10 16:50:00+00:00,SPY,exit_long,680.94,hybrid_exit
bos_3_close,2026-03-10 18:30:00+00:00,SPY,exit_short,679.42,hybrid_exit
bos_3_close,2026-03-10 18:45:00+00:00,SPY,enter_short,678.62,bos_3_close
bos_3_close,2026-03-10 19:50:00+00:00,SPY,exit_short,676.78,hybrid_exit
bos_3_close,2026-03-10 19:59:00+00:00,SPY,enter_long,677.13,bos_3_close
bos_3_close,2026-03-11 13:40:00+00:00,SPY,exit_long,678.38,hybrid_exit
bos_3_close,2026-03-11 13:43:00+00:00,SPY,enter_short,677.48,bos_3_close
bos_3_close,2026-03-11 15:40:00+00:00,SPY,exit_short,674.875,hybrid_exit
bos_3_close,2026-03-11 16:07:00+00:00,SPY,enter_long,673.99,bos_3_close
bos_3_close,2026-03-11 16:50:00+00:00,SPY,exit_long,675.34,hybrid_exit
bos_3_close,2026-03-11 17:09:00+00:00,SPY,enter_short,676.24,bos_3_close
bos_3_close,2026-03-11 17:40:00+00:00,SPY,exit_short,674.64,hybrid_exit
bos_3_close,2026-03-11 18:14:00+00:00,SPY,enter_long,674.37,bos_3_close
bos_3_close,2026-03-11 18:50:00+00:00,SPY,exit_long,674.815,hybrid_exit
bos_3_close,2026-03-11 18:57:00+00:00,SPY,enter_short,675.12,bos_3_close
bos_3_close,2026-03-12 13:40:00+00:00,SPY,exit_short,671.28,hybrid_exit
bos_3_close,2026-03-12 13:53:00+00:00,SPY,enter_short,669.18,bos_3_close
bos_3_close,2026-03-12 14:30:00+00:00,SPY,exit_short,668.04,hybrid_exit
bos_3_close,2026-03-12 14:35:00+00:00,SPY,enter_long,668.51,bos_3_close
bos_3_close,2026-03-12 15:40:00+00:00,SPY,exit_long,669.73,hybrid_exit
bos_3_close,2026-03-12 15:46:00+00:00,SPY,enter_short,669.07,bos_3_close
bos_3_close,2026-03-12 16:13:00+00:00,SPY,enter_long,668.6,bos_3_close
bos_3_close,2026-03-12 16:20:00+00:00,SPY,exit_long,669.8,hybrid_exit
bos_3_close,2026-03-12 18:50:00+00:00,SPY,exit_short,667.49,hybrid_exit
bos_3_close,2026-03-12 19:05:00+00:00,SPY,enter_long,667.53,bos_3_close
bos_3_close,2026-03-12 19:40:00+00:00,SPY,exit_long,667.915,hybrid_exit
bos_3_close,2026-03-13 13:30:00+00:00,SPY,enter_long,670.065,bos_3_close
bos_3_close,2026-03-13 13:40:00+00:00,SPY,exit_long,670.39,hybrid_exit
bos_3_close,2026-03-13 13:48:00+00:00,SPY,enter_short,671.43,bos_3_close
bos_3_close,2026-03-13 15:10:00+00:00,SPY,exit_short,666.21,hybrid_exit
bos_3_close,2026-03-13 15:23:00+00:00,SPY,enter_short,665.385,bos_3_close
bos_3_close,2026-03-13 16:00:00+00:00,SPY,exit_short,663.5,hybrid_exit
bos_3_close,2026-03-13 16:07:00+00:00,SPY,enter_long,664.605,bos_3_close
bos_3_close,2026-03-13 16:40:00+00:00,SPY,exit_long,664.27,hybrid_exit
bos_3_close,2026-03-13 16:44:00+00:00,SPY,enter_short,663.75,bos_3_close
bos_3_close,2026-03-13 18:00:00+00:00,SPY,enter_long,662.825,bos_3_close
bos_3_close,2026-03-13 18:00:00+00:00,SPY,exit_short,662.7,hybrid_exit
bos_3_close,2026-03-16 14:10:00+00:00,SPY,exit_long,670.8,hybrid_exit
bos_3_close,2026-03-16 14:29:00+00:00,SPY,enter_short,670.365,bos_3_close
bos_3_close,2026-03-16 14:50:00+00:00,SPY,exit_short,668.02,hybrid_exit
bos_3_close,2026-03-16 14:53:00+00:00,SPY,enter_long,668.88,bos_3_close
bos_3_close,2026-03-16 15:10:00+00:00,SPY,exit_long,669.17,hybrid_exit
bos_3_close,2026-03-16 15:38:00+00:00,SPY,enter_short,670.22,bos_3_close
bos_3_close,2026-03-16 16:10:00+00:00,SPY,exit_short,668.81,hybrid_exit
bos_3_close,2026-03-16 16:39:00+00:00,SPY,enter_long,668.21,bos_3_close
bos_3_close,2026-03-16 18:20:00+00:00,SPY,exit_long,669.81,hybrid_exit
bos_3_close,2026-03-16 19:00:00+00:00,SPY,enter_long,669.94,bos_3_close
bos_3_close,2026-03-16 19:20:00+00:00,SPY,exit_long,669.42,hybrid_exit
bos_3_close,2026-03-16 19:56:00+00:00,SPY,enter_long,669.035,bos_3_close
bos_3_close,2026-03-17 13:40:00+00:00,SPY,exit_long,673.885,hybrid_exit
bos_3_close,2026-03-17 14:00:00+00:00,SPY,enter_short,673.47,bos_3_close
bos_3_close,2026-03-17 15:40:00+00:00,SPY,exit_short,670.68,hybrid_exit
bos_3_close,2026-03-17 16:17:00+00:00,SPY,enter_long,671.14,bos_3_close
bos_3_close,2026-03-17 16:27:00+00:00,SPY,enter_short,671.04,bos_3_close
bos_3_close,2026-03-17 17:00:00+00:00,SPY,exit_short,671.05,hybrid_exit
bos_3_close,2026-03-17 17:15:00+00:00,SPY,enter_short,671.3,bos_3_close
bos_3_close,2026-03-17 17:20:00+00:00,SPY,exit_long,671.4,hybrid_exit
bos_3_close,2026-03-18 13:40:00+00:00,SPY,exit_short,669.07,hybrid_exit
bos_3_close,2026-03-18 13:57:00+00:00,SPY,enter_short,668.48,bos_3_close
bos_3_close,2026-03-18 14:30:00+00:00,SPY,exit_short,665.98,hybrid_exit
bos_3_close,2026-03-18 14:33:00+00:00,SPY,enter_long,666.82,bos_3_close
bos_3_close,2026-03-18 15:00:00+00:00,SPY,exit_long,667.13,hybrid_exit
bos_3_close,2026-03-18 15:10:00+00:00,SPY,enter_short,667.62,bos_3_close
bos_3_close,2026-03-18 18:30:00+00:00,SPY,exit_short,665.94,hybrid_exit
bos_3_close,2026-03-18 18:50:00+00:00,SPY,enter_short,664.28,bos_3_close
bos_3_close,2026-03-19 13:40:00+00:00,SPY,exit_short,656.23,hybrid_exit
bos_3_close,2026-03-19 13:43:00+00:00,SPY,enter_long,657.39,bos_3_close
bos_3_close,2026-03-19 14:00:00+00:00,SPY,exit_long,658.64,hybrid_exit
bos_3_close,2026-03-19 14:04:00+00:00,SPY,enter_short,658.21,bos_3_close
bos_3_close,2026-03-19 14:30:00+00:00,SPY,exit_short,656.33,hybrid_exit
bos_3_close,2026-03-19 14:33:00+00:00,SPY,enter_long,658.005,bos_3_close
bos_3_close,2026-03-19 15:10:00+00:00,SPY,exit_long,658.87,hybrid_exit
bos_3_close,2026-03-19 15:17:00+00:00,SPY,enter_short,659.005,bos_3_close
bos_3_close,2026-03-19 15:49:00+00:00,SPY,enter_long,657.03,bos_3_close
bos_3_close,2026-03-19 15:50:00+00:00,SPY,exit_short,657.02,hybrid_exit
bos_3_close,2026-03-19 16:10:00+00:00,SPY,exit_long,658.495,hybrid_exit
bos_3_close,2026-03-19 16:15:00+00:00,SPY,enter_short,657.56,bos_3_close
bos_3_close,2026-03-19 17:17:00+00:00,SPY,enter_long,656.34,bos_3_close
bos_3_close,2026-03-19 17:20:00+00:00,SPY,exit_short,656.8,hybrid_exit
bos_3_close,2026-03-19 18:30:00+00:00,SPY,exit_long,657.155,hybrid_exit
bos_3_close,2026-03-19 18:46:00+00:00,SPY,enter_long,656.62,bos_3_close
bos_3_close,2026-03-19 19:00:00+00:00,SPY,exit_long,658.415,hybrid_exit
bos_3_close,2026-03-19 19:13:00+00:00,SPY,enter_short,660.83,bos_3_close
bos_3_close,2026-03-20 14:10:00+00:00,SPY,exit_short,653.09,hybrid_exit
bos_3_close,2026-03-20 14:30:00+00:00,SPY,enter_long,652.34,bos_3_close
bos_3_close,2026-03-20 15:10:00+00:00,SPY,exit_long,652.19,hybrid_exit
bos_3_close,2026-03-20 15:33:00+00:00,SPY,enter_long,652.57,bos_3_close
bos_3_close,2026-03-20 16:00:00+00:00,SPY,exit_long,652.96,hybrid_exit
bos_3_close,2026-03-20 16:06:00+00:00,SPY,enter_short,653.165,bos_3_close
bos_3_close,2026-03-20 18:30:00+00:00,SPY,exit_short,649.4,hybrid_exit
bos_3_close,2026-03-20 18:59:00+00:00,SPY,enter_long,648.06,bos_3_close
bos_3_close,2026-03-23 14:10:00+00:00,SPY,exit_long,659.56,hybrid_exit
bos_3_close,2026-03-23 14:25:00+00:00,SPY,enter_short,661.44,bos_3_close
bos_3_close,2026-03-23 16:10:00+00:00,SPY,exit_short,656.77,hybrid_exit
bos_3_close,2026-03-23 16:34:00+00:00,SPY,enter_long,655.6,bos_3_close
bos_3_close,2026-03-23 18:10:00+00:00,SPY,exit_long,657.45,hybrid_exit
bos_3_close,2026-03-23 18:39:00+00:00,SPY,enter_short,658.95,bos_3_close
bos_3_close,2026-03-24 13:40:00+00:00,SPY,exit_short,651.22,hybrid_exit
bos_3_close,2026-03-24 13:46:00+00:00,SPY,enter_long,651.57,bos_3_close
bos_3_close,2026-03-24 15:00:00+00:00,SPY,exit_long,653.95,hybrid_exit
bos_3_close,2026-03-24 15:33:00+00:00,SPY,enter_short,655.34,bos_3_close
bos_3_close,2026-03-24 17:20:00+00:00,SPY,exit_short,652.79,hybrid_exit
bos_3_close,2026-03-24 17:28:00+00:00,SPY,enter_long,653.38,bos_3_close
bos_3_close,2026-03-24 18:50:00+00:00,SPY,exit_long,655.02,hybrid_exit
bos_3_close,2026-03-24 19:42:00+00:00,SPY,enter_long,654.25,bos_3_close
bos_3_close,2026-03-25 13:40:00+00:00,SPY,exit_long,659.88,hybrid_exit
bos_3_close,2026-03-25 14:24:00+00:00,SPY,enter_short,657.36,bos_3_close
bos_3_close,2026-03-25 15:20:00+00:00,SPY,exit_short,655.15,hybrid_exit
bos_3_close,2026-03-25 15:23:00+00:00,SPY,enter_long,656.5,bos_3_close
bos_3_close,2026-03-25 15:30:00+00:00,SPY,exit_long,657.87,hybrid_exit
bos_3_close,2026-03-25 15:37:00+00:00,SPY,enter_short,657.265,bos_3_close
bos_3_close,2026-03-25 16:10:00+00:00,SPY,exit_short,656.57,hybrid_exit
bos_3_close,2026-03-25 16:22:00+00:00,SPY,enter_long,656.61,bos_3_close
bos_3_close,2026-03-25 16:47:00+00:00,SPY,enter_short,657.5,bos_3_close
bos_3_close,2026-03-25 17:00:00+00:00,SPY,exit_long,657.74,hybrid_exit
bos_3_close,2026-03-25 17:13:00+00:00,SPY,enter_long,657.7,bos_3_close
bos_3_close,2026-03-25 17:20:00+00:00,SPY,exit_short,657.24,hybrid_exit
bos_3_close,2026-03-25 17:47:00+00:00,SPY,enter_short,658.29,bos_3_close
bos_3_close,2026-03-25 17:50:00+00:00,SPY,exit_long,658.07,hybrid_exit
bos_3_close,2026-03-26 13:40:00+00:00,SPY,exit_short,650.79,hybrid_exit
bos_3_close,2026-03-26 13:43:00+00:00,SPY,enter_long,652.31,bos_3_close
bos_3_close,2026-03-26 14:00:00+00:00,SPY,exit_long,654.47,hybrid_exit
bos_3_close,2026-03-26 14:04:00+00:00,SPY,enter_short,654.02,bos_3_close
bos_3_close,2026-03-26 15:00:00+00:00,SPY,exit_short,652.31,hybrid_exit
bos_3_close,2026-03-26 15:14:00+00:00,SPY,enter_short,652.26,bos_3_close
bos_3_close,2026-03-26 19:14:00+00:00,SPY,enter_long,646.22,bos_3_close
bos_3_close,2026-03-26 19:50:00+00:00,SPY,exit_long,645.73,hybrid_exit
bos_3_close,2026-03-27 13:40:00+00:00,SPY,exit_short,640.925,hybrid_exit
bos_3_close,2026-03-27 13:53:00+00:00,SPY,enter_short,640.25,bos_3_close
bos_3_close,2026-03-27 14:34:00+00:00,SPY,enter_long,639.68,bos_3_close
bos_3_close,2026-03-27 14:40:00+00:00,SPY,exit_short,638.9,hybrid_exit
bos_3_close,2026-03-27 14:50:00+00:00,SPY,exit_long,640.2,hybrid_exit
bos_3_close,2026-03-27 14:53:00+00:00,SPY,enter_short,639.92,bos_3_close
trend_volume_1.25x,2026-01-26 20:12:00+00:00,SPY,enter_short,693.6,trend_volume_1.25x
trend_volume_1.25x,2026-01-26 20:21:00+00:00,SPY,enter_long,693.58,trend_volume_1.25x
trend_volume_1.25x,2026-01-26 20:50:00+00:00,SPY,exit_short,693.63,hybrid_exit
trend_volume_1.25x,2026-01-27 14:40:00+00:00,SPY,exit_long,693.6,hybrid_exit
trend_volume_1.25x,2026-01-27 14:53:00+00:00,SPY,enter_long,695.22,trend_volume_1.25x
trend_volume_1.25x,2026-01-27 16:00:00+00:00,SPY,exit_long,696.0,hybrid_exit
trend_volume_1.25x,2026-01-27 16:38:00+00:00,SPY,enter_short,696.35,trend_volume_1.25x
trend_volume_1.25x,2026-01-27 17:50:00+00:00,SPY,exit_short,695.7,hybrid_exit
trend_volume_1.25x,2026-01-27 18:12:00+00:00,SPY,enter_long,695.305,trend_volume_1.25x
trend_volume_1.25x,2026-01-27 19:00:00+00:00,SPY,exit_long,696.01,hybrid_exit
trend_volume_1.25x,2026-01-27 19:31:00+00:00,SPY,enter_short,696.19,trend_volume_1.25x
trend_volume_1.25x,2026-01-27 20:10:00+00:00,SPY,exit_short,696.15,hybrid_exit
trend_volume_1.25x,2026-01-27 20:34:00+00:00,SPY,enter_long,696.085,trend_volume_1.25x
trend_volume_1.25x,2026-01-28 14:40:00+00:00,SPY,exit_long,697.165,hybrid_exit
trend_volume_1.25x,2026-01-28 14:43:00+00:00,SPY,enter_short,697.45,trend_volume_1.25x
trend_volume_1.25x,2026-01-28 15:20:00+00:00,SPY,exit_short,696.51,hybrid_exit
trend_volume_1.25x,2026-01-28 15:35:00+00:00,SPY,enter_short,696.24,trend_volume_1.25x
trend_volume_1.25x,2026-01-28 17:00:00+00:00,SPY,exit_short,694.73,hybrid_exit
trend_volume_1.25x,2026-01-28 17:07:00+00:00,SPY,enter_long,695.05,trend_volume_1.25x
trend_volume_1.25x,2026-01-28 17:25:00+00:00,SPY,enter_short,694.82,trend_volume_1.25x
trend_volume_1.25x,2026-01-28 18:00:00+00:00,SPY,exit_long,694.84,hybrid_exit
trend_volume_1.25x,2026-01-28 18:00:00+00:00,SPY,exit_short,694.84,hybrid_exit
trend_volume_1.25x,2026-01-28 18:10:00+00:00,SPY,enter_short,694.935,trend_volume_1.25x
trend_volume_1.25x,2026-01-28 18:50:00+00:00,SPY,exit_short,694.89,hybrid_exit
trend_volume_1.25x,2026-01-28 18:54:00+00:00,SPY,enter_long,695.01,trend_volume_1.25x
trend_volume_1.25x,2026-01-28 19:40:00+00:00,SPY,exit_long,694.67,hybrid_exit
trend_volume_1.25x,2026-01-28 20:08:00+00:00,SPY,enter_short,695.695,trend_volume_1.25x
trend_volume_1.25x,2026-01-29 14:50:00+00:00,SPY,exit_short,693.64,hybrid_exit
trend_volume_1.25x,2026-01-29 15:02:00+00:00,SPY,enter_short,690.37,trend_volume_1.25x
trend_volume_1.25x,2026-01-29 15:40:00+00:00,SPY,exit_short,687.59,hybrid_exit
trend_volume_1.25x,2026-01-29 15:44:00+00:00,SPY,enter_long,686.56,trend_volume_1.25x
trend_volume_1.25x,2026-01-29 17:30:00+00:00,SPY,exit_long,690.985,hybrid_exit
trend_volume_1.25x,2026-01-29 17:33:00+00:00,SPY,enter_short,690.83,trend_volume_1.25x
trend_volume_1.25x,2026-01-29 17:55:00+00:00,SPY,enter_long,689.16,trend_volume_1.25x
trend_volume_1.25x,2026-01-29 18:00:00+00:00,SPY,exit_short,689.03,hybrid_exit
trend_volume_1.25x,2026-01-30 14:30:00+00:00,SPY,exit_long,691.84,hybrid_exit
trend_volume_1.25x,2026-01-30 14:38:00+00:00,SPY,enter_short,692.92,trend_volume_1.25x
trend_volume_1.25x,2026-01-30 15:10:00+00:00,SPY,exit_short,693.34,hybrid_exit
trend_volume_1.25x,2026-01-30 15:21:00+00:00,SPY,enter_short,693.11,trend_volume_1.25x
trend_volume_1.25x,2026-01-30 15:40:00+00:00,SPY,exit_short,693.04,hybrid_exit
trend_volume_1.25x,2026-01-30 15:56:00+00:00,SPY,enter_short,692.25,trend_volume_1.25x
trend_volume_1.25x,2026-01-30 17:10:00+00:00,SPY,exit_short,689.11,hybrid_exit
trend_volume_1.25x,2026-01-30 17:17:00+00:00,SPY,enter_long,689.335,trend_volume_1.25x
trend_volume_1.25x,2026-01-30 17:33:00+00:00,SPY,enter_short,690.44,trend_volume_1.25x
trend_volume_1.25x,2026-01-30 17:40:00+00:00,SPY,exit_long,690.09,hybrid_exit
trend_volume_1.25x,2026-01-30 18:00:00+00:00,SPY,enter_long,689.105,trend_volume_1.25x
trend_volume_1.25x,2026-01-30 18:10:00+00:00,SPY,exit_short,689.6,hybrid_exit
trend_volume_1.25x,2026-01-30 19:00:00+00:00,SPY,exit_long,691.36,hybrid_exit
trend_volume_1.25x,2026-01-30 19:15:00+00:00,SPY,enter_short,691.91,trend_volume_1.25x
trend_volume_1.25x,2026-01-30 19:50:00+00:00,SPY,exit_short,690.89,hybrid_exit
trend_volume_1.25x,2026-01-30 19:53:00+00:00,SPY,enter_long,691.7,trend_volume_1.25x
trend_volume_1.25x,2026-02-02 15:49:00+00:00,SPY,enter_short,694.72,trend_volume_1.25x
trend_volume_1.25x,2026-02-02 16:10:00+00:00,SPY,exit_short,694.87,hybrid_exit
trend_volume_1.25x,2026-02-02 17:20:00+00:00,SPY,exit_long,696.26,hybrid_exit
trend_volume_1.25x,2026-02-02 17:29:00+00:00,SPY,enter_short,696.21,trend_volume_1.25x
trend_volume_1.25x,2026-02-02 18:30:00+00:00,SPY,exit_short,696.07,hybrid_exit
trend_volume_1.25x,2026-02-02 18:54:00+00:00,SPY,enter_short,696.52,trend_volume_1.25x
trend_volume_1.25x,2026-02-02 20:10:00+00:00,SPY,exit_short,696.3,hybrid_exit
trend_volume_1.25x,2026-02-02 20:25:00+00:00,SPY,enter_short,696.075,trend_volume_1.25x
trend_volume_1.25x,2026-02-03 15:10:00+00:00,SPY,exit_short,692.99,hybrid_exit
trend_volume_1.25x,2026-02-03 15:21:00+00:00,SPY,enter_short,692.36,trend_volume_1.25x
trend_volume_1.25x,2026-02-03 18:40:00+00:00,SPY,exit_short,686.355,hybrid_exit
trend_volume_1.25x,2026-02-03 18:55:00+00:00,SPY,enter_long,685.95,trend_volume_1.25x
trend_volume_1.25x,2026-02-04 14:40:00+00:00,SPY,exit_long,690.57,hybrid_exit
trend_volume_1.25x,2026-02-04 14:43:00+00:00,SPY,enter_short,690.58,trend_volume_1.25x
trend_volume_1.25x,2026-02-04 15:10:00+00:00,SPY,exit_short,688.985,hybrid_exit
trend_volume_1.25x,2026-02-04 15:24:00+00:00,SPY,enter_short,690.005,trend_volume_1.25x
trend_volume_1.25x,2026-02-04 17:00:00+00:00,SPY,exit_short,686.51,hybrid_exit
trend_volume_1.25x,2026-02-04 17:10:00+00:00,SPY,enter_short,686.06,trend_volume_1.25x
trend_volume_1.25x,2026-02-04 17:40:00+00:00,SPY,exit_short,682.41,hybrid_exit
trend_volume_1.25x,2026-02-04 17:46:00+00:00,SPY,enter_long,682.94,trend_volume_1.25x
trend_volume_1.25x,2026-02-04 19:50:00+00:00,SPY,exit_long,687.33,hybrid_exit
trend_volume_1.25x,2026-02-04 20:00:00+00:00,SPY,enter_short,687.8,trend_volume_1.25x
trend_volume_1.25x,2026-02-05 14:40:00+00:00,SPY,exit_short,682.37,hybrid_exit
trend_volume_1.25x,2026-02-05 14:58:00+00:00,SPY,enter_short,680.69,trend_volume_1.25x
trend_volume_1.25x,2026-02-05 15:10:00+00:00,SPY,exit_short,678.75,hybrid_exit
trend_volume_1.25x,2026-02-05 15:28:00+00:00,SPY,enter_long,676.595,trend_volume_1.25x
trend_volume_1.25x,2026-02-05 16:40:00+00:00,SPY,exit_long,680.235,hybrid_exit
trend_volume_1.25x,2026-02-05 17:39:00+00:00,SPY,enter_short,681.33,trend_volume_1.25x
trend_volume_1.25x,2026-02-05 18:30:00+00:00,SPY,exit_short,679.09,hybrid_exit
trend_volume_1.25x,2026-02-05 18:41:00+00:00,SPY,enter_long,679.01,trend_volume_1.25x
trend_volume_1.25x,2026-02-05 19:20:00+00:00,SPY,enter_short,681.15,trend_volume_1.25x
trend_volume_1.25x,2026-02-05 19:20:00+00:00,SPY,exit_long,681.16,hybrid_exit
trend_volume_1.25x,2026-02-05 19:41:00+00:00,SPY,enter_long,678.96,trend_volume_1.25x
trend_volume_1.25x,2026-02-05 20:00:00+00:00,SPY,exit_short,679.08,hybrid_exit
trend_volume_1.25x,2026-02-06 15:00:00+00:00,SPY,exit_long,684.82,hybrid_exit
trend_volume_1.25x,2026-02-06 15:11:00+00:00,SPY,enter_long,685.0,trend_volume_1.25x
trend_volume_1.25x,2026-02-06 18:20:00+00:00,SPY,exit_long,689.155,hybrid_exit
trend_volume_1.25x,2026-02-06 18:30:00+00:00,SPY,enter_long,689.02,trend_volume_1.25x
trend_volume_1.25x,2026-02-09 14:30:00+00:00,SPY,exit_long,689.47,hybrid_exit
trend_volume_1.25x,2026-02-09 14:46:00+00:00,SPY,enter_long,691.43,trend_volume_1.25x
trend_volume_1.25x,2026-02-09 16:53:00+00:00,SPY,enter_short,695.415,trend_volume_1.25x
trend_volume_1.25x,2026-02-09 17:00:00+00:00,SPY,exit_long,695.375,hybrid_exit
trend_volume_1.25x,2026-02-09 18:00:00+00:00,SPY,exit_short,694.58,hybrid_exit
trend_volume_1.25x,2026-02-09 18:02:00+00:00,SPY,enter_long,694.77,trend_volume_1.25x
trend_volume_1.25x,2026-02-09 19:29:00+00:00,SPY,enter_short,695.68,trend_volume_1.25x
trend_volume_1.25x,2026-02-09 19:30:00+00:00,SPY,exit_long,695.76,hybrid_exit
trend_volume_1.25x,2026-02-09 20:30:00+00:00,SPY,enter_long,694.49,trend_volume_1.25x
trend_volume_1.25x,2026-02-09 20:40:00+00:00,SPY,exit_short,694.54,hybrid_exit
trend_volume_1.25x,2026-02-10 14:40:00+00:00,SPY,exit_long,694.305,hybrid_exit
trend_volume_1.25x,2026-02-10 14:52:00+00:00,SPY,enter_long,694.825,trend_volume_1.25x
trend_volume_1.25x,2026-02-10 15:00:00+00:00,SPY,exit_long,695.77,hybrid_exit
trend_volume_1.25x,2026-02-10 15:05:00+00:00,SPY,enter_short,695.725,trend_volume_1.25x
trend_volume_1.25x,2026-02-10 16:20:00+00:00,SPY,exit_short,694.94,hybrid_exit
trend_volume_1.25x,2026-02-10 17:15:00+00:00,SPY,enter_short,695.395,trend_volume_1.25x
trend_volume_1.25x,2026-02-10 18:40:00+00:00,SPY,exit_short,693.675,hybrid_exit
trend_volume_1.25x,2026-02-10 19:40:00+00:00,SPY,enter_short,693.87,trend_volume_1.25x
trend_volume_1.25x,2026-02-11 14:30:00+00:00,SPY,exit_short,696.435,hybrid_exit
trend_volume_1.25x,2026-02-11 14:42:00+00:00,SPY,enter_short,695.18,trend_volume_1.25x
trend_volume_1.25x,2026-02-11 15:20:00+00:00,SPY,exit_short,690.79,hybrid_exit
trend_volume_1.25x,2026-02-11 15:26:00+00:00,SPY,enter_long,689.5,trend_volume_1.25x
trend_volume_1.25x,2026-02-11 15:50:00+00:00,SPY,exit_long,690.465,hybrid_exit
trend_volume_1.25x,2026-02-11 16:10:00+00:00,SPY,enter_long,692.3,trend_volume_1.25x
trend_volume_1.25x,2026-02-11 16:50:00+00:00,SPY,exit_long,692.57,hybrid_exit
trend_volume_1.25x,2026-02-11 17:02:00+00:00,SPY,enter_long,691.775,trend_volume_1.25x
trend_volume_1.25x,2026-02-11 17:34:00+00:00,SPY,enter_short,693.26,trend_volume_1.25x
trend_volume_1.25x,2026-02-11 17:40:00+00:00,SPY,exit_long,693.4,hybrid_exit
trend_volume_1.25x,2026-02-11 18:10:00+00:00,SPY,exit_short,692.0,hybrid_exit
trend_volume_1.25x,2026-02-11 18:16:00+00:00,SPY,enter_long,692.16,trend_volume_1.25x
trend_volume_1.25x,2026-02-11 18:50:00+00:00,SPY,exit_long,692.89,hybrid_exit
trend_volume_1.25x,2026-02-11 19:08:00+00:00,SPY,enter_long,692.805,trend_volume_1.25x
trend_volume_1.25x,2026-02-11 19:37:00+00:00,SPY,enter_short,693.79,trend_volume_1.25x
trend_volume_1.25x,2026-02-11 19:40:00+00:00,SPY,exit_long,693.53,hybrid_exit
trend_volume_1.25x,2026-02-11 20:20:00+00:00,SPY,exit_short,692.71,hybrid_exit
trend_volume_1.25x,2026-02-11 20:31:00+00:00,SPY,enter_long,692.15,trend_volume_1.25x
trend_volume_1.25x,2026-02-11 20:50:00+00:00,SPY,enter_short,692.315,trend_volume_1.25x
trend_volume_1.25x,2026-02-12 14:40:00+00:00,SPY,exit_long,694.82,hybrid_exit
trend_volume_1.25x,2026-02-12 16:30:00+00:00,SPY,exit_short,683.6,hybrid_exit
trend_volume_1.25x,2026-02-12 16:30:00+00:00,SPY,enter_long,683.885,trend_volume_1.25x
trend_volume_1.25x,2026-02-12 16:40:00+00:00,SPY,exit_long,685.58,hybrid_exit
trend_volume_1.25x,2026-02-12 16:47:00+00:00,SPY,enter_short,684.37,trend_volume_1.25x
trend_volume_1.25x,2026-02-12 17:20:00+00:00,SPY,enter_long,684.31,trend_volume_1.25x
trend_volume_1.25x,2026-02-12 17:30:00+00:00,SPY,exit_short,684.115,hybrid_exit
trend_volume_1.25x,2026-02-12 17:40:00+00:00,SPY,exit_long,684.89,hybrid_exit
trend_volume_1.25x,2026-02-12 17:44:00+00:00,SPY,enter_short,685.12,trend_volume_1.25x
trend_volume_1.25x,2026-02-12 18:01:00+00:00,SPY,enter_long,683.09,trend_volume_1.25x
trend_volume_1.25x,2026-02-12 18:10:00+00:00,SPY,exit_short,683.34,hybrid_exit
trend_volume_1.25x,2026-02-12 19:00:00+00:00,SPY,exit_long,684.855,hybrid_exit
trend_volume_1.25x,2026-02-12 19:11:00+00:00,SPY,enter_short,683.85,trend_volume_1.25x
trend_volume_1.25x,2026-02-13 14:30:00+00:00,SPY,exit_short,681.695,hybrid_exit
trend_volume_1.25x,2026-02-13 14:42:00+00:00,SPY,enter_long,678.225,trend_volume_1.25x
trend_volume_1.25x,2026-02-13 14:50:00+00:00,SPY,exit_long,681.43,hybrid_exit
trend_volume_1.25x,2026-02-13 15:00:00+00:00,SPY,enter_long,680.98,trend_volume_1.25x
trend_volume_1.25x,2026-02-13 15:40:00+00:00,SPY,exit_long,682.86,hybrid_exit
trend_volume_1.25x,2026-02-13 15:50:00+00:00,SPY,enter_long,681.7,trend_volume_1.25x
trend_volume_1.25x,2026-02-13 17:10:00+00:00,SPY,exit_long,685.2,hybrid_exit
trend_volume_1.25x,2026-02-13 17:42:00+00:00,SPY,enter_short,686.01,trend_volume_1.25x
trend_volume_1.25x,2026-02-13 20:50:00+00:00,SPY,exit_short,681.18,hybrid_exit
trend_volume_1.25x,2026-02-17 14:40:00+00:00,SPY,enter_short,682.31,trend_volume_1.25x
trend_volume_1.25x,2026-02-17 15:00:00+00:00,SPY,exit_short,676.42,hybrid_exit
trend_volume_1.25x,2026-02-17 15:00:00+00:00,SPY,enter_long,676.8,trend_volume_1.25x
trend_volume_1.25x,2026-02-17 15:30:00+00:00,SPY,exit_long,677.43,hybrid_exit
trend_volume_1.25x,2026-02-17 15:40:00+00:00,SPY,enter_long,676.45,trend_volume_1.25x
trend_volume_1.25x,2026-02-17 16:20:00+00:00,SPY,exit_long,682.76,hybrid_exit
trend_volume_1.25x,2026-02-17 17:20:00+00:00,SPY,enter_long,681.405,trend_volume_1.25x
trend_volume_1.25x,2026-02-17 19:00:00+00:00,SPY,exit_long,684.06,hybrid_exit
trend_volume_1.25x,2026-02-17 19:10:00+00:00,SPY,enter_short,683.845,trend_volume_1.25x
trend_volume_1.25x,2026-02-17 20:00:00+00:00,SPY,enter_long,683.79,trend_volume_1.25x
trend_volume_1.25x,2026-02-17 20:10:00+00:00,SPY,exit_short,683.39,hybrid_exit
trend_volume_1.25x,2026-02-18 15:10:00+00:00,SPY,exit_long,687.48,hybrid_exit
trend_volume_1.25x,2026-02-18 15:52:00+00:00,SPY,enter_short,688.14,trend_volume_1.25x
trend_volume_1.25x,2026-02-18 16:30:00+00:00,SPY,exit_short,688.175,hybrid_exit
trend_volume_1.25x,2026-02-18 16:40:00+00:00,SPY,enter_short,688.41,trend_volume_1.25x
trend_volume_1.25x,2026-02-18 17:04:00+00:00,SPY,enter_long,688.155,trend_volume_1.25x
trend_volume_1.25x,2026-02-18 17:20:00+00:00,SPY,exit_long,688.58,hybrid_exit
trend_volume_1.25x,2026-02-18 20:00:00+00:00,SPY,enter_long,684.88,trend_volume_1.25x
trend_volume_1.25x,2026-02-18 20:00:00+00:00,SPY,exit_short,684.62,hybrid_exit
trend_volume_1.25x,2026-02-18 20:40:00+00:00,SPY,enter_short,685.355,trend_volume_1.25x
trend_volume_1.25x,2026-02-18 20:50:00+00:00,SPY,exit_long,686.47,hybrid_exit
trend_volume_1.25x,2026-02-19 14:40:00+00:00,SPY,exit_short,683.68,hybrid_exit
trend_volume_1.25x,2026-02-19 14:42:00+00:00,SPY,enter_long,683.77,trend_volume_1.25x
trend_volume_1.25x,2026-02-19 15:00:00+00:00,SPY,exit_long,684.9,hybrid_exit
trend_volume_1.25x,2026-02-19 15:23:00+00:00,SPY,enter_short,684.69,trend_volume_1.25x
trend_volume_1.25x,2026-02-19 15:38:00+00:00,SPY,enter_long,685.77,trend_volume_1.25x
trend_volume_1.25x,2026-02-19 15:40:00+00:00,SPY,exit_long,685.43,hybrid_exit
trend_volume_1.25x,2026-02-19 17:17:00+00:00,SPY,enter_long,684.04,trend_volume_1.25x
trend_volume_1.25x,2026-02-19 17:20:00+00:00,SPY,exit_long,684.08,hybrid_exit
trend_volume_1.25x,2026-02-19 17:55:00+00:00,SPY,enter_long,683.0,trend_volume_1.25x
trend_volume_1.25x,2026-02-19 18:00:00+00:00,SPY,exit_short,682.42,hybrid_exit
trend_volume_1.25x,2026-02-19 19:00:00+00:00,SPY,exit_long,683.73,hybrid_exit
trend_volume_1.25x,2026-02-19 19:09:00+00:00,SPY,enter_short,683.92,trend_volume_1.25x
trend_volume_1.25x,2026-02-19 19:40:00+00:00,SPY,exit_short,682.02,hybrid_exit
trend_volume_1.25x,2026-02-19 19:40:00+00:00,SPY,enter_long,682.23,trend_volume_1.25x
trend_volume_1.25x,2026-02-20 14:50:00+00:00,SPY,exit_long,684.26,hybrid_exit
trend_volume_1.25x,2026-02-20 15:01:00+00:00,SPY,enter_long,688.97,trend_volume_1.25x
trend_volume_1.25x,2026-02-20 15:50:00+00:00,SPY,exit_long,688.17,hybrid_exit
trend_volume_1.25x,2026-02-20 15:54:00+00:00,SPY,enter_short,688.75,trend_volume_1.25x
trend_volume_1.25x,2026-02-20 16:32:00+00:00,SPY,enter_long,687.1,trend_volume_1.25x
trend_volume_1.25x,2026-02-20 16:40:00+00:00,SPY,exit_long,688.12,hybrid_exit
trend_volume_1.25x,2026-02-20 16:40:00+00:00,SPY,exit_short,688.12,hybrid_exit
trend_volume_1.25x,2026-02-20 16:54:00+00:00,SPY,enter_short,688.93,trend_volume_1.25x
trend_volume_1.25x,2026-02-20 17:20:00+00:00,SPY,exit_short,685.08,hybrid_exit
trend_volume_1.25x,2026-02-20 17:25:00+00:00,SPY,enter_long,684.635,trend_volume_1.25x
trend_volume_1.25x,2026-02-20 18:50:00+00:00,SPY,exit_long,689.1,hybrid_exit
trend_volume_1.25x,2026-02-20 19:04:00+00:00,SPY,enter_short,689.455,trend_volume_1.25x
trend_volume_1.25x,2026-02-20 19:40:00+00:00,SPY,exit_short,688.61,hybrid_exit
trend_volume_1.25x,2026-02-20 20:16:00+00:00,SPY,enter_short,689.04,trend_volume_1.25x
trend_volume_1.25x,2026-02-23 16:10:00+00:00,SPY,exit_short,681.15,hybrid_exit
trend_volume_1.25x,2026-02-23 16:16:00+00:00,SPY,enter_long,680.55,trend_volume_1.25x
trend_volume_1.25x,2026-02-23 16:30:00+00:00,SPY,exit_long,682.66,hybrid_exit
trend_volume_1.25x,2026-02-23 16:35:00+00:00,SPY,enter_short,682.63,trend_volume_1.25x
trend_volume_1.25x,2026-02-23 17:10:00+00:00,SPY,exit_short,681.96,hybrid_exit
trend_volume_1.25x,2026-02-23 17:41:00+00:00,SPY,enter_long,681.17,trend_volume_1.25x
trend_volume_1.25x,2026-02-23 18:20:00+00:00,SPY,exit_long,683.13,hybrid_exit
trend_volume_1.25x,2026-02-23 18:25:00+00:00,SPY,enter_short,683.66,trend_volume_1.25x
trend_volume_1.25x,2026-02-23 19:20:00+00:00,SPY,exit_short,681.755,hybrid_exit
trend_volume_1.25x,2026-02-23 19:44:00+00:00,SPY,enter_long,680.83,trend_volume_1.25x
trend_volume_1.25x,2026-02-24 14:50:00+00:00,SPY,exit_long,684.9,hybrid_exit
trend_volume_1.25x,2026-02-24 15:19:00+00:00,SPY,enter_long,684.18,trend_volume_1.25x
trend_volume_1.25x,2026-02-24 15:50:00+00:00,SPY,exit_long,686.0,hybrid_exit
trend_volume_1.25x,2026-02-24 16:00:00+00:00,SPY,enter_long,685.425,trend_volume_1.25x
trend_volume_1.25x,2026-02-24 17:30:00+00:00,SPY,exit_long,687.45,hybrid_exit
trend_volume_1.25x,2026-02-24 17:45:00+00:00,SPY,enter_short,687.02,trend_volume_1.25x
trend_volume_1.25x,2026-02-24 18:30:00+00:00,SPY,exit_short,687.04,hybrid_exit
trend_volume_1.25x,2026-02-24 18:41:00+00:00,SPY,enter_short,687.68,trend_volume_1.25x
trend_volume_1.25x,2026-02-24 19:20:00+00:00,SPY,exit_short,686.93,hybrid_exit
trend_volume_1.25x,2026-02-24 19:39:00+00:00,SPY,enter_long,687.01,trend_volume_1.25x
trend_volume_1.25x,2026-02-24 21:00:00+00:00,SPY,exit_long,687.45,hybrid_exit
trend_volume_1.25x,2026-02-25 14:54:00+00:00,SPY,enter_short,691.41,trend_volume_1.25x
trend_volume_1.25x,2026-02-25 15:30:00+00:00,SPY,exit_short,691.13,hybrid_exit
trend_volume_1.25x,2026-02-25 15:40:00+00:00,SPY,enter_long,690.53,trend_volume_1.25x
trend_volume_1.25x,2026-02-25 16:51:00+00:00,SPY,enter_short,692.2,trend_volume_1.25x
trend_volume_1.25x,2026-02-25 17:00:00+00:00,SPY,exit_long,692.02,hybrid_exit
trend_volume_1.25x,2026-02-25 17:30:00+00:00,SPY,enter_long,691.99,trend_volume_1.25x
trend_volume_1.25x,2026-02-25 17:40:00+00:00,SPY,exit_short,692.31,hybrid_exit
trend_volume_1.25x,2026-02-25 19:20:00+00:00,SPY,exit_long,693.0,hybrid_exit
trend_volume_1.25x,2026-02-25 19:45:00+00:00,SPY,enter_short,693.08,trend_volume_1.25x
trend_volume_1.25x,2026-02-26 14:40:00+00:00,SPY,exit_short,692.165,hybrid_exit
trend_volume_1.25x,2026-02-26 15:01:00+00:00,SPY,enter_short,689.76,trend_volume_1.25x
trend_volume_1.25x,2026-02-26 15:20:00+00:00,SPY,exit_short,686.56,hybrid_exit
trend_volume_1.25x,2026-02-26 15:38:00+00:00,SPY,enter_long,686.53,trend_volume_1.25x
trend_volume_1.25x,2026-02-26 16:00:00+00:00,SPY,exit_long,687.685,hybrid_exit
trend_volume_1.25x,2026-02-26 16:01:00+00:00,SPY,enter_short,687.82,trend_volume_1.25x
trend_volume_1.25x,2026-02-26 17:10:00+00:00,SPY,exit_short,686.76,hybrid_exit
trend_volume_1.25x,2026-02-26 17:42:00+00:00,SPY,enter_long,685.785,trend_volume_1.25x
trend_volume_1.25x,2026-02-26 19:20:00+00:00,SPY,exit_long,688.89,hybrid_exit
trend_volume_1.25x,2026-02-26 19:25:00+00:00,SPY,enter_short,688.9,trend_volume_1.25x
trend_volume_1.25x,2026-02-27 14:40:00+00:00,SPY,exit_short,684.06,hybrid_exit
trend_volume_1.25x,2026-02-27 14:51:00+00:00,SPY,enter_long,683.33,trend_volume_1.25x
trend_volume_1.25x,2026-02-27 15:50:00+00:00,SPY,exit_long,685.135,hybrid_exit
trend_volume_1.25x,2026-02-27 16:05:00+00:00,SPY,enter_short,685.68,trend_volume_1.25x
trend_volume_1.25x,2026-02-27 17:30:00+00:00,SPY,exit_short,684.14,hybrid_exit
trend_volume_1.25x,2026-02-27 18:09:00+00:00,SPY,enter_short,684.06,trend_volume_1.25x
trend_volume_1.25x,2026-02-27 18:40:00+00:00,SPY,exit_short,683.69,hybrid_exit
trend_volume_1.25x,2026-02-27 19:17:00+00:00,SPY,enter_long,683.98,trend_volume_1.25x
trend_volume_1.25x,2026-02-27 20:20:00+00:00,SPY,exit_long,685.57,hybrid_exit
trend_volume_1.25x,2026-02-27 20:25:00+00:00,SPY,enter_short,685.79,trend_volume_1.25x
trend_volume_1.25x,2026-03-02 14:40:00+00:00,SPY,exit_short,681.0,hybrid_exit
trend_volume_1.25x,2026-03-02 14:44:00+00:00,SPY,enter_long,682.05,trend_volume_1.25x
trend_volume_1.25x,2026-03-02 15:30:00+00:00,SPY,exit_long,683.37,hybrid_exit
trend_volume_1.25x,2026-03-02 15:45:00+00:00,SPY,enter_long,684.36,trend_volume_1.25x
trend_volume_1.25x,2026-03-02 17:00:00+00:00,SPY,exit_long,686.25,hybrid_exit
trend_volume_1.25x,2026-03-02 17:21:00+00:00,SPY,enter_short,686.99,trend_volume_1.25x
trend_volume_1.25x,2026-03-02 18:20:00+00:00,SPY,exit_short,686.59,hybrid_exit
trend_volume_1.25x,2026-03-02 18:48:00+00:00,SPY,enter_long,685.83,trend_volume_1.25x
trend_volume_1.25x,2026-03-02 19:30:00+00:00,SPY,exit_long,688.245,hybrid_exit
trend_volume_1.25x,2026-03-02 19:31:00+00:00,SPY,enter_short,688.18,trend_volume_1.25x
trend_volume_1.25x,2026-03-02 20:20:00+00:00,SPY,exit_short,686.08,hybrid_exit
trend_volume_1.25x,2026-03-02 20:39:00+00:00,SPY,enter_short,686.125,trend_volume_1.25x
trend_volume_1.25x,2026-03-03 14:40:00+00:00,SPY,exit_short,675.78,hybrid_exit
trend_volume_1.25x,2026-03-03 14:45:00+00:00,SPY,enter_long,673.99,trend_volume_1.25x
trend_volume_1.25x,2026-03-03 16:50:00+00:00,SPY,exit_long,677.57,hybrid_exit
trend_volume_1.25x,2026-03-03 17:14:00+00:00,SPY,enter_long,677.125,trend_volume_1.25x
trend_volume_1.25x,2026-03-03 18:50:00+00:00,SPY,exit_long,681.4,hybrid_exit
trend_volume_1.25x,2026-03-03 19:02:00+00:00,SPY,enter_short,680.84,trend_volume_1.25x
trend_volume_1.25x,2026-03-03 19:40:00+00:00,SPY,exit_short,680.82,hybrid_exit
trend_volume_1.25x,2026-03-03 20:00:00+00:00,SPY,enter_short,680.94,trend_volume_1.25x
trend_volume_1.25x,2026-03-03 20:29:00+00:00,SPY,enter_long,681.01,trend_volume_1.25x
trend_volume_1.25x,2026-03-03 20:40:00+00:00,SPY,exit_short,680.66,hybrid_exit
trend_volume_1.25x,2026-03-04 15:40:00+00:00,SPY,exit_long,684.63,hybrid_exit
trend_volume_1.25x,2026-03-04 16:04:00+00:00,SPY,enter_short,686.22,trend_volume_1.25x
trend_volume_1.25x,2026-03-04 16:24:00+00:00,SPY,enter_long,684.48,trend_volume_1.25x
trend_volume_1.25x,2026-03-04 16:30:00+00:00,SPY,exit_short,685.185,hybrid_exit
trend_volume_1.25x,2026-03-04 17:00:00+00:00,SPY,exit_long,685.78,hybrid_exit
trend_volume_1.25x,2026-03-04 17:53:00+00:00,SPY,enter_long,686.33,trend_volume_1.25x
trend_volume_1.25x,2026-03-04 18:50:00+00:00,SPY,exit_long,686.76,hybrid_exit
trend_volume_1.25x,2026-03-04 19:10:00+00:00,SPY,enter_short,686.71,trend_volume_1.25x
trend_volume_1.25x,2026-03-05 14:40:00+00:00,SPY,exit_short,683.63,hybrid_exit
trend_volume_1.25x,2026-03-05 15:01:00+00:00,SPY,enter_short,684.9,trend_volume_1.25x
trend_volume_1.25x,2026-03-05 15:40:00+00:00,SPY,exit_short,681.3,hybrid_exit
trend_volume_1.25x,2026-03-05 15:52:00+00:00,SPY,enter_short,682.125,trend_volume_1.25x
trend_volume_1.25x,2026-03-05 18:00:00+00:00,SPY,exit_short,676.335,hybrid_exit
trend_volume_1.25x,2026-03-05 18:19:00+00:00,SPY,enter_short,676.44,trend_volume_1.25x
trend_volume_1.25x,2026-03-05 18:21:00+00:00,SPY,enter_long,676.66,trend_volume_1.25x
trend_volume_1.25x,2026-03-05 18:30:00+00:00,SPY,exit_short,676.67,hybrid_exit
trend_volume_1.25x,2026-03-05 20:00:00+00:00,SPY,exit_long,677.1,hybrid_exit
trend_volume_1.25x,2026-03-05 20:20:00+00:00,SPY,enter_short,678.95,trend_volume_1.25x
trend_volume_1.25x,2026-03-06 14:40:00+00:00,SPY,exit_short,671.06,hybrid_exit
trend_volume_1.25x,2026-03-06 14:41:00+00:00,SPY,enter_long,671.485,trend_volume_1.25x
trend_volume_1.25x,2026-03-06 15:40:00+00:00,SPY,enter_short,675.1,trend_volume_1.25x
trend_volume_1.25x,2026-03-06 15:40:00+00:00,SPY,exit_long,675.5,hybrid_exit
trend_volume_1.25x,2026-03-06 17:20:00+00:00,SPY,exit_short,674.43,hybrid_exit
trend_volume_1.25x,2026-03-06 17:50:00+00:00,SPY,enter_long,673.88,trend_volume_1.25x
trend_volume_1.25x,2026-03-06 18:25:00+00:00,SPY,enter_short,675.12,trend_volume_1.25x
trend_volume_1.25x,2026-03-06 18:30:00+00:00,SPY,exit_long,674.55,hybrid_exit
trend_volume_1.25x,2026-03-09 13:43:00+00:00,SPY,enter_long,664.29,trend_volume_1.25x
trend_volume_1.25x,2026-03-09 13:50:00+00:00,SPY,exit_short,663.68,hybrid_exit
trend_volume_1.25x,2026-03-09 16:20:00+00:00,SPY,exit_long,670.0,hybrid_exit
trend_volume_1.25x,2026-03-09 16:37:00+00:00,SPY,enter_short,670.94,trend_volume_1.25x
trend_volume_1.25x,2026-03-09 17:30:00+00:00,SPY,exit_short,668.875,hybrid_exit
trend_volume_1.25x,2026-03-09 17:33:00+00:00,SPY,enter_long,668.88,trend_volume_1.25x
trend_volume_1.25x,2026-03-09 19:40:00+00:00,SPY,enter_short,678.33,trend_volume_1.25x
trend_volume_1.25x,2026-03-09 19:40:00+00:00,SPY,exit_long,679.16,hybrid_exit
trend_volume_1.25x,2026-03-10 13:40:00+00:00,SPY,exit_short,677.04,hybrid_exit
trend_volume_1.25x,2026-03-10 13:49:00+00:00,SPY,enter_long,677.26,trend_volume_1.25x
trend_volume_1.25x,2026-03-10 15:00:00+00:00,SPY,exit_long,681.1,hybrid_exit
trend_volume_1.25x,2026-03-10 15:12:00+00:00,SPY,enter_short,680.65,trend_volume_1.25x
trend_volume_1.25x,2026-03-10 16:00:00+00:00,SPY,exit_short,681.4,hybrid_exit
trend_volume_1.25x,2026-03-10 16:14:00+00:00,SPY,enter_long,680.535,trend_volume_1.25x
trend_volume_1.25x,2026-03-10 16:43:00+00:00,SPY,enter_short,681.3,trend_volume_1.25x
trend_volume_1.25x,2026-03-10 16:50:00+00:00,SPY,exit_long,680.94,hybrid_exit
trend_volume_1.25x,2026-03-10 18:30:00+00:00,SPY,exit_short,679.42,hybrid_exit
trend_volume_1.25x,2026-03-10 18:47:00+00:00,SPY,enter_short,678.94,trend_volume_1.25x
trend_volume_1.25x,2026-03-10 19:50:00+00:00,SPY,exit_short,676.78,hybrid_exit
trend_volume_1.25x,2026-03-10 19:57:00+00:00,SPY,enter_long,676.54,trend_volume_1.25x
trend_volume_1.25x,2026-03-11 13:40:00+00:00,SPY,exit_long,678.38,hybrid_exit
trend_volume_1.25x,2026-03-11 13:46:00+00:00,SPY,enter_short,677.37,trend_volume_1.25x
trend_volume_1.25x,2026-03-11 15:40:00+00:00,SPY,exit_short,674.875,hybrid_exit
trend_volume_1.25x,2026-03-11 15:55:00+00:00,SPY,enter_long,674.915,trend_volume_1.25x
trend_volume_1.25x,2026-03-11 16:50:00+00:00,SPY,exit_long,675.34,hybrid_exit
trend_volume_1.25x,2026-03-11 16:51:00+00:00,SPY,enter_short,675.645,trend_volume_1.25x
trend_volume_1.25x,2026-03-11 17:40:00+00:00,SPY,exit_short,674.64,hybrid_exit
trend_volume_1.25x,2026-03-11 18:13:00+00:00,SPY,enter_long,673.895,trend_volume_1.25x
trend_volume_1.25x,2026-03-11 18:50:00+00:00,SPY,exit_long,674.815,hybrid_exit
trend_volume_1.25x,2026-03-11 18:55:00+00:00,SPY,enter_short,675.54,trend_volume_1.25x
trend_volume_1.25x,2026-03-12 13:40:00+00:00,SPY,exit_short,671.28,hybrid_exit
trend_volume_1.25x,2026-03-12 13:58:00+00:00,SPY,enter_short,668.56,trend_volume_1.25x
trend_volume_1.25x,2026-03-12 14:30:00+00:00,SPY,exit_short,668.04,hybrid_exit
trend_volume_1.25x,2026-03-12 14:32:00+00:00,SPY,enter_long,668.01,trend_volume_1.25x
trend_volume_1.25x,2026-03-12 15:40:00+00:00,SPY,exit_long,669.73,hybrid_exit
trend_volume_1.25x,2026-03-12 15:47:00+00:00,SPY,enter_short,668.73,trend_volume_1.25x
trend_volume_1.25x,2026-03-12 16:13:00+00:00,SPY,enter_long,668.6,trend_volume_1.25x
trend_volume_1.25x,2026-03-12 16:20:00+00:00,SPY,exit_long,669.8,hybrid_exit
trend_volume_1.25x,2026-03-12 18:50:00+00:00,SPY,exit_short,667.49,hybrid_exit
trend_volume_1.25x,2026-03-12 19:00:00+00:00,SPY,enter_long,667.65,trend_volume_1.25x
trend_volume_1.25x,2026-03-12 19:40:00+00:00,SPY,exit_long,667.915,hybrid_exit
trend_volume_1.25x,2026-03-12 19:54:00+00:00,SPY,enter_long,666.8,trend_volume_1.25x
trend_volume_1.25x,2026-03-13 13:40:00+00:00,SPY,exit_long,670.39,hybrid_exit
trend_volume_1.25x,2026-03-13 13:56:00+00:00,SPY,enter_short,670.91,trend_volume_1.25x
trend_volume_1.25x,2026-03-13 15:10:00+00:00,SPY,exit_short,666.21,hybrid_exit
trend_volume_1.25x,2026-03-13 15:23:00+00:00,SPY,enter_short,665.385,trend_volume_1.25x
trend_volume_1.25x,2026-03-13 16:00:00+00:00,SPY,exit_short,663.5,hybrid_exit
trend_volume_1.25x,2026-03-13 16:00:00+00:00,SPY,enter_long,663.71,trend_volume_1.25x
trend_volume_1.25x,2026-03-13 16:40:00+00:00,SPY,exit_long,664.27,hybrid_exit
trend_volume_1.25x,2026-03-13 16:43:00+00:00,SPY,enter_short,664.355,trend_volume_1.25x
trend_volume_1.25x,2026-03-13 17:55:00+00:00,SPY,enter_long,662.78,trend_volume_1.25x
trend_volume_1.25x,2026-03-13 18:00:00+00:00,SPY,exit_short,662.7,hybrid_exit
trend_volume_1.25x,2026-03-16 14:10:00+00:00,SPY,exit_long,670.8,hybrid_exit
trend_volume_1.25x,2026-03-16 14:30:00+00:00,SPY,enter_short,669.71,trend_volume_1.25x
trend_volume_1.25x,2026-03-16 14:59:00+00:00,SPY,enter_long,669.8,trend_volume_1.25x
trend_volume_1.25x,2026-03-16 15:10:00+00:00,SPY,exit_long,669.17,hybrid_exit
trend_volume_1.25x,2026-03-16 15:10:00+00:00,SPY,exit_short,669.17,hybrid_exit
trend_volume_1.25x,2026-03-16 15:28:00+00:00,SPY,enter_short,670.09,trend_volume_1.25x
trend_volume_1.25x,2026-03-16 16:10:00+00:00,SPY,exit_short,668.81,hybrid_exit
trend_volume_1.25x,2026-03-16 16:37:00+00:00,SPY,enter_long,667.915,trend_volume_1.25x
trend_volume_1.25x,2026-03-16 18:20:00+00:00,SPY,exit_long,669.81,hybrid_exit
trend_volume_1.25x,2026-03-16 18:45:00+00:00,SPY,enter_long,670.215,trend_volume_1.25x
trend_volume_1.25x,2026-03-16 19:20:00+00:00,SPY,exit_long,669.42,hybrid_exit
trend_volume_1.25x,2026-03-16 19:36:00+00:00,SPY,enter_long,669.2,trend_volume_1.25x
trend_volume_1.25x,2026-03-17 13:40:00+00:00,SPY,exit_long,673.885,hybrid_exit
trend_volume_1.25x,2026-03-17 13:52:00+00:00,SPY,enter_short,673.805,trend_volume_1.25x
trend_volume_1.25x,2026-03-17 14:20:00+00:00,SPY,exit_short,672.565,hybrid_exit
trend_volume_1.25x,2026-03-17 14:34:00+00:00,SPY,enter_short,672.95,trend_volume_1.25x
trend_volume_1.25x,2026-03-17 15:40:00+00:00,SPY,exit_short,670.68,hybrid_exit
trend_volume_1.25x,2026-03-17 16:18:00+00:00,SPY,enter_long,671.4,trend_volume_1.25x
trend_volume_1.25x,2026-03-17 16:25:00+00:00,SPY,enter_short,671.37,trend_volume_1.25x
trend_volume_1.25x,2026-03-17 17:00:00+00:00,SPY,exit_short,671.05,hybrid_exit
trend_volume_1.25x,2026-03-17 17:10:00+00:00,SPY,enter_short,671.28,trend_volume_1.25x
trend_volume_1.25x,2026-03-17 17:20:00+00:00,SPY,exit_long,671.4,hybrid_exit
trend_volume_1.25x,2026-03-18 13:40:00+00:00,SPY,exit_short,669.07,hybrid_exit
trend_volume_1.25x,2026-03-18 13:54:00+00:00,SPY,enter_short,668.77,trend_volume_1.25x
trend_volume_1.25x,2026-03-18 14:30:00+00:00,SPY,exit_short,665.98,hybrid_exit
trend_volume_1.25x,2026-03-18 14:30:00+00:00,SPY,enter_long,666.27,trend_volume_1.25x
trend_volume_1.25x,2026-03-18 15:01:00+00:00,SPY,enter_short,667.24,trend_volume_1.25x
trend_volume_1.25x,2026-03-18 15:10:00+00:00,SPY,exit_long,667.96,hybrid_exit
trend_volume_1.25x,2026-03-18 18:30:00+00:00,SPY,exit_short,665.94,hybrid_exit
trend_volume_1.25x,2026-03-18 18:40:00+00:00,SPY,enter_short,664.64,trend_volume_1.25x
trend_volume_1.25x,2026-03-19 13:40:00+00:00,SPY,exit_short,656.23,hybrid_exit
trend_volume_1.25x,2026-03-19 13:40:00+00:00,SPY,enter_long,656.37,trend_volume_1.25x
trend_volume_1.25x,2026-03-19 14:00:00+00:00,SPY,exit_long,658.64,hybrid_exit
trend_volume_1.25x,2026-03-19 14:31:00+00:00,SPY,enter_long,657.26,trend_volume_1.25x
trend_volume_1.25x,2026-03-19 15:00:00+00:00,SPY,exit_long,657.78,hybrid_exit
trend_volume_1.25x,2026-03-19 15:14:00+00:00,SPY,enter_short,659.255,trend_volume_1.25x
trend_volume_1.25x,2026-03-19 15:46:00+00:00,SPY,enter_long,656.74,trend_volume_1.25x
trend_volume_1.25x,2026-03-19 15:50:00+00:00,SPY,exit_short,657.02,hybrid_exit
trend_volume_1.25x,2026-03-19 16:10:00+00:00,SPY,exit_long,658.495,hybrid_exit
trend_volume_1.25x,2026-03-19 16:10:00+00:00,SPY,enter_short,657.96,trend_volume_1.25x
trend_volume_1.25x,2026-03-19 17:11:00+00:00,SPY,enter_long,656.07,trend_volume_1.25x
trend_volume_1.25x,2026-03-19 17:20:00+00:00,SPY,exit_short,656.8,hybrid_exit
trend_volume_1.25x,2026-03-19 18:30:00+00:00,SPY,exit_long,657.155,hybrid_exit
trend_volume_1.25x,2026-03-19 18:44:00+00:00,SPY,enter_long,656.5,trend_volume_1.25x
trend_volume_1.25x,2026-03-19 19:00:00+00:00,SPY,exit_long,658.415,hybrid_exit
trend_volume_1.25x,2026-03-19 19:03:00+00:00,SPY,enter_short,660.07,trend_volume_1.25x
trend_volume_1.25x,2026-03-20 14:10:00+00:00,SPY,exit_short,653.09,hybrid_exit
trend_volume_1.25x,2026-03-20 14:30:00+00:00,SPY,enter_long,652.34,trend_volume_1.25x
trend_volume_1.25x,2026-03-20 15:10:00+00:00,SPY,exit_long,652.19,hybrid_exit
trend_volume_1.25x,2026-03-20 15:33:00+00:00,SPY,enter_long,652.57,trend_volume_1.25x
trend_volume_1.25x,2026-03-20 16:00:00+00:00,SPY,exit_long,652.96,hybrid_exit
trend_volume_1.25x,2026-03-20 16:05:00+00:00,SPY,enter_short,653.39,trend_volume_1.25x
trend_volume_1.25x,2026-03-20 18:30:00+00:00,SPY,exit_short,649.4,hybrid_exit
trend_volume_1.25x,2026-03-20 18:45:00+00:00,SPY,enter_long,648.15,trend_volume_1.25x
trend_volume_1.25x,2026-03-23 14:10:00+00:00,SPY,exit_long,659.56,hybrid_exit
trend_volume_1.25x,2026-03-23 14:18:00+00:00,SPY,enter_short,660.925,trend_volume_1.25x
trend_volume_1.25x,2026-03-23 16:10:00+00:00,SPY,exit_short,656.77,hybrid_exit
trend_volume_1.25x,2026-03-23 16:37:00+00:00,SPY,enter_long,655.96,trend_volume_1.25x
trend_volume_1.25x,2026-03-23 18:10:00+00:00,SPY,exit_long,657.45,hybrid_exit
trend_volume_1.25x,2026-03-23 18:39:00+00:00,SPY,enter_short,658.95,trend_volume_1.25x
trend_volume_1.25x,2026-03-24 13:40:00+00:00,SPY,exit_short,651.22,hybrid_exit
trend_volume_1.25x,2026-03-24 13:42:00+00:00,SPY,enter_long,651.23,trend_volume_1.25x
trend_volume_1.25x,2026-03-24 14:50:00+00:00,SPY,exit_long,652.7,hybrid_exit
trend_volume_1.25x,2026-03-24 15:39:00+00:00,SPY,enter_short,656.26,trend_volume_1.25x
trend_volume_1.25x,2026-03-24 17:19:00+00:00,SPY,enter_long,652.82,trend_volume_1.25x
trend_volume_1.25x,2026-03-24 17:20:00+00:00,SPY,exit_short,652.79,hybrid_exit
trend_volume_1.25x,2026-03-24 18:50:00+00:00,SPY,exit_long,655.02,hybrid_exit
trend_volume_1.25x,2026-03-24 19:30:00+00:00,SPY,enter_long,654.5,trend_volume_1.25x
trend_volume_1.25x,2026-03-25 13:40:00+00:00,SPY,exit_long,659.88,hybrid_exit
trend_volume_1.25x,2026-03-25 14:23:00+00:00,SPY,enter_short,658.145,trend_volume_1.25x
trend_volume_1.25x,2026-03-25 15:20:00+00:00,SPY,exit_short,655.15,hybrid_exit
trend_volume_1.25x,2026-03-25 15:29:00+00:00,SPY,enter_long,657.845,trend_volume_1.25x
trend_volume_1.25x,2026-03-25 15:30:00+00:00,SPY,exit_long,657.87,hybrid_exit
trend_volume_1.25x,2026-03-25 15:35:00+00:00,SPY,enter_short,657.71,trend_volume_1.25x
trend_volume_1.25x,2026-03-25 15:53:00+00:00,SPY,enter_long,656.6,trend_volume_1.25x
trend_volume_1.25x,2026-03-25 16:10:00+00:00,SPY,exit_short,656.57,hybrid_exit
trend_volume_1.25x,2026-03-25 16:40:00+00:00,SPY,exit_long,658.055,hybrid_exit
trend_volume_1.25x,2026-03-25 16:42:00+00:00,SPY,enter_short,657.82,trend_volume_1.25x
trend_volume_1.25x,2026-03-25 17:10:00+00:00,SPY,enter_long,657.18,trend_volume_1.25x
trend_volume_1.25x,2026-03-25 17:20:00+00:00,SPY,exit_short,657.24,hybrid_exit
trend_volume_1.25x,2026-03-25 17:31:00+00:00,SPY,enter_short,657.64,trend_volume_1.25x
trend_volume_1.25x,2026-03-25 17:50:00+00:00,SPY,exit_long,658.07,hybrid_exit
trend_volume_1.25x,2026-03-26 13:40:00+00:00,SPY,enter_long,651.17,trend_volume_1.25x
trend_volume_1.25x,2026-03-26 13:40:00+00:00,SPY,exit_short,650.79,hybrid_exit
trend_volume_1.25x,2026-03-26 13:50:00+00:00,SPY,exit_long,653.45,hybrid_exit
trend_volume_1.25x,2026-03-26 14:07:00+00:00,SPY,enter_short,654.465,trend_volume_1.25x
trend_volume_1.25x,2026-03-26 15:00:00+00:00,SPY,exit_short,652.31,hybrid_exit
trend_volume_1.25x,2026-03-26 15:13:00+00:00,SPY,enter_short,652.28,trend_volume_1.25x
trend_volume_1.25x,2026-03-26 19:15:00+00:00,SPY,enter_long,646.55,trend_volume_1.25x
trend_volume_1.25x,2026-03-26 19:50:00+00:00,SPY,exit_long,645.73,hybrid_exit
trend_volume_1.25x,2026-03-27 13:40:00+00:00,SPY,exit_short,640.925,hybrid_exit
trend_volume_1.25x,2026-03-27 13:54:00+00:00,SPY,enter_short,640.0,trend_volume_1.25x
trend_volume_1.25x,2026-03-27 14:31:00+00:00,SPY,enter_long,639.63,trend_volume_1.25x
trend_volume_1.25x,2026-03-27 14:40:00+00:00,SPY,exit_short,638.9,hybrid_exit
trend_volume_1.25x,2026-03-27 14:50:00+00:00,SPY,exit_long,640.2,hybrid_exit
trend_volume_1.25x,2026-03-27 14:51:00+00:00,SPY,enter_short,640.03,trend_volume_1.25x
trend_volume_1.50x,2026-01-26 20:12:00+00:00,SPY,enter_short,693.6,trend_volume_1.50x
trend_volume_1.50x,2026-01-26 20:21:00+00:00,SPY,enter_long,693.58,trend_volume_1.50x
trend_volume_1.50x,2026-01-26 20:50:00+00:00,SPY,exit_short,693.63,hybrid_exit
trend_volume_1.50x,2026-01-27 14:40:00+00:00,SPY,exit_long,693.6,hybrid_exit
trend_volume_1.50x,2026-01-27 14:53:00+00:00,SPY,enter_long,695.22,trend_volume_1.50x
trend_volume_1.50x,2026-01-27 16:00:00+00:00,SPY,exit_long,696.0,hybrid_exit
trend_volume_1.50x,2026-01-27 16:38:00+00:00,SPY,enter_short,696.35,trend_volume_1.50x
trend_volume_1.50x,2026-01-27 17:50:00+00:00,SPY,exit_short,695.7,hybrid_exit
trend_volume_1.50x,2026-01-27 18:12:00+00:00,SPY,enter_long,695.305,trend_volume_1.50x
trend_volume_1.50x,2026-01-27 19:00:00+00:00,SPY,exit_long,696.01,hybrid_exit
trend_volume_1.50x,2026-01-27 19:31:00+00:00,SPY,enter_short,696.19,trend_volume_1.50x
trend_volume_1.50x,2026-01-27 20:10:00+00:00,SPY,exit_short,696.15,hybrid_exit
trend_volume_1.50x,2026-01-27 20:44:00+00:00,SPY,enter_long,695.98,trend_volume_1.50x
trend_volume_1.50x,2026-01-28 14:40:00+00:00,SPY,exit_long,697.165,hybrid_exit
trend_volume_1.50x,2026-01-28 14:43:00+00:00,SPY,enter_short,697.45,trend_volume_1.50x
trend_volume_1.50x,2026-01-28 15:20:00+00:00,SPY,exit_short,696.51,hybrid_exit
trend_volume_1.50x,2026-01-28 15:35:00+00:00,SPY,enter_short,696.24,trend_volume_1.50x
trend_volume_1.50x,2026-01-28 17:00:00+00:00,SPY,exit_short,694.73,hybrid_exit
trend_volume_1.50x,2026-01-28 17:07:00+00:00,SPY,enter_long,695.05,trend_volume_1.50x
trend_volume_1.50x,2026-01-28 18:00:00+00:00,SPY,exit_long,694.84,hybrid_exit
trend_volume_1.50x,2026-01-28 18:10:00+00:00,SPY,enter_short,694.935,trend_volume_1.50x
trend_volume_1.50x,2026-01-28 18:50:00+00:00,SPY,exit_short,694.89,hybrid_exit
trend_volume_1.50x,2026-01-28 18:54:00+00:00,SPY,enter_long,695.01,trend_volume_1.50x
trend_volume_1.50x,2026-01-28 19:40:00+00:00,SPY,exit_long,694.67,hybrid_exit
trend_volume_1.50x,2026-01-28 20:11:00+00:00,SPY,enter_short,695.95,trend_volume_1.50x
trend_volume_1.50x,2026-01-29 14:50:00+00:00,SPY,exit_short,693.64,hybrid_exit
trend_volume_1.50x,2026-01-29 15:02:00+00:00,SPY,enter_short,690.37,trend_volume_1.50x
trend_volume_1.50x,2026-01-29 15:40:00+00:00,SPY,exit_short,687.59,hybrid_exit
trend_volume_1.50x,2026-01-29 16:08:00+00:00,SPY,enter_long,685.415,trend_volume_1.50x
trend_volume_1.50x,2026-01-29 17:30:00+00:00,SPY,exit_long,690.985,hybrid_exit
trend_volume_1.50x,2026-01-29 17:41:00+00:00,SPY,enter_short,690.805,trend_volume_1.50x
trend_volume_1.50x,2026-01-29 17:55:00+00:00,SPY,enter_long,689.16,trend_volume_1.50x
trend_volume_1.50x,2026-01-29 18:00:00+00:00,SPY,exit_short,689.03,hybrid_exit
trend_volume_1.50x,2026-01-30 14:30:00+00:00,SPY,exit_long,691.84,hybrid_exit
trend_volume_1.50x,2026-01-30 14:38:00+00:00,SPY,enter_short,692.92,trend_volume_1.50x
trend_volume_1.50x,2026-01-30 15:10:00+00:00,SPY,exit_short,693.34,hybrid_exit
trend_volume_1.50x,2026-01-30 15:21:00+00:00,SPY,enter_short,693.11,trend_volume_1.50x
trend_volume_1.50x,2026-01-30 15:40:00+00:00,SPY,exit_short,693.04,hybrid_exit
trend_volume_1.50x,2026-01-30 15:56:00+00:00,SPY,enter_short,692.25,trend_volume_1.50x
trend_volume_1.50x,2026-01-30 17:10:00+00:00,SPY,exit_short,689.11,hybrid_exit
trend_volume_1.50x,2026-01-30 17:17:00+00:00,SPY,enter_long,689.335,trend_volume_1.50x
trend_volume_1.50x,2026-01-30 17:33:00+00:00,SPY,enter_short,690.44,trend_volume_1.50x
trend_volume_1.50x,2026-01-30 17:40:00+00:00,SPY,exit_long,690.09,hybrid_exit
trend_volume_1.50x,2026-01-30 18:00:00+00:00,SPY,enter_long,689.105,trend_volume_1.50x
trend_volume_1.50x,2026-01-30 18:10:00+00:00,SPY,exit_short,689.6,hybrid_exit
trend_volume_1.50x,2026-01-30 19:00:00+00:00,SPY,exit_long,691.36,hybrid_exit
trend_volume_1.50x,2026-01-30 19:15:00+00:00,SPY,enter_short,691.91,trend_volume_1.50x
trend_volume_1.50x,2026-01-30 19:50:00+00:00,SPY,exit_short,690.89,hybrid_exit
trend_volume_1.50x,2026-01-30 19:53:00+00:00,SPY,enter_long,691.7,trend_volume_1.50x
trend_volume_1.50x,2026-02-02 15:49:00+00:00,SPY,enter_short,694.72,trend_volume_1.50x
trend_volume_1.50x,2026-02-02 16:10:00+00:00,SPY,exit_short,694.87,hybrid_exit
trend_volume_1.50x,2026-02-02 17:20:00+00:00,SPY,exit_long,696.26,hybrid_exit
trend_volume_1.50x,2026-02-02 17:29:00+00:00,SPY,enter_short,696.21,trend_volume_1.50x
trend_volume_1.50x,2026-02-02 18:30:00+00:00,SPY,exit_short,696.07,hybrid_exit
trend_volume_1.50x,2026-02-02 19:16:00+00:00,SPY,enter_short,696.705,trend_volume_1.50x
trend_volume_1.50x,2026-02-02 20:10:00+00:00,SPY,exit_short,696.3,hybrid_exit
trend_volume_1.50x,2026-02-02 20:25:00+00:00,SPY,enter_short,696.075,trend_volume_1.50x
trend_volume_1.50x,2026-02-03 15:10:00+00:00,SPY,exit_short,692.99,hybrid_exit
trend_volume_1.50x,2026-02-03 15:28:00+00:00,SPY,enter_short,692.28,trend_volume_1.50x
trend_volume_1.50x,2026-02-03 18:40:00+00:00,SPY,exit_short,686.355,hybrid_exit
trend_volume_1.50x,2026-02-03 18:55:00+00:00,SPY,enter_long,685.95,trend_volume_1.50x
trend_volume_1.50x,2026-02-04 14:40:00+00:00,SPY,exit_long,690.57,hybrid_exit
trend_volume_1.50x,2026-02-04 14:43:00+00:00,SPY,enter_short,690.58,trend_volume_1.50x
trend_volume_1.50x,2026-02-04 15:10:00+00:00,SPY,exit_short,688.985,hybrid_exit
trend_volume_1.50x,2026-02-04 15:28:00+00:00,SPY,enter_short,689.51,trend_volume_1.50x
trend_volume_1.50x,2026-02-04 17:00:00+00:00,SPY,exit_short,686.51,hybrid_exit
trend_volume_1.50x,2026-02-04 17:20:00+00:00,SPY,enter_short,685.64,trend_volume_1.50x
trend_volume_1.50x,2026-02-04 17:46:00+00:00,SPY,enter_long,682.94,trend_volume_1.50x
trend_volume_1.50x,2026-02-04 17:50:00+00:00,SPY,exit_short,682.31,hybrid_exit
trend_volume_1.50x,2026-02-04 19:50:00+00:00,SPY,exit_long,687.33,hybrid_exit
trend_volume_1.50x,2026-02-04 20:12:00+00:00,SPY,enter_short,686.97,trend_volume_1.50x
trend_volume_1.50x,2026-02-05 14:40:00+00:00,SPY,exit_short,682.37,hybrid_exit
trend_volume_1.50x,2026-02-05 14:58:00+00:00,SPY,enter_short,680.69,trend_volume_1.50x
trend_volume_1.50x,2026-02-05 15:10:00+00:00,SPY,exit_short,678.75,hybrid_exit
trend_volume_1.50x,2026-02-05 15:35:00+00:00,SPY,enter_long,676.18,trend_volume_1.50x
trend_volume_1.50x,2026-02-05 16:40:00+00:00,SPY,exit_long,680.235,hybrid_exit
trend_volume_1.50x,2026-02-05 17:39:00+00:00,SPY,enter_short,681.33,trend_volume_1.50x
trend_volume_1.50x,2026-02-05 18:30:00+00:00,SPY,exit_short,679.09,hybrid_exit
trend_volume_1.50x,2026-02-05 18:41:00+00:00,SPY,enter_long,679.01,trend_volume_1.50x
trend_volume_1.50x,2026-02-05 19:20:00+00:00,SPY,exit_long,681.16,hybrid_exit
trend_volume_1.50x,2026-02-05 19:54:00+00:00,SPY,enter_long,678.77,trend_volume_1.50x
trend_volume_1.50x,2026-02-06 15:00:00+00:00,SPY,exit_long,684.82,hybrid_exit
trend_volume_1.50x,2026-02-06 15:18:00+00:00,SPY,enter_long,684.8,trend_volume_1.50x
trend_volume_1.50x,2026-02-06 18:20:00+00:00,SPY,exit_long,689.155,hybrid_exit
trend_volume_1.50x,2026-02-06 18:37:00+00:00,SPY,enter_long,689.18,trend_volume_1.50x
trend_volume_1.50x,2026-02-09 14:30:00+00:00,SPY,exit_long,689.47,hybrid_exit
trend_volume_1.50x,2026-02-09 14:56:00+00:00,SPY,enter_long,690.695,trend_volume_1.50x
trend_volume_1.50x,2026-02-09 15:30:00+00:00,SPY,exit_long,691.94,hybrid_exit
trend_volume_1.50x,2026-02-09 15:44:00+00:00,SPY,enter_long,693.52,trend_volume_1.50x
trend_volume_1.50x,2026-02-09 16:53:00+00:00,SPY,enter_short,695.415,trend_volume_1.50x
trend_volume_1.50x,2026-02-09 17:00:00+00:00,SPY,exit_long,695.375,hybrid_exit
trend_volume_1.50x,2026-02-09 18:00:00+00:00,SPY,exit_short,694.58,hybrid_exit
trend_volume_1.50x,2026-02-09 18:22:00+00:00,SPY,enter_long,694.51,trend_volume_1.50x
trend_volume_1.50x,2026-02-09 19:30:00+00:00,SPY,exit_long,695.76,hybrid_exit
trend_volume_1.50x,2026-02-09 19:39:00+00:00,SPY,enter_short,695.69,trend_volume_1.50x
trend_volume_1.50x,2026-02-09 20:30:00+00:00,SPY,enter_long,694.49,trend_volume_1.50x
trend_volume_1.50x,2026-02-09 20:40:00+00:00,SPY,exit_short,694.54,hybrid_exit
trend_volume_1.50x,2026-02-10 14:40:00+00:00,SPY,exit_long,694.305,hybrid_exit
trend_volume_1.50x,2026-02-10 14:52:00+00:00,SPY,enter_long,694.825,trend_volume_1.50x
trend_volume_1.50x,2026-02-10 15:00:00+00:00,SPY,exit_long,695.77,hybrid_exit
trend_volume_1.50x,2026-02-10 15:05:00+00:00,SPY,enter_short,695.725,trend_volume_1.50x
trend_volume_1.50x,2026-02-10 16:20:00+00:00,SPY,exit_short,694.94,hybrid_exit
trend_volume_1.50x,2026-02-10 17:15:00+00:00,SPY,enter_short,695.395,trend_volume_1.50x
trend_volume_1.50x,2026-02-10 18:40:00+00:00,SPY,exit_short,693.675,hybrid_exit
trend_volume_1.50x,2026-02-10 19:40:00+00:00,SPY,enter_short,693.87,trend_volume_1.50x
trend_volume_1.50x,2026-02-11 14:30:00+00:00,SPY,exit_short,696.435,hybrid_exit
trend_volume_1.50x,2026-02-11 14:42:00+00:00,SPY,enter_short,695.18,trend_volume_1.50x
trend_volume_1.50x,2026-02-11 15:20:00+00:00,SPY,exit_short,690.79,hybrid_exit
trend_volume_1.50x,2026-02-11 15:26:00+00:00,SPY,enter_long,689.5,trend_volume_1.50x
trend_volume_1.50x,2026-02-11 15:50:00+00:00,SPY,exit_long,690.465,hybrid_exit
trend_volume_1.50x,2026-02-11 16:10:00+00:00,SPY,enter_long,692.3,trend_volume_1.50x
trend_volume_1.50x,2026-02-11 16:50:00+00:00,SPY,exit_long,692.57,hybrid_exit
trend_volume_1.50x,2026-02-11 17:02:00+00:00,SPY,enter_long,691.775,trend_volume_1.50x
trend_volume_1.50x,2026-02-11 17:34:00+00:00,SPY,enter_short,693.26,trend_volume_1.50x
trend_volume_1.50x,2026-02-11 17:40:00+00:00,SPY,exit_long,693.4,hybrid_exit
trend_volume_1.50x,2026-02-11 18:10:00+00:00,SPY,exit_short,692.0,hybrid_exit
trend_volume_1.50x,2026-02-11 19:08:00+00:00,SPY,enter_long,692.805,trend_volume_1.50x
trend_volume_1.50x,2026-02-11 19:37:00+00:00,SPY,enter_short,693.79,trend_volume_1.50x
trend_volume_1.50x,2026-02-11 19:40:00+00:00,SPY,exit_long,693.53,hybrid_exit
trend_volume_1.50x,2026-02-11 20:20:00+00:00,SPY,exit_short,692.71,hybrid_exit
trend_volume_1.50x,2026-02-11 20:31:00+00:00,SPY,enter_long,692.15,trend_volume_1.50x
trend_volume_1.50x,2026-02-11 20:50:00+00:00,SPY,enter_short,692.315,trend_volume_1.50x
trend_volume_1.50x,2026-02-12 14:40:00+00:00,SPY,exit_long,694.82,hybrid_exit
trend_volume_1.50x,2026-02-12 16:30:00+00:00,SPY,exit_short,683.6,hybrid_exit
trend_volume_1.50x,2026-02-12 16:30:00+00:00,SPY,enter_long,683.885,trend_volume_1.50x
trend_volume_1.50x,2026-02-12 16:40:00+00:00,SPY,exit_long,685.58,hybrid_exit
trend_volume_1.50x,2026-02-12 16:47:00+00:00,SPY,enter_short,684.37,trend_volume_1.50x
trend_volume_1.50x,2026-02-12 17:21:00+00:00,SPY,enter_long,684.41,trend_volume_1.50x
trend_volume_1.50x,2026-02-12 17:30:00+00:00,SPY,exit_short,684.115,hybrid_exit
trend_volume_1.50x,2026-02-12 17:40:00+00:00,SPY,exit_long,684.89,hybrid_exit
trend_volume_1.50x,2026-02-12 17:46:00+00:00,SPY,enter_short,684.535,trend_volume_1.50x
trend_volume_1.50x,2026-02-12 18:01:00+00:00,SPY,enter_long,683.09,trend_volume_1.50x
trend_volume_1.50x,2026-02-12 18:10:00+00:00,SPY,exit_short,683.34,hybrid_exit
trend_volume_1.50x,2026-02-12 19:00:00+00:00,SPY,exit_long,684.855,hybrid_exit
trend_volume_1.50x,2026-02-12 19:11:00+00:00,SPY,enter_short,683.85,trend_volume_1.50x
trend_volume_1.50x,2026-02-13 14:30:00+00:00,SPY,exit_short,681.695,hybrid_exit
trend_volume_1.50x,2026-02-13 14:42:00+00:00,SPY,enter_long,678.225,trend_volume_1.50x
trend_volume_1.50x,2026-02-13 14:50:00+00:00,SPY,exit_long,681.43,hybrid_exit
trend_volume_1.50x,2026-02-13 15:00:00+00:00,SPY,enter_long,680.98,trend_volume_1.50x
trend_volume_1.50x,2026-02-13 15:40:00+00:00,SPY,exit_long,682.86,hybrid_exit
trend_volume_1.50x,2026-02-13 15:50:00+00:00,SPY,enter_long,681.7,trend_volume_1.50x
trend_volume_1.50x,2026-02-13 17:10:00+00:00,SPY,exit_long,685.2,hybrid_exit
trend_volume_1.50x,2026-02-13 17:55:00+00:00,SPY,enter_short,685.23,trend_volume_1.50x
trend_volume_1.50x,2026-02-13 20:50:00+00:00,SPY,exit_short,681.18,hybrid_exit
trend_volume_1.50x,2026-02-17 14:40:00+00:00,SPY,enter_short,682.31,trend_volume_1.50x
trend_volume_1.50x,2026-02-17 15:00:00+00:00,SPY,enter_long,676.8,trend_volume_1.50x
trend_volume_1.50x,2026-02-17 15:00:00+00:00,SPY,exit_short,676.42,hybrid_exit
trend_volume_1.50x,2026-02-17 15:30:00+00:00,SPY,exit_long,677.43,hybrid_exit
trend_volume_1.50x,2026-02-17 15:45:00+00:00,SPY,enter_long,677.04,trend_volume_1.50x
trend_volume_1.50x,2026-02-17 16:20:00+00:00,SPY,exit_long,682.76,hybrid_exit
trend_volume_1.50x,2026-02-17 17:20:00+00:00,SPY,enter_long,681.405,trend_volume_1.50x
trend_volume_1.50x,2026-02-17 19:00:00+00:00,SPY,exit_long,684.06,hybrid_exit
trend_volume_1.50x,2026-02-17 19:10:00+00:00,SPY,enter_short,683.845,trend_volume_1.50x
trend_volume_1.50x,2026-02-17 20:00:00+00:00,SPY,enter_long,683.79,trend_volume_1.50x
trend_volume_1.50x,2026-02-17 20:10:00+00:00,SPY,exit_short,683.39,hybrid_exit
trend_volume_1.50x,2026-02-18 15:10:00+00:00,SPY,exit_long,687.48,hybrid_exit
trend_volume_1.50x,2026-02-18 15:58:00+00:00,SPY,enter_short,688.45,trend_volume_1.50x
trend_volume_1.50x,2026-02-18 16:30:00+00:00,SPY,exit_short,688.175,hybrid_exit
trend_volume_1.50x,2026-02-18 16:44:00+00:00,SPY,enter_short,688.33,trend_volume_1.50x
trend_volume_1.50x,2026-02-18 17:04:00+00:00,SPY,enter_long,688.155,trend_volume_1.50x
trend_volume_1.50x,2026-02-18 17:20:00+00:00,SPY,exit_long,688.58,hybrid_exit
trend_volume_1.50x,2026-02-18 20:00:00+00:00,SPY,exit_short,684.62,hybrid_exit
trend_volume_1.50x,2026-02-18 20:00:00+00:00,SPY,enter_long,684.88,trend_volume_1.50x
trend_volume_1.50x,2026-02-18 20:40:00+00:00,SPY,enter_short,685.355,trend_volume_1.50x
trend_volume_1.50x,2026-02-18 20:50:00+00:00,SPY,exit_long,686.47,hybrid_exit
trend_volume_1.50x,2026-02-19 14:40:00+00:00,SPY,exit_short,683.68,hybrid_exit
trend_volume_1.50x,2026-02-19 14:42:00+00:00,SPY,enter_long,683.77,trend_volume_1.50x
trend_volume_1.50x,2026-02-19 15:00:00+00:00,SPY,exit_long,684.9,hybrid_exit
trend_volume_1.50x,2026-02-19 15:23:00+00:00,SPY,enter_short,684.69,trend_volume_1.50x
trend_volume_1.50x,2026-02-19 15:38:00+00:00,SPY,enter_long,685.77,trend_volume_1.50x
trend_volume_1.50x,2026-02-19 15:40:00+00:00,SPY,exit_long,685.43,hybrid_exit
trend_volume_1.50x,2026-02-19 18:00:00+00:00,SPY,exit_short,682.42,hybrid_exit
trend_volume_1.50x,2026-02-19 18:05:00+00:00,SPY,enter_long,682.19,trend_volume_1.50x
trend_volume_1.50x,2026-02-19 19:00:00+00:00,SPY,exit_long,683.73,hybrid_exit
trend_volume_1.50x,2026-02-19 19:09:00+00:00,SPY,enter_short,683.92,trend_volume_1.50x
trend_volume_1.50x,2026-02-19 19:40:00+00:00,SPY,exit_short,682.02,hybrid_exit
trend_volume_1.50x,2026-02-19 19:40:00+00:00,SPY,enter_long,682.23,trend_volume_1.50x
trend_volume_1.50x,2026-02-20 14:50:00+00:00,SPY,exit_long,684.26,hybrid_exit
trend_volume_1.50x,2026-02-20 15:01:00+00:00,SPY,enter_long,688.97,trend_volume_1.50x
trend_volume_1.50x,2026-02-20 15:50:00+00:00,SPY,exit_long,688.17,hybrid_exit
trend_volume_1.50x,2026-02-20 15:58:00+00:00,SPY,enter_short,688.74,trend_volume_1.50x
trend_volume_1.50x,2026-02-20 16:40:00+00:00,SPY,exit_short,688.12,hybrid_exit
trend_volume_1.50x,2026-02-20 16:54:00+00:00,SPY,enter_short,688.93,trend_volume_1.50x
trend_volume_1.50x,2026-02-20 17:20:00+00:00,SPY,exit_short,685.08,hybrid_exit
trend_volume_1.50x,2026-02-20 17:25:00+00:00,SPY,enter_long,684.635,trend_volume_1.50x
trend_volume_1.50x,2026-02-20 18:50:00+00:00,SPY,exit_long,689.1,hybrid_exit
trend_volume_1.50x,2026-02-20 19:04:00+00:00,SPY,enter_short,689.455,trend_volume_1.50x
trend_volume_1.50x,2026-02-20 19:40:00+00:00,SPY,exit_short,688.61,hybrid_exit
trend_volume_1.50x,2026-02-20 20:16:00+00:00,SPY,enter_short,689.04,trend_volume_1.50x
trend_volume_1.50x,2026-02-23 16:10:00+00:00,SPY,exit_short,681.15,hybrid_exit
trend_volume_1.50x,2026-02-23 16:16:00+00:00,SPY,enter_long,680.55,trend_volume_1.50x
trend_volume_1.50x,2026-02-23 16:30:00+00:00,SPY,exit_long,682.66,hybrid_exit
trend_volume_1.50x,2026-02-23 17:41:00+00:00,SPY,enter_long,681.17,trend_volume_1.50x
trend_volume_1.50x,2026-02-23 18:20:00+00:00,SPY,exit_long,683.13,hybrid_exit
trend_volume_1.50x,2026-02-23 18:25:00+00:00,SPY,enter_short,683.66,trend_volume_1.50x
trend_volume_1.50x,2026-02-23 19:20:00+00:00,SPY,exit_short,681.755,hybrid_exit
trend_volume_1.50x,2026-02-23 19:46:00+00:00,SPY,enter_long,681.02,trend_volume_1.50x
trend_volume_1.50x,2026-02-24 14:50:00+00:00,SPY,exit_long,684.9,hybrid_exit
trend_volume_1.50x,2026-02-24 15:19:00+00:00,SPY,enter_long,684.18,trend_volume_1.50x
trend_volume_1.50x,2026-02-24 15:50:00+00:00,SPY,exit_long,686.0,hybrid_exit
trend_volume_1.50x,2026-02-24 16:00:00+00:00,SPY,enter_long,685.425,trend_volume_1.50x
trend_volume_1.50x,2026-02-24 17:30:00+00:00,SPY,exit_long,687.45,hybrid_exit
trend_volume_1.50x,2026-02-24 17:45:00+00:00,SPY,enter_short,687.02,trend_volume_1.50x
trend_volume_1.50x,2026-02-24 18:30:00+00:00,SPY,exit_short,687.04,hybrid_exit
trend_volume_1.50x,2026-02-24 18:41:00+00:00,SPY,enter_short,687.68,trend_volume_1.50x
trend_volume_1.50x,2026-02-24 19:20:00+00:00,SPY,exit_short,686.93,hybrid_exit
trend_volume_1.50x,2026-02-24 19:39:00+00:00,SPY,enter_long,687.01,trend_volume_1.50x
trend_volume_1.50x,2026-02-24 21:00:00+00:00,SPY,exit_long,687.45,hybrid_exit
trend_volume_1.50x,2026-02-25 14:54:00+00:00,SPY,enter_short,691.41,trend_volume_1.50x
trend_volume_1.50x,2026-02-25 15:30:00+00:00,SPY,exit_short,691.13,hybrid_exit
trend_volume_1.50x,2026-02-25 15:40:00+00:00,SPY,enter_long,690.53,trend_volume_1.50x
trend_volume_1.50x,2026-02-25 16:54:00+00:00,SPY,enter_short,692.13,trend_volume_1.50x
trend_volume_1.50x,2026-02-25 17:00:00+00:00,SPY,exit_long,692.02,hybrid_exit
trend_volume_1.50x,2026-02-25 17:30:00+00:00,SPY,enter_long,691.99,trend_volume_1.50x
trend_volume_1.50x,2026-02-25 17:40:00+00:00,SPY,exit_short,692.31,hybrid_exit
trend_volume_1.50x,2026-02-25 19:20:00+00:00,SPY,exit_long,693.0,hybrid_exit
trend_volume_1.50x,2026-02-25 19:45:00+00:00,SPY,enter_short,693.08,trend_volume_1.50x
trend_volume_1.50x,2026-02-26 14:40:00+00:00,SPY,exit_short,692.165,hybrid_exit
trend_volume_1.50x,2026-02-26 15:07:00+00:00,SPY,enter_short,690.055,trend_volume_1.50x
trend_volume_1.50x,2026-02-26 15:20:00+00:00,SPY,exit_short,686.56,hybrid_exit
trend_volume_1.50x,2026-02-26 15:40:00+00:00,SPY,enter_long,686.66,trend_volume_1.50x
trend_volume_1.50x,2026-02-26 16:00:00+00:00,SPY,exit_long,687.685,hybrid_exit
trend_volume_1.50x,2026-02-26 16:01:00+00:00,SPY,enter_short,687.82,trend_volume_1.50x
trend_volume_1.50x,2026-02-26 17:10:00+00:00,SPY,exit_short,686.76,hybrid_exit
trend_volume_1.50x,2026-02-26 17:43:00+00:00,SPY,enter_long,685.78,trend_volume_1.50x
trend_volume_1.50x,2026-02-26 19:20:00+00:00,SPY,exit_long,688.89,hybrid_exit
trend_volume_1.50x,2026-02-26 19:25:00+00:00,SPY,enter_short,688.9,trend_volume_1.50x
trend_volume_1.50x,2026-02-27 14:40:00+00:00,SPY,exit_short,684.06,hybrid_exit
trend_volume_1.50x,2026-02-27 15:00:00+00:00,SPY,enter_long,683.09,trend_volume_1.50x
trend_volume_1.50x,2026-02-27 15:20:00+00:00,SPY,exit_long,684.03,hybrid_exit
trend_volume_1.50x,2026-02-27 15:35:00+00:00,SPY,enter_long,684.69,trend_volume_1.50x
trend_volume_1.50x,2026-02-27 16:00:00+00:00,SPY,exit_long,685.24,hybrid_exit
trend_volume_1.50x,2026-02-27 16:05:00+00:00,SPY,enter_short,685.68,trend_volume_1.50x
trend_volume_1.50x,2026-02-27 17:30:00+00:00,SPY,exit_short,684.14,hybrid_exit
trend_volume_1.50x,2026-02-27 18:09:00+00:00,SPY,enter_short,684.06,trend_volume_1.50x
trend_volume_1.50x,2026-02-27 18:40:00+00:00,SPY,exit_short,683.69,hybrid_exit
trend_volume_1.50x,2026-02-27 19:17:00+00:00,SPY,enter_long,683.98,trend_volume_1.50x
trend_volume_1.50x,2026-02-27 20:20:00+00:00,SPY,exit_long,685.57,hybrid_exit
trend_volume_1.50x,2026-02-27 20:25:00+00:00,SPY,enter_short,685.79,trend_volume_1.50x
trend_volume_1.50x,2026-03-02 14:40:00+00:00,SPY,exit_short,681.0,hybrid_exit
trend_volume_1.50x,2026-03-02 14:59:00+00:00,SPY,enter_long,683.0,trend_volume_1.50x
trend_volume_1.50x,2026-03-02 16:30:00+00:00,SPY,exit_long,683.22,hybrid_exit
trend_volume_1.50x,2026-03-02 16:40:00+00:00,SPY,enter_long,685.57,trend_volume_1.50x
trend_volume_1.50x,2026-03-02 17:20:00+00:00,SPY,exit_long,687.04,hybrid_exit
trend_volume_1.50x,2026-03-02 17:22:00+00:00,SPY,enter_short,686.85,trend_volume_1.50x
trend_volume_1.50x,2026-03-02 18:20:00+00:00,SPY,exit_short,686.59,hybrid_exit
trend_volume_1.50x,2026-03-02 18:48:00+00:00,SPY,enter_long,685.83,trend_volume_1.50x
trend_volume_1.50x,2026-03-02 19:30:00+00:00,SPY,exit_long,688.245,hybrid_exit
trend_volume_1.50x,2026-03-02 19:31:00+00:00,SPY,enter_short,688.18,trend_volume_1.50x
trend_volume_1.50x,2026-03-02 20:20:00+00:00,SPY,exit_short,686.08,hybrid_exit
trend_volume_1.50x,2026-03-02 20:39:00+00:00,SPY,enter_short,686.125,trend_volume_1.50x
trend_volume_1.50x,2026-03-03 14:40:00+00:00,SPY,exit_short,675.78,hybrid_exit
trend_volume_1.50x,2026-03-03 15:12:00+00:00,SPY,enter_long,672.84,trend_volume_1.50x
trend_volume_1.50x,2026-03-03 16:50:00+00:00,SPY,exit_long,677.57,hybrid_exit
trend_volume_1.50x,2026-03-03 17:23:00+00:00,SPY,enter_long,677.96,trend_volume_1.50x
trend_volume_1.50x,2026-03-03 18:50:00+00:00,SPY,exit_long,681.4,hybrid_exit
trend_volume_1.50x,2026-03-03 19:02:00+00:00,SPY,enter_short,680.84,trend_volume_1.50x
trend_volume_1.50x,2026-03-03 19:40:00+00:00,SPY,exit_short,680.82,hybrid_exit
trend_volume_1.50x,2026-03-03 20:00:00+00:00,SPY,enter_short,680.94,trend_volume_1.50x
trend_volume_1.50x,2026-03-03 20:29:00+00:00,SPY,enter_long,681.01,trend_volume_1.50x
trend_volume_1.50x,2026-03-03 20:40:00+00:00,SPY,exit_short,680.66,hybrid_exit
trend_volume_1.50x,2026-03-04 15:40:00+00:00,SPY,exit_long,684.63,hybrid_exit
trend_volume_1.50x,2026-03-04 16:05:00+00:00,SPY,enter_short,685.86,trend_volume_1.50x
trend_volume_1.50x,2026-03-04 16:26:00+00:00,SPY,enter_long,685.06,trend_volume_1.50x
trend_volume_1.50x,2026-03-04 16:30:00+00:00,SPY,exit_short,685.185,hybrid_exit
trend_volume_1.50x,2026-03-04 17:00:00+00:00,SPY,exit_long,685.78,hybrid_exit
trend_volume_1.50x,2026-03-04 17:53:00+00:00,SPY,enter_long,686.33,trend_volume_1.50x
trend_volume_1.50x,2026-03-04 18:50:00+00:00,SPY,exit_long,686.76,hybrid_exit
trend_volume_1.50x,2026-03-04 19:10:00+00:00,SPY,enter_short,686.71,trend_volume_1.50x
trend_volume_1.50x,2026-03-05 14:40:00+00:00,SPY,exit_short,683.63,hybrid_exit
trend_volume_1.50x,2026-03-05 15:01:00+00:00,SPY,enter_short,684.9,trend_volume_1.50x
trend_volume_1.50x,2026-03-05 15:40:00+00:00,SPY,exit_short,681.3,hybrid_exit
trend_volume_1.50x,2026-03-05 15:56:00+00:00,SPY,enter_short,681.38,trend_volume_1.50x
trend_volume_1.50x,2026-03-05 17:40:00+00:00,SPY,exit_short,678.09,hybrid_exit
trend_volume_1.50x,2026-03-05 18:21:00+00:00,SPY,enter_long,676.66,trend_volume_1.50x
trend_volume_1.50x,2026-03-05 20:00:00+00:00,SPY,exit_long,677.1,hybrid_exit
trend_volume_1.50x,2026-03-05 20:33:00+00:00,SPY,enter_short,679.97,trend_volume_1.50x
trend_volume_1.50x,2026-03-06 14:40:00+00:00,SPY,exit_short,671.06,hybrid_exit
trend_volume_1.50x,2026-03-06 14:41:00+00:00,SPY,enter_long,671.485,trend_volume_1.50x
trend_volume_1.50x,2026-03-06 15:40:00+00:00,SPY,enter_short,675.1,trend_volume_1.50x
trend_volume_1.50x,2026-03-06 15:40:00+00:00,SPY,exit_long,675.5,hybrid_exit
trend_volume_1.50x,2026-03-06 17:20:00+00:00,SPY,exit_short,674.43,hybrid_exit
trend_volume_1.50x,2026-03-06 17:50:00+00:00,SPY,enter_long,673.88,trend_volume_1.50x
trend_volume_1.50x,2026-03-06 18:25:00+00:00,SPY,enter_short,675.12,trend_volume_1.50x
trend_volume_1.50x,2026-03-06 18:30:00+00:00,SPY,exit_long,674.55,hybrid_exit
trend_volume_1.50x,2026-03-09 13:44:00+00:00,SPY,enter_long,664.36,trend_volume_1.50x
trend_volume_1.50x,2026-03-09 13:50:00+00:00,SPY,exit_short,663.68,hybrid_exit
trend_volume_1.50x,2026-03-09 16:20:00+00:00,SPY,exit_long,670.0,hybrid_exit
trend_volume_1.50x,2026-03-09 16:37:00+00:00,SPY,enter_short,670.94,trend_volume_1.50x
trend_volume_1.50x,2026-03-09 17:30:00+00:00,SPY,exit_short,668.875,hybrid_exit
trend_volume_1.50x,2026-03-09 17:33:00+00:00,SPY,enter_long,668.88,trend_volume_1.50x
trend_volume_1.50x,2026-03-09 19:40:00+00:00,SPY,exit_long,679.16,hybrid_exit
trend_volume_1.50x,2026-03-09 19:40:00+00:00,SPY,enter_short,678.33,trend_volume_1.50x
trend_volume_1.50x,2026-03-10 13:40:00+00:00,SPY,exit_short,677.04,hybrid_exit
trend_volume_1.50x,2026-03-10 13:49:00+00:00,SPY,enter_long,677.26,trend_volume_1.50x
trend_volume_1.50x,2026-03-10 15:00:00+00:00,SPY,exit_long,681.1,hybrid_exit
trend_volume_1.50x,2026-03-10 15:12:00+00:00,SPY,enter_short,680.65,trend_volume_1.50x
trend_volume_1.50x,2026-03-10 16:00:00+00:00,SPY,exit_short,681.4,hybrid_exit
trend_volume_1.50x,2026-03-10 16:14:00+00:00,SPY,enter_long,680.535,trend_volume_1.50x
trend_volume_1.50x,2026-03-10 16:43:00+00:00,SPY,enter_short,681.3,trend_volume_1.50x
trend_volume_1.50x,2026-03-10 16:50:00+00:00,SPY,exit_long,680.94,hybrid_exit
trend_volume_1.50x,2026-03-10 18:30:00+00:00,SPY,exit_short,679.42,hybrid_exit
trend_volume_1.50x,2026-03-10 18:58:00+00:00,SPY,enter_short,678.57,trend_volume_1.50x
trend_volume_1.50x,2026-03-10 19:50:00+00:00,SPY,exit_short,676.78,hybrid_exit
trend_volume_1.50x,2026-03-10 19:57:00+00:00,SPY,enter_long,676.54,trend_volume_1.50x
trend_volume_1.50x,2026-03-11 13:40:00+00:00,SPY,exit_long,678.38,hybrid_exit
trend_volume_1.50x,2026-03-11 13:46:00+00:00,SPY,enter_short,677.37,trend_volume_1.50x
trend_volume_1.50x,2026-03-11 15:40:00+00:00,SPY,exit_short,674.875,hybrid_exit
trend_volume_1.50x,2026-03-11 15:55:00+00:00,SPY,enter_long,674.915,trend_volume_1.50x
trend_volume_1.50x,2026-03-11 16:50:00+00:00,SPY,exit_long,675.34,hybrid_exit
trend_volume_1.50x,2026-03-11 16:51:00+00:00,SPY,enter_short,675.645,trend_volume_1.50x
trend_volume_1.50x,2026-03-11 17:40:00+00:00,SPY,exit_short,674.64,hybrid_exit
trend_volume_1.50x,2026-03-11 18:58:00+00:00,SPY,enter_short,675.14,trend_volume_1.50x
trend_volume_1.50x,2026-03-12 13:40:00+00:00,SPY,exit_short,671.28,hybrid_exit
trend_volume_1.50x,2026-03-12 13:58:00+00:00,SPY,enter_short,668.56,trend_volume_1.50x
trend_volume_1.50x,2026-03-12 14:30:00+00:00,SPY,exit_short,668.04,hybrid_exit
trend_volume_1.50x,2026-03-12 14:32:00+00:00,SPY,enter_long,668.01,trend_volume_1.50x
trend_volume_1.50x,2026-03-12 15:40:00+00:00,SPY,exit_long,669.73,hybrid_exit
trend_volume_1.50x,2026-03-12 15:47:00+00:00,SPY,enter_short,668.73,trend_volume_1.50x
trend_volume_1.50x,2026-03-12 16:13:00+00:00,SPY,enter_long,668.6,trend_volume_1.50x
trend_volume_1.50x,2026-03-12 16:20:00+00:00,SPY,exit_long,669.8,hybrid_exit
trend_volume_1.50x,2026-03-12 18:50:00+00:00,SPY,exit_short,667.49,hybrid_exit
trend_volume_1.50x,2026-03-12 19:00:00+00:00,SPY,enter_long,667.65,trend_volume_1.50x
trend_volume_1.50x,2026-03-12 19:40:00+00:00,SPY,exit_long,667.915,hybrid_exit
trend_volume_1.50x,2026-03-12 19:54:00+00:00,SPY,enter_long,666.8,trend_volume_1.50x
trend_volume_1.50x,2026-03-13 13:40:00+00:00,SPY,exit_long,670.39,hybrid_exit
trend_volume_1.50x,2026-03-13 13:56:00+00:00,SPY,enter_short,670.91,trend_volume_1.50x
trend_volume_1.50x,2026-03-13 15:10:00+00:00,SPY,exit_short,666.21,hybrid_exit
trend_volume_1.50x,2026-03-13 15:23:00+00:00,SPY,enter_short,665.385,trend_volume_1.50x
trend_volume_1.50x,2026-03-13 16:00:00+00:00,SPY,exit_short,663.5,hybrid_exit
trend_volume_1.50x,2026-03-13 16:00:00+00:00,SPY,enter_long,663.71,trend_volume_1.50x
trend_volume_1.50x,2026-03-13 16:40:00+00:00,SPY,exit_long,664.27,hybrid_exit
trend_volume_1.50x,2026-03-13 16:43:00+00:00,SPY,enter_short,664.355,trend_volume_1.50x
trend_volume_1.50x,2026-03-13 17:55:00+00:00,SPY,enter_long,662.78,trend_volume_1.50x
trend_volume_1.50x,2026-03-13 18:00:00+00:00,SPY,exit_short,662.7,hybrid_exit
trend_volume_1.50x,2026-03-16 14:10:00+00:00,SPY,exit_long,670.8,hybrid_exit
trend_volume_1.50x,2026-03-16 14:30:00+00:00,SPY,enter_short,669.71,trend_volume_1.50x
trend_volume_1.50x,2026-03-16 15:10:00+00:00,SPY,exit_short,669.17,hybrid_exit
trend_volume_1.50x,2026-03-16 15:28:00+00:00,SPY,enter_short,670.09,trend_volume_1.50x
trend_volume_1.50x,2026-03-16 16:10:00+00:00,SPY,exit_short,668.81,hybrid_exit
trend_volume_1.50x,2026-03-16 16:37:00+00:00,SPY,enter_long,667.915,trend_volume_1.50x
trend_volume_1.50x,2026-03-16 18:20:00+00:00,SPY,exit_long,669.81,hybrid_exit
trend_volume_1.50x,2026-03-16 18:45:00+00:00,SPY,enter_long,670.215,trend_volume_1.50x
trend_volume_1.50x,2026-03-16 19:20:00+00:00,SPY,exit_long,669.42,hybrid_exit
trend_volume_1.50x,2026-03-16 19:36:00+00:00,SPY,enter_long,669.2,trend_volume_1.50x
trend_volume_1.50x,2026-03-17 13:40:00+00:00,SPY,exit_long,673.885,hybrid_exit
trend_volume_1.50x,2026-03-17 13:52:00+00:00,SPY,enter_short,673.805,trend_volume_1.50x
trend_volume_1.50x,2026-03-17 14:20:00+00:00,SPY,exit_short,672.565,hybrid_exit
trend_volume_1.50x,2026-03-17 14:34:00+00:00,SPY,enter_short,672.95,trend_volume_1.50x
trend_volume_1.50x,2026-03-17 15:40:00+00:00,SPY,exit_short,670.68,hybrid_exit
trend_volume_1.50x,2026-03-17 16:25:00+00:00,SPY,enter_short,671.37,trend_volume_1.50x
trend_volume_1.50x,2026-03-17 16:43:00+00:00,SPY,enter_long,671.18,trend_volume_1.50x
trend_volume_1.50x,2026-03-17 17:00:00+00:00,SPY,exit_short,671.05,hybrid_exit
trend_volume_1.50x,2026-03-17 17:10:00+00:00,SPY,enter_short,671.28,trend_volume_1.50x
trend_volume_1.50x,2026-03-17 17:20:00+00:00,SPY,exit_long,671.4,hybrid_exit
trend_volume_1.50x,2026-03-18 13:40:00+00:00,SPY,exit_short,669.07,hybrid_exit
trend_volume_1.50x,2026-03-18 13:57:00+00:00,SPY,enter_short,668.48,trend_volume_1.50x
trend_volume_1.50x,2026-03-18 14:30:00+00:00,SPY,exit_short,665.98,hybrid_exit
trend_volume_1.50x,2026-03-18 14:30:00+00:00,SPY,enter_long,666.27,trend_volume_1.50x
trend_volume_1.50x,2026-03-18 15:10:00+00:00,SPY,exit_long,667.96,hybrid_exit
trend_volume_1.50x,2026-03-18 15:14:00+00:00,SPY,enter_short,667.44,trend_volume_1.50x
trend_volume_1.50x,2026-03-18 18:30:00+00:00,SPY,exit_short,665.94,hybrid_exit
trend_volume_1.50x,2026-03-18 18:40:00+00:00,SPY,enter_short,664.64,trend_volume_1.50x
trend_volume_1.50x,2026-03-19 13:40:00+00:00,SPY,exit_short,656.23,hybrid_exit
trend_volume_1.50x,2026-03-19 13:40:00+00:00,SPY,enter_long,656.37,trend_volume_1.50x
trend_volume_1.50x,2026-03-19 14:00:00+00:00,SPY,exit_long,658.64,hybrid_exit
trend_volume_1.50x,2026-03-19 14:35:00+00:00,SPY,enter_long,659.035,trend_volume_1.50x
trend_volume_1.50x,2026-03-19 15:10:00+00:00,SPY,exit_long,658.87,hybrid_exit
trend_volume_1.50x,2026-03-19 15:14:00+00:00,SPY,enter_short,659.255,trend_volume_1.50x
trend_volume_1.50x,2026-03-19 15:49:00+00:00,SPY,enter_long,657.03,trend_volume_1.50x
trend_volume_1.50x,2026-03-19 15:50:00+00:00,SPY,exit_short,657.02,hybrid_exit
trend_volume_1.50x,2026-03-19 16:10:00+00:00,SPY,exit_long,658.495,hybrid_exit
trend_volume_1.50x,2026-03-19 16:10:00+00:00,SPY,enter_short,657.96,trend_volume_1.50x
trend_volume_1.50x,2026-03-19 17:11:00+00:00,SPY,enter_long,656.07,trend_volume_1.50x
trend_volume_1.50x,2026-03-19 17:20:00+00:00,SPY,exit_short,656.8,hybrid_exit
trend_volume_1.50x,2026-03-19 18:30:00+00:00,SPY,exit_long,657.155,hybrid_exit
trend_volume_1.50x,2026-03-19 18:52:00+00:00,SPY,enter_long,656.82,trend_volume_1.50x
trend_volume_1.50x,2026-03-19 19:00:00+00:00,SPY,exit_long,658.415,hybrid_exit
trend_volume_1.50x,2026-03-19 19:03:00+00:00,SPY,enter_short,660.07,trend_volume_1.50x
trend_volume_1.50x,2026-03-20 14:10:00+00:00,SPY,exit_short,653.09,hybrid_exit
trend_volume_1.50x,2026-03-20 14:31:00+00:00,SPY,enter_long,652.43,trend_volume_1.50x
trend_volume_1.50x,2026-03-20 15:10:00+00:00,SPY,exit_long,652.19,hybrid_exit
trend_volume_1.50x,2026-03-20 15:33:00+00:00,SPY,enter_long,652.57,trend_volume_1.50x
trend_volume_1.50x,2026-03-20 16:00:00+00:00,SPY,exit_long,652.96,hybrid_exit
trend_volume_1.50x,2026-03-20 16:06:00+00:00,SPY,enter_short,653.165,trend_volume_1.50x
trend_volume_1.50x,2026-03-20 18:30:00+00:00,SPY,exit_short,649.4,hybrid_exit
trend_volume_1.50x,2026-03-20 18:50:00+00:00,SPY,enter_long,647.8,trend_volume_1.50x
trend_volume_1.50x,2026-03-23 14:10:00+00:00,SPY,exit_long,659.56,hybrid_exit
trend_volume_1.50x,2026-03-23 14:18:00+00:00,SPY,enter_short,660.925,trend_volume_1.50x
trend_volume_1.50x,2026-03-23 16:10:00+00:00,SPY,exit_short,656.77,hybrid_exit
trend_volume_1.50x,2026-03-23 16:44:00+00:00,SPY,enter_long,656.06,trend_volume_1.50x
trend_volume_1.50x,2026-03-23 18:10:00+00:00,SPY,exit_long,657.45,hybrid_exit
trend_volume_1.50x,2026-03-23 18:39:00+00:00,SPY,enter_short,658.95,trend_volume_1.50x
trend_volume_1.50x,2026-03-24 13:40:00+00:00,SPY,exit_short,651.22,hybrid_exit
trend_volume_1.50x,2026-03-24 13:42:00+00:00,SPY,enter_long,651.23,trend_volume_1.50x
trend_volume_1.50x,2026-03-24 14:50:00+00:00,SPY,exit_long,652.7,hybrid_exit
trend_volume_1.50x,2026-03-24 15:41:00+00:00,SPY,enter_short,656.345,trend_volume_1.50x
trend_volume_1.50x,2026-03-24 17:20:00+00:00,SPY,exit_short,652.79,hybrid_exit
trend_volume_1.50x,2026-03-24 17:20:00+00:00,SPY,enter_long,653.07,trend_volume_1.50x
trend_volume_1.50x,2026-03-24 18:50:00+00:00,SPY,exit_long,655.02,hybrid_exit
trend_volume_1.50x,2026-03-24 19:30:00+00:00,SPY,enter_long,654.5,trend_volume_1.50x
trend_volume_1.50x,2026-03-25 13:40:00+00:00,SPY,exit_long,659.88,hybrid_exit
trend_volume_1.50x,2026-03-25 15:06:00+00:00,SPY,enter_short,658.225,trend_volume_1.50x
trend_volume_1.50x,2026-03-25 15:20:00+00:00,SPY,exit_short,655.15,hybrid_exit
trend_volume_1.50x,2026-03-25 15:29:00+00:00,SPY,enter_long,657.845,trend_volume_1.50x
trend_volume_1.50x,2026-03-25 15:30:00+00:00,SPY,exit_long,657.87,hybrid_exit
trend_volume_1.50x,2026-03-25 15:35:00+00:00,SPY,enter_short,657.71,trend_volume_1.50x
trend_volume_1.50x,2026-03-25 15:55:00+00:00,SPY,enter_long,656.905,trend_volume_1.50x
trend_volume_1.50x,2026-03-25 16:10:00+00:00,SPY,exit_short,656.57,hybrid_exit
trend_volume_1.50x,2026-03-25 16:40:00+00:00,SPY,exit_long,658.055,hybrid_exit
trend_volume_1.50x,2026-03-25 17:10:00+00:00,SPY,enter_long,657.18,trend_volume_1.50x
trend_volume_1.50x,2026-03-25 17:31:00+00:00,SPY,enter_short,657.64,trend_volume_1.50x
trend_volume_1.50x,2026-03-25 17:50:00+00:00,SPY,exit_long,658.07,hybrid_exit
trend_volume_1.50x,2026-03-26 13:40:00+00:00,SPY,enter_long,651.17,trend_volume_1.50x
trend_volume_1.50x,2026-03-26 13:40:00+00:00,SPY,exit_short,650.79,hybrid_exit
trend_volume_1.50x,2026-03-26 13:50:00+00:00,SPY,exit_long,653.45,hybrid_exit
trend_volume_1.50x,2026-03-26 14:07:00+00:00,SPY,enter_short,654.465,trend_volume_1.50x
trend_volume_1.50x,2026-03-26 15:00:00+00:00,SPY,exit_short,652.31,hybrid_exit
trend_volume_1.50x,2026-03-26 15:13:00+00:00,SPY,enter_short,652.28,trend_volume_1.50x
trend_volume_1.50x,2026-03-26 19:15:00+00:00,SPY,enter_long,646.55,trend_volume_1.50x
trend_volume_1.50x,2026-03-26 19:50:00+00:00,SPY,exit_long,645.73,hybrid_exit
trend_volume_1.50x,2026-03-27 13:40:00+00:00,SPY,exit_short,640.925,hybrid_exit
trend_volume_1.50x,2026-03-27 13:54:00+00:00,SPY,enter_short,640.0,trend_volume_1.50x
trend_volume_1.50x,2026-03-27 14:31:00+00:00,SPY,enter_long,639.63,trend_volume_1.50x
trend_volume_1.50x,2026-03-27 14:40:00+00:00,SPY,exit_short,638.9,hybrid_exit
trend_volume_1.50x,2026-03-27 14:50:00+00:00,SPY,exit_long,640.2,hybrid_exit
trend_volume_1.50x,2026-03-27 14:51:00+00:00,SPY,enter_short,640.03,trend_volume_1.50x
breakout_volume_1.25x,2026-01-26 20:32:00+00:00,SPY,enter_long,693.73,breakout_volume_1.25x
breakout_volume_1.25x,2026-01-27 15:00:00+00:00,SPY,exit_long,695.17,hybrid_exit
breakout_volume_1.25x,2026-01-27 15:36:00+00:00,SPY,enter_long,695.4,breakout_volume_1.25x
breakout_volume_1.25x,2026-01-27 16:10:00+00:00,SPY,exit_long,696.1,hybrid_exit
breakout_volume_1.25x,2026-01-27 16:30:00+00:00,SPY,enter_short,696.18,breakout_volume_1.25x
breakout_volume_1.25x,2026-01-27 17:50:00+00:00,SPY,exit_short,695.7,hybrid_exit
breakout_volume_1.25x,2026-01-27 18:13:00+00:00,SPY,enter_long,695.44,breakout_volume_1.25x
breakout_volume_1.25x,2026-01-27 19:00:00+00:00,SPY,exit_long,696.01,hybrid_exit
breakout_volume_1.25x,2026-01-27 19:49:00+00:00,SPY,enter_short,696.09,breakout_volume_1.25x
breakout_volume_1.25x,2026-01-27 20:20:00+00:00,SPY,exit_short,696.27,hybrid_exit
breakout_volume_1.25x,2026-01-27 20:50:00+00:00,SPY,enter_long,696.16,breakout_volume_1.25x
breakout_volume_1.25x,2026-01-28 14:40:00+00:00,SPY,exit_long,697.165,hybrid_exit
breakout_volume_1.25x,2026-01-28 14:48:00+00:00,SPY,enter_short,696.94,breakout_volume_1.25x
breakout_volume_1.25x,2026-01-28 15:20:00+00:00,SPY,exit_short,696.51,hybrid_exit
breakout_volume_1.25x,2026-01-28 15:33:00+00:00,SPY,enter_short,696.49,breakout_volume_1.25x
breakout_volume_1.25x,2026-01-28 17:00:00+00:00,SPY,exit_short,694.73,hybrid_exit
breakout_volume_1.25x,2026-01-28 17:07:00+00:00,SPY,enter_long,695.085,breakout_volume_1.25x
breakout_volume_1.25x,2026-01-28 17:25:00+00:00,SPY,enter_short,694.855,breakout_volume_1.25x
breakout_volume_1.25x,2026-01-28 18:00:00+00:00,SPY,exit_long,694.84,hybrid_exit
breakout_volume_1.25x,2026-01-28 18:00:00+00:00,SPY,exit_short,694.84,hybrid_exit
breakout_volume_1.25x,2026-01-28 18:38:00+00:00,SPY,enter_short,695.09,breakout_volume_1.25x
breakout_volume_1.25x,2026-01-28 19:10:00+00:00,SPY,exit_short,695.0,hybrid_exit
breakout_volume_1.25x,2026-01-28 19:30:00+00:00,SPY,enter_long,695.315,breakout_volume_1.25x
breakout_volume_1.25x,2026-01-28 20:00:00+00:00,SPY,enter_short,694.89,breakout_volume_1.25x
breakout_volume_1.25x,2026-01-28 20:10:00+00:00,SPY,exit_long,695.965,hybrid_exit
breakout_volume_1.25x,2026-01-29 14:50:00+00:00,SPY,exit_short,693.64,hybrid_exit
breakout_volume_1.25x,2026-01-29 15:02:00+00:00,SPY,enter_short,690.48,breakout_volume_1.25x
breakout_volume_1.25x,2026-01-29 15:40:00+00:00,SPY,exit_short,687.59,hybrid_exit
breakout_volume_1.25x,2026-01-29 16:12:00+00:00,SPY,enter_long,686.88,breakout_volume_1.25x
breakout_volume_1.25x,2026-01-29 17:30:00+00:00,SPY,exit_long,690.985,hybrid_exit
breakout_volume_1.25x,2026-01-29 17:41:00+00:00,SPY,enter_short,690.81,breakout_volume_1.25x
breakout_volume_1.25x,2026-01-29 18:00:00+00:00,SPY,exit_short,689.03,hybrid_exit
breakout_volume_1.25x,2026-01-29 18:03:00+00:00,SPY,enter_long,689.98,breakout_volume_1.25x
breakout_volume_1.25x,2026-01-30 14:30:00+00:00,SPY,exit_long,691.84,hybrid_exit
breakout_volume_1.25x,2026-01-30 14:38:00+00:00,SPY,enter_short,693.0,breakout_volume_1.25x
breakout_volume_1.25x,2026-01-30 14:40:00+00:00,SPY,exit_short,693.5,hybrid_exit
breakout_volume_1.25x,2026-01-30 14:58:00+00:00,SPY,enter_short,691.88,breakout_volume_1.25x
breakout_volume_1.25x,2026-01-30 17:10:00+00:00,SPY,exit_short,689.11,hybrid_exit
breakout_volume_1.25x,2026-01-30 17:20:00+00:00,SPY,enter_long,689.72,breakout_volume_1.25x
breakout_volume_1.25x,2026-01-30 19:00:00+00:00,SPY,exit_long,691.36,hybrid_exit
breakout_volume_1.25x,2026-01-30 19:29:00+00:00,SPY,enter_short,691.505,breakout_volume_1.25x
breakout_volume_1.25x,2026-01-30 19:53:00+00:00,SPY,enter_long,691.85,breakout_volume_1.25x
breakout_volume_1.25x,2026-01-30 20:00:00+00:00,SPY,exit_short,690.665,hybrid_exit
breakout_volume_1.25x,2026-02-02 17:20:00+00:00,SPY,exit_long,696.26,hybrid_exit
breakout_volume_1.25x,2026-02-02 17:27:00+00:00,SPY,enter_short,696.04,breakout_volume_1.25x
breakout_volume_1.25x,2026-02-02 18:30:00+00:00,SPY,exit_short,696.07,hybrid_exit
breakout_volume_1.25x,2026-02-02 19:00:00+00:00,SPY,enter_short,696.43,breakout_volume_1.25x
breakout_volume_1.25x,2026-02-02 20:10:00+00:00,SPY,exit_short,696.3,hybrid_exit
breakout_volume_1.25x,2026-02-02 20:39:00+00:00,SPY,enter_short,695.64,breakout_volume_1.25x
breakout_volume_1.25x,2026-02-03 15:10:00+00:00,SPY,exit_short,692.99,hybrid_exit
breakout_volume_1.25x,2026-02-03 16:10:00+00:00,SPY,enter_short,692.12,breakout_volume_1.25x
breakout_volume_1.25x,2026-02-03 18:40:00+00:00,SPY,exit_short,686.355,hybrid_exit
breakout_volume_1.25x,2026-02-03 19:12:00+00:00,SPY,enter_long,685.16,breakout_volume_1.25x
breakout_volume_1.25x,2026-02-03 19:30:00+00:00,SPY,exit_long,686.26,hybrid_exit
breakout_volume_1.25x,2026-02-03 19:56:00+00:00,SPY,enter_long,686.71,breakout_volume_1.25x
breakout_volume_1.25x,2026-02-04 14:40:00+00:00,SPY,exit_long,690.57,hybrid_exit
breakout_volume_1.25x,2026-02-04 14:53:00+00:00,SPY,enter_short,689.635,breakout_volume_1.25x
breakout_volume_1.25x,2026-02-04 15:10:00+00:00,SPY,exit_short,688.985,hybrid_exit
breakout_volume_1.25x,2026-02-04 15:34:00+00:00,SPY,enter_short,688.23,breakout_volume_1.25x
breakout_volume_1.25x,2026-02-04 17:00:00+00:00,SPY,exit_short,686.51,hybrid_exit
breakout_volume_1.25x,2026-02-04 17:10:00+00:00,SPY,enter_short,686.275,breakout_volume_1.25x
breakout_volume_1.25x,2026-02-04 17:40:00+00:00,SPY,exit_short,682.41,hybrid_exit
breakout_volume_1.25x,2026-02-04 18:06:00+00:00,SPY,enter_long,683.815,breakout_volume_1.25x
breakout_volume_1.25x,2026-02-04 19:50:00+00:00,SPY,exit_long,687.33,hybrid_exit
breakout_volume_1.25x,2026-02-04 20:12:00+00:00,SPY,enter_short,687.14,breakout_volume_1.25x
breakout_volume_1.25x,2026-02-05 14:40:00+00:00,SPY,exit_short,682.37,hybrid_exit
breakout_volume_1.25x,2026-02-05 14:58:00+00:00,SPY,enter_short,680.845,breakout_volume_1.25x
breakout_volume_1.25x,2026-02-05 15:10:00+00:00,SPY,exit_short,678.75,hybrid_exit
breakout_volume_1.25x,2026-02-05 15:42:00+00:00,SPY,enter_long,677.86,breakout_volume_1.25x
breakout_volume_1.25x,2026-02-05 16:40:00+00:00,SPY,exit_long,680.235,hybrid_exit
breakout_volume_1.25x,2026-02-05 17:07:00+00:00,SPY,enter_short,679.955,breakout_volume_1.25x
breakout_volume_1.25x,2026-02-05 18:30:00+00:00,SPY,exit_short,679.09,hybrid_exit
breakout_volume_1.25x,2026-02-05 19:03:00+00:00,SPY,enter_long,678.59,breakout_volume_1.25x
breakout_volume_1.25x,2026-02-05 19:30:00+00:00,SPY,exit_long,680.145,hybrid_exit
breakout_volume_1.25x,2026-02-05 20:01:00+00:00,SPY,enter_long,679.16,breakout_volume_1.25x
breakout_volume_1.25x,2026-02-06 15:00:00+00:00,SPY,exit_long,684.82,hybrid_exit
breakout_volume_1.25x,2026-02-06 15:11:00+00:00,SPY,enter_long,685.06,breakout_volume_1.25x
breakout_volume_1.25x,2026-02-06 18:20:00+00:00,SPY,exit_long,689.155,hybrid_exit
breakout_volume_1.25x,2026-02-06 19:22:00+00:00,SPY,enter_long,689.3,breakout_volume_1.25x
breakout_volume_1.25x,2026-02-09 14:30:00+00:00,SPY,exit_long,689.47,hybrid_exit
breakout_volume_1.25x,2026-02-09 14:45:00+00:00,SPY,enter_long,691.165,breakout_volume_1.25x
breakout_volume_1.25x,2026-02-09 15:30:00+00:00,SPY,exit_long,691.94,hybrid_exit
breakout_volume_1.25x,2026-02-09 15:45:00+00:00,SPY,enter_long,693.735,breakout_volume_1.25x
breakout_volume_1.25x,2026-02-09 17:00:00+00:00,SPY,exit_long,695.375,hybrid_exit
breakout_volume_1.25x,2026-02-09 17:20:00+00:00,SPY,enter_short,695.36,breakout_volume_1.25x
breakout_volume_1.25x,2026-02-09 18:00:00+00:00,SPY,exit_short,694.58,hybrid_exit
breakout_volume_1.25x,2026-02-09 18:21:00+00:00,SPY,enter_long,695.0,breakout_volume_1.25x
breakout_volume_1.25x,2026-02-09 19:30:00+00:00,SPY,exit_long,695.76,hybrid_exit
breakout_volume_1.25x,2026-02-09 19:44:00+00:00,SPY,enter_short,695.55,breakout_volume_1.25x
breakout_volume_1.25x,2026-02-09 20:40:00+00:00,SPY,exit_short,694.54,hybrid_exit
breakout_volume_1.25x,2026-02-09 20:40:00+00:00,SPY,enter_long,694.58,breakout_volume_1.25x
breakout_volume_1.25x,2026-02-10 15:00:00+00:00,SPY,exit_long,695.77,hybrid_exit
breakout_volume_1.25x,2026-02-10 15:16:00+00:00,SPY,enter_short,695.05,breakout_volume_1.25x
breakout_volume_1.25x,2026-02-10 16:20:00+00:00,SPY,exit_short,694.94,hybrid_exit
breakout_volume_1.25x,2026-02-10 17:25:00+00:00,SPY,enter_short,695.11,breakout_volume_1.25x
breakout_volume_1.25x,2026-02-10 18:40:00+00:00,SPY,exit_short,693.675,hybrid_exit
breakout_volume_1.25x,2026-02-10 19:43:00+00:00,SPY,enter_short,693.645,breakout_volume_1.25x
breakout_volume_1.25x,2026-02-11 14:30:00+00:00,SPY,exit_short,696.435,hybrid_exit
breakout_volume_1.25x,2026-02-11 14:42:00+00:00,SPY,enter_short,695.23,breakout_volume_1.25x
breakout_volume_1.25x,2026-02-11 15:20:00+00:00,SPY,exit_short,690.79,hybrid_exit
breakout_volume_1.25x,2026-02-11 15:35:00+00:00,SPY,enter_long,690.8,breakout_volume_1.25x
breakout_volume_1.25x,2026-02-11 16:30:00+00:00,SPY,exit_long,691.74,hybrid_exit
breakout_volume_1.25x,2026-02-11 17:12:00+00:00,SPY,enter_long,692.35,breakout_volume_1.25x
breakout_volume_1.25x,2026-02-11 17:50:00+00:00,SPY,exit_long,693.73,hybrid_exit
breakout_volume_1.25x,2026-02-11 17:55:00+00:00,SPY,enter_short,693.38,breakout_volume_1.25x
breakout_volume_1.25x,2026-02-11 18:20:00+00:00,SPY,exit_short,692.05,hybrid_exit
breakout_volume_1.25x,2026-02-11 18:29:00+00:00,SPY,enter_long,692.77,breakout_volume_1.25x
breakout_volume_1.25x,2026-02-11 19:20:00+00:00,SPY,exit_long,693.365,hybrid_exit
breakout_volume_1.25x,2026-02-11 19:45:00+00:00,SPY,enter_short,693.34,breakout_volume_1.25x
breakout_volume_1.25x,2026-02-11 20:20:00+00:00,SPY,exit_short,692.71,hybrid_exit
breakout_volume_1.25x,2026-02-11 20:50:00+00:00,SPY,enter_short,692.435,breakout_volume_1.25x
breakout_volume_1.25x,2026-02-12 14:37:00+00:00,SPY,enter_long,694.65,breakout_volume_1.25x
breakout_volume_1.25x,2026-02-12 14:40:00+00:00,SPY,exit_long,694.82,hybrid_exit
breakout_volume_1.25x,2026-02-12 16:30:00+00:00,SPY,exit_short,683.6,hybrid_exit
breakout_volume_1.25x,2026-02-12 17:24:00+00:00,SPY,enter_long,684.88,breakout_volume_1.25x
breakout_volume_1.25x,2026-02-12 17:40:00+00:00,SPY,exit_long,684.89,hybrid_exit
breakout_volume_1.25x,2026-02-12 17:53:00+00:00,SPY,enter_short,684.165,breakout_volume_1.25x
breakout_volume_1.25x,2026-02-12 18:10:00+00:00,SPY,exit_short,683.34,hybrid_exit
breakout_volume_1.25x,2026-02-12 18:24:00+00:00,SPY,enter_long,683.545,breakout_volume_1.25x
breakout_volume_1.25x,2026-02-12 19:00:00+00:00,SPY,exit_long,684.855,hybrid_exit
breakout_volume_1.25x,2026-02-12 19:11:00+00:00,SPY,enter_short,684.335,breakout_volume_1.25x
breakout_volume_1.25x,2026-02-13 14:30:00+00:00,SPY,exit_short,681.695,hybrid_exit
breakout_volume_1.25x,2026-02-13 15:09:00+00:00,SPY,enter_long,682.01,breakout_volume_1.25x
breakout_volume_1.25x,2026-02-13 17:10:00+00:00,SPY,exit_long,685.2,hybrid_exit
breakout_volume_1.25x,2026-02-13 17:55:00+00:00,SPY,enter_short,685.44,breakout_volume_1.25x
breakout_volume_1.25x,2026-02-13 20:50:00+00:00,SPY,exit_short,681.18,hybrid_exit
breakout_volume_1.25x,2026-02-17 14:45:00+00:00,SPY,enter_short,680.12,breakout_volume_1.25x
breakout_volume_1.25x,2026-02-17 15:00:00+00:00,SPY,exit_short,676.42,hybrid_exit
breakout_volume_1.25x,2026-02-17 15:18:00+00:00,SPY,enter_long,678.53,breakout_volume_1.25x
breakout_volume_1.25x,2026-02-17 16:20:00+00:00,SPY,exit_long,682.76,hybrid_exit
breakout_volume_1.25x,2026-02-17 17:29:00+00:00,SPY,enter_long,681.84,breakout_volume_1.25x
breakout_volume_1.25x,2026-02-17 19:00:00+00:00,SPY,exit_long,684.06,hybrid_exit
breakout_volume_1.25x,2026-02-17 19:10:00+00:00,SPY,enter_short,683.845,breakout_volume_1.25x
breakout_volume_1.25x,2026-02-17 20:10:00+00:00,SPY,exit_short,683.39,hybrid_exit
breakout_volume_1.25x,2026-02-17 20:43:00+00:00,SPY,enter_long,682.97,breakout_volume_1.25x
breakout_volume_1.25x,2026-02-18 14:50:00+00:00,SPY,exit_long,683.77,hybrid_exit
breakout_volume_1.25x,2026-02-18 15:02:00+00:00,SPY,enter_long,686.78,breakout_volume_1.25x
breakout_volume_1.25x,2026-02-18 15:35:00+00:00,SPY,enter_short,687.355,breakout_volume_1.25x
breakout_volume_1.25x,2026-02-18 15:40:00+00:00,SPY,exit_long,688.04,hybrid_exit
breakout_volume_1.25x,2026-02-18 16:20:00+00:00,SPY,exit_short,688.13,hybrid_exit
breakout_volume_1.25x,2026-02-18 17:05:00+00:00,SPY,enter_long,688.215,breakout_volume_1.25x
breakout_volume_1.25x,2026-02-18 17:20:00+00:00,SPY,exit_long,688.58,hybrid_exit
breakout_volume_1.25x,2026-02-18 17:33:00+00:00,SPY,enter_short,688.14,breakout_volume_1.25x
breakout_volume_1.25x,2026-02-18 20:00:00+00:00,SPY,exit_short,684.62,hybrid_exit
breakout_volume_1.25x,2026-02-18 20:30:00+00:00,SPY,enter_long,684.42,breakout_volume_1.25x
breakout_volume_1.25x,2026-02-19 14:30:00+00:00,SPY,exit_long,683.85,hybrid_exit
breakout_volume_1.25x,2026-02-19 14:35:00+00:00,SPY,enter_short,683.85,breakout_volume_1.25x
breakout_volume_1.25x,2026-02-19 14:40:00+00:00,SPY,exit_short,683.68,hybrid_exit
breakout_volume_1.25x,2026-02-19 14:52:00+00:00,SPY,enter_long,684.74,breakout_volume_1.25x
breakout_volume_1.25x,2026-02-19 15:29:00+00:00,SPY,enter_short,684.01,breakout_volume_1.25x
breakout_volume_1.25x,2026-02-19 15:40:00+00:00,SPY,exit_long,685.43,hybrid_exit
breakout_volume_1.25x,2026-02-19 17:17:00+00:00,SPY,enter_long,683.68,breakout_volume_1.25x
breakout_volume_1.25x,2026-02-19 17:20:00+00:00,SPY,exit_long,684.08,hybrid_exit
breakout_volume_1.25x,2026-02-19 18:00:00+00:00,SPY,exit_short,682.42,hybrid_exit
breakout_volume_1.25x,2026-02-19 18:13:00+00:00,SPY,enter_long,682.77,breakout_volume_1.25x
breakout_volume_1.25x,2026-02-19 19:00:00+00:00,SPY,exit_long,683.73,hybrid_exit
breakout_volume_1.25x,2026-02-19 19:29:00+00:00,SPY,enter_short,683.42,breakout_volume_1.25x
breakout_volume_1.25x,2026-02-19 19:51:00+00:00,SPY,enter_long,682.69,breakout_volume_1.25x
breakout_volume_1.25x,2026-02-19 20:00:00+00:00,SPY,exit_short,682.555,hybrid_exit
breakout_volume_1.25x,2026-02-20 14:50:00+00:00,SPY,exit_long,684.26,hybrid_exit
breakout_volume_1.25x,2026-02-20 15:01:00+00:00,SPY,enter_long,685.55,breakout_volume_1.25x
breakout_volume_1.25x,2026-02-20 15:10:00+00:00,SPY,exit_long,687.035,hybrid_exit
breakout_volume_1.25x,2026-02-20 16:10:00+00:00,SPY,enter_short,688.31,breakout_volume_1.25x
breakout_volume_1.25x,2026-02-20 17:20:00+00:00,SPY,exit_short,685.08,hybrid_exit
breakout_volume_1.25x,2026-02-20 17:30:00+00:00,SPY,enter_long,685.2,breakout_volume_1.25x
breakout_volume_1.25x,2026-02-20 18:50:00+00:00,SPY,exit_long,689.1,hybrid_exit
breakout_volume_1.25x,2026-02-20 19:10:00+00:00,SPY,enter_short,688.84,breakout_volume_1.25x
breakout_volume_1.25x,2026-02-20 19:50:00+00:00,SPY,exit_short,688.05,hybrid_exit
breakout_volume_1.25x,2026-02-20 20:25:00+00:00,SPY,enter_short,688.54,breakout_volume_1.25x
breakout_volume_1.25x,2026-02-23 16:10:00+00:00,SPY,exit_short,681.15,hybrid_exit
breakout_volume_1.25x,2026-02-23 16:20:00+00:00,SPY,enter_long,681.61,breakout_volume_1.25x
breakout_volume_1.25x,2026-02-23 17:00:00+00:00,SPY,exit_long,681.96,hybrid_exit
breakout_volume_1.25x,2026-02-23 17:52:00+00:00,SPY,enter_long,681.665,breakout_volume_1.25x
breakout_volume_1.25x,2026-02-23 18:30:00+00:00,SPY,exit_long,683.6,hybrid_exit
breakout_volume_1.25x,2026-02-23 18:40:00+00:00,SPY,enter_short,683.37,breakout_volume_1.25x
breakout_volume_1.25x,2026-02-23 19:20:00+00:00,SPY,exit_short,681.755,hybrid_exit
breakout_volume_1.25x,2026-02-23 19:56:00+00:00,SPY,enter_long,681.43,breakout_volume_1.25x
breakout_volume_1.25x,2026-02-24 14:50:00+00:00,SPY,exit_long,684.9,hybrid_exit
breakout_volume_1.25x,2026-02-24 15:19:00+00:00,SPY,enter_long,683.99,breakout_volume_1.25x
breakout_volume_1.25x,2026-02-24 15:50:00+00:00,SPY,exit_long,686.0,hybrid_exit
breakout_volume_1.25x,2026-02-24 16:11:00+00:00,SPY,enter_long,686.25,breakout_volume_1.25x
breakout_volume_1.25x,2026-02-24 17:30:00+00:00,SPY,exit_long,687.45,hybrid_exit
breakout_volume_1.25x,2026-02-24 17:45:00+00:00,SPY,enter_short,687.085,breakout_volume_1.25x
breakout_volume_1.25x,2026-02-24 18:30:00+00:00,SPY,exit_short,687.04,hybrid_exit
breakout_volume_1.25x,2026-02-24 19:04:00+00:00,SPY,enter_short,687.45,breakout_volume_1.25x
breakout_volume_1.25x,2026-02-24 19:40:00+00:00,SPY,exit_short,686.98,hybrid_exit
breakout_volume_1.25x,2026-02-24 19:41:00+00:00,SPY,enter_long,687.11,breakout_volume_1.25x
breakout_volume_1.25x,2026-02-24 21:00:00+00:00,SPY,exit_long,687.45,hybrid_exit
breakout_volume_1.25x,2026-02-25 14:38:00+00:00,SPY,enter_long,691.15,breakout_volume_1.25x
breakout_volume_1.25x,2026-02-25 14:40:00+00:00,SPY,exit_long,691.19,hybrid_exit
breakout_volume_1.25x,2026-02-25 15:06:00+00:00,SPY,enter_short,690.85,breakout_volume_1.25x
breakout_volume_1.25x,2026-02-25 15:40:00+00:00,SPY,exit_short,690.49,hybrid_exit
breakout_volume_1.25x,2026-02-25 16:07:00+00:00,SPY,enter_long,691.03,breakout_volume_1.25x
breakout_volume_1.25x,2026-02-25 17:00:00+00:00,SPY,exit_long,692.02,hybrid_exit
breakout_volume_1.25x,2026-02-25 17:29:00+00:00,SPY,enter_short,692.02,breakout_volume_1.25x
breakout_volume_1.25x,2026-02-25 18:00:00+00:00,SPY,exit_short,692.54,hybrid_exit
breakout_volume_1.25x,2026-02-25 18:43:00+00:00,SPY,enter_long,692.49,breakout_volume_1.25x
breakout_volume_1.25x,2026-02-25 19:20:00+00:00,SPY,exit_long,693.0,hybrid_exit
breakout_volume_1.25x,2026-02-25 19:59:00+00:00,SPY,enter_short,693.07,breakout_volume_1.25x
breakout_volume_1.25x,2026-02-26 14:40:00+00:00,SPY,exit_short,692.165,hybrid_exit
breakout_volume_1.25x,2026-02-26 14:53:00+00:00,SPY,enter_short,690.67,breakout_volume_1.25x
breakout_volume_1.25x,2026-02-26 15:10:00+00:00,SPY,exit_short,690.025,hybrid_exit
breakout_volume_1.25x,2026-02-26 15:40:00+00:00,SPY,enter_long,686.63,breakout_volume_1.25x
breakout_volume_1.25x,2026-02-26 16:00:00+00:00,SPY,exit_long,687.685,hybrid_exit
breakout_volume_1.25x,2026-02-26 16:36:00+00:00,SPY,enter_short,688.14,breakout_volume_1.25x
breakout_volume_1.25x,2026-02-26 16:50:00+00:00,SPY,exit_short,687.42,hybrid_exit
breakout_volume_1.25x,2026-02-26 18:29:00+00:00,SPY,enter_long,685.76,breakout_volume_1.25x
breakout_volume_1.25x,2026-02-26 19:20:00+00:00,SPY,exit_long,688.89,hybrid_exit
breakout_volume_1.25x,2026-02-26 20:00:00+00:00,SPY,enter_short,688.995,breakout_volume_1.25x
breakout_volume_1.25x,2026-02-27 14:40:00+00:00,SPY,exit_short,684.06,hybrid_exit
breakout_volume_1.25x,2026-02-27 15:01:00+00:00,SPY,enter_long,683.68,breakout_volume_1.25x
breakout_volume_1.25x,2026-02-27 15:50:00+00:00,SPY,exit_long,685.135,hybrid_exit
breakout_volume_1.25x,2026-02-27 16:40:00+00:00,SPY,enter_short,685.36,breakout_volume_1.25x
breakout_volume_1.25x,2026-02-27 17:30:00+00:00,SPY,exit_short,684.14,hybrid_exit
breakout_volume_1.25x,2026-02-27 18:10:00+00:00,SPY,enter_short,683.98,breakout_volume_1.25x
breakout_volume_1.25x,2026-02-27 18:50:00+00:00,SPY,exit_short,683.75,hybrid_exit
breakout_volume_1.25x,2026-02-27 20:00:00+00:00,SPY,enter_long,683.59,breakout_volume_1.25x
breakout_volume_1.25x,2026-02-27 20:30:00+00:00,SPY,exit_long,685.57,hybrid_exit
breakout_volume_1.25x,2026-02-27 20:35:00+00:00,SPY,enter_short,685.18,breakout_volume_1.25x
breakout_volume_1.25x,2026-03-02 14:40:00+00:00,SPY,exit_short,681.0,hybrid_exit
breakout_volume_1.25x,2026-03-02 14:45:00+00:00,SPY,enter_long,682.46,breakout_volume_1.25x
breakout_volume_1.25x,2026-03-02 15:30:00+00:00,SPY,exit_long,683.37,hybrid_exit
breakout_volume_1.25x,2026-03-02 15:45:00+00:00,SPY,enter_long,684.33,breakout_volume_1.25x
breakout_volume_1.25x,2026-03-02 17:00:00+00:00,SPY,exit_long,686.25,hybrid_exit
breakout_volume_1.25x,2026-03-02 17:30:00+00:00,SPY,enter_short,686.46,breakout_volume_1.25x
breakout_volume_1.25x,2026-03-02 18:20:00+00:00,SPY,exit_short,686.59,hybrid_exit
breakout_volume_1.25x,2026-03-02 19:11:00+00:00,SPY,enter_long,686.59,breakout_volume_1.25x
breakout_volume_1.25x,2026-03-02 19:40:00+00:00,SPY,exit_long,688.31,hybrid_exit
breakout_volume_1.25x,2026-03-02 19:46:00+00:00,SPY,enter_short,688.06,breakout_volume_1.25x
breakout_volume_1.25x,2026-03-02 20:20:00+00:00,SPY,exit_short,686.08,hybrid_exit
breakout_volume_1.25x,2026-03-03 15:31:00+00:00,SPY,enter_long,671.09,breakout_volume_1.25x
breakout_volume_1.25x,2026-03-03 16:50:00+00:00,SPY,exit_long,677.57,hybrid_exit
breakout_volume_1.25x,2026-03-03 17:23:00+00:00,SPY,enter_long,677.95,breakout_volume_1.25x
breakout_volume_1.25x,2026-03-03 18:50:00+00:00,SPY,exit_long,681.4,hybrid_exit
breakout_volume_1.25x,2026-03-03 19:02:00+00:00,SPY,enter_short,680.93,breakout_volume_1.25x
breakout_volume_1.25x,2026-03-03 19:40:00+00:00,SPY,exit_short,680.82,hybrid_exit
breakout_volume_1.25x,2026-03-03 20:14:00+00:00,SPY,enter_short,680.81,breakout_volume_1.25x
breakout_volume_1.25x,2026-03-03 20:36:00+00:00,SPY,enter_long,681.48,breakout_volume_1.25x
breakout_volume_1.25x,2026-03-03 20:50:00+00:00,SPY,exit_short,680.52,hybrid_exit
breakout_volume_1.25x,2026-03-04 15:40:00+00:00,SPY,exit_long,684.63,hybrid_exit
breakout_volume_1.25x,2026-03-04 16:11:00+00:00,SPY,enter_short,685.22,breakout_volume_1.25x
breakout_volume_1.25x,2026-03-04 16:30:00+00:00,SPY,exit_short,685.185,hybrid_exit
breakout_volume_1.25x,2026-03-04 16:33:00+00:00,SPY,enter_long,685.57,breakout_volume_1.25x
breakout_volume_1.25x,2026-03-04 17:10:00+00:00,SPY,exit_long,686.08,hybrid_exit
breakout_volume_1.25x,2026-03-04 17:53:00+00:00,SPY,enter_long,686.2,breakout_volume_1.25x
breakout_volume_1.25x,2026-03-04 18:50:00+00:00,SPY,exit_long,686.76,hybrid_exit
breakout_volume_1.25x,2026-03-04 19:26:00+00:00,SPY,enter_short,686.67,breakout_volume_1.25x
breakout_volume_1.25x,2026-03-05 14:40:00+00:00,SPY,exit_short,683.63,hybrid_exit
breakout_volume_1.25x,2026-03-05 15:19:00+00:00,SPY,enter_short,682.91,breakout_volume_1.25x
breakout_volume_1.25x,2026-03-05 15:40:00+00:00,SPY,exit_short,681.3,hybrid_exit
breakout_volume_1.25x,2026-03-05 16:03:00+00:00,SPY,enter_short,681.25,breakout_volume_1.25x
breakout_volume_1.25x,2026-03-05 17:40:00+00:00,SPY,exit_short,678.09,hybrid_exit
breakout_volume_1.25x,2026-03-05 18:40:00+00:00,SPY,enter_long,676.99,breakout_volume_1.25x
breakout_volume_1.25x,2026-03-05 20:00:00+00:00,SPY,exit_long,677.1,hybrid_exit
breakout_volume_1.25x,2026-03-06 14:35:00+00:00,SPY,enter_short,672.55,breakout_volume_1.25x
breakout_volume_1.25x,2026-03-06 14:40:00+00:00,SPY,exit_short,671.06,hybrid_exit
breakout_volume_1.25x,2026-03-06 15:00:00+00:00,SPY,enter_long,672.11,breakout_volume_1.25x
breakout_volume_1.25x,2026-03-06 15:40:00+00:00,SPY,exit_long,675.5,hybrid_exit
breakout_volume_1.25x,2026-03-06 16:11:00+00:00,SPY,enter_short,674.69,breakout_volume_1.25x
breakout_volume_1.25x,2026-03-06 17:20:00+00:00,SPY,exit_short,674.43,hybrid_exit
breakout_volume_1.25x,2026-03-06 17:50:00+00:00,SPY,enter_long,673.49,breakout_volume_1.25x
breakout_volume_1.25x,2026-03-06 18:30:00+00:00,SPY,exit_long,674.55,hybrid_exit
breakout_volume_1.25x,2026-03-06 18:50:00+00:00,SPY,enter_short,674.21,breakout_volume_1.25x
breakout_volume_1.25x,2026-03-09 13:50:00+00:00,SPY,exit_short,663.68,hybrid_exit
breakout_volume_1.25x,2026-03-09 14:03:00+00:00,SPY,enter_long,664.91,breakout_volume_1.25x
breakout_volume_1.25x,2026-03-09 16:20:00+00:00,SPY,exit_long,670.0,hybrid_exit
breakout_volume_1.25x,2026-03-09 17:01:00+00:00,SPY,enter_short,670.97,breakout_volume_1.25x
breakout_volume_1.25x,2026-03-09 17:40:00+00:00,SPY,exit_short,668.5,hybrid_exit
breakout_volume_1.25x,2026-03-09 17:52:00+00:00,SPY,enter_long,669.02,breakout_volume_1.25x
breakout_volume_1.25x,2026-03-09 19:40:00+00:00,SPY,exit_long,679.16,hybrid_exit
breakout_volume_1.25x,2026-03-09 19:54:00+00:00,SPY,enter_short,677.0,breakout_volume_1.25x
breakout_volume_1.25x,2026-03-10 13:40:00+00:00,SPY,exit_short,677.04,hybrid_exit
breakout_volume_1.25x,2026-03-10 14:21:00+00:00,SPY,enter_long,676.79,breakout_volume_1.25x
breakout_volume_1.25x,2026-03-10 15:00:00+00:00,SPY,exit_long,681.1,hybrid_exit
breakout_volume_1.25x,2026-03-10 15:11:00+00:00,SPY,enter_short,680.5,breakout_volume_1.25x
breakout_volume_1.25x,2026-03-10 16:00:00+00:00,SPY,exit_short,681.4,hybrid_exit
breakout_volume_1.25x,2026-03-10 16:25:00+00:00,SPY,enter_long,681.23,breakout_volume_1.25x
breakout_volume_1.25x,2026-03-10 17:00:00+00:00,SPY,exit_long,681.45,hybrid_exit
breakout_volume_1.25x,2026-03-10 17:37:00+00:00,SPY,enter_short,681.49,breakout_volume_1.25x
breakout_volume_1.25x,2026-03-10 18:30:00+00:00,SPY,exit_short,679.42,hybrid_exit
breakout_volume_1.25x,2026-03-10 18:56:00+00:00,SPY,enter_short,678.52,breakout_volume_1.25x
breakout_volume_1.25x,2026-03-10 19:50:00+00:00,SPY,exit_short,676.78,hybrid_exit
breakout_volume_1.25x,2026-03-11 13:45:00+00:00,SPY,enter_short,677.34,breakout_volume_1.25x
breakout_volume_1.25x,2026-03-11 15:40:00+00:00,SPY,exit_short,674.875,hybrid_exit
breakout_volume_1.25x,2026-03-11 16:23:00+00:00,SPY,enter_long,674.535,breakout_volume_1.25x
breakout_volume_1.25x,2026-03-11 17:00:00+00:00,SPY,exit_long,676.21,hybrid_exit
breakout_volume_1.25x,2026-03-11 17:11:00+00:00,SPY,enter_short,675.99,breakout_volume_1.25x
breakout_volume_1.25x,2026-03-11 17:40:00+00:00,SPY,exit_short,674.64,hybrid_exit
breakout_volume_1.25x,2026-03-11 19:02:00+00:00,SPY,enter_short,674.79,breakout_volume_1.25x
breakout_volume_1.25x,2026-03-12 13:40:00+00:00,SPY,exit_short,671.28,hybrid_exit
breakout_volume_1.25x,2026-03-12 13:56:00+00:00,SPY,enter_short,668.475,breakout_volume_1.25x
breakout_volume_1.25x,2026-03-12 14:30:00+00:00,SPY,exit_short,668.04,hybrid_exit
breakout_volume_1.25x,2026-03-12 14:45:00+00:00,SPY,enter_long,668.94,breakout_volume_1.25x
breakout_volume_1.25x,2026-03-12 15:40:00+00:00,SPY,exit_long,669.73,hybrid_exit
breakout_volume_1.25x,2026-03-12 16:46:00+00:00,SPY,enter_short,668.42,breakout_volume_1.25x
breakout_volume_1.25x,2026-03-12 18:50:00+00:00,SPY,exit_short,667.49,hybrid_exit
breakout_volume_1.25x,2026-03-12 19:23:00+00:00,SPY,enter_long,668.3,breakout_volume_1.25x
breakout_volume_1.25x,2026-03-13 13:40:00+00:00,SPY,exit_long,670.39,hybrid_exit
breakout_volume_1.25x,2026-03-13 14:02:00+00:00,SPY,enter_short,670.38,breakout_volume_1.25x
breakout_volume_1.25x,2026-03-13 15:10:00+00:00,SPY,exit_short,666.21,hybrid_exit
breakout_volume_1.25x,2026-03-13 15:23:00+00:00,SPY,enter_short,665.83,breakout_volume_1.25x
breakout_volume_1.25x,2026-03-13 16:00:00+00:00,SPY,exit_short,663.5,hybrid_exit
breakout_volume_1.25x,2026-03-13 16:07:00+00:00,SPY,enter_long,664.43,breakout_volume_1.25x
breakout_volume_1.25x,2026-03-13 16:40:00+00:00,SPY,exit_long,664.27,hybrid_exit
breakout_volume_1.25x,2026-03-13 16:44:00+00:00,SPY,enter_short,664.03,breakout_volume_1.25x
breakout_volume_1.25x,2026-03-13 18:00:00+00:00,SPY,exit_short,662.7,hybrid_exit
breakout_volume_1.25x,2026-03-13 18:03:00+00:00,SPY,enter_long,663.0,breakout_volume_1.25x
breakout_volume_1.25x,2026-03-16 14:10:00+00:00,SPY,exit_long,670.8,hybrid_exit
breakout_volume_1.25x,2026-03-16 14:30:00+00:00,SPY,enter_short,670.28,breakout_volume_1.25x
breakout_volume_1.25x,2026-03-16 14:50:00+00:00,SPY,exit_short,668.02,hybrid_exit
breakout_volume_1.25x,2026-03-16 14:59:00+00:00,SPY,enter_long,669.09,breakout_volume_1.25x
breakout_volume_1.25x,2026-03-16 15:10:00+00:00,SPY,exit_long,669.17,hybrid_exit
breakout_volume_1.25x,2026-03-16 15:41:00+00:00,SPY,enter_short,670.025,breakout_volume_1.25x
breakout_volume_1.25x,2026-03-16 16:20:00+00:00,SPY,exit_short,668.67,hybrid_exit
breakout_volume_1.25x,2026-03-16 16:43:00+00:00,SPY,enter_long,668.575,breakout_volume_1.25x
breakout_volume_1.25x,2026-03-16 18:20:00+00:00,SPY,exit_long,669.81,hybrid_exit
breakout_volume_1.25x,2026-03-16 18:45:00+00:00,SPY,enter_long,670.19,breakout_volume_1.25x
breakout_volume_1.25x,2026-03-16 19:20:00+00:00,SPY,exit_long,669.42,hybrid_exit
breakout_volume_1.25x,2026-03-16 19:59:00+00:00,SPY,enter_long,669.12,breakout_volume_1.25x
breakout_volume_1.25x,2026-03-17 13:40:00+00:00,SPY,exit_long,673.885,hybrid_exit
breakout_volume_1.25x,2026-03-17 14:05:00+00:00,SPY,enter_short,673.17,breakout_volume_1.25x
breakout_volume_1.25x,2026-03-17 15:40:00+00:00,SPY,exit_short,670.68,hybrid_exit
breakout_volume_1.25x,2026-03-17 16:12:00+00:00,SPY,enter_long,671.14,breakout_volume_1.25x
breakout_volume_1.25x,2026-03-17 17:20:00+00:00,SPY,exit_long,671.4,hybrid_exit
breakout_volume_1.25x,2026-03-17 17:45:00+00:00,SPY,enter_short,671.38,breakout_volume_1.25x
breakout_volume_1.25x,2026-03-18 13:40:00+00:00,SPY,exit_short,669.07,hybrid_exit
breakout_volume_1.25x,2026-03-18 14:12:00+00:00,SPY,enter_short,667.96,breakout_volume_1.25x
breakout_volume_1.25x,2026-03-18 14:30:00+00:00,SPY,exit_short,665.98,hybrid_exit
breakout_volume_1.25x,2026-03-18 14:57:00+00:00,SPY,enter_long,666.46,breakout_volume_1.25x
breakout_volume_1.25x,2026-03-18 15:00:00+00:00,SPY,exit_long,667.13,hybrid_exit
breakout_volume_1.25x,2026-03-18 15:41:00+00:00,SPY,enter_short,666.83,breakout_volume_1.25x
breakout_volume_1.25x,2026-03-18 19:10:00+00:00,SPY,exit_short,664.4,hybrid_exit
breakout_volume_1.25x,2026-03-18 19:21:00+00:00,SPY,enter_short,663.3,breakout_volume_1.25x
breakout_volume_1.25x,2026-03-19 13:40:00+00:00,SPY,exit_short,656.23,hybrid_exit
breakout_volume_1.25x,2026-03-19 13:46:00+00:00,SPY,enter_long,657.25,breakout_volume_1.25x
breakout_volume_1.25x,2026-03-19 14:00:00+00:00,SPY,exit_long,658.64,hybrid_exit
breakout_volume_1.25x,2026-03-19 14:10:00+00:00,SPY,enter_short,658.17,breakout_volume_1.25x
breakout_volume_1.25x,2026-03-19 14:30:00+00:00,SPY,exit_short,656.33,hybrid_exit
breakout_volume_1.25x,2026-03-19 14:35:00+00:00,SPY,enter_long,658.45,breakout_volume_1.25x
breakout_volume_1.25x,2026-03-19 15:10:00+00:00,SPY,exit_long,658.87,hybrid_exit
breakout_volume_1.25x,2026-03-19 15:24:00+00:00,SPY,enter_short,657.755,breakout_volume_1.25x
breakout_volume_1.25x,2026-03-19 15:50:00+00:00,SPY,exit_short,657.02,hybrid_exit
breakout_volume_1.25x,2026-03-19 16:22:00+00:00,SPY,enter_short,657.43,breakout_volume_1.25x
breakout_volume_1.25x,2026-03-19 17:20:00+00:00,SPY,exit_short,656.8,hybrid_exit
breakout_volume_1.25x,2026-03-19 17:23:00+00:00,SPY,enter_long,656.915,breakout_volume_1.25x
breakout_volume_1.25x,2026-03-19 19:10:00+00:00,SPY,exit_long,661.85,hybrid_exit
breakout_volume_1.25x,2026-03-19 19:35:00+00:00,SPY,enter_short,659.7,breakout_volume_1.25x
breakout_volume_1.25x,2026-03-20 14:10:00+00:00,SPY,exit_short,653.09,hybrid_exit
breakout_volume_1.25x,2026-03-20 14:31:00+00:00,SPY,enter_long,652.43,breakout_volume_1.25x
breakout_volume_1.25x,2026-03-20 15:10:00+00:00,SPY,exit_long,652.19,hybrid_exit
breakout_volume_1.25x,2026-03-20 16:32:00+00:00,SPY,enter_short,652.21,breakout_volume_1.25x
breakout_volume_1.25x,2026-03-20 18:30:00+00:00,SPY,exit_short,649.4,hybrid_exit
breakout_volume_1.25x,2026-03-20 19:00:00+00:00,SPY,enter_long,648.23,breakout_volume_1.25x
breakout_volume_1.25x,2026-03-23 14:10:00+00:00,SPY,exit_long,659.56,hybrid_exit
breakout_volume_1.25x,2026-03-23 14:37:00+00:00,SPY,enter_short,660.36,breakout_volume_1.25x
breakout_volume_1.25x,2026-03-23 16:10:00+00:00,SPY,exit_short,656.77,hybrid_exit
breakout_volume_1.25x,2026-03-23 17:33:00+00:00,SPY,enter_long,655.58,breakout_volume_1.25x
breakout_volume_1.25x,2026-03-23 18:10:00+00:00,SPY,exit_long,657.45,hybrid_exit
breakout_volume_1.25x,2026-03-23 19:00:00+00:00,SPY,enter_short,658.6,breakout_volume_1.25x
breakout_volume_1.25x,2026-03-24 13:40:00+00:00,SPY,exit_short,651.22,hybrid_exit
breakout_volume_1.25x,2026-03-24 14:07:00+00:00,SPY,enter_long,652.45,breakout_volume_1.25x
breakout_volume_1.25x,2026-03-24 15:00:00+00:00,SPY,exit_long,653.95,hybrid_exit
breakout_volume_1.25x,2026-03-24 15:55:00+00:00,SPY,enter_short,656.02,breakout_volume_1.25x
breakout_volume_1.25x,2026-03-24 17:20:00+00:00,SPY,exit_short,652.79,hybrid_exit
breakout_volume_1.25x,2026-03-24 17:29:00+00:00,SPY,enter_long,653.42,breakout_volume_1.25x
breakout_volume_1.25x,2026-03-24 18:50:00+00:00,SPY,exit_long,655.02,hybrid_exit
breakout_volume_1.25x,2026-03-25 13:38:00+00:00,SPY,enter_long,660.59,breakout_volume_1.25x
breakout_volume_1.25x,2026-03-25 13:40:00+00:00,SPY,exit_long,659.88,hybrid_exit
breakout_volume_1.25x,2026-03-25 15:01:00+00:00,SPY,enter_short,658.45,breakout_volume_1.25x
breakout_volume_1.25x,2026-03-25 15:20:00+00:00,SPY,exit_short,655.15,hybrid_exit
breakout_volume_1.25x,2026-03-25 15:29:00+00:00,SPY,enter_long,657.525,breakout_volume_1.25x
breakout_volume_1.25x,2026-03-25 15:30:00+00:00,SPY,exit_long,657.87,hybrid_exit
breakout_volume_1.25x,2026-03-25 15:55:00+00:00,SPY,enter_long,657.05,breakout_volume_1.25x
breakout_volume_1.25x,2026-03-25 16:40:00+00:00,SPY,exit_long,658.055,hybrid_exit
breakout_volume_1.25x,2026-03-25 17:52:00+00:00,SPY,enter_short,658.04,breakout_volume_1.25x
breakout_volume_1.25x,2026-03-26 13:40:00+00:00,SPY,exit_short,650.79,hybrid_exit
breakout_volume_1.25x,2026-03-26 13:46:00+00:00,SPY,enter_long,653.32,breakout_volume_1.25x
breakout_volume_1.25x,2026-03-26 14:00:00+00:00,SPY,exit_long,654.47,hybrid_exit
breakout_volume_1.25x,2026-03-26 14:30:00+00:00,SPY,enter_short,653.75,breakout_volume_1.25x
breakout_volume_1.25x,2026-03-26 15:00:00+00:00,SPY,exit_short,652.31,hybrid_exit
breakout_volume_1.25x,2026-03-26 15:31:00+00:00,SPY,enter_short,651.535,breakout_volume_1.25x
breakout_volume_1.25x,2026-03-27 13:40:00+00:00,SPY,exit_short,640.925,hybrid_exit
breakout_volume_1.25x,2026-03-27 13:54:00+00:00,SPY,enter_short,640.22,breakout_volume_1.25x
breakout_volume_1.25x,2026-03-27 14:40:00+00:00,SPY,exit_short,638.9,hybrid_exit
breakout_volume_1.25x,2026-03-27 15:12:00+00:00,SPY,enter_short,639.82,breakout_volume_1.25x
support_resistance_bounce_5,2026-01-26 20:11:00+00:00,SPY,enter_short,693.64,sr_bounce_5
support_resistance_bounce_5,2026-01-26 20:21:00+00:00,SPY,enter_long,693.58,sr_bounce_5
support_resistance_bounce_5,2026-01-26 20:50:00+00:00,SPY,exit_short,693.63,hybrid_exit
support_resistance_bounce_5,2026-01-27 14:40:00+00:00,SPY,exit_long,693.6,hybrid_exit
support_resistance_bounce_5,2026-01-27 15:00:00+00:00,SPY,enter_long,695.2,sr_bounce_5
support_resistance_bounce_5,2026-01-27 16:00:00+00:00,SPY,exit_long,696.0,hybrid_exit
support_resistance_bounce_5,2026-01-27 16:12:00+00:00,SPY,enter_short,696.13,sr_bounce_5
support_resistance_bounce_5,2026-01-27 17:50:00+00:00,SPY,exit_short,695.7,hybrid_exit
support_resistance_bounce_5,2026-01-27 18:06:00+00:00,SPY,enter_long,695.02,sr_bounce_5
support_resistance_bounce_5,2026-01-27 19:00:00+00:00,SPY,exit_long,696.01,hybrid_exit
support_resistance_bounce_5,2026-01-27 19:44:00+00:00,SPY,enter_short,696.16,sr_bounce_5
support_resistance_bounce_5,2026-01-27 20:20:00+00:00,SPY,exit_short,696.27,hybrid_exit
support_resistance_bounce_5,2026-01-27 20:44:00+00:00,SPY,enter_long,695.98,sr_bounce_5
support_resistance_bounce_5,2026-01-28 14:40:00+00:00,SPY,exit_long,697.165,hybrid_exit
support_resistance_bounce_5,2026-01-28 14:43:00+00:00,SPY,enter_short,697.45,sr_bounce_5
support_resistance_bounce_5,2026-01-28 15:20:00+00:00,SPY,exit_short,696.51,hybrid_exit
support_resistance_bounce_5,2026-01-28 15:39:00+00:00,SPY,enter_short,696.6,sr_bounce_5
support_resistance_bounce_5,2026-01-28 17:00:00+00:00,SPY,exit_short,694.73,hybrid_exit
support_resistance_bounce_5,2026-01-28 17:20:00+00:00,SPY,enter_short,695.55,sr_bounce_5
support_resistance_bounce_5,2026-01-28 17:40:00+00:00,SPY,enter_long,694.73,sr_bounce_5
support_resistance_bounce_5,2026-01-28 17:50:00+00:00,SPY,exit_short,694.93,hybrid_exit
support_resistance_bounce_5,2026-01-28 18:20:00+00:00,SPY,exit_long,695.315,hybrid_exit
support_resistance_bounce_5,2026-01-28 18:21:00+00:00,SPY,enter_short,695.38,sr_bounce_5
support_resistance_bounce_5,2026-01-28 18:54:00+00:00,SPY,enter_long,695.01,sr_bounce_5
support_resistance_bounce_5,2026-01-28 19:00:00+00:00,SPY,exit_short,695.14,hybrid_exit
support_resistance_bounce_5,2026-01-28 19:40:00+00:00,SPY,exit_long,694.67,hybrid_exit
support_resistance_bounce_5,2026-01-28 20:03:00+00:00,SPY,enter_short,695.46,sr_bounce_5
support_resistance_bounce_5,2026-01-29 14:50:00+00:00,SPY,exit_short,693.64,hybrid_exit
support_resistance_bounce_5,2026-01-29 15:12:00+00:00,SPY,enter_short,690.275,sr_bounce_5
support_resistance_bounce_5,2026-01-29 15:40:00+00:00,SPY,exit_short,687.59,hybrid_exit
support_resistance_bounce_5,2026-01-29 15:44:00+00:00,SPY,enter_long,686.56,sr_bounce_5
support_resistance_bounce_5,2026-01-29 17:30:00+00:00,SPY,exit_long,690.985,hybrid_exit
support_resistance_bounce_5,2026-01-29 17:32:00+00:00,SPY,enter_short,691.09,sr_bounce_5
support_resistance_bounce_5,2026-01-29 17:50:00+00:00,SPY,enter_long,689.92,sr_bounce_5
support_resistance_bounce_5,2026-01-29 18:00:00+00:00,SPY,exit_short,689.03,hybrid_exit
support_resistance_bounce_5,2026-01-30 14:30:00+00:00,SPY,exit_long,691.84,hybrid_exit
support_resistance_bounce_5,2026-01-30 14:52:00+00:00,SPY,enter_short,692.79,sr_bounce_5
support_resistance_bounce_5,2026-01-30 17:10:00+00:00,SPY,exit_short,689.11,hybrid_exit
support_resistance_bounce_5,2026-01-30 17:15:00+00:00,SPY,enter_long,689.26,sr_bounce_5
support_resistance_bounce_5,2026-01-30 17:31:00+00:00,SPY,enter_short,691.34,sr_bounce_5
support_resistance_bounce_5,2026-01-30 17:40:00+00:00,SPY,exit_long,690.09,hybrid_exit
support_resistance_bounce_5,2026-01-30 18:10:00+00:00,SPY,exit_short,689.6,hybrid_exit
support_resistance_bounce_5,2026-01-30 18:12:00+00:00,SPY,enter_long,689.44,sr_bounce_5
support_resistance_bounce_5,2026-01-30 19:00:00+00:00,SPY,exit_long,691.36,hybrid_exit
support_resistance_bounce_5,2026-01-30 19:18:00+00:00,SPY,enter_short,691.735,sr_bounce_5
support_resistance_bounce_5,2026-01-30 19:50:00+00:00,SPY,exit_short,690.89,hybrid_exit
support_resistance_bounce_5,2026-01-30 20:07:00+00:00,SPY,enter_long,690.29,sr_bounce_5
support_resistance_bounce_5,2026-02-02 15:40:00+00:00,SPY,enter_short,695.61,sr_bounce_5
support_resistance_bounce_5,2026-02-02 16:10:00+00:00,SPY,exit_short,694.87,hybrid_exit
support_resistance_bounce_5,2026-02-02 17:20:00+00:00,SPY,exit_long,696.26,hybrid_exit
support_resistance_bounce_5,2026-02-02 17:29:00+00:00,SPY,enter_short,696.21,sr_bounce_5
support_resistance_bounce_5,2026-02-02 18:30:00+00:00,SPY,exit_short,696.07,hybrid_exit
support_resistance_bounce_5,2026-02-02 18:59:00+00:00,SPY,enter_short,696.515,sr_bounce_5
support_resistance_bounce_5,2026-02-02 20:10:00+00:00,SPY,exit_short,696.3,hybrid_exit
support_resistance_bounce_5,2026-02-02 20:25:00+00:00,SPY,enter_short,696.075,sr_bounce_5
support_resistance_bounce_5,2026-02-03 15:10:00+00:00,SPY,exit_short,692.99,hybrid_exit
support_resistance_bounce_5,2026-02-03 15:21:00+00:00,SPY,enter_short,692.36,sr_bounce_5
support_resistance_bounce_5,2026-02-03 18:40:00+00:00,SPY,exit_short,686.355,hybrid_exit
support_resistance_bounce_5,2026-02-03 18:51:00+00:00,SPY,enter_long,685.62,sr_bounce_5
support_resistance_bounce_5,2026-02-04 14:40:00+00:00,SPY,exit_long,690.57,hybrid_exit
support_resistance_bounce_5,2026-02-04 14:43:00+00:00,SPY,enter_short,690.58,sr_bounce_5
support_resistance_bounce_5,2026-02-04 15:10:00+00:00,SPY,exit_short,688.985,hybrid_exit
support_resistance_bounce_5,2026-02-04 15:22:00+00:00,SPY,enter_short,688.915,sr_bounce_5
support_resistance_bounce_5,2026-02-04 17:00:00+00:00,SPY,exit_short,686.51,hybrid_exit
support_resistance_bounce_5,2026-02-04 17:14:00+00:00,SPY,enter_short,686.76,sr_bounce_5
support_resistance_bounce_5,2026-02-04 17:40:00+00:00,SPY,exit_short,682.41,hybrid_exit
support_resistance_bounce_5,2026-02-04 18:03:00+00:00,SPY,enter_long,682.94,sr_bounce_5
support_resistance_bounce_5,2026-02-04 19:50:00+00:00,SPY,exit_long,687.33,hybrid_exit
support_resistance_bounce_5,2026-02-04 20:00:00+00:00,SPY,enter_short,687.8,sr_bounce_5
support_resistance_bounce_5,2026-02-05 14:40:00+00:00,SPY,exit_short,682.37,hybrid_exit
support_resistance_bounce_5,2026-02-05 15:21:00+00:00,SPY,enter_long,677.57,sr_bounce_5
support_resistance_bounce_5,2026-02-05 16:40:00+00:00,SPY,exit_long,680.235,hybrid_exit
support_resistance_bounce_5,2026-02-05 17:39:00+00:00,SPY,enter_short,681.33,sr_bounce_5
support_resistance_bounce_5,2026-02-05 18:30:00+00:00,SPY,exit_short,679.09,hybrid_exit
support_resistance_bounce_5,2026-02-05 18:41:00+00:00,SPY,enter_long,679.01,sr_bounce_5
support_resistance_bounce_5,2026-02-05 19:20:00+00:00,SPY,exit_long,681.16,hybrid_exit
support_resistance_bounce_5,2026-02-05 19:21:00+00:00,SPY,enter_short,681.085,sr_bounce_5
support_resistance_bounce_5,2026-02-05 19:41:00+00:00,SPY,enter_long,678.96,sr_bounce_5
support_resistance_bounce_5,2026-02-05 20:00:00+00:00,SPY,exit_short,679.08,hybrid_exit
support_resistance_bounce_5,2026-02-06 15:00:00+00:00,SPY,exit_long,684.82,hybrid_exit
support_resistance_bounce_5,2026-02-06 15:15:00+00:00,SPY,enter_long,683.78,sr_bounce_5
support_resistance_bounce_5,2026-02-06 18:20:00+00:00,SPY,exit_long,689.155,hybrid_exit
support_resistance_bounce_5,2026-02-06 19:01:00+00:00,SPY,enter_long,689.18,sr_bounce_5
support_resistance_bounce_5,2026-02-09 14:30:00+00:00,SPY,exit_long,689.47,hybrid_exit
support_resistance_bounce_5,2026-02-09 14:53:00+00:00,SPY,enter_long,690.145,sr_bounce_5
support_resistance_bounce_5,2026-02-09 15:30:00+00:00,SPY,exit_long,691.94,hybrid_exit
support_resistance_bounce_5,2026-02-09 15:49:00+00:00,SPY,enter_long,693.74,sr_bounce_5
support_resistance_bounce_5,2026-02-09 16:53:00+00:00,SPY,enter_short,695.415,sr_bounce_5
support_resistance_bounce_5,2026-02-09 17:00:00+00:00,SPY,exit_long,695.375,hybrid_exit
support_resistance_bounce_5,2026-02-09 18:00:00+00:00,SPY,exit_short,694.58,hybrid_exit
support_resistance_bounce_5,2026-02-09 18:02:00+00:00,SPY,enter_long,694.77,sr_bounce_5
support_resistance_bounce_5,2026-02-09 19:21:00+00:00,SPY,enter_short,695.34,sr_bounce_5
support_resistance_bounce_5,2026-02-09 19:30:00+00:00,SPY,exit_long,695.76,hybrid_exit
support_resistance_bounce_5,2026-02-09 20:30:00+00:00,SPY,enter_long,694.49,sr_bounce_5
support_resistance_bounce_5,2026-02-09 20:40:00+00:00,SPY,exit_short,694.54,hybrid_exit
support_resistance_bounce_5,2026-02-10 14:40:00+00:00,SPY,exit_long,694.305,hybrid_exit
support_resistance_bounce_5,2026-02-10 15:05:00+00:00,SPY,enter_short,695.725,sr_bounce_5
support_resistance_bounce_5,2026-02-10 16:20:00+00:00,SPY,exit_short,694.94,hybrid_exit
support_resistance_bounce_5,2026-02-10 17:12:00+00:00,SPY,enter_short,695.315,sr_bounce_5
support_resistance_bounce_5,2026-02-10 18:40:00+00:00,SPY,exit_short,693.675,hybrid_exit
support_resistance_bounce_5,2026-02-10 18:55:00+00:00,SPY,enter_long,692.965,sr_bounce_5
support_resistance_bounce_5,2026-02-10 19:30:00+00:00,SPY,exit_long,693.88,hybrid_exit
support_resistance_bounce_5,2026-02-10 19:32:00+00:00,SPY,enter_short,694.05,sr_bounce_5
support_resistance_bounce_5,2026-02-11 14:30:00+00:00,SPY,exit_short,696.435,hybrid_exit
support_resistance_bounce_5,2026-02-11 14:37:00+00:00,SPY,enter_long,695.86,sr_bounce_5
support_resistance_bounce_5,2026-02-11 14:40:00+00:00,SPY,exit_long,695.19,hybrid_exit
support_resistance_bounce_5,2026-02-11 14:46:00+00:00,SPY,enter_short,695.43,sr_bounce_5
support_resistance_bounce_5,2026-02-11 15:20:00+00:00,SPY,exit_short,690.79,hybrid_exit
support_resistance_bounce_5,2026-02-11 15:21:00+00:00,SPY,enter_long,690.395,sr_bounce_5
support_resistance_bounce_5,2026-02-11 16:10:00+00:00,SPY,exit_long,691.55,hybrid_exit
support_resistance_bounce_5,2026-02-11 16:30:00+00:00,SPY,enter_long,692.23,sr_bounce_5
support_resistance_bounce_5,2026-02-11 17:30:00+00:00,SPY,exit_long,693.6,hybrid_exit
support_resistance_bounce_5,2026-02-11 17:41:00+00:00,SPY,enter_short,693.475,sr_bounce_5
support_resistance_bounce_5,2026-02-11 18:11:00+00:00,SPY,enter_long,691.87,sr_bounce_5
support_resistance_bounce_5,2026-02-11 18:20:00+00:00,SPY,exit_short,692.05,hybrid_exit
support_resistance_bounce_5,2026-02-11 18:50:00+00:00,SPY,exit_long,692.89,hybrid_exit
support_resistance_bounce_5,2026-02-11 19:02:00+00:00,SPY,enter_long,692.82,sr_bounce_5
support_resistance_bounce_5,2026-02-11 19:27:00+00:00,SPY,enter_short,693.72,sr_bounce_5
support_resistance_bounce_5,2026-02-11 19:40:00+00:00,SPY,exit_long,693.53,hybrid_exit
support_resistance_bounce_5,2026-02-11 20:20:00+00:00,SPY,exit_short,692.71,hybrid_exit
support_resistance_bounce_5,2026-02-11 20:31:00+00:00,SPY,enter_long,692.15,sr_bounce_5
support_resistance_bounce_5,2026-02-11 20:50:00+00:00,SPY,enter_short,692.315,sr_bounce_5
support_resistance_bounce_5,2026-02-12 14:40:00+00:00,SPY,exit_long,694.82,hybrid_exit
support_resistance_bounce_5,2026-02-12 16:30:00+00:00,SPY,exit_short,683.6,hybrid_exit
support_resistance_bounce_5,2026-02-12 16:30:00+00:00,SPY,enter_long,683.885,sr_bounce_5
support_resistance_bounce_5,2026-02-12 16:40:00+00:00,SPY,exit_long,685.58,hybrid_exit
support_resistance_bounce_5,2026-02-12 16:40:00+00:00,SPY,enter_short,685.35,sr_bounce_5
support_resistance_bounce_5,2026-02-12 17:30:00+00:00,SPY,exit_short,684.115,hybrid_exit
support_resistance_bounce_5,2026-02-12 17:44:00+00:00,SPY,enter_short,685.12,sr_bounce_5
support_resistance_bounce_5,2026-02-12 18:10:00+00:00,SPY,exit_short,683.34,hybrid_exit
support_resistance_bounce_5,2026-02-12 18:11:00+00:00,SPY,enter_long,683.455,sr_bounce_5
support_resistance_bounce_5,2026-02-12 19:00:00+00:00,SPY,exit_long,684.855,hybrid_exit
support_resistance_bounce_5,2026-02-12 19:21:00+00:00,SPY,enter_short,685.1,sr_bounce_5
support_resistance_bounce_5,2026-02-13 14:30:00+00:00,SPY,exit_short,681.695,hybrid_exit
support_resistance_bounce_5,2026-02-13 14:38:00+00:00,SPY,enter_long,680.63,sr_bounce_5
support_resistance_bounce_5,2026-02-13 15:00:00+00:00,SPY,exit_long,679.885,hybrid_exit
support_resistance_bounce_5,2026-02-13 15:17:00+00:00,SPY,enter_long,680.86,sr_bounce_5
support_resistance_bounce_5,2026-02-13 15:40:00+00:00,SPY,exit_long,682.86,hybrid_exit
support_resistance_bounce_5,2026-02-13 16:13:00+00:00,SPY,enter_long,683.09,sr_bounce_5
support_resistance_bounce_5,2026-02-13 17:10:00+00:00,SPY,exit_long,685.2,hybrid_exit
support_resistance_bounce_5,2026-02-13 17:40:00+00:00,SPY,enter_short,685.9,sr_bounce_5
support_resistance_bounce_5,2026-02-13 20:50:00+00:00,SPY,exit_short,681.18,hybrid_exit
support_resistance_bounce_5,2026-02-17 14:40:00+00:00,SPY,enter_short,682.31,sr_bounce_5
support_resistance_bounce_5,2026-02-17 15:00:00+00:00,SPY,exit_short,676.42,hybrid_exit
support_resistance_bounce_5,2026-02-17 15:00:00+00:00,SPY,enter_long,676.8,sr_bounce_5
support_resistance_bounce_5,2026-02-17 15:30:00+00:00,SPY,exit_long,677.43,hybrid_exit
support_resistance_bounce_5,2026-02-17 15:40:00+00:00,SPY,enter_long,676.45,sr_bounce_5
support_resistance_bounce_5,2026-02-17 16:20:00+00:00,SPY,exit_long,682.76,hybrid_exit
support_resistance_bounce_5,2026-02-17 17:23:00+00:00,SPY,enter_long,680.66,sr_bounce_5
support_resistance_bounce_5,2026-02-17 19:00:00+00:00,SPY,exit_long,684.06,hybrid_exit
support_resistance_bounce_5,2026-02-17 19:05:00+00:00,SPY,enter_short,684.275,sr_bounce_5
support_resistance_bounce_5,2026-02-17 20:04:00+00:00,SPY,enter_long,683.69,sr_bounce_5
support_resistance_bounce_5,2026-02-17 20:10:00+00:00,SPY,exit_short,683.39,hybrid_exit
support_resistance_bounce_5,2026-02-18 15:10:00+00:00,SPY,exit_long,687.48,hybrid_exit
support_resistance_bounce_5,2026-02-18 15:42:00+00:00,SPY,enter_short,688.27,sr_bounce_5
support_resistance_bounce_5,2026-02-18 16:20:00+00:00,SPY,exit_short,688.13,hybrid_exit
support_resistance_bounce_5,2026-02-18 16:40:00+00:00,SPY,enter_short,688.41,sr_bounce_5
support_resistance_bounce_5,2026-02-18 20:00:00+00:00,SPY,exit_short,684.62,hybrid_exit
support_resistance_bounce_5,2026-02-18 20:07:00+00:00,SPY,enter_long,684.87,sr_bounce_5
support_resistance_bounce_5,2026-02-18 20:44:00+00:00,SPY,enter_short,685.655,sr_bounce_5
support_resistance_bounce_5,2026-02-18 20:50:00+00:00,SPY,exit_long,686.47,hybrid_exit
support_resistance_bounce_5,2026-02-19 14:40:00+00:00,SPY,exit_short,683.68,hybrid_exit
support_resistance_bounce_5,2026-02-19 15:30:00+00:00,SPY,enter_long,684.09,sr_bounce_5
support_resistance_bounce_5,2026-02-19 15:40:00+00:00,SPY,exit_long,685.43,hybrid_exit
support_resistance_bounce_5,2026-02-19 15:57:00+00:00,SPY,enter_short,685.18,sr_bounce_5
support_resistance_bounce_5,2026-02-19 17:00:00+00:00,SPY,exit_short,683.55,hybrid_exit
support_resistance_bounce_5,2026-02-19 17:16:00+00:00,SPY,enter_long,683.5,sr_bounce_5
support_resistance_bounce_5,2026-02-19 17:20:00+00:00,SPY,exit_long,684.08,hybrid_exit
support_resistance_bounce_5,2026-02-19 17:21:00+00:00,SPY,enter_short,684.34,sr_bounce_5
support_resistance_bounce_5,2026-02-19 17:53:00+00:00,SPY,enter_long,682.44,sr_bounce_5
support_resistance_bounce_5,2026-02-19 18:00:00+00:00,SPY,exit_short,682.42,hybrid_exit
support_resistance_bounce_5,2026-02-19 19:00:00+00:00,SPY,enter_short,683.65,sr_bounce_5
support_resistance_bounce_5,2026-02-19 19:00:00+00:00,SPY,exit_long,683.73,hybrid_exit
support_resistance_bounce_5,2026-02-19 19:40:00+00:00,SPY,exit_short,682.02,hybrid_exit
support_resistance_bounce_5,2026-02-19 19:40:00+00:00,SPY,enter_long,682.23,sr_bounce_5
support_resistance_bounce_5,2026-02-20 14:50:00+00:00,SPY,exit_long,684.26,hybrid_exit
support_resistance_bounce_5,2026-02-20 15:07:00+00:00,SPY,enter_long,685.54,sr_bounce_5
support_resistance_bounce_5,2026-02-20 15:10:00+00:00,SPY,exit_long,687.035,hybrid_exit
support_resistance_bounce_5,2026-02-20 15:36:00+00:00,SPY,enter_long,686.66,sr_bounce_5
support_resistance_bounce_5,2026-02-20 15:50:00+00:00,SPY,exit_long,688.17,hybrid_exit
support_resistance_bounce_5,2026-02-20 15:54:00+00:00,SPY,enter_short,688.75,sr_bounce_5
support_resistance_bounce_5,2026-02-20 16:40:00+00:00,SPY,exit_short,688.12,hybrid_exit
support_resistance_bounce_5,2026-02-20 16:54:00+00:00,SPY,enter_short,688.93,sr_bounce_5
support_resistance_bounce_5,2026-02-20 17:20:00+00:00,SPY,exit_short,685.08,hybrid_exit
support_resistance_bounce_5,2026-02-20 17:23:00+00:00,SPY,enter_long,684.9,sr_bounce_5
support_resistance_bounce_5,2026-02-20 18:50:00+00:00,SPY,exit_long,689.1,hybrid_exit
support_resistance_bounce_5,2026-02-20 19:02:00+00:00,SPY,enter_short,689.61,sr_bounce_5
support_resistance_bounce_5,2026-02-20 19:40:00+00:00,SPY,exit_short,688.61,hybrid_exit
support_resistance_bounce_5,2026-02-20 20:15:00+00:00,SPY,enter_short,688.96,sr_bounce_5
support_resistance_bounce_5,2026-02-23 16:10:00+00:00,SPY,exit_short,681.15,hybrid_exit
support_resistance_bounce_5,2026-02-23 16:13:00+00:00,SPY,enter_long,680.93,sr_bounce_5
support_resistance_bounce_5,2026-02-23 16:31:00+00:00,SPY,enter_short,682.57,sr_bounce_5
support_resistance_bounce_5,2026-02-23 16:50:00+00:00,SPY,exit_long,682.05,hybrid_exit
support_resistance_bounce_5,2026-02-23 17:10:00+00:00,SPY,exit_short,681.96,hybrid_exit
support_resistance_bounce_5,2026-02-23 17:31:00+00:00,SPY,enter_long,681.67,sr_bounce_5
support_resistance_bounce_5,2026-02-23 18:20:00+00:00,SPY,exit_long,683.13,hybrid_exit
support_resistance_bounce_5,2026-02-23 18:21:00+00:00,SPY,enter_short,683.29,sr_bounce_5
support_resistance_bounce_5,2026-02-23 19:20:00+00:00,SPY,exit_short,681.755,hybrid_exit
support_resistance_bounce_5,2026-02-23 19:37:00+00:00,SPY,enter_long,681.13,sr_bounce_5
support_resistance_bounce_5,2026-02-24 14:50:00+00:00,SPY,exit_long,684.9,hybrid_exit
support_resistance_bounce_5,2026-02-24 15:01:00+00:00,SPY,enter_long,682.63,sr_bounce_5
support_resistance_bounce_5,2026-02-24 15:40:00+00:00,SPY,exit_long,685.93,hybrid_exit
support_resistance_bounce_5,2026-02-24 16:18:00+00:00,SPY,enter_long,686.28,sr_bounce_5
support_resistance_bounce_5,2026-02-24 17:30:00+00:00,SPY,exit_long,687.45,hybrid_exit
support_resistance_bounce_5,2026-02-24 17:43:00+00:00,SPY,enter_short,687.21,sr_bounce_5
support_resistance_bounce_5,2026-02-24 18:30:00+00:00,SPY,exit_short,687.04,hybrid_exit
support_resistance_bounce_5,2026-02-24 18:44:00+00:00,SPY,enter_short,687.73,sr_bounce_5
support_resistance_bounce_5,2026-02-24 19:20:00+00:00,SPY,exit_short,686.93,hybrid_exit
support_resistance_bounce_5,2026-02-24 19:35:00+00:00,SPY,enter_long,686.91,sr_bounce_5
support_resistance_bounce_5,2026-02-24 21:00:00+00:00,SPY,exit_long,687.45,hybrid_exit
support_resistance_bounce_5,2026-02-25 15:00:00+00:00,SPY,enter_short,691.33,sr_bounce_5
support_resistance_bounce_5,2026-02-25 15:40:00+00:00,SPY,exit_short,690.49,hybrid_exit
support_resistance_bounce_5,2026-02-25 15:48:00+00:00,SPY,enter_long,690.63,sr_bounce_5
support_resistance_bounce_5,2026-02-25 17:00:00+00:00,SPY,exit_long,692.02,hybrid_exit
support_resistance_bounce_5,2026-02-25 17:25:00+00:00,SPY,enter_short,692.24,sr_bounce_5
support_resistance_bounce_5,2026-02-25 17:30:00+00:00,SPY,enter_long,691.99,sr_bounce_5
support_resistance_bounce_5,2026-02-25 18:00:00+00:00,SPY,exit_short,692.54,hybrid_exit
support_resistance_bounce_5,2026-02-25 19:20:00+00:00,SPY,exit_long,693.0,hybrid_exit
support_resistance_bounce_5,2026-02-25 19:49:00+00:00,SPY,enter_short,693.18,sr_bounce_5
support_resistance_bounce_5,2026-02-26 14:40:00+00:00,SPY,exit_short,692.165,hybrid_exit
support_resistance_bounce_5,2026-02-26 16:01:00+00:00,SPY,enter_short,687.82,sr_bounce_5
support_resistance_bounce_5,2026-02-26 17:10:00+00:00,SPY,exit_short,686.76,hybrid_exit
support_resistance_bounce_5,2026-02-26 17:30:00+00:00,SPY,enter_long,686.43,sr_bounce_5
support_resistance_bounce_5,2026-02-26 19:20:00+00:00,SPY,exit_long,688.89,hybrid_exit
support_resistance_bounce_5,2026-02-26 19:21:00+00:00,SPY,enter_short,689.09,sr_bounce_5
support_resistance_bounce_5,2026-02-27 14:40:00+00:00,SPY,exit_short,684.06,hybrid_exit
support_resistance_bounce_5,2026-02-27 14:56:00+00:00,SPY,enter_long,682.84,sr_bounce_5
support_resistance_bounce_5,2026-02-27 15:20:00+00:00,SPY,exit_long,684.03,hybrid_exit
support_resistance_bounce_5,2026-02-27 15:33:00+00:00,SPY,enter_long,684.49,sr_bounce_5
support_resistance_bounce_5,2026-02-27 16:00:00+00:00,SPY,exit_long,685.24,hybrid_exit
support_resistance_bounce_5,2026-02-27 16:26:00+00:00,SPY,enter_short,685.76,sr_bounce_5
support_resistance_bounce_5,2026-02-27 17:30:00+00:00,SPY,exit_short,684.14,hybrid_exit
support_resistance_bounce_5,2026-02-27 18:08:00+00:00,SPY,enter_short,684.17,sr_bounce_5
support_resistance_bounce_5,2026-02-27 18:40:00+00:00,SPY,exit_short,683.69,hybrid_exit
support_resistance_bounce_5,2026-02-27 19:26:00+00:00,SPY,enter_long,683.71,sr_bounce_5
support_resistance_bounce_5,2026-02-27 20:20:00+00:00,SPY,exit_long,685.57,hybrid_exit
support_resistance_bounce_5,2026-02-27 20:24:00+00:00,SPY,enter_short,685.85,sr_bounce_5
support_resistance_bounce_5,2026-03-02 14:40:00+00:00,SPY,exit_short,681.0,hybrid_exit
support_resistance_bounce_5,2026-03-02 14:53:00+00:00,SPY,enter_long,682.11,sr_bounce_5
support_resistance_bounce_5,2026-03-02 15:30:00+00:00,SPY,exit_long,683.37,hybrid_exit
support_resistance_bounce_5,2026-03-02 15:49:00+00:00,SPY,enter_long,684.21,sr_bounce_5
support_resistance_bounce_5,2026-03-02 17:00:00+00:00,SPY,exit_long,686.25,hybrid_exit
support_resistance_bounce_5,2026-03-02 17:20:00+00:00,SPY,enter_short,687.02,sr_bounce_5
support_resistance_bounce_5,2026-03-02 18:20:00+00:00,SPY,exit_short,686.59,hybrid_exit
support_resistance_bounce_5,2026-03-02 18:56:00+00:00,SPY,enter_long,685.61,sr_bounce_5
support_resistance_bounce_5,2026-03-02 19:22:00+00:00,SPY,enter_short,688.04,sr_bounce_5
support_resistance_bounce_5,2026-03-02 19:30:00+00:00,SPY,exit_long,688.245,hybrid_exit
support_resistance_bounce_5,2026-03-02 20:20:00+00:00,SPY,exit_short,686.08,hybrid_exit
support_resistance_bounce_5,2026-03-02 20:35:00+00:00,SPY,enter_short,685.7,sr_bounce_5
support_resistance_bounce_5,2026-03-03 14:40:00+00:00,SPY,exit_short,675.78,hybrid_exit
support_resistance_bounce_5,2026-03-03 14:45:00+00:00,SPY,enter_long,673.99,sr_bounce_5
support_resistance_bounce_5,2026-03-03 16:50:00+00:00,SPY,exit_long,677.57,hybrid_exit
support_resistance_bounce_5,2026-03-03 17:10:00+00:00,SPY,enter_long,676.86,sr_bounce_5
support_resistance_bounce_5,2026-03-03 18:50:00+00:00,SPY,exit_long,681.4,hybrid_exit
support_resistance_bounce_5,2026-03-03 20:02:00+00:00,SPY,enter_short,681.3,sr_bounce_5
support_resistance_bounce_5,2026-03-03 20:34:00+00:00,SPY,enter_long,680.84,sr_bounce_5
support_resistance_bounce_5,2026-03-03 20:40:00+00:00,SPY,exit_short,680.66,hybrid_exit
support_resistance_bounce_5,2026-03-04 14:40:00+00:00,SPY,exit_long,680.95,hybrid_exit
support_resistance_bounce_5,2026-03-04 14:59:00+00:00,SPY,enter_long,681.01,sr_bounce_5
support_resistance_bounce_5,2026-03-04 15:40:00+00:00,SPY,exit_long,684.63,hybrid_exit
support_resistance_bounce_5,2026-03-04 16:20:00+00:00,SPY,enter_long,684.8,sr_bounce_5
support_resistance_bounce_5,2026-03-04 17:00:00+00:00,SPY,exit_long,685.78,hybrid_exit
support_resistance_bounce_5,2026-03-04 17:33:00+00:00,SPY,enter_long,685.26,sr_bounce_5
support_resistance_bounce_5,2026-03-04 18:10:00+00:00,SPY,exit_long,686.22,hybrid_exit
support_resistance_bounce_5,2026-03-04 19:10:00+00:00,SPY,enter_short,686.71,sr_bounce_5
support_resistance_bounce_5,2026-03-05 14:40:00+00:00,SPY,exit_short,683.63,hybrid_exit
support_resistance_bounce_5,2026-03-05 14:52:00+00:00,SPY,enter_short,683.5,sr_bounce_5
support_resistance_bounce_5,2026-03-05 15:40:00+00:00,SPY,exit_short,681.3,hybrid_exit
support_resistance_bounce_5,2026-03-05 15:52:00+00:00,SPY,enter_short,682.125,sr_bounce_5
support_resistance_bounce_5,2026-03-05 18:00:00+00:00,SPY,exit_short,676.335,hybrid_exit
support_resistance_bounce_5,2026-03-05 18:14:00+00:00,SPY,enter_short,678.05,sr_bounce_5
support_resistance_bounce_5,2026-03-05 18:27:00+00:00,SPY,enter_long,676.295,sr_bounce_5
support_resistance_bounce_5,2026-03-05 18:30:00+00:00,SPY,exit_short,676.67,hybrid_exit
support_resistance_bounce_5,2026-03-05 20:00:00+00:00,SPY,exit_long,677.1,hybrid_exit
support_resistance_bounce_5,2026-03-05 20:11:00+00:00,SPY,enter_short,678.64,sr_bounce_5
support_resistance_bounce_5,2026-03-06 14:40:00+00:00,SPY,exit_short,671.06,hybrid_exit
support_resistance_bounce_5,2026-03-06 14:45:00+00:00,SPY,enter_long,671.06,sr_bounce_5
support_resistance_bounce_5,2026-03-06 15:40:00+00:00,SPY,exit_long,675.5,hybrid_exit
support_resistance_bounce_5,2026-03-06 15:52:00+00:00,SPY,enter_long,672.82,sr_bounce_5
support_resistance_bounce_5,2026-03-06 16:00:00+00:00,SPY,exit_long,674.92,hybrid_exit
support_resistance_bounce_5,2026-03-06 16:05:00+00:00,SPY,enter_short,675.72,sr_bounce_5
support_resistance_bounce_5,2026-03-06 17:20:00+00:00,SPY,exit_short,674.43,hybrid_exit
support_resistance_bounce_5,2026-03-06 17:56:00+00:00,SPY,enter_long,673.59,sr_bounce_5
support_resistance_bounce_5,2026-03-06 18:30:00+00:00,SPY,exit_long,674.55,hybrid_exit
support_resistance_bounce_5,2026-03-06 18:50:00+00:00,SPY,enter_short,674.13,sr_bounce_5
support_resistance_bounce_5,2026-03-09 13:50:00+00:00,SPY,exit_short,663.68,hybrid_exit
support_resistance_bounce_5,2026-03-09 13:51:00+00:00,SPY,enter_long,663.465,sr_bounce_5
support_resistance_bounce_5,2026-03-09 16:20:00+00:00,SPY,exit_long,670.0,hybrid_exit
support_resistance_bounce_5,2026-03-09 16:48:00+00:00,SPY,enter_short,672.02,sr_bounce_5
support_resistance_bounce_5,2026-03-09 17:30:00+00:00,SPY,exit_short,668.875,hybrid_exit
support_resistance_bounce_5,2026-03-09 17:30:00+00:00,SPY,enter_long,669.04,sr_bounce_5
support_resistance_bounce_5,2026-03-09 19:40:00+00:00,SPY,exit_long,679.16,hybrid_exit
support_resistance_bounce_5,2026-03-09 19:48:00+00:00,SPY,enter_short,678.11,sr_bounce_5
support_resistance_bounce_5,2026-03-10 13:40:00+00:00,SPY,exit_short,677.04,hybrid_exit
support_resistance_bounce_5,2026-03-10 13:44:00+00:00,SPY,enter_long,677.23,sr_bounce_5
support_resistance_bounce_5,2026-03-10 15:00:00+00:00,SPY,exit_long,681.1,hybrid_exit
support_resistance_bounce_5,2026-03-10 15:20:00+00:00,SPY,enter_short,681.41,sr_bounce_5
support_resistance_bounce_5,2026-03-10 16:00:00+00:00,SPY,exit_short,681.4,hybrid_exit
support_resistance_bounce_5,2026-03-10 16:22:00+00:00,SPY,enter_long,680.655,sr_bounce_5
support_resistance_bounce_5,2026-03-10 16:40:00+00:00,SPY,enter_short,681.485,sr_bounce_5
support_resistance_bounce_5,2026-03-10 17:00:00+00:00,SPY,exit_long,681.45,hybrid_exit
support_resistance_bounce_5,2026-03-10 18:30:00+00:00,SPY,exit_short,679.42,hybrid_exit
support_resistance_bounce_5,2026-03-10 18:47:00+00:00,SPY,enter_short,678.94,sr_bounce_5
support_resistance_bounce_5,2026-03-10 19:50:00+00:00,SPY,exit_short,676.78,hybrid_exit
support_resistance_bounce_5,2026-03-10 19:57:00+00:00,SPY,enter_long,676.54,sr_bounce_5
support_resistance_bounce_5,2026-03-11 13:40:00+00:00,SPY,exit_long,678.38,hybrid_exit
support_resistance_bounce_5,2026-03-11 14:01:00+00:00,SPY,enter_short,679.29,sr_bounce_5
support_resistance_bounce_5,2026-03-11 15:40:00+00:00,SPY,exit_short,674.875,hybrid_exit
support_resistance_bounce_5,2026-03-11 15:57:00+00:00,SPY,enter_long,674.69,sr_bounce_5
support_resistance_bounce_5,2026-03-11 16:50:00+00:00,SPY,exit_long,675.34,hybrid_exit
support_resistance_bounce_5,2026-03-11 16:51:00+00:00,SPY,enter_short,675.645,sr_bounce_5
support_resistance_bounce_5,2026-03-11 17:40:00+00:00,SPY,exit_short,674.64,hybrid_exit
support_resistance_bounce_5,2026-03-11 18:55:00+00:00,SPY,enter_short,675.54,sr_bounce_5
support_resistance_bounce_5,2026-03-12 13:40:00+00:00,SPY,exit_short,671.28,hybrid_exit
support_resistance_bounce_5,2026-03-12 14:13:00+00:00,SPY,enter_short,670.625,sr_bounce_5
support_resistance_bounce_5,2026-03-12 14:30:00+00:00,SPY,exit_short,668.04,hybrid_exit
support_resistance_bounce_5,2026-03-12 14:32:00+00:00,SPY,enter_long,668.01,sr_bounce_5
support_resistance_bounce_5,2026-03-12 15:40:00+00:00,SPY,exit_long,669.73,hybrid_exit
support_resistance_bounce_5,2026-03-12 15:40:00+00:00,SPY,enter_short,668.94,sr_bounce_5
support_resistance_bounce_5,2026-03-12 16:10:00+00:00,SPY,enter_long,668.24,sr_bounce_5
support_resistance_bounce_5,2026-03-12 16:20:00+00:00,SPY,exit_long,669.8,hybrid_exit
support_resistance_bounce_5,2026-03-12 18:50:00+00:00,SPY,exit_short,667.49,hybrid_exit
support_resistance_bounce_5,2026-03-12 19:00:00+00:00,SPY,enter_long,667.65,sr_bounce_5
support_resistance_bounce_5,2026-03-12 19:40:00+00:00,SPY,exit_long,667.915,hybrid_exit
support_resistance_bounce_5,2026-03-12 19:50:00+00:00,SPY,enter_long,666.8,sr_bounce_5
support_resistance_bounce_5,2026-03-13 13:40:00+00:00,SPY,exit_long,670.39,hybrid_exit
support_resistance_bounce_5,2026-03-13 13:46:00+00:00,SPY,enter_short,671.98,sr_bounce_5
support_resistance_bounce_5,2026-03-13 15:10:00+00:00,SPY,exit_short,666.21,hybrid_exit
support_resistance_bounce_5,2026-03-13 16:51:00+00:00,SPY,enter_short,664.63,sr_bounce_5
support_resistance_bounce_5,2026-03-13 17:58:00+00:00,SPY,enter_long,662.6,sr_bounce_5
support_resistance_bounce_5,2026-03-13 18:00:00+00:00,SPY,exit_short,662.7,hybrid_exit
support_resistance_bounce_5,2026-03-16 14:10:00+00:00,SPY,exit_long,670.8,hybrid_exit
support_resistance_bounce_5,2026-03-16 14:11:00+00:00,SPY,enter_short,671.07,sr_bounce_5
support_resistance_bounce_5,2026-03-16 14:50:00+00:00,SPY,exit_short,668.02,hybrid_exit
support_resistance_bounce_5,2026-03-16 14:51:00+00:00,SPY,enter_long,668.54,sr_bounce_5
support_resistance_bounce_5,2026-03-16 15:10:00+00:00,SPY,exit_long,669.17,hybrid_exit
support_resistance_bounce_5,2026-03-16 15:32:00+00:00,SPY,enter_short,670.35,sr_bounce_5
support_resistance_bounce_5,2026-03-16 16:10:00+00:00,SPY,exit_short,668.81,hybrid_exit
support_resistance_bounce_5,2026-03-16 16:31:00+00:00,SPY,enter_long,667.71,sr_bounce_5
support_resistance_bounce_5,2026-03-16 18:20:00+00:00,SPY,exit_long,669.81,hybrid_exit
support_resistance_bounce_5,2026-03-16 18:59:00+00:00,SPY,enter_long,669.605,sr_bounce_5
support_resistance_bounce_5,2026-03-16 19:20:00+00:00,SPY,exit_long,669.42,hybrid_exit
support_resistance_bounce_5,2026-03-16 19:36:00+00:00,SPY,enter_long,669.2,sr_bounce_5
support_resistance_bounce_5,2026-03-17 13:40:00+00:00,SPY,exit_long,673.885,hybrid_exit
support_resistance_bounce_5,2026-03-17 13:56:00+00:00,SPY,enter_short,674.1,sr_bounce_5
support_resistance_bounce_5,2026-03-17 14:20:00+00:00,SPY,exit_short,672.565,hybrid_exit
support_resistance_bounce_5,2026-03-17 14:30:00+00:00,SPY,enter_short,672.6,sr_bounce_5
support_resistance_bounce_5,2026-03-17 15:40:00+00:00,SPY,exit_short,670.68,hybrid_exit
support_resistance_bounce_5,2026-03-17 16:20:00+00:00,SPY,enter_short,671.35,sr_bounce_5
support_resistance_bounce_5,2026-03-17 16:49:00+00:00,SPY,enter_long,671.315,sr_bounce_5
support_resistance_bounce_5,2026-03-17 17:00:00+00:00,SPY,exit_short,671.05,hybrid_exit
support_resistance_bounce_5,2026-03-17 17:10:00+00:00,SPY,enter_short,671.28,sr_bounce_5
support_resistance_bounce_5,2026-03-17 17:20:00+00:00,SPY,exit_long,671.4,hybrid_exit
support_resistance_bounce_5,2026-03-18 13:40:00+00:00,SPY,exit_short,669.07,hybrid_exit
support_resistance_bounce_5,2026-03-18 14:00:00+00:00,SPY,enter_short,668.73,sr_bounce_5
support_resistance_bounce_5,2026-03-18 14:30:00+00:00,SPY,exit_short,665.98,hybrid_exit
support_resistance_bounce_5,2026-03-18 14:41:00+00:00,SPY,enter_long,666.015,sr_bounce_5
support_resistance_bounce_5,2026-03-18 15:01:00+00:00,SPY,enter_short,667.24,sr_bounce_5
support_resistance_bounce_5,2026-03-18 15:10:00+00:00,SPY,exit_long,667.96,hybrid_exit
support_resistance_bounce_5,2026-03-18 18:30:00+00:00,SPY,exit_short,665.94,hybrid_exit
support_resistance_bounce_5,2026-03-18 19:05:00+00:00,SPY,enter_short,664.395,sr_bounce_5
support_resistance_bounce_5,2026-03-19 13:40:00+00:00,SPY,exit_short,656.23,hybrid_exit
support_resistance_bounce_5,2026-03-19 13:47:00+00:00,SPY,enter_long,657.05,sr_bounce_5
support_resistance_bounce_5,2026-03-19 14:00:00+00:00,SPY,exit_long,658.64,hybrid_exit
support_resistance_bounce_5,2026-03-19 14:48:00+00:00,SPY,enter_long,657.43,sr_bounce_5
support_resistance_bounce_5,2026-03-19 15:00:00+00:00,SPY,exit_long,657.78,hybrid_exit
support_resistance_bounce_5,2026-03-19 15:14:00+00:00,SPY,enter_short,659.255,sr_bounce_5
support_resistance_bounce_5,2026-03-19 15:45:00+00:00,SPY,enter_long,656.61,sr_bounce_5
support_resistance_bounce_5,2026-03-19 15:50:00+00:00,SPY,exit_short,657.02,hybrid_exit
support_resistance_bounce_5,2026-03-19 16:10:00+00:00,SPY,exit_long,658.495,hybrid_exit
support_resistance_bounce_5,2026-03-19 16:19:00+00:00,SPY,enter_short,657.58,sr_bounce_5
support_resistance_bounce_5,2026-03-19 17:14:00+00:00,SPY,enter_long,655.85,sr_bounce_5
support_resistance_bounce_5,2026-03-19 17:20:00+00:00,SPY,exit_short,656.8,hybrid_exit
support_resistance_bounce_5,2026-03-19 18:30:00+00:00,SPY,exit_long,657.155,hybrid_exit
support_resistance_bounce_5,2026-03-19 18:44:00+00:00,SPY,enter_long,656.5,sr_bounce_5
support_resistance_bounce_5,2026-03-19 19:00:00+00:00,SPY,exit_long,658.415,hybrid_exit
support_resistance_bounce_5,2026-03-19 19:07:00+00:00,SPY,enter_short,661.48,sr_bounce_5
support_resistance_bounce_5,2026-03-19 19:10:00+00:00,SPY,exit_short,661.85,hybrid_exit
support_resistance_bounce_5,2026-03-19 19:32:00+00:00,SPY,enter_short,659.91,sr_bounce_5
support_resistance_bounce_5,2026-03-20 14:10:00+00:00,SPY,exit_short,653.09,hybrid_exit
support_resistance_bounce_5,2026-03-20 14:23:00+00:00,SPY,enter_long,652.005,sr_bounce_5
support_resistance_bounce_5,2026-03-20 15:00:00+00:00,SPY,exit_long,652.15,hybrid_exit
support_resistance_bounce_5,2026-03-20 16:12:00+00:00,SPY,enter_short,653.44,sr_bounce_5
support_resistance_bounce_5,2026-03-20 18:30:00+00:00,SPY,exit_short,649.4,hybrid_exit
support_resistance_bounce_5,2026-03-20 18:40:00+00:00,SPY,enter_long,648.54,sr_bounce_5
support_resistance_bounce_5,2026-03-23 14:10:00+00:00,SPY,enter_short,659.44,sr_bounce_5
support_resistance_bounce_5,2026-03-23 14:10:00+00:00,SPY,exit_long,659.56,hybrid_exit
support_resistance_bounce_5,2026-03-23 16:10:00+00:00,SPY,exit_short,656.77,hybrid_exit
support_resistance_bounce_5,2026-03-23 17:03:00+00:00,SPY,enter_long,655.3,sr_bounce_5
support_resistance_bounce_5,2026-03-23 17:40:00+00:00,SPY,exit_long,657.8,hybrid_exit
support_resistance_bounce_5,2026-03-23 18:48:00+00:00,SPY,enter_short,658.975,sr_bounce_5
support_resistance_bounce_5,2026-03-24 13:40:00+00:00,SPY,exit_short,651.22,hybrid_exit
support_resistance_bounce_5,2026-03-24 13:51:00+00:00,SPY,enter_long,650.22,sr_bounce_5
support_resistance_bounce_5,2026-03-24 14:50:00+00:00,SPY,exit_long,652.7,hybrid_exit
support_resistance_bounce_5,2026-03-24 15:38:00+00:00,SPY,enter_short,656.28,sr_bounce_5
support_resistance_bounce_5,2026-03-24 17:13:00+00:00,SPY,enter_long,652.97,sr_bounce_5
support_resistance_bounce_5,2026-03-24 17:20:00+00:00,SPY,exit_short,652.79,hybrid_exit
support_resistance_bounce_5,2026-03-24 18:50:00+00:00,SPY,exit_long,655.02,hybrid_exit
support_resistance_bounce_5,2026-03-24 19:30:00+00:00,SPY,enter_long,654.5,sr_bounce_5
support_resistance_bounce_5,2026-03-25 13:40:00+00:00,SPY,exit_long,659.88,hybrid_exit
support_resistance_bounce_5,2026-03-25 14:08:00+00:00,SPY,enter_long,656.63,sr_bounce_5
support_resistance_bounce_5,2026-03-25 14:20:00+00:00,SPY,exit_long,657.64,hybrid_exit
support_resistance_bounce_5,2026-03-25 14:23:00+00:00,SPY,enter_short,658.145,sr_bounce_5
support_resistance_bounce_5,2026-03-25 15:20:00+00:00,SPY,exit_short,655.15,hybrid_exit
support_resistance_bounce_5,2026-03-25 15:32:00+00:00,SPY,enter_short,657.93,sr_bounce_5
support_resistance_bounce_5,2026-03-25 15:55:00+00:00,SPY,enter_long,656.905,sr_bounce_5
support_resistance_bounce_5,2026-03-25 16:10:00+00:00,SPY,exit_short,656.57,hybrid_exit
support_resistance_bounce_5,2026-03-25 16:40:00+00:00,SPY,exit_long,658.055,hybrid_exit
support_resistance_bounce_5,2026-03-25 16:42:00+00:00,SPY,enter_short,657.82,sr_bounce_5
support_resistance_bounce_5,2026-03-25 17:10:00+00:00,SPY,enter_long,657.18,sr_bounce_5
support_resistance_bounce_5,2026-03-25 17:20:00+00:00,SPY,exit_short,657.24,hybrid_exit
support_resistance_bounce_5,2026-03-25 17:36:00+00:00,SPY,enter_short,658.28,sr_bounce_5
support_resistance_bounce_5,2026-03-25 17:50:00+00:00,SPY,exit_long,658.07,hybrid_exit
support_resistance_bounce_5,2026-03-26 13:40:00+00:00,SPY,enter_long,651.17,sr_bounce_5
support_resistance_bounce_5,2026-03-26 13:40:00+00:00,SPY,exit_short,650.79,hybrid_exit
support_resistance_bounce_5,2026-03-26 13:50:00+00:00,SPY,exit_long,653.45,hybrid_exit
support_resistance_bounce_5,2026-03-26 14:00:00+00:00,SPY,enter_short,654.35,sr_bounce_5
support_resistance_bounce_5,2026-03-26 15:00:00+00:00,SPY,exit_short,652.31,hybrid_exit
support_resistance_bounce_5,2026-03-26 15:11:00+00:00,SPY,enter_short,652.375,sr_bounce_5
support_resistance_bounce_5,2026-03-26 19:12:00+00:00,SPY,enter_long,646.0,sr_bounce_5
support_resistance_bounce_5,2026-03-26 19:50:00+00:00,SPY,exit_long,645.73,hybrid_exit
support_resistance_bounce_5,2026-03-27 13:40:00+00:00,SPY,exit_short,640.925,hybrid_exit
support_resistance_bounce_5,2026-03-27 14:21:00+00:00,SPY,enter_short,640.45,sr_bounce_5
support_resistance_bounce_5,2026-03-27 14:31:00+00:00,SPY,enter_long,639.63,sr_bounce_5
support_resistance_bounce_5,2026-03-27 14:40:00+00:00,SPY,exit_short,638.9,hybrid_exit
support_resistance_bounce_5,2026-03-27 14:50:00+00:00,SPY,exit_long,640.2,hybrid_exit
support_resistance_bounce_5,2026-03-27 14:51:00+00:00,SPY,enter_short,640.03,sr_bounce_5
vwap_trend_1bar,2026-01-26 20:12:00+00:00,SPY,enter_short,693.6,vwap_trend
vwap_trend_1bar,2026-01-26 20:22:00+00:00,SPY,enter_long,693.67,vwap_trend
vwap_trend_1bar,2026-01-26 20:50:00+00:00,SPY,exit_short,693.63,hybrid_exit
vwap_trend_1bar,2026-01-27 14:40:00+00:00,SPY,exit_long,693.6,hybrid_exit
vwap_trend_1bar,2026-01-27 14:50:00+00:00,SPY,enter_long,694.78,vwap_trend
vwap_trend_1bar,2026-01-27 16:00:00+00:00,SPY,exit_long,696.0,hybrid_exit
vwap_trend_1bar,2026-01-27 18:16:00+00:00,SPY,enter_long,695.565,vwap_trend
vwap_trend_1bar,2026-01-27 19:00:00+00:00,SPY,exit_long,696.01,hybrid_exit
vwap_trend_1bar,2026-01-27 20:31:00+00:00,SPY,enter_long,695.99,vwap_trend
vwap_trend_1bar,2026-01-28 14:40:00+00:00,SPY,exit_long,697.165,hybrid_exit
vwap_trend_1bar,2026-01-28 14:47:00+00:00,SPY,enter_short,697.04,vwap_trend
vwap_trend_1bar,2026-01-28 15:20:00+00:00,SPY,exit_short,696.51,hybrid_exit
vwap_trend_1bar,2026-01-28 15:30:00+00:00,SPY,enter_short,696.65,vwap_trend
vwap_trend_1bar,2026-01-28 17:00:00+00:00,SPY,exit_short,694.73,hybrid_exit
vwap_trend_1bar,2026-01-28 17:20:00+00:00,SPY,enter_short,695.55,vwap_trend
vwap_trend_1bar,2026-01-28 17:50:00+00:00,SPY,exit_short,694.93,hybrid_exit
vwap_trend_1bar,2026-01-28 18:10:00+00:00,SPY,enter_short,694.935,vwap_trend
vwap_trend_1bar,2026-01-28 18:50:00+00:00,SPY,exit_short,694.89,hybrid_exit
vwap_trend_1bar,2026-01-28 20:03:00+00:00,SPY,enter_short,695.46,vwap_trend
vwap_trend_1bar,2026-01-29 14:50:00+00:00,SPY,exit_short,693.64,hybrid_exit
vwap_trend_1bar,2026-01-29 15:00:00+00:00,SPY,enter_short,690.56,vwap_trend
vwap_trend_1bar,2026-01-29 15:40:00+00:00,SPY,exit_short,687.59,hybrid_exit
vwap_trend_1bar,2026-01-29 17:03:00+00:00,SPY,enter_long,689.65,vwap_trend
vwap_trend_1bar,2026-01-29 17:40:00+00:00,SPY,exit_long,691.14,hybrid_exit
vwap_trend_1bar,2026-01-29 17:50:00+00:00,SPY,enter_long,689.92,vwap_trend
vwap_trend_1bar,2026-01-30 14:30:00+00:00,SPY,exit_long,691.84,hybrid_exit
vwap_trend_1bar,2026-01-30 14:31:00+00:00,SPY,enter_short,691.7,vwap_trend
vwap_trend_1bar,2026-01-30 17:10:00+00:00,SPY,exit_short,689.11,hybrid_exit
vwap_trend_1bar,2026-01-30 17:31:00+00:00,SPY,enter_short,691.34,vwap_trend
vwap_trend_1bar,2026-01-30 18:10:00+00:00,SPY,exit_short,689.6,hybrid_exit
vwap_trend_1bar,2026-01-30 18:57:00+00:00,SPY,enter_long,691.25,vwap_trend
vwap_trend_1bar,2026-01-30 19:29:00+00:00,SPY,enter_short,691.34,vwap_trend
vwap_trend_1bar,2026-01-30 19:30:00+00:00,SPY,exit_long,691.3,hybrid_exit
vwap_trend_1bar,2026-01-30 19:52:00+00:00,SPY,enter_long,691.41,vwap_trend
vwap_trend_1bar,2026-01-30 20:00:00+00:00,SPY,exit_short,690.665,hybrid_exit
vwap_trend_1bar,2026-02-02 17:20:00+00:00,SPY,exit_long,696.26,hybrid_exit
vwap_trend_1bar,2026-02-02 20:42:00+00:00,SPY,enter_short,695.31,vwap_trend
vwap_trend_1bar,2026-02-03 15:10:00+00:00,SPY,exit_short,692.99,hybrid_exit
vwap_trend_1bar,2026-02-03 15:21:00+00:00,SPY,enter_short,692.36,vwap_trend
vwap_trend_1bar,2026-02-03 18:40:00+00:00,SPY,exit_short,686.355,hybrid_exit
vwap_trend_1bar,2026-02-03 20:38:00+00:00,SPY,enter_long,689.16,vwap_trend
vwap_trend_1bar,2026-02-04 14:30:00+00:00,SPY,enter_short,689.9,vwap_trend
vwap_trend_1bar,2026-02-04 14:40:00+00:00,SPY,exit_long,690.57,hybrid_exit
vwap_trend_1bar,2026-02-04 15:10:00+00:00,SPY,exit_short,688.985,hybrid_exit
vwap_trend_1bar,2026-02-04 15:22:00+00:00,SPY,enter_short,688.915,vwap_trend
vwap_trend_1bar,2026-02-04 17:00:00+00:00,SPY,exit_short,686.51,hybrid_exit
vwap_trend_1bar,2026-02-04 17:10:00+00:00,SPY,enter_short,686.06,vwap_trend
vwap_trend_1bar,2026-02-04 17:40:00+00:00,SPY,exit_short,682.41,hybrid_exit
vwap_trend_1bar,2026-02-04 19:33:00+00:00,SPY,enter_long,686.18,vwap_trend
vwap_trend_1bar,2026-02-04 20:10:00+00:00,SPY,exit_long,688.03,hybrid_exit
vwap_trend_1bar,2026-02-04 20:54:00+00:00,SPY,enter_short,686.49,vwap_trend
vwap_trend_1bar,2026-02-05 14:40:00+00:00,SPY,exit_short,682.37,hybrid_exit
vwap_trend_1bar,2026-02-05 14:55:00+00:00,SPY,enter_short,681.42,vwap_trend
vwap_trend_1bar,2026-02-05 15:10:00+00:00,SPY,exit_short,678.75,hybrid_exit
vwap_trend_1bar,2026-02-05 16:28:00+00:00,SPY,enter_long,679.59,vwap_trend
vwap_trend_1bar,2026-02-05 17:00:00+00:00,SPY,exit_long,681.25,hybrid_exit
vwap_trend_1bar,2026-02-05 19:09:00+00:00,SPY,enter_long,679.59,vwap_trend
vwap_trend_1bar,2026-02-06 15:00:00+00:00,SPY,exit_long,684.82,hybrid_exit
vwap_trend_1bar,2026-02-06 15:10:00+00:00,SPY,enter_long,684.97,vwap_trend
vwap_trend_1bar,2026-02-06 18:20:00+00:00,SPY,exit_long,689.155,hybrid_exit
vwap_trend_1bar,2026-02-06 18:30:00+00:00,SPY,enter_long,689.02,vwap_trend
vwap_trend_1bar,2026-02-09 14:30:00+00:00,SPY,exit_long,689.47,hybrid_exit
vwap_trend_1bar,2026-02-09 14:40:00+00:00,SPY,enter_long,691.13,vwap_trend
vwap_trend_1bar,2026-02-09 15:30:00+00:00,SPY,exit_long,691.94,hybrid_exit
vwap_trend_1bar,2026-02-09 15:40:00+00:00,SPY,enter_long,693.495,vwap_trend
vwap_trend_1bar,2026-02-09 17:00:00+00:00,SPY,exit_long,695.375,hybrid_exit
vwap_trend_1bar,2026-02-09 18:02:00+00:00,SPY,enter_long,694.77,vwap_trend
vwap_trend_1bar,2026-02-09 19:30:00+00:00,SPY,exit_long,695.76,hybrid_exit
vwap_trend_1bar,2026-02-09 20:30:00+00:00,SPY,enter_long,694.49,vwap_trend
vwap_trend_1bar,2026-02-10 14:40:00+00:00,SPY,exit_long,694.305,hybrid_exit
vwap_trend_1bar,2026-02-10 14:50:00+00:00,SPY,enter_long,694.56,vwap_trend
vwap_trend_1bar,2026-02-10 15:00:00+00:00,SPY,exit_long,695.77,hybrid_exit
vwap_trend_1bar,2026-02-10 15:13:00+00:00,SPY,enter_short,694.83,vwap_trend
vwap_trend_1bar,2026-02-10 16:20:00+00:00,SPY,exit_short,694.94,hybrid_exit
vwap_trend_1bar,2026-02-10 17:22:00+00:00,SPY,enter_short,695.13,vwap_trend
vwap_trend_1bar,2026-02-10 18:40:00+00:00,SPY,exit_short,693.675,hybrid_exit
vwap_trend_1bar,2026-02-10 19:32:00+00:00,SPY,enter_short,694.05,vwap_trend
vwap_trend_1bar,2026-02-11 14:30:00+00:00,SPY,exit_short,696.435,hybrid_exit
vwap_trend_1bar,2026-02-11 14:30:00+00:00,SPY,enter_long,696.92,vwap_trend
vwap_trend_1bar,2026-02-11 14:40:00+00:00,SPY,exit_long,695.19,hybrid_exit
vwap_trend_1bar,2026-02-11 14:42:00+00:00,SPY,enter_short,695.18,vwap_trend
vwap_trend_1bar,2026-02-11 15:20:00+00:00,SPY,exit_short,690.79,hybrid_exit
vwap_trend_1bar,2026-02-11 17:16:00+00:00,SPY,enter_long,692.76,vwap_trend
vwap_trend_1bar,2026-02-11 17:50:00+00:00,SPY,exit_long,693.73,hybrid_exit
vwap_trend_1bar,2026-02-11 17:57:00+00:00,SPY,enter_short,692.79,vwap_trend
vwap_trend_1bar,2026-02-11 18:20:00+00:00,SPY,exit_short,692.05,hybrid_exit
vwap_trend_1bar,2026-02-11 18:28:00+00:00,SPY,enter_long,692.84,vwap_trend
vwap_trend_1bar,2026-02-11 19:20:00+00:00,SPY,exit_long,693.365,hybrid_exit
vwap_trend_1bar,2026-02-11 19:45:00+00:00,SPY,enter_short,692.62,vwap_trend
vwap_trend_1bar,2026-02-11 20:20:00+00:00,SPY,exit_short,692.71,hybrid_exit
vwap_trend_1bar,2026-02-11 20:50:00+00:00,SPY,enter_short,692.315,vwap_trend
vwap_trend_1bar,2026-02-12 14:32:00+00:00,SPY,enter_long,694.915,vwap_trend
vwap_trend_1bar,2026-02-12 14:40:00+00:00,SPY,exit_long,694.82,hybrid_exit
vwap_trend_1bar,2026-02-12 16:30:00+00:00,SPY,exit_short,683.6,hybrid_exit
vwap_trend_1bar,2026-02-12 16:40:00+00:00,SPY,enter_short,685.35,vwap_trend
vwap_trend_1bar,2026-02-12 17:30:00+00:00,SPY,exit_short,684.115,hybrid_exit
vwap_trend_1bar,2026-02-12 17:41:00+00:00,SPY,enter_short,684.93,vwap_trend
vwap_trend_1bar,2026-02-12 18:10:00+00:00,SPY,exit_short,683.34,hybrid_exit
vwap_trend_1bar,2026-02-12 19:10:00+00:00,SPY,enter_short,684.47,vwap_trend
vwap_trend_1bar,2026-02-13 14:30:00+00:00,SPY,exit_short,681.695,hybrid_exit
vwap_trend_1bar,2026-02-13 14:31:00+00:00,SPY,enter_long,682.07,vwap_trend
vwap_trend_1bar,2026-02-13 15:40:00+00:00,SPY,exit_long,682.86,hybrid_exit
vwap_trend_1bar,2026-02-13 15:50:00+00:00,SPY,enter_long,681.7,vwap_trend
vwap_trend_1bar,2026-02-13 17:10:00+00:00,SPY,exit_long,685.2,hybrid_exit
vwap_trend_1bar,2026-02-13 19:41:00+00:00,SPY,enter_short,683.42,vwap_trend
vwap_trend_1bar,2026-02-13 20:50:00+00:00,SPY,exit_short,681.18,hybrid_exit
vwap_trend_1bar,2026-02-17 14:32:00+00:00,SPY,enter_short,680.57,vwap_trend
vwap_trend_1bar,2026-02-17 15:00:00+00:00,SPY,exit_short,676.42,hybrid_exit
vwap_trend_1bar,2026-02-17 15:18:00+00:00,SPY,enter_long,679.25,vwap_trend
vwap_trend_1bar,2026-02-17 16:20:00+00:00,SPY,exit_long,682.76,hybrid_exit
vwap_trend_1bar,2026-02-17 17:20:00+00:00,SPY,enter_long,681.405,vwap_trend
vwap_trend_1bar,2026-02-17 19:00:00+00:00,SPY,exit_long,684.06,hybrid_exit
vwap_trend_1bar,2026-02-17 20:00:00+00:00,SPY,enter_long,683.79,vwap_trend
vwap_trend_1bar,2026-02-18 15:10:00+00:00,SPY,exit_long,687.48,hybrid_exit
vwap_trend_1bar,2026-02-18 17:01:00+00:00,SPY,enter_long,687.7,vwap_trend
vwap_trend_1bar,2026-02-18 17:20:00+00:00,SPY,exit_long,688.58,hybrid_exit
vwap_trend_1bar,2026-02-18 18:42:00+00:00,SPY,enter_short,686.93,vwap_trend
vwap_trend_1bar,2026-02-18 20:00:00+00:00,SPY,exit_short,684.62,hybrid_exit
vwap_trend_1bar,2026-02-18 20:40:00+00:00,SPY,enter_short,685.355,vwap_trend
vwap_trend_1bar,2026-02-19 14:40:00+00:00,SPY,exit_short,683.68,hybrid_exit
vwap_trend_1bar,2026-02-19 14:42:00+00:00,SPY,enter_long,683.77,vwap_trend
vwap_trend_1bar,2026-02-19 15:00:00+00:00,SPY,exit_long,684.9,hybrid_exit
vwap_trend_1bar,2026-02-19 15:21:00+00:00,SPY,enter_short,684.36,vwap_trend
vwap_trend_1bar,2026-02-19 15:31:00+00:00,SPY,enter_long,684.76,vwap_trend
vwap_trend_1bar,2026-02-19 15:40:00+00:00,SPY,exit_long,685.43,hybrid_exit
vwap_trend_1bar,2026-02-19 18:00:00+00:00,SPY,exit_short,682.42,hybrid_exit
vwap_trend_1bar,2026-02-19 19:00:00+00:00,SPY,enter_short,683.65,vwap_trend
vwap_trend_1bar,2026-02-19 19:40:00+00:00,SPY,exit_short,682.02,hybrid_exit
vwap_trend_1bar,2026-02-19 20:46:00+00:00,SPY,enter_long,683.75,vwap_trend
vwap_trend_1bar,2026-02-20 14:50:00+00:00,SPY,exit_long,684.26,hybrid_exit
vwap_trend_1bar,2026-02-20 15:00:00+00:00,SPY,enter_long,685.565,vwap_trend
vwap_trend_1bar,2026-02-20 15:10:00+00:00,SPY,exit_long,687.035,hybrid_exit
vwap_trend_1bar,2026-02-20 15:21:00+00:00,SPY,enter_long,687.51,vwap_trend
vwap_trend_1bar,2026-02-20 15:50:00+00:00,SPY,exit_long,688.17,hybrid_exit
vwap_trend_1bar,2026-02-20 16:25:00+00:00,SPY,enter_short,686.52,vwap_trend
vwap_trend_1bar,2026-02-20 16:32:00+00:00,SPY,enter_long,687.1,vwap_trend
vwap_trend_1bar,2026-02-20 16:40:00+00:00,SPY,exit_long,688.12,hybrid_exit
vwap_trend_1bar,2026-02-20 17:20:00+00:00,SPY,exit_short,685.08,hybrid_exit
vwap_trend_1bar,2026-02-20 17:49:00+00:00,SPY,enter_long,686.83,vwap_trend
vwap_trend_1bar,2026-02-20 18:50:00+00:00,SPY,exit_long,689.1,hybrid_exit
vwap_trend_1bar,2026-02-23 14:36:00+00:00,SPY,enter_short,689.25,vwap_trend
vwap_trend_1bar,2026-02-23 16:10:00+00:00,SPY,exit_short,681.15,hybrid_exit
vwap_trend_1bar,2026-02-23 16:31:00+00:00,SPY,enter_short,682.57,vwap_trend
vwap_trend_1bar,2026-02-23 17:10:00+00:00,SPY,exit_short,681.96,hybrid_exit
vwap_trend_1bar,2026-02-23 18:21:00+00:00,SPY,enter_short,683.29,vwap_trend
vwap_trend_1bar,2026-02-23 19:20:00+00:00,SPY,exit_short,681.755,hybrid_exit
vwap_trend_1bar,2026-02-24 14:30:00+00:00,SPY,enter_long,681.76,vwap_trend
vwap_trend_1bar,2026-02-24 14:50:00+00:00,SPY,exit_long,684.9,hybrid_exit
vwap_trend_1bar,2026-02-24 15:02:00+00:00,SPY,enter_long,683.14,vwap_trend
vwap_trend_1bar,2026-02-24 15:40:00+00:00,SPY,exit_long,685.93,hybrid_exit
vwap_trend_1bar,2026-02-24 16:00:00+00:00,SPY,enter_long,685.425,vwap_trend
vwap_trend_1bar,2026-02-24 17:30:00+00:00,SPY,exit_long,687.45,hybrid_exit
vwap_trend_1bar,2026-02-24 19:30:00+00:00,SPY,enter_long,686.9,vwap_trend
vwap_trend_1bar,2026-02-24 21:00:00+00:00,SPY,exit_long,687.45,hybrid_exit
vwap_trend_1bar,2026-02-25 14:30:00+00:00,SPY,enter_long,691.08,vwap_trend
vwap_trend_1bar,2026-02-25 14:40:00+00:00,SPY,exit_long,691.19,hybrid_exit
vwap_trend_1bar,2026-02-25 14:56:00+00:00,SPY,enter_short,691.18,vwap_trend
vwap_trend_1bar,2026-02-25 15:30:00+00:00,SPY,exit_short,691.13,hybrid_exit
vwap_trend_1bar,2026-02-25 16:00:00+00:00,SPY,enter_long,691.0,vwap_trend
vwap_trend_1bar,2026-02-25 17:00:00+00:00,SPY,exit_long,692.02,hybrid_exit
vwap_trend_1bar,2026-02-25 17:30:00+00:00,SPY,enter_long,691.99,vwap_trend
vwap_trend_1bar,2026-02-25 19:20:00+00:00,SPY,exit_long,693.0,hybrid_exit
vwap_trend_1bar,2026-02-26 14:30:00+00:00,SPY,enter_short,692.38,vwap_trend
vwap_trend_1bar,2026-02-26 14:40:00+00:00,SPY,exit_short,692.165,hybrid_exit
vwap_trend_1bar,2026-02-26 14:51:00+00:00,SPY,enter_short,691.01,vwap_trend
vwap_trend_1bar,2026-02-26 15:10:00+00:00,SPY,exit_short,690.025,hybrid_exit
vwap_trend_1bar,2026-02-26 16:01:00+00:00,SPY,enter_short,687.82,vwap_trend
vwap_trend_1bar,2026-02-26 17:10:00+00:00,SPY,exit_short,686.76,hybrid_exit
vwap_trend_1bar,2026-02-26 18:45:00+00:00,SPY,enter_long,688.11,vwap_trend
vwap_trend_1bar,2026-02-26 19:20:00+00:00,SPY,exit_long,688.89,hybrid_exit
vwap_trend_1bar,2026-02-27 14:31:00+00:00,SPY,enter_short,683.07,vwap_trend
vwap_trend_1bar,2026-02-27 14:40:00+00:00,SPY,exit_short,684.06,hybrid_exit
vwap_trend_1bar,2026-02-27 14:51:00+00:00,SPY,enter_long,683.33,vwap_trend
vwap_trend_1bar,2026-02-27 15:50:00+00:00,SPY,exit_long,685.135,hybrid_exit
vwap_trend_1bar,2026-02-27 17:17:00+00:00,SPY,enter_short,684.44,vwap_trend
vwap_trend_1bar,2026-02-27 17:50:00+00:00,SPY,exit_short,683.9,hybrid_exit
vwap_trend_1bar,2026-02-27 18:01:00+00:00,SPY,enter_short,684.2,vwap_trend
vwap_trend_1bar,2026-02-27 18:40:00+00:00,SPY,exit_short,683.69,hybrid_exit
vwap_trend_1bar,2026-03-02 14:40:00+00:00,SPY,enter_long,681.12,vwap_trend
vwap_trend_1bar,2026-03-02 15:30:00+00:00,SPY,exit_long,683.37,hybrid_exit
vwap_trend_1bar,2026-03-02 15:41:00+00:00,SPY,enter_long,683.99,vwap_trend
vwap_trend_1bar,2026-03-02 17:00:00+00:00,SPY,exit_long,686.25,hybrid_exit
vwap_trend_1bar,2026-03-02 18:43:00+00:00,SPY,enter_long,686.21,vwap_trend
vwap_trend_1bar,2026-03-02 19:30:00+00:00,SPY,exit_long,688.245,hybrid_exit
vwap_trend_1bar,2026-03-02 20:14:00+00:00,SPY,enter_short,685.26,vwap_trend
vwap_trend_1bar,2026-03-03 14:40:00+00:00,SPY,exit_short,675.78,hybrid_exit
vwap_trend_1bar,2026-03-03 16:03:00+00:00,SPY,enter_long,672.6,vwap_trend
vwap_trend_1bar,2026-03-03 16:50:00+00:00,SPY,exit_long,677.57,hybrid_exit
vwap_trend_1bar,2026-03-03 17:10:00+00:00,SPY,enter_long,676.86,vwap_trend
vwap_trend_1bar,2026-03-03 18:50:00+00:00,SPY,exit_long,681.4,hybrid_exit
vwap_trend_1bar,2026-03-03 20:20:00+00:00,SPY,enter_long,680.95,vwap_trend
vwap_trend_1bar,2026-03-04 15:40:00+00:00,SPY,exit_long,684.63,hybrid_exit
vwap_trend_1bar,2026-03-04 16:20:00+00:00,SPY,enter_long,684.8,vwap_trend
vwap_trend_1bar,2026-03-04 17:00:00+00:00,SPY,exit_long,685.78,hybrid_exit
vwap_trend_1bar,2026-03-04 17:33:00+00:00,SPY,enter_long,685.26,vwap_trend
vwap_trend_1bar,2026-03-04 18:10:00+00:00,SPY,exit_long,686.22,hybrid_exit
vwap_trend_1bar,2026-03-04 18:21:00+00:00,SPY,enter_long,685.74,vwap_trend
vwap_trend_1bar,2026-03-04 19:00:00+00:00,SPY,exit_long,686.57,hybrid_exit
vwap_trend_1bar,2026-03-04 20:59:00+00:00,SPY,enter_short,685.13,vwap_trend
vwap_trend_1bar,2026-03-05 14:40:00+00:00,SPY,exit_short,683.63,hybrid_exit
vwap_trend_1bar,2026-03-05 15:07:00+00:00,SPY,enter_short,683.37,vwap_trend
vwap_trend_1bar,2026-03-05 15:40:00+00:00,SPY,exit_short,681.3,hybrid_exit
vwap_trend_1bar,2026-03-05 15:51:00+00:00,SPY,enter_short,682.19,vwap_trend
vwap_trend_1bar,2026-03-05 18:00:00+00:00,SPY,exit_short,676.335,hybrid_exit
vwap_trend_1bar,2026-03-05 18:11:00+00:00,SPY,enter_short,677.43,vwap_trend
vwap_trend_1bar,2026-03-05 18:30:00+00:00,SPY,exit_short,676.67,hybrid_exit
vwap_trend_1bar,2026-03-05 20:11:00+00:00,SPY,enter_short,678.64,vwap_trend
vwap_trend_1bar,2026-03-06 14:40:00+00:00,SPY,exit_short,671.06,hybrid_exit
vwap_trend_1bar,2026-03-06 14:51:00+00:00,SPY,enter_long,671.77,vwap_trend
vwap_trend_1bar,2026-03-06 15:40:00+00:00,SPY,exit_long,675.5,hybrid_exit
vwap_trend_1bar,2026-03-06 15:52:00+00:00,SPY,enter_long,672.82,vwap_trend
vwap_trend_1bar,2026-03-06 16:00:00+00:00,SPY,exit_long,674.92,hybrid_exit
vwap_trend_1bar,2026-03-06 17:49:00+00:00,SPY,enter_long,673.37,vwap_trend
vwap_trend_1bar,2026-03-06 18:20:00+00:00,SPY,exit_long,675.82,hybrid_exit
vwap_trend_1bar,2026-03-06 20:11:00+00:00,SPY,enter_short,673.81,vwap_trend
vwap_trend_1bar,2026-03-09 13:40:00+00:00,SPY,exit_short,664.67,hybrid_exit
vwap_trend_1bar,2026-03-09 14:03:00+00:00,SPY,enter_long,665.3,vwap_trend
vwap_trend_1bar,2026-03-09 16:20:00+00:00,SPY,exit_long,670.0,hybrid_exit
vwap_trend_1bar,2026-03-09 17:30:00+00:00,SPY,enter_long,669.04,vwap_trend
vwap_trend_1bar,2026-03-09 19:40:00+00:00,SPY,exit_long,679.16,hybrid_exit
vwap_trend_1bar,2026-03-10 13:33:00+00:00,SPY,enter_short,677.18,vwap_trend
vwap_trend_1bar,2026-03-10 13:40:00+00:00,SPY,exit_short,677.04,hybrid_exit
vwap_trend_1bar,2026-03-10 14:20:00+00:00,SPY,enter_long,676.85,vwap_trend
vwap_trend_1bar,2026-03-10 15:00:00+00:00,SPY,exit_long,681.1,hybrid_exit
vwap_trend_1bar,2026-03-10 16:10:00+00:00,SPY,enter_long,680.67,vwap_trend
vwap_trend_1bar,2026-03-10 16:50:00+00:00,SPY,exit_long,680.94,hybrid_exit
vwap_trend_1bar,2026-03-10 18:14:00+00:00,SPY,enter_short,678.64,vwap_trend
vwap_trend_1bar,2026-03-10 19:50:00+00:00,SPY,exit_short,676.78,hybrid_exit
vwap_trend_1bar,2026-03-11 13:42:00+00:00,SPY,enter_short,677.9,vwap_trend
vwap_trend_1bar,2026-03-11 15:40:00+00:00,SPY,exit_short,674.875,hybrid_exit
vwap_trend_1bar,2026-03-11 16:51:00+00:00,SPY,enter_short,675.645,vwap_trend
vwap_trend_1bar,2026-03-11 17:40:00+00:00,SPY,exit_short,674.64,hybrid_exit
vwap_trend_1bar,2026-03-11 18:53:00+00:00,SPY,enter_short,675.12,vwap_trend
vwap_trend_1bar,2026-03-12 13:40:00+00:00,SPY,exit_short,671.28,hybrid_exit
vwap_trend_1bar,2026-03-12 13:52:00+00:00,SPY,enter_short,669.87,vwap_trend
vwap_trend_1bar,2026-03-12 14:30:00+00:00,SPY,exit_short,668.04,hybrid_exit
vwap_trend_1bar,2026-03-12 14:46:00+00:00,SPY,enter_long,670.28,vwap_trend
vwap_trend_1bar,2026-03-12 15:40:00+00:00,SPY,exit_long,669.73,hybrid_exit
vwap_trend_1bar,2026-03-12 15:47:00+00:00,SPY,enter_short,668.73,vwap_trend
vwap_trend_1bar,2026-03-12 16:14:00+00:00,SPY,enter_long,668.895,vwap_trend
vwap_trend_1bar,2026-03-12 16:20:00+00:00,SPY,exit_long,669.8,hybrid_exit
vwap_trend_1bar,2026-03-12 18:50:00+00:00,SPY,exit_short,667.49,hybrid_exit
vwap_trend_1bar,2026-03-13 13:30:00+00:00,SPY,enter_long,670.065,vwap_trend
vwap_trend_1bar,2026-03-13 13:40:00+00:00,SPY,exit_long,670.39,hybrid_exit
vwap_trend_1bar,2026-03-13 13:50:00+00:00,SPY,enter_short,670.7,vwap_trend
vwap_trend_1bar,2026-03-13 15:10:00+00:00,SPY,exit_short,666.21,hybrid_exit
vwap_trend_1bar,2026-03-13 15:22:00+00:00,SPY,enter_short,666.095,vwap_trend
vwap_trend_1bar,2026-03-13 15:50:00+00:00,SPY,exit_short,664.33,hybrid_exit
vwap_trend_1bar,2026-03-13 16:41:00+00:00,SPY,enter_short,664.5,vwap_trend
vwap_trend_1bar,2026-03-13 18:00:00+00:00,SPY,exit_short,662.7,hybrid_exit
vwap_trend_1bar,2026-03-16 13:31:00+00:00,SPY,enter_long,668.58,vwap_trend
vwap_trend_1bar,2026-03-16 14:10:00+00:00,SPY,exit_long,670.8,hybrid_exit
vwap_trend_1bar,2026-03-16 14:30:00+00:00,SPY,enter_short,669.71,vwap_trend
vwap_trend_1bar,2026-03-16 14:59:00+00:00,SPY,enter_long,669.8,vwap_trend
vwap_trend_1bar,2026-03-16 15:10:00+00:00,SPY,exit_short,669.17,hybrid_exit
vwap_trend_1bar,2026-03-16 15:10:00+00:00,SPY,exit_long,669.17,hybrid_exit
vwap_trend_1bar,2026-03-16 15:50:00+00:00,SPY,enter_short,669.52,vwap_trend
vwap_trend_1bar,2026-03-16 16:30:00+00:00,SPY,exit_short,667.44,hybrid_exit
vwap_trend_1bar,2026-03-16 17:00:00+00:00,SPY,enter_long,669.48,vwap_trend
vwap_trend_1bar,2026-03-16 18:20:00+00:00,SPY,exit_long,669.81,hybrid_exit
vwap_trend_1bar,2026-03-16 18:41:00+00:00,SPY,enter_long,670.105,vwap_trend
vwap_trend_1bar,2026-03-16 19:20:00+00:00,SPY,exit_long,669.42,hybrid_exit
vwap_trend_1bar,2026-03-17 13:30:00+00:00,SPY,enter_long,672.6,vwap_trend
vwap_trend_1bar,2026-03-17 13:40:00+00:00,SPY,exit_long,673.885,hybrid_exit
vwap_trend_1bar,2026-03-17 14:00:00+00:00,SPY,enter_short,673.47,vwap_trend
vwap_trend_1bar,2026-03-17 15:40:00+00:00,SPY,exit_short,670.68,hybrid_exit
vwap_trend_1bar,2026-03-17 16:20:00+00:00,SPY,enter_short,671.35,vwap_trend
vwap_trend_1bar,2026-03-17 17:00:00+00:00,SPY,exit_short,671.05,hybrid_exit
vwap_trend_1bar,2026-03-17 17:10:00+00:00,SPY,enter_short,671.28,vwap_trend
vwap_trend_1bar,2026-03-18 13:40:00+00:00,SPY,exit_short,669.07,hybrid_exit
vwap_trend_1bar,2026-03-18 13:51:00+00:00,SPY,enter_short,668.63,vwap_trend
vwap_trend_1bar,2026-03-18 14:30:00+00:00,SPY,exit_short,665.98,hybrid_exit
vwap_trend_1bar,2026-03-18 15:01:00+00:00,SPY,enter_short,667.24,vwap_trend
vwap_trend_1bar,2026-03-18 18:30:00+00:00,SPY,exit_short,665.94,hybrid_exit
vwap_trend_1bar,2026-03-18 18:40:00+00:00,SPY,enter_short,664.64,vwap_trend
vwap_trend_1bar,2026-03-19 13:40:00+00:00,SPY,enter_long,656.37,vwap_trend
vwap_trend_1bar,2026-03-19 13:40:00+00:00,SPY,exit_short,656.23,hybrid_exit
vwap_trend_1bar,2026-03-19 14:00:00+00:00,SPY,exit_long,658.64,hybrid_exit
vwap_trend_1bar,2026-03-19 14:31:00+00:00,SPY,enter_long,657.26,vwap_trend
vwap_trend_1bar,2026-03-19 15:00:00+00:00,SPY,exit_long,657.78,hybrid_exit
vwap_trend_1bar,2026-03-19 15:21:00+00:00,SPY,enter_short,657.59,vwap_trend
vwap_trend_1bar,2026-03-19 15:50:00+00:00,SPY,exit_short,657.02,hybrid_exit
vwap_trend_1bar,2026-03-19 16:16:00+00:00,SPY,enter_short,657.46,vwap_trend
vwap_trend_1bar,2026-03-19 17:20:00+00:00,SPY,exit_short,656.8,hybrid_exit
vwap_trend_1bar,2026-03-19 17:23:00+00:00,SPY,enter_long,657.53,vwap_trend
vwap_trend_1bar,2026-03-19 19:10:00+00:00,SPY,exit_long,661.85,hybrid_exit
vwap_trend_1bar,2026-03-20 13:30:00+00:00,SPY,enter_short,655.81,vwap_trend
vwap_trend_1bar,2026-03-20 14:10:00+00:00,SPY,exit_short,653.09,hybrid_exit
vwap_trend_1bar,2026-03-20 16:08:00+00:00,SPY,enter_short,653.0,vwap_trend
vwap_trend_1bar,2026-03-20 18:30:00+00:00,SPY,exit_short,649.4,hybrid_exit
vwap_trend_1bar,2026-03-23 13:31:00+00:00,SPY,enter_long,657.7,vwap_trend
vwap_trend_1bar,2026-03-23 14:10:00+00:00,SPY,exit_long,659.56,hybrid_exit
vwap_trend_1bar,2026-03-23 15:36:00+00:00,SPY,enter_short,659.74,vwap_trend
vwap_trend_1bar,2026-03-23 16:10:00+00:00,SPY,exit_short,656.77,hybrid_exit
vwap_trend_1bar,2026-03-23 19:10:00+00:00,SPY,enter_short,658.38,vwap_trend
vwap_trend_1bar,2026-03-24 13:40:00+00:00,SPY,exit_short,651.22,hybrid_exit
vwap_trend_1bar,2026-03-24 13:46:00+00:00,SPY,enter_long,651.57,vwap_trend
vwap_trend_1bar,2026-03-24 15:00:00+00:00,SPY,exit_long,653.95,hybrid_exit
vwap_trend_1bar,2026-03-24 17:03:00+00:00,SPY,enter_short,654.01,vwap_trend
vwap_trend_1bar,2026-03-24 17:30:00+00:00,SPY,exit_short,653.41,hybrid_exit
vwap_trend_1bar,2026-03-24 17:31:00+00:00,SPY,enter_long,653.995,vwap_trend
vwap_trend_1bar,2026-03-24 18:50:00+00:00,SPY,exit_long,655.02,hybrid_exit
vwap_trend_1bar,2026-03-24 19:30:00+00:00,SPY,enter_long,654.5,vwap_trend
vwap_trend_1bar,2026-03-25 13:40:00+00:00,SPY,exit_long,659.88,hybrid_exit
vwap_trend_1bar,2026-03-25 14:23:00+00:00,SPY,enter_short,658.145,vwap_trend
vwap_trend_1bar,2026-03-25 15:20:00+00:00,SPY,exit_short,655.15,hybrid_exit
vwap_trend_1bar,2026-03-25 15:29:00+00:00,SPY,enter_long,657.845,vwap_trend
vwap_trend_1bar,2026-03-25 15:30:00+00:00,SPY,exit_long,657.87,hybrid_exit
vwap_trend_1bar,2026-03-25 15:35:00+00:00,SPY,enter_short,657.71,vwap_trend
vwap_trend_1bar,2026-03-25 16:10:00+00:00,SPY,exit_short,656.57,hybrid_exit
vwap_trend_1bar,2026-03-25 16:25:00+00:00,SPY,enter_long,657.9,vwap_trend
vwap_trend_1bar,2026-03-25 16:47:00+00:00,SPY,enter_short,657.5,vwap_trend
vwap_trend_1bar,2026-03-25 17:00:00+00:00,SPY,exit_long,657.74,hybrid_exit
vwap_trend_1bar,2026-03-25 17:13:00+00:00,SPY,enter_long,657.7,vwap_trend
vwap_trend_1bar,2026-03-25 17:20:00+00:00,SPY,exit_short,657.24,hybrid_exit
vwap_trend_1bar,2026-03-25 17:50:00+00:00,SPY,exit_long,658.07,hybrid_exit
vwap_trend_1bar,2026-03-25 17:54:00+00:00,SPY,enter_short,657.48,vwap_trend
vwap_trend_1bar,2026-03-26 13:40:00+00:00,SPY,exit_short,650.79,hybrid_exit
vwap_trend_1bar,2026-03-26 13:42:00+00:00,SPY,enter_long,651.84,vwap_trend
vwap_trend_1bar,2026-03-26 14:00:00+00:00,SPY,exit_long,654.47,hybrid_exit
vwap_trend_1bar,2026-03-26 14:42:00+00:00,SPY,enter_short,652.97,vwap_trend
vwap_trend_1bar,2026-03-27 13:40:00+00:00,SPY,exit_short,640.925,hybrid_exit
vwap_trend_1bar,2026-03-27 13:50:00+00:00,SPY,enter_short,640.95,vwap_trend
vwap_trend_1bar,2026-03-27 14:00:00+00:00,SPY,exit_short,639.01,hybrid_exit
vwap_trend_1bar,2026-03-27 14:22:00+00:00,SPY,enter_short,639.53,vwap_trend
vwap_trend_1bar,2026-03-27 14:40:00+00:00,SPY,exit_short,638.9,hybrid_exit
vwap_trend_1bar,2026-03-27 14:51:00+00:00,SPY,enter_short,640.03,vwap_trend
