trace_kind,symbol,timestamp,open,high,low,close,volume,policy_event,policy_mode,policy_reason,policy_position,policy_signed_contracts,policy_long_contracts,policy_short_contracts,policy_open_long_symbol,policy_open_short_symbol,target_long_contracts,target_short_contracts,raw_action,raw_pos,exec_pos,gate_status,p_enter_long,p_enter_short,p_exit_long,p_exit_short,p_pivot_long,p_pivot_short,p_tb_long,p_tb_short,p_pivot_long_source,p_pivot_short_source,p_tb_long_source,p_tb_short_source,thr_enter_long,thr_enter_short,thr_exit_long,thr_exit_short
policy_1m,SPY,2026-03-03 14:30:00+00:00,675.03,676.19,674.87,676.12,23148.0,hold,intrabar_meta,no_meta_snapshot,,,,,,,,,,,,,,,,,,,,,,,,,,,,
policy_1m,SPY,2026-03-03 14:31:00+00:00,676.12,676.37,675.73,676.3,18345.0,hold,intrabar_meta,no_meta_snapshot,,,,,,,,,,,,,,,,,,,,,,,,,,,,
policy_1m,SPY,2026-03-03 14:32:00+00:00,676.28,676.37,675.675,675.82,15369.0,hold,intrabar_meta,no_meta_snapshot,,,,,,,,,,,,,,,,,,,,,,,,,,,,
policy_1m,SPY,2026-03-03 14:33:00+00:00,675.75,676.0,675.46,675.735,25742.0,hold,intrabar_meta,no_meta_snapshot,,,,,,,,,,,,,,,,,,,,,,,,,,,,
policy_1m,SPY,2026-03-03 14:34:00+00:00,675.73,675.94,674.5,674.54,39515.0,hold,intrabar_meta,no_meta_snapshot,,,,,,,,,,,,,,,,,,,,,,,,,,,,
policy_1m,SPY,2026-03-03 14:35:00+00:00,674.53,675.31,674.13,674.96,29903.0,hold,intrabar_meta,no_meta_snapshot,,,,,,,,,,,,,,,,,,,,,,,,,,,,
policy_1m,SPY,2026-03-03 14:36:00+00:00,674.99,676.605,674.88,676.13,16922.0,hold,intrabar_meta,no_meta_snapshot,,,,,,,,,,,,,,,,,,,,,,,,,,,,
policy_1m,SPY,2026-03-03 14:37:00+00:00,676.23,676.59,675.88,676.59,9065.0,hold,intrabar_meta,no_meta_snapshot,,,,,,,,,,,,,,,,,,,,,,,,,,,,
policy_1m,SPY,2026-03-03 14:38:00+00:00,676.63,676.87,676.41,676.83,9398.0,hold,intrabar_meta,no_meta_snapshot,,,,,,,,,,,,,,,,,,,,,,,,,,,,
policy_1m,SPY,2026-03-03 14:39:00+00:00,676.86,677.05,675.8,675.8,12351.0,hold,intrabar_meta,no_meta_snapshot,,,,,,,,,,,,,,,,,,,,,,,,,,,,
policy_1m,SPY,2026-03-03 14:40:00+00:00,675.78,675.9,675.16,675.63,10049.0,hold,intrabar_meta,no_meta_snapshot,,,,,,,,,,,,,,,,,,,,,,,,,,,,
meta_10m,SPY,2026-03-03 14:30:00+00:00,675.03,677.05,674.13,675.8,199758.0,,,,,,,,,,,,,,,policy_only,0.4234946668148041,0.5973947048187256,,,0.7919694185256958,0.024784445762634277,0.4128260910511017,0.25619402527809143,,,,,0.5,0.5,0.65,0.65
policy_1m,SPY,2026-03-03 14:41:00+00:00,675.68,675.68,674.62,674.63,9404.0,error,intrabar_meta,atr_unavailable,,,,,,,,,,,,,,,,,,,,,,,,,,,,
policy_1m,SPY,2026-03-03 14:42:00+00:00,674.75,674.75,674.27,674.41,11626.0,error,intrabar_meta,atr_unavailable,,,,,,,,,,,,,,,,,,,,,,,,,,,,
policy_1m,SPY,2026-03-03 14:43:00+00:00,674.38,674.39,673.72,674.01,10392.0,error,intrabar_meta,atr_unavailable,,,,,,,,,,,,,,,,,,,,,,,,,,,,
policy_1m,SPY,2026-03-03 14:44:00+00:00,674.01,674.09,673.29,673.38,12566.0,error,intrabar_meta,atr_unavailable,,,,,,,,,,,,,,,,,,,,,,,,,,,,
policy_1m,SPY,2026-03-03 14:45:00+00:00,673.43,674.17,672.985,673.99,16113.0,error,intrabar_meta,atr_unavailable,,,,,,,,,,,,,,,,,,,,,,,,,,,,
policy_1m,SPY,2026-03-03 14:46:00+00:00,674.27,674.78,674.11,674.52,13289.0,hold,independent_meta,,0.0,0.0,0.0,0.0,,,0.0,0.0,,,,,,,,,,,,,,,,,,,,
policy_1m,SPY,2026-03-03 14:47:00+00:00,674.69,674.69,673.41,673.73,11304.0,error,intrabar_meta,atr_unavailable,,,,,,,,,,,,,,,,,,,,,,,,,,,,
policy_1m,SPY,2026-03-03 14:48:00+00:00,673.65,673.67,673.09,673.09,22493.0,error,intrabar_meta,atr_unavailable,,,,,,,,,,,,,,,,,,,,,,,,,,,,
policy_1m,SPY,2026-03-03 14:49:00+00:00,673.16,673.325,672.5,672.5,15628.0,error,intrabar_meta,atr_unavailable,,,,,,,,,,,,,,,,,,,,,,,,,,,,
policy_1m,SPY,2026-03-03 14:50:00+00:00,672.45,673.04,672.26,672.93,30045.0,error,intrabar_meta,atr_unavailable,,,,,,,,,,,,,,,,,,,,,,,,,,,,
meta_10m,SPY,2026-03-03 14:40:00+00:00,675.78,675.9,672.5,672.5,132864.0,,,,,,,,,,,,,,,policy_only,0.30179670453071594,0.5167006850242615,,0.46538403630256653,0.3631017804145813,0.006460424978286028,0.4557438790798187,0.3440648019313812,,,,,0.5,0.5,0.65,0.65
policy_1m,SPY,2026-03-03 14:51:00+00:00,672.92,673.9,672.92,673.175,16629.0,hold,independent_meta,,0.0,0.0,0.0,0.0,,,0.0,0.0,,,,,,,,,,,,,,,,,,,,
policy_1m,SPY,2026-03-03 14:52:00+00:00,673.24,673.7,672.9,673.15,9311.0,hold,independent_meta,,0.0,0.0,0.0,0.0,,,0.0,0.0,,,,,,,,,,,,,,,,,,,,
policy_1m,SPY,2026-03-03 14:53:00+00:00,672.98,673.59,672.96,673.46,7405.0,hold,independent_meta,,0.0,0.0,0.0,0.0,,,0.0,0.0,,,,,,,,,,,,,,,,,,,,
policy_1m,SPY,2026-03-03 14:54:00+00:00,673.47,673.5,672.68,673.31,16092.0,hold,independent_meta,,0.0,0.0,0.0,0.0,,,0.0,0.0,,,,,,,,,,,,,,,,,,,,
policy_1m,SPY,2026-03-03 14:55:00+00:00,673.02,673.4,672.68,673.21,7380.0,error,intrabar_meta,atr_unavailable,,,,,,,,,,,,,,,,,,,,,,,,,,,,
policy_1m,SPY,2026-03-03 14:56:00+00:00,673.21,673.26,672.64,672.86,8419.0,error,intrabar_meta,atr_unavailable,,,,,,,,,,,,,,,,,,,,,,,,,,,,
policy_1m,SPY,2026-03-03 14:57:00+00:00,672.75,672.95,672.42,672.77,10852.0,error,intrabar_meta,atr_unavailable,,,,,,,,,,,,,,,,,,,,,,,,,,,,
policy_1m,SPY,2026-03-03 14:58:00+00:00,672.63,672.63,671.97,672.09,9570.0,error,intrabar_meta,atr_unavailable,,,,,,,,,,,,,,,,,,,,,,,,,,,,
policy_1m,SPY,2026-03-03 14:59:00+00:00,672.27,672.56,672.03,672.4,8064.0,error,intrabar_meta,atr_unavailable,,,,,,,,,,,,,,,,,,,,,,,,,,,,
policy_1m,SPY,2026-03-03 15:00:00+00:00,672.34,673.82,672.22,672.9,22063.0,hold,independent_meta,,0.0,0.0,0.0,0.0,,,0.0,0.0,,,,,,,,,,,,,,,,,,,,
meta_10m,SPY,2026-03-03 14:50:00+00:00,672.45,673.9,671.97,672.4,123767.0,,,,,,,,,,,,,,,policy_only,0.4126100242137909,0.5397007465362549,,0.821688711643219,0.7911563515663147,0.016151288524270058,0.447719931602478,0.28702840209007263,,,,,0.5,0.5,0.65,0.65
policy_1m,SPY,2026-03-03 15:01:00+00:00,672.91,673.39,672.345,672.35,16373.0,error,intrabar_meta,atr_unavailable,,,,,,,,,,,,,,,,,,,,,,,,,,,,
policy_1m,SPY,2026-03-03 15:02:00+00:00,672.36,672.87,672.215,672.215,10611.0,error,intrabar_meta,atr_unavailable,,,,,,,,,,,,,,,,,,,,,,,,,,,,
policy_1m,SPY,2026-03-03 15:03:00+00:00,672.34,672.71,672.06,672.36,16580.0,hold,independent_meta,,0.0,0.0,0.0,0.0,,,0.0,0.0,,,,,,,,,,,,,,,,,,,,
policy_1m,SPY,2026-03-03 15:04:00+00:00,672.39,672.55,671.8,672.17,14141.0,error,intrabar_meta,atr_unavailable,,,,,,,,,,,,,,,,,,,,,,,,,,,,
policy_1m,SPY,2026-03-03 15:05:00+00:00,672.21,672.38,671.64,672.36,8882.0,hold,independent_meta,,0.0,0.0,0.0,0.0,,,0.0,0.0,,,,,,,,,,,,,,,,,,,,
policy_1m,SPY,2026-03-03 15:06:00+00:00,672.3,673.24,672.04,672.77,16572.0,hold,independent_meta,,0.0,0.0,0.0,0.0,,,0.0,0.0,,,,,,,,,,,,,,,,,,,,
policy_1m,SPY,2026-03-03 15:07:00+00:00,672.77,672.975,672.08,672.08,4733.0,error,intrabar_meta,atr_unavailable,,,,,,,,,,,,,,,,,,,,,,,,,,,,
policy_1m,SPY,2026-03-03 15:08:00+00:00,672.08,672.155,671.78,671.91,12345.0,error,intrabar_meta,atr_unavailable,,,,,,,,,,,,,,,,,,,,,,,,,,,,
policy_1m,SPY,2026-03-03 15:09:00+00:00,672.0,672.72,671.96,672.39,9095.0,hold,independent_meta,,0.0,0.0,0.0,0.0,,,0.0,0.0,,,,,,,,,,,,,,,,,,,,
policy_1m,SPY,2026-03-03 15:10:00+00:00,672.35,672.48,671.71,671.99,13435.0,error,intrabar_meta,atr_unavailable,,,,,,,,,,,,,,,,,,,,,,,,,,,,
meta_10m,SPY,2026-03-03 15:00:00+00:00,672.34,673.82,671.64,672.39,131395.0,,,,,,,,,,,,,,,policy_only,0.40626493096351624,0.4096808135509491,,,0.7600469589233398,0.06311321258544922,0.6413170695304871,0.17885711789131165,,,,,0.5,0.5,0.65,0.65
policy_1m,SPY,2026-03-03 15:11:00+00:00,672.035,673.01,672.01,672.54,12590.0,hold,independent_meta,,0.0,0.0,0.0,0.0,,,0.0,0.0,,,,,,,,,,,,,,,,,,,,
policy_1m,SPY,2026-03-03 15:12:00+00:00,672.51,673.55,672.39,672.84,18061.0,hold,independent_meta,,0.0,0.0,0.0,0.0,,,0.0,0.0,,,,,,,,,,,,,,,,,,,,
policy_1m,SPY,2026-03-03 15:13:00+00:00,672.85,672.94,672.38,672.54,15045.0,hold,independent_meta,,0.0,0.0,0.0,0.0,,,0.0,0.0,,,,,,,,,,,,,,,,,,,,
policy_1m,SPY,2026-03-03 15:14:00+00:00,672.46,673.0,672.4,672.59,8093.0,hold,independent_meta,,0.0,0.0,0.0,0.0,,,0.0,0.0,,,,,,,,,,,,,,,,,,,,
policy_1m,SPY,2026-03-03 15:15:00+00:00,672.62,672.95,672.38,672.44,13879.0,hold,independent_meta,,0.0,0.0,0.0,0.0,,,0.0,0.0,,,,,,,,,,,,,,,,,,,,
policy_1m,SPY,2026-03-03 15:16:00+00:00,672.41,672.46,671.64,671.78,14730.0,hold,independent_meta,,0.0,0.0,0.0,0.0,,,0.0,0.0,,,,,,,,,,,,,,,,,,,,
policy_1m,SPY,2026-03-03 15:17:00+00:00,671.79,671.81,671.37,671.49,9710.0,hold,independent_meta,,0.0,0.0,0.0,0.0,,,0.0,0.0,,,,,,,,,,,,,,,,,,,,
policy_1m,SPY,2026-03-03 15:18:00+00:00,671.49,671.55,670.89,670.99,9348.0,hold,independent_meta,,0.0,0.0,0.0,0.0,,,0.0,0.0,,,,,,,,,,,,,,,,,,,,
policy_1m,SPY,2026-03-03 15:19:00+00:00,671.01,671.255,670.96,671.07,17363.0,hold,independent_meta,,0.0,0.0,0.0,0.0,,,0.0,0.0,,,,,,,,,,,,,,,,,,,,
policy_1m,SPY,2026-03-03 15:20:00+00:00,671.05,671.09,670.63,670.65,11833.0,hold,independent_meta,,0.0,0.0,0.0,0.0,,,0.0,0.0,,,,,,,,,,,,,,,,,,,,
meta_10m,SPY,2026-03-03 15:10:00+00:00,672.35,673.55,670.89,671.07,132254.0,,,,,,,,,,,,,,,policy_only,0.5496841669082642,0.18638239800930023,,,0.4905795454978943,0.03853766620159149,0.6229918599128723,0.1589539498090744,,,,,0.5,0.5,0.65,0.65
policy_1m,SPY,2026-03-03 15:21:00+00:00,670.64,670.73,670.33,670.33,18278.0,hold,independent_meta,,0.0,0.0,0.0,0.0,,,0.0,0.0,,,,,,,,,,,,,,,,,,,,
policy_1m,SPY,2026-03-03 15:22:00+00:00,670.33,670.4,669.945,669.945,12402.0,hold,independent_meta,,0.0,0.0,0.0,0.0,,,0.0,0.0,,,,,,,,,,,,,,,,,,,,
policy_1m,SPY,2026-03-03 15:23:00+00:00,669.92,670.81,669.9,670.72,14292.0,error,intrabar_meta,atr_unavailable,,,,,,,,,,,,,,,,,,,,,,,,,,,,
policy_1m,SPY,2026-03-03 15:24:00+00:00,670.71,670.72,670.3,670.45,13148.0,hold,independent_meta,,0.0,0.0,0.0,0.0,,,0.0,0.0,,,,,,,,,,,,,,,,,,,,
policy_1m,SPY,2026-03-03 15:25:00+00:00,670.33,670.59,669.86,669.98,8161.0,hold,independent_meta,,0.0,0.0,0.0,0.0,,,0.0,0.0,,,,,,,,,,,,,,,,,,,,
policy_1m,SPY,2026-03-03 15:26:00+00:00,670.02,670.26,669.76,669.84,16360.0,hold,independent_meta,,0.0,0.0,0.0,0.0,,,0.0,0.0,,,,,,,,,,,,,,,,,,,,
policy_1m,SPY,2026-03-03 15:27:00+00:00,669.85,670.13,669.68,670.09,13140.0,error,intrabar_meta,atr_unavailable,,,,,,,,,,,,,,,,,,,,,,,,,,,,
policy_1m,SPY,2026-03-03 15:28:00+00:00,670.05,670.13,669.77,669.8,16352.0,hold,independent_meta,,0.0,0.0,0.0,0.0,,,0.0,0.0,,,,,,,,,,,,,,,,,,,,
policy_1m,SPY,2026-03-03 15:29:00+00:00,669.78,670.08,669.675,669.85,13567.0,hold,independent_meta,,0.0,0.0,0.0,0.0,,,0.0,0.0,,,,,,,,,,,,,,,,,,,,
policy_1m,SPY,2026-03-03 15:30:00+00:00,669.84,670.47,669.84,670.21,15386.0,error,intrabar_meta,atr_unavailable,,,,,,,,,,,,,,,,,,,,,,,,,,,,
meta_10m,SPY,2026-03-03 15:20:00+00:00,671.05,671.09,669.675,669.85,137533.0,,,,,,,,,,,,,,,policy_only,0.7526007294654846,0.10259106755256653,0.4719023108482361,,0.6615500450134277,0.004466028418391943,0.648429811000824,0.15795913338661194,,,,,0.5,0.5,0.65,0.65
policy_1m,SPY,2026-03-03 15:31:00+00:00,670.2,671.76,670.2,671.59,21012.0,error,intrabar_meta,atr_unavailable,,,,,,,,,,,,,,,,,,,,,,,,,,,,
policy_1m,SPY,2026-03-03 15:32:00+00:00,671.53,671.8,671.09,671.18,24726.0,error,intrabar_meta,atr_unavailable,,,,,,,,,,,,,,,,,,,,,,,,,,,,
policy_1m,SPY,2026-03-03 15:33:00+00:00,671.18,671.18,670.79,671.0,7954.0,hold,independent_meta,,0.0,0.0,0.0,0.0,,,0.0,0.0,,,,,,,,,,,,,,,,,,,,
policy_1m,SPY,2026-03-03 15:34:00+00:00,670.98,671.205,670.79,671.03,5635.0,hold,independent_meta,,0.0,0.0,0.0,0.0,,,0.0,0.0,,,,,,,,,,,,,,,,,,,,
policy_1m,SPY,2026-03-03 15:35:00+00:00,671.05,671.53,671.02,671.16,8797.0,error,intrabar_meta,atr_unavailable,,,,,,,,,,,,,,,,,,,,,,,,,,,,
policy_1m,SPY,2026-03-03 15:36:00+00:00,671.1,672.22,670.88,671.84,5099.0,error,intrabar_meta,atr_unavailable,,,,,,,,,,,,,,,,,,,,,,,,,,,,
policy_1m,SPY,2026-03-03 15:37:00+00:00,671.86,672.12,671.59,671.87,16213.0,error,intrabar_meta,atr_unavailable,,,,,,,,,,,,,,,,,,,,,,,,,,,,
policy_1m,SPY,2026-03-03 15:38:00+00:00,671.69,671.84,671.48,671.61,15943.0,error,intrabar_meta,atr_unavailable,,,,,,,,,,,,,,,,,,,,,,,,,,,,
policy_1m,SPY,2026-03-03 15:39:00+00:00,671.62,672.05,671.47,671.74,6954.0,error,intrabar_meta,atr_unavailable,,,,,,,,,,,,,,,,,,,,,,,,,,,,
policy_1m,SPY,2026-03-03 15:40:00+00:00,671.67,672.47,671.32,672.3,8777.0,error,intrabar_meta,atr_unavailable,,,,,,,,,,,,,,,,,,,,,,,,,,,,
meta_10m,SPY,2026-03-03 15:30:00+00:00,669.84,672.22,669.84,671.74,127719.0,,,,,,,,,,,,,,,policy_only,0.563851535320282,0.22377684712409973,0.2783670425415039,,0.19367694854736328,0.07131712883710861,0.8145857453346252,0.0861087441444397,,,,,0.5,0.5,0.65,0.65
policy_1m,SPY,2026-03-03 15:41:00+00:00,672.1,672.46,671.96,671.98,13089.0,hold,independent_meta,,0.0,0.0,0.0,0.0,,,0.0,0.0,,,,,,,,,,,,,,,,,,,,
policy_1m,SPY,2026-03-03 15:42:00+00:00,672.02,672.41,671.79,672.03,13615.0,error,intrabar_meta,atr_unavailable,,,,,,,,,,,,,,,,,,,,,,,,,,,,
policy_1m,SPY,2026-03-03 15:43:00+00:00,671.895,671.895,671.09,671.12,8800.0,hold,independent_meta,,0.0,0.0,0.0,0.0,,,0.0,0.0,,,,,,,,,,,,,,,,,,,,
policy_1m,SPY,2026-03-03 15:44:00+00:00,671.18,671.35,670.96,671.28,9941.0,hold,independent_meta,,0.0,0.0,0.0,0.0,,,0.0,0.0,,,,,,,,,,,,,,,,,,,,
policy_1m,SPY,2026-03-03 15:45:00+00:00,671.35,671.88,671.29,671.405,11743.0,error,intrabar_meta,atr_unavailable,,,,,,,,,,,,,,,,,,,,,,,,,,,,
policy_1m,SPY,2026-03-03 15:46:00+00:00,671.37,672.12,671.25,671.53,6324.0,error,intrabar_meta,atr_unavailable,,,,,,,,,,,,,,,,,,,,,,,,,,,,
policy_1m,SPY,2026-03-03 15:47:00+00:00,671.71,671.84,671.32,671.65,7914.0,error,intrabar_meta,atr_unavailable,,,,,,,,,,,,,,,,,,,,,,,,,,,,
policy_1m,SPY,2026-03-03 15:48:00+00:00,671.72,671.73,671.19,671.35,7393.0,error,intrabar_meta,atr_unavailable,,,,,,,,,,,,,,,,,,,,,,,,,,,,
policy_1m,SPY,2026-03-03 15:49:00+00:00,671.22,671.33,670.74,671.33,8312.0,hold,independent_meta,,0.0,0.0,0.0,0.0,,,0.0,0.0,,,,,,,,,,,,,,,,,,,,
policy_1m,SPY,2026-03-03 15:50:00+00:00,671.02,671.02,670.37,670.76,14288.0,hold,independent_meta,,0.0,0.0,0.0,0.0,,,0.0,0.0,,,,,,,,,,,,,,,,,,,,
meta_10m,SPY,2026-03-03 15:40:00+00:00,671.67,672.47,670.74,671.33,95908.0,,,,,,,,,,,,,,,policy_only,0.6632614135742188,0.08322226256132126,0.46397799253463745,,0.08975663036108017,0.3642803430557251,0.862419605255127,0.07230731099843979,,,,,0.5,0.5,0.65,0.65
policy_1m,SPY,2026-03-03 15:51:00+00:00,670.82,671.16,670.55,670.88,9376.0,hold,independent_meta,,0.0,0.0,0.0,0.0,,,0.0,0.0,,,,,,,,,,,,,,,,,,,,
policy_1m,SPY,2026-03-03 15:52:00+00:00,670.79,671.57,670.79,671.01,8725.0,error,intrabar_meta,atr_unavailable,,,,,,,,,,,,,,,,,,,,,,,,,,,,
policy_1m,SPY,2026-03-03 15:53:00+00:00,671.02,671.06,670.62,670.63,8782.0,hold,independent_meta,,0.0,0.0,0.0,0.0,,,0.0,0.0,,,,,,,,,,,,,,,,,,,,
policy_1m,SPY,2026-03-03 15:54:00+00:00,670.73,670.77,670.43,670.6,3354.0,hold,independent_meta,,0.0,0.0,0.0,0.0,,,0.0,0.0,,,,,,,,,,,,,,,,,,,,
policy_1m,SPY,2026-03-03 15:55:00+00:00,670.65,670.91,670.53,670.65,6968.0,error,intrabar_meta,atr_unavailable,,,,,,,,,,,,,,,,,,,,,,,,,,,,
policy_1m,SPY,2026-03-03 15:56:00+00:00,670.69,671.59,670.68,671.08,14857.0,error,intrabar_meta,atr_unavailable,,,,,,,,,,,,,,,,,,,,,,,,,,,,
policy_1m,SPY,2026-03-03 15:57:00+00:00,671.1,671.52,670.91,671.48,19337.0,error,intrabar_meta,atr_unavailable,,,,,,,,,,,,,,,,,,,,,,,,,,,,
policy_1m,SPY,2026-03-03 15:58:00+00:00,671.47,671.99,671.47,671.94,8471.0,error,intrabar_meta,atr_unavailable,,,,,,,,,,,,,,,,,,,,,,,,,,,,
policy_1m,SPY,2026-03-03 15:59:00+00:00,671.88,672.1,671.73,671.99,11685.0,error,intrabar_meta,atr_unavailable,,,,,,,,,,,,,,,,,,,,,,,,,,,,
policy_1m,SPY,2026-03-03 16:00:00+00:00,671.95,672.3,671.77,671.875,8745.0,error,intrabar_meta,atr_unavailable,,,,,,,,,,,,,,,,,,,,,,,,,,,,
meta_10m,SPY,2026-03-03 15:50:00+00:00,671.02,672.1,670.37,671.99,105843.0,,,,,,,,,,,,,,,policy_only,0.8366443514823914,0.025665132328867912,0.23097462952136993,,0.14339973032474518,0.2372778207063675,0.8988322615623474,0.03999163955450058,,,,,0.5,0.5,0.65,0.65
policy_1m,SPY,2026-03-03 16:01:00+00:00,671.79,672.26,671.76,671.93,5848.0,error,intrabar_meta,atr_unavailable,,,,,,,,,,,,,,,,,,,,,,,,,,,,
policy_1m,SPY,2026-03-03 16:02:00+00:00,671.92,672.21,671.795,671.89,4254.0,hold,independent_meta,,0.0,0.0,0.0,0.0,,,0.0,0.0,,,,,,,,,,,,,,,,,,,,
policy_1m,SPY,2026-03-03 16:03:00+00:00,671.93,672.71,671.93,672.6,9011.0,error,intrabar_meta,atr_unavailable,,,,,,,,,,,,,,,,,,,,,,,,,,,,
policy_1m,SPY,2026-03-03 16:04:00+00:00,672.55,673.525,672.43,673.47,33967.0,error,intrabar_meta,atr_unavailable,,,,,,,,,,,,,,,,,,,,,,,,,,,,
policy_1m,SPY,2026-03-03 16:05:00+00:00,673.46,674.23,673.44,674.19,14519.0,error,intrabar_meta,atr_unavailable,,,,,,,,,,,,,,,,,,,,,,,,,,,,
policy_1m,SPY,2026-03-03 16:06:00+00:00,674.16,674.62,673.92,674.26,10124.0,error,intrabar_meta,atr_unavailable,,,,,,,,,,,,,,,,,,,,,,,,,,,,
policy_1m,SPY,2026-03-03 16:07:00+00:00,674.3,674.42,674.07,674.25,11954.0,error,intrabar_meta,atr_unavailable,,,,,,,,,,,,,,,,,,,,,,,,,,,,
policy_1m,SPY,2026-03-03 16:08:00+00:00,674.25,674.91,674.12,674.79,10946.0,error,intrabar_meta,atr_unavailable,,,,,,,,,,,,,,,,,,,,,,,,,,,,
policy_1m,SPY,2026-03-03 16:09:00+00:00,674.77,674.85,674.3,674.57,10211.0,hold,independent_meta,,0.0,0.0,0.0,0.0,,,0.0,0.0,,,,,,,,,,,,,,,,,,,,
policy_1m,SPY,2026-03-03 16:10:00+00:00,674.6,674.74,674.47,674.61,3891.0,hold,independent_meta,,0.0,0.0,0.0,0.0,,,0.0,0.0,,,,,,,,,,,,,,,,,,,,
meta_10m,SPY,2026-03-03 16:00:00+00:00,671.95,674.91,671.76,674.57,119579.0,,,,,,,,,,,,,,,policy_only,0.8517060875892639,0.022076627239584923,0.6055058836936951,,0.025368617847561836,0.46498095989227295,0.8342179656028748,0.029476340860128403,,,,,0.5,0.5,0.65,0.65
policy_1m,SPY,2026-03-03 16:11:00+00:00,674.65,674.66,674.26,674.6,6608.0,hold,independent_meta,,0.0,0.0,0.0,0.0,,,0.0,0.0,,,,,,,,,,,,,,,,,,,,
policy_1m,SPY,2026-03-03 16:12:00+00:00,674.6,674.74,674.38,674.48,6750.0,hold,independent_meta,,0.0,0.0,0.0,0.0,,,0.0,0.0,,,,,,,,,,,,,,,,,,,,
policy_1m,SPY,2026-03-03 16:13:00+00:00,674.54,675.19,674.39,675.13,14744.0,error,intrabar_meta,atr_unavailable,,,,,,,,,,,,,,,,,,,,,,,,,,,,
policy_1m,SPY,2026-03-03 16:14:00+00:00,675.08,675.28,674.82,675.03,8247.0,hold,independent_meta,,0.0,0.0,0.0,0.0,,,0.0,0.0,,,,,,,,,,,,,,,,,,,,
policy_1m,SPY,2026-03-03 16:15:00+00:00,675.03,675.71,675.01,675.65,10357.0,error,intrabar_meta,atr_unavailable,,,,,,,,,,,,,,,,,,,,,,,,,,,,
policy_1m,SPY,2026-03-03 16:16:00+00:00,675.64,675.67,675.33,675.54,9134.0,hold,independent_meta,,0.0,0.0,0.0,0.0,,,0.0,0.0,,,,,,,,,,,,,,,,,,,,
policy_1m,SPY,2026-03-03 16:17:00+00:00,675.56,675.89,675.49,675.7,9080.0,error,intrabar_meta,atr_unavailable,,,,,,,,,,,,,,,,,,,,,,,,,,,,
policy_1m,SPY,2026-03-03 16:18:00+00:00,675.81,676.16,675.62,675.62,8748.0,hold,independent_meta,,0.0,0.0,0.0,0.0,,,0.0,0.0,,,,,,,,,,,,,,,,,,,,
policy_1m,SPY,2026-03-03 16:19:00+00:00,675.65,675.72,675.15,675.28,12071.0,hold,independent_meta,,0.0,0.0,0.0,0.0,,,0.0,0.0,,,,,,,,,,,,,,,,,,,,
policy_1m,SPY,2026-03-03 16:20:00+00:00,675.25,675.6,675.05,675.59,10472.0,hold,independent_meta,,0.0,0.0,0.0,0.0,,,0.0,0.0,,,,,,,,,,,,,,,,,,,,
meta_10m,SPY,2026-03-03 16:10:00+00:00,674.6,676.16,674.26,675.28,89630.0,,,,,,,,,,,,,,,policy_only,0.7880569696426392,0.02046572044491768,0.8877180218696594,,0.002769290003925562,0.6486247181892395,0.6794793009757996,0.07961177825927734,,,,,0.5,0.5,0.65,0.65
policy_1m,SPY,2026-03-03 16:21:00+00:00,675.62,675.62,675.02,675.42,7422.0,hold,independent_meta,,0.0,0.0,0.0,0.0,,,0.0,0.0,,,,,,,,,,,,,,,,,,,,
policy_1m,SPY,2026-03-03 16:22:00+00:00,675.43,676.01,675.14,675.64,11757.0,error,intrabar_meta,atr_unavailable,,,,,,,,,,,,,,,,,,,,,,,,,,,,
policy_1m,SPY,2026-03-03 16:23:00+00:00,675.61,676.16,675.58,676.14,7986.0,error,intrabar_meta,atr_unavailable,,,,,,,,,,,,,,,,,,,,,,,,,,,,
policy_1m,SPY,2026-03-03 16:24:00+00:00,676.09,676.35,675.77,676.33,10856.0,error,intrabar_meta,atr_unavailable,,,,,,,,,,,,,,,,,,,,,,,,,,,,
policy_1m,SPY,2026-03-03 16:25:00+00:00,676.47,676.58,676.15,676.52,10886.0,error,intrabar_meta,atr_unavailable,,,,,,,,,,,,,,,,,,,,,,,,,,,,
policy_1m,SPY,2026-03-03 16:26:00+00:00,676.51,676.525,675.92,676.15,12921.0,error,intrabar_meta,atr_unavailable,,,,,,,,,,,,,,,,,,,,,,,,,,,,
policy_1m,SPY,2026-03-03 16:27:00+00:00,676.24,676.44,675.97,676.03,8119.0,hold,independent_meta,,0.0,0.0,0.0,0.0,,,0.0,0.0,,,,,,,,,,,,,,,,,,,,
policy_1m,SPY,2026-03-03 16:28:00+00:00,676.07,676.25,675.81,676.06,7080.0,hold,independent_meta,,0.0,0.0,0.0,0.0,,,0.0,0.0,,,,,,,,,,,,,,,,,,,,
policy_1m,SPY,2026-03-03 16:29:00+00:00,676.07,676.25,675.93,676.01,4850.0,hold,independent_meta,,0.0,0.0,0.0,0.0,,,0.0,0.0,,,,,,,,,,,,,,,,,,,,
policy_1m,SPY,2026-03-03 16:30:00+00:00,675.99,676.05,675.46,675.61,13852.0,hold,independent_meta,,0.0,0.0,0.0,0.0,,,0.0,0.0,,,,,,,,,,,,,,,,,,,,
meta_10m,SPY,2026-03-03 16:20:00+00:00,675.25,676.58,675.02,676.01,92349.0,,,,,,,,,,,,,,,policy_only,0.43303757905960083,0.05599949508905411,,,0.004896603524684906,0.6291198134422302,0.2420787364244461,0.2539006769657135,,,,,0.5,0.5,0.65,0.65
policy_1m,SPY,2026-03-03 16:31:00+00:00,675.61,675.61,675.12,675.12,5426.0,hold,independent_meta,,0.0,0.0,0.0,0.0,,,0.0,0.0,,,,,,,,,,,,,,,,,,,,
policy_1m,SPY,2026-03-03 16:32:00+00:00,675.18,675.19,674.66,674.94,8677.0,hold,independent_meta,,0.0,0.0,0.0,0.0,,,0.0,0.0,,,,,,,,,,,,,,,,,,,,
policy_1m,SPY,2026-03-03 16:33:00+00:00,675.09,675.31,674.73,674.91,5788.0,hold,independent_meta,,0.0,0.0,0.0,0.0,,,0.0,0.0,,,,,,,,,,,,,,,,,,,,
policy_1m,SPY,2026-03-03 16:34:00+00:00,675.02,675.91,675.005,675.77,6324.0,hold,independent_meta,,0.0,0.0,0.0,0.0,,,0.0,0.0,,,,,,,,,,,,,,,,,,,,
policy_1m,SPY,2026-03-03 16:35:00+00:00,675.82,676.19,675.81,675.99,5577.0,hold,independent_meta,,0.0,0.0,0.0,0.0,,,0.0,0.0,,,,,,,,,,,,,,,,,,,,
policy_1m,SPY,2026-03-03 16:36:00+00:00,676.02,676.56,675.93,676.22,6770.0,hold,independent_meta,,0.0,0.0,0.0,0.0,,,0.0,0.0,,,,,,,,,,,,,,,,,,,,
policy_1m,SPY,2026-03-03 16:37:00+00:00,676.24,676.42,676.1,676.11,4707.0,hold,independent_meta,,0.0,0.0,0.0,0.0,,,0.0,0.0,,,,,,,,,,,,,,,,,,,,
policy_1m,SPY,2026-03-03 16:38:00+00:00,675.9,675.9,675.57,675.75,6024.0,hold,independent_meta,,0.0,0.0,0.0,0.0,,,0.0,0.0,,,,,,,,,,,,,,,,,,,,
policy_1m,SPY,2026-03-03 16:39:00+00:00,675.96,676.09,675.74,676.09,3210.0,hold,independent_meta,,0.0,0.0,0.0,0.0,,,0.0,0.0,,,,,,,,,,,,,,,,,,,,
policy_1m,SPY,2026-03-03 16:40:00+00:00,676.03,676.17,675.76,676.13,4742.0,hold,independent_meta,,0.0,0.0,0.0,0.0,,,0.0,0.0,,,,,,,,,,,,,,,,,,,,
meta_10m,SPY,2026-03-03 16:30:00+00:00,675.99,676.56,674.66,676.09,66355.0,,,,,,,,,,,,,,,policy_only,0.7151519656181335,0.025477664545178413,,,0.05507601797580719,0.2551363408565521,0.4999655485153198,0.04531899467110634,,,,,0.5,0.5,0.65,0.65
policy_1m,SPY,2026-03-03 16:41:00+00:00,676.21,676.28,676.08,676.12,4170.0,hold,independent_meta,,0.0,0.0,0.0,0.0,,,0.0,0.0,,,,,,,,,,,,,,,,,,,,
policy_1m,SPY,2026-03-03 16:42:00+00:00,676.04,676.08,675.42,675.76,4780.0,hold,independent_meta,,0.0,0.0,0.0,0.0,,,0.0,0.0,,,,,,,,,,,,,,,,,,,,
policy_1m,SPY,2026-03-03 16:43:00+00:00,675.8,676.8,675.31,676.55,13537.0,error,intrabar_meta,atr_unavailable,,,,,,,,,,,,,,,,,,,,,,,,,,,,
policy_1m,SPY,2026-03-03 16:44:00+00:00,676.55,676.785,676.295,676.67,8257.0,error,intrabar_meta,atr_unavailable,,,,,,,,,,,,,,,,,,,,,,,,,,,,
policy_1m,SPY,2026-03-03 16:45:00+00:00,676.69,677.45,676.68,677.29,15740.0,error,intrabar_meta,atr_unavailable,,,,,,,,,,,,,,,,,,,,,,,,,,,,
policy_1m,SPY,2026-03-03 16:46:00+00:00,677.33,678.425,677.33,678.32,9216.0,error,intrabar_meta,atr_unavailable,,,,,,,,,,,,,,,,,,,,,,,,,,,,
policy_1m,SPY,2026-03-03 16:47:00+00:00,678.31,678.34,677.8,677.85,12989.0,error,intrabar_meta,atr_unavailable,,,,,,,,,,,,,,,,,,,,,,,,,,,,
policy_1m,SPY,2026-03-03 16:48:00+00:00,677.83,677.97,677.33,677.76,9219.0,hold,independent_meta,,0.0,0.0,0.0,0.0,,,0.0,0.0,,,,,,,,,,,,,,,,,,,,
policy_1m,SPY,2026-03-03 16:49:00+00:00,677.78,677.78,676.99,677.45,17319.0,hold,independent_meta,,0.0,0.0,0.0,0.0,,,0.0,0.0,,,,,,,,,,,,,,,,,,,,
policy_1m,SPY,2026-03-03 16:50:00+00:00,677.57,677.79,677.25,677.46,5892.0,hold,independent_meta,,0.0,0.0,0.0,0.0,,,0.0,0.0,,,,,,,,,,,,,,,,,,,,
meta_10m,SPY,2026-03-03 16:40:00+00:00,676.03,678.425,675.31,677.45,99969.0,,,,,,,,,,,,,,,policy_only,0.2281913459300995,0.15083174407482147,0.6439220309257507,,0.017770882695913315,0.5703748464584351,0.3117493987083435,0.1432706117630005,,,,,0.5,0.5,0.65,0.65
policy_1m,SPY,2026-03-03 16:51:00+00:00,677.62,677.72,677.25,677.38,7877.0,hold,independent_meta,,0.0,0.0,0.0,0.0,,,0.0,0.0,,,,,,,,,,,,,,,,,,,,
policy_1m,SPY,2026-03-03 16:52:00+00:00,677.43,677.74,677.3,677.66,3395.0,hold,independent_meta,,0.0,0.0,0.0,0.0,,,0.0,0.0,,,,,,,,,,,,,,,,,,,,
policy_1m,SPY,2026-03-03 16:53:00+00:00,677.63,677.92,677.6,677.91,6177.0,hold,independent_meta,,0.0,0.0,0.0,0.0,,,0.0,0.0,,,,,,,,,,,,,,,,,,,,
policy_1m,SPY,2026-03-03 16:54:00+00:00,677.79,677.84,677.62,677.83,5051.0,hold,independent_meta,,0.0,0.0,0.0,0.0,,,0.0,0.0,,,,,,,,,,,,,,,,,,,,
policy_1m,SPY,2026-03-03 16:55:00+00:00,678.0,678.08,677.72,678.08,5225.0,hold,independent_meta,,0.0,0.0,0.0,0.0,,,0.0,0.0,,,,,,,,,,,,,,,,,,,,
policy_1m,SPY,2026-03-03 16:56:00+00:00,678.18,678.27,677.83,678.21,6077.0,hold,independent_meta,,0.0,0.0,0.0,0.0,,,0.0,0.0,,,,,,,,,,,,,,,,,,,,
policy_1m,SPY,2026-03-03 16:57:00+00:00,678.21,678.21,677.83,677.91,5298.0,hold,independent_meta,,0.0,0.0,0.0,0.0,,,0.0,0.0,,,,,,,,,,,,,,,,,,,,
policy_1m,SPY,2026-03-03 16:58:00+00:00,678.01,678.12,677.72,677.72,8523.0,hold,independent_meta,,0.0,0.0,0.0,0.0,,,0.0,0.0,,,,,,,,,,,,,,,,,,,,
policy_1m,SPY,2026-03-03 16:59:00+00:00,677.76,677.84,677.37,677.52,5655.0,hold,independent_meta,,0.0,0.0,0.0,0.0,,,0.0,0.0,,,,,,,,,,,,,,,,,,,,
policy_1m,SPY,2026-03-03 17:00:00+00:00,677.57,677.87,677.35,677.59,5580.0,hold,independent_meta,,0.0,0.0,0.0,0.0,,,0.0,0.0,,,,,,,,,,,,,,,,,,,,
meta_10m,SPY,2026-03-03 16:50:00+00:00,677.57,678.27,677.25,677.52,59170.0,,,,,,,,,,,,,,,policy_only,0.5498142242431641,0.06167348101735115,0.6253024935722351,,1.6266736565739848e-05,0.01711207628250122,0.591830313205719,0.06417707353830338,,,,,0.5,0.5,0.65,0.65
policy_1m,SPY,2026-03-03 17:01:00+00:00,677.48,677.55,676.91,677.1,7266.0,hold,independent_meta,,0.0,0.0,0.0,0.0,,,0.0,0.0,,,,,,,,,,,,,,,,,,,,
policy_1m,SPY,2026-03-03 17:02:00+00:00,677.07,677.43,676.89,677.39,6644.0,hold,independent_meta,,0.0,0.0,0.0,0.0,,,0.0,0.0,,,,,,,,,,,,,,,,,,,,
policy_1m,SPY,2026-03-03 17:03:00+00:00,677.45,677.45,677.07,677.09,4034.0,hold,independent_meta,,0.0,0.0,0.0,0.0,,,0.0,0.0,,,,,,,,,,,,,,,,,,,,
policy_1m,SPY,2026-03-03 17:04:00+00:00,677.13,677.45,676.99,677.45,3465.0,open_long,independent_meta,,1.0,1.0,1.0,0.0,.SIM_SPY_260303_C_680,,1.0,0.0,,,,,,,,,,,,,,,,,,,,
policy_1m,SPY,2026-03-03 17:05:00+00:00,677.43,677.7,677.27,677.38,5274.0,hold,independent_meta,,1.0,1.0,1.0,0.0,.SIM_SPY_260303_C_680,,1.0,0.0,,,,,,,,,,,,,,,,,,,,
policy_1m,SPY,2026-03-03 17:06:00+00:00,677.28,677.75,677.28,677.75,2200.0,hold,independent_meta,,1.0,1.0,1.0,0.0,.SIM_SPY_260303_C_680,,1.0,0.0,,,,,,,,,,,,,,,,,,,,
policy_1m,SPY,2026-03-03 17:07:00+00:00,677.8,677.8,677.17,677.3,4819.0,hold,independent_meta,,1.0,1.0,1.0,0.0,.SIM_SPY_260303_C_680,,1.0,0.0,,,,,,,,,,,,,,,,,,,,
policy_1m,SPY,2026-03-03 17:08:00+00:00,677.22,677.41,676.98,676.98,5770.0,hold,independent_meta,,1.0,1.0,1.0,0.0,.SIM_SPY_260303_C_680,,1.0,0.0,,,,,,,,,,,,,,,,,,,,
policy_1m,SPY,2026-03-03 17:09:00+00:00,677.07,677.07,676.68,676.81,6371.0,hold,independent_meta,,1.0,1.0,1.0,0.0,.SIM_SPY_260303_C_680,,1.0,0.0,,,,,,,,,,,,,,,,,,,,
policy_1m,SPY,2026-03-03 17:10:00+00:00,676.81,677.08,676.71,676.86,5878.0,hold,independent_meta,,1.0,1.0,1.0,0.0,.SIM_SPY_260303_C_680,,1.0,0.0,,,,,,,,,,,,,,,,,,,,
meta_10m,SPY,2026-03-03 17:00:00+00:00,677.57,677.87,676.68,676.81,51423.0,,,,,,,,,,,,,,,policy_only,0.9449386596679688,0.008512522093951702,0.8602238297462463,,0.003990240395069122,0.15525132417678833,0.9371257424354553,0.008939775638282299,,,,,0.5,0.5,0.65,0.65
policy_1m,SPY,2026-03-03 17:11:00+00:00,676.83,677.07,676.59,676.64,3631.0,close_long,independent_meta,,0.0,0.0,0.0,0.0,,,0.0,0.0,,,,,,,,,,,,,,,,,,,,
policy_1m,SPY,2026-03-03 17:12:00+00:00,676.8,676.915,676.42,676.71,9212.0,hold,independent_meta,,0.0,0.0,0.0,0.0,,,0.0,0.0,,,,,,,,,,,,,,,,,,,,
policy_1m,SPY,2026-03-03 17:13:00+00:00,676.74,676.94,676.63,676.63,3662.0,hold,independent_meta,,0.0,0.0,0.0,0.0,,,0.0,0.0,,,,,,,,,,,,,,,,,,,,
policy_1m,SPY,2026-03-03 17:14:00+00:00,676.68,677.125,676.585,677.125,8326.0,hold,independent_meta,,0.0,0.0,0.0,0.0,,,0.0,0.0,,,,,,,,,,,,,,,,,,,,
policy_1m,SPY,2026-03-03 17:15:00+00:00,677.12,677.13,676.94,677.09,2812.0,hold,independent_meta,,0.0,0.0,0.0,0.0,,,0.0,0.0,,,,,,,,,,,,,,,,,,,,
policy_1m,SPY,2026-03-03 17:16:00+00:00,677.21,677.35,676.73,676.73,3562.0,hold,independent_meta,,0.0,0.0,0.0,0.0,,,0.0,0.0,,,,,,,,,,,,,,,,,,,,
policy_1m,SPY,2026-03-03 17:17:00+00:00,676.8,677.16,676.77,677.14,3938.0,hold,independent_meta,,0.0,0.0,0.0,0.0,,,0.0,0.0,,,,,,,,,,,,,,,,,,,,
policy_1m,SPY,2026-03-03 17:18:00+00:00,677.03,677.66,677.03,677.5,4762.0,hold,independent_meta,,0.0,0.0,0.0,0.0,,,0.0,0.0,,,,,,,,,,,,,,,,,,,,
policy_1m,SPY,2026-03-03 17:19:00+00:00,677.47,677.64,677.44,677.57,4849.0,hold,independent_meta,,0.0,0.0,0.0,0.0,,,0.0,0.0,,,,,,,,,,,,,,,,,,,,
policy_1m,SPY,2026-03-03 17:20:00+00:00,677.66,677.73,676.94,677.16,4656.0,hold,independent_meta,,0.0,0.0,0.0,0.0,,,0.0,0.0,,,,,,,,,,,,,,,,,,,,
meta_10m,SPY,2026-03-03 17:10:00+00:00,676.81,677.66,676.42,677.57,50632.0,,,,,,,,,,,,,,,policy_only,0.9142112731933594,0.013612515293061733,,,0.4674704670906067,0.15987783670425415,0.9101089239120483,0.007139140740036964,,,,,0.5,0.5,0.65,0.65
policy_1m,SPY,2026-03-03 17:21:00+00:00,677.11,677.57,677.05,677.57,3308.0,hold,independent_meta,,0.0,0.0,0.0,0.0,,,0.0,0.0,,,,,,,,,,,,,,,,,,,,
policy_1m,SPY,2026-03-03 17:22:00+00:00,677.51,677.965,677.42,677.83,3548.0,hold,independent_meta,,0.0,0.0,0.0,0.0,,,0.0,0.0,,,,,,,,,,,,,,,,,,,,
policy_1m,SPY,2026-03-03 17:23:00+00:00,677.95,678.23,677.91,677.96,12667.0,hold,independent_meta,,0.0,0.0,0.0,0.0,,,0.0,0.0,,,,,,,,,,,,,,,,,,,,
policy_1m,SPY,2026-03-03 17:24:00+00:00,677.99,678.26,677.94,678.26,8984.0,hold,independent_meta,,0.0,0.0,0.0,0.0,,,0.0,0.0,,,,,,,,,,,,,,,,,,,,
policy_1m,SPY,2026-03-03 17:25:00+00:00,678.22,678.46,678.05,678.25,7362.0,hold,independent_meta,,0.0,0.0,0.0,0.0,,,0.0,0.0,,,,,,,,,,,,,,,,,,,,
policy_1m,SPY,2026-03-03 17:26:00+00:00,678.25,678.25,677.78,678.01,8418.0,hold,independent_meta,,0.0,0.0,0.0,0.0,,,0.0,0.0,,,,,,,,,,,,,,,,,,,,
policy_1m,SPY,2026-03-03 17:27:00+00:00,678.03,678.14,677.75,677.98,3916.0,hold,independent_meta,,0.0,0.0,0.0,0.0,,,0.0,0.0,,,,,,,,,,,,,,,,,,,,
policy_1m,SPY,2026-03-03 17:28:00+00:00,677.97,678.3,677.93,678.28,4854.0,hold,independent_meta,,0.0,0.0,0.0,0.0,,,0.0,0.0,,,,,,,,,,,,,,,,,,,,
policy_1m,SPY,2026-03-03 17:29:00+00:00,678.33,678.41,678.3,678.35,6442.0,hold,independent_meta,,0.0,0.0,0.0,0.0,,,0.0,0.0,,,,,,,,,,,,,,,,,,,,
policy_1m,SPY,2026-03-03 17:30:00+00:00,678.23,678.23,677.845,677.91,7537.0,hold,independent_meta,,0.0,0.0,0.0,0.0,,,0.0,0.0,,,,,,,,,,,,,,,,,,,,
meta_10m,SPY,2026-03-03 17:20:00+00:00,677.66,678.46,676.94,678.35,64155.0,,,,,,,,,,,,,,,policy_only,0.9061583876609802,0.012776226736605167,0.08143887668848038,,0.02821304276585579,0.30913838744163513,0.8704212307929993,0.007801536004990339,,,,,0.5,0.5,0.65,0.65
policy_1m,SPY,2026-03-03 17:31:00+00:00,677.89,677.89,677.3,677.33,7256.0,hold,independent_meta,,0.0,0.0,0.0,0.0,,,0.0,0.0,,,,,,,,,,,,,,,,,,,,
policy_1m,SPY,2026-03-03 17:32:00+00:00,677.25,677.395,677.0,677.0,3988.0,hold,independent_meta,,0.0,0.0,0.0,0.0,,,0.0,0.0,,,,,,,,,,,,,,,,,,,,
policy_1m,SPY,2026-03-03 17:33:00+00:00,677.05,677.11,676.67,676.79,10420.0,hold,independent_meta,,0.0,0.0,0.0,0.0,,,0.0,0.0,,,,,,,,,,,,,,,,,,,,
policy_1m,SPY,2026-03-03 17:34:00+00:00,676.77,676.77,676.35,676.5,9111.0,hold,independent_meta,,0.0,0.0,0.0,0.0,,,0.0,0.0,,,,,,,,,,,,,,,,,,,,
policy_1m,SPY,2026-03-03 17:35:00+00:00,676.45,676.54,676.16,676.48,12325.0,hold,independent_meta,,0.0,0.0,0.0,0.0,,,0.0,0.0,,,,,,,,,,,,,,,,,,,,
policy_1m,SPY,2026-03-03 17:36:00+00:00,676.42,677.01,676.18,676.97,13384.0,hold,independent_meta,,0.0,0.0,0.0,0.0,,,0.0,0.0,,,,,,,,,,,,,,,,,,,,
policy_1m,SPY,2026-03-03 17:37:00+00:00,677.0,677.01,676.66,676.73,3052.0,hold,independent_meta,,0.0,0.0,0.0,0.0,,,0.0,0.0,,,,,,,,,,,,,,,,,,,,
policy_1m,SPY,2026-03-03 17:38:00+00:00,676.96,676.96,676.53,676.6,6206.0,hold,independent_meta,,0.0,0.0,0.0,0.0,,,0.0,0.0,,,,,,,,,,,,,,,,,,,,
policy_1m,SPY,2026-03-03 17:39:00+00:00,676.59,676.75,676.56,676.7,5952.0,hold,independent_meta,,0.0,0.0,0.0,0.0,,,0.0,0.0,,,,,,,,,,,,,,,,,,,,
policy_1m,SPY,2026-03-03 17:40:00+00:00,676.82,677.38,676.75,677.38,5107.0,hold,independent_meta,,0.0,0.0,0.0,0.0,,,0.0,0.0,,,,,,,,,,,,,,,,,,,,
meta_10m,SPY,2026-03-03 17:30:00+00:00,678.23,678.23,676.16,676.7,79231.0,,,,,,,,,,,,,,,policy_only,0.9738839864730835,0.002836517756804824,0.44274047017097473,,0.38606157898902893,0.05532637611031532,0.9551449418067932,0.005975672043859959,,,,,0.5,0.5,0.65,0.65
policy_1m,SPY,2026-03-03 17:41:00+00:00,677.34,677.45,676.98,677.01,1419.0,hold,independent_meta,,0.0,0.0,0.0,0.0,,,0.0,0.0,,,,,,,,,,,,,,,,,,,,
policy_1m,SPY,2026-03-03 17:42:00+00:00,677.0,677.53,677.0,677.53,3609.0,hold,independent_meta,,0.0,0.0,0.0,0.0,,,0.0,0.0,,,,,,,,,,,,,,,,,,,,
policy_1m,SPY,2026-03-03 17:43:00+00:00,677.6,678.24,677.56,678.17,9762.0,hold,independent_meta,,0.0,0.0,0.0,0.0,,,0.0,0.0,,,,,,,,,,,,,,,,,,,,
policy_1m,SPY,2026-03-03 17:44:00+00:00,678.15,678.4,678.07,678.3,8502.0,hold,independent_meta,,0.0,0.0,0.0,0.0,,,0.0,0.0,,,,,,,,,,,,,,,,,,,,
policy_1m,SPY,2026-03-03 17:45:00+00:00,678.22,678.34,678.06,678.185,9983.0,hold,independent_meta,,0.0,0.0,0.0,0.0,,,0.0,0.0,,,,,,,,,,,,,,,,,,,,
policy_1m,SPY,2026-03-03 17:46:00+00:00,678.11,678.19,677.74,677.77,7959.0,hold,independent_meta,,0.0,0.0,0.0,0.0,,,0.0,0.0,,,,,,,,,,,,,,,,,,,,
policy_1m,SPY,2026-03-03 17:47:00+00:00,677.77,677.95,677.76,677.95,4562.0,hold,independent_meta,,0.0,0.0,0.0,0.0,,,0.0,0.0,,,,,,,,,,,,,,,,,,,,
policy_1m,SPY,2026-03-03 17:48:00+00:00,677.95,678.09,677.87,678.03,5250.0,hold,independent_meta,,0.0,0.0,0.0,0.0,,,0.0,0.0,,,,,,,,,,,,,,,,,,,,
policy_1m,SPY,2026-03-03 17:49:00+00:00,678.05,678.46,678.05,678.24,3482.0,hold,independent_meta,,0.0,0.0,0.0,0.0,,,0.0,0.0,,,,,,,,,,,,,,,,,,,,
policy_1m,SPY,2026-03-03 17:50:00+00:00,678.27,678.29,677.995,678.11,9565.0,hold,independent_meta,,0.0,0.0,0.0,0.0,,,0.0,0.0,,,,,,,,,,,,,,,,,,,,
meta_10m,SPY,2026-03-03 17:40:00+00:00,676.82,678.46,676.75,678.24,59635.0,,,,,,,,,,,,,,,policy_only,0.9479804635047913,0.00830509327352047,0.06715666502714157,,0.06603802740573883,0.26076388359069824,0.9677847027778625,0.0032065059058368206,,,,,0.5,0.5,0.65,0.65
policy_1m,SPY,2026-03-03 17:51:00+00:00,678.1,678.3,678.03,678.04,7140.0,hold,independent_meta,,0.0,0.0,0.0,0.0,,,0.0,0.0,,,,,,,,,,,,,,,,,,,,
policy_1m,SPY,2026-03-03 17:52:00+00:00,678.22,678.23,677.86,678.16,4681.0,hold,independent_meta,,0.0,0.0,0.0,0.0,,,0.0,0.0,,,,,,,,,,,,,,,,,,,,
policy_1m,SPY,2026-03-03 17:53:00+00:00,678.15,678.15,677.25,677.36,4386.0,hold,independent_meta,,0.0,0.0,0.0,0.0,,,0.0,0.0,,,,,,,,,,,,,,,,,,,,
policy_1m,SPY,2026-03-03 17:54:00+00:00,677.43,677.43,676.91,677.065,3678.0,hold,independent_meta,,0.0,0.0,0.0,0.0,,,0.0,0.0,,,,,,,,,,,,,,,,,,,,
policy_1m,SPY,2026-03-03 17:55:00+00:00,677.04,677.36,676.88,677.34,5135.0,hold,independent_meta,,0.0,0.0,0.0,0.0,,,0.0,0.0,,,,,,,,,,,,,,,,,,,,
policy_1m,SPY,2026-03-03 17:56:00+00:00,677.32,677.5,677.26,677.31,2757.0,hold,independent_meta,,0.0,0.0,0.0,0.0,,,0.0,0.0,,,,,,,,,,,,,,,,,,,,
policy_1m,SPY,2026-03-03 17:57:00+00:00,677.35,677.67,677.25,677.67,1762.0,hold,independent_meta,,0.0,0.0,0.0,0.0,,,0.0,0.0,,,,,,,,,,,,,,,,,,,,
policy_1m,SPY,2026-03-03 17:58:00+00:00,677.59,677.69,677.46,677.46,1467.0,hold,independent_meta,,0.0,0.0,0.0,0.0,,,0.0,0.0,,,,,,,,,,,,,,,,,,,,
policy_1m,SPY,2026-03-03 17:59:00+00:00,677.4,677.62,677.36,677.37,3229.0,hold,independent_meta,,0.0,0.0,0.0,0.0,,,0.0,0.0,,,,,,,,,,,,,,,,,,,,
policy_1m,SPY,2026-03-03 18:00:00+00:00,677.47,678.13,677.47,678.13,3279.0,hold,independent_meta,,0.0,0.0,0.0,0.0,,,0.0,0.0,,,,,,,,,,,,,,,,,,,,
meta_10m,SPY,2026-03-03 17:50:00+00:00,678.27,678.3,676.88,677.37,43800.0,,,,,,,,,,,,,,,policy_only,0.9525115489959717,0.007428341545164585,0.5975492000579834,,0.0020422448869794607,0.009392554871737957,0.9632190465927124,0.006391469389200211,,,,,0.5,0.5,0.65,0.65
policy_1m,SPY,2026-03-03 18:01:00+00:00,678.21,678.69,678.16,678.62,2658.0,hold,independent_meta,,0.0,0.0,0.0,0.0,,,0.0,0.0,,,,,,,,,,,,,,,,,,,,
policy_1m,SPY,2026-03-03 18:02:00+00:00,678.65,678.77,678.52,678.52,3423.0,hold,independent_meta,,0.0,0.0,0.0,0.0,,,0.0,0.0,,,,,,,,,,,,,,,,,,,,
policy_1m,SPY,2026-03-03 18:03:00+00:00,678.52,678.52,678.14,678.35,5471.0,hold,independent_meta,,0.0,0.0,0.0,0.0,,,0.0,0.0,,,,,,,,,,,,,,,,,,,,
policy_1m,SPY,2026-03-03 18:04:00+00:00,678.3,678.45,678.15,678.44,4493.0,hold,independent_meta,,0.0,0.0,0.0,0.0,,,0.0,0.0,,,,,,,,,,,,,,,,,,,,
policy_1m,SPY,2026-03-03 18:05:00+00:00,678.5,678.5,678.215,678.32,2589.0,hold,independent_meta,,0.0,0.0,0.0,0.0,,,0.0,0.0,,,,,,,,,,,,,,,,,,,,
policy_1m,SPY,2026-03-03 18:06:00+00:00,678.33,678.67,678.33,678.53,4300.0,hold,independent_meta,,0.0,0.0,0.0,0.0,,,0.0,0.0,,,,,,,,,,,,,,,,,,,,
policy_1m,SPY,2026-03-03 18:07:00+00:00,678.52,678.74,678.33,678.62,3291.0,hold,independent_meta,,0.0,0.0,0.0,0.0,,,0.0,0.0,,,,,,,,,,,,,,,,,,,,
policy_1m,SPY,2026-03-03 18:08:00+00:00,678.71,678.89,678.71,678.86,2239.0,hold,independent_meta,,0.0,0.0,0.0,0.0,,,0.0,0.0,,,,,,,,,,,,,,,,,,,,
policy_1m,SPY,2026-03-03 18:09:00+00:00,678.8,678.83,678.51,678.83,1119.0,hold,independent_meta,,0.0,0.0,0.0,0.0,,,0.0,0.0,,,,,,,,,,,,,,,,,,,,
policy_1m,SPY,2026-03-03 18:10:00+00:00,678.86,678.86,678.44,678.58,4488.0,hold,independent_meta,,0.0,0.0,0.0,0.0,,,0.0,0.0,,,,,,,,,,,,,,,,,,,,
meta_10m,SPY,2026-03-03 18:00:00+00:00,677.47,678.89,677.47,678.83,32862.0,,,,,,,,,,,,,,,policy_only,0.9364441633224487,0.005946388002485037,0.04973921179771423,,0.009464227594435215,0.1889883577823639,0.9657460451126099,0.00707172229886055,,,,,0.5,0.5,0.65,0.65
policy_1m,SPY,2026-03-03 18:11:00+00:00,678.71,678.8,678.24,678.4,4095.0,hold,independent_meta,,0.0,0.0,0.0,0.0,,,0.0,0.0,,,,,,,,,,,,,,,,,,,,
policy_1m,SPY,2026-03-03 18:12:00+00:00,678.44,678.59,678.44,678.5,5204.0,hold,independent_meta,,0.0,0.0,0.0,0.0,,,0.0,0.0,,,,,,,,,,,,,,,,,,,,
policy_1m,SPY,2026-03-03 18:13:00+00:00,678.33,678.44,677.84,677.84,4387.0,hold,independent_meta,,0.0,0.0,0.0,0.0,,,0.0,0.0,,,,,,,,,,,,,,,,,,,,
policy_1m,SPY,2026-03-03 18:14:00+00:00,677.82,678.09,677.63,678.08,5975.0,hold,independent_meta,,0.0,0.0,0.0,0.0,,,0.0,0.0,,,,,,,,,,,,,,,,,,,,
policy_1m,SPY,2026-03-03 18:15:00+00:00,678.1,678.37,678.08,678.37,2900.0,hold,independent_meta,,0.0,0.0,0.0,0.0,,,0.0,0.0,,,,,,,,,,,,,,,,,,,,
policy_1m,SPY,2026-03-03 18:16:00+00:00,678.41,678.58,678.36,678.38,2922.0,hold,independent_meta,,0.0,0.0,0.0,0.0,,,0.0,0.0,,,,,,,,,,,,,,,,,,,,
policy_1m,SPY,2026-03-03 18:17:00+00:00,678.52,678.79,678.46,678.725,2766.0,hold,independent_meta,,0.0,0.0,0.0,0.0,,,0.0,0.0,,,,,,,,,,,,,,,,,,,,
policy_1m,SPY,2026-03-03 18:18:00+00:00,678.7,678.71,678.43,678.625,2677.0,hold,independent_meta,,0.0,0.0,0.0,0.0,,,0.0,0.0,,,,,,,,,,,,,,,,,,,,
policy_1m,SPY,2026-03-03 18:19:00+00:00,678.64,678.79,678.48,678.66,6433.0,hold,independent_meta,,0.0,0.0,0.0,0.0,,,0.0,0.0,,,,,,,,,,,,,,,,,,,,
policy_1m,SPY,2026-03-03 18:20:00+00:00,678.67,679.43,678.64,679.17,7364.0,hold,independent_meta,,0.0,0.0,0.0,0.0,,,0.0,0.0,,,,,,,,,,,,,,,,,,,,
meta_10m,SPY,2026-03-03 18:10:00+00:00,678.86,678.86,677.63,678.66,41847.0,,,,,,,,,,,,,,,policy_only,0.9289579391479492,0.007741341833025217,0.17923152446746826,,0.00024532925453968346,0.012970325537025928,0.975514829158783,0.010335724800825119,,,,,0.5,0.5,0.65,0.65
policy_1m,SPY,2026-03-03 18:21:00+00:00,679.2,679.34,679.12,679.34,5845.0,hold,independent_meta,,0.0,0.0,0.0,0.0,,,0.0,0.0,,,,,,,,,,,,,,,,,,,,
policy_1m,SPY,2026-03-03 18:22:00+00:00,679.4,679.93,679.39,679.66,13911.0,hold,independent_meta,,0.0,0.0,0.0,0.0,,,0.0,0.0,,,,,,,,,,,,,,,,,,,,
policy_1m,SPY,2026-03-03 18:23:00+00:00,679.68,680.035,679.63,680.035,5709.0,hold,independent_meta,,0.0,0.0,0.0,0.0,,,0.0,0.0,,,,,,,,,,,,,,,,,,,,
policy_1m,SPY,2026-03-03 18:24:00+00:00,679.94,680.06,679.88,679.96,6818.0,hold,independent_meta,,0.0,0.0,0.0,0.0,,,0.0,0.0,,,,,,,,,,,,,,,,,,,,
policy_1m,SPY,2026-03-03 18:25:00+00:00,679.92,680.01,679.78,679.78,8820.0,hold,independent_meta,,0.0,0.0,0.0,0.0,,,0.0,0.0,,,,,,,,,,,,,,,,,,,,
policy_1m,SPY,2026-03-03 18:26:00+00:00,679.87,680.19,679.87,680.12,7447.0,hold,independent_meta,,0.0,0.0,0.0,0.0,,,0.0,0.0,,,,,,,,,,,,,,,,,,,,
policy_1m,SPY,2026-03-03 18:27:00+00:00,680.19,680.265,680.07,680.09,4886.0,hold,independent_meta,,0.0,0.0,0.0,0.0,,,0.0,0.0,,,,,,,,,,,,,,,,,,,,
policy_1m,SPY,2026-03-03 18:28:00+00:00,680.18,680.41,680.07,680.08,4944.0,hold,independent_meta,,0.0,0.0,0.0,0.0,,,0.0,0.0,,,,,,,,,,,,,,,,,,,,
policy_1m,SPY,2026-03-03 18:29:00+00:00,680.06,680.15,679.77,679.82,7985.0,hold,independent_meta,,0.0,0.0,0.0,0.0,,,0.0,0.0,,,,,,,,,,,,,,,,,,,,
policy_1m,SPY,2026-03-03 18:30:00+00:00,679.795,679.9,679.71,679.89,3873.0,hold,independent_meta,,0.0,0.0,0.0,0.0,,,0.0,0.0,,,,,,,,,,,,,,,,,,,,
meta_10m,SPY,2026-03-03 18:20:00+00:00,678.67,680.41,678.64,679.82,73729.0,,,,,,,,,,,,,,,policy_only,0.8957405090332031,0.007497568614780903,0.15488135814666748,,0.0028991729486733675,0.642681896686554,0.8846086859703064,0.03432704508304596,,,,,0.5,0.5,0.65,0.65
policy_1m,SPY,2026-03-03 18:31:00+00:00,679.92,680.14,679.82,680.13,3995.0,hold,independent_meta,,0.0,0.0,0.0,0.0,,,0.0,0.0,,,,,,,,,,,,,,,,,,,,
policy_1m,SPY,2026-03-03 18:32:00+00:00,680.07,680.32,679.91,680.32,4503.0,hold,independent_meta,,0.0,0.0,0.0,0.0,,,0.0,0.0,,,,,,,,,,,,,,,,,,,,
policy_1m,SPY,2026-03-03 18:33:00+00:00,680.34,680.77,680.27,680.6,4732.0,hold,independent_meta,,0.0,0.0,0.0,0.0,,,0.0,0.0,,,,,,,,,,,,,,,,,,,,
policy_1m,SPY,2026-03-03 18:34:00+00:00,680.66,680.7,680.46,680.63,2116.0,hold,independent_meta,,0.0,0.0,0.0,0.0,,,0.0,0.0,,,,,,,,,,,,,,,,,,,,
policy_1m,SPY,2026-03-03 18:35:00+00:00,680.51,680.75,680.27,680.47,11305.0,hold,independent_meta,,0.0,0.0,0.0,0.0,,,0.0,0.0,,,,,,,,,,,,,,,,,,,,
policy_1m,SPY,2026-03-03 18:36:00+00:00,680.59,680.82,680.32,680.82,3869.0,hold,independent_meta,,0.0,0.0,0.0,0.0,,,0.0,0.0,,,,,,,,,,,,,,,,,,,,
policy_1m,SPY,2026-03-03 18:37:00+00:00,680.86,680.99,680.71,680.89,6154.0,hold,independent_meta,,0.0,0.0,0.0,0.0,,,0.0,0.0,,,,,,,,,,,,,,,,,,,,
policy_1m,SPY,2026-03-03 18:38:00+00:00,680.89,681.31,680.75,681.24,5158.0,hold,independent_meta,,0.0,0.0,0.0,0.0,,,0.0,0.0,,,,,,,,,,,,,,,,,,,,
policy_1m,SPY,2026-03-03 18:39:00+00:00,681.24,681.345,681.13,681.23,6444.0,hold,independent_meta,,0.0,0.0,0.0,0.0,,,0.0,0.0,,,,,,,,,,,,,,,,,,,,
policy_1m,SPY,2026-03-03 18:40:00+00:00,681.36,681.51,681.23,681.425,5732.0,hold,independent_meta,,0.0,0.0,0.0,0.0,,,0.0,0.0,,,,,,,,,,,,,,,,,,,,
meta_10m,SPY,2026-03-03 18:30:00+00:00,679.795,681.345,679.71,681.23,52149.0,,,,,,,,,,,,,,,policy_only,0.13878104090690613,0.22542405128479004,0.2624207139015198,,0.0006003573071211576,0.5361322164535522,0.08156795054674149,0.5492656230926514,,,,,0.5,0.5,0.65,0.65
policy_1m,SPY,2026-03-03 18:41:00+00:00,681.45,681.85,681.42,681.485,8781.0,hold,independent_meta,,0.0,0.0,0.0,0.0,,,0.0,0.0,,,,,,,,,,,,,,,,,,,,
policy_1m,SPY,2026-03-03 18:42:00+00:00,681.55,681.74,681.43,681.49,11186.0,hold,independent_meta,,0.0,0.0,0.0,0.0,,,0.0,0.0,,,,,,,,,,,,,,,,,,,,
policy_1m,SPY,2026-03-03 18:43:00+00:00,681.52,681.65,681.18,681.57,14028.0,hold,independent_meta,,0.0,0.0,0.0,0.0,,,0.0,0.0,,,,,,,,,,,,,,,,,,,,
policy_1m,SPY,2026-03-03 18:44:00+00:00,681.35,681.35,680.87,681.09,11932.0,hold,independent_meta,,0.0,0.0,0.0,0.0,,,0.0,0.0,,,,,,,,,,,,,,,,,,,,
policy_1m,SPY,2026-03-03 18:45:00+00:00,681.13,681.13,680.68,680.68,9900.0,hold,independent_meta,,0.0,0.0,0.0,0.0,,,0.0,0.0,,,,,,,,,,,,,,,,,,,,
policy_1m,SPY,2026-03-03 18:46:00+00:00,680.75,680.87,680.67,680.73,3926.0,hold,independent_meta,,0.0,0.0,0.0,0.0,,,0.0,0.0,,,,,,,,,,,,,,,,,,,,
policy_1m,SPY,2026-03-03 18:47:00+00:00,680.75,680.81,680.51,680.69,7816.0,hold,independent_meta,,0.0,0.0,0.0,0.0,,,0.0,0.0,,,,,,,,,,,,,,,,,,,,
policy_1m,SPY,2026-03-03 18:48:00+00:00,680.66,680.86,680.53,680.86,3252.0,hold,independent_meta,,0.0,0.0,0.0,0.0,,,0.0,0.0,,,,,,,,,,,,,,,,,,,,
policy_1m,SPY,2026-03-03 18:49:00+00:00,680.88,681.47,680.86,681.38,5886.0,hold,independent_meta,,0.0,0.0,0.0,0.0,,,0.0,0.0,,,,,,,,,,,,,,,,,,,,
policy_1m,SPY,2026-03-03 18:50:00+00:00,681.4,681.66,681.22,681.66,5847.0,hold,independent_meta,,0.0,0.0,0.0,0.0,,,0.0,0.0,,,,,,,,,,,,,,,,,,,,
meta_10m,SPY,2026-03-03 18:40:00+00:00,681.36,681.85,680.51,681.38,82439.0,,,,,,,,,,,,,,,policy_only,0.07839864492416382,0.44843968749046326,0.6384037733078003,,0.0008109930204227567,0.7283153533935547,0.06890976428985596,0.6115125417709351,,,,,0.5,0.5,0.65,0.65
policy_1m,SPY,2026-03-03 18:51:00+00:00,681.65,681.89,681.6,681.83,6389.0,hold,independent_meta,,0.0,0.0,0.0,0.0,,,0.0,0.0,,,,,,,,,,,,,,,,,,,,
policy_1m,SPY,2026-03-03 18:52:00+00:00,681.84,681.84,681.51,681.71,7190.0,hold,independent_meta,,0.0,0.0,0.0,0.0,,,0.0,0.0,,,,,,,,,,,,,,,,,,,,
policy_1m,SPY,2026-03-03 18:53:00+00:00,681.72,681.72,681.42,681.42,4411.0,hold,independent_meta,,0.0,0.0,0.0,0.0,,,0.0,0.0,,,,,,,,,,,,,,,,,,,,
policy_1m,SPY,2026-03-03 18:54:00+00:00,681.38,681.66,681.305,681.42,7653.0,hold,independent_meta,,0.0,0.0,0.0,0.0,,,0.0,0.0,,,,,,,,,,,,,,,,,,,,
policy_1m,SPY,2026-03-03 18:55:00+00:00,681.33,681.34,680.97,681.05,4614.0,hold,independent_meta,,0.0,0.0,0.0,0.0,,,0.0,0.0,,,,,,,,,,,,,,,,,,,,
policy_1m,SPY,2026-03-03 18:56:00+00:00,680.93,681.48,680.93,681.36,5981.0,hold,independent_meta,,0.0,0.0,0.0,0.0,,,0.0,0.0,,,,,,,,,,,,,,,,,,,,
policy_1m,SPY,2026-03-03 18:57:00+00:00,681.38,681.58,681.32,681.46,4668.0,hold,independent_meta,,0.0,0.0,0.0,0.0,,,0.0,0.0,,,,,,,,,,,,,,,,,,,,
policy_1m,SPY,2026-03-03 18:58:00+00:00,681.39,681.51,681.35,681.42,2720.0,hold,independent_meta,,0.0,0.0,0.0,0.0,,,0.0,0.0,,,,,,,,,,,,,,,,,,,,
policy_1m,SPY,2026-03-03 18:59:00+00:00,681.37,681.47,681.14,681.25,4748.0,hold,independent_meta,,0.0,0.0,0.0,0.0,,,0.0,0.0,,,,,,,,,,,,,,,,,,,,
policy_1m,SPY,2026-03-03 19:00:00+00:00,681.27,681.45,681.23,681.23,2803.0,hold,independent_meta,,0.0,0.0,0.0,0.0,,,0.0,0.0,,,,,,,,,,,,,,,,,,,,
meta_10m,SPY,2026-03-03 18:50:00+00:00,681.4,681.89,680.93,681.25,54221.0,,,,,,,,,,,,,,,policy_only,0.056566111743450165,0.4531082510948181,0.8897154927253723,,0.000458445749245584,0.7463750243186951,0.06421814113855362,0.6055085062980652,,,,,0.5,0.5,0.65,0.65
policy_1m,SPY,2026-03-03 19:01:00+00:00,681.19,681.41,681.15,681.33,7090.0,hold,independent_meta,,0.0,0.0,0.0,0.0,,,0.0,0.0,,,,,,,,,,,,,,,,,,,,
policy_1m,SPY,2026-03-03 19:02:00+00:00,681.25,681.27,680.84,680.84,6749.0,hold,independent_meta,,0.0,0.0,0.0,0.0,,,0.0,0.0,,,,,,,,,,,,,,,,,,,,
policy_1m,SPY,2026-03-03 19:03:00+00:00,680.84,681.37,680.84,681.29,5441.0,hold,independent_meta,,0.0,0.0,0.0,0.0,,,0.0,0.0,,,,,,,,,,,,,,,,,,,,
policy_1m,SPY,2026-03-03 19:04:00+00:00,681.21,681.47,681.08,681.21,6191.0,hold,independent_meta,,0.0,0.0,0.0,0.0,,,0.0,0.0,,,,,,,,,,,,,,,,,,,,
policy_1m,SPY,2026-03-03 19:05:00+00:00,681.26,681.26,681.1,681.135,1223.0,hold,independent_meta,,0.0,0.0,0.0,0.0,,,0.0,0.0,,,,,,,,,,,,,,,,,,,,
policy_1m,SPY,2026-03-03 19:06:00+00:00,681.04,681.11,680.71,680.86,10246.0,hold,independent_meta,,0.0,0.0,0.0,0.0,,,0.0,0.0,,,,,,,,,,,,,,,,,,,,
policy_1m,SPY,2026-03-03 19:07:00+00:00,680.83,680.83,680.37,680.46,5515.0,hold,independent_meta,,0.0,0.0,0.0,0.0,,,0.0,0.0,,,,,,,,,,,,,,,,,,,,
policy_1m,SPY,2026-03-03 19:08:00+00:00,680.47,680.61,680.37,680.39,6113.0,hold,independent_meta,,0.0,0.0,0.0,0.0,,,0.0,0.0,,,,,,,,,,,,,,,,,,,,
policy_1m,SPY,2026-03-03 19:09:00+00:00,680.41,680.425,680.005,680.07,15924.0,hold,independent_meta,,0.0,0.0,0.0,0.0,,,0.0,0.0,,,,,,,,,,,,,,,,,,,,
policy_1m,SPY,2026-03-03 19:10:00+00:00,680.1,680.24,679.72,679.89,12000.0,hold,independent_meta,,0.0,0.0,0.0,0.0,,,0.0,0.0,,,,,,,,,,,,,,,,,,,,
meta_10m,SPY,2026-03-03 19:00:00+00:00,681.27,681.47,680.005,680.07,67295.0,,,,,,,,,,,,,,,policy_only,0.5082595348358154,0.07138274610042572,,,0.056946057826280594,0.1678614467382431,0.695886492729187,0.12649193406105042,,,,,0.5,0.5,0.65,0.65
policy_1m,SPY,2026-03-03 19:11:00+00:00,679.95,680.39,679.67,680.38,15916.0,open_long,independent_meta,,1.0,1.0,1.0,0.0,.SIM_SPY_260304_C_682,,1.0,0.0,,,,,,,,,,,,,,,,,,,,
policy_1m,SPY,2026-03-03 19:12:00+00:00,680.33,680.33,680.11,680.22,11671.0,hold,independent_meta,,1.0,1.0,1.0,0.0,.SIM_SPY_260304_C_682,,1.0,0.0,,,,,,,,,,,,,,,,,,,,
policy_1m,SPY,2026-03-03 19:13:00+00:00,680.06,680.46,679.99,680.37,8343.0,hold,independent_meta,,1.0,1.0,1.0,0.0,.SIM_SPY_260304_C_682,,1.0,0.0,,,,,,,,,,,,,,,,,,,,
policy_1m,SPY,2026-03-03 19:14:00+00:00,680.36,680.66,680.36,680.52,8724.0,hold,independent_meta,,1.0,1.0,1.0,0.0,.SIM_SPY_260304_C_682,,1.0,0.0,,,,,,,,,,,,,,,,,,,,
policy_1m,SPY,2026-03-03 19:15:00+00:00,680.59,681.15,680.48,681.15,7255.0,hold,independent_meta,,1.0,1.0,1.0,0.0,.SIM_SPY_260304_C_682,,1.0,0.0,,,,,,,,,,,,,,,,,,,,
policy_1m,SPY,2026-03-03 19:16:00+00:00,681.06,681.06,680.64,680.73,6531.0,hold,independent_meta,,1.0,1.0,1.0,0.0,.SIM_SPY_260304_C_682,,1.0,0.0,,,,,,,,,,,,,,,,,,,,
policy_1m,SPY,2026-03-03 19:17:00+00:00,680.77,680.94,680.69,680.83,3420.0,hold,independent_meta,,1.0,1.0,1.0,0.0,.SIM_SPY_260304_C_682,,1.0,0.0,,,,,,,,,,,,,,,,,,,,
policy_1m,SPY,2026-03-03 19:18:00+00:00,680.88,681.02,680.86,680.91,2500.0,hold,independent_meta,,1.0,1.0,1.0,0.0,.SIM_SPY_260304_C_682,,1.0,0.0,,,,,,,,,,,,,,,,,,,,
policy_1m,SPY,2026-03-03 19:19:00+00:00,680.88,680.94,680.78,680.94,3526.0,hold,independent_meta,,1.0,1.0,1.0,0.0,.SIM_SPY_260304_C_682,,1.0,0.0,,,,,,,,,,,,,,,,,,,,
policy_1m,SPY,2026-03-03 19:20:00+00:00,681.045,681.49,681.045,681.32,6750.0,hold,independent_meta,,1.0,1.0,1.0,0.0,.SIM_SPY_260304_C_682,,1.0,0.0,,,,,,,,,,,,,,,,,,,,
meta_10m,SPY,2026-03-03 19:10:00+00:00,680.1,681.15,679.67,680.94,79886.0,,,,,,,,,,,,,,,policy_only,0.14457660913467407,0.15390893816947937,0.18892844021320343,,0.4988650381565094,0.16183623671531677,0.12849920988082886,0.2777171730995178,,,,,0.5,0.5,0.65,0.65
policy_1m,SPY,2026-03-03 19:21:00+00:00,681.35,681.46,681.27,681.34,6745.0,hold,independent_meta,,1.0,1.0,1.0,0.0,.SIM_SPY_260304_C_682,,1.0,0.0,,,,,,,,,,,,,,,,,,,,
policy_1m,SPY,2026-03-03 19:22:00+00:00,681.35,681.48,681.14,681.48,4059.0,hold,independent_meta,,1.0,1.0,1.0,0.0,.SIM_SPY_260304_C_682,,1.0,0.0,,,,,,,,,,,,,,,,,,,,
policy_1m,SPY,2026-03-03 19:23:00+00:00,681.46,681.52,681.24,681.24,3717.0,hold,independent_meta,,1.0,1.0,1.0,0.0,.SIM_SPY_260304_C_682,,1.0,0.0,,,,,,,,,,,,,,,,,,,,
policy_1m,SPY,2026-03-03 19:24:00+00:00,681.31,681.32,680.97,680.97,3798.0,hold,independent_meta,,1.0,1.0,1.0,0.0,.SIM_SPY_260304_C_682,,1.0,0.0,,,,,,,,,,,,,,,,,,,,
policy_1m,SPY,2026-03-03 19:25:00+00:00,680.92,681.05,680.73,681.05,7057.0,hold,independent_meta,,1.0,1.0,1.0,0.0,.SIM_SPY_260304_C_682,,1.0,0.0,,,,,,,,,,,,,,,,,,,,
policy_1m,SPY,2026-03-03 19:26:00+00:00,681.03,681.09,680.77,680.77,2761.0,hold,independent_meta,,1.0,1.0,1.0,0.0,.SIM_SPY_260304_C_682,,1.0,0.0,,,,,,,,,,,,,,,,,,,,
policy_1m,SPY,2026-03-03 19:27:00+00:00,680.79,680.79,680.62,680.62,5372.0,hold,independent_meta,,1.0,1.0,1.0,0.0,.SIM_SPY_260304_C_682,,1.0,0.0,,,,,,,,,,,,,,,,,,,,
policy_1m,SPY,2026-03-03 19:28:00+00:00,680.65,680.89,680.43,680.48,4967.0,hold,independent_meta,,1.0,1.0,1.0,0.0,.SIM_SPY_260304_C_682,,1.0,0.0,,,,,,,,,,,,,,,,,,,,
policy_1m,SPY,2026-03-03 19:29:00+00:00,680.48,680.76,680.42,680.5,4069.0,hold,independent_meta,,1.0,1.0,1.0,0.0,.SIM_SPY_260304_C_682,,1.0,0.0,,,,,,,,,,,,,,,,,,,,
policy_1m,SPY,2026-03-03 19:30:00+00:00,680.45,680.71,680.31,680.58,5860.0,hold,independent_meta,,1.0,1.0,1.0,0.0,.SIM_SPY_260304_C_682,,1.0,0.0,,,,,,,,,,,,,,,,,,,,
meta_10m,SPY,2026-03-03 19:20:00+00:00,681.045,681.52,680.42,680.5,49295.0,,,,,,,,,,,,,,,policy_only,0.44746869802474976,0.11771328002214432,0.8719934821128845,,0.009995543397963047,0.2656160593032837,0.5375238060951233,0.17421281337738037,,,,,0.5,0.5,0.65,0.65
policy_1m,SPY,2026-03-03 19:31:00+00:00,680.56,680.68,680.39,680.55,3645.0,hold,independent_meta,,1.0,1.0,1.0,0.0,.SIM_SPY_260304_C_682,,1.0,0.0,,,,,,,,,,,,,,,,,,,,
policy_1m,SPY,2026-03-03 19:32:00+00:00,680.42,680.53,680.23,680.23,4714.0,close_long,independent_meta,,0.0,0.0,0.0,0.0,,,0.0,0.0,,,,,,,,,,,,,,,,,,,,
policy_1m,SPY,2026-03-03 19:33:00+00:00,680.28,680.3,679.77,679.78,5813.0,hold,independent_meta,,0.0,0.0,0.0,0.0,,,0.0,0.0,,,,,,,,,,,,,,,,,,,,
policy_1m,SPY,2026-03-03 19:34:00+00:00,679.77,679.87,679.47,679.665,10247.0,hold,independent_meta,,0.0,0.0,0.0,0.0,,,0.0,0.0,,,,,,,,,,,,,,,,,,,,
policy_1m,SPY,2026-03-03 19:35:00+00:00,679.63,679.69,679.32,679.42,8155.0,hold,independent_meta,,0.0,0.0,0.0,0.0,,,0.0,0.0,,,,,,,,,,,,,,,,,,,,
policy_1m,SPY,2026-03-03 19:36:00+00:00,679.52,679.79,679.47,679.605,7042.0,hold,independent_meta,,0.0,0.0,0.0,0.0,,,0.0,0.0,,,,,,,,,,,,,,,,,,,,
policy_1m,SPY,2026-03-03 19:37:00+00:00,679.78,681.62,679.66,681.58,22887.0,hold,independent_meta,,0.0,0.0,0.0,0.0,,,0.0,0.0,,,,,,,,,,,,,,,,,,,,
policy_1m,SPY,2026-03-03 19:38:00+00:00,681.49,681.75,681.13,681.14,7823.0,hold,independent_meta,,0.0,0.0,0.0,0.0,,,0.0,0.0,,,,,,,,,,,,,,,,,,,,
policy_1m,SPY,2026-03-03 19:39:00+00:00,681.15,681.18,680.77,680.95,11571.0,hold,independent_meta,,0.0,0.0,0.0,0.0,,,0.0,0.0,,,,,,,,,,,,,,,,,,,,
policy_1m,SPY,2026-03-03 19:40:00+00:00,680.82,681.39,680.82,681.09,3993.0,hold,independent_meta,,0.0,0.0,0.0,0.0,,,0.0,0.0,,,,,,,,,,,,,,,,,,,,
meta_10m,SPY,2026-03-03 19:30:00+00:00,680.45,681.75,679.32,680.95,87757.0,,,,,,,,,,,,,,,policy_only,0.2851845920085907,0.16185897588729858,,,0.07361790537834167,0.39911940693855286,0.3553512692451477,0.24067117273807526,,,,,0.5,0.5,0.65,0.65
policy_1m,SPY,2026-03-03 19:41:00+00:00,681.19,681.72,681.19,681.58,3928.0,hold,independent_meta,,0.0,0.0,0.0,0.0,,,0.0,0.0,,,,,,,,,,,,,,,,,,,,
policy_1m,SPY,2026-03-03 19:42:00+00:00,681.55,681.93,681.51,681.93,4212.0,hold,independent_meta,,0.0,0.0,0.0,0.0,,,0.0,0.0,,,,,,,,,,,,,,,,,,,,
policy_1m,SPY,2026-03-03 19:43:00+00:00,681.87,681.87,681.29,681.4,8634.0,hold,independent_meta,,0.0,0.0,0.0,0.0,,,0.0,0.0,,,,,,,,,,,,,,,,,,,,
policy_1m,SPY,2026-03-03 19:44:00+00:00,681.36,682.0,681.36,681.91,6207.0,hold,independent_meta,,0.0,0.0,0.0,0.0,,,0.0,0.0,,,,,,,,,,,,,,,,,,,,
policy_1m,SPY,2026-03-03 19:45:00+00:00,681.86,682.41,681.86,682.18,9357.0,hold,independent_meta,,0.0,0.0,0.0,0.0,,,0.0,0.0,,,,,,,,,,,,,,,,,,,,
policy_1m,SPY,2026-03-03 19:46:00+00:00,682.24,682.58,682.24,682.45,9003.0,hold,independent_meta,,0.0,0.0,0.0,0.0,,,0.0,0.0,,,,,,,,,,,,,,,,,,,,
policy_1m,SPY,2026-03-03 19:47:00+00:00,682.39,682.56,682.06,682.47,6158.0,hold,independent_meta,,0.0,0.0,0.0,0.0,,,0.0,0.0,,,,,,,,,,,,,,,,,,,,
policy_1m,SPY,2026-03-03 19:48:00+00:00,682.43,682.56,682.09,682.09,5453.0,hold,independent_meta,,0.0,0.0,0.0,0.0,,,0.0,0.0,,,,,,,,,,,,,,,,,,,,
policy_1m,SPY,2026-03-03 19:49:00+00:00,682.02,682.14,681.87,682.11,7335.0,hold,independent_meta,,0.0,0.0,0.0,0.0,,,0.0,0.0,,,,,,,,,,,,,,,,,,,,
policy_1m,SPY,2026-03-03 19:50:00+00:00,682.01,682.26,681.8,682.2,14317.0,hold,independent_meta,,0.0,0.0,0.0,0.0,,,0.0,0.0,,,,,,,,,,,,,,,,,,,,
meta_10m,SPY,2026-03-03 19:40:00+00:00,680.82,682.58,680.82,682.11,64280.0,,,,,,,,,,,,,,,policy_only,0.09249219298362732,0.6799215078353882,,,0.00466146832332015,0.5705283880233765,0.05498126149177551,0.7431365251541138,,,,,0.5,0.5,0.65,0.65
policy_1m,SPY,2026-03-03 19:51:00+00:00,682.26,682.37,681.99,681.99,3461.0,open_short,independent_meta,,-1.0,-1.0,0.0,1.0,,.SIM_SPY_260304_P_680,0.0,1.0,,,,,,,,,,,,,,,,,,,,
policy_1m,SPY,2026-03-03 19:52:00+00:00,681.96,681.96,681.42,681.6,2014.0,hold,independent_meta,,-1.0,-1.0,0.0,1.0,,.SIM_SPY_260304_P_680,0.0,1.0,,,,,,,,,,,,,,,,,,,,
policy_1m,SPY,2026-03-03 19:53:00+00:00,681.69,681.69,680.96,680.98,4073.0,hold,independent_meta,,-1.0,-1.0,0.0,1.0,,.SIM_SPY_260304_P_680,0.0,1.0,,,,,,,,,,,,,,,,,,,,
policy_1m,SPY,2026-03-03 19:54:00+00:00,680.92,681.515,680.88,681.46,7173.0,hold,independent_meta,,-1.0,-1.0,0.0,1.0,,.SIM_SPY_260304_P_680,0.0,1.0,,,,,,,,,,,,,,,,,,,,
policy_1m,SPY,2026-03-03 19:55:00+00:00,681.43,681.5,681.02,681.15,3059.0,hold,independent_meta,,-1.0,-1.0,0.0,1.0,,.SIM_SPY_260304_P_680,0.0,1.0,,,,,,,,,,,,,,,,,,,,
policy_1m,SPY,2026-03-03 19:56:00+00:00,681.03,681.03,680.75,680.94,4683.0,hold,independent_meta,,-1.0,-1.0,0.0,1.0,,.SIM_SPY_260304_P_680,0.0,1.0,,,,,,,,,,,,,,,,,,,,
policy_1m,SPY,2026-03-03 19:57:00+00:00,680.96,681.3,680.86,681.03,1969.0,hold,independent_meta,,-1.0,-1.0,0.0,1.0,,.SIM_SPY_260304_P_680,0.0,1.0,,,,,,,,,,,,,,,,,,,,
policy_1m,SPY,2026-03-03 19:58:00+00:00,681.04,681.28,681.02,681.28,1493.0,hold,independent_meta,,-1.0,-1.0,0.0,1.0,,.SIM_SPY_260304_P_680,0.0,1.0,,,,,,,,,,,,,,,,,,,,
policy_1m,SPY,2026-03-03 19:59:00+00:00,681.26,681.42,681.17,681.25,1741.0,hold,independent_meta,,-1.0,-1.0,0.0,1.0,,.SIM_SPY_260304_P_680,0.0,1.0,,,,,,,,,,,,,,,,,,,,
policy_1m,SPY,2026-03-03 20:00:00+00:00,681.32,681.32,680.94,680.94,4384.0,hold,independent_meta,,-1.0,-1.0,0.0,1.0,,.SIM_SPY_260304_P_680,0.0,1.0,,,,,,,,,,,,,,,,,,,,
meta_10m,SPY,2026-03-03 19:50:00+00:00,682.01,682.37,680.75,681.25,43983.0,,,,,,,,,,,,,,,policy_only,0.21395349502563477,0.3871668577194214,,0.19114308059215546,0.008599568158388138,0.21794003248214722,0.35571742057800293,0.32623404264450073,,,,,0.5,0.5,0.65,0.65
policy_1m,SPY,2026-03-03 20:01:00+00:00,680.9,681.94,680.9,681.855,4254.0,hold,independent_meta,,-1.0,-1.0,0.0,1.0,,.SIM_SPY_260304_P_680,0.0,1.0,,,,,,,,,,,,,,,,,,,,
policy_1m,SPY,2026-03-03 20:02:00+00:00,681.87,681.87,681.1,681.3,8019.0,hold,independent_meta,,-1.0,-1.0,0.0,1.0,,.SIM_SPY_260304_P_680,0.0,1.0,,,,,,,,,,,,,,,,,,,,
policy_1m,SPY,2026-03-03 20:03:00+00:00,681.36,681.43,681.12,681.22,3119.0,hold,independent_meta,,-1.0,-1.0,0.0,1.0,,.SIM_SPY_260304_P_680,0.0,1.0,,,,,,,,,,,,,,,,,,,,
policy_1m,SPY,2026-03-03 20:04:00+00:00,681.22,681.29,681.01,681.11,3973.0,hold,independent_meta,,-1.0,-1.0,0.0,1.0,,.SIM_SPY_260304_P_680,0.0,1.0,,,,,,,,,,,,,,,,,,,,
policy_1m,SPY,2026-03-03 20:05:00+00:00,681.11,681.12,680.86,680.98,7341.0,hold,independent_meta,,-1.0,-1.0,0.0,1.0,,.SIM_SPY_260304_P_680,0.0,1.0,,,,,,,,,,,,,,,,,,,,
policy_1m,SPY,2026-03-03 20:06:00+00:00,681.01,681.06,680.81,681.06,5296.0,hold,independent_meta,,-1.0,-1.0,0.0,1.0,,.SIM_SPY_260304_P_680,0.0,1.0,,,,,,,,,,,,,,,,,,,,
policy_1m,SPY,2026-03-03 20:07:00+00:00,681.11,681.58,681.08,681.39,3451.0,hold,independent_meta,,-1.0,-1.0,0.0,1.0,,.SIM_SPY_260304_P_680,0.0,1.0,,,,,,,,,,,,,,,,,,,,
policy_1m,SPY,2026-03-03 20:08:00+00:00,681.32,681.4,681.18,681.38,3743.0,hold,independent_meta,,-1.0,-1.0,0.0,1.0,,.SIM_SPY_260304_P_680,0.0,1.0,,,,,,,,,,,,,,,,,,,,
policy_1m,SPY,2026-03-03 20:09:00+00:00,681.45,681.55,681.23,681.45,2437.0,hold,independent_meta,,-1.0,-1.0,0.0,1.0,,.SIM_SPY_260304_P_680,0.0,1.0,,,,,,,,,,,,,,,,,,,,
policy_1m,SPY,2026-03-03 20:10:00+00:00,681.47,681.68,681.365,681.63,3128.0,hold,independent_meta,,-1.0,-1.0,0.0,1.0,,.SIM_SPY_260304_P_680,0.0,1.0,,,,,,,,,,,,,,,,,,,,
meta_10m,SPY,2026-03-03 20:00:00+00:00,681.32,681.94,680.81,681.45,46017.0,,,,,,,,,,,,,,,policy_only,0.2044445425271988,0.4146963059902191,,0.34350472688674927,0.0008196153794415295,0.029853329062461853,0.48928046226501465,0.17897121608257294,,,,,0.5,0.5,0.65,0.65
policy_1m,SPY,2026-03-03 20:11:00+00:00,681.67,681.78,681.5,681.64,6038.0,hold,independent_meta,,-1.0,-1.0,0.0,1.0,,.SIM_SPY_260304_P_680,0.0,1.0,,,,,,,,,,,,,,,,,,,,
policy_1m,SPY,2026-03-03 20:12:00+00:00,681.58,681.6,681.22,681.32,2718.0,hold,independent_meta,,-1.0,-1.0,0.0,1.0,,.SIM_SPY_260304_P_680,0.0,1.0,,,,,,,,,,,,,,,,,,,,
policy_1m,SPY,2026-03-03 20:13:00+00:00,681.35,681.39,681.11,681.11,1439.0,hold,independent_meta,,-1.0,-1.0,0.0,1.0,,.SIM_SPY_260304_P_680,0.0,1.0,,,,,,,,,,,,,,,,,,,,
policy_1m,SPY,2026-03-03 20:14:00+00:00,681.15,681.15,680.74,680.74,9782.0,hold,independent_meta,,-1.0,-1.0,0.0,1.0,,.SIM_SPY_260304_P_680,0.0,1.0,,,,,,,,,,,,,,,,,,,,
policy_1m,SPY,2026-03-03 20:15:00+00:00,680.78,681.06,680.71,680.99,7391.0,hold,independent_meta,,-1.0,-1.0,0.0,1.0,,.SIM_SPY_260304_P_680,0.0,1.0,,,,,,,,,,,,,,,,,,,,
policy_1m,SPY,2026-03-03 20:16:00+00:00,680.96,681.02,680.4,680.4,10697.0,hold,independent_meta,,-1.0,-1.0,0.0,1.0,,.SIM_SPY_260304_P_680,0.0,1.0,,,,,,,,,,,,,,,,,,,,
policy_1m,SPY,2026-03-03 20:17:00+00:00,680.43,680.57,680.21,680.21,10575.0,hold,independent_meta,,-1.0,-1.0,0.0,1.0,,.SIM_SPY_260304_P_680,0.0,1.0,,,,,,,,,,,,,,,,,,,,
policy_1m,SPY,2026-03-03 20:18:00+00:00,680.29,680.52,680.19,680.52,6297.0,hold,independent_meta,,-1.0,-1.0,0.0,1.0,,.SIM_SPY_260304_P_680,0.0,1.0,,,,,,,,,,,,,,,,,,,,
policy_1m,SPY,2026-03-03 20:19:00+00:00,680.56,680.57,680.37,680.38,4312.0,hold,independent_meta,,-1.0,-1.0,0.0,1.0,,.SIM_SPY_260304_P_680,0.0,1.0,,,,,,,,,,,,,,,,,,,,
policy_1m,SPY,2026-03-03 20:20:00+00:00,680.48,680.95,680.48,680.95,6526.0,hold,independent_meta,,-1.0,-1.0,0.0,1.0,,.SIM_SPY_260304_P_680,0.0,1.0,,,,,,,,,,,,,,,,,,,,
meta_10m,SPY,2026-03-03 20:10:00+00:00,681.47,681.78,680.19,680.38,62377.0,,,,,,,,,,,,,,,policy_only,0.6537739634513855,0.13363435864448547,,0.21118445694446564,0.47489112615585327,0.27128279209136963,0.932951807975769,0.056516483426094055,,,,,0.5,0.5,0.65,0.65
policy_1m,SPY,2026-03-03 20:21:00+00:00,680.91,681.01,680.6,680.6,6241.0,hold,independent_meta,,-1.0,-1.0,0.0,1.0,,.SIM_SPY_260304_P_680,0.0,1.0,,,,,,,,,,,,,,,,,,,,
policy_1m,SPY,2026-03-03 20:22:00+00:00,680.64,680.74,680.32,680.54,10114.0,hold,independent_meta,,-1.0,-1.0,0.0,1.0,,.SIM_SPY_260304_P_680,0.0,1.0,,,,,,,,,,,,,,,,,,,,
policy_1m,SPY,2026-03-03 20:23:00+00:00,680.62,680.7,680.53,680.59,3559.0,hold,independent_meta,,-1.0,-1.0,0.0,1.0,,.SIM_SPY_260304_P_680,0.0,1.0,,,,,,,,,,,,,,,,,,,,
policy_1m,SPY,2026-03-03 20:24:00+00:00,680.52,680.79,680.5,680.74,5510.0,open_long,independent_meta,,0.0,0.0,1.0,1.0,.SIM_SPY_260304_C_682,.SIM_SPY_260304_P_680,1.0,1.0,,,,,,,,,,,,,,,,,,,,
policy_1m,SPY,2026-03-03 20:25:00+00:00,680.72,680.72,680.17,680.43,3358.0,hold,independent_meta,,0.0,0.0,1.0,1.0,.SIM_SPY_260304_C_682,.SIM_SPY_260304_P_680,1.0,1.0,,,,,,,,,,,,,,,,,,,,
policy_1m,SPY,2026-03-03 20:26:00+00:00,680.41,680.72,680.27,680.71,5331.0,hold,independent_meta,,0.0,0.0,1.0,1.0,.SIM_SPY_260304_C_682,.SIM_SPY_260304_P_680,1.0,1.0,,,,,,,,,,,,,,,,,,,,
policy_1m,SPY,2026-03-03 20:27:00+00:00,680.68,680.78,680.62,680.66,5301.0,hold,independent_meta,,0.0,0.0,1.0,1.0,.SIM_SPY_260304_C_682,.SIM_SPY_260304_P_680,1.0,1.0,,,,,,,,,,,,,,,,,,,,
policy_1m,SPY,2026-03-03 20:28:00+00:00,680.79,681.22,680.79,680.81,4673.0,close_short,independent_meta,,1.0,1.0,1.0,0.0,.SIM_SPY_260304_C_682,,1.0,0.0,,,,,,,,,,,,,,,,,,,,
policy_1m,SPY,2026-03-03 20:29:00+00:00,680.99,681.28,680.97,681.01,17036.0,hold,independent_meta,,1.0,1.0,1.0,0.0,.SIM_SPY_260304_C_682,,1.0,0.0,,,,,,,,,,,,,,,,,,,,
policy_1m,SPY,2026-03-03 20:30:00+00:00,681.04,681.2,680.95,680.97,6743.0,hold,independent_meta,,1.0,1.0,1.0,0.0,.SIM_SPY_260304_C_682,,1.0,0.0,,,,,,,,,,,,,,,,,,,,
meta_10m,SPY,2026-03-03 20:20:00+00:00,680.48,681.28,680.17,681.01,67649.0,,,,,,,,,,,,,,,policy_only,0.7335668206214905,0.10149228572845459,,0.684531033039093,0.7218393683433533,0.13296771049499512,0.9312938451766968,0.04343697056174278,,,,,0.5,0.5,0.65,0.65
policy_1m,SPY,2026-03-03 20:31:00+00:00,681.04,681.32,681.04,681.29,2942.0,hold,independent_meta,,1.0,1.0,1.0,0.0,.SIM_SPY_260304_C_682,,1.0,0.0,,,,,,,,,,,,,,,,,,,,
policy_1m,SPY,2026-03-03 20:32:00+00:00,681.17,681.17,680.92,681.035,6283.0,hold,independent_meta,,1.0,1.0,1.0,0.0,.SIM_SPY_260304_C_682,,1.0,0.0,,,,,,,,,,,,,,,,,,,,
policy_1m,SPY,2026-03-03 20:33:00+00:00,681.01,681.07,680.79,680.83,5728.0,hold,independent_meta,,1.0,1.0,1.0,0.0,.SIM_SPY_260304_C_682,,1.0,0.0,,,,,,,,,,,,,,,,,,,,
policy_1m,SPY,2026-03-03 20:34:00+00:00,680.82,680.99,680.82,680.84,6420.0,hold,independent_meta,,1.0,1.0,1.0,0.0,.SIM_SPY_260304_C_682,,1.0,0.0,,,,,,,,,,,,,,,,,,,,
policy_1m,SPY,2026-03-03 20:35:00+00:00,680.81,681.48,680.81,681.48,6396.0,hold,independent_meta,,1.0,1.0,1.0,0.0,.SIM_SPY_260304_C_682,,1.0,0.0,,,,,,,,,,,,,,,,,,,,
policy_1m,SPY,2026-03-03 20:36:00+00:00,681.48,681.49,681.13,681.13,9168.0,hold,independent_meta,,1.0,1.0,1.0,0.0,.SIM_SPY_260304_C_682,,1.0,0.0,,,,,,,,,,,,,,,,,,,,
policy_1m,SPY,2026-03-03 20:37:00+00:00,681.17,681.17,680.71,680.76,6708.0,hold,independent_meta,,1.0,1.0,1.0,0.0,.SIM_SPY_260304_C_682,,1.0,0.0,,,,,,,,,,,,,,,,,,,,
policy_1m,SPY,2026-03-03 20:38:00+00:00,680.77,680.77,680.53,680.71,6299.0,hold,independent_meta,,1.0,1.0,1.0,0.0,.SIM_SPY_260304_C_682,,1.0,0.0,,,,,,,,,,,,,,,,,,,,
policy_1m,SPY,2026-03-03 20:39:00+00:00,680.77,680.77,680.32,680.57,8695.0,hold,independent_meta,,1.0,1.0,1.0,0.0,.SIM_SPY_260304_C_682,,1.0,0.0,,,,,,,,,,,,,,,,,,,,
policy_1m,SPY,2026-03-03 20:40:00+00:00,680.66,680.83,680.6,680.61,4604.0,hold,independent_meta,,1.0,1.0,1.0,0.0,.SIM_SPY_260304_C_682,,1.0,0.0,,,,,,,,,,,,,,,,,,,,
meta_10m,SPY,2026-03-03 20:30:00+00:00,681.04,681.49,680.32,680.57,65382.0,,,,,,,,,,,,,,,policy_only,0.8126795291900635,0.0871216431260109,,,0.12379217147827148,0.08285368233919144,0.9518400430679321,0.04405287280678749,,,,,0.5,0.5,0.65,0.65
policy_1m,SPY,2026-03-03 20:41:00+00:00,680.59,680.61,680.23,680.25,5471.0,hold,independent_meta,,1.0,1.0,1.0,0.0,.SIM_SPY_260304_C_682,,1.0,0.0,,,,,,,,,,,,,,,,,,,,
policy_1m,SPY,2026-03-03 20:42:00+00:00,680.28,680.53,680.25,680.43,5527.0,hold,independent_meta,,1.0,1.0,1.0,0.0,.SIM_SPY_260304_C_682,,1.0,0.0,,,,,,,,,,,,,,,,,,,,
policy_1m,SPY,2026-03-03 20:43:00+00:00,680.39,680.565,680.22,680.52,7750.0,hold,independent_meta,,1.0,1.0,1.0,0.0,.SIM_SPY_260304_C_682,,1.0,0.0,,,,,,,,,,,,,,,,,,,,
policy_1m,SPY,2026-03-03 20:44:00+00:00,680.51,680.64,680.36,680.51,10884.0,hold,independent_meta,,1.0,1.0,1.0,0.0,.SIM_SPY_260304_C_682,,1.0,0.0,,,,,,,,,,,,,,,,,,,,
policy_1m,SPY,2026-03-03 20:45:00+00:00,680.42,680.75,680.42,680.55,11019.0,hold,independent_meta,,1.0,1.0,1.0,0.0,.SIM_SPY_260304_C_682,,1.0,0.0,,,,,,,,,,,,,,,,,,,,
policy_1m,SPY,2026-03-03 20:46:00+00:00,680.51,680.72,680.37,680.4,5147.0,hold,independent_meta,,1.0,1.0,1.0,0.0,.SIM_SPY_260304_C_682,,1.0,0.0,,,,,,,,,,,,,,,,,,,,
policy_1m,SPY,2026-03-03 20:47:00+00:00,680.49,680.49,680.02,680.36,7755.0,hold,independent_meta,,1.0,1.0,1.0,0.0,.SIM_SPY_260304_C_682,,1.0,0.0,,,,,,,,,,,,,,,,,,,,
policy_1m,SPY,2026-03-03 20:48:00+00:00,680.37,680.48,680.16,680.28,13422.0,hold,independent_meta,,1.0,1.0,1.0,0.0,.SIM_SPY_260304_C_682,,1.0,0.0,,,,,,,,,,,,,,,,,,,,
policy_1m,SPY,2026-03-03 20:49:00+00:00,680.28,680.58,680.18,680.49,6350.0,hold,independent_meta,,1.0,1.0,1.0,0.0,.SIM_SPY_260304_C_682,,1.0,0.0,,,,,,,,,,,,,,,,,,,,
policy_1m,SPY,2026-03-03 20:50:00+00:00,680.52,680.63,679.94,680.03,13690.0,hold,independent_meta,,1.0,1.0,1.0,0.0,.SIM_SPY_260304_C_682,,1.0,0.0,,,,,,,,,,,,,,,,,,,,
meta_10m,SPY,2026-03-03 20:40:00+00:00,680.66,680.83,680.02,680.49,77929.0,,,,,,,,,,,,,,,policy_only,0.8958947062492371,0.06568945199251175,0.23975764214992523,,0.5092090368270874,0.06258824467658997,0.959603488445282,0.032624807208776474,,,,,0.5,0.5,0.65,0.65
policy_1m,SPY,2026-03-03 20:51:00+00:00,680.08,680.13,679.35,679.53,11023.0,hold,independent_meta,,1.0,1.0,1.0,0.0,.SIM_SPY_260304_C_682,,1.0,0.0,,,,,,,,,,,,,,,,,,,,
policy_1m,SPY,2026-03-03 20:52:00+00:00,679.505,679.675,679.24,679.335,10544.0,hold,independent_meta,,1.0,1.0,1.0,0.0,.SIM_SPY_260304_C_682,,1.0,0.0,,,,,,,,,,,,,,,,,,,,
policy_1m,SPY,2026-03-03 20:53:00+00:00,679.38,679.72,679.335,679.72,11248.0,hold,independent_meta,,1.0,1.0,1.0,0.0,.SIM_SPY_260304_C_682,,1.0,0.0,,,,,,,,,,,,,,,,,,,,
policy_1m,SPY,2026-03-03 20:54:00+00:00,679.75,680.27,679.63,680.12,19860.0,hold,independent_meta,,1.0,1.0,1.0,0.0,.SIM_SPY_260304_C_682,,1.0,0.0,,,,,,,,,,,,,,,,,,,,
policy_1m,SPY,2026-03-03 20:55:00+00:00,680.09,680.32,679.82,680.05,31450.0,hold,independent_meta,,1.0,1.0,1.0,0.0,.SIM_SPY_260304_C_682,,1.0,0.0,,,,,,,,,,,,,,,,,,,,
policy_1m,SPY,2026-03-03 20:56:00+00:00,680.02,680.07,679.77,679.85,16906.0,hold,independent_meta,,1.0,1.0,1.0,0.0,.SIM_SPY_260304_C_682,,1.0,0.0,,,,,,,,,,,,,,,,,,,,
policy_1m,SPY,2026-03-03 20:57:00+00:00,679.87,680.11,679.77,680.09,21363.0,hold,independent_meta,,1.0,1.0,1.0,0.0,.SIM_SPY_260304_C_682,,1.0,0.0,,,,,,,,,,,,,,,,,,,,
policy_1m,SPY,2026-03-03 20:58:00+00:00,680.1,680.21,680.01,680.14,20847.0,hold,independent_meta,,1.0,1.0,1.0,0.0,.SIM_SPY_260304_C_682,,1.0,0.0,,,,,,,,,,,,,,,,,,,,
policy_1m,SPY,2026-03-03 20:59:00+00:00,680.135,680.38,679.9,680.29,56771.0,hold,independent_meta,,1.0,1.0,1.0,0.0,.SIM_SPY_260304_C_682,,1.0,0.0,,,,,,,,,,,,,,,,,,,,
policy_1m,SPY,2026-03-04 14:30:00+00:00,681.69,683.47,681.43,682.8,12615.0,hold,independent_meta,,1.0,1.0,1.0,0.0,.SIM_SPY_260304_C_682,,1.0,0.0,,,,,,,,,,,,,,,,,,,,
meta_10m,SPY,2026-03-03 20:50:00+00:00,680.52,680.63,679.24,680.29,213702.0,,,,,,,,,,,,,,,policy_only,0.9183517694473267,0.05789628624916077,0.2749596834182739,,0.9483706951141357,0.02809004858136177,0.9706138968467712,0.018904296681284904,,,,,0.5,0.5,0.65,0.65
policy_1m,SPY,2026-03-04 14:31:00+00:00,682.67,682.99,682.26,682.26,5113.0,hold,independent_meta,,1.0,1.0,1.0,0.0,.SIM_SPY_260304_C_682,,1.0,0.0,,,,,,,,,,,,,,,,,,,,
policy_1m,SPY,2026-03-04 14:32:00+00:00,682.2,682.81,682.2,682.48,2192.0,hold,independent_meta,,1.0,1.0,1.0,0.0,.SIM_SPY_260304_C_682,,1.0,0.0,,,,,,,,,,,,,,,,,,,,
policy_1m,SPY,2026-03-04 14:33:00+00:00,682.33,682.795,682.33,682.585,2732.0,hold,independent_meta,,1.0,1.0,1.0,0.0,.SIM_SPY_260304_C_682,,1.0,0.0,,,,,,,,,,,,,,,,,,,,
policy_1m,SPY,2026-03-04 14:34:00+00:00,682.62,682.89,682.46,682.765,6124.0,hold,independent_meta,,1.0,1.0,1.0,0.0,.SIM_SPY_260304_C_682,,1.0,0.0,,,,,,,,,,,,,,,,,,,,
policy_1m,SPY,2026-03-04 14:35:00+00:00,682.75,682.88,681.25,681.42,9125.0,close_long,independent_meta,,0.0,0.0,0.0,0.0,,,0.0,0.0,,,,,,,,,,,,,,,,,,,,
policy_1m,SPY,2026-03-04 14:36:00+00:00,681.59,681.635,680.85,680.87,4801.0,hold,independent_meta,,0.0,0.0,0.0,0.0,,,0.0,0.0,,,,,,,,,,,,,,,,,,,,
policy_1m,SPY,2026-03-04 14:37:00+00:00,680.89,681.485,680.79,681.35,4793.0,hold,independent_meta,,0.0,0.0,0.0,0.0,,,0.0,0.0,,,,,,,,,,,,,,,,,,,,
policy_1m,SPY,2026-03-04 14:38:00+00:00,681.34,681.59,680.98,680.98,4279.0,hold,independent_meta,,0.0,0.0,0.0,0.0,,,0.0,0.0,,,,,,,,,,,,,,,,,,,,
policy_1m,SPY,2026-03-04 14:39:00+00:00,681.03,681.29,680.89,681.0,5730.0,hold,independent_meta,,0.0,0.0,0.0,0.0,,,0.0,0.0,,,,,,,,,,,,,,,,,,,,
policy_1m,SPY,2026-03-04 14:40:00+00:00,680.95,680.95,680.34,680.53,5427.0,hold,independent_meta,,0.0,0.0,0.0,0.0,,,0.0,0.0,,,,,,,,,,,,,,,,,,,,
meta_10m,SPY,2026-03-04 14:30:00+00:00,681.69,683.47,680.79,681.0,57504.0,,,,,,,,,,,,,,,policy_only,0.9287749528884888,0.01703234761953354,0.933968186378479,,0.018475620076060295,0.6263638138771057,0.9815055727958679,0.010045395232737064,,,,,0.5,0.5,0.65,0.65
policy_1m,SPY,2026-03-04 14:41:00+00:00,680.52,680.71,680.16,680.27,2880.0,hold,independent_meta,,0.0,0.0,0.0,0.0,,,0.0,0.0,,,,,,,,,,,,,,,,,,,,
policy_1m,SPY,2026-03-04 14:42:00+00:00,680.23,680.47,680.11,680.37,1781.0,hold,independent_meta,,0.0,0.0,0.0,0.0,,,0.0,0.0,,,,,,,,,,,,,,,,,,,,
policy_1m,SPY,2026-03-04 14:43:00+00:00,680.24,680.55,680.17,680.29,4765.0,hold,independent_meta,,0.0,0.0,0.0,0.0,,,0.0,0.0,,,,,,,,,,,,,,,,,,,,
policy_1m,SPY,2026-03-04 14:44:00+00:00,680.32,680.4,680.075,680.28,4865.0,hold,independent_meta,,0.0,0.0,0.0,0.0,,,0.0,0.0,,,,,,,,,,,,,,,,,,,,
policy_1m,SPY,2026-03-04 14:45:00+00:00,680.22,680.22,679.63,679.88,3912.0,hold,independent_meta,,0.0,0.0,0.0,0.0,,,0.0,0.0,,,,,,,,,,,,,,,,,,,,
policy_1m,SPY,2026-03-04 14:46:00+00:00,680.07,680.72,680.05,680.61,6342.0,hold,independent_meta,,0.0,0.0,0.0,0.0,,,0.0,0.0,,,,,,,,,,,,,,,,,,,,
policy_1m,SPY,2026-03-04 14:47:00+00:00,680.71,681.37,680.46,680.49,4267.0,hold,independent_meta,,0.0,0.0,0.0,0.0,,,0.0,0.0,,,,,,,,,,,,,,,,,,,,
policy_1m,SPY,2026-03-04 14:48:00+00:00,680.66,680.89,680.45,680.89,1863.0,hold,independent_meta,,0.0,0.0,0.0,0.0,,,0.0,0.0,,,,,,,,,,,,,,,,,,,,
policy_1m,SPY,2026-03-04 14:49:00+00:00,681.09,681.655,681.06,681.06,2461.0,hold,independent_meta,,0.0,0.0,0.0,0.0,,,0.0,0.0,,,,,,,,,,,,,,,,,,,,
policy_1m,SPY,2026-03-04 14:50:00+00:00,680.85,680.85,680.31,680.4,1423.0,hold,independent_meta,,0.0,0.0,0.0,0.0,,,0.0,0.0,,,,,,,,,,,,,,,,,,,,
meta_10m,SPY,2026-03-04 14:40:00+00:00,680.95,681.655,679.63,681.06,38563.0,,,,,,,,,,,,,,,policy_only,0.9426032304763794,0.010482970625162125,,,0.035441894084215164,0.4847036898136139,0.9797711968421936,0.013980654068291187,,,,,0.5,0.5,0.65,0.65
policy_1m,SPY,2026-03-04 14:51:00+00:00,680.4,680.905,680.4,680.85,3995.0,hold,independent_meta,,0.0,0.0,0.0,0.0,,,0.0,0.0,,,,,,,,,,,,,,,,,,,,
policy_1m,SPY,2026-03-04 14:52:00+00:00,680.83,681.31,680.68,681.25,2156.0,hold,independent_meta,,0.0,0.0,0.0,0.0,,,0.0,0.0,,,,,,,,,,,,,,,,,,,,
policy_1m,SPY,2026-03-04 14:53:00+00:00,681.33,681.645,681.33,681.52,1945.0,hold,independent_meta,,0.0,0.0,0.0,0.0,,,0.0,0.0,,,,,,,,,,,,,,,,,,,,
policy_1m,SPY,2026-03-04 14:54:00+00:00,681.53,681.67,681.33,681.46,3412.0,hold,independent_meta,,0.0,0.0,0.0,0.0,,,0.0,0.0,,,,,,,,,,,,,,,,,,,,
policy_1m,SPY,2026-03-04 14:55:00+00:00,681.535,681.535,680.84,680.88,4851.0,hold,independent_meta,,0.0,0.0,0.0,0.0,,,0.0,0.0,,,,,,,,,,,,,,,,,,,,
policy_1m,SPY,2026-03-04 14:56:00+00:00,681.24,681.24,680.92,681.1,3307.0,hold,independent_meta,,0.0,0.0,0.0,0.0,,,0.0,0.0,,,,,,,,,,,,,,,,,,,,
policy_1m,SPY,2026-03-04 14:57:00+00:00,680.99,681.17,680.91,680.91,1194.0,hold,independent_meta,,0.0,0.0,0.0,0.0,,,0.0,0.0,,,,,,,,,,,,,,,,,,,,
policy_1m,SPY,2026-03-04 14:58:00+00:00,680.98,681.03,680.88,680.98,1373.0,hold,independent_meta,,0.0,0.0,0.0,0.0,,,0.0,0.0,,,,,,,,,,,,,,,,,,,,
policy_1m,SPY,2026-03-04 14:59:00+00:00,680.875,681.035,680.81,681.01,3694.0,hold,independent_meta,,0.0,0.0,0.0,0.0,,,0.0,0.0,,,,,,,,,,,,,,,,,,,,
policy_1m,SPY,2026-03-04 15:00:00+00:00,681.64,682.67,681.64,682.25,4665.0,hold,independent_meta,,0.0,0.0,0.0,0.0,,,0.0,0.0,,,,,,,,,,,,,,,,,,,,
meta_10m,SPY,2026-03-04 14:50:00+00:00,680.85,681.67,680.31,681.01,27350.0,,,,,,,,,,,,,,,policy_only,0.9588621854782104,0.005737564526498318,0.10557370632886887,,0.06620510667562485,0.22813425958156586,0.9769737124443054,0.012699669227004051,,,,,0.5,0.5,0.65,0.65
policy_1m,SPY,2026-03-04 15:01:00+00:00,682.32,682.485,682.12,682.35,5187.0,hold,independent_meta,,0.0,0.0,0.0,0.0,,,0.0,0.0,,,,,,,,,,,,,,,,,,,,
policy_1m,SPY,2026-03-04 15:02:00+00:00,682.32,682.4,681.94,682.05,3435.0,hold,independent_meta,,0.0,0.0,0.0,0.0,,,0.0,0.0,,,,,,,,,,,,,,,,,,,,
policy_1m,SPY,2026-03-04 15:03:00+00:00,682.08,682.13,680.99,681.14,4962.0,hold,independent_meta,,0.0,0.0,0.0,0.0,,,0.0,0.0,,,,,,,,,,,,,,,,,,,,
policy_1m,SPY,2026-03-04 15:04:00+00:00,680.99,681.61,680.945,681.59,2365.0,hold,independent_meta,,0.0,0.0,0.0,0.0,,,0.0,0.0,,,,,,,,,,,,,,,,,,,,
policy_1m,SPY,2026-03-04 15:05:00+00:00,681.675,682.05,681.61,682.05,1359.0,hold,independent_meta,,0.0,0.0,0.0,0.0,,,0.0,0.0,,,,,,,,,,,,,,,,,,,,
policy_1m,SPY,2026-03-04 15:06:00+00:00,681.78,682.18,681.38,682.18,7954.0,hold,independent_meta,,0.0,0.0,0.0,0.0,,,0.0,0.0,,,,,,,,,,,,,,,,,,,,
policy_1m,SPY,2026-03-04 15:07:00+00:00,682.22,682.565,682.2,682.545,3703.0,hold,independent_meta,,0.0,0.0,0.0,0.0,,,0.0,0.0,,,,,,,,,,,,,,,,,,,,
policy_1m,SPY,2026-03-04 15:08:00+00:00,682.57,683.12,682.51,683.11,4366.0,hold,independent_meta,,0.0,0.0,0.0,0.0,,,0.0,0.0,,,,,,,,,,,,,,,,,,,,
policy_1m,SPY,2026-03-04 15:09:00+00:00,683.06,683.27,682.91,683.14,5513.0,hold,independent_meta,,0.0,0.0,0.0,0.0,,,0.0,0.0,,,,,,,,,,,,,,,,,,,,
policy_1m,SPY,2026-03-04 15:10:00+00:00,683.12,683.32,683.05,683.22,7117.0,hold,independent_meta,,0.0,0.0,0.0,0.0,,,0.0,0.0,,,,,,,,,,,,,,,,,,,,
meta_10m,SPY,2026-03-04 15:00:00+00:00,681.64,683.27,680.945,683.14,43509.0,,,,,,,,,,,,,,,policy_only,0.9512864947319031,0.012001803144812584,0.08806595206260681,,0.024333443492650986,0.29445478320121765,0.9666758179664612,0.007328076753765345,,,,,0.5,0.5,0.65,0.65
policy_1m,SPY,2026-03-04 15:11:00+00:00,683.24,683.24,682.51,682.97,7160.0,hold,independent_meta,,0.0,0.0,0.0,0.0,,,0.0,0.0,,,,,,,,,,,,,,,,,,,,
policy_1m,SPY,2026-03-04 15:12:00+00:00,683.08,683.38,683.08,683.35,2463.0,hold,independent_meta,,0.0,0.0,0.0,0.0,,,0.0,0.0,,,,,,,,,,,,,,,,,,,,
policy_1m,SPY,2026-03-04 15:13:00+00:00,683.37,683.7,683.36,683.67,3492.0,hold,independent_meta,,0.0,0.0,0.0,0.0,,,0.0,0.0,,,,,,,,,,,,,,,,,,,,
policy_1m,SPY,2026-03-04 15:14:00+00:00,683.73,683.73,682.85,683.24,6202.0,hold,independent_meta,,0.0,0.0,0.0,0.0,,,0.0,0.0,,,,,,,,,,,,,,,,,,,,
policy_1m,SPY,2026-03-04 15:15:00+00:00,683.25,683.6,683.17,683.6,3579.0,hold,independent_meta,,0.0,0.0,0.0,0.0,,,0.0,0.0,,,,,,,,,,,,,,,,,,,,
policy_1m,SPY,2026-03-04 15:16:00+00:00,683.59,683.74,683.43,683.665,7083.0,hold,independent_meta,,0.0,0.0,0.0,0.0,,,0.0,0.0,,,,,,,,,,,,,,,,,,,,
policy_1m,SPY,2026-03-04 15:17:00+00:00,683.68,683.96,683.53,683.85,8588.0,hold,independent_meta,,0.0,0.0,0.0,0.0,,,0.0,0.0,,,,,,,,,,,,,,,,,,,,
policy_1m,SPY,2026-03-04 15:18:00+00:00,683.85,684.09,683.85,683.98,4413.0,hold,independent_meta,,0.0,0.0,0.0,0.0,,,0.0,0.0,,,,,,,,,,,,,,,,,,,,
policy_1m,SPY,2026-03-04 15:19:00+00:00,683.96,684.5,683.94,684.45,6325.0,hold,independent_meta,,0.0,0.0,0.0,0.0,,,0.0,0.0,,,,,,,,,,,,,,,,,,,,
policy_1m,SPY,2026-03-04 15:20:00+00:00,684.43,684.81,684.31,684.81,8488.0,hold,independent_meta,,0.0,0.0,0.0,0.0,,,0.0,0.0,,,,,,,,,,,,,,,,,,,,
meta_10m,SPY,2026-03-04 15:10:00+00:00,683.12,684.5,682.51,684.45,56422.0,,,,,,,,,,,,,,,policy_only,0.7693129181861877,0.036345772445201874,0.19747602939605713,,0.0023218432907015085,0.32734745740890503,0.4135546088218689,0.08944042026996613,,,,,0.5,0.5,0.65,0.65
policy_1m,SPY,2026-03-04 15:21:00+00:00,684.84,685.18,684.84,685.16,5576.0,hold,independent_meta,,0.0,0.0,0.0,0.0,,,0.0,0.0,,,,,,,,,,,,,,,,,,,,
policy_1m,SPY,2026-03-04 15:22:00+00:00,685.26,685.36,685.16,685.31,4848.0,hold,independent_meta,,0.0,0.0,0.0,0.0,,,0.0,0.0,,,,,,,,,,,,,,,,,,,,
policy_1m,SPY,2026-03-04 15:23:00+00:00,685.28,685.4,685.19,685.32,2826.0,hold,independent_meta,,0.0,0.0,0.0,0.0,,,0.0,0.0,,,,,,,,,,,,,,,,,,,,
policy_1m,SPY,2026-03-04 15:24:00+00:00,685.29,685.57,685.05,685.54,16470.0,hold,independent_meta,,0.0,0.0,0.0,0.0,,,0.0,0.0,,,,,,,,,,,,,,,,,,,,
policy_1m,SPY,2026-03-04 15:25:00+00:00,685.525,685.55,685.13,685.21,9353.0,hold,independent_meta,,0.0,0.0,0.0,0.0,,,0.0,0.0,,,,,,,,,,,,,,,,,,,,
policy_1m,SPY,2026-03-04 15:26:00+00:00,685.19,685.9,685.14,685.9,6726.0,hold,independent_meta,,0.0,0.0,0.0,0.0,,,0.0,0.0,,,,,,,,,,,,,,,,,,,,
policy_1m,SPY,2026-03-04 15:27:00+00:00,685.92,686.26,685.85,686.0,8039.0,hold,independent_meta,,0.0,0.0,0.0,0.0,,,0.0,0.0,,,,,,,,,,,,,,,,,,,,
policy_1m,SPY,2026-03-04 15:28:00+00:00,686.06,686.11,685.89,686.04,5599.0,hold,independent_meta,,0.0,0.0,0.0,0.0,,,0.0,0.0,,,,,,,,,,,,,,,,,,,,
policy_1m,SPY,2026-03-04 15:29:00+00:00,686.09,686.18,685.91,686.04,8303.0,hold,independent_meta,,0.0,0.0,0.0,0.0,,,0.0,0.0,,,,,,,,,,,,,,,,,,,,
policy_1m,SPY,2026-03-04 15:30:00+00:00,686.24,686.24,685.78,685.78,5153.0,hold,independent_meta,,0.0,0.0,0.0,0.0,,,0.0,0.0,,,,,,,,,,,,,,,,,,,,
meta_10m,SPY,2026-03-04 15:20:00+00:00,684.43,686.26,684.31,686.04,76228.0,,,,,,,,,,,,,,,policy_only,0.20841294527053833,0.2588718831539154,0.47488123178482056,,0.0005565570900216699,0.45184630155563354,0.14186224341392517,0.4306091070175171,,,,,0.5,0.5,0.65,0.65
policy_1m,SPY,2026-03-04 15:31:00+00:00,685.76,686.18,685.75,686.13,6065.0,hold,independent_meta,,0.0,0.0,0.0,0.0,,,0.0,0.0,,,,,,,,,,,,,,,,,,,,
policy_1m,SPY,2026-03-04 15:32:00+00:00,686.07,686.16,685.845,685.87,5996.0,hold,independent_meta,,0.0,0.0,0.0,0.0,,,0.0,0.0,,,,,,,,,,,,,,,,,,,,
policy_1m,SPY,2026-03-04 15:33:00+00:00,685.82,685.9,685.56,685.64,7361.0,hold,independent_meta,,0.0,0.0,0.0,0.0,,,0.0,0.0,,,,,,,,,,,,,,,,,,,,
policy_1m,SPY,2026-03-04 15:34:00+00:00,685.62,685.64,685.37,685.38,9841.0,hold,independent_meta,,0.0,0.0,0.0,0.0,,,0.0,0.0,,,,,,,,,,,,,,,,,,,,
policy_1m,SPY,2026-03-04 15:35:00+00:00,685.37,685.37,685.03,685.2,10528.0,hold,independent_meta,,0.0,0.0,0.0,0.0,,,0.0,0.0,,,,,,,,,,,,,,,,,,,,
policy_1m,SPY,2026-03-04 15:36:00+00:00,685.22,685.29,685.01,685.09,8358.0,hold,independent_meta,,0.0,0.0,0.0,0.0,,,0.0,0.0,,,,,,,,,,,,,,,,,,,,
policy_1m,SPY,2026-03-04 15:37:00+00:00,685.08,685.34,685.05,685.2,10693.0,hold,independent_meta,,0.0,0.0,0.0,0.0,,,0.0,0.0,,,,,,,,,,,,,,,,,,,,
policy_1m,SPY,2026-03-04 15:38:00+00:00,685.32,685.51,684.97,684.99,4154.0,hold,independent_meta,,0.0,0.0,0.0,0.0,,,0.0,0.0,,,,,,,,,,,,,,,,,,,,
policy_1m,SPY,2026-03-04 15:39:00+00:00,684.95,685.0,684.53,684.58,11545.0,hold,independent_meta,,0.0,0.0,0.0,0.0,,,0.0,0.0,,,,,,,,,,,,,,,,,,,,
policy_1m,SPY,2026-03-04 15:40:00+00:00,684.63,684.9,684.45,684.57,11952.0,hold,independent_meta,,0.0,0.0,0.0,0.0,,,0.0,0.0,,,,,,,,,,,,,,,,,,,,
meta_10m,SPY,2026-03-04 15:30:00+00:00,686.24,686.24,684.53,684.58,79694.0,,,,,,,,,,,,,,,policy_only,0.5290274620056152,0.07856239378452301,0.9509992003440857,,0.00018435392121318728,0.021948110312223434,0.38787442445755005,0.14988400042057037,,,,,0.5,0.5,0.65,0.65
policy_1m,SPY,2026-03-04 15:41:00+00:00,684.61,684.805,684.36,684.56,11736.0,hold,independent_meta,,0.0,0.0,0.0,0.0,,,0.0,0.0,,,,,,,,,,,,,,,,,,,,
policy_1m,SPY,2026-03-04 15:42:00+00:00,684.61,684.68,684.37,684.54,16249.0,hold,independent_meta,,0.0,0.0,0.0,0.0,,,0.0,0.0,,,,,,,,,,,,,,,,,,,,
policy_1m,SPY,2026-03-04 15:43:00+00:00,684.53,684.79,684.4,684.51,9962.0,hold,independent_meta,,0.0,0.0,0.0,0.0,,,0.0,0.0,,,,,,,,,,,,,,,,,,,,
policy_1m,SPY,2026-03-04 15:44:00+00:00,684.48,684.58,684.36,684.47,6567.0,hold,independent_meta,,0.0,0.0,0.0,0.0,,,0.0,0.0,,,,,,,,,,,,,,,,,,,,
policy_1m,SPY,2026-03-04 15:45:00+00:00,684.41,684.44,683.89,683.97,10920.0,hold,independent_meta,,0.0,0.0,0.0,0.0,,,0.0,0.0,,,,,,,,,,,,,,,,,,,,
policy_1m,SPY,2026-03-04 15:46:00+00:00,684.02,684.37,684.02,684.19,7728.0,hold,independent_meta,,0.0,0.0,0.0,0.0,,,0.0,0.0,,,,,,,,,,,,,,,,,,,,
policy_1m,SPY,2026-03-04 15:47:00+00:00,684.13,684.46,683.97,684.39,5995.0,open_long,independent_meta,,1.0,1.0,1.0,0.0,.SIM_SPY_260304_C_686,,1.0,0.0,,,,,,,,,,,,,,,,,,,,
policy_1m,SPY,2026-03-04 15:48:00+00:00,684.38,684.47,684.14,684.36,5156.0,hold,independent_meta,,1.0,1.0,1.0,0.0,.SIM_SPY_260304_C_686,,1.0,0.0,,,,,,,,,,,,,,,,,,,,
policy_1m,SPY,2026-03-04 15:49:00+00:00,684.27,684.68,684.21,684.59,5813.0,hold,independent_meta,,1.0,1.0,1.0,0.0,.SIM_SPY_260304_C_686,,1.0,0.0,,,,,,,,,,,,,,,,,,,,
policy_1m,SPY,2026-03-04 15:50:00+00:00,684.57,684.93,684.41,684.84,4969.0,hold,independent_meta,,1.0,1.0,1.0,0.0,.SIM_SPY_260304_C_686,,1.0,0.0,,,,,,,,,,,,,,,,,,,,
meta_10m,SPY,2026-03-04 15:40:00+00:00,684.63,684.9,683.89,684.59,92078.0,,,,,,,,,,,,,,,policy_only,0.44762417674064636,0.05763717740774155,,,0.13267771899700165,0.23861457407474518,0.4605344831943512,0.0991259217262268,,,,,0.5,0.5,0.65,0.65
policy_1m,SPY,2026-03-04 15:51:00+00:00,684.88,685.03,684.79,684.94,4915.0,hold,independent_meta,,1.0,1.0,1.0,0.0,.SIM_SPY_260304_C_686,,1.0,0.0,,,,,,,,,,,,,,,,,,,,
policy_1m,SPY,2026-03-04 15:52:00+00:00,684.89,684.89,684.1,684.1,4181.0,hold,independent_meta,,1.0,1.0,1.0,0.0,.SIM_SPY_260304_C_686,,1.0,0.0,,,,,,,,,,,,,,,,,,,,
policy_1m,SPY,2026-03-04 15:53:00+00:00,684.14,684.57,684.12,684.56,3433.0,hold,independent_meta,,1.0,1.0,1.0,0.0,.SIM_SPY_260304_C_686,,1.0,0.0,,,,,,,,,,,,,,,,,,,,
policy_1m,SPY,2026-03-04 15:54:00+00:00,684.6,684.99,684.58,684.97,3468.0,hold,independent_meta,,1.0,1.0,1.0,0.0,.SIM_SPY_260304_C_686,,1.0,0.0,,,,,,,,,,,,,,,,,,,,
policy_1m,SPY,2026-03-04 15:55:00+00:00,685.0,685.46,684.94,685.3,4859.0,hold,independent_meta,,1.0,1.0,1.0,0.0,.SIM_SPY_260304_C_686,,1.0,0.0,,,,,,,,,,,,,,,,,,,,
policy_1m,SPY,2026-03-04 15:56:00+00:00,685.21,685.46,685.16,685.31,3607.0,hold,independent_meta,,1.0,1.0,1.0,0.0,.SIM_SPY_260304_C_686,,1.0,0.0,,,,,,,,,,,,,,,,,,,,
policy_1m,SPY,2026-03-04 15:57:00+00:00,685.43,685.6,685.29,685.59,4650.0,hold,independent_meta,,1.0,1.0,1.0,0.0,.SIM_SPY_260304_C_686,,1.0,0.0,,,,,,,,,,,,,,,,,,,,
policy_1m,SPY,2026-03-04 15:58:00+00:00,685.6,685.85,685.565,685.83,11279.0,hold,independent_meta,,1.0,1.0,1.0,0.0,.SIM_SPY_260304_C_686,,1.0,0.0,,,,,,,,,,,,,,,,,,,,
policy_1m,SPY,2026-03-04 15:59:00+00:00,685.82,685.9,685.71,685.83,4409.0,hold,independent_meta,,1.0,1.0,1.0,0.0,.SIM_SPY_260304_C_686,,1.0,0.0,,,,,,,,,,,,,,,,,,,,
policy_1m,SPY,2026-03-04 16:00:00+00:00,685.86,686.19,685.855,686.07,7101.0,hold,independent_meta,,1.0,1.0,1.0,0.0,.SIM_SPY_260304_C_686,,1.0,0.0,,,,,,,,,,,,,,,,,,,,
meta_10m,SPY,2026-03-04 15:50:00+00:00,684.57,685.9,684.1,685.83,49770.0,,,,,,,,,,,,,,,policy_only,0.0247353445738554,0.6210178136825562,,,0.2501619756221771,0.3102385103702545,0.01902140863239765,0.42381614446640015,,,,,0.5,0.5,0.65,0.65
policy_1m,SPY,2026-03-04 16:01:00+00:00,686.16,686.34,686.09,686.24,4967.0,hold,independent_meta,,1.0,1.0,1.0,0.0,.SIM_SPY_260304_C_686,,1.0,0.0,,,,,,,,,,,,,,,,,,,,
policy_1m,SPY,2026-03-04 16:02:00+00:00,686.26,686.58,686.175,686.29,9155.0,hold,independent_meta,,1.0,1.0,1.0,0.0,.SIM_SPY_260304_C_686,,1.0,0.0,,,,,,,,,,,,,,,,,,,,
policy_1m,SPY,2026-03-04 16:03:00+00:00,686.28,686.615,686.28,686.5,6563.0,hold,independent_meta,,1.0,1.0,1.0,0.0,.SIM_SPY_260304_C_686,,1.0,0.0,,,,,,,,,,,,,,,,,,,,
policy_1m,SPY,2026-03-04 16:04:00+00:00,686.51,686.51,686.2,686.22,8173.0,open_short,independent_meta,,0.0,0.0,1.0,1.0,.SIM_SPY_260304_C_686,.SIM_SPY_260304_P_685,1.0,1.0,,,,,,,,,,,,,,,,,,,,
policy_1m,SPY,2026-03-04 16:05:00+00:00,686.27,686.29,685.67,685.86,12034.0,close_long,independent_meta,,-1.0,-1.0,0.0,1.0,,.SIM_SPY_260304_P_685,0.0,1.0,,,,,,,,,,,,,,,,,,,,
policy_1m,SPY,2026-03-04 16:06:00+00:00,685.86,686.18,685.83,686.06,5686.0,hold,independent_meta,,-1.0,-1.0,0.0,1.0,,.SIM_SPY_260304_P_685,0.0,1.0,,,,,,,,,,,,,,,,,,,,
policy_1m,SPY,2026-03-04 16:07:00+00:00,685.99,686.04,685.79,685.82,11914.0,hold,independent_meta,,-1.0,-1.0,0.0,1.0,,.SIM_SPY_260304_P_685,0.0,1.0,,,,,,,,,,,,,,,,,,,,
policy_1m,SPY,2026-03-04 16:08:00+00:00,685.84,685.84,685.61,685.7,4054.0,hold,independent_meta,,-1.0,-1.0,0.0,1.0,,.SIM_SPY_260304_P_685,0.0,1.0,,,,,,,,,,,,,,,,,,,,
policy_1m,SPY,2026-03-04 16:09:00+00:00,685.74,685.8,685.52,685.67,5939.0,hold,independent_meta,,-1.0,-1.0,0.0,1.0,,.SIM_SPY_260304_P_685,0.0,1.0,,,,,,,,,,,,,,,,,,,,
policy_1m,SPY,2026-03-04 16:10:00+00:00,685.59,685.7,685.255,685.255,9170.0,hold,independent_meta,,-1.0,-1.0,0.0,1.0,,.SIM_SPY_260304_P_685,0.0,1.0,,,,,,,,,,,,,,,,,,,,
meta_10m,SPY,2026-03-04 16:00:00+00:00,685.86,686.615,685.52,685.67,75586.0,,,,,,,,,,,,,,,policy_only,0.0654689148068428,0.4417179822921753,,0.1486823707818985,0.0005963589064776897,0.9041595458984375,0.09598621726036072,0.3234914541244507,,,,,0.5,0.5,0.65,0.65
policy_1m,SPY,2026-03-04 16:11:00+00:00,685.22,685.31,684.98,685.01,12512.0,hold,independent_meta,,-1.0,-1.0,0.0,1.0,,.SIM_SPY_260304_P_685,0.0,1.0,,,,,,,,,,,,,,,,,,,,
policy_1m,SPY,2026-03-04 16:12:00+00:00,684.99,684.99,684.53,684.58,10222.0,hold,independent_meta,,-1.0,-1.0,0.0,1.0,,.SIM_SPY_260304_P_685,0.0,1.0,,,,,,,,,,,,,,,,,,,,
policy_1m,SPY,2026-03-04 16:13:00+00:00,684.52,684.65,684.33,684.51,12343.0,hold,independent_meta,,-1.0,-1.0,0.0,1.0,,.SIM_SPY_260304_P_685,0.0,1.0,,,,,,,,,,,,,,,,,,,,
policy_1m,SPY,2026-03-04 16:14:00+00:00,684.55,684.7,684.34,684.54,12928.0,hold,independent_meta,,-1.0,-1.0,0.0,1.0,,.SIM_SPY_260304_P_685,0.0,1.0,,,,,,,,,,,,,,,,,,,,
policy_1m,SPY,2026-03-04 16:15:00+00:00,684.56,684.77,684.46,684.67,8867.0,hold,independent_meta,,-1.0,-1.0,0.0,1.0,,.SIM_SPY_260304_P_685,0.0,1.0,,,,,,,,,,,,,,,,,,,,
policy_1m,SPY,2026-03-04 16:16:00+00:00,684.67,684.98,684.63,684.98,5616.0,hold,independent_meta,,-1.0,-1.0,0.0,1.0,,.SIM_SPY_260304_P_685,0.0,1.0,,,,,,,,,,,,,,,,,,,,
policy_1m,SPY,2026-03-04 16:17:00+00:00,685.05,685.13,684.87,685.13,10725.0,hold,independent_meta,,-1.0,-1.0,0.0,1.0,,.SIM_SPY_260304_P_685,0.0,1.0,,,,,,,,,,,,,,,,,,,,
policy_1m,SPY,2026-03-04 16:18:00+00:00,685.0,685.0,684.52,684.53,9883.0,hold,independent_meta,,-1.0,-1.0,0.0,1.0,,.SIM_SPY_260304_P_685,0.0,1.0,,,,,,,,,,,,,,,,,,,,
policy_1m,SPY,2026-03-04 16:19:00+00:00,684.52,684.65,684.3,684.595,7917.0,hold,independent_meta,,-1.0,-1.0,0.0,1.0,,.SIM_SPY_260304_P_685,0.0,1.0,,,,,,,,,,,,,,,,,,,,
policy_1m,SPY,2026-03-04 16:20:00+00:00,684.54,684.8,684.26,684.8,7450.0,hold,independent_meta,,-1.0,-1.0,0.0,1.0,,.SIM_SPY_260304_P_685,0.0,1.0,,,,,,,,,,,,,,,,,,,,
meta_10m,SPY,2026-03-04 16:10:00+00:00,685.59,685.7,684.3,684.595,100183.0,,,,,,,,,,,,,,,policy_only,0.7262489199638367,0.03947160020470619,,0.1428702026605606,0.11498201638460159,0.20912328362464905,0.8063161969184875,0.07241062074899673,,,,,0.5,0.5,0.65,0.65
policy_1m,SPY,2026-03-04 16:21:00+00:00,684.73,684.96,684.65,684.67,2925.0,hold,independent_meta,,-1.0,-1.0,0.0,1.0,,.SIM_SPY_260304_P_685,0.0,1.0,,,,,,,,,,,,,,,,,,,,
policy_1m,SPY,2026-03-04 16:22:00+00:00,684.64,684.64,684.4,684.51,2953.0,hold,independent_meta,,-1.0,-1.0,0.0,1.0,,.SIM_SPY_260304_P_685,0.0,1.0,,,,,,,,,,,,,,,,,,,,
policy_1m,SPY,2026-03-04 16:23:00+00:00,684.34,684.44,684.19,684.42,5941.0,hold,independent_meta,,-1.0,-1.0,0.0,1.0,,.SIM_SPY_260304_P_685,0.0,1.0,,,,,,,,,,,,,,,,,,,,
policy_1m,SPY,2026-03-04 16:24:00+00:00,684.27,684.49,684.2,684.48,7535.0,hold,independent_meta,,-1.0,-1.0,0.0,1.0,,.SIM_SPY_260304_P_685,0.0,1.0,,,,,,,,,,,,,,,,,,,,
policy_1m,SPY,2026-03-04 16:25:00+00:00,684.44,684.98,684.32,684.91,7268.0,open_long,independent_meta,,0.0,0.0,1.0,1.0,.SIM_SPY_260304_C_687,.SIM_SPY_260304_P_685,1.0,1.0,,,,,,,,,,,,,,,,,,,,
policy_1m,SPY,2026-03-04 16:26:00+00:00,684.91,685.16,684.91,685.06,11094.0,close_short,independent_meta,,1.0,1.0,1.0,0.0,.SIM_SPY_260304_C_687,,1.0,0.0,,,,,,,,,,,,,,,,,,,,
policy_1m,SPY,2026-03-04 16:27:00+00:00,685.06,685.44,684.96,685.34,6573.0,hold,independent_meta,,1.0,1.0,1.0,0.0,.SIM_SPY_260304_C_687,,1.0,0.0,,,,,,,,,,,,,,,,,,,,
policy_1m,SPY,2026-03-04 16:28:00+00:00,685.35,685.35,684.91,685.23,4283.0,hold,independent_meta,,1.0,1.0,1.0,0.0,.SIM_SPY_260304_C_687,,1.0,0.0,,,,,,,,,,,,,,,,,,,,
policy_1m,SPY,2026-03-04 16:29:00+00:00,685.17,685.28,685.01,685.18,6178.0,hold,independent_meta,,1.0,1.0,1.0,0.0,.SIM_SPY_260304_C_687,,1.0,0.0,,,,,,,,,,,,,,,,,,,,
policy_1m,SPY,2026-03-04 16:30:00+00:00,685.185,685.35,685.15,685.23,3830.0,hold,independent_meta,,1.0,1.0,1.0,0.0,.SIM_SPY_260304_C_687,,1.0,0.0,,,,,,,,,,,,,,,,,,,,
meta_10m,SPY,2026-03-04 16:20:00+00:00,684.54,685.44,684.19,685.18,62200.0,,,,,,,,,,,,,,,policy_only,0.6952831149101257,0.034474827349185944,,0.8243398666381836,0.7451853156089783,0.028426524251699448,0.601577877998352,0.10015171766281128,,,,,0.5,0.5,0.65,0.65
policy_1m,SPY,2026-03-04 16:31:00+00:00,685.21,685.51,685.17,685.45,2674.0,hold,independent_meta,,1.0,1.0,1.0,0.0,.SIM_SPY_260304_C_687,,1.0,0.0,,,,,,,,,,,,,,,,,,,,
policy_1m,SPY,2026-03-04 16:32:00+00:00,685.475,685.55,685.28,685.47,4521.0,hold,independent_meta,,1.0,1.0,1.0,0.0,.SIM_SPY_260304_C_687,,1.0,0.0,,,,,,,,,,,,,,,,,,,,
policy_1m,SPY,2026-03-04 16:33:00+00:00,685.57,685.73,685.57,685.68,10223.0,hold,independent_meta,,1.0,1.0,1.0,0.0,.SIM_SPY_260304_C_687,,1.0,0.0,,,,,,,,,,,,,,,,,,,,
policy_1m,SPY,2026-03-04 16:34:00+00:00,685.67,685.83,685.5,685.54,13439.0,hold,independent_meta,,1.0,1.0,1.0,0.0,.SIM_SPY_260304_C_687,,1.0,0.0,,,,,,,,,,,,,,,,,,,,
policy_1m,SPY,2026-03-04 16:35:00+00:00,685.6,685.8,685.35,685.53,18723.0,hold,independent_meta,,1.0,1.0,1.0,0.0,.SIM_SPY_260304_C_687,,1.0,0.0,,,,,,,,,,,,,,,,,,,,
policy_1m,SPY,2026-03-04 16:36:00+00:00,685.52,685.82,685.43,685.75,7959.0,hold,independent_meta,,1.0,1.0,1.0,0.0,.SIM_SPY_260304_C_687,,1.0,0.0,,,,,,,,,,,,,,,,,,,,
policy_1m,SPY,2026-03-04 16:37:00+00:00,685.72,685.72,685.31,685.32,8936.0,hold,independent_meta,,1.0,1.0,1.0,0.0,.SIM_SPY_260304_C_687,,1.0,0.0,,,,,,,,,,,,,,,,,,,,
policy_1m,SPY,2026-03-04 16:38:00+00:00,685.36,685.4,684.87,685.4,10415.0,hold,independent_meta,,1.0,1.0,1.0,0.0,.SIM_SPY_260304_C_687,,1.0,0.0,,,,,,,,,,,,,,,,,,,,
policy_1m,SPY,2026-03-04 16:39:00+00:00,685.49,685.54,685.07,685.08,3903.0,hold,independent_meta,,1.0,1.0,1.0,0.0,.SIM_SPY_260304_C_687,,1.0,0.0,,,,,,,,,,,,,,,,,,,,
policy_1m,SPY,2026-03-04 16:40:00+00:00,685.11,685.7,685.05,685.64,3849.0,hold,independent_meta,,1.0,1.0,1.0,0.0,.SIM_SPY_260304_C_687,,1.0,0.0,,,,,,,,,,,,,,,,,,,,
meta_10m,SPY,2026-03-04 16:30:00+00:00,685.185,685.83,684.87,685.08,84623.0,,,,,,,,,,,,,,,policy_only,0.7801673412322998,0.019130615517497063,,,0.04989365488290787,0.37312066555023193,0.8334607481956482,0.04185153916478157,,,,,0.5,0.5,0.65,0.65
policy_1m,SPY,2026-03-04 16:41:00+00:00,685.63,685.96,685.57,685.96,6129.0,hold,independent_meta,,1.0,1.0,1.0,0.0,.SIM_SPY_260304_C_687,,1.0,0.0,,,,,,,,,,,,,,,,,,,,
policy_1m,SPY,2026-03-04 16:42:00+00:00,685.9,686.12,685.89,686.07,8439.0,hold,independent_meta,,1.0,1.0,1.0,0.0,.SIM_SPY_260304_C_687,,1.0,0.0,,,,,,,,,,,,,,,,,,,,
policy_1m,SPY,2026-03-04 16:43:00+00:00,686.07,686.21,686.03,686.12,7215.0,hold,independent_meta,,1.0,1.0,1.0,0.0,.SIM_SPY_260304_C_687,,1.0,0.0,,,,,,,,,,,,,,,,,,,,
policy_1m,SPY,2026-03-04 16:44:00+00:00,686.08,686.29,686.02,686.13,7371.0,hold,independent_meta,,1.0,1.0,1.0,0.0,.SIM_SPY_260304_C_687,,1.0,0.0,,,,,,,,,,,,,,,,,,,,
policy_1m,SPY,2026-03-04 16:45:00+00:00,686.14,686.34,686.03,686.31,6347.0,hold,independent_meta,,1.0,1.0,1.0,0.0,.SIM_SPY_260304_C_687,,1.0,0.0,,,,,,,,,,,,,,,,,,,,
policy_1m,SPY,2026-03-04 16:46:00+00:00,686.3,686.38,686.21,686.36,14530.0,hold,independent_meta,,1.0,1.0,1.0,0.0,.SIM_SPY_260304_C_687,,1.0,0.0,,,,,,,,,,,,,,,,,,,,
policy_1m,SPY,2026-03-04 16:47:00+00:00,686.36,686.4,686.11,686.115,11393.0,hold,independent_meta,,1.0,1.0,1.0,0.0,.SIM_SPY_260304_C_687,,1.0,0.0,,,,,,,,,,,,,,,,,,,,
policy_1m,SPY,2026-03-04 16:48:00+00:00,686.09,686.16,685.86,686.1,6038.0,hold,independent_meta,,1.0,1.0,1.0,0.0,.SIM_SPY_260304_C_687,,1.0,0.0,,,,,,,,,,,,,,,,,,,,
policy_1m,SPY,2026-03-04 16:49:00+00:00,686.19,686.21,686.04,686.1,4325.0,hold,independent_meta,,1.0,1.0,1.0,0.0,.SIM_SPY_260304_C_687,,1.0,0.0,,,,,,,,,,,,,,,,,,,,
policy_1m,SPY,2026-03-04 16:50:00+00:00,686.06,686.12,685.61,685.67,12326.0,hold,independent_meta,,1.0,1.0,1.0,0.0,.SIM_SPY_260304_C_687,,1.0,0.0,,,,,,,,,,,,,,,,,,,,
meta_10m,SPY,2026-03-04 16:40:00+00:00,685.11,686.4,685.05,686.1,75636.0,,,,,,,,,,,,,,,policy_only,0.13291481137275696,0.31894129514694214,0.2609928548336029,,0.00801539421081543,0.6282619833946228,0.08308243006467819,0.34066861867904663,,,,,0.5,0.5,0.65,0.65
policy_1m,SPY,2026-03-04 16:51:00+00:00,685.67,685.76,685.59,685.65,5692.0,hold,independent_meta,,1.0,1.0,1.0,0.0,.SIM_SPY_260304_C_687,,1.0,0.0,,,,,,,,,,,,,,,,,,,,
policy_1m,SPY,2026-03-04 16:52:00+00:00,685.64,686.02,685.62,686.01,5736.0,hold,independent_meta,,1.0,1.0,1.0,0.0,.SIM_SPY_260304_C_687,,1.0,0.0,,,,,,,,,,,,,,,,,,,,
policy_1m,SPY,2026-03-04 16:53:00+00:00,686.1,686.27,686.1,686.24,2491.0,hold,independent_meta,,1.0,1.0,1.0,0.0,.SIM_SPY_260304_C_687,,1.0,0.0,,,,,,,,,,,,,,,,,,,,
policy_1m,SPY,2026-03-04 16:54:00+00:00,686.2,686.27,686.065,686.07,4428.0,hold,independent_meta,,1.0,1.0,1.0,0.0,.SIM_SPY_260304_C_687,,1.0,0.0,,,,,,,,,,,,,,,,,,,,
policy_1m,SPY,2026-03-04 16:55:00+00:00,686.01,686.24,686.01,686.2,2793.0,hold,independent_meta,,1.0,1.0,1.0,0.0,.SIM_SPY_260304_C_687,,1.0,0.0,,,,,,,,,,,,,,,,,,,,
policy_1m,SPY,2026-03-04 16:56:00+00:00,686.13,686.13,685.88,685.93,3944.0,hold,independent_meta,,1.0,1.0,1.0,0.0,.SIM_SPY_260304_C_687,,1.0,0.0,,,,,,,,,,,,,,,,,,,,
policy_1m,SPY,2026-03-04 16:57:00+00:00,685.9,685.96,685.74,685.79,3321.0,hold,independent_meta,,1.0,1.0,1.0,0.0,.SIM_SPY_260304_C_687,,1.0,0.0,,,,,,,,,,,,,,,,,,,,
policy_1m,SPY,2026-03-04 16:58:00+00:00,685.78,685.92,685.78,685.84,5082.0,hold,independent_meta,,1.0,1.0,1.0,0.0,.SIM_SPY_260304_C_687,,1.0,0.0,,,,,,,,,,,,,,,,,,,,
policy_1m,SPY,2026-03-04 16:59:00+00:00,685.865,685.87,685.69,685.8,7897.0,hold,independent_meta,,1.0,1.0,1.0,0.0,.SIM_SPY_260304_C_687,,1.0,0.0,,,,,,,,,,,,,,,,,,,,
policy_1m,SPY,2026-03-04 17:00:00+00:00,685.78,685.81,685.54,685.79,5276.0,hold,independent_meta,,1.0,1.0,1.0,0.0,.SIM_SPY_260304_C_687,,1.0,0.0,,,,,,,,,,,,,,,,,,,,
meta_10m,SPY,2026-03-04 16:50:00+00:00,686.06,686.27,685.59,685.8,53710.0,,,,,,,,,,,,,,,policy_only,0.5281683802604675,0.09990999847650528,0.7488093376159668,,8.111245551845059e-05,0.023229792714118958,0.3218555152416229,0.18345396220684052,,,,,0.5,0.5,0.65,0.65
policy_1m,SPY,2026-03-04 17:01:00+00:00,685.81,686.04,685.81,685.98,2899.0,hold,independent_meta,,1.0,1.0,1.0,0.0,.SIM_SPY_260304_C_687,,1.0,0.0,,,,,,,,,,,,,,,,,,,,
policy_1m,SPY,2026-03-04 17:02:00+00:00,685.96,686.11,685.89,686.11,4312.0,hold,independent_meta,,1.0,1.0,1.0,0.0,.SIM_SPY_260304_C_687,,1.0,0.0,,,,,,,,,,,,,,,,,,,,
policy_1m,SPY,2026-03-04 17:03:00+00:00,686.1,686.31,686.06,686.23,5386.0,hold,independent_meta,,1.0,1.0,1.0,0.0,.SIM_SPY_260304_C_687,,1.0,0.0,,,,,,,,,,,,,,,,,,,,
policy_1m,SPY,2026-03-04 17:04:00+00:00,686.28,686.31,686.16,686.28,3706.0,hold,independent_meta,,1.0,1.0,1.0,0.0,.SIM_SPY_260304_C_687,,1.0,0.0,,,,,,,,,,,,,,,,,,,,
policy_1m,SPY,2026-03-04 17:05:00+00:00,686.28,686.36,686.19,686.22,8976.0,close_long,independent_meta,,0.0,0.0,0.0,0.0,,,0.0,0.0,,,,,,,,,,,,,,,,,,,,
policy_1m,SPY,2026-03-04 17:06:00+00:00,686.24,686.25,686.16,686.17,2938.0,hold,independent_meta,,0.0,0.0,0.0,0.0,,,0.0,0.0,,,,,,,,,,,,,,,,,,,,
policy_1m,SPY,2026-03-04 17:07:00+00:00,686.19,686.25,685.94,686.0,12876.0,hold,independent_meta,,0.0,0.0,0.0,0.0,,,0.0,0.0,,,,,,,,,,,,,,,,,,,,
policy_1m,SPY,2026-03-04 17:08:00+00:00,685.97,686.04,685.87,686.03,5649.0,hold,independent_meta,,0.0,0.0,0.0,0.0,,,0.0,0.0,,,,,,,,,,,,,,,,,,,,
policy_1m,SPY,2026-03-04 17:09:00+00:00,685.99,686.21,685.87,686.05,5159.0,hold,independent_meta,,0.0,0.0,0.0,0.0,,,0.0,0.0,,,,,,,,,,,,,,,,,,,,
policy_1m,SPY,2026-03-04 17:10:00+00:00,686.08,686.27,686.08,686.2,3504.0,hold,independent_meta,,0.0,0.0,0.0,0.0,,,0.0,0.0,,,,,,,,,,,,,,,,,,,,
meta_10m,SPY,2026-03-04 17:00:00+00:00,685.78,686.36,685.54,686.05,57177.0,,,,,,,,,,,,,,,policy_only,0.10599612444639206,0.21496577560901642,,,0.0022793468087911606,0.5028194785118103,0.0828118845820427,0.26255637407302856,,,,,0.5,0.5,0.65,0.65
policy_1m,SPY,2026-03-04 17:11:00+00:00,686.15,686.3,686.04,686.25,3885.0,hold,independent_meta,,0.0,0.0,0.0,0.0,,,0.0,0.0,,,,,,,,,,,,,,,,,,,,
policy_1m,SPY,2026-03-04 17:12:00+00:00,686.23,686.24,685.99,686.13,4561.0,hold,independent_meta,,0.0,0.0,0.0,0.0,,,0.0,0.0,,,,,,,,,,,,,,,,,,,,
policy_1m,SPY,2026-03-04 17:13:00+00:00,686.07,686.16,686.06,686.11,1807.0,hold,independent_meta,,0.0,0.0,0.0,0.0,,,0.0,0.0,,,,,,,,,,,,,,,,,,,,
policy_1m,SPY,2026-03-04 17:14:00+00:00,686.12,686.17,685.99,686.03,7621.0,hold,independent_meta,,0.0,0.0,0.0,0.0,,,0.0,0.0,,,,,,,,,,,,,,,,,,,,
policy_1m,SPY,2026-03-04 17:15:00+00:00,686.04,686.04,685.82,685.98,6865.0,hold,independent_meta,,0.0,0.0,0.0,0.0,,,0.0,0.0,,,,,,,,,,,,,,,,,,,,
policy_1m,SPY,2026-03-04 17:16:00+00:00,685.96,686.14,685.94,686.08,4749.0,hold,independent_meta,,0.0,0.0,0.0,0.0,,,0.0,0.0,,,,,,,,,,,,,,,,,,,,
policy_1m,SPY,2026-03-04 17:17:00+00:00,686.05,686.14,686.01,686.05,4221.0,hold,independent_meta,,0.0,0.0,0.0,0.0,,,0.0,0.0,,,,,,,,,,,,,,,,,,,,
policy_1m,SPY,2026-03-04 17:18:00+00:00,686.07,686.07,685.82,685.85,4980.0,hold,independent_meta,,0.0,0.0,0.0,0.0,,,0.0,0.0,,,,,,,,,,,,,,,,,,,,
policy_1m,SPY,2026-03-04 17:19:00+00:00,685.905,685.98,685.85,685.92,4140.0,hold,independent_meta,,0.0,0.0,0.0,0.0,,,0.0,0.0,,,,,,,,,,,,,,,,,,,,
policy_1m,SPY,2026-03-04 17:20:00+00:00,685.93,686.09,685.795,685.83,5619.0,hold,independent_meta,,0.0,0.0,0.0,0.0,,,0.0,0.0,,,,,,,,,,,,,,,,,,,,
meta_10m,SPY,2026-03-04 17:10:00+00:00,686.08,686.3,685.82,685.92,46333.0,,,,,,,,,,,,,,,policy_only,0.33719924092292786,0.08638154715299606,,,0.0001761663588695228,0.032515667378902435,0.2841302752494812,0.09712369740009308,,,,,0.5,0.5,0.65,0.65
policy_1m,SPY,2026-03-04 17:21:00+00:00,685.83,685.89,685.6,685.6,7445.0,hold,independent_meta,,0.0,0.0,0.0,0.0,,,0.0,0.0,,,,,,,,,,,,,,,,,,,,
policy_1m,SPY,2026-03-04 17:22:00+00:00,685.58,685.62,685.4,685.45,9205.0,hold,independent_meta,,0.0,0.0,0.0,0.0,,,0.0,0.0,,,,,,,,,,,,,,,,,,,,
policy_1m,SPY,2026-03-04 17:23:00+00:00,685.47,685.72,685.47,685.51,4185.0,hold,independent_meta,,0.0,0.0,0.0,0.0,,,0.0,0.0,,,,,,,,,,,,,,,,,,,,
policy_1m,SPY,2026-03-04 17:24:00+00:00,685.52,685.8,685.5,685.8,3620.0,hold,independent_meta,,0.0,0.0,0.0,0.0,,,0.0,0.0,,,,,,,,,,,,,,,,,,,,
policy_1m,SPY,2026-03-04 17:25:00+00:00,685.81,686.1,685.81,685.91,6579.0,hold,independent_meta,,0.0,0.0,0.0,0.0,,,0.0,0.0,,,,,,,,,,,,,,,,,,,,
policy_1m,SPY,2026-03-04 17:26:00+00:00,685.85,685.97,685.77,685.94,2997.0,hold,independent_meta,,0.0,0.0,0.0,0.0,,,0.0,0.0,,,,,,,,,,,,,,,,,,,,
policy_1m,SPY,2026-03-04 17:27:00+00:00,685.91,685.92,685.57,685.57,4297.0,hold,independent_meta,,0.0,0.0,0.0,0.0,,,0.0,0.0,,,,,,,,,,,,,,,,,,,,
policy_1m,SPY,2026-03-04 17:28:00+00:00,685.57,685.72,685.55,685.58,8650.0,hold,independent_meta,,0.0,0.0,0.0,0.0,,,0.0,0.0,,,,,,,,,,,,,,,,,,,,
policy_1m,SPY,2026-03-04 17:29:00+00:00,685.6,685.6,685.32,685.33,6592.0,hold,independent_meta,,0.0,0.0,0.0,0.0,,,0.0,0.0,,,,,,,,,,,,,,,,,,,,
policy_1m,SPY,2026-03-04 17:30:00+00:00,685.33,685.45,685.06,685.08,9968.0,hold,independent_meta,,0.0,0.0,0.0,0.0,,,0.0,0.0,,,,,,,,,,,,,,,,,,,,
meta_10m,SPY,2026-03-04 17:20:00+00:00,685.93,686.1,685.32,685.33,59189.0,,,,,,,,,,,,,,,policy_only,0.8293421864509583,0.027362005785107613,,,0.14715252816677094,0.16447962820529938,0.8768618106842041,0.041122905910015106,,,,,0.5,0.5,0.65,0.65
policy_1m,SPY,2026-03-04 17:31:00+00:00,685.07,685.1,684.79,685.03,8593.0,hold,independent_meta,,0.0,0.0,0.0,0.0,,,0.0,0.0,,,,,,,,,,,,,,,,,,,,
policy_1m,SPY,2026-03-04 17:32:00+00:00,684.95,684.97,684.61,684.71,9018.0,hold,independent_meta,,0.0,0.0,0.0,0.0,,,0.0,0.0,,,,,,,,,,,,,,,,,,,,
policy_1m,SPY,2026-03-04 17:33:00+00:00,684.74,685.29,684.59,685.26,7498.0,open_long,independent_meta,,1.0,1.0,1.0,0.0,.SIM_SPY_260304_C_687,,1.0,0.0,,,,,,,,,,,,,,,,,,,,
policy_1m,SPY,2026-03-04 17:34:00+00:00,685.26,685.49,685.21,685.47,4735.0,hold,independent_meta,,1.0,1.0,1.0,0.0,.SIM_SPY_260304_C_687,,1.0,0.0,,,,,,,,,,,,,,,,,,,,
policy_1m,SPY,2026-03-04 17:35:00+00:00,685.56,685.75,685.56,685.6,8353.0,hold,independent_meta,,1.0,1.0,1.0,0.0,.SIM_SPY_260304_C_687,,1.0,0.0,,,,,,,,,,,,,,,,,,,,
policy_1m,SPY,2026-03-04 17:36:00+00:00,685.59,685.83,685.59,685.83,1934.0,hold,independent_meta,,1.0,1.0,1.0,0.0,.SIM_SPY_260304_C_687,,1.0,0.0,,,,,,,,,,,,,,,,,,,,
policy_1m,SPY,2026-03-04 17:37:00+00:00,685.7,685.71,685.47,685.5,2392.0,hold,independent_meta,,1.0,1.0,1.0,0.0,.SIM_SPY_260304_C_687,,1.0,0.0,,,,,,,,,,,,,,,,,,,,
policy_1m,SPY,2026-03-04 17:38:00+00:00,685.51,685.67,685.31,685.65,4761.0,hold,independent_meta,,1.0,1.0,1.0,0.0,.SIM_SPY_260304_C_687,,1.0,0.0,,,,,,,,,,,,,,,,,,,,
policy_1m,SPY,2026-03-04 17:39:00+00:00,685.7,686.08,685.7,686.05,5383.0,hold,independent_meta,,1.0,1.0,1.0,0.0,.SIM_SPY_260304_C_687,,1.0,0.0,,,,,,,,,,,,,,,,,,,,
policy_1m,SPY,2026-03-04 17:40:00+00:00,686.04,686.2,686.01,686.16,2778.0,hold,independent_meta,,1.0,1.0,1.0,0.0,.SIM_SPY_260304_C_687,,1.0,0.0,,,,,,,,,,,,,,,,,,,,
meta_10m,SPY,2026-03-04 17:30:00+00:00,685.33,686.08,684.59,686.05,62635.0,,,,,,,,,,,,,,,policy_only,0.42957910895347595,0.06756219267845154,0.16660068929195404,,0.9164659380912781,0.14762094616889954,0.2398923933506012,0.16546374559402466,,,,,0.5,0.5,0.65,0.65
policy_1m,SPY,2026-03-04 17:41:00+00:00,686.13,686.14,685.92,686.01,3666.0,hold,independent_meta,,1.0,1.0,1.0,0.0,.SIM_SPY_260304_C_687,,1.0,0.0,,,,,,,,,,,,,,,,,,,,
policy_1m,SPY,2026-03-04 17:42:00+00:00,686.01,686.02,685.73,685.75,4060.0,hold,independent_meta,,1.0,1.0,1.0,0.0,.SIM_SPY_260304_C_687,,1.0,0.0,,,,,,,,,,,,,,,,,,,,
policy_1m,SPY,2026-03-04 17:43:00+00:00,685.75,685.77,685.57,685.7,4080.0,hold,independent_meta,,1.0,1.0,1.0,0.0,.SIM_SPY_260304_C_687,,1.0,0.0,,,,,,,,,,,,,,,,,,,,
policy_1m,SPY,2026-03-04 17:44:00+00:00,685.77,685.86,685.72,685.81,2139.0,hold,independent_meta,,1.0,1.0,1.0,0.0,.SIM_SPY_260304_C_687,,1.0,0.0,,,,,,,,,,,,,,,,,,,,
policy_1m,SPY,2026-03-04 17:45:00+00:00,685.79,685.97,685.79,685.9,2008.0,hold,independent_meta,,1.0,1.0,1.0,0.0,.SIM_SPY_260304_C_687,,1.0,0.0,,,,,,,,,,,,,,,,,,,,
policy_1m,SPY,2026-03-04 17:46:00+00:00,685.89,686.13,685.88,685.98,3057.0,hold,independent_meta,,1.0,1.0,1.0,0.0,.SIM_SPY_260304_C_687,,1.0,0.0,,,,,,,,,,,,,,,,,,,,
policy_1m,SPY,2026-03-04 17:47:00+00:00,686.01,686.04,685.92,686.04,2256.0,hold,independent_meta,,1.0,1.0,1.0,0.0,.SIM_SPY_260304_C_687,,1.0,0.0,,,,,,,,,,,,,,,,,,,,
policy_1m,SPY,2026-03-04 17:48:00+00:00,686.08,686.09,685.99,686.02,3168.0,hold,independent_meta,,1.0,1.0,1.0,0.0,.SIM_SPY_260304_C_687,,1.0,0.0,,,,,,,,,,,,,,,,,,,,
policy_1m,SPY,2026-03-04 17:49:00+00:00,686.06,686.06,685.91,685.93,3344.0,hold,independent_meta,,1.0,1.0,1.0,0.0,.SIM_SPY_260304_C_687,,1.0,0.0,,,,,,,,,,,,,,,,,,,,
policy_1m,SPY,2026-03-04 17:50:00+00:00,685.96,686.06,685.9,685.9,2067.0,hold,independent_meta,,1.0,1.0,1.0,0.0,.SIM_SPY_260304_C_687,,1.0,0.0,,,,,,,,,,,,,,,,,,,,
meta_10m,SPY,2026-03-04 17:40:00+00:00,686.04,686.2,685.57,685.93,30556.0,,,,,,,,,,,,,,,policy_only,0.7316049933433533,0.012946490198373795,0.3749063014984131,,0.0641588345170021,0.5196347832679749,0.7061488628387451,0.04468398541212082,,,,,0.5,0.5,0.65,0.65
policy_1m,SPY,2026-03-04 17:51:00+00:00,686.0,686.16,685.91,685.91,1846.0,hold,independent_meta,,1.0,1.0,1.0,0.0,.SIM_SPY_260304_C_687,,1.0,0.0,,,,,,,,,,,,,,,,,,,,
policy_1m,SPY,2026-03-04 17:52:00+00:00,685.89,685.94,685.8,685.92,2416.0,hold,independent_meta,,1.0,1.0,1.0,0.0,.SIM_SPY_260304_C_687,,1.0,0.0,,,,,,,,,,,,,,,,,,,,
policy_1m,SPY,2026-03-04 17:53:00+00:00,685.87,686.37,685.87,686.33,5732.0,hold,independent_meta,,1.0,1.0,1.0,0.0,.SIM_SPY_260304_C_687,,1.0,0.0,,,,,,,,,,,,,,,,,,,,
policy_1m,SPY,2026-03-04 17:54:00+00:00,686.33,686.41,686.18,686.3,6786.0,hold,independent_meta,,1.0,1.0,1.0,0.0,.SIM_SPY_260304_C_687,,1.0,0.0,,,,,,,,,,,,,,,,,,,,
policy_1m,SPY,2026-03-04 17:55:00+00:00,686.33,686.33,686.11,686.15,3999.0,hold,independent_meta,,1.0,1.0,1.0,0.0,.SIM_SPY_260304_C_687,,1.0,0.0,,,,,,,,,,,,,,,,,,,,
policy_1m,SPY,2026-03-04 17:56:00+00:00,686.1,686.15,685.92,686.02,6347.0,hold,independent_meta,,1.0,1.0,1.0,0.0,.SIM_SPY_260304_C_687,,1.0,0.0,,,,,,,,,,,,,,,,,,,,
policy_1m,SPY,2026-03-04 17:57:00+00:00,686.0,686.03,685.92,686.01,4414.0,hold,independent_meta,,1.0,1.0,1.0,0.0,.SIM_SPY_260304_C_687,,1.0,0.0,,,,,,,,,,,,,,,,,,,,
policy_1m,SPY,2026-03-04 17:58:00+00:00,686.02,686.42,685.99,686.42,1761.0,hold,independent_meta,,1.0,1.0,1.0,0.0,.SIM_SPY_260304_C_687,,1.0,0.0,,,,,,,,,,,,,,,,,,,,
policy_1m,SPY,2026-03-04 17:59:00+00:00,686.39,686.39,686.19,686.19,3172.0,hold,independent_meta,,1.0,1.0,1.0,0.0,.SIM_SPY_260304_C_687,,1.0,0.0,,,,,,,,,,,,,,,,,,,,
policy_1m,SPY,2026-03-04 18:00:00+00:00,686.195,686.49,686.15,686.42,6490.0,hold,independent_meta,,1.0,1.0,1.0,0.0,.SIM_SPY_260304_C_687,,1.0,0.0,,,,,,,,,,,,,,,,,,,,
meta_10m,SPY,2026-03-04 17:50:00+00:00,685.96,686.42,685.8,686.19,38540.0,,,,,,,,,,,,,,,policy_only,0.5342571139335632,0.031225046142935753,0.16733552515506744,,0.0013965193647891283,0.7228278517723083,0.44835224747657776,0.0678044855594635,,,,,0.5,0.5,0.65,0.65
policy_1m,SPY,2026-03-04 18:01:00+00:00,686.41,686.41,686.25,686.28,2822.0,hold,independent_meta,,1.0,1.0,1.0,0.0,.SIM_SPY_260304_C_687,,1.0,0.0,,,,,,,,,,,,,,,,,,,,
policy_1m,SPY,2026-03-04 18:02:00+00:00,686.24,686.26,686.11,686.23,8676.0,hold,independent_meta,,1.0,1.0,1.0,0.0,.SIM_SPY_260304_C_687,,1.0,0.0,,,,,,,,,,,,,,,,,,,,
policy_1m,SPY,2026-03-04 18:03:00+00:00,686.2,686.25,686.12,686.21,4838.0,hold,independent_meta,,1.0,1.0,1.0,0.0,.SIM_SPY_260304_C_687,,1.0,0.0,,,,,,,,,,,,,,,,,,,,
policy_1m,SPY,2026-03-04 18:04:00+00:00,686.2,686.21,685.97,685.99,9824.0,hold,independent_meta,,1.0,1.0,1.0,0.0,.SIM_SPY_260304_C_687,,1.0,0.0,,,,,,,,,,,,,,,,,,,,
policy_1m,SPY,2026-03-04 18:05:00+00:00,686.0,686.12,685.78,686.06,5113.0,hold,independent_meta,,1.0,1.0,1.0,0.0,.SIM_SPY_260304_C_687,,1.0,0.0,,,,,,,,,,,,,,,,,,,,
policy_1m,SPY,2026-03-04 18:06:00+00:00,686.08,686.1,685.86,685.9,7320.0,hold,independent_meta,,1.0,1.0,1.0,0.0,.SIM_SPY_260304_C_687,,1.0,0.0,,,,,,,,,,,,,,,,,,,,
policy_1m,SPY,2026-03-04 18:07:00+00:00,685.88,686.38,685.83,686.38,6216.0,hold,independent_meta,,1.0,1.0,1.0,0.0,.SIM_SPY_260304_C_687,,1.0,0.0,,,,,,,,,,,,,,,,,,,,
policy_1m,SPY,2026-03-04 18:08:00+00:00,686.35,686.41,686.29,686.31,3973.0,hold,independent_meta,,1.0,1.0,1.0,0.0,.SIM_SPY_260304_C_687,,1.0,0.0,,,,,,,,,,,,,,,,,,,,
policy_1m,SPY,2026-03-04 18:09:00+00:00,686.33,686.38,686.235,686.24,3865.0,hold,independent_meta,,1.0,1.0,1.0,0.0,.SIM_SPY_260304_C_687,,1.0,0.0,,,,,,,,,,,,,,,,,,,,
policy_1m,SPY,2026-03-04 18:10:00+00:00,686.22,686.28,686.14,686.21,5753.0,hold,independent_meta,,1.0,1.0,1.0,0.0,.SIM_SPY_260304_C_687,,1.0,0.0,,,,,,,,,,,,,,,,,,,,
meta_10m,SPY,2026-03-04 18:00:00+00:00,686.195,686.49,685.78,686.24,59137.0,,,,,,,,,,,,,,,policy_only,0.5822206735610962,0.03560766577720642,0.4460531771183014,,0.0048267594538629055,0.6690407395362854,0.5109811425209045,0.061183568090200424,,,,,0.5,0.5,0.65,0.65
policy_1m,SPY,2026-03-04 18:11:00+00:00,686.22,686.22,686.07,686.12,6172.0,hold,independent_meta,,1.0,1.0,1.0,0.0,.SIM_SPY_260304_C_687,,1.0,0.0,,,,,,,,,,,,,,,,,,,,
policy_1m,SPY,2026-03-04 18:12:00+00:00,686.19,686.35,686.19,686.27,4173.0,hold,independent_meta,,1.0,1.0,1.0,0.0,.SIM_SPY_260304_C_687,,1.0,0.0,,,,,,,,,,,,,,,,,,,,
policy_1m,SPY,2026-03-04 18:13:00+00:00,686.24,686.29,686.015,686.17,11223.0,hold,independent_meta,,1.0,1.0,1.0,0.0,.SIM_SPY_260304_C_687,,1.0,0.0,,,,,,,,,,,,,,,,,,,,
policy_1m,SPY,2026-03-04 18:14:00+00:00,686.16,686.16,685.84,685.94,8220.0,hold,independent_meta,,1.0,1.0,1.0,0.0,.SIM_SPY_260304_C_687,,1.0,0.0,,,,,,,,,,,,,,,,,,,,
policy_1m,SPY,2026-03-04 18:15:00+00:00,685.92,685.95,685.82,685.82,6216.0,hold,independent_meta,,1.0,1.0,1.0,0.0,.SIM_SPY_260304_C_687,,1.0,0.0,,,,,,,,,,,,,,,,,,,,
policy_1m,SPY,2026-03-04 18:16:00+00:00,685.83,685.97,685.785,685.93,4343.0,hold,independent_meta,,1.0,1.0,1.0,0.0,.SIM_SPY_260304_C_687,,1.0,0.0,,,,,,,,,,,,,,,,,,,,
policy_1m,SPY,2026-03-04 18:17:00+00:00,685.91,685.95,685.69,685.82,5012.0,hold,independent_meta,,1.0,1.0,1.0,0.0,.SIM_SPY_260304_C_687,,1.0,0.0,,,,,,,,,,,,,,,,,,,,
policy_1m,SPY,2026-03-04 18:18:00+00:00,685.795,685.89,685.64,685.75,5189.0,hold,independent_meta,,1.0,1.0,1.0,0.0,.SIM_SPY_260304_C_687,,1.0,0.0,,,,,,,,,,,,,,,,,,,,
policy_1m,SPY,2026-03-04 18:19:00+00:00,685.75,685.77,685.62,685.62,8904.0,hold,independent_meta,,1.0,1.0,1.0,0.0,.SIM_SPY_260304_C_687,,1.0,0.0,,,,,,,,,,,,,,,,,,,,
policy_1m,SPY,2026-03-04 18:20:00+00:00,685.6,685.71,685.38,685.54,8589.0,close_long,independent_meta,,0.0,0.0,0.0,0.0,,,0.0,0.0,,,,,,,,,,,,,,,,,,,,
meta_10m,SPY,2026-03-04 18:10:00+00:00,686.22,686.35,685.62,685.62,65205.0,,,,,,,,,,,,,,,policy_only,0.9416231513023376,0.011183287017047405,0.5101789832115173,,0.14376524090766907,0.221060648560524,0.903203010559082,0.0341489352285862,,,,,0.5,0.5,0.65,0.65
policy_1m,SPY,2026-03-04 18:21:00+00:00,685.49,685.75,685.45,685.74,6311.0,hold,independent_meta,,0.0,0.0,0.0,0.0,,,0.0,0.0,,,,,,,,,,,,,,,,,,,,
policy_1m,SPY,2026-03-04 18:22:00+00:00,685.73,685.8,685.675,685.675,3653.0,hold,independent_meta,,0.0,0.0,0.0,0.0,,,0.0,0.0,,,,,,,,,,,,,,,,,,,,
policy_1m,SPY,2026-03-04 18:23:00+00:00,685.65,685.82,685.65,685.82,2373.0,hold,independent_meta,,0.0,0.0,0.0,0.0,,,0.0,0.0,,,,,,,,,,,,,,,,,,,,
policy_1m,SPY,2026-03-04 18:24:00+00:00,685.86,685.92,685.56,685.61,5681.0,hold,independent_meta,,0.0,0.0,0.0,0.0,,,0.0,0.0,,,,,,,,,,,,,,,,,,,,
policy_1m,SPY,2026-03-04 18:25:00+00:00,685.62,685.7,685.565,685.57,3773.0,hold,independent_meta,,0.0,0.0,0.0,0.0,,,0.0,0.0,,,,,,,,,,,,,,,,,,,,
policy_1m,SPY,2026-03-04 18:26:00+00:00,685.57,685.91,685.54,685.89,2883.0,hold,independent_meta,,0.0,0.0,0.0,0.0,,,0.0,0.0,,,,,,,,,,,,,,,,,,,,
policy_1m,SPY,2026-03-04 18:27:00+00:00,685.91,686.08,685.89,686.08,3056.0,hold,independent_meta,,0.0,0.0,0.0,0.0,,,0.0,0.0,,,,,,,,,,,,,,,,,,,,
policy_1m,SPY,2026-03-04 18:28:00+00:00,686.09,686.09,685.97,686.01,3697.0,hold,independent_meta,,0.0,0.0,0.0,0.0,,,0.0,0.0,,,,,,,,,,,,,,,,,,,,
policy_1m,SPY,2026-03-04 18:29:00+00:00,686.0,686.13,686.0,686.105,2459.0,hold,independent_meta,,0.0,0.0,0.0,0.0,,,0.0,0.0,,,,,,,,,,,,,,,,,,,,
policy_1m,SPY,2026-03-04 18:30:00+00:00,686.11,686.48,686.11,686.45,6375.0,hold,independent_meta,,0.0,0.0,0.0,0.0,,,0.0,0.0,,,,,,,,,,,,,,,,,,,,
meta_10m,SPY,2026-03-04 18:20:00+00:00,685.6,686.13,685.38,686.105,42475.0,,,,,,,,,,,,,,,policy_only,0.8087402582168579,0.015447842888534069,0.1876097321510315,,0.7795541882514954,0.17817215621471405,0.7248035073280334,0.05313458666205406,,,,,0.5,0.5,0.65,0.65
policy_1m,SPY,2026-03-04 18:31:00+00:00,686.44,686.44,686.26,686.385,4622.0,hold,independent_meta,,0.0,0.0,0.0,0.0,,,0.0,0.0,,,,,,,,,,,,,,,,,,,,
policy_1m,SPY,2026-03-04 18:32:00+00:00,686.38,686.7,686.38,686.6,11676.0,hold,independent_meta,,0.0,0.0,0.0,0.0,,,0.0,0.0,,,,,,,,,,,,,,,,,,,,
policy_1m,SPY,2026-03-04 18:33:00+00:00,686.59,686.63,686.43,686.5,3296.0,hold,independent_meta,,0.0,0.0,0.0,0.0,,,0.0,0.0,,,,,,,,,,,,,,,,,,,,
policy_1m,SPY,2026-03-04 18:34:00+00:00,686.51,686.51,686.31,686.32,5330.0,hold,independent_meta,,0.0,0.0,0.0,0.0,,,0.0,0.0,,,,,,,,,,,,,,,,,,,,
policy_1m,SPY,2026-03-04 18:35:00+00:00,686.34,686.58,686.34,686.54,3108.0,hold,independent_meta,,0.0,0.0,0.0,0.0,,,0.0,0.0,,,,,,,,,,,,,,,,,,,,
policy_1m,SPY,2026-03-04 18:36:00+00:00,686.55,686.62,686.43,686.51,3237.0,hold,independent_meta,,0.0,0.0,0.0,0.0,,,0.0,0.0,,,,,,,,,,,,,,,,,,,,
policy_1m,SPY,2026-03-04 18:37:00+00:00,686.52,686.665,686.52,686.65,7778.0,hold,independent_meta,,0.0,0.0,0.0,0.0,,,0.0,0.0,,,,,,,,,,,,,,,,,,,,
policy_1m,SPY,2026-03-04 18:38:00+00:00,686.59,686.59,686.39,686.53,3462.0,hold,independent_meta,,0.0,0.0,0.0,0.0,,,0.0,0.0,,,,,,,,,,,,,,,,,,,,
policy_1m,SPY,2026-03-04 18:39:00+00:00,686.57,686.57,686.39,686.39,6043.0,hold,independent_meta,,0.0,0.0,0.0,0.0,,,0.0,0.0,,,,,,,,,,,,,,,,,,,,
policy_1m,SPY,2026-03-04 18:40:00+00:00,686.395,686.56,686.37,686.56,2860.0,hold,independent_meta,,0.0,0.0,0.0,0.0,,,0.0,0.0,,,,,,,,,,,,,,,,,,,,
meta_10m,SPY,2026-03-04 18:30:00+00:00,686.11,686.7,686.11,686.39,54927.0,,,,,,,,,,,,,,,policy_only,0.49068108201026917,0.04079459607601166,0.08978632092475891,,0.0004961304948665202,0.8586000800132751,0.2965274453163147,0.11918217688798904,,,,,0.5,0.5,0.65,0.65
policy_1m,SPY,2026-03-04 18:41:00+00:00,686.56,686.6,686.44,686.54,4546.0,hold,independent_meta,,0.0,0.0,0.0,0.0,,,0.0,0.0,,,,,,,,,,,,,,,,,,,,
policy_1m,SPY,2026-03-04 18:42:00+00:00,686.53,686.72,686.52,686.67,5451.0,hold,independent_meta,,0.0,0.0,0.0,0.0,,,0.0,0.0,,,,,,,,,,,,,,,,,,,,
policy_1m,SPY,2026-03-04 18:43:00+00:00,686.68,686.79,686.64,686.67,7677.0,hold,independent_meta,,0.0,0.0,0.0,0.0,,,0.0,0.0,,,,,,,,,,,,,,,,,,,,
policy_1m,SPY,2026-03-04 18:44:00+00:00,686.67,686.69,686.53,686.53,3417.0,hold,independent_meta,,0.0,0.0,0.0,0.0,,,0.0,0.0,,,,,,,,,,,,,,,,,,,,
policy_1m,SPY,2026-03-04 18:45:00+00:00,686.66,686.74,686.65,686.66,3275.0,hold,independent_meta,,0.0,0.0,0.0,0.0,,,0.0,0.0,,,,,,,,,,,,,,,,,,,,
policy_1m,SPY,2026-03-04 18:46:00+00:00,686.64,686.67,686.345,686.42,7323.0,hold,independent_meta,,0.0,0.0,0.0,0.0,,,0.0,0.0,,,,,,,,,,,,,,,,,,,,
policy_1m,SPY,2026-03-04 18:47:00+00:00,686.375,686.58,686.35,686.48,3812.0,hold,independent_meta,,0.0,0.0,0.0,0.0,,,0.0,0.0,,,,,,,,,,,,,,,,,,,,
policy_1m,SPY,2026-03-04 18:48:00+00:00,686.49,686.545,686.27,686.5,2929.0,hold,independent_meta,,0.0,0.0,0.0,0.0,,,0.0,0.0,,,,,,,,,,,,,,,,,,,,
policy_1m,SPY,2026-03-04 18:49:00+00:00,686.48,686.77,686.42,686.73,2713.0,hold,independent_meta,,0.0,0.0,0.0,0.0,,,0.0,0.0,,,,,,,,,,,,,,,,,,,,
policy_1m,SPY,2026-03-04 18:50:00+00:00,686.76,686.82,686.68,686.82,5946.0,hold,independent_meta,,0.0,0.0,0.0,0.0,,,0.0,0.0,,,,,,,,,,,,,,,,,,,,
meta_10m,SPY,2026-03-04 18:40:00+00:00,686.395,686.79,686.27,686.73,44003.0,,,,,,,,,,,,,,,policy_only,0.08066980540752411,0.428686261177063,0.08179724216461182,,0.00011652966350084171,0.6571695804595947,0.04747752472758293,0.6714239120483398,,,,,0.5,0.5,0.65,0.65
policy_1m,SPY,2026-03-04 18:51:00+00:00,686.8,686.84,686.76,686.77,4732.0,hold,independent_meta,,0.0,0.0,0.0,0.0,,,0.0,0.0,,,,,,,,,,,,,,,,,,,,
policy_1m,SPY,2026-03-04 18:52:00+00:00,686.75,686.82,686.67,686.77,7010.0,hold,independent_meta,,0.0,0.0,0.0,0.0,,,0.0,0.0,,,,,,,,,,,,,,,,,,,,
policy_1m,SPY,2026-03-04 18:53:00+00:00,686.78,686.86,686.73,686.78,3575.0,hold,independent_meta,,0.0,0.0,0.0,0.0,,,0.0,0.0,,,,,,,,,,,,,,,,,,,,
policy_1m,SPY,2026-03-04 18:54:00+00:00,686.76,686.77,686.6,686.62,5715.0,hold,independent_meta,,0.0,0.0,0.0,0.0,,,0.0,0.0,,,,,,,,,,,,,,,,,,,,
policy_1m,SPY,2026-03-04 18:55:00+00:00,686.61,686.63,686.47,686.5,7638.0,hold,independent_meta,,0.0,0.0,0.0,0.0,,,0.0,0.0,,,,,,,,,,,,,,,,,,,,
policy_1m,SPY,2026-03-04 18:56:00+00:00,686.49,686.53,686.34,686.36,9043.0,hold,independent_meta,,0.0,0.0,0.0,0.0,,,0.0,0.0,,,,,,,,,,,,,,,,,,,,
policy_1m,SPY,2026-03-04 18:57:00+00:00,686.34,686.38,686.26,686.295,6384.0,hold,independent_meta,,0.0,0.0,0.0,0.0,,,0.0,0.0,,,,,,,,,,,,,,,,,,,,
policy_1m,SPY,2026-03-04 18:58:00+00:00,686.27,686.42,686.21,686.28,4191.0,hold,independent_meta,,0.0,0.0,0.0,0.0,,,0.0,0.0,,,,,,,,,,,,,,,,,,,,
policy_1m,SPY,2026-03-04 18:59:00+00:00,686.28,686.575,686.26,686.54,7696.0,hold,independent_meta,,0.0,0.0,0.0,0.0,,,0.0,0.0,,,,,,,,,,,,,,,,,,,,
policy_1m,SPY,2026-03-04 19:00:00+00:00,686.57,686.63,686.4,686.45,4359.0,hold,independent_meta,,0.0,0.0,0.0,0.0,,,0.0,0.0,,,,,,,,,,,,,,,,,,,,
meta_10m,SPY,2026-03-04 18:50:00+00:00,686.76,686.86,686.21,686.54,61930.0,,,,,,,,,,,,,,,policy_only,0.09927614778280258,0.21763893961906433,0.7078321576118469,,0.00634452560916543,0.5032942891120911,0.10439534485340118,0.33238154649734497,,,,,0.5,0.5,0.65,0.65
policy_1m,SPY,2026-03-04 19:01:00+00:00,686.49,686.75,686.45,686.72,4053.0,hold,independent_meta,,0.0,0.0,0.0,0.0,,,0.0,0.0,,,,,,,,,,,,,,,,,,,,
policy_1m,SPY,2026-03-04 19:02:00+00:00,686.74,686.81,686.69,686.78,4721.0,hold,independent_meta,,0.0,0.0,0.0,0.0,,,0.0,0.0,,,,,,,,,,,,,,,,,,,,
policy_1m,SPY,2026-03-04 19:03:00+00:00,686.77,686.8,686.67,686.76,2644.0,hold,independent_meta,,0.0,0.0,0.0,0.0,,,0.0,0.0,,,,,,,,,,,,,,,,,,,,
policy_1m,SPY,2026-03-04 19:04:00+00:00,686.81,686.89,686.81,686.82,3378.0,hold,independent_meta,,0.0,0.0,0.0,0.0,,,0.0,0.0,,,,,,,,,,,,,,,,,,,,
policy_1m,SPY,2026-03-04 19:05:00+00:00,686.81,686.83,686.665,686.67,2396.0,hold,independent_meta,,0.0,0.0,0.0,0.0,,,0.0,0.0,,,,,,,,,,,,,,,,,,,,
policy_1m,SPY,2026-03-04 19:06:00+00:00,686.7,686.74,686.62,686.68,3036.0,hold,independent_meta,,0.0,0.0,0.0,0.0,,,0.0,0.0,,,,,,,,,,,,,,,,,,,,
policy_1m,SPY,2026-03-04 19:07:00+00:00,686.68,686.88,686.68,686.8,3642.0,hold,independent_meta,,0.0,0.0,0.0,0.0,,,0.0,0.0,,,,,,,,,,,,,,,,,,,,
policy_1m,SPY,2026-03-04 19:08:00+00:00,686.81,686.825,686.75,686.77,2538.0,hold,independent_meta,,0.0,0.0,0.0,0.0,,,0.0,0.0,,,,,,,,,,,,,,,,,,,,
policy_1m,SPY,2026-03-04 19:09:00+00:00,686.78,686.8,686.71,686.73,2597.0,hold,independent_meta,,0.0,0.0,0.0,0.0,,,0.0,0.0,,,,,,,,,,,,,,,,,,,,
policy_1m,SPY,2026-03-04 19:10:00+00:00,686.74,686.87,686.71,686.71,5173.0,hold,independent_meta,,0.0,0.0,0.0,0.0,,,0.0,0.0,,,,,,,,,,,,,,,,,,,,
meta_10m,SPY,2026-03-04 19:00:00+00:00,686.57,686.89,686.4,686.73,33364.0,,,,,,,,,,,,,,,policy_only,0.0386192612349987,0.7075399160385132,,,0.0046470616944134235,0.7132176756858826,0.050787780433893204,0.7702081203460693,,,,,0.5,0.5,0.65,0.65
policy_1m,SPY,2026-03-04 19:11:00+00:00,686.695,686.76,686.67,686.76,2325.0,open_short,independent_meta,,-1.0,-1.0,0.0,1.0,,.SIM_SPY_260305_P_686,0.0,1.0,,,,,,,,,,,,,,,,,,,,
policy_1m,SPY,2026-03-04 19:12:00+00:00,686.77,686.855,686.77,686.82,2610.0,hold,independent_meta,,-1.0,-1.0,0.0,1.0,,.SIM_SPY_260305_P_686,0.0,1.0,,,,,,,,,,,,,,,,,,,,
policy_1m,SPY,2026-03-04 19:13:00+00:00,686.79,686.95,686.72,686.89,2842.0,hold,independent_meta,,-1.0,-1.0,0.0,1.0,,.SIM_SPY_260305_P_686,0.0,1.0,,,,,,,,,,,,,,,,,,,,
policy_1m,SPY,2026-03-04 19:14:00+00:00,686.89,686.9,686.79,686.82,2314.0,hold,independent_meta,,-1.0,-1.0,0.0,1.0,,.SIM_SPY_260305_P_686,0.0,1.0,,,,,,,,,,,,,,,,,,,,
policy_1m,SPY,2026-03-04 19:15:00+00:00,686.9,686.93,686.86,686.92,2324.0,hold,independent_meta,,-1.0,-1.0,0.0,1.0,,.SIM_SPY_260305_P_686,0.0,1.0,,,,,,,,,,,,,,,,,,,,
policy_1m,SPY,2026-03-04 19:16:00+00:00,686.94,686.94,686.73,686.83,6307.0,hold,independent_meta,,-1.0,-1.0,0.0,1.0,,.SIM_SPY_260305_P_686,0.0,1.0,,,,,,,,,,,,,,,,,,,,
policy_1m,SPY,2026-03-04 19:17:00+00:00,686.85,686.96,686.8,686.91,4234.0,hold,independent_meta,,-1.0,-1.0,0.0,1.0,,.SIM_SPY_260305_P_686,0.0,1.0,,,,,,,,,,,,,,,,,,,,
policy_1m,SPY,2026-03-04 19:18:00+00:00,686.91,686.95,686.86,686.88,2632.0,hold,independent_meta,,-1.0,-1.0,0.0,1.0,,.SIM_SPY_260305_P_686,0.0,1.0,,,,,,,,,,,,,,,,,,,,
policy_1m,SPY,2026-03-04 19:19:00+00:00,686.87,686.87,686.78,686.79,5202.0,hold,independent_meta,,-1.0,-1.0,0.0,1.0,,.SIM_SPY_260305_P_686,0.0,1.0,,,,,,,,,,,,,,,,,,,,
policy_1m,SPY,2026-03-04 19:20:00+00:00,686.79,686.81,686.685,686.73,4576.0,hold,independent_meta,,-1.0,-1.0,0.0,1.0,,.SIM_SPY_260305_P_686,0.0,1.0,,,,,,,,,,,,,,,,,,,,
meta_10m,SPY,2026-03-04 19:10:00+00:00,686.74,686.96,686.67,686.79,35963.0,,,,,,,,,,,,,,,policy_only,0.03070940263569355,0.8348171710968018,,0.16524995863437653,0.0002993051602970809,0.8562514185905457,0.05549457669258118,0.8865947723388672,,,,,0.5,0.5,0.65,0.65
policy_1m,SPY,2026-03-04 19:21:00+00:00,686.73,686.81,686.73,686.74,1878.0,hold,independent_meta,,-1.0,-1.0,0.0,1.0,,.SIM_SPY_260305_P_686,0.0,1.0,,,,,,,,,,,,,,,,,,,,
policy_1m,SPY,2026-03-04 19:22:00+00:00,686.75,686.76,686.62,686.65,2917.0,hold,independent_meta,,-1.0,-1.0,0.0,1.0,,.SIM_SPY_260305_P_686,0.0,1.0,,,,,,,,,,,,,,,,,,,,
policy_1m,SPY,2026-03-04 19:23:00+00:00,686.67,686.74,686.65,686.73,1198.0,hold,independent_meta,,-1.0,-1.0,0.0,1.0,,.SIM_SPY_260305_P_686,0.0,1.0,,,,,,,,,,,,,,,,,,,,
policy_1m,SPY,2026-03-04 19:24:00+00:00,686.73,686.89,686.73,686.84,3022.0,hold,independent_meta,,-1.0,-1.0,0.0,1.0,,.SIM_SPY_260305_P_686,0.0,1.0,,,,,,,,,,,,,,,,,,,,
policy_1m,SPY,2026-03-04 19:25:00+00:00,686.83,686.86,686.76,686.77,4148.0,hold,independent_meta,,-1.0,-1.0,0.0,1.0,,.SIM_SPY_260305_P_686,0.0,1.0,,,,,,,,,,,,,,,,,,,,
policy_1m,SPY,2026-03-04 19:26:00+00:00,686.77,686.78,686.49,686.5,5598.0,hold,independent_meta,,-1.0,-1.0,0.0,1.0,,.SIM_SPY_260305_P_686,0.0,1.0,,,,,,,,,,,,,,,,,,,,
policy_1m,SPY,2026-03-04 19:27:00+00:00,686.51,686.66,686.48,686.63,7035.0,hold,independent_meta,,-1.0,-1.0,0.0,1.0,,.SIM_SPY_260305_P_686,0.0,1.0,,,,,,,,,,,,,,,,,,,,
policy_1m,SPY,2026-03-04 19:28:00+00:00,686.65,686.68,686.59,686.67,4500.0,hold,independent_meta,,-1.0,-1.0,0.0,1.0,,.SIM_SPY_260305_P_686,0.0,1.0,,,,,,,,,,,,,,,,,,,,
policy_1m,SPY,2026-03-04 19:29:00+00:00,686.67,686.7,686.6,686.6,3176.0,hold,independent_meta,,-1.0,-1.0,0.0,1.0,,.SIM_SPY_260305_P_686,0.0,1.0,,,,,,,,,,,,,,,,,,,,
policy_1m,SPY,2026-03-04 19:30:00+00:00,686.61,686.73,686.6,686.66,4741.0,hold,independent_meta,,-1.0,-1.0,0.0,1.0,,.SIM_SPY_260305_P_686,0.0,1.0,,,,,,,,,,,,,,,,,,,,
meta_10m,SPY,2026-03-04 19:20:00+00:00,686.79,686.89,686.48,686.6,38048.0,,,,,,,,,,,,,,,policy_only,0.06321017444133759,0.7878831624984741,,0.0821525976061821,0.01766018196940422,0.6275636553764343,0.029075924307107925,0.9265606999397278,,,,,0.5,0.5,0.65,0.65
policy_1m,SPY,2026-03-04 19:31:00+00:00,686.68,686.805,686.655,686.77,3363.0,hold,independent_meta,,-1.0,-1.0,0.0,1.0,,.SIM_SPY_260305_P_686,0.0,1.0,,,,,,,,,,,,,,,,,,,,
policy_1m,SPY,2026-03-04 19:32:00+00:00,686.775,686.805,686.6,686.66,3715.0,hold,independent_meta,,-1.0,-1.0,0.0,1.0,,.SIM_SPY_260305_P_686,0.0,1.0,,,,,,,,,,,,,,,,,,,,
policy_1m,SPY,2026-03-04 19:33:00+00:00,686.61,686.62,686.51,686.58,2901.0,hold,independent_meta,,-1.0,-1.0,0.0,1.0,,.SIM_SPY_260305_P_686,0.0,1.0,,,,,,,,,,,,,,,,,,,,
policy_1m,SPY,2026-03-04 19:34:00+00:00,686.61,686.61,686.45,686.51,4530.0,hold,independent_meta,,-1.0,-1.0,0.0,1.0,,.SIM_SPY_260305_P_686,0.0,1.0,,,,,,,,,,,,,,,,,,,,
policy_1m,SPY,2026-03-04 19:35:00+00:00,686.515,686.73,686.51,686.73,6343.0,hold,independent_meta,,-1.0,-1.0,0.0,1.0,,.SIM_SPY_260305_P_686,0.0,1.0,,,,,,,,,,,,,,,,,,,,
policy_1m,SPY,2026-03-04 19:36:00+00:00,686.69,686.74,686.61,686.62,4605.0,hold,independent_meta,,-1.0,-1.0,0.0,1.0,,.SIM_SPY_260305_P_686,0.0,1.0,,,,,,,,,,,,,,,,,,,,
policy_1m,SPY,2026-03-04 19:37:00+00:00,686.63,686.72,686.55,686.62,4559.0,hold,independent_meta,,-1.0,-1.0,0.0,1.0,,.SIM_SPY_260305_P_686,0.0,1.0,,,,,,,,,,,,,,,,,,,,
policy_1m,SPY,2026-03-04 19:38:00+00:00,686.65,686.71,686.62,686.66,5434.0,hold,independent_meta,,-1.0,-1.0,0.0,1.0,,.SIM_SPY_260305_P_686,0.0,1.0,,,,,,,,,,,,,,,,,,,,
policy_1m,SPY,2026-03-04 19:39:00+00:00,686.65,686.88,686.63,686.88,5558.0,hold,independent_meta,,-1.0,-1.0,0.0,1.0,,.SIM_SPY_260305_P_686,0.0,1.0,,,,,,,,,,,,,,,,,,,,
policy_1m,SPY,2026-03-04 19:40:00+00:00,686.88,686.91,686.78,686.79,3550.0,hold,independent_meta,,-1.0,-1.0,0.0,1.0,,.SIM_SPY_260305_P_686,0.0,1.0,,,,,,,,,,,,,,,,,,,,
meta_10m,SPY,2026-03-04 19:30:00+00:00,686.61,686.88,686.45,686.88,45749.0,,,,,,,,,,,,,,,policy_only,0.04256557673215866,0.8644810914993286,,0.18886037170886993,0.11999106407165527,0.35117286443710327,0.03590850904583931,0.9523244500160217,,,,,0.5,0.5,0.65,0.65
policy_1m,SPY,2026-03-04 19:41:00+00:00,686.83,686.87,686.8,686.82,3575.0,hold,independent_meta,,-1.0,-1.0,0.0,1.0,,.SIM_SPY_260305_P_686,0.0,1.0,,,,,,,,,,,,,,,,,,,,
policy_1m,SPY,2026-03-04 19:42:00+00:00,686.85,686.89,686.8,686.83,3054.0,hold,independent_meta,,-1.0,-1.0,0.0,1.0,,.SIM_SPY_260305_P_686,0.0,1.0,,,,,,,,,,,,,,,,,,,,
policy_1m,SPY,2026-03-04 19:43:00+00:00,686.86,686.86,686.51,686.53,4663.0,hold,independent_meta,,-1.0,-1.0,0.0,1.0,,.SIM_SPY_260305_P_686,0.0,1.0,,,,,,,,,,,,,,,,,,,,
policy_1m,SPY,2026-03-04 19:44:00+00:00,686.54,686.68,686.54,686.68,4855.0,hold,independent_meta,,-1.0,-1.0,0.0,1.0,,.SIM_SPY_260305_P_686,0.0,1.0,,,,,,,,,,,,,,,,,,,,
policy_1m,SPY,2026-03-04 19:45:00+00:00,686.71,686.83,686.7,686.83,4524.0,hold,independent_meta,,-1.0,-1.0,0.0,1.0,,.SIM_SPY_260305_P_686,0.0,1.0,,,,,,,,,,,,,,,,,,,,
policy_1m,SPY,2026-03-04 19:46:00+00:00,686.845,686.845,686.69,686.69,2776.0,hold,independent_meta,,-1.0,-1.0,0.0,1.0,,.SIM_SPY_260305_P_686,0.0,1.0,,,,,,,,,,,,,,,,,,,,
policy_1m,SPY,2026-03-04 19:47:00+00:00,686.66,686.67,686.5,686.61,6194.0,hold,independent_meta,,-1.0,-1.0,0.0,1.0,,.SIM_SPY_260305_P_686,0.0,1.0,,,,,,,,,,,,,,,,,,,,
policy_1m,SPY,2026-03-04 19:48:00+00:00,686.63,686.82,686.615,686.79,5079.0,hold,independent_meta,,-1.0,-1.0,0.0,1.0,,.SIM_SPY_260305_P_686,0.0,1.0,,,,,,,,,,,,,,,,,,,,
policy_1m,SPY,2026-03-04 19:49:00+00:00,686.78,686.84,686.75,686.84,3835.0,hold,independent_meta,,-1.0,-1.0,0.0,1.0,,.SIM_SPY_260305_P_686,0.0,1.0,,,,,,,,,,,,,,,,,,,,
policy_1m,SPY,2026-03-04 19:50:00+00:00,686.84,687.03,686.8,686.95,5816.0,hold,independent_meta,,-1.0,-1.0,0.0,1.0,,.SIM_SPY_260305_P_686,0.0,1.0,,,,,,,,,,,,,,,,,,,,
meta_10m,SPY,2026-03-04 19:40:00+00:00,686.88,686.91,686.5,686.84,42105.0,,,,,,,,,,,,,,,policy_only,0.0572577603161335,0.7502144575119019,,0.11982832849025726,0.00577890407294035,0.4220549464225769,0.03364322707056999,0.9604443907737732,,,,,0.5,0.5,0.65,0.65
policy_1m,SPY,2026-03-04 19:51:00+00:00,686.98,687.02,686.91,686.97,3351.0,hold,independent_meta,,-1.0,-1.0,0.0,1.0,,.SIM_SPY_260305_P_686,0.0,1.0,,,,,,,,,,,,,,,,,,,,
policy_1m,SPY,2026-03-04 19:52:00+00:00,686.97,687.015,686.88,687.01,2892.0,hold,independent_meta,,-1.0,-1.0,0.0,1.0,,.SIM_SPY_260305_P_686,0.0,1.0,,,,,,,,,,,,,,,,,,,,
policy_1m,SPY,2026-03-04 19:53:00+00:00,686.99,687.085,686.98,687.06,3692.0,hold,independent_meta,,-1.0,-1.0,0.0,1.0,,.SIM_SPY_260305_P_686,0.0,1.0,,,,,,,,,,,,,,,,,,,,
policy_1m,SPY,2026-03-04 19:54:00+00:00,687.07,687.07,687.0,687.0,3887.0,hold,independent_meta,,-1.0,-1.0,0.0,1.0,,.SIM_SPY_260305_P_686,0.0,1.0,,,,,,,,,,,,,,,,,,,,
policy_1m,SPY,2026-03-04 19:55:00+00:00,686.97,686.99,686.85,686.88,3275.0,hold,independent_meta,,-1.0,-1.0,0.0,1.0,,.SIM_SPY_260305_P_686,0.0,1.0,,,,,,,,,,,,,,,,,,,,
policy_1m,SPY,2026-03-04 19:56:00+00:00,686.86,686.88,686.75,686.79,3795.0,hold,independent_meta,,-1.0,-1.0,0.0,1.0,,.SIM_SPY_260305_P_686,0.0,1.0,,,,,,,,,,,,,,,,,,,,
policy_1m,SPY,2026-03-04 19:57:00+00:00,686.79,686.85,686.76,686.83,2339.0,hold,independent_meta,,-1.0,-1.0,0.0,1.0,,.SIM_SPY_260305_P_686,0.0,1.0,,,,,,,,,,,,,,,,,,,,
policy_1m,SPY,2026-03-04 19:58:00+00:00,686.82,686.91,686.8,686.84,3447.0,hold,independent_meta,,-1.0,-1.0,0.0,1.0,,.SIM_SPY_260305_P_686,0.0,1.0,,,,,,,,,,,,,,,,,,,,
policy_1m,SPY,2026-03-04 19:59:00+00:00,686.835,686.9,686.76,686.8,3870.0,hold,independent_meta,,-1.0,-1.0,0.0,1.0,,.SIM_SPY_260305_P_686,0.0,1.0,,,,,,,,,,,,,,,,,,,,
policy_1m,SPY,2026-03-04 20:00:00+00:00,686.84,686.92,686.67,686.69,4491.0,hold,independent_meta,,-1.0,-1.0,0.0,1.0,,.SIM_SPY_260305_P_686,0.0,1.0,,,,,,,,,,,,,,,,,,,,
meta_10m,SPY,2026-03-04 19:50:00+00:00,686.84,687.085,686.75,686.8,36364.0,,,,,,,,,,,,,,,policy_only,0.07240475714206696,0.7749297618865967,,0.11971726268529892,0.00028375591500662267,0.849479615688324,0.031903985887765884,0.9708672761917114,,,,,0.5,0.5,0.65,0.65
policy_1m,SPY,2026-03-04 20:01:00+00:00,686.7,686.99,686.7,686.925,5633.0,hold,independent_meta,,-1.0,-1.0,0.0,1.0,,.SIM_SPY_260305_P_686,0.0,1.0,,,,,,,,,,,,,,,,,,,,
policy_1m,SPY,2026-03-04 20:02:00+00:00,686.92,686.99,686.89,686.91,5732.0,hold,independent_meta,,-1.0,-1.0,0.0,1.0,,.SIM_SPY_260305_P_686,0.0,1.0,,,,,,,,,,,,,,,,,,,,
policy_1m,SPY,2026-03-04 20:03:00+00:00,686.91,686.96,686.81,686.95,3002.0,hold,independent_meta,,-1.0,-1.0,0.0,1.0,,.SIM_SPY_260305_P_686,0.0,1.0,,,,,,,,,,,,,,,,,,,,
policy_1m,SPY,2026-03-04 20:04:00+00:00,686.935,686.935,686.885,686.91,1918.0,hold,independent_meta,,-1.0,-1.0,0.0,1.0,,.SIM_SPY_260305_P_686,0.0,1.0,,,,,,,,,,,,,,,,,,,,
policy_1m,SPY,2026-03-04 20:05:00+00:00,686.92,686.99,686.78,686.78,4685.0,hold,independent_meta,,-1.0,-1.0,0.0,1.0,,.SIM_SPY_260305_P_686,0.0,1.0,,,,,,,,,,,,,,,,,,,,
policy_1m,SPY,2026-03-04 20:06:00+00:00,686.8,686.81,686.67,686.73,5077.0,hold,independent_meta,,-1.0,-1.0,0.0,1.0,,.SIM_SPY_260305_P_686,0.0,1.0,,,,,,,,,,,,,,,,,,,,
policy_1m,SPY,2026-03-04 20:07:00+00:00,686.71,686.72,686.37,686.41,7255.0,hold,independent_meta,,-1.0,-1.0,0.0,1.0,,.SIM_SPY_260305_P_686,0.0,1.0,,,,,,,,,,,,,,,,,,,,
policy_1m,SPY,2026-03-04 20:08:00+00:00,686.42,686.44,686.36,686.39,6401.0,hold,independent_meta,,-1.0,-1.0,0.0,1.0,,.SIM_SPY_260305_P_686,0.0,1.0,,,,,,,,,,,,,,,,,,,,
policy_1m,SPY,2026-03-04 20:09:00+00:00,686.41,686.56,686.41,686.49,5353.0,hold,independent_meta,,-1.0,-1.0,0.0,1.0,,.SIM_SPY_260305_P_686,0.0,1.0,,,,,,,,,,,,,,,,,,,,
policy_1m,SPY,2026-03-04 20:10:00+00:00,686.41,686.41,686.12,686.23,8965.0,hold,independent_meta,,-1.0,-1.0,0.0,1.0,,.SIM_SPY_260305_P_686,0.0,1.0,,,,,,,,,,,,,,,,,,,,
meta_10m,SPY,2026-03-04 20:00:00+00:00,686.84,686.99,686.36,686.49,49547.0,,,,,,,,,,,,,,,policy_only,0.10295877605676651,0.6461858749389648,,0.08694370090961456,0.05109289288520813,0.38184764981269836,0.04297761991620064,0.9821229577064514,,,,,0.5,0.5,0.65,0.65
policy_1m,SPY,2026-03-04 20:11:00+00:00,686.23,686.35,686.22,686.22,7375.0,hold,independent_meta,,-1.0,-1.0,0.0,1.0,,.SIM_SPY_260305_P_686,0.0,1.0,,,,,,,,,,,,,,,,,,,,
policy_1m,SPY,2026-03-04 20:12:00+00:00,686.18,686.26,686.09,686.26,7868.0,hold,independent_meta,,-1.0,-1.0,0.0,1.0,,.SIM_SPY_260305_P_686,0.0,1.0,,,,,,,,,,,,,,,,,,,,
policy_1m,SPY,2026-03-04 20:13:00+00:00,686.25,686.28,686.12,686.195,6610.0,hold,independent_meta,,-1.0,-1.0,0.0,1.0,,.SIM_SPY_260305_P_686,0.0,1.0,,,,,,,,,,,,,,,,,,,,
policy_1m,SPY,2026-03-04 20:14:00+00:00,686.19,686.22,686.14,686.2,3275.0,hold,independent_meta,,-1.0,-1.0,0.0,1.0,,.SIM_SPY_260305_P_686,0.0,1.0,,,,,,,,,,,,,,,,,,,,
policy_1m,SPY,2026-03-04 20:15:00+00:00,686.2,686.21,685.98,686.09,8691.0,hold,independent_meta,,-1.0,-1.0,0.0,1.0,,.SIM_SPY_260305_P_686,0.0,1.0,,,,,,,,,,,,,,,,,,,,
policy_1m,SPY,2026-03-04 20:16:00+00:00,686.1,686.3,686.08,686.28,8067.0,hold,independent_meta,,-1.0,-1.0,0.0,1.0,,.SIM_SPY_260305_P_686,0.0,1.0,,,,,,,,,,,,,,,,,,,,
policy_1m,SPY,2026-03-04 20:17:00+00:00,686.23,686.26,686.02,686.11,5978.0,hold,independent_meta,,-1.0,-1.0,0.0,1.0,,.SIM_SPY_260305_P_686,0.0,1.0,,,,,,,,,,,,,,,,,,,,
policy_1m,SPY,2026-03-04 20:18:00+00:00,686.07,686.11,685.985,685.99,7526.0,hold,independent_meta,,-1.0,-1.0,0.0,1.0,,.SIM_SPY_260305_P_686,0.0,1.0,,,,,,,,,,,,,,,,,,,,
policy_1m,SPY,2026-03-04 20:19:00+00:00,686.02,686.04,685.93,685.95,5149.0,hold,independent_meta,,-1.0,-1.0,0.0,1.0,,.SIM_SPY_260305_P_686,0.0,1.0,,,,,,,,,,,,,,,,,,,,
policy_1m,SPY,2026-03-04 20:20:00+00:00,685.93,686.06,685.88,685.93,10931.0,hold,independent_meta,,-1.0,-1.0,0.0,1.0,,.SIM_SPY_260305_P_686,0.0,1.0,,,,,,,,,,,,,,,,,,,,
meta_10m,SPY,2026-03-04 20:10:00+00:00,686.41,686.41,685.93,685.95,69504.0,,,,,,,,,,,,,,,policy_only,0.2131863385438919,0.5851724147796631,,0.0837656706571579,0.07107207924127579,0.014777214266359806,0.05218614637851715,0.980928361415863,,,,,0.5,0.5,0.65,0.65
policy_1m,SPY,2026-03-04 20:21:00+00:00,685.91,685.91,685.48,685.56,13275.0,hold,independent_meta,,-1.0,-1.0,0.0,1.0,,.SIM_SPY_260305_P_686,0.0,1.0,,,,,,,,,,,,,,,,,,,,
policy_1m,SPY,2026-03-04 20:22:00+00:00,685.57,685.83,685.51,685.82,7683.0,hold,independent_meta,,-1.0,-1.0,0.0,1.0,,.SIM_SPY_260305_P_686,0.0,1.0,,,,,,,,,,,,,,,,,,,,
policy_1m,SPY,2026-03-04 20:23:00+00:00,685.84,685.87,685.7,685.7,7926.0,hold,independent_meta,,-1.0,-1.0,0.0,1.0,,.SIM_SPY_260305_P_686,0.0,1.0,,,,,,,,,,,,,,,,,,,,
policy_1m,SPY,2026-03-04 20:24:00+00:00,685.67,685.81,685.67,685.75,4054.0,hold,independent_meta,,-1.0,-1.0,0.0,1.0,,.SIM_SPY_260305_P_686,0.0,1.0,,,,,,,,,,,,,,,,,,,,
policy_1m,SPY,2026-03-04 20:25:00+00:00,685.74,686.055,685.74,685.94,7272.0,close_short,independent_meta,,0.0,0.0,0.0,0.0,,,0.0,0.0,,,,,,,,,,,,,,,,,,,,
policy_1m,SPY,2026-03-04 20:26:00+00:00,685.92,686.01,685.84,686.01,6871.0,hold,independent_meta,,0.0,0.0,0.0,0.0,,,0.0,0.0,,,,,,,,,,,,,,,,,,,,
policy_1m,SPY,2026-03-04 20:27:00+00:00,686.0,686.05,685.87,686.04,6969.0,hold,independent_meta,,0.0,0.0,0.0,0.0,,,0.0,0.0,,,,,,,,,,,,,,,,,,,,
policy_1m,SPY,2026-03-04 20:28:00+00:00,686.02,686.2,685.95,686.11,6551.0,hold,independent_meta,,0.0,0.0,0.0,0.0,,,0.0,0.0,,,,,,,,,,,,,,,,,,,,
policy_1m,SPY,2026-03-04 20:29:00+00:00,686.1,686.28,686.1,686.23,6931.0,hold,independent_meta,,0.0,0.0,0.0,0.0,,,0.0,0.0,,,,,,,,,,,,,,,,,,,,
policy_1m,SPY,2026-03-04 20:30:00+00:00,686.2,686.37,686.15,686.23,6939.0,hold,independent_meta,,0.0,0.0,0.0,0.0,,,0.0,0.0,,,,,,,,,,,,,,,,,,,,
meta_10m,SPY,2026-03-04 20:20:00+00:00,685.93,686.28,685.48,686.23,78463.0,,,,,,,,,,,,,,,policy_only,0.20051167905330658,0.6397112607955933,,0.8410363793373108,0.5582423806190491,0.014210845343768597,0.057378098368644714,0.982391893863678,,,,,0.5,0.5,0.65,0.65
policy_1m,SPY,2026-03-04 20:31:00+00:00,686.22,686.23,685.98,686.15,10803.0,hold,independent_meta,,0.0,0.0,0.0,0.0,,,0.0,0.0,,,,,,,,,,,,,,,,,,,,
policy_1m,SPY,2026-03-04 20:32:00+00:00,686.12,686.125,685.93,686.01,6048.0,hold,independent_meta,,0.0,0.0,0.0,0.0,,,0.0,0.0,,,,,,,,,,,,,,,,,,,,
policy_1m,SPY,2026-03-04 20:33:00+00:00,686.02,686.17,686.02,686.09,7007.0,hold,independent_meta,,0.0,0.0,0.0,0.0,,,0.0,0.0,,,,,,,,,,,,,,,,,,,,
policy_1m,SPY,2026-03-04 20:34:00+00:00,686.07,686.13,685.97,685.97,3946.0,hold,independent_meta,,0.0,0.0,0.0,0.0,,,0.0,0.0,,,,,,,,,,,,,,,,,,,,
policy_1m,SPY,2026-03-04 20:35:00+00:00,685.96,686.14,685.96,686.08,3505.0,hold,independent_meta,,0.0,0.0,0.0,0.0,,,0.0,0.0,,,,,,,,,,,,,,,,,,,,
policy_1m,SPY,2026-03-04 20:36:00+00:00,686.07,686.145,686.04,686.1,5133.0,hold,independent_meta,,0.0,0.0,0.0,0.0,,,0.0,0.0,,,,,,,,,,,,,,,,,,,,
policy_1m,SPY,2026-03-04 20:37:00+00:00,686.06,686.285,686.06,686.27,6229.0,hold,independent_meta,,0.0,0.0,0.0,0.0,,,0.0,0.0,,,,,,,,,,,,,,,,,,,,
policy_1m,SPY,2026-03-04 20:38:00+00:00,686.255,686.36,686.13,686.31,6815.0,hold,independent_meta,,0.0,0.0,0.0,0.0,,,0.0,0.0,,,,,,,,,,,,,,,,,,,,
policy_1m,SPY,2026-03-04 20:39:00+00:00,686.28,686.28,686.13,686.17,7331.0,hold,independent_meta,,0.0,0.0,0.0,0.0,,,0.0,0.0,,,,,,,,,,,,,,,,,,,,
policy_1m,SPY,2026-03-04 20:40:00+00:00,686.13,686.255,686.06,686.24,8127.0,hold,independent_meta,,0.0,0.0,0.0,0.0,,,0.0,0.0,,,,,,,,,,,,,,,,,,,,
meta_10m,SPY,2026-03-04 20:30:00+00:00,686.2,686.37,685.93,686.17,63756.0,,,,,,,,,,,,,,,policy_only,0.14640183746814728,0.6730241775512695,,,0.012764522805809975,0.3421775698661804,0.06957447528839111,0.9811688661575317,,,,,0.5,0.5,0.65,0.65
policy_1m,SPY,2026-03-04 20:41:00+00:00,686.25,686.42,686.21,686.33,5979.0,hold,independent_meta,,0.0,0.0,0.0,0.0,,,0.0,0.0,,,,,,,,,,,,,,,,,,,,
policy_1m,SPY,2026-03-04 20:42:00+00:00,686.32,686.52,686.3,686.495,9479.0,hold,independent_meta,,0.0,0.0,0.0,0.0,,,0.0,0.0,,,,,,,,,,,,,,,,,,,,
policy_1m,SPY,2026-03-04 20:43:00+00:00,686.485,686.57,686.42,686.5,7796.0,hold,independent_meta,,0.0,0.0,0.0,0.0,,,0.0,0.0,,,,,,,,,,,,,,,,,,,,
policy_1m,SPY,2026-03-04 20:44:00+00:00,686.51,686.63,686.51,686.51,6678.0,hold,independent_meta,,0.0,0.0,0.0,0.0,,,0.0,0.0,,,,,,,,,,,,,,,,,,,,
policy_1m,SPY,2026-03-04 20:45:00+00:00,686.49,686.6,686.42,686.58,5763.0,hold,independent_meta,,0.0,0.0,0.0,0.0,,,0.0,0.0,,,,,,,,,,,,,,,,,,,,
policy_1m,SPY,2026-03-04 20:46:00+00:00,686.6,686.61,686.31,686.33,9124.0,hold,independent_meta,,0.0,0.0,0.0,0.0,,,0.0,0.0,,,,,,,,,,,,,,,,,,,,
policy_1m,SPY,2026-03-04 20:47:00+00:00,686.31,686.49,686.31,686.36,10629.0,hold,independent_meta,,0.0,0.0,0.0,0.0,,,0.0,0.0,,,,,,,,,,,,,,,,,,,,
policy_1m,SPY,2026-03-04 20:48:00+00:00,686.37,686.47,686.36,686.41,7368.0,hold,independent_meta,,0.0,0.0,0.0,0.0,,,0.0,0.0,,,,,,,,,,,,,,,,,,,,
policy_1m,SPY,2026-03-04 20:49:00+00:00,686.37,686.37,686.25,686.32,11065.0,hold,independent_meta,,0.0,0.0,0.0,0.0,,,0.0,0.0,,,,,,,,,,,,,,,,,,,,
policy_1m,SPY,2026-03-04 20:50:00+00:00,686.32,686.32,685.39,685.54,36311.0,hold,independent_meta,,0.0,0.0,0.0,0.0,,,0.0,0.0,,,,,,,,,,,,,,,,,,,,
meta_10m,SPY,2026-03-04 20:40:00+00:00,686.13,686.63,686.06,686.32,82008.0,,,,,,,,,,,,,,,policy_only,0.1733936369419098,0.6680160760879517,,0.28393009305000305,0.001548100495710969,0.843315839767456,0.06583686918020248,0.9828743934631348,,,,,0.5,0.5,0.65,0.65
policy_1m,SPY,2026-03-04 20:51:00+00:00,685.51,685.715,685.49,685.61,22767.0,hold,independent_meta,,0.0,0.0,0.0,0.0,,,0.0,0.0,,,,,,,,,,,,,,,,,,,,
policy_1m,SPY,2026-03-04 20:52:00+00:00,685.6,685.75,685.55,685.73,17704.0,hold,independent_meta,,0.0,0.0,0.0,0.0,,,0.0,0.0,,,,,,,,,,,,,,,,,,,,
policy_1m,SPY,2026-03-04 20:53:00+00:00,685.73,685.85,685.64,685.73,18969.0,hold,independent_meta,,0.0,0.0,0.0,0.0,,,0.0,0.0,,,,,,,,,,,,,,,,,,,,
policy_1m,SPY,2026-03-04 20:54:00+00:00,685.73,686.11,685.72,685.98,17916.0,hold,independent_meta,,0.0,0.0,0.0,0.0,,,0.0,0.0,,,,,,,,,,,,,,,,,,,,
policy_1m,SPY,2026-03-04 20:55:00+00:00,685.95,686.02,685.74,685.93,25452.0,hold,independent_meta,,0.0,0.0,0.0,0.0,,,0.0,0.0,,,,,,,,,,,,,,,,,,,,
policy_1m,SPY,2026-03-04 20:56:00+00:00,685.92,686.18,685.81,685.84,22510.0,hold,independent_meta,,0.0,0.0,0.0,0.0,,,0.0,0.0,,,,,,,,,,,,,,,,,,,,
policy_1m,SPY,2026-03-04 20:57:00+00:00,685.82,685.84,685.685,685.82,20233.0,hold,independent_meta,,0.0,0.0,0.0,0.0,,,0.0,0.0,,,,,,,,,,,,,,,,,,,,
policy_1m,SPY,2026-03-04 20:58:00+00:00,685.8,685.81,685.65,685.665,34743.0,hold,independent_meta,,0.0,0.0,0.0,0.0,,,0.0,0.0,,,,,,,,,,,,,,,,,,,,
policy_1m,SPY,2026-03-04 20:59:00+00:00,685.65,685.655,685.13,685.13,60755.0,hold,independent_meta,,0.0,0.0,0.0,0.0,,,0.0,0.0,,,,,,,,,,,,,,,,,,,,
policy_1m,SPY,2026-03-05 14:30:00+00:00,682.09,682.66,681.96,682.46,6105.0,hold,independent_meta,,0.0,0.0,0.0,0.0,,,0.0,0.0,,,,,,,,,,,,,,,,,,,,
meta_10m,SPY,2026-03-04 20:50:00+00:00,686.32,686.32,685.13,685.13,277360.0,,,,,,,,,,,,,,,policy_only,0.3451673686504364,0.6129733920097351,,0.07150377333164215,0.03966774791479111,0.14540475606918335,0.08093966543674469,0.9863617420196533,,,,,0.5,0.5,0.65,0.65
policy_1m,SPY,2026-03-05 14:31:00+00:00,682.66,682.91,682.57,682.91,6438.0,hold,independent_meta,,0.0,0.0,0.0,0.0,,,0.0,0.0,,,,,,,,,,,,,,,,,,,,
policy_1m,SPY,2026-03-05 14:32:00+00:00,682.93,683.41,682.85,683.31,3757.0,hold,independent_meta,,0.0,0.0,0.0,0.0,,,0.0,0.0,,,,,,,,,,,,,,,,,,,,
policy_1m,SPY,2026-03-05 14:33:00+00:00,683.55,683.79,683.24,683.79,1792.0,hold,independent_meta,,0.0,0.0,0.0,0.0,,,0.0,0.0,,,,,,,,,,,,,,,,,,,,
policy_1m,SPY,2026-03-05 14:34:00+00:00,683.84,684.12,683.76,684.12,1653.0,hold,independent_meta,,0.0,0.0,0.0,0.0,,,0.0,0.0,,,,,,,,,,,,,,,,,,,,
policy_1m,SPY,2026-03-05 14:35:00+00:00,684.13,684.42,683.89,684.36,5309.0,hold,independent_meta,,0.0,0.0,0.0,0.0,,,0.0,0.0,,,,,,,,,,,,,,,,,,,,
policy_1m,SPY,2026-03-05 14:36:00+00:00,684.14,684.3,683.83,684.18,4768.0,hold,independent_meta,,0.0,0.0,0.0,0.0,,,0.0,0.0,,,,,,,,,,,,,,,,,,,,
policy_1m,SPY,2026-03-05 14:37:00+00:00,684.18,684.24,683.78,683.97,2381.0,hold,independent_meta,,0.0,0.0,0.0,0.0,,,0.0,0.0,,,,,,,,,,,,,,,,,,,,
policy_1m,SPY,2026-03-05 14:38:00+00:00,684.12,684.44,684.03,684.04,5069.0,hold,independent_meta,,0.0,0.0,0.0,0.0,,,0.0,0.0,,,,,,,,,,,,,,,,,,,,
policy_1m,SPY,2026-03-05 14:39:00+00:00,683.86,683.92,683.18,683.68,5422.0,hold,independent_meta,,0.0,0.0,0.0,0.0,,,0.0,0.0,,,,,,,,,,,,,,,,,,,,
policy_1m,SPY,2026-03-05 14:40:00+00:00,683.63,683.63,682.95,682.95,3039.0,hold,independent_meta,,0.0,0.0,0.0,0.0,,,0.0,0.0,,,,,,,,,,,,,,,,,,,,
meta_10m,SPY,2026-03-05 14:30:00+00:00,682.09,684.44,681.96,683.68,42694.0,,,,,,,,,,,,,,,policy_only,0.07811788469552994,0.8689174652099609,,0.9354854226112366,0.21904146671295166,0.013324834406375885,0.00916637759655714,0.962600827217102,,,,,0.5,0.5,0.65,0.65
policy_1m,SPY,2026-03-05 14:41:00+00:00,683.11,683.52,683.07,683.19,2559.0,hold,independent_meta,,0.0,0.0,0.0,0.0,,,0.0,0.0,,,,,,,,,,,,,,,,,,,,
policy_1m,SPY,2026-03-05 14:42:00+00:00,683.11,683.64,683.0,683.12,2021.0,hold,independent_meta,,0.0,0.0,0.0,0.0,,,0.0,0.0,,,,,,,,,,,,,,,,,,,,
policy_1m,SPY,2026-03-05 14:43:00+00:00,683.105,683.2,682.59,682.59,3433.0,hold,independent_meta,,0.0,0.0,0.0,0.0,,,0.0,0.0,,,,,,,,,,,,,,,,,,,,
policy_1m,SPY,2026-03-05 14:44:00+00:00,682.75,682.81,682.51,682.71,2591.0,hold,independent_meta,,0.0,0.0,0.0,0.0,,,0.0,0.0,,,,,,,,,,,,,,,,,,,,
policy_1m,SPY,2026-03-05 14:45:00+00:00,682.72,682.72,682.18,682.31,5938.0,hold,independent_meta,,0.0,0.0,0.0,0.0,,,0.0,0.0,,,,,,,,,,,,,,,,,,,,
policy_1m,SPY,2026-03-05 14:46:00+00:00,682.51,682.65,682.47,682.5,3895.0,hold,independent_meta,,0.0,0.0,0.0,0.0,,,0.0,0.0,,,,,,,,,,,,,,,,,,,,
policy_1m,SPY,2026-03-05 14:47:00+00:00,682.54,683.32,682.53,683.22,5180.0,hold,independent_meta,,0.0,0.0,0.0,0.0,,,0.0,0.0,,,,,,,,,,,,,,,,,,,,
policy_1m,SPY,2026-03-05 14:48:00+00:00,683.3,683.7,683.105,683.59,14541.0,hold,independent_meta,,0.0,0.0,0.0,0.0,,,0.0,0.0,,,,,,,,,,,,,,,,,,,,
policy_1m,SPY,2026-03-05 14:49:00+00:00,683.625,683.76,682.79,682.82,4147.0,hold,independent_meta,,0.0,0.0,0.0,0.0,,,0.0,0.0,,,,,,,,,,,,,,,,,,,,
policy_1m,SPY,2026-03-05 14:50:00+00:00,682.825,683.37,682.61,683.37,1585.0,hold,independent_meta,,0.0,0.0,0.0,0.0,,,0.0,0.0,,,,,,,,,,,,,,,,,,,,
meta_10m,SPY,2026-03-05 14:40:00+00:00,683.63,683.76,682.18,682.82,47344.0,,,,,,,,,,,,,,,policy_only,0.057586975395679474,0.8541508913040161,,,0.0010561575181782246,0.0026504818815737963,0.04907336086034775,0.9173501133918762,,,,,0.5,0.5,0.65,0.65
policy_1m,SPY,2026-03-05 14:51:00+00:00,683.44,683.77,683.39,683.77,4551.0,hold,independent_meta,,0.0,0.0,0.0,0.0,,,0.0,0.0,,,,,,,,,,,,,,,,,,,,
policy_1m,SPY,2026-03-05 14:52:00+00:00,683.88,683.88,683.47,683.5,2880.0,hold,independent_meta,,0.0,0.0,0.0,0.0,,,0.0,0.0,,,,,,,,,,,,,,,,,,,,
policy_1m,SPY,2026-03-05 14:53:00+00:00,683.31,683.63,683.11,683.63,1535.0,hold,independent_meta,,0.0,0.0,0.0,0.0,,,0.0,0.0,,,,,,,,,,,,,,,,,,,,
policy_1m,SPY,2026-03-05 14:54:00+00:00,683.62,683.88,683.57,683.88,3002.0,hold,independent_meta,,0.0,0.0,0.0,0.0,,,0.0,0.0,,,,,,,,,,,,,,,,,,,,
policy_1m,SPY,2026-03-05 14:55:00+00:00,683.785,684.0,683.64,683.82,3274.0,hold,independent_meta,,0.0,0.0,0.0,0.0,,,0.0,0.0,,,,,,,,,,,,,,,,,,,,
policy_1m,SPY,2026-03-05 14:56:00+00:00,683.66,683.87,683.62,683.87,1476.0,hold,independent_meta,,0.0,0.0,0.0,0.0,,,0.0,0.0,,,,,,,,,,,,,,,,,,,,
policy_1m,SPY,2026-03-05 14:57:00+00:00,683.995,684.55,683.99,684.54,1971.0,hold,independent_meta,,0.0,0.0,0.0,0.0,,,0.0,0.0,,,,,,,,,,,,,,,,,,,,
policy_1m,SPY,2026-03-05 14:58:00+00:00,684.54,685.02,684.52,684.99,7040.0,hold,independent_meta,,0.0,0.0,0.0,0.0,,,0.0,0.0,,,,,,,,,,,,,,,,,,,,
policy_1m,SPY,2026-03-05 14:59:00+00:00,684.98,685.04,684.77,685.04,3022.0,hold,independent_meta,,0.0,0.0,0.0,0.0,,,0.0,0.0,,,,,,,,,,,,,,,,,,,,
policy_1m,SPY,2026-03-05 15:00:00+00:00,685.08,685.51,685.06,685.51,6127.0,hold,independent_meta,,0.0,0.0,0.0,0.0,,,0.0,0.0,,,,,,,,,,,,,,,,,,,,
meta_10m,SPY,2026-03-05 14:50:00+00:00,682.825,685.04,682.61,685.04,30336.0,,,,,,,,,,,,,,,policy_only,0.020643481984734535,0.9661185145378113,,0.4755611717700958,0.0024189776740968227,0.17948630452156067,0.010722409002482891,0.9912765026092529,,,,,0.5,0.5,0.65,0.65
policy_1m,SPY,2026-03-05 15:01:00+00:00,685.445,685.445,684.85,684.9,6092.0,hold,independent_meta,,0.0,0.0,0.0,0.0,,,0.0,0.0,,,,,,,,,,,,,,,,,,,,
policy_1m,SPY,2026-03-05 15:02:00+00:00,684.82,685.08,684.75,685.01,4247.0,hold,independent_meta,,0.0,0.0,0.0,0.0,,,0.0,0.0,,,,,,,,,,,,,,,,,,,,
policy_1m,SPY,2026-03-05 15:03:00+00:00,685.04,685.04,684.42,684.45,4519.0,hold,independent_meta,,0.0,0.0,0.0,0.0,,,0.0,0.0,,,,,,,,,,,,,,,,,,,,
policy_1m,SPY,2026-03-05 15:04:00+00:00,684.505,684.6,684.21,684.27,1974.0,hold,independent_meta,,0.0,0.0,0.0,0.0,,,0.0,0.0,,,,,,,,,,,,,,,,,,,,
policy_1m,SPY,2026-03-05 15:05:00+00:00,684.255,684.3,683.92,684.02,2792.0,hold,independent_meta,,0.0,0.0,0.0,0.0,,,0.0,0.0,,,,,,,,,,,,,,,,,,,,
policy_1m,SPY,2026-03-05 15:06:00+00:00,683.995,684.25,683.88,683.88,9385.0,hold,independent_meta,,0.0,0.0,0.0,0.0,,,0.0,0.0,,,,,,,,,,,,,,,,,,,,
policy_1m,SPY,2026-03-05 15:07:00+00:00,684.05,684.18,683.3,683.37,3798.0,hold,independent_meta,,0.0,0.0,0.0,0.0,,,0.0,0.0,,,,,,,,,,,,,,,,,,,,
policy_1m,SPY,2026-03-05 15:08:00+00:00,683.34,683.37,682.94,682.94,2449.0,hold,independent_meta,,0.0,0.0,0.0,0.0,,,0.0,0.0,,,,,,,,,,,,,,,,,,,,
policy_1m,SPY,2026-03-05 15:09:00+00:00,683.015,683.54,682.91,683.52,3345.0,hold,independent_meta,,0.0,0.0,0.0,0.0,,,0.0,0.0,,,,,,,,,,,,,,,,,,,,
policy_1m,SPY,2026-03-05 15:10:00+00:00,683.54,684.12,683.51,683.71,3155.0,hold,independent_meta,,0.0,0.0,0.0,0.0,,,0.0,0.0,,,,,,,,,,,,,,,,,,,,
meta_10m,SPY,2026-03-05 15:00:00+00:00,685.08,685.51,682.91,683.52,44728.0,,,,,,,,,,,,,,,policy_only,0.016274254769086838,0.9636825323104858,,0.21550358831882477,0.0068633584305644035,0.2693808078765869,0.0035151292104274035,0.984982430934906,,,,,0.5,0.5,0.65,0.65
policy_1m,SPY,2026-03-05 15:11:00+00:00,683.76,683.81,683.12,683.12,3284.0,hold,independent_meta,,0.0,0.0,0.0,0.0,,,0.0,0.0,,,,,,,,,,,,,,,,,,,,
policy_1m,SPY,2026-03-05 15:12:00+00:00,683.385,683.62,683.385,683.515,1644.0,hold,independent_meta,,0.0,0.0,0.0,0.0,,,0.0,0.0,,,,,,,,,,,,,,,,,,,,
policy_1m,SPY,2026-03-05 15:13:00+00:00,683.49,684.13,683.49,684.13,1450.0,hold,independent_meta,,0.0,0.0,0.0,0.0,,,0.0,0.0,,,,,,,,,,,,,,,,,,,,
policy_1m,SPY,2026-03-05 15:14:00+00:00,684.18,684.36,683.96,684.36,2201.0,hold,independent_meta,,0.0,0.0,0.0,0.0,,,0.0,0.0,,,,,,,,,,,,,,,,,,,,
policy_1m,SPY,2026-03-05 15:15:00+00:00,684.24,684.25,683.91,684.16,1683.0,hold,independent_meta,,0.0,0.0,0.0,0.0,,,0.0,0.0,,,,,,,,,,,,,,,,,,,,
policy_1m,SPY,2026-03-05 15:16:00+00:00,683.86,683.86,683.25,683.37,4402.0,hold,independent_meta,,0.0,0.0,0.0,0.0,,,0.0,0.0,,,,,,,,,,,,,,,,,,,,
policy_1m,SPY,2026-03-05 15:17:00+00:00,683.31,683.46,683.19,683.33,2632.0,hold,independent_meta,,0.0,0.0,0.0,0.0,,,0.0,0.0,,,,,,,,,,,,,,,,,,,,
policy_1m,SPY,2026-03-05 15:18:00+00:00,683.17,683.29,682.9,683.17,2777.0,hold,independent_meta,,0.0,0.0,0.0,0.0,,,0.0,0.0,,,,,,,,,,,,,,,,,,,,
policy_1m,SPY,2026-03-05 15:19:00+00:00,683.22,683.22,682.75,682.91,3638.0,hold,independent_meta,,0.0,0.0,0.0,0.0,,,0.0,0.0,,,,,,,,,,,,,,,,,,,,
policy_1m,SPY,2026-03-05 15:20:00+00:00,682.66,682.74,682.46,682.65,2300.0,hold,independent_meta,,0.0,0.0,0.0,0.0,,,0.0,0.0,,,,,,,,,,,,,,,,,,,,
meta_10m,SPY,2026-03-05 15:10:00+00:00,683.54,684.36,682.75,682.91,26866.0,,,,,,,,,,,,,,,policy_only,0.03010908141732216,0.925464391708374,,0.2048608958721161,0.007456506136804819,0.21835707128047943,0.004426316358149052,0.987439751625061,,,,,0.5,0.5,0.65,0.65
policy_1m,SPY,2026-03-05 15:21:00+00:00,682.63,682.7,682.35,682.37,1980.0,hold,independent_meta,,0.0,0.0,0.0,0.0,,,0.0,0.0,,,,,,,,,,,,,,,,,,,,
policy_1m,SPY,2026-03-05 15:22:00+00:00,682.29,682.35,681.67,681.96,4262.0,hold,independent_meta,,0.0,0.0,0.0,0.0,,,0.0,0.0,,,,,,,,,,,,,,,,,,,,
policy_1m,SPY,2026-03-05 15:23:00+00:00,681.94,682.01,681.8,681.8,1935.0,hold,independent_meta,,0.0,0.0,0.0,0.0,,,0.0,0.0,,,,,,,,,,,,,,,,,,,,
policy_1m,SPY,2026-03-05 15:24:00+00:00,681.75,681.75,681.11,681.11,4848.0,hold,independent_meta,,0.0,0.0,0.0,0.0,,,0.0,0.0,,,,,,,,,,,,,,,,,,,,
policy_1m,SPY,2026-03-05 15:25:00+00:00,681.06,681.25,680.93,681.13,4445.0,hold,independent_meta,,0.0,0.0,0.0,0.0,,,0.0,0.0,,,,,,,,,,,,,,,,,,,,
policy_1m,SPY,2026-03-05 15:26:00+00:00,681.27,681.46,681.05,681.05,3916.0,hold,independent_meta,,0.0,0.0,0.0,0.0,,,0.0,0.0,,,,,,,,,,,,,,,,,,,,
policy_1m,SPY,2026-03-05 15:27:00+00:00,680.87,681.27,680.7,680.87,4681.0,hold,independent_meta,,0.0,0.0,0.0,0.0,,,0.0,0.0,,,,,,,,,,,,,,,,,,,,
policy_1m,SPY,2026-03-05 15:28:00+00:00,680.87,680.87,680.41,680.45,4829.0,hold,independent_meta,,0.0,0.0,0.0,0.0,,,0.0,0.0,,,,,,,,,,,,,,,,,,,,
policy_1m,SPY,2026-03-05 15:29:00+00:00,680.35,680.78,680.33,680.78,7541.0,hold,independent_meta,,0.0,0.0,0.0,0.0,,,0.0,0.0,,,,,,,,,,,,,,,,,,,,
policy_1m,SPY,2026-03-05 15:30:00+00:00,680.74,680.83,679.59,679.71,8320.0,hold,independent_meta,,0.0,0.0,0.0,0.0,,,0.0,0.0,,,,,,,,,,,,,,,,,,,,
meta_10m,SPY,2026-03-05 15:20:00+00:00,682.66,682.74,680.33,680.78,40737.0,,,,,,,,,,,,,,,policy_only,0.11055725812911987,0.5421762466430664,,0.9218593835830688,0.6183514595031738,0.008347619324922562,0.16124266386032104,0.39831000566482544,,,,,0.5,0.5,0.65,0.65
policy_1m,SPY,2026-03-05 15:31:00+00:00,679.725,679.83,679.46,679.51,9342.0,hold,independent_meta,,0.0,0.0,0.0,0.0,,,0.0,0.0,,,,,,,,,,,,,,,,,,,,
policy_1m,SPY,2026-03-05 15:32:00+00:00,679.41,679.85,679.37,679.68,6053.0,hold,independent_meta,,0.0,0.0,0.0,0.0,,,0.0,0.0,,,,,,,,,,,,,,,,,,,,
policy_1m,SPY,2026-03-05 15:33:00+00:00,679.67,680.33,679.65,680.23,6393.0,hold,independent_meta,,0.0,0.0,0.0,0.0,,,0.0,0.0,,,,,,,,,,,,,,,,,,,,
policy_1m,SPY,2026-03-05 15:34:00+00:00,680.24,680.29,679.9,680.17,3394.0,hold,independent_meta,,0.0,0.0,0.0,0.0,,,0.0,0.0,,,,,,,,,,,,,,,,,,,,
policy_1m,SPY,2026-03-05 15:35:00+00:00,680.13,680.21,679.87,680.005,5441.0,hold,independent_meta,,0.0,0.0,0.0,0.0,,,0.0,0.0,,,,,,,,,,,,,,,,,,,,
policy_1m,SPY,2026-03-05 15:36:00+00:00,680.14,680.59,680.05,680.09,5970.0,hold,independent_meta,,0.0,0.0,0.0,0.0,,,0.0,0.0,,,,,,,,,,,,,,,,,,,,
policy_1m,SPY,2026-03-05 15:37:00+00:00,680.18,680.71,680.18,680.54,4831.0,hold,independent_meta,,0.0,0.0,0.0,0.0,,,0.0,0.0,,,,,,,,,,,,,,,,,,,,
policy_1m,SPY,2026-03-05 15:38:00+00:00,680.49,680.86,680.35,680.86,2365.0,hold,independent_meta,,0.0,0.0,0.0,0.0,,,0.0,0.0,,,,,,,,,,,,,,,,,,,,
policy_1m,SPY,2026-03-05 15:39:00+00:00,680.89,681.15,680.71,681.12,2075.0,hold,independent_meta,,0.0,0.0,0.0,0.0,,,0.0,0.0,,,,,,,,,,,,,,,,,,,,
policy_1m,SPY,2026-03-05 15:40:00+00:00,681.3,681.75,681.3,681.53,5421.0,hold,independent_meta,,0.0,0.0,0.0,0.0,,,0.0,0.0,,,,,,,,,,,,,,,,,,,,
meta_10m,SPY,2026-03-05 15:30:00+00:00,680.74,681.15,679.37,681.12,54184.0,,,,,,,,,,,,,,,policy_only,0.05936580151319504,0.7383151054382324,,,0.7799608111381531,0.005679338239133358,0.05240409076213837,0.7448678016662598,,,,,0.5,0.5,0.65,0.65
policy_1m,SPY,2026-03-05 15:41:00+00:00,681.33,681.41,681.23,681.35,1860.0,hold,independent_meta,,0.0,0.0,0.0,0.0,,,0.0,0.0,,,,,,,,,,,,,,,,,,,,
policy_1m,SPY,2026-03-05 15:42:00+00:00,681.58,681.58,681.28,681.395,1167.0,hold,independent_meta,,0.0,0.0,0.0,0.0,,,0.0,0.0,,,,,,,,,,,,,,,,,,,,
policy_1m,SPY,2026-03-05 15:43:00+00:00,681.39,681.5,680.92,680.98,2075.0,hold,independent_meta,,0.0,0.0,0.0,0.0,,,0.0,0.0,,,,,,,,,,,,,,,,,,,,
policy_1m,SPY,2026-03-05 15:44:00+00:00,680.98,681.28,680.95,681.28,1229.0,hold,independent_meta,,0.0,0.0,0.0,0.0,,,0.0,0.0,,,,,,,,,,,,,,,,,,,,
policy_1m,SPY,2026-03-05 15:45:00+00:00,681.23,681.66,681.2,681.465,2922.0,hold,independent_meta,,0.0,0.0,0.0,0.0,,,0.0,0.0,,,,,,,,,,,,,,,,,,,,
policy_1m,SPY,2026-03-05 15:46:00+00:00,681.49,681.49,681.15,681.34,990.0,hold,independent_meta,,0.0,0.0,0.0,0.0,,,0.0,0.0,,,,,,,,,,,,,,,,,,,,
policy_1m,SPY,2026-03-05 15:47:00+00:00,681.56,681.79,681.43,681.79,2304.0,hold,independent_meta,,0.0,0.0,0.0,0.0,,,0.0,0.0,,,,,,,,,,,,,,,,,,,,
policy_1m,SPY,2026-03-05 15:48:00+00:00,681.9,682.01,681.57,681.58,2437.0,hold,independent_meta,,0.0,0.0,0.0,0.0,,,0.0,0.0,,,,,,,,,,,,,,,,,,,,
policy_1m,SPY,2026-03-05 15:49:00+00:00,681.67,681.67,681.21,681.255,2274.0,hold,independent_meta,,0.0,0.0,0.0,0.0,,,0.0,0.0,,,,,,,,,,,,,,,,,,,,
policy_1m,SPY,2026-03-05 15:50:00+00:00,681.29,682.16,681.25,682.16,3684.0,hold,independent_meta,,0.0,0.0,0.0,0.0,,,0.0,0.0,,,,,,,,,,,,,,,,,,,,
meta_10m,SPY,2026-03-05 15:40:00+00:00,681.3,682.01,680.92,681.255,22679.0,,,,,,,,,,,,,,,policy_only,0.023905552923679352,0.8190958499908447,,0.49130475521087646,0.001611554529517889,0.15009251236915588,0.020301934331655502,0.9161754846572876,,,,,0.5,0.5,0.65,0.65
policy_1m,SPY,2026-03-05 15:51:00+00:00,682.25,682.255,682.04,682.19,2792.0,hold,independent_meta,,0.0,0.0,0.0,0.0,,,0.0,0.0,,,,,,,,,,,,,,,,,,,,
policy_1m,SPY,2026-03-05 15:52:00+00:00,682.18,682.32,681.985,682.125,3977.0,hold,independent_meta,,0.0,0.0,0.0,0.0,,,0.0,0.0,,,,,,,,,,,,,,,,,,,,
policy_1m,SPY,2026-03-05 15:53:00+00:00,682.11,682.5,682.08,682.3,5094.0,hold,independent_meta,,0.0,0.0,0.0,0.0,,,0.0,0.0,,,,,,,,,,,,,,,,,,,,
policy_1m,SPY,2026-03-05 15:54:00+00:00,682.54,682.54,682.16,682.16,2772.0,hold,independent_meta,,0.0,0.0,0.0,0.0,,,0.0,0.0,,,,,,,,,,,,,,,,,,,,
policy_1m,SPY,2026-03-05 15:55:00+00:00,682.225,682.225,681.8,682.05,2147.0,hold,independent_meta,,0.0,0.0,0.0,0.0,,,0.0,0.0,,,,,,,,,,,,,,,,,,,,
policy_1m,SPY,2026-03-05 15:56:00+00:00,681.9,681.9,681.31,681.38,6139.0,hold,independent_meta,,0.0,0.0,0.0,0.0,,,0.0,0.0,,,,,,,,,,,,,,,,,,,,
policy_1m,SPY,2026-03-05 15:57:00+00:00,681.46,681.79,681.41,681.655,2660.0,hold,independent_meta,,0.0,0.0,0.0,0.0,,,0.0,0.0,,,,,,,,,,,,,,,,,,,,
policy_1m,SPY,2026-03-05 15:58:00+00:00,681.61,681.67,681.45,681.6,637.0,hold,independent_meta,,0.0,0.0,0.0,0.0,,,0.0,0.0,,,,,,,,,,,,,,,,,,,,
policy_1m,SPY,2026-03-05 15:59:00+00:00,681.82,682.025,681.71,681.99,1780.0,hold,independent_meta,,0.0,0.0,0.0,0.0,,,0.0,0.0,,,,,,,,,,,,,,,,,,,,
policy_1m,SPY,2026-03-05 16:00:00+00:00,682.12,682.3,681.99,682.18,1650.0,hold,independent_meta,,0.0,0.0,0.0,0.0,,,0.0,0.0,,,,,,,,,,,,,,,,,,,,
meta_10m,SPY,2026-03-05 15:50:00+00:00,681.29,682.54,681.25,681.99,31682.0,,,,,,,,,,,,,,,policy_only,0.01896965317428112,0.947288453578949,,0.39373424649238586,0.00013493100414052606,0.6722339391708374,0.0037032554391771555,0.9816398024559021,,,,,0.5,0.5,0.65,0.65
policy_1m,SPY,2026-03-05 16:01:00+00:00,682.2,682.22,681.62,681.88,5085.0,hold,independent_meta,,0.0,0.0,0.0,0.0,,,0.0,0.0,,,,,,,,,,,,,,,,,,,,
policy_1m,SPY,2026-03-05 16:02:00+00:00,681.9,681.92,681.41,681.57,1976.0,hold,independent_meta,,0.0,0.0,0.0,0.0,,,0.0,0.0,,,,,,,,,,,,,,,,,,,,
policy_1m,SPY,2026-03-05 16:03:00+00:00,681.44,681.63,681.19,681.19,5319.0,hold,independent_meta,,0.0,0.0,0.0,0.0,,,0.0,0.0,,,,,,,,,,,,,,,,,,,,
policy_1m,SPY,2026-03-05 16:04:00+00:00,681.215,681.27,680.82,680.85,4357.0,hold,independent_meta,,0.0,0.0,0.0,0.0,,,0.0,0.0,,,,,,,,,,,,,,,,,,,,
policy_1m,SPY,2026-03-05 16:05:00+00:00,680.94,681.07,680.845,680.86,1417.0,hold,independent_meta,,0.0,0.0,0.0,0.0,,,0.0,0.0,,,,,,,,,,,,,,,,,,,,
policy_1m,SPY,2026-03-05 16:06:00+00:00,680.83,680.89,680.7,680.785,2873.0,hold,independent_meta,,0.0,0.0,0.0,0.0,,,0.0,0.0,,,,,,,,,,,,,,,,,,,,
policy_1m,SPY,2026-03-05 16:07:00+00:00,680.6,680.67,680.43,680.47,4738.0,hold,independent_meta,,0.0,0.0,0.0,0.0,,,0.0,0.0,,,,,,,,,,,,,,,,,,,,
policy_1m,SPY,2026-03-05 16:08:00+00:00,680.47,680.47,680.14,680.29,6286.0,hold,independent_meta,,0.0,0.0,0.0,0.0,,,0.0,0.0,,,,,,,,,,,,,,,,,,,,
policy_1m,SPY,2026-03-05 16:09:00+00:00,680.27,680.35,680.08,680.145,3798.0,hold,independent_meta,,0.0,0.0,0.0,0.0,,,0.0,0.0,,,,,,,,,,,,,,,,,,,,
policy_1m,SPY,2026-03-05 16:10:00+00:00,680.1,680.1,679.71,679.74,5070.0,hold,independent_meta,,0.0,0.0,0.0,0.0,,,0.0,0.0,,,,,,,,,,,,,,,,,,,,
meta_10m,SPY,2026-03-05 16:00:00+00:00,682.12,682.3,680.08,680.145,37499.0,,,,,,,,,,,,,,,policy_only,0.03175012767314911,0.7417493462562561,,0.181238055229187,0.014809995889663696,0.36600005626678467,0.06353149563074112,0.7906706929206848,,,,,0.5,0.5,0.65,0.65
policy_1m,SPY,2026-03-05 16:11:00+00:00,679.61,679.62,679.19,679.4,5932.0,hold,independent_meta,,0.0,0.0,0.0,0.0,,,0.0,0.0,,,,,,,,,,,,,,,,,,,,
policy_1m,SPY,2026-03-05 16:12:00+00:00,679.515,679.55,679.25,679.315,3584.0,hold,independent_meta,,0.0,0.0,0.0,0.0,,,0.0,0.0,,,,,,,,,,,,,,,,,,,,
policy_1m,SPY,2026-03-05 16:13:00+00:00,679.49,680.33,679.28,680.26,8687.0,hold,independent_meta,,0.0,0.0,0.0,0.0,,,0.0,0.0,,,,,,,,,,,,,,,,,,,,
policy_1m,SPY,2026-03-05 16:14:00+00:00,680.21,680.255,679.7,679.79,2776.0,hold,independent_meta,,0.0,0.0,0.0,0.0,,,0.0,0.0,,,,,,,,,,,,,,,,,,,,
policy_1m,SPY,2026-03-05 16:15:00+00:00,679.81,680.1,679.47,679.51,3346.0,hold,independent_meta,,0.0,0.0,0.0,0.0,,,0.0,0.0,,,,,,,,,,,,,,,,,,,,
policy_1m,SPY,2026-03-05 16:16:00+00:00,679.72,679.72,679.37,679.44,2352.0,hold,independent_meta,,0.0,0.0,0.0,0.0,,,0.0,0.0,,,,,,,,,,,,,,,,,,,,
policy_1m,SPY,2026-03-05 16:17:00+00:00,679.41,679.47,679.18,679.25,8907.0,hold,independent_meta,,0.0,0.0,0.0,0.0,,,0.0,0.0,,,,,,,,,,,,,,,,,,,,
policy_1m,SPY,2026-03-05 16:18:00+00:00,679.265,679.71,679.02,679.71,3914.0,hold,independent_meta,,0.0,0.0,0.0,0.0,,,0.0,0.0,,,,,,,,,,,,,,,,,,,,
policy_1m,SPY,2026-03-05 16:19:00+00:00,679.53,679.69,679.12,679.135,3115.0,hold,independent_meta,,0.0,0.0,0.0,0.0,,,0.0,0.0,,,,,,,,,,,,,,,,,,,,
policy_1m,SPY,2026-03-05 16:20:00+00:00,679.29,679.6,679.29,679.36,3192.0,hold,independent_meta,,0.0,0.0,0.0,0.0,,,0.0,0.0,,,,,,,,,,,,,,,,,,,,
meta_10m,SPY,2026-03-05 16:10:00+00:00,680.1,680.33,679.02,679.135,47683.0,,,,,,,,,,,,,,,policy_only,0.4095011055469513,0.10204682499170303,,0.2686769962310791,0.3812788724899292,0.011598181910812855,0.5001806616783142,0.23863303661346436,,,,,0.5,0.5,0.65,0.65
policy_1m,SPY,2026-03-05 16:21:00+00:00,679.38,679.53,679.22,679.53,2779.0,hold,independent_meta,,0.0,0.0,0.0,0.0,,,0.0,0.0,,,,,,,,,,,,,,,,,,,,
policy_1m,SPY,2026-03-05 16:22:00+00:00,679.59,680.19,679.49,680.19,4484.0,hold,independent_meta,,0.0,0.0,0.0,0.0,,,0.0,0.0,,,,,,,,,,,,,,,,,,,,
policy_1m,SPY,2026-03-05 16:23:00+00:00,680.25,680.28,679.44,679.51,3244.0,hold,independent_meta,,0.0,0.0,0.0,0.0,,,0.0,0.0,,,,,,,,,,,,,,,,,,,,
policy_1m,SPY,2026-03-05 16:24:00+00:00,679.4,679.855,679.4,679.73,3045.0,hold,independent_meta,,0.0,0.0,0.0,0.0,,,0.0,0.0,,,,,,,,,,,,,,,,,,,,
policy_1m,SPY,2026-03-05 16:25:00+00:00,679.41,680.04,679.41,679.95,2982.0,hold,independent_meta,,0.0,0.0,0.0,0.0,,,0.0,0.0,,,,,,,,,,,,,,,,,,,,
policy_1m,SPY,2026-03-05 16:26:00+00:00,679.95,680.09,679.91,680.005,1239.0,hold,independent_meta,,0.0,0.0,0.0,0.0,,,0.0,0.0,,,,,,,,,,,,,,,,,,,,
policy_1m,SPY,2026-03-05 16:27:00+00:00,679.81,680.05,679.805,679.935,3225.0,hold,independent_meta,,0.0,0.0,0.0,0.0,,,0.0,0.0,,,,,,,,,,,,,,,,,,,,
policy_1m,SPY,2026-03-05 16:28:00+00:00,679.96,680.09,679.57,679.57,3131.0,hold,independent_meta,,0.0,0.0,0.0,0.0,,,0.0,0.0,,,,,,,,,,,,,,,,,,,,
policy_1m,SPY,2026-03-05 16:29:00+00:00,679.52,679.6,679.48,679.53,11409.0,hold,independent_meta,,0.0,0.0,0.0,0.0,,,0.0,0.0,,,,,,,,,,,,,,,,,,,,
policy_1m,SPY,2026-03-05 16:30:00+00:00,679.47,679.9,679.47,679.825,8501.0,hold,independent_meta,,0.0,0.0,0.0,0.0,,,0.0,0.0,,,,,,,,,,,,,,,,,,,,
meta_10m,SPY,2026-03-05 16:20:00+00:00,679.29,680.28,679.22,679.53,38730.0,,,,,,,,,,,,,,,policy_only,0.06681602448225021,0.4794621169567108,,0.6001834273338318,0.00036251108394935727,0.01826579123735428,0.043831486254930496,0.7239865660667419,,,,,0.5,0.5,0.65,0.65
policy_1m,SPY,2026-03-05 16:31:00+00:00,679.9,680.53,679.9,680.45,8599.0,hold,independent_meta,,0.0,0.0,0.0,0.0,,,0.0,0.0,,,,,,,,,,,,,,,,,,,,
policy_1m,SPY,2026-03-05 16:32:00+00:00,680.46,680.62,680.37,680.56,3739.0,hold,independent_meta,,0.0,0.0,0.0,0.0,,,0.0,0.0,,,,,,,,,,,,,,,,,,,,
policy_1m,SPY,2026-03-05 16:33:00+00:00,680.63,680.78,680.52,680.52,1998.0,hold,independent_meta,,0.0,0.0,0.0,0.0,,,0.0,0.0,,,,,,,,,,,,,,,,,,,,
policy_1m,SPY,2026-03-05 16:34:00+00:00,680.18,680.21,679.81,680.17,7146.0,hold,independent_meta,,0.0,0.0,0.0,0.0,,,0.0,0.0,,,,,,,,,,,,,,,,,,,,
policy_1m,SPY,2026-03-05 16:35:00+00:00,680.08,680.31,680.0,680.12,1806.0,hold,independent_meta,,0.0,0.0,0.0,0.0,,,0.0,0.0,,,,,,,,,,,,,,,,,,,,
policy_1m,SPY,2026-03-05 16:36:00+00:00,680.14,680.45,680.14,680.24,2822.0,hold,independent_meta,,0.0,0.0,0.0,0.0,,,0.0,0.0,,,,,,,,,,,,,,,,,,,,
policy_1m,SPY,2026-03-05 16:37:00+00:00,680.3,680.66,680.16,680.4,2289.0,hold,independent_meta,,0.0,0.0,0.0,0.0,,,0.0,0.0,,,,,,,,,,,,,,,,,,,,
policy_1m,SPY,2026-03-05 16:38:00+00:00,680.7,680.71,680.48,680.555,1293.0,hold,independent_meta,,0.0,0.0,0.0,0.0,,,0.0,0.0,,,,,,,,,,,,,,,,,,,,
policy_1m,SPY,2026-03-05 16:39:00+00:00,680.67,680.93,680.43,680.52,766.0,hold,independent_meta,,0.0,0.0,0.0,0.0,,,0.0,0.0,,,,,,,,,,,,,,,,,,,,
policy_1m,SPY,2026-03-05 16:40:00+00:00,680.68,681.0,680.61,680.84,2008.0,hold,independent_meta,,0.0,0.0,0.0,0.0,,,0.0,0.0,,,,,,,,,,,,,,,,,,,,
meta_10m,SPY,2026-03-05 16:30:00+00:00,679.47,680.93,679.47,680.52,38959.0,,,,,,,,,,,,,,,policy_only,0.024046506732702255,0.8714389204978943,,0.8496310710906982,0.0010482709622010589,0.46497073769569397,0.005434909835457802,0.961376965045929,,,,,0.5,0.5,0.65,0.65
policy_1m,SPY,2026-03-05 16:41:00+00:00,680.85,680.85,680.15,680.21,2305.0,open_short,independent_meta,,-1.0,-1.0,0.0,1.0,,.SIM_SPY_260305_P_679,0.0,1.0,,,,,,,,,,,,,,,,,,,,
policy_1m,SPY,2026-03-05 16:42:00+00:00,680.32,680.32,679.87,679.87,2157.0,hold,independent_meta,,-1.0,-1.0,0.0,1.0,,.SIM_SPY_260305_P_679,0.0,1.0,,,,,,,,,,,,,,,,,,,,
policy_1m,SPY,2026-03-05 16:43:00+00:00,680.15,680.2,679.93,680.14,5029.0,hold,independent_meta,,-1.0,-1.0,0.0,1.0,,.SIM_SPY_260305_P_679,0.0,1.0,,,,,,,,,,,,,,,,,,,,
policy_1m,SPY,2026-03-05 16:44:00+00:00,680.375,680.375,680.2,680.21,1452.0,close_short,independent_meta,,0.0,0.0,0.0,0.0,,,0.0,0.0,,,,,,,,,,,,,,,,,,,,
policy_1m,SPY,2026-03-05 16:45:00+00:00,680.47,680.96,680.47,680.92,1899.0,hold,independent_meta,,0.0,0.0,0.0,0.0,,,0.0,0.0,,,,,,,,,,,,,,,,,,,,
policy_1m,SPY,2026-03-05 16:46:00+00:00,680.99,681.12,680.68,680.89,1341.0,hold,independent_meta,,0.0,0.0,0.0,0.0,,,0.0,0.0,,,,,,,,,,,,,,,,,,,,
policy_1m,SPY,2026-03-05 16:47:00+00:00,680.81,681.14,680.81,681.07,2803.0,hold,independent_meta,,0.0,0.0,0.0,0.0,,,0.0,0.0,,,,,,,,,,,,,,,,,,,,
policy_1m,SPY,2026-03-05 16:48:00+00:00,680.985,681.125,680.81,680.81,2497.0,hold,independent_meta,,0.0,0.0,0.0,0.0,,,0.0,0.0,,,,,,,,,,,,,,,,,,,,
policy_1m,SPY,2026-03-05 16:49:00+00:00,680.745,680.75,680.455,680.72,613.0,hold,independent_meta,,0.0,0.0,0.0,0.0,,,0.0,0.0,,,,,,,,,,,,,,,,,,,,
policy_1m,SPY,2026-03-05 16:50:00+00:00,680.745,680.94,680.67,680.72,2868.0,hold,independent_meta,,0.0,0.0,0.0,0.0,,,0.0,0.0,,,,,,,,,,,,,,,,,,,,
meta_10m,SPY,2026-03-05 16:40:00+00:00,680.68,681.14,679.87,680.72,22104.0,,,,,,,,,,,,,,,policy_only,0.016229061409831047,0.8671291470527649,,,0.0010728902416303754,0.6932452917098999,0.0062012686394155025,0.9679602980613708,,,,,0.5,0.5,0.65,0.65
policy_1m,SPY,2026-03-05 16:51:00+00:00,680.775,680.775,680.31,680.325,2126.0,hold,independent_meta,,0.0,0.0,0.0,0.0,,,0.0,0.0,,,,,,,,,,,,,,,,,,,,
policy_1m,SPY,2026-03-05 16:52:00+00:00,680.46,680.61,680.39,680.6,1797.0,hold,independent_meta,,0.0,0.0,0.0,0.0,,,0.0,0.0,,,,,,,,,,,,,,,,,,,,
policy_1m,SPY,2026-03-05 16:53:00+00:00,680.64,680.81,680.545,680.545,1138.0,hold,independent_meta,,0.0,0.0,0.0,0.0,,,0.0,0.0,,,,,,,,,,,,,,,,,,,,
policy_1m,SPY,2026-03-05 16:54:00+00:00,680.62,680.99,680.515,680.87,1579.0,hold,independent_meta,,0.0,0.0,0.0,0.0,,,0.0,0.0,,,,,,,,,,,,,,,,,,,,
policy_1m,SPY,2026-03-05 16:55:00+00:00,681.11,681.11,680.95,681.1,3575.0,hold,independent_meta,,0.0,0.0,0.0,0.0,,,0.0,0.0,,,,,,,,,,,,,,,,,,,,
policy_1m,SPY,2026-03-05 16:56:00+00:00,681.03,681.295,681.03,681.03,2450.0,hold,independent_meta,,0.0,0.0,0.0,0.0,,,0.0,0.0,,,,,,,,,,,,,,,,,,,,
policy_1m,SPY,2026-03-05 16:57:00+00:00,681.14,681.3,681.13,681.2,4827.0,hold,independent_meta,,0.0,0.0,0.0,0.0,,,0.0,0.0,,,,,,,,,,,,,,,,,,,,
policy_1m,SPY,2026-03-05 16:58:00+00:00,681.17,681.17,680.93,680.93,1647.0,hold,independent_meta,,0.0,0.0,0.0,0.0,,,0.0,0.0,,,,,,,,,,,,,,,,,,,,
policy_1m,SPY,2026-03-05 16:59:00+00:00,680.96,681.24,680.96,680.99,1390.0,hold,independent_meta,,0.0,0.0,0.0,0.0,,,0.0,0.0,,,,,,,,,,,,,,,,,,,,
policy_1m,SPY,2026-03-05 17:00:00+00:00,680.9,681.17,680.9,681.165,1295.0,hold,independent_meta,,0.0,0.0,0.0,0.0,,,0.0,0.0,,,,,,,,,,,,,,,,,,,,
meta_10m,SPY,2026-03-05 16:50:00+00:00,680.745,681.3,680.31,680.99,23397.0,,,,,,,,,,,,,,,policy_only,0.009692764841020107,0.9542830586433411,,0.1468774974346161,0.0006404033629223704,0.6539145112037659,0.006933981087058783,0.9470460414886475,,,,,0.5,0.5,0.65,0.65
policy_1m,SPY,2026-03-05 17:01:00+00:00,681.06,681.32,681.05,681.19,1356.0,hold,independent_meta,,0.0,0.0,0.0,0.0,,,0.0,0.0,,,,,,,,,,,,,,,,,,,,
policy_1m,SPY,2026-03-05 17:02:00+00:00,681.265,681.435,681.25,681.34,1870.0,hold,independent_meta,,0.0,0.0,0.0,0.0,,,0.0,0.0,,,,,,,,,,,,,,,,,,,,
policy_1m,SPY,2026-03-05 17:03:00+00:00,681.31,681.75,681.29,681.75,4157.0,hold,independent_meta,,0.0,0.0,0.0,0.0,,,0.0,0.0,,,,,,,,,,,,,,,,,,,,
policy_1m,SPY,2026-03-05 17:04:00+00:00,681.86,682.37,681.855,682.33,5973.0,hold,independent_meta,,0.0,0.0,0.0,0.0,,,0.0,0.0,,,,,,,,,,,,,,,,,,,,
policy_1m,SPY,2026-03-05 17:05:00+00:00,682.3,682.39,682.08,682.24,5929.0,hold,independent_meta,,0.0,0.0,0.0,0.0,,,0.0,0.0,,,,,,,,,,,,,,,,,,,,
policy_1m,SPY,2026-03-05 17:06:00+00:00,682.23,682.365,681.83,681.83,4921.0,hold,independent_meta,,0.0,0.0,0.0,0.0,,,0.0,0.0,,,,,,,,,,,,,,,,,,,,
policy_1m,SPY,2026-03-05 17:07:00+00:00,681.8,681.8,681.07,681.185,6477.0,hold,independent_meta,,0.0,0.0,0.0,0.0,,,0.0,0.0,,,,,,,,,,,,,,,,,,,,
policy_1m,SPY,2026-03-05 17:08:00+00:00,681.14,681.5,681.14,681.5,1221.0,hold,independent_meta,,0.0,0.0,0.0,0.0,,,0.0,0.0,,,,,,,,,,,,,,,,,,,,
policy_1m,SPY,2026-03-05 17:09:00+00:00,681.44,681.45,681.01,681.03,2695.0,hold,independent_meta,,0.0,0.0,0.0,0.0,,,0.0,0.0,,,,,,,,,,,,,,,,,,,,
policy_1m,SPY,2026-03-05 17:10:00+00:00,680.79,680.81,680.19,680.19,3112.0,hold,independent_meta,,0.0,0.0,0.0,0.0,,,0.0,0.0,,,,,,,,,,,,,,,,,,,,
meta_10m,SPY,2026-03-05 17:00:00+00:00,680.9,682.39,680.9,681.03,35894.0,,,,,,,,,,,,,,,policy_only,0.005782025400549173,0.964451253414154,,0.2556439936161041,0.0005528258043341339,0.9123205542564392,0.008289512246847153,0.9713332653045654,,,,,0.5,0.5,0.65,0.65
policy_1m,SPY,2026-03-05 17:11:00+00:00,680.32,680.55,680.32,680.5,2286.0,hold,independent_meta,,0.0,0.0,0.0,0.0,,,0.0,0.0,,,,,,,,,,,,,,,,,,,,
policy_1m,SPY,2026-03-05 17:12:00+00:00,680.595,681.04,680.53,680.85,1976.0,hold,independent_meta,,0.0,0.0,0.0,0.0,,,0.0,0.0,,,,,,,,,,,,,,,,,,,,
policy_1m,SPY,2026-03-05 17:13:00+00:00,681.0,681.1,680.38,680.56,2717.0,hold,independent_meta,,0.0,0.0,0.0,0.0,,,0.0,0.0,,,,,,,,,,,,,,,,,,,,
policy_1m,SPY,2026-03-05 17:14:00+00:00,680.65,680.68,680.54,680.55,809.0,hold,independent_meta,,0.0,0.0,0.0,0.0,,,0.0,0.0,,,,,,,,,,,,,,,,,,,,
policy_1m,SPY,2026-03-05 17:15:00+00:00,680.56,680.56,679.965,679.965,1936.0,hold,independent_meta,,0.0,0.0,0.0,0.0,,,0.0,0.0,,,,,,,,,,,,,,,,,,,,
policy_1m,SPY,2026-03-05 17:16:00+00:00,680.1,680.16,679.68,679.68,2799.0,hold,independent_meta,,0.0,0.0,0.0,0.0,,,0.0,0.0,,,,,,,,,,,,,,,,,,,,
policy_1m,SPY,2026-03-05 17:17:00+00:00,679.655,679.82,679.6,679.72,1448.0,hold,independent_meta,,0.0,0.0,0.0,0.0,,,0.0,0.0,,,,,,,,,,,,,,,,,,,,
policy_1m,SPY,2026-03-05 17:18:00+00:00,679.73,679.73,679.55,679.55,1102.0,hold,independent_meta,,0.0,0.0,0.0,0.0,,,0.0,0.0,,,,,,,,,,,,,,,,,,,,
policy_1m,SPY,2026-03-05 17:19:00+00:00,679.56,679.56,679.2,679.29,2582.0,hold,independent_meta,,0.0,0.0,0.0,0.0,,,0.0,0.0,,,,,,,,,,,,,,,,,,,,
policy_1m,SPY,2026-03-05 17:20:00+00:00,679.3,679.61,679.28,679.31,1717.0,hold,independent_meta,,0.0,0.0,0.0,0.0,,,0.0,0.0,,,,,,,,,,,,,,,,,,,,
meta_10m,SPY,2026-03-05 17:10:00+00:00,680.79,681.1,679.2,679.29,20767.0,,,,,,,,,,,,,,,policy_only,0.012904785573482513,0.9474661946296692,,0.0861634910106659,0.04010239616036415,0.15695272386074066,0.0031285283621400595,0.9868926405906677,,,,,0.5,0.5,0.65,0.65
policy_1m,SPY,2026-03-05 17:21:00+00:00,679.19,679.19,678.96,679.01,4758.0,hold,independent_meta,,0.0,0.0,0.0,0.0,,,0.0,0.0,,,,,,,,,,,,,,,,,,,,
policy_1m,SPY,2026-03-05 17:22:00+00:00,679.05,679.36,679.05,679.21,2224.0,hold,independent_meta,,0.0,0.0,0.0,0.0,,,0.0,0.0,,,,,,,,,,,,,,,,,,,,
policy_1m,SPY,2026-03-05 17:23:00+00:00,679.33,679.4,679.24,679.37,934.0,hold,independent_meta,,0.0,0.0,0.0,0.0,,,0.0,0.0,,,,,,,,,,,,,,,,,,,,
policy_1m,SPY,2026-03-05 17:24:00+00:00,679.41,679.635,679.34,679.48,1099.0,hold,independent_meta,,0.0,0.0,0.0,0.0,,,0.0,0.0,,,,,,,,,,,,,,,,,,,,
policy_1m,SPY,2026-03-05 17:25:00+00:00,679.43,679.44,679.18,679.35,2042.0,hold,independent_meta,,0.0,0.0,0.0,0.0,,,0.0,0.0,,,,,,,,,,,,,,,,,,,,
policy_1m,SPY,2026-03-05 17:26:00+00:00,679.21,679.28,678.74,679.26,3697.0,hold,independent_meta,,0.0,0.0,0.0,0.0,,,0.0,0.0,,,,,,,,,,,,,,,,,,,,
policy_1m,SPY,2026-03-05 17:27:00+00:00,679.13,679.375,679.13,679.17,1323.0,hold,independent_meta,,0.0,0.0,0.0,0.0,,,0.0,0.0,,,,,,,,,,,,,,,,,,,,
policy_1m,SPY,2026-03-05 17:28:00+00:00,679.64,679.64,679.2,679.3,1654.0,hold,independent_meta,,0.0,0.0,0.0,0.0,,,0.0,0.0,,,,,,,,,,,,,,,,,,,,
policy_1m,SPY,2026-03-05 17:29:00+00:00,678.92,679.16,678.81,678.83,4754.0,hold,independent_meta,,0.0,0.0,0.0,0.0,,,0.0,0.0,,,,,,,,,,,,,,,,,,,,
policy_1m,SPY,2026-03-05 17:30:00+00:00,678.605,678.765,678.41,678.41,4020.0,hold,independent_meta,,0.0,0.0,0.0,0.0,,,0.0,0.0,,,,,,,,,,,,,,,,,,,,
meta_10m,SPY,2026-03-05 17:20:00+00:00,679.3,679.64,678.74,678.83,24202.0,,,,,,,,,,,,,,,policy_only,0.016807012259960175,0.947280764579773,,0.09152805060148239,0.018610943108797073,0.02159111388027668,0.004128965083509684,0.9862648844718933,,,,,0.5,0.5,0.65,0.65
policy_1m,SPY,2026-03-05 17:31:00+00:00,678.45,678.45,677.65,677.68,3238.0,hold,independent_meta,,0.0,0.0,0.0,0.0,,,0.0,0.0,,,,,,,,,,,,,,,,,,,,
policy_1m,SPY,2026-03-05 17:32:00+00:00,677.62,677.64,677.32,677.64,4035.0,hold,independent_meta,,0.0,0.0,0.0,0.0,,,0.0,0.0,,,,,,,,,,,,,,,,,,,,
policy_1m,SPY,2026-03-05 17:33:00+00:00,677.44,677.73,677.32,677.37,4070.0,hold,independent_meta,,0.0,0.0,0.0,0.0,,,0.0,0.0,,,,,,,,,,,,,,,,,,,,
policy_1m,SPY,2026-03-05 17:34:00+00:00,677.34,677.42,677.25,677.335,2035.0,hold,independent_meta,,0.0,0.0,0.0,0.0,,,0.0,0.0,,,,,,,,,,,,,,,,,,,,
policy_1m,SPY,2026-03-05 17:35:00+00:00,677.41,677.6,677.28,677.28,3479.0,hold,independent_meta,,0.0,0.0,0.0,0.0,,,0.0,0.0,,,,,,,,,,,,,,,,,,,,
policy_1m,SPY,2026-03-05 17:36:00+00:00,677.28,677.54,677.2,677.25,4268.0,hold,independent_meta,,0.0,0.0,0.0,0.0,,,0.0,0.0,,,,,,,,,,,,,,,,,,,,
policy_1m,SPY,2026-03-05 17:37:00+00:00,677.16,678.55,677.09,678.55,15162.0,hold,independent_meta,,0.0,0.0,0.0,0.0,,,0.0,0.0,,,,,,,,,,,,,,,,,,,,
policy_1m,SPY,2026-03-05 17:38:00+00:00,678.56,678.59,677.99,678.0,12163.0,hold,independent_meta,,0.0,0.0,0.0,0.0,,,0.0,0.0,,,,,,,,,,,,,,,,,,,,
policy_1m,SPY,2026-03-05 17:39:00+00:00,678.11,678.23,677.83,678.06,4468.0,hold,independent_meta,,0.0,0.0,0.0,0.0,,,0.0,0.0,,,,,,,,,,,,,,,,,,,,
policy_1m,SPY,2026-03-05 17:40:00+00:00,678.09,678.41,677.93,678.26,2550.0,hold,independent_meta,,0.0,0.0,0.0,0.0,,,0.0,0.0,,,,,,,,,,,,,,,,,,,,
meta_10m,SPY,2026-03-05 17:30:00+00:00,678.605,678.765,677.09,678.06,56938.0,,,,,,,,,,,,,,,policy_only,0.017705431208014488,0.9146342277526855,,0.8602750301361084,0.5034727454185486,0.012602655217051506,0.019605174660682678,0.9077233076095581,,,,,0.5,0.5,0.65,0.65
policy_1m,SPY,2026-03-05 17:41:00+00:00,678.18,678.18,677.35,677.35,2584.0,hold,independent_meta,,0.0,0.0,0.0,0.0,,,0.0,0.0,,,,,,,,,,,,,,,,,,,,
policy_1m,SPY,2026-03-05 17:42:00+00:00,677.31,677.36,677.17,677.23,2387.0,hold,independent_meta,,0.0,0.0,0.0,0.0,,,0.0,0.0,,,,,,,,,,,,,,,,,,,,
policy_1m,SPY,2026-03-05 17:43:00+00:00,677.14,677.81,677.14,677.34,6816.0,hold,independent_meta,,0.0,0.0,0.0,0.0,,,0.0,0.0,,,,,,,,,,,,,,,,,,,,
policy_1m,SPY,2026-03-05 17:44:00+00:00,677.32,677.46,677.12,677.25,3742.0,hold,independent_meta,,0.0,0.0,0.0,0.0,,,0.0,0.0,,,,,,,,,,,,,,,,,,,,
policy_1m,SPY,2026-03-05 17:45:00+00:00,677.26,677.26,676.94,677.025,2033.0,hold,independent_meta,,0.0,0.0,0.0,0.0,,,0.0,0.0,,,,,,,,,,,,,,,,,,,,
policy_1m,SPY,2026-03-05 17:46:00+00:00,677.09,677.15,676.85,677.04,1861.0,hold,independent_meta,,0.0,0.0,0.0,0.0,,,0.0,0.0,,,,,,,,,,,,,,,,,,,,
policy_1m,SPY,2026-03-05 17:47:00+00:00,676.94,677.225,676.895,677.05,2171.0,hold,independent_meta,,0.0,0.0,0.0,0.0,,,0.0,0.0,,,,,,,,,,,,,,,,,,,,
policy_1m,SPY,2026-03-05 17:48:00+00:00,677.17,677.17,676.6,676.79,2423.0,hold,independent_meta,,0.0,0.0,0.0,0.0,,,0.0,0.0,,,,,,,,,,,,,,,,,,,,
policy_1m,SPY,2026-03-05 17:49:00+00:00,676.76,676.92,676.36,676.465,6673.0,hold,independent_meta,,0.0,0.0,0.0,0.0,,,0.0,0.0,,,,,,,,,,,,,,,,,,,,
policy_1m,SPY,2026-03-05 17:50:00+00:00,676.45,676.54,676.11,676.11,2871.0,hold,independent_meta,,0.0,0.0,0.0,0.0,,,0.0,0.0,,,,,,,,,,,,,,,,,,,,
meta_10m,SPY,2026-03-05 17:40:00+00:00,678.09,678.41,676.36,676.465,33240.0,,,,,,,,,,,,,,,policy_only,0.40706127882003784,0.13887205719947815,,,0.5090740323066711,0.008633025921881199,0.6268885731697083,0.11807989329099655,,,,,0.5,0.5,0.65,0.65
policy_1m,SPY,2026-03-05 17:51:00+00:00,676.27,676.88,676.15,676.69,8300.0,hold,independent_meta,,0.0,0.0,0.0,0.0,,,0.0,0.0,,,,,,,,,,,,,,,,,,,,
policy_1m,SPY,2026-03-05 17:52:00+00:00,676.76,677.34,676.64,677.27,3455.0,hold,independent_meta,,0.0,0.0,0.0,0.0,,,0.0,0.0,,,,,,,,,,,,,,,,,,,,
policy_1m,SPY,2026-03-05 17:53:00+00:00,677.3,677.3,676.87,676.9,3758.0,hold,independent_meta,,0.0,0.0,0.0,0.0,,,0.0,0.0,,,,,,,,,,,,,,,,,,,,
policy_1m,SPY,2026-03-05 17:54:00+00:00,676.81,676.81,676.39,676.41,2620.0,hold,independent_meta,,0.0,0.0,0.0,0.0,,,0.0,0.0,,,,,,,,,,,,,,,,,,,,
policy_1m,SPY,2026-03-05 17:55:00+00:00,676.33,676.35,676.05,676.215,5864.0,hold,independent_meta,,0.0,0.0,0.0,0.0,,,0.0,0.0,,,,,,,,,,,,,,,,,,,,
policy_1m,SPY,2026-03-05 17:56:00+00:00,676.25,676.5,676.23,676.44,3647.0,hold,independent_meta,,0.0,0.0,0.0,0.0,,,0.0,0.0,,,,,,,,,,,,,,,,,,,,
policy_1m,SPY,2026-03-05 17:57:00+00:00,676.61,676.7,676.425,676.66,2564.0,hold,independent_meta,,0.0,0.0,0.0,0.0,,,0.0,0.0,,,,,,,,,,,,,,,,,,,,
policy_1m,SPY,2026-03-05 17:58:00+00:00,676.41,676.76,676.41,676.44,2903.0,hold,independent_meta,,0.0,0.0,0.0,0.0,,,0.0,0.0,,,,,,,,,,,,,,,,,,,,
policy_1m,SPY,2026-03-05 17:59:00+00:00,676.56,676.68,676.445,676.49,2208.0,hold,independent_meta,,0.0,0.0,0.0,0.0,,,0.0,0.0,,,,,,,,,,,,,,,,,,,,
policy_1m,SPY,2026-03-05 18:00:00+00:00,676.335,676.8,676.335,676.605,3902.0,hold,independent_meta,,0.0,0.0,0.0,0.0,,,0.0,0.0,,,,,,,,,,,,,,,,,,,,
meta_10m,SPY,2026-03-05 17:50:00+00:00,676.45,677.34,676.05,676.49,38190.0,,,,,,,,,,,,,,,policy_only,0.33325332403182983,0.10988068580627441,,,0.6826915740966797,0.06035778671503067,0.6160693168640137,0.2163434475660324,,,,,0.5,0.5,0.65,0.65
policy_1m,SPY,2026-03-05 18:01:00+00:00,676.645,676.92,676.43,676.74,3460.0,hold,independent_meta,,0.0,0.0,0.0,0.0,,,0.0,0.0,,,,,,,,,,,,,,,,,,,,
policy_1m,SPY,2026-03-05 18:02:00+00:00,676.91,676.91,676.52,676.53,4036.0,hold,independent_meta,,0.0,0.0,0.0,0.0,,,0.0,0.0,,,,,,,,,,,,,,,,,,,,
policy_1m,SPY,2026-03-05 18:03:00+00:00,676.62,676.81,676.59,676.71,1580.0,hold,independent_meta,,0.0,0.0,0.0,0.0,,,0.0,0.0,,,,,,,,,,,,,,,,,,,,
policy_1m,SPY,2026-03-05 18:04:00+00:00,676.82,677.17,676.8,677.1,3569.0,hold,independent_meta,,0.0,0.0,0.0,0.0,,,0.0,0.0,,,,,,,,,,,,,,,,,,,,
policy_1m,SPY,2026-03-05 18:05:00+00:00,676.97,677.39,676.8,677.28,2098.0,hold,independent_meta,,0.0,0.0,0.0,0.0,,,0.0,0.0,,,,,,,,,,,,,,,,,,,,
policy_1m,SPY,2026-03-05 18:06:00+00:00,677.21,677.5,676.965,677.16,4944.0,hold,independent_meta,,0.0,0.0,0.0,0.0,,,0.0,0.0,,,,,,,,,,,,,,,,,,,,
policy_1m,SPY,2026-03-05 18:07:00+00:00,677.19,677.77,677.18,677.77,3560.0,hold,independent_meta,,0.0,0.0,0.0,0.0,,,0.0,0.0,,,,,,,,,,,,,,,,,,,,
policy_1m,SPY,2026-03-05 18:08:00+00:00,677.82,677.88,677.62,677.685,4457.0,hold,independent_meta,,0.0,0.0,0.0,0.0,,,0.0,0.0,,,,,,,,,,,,,,,,,,,,
policy_1m,SPY,2026-03-05 18:09:00+00:00,677.68,677.82,677.48,677.81,3820.0,hold,independent_meta,,0.0,0.0,0.0,0.0,,,0.0,0.0,,,,,,,,,,,,,,,,,,,,
policy_1m,SPY,2026-03-05 18:10:00+00:00,677.79,677.94,677.6,677.82,2089.0,hold,independent_meta,,0.0,0.0,0.0,0.0,,,0.0,0.0,,,,,,,,,,,,,,,,,,,,
meta_10m,SPY,2026-03-05 18:00:00+00:00,676.335,677.88,676.335,677.81,35426.0,,,,,,,,,,,,,,,policy_only,0.03926420211791992,0.6420327425003052,,,0.0035035249311476946,0.11513455957174301,0.07854939997196198,0.8443545699119568,,,,,0.5,0.5,0.65,0.65
policy_1m,SPY,2026-03-05 18:11:00+00:00,677.71,677.77,677.43,677.43,3777.0,open_short,independent_meta,,-1.0,-1.0,0.0,1.0,,.SIM_SPY_260305_P_676,0.0,1.0,,,,,,,,,,,,,,,,,,,,
policy_1m,SPY,2026-03-05 18:12:00+00:00,677.5,677.88,677.35,677.83,5641.0,hold,independent_meta,,-1.0,-1.0,0.0,1.0,,.SIM_SPY_260305_P_676,0.0,1.0,,,,,,,,,,,,,,,,,,,,
policy_1m,SPY,2026-03-05 18:13:00+00:00,677.865,678.185,677.745,678.185,3899.0,hold,independent_meta,,-1.0,-1.0,0.0,1.0,,.SIM_SPY_260305_P_676,0.0,1.0,,,,,,,,,,,,,,,,,,,,
policy_1m,SPY,2026-03-05 18:14:00+00:00,678.16,678.23,678.05,678.05,3532.0,hold,independent_meta,,-1.0,-1.0,0.0,1.0,,.SIM_SPY_260305_P_676,0.0,1.0,,,,,,,,,,,,,,,,,,,,
policy_1m,SPY,2026-03-05 18:15:00+00:00,678.18,678.215,677.69,677.71,2437.0,hold,independent_meta,,-1.0,-1.0,0.0,1.0,,.SIM_SPY_260305_P_676,0.0,1.0,,,,,,,,,,,,,,,,,,,,
policy_1m,SPY,2026-03-05 18:16:00+00:00,677.82,677.82,677.62,677.69,1851.0,hold,independent_meta,,-1.0,-1.0,0.0,1.0,,.SIM_SPY_260305_P_676,0.0,1.0,,,,,,,,,,,,,,,,,,,,
policy_1m,SPY,2026-03-05 18:17:00+00:00,677.45,677.62,677.45,677.62,820.0,hold,independent_meta,,-1.0,-1.0,0.0,1.0,,.SIM_SPY_260305_P_676,0.0,1.0,,,,,,,,,,,,,,,,,,,,
policy_1m,SPY,2026-03-05 18:18:00+00:00,677.63,677.67,677.105,677.105,1236.0,hold,independent_meta,,-1.0,-1.0,0.0,1.0,,.SIM_SPY_260305_P_676,0.0,1.0,,,,,,,,,,,,,,,,,,,,
policy_1m,SPY,2026-03-05 18:19:00+00:00,677.07,677.07,676.38,676.44,2741.0,hold,independent_meta,,-1.0,-1.0,0.0,1.0,,.SIM_SPY_260305_P_676,0.0,1.0,,,,,,,,,,,,,,,,,,,,
policy_1m,SPY,2026-03-05 18:20:00+00:00,676.46,676.685,676.46,676.52,1419.0,hold,independent_meta,,-1.0,-1.0,0.0,1.0,,.SIM_SPY_260305_P_676,0.0,1.0,,,,,,,,,,,,,,,,,,,,
meta_10m,SPY,2026-03-05 18:10:00+00:00,677.79,678.23,676.38,676.44,28023.0,,,,,,,,,,,,,,,policy_only,0.6084840297698975,0.06136835366487503,,0.23056121170520782,0.006567623931914568,0.12910933792591095,0.8712897896766663,0.06969787180423737,,,,,0.5,0.5,0.65,0.65
policy_1m,SPY,2026-03-05 18:21:00+00:00,676.51,676.78,676.51,676.66,2421.0,open_long,independent_meta,,0.0,0.0,1.0,1.0,.SIM_SPY_260305_C_678,.SIM_SPY_260305_P_676,1.0,1.0,,,,,,,,,,,,,,,,,,,,
policy_1m,SPY,2026-03-05 18:22:00+00:00,676.735,677.3,676.71,677.3,1375.0,hold,independent_meta,,0.0,0.0,1.0,1.0,.SIM_SPY_260305_C_678,.SIM_SPY_260305_P_676,1.0,1.0,,,,,,,,,,,,,,,,,,,,
policy_1m,SPY,2026-03-05 18:23:00+00:00,677.31,677.31,677.03,677.03,2080.0,hold,independent_meta,,0.0,0.0,1.0,1.0,.SIM_SPY_260305_C_678,.SIM_SPY_260305_P_676,1.0,1.0,,,,,,,,,,,,,,,,,,,,
policy_1m,SPY,2026-03-05 18:24:00+00:00,676.94,677.01,676.81,676.88,2805.0,hold,independent_meta,,0.0,0.0,1.0,1.0,.SIM_SPY_260305_C_678,.SIM_SPY_260305_P_676,1.0,1.0,,,,,,,,,,,,,,,,,,,,
policy_1m,SPY,2026-03-05 18:25:00+00:00,676.9,677.0,676.5,676.51,3197.0,hold,independent_meta,,0.0,0.0,1.0,1.0,.SIM_SPY_260305_C_678,.SIM_SPY_260305_P_676,1.0,1.0,,,,,,,,,,,,,,,,,,,,
policy_1m,SPY,2026-03-05 18:26:00+00:00,676.38,676.42,676.11,676.11,4039.0,hold,independent_meta,,0.0,0.0,1.0,1.0,.SIM_SPY_260305_C_678,.SIM_SPY_260305_P_676,1.0,1.0,,,,,,,,,,,,,,,,,,,,
policy_1m,SPY,2026-03-05 18:27:00+00:00,676.27,676.38,675.9,676.295,3523.0,hold,independent_meta,,0.0,0.0,1.0,1.0,.SIM_SPY_260305_C_678,.SIM_SPY_260305_P_676,1.0,1.0,,,,,,,,,,,,,,,,,,,,
policy_1m,SPY,2026-03-05 18:28:00+00:00,676.33,676.42,676.16,676.16,3118.0,hold,independent_meta,,0.0,0.0,1.0,1.0,.SIM_SPY_260305_C_678,.SIM_SPY_260305_P_676,1.0,1.0,,,,,,,,,,,,,,,,,,,,
policy_1m,SPY,2026-03-05 18:29:00+00:00,676.205,676.46,676.06,676.28,1279.0,hold,independent_meta,,0.0,0.0,1.0,1.0,.SIM_SPY_260305_C_678,.SIM_SPY_260305_P_676,1.0,1.0,,,,,,,,,,,,,,,,,,,,
policy_1m,SPY,2026-03-05 18:30:00+00:00,676.67,676.99,676.3,676.51,4478.0,close_short,independent_meta,,1.0,1.0,1.0,0.0,.SIM_SPY_260305_C_678,,1.0,0.0,,,,,,,,,,,,,,,,,,,,
meta_10m,SPY,2026-03-05 18:20:00+00:00,676.46,677.31,675.9,676.28,25256.0,,,,,,,,,,,,,,,policy_only,0.773792564868927,0.026712728664278984,,0.48955923318862915,0.5871681571006775,0.1469021886587143,0.8789523839950562,0.05332718789577484,,,,,0.5,0.5,0.65,0.65
policy_1m,SPY,2026-03-05 18:31:00+00:00,676.47,676.57,676.2,676.52,979.0,hold,independent_meta,,1.0,1.0,1.0,0.0,.SIM_SPY_260305_C_678,,1.0,0.0,,,,,,,,,,,,,,,,,,,,
policy_1m,SPY,2026-03-05 18:32:00+00:00,676.5,676.5,676.05,676.11,997.0,hold,independent_meta,,1.0,1.0,1.0,0.0,.SIM_SPY_260305_C_678,,1.0,0.0,,,,,,,,,,,,,,,,,,,,
policy_1m,SPY,2026-03-05 18:33:00+00:00,676.0,676.38,675.87,676.38,1663.0,hold,independent_meta,,1.0,1.0,1.0,0.0,.SIM_SPY_260305_C_678,,1.0,0.0,,,,,,,,,,,,,,,,,,,,
policy_1m,SPY,2026-03-05 18:34:00+00:00,676.4,676.51,676.22,676.41,1180.0,hold,independent_meta,,1.0,1.0,1.0,0.0,.SIM_SPY_260305_C_678,,1.0,0.0,,,,,,,,,,,,,,,,,,,,
policy_1m,SPY,2026-03-05 18:35:00+00:00,676.42,676.86,676.42,676.67,1422.0,hold,independent_meta,,1.0,1.0,1.0,0.0,.SIM_SPY_260305_C_678,,1.0,0.0,,,,,,,,,,,,,,,,,,,,
policy_1m,SPY,2026-03-05 18:36:00+00:00,676.52,676.61,676.33,676.41,2105.0,hold,independent_meta,,1.0,1.0,1.0,0.0,.SIM_SPY_260305_C_678,,1.0,0.0,,,,,,,,,,,,,,,,,,,,
policy_1m,SPY,2026-03-05 18:37:00+00:00,676.39,676.54,676.39,676.54,1321.0,hold,independent_meta,,1.0,1.0,1.0,0.0,.SIM_SPY_260305_C_678,,1.0,0.0,,,,,,,,,,,,,,,,,,,,
policy_1m,SPY,2026-03-05 18:38:00+00:00,676.63,676.96,676.63,676.92,3209.0,hold,independent_meta,,1.0,1.0,1.0,0.0,.SIM_SPY_260305_C_678,,1.0,0.0,,,,,,,,,,,,,,,,,,,,
policy_1m,SPY,2026-03-05 18:39:00+00:00,676.79,676.99,676.7,676.7,1356.0,hold,independent_meta,,1.0,1.0,1.0,0.0,.SIM_SPY_260305_C_678,,1.0,0.0,,,,,,,,,,,,,,,,,,,,
policy_1m,SPY,2026-03-05 18:40:00+00:00,676.72,677.29,676.72,677.25,3155.0,hold,independent_meta,,1.0,1.0,1.0,0.0,.SIM_SPY_260305_C_678,,1.0,0.0,,,,,,,,,,,,,,,,,,,,
meta_10m,SPY,2026-03-05 18:30:00+00:00,676.67,676.99,675.87,676.7,18710.0,,,,,,,,,,,,,,,policy_only,0.6682063341140747,0.0282167699187994,,0.8660420775413513,0.8270329236984253,0.11404973268508911,0.779739260673523,0.07013075798749924,,,,,0.5,0.5,0.65,0.65
policy_1m,SPY,2026-03-05 18:41:00+00:00,677.28,677.43,677.2,677.29,1364.0,hold,independent_meta,,1.0,1.0,1.0,0.0,.SIM_SPY_260305_C_678,,1.0,0.0,,,,,,,,,,,,,,,,,,,,
policy_1m,SPY,2026-03-05 18:42:00+00:00,677.46,677.72,677.46,677.68,3627.0,hold,independent_meta,,1.0,1.0,1.0,0.0,.SIM_SPY_260305_C_678,,1.0,0.0,,,,,,,,,,,,,,,,,,,,
policy_1m,SPY,2026-03-05 18:43:00+00:00,677.71,677.95,677.35,677.52,5967.0,hold,independent_meta,,1.0,1.0,1.0,0.0,.SIM_SPY_260305_C_678,,1.0,0.0,,,,,,,,,,,,,,,,,,,,
policy_1m,SPY,2026-03-05 18:44:00+00:00,677.61,677.76,677.61,677.73,1175.0,hold,independent_meta,,1.0,1.0,1.0,0.0,.SIM_SPY_260305_C_678,,1.0,0.0,,,,,,,,,,,,,,,,,,,,
policy_1m,SPY,2026-03-05 18:45:00+00:00,677.8,677.82,676.995,676.995,3589.0,hold,independent_meta,,1.0,1.0,1.0,0.0,.SIM_SPY_260305_C_678,,1.0,0.0,,,,,,,,,,,,,,,,,,,,
policy_1m,SPY,2026-03-05 18:46:00+00:00,677.0,677.25,676.76,677.25,2333.0,hold,independent_meta,,1.0,1.0,1.0,0.0,.SIM_SPY_260305_C_678,,1.0,0.0,,,,,,,,,,,,,,,,,,,,
policy_1m,SPY,2026-03-05 18:47:00+00:00,677.38,677.47,677.33,677.36,1773.0,hold,independent_meta,,1.0,1.0,1.0,0.0,.SIM_SPY_260305_C_678,,1.0,0.0,,,,,,,,,,,,,,,,,,,,
policy_1m,SPY,2026-03-05 18:48:00+00:00,677.35,677.35,676.98,677.12,1590.0,hold,independent_meta,,1.0,1.0,1.0,0.0,.SIM_SPY_260305_C_678,,1.0,0.0,,,,,,,,,,,,,,,,,,,,
policy_1m,SPY,2026-03-05 18:49:00+00:00,676.74,676.82,676.74,676.815,536.0,close_long,independent_meta,,0.0,0.0,0.0,0.0,,,0.0,0.0,,,,,,,,,,,,,,,,,,,,
policy_1m,SPY,2026-03-05 18:50:00+00:00,676.88,676.88,676.54,676.57,1293.0,hold,independent_meta,,0.0,0.0,0.0,0.0,,,0.0,0.0,,,,,,,,,,,,,,,,,,,,
meta_10m,SPY,2026-03-05 18:40:00+00:00,676.72,677.95,676.72,676.815,25109.0,,,,,,,,,,,,,,,policy_only,0.7165634632110596,0.015208855271339417,,,0.0006853838567622006,0.6285562515258789,0.8459992408752441,0.045956652611494064,,,,,0.5,0.5,0.65,0.65
policy_1m,SPY,2026-03-05 18:51:00+00:00,676.6,676.6,676.19,676.2,956.0,hold,independent_meta,,0.0,0.0,0.0,0.0,,,0.0,0.0,,,,,,,,,,,,,,,,,,,,
policy_1m,SPY,2026-03-05 18:52:00+00:00,676.03,676.3,676.0,676.2,2035.0,hold,independent_meta,,0.0,0.0,0.0,0.0,,,0.0,0.0,,,,,,,,,,,,,,,,,,,,
policy_1m,SPY,2026-03-05 18:53:00+00:00,676.24,676.355,676.18,676.27,1189.0,hold,independent_meta,,0.0,0.0,0.0,0.0,,,0.0,0.0,,,,,,,,,,,,,,,,,,,,
policy_1m,SPY,2026-03-05 18:54:00+00:00,676.28,676.37,676.01,676.01,1749.0,hold,independent_meta,,0.0,0.0,0.0,0.0,,,0.0,0.0,,,,,,,,,,,,,,,,,,,,
policy_1m,SPY,2026-03-05 18:55:00+00:00,676.21,676.295,676.17,676.295,996.0,hold,independent_meta,,0.0,0.0,0.0,0.0,,,0.0,0.0,,,,,,,,,,,,,,,,,,,,
policy_1m,SPY,2026-03-05 18:56:00+00:00,676.31,676.47,676.26,676.41,2723.0,hold,independent_meta,,0.0,0.0,0.0,0.0,,,0.0,0.0,,,,,,,,,,,,,,,,,,,,
policy_1m,SPY,2026-03-05 18:57:00+00:00,676.42,676.735,676.34,676.67,925.0,hold,independent_meta,,0.0,0.0,0.0,0.0,,,0.0,0.0,,,,,,,,,,,,,,,,,,,,
policy_1m,SPY,2026-03-05 18:58:00+00:00,676.7,676.99,676.51,676.61,8021.0,hold,independent_meta,,0.0,0.0,0.0,0.0,,,0.0,0.0,,,,,,,,,,,,,,,,,,,,
policy_1m,SPY,2026-03-05 18:59:00+00:00,676.62,676.65,676.56,676.63,585.0,hold,independent_meta,,0.0,0.0,0.0,0.0,,,0.0,0.0,,,,,,,,,,,,,,,,,,,,
policy_1m,SPY,2026-03-05 19:00:00+00:00,676.51,676.84,676.39,676.84,2599.0,hold,independent_meta,,0.0,0.0,0.0,0.0,,,0.0,0.0,,,,,,,,,,,,,,,,,,,,
meta_10m,SPY,2026-03-05 18:50:00+00:00,676.88,676.99,676.0,676.63,20472.0,,,,,,,,,,,,,,,policy_only,0.8840376138687134,0.006457567680627108,0.20170193910598755,,0.03911249712109566,0.43334269523620605,0.932928204536438,0.03204255551099777,,,,,0.5,0.5,0.65,0.65
policy_1m,SPY,2026-03-05 19:01:00+00:00,676.83,677.11,676.72,676.84,6168.0,hold,independent_meta,,0.0,0.0,0.0,0.0,,,0.0,0.0,,,,,,,,,,,,,,,,,,,,
policy_1m,SPY,2026-03-05 19:02:00+00:00,676.96,677.07,676.93,677.07,1321.0,hold,independent_meta,,0.0,0.0,0.0,0.0,,,0.0,0.0,,,,,,,,,,,,,,,,,,,,
policy_1m,SPY,2026-03-05 19:03:00+00:00,677.02,677.03,676.71,676.72,3803.0,hold,independent_meta,,0.0,0.0,0.0,0.0,,,0.0,0.0,,,,,,,,,,,,,,,,,,,,
policy_1m,SPY,2026-03-05 19:04:00+00:00,676.77,677.0,676.51,676.73,4333.0,hold,independent_meta,,0.0,0.0,0.0,0.0,,,0.0,0.0,,,,,,,,,,,,,,,,,,,,
policy_1m,SPY,2026-03-05 19:05:00+00:00,676.82,677.15,676.8,677.15,4996.0,hold,independent_meta,,0.0,0.0,0.0,0.0,,,0.0,0.0,,,,,,,,,,,,,,,,,,,,
policy_1m,SPY,2026-03-05 19:06:00+00:00,677.12,677.32,676.98,676.98,4190.0,hold,independent_meta,,0.0,0.0,0.0,0.0,,,0.0,0.0,,,,,,,,,,,,,,,,,,,,
policy_1m,SPY,2026-03-05 19:07:00+00:00,676.99,677.08,676.92,677.05,1030.0,hold,independent_meta,,0.0,0.0,0.0,0.0,,,0.0,0.0,,,,,,,,,,,,,,,,,,,,
policy_1m,SPY,2026-03-05 19:08:00+00:00,676.73,677.02,676.73,676.975,926.0,hold,independent_meta,,0.0,0.0,0.0,0.0,,,0.0,0.0,,,,,,,,,,,,,,,,,,,,
policy_1m,SPY,2026-03-05 19:09:00+00:00,676.92,677.03,676.85,676.9,1043.0,hold,independent_meta,,0.0,0.0,0.0,0.0,,,0.0,0.0,,,,,,,,,,,,,,,,,,,,
policy_1m,SPY,2026-03-05 19:10:00+00:00,677.03,677.06,676.75,676.87,1410.0,hold,independent_meta,,0.0,0.0,0.0,0.0,,,0.0,0.0,,,,,,,,,,,,,,,,,,,,
meta_10m,SPY,2026-03-05 19:00:00+00:00,676.51,677.32,676.39,676.9,30409.0,,,,,,,,,,,,,,,policy_only,0.887672483921051,0.008322411216795444,0.1074240580201149,,0.05535826086997986,0.62311851978302,0.9657532572746277,0.029444387182593346,,,,,0.5,0.5,0.65,0.65
policy_1m,SPY,2026-03-05 19:11:00+00:00,676.93,677.03,676.77,676.77,2144.0,hold,independent_meta,,0.0,0.0,0.0,0.0,,,0.0,0.0,,,,,,,,,,,,,,,,,,,,
policy_1m,SPY,2026-03-05 19:12:00+00:00,676.8,676.92,676.67,676.92,1110.0,hold,independent_meta,,0.0,0.0,0.0,0.0,,,0.0,0.0,,,,,,,,,,,,,,,,,,,,
policy_1m,SPY,2026-03-05 19:13:00+00:00,677.11,677.36,677.04,677.36,1383.0,hold,independent_meta,,0.0,0.0,0.0,0.0,,,0.0,0.0,,,,,,,,,,,,,,,,,,,,
policy_1m,SPY,2026-03-05 19:14:00+00:00,677.4,677.44,677.23,677.33,8953.0,hold,independent_meta,,0.0,0.0,0.0,0.0,,,0.0,0.0,,,,,,,,,,,,,,,,,,,,
policy_1m,SPY,2026-03-05 19:15:00+00:00,677.17,677.26,677.03,677.05,1339.0,hold,independent_meta,,0.0,0.0,0.0,0.0,,,0.0,0.0,,,,,,,,,,,,,,,,,,,,
policy_1m,SPY,2026-03-05 19:16:00+00:00,677.0,677.02,676.855,676.855,919.0,hold,independent_meta,,0.0,0.0,0.0,0.0,,,0.0,0.0,,,,,,,,,,,,,,,,,,,,
policy_1m,SPY,2026-03-05 19:17:00+00:00,676.78,677.05,676.69,677.04,1698.0,hold,independent_meta,,0.0,0.0,0.0,0.0,,,0.0,0.0,,,,,,,,,,,,,,,,,,,,
policy_1m,SPY,2026-03-05 19:18:00+00:00,676.95,677.27,676.95,677.06,1160.0,hold,independent_meta,,0.0,0.0,0.0,0.0,,,0.0,0.0,,,,,,,,,,,,,,,,,,,,
policy_1m,SPY,2026-03-05 19:19:00+00:00,677.03,677.39,677.0,677.26,3367.0,hold,independent_meta,,0.0,0.0,0.0,0.0,,,0.0,0.0,,,,,,,,,,,,,,,,,,,,
policy_1m,SPY,2026-03-05 19:20:00+00:00,677.39,677.785,677.31,677.31,4943.0,hold,independent_meta,,0.0,0.0,0.0,0.0,,,0.0,0.0,,,,,,,,,,,,,,,,,,,,
meta_10m,SPY,2026-03-05 19:10:00+00:00,677.03,677.44,676.67,677.26,23483.0,,,,,,,,,,,,,,,policy_only,0.8863450288772583,0.00821300595998764,0.09839772433042526,,0.015031964518129826,0.6704860329627991,0.9777637720108032,0.022631309926509857,,,,,0.5,0.5,0.65,0.65
policy_1m,SPY,2026-03-05 19:21:00+00:00,677.27,677.49,677.14,677.35,1893.0,hold,independent_meta,,0.0,0.0,0.0,0.0,,,0.0,0.0,,,,,,,,,,,,,,,,,,,,
policy_1m,SPY,2026-03-05 19:22:00+00:00,677.29,677.38,677.18,677.23,1534.0,hold,independent_meta,,0.0,0.0,0.0,0.0,,,0.0,0.0,,,,,,,,,,,,,,,,,,,,
policy_1m,SPY,2026-03-05 19:23:00+00:00,676.96,677.28,676.96,677.28,778.0,hold,independent_meta,,0.0,0.0,0.0,0.0,,,0.0,0.0,,,,,,,,,,,,,,,,,,,,
policy_1m,SPY,2026-03-05 19:24:00+00:00,677.21,677.31,677.12,677.19,1576.0,hold,independent_meta,,0.0,0.0,0.0,0.0,,,0.0,0.0,,,,,,,,,,,,,,,,,,,,
policy_1m,SPY,2026-03-05 19:25:00+00:00,677.4,677.4,676.52,676.52,2419.0,hold,independent_meta,,0.0,0.0,0.0,0.0,,,0.0,0.0,,,,,,,,,,,,,,,,,,,,
policy_1m,SPY,2026-03-05 19:26:00+00:00,676.51,676.69,676.4,676.69,3086.0,hold,independent_meta,,0.0,0.0,0.0,0.0,,,0.0,0.0,,,,,,,,,,,,,,,,,,,,
policy_1m,SPY,2026-03-05 19:27:00+00:00,676.52,676.635,676.37,676.49,1383.0,hold,independent_meta,,0.0,0.0,0.0,0.0,,,0.0,0.0,,,,,,,,,,,,,,,,,,,,
policy_1m,SPY,2026-03-05 19:28:00+00:00,676.46,676.73,676.46,676.51,889.0,hold,independent_meta,,0.0,0.0,0.0,0.0,,,0.0,0.0,,,,,,,,,,,,,,,,,,,,
policy_1m,SPY,2026-03-05 19:29:00+00:00,676.49,676.805,676.49,676.73,3142.0,hold,independent_meta,,0.0,0.0,0.0,0.0,,,0.0,0.0,,,,,,,,,,,,,,,,,,,,
policy_1m,SPY,2026-03-05 19:30:00+00:00,676.62,676.62,675.98,675.98,3365.0,hold,independent_meta,,0.0,0.0,0.0,0.0,,,0.0,0.0,,,,,,,,,,,,,,,,,,,,
meta_10m,SPY,2026-03-05 19:20:00+00:00,677.39,677.785,676.37,676.73,21643.0,,,,,,,,,,,,,,,policy_only,0.9563406705856323,0.0037918034940958023,0.2226768434047699,,0.14596439898014069,0.5034482479095459,0.9607382416725159,0.025616033002734184,,,,,0.5,0.5,0.65,0.65
policy_1m,SPY,2026-03-05 19:31:00+00:00,676.01,676.15,675.84,676.12,6847.0,hold,independent_meta,,0.0,0.0,0.0,0.0,,,0.0,0.0,,,,,,,,,,,,,,,,,,,,
policy_1m,SPY,2026-03-05 19:32:00+00:00,676.13,676.13,675.63,675.85,4611.0,hold,independent_meta,,0.0,0.0,0.0,0.0,,,0.0,0.0,,,,,,,,,,,,,,,,,,,,
policy_1m,SPY,2026-03-05 19:33:00+00:00,675.9,676.12,675.74,676.0,3760.0,hold,independent_meta,,0.0,0.0,0.0,0.0,,,0.0,0.0,,,,,,,,,,,,,,,,,,,,
policy_1m,SPY,2026-03-05 19:34:00+00:00,676.04,676.14,675.925,676.05,1818.0,hold,independent_meta,,0.0,0.0,0.0,0.0,,,0.0,0.0,,,,,,,,,,,,,,,,,,,,
policy_1m,SPY,2026-03-05 19:35:00+00:00,675.94,676.17,675.92,675.92,2730.0,hold,independent_meta,,0.0,0.0,0.0,0.0,,,0.0,0.0,,,,,,,,,,,,,,,,,,,,
policy_1m,SPY,2026-03-05 19:36:00+00:00,675.84,675.94,675.73,675.8,1881.0,hold,independent_meta,,0.0,0.0,0.0,0.0,,,0.0,0.0,,,,,,,,,,,,,,,,,,,,
policy_1m,SPY,2026-03-05 19:37:00+00:00,675.77,676.0,675.73,675.98,1987.0,hold,independent_meta,,0.0,0.0,0.0,0.0,,,0.0,0.0,,,,,,,,,,,,,,,,,,,,
policy_1m,SPY,2026-03-05 19:38:00+00:00,676.01,676.34,676.01,676.305,2440.0,hold,independent_meta,,0.0,0.0,0.0,0.0,,,0.0,0.0,,,,,,,,,,,,,,,,,,,,
policy_1m,SPY,2026-03-05 19:39:00+00:00,676.26,676.265,676.09,676.265,3024.0,hold,independent_meta,,0.0,0.0,0.0,0.0,,,0.0,0.0,,,,,,,,,,,,,,,,,,,,
policy_1m,SPY,2026-03-05 19:40:00+00:00,676.44,676.63,676.32,676.47,3915.0,hold,independent_meta,,0.0,0.0,0.0,0.0,,,0.0,0.0,,,,,,,,,,,,,,,,,,,,
meta_10m,SPY,2026-03-05 19:30:00+00:00,676.62,676.62,675.63,676.265,32463.0,,,,,,,,,,,,,,,policy_only,0.9679555892944336,0.003287429688498378,0.259416401386261,,0.8752912282943726,0.012807605788111687,0.9408038854598999,0.04561669006943703,,,,,0.5,0.5,0.65,0.65
policy_1m,SPY,2026-03-05 19:41:00+00:00,676.535,676.89,676.535,676.79,5211.0,hold,independent_meta,,0.0,0.0,0.0,0.0,,,0.0,0.0,,,,,,,,,,,,,,,,,,,,
policy_1m,SPY,2026-03-05 19:42:00+00:00,676.68,676.96,676.63,676.93,4623.0,hold,independent_meta,,0.0,0.0,0.0,0.0,,,0.0,0.0,,,,,,,,,,,,,,,,,,,,
policy_1m,SPY,2026-03-05 19:43:00+00:00,676.91,676.95,676.71,676.77,2031.0,hold,independent_meta,,0.0,0.0,0.0,0.0,,,0.0,0.0,,,,,,,,,,,,,,,,,,,,
policy_1m,SPY,2026-03-05 19:44:00+00:00,676.84,676.94,676.71,676.94,4058.0,hold,independent_meta,,0.0,0.0,0.0,0.0,,,0.0,0.0,,,,,,,,,,,,,,,,,,,,
policy_1m,SPY,2026-03-05 19:45:00+00:00,677.06,677.065,676.61,676.92,4045.0,hold,independent_meta,,0.0,0.0,0.0,0.0,,,0.0,0.0,,,,,,,,,,,,,,,,,,,,
policy_1m,SPY,2026-03-05 19:46:00+00:00,677.06,677.19,677.01,677.02,1364.0,hold,independent_meta,,0.0,0.0,0.0,0.0,,,0.0,0.0,,,,,,,,,,,,,,,,,,,,
policy_1m,SPY,2026-03-05 19:47:00+00:00,677.09,677.135,677.01,677.04,712.0,hold,independent_meta,,0.0,0.0,0.0,0.0,,,0.0,0.0,,,,,,,,,,,,,,,,,,,,
policy_1m,SPY,2026-03-05 19:48:00+00:00,677.22,677.34,677.15,677.33,1489.0,hold,independent_meta,,0.0,0.0,0.0,0.0,,,0.0,0.0,,,,,,,,,,,,,,,,,,,,
policy_1m,SPY,2026-03-05 19:49:00+00:00,677.42,677.48,677.25,677.28,2106.0,hold,independent_meta,,0.0,0.0,0.0,0.0,,,0.0,0.0,,,,,,,,,,,,,,,,,,,,
policy_1m,SPY,2026-03-05 19:50:00+00:00,677.335,677.71,677.335,677.49,1574.0,hold,independent_meta,,0.0,0.0,0.0,0.0,,,0.0,0.0,,,,,,,,,,,,,,,,,,,,
meta_10m,SPY,2026-03-05 19:40:00+00:00,676.44,677.48,676.32,677.28,29554.0,,,,,,,,,,,,,,,policy_only,0.3724078834056854,0.16568171977996826,0.18875393271446228,,0.004269776865839958,0.546462893486023,0.186097651720047,0.771713376045227,,,,,0.5,0.5,0.65,0.65
policy_1m,SPY,2026-03-05 19:51:00+00:00,677.51,677.52,677.2,677.2,2535.0,hold,independent_meta,,0.0,0.0,0.0,0.0,,,0.0,0.0,,,,,,,,,,,,,,,,,,,,
policy_1m,SPY,2026-03-05 19:52:00+00:00,677.235,677.31,676.96,677.31,928.0,hold,independent_meta,,0.0,0.0,0.0,0.0,,,0.0,0.0,,,,,,,,,,,,,,,,,,,,
policy_1m,SPY,2026-03-05 19:53:00+00:00,677.23,677.26,677.13,677.16,1134.0,hold,independent_meta,,0.0,0.0,0.0,0.0,,,0.0,0.0,,,,,,,,,,,,,,,,,,,,
policy_1m,SPY,2026-03-05 19:54:00+00:00,677.25,677.38,676.74,676.74,3528.0,hold,independent_meta,,0.0,0.0,0.0,0.0,,,0.0,0.0,,,,,,,,,,,,,,,,,,,,
policy_1m,SPY,2026-03-05 19:55:00+00:00,676.56,676.66,676.45,676.65,3016.0,hold,independent_meta,,0.0,0.0,0.0,0.0,,,0.0,0.0,,,,,,,,,,,,,,,,,,,,
policy_1m,SPY,2026-03-05 19:56:00+00:00,676.675,676.95,676.675,676.86,3368.0,hold,independent_meta,,0.0,0.0,0.0,0.0,,,0.0,0.0,,,,,,,,,,,,,,,,,,,,
policy_1m,SPY,2026-03-05 19:57:00+00:00,676.91,677.22,676.91,677.19,1446.0,hold,independent_meta,,0.0,0.0,0.0,0.0,,,0.0,0.0,,,,,,,,,,,,,,,,,,,,
policy_1m,SPY,2026-03-05 19:58:00+00:00,677.14,677.22,677.01,677.12,988.0,hold,independent_meta,,0.0,0.0,0.0,0.0,,,0.0,0.0,,,,,,,,,,,,,,,,,,,,
policy_1m,SPY,2026-03-05 19:59:00+00:00,677.17,677.185,677.02,677.07,3448.0,hold,independent_meta,,0.0,0.0,0.0,0.0,,,0.0,0.0,,,,,,,,,,,,,,,,,,,,
policy_1m,SPY,2026-03-05 20:00:00+00:00,677.1,677.18,676.93,677.05,3270.0,hold,independent_meta,,0.0,0.0,0.0,0.0,,,0.0,0.0,,,,,,,,,,,,,,,,,,,,
meta_10m,SPY,2026-03-05 19:50:00+00:00,677.335,677.71,676.45,677.07,21965.0,,,,,,,,,,,,,,,policy_only,0.3218301236629486,0.2485741525888443,0.2865844666957855,,0.001729838433675468,0.7158969044685364,0.10866034030914307,0.7817750573158264,,,,,0.5,0.5,0.65,0.65
policy_1m,SPY,2026-03-05 20:01:00+00:00,677.08,677.21,676.895,677.01,3710.0,hold,independent_meta,,0.0,0.0,0.0,0.0,,,0.0,0.0,,,,,,,,,,,,,,,,,,,,
policy_1m,SPY,2026-03-05 20:02:00+00:00,676.96,677.19,676.96,677.01,1180.0,hold,independent_meta,,0.0,0.0,0.0,0.0,,,0.0,0.0,,,,,,,,,,,,,,,,,,,,
policy_1m,SPY,2026-03-05 20:03:00+00:00,676.96,676.96,676.57,676.65,2731.0,hold,independent_meta,,0.0,0.0,0.0,0.0,,,0.0,0.0,,,,,,,,,,,,,,,,,,,,
policy_1m,SPY,2026-03-05 20:04:00+00:00,676.65,678.13,676.42,677.93,12531.0,hold,independent_meta,,0.0,0.0,0.0,0.0,,,0.0,0.0,,,,,,,,,,,,,,,,,,,,
policy_1m,SPY,2026-03-05 20:05:00+00:00,677.98,677.98,677.23,677.38,9996.0,hold,independent_meta,,0.0,0.0,0.0,0.0,,,0.0,0.0,,,,,,,,,,,,,,,,,,,,
policy_1m,SPY,2026-03-05 20:06:00+00:00,677.3,677.46,676.79,677.27,5164.0,hold,independent_meta,,0.0,0.0,0.0,0.0,,,0.0,0.0,,,,,,,,,,,,,,,,,,,,
policy_1m,SPY,2026-03-05 20:07:00+00:00,677.28,677.68,677.25,677.27,7661.0,hold,independent_meta,,0.0,0.0,0.0,0.0,,,0.0,0.0,,,,,,,,,,,,,,,,,,,,
policy_1m,SPY,2026-03-05 20:08:00+00:00,677.34,678.36,677.2,678.31,6026.0,hold,independent_meta,,0.0,0.0,0.0,0.0,,,0.0,0.0,,,,,,,,,,,,,,,,,,,,
policy_1m,SPY,2026-03-05 20:09:00+00:00,678.32,678.43,678.0,678.24,11674.0,hold,independent_meta,,0.0,0.0,0.0,0.0,,,0.0,0.0,,,,,,,,,,,,,,,,,,,,
policy_1m,SPY,2026-03-05 20:10:00+00:00,678.28,678.915,678.2,678.915,11730.0,hold,independent_meta,,0.0,0.0,0.0,0.0,,,0.0,0.0,,,,,,,,,,,,,,,,,,,,
meta_10m,SPY,2026-03-05 20:00:00+00:00,677.1,678.43,676.42,678.24,63943.0,,,,,,,,,,,,,,,policy_only,0.21683752536773682,0.5879283547401428,0.37633442878723145,,0.004351431503891945,0.5350710153579712,0.08251321315765381,0.9466881155967712,,,,,0.5,0.5,0.65,0.65
policy_1m,SPY,2026-03-05 20:11:00+00:00,678.91,679.04,678.58,678.64,7957.0,hold,independent_meta,,0.0,0.0,0.0,0.0,,,0.0,0.0,,,,,,,,,,,,,,,,,,,,
policy_1m,SPY,2026-03-05 20:12:00+00:00,678.57,679.02,678.55,678.55,5838.0,open_short,independent_meta,,-1.0,-1.0,0.0,1.0,,.SIM_SPY_260306_P_677,0.0,1.0,,,,,,,,,,,,,,,,,,,,
policy_1m,SPY,2026-03-05 20:13:00+00:00,678.53,678.83,678.47,678.75,4818.0,hold,independent_meta,,-1.0,-1.0,0.0,1.0,,.SIM_SPY_260306_P_677,0.0,1.0,,,,,,,,,,,,,,,,,,,,
policy_1m,SPY,2026-03-05 20:14:00+00:00,678.66,678.86,678.545,678.79,6264.0,hold,independent_meta,,-1.0,-1.0,0.0,1.0,,.SIM_SPY_260306_P_677,0.0,1.0,,,,,,,,,,,,,,,,,,,,
policy_1m,SPY,2026-03-05 20:15:00+00:00,678.83,679.13,678.66,678.66,7279.0,hold,independent_meta,,-1.0,-1.0,0.0,1.0,,.SIM_SPY_260306_P_677,0.0,1.0,,,,,,,,,,,,,,,,,,,,
policy_1m,SPY,2026-03-05 20:16:00+00:00,678.52,678.78,678.4,678.72,7857.0,hold,independent_meta,,-1.0,-1.0,0.0,1.0,,.SIM_SPY_260306_P_677,0.0,1.0,,,,,,,,,,,,,,,,,,,,
policy_1m,SPY,2026-03-05 20:17:00+00:00,678.75,678.895,678.59,678.68,4039.0,hold,independent_meta,,-1.0,-1.0,0.0,1.0,,.SIM_SPY_260306_P_677,0.0,1.0,,,,,,,,,,,,,,,,,,,,
policy_1m,SPY,2026-03-05 20:18:00+00:00,678.7,679.37,678.7,679.35,5764.0,hold,independent_meta,,-1.0,-1.0,0.0,1.0,,.SIM_SPY_260306_P_677,0.0,1.0,,,,,,,,,,,,,,,,,,,,
policy_1m,SPY,2026-03-05 20:19:00+00:00,679.32,679.44,679.1,679.12,5672.0,hold,independent_meta,,-1.0,-1.0,0.0,1.0,,.SIM_SPY_260306_P_677,0.0,1.0,,,,,,,,,,,,,,,,,,,,
policy_1m,SPY,2026-03-05 20:20:00+00:00,679.09,679.31,678.88,678.95,7813.0,hold,independent_meta,,-1.0,-1.0,0.0,1.0,,.SIM_SPY_260306_P_677,0.0,1.0,,,,,,,,,,,,,,,,,,,,
meta_10m,SPY,2026-03-05 20:10:00+00:00,678.28,679.44,678.2,679.12,67218.0,,,,,,,,,,,,,,,policy_only,0.08590329438447952,0.7436468601226807,0.7316415309906006,,0.00018101757450494915,0.8304494023323059,0.0628228485584259,0.9527709484100342,,,,,0.5,0.5,0.65,0.65
policy_1m,SPY,2026-03-05 20:21:00+00:00,678.94,679.45,678.94,679.42,5499.0,hold,independent_meta,,-1.0,-1.0,0.0,1.0,,.SIM_SPY_260306_P_677,0.0,1.0,,,,,,,,,,,,,,,,,,,,
policy_1m,SPY,2026-03-05 20:22:00+00:00,679.42,679.57,679.27,679.31,8027.0,hold,independent_meta,,-1.0,-1.0,0.0,1.0,,.SIM_SPY_260306_P_677,0.0,1.0,,,,,,,,,,,,,,,,,,,,
policy_1m,SPY,2026-03-05 20:23:00+00:00,679.5,679.82,679.45,679.81,7090.0,hold,independent_meta,,-1.0,-1.0,0.0,1.0,,.SIM_SPY_260306_P_677,0.0,1.0,,,,,,,,,,,,,,,,,,,,
policy_1m,SPY,2026-03-05 20:24:00+00:00,679.67,679.82,679.56,679.81,4572.0,hold,independent_meta,,-1.0,-1.0,0.0,1.0,,.SIM_SPY_260306_P_677,0.0,1.0,,,,,,,,,,,,,,,,,,,,
policy_1m,SPY,2026-03-05 20:25:00+00:00,679.82,680.41,679.82,680.21,10068.0,close_short,independent_meta,,0.0,0.0,0.0,0.0,,,0.0,0.0,,,,,,,,,,,,,,,,,,,,
policy_1m,SPY,2026-03-05 20:26:00+00:00,680.18,680.44,680.13,680.3,8829.0,hold,independent_meta,,0.0,0.0,0.0,0.0,,,0.0,0.0,,,,,,,,,,,,,,,,,,,,
policy_1m,SPY,2026-03-05 20:27:00+00:00,680.29,680.35,679.92,679.95,7745.0,hold,independent_meta,,0.0,0.0,0.0,0.0,,,0.0,0.0,,,,,,,,,,,,,,,,,,,,
policy_1m,SPY,2026-03-05 20:28:00+00:00,679.86,680.04,679.72,679.72,6208.0,hold,independent_meta,,0.0,0.0,0.0,0.0,,,0.0,0.0,,,,,,,,,,,,,,,,,,,,
policy_1m,SPY,2026-03-05 20:29:00+00:00,679.72,679.75,679.45,679.45,6039.0,hold,independent_meta,,0.0,0.0,0.0,0.0,,,0.0,0.0,,,,,,,,,,,,,,,,,,,,
policy_1m,SPY,2026-03-05 20:30:00+00:00,679.4,679.63,679.23,679.63,5358.0,hold,independent_meta,,0.0,0.0,0.0,0.0,,,0.0,0.0,,,,,,,,,,,,,,,,,,,,
meta_10m,SPY,2026-03-05 20:20:00+00:00,679.09,680.44,678.88,679.45,71890.0,,,,,,,,,,,,,,,policy_only,0.10247413069009781,0.7936246991157532,,,0.00019035251170862466,0.8927040696144104,0.04710137099027634,0.9410224556922913,,,,,0.5,0.5,0.65,0.65
policy_1m,SPY,2026-03-05 20:31:00+00:00,679.615,679.84,679.57,679.76,4406.0,hold,independent_meta,,0.0,0.0,0.0,0.0,,,0.0,0.0,,,,,,,,,,,,,,,,,,,,
policy_1m,SPY,2026-03-05 20:32:00+00:00,679.81,680.16,679.78,680.12,4770.0,hold,independent_meta,,0.0,0.0,0.0,0.0,,,0.0,0.0,,,,,,,,,,,,,,,,,,,,
policy_1m,SPY,2026-03-05 20:33:00+00:00,680.125,680.125,679.615,679.97,8975.0,hold,independent_meta,,0.0,0.0,0.0,0.0,,,0.0,0.0,,,,,,,,,,,,,,,,,,,,
policy_1m,SPY,2026-03-05 20:34:00+00:00,680.07,680.16,679.92,680.05,3247.0,hold,independent_meta,,0.0,0.0,0.0,0.0,,,0.0,0.0,,,,,,,,,,,,,,,,,,,,
policy_1m,SPY,2026-03-05 20:35:00+00:00,680.04,680.23,679.99,680.185,4454.0,hold,independent_meta,,0.0,0.0,0.0,0.0,,,0.0,0.0,,,,,,,,,,,,,,,,,,,,
policy_1m,SPY,2026-03-05 20:36:00+00:00,680.185,680.25,680.0,680.1,5431.0,hold,independent_meta,,0.0,0.0,0.0,0.0,,,0.0,0.0,,,,,,,,,,,,,,,,,,,,
policy_1m,SPY,2026-03-05 20:37:00+00:00,680.13,680.33,680.08,680.32,6095.0,hold,independent_meta,,0.0,0.0,0.0,0.0,,,0.0,0.0,,,,,,,,,,,,,,,,,,,,
policy_1m,SPY,2026-03-05 20:38:00+00:00,680.35,680.47,680.32,680.38,6209.0,hold,independent_meta,,0.0,0.0,0.0,0.0,,,0.0,0.0,,,,,,,,,,,,,,,,,,,,
policy_1m,SPY,2026-03-05 20:39:00+00:00,680.42,680.44,679.9,680.03,8108.0,hold,independent_meta,,0.0,0.0,0.0,0.0,,,0.0,0.0,,,,,,,,,,,,,,,,,,,,
policy_1m,SPY,2026-03-05 20:40:00+00:00,680.08,680.16,679.92,680.05,7087.0,hold,independent_meta,,0.0,0.0,0.0,0.0,,,0.0,0.0,,,,,,,,,,,,,,,,,,,,
meta_10m,SPY,2026-03-05 20:30:00+00:00,679.4,680.47,679.23,680.03,57053.0,,,,,,,,,,,,,,,policy_only,0.10927511006593704,0.7805584073066711,,0.40188515186309814,0.0008586202748119831,0.8095560073852539,0.041696492582559586,0.957477867603302,,,,,0.5,0.5,0.65,0.65
policy_1m,SPY,2026-03-05 20:41:00+00:00,680.05,680.15,679.79,679.92,5014.0,hold,independent_meta,,0.0,0.0,0.0,0.0,,,0.0,0.0,,,,,,,,,,,,,,,,,,,,
policy_1m,SPY,2026-03-05 20:42:00+00:00,679.96,680.14,679.92,680.05,4398.0,hold,independent_meta,,0.0,0.0,0.0,0.0,,,0.0,0.0,,,,,,,,,,,,,,,,,,,,
policy_1m,SPY,2026-03-05 20:43:00+00:00,680.06,680.1,679.69,679.8,8382.0,hold,independent_meta,,0.0,0.0,0.0,0.0,,,0.0,0.0,,,,,,,,,,,,,,,,,,,,
policy_1m,SPY,2026-03-05 20:44:00+00:00,679.79,680.02,679.6,680.01,5224.0,hold,independent_meta,,0.0,0.0,0.0,0.0,,,0.0,0.0,,,,,,,,,,,,,,,,,,,,
policy_1m,SPY,2026-03-05 20:45:00+00:00,679.98,680.23,679.68,679.77,6345.0,hold,independent_meta,,0.0,0.0,0.0,0.0,,,0.0,0.0,,,,,,,,,,,,,,,,,,,,
policy_1m,SPY,2026-03-05 20:46:00+00:00,679.8,679.83,679.42,679.61,10353.0,hold,independent_meta,,0.0,0.0,0.0,0.0,,,0.0,0.0,,,,,,,,,,,,,,,,,,,,
policy_1m,SPY,2026-03-05 20:47:00+00:00,679.64,679.75,679.44,679.67,4385.0,hold,independent_meta,,0.0,0.0,0.0,0.0,,,0.0,0.0,,,,,,,,,,,,,,,,,,,,
policy_1m,SPY,2026-03-05 20:48:00+00:00,679.61,680.31,679.6,680.26,9628.0,hold,independent_meta,,0.0,0.0,0.0,0.0,,,0.0,0.0,,,,,,,,,,,,,,,,,,,,
policy_1m,SPY,2026-03-05 20:49:00+00:00,680.28,680.5,680.205,680.48,13618.0,hold,independent_meta,,0.0,0.0,0.0,0.0,,,0.0,0.0,,,,,,,,,,,,,,,,,,,,
policy_1m,SPY,2026-03-05 20:50:00+00:00,680.62,681.14,680.61,680.73,23451.0,hold,independent_meta,,0.0,0.0,0.0,0.0,,,0.0,0.0,,,,,,,,,,,,,,,,,,,,
meta_10m,SPY,2026-03-05 20:40:00+00:00,680.08,680.5,679.42,680.48,74434.0,,,,,,,,,,,,,,,policy_only,0.09113889932632446,0.8893318176269531,,0.22992368042469025,0.0012142712948843837,0.3045201599597931,0.04987851157784462,0.9559357762336731,,,,,0.5,0.5,0.65,0.65
policy_1m,SPY,2026-03-05 20:51:00+00:00,680.71,680.92,680.335,680.62,13486.0,hold,independent_meta,,0.0,0.0,0.0,0.0,,,0.0,0.0,,,,,,,,,,,,,,,,,,,,
policy_1m,SPY,2026-03-05 20:52:00+00:00,680.63,680.99,680.56,680.99,19430.0,hold,independent_meta,,0.0,0.0,0.0,0.0,,,0.0,0.0,,,,,,,,,,,,,,,,,,,,
policy_1m,SPY,2026-03-05 20:53:00+00:00,680.98,681.12,680.865,681.04,23650.0,hold,independent_meta,,0.0,0.0,0.0,0.0,,,0.0,0.0,,,,,,,,,,,,,,,,,,,,
policy_1m,SPY,2026-03-05 20:54:00+00:00,681.0,681.43,680.81,681.35,31461.0,hold,independent_meta,,0.0,0.0,0.0,0.0,,,0.0,0.0,,,,,,,,,,,,,,,,,,,,
policy_1m,SPY,2026-03-05 20:55:00+00:00,681.39,681.46,680.98,681.03,36240.0,hold,independent_meta,,0.0,0.0,0.0,0.0,,,0.0,0.0,,,,,,,,,,,,,,,,,,,,
policy_1m,SPY,2026-03-05 20:56:00+00:00,681.045,681.42,680.96,681.27,31379.0,hold,independent_meta,,0.0,0.0,0.0,0.0,,,0.0,0.0,,,,,,,,,,,,,,,,,,,,
policy_1m,SPY,2026-03-05 20:57:00+00:00,681.27,681.73,681.17,681.655,52138.0,hold,independent_meta,,0.0,0.0,0.0,0.0,,,0.0,0.0,,,,,,,,,,,,,,,,,,,,
policy_1m,SPY,2026-03-05 20:58:00+00:00,681.68,681.71,681.51,681.53,66043.0,hold,independent_meta,,0.0,0.0,0.0,0.0,,,0.0,0.0,,,,,,,,,,,,,,,,,,,,
policy_1m,SPY,2026-03-05 20:59:00+00:00,681.48,681.69,681.16,681.405,144684.0,hold,independent_meta,,0.0,0.0,0.0,0.0,,,0.0,0.0,,,,,,,,,,,,,,,,,,,,
policy_1m,SPY,2026-03-05 21:00:00+00:00,681.42,681.42,681.42,681.42,120.0,hold,independent_meta,,0.0,0.0,0.0,0.0,,,0.0,0.0,,,,,,,,,,,,,,,,,,,,
meta_10m,SPY,2026-03-05 20:50:00+00:00,680.62,681.73,680.335,681.405,441962.0,,,,,,,,,,,,,,,policy_only,0.06227898225188255,0.9080345034599304,,0.27558135986328125,0.001966074574738741,0.8222091794013977,0.056979503482580185,0.9401806592941284,,,,,0.5,0.5,0.65,0.65
policy_1m,SPY,2026-03-06 14:30:00+00:00,673.41,674.01,672.76,672.76,3573.0,hold,independent_meta,,0.0,0.0,0.0,0.0,,,0.0,0.0,,,,,,,,,,,,,,,,,,,,
meta_10m,SPY,2026-03-05 21:00:00+00:00,681.42,681.42,681.42,681.42,120.0,,,,,,,,,,,,,,,policy_only,0.20988482236862183,0.7208238840103149,,0.117733895778656,4.3183743514418893e-07,0.052153579890728,0.05702989175915718,0.9426791667938232,,,,,0.5,0.5,0.65,0.65
policy_1m,SPY,2026-03-06 14:31:00+00:00,672.83,673.04,672.41,672.51,5925.0,hold,independent_meta,,0.0,0.0,0.0,0.0,,,0.0,0.0,,,,,,,,,,,,,,,,,,,,
policy_1m,SPY,2026-03-06 14:32:00+00:00,672.44,672.84,672.04,672.84,5062.0,hold,independent_meta,,0.0,0.0,0.0,0.0,,,0.0,0.0,,,,,,,,,,,,,,,,,,,,
policy_1m,SPY,2026-03-06 14:33:00+00:00,672.78,673.01,672.08,672.08,5753.0,hold,independent_meta,,0.0,0.0,0.0,0.0,,,0.0,0.0,,,,,,,,,,,,,,,,,,,,
policy_1m,SPY,2026-03-06 14:34:00+00:00,672.17,672.44,672.02,672.43,2525.0,hold,independent_meta,,0.0,0.0,0.0,0.0,,,0.0,0.0,,,,,,,,,,,,,,,,,,,,
policy_1m,SPY,2026-03-06 14:35:00+00:00,672.55,672.55,670.86,671.0,12724.0,hold,independent_meta,,0.0,0.0,0.0,0.0,,,0.0,0.0,,,,,,,,,,,,,,,,,,,,
policy_1m,SPY,2026-03-06 14:36:00+00:00,671.05,671.15,670.44,670.7,5425.0,hold,independent_meta,,0.0,0.0,0.0,0.0,,,0.0,0.0,,,,,,,,,,,,,,,,,,,,
policy_1m,SPY,2026-03-06 14:37:00+00:00,670.77,671.2,670.58,670.8,1686.0,hold,independent_meta,,0.0,0.0,0.0,0.0,,,0.0,0.0,,,,,,,,,,,,,,,,,,,,
policy_1m,SPY,2026-03-06 14:38:00+00:00,670.775,671.73,670.77,671.665,4408.0,hold,independent_meta,,0.0,0.0,0.0,0.0,,,0.0,0.0,,,,,,,,,,,,,,,,,,,,
policy_1m,SPY,2026-03-06 14:39:00+00:00,671.67,671.67,671.11,671.19,5590.0,hold,independent_meta,,0.0,0.0,0.0,0.0,,,0.0,0.0,,,,,,,,,,,,,,,,,,,,
policy_1m,SPY,2026-03-06 14:40:00+00:00,671.06,671.82,671.02,671.06,9507.0,hold,independent_meta,,0.0,0.0,0.0,0.0,,,0.0,0.0,,,,,,,,,,,,,,,,,,,,
meta_10m,SPY,2026-03-06 14:30:00+00:00,673.41,674.01,670.44,671.19,52671.0,,,,,,,,,,,,,,,policy_only,0.38826075196266174,0.27573809027671814,,0.9477732181549072,0.7359268665313721,0.017519362270832062,0.5024813413619995,0.2542473077774048,,,,,0.5,0.5,0.65,0.65
policy_1m,SPY,2026-03-06 14:41:00+00:00,670.97,671.62,670.86,671.485,10134.0,hold,independent_meta,,0.0,0.0,0.0,0.0,,,0.0,0.0,,,,,,,,,,,,,,,,,,,,
policy_1m,SPY,2026-03-06 14:42:00+00:00,671.45,671.7,670.86,671.14,5522.0,hold,independent_meta,,0.0,0.0,0.0,0.0,,,0.0,0.0,,,,,,,,,,,,,,,,,,,,
policy_1m,SPY,2026-03-06 14:43:00+00:00,671.29,672.11,671.0,671.2,6584.0,hold,independent_meta,,0.0,0.0,0.0,0.0,,,0.0,0.0,,,,,,,,,,,,,,,,,,,,
policy_1m,SPY,2026-03-06 14:44:00+00:00,671.26,671.92,670.94,671.0,5257.0,hold,independent_meta,,0.0,0.0,0.0,0.0,,,0.0,0.0,,,,,,,,,,,,,,,,,,,,
policy_1m,SPY,2026-03-06 14:45:00+00:00,671.02,671.7,670.79,671.06,4017.0,hold,independent_meta,,0.0,0.0,0.0,0.0,,,0.0,0.0,,,,,,,,,,,,,,,,,,,,
policy_1m,SPY,2026-03-06 14:46:00+00:00,671.1,671.13,670.33,670.5,2169.0,hold,independent_meta,,0.0,0.0,0.0,0.0,,,0.0,0.0,,,,,,,,,,,,,,,,,,,,
policy_1m,SPY,2026-03-06 14:47:00+00:00,670.24,670.7,670.0,670.7,2946.0,hold,independent_meta,,0.0,0.0,0.0,0.0,,,0.0,0.0,,,,,,,,,,,,,,,,,,,,
policy_1m,SPY,2026-03-06 14:48:00+00:00,670.77,670.94,670.37,670.92,2543.0,hold,independent_meta,,0.0,0.0,0.0,0.0,,,0.0,0.0,,,,,,,,,,,,,,,,,,,,
policy_1m,SPY,2026-03-06 14:49:00+00:00,670.9,671.07,670.62,670.76,3339.0,hold,independent_meta,,0.0,0.0,0.0,0.0,,,0.0,0.0,,,,,,,,,,,,,,,,,,,,
policy_1m,SPY,2026-03-06 14:50:00+00:00,670.835,671.2,670.52,671.05,2540.0,hold,independent_meta,,0.0,0.0,0.0,0.0,,,0.0,0.0,,,,,,,,,,,,,,,,,,,,
meta_10m,SPY,2026-03-06 14:40:00+00:00,671.06,672.11,670.0,670.76,52018.0,,,,,,,,,,,,,,,policy_only,0.5236193537712097,0.23598763346672058,,,0.7665497064590454,0.021291302517056465,0.5203093886375427,0.17217198014259338,,,,,0.5,0.5,0.65,0.65
policy_1m,SPY,2026-03-06 14:51:00+00:00,671.14,672.11,671.14,671.77,3318.0,open_long,independent_meta,,1.0,1.0,1.0,0.0,.SIM_SPY_260306_C_674,,1.0,0.0,,,,,,,,,,,,,,,,,,,,
policy_1m,SPY,2026-03-06 14:52:00+00:00,671.64,671.64,671.05,671.07,4919.0,hold,independent_meta,,1.0,1.0,1.0,0.0,.SIM_SPY_260306_C_674,,1.0,0.0,,,,,,,,,,,,,,,,,,,,
policy_1m,SPY,2026-03-06 14:53:00+00:00,671.08,671.11,670.775,670.81,6915.0,hold,independent_meta,,1.0,1.0,1.0,0.0,.SIM_SPY_260306_C_674,,1.0,0.0,,,,,,,,,,,,,,,,,,,,
policy_1m,SPY,2026-03-06 14:54:00+00:00,670.87,671.18,670.74,670.74,1968.0,hold,independent_meta,,1.0,1.0,1.0,0.0,.SIM_SPY_260306_C_674,,1.0,0.0,,,,,,,,,,,,,,,,,,,,
policy_1m,SPY,2026-03-06 14:55:00+00:00,670.64,670.85,670.52,670.52,3313.0,hold,independent_meta,,1.0,1.0,1.0,0.0,.SIM_SPY_260306_C_674,,1.0,0.0,,,,,,,,,,,,,,,,,,,,
policy_1m,SPY,2026-03-06 14:56:00+00:00,670.25,670.5,670.2,670.5,2923.0,hold,independent_meta,,1.0,1.0,1.0,0.0,.SIM_SPY_260306_C_674,,1.0,0.0,,,,,,,,,,,,,,,,,,,,
policy_1m,SPY,2026-03-06 14:57:00+00:00,670.51,670.71,670.38,670.465,3986.0,hold,independent_meta,,1.0,1.0,1.0,0.0,.SIM_SPY_260306_C_674,,1.0,0.0,,,,,,,,,,,,,,,,,,,,
policy_1m,SPY,2026-03-06 14:58:00+00:00,670.48,670.59,670.04,670.07,2617.0,hold,independent_meta,,1.0,1.0,1.0,0.0,.SIM_SPY_260306_C_674,,1.0,0.0,,,,,,,,,,,,,,,,,,,,
policy_1m,SPY,2026-03-06 14:59:00+00:00,670.105,671.145,669.78,671.06,8276.0,close_long,independent_meta,,0.0,0.0,0.0,0.0,,,0.0,0.0,,,,,,,,,,,,,,,,,,,,
policy_1m,SPY,2026-03-06 15:00:00+00:00,670.94,672.93,670.93,672.4,7682.0,hold,independent_meta,,0.0,0.0,0.0,0.0,,,0.0,0.0,,,,,,,,,,,,,,,,,,,,
meta_10m,SPY,2026-03-06 14:50:00+00:00,670.835,672.11,669.78,671.06,40775.0,,,,,,,,,,,,,,,policy_only,0.4962841868400574,0.21944352984428406,0.5197421908378601,,0.598061203956604,0.08525443077087402,0.6008919477462769,0.14045323431491852,,,,,0.5,0.5,0.65,0.65
policy_1m,SPY,2026-03-06 15:01:00+00:00,672.42,672.825,672.12,672.23,3027.0,hold,independent_meta,,0.0,0.0,0.0,0.0,,,0.0,0.0,,,,,,,,,,,,,,,,,,,,
policy_1m,SPY,2026-03-06 15:02:00+00:00,672.56,673.03,672.49,672.85,6331.0,hold,independent_meta,,0.0,0.0,0.0,0.0,,,0.0,0.0,,,,,,,,,,,,,,,,,,,,
policy_1m,SPY,2026-03-06 15:03:00+00:00,672.6,672.6,672.27,672.395,5684.0,hold,independent_meta,,0.0,0.0,0.0,0.0,,,0.0,0.0,,,,,,,,,,,,,,,,,,,,
policy_1m,SPY,2026-03-06 15:04:00+00:00,672.44,672.78,672.06,672.78,6894.0,hold,independent_meta,,0.0,0.0,0.0,0.0,,,0.0,0.0,,,,,,,,,,,,,,,,,,,,
policy_1m,SPY,2026-03-06 15:05:00+00:00,672.83,672.99,671.65,672.02,4591.0,hold,independent_meta,,0.0,0.0,0.0,0.0,,,0.0,0.0,,,,,,,,,,,,,,,,,,,,
policy_1m,SPY,2026-03-06 15:06:00+00:00,672.18,672.765,672.05,672.69,3839.0,hold,independent_meta,,0.0,0.0,0.0,0.0,,,0.0,0.0,,,,,,,,,,,,,,,,,,,,
policy_1m,SPY,2026-03-06 15:07:00+00:00,672.69,672.69,672.12,672.12,3539.0,hold,independent_meta,,0.0,0.0,0.0,0.0,,,0.0,0.0,,,,,,,,,,,,,,,,,,,,
policy_1m,SPY,2026-03-06 15:08:00+00:00,672.2,672.2,671.68,671.88,12031.0,hold,independent_meta,,0.0,0.0,0.0,0.0,,,0.0,0.0,,,,,,,,,,,,,,,,,,,,
policy_1m,SPY,2026-03-06 15:09:00+00:00,671.59,671.595,670.865,671.02,2726.0,hold,independent_meta,,0.0,0.0,0.0,0.0,,,0.0,0.0,,,,,,,,,,,,,,,,,,,,
policy_1m,SPY,2026-03-06 15:10:00+00:00,671.03,671.26,670.8,670.93,5381.0,hold,independent_meta,,0.0,0.0,0.0,0.0,,,0.0,0.0,,,,,,,,,,,,,,,,,,,,
meta_10m,SPY,2026-03-06 15:00:00+00:00,670.94,673.03,670.865,671.02,56344.0,,,,,,,,,,,,,,,policy_only,0.6908922791481018,0.04966289922595024,0.8721810579299927,,0.024101974442601204,0.13853715360164642,0.8724609017372131,0.037904493510723114,,,,,0.5,0.5,0.65,0.65
policy_1m,SPY,2026-03-06 15:11:00+00:00,670.98,671.85,670.98,671.85,2417.0,open_long,independent_meta,,1.0,1.0,1.0,0.0,.SIM_SPY_260306_C_674,,1.0,0.0,,,,,,,,,,,,,,,,,,,,
policy_1m,SPY,2026-03-06 15:12:00+00:00,672.0,672.53,671.89,672.39,2260.0,hold,independent_meta,,1.0,1.0,1.0,0.0,.SIM_SPY_260306_C_674,,1.0,0.0,,,,,,,,,,,,,,,,,,,,
policy_1m,SPY,2026-03-06 15:13:00+00:00,672.47,673.25,672.425,673.25,1905.0,hold,independent_meta,,1.0,1.0,1.0,0.0,.SIM_SPY_260306_C_674,,1.0,0.0,,,,,,,,,,,,,,,,,,,,
policy_1m,SPY,2026-03-06 15:14:00+00:00,672.88,673.12,672.54,673.12,3004.0,hold,independent_meta,,1.0,1.0,1.0,0.0,.SIM_SPY_260306_C_674,,1.0,0.0,,,,,,,,,,,,,,,,,,,,
policy_1m,SPY,2026-03-06 15:15:00+00:00,673.05,673.295,672.9,673.25,4453.0,hold,independent_meta,,1.0,1.0,1.0,0.0,.SIM_SPY_260306_C_674,,1.0,0.0,,,,,,,,,,,,,,,,,,,,
policy_1m,SPY,2026-03-06 15:16:00+00:00,673.29,673.51,672.75,672.92,4627.0,close_long,independent_meta,,0.0,0.0,0.0,0.0,,,0.0,0.0,,,,,,,,,,,,,,,,,,,,
policy_1m,SPY,2026-03-06 15:17:00+00:00,672.84,673.29,672.655,673.19,2862.0,hold,independent_meta,,0.0,0.0,0.0,0.0,,,0.0,0.0,,,,,,,,,,,,,,,,,,,,
policy_1m,SPY,2026-03-06 15:18:00+00:00,673.265,673.49,673.24,673.335,6965.0,hold,independent_meta,,0.0,0.0,0.0,0.0,,,0.0,0.0,,,,,,,,,,,,,,,,,,,,
policy_1m,SPY,2026-03-06 15:19:00+00:00,673.345,673.5,673.26,673.375,9080.0,hold,independent_meta,,0.0,0.0,0.0,0.0,,,0.0,0.0,,,,,,,,,,,,,,,,,,,,
policy_1m,SPY,2026-03-06 15:20:00+00:00,673.395,673.76,673.33,673.4,4941.0,hold,independent_meta,,0.0,0.0,0.0,0.0,,,0.0,0.0,,,,,,,,,,,,,,,,,,,,
meta_10m,SPY,2026-03-06 15:10:00+00:00,671.03,673.51,670.8,673.375,42954.0,,,,,,,,,,,,,,,policy_only,0.5246071815490723,0.10462282598018646,,,0.017610756680369377,0.2245253473520279,0.724067747592926,0.052327319979667664,,,,,0.5,0.5,0.65,0.65
policy_1m,SPY,2026-03-06 15:21:00+00:00,673.43,673.74,673.19,673.74,2461.0,hold,independent_meta,,0.0,0.0,0.0,0.0,,,0.0,0.0,,,,,,,,,,,,,,,,,,,,
policy_1m,SPY,2026-03-06 15:22:00+00:00,673.62,673.78,673.54,673.78,3402.0,hold,independent_meta,,0.0,0.0,0.0,0.0,,,0.0,0.0,,,,,,,,,,,,,,,,,,,,
policy_1m,SPY,2026-03-06 15:23:00+00:00,673.77,674.27,673.76,673.84,2842.0,hold,independent_meta,,0.0,0.0,0.0,0.0,,,0.0,0.0,,,,,,,,,,,,,,,,,,,,
policy_1m,SPY,2026-03-06 15:24:00+00:00,674.18,674.23,674.03,674.09,2566.0,hold,independent_meta,,0.0,0.0,0.0,0.0,,,0.0,0.0,,,,,,,,,,,,,,,,,,,,
policy_1m,SPY,2026-03-06 15:25:00+00:00,673.99,674.21,673.75,674.165,4368.0,hold,independent_meta,,0.0,0.0,0.0,0.0,,,0.0,0.0,,,,,,,,,,,,,,,,,,,,
policy_1m,SPY,2026-03-06 15:26:00+00:00,674.04,674.17,673.87,673.87,3538.0,hold,independent_meta,,0.0,0.0,0.0,0.0,,,0.0,0.0,,,,,,,,,,,,,,,,,,,,
policy_1m,SPY,2026-03-06 15:27:00+00:00,674.0,674.21,673.62,673.69,2708.0,hold,independent_meta,,0.0,0.0,0.0,0.0,,,0.0,0.0,,,,,,,,,,,,,,,,,,,,
policy_1m,SPY,2026-03-06 15:28:00+00:00,673.715,674.04,673.65,673.7,2766.0,hold,independent_meta,,0.0,0.0,0.0,0.0,,,0.0,0.0,,,,,,,,,,,,,,,,,,,,
policy_1m,SPY,2026-03-06 15:29:00+00:00,673.72,674.2,673.56,674.2,3369.0,hold,independent_meta,,0.0,0.0,0.0,0.0,,,0.0,0.0,,,,,,,,,,,,,,,,,,,,
policy_1m,SPY,2026-03-06 15:30:00+00:00,674.23,674.58,674.21,674.41,2372.0,hold,independent_meta,,0.0,0.0,0.0,0.0,,,0.0,0.0,,,,,,,,,,,,,,,,,,,,
meta_10m,SPY,2026-03-06 15:20:00+00:00,673.395,674.27,673.19,674.2,32961.0,,,,,,,,,,,,,,,policy_only,0.688389241695404,0.04684903472661972,0.11475403606891632,,0.0001957379572559148,0.43802088499069214,0.7339038848876953,0.01712139882147312,,,,,0.5,0.5,0.65,0.65
policy_1m,SPY,2026-03-06 15:31:00+00:00,674.32,674.97,674.31,674.76,4240.0,hold,independent_meta,,0.0,0.0,0.0,0.0,,,0.0,0.0,,,,,,,,,,,,,,,,,,,,
policy_1m,SPY,2026-03-06 15:32:00+00:00,674.81,674.95,674.55,674.95,1427.0,hold,independent_meta,,0.0,0.0,0.0,0.0,,,0.0,0.0,,,,,,,,,,,,,,,,,,,,
policy_1m,SPY,2026-03-06 15:33:00+00:00,674.89,674.89,674.45,674.64,1503.0,hold,independent_meta,,0.0,0.0,0.0,0.0,,,0.0,0.0,,,,,,,,,,,,,,,,,,,,
policy_1m,SPY,2026-03-06 15:34:00+00:00,674.58,674.85,674.55,674.72,1237.0,hold,independent_meta,,0.0,0.0,0.0,0.0,,,0.0,0.0,,,,,,,,,,,,,,,,,,,,
policy_1m,SPY,2026-03-06 15:35:00+00:00,674.955,675.22,674.84,675.15,2343.0,hold,independent_meta,,0.0,0.0,0.0,0.0,,,0.0,0.0,,,,,,,,,,,,,,,,,,,,
policy_1m,SPY,2026-03-06 15:36:00+00:00,675.3,675.59,675.175,675.57,2884.0,hold,independent_meta,,0.0,0.0,0.0,0.0,,,0.0,0.0,,,,,,,,,,,,,,,,,,,,
policy_1m,SPY,2026-03-06 15:37:00+00:00,675.53,675.76,675.53,675.76,1914.0,hold,independent_meta,,0.0,0.0,0.0,0.0,,,0.0,0.0,,,,,,,,,,,,,,,,,,,,
policy_1m,SPY,2026-03-06 15:38:00+00:00,675.69,675.89,675.56,675.89,2866.0,hold,independent_meta,,0.0,0.0,0.0,0.0,,,0.0,0.0,,,,,,,,,,,,,,,,,,,,
policy_1m,SPY,2026-03-06 15:39:00+00:00,675.7,675.7,675.42,675.54,3435.0,hold,independent_meta,,0.0,0.0,0.0,0.0,,,0.0,0.0,,,,,,,,,,,,,,,,,,,,
policy_1m,SPY,2026-03-06 15:40:00+00:00,675.5,675.5,675.07,675.1,4629.0,hold,independent_meta,,0.0,0.0,0.0,0.0,,,0.0,0.0,,,,,,,,,,,,,,,,,,,,
meta_10m,SPY,2026-03-06 15:30:00+00:00,674.23,675.89,674.21,675.54,24221.0,,,,,,,,,,,,,,,policy_only,0.036995481699705124,0.6686733961105347,0.3233911097049713,,0.0002675555006135255,0.738315761089325,0.020679906010627747,0.6749136447906494,,,,,0.5,0.5,0.65,0.65
policy_1m,SPY,2026-03-06 15:41:00+00:00,675.095,675.1,674.69,674.75,4293.0,open_short,independent_meta,,-1.0,-1.0,0.0,1.0,,.SIM_SPY_260306_P_673,0.0,1.0,,,,,,,,,,,,,,,,,,,,
policy_1m,SPY,2026-03-06 15:42:00+00:00,674.81,674.87,674.59,674.63,4201.0,hold,independent_meta,,-1.0,-1.0,0.0,1.0,,.SIM_SPY_260306_P_673,0.0,1.0,,,,,,,,,,,,,,,,,,,,
policy_1m,SPY,2026-03-06 15:43:00+00:00,674.61,674.62,674.3,674.37,1466.0,hold,independent_meta,,-1.0,-1.0,0.0,1.0,,.SIM_SPY_260306_P_673,0.0,1.0,,,,,,,,,,,,,,,,,,,,
policy_1m,SPY,2026-03-06 15:44:00+00:00,674.38,674.8,674.38,674.69,4676.0,hold,independent_meta,,-1.0,-1.0,0.0,1.0,,.SIM_SPY_260306_P_673,0.0,1.0,,,,,,,,,,,,,,,,,,,,
policy_1m,SPY,2026-03-06 15:45:00+00:00,674.73,674.9,674.32,674.32,2617.0,hold,independent_meta,,-1.0,-1.0,0.0,1.0,,.SIM_SPY_260306_P_673,0.0,1.0,,,,,,,,,,,,,,,,,,,,
policy_1m,SPY,2026-03-06 15:46:00+00:00,674.38,674.38,673.91,674.01,3413.0,hold,independent_meta,,-1.0,-1.0,0.0,1.0,,.SIM_SPY_260306_P_673,0.0,1.0,,,,,,,,,,,,,,,,,,,,
policy_1m,SPY,2026-03-06 15:47:00+00:00,673.99,674.2,673.95,674.11,2168.0,hold,independent_meta,,-1.0,-1.0,0.0,1.0,,.SIM_SPY_260306_P_673,0.0,1.0,,,,,,,,,,,,,,,,,,,,
policy_1m,SPY,2026-03-06 15:48:00+00:00,674.02,674.02,673.76,673.97,2477.0,hold,independent_meta,,-1.0,-1.0,0.0,1.0,,.SIM_SPY_260306_P_673,0.0,1.0,,,,,,,,,,,,,,,,,,,,
policy_1m,SPY,2026-03-06 15:49:00+00:00,673.96,674.0,673.54,673.68,3683.0,hold,independent_meta,,-1.0,-1.0,0.0,1.0,,.SIM_SPY_260306_P_673,0.0,1.0,,,,,,,,,,,,,,,,,,,,
policy_1m,SPY,2026-03-06 15:50:00+00:00,673.5,673.52,672.99,673.0,5754.0,hold,independent_meta,,-1.0,-1.0,0.0,1.0,,.SIM_SPY_260306_P_673,0.0,1.0,,,,,,,,,,,,,,,,,,,,
meta_10m,SPY,2026-03-06 15:40:00+00:00,675.5,675.5,673.54,673.68,33623.0,,,,,,,,,,,,,,,policy_only,0.4646282196044922,0.03616553917527199,0.9382014274597168,,0.011459523811936378,0.12288185954093933,0.27072468400001526,0.05340905487537384,,,,,0.5,0.5,0.65,0.65
policy_1m,SPY,2026-03-06 15:51:00+00:00,672.87,673.0,672.61,672.61,3392.0,hold,independent_meta,,-1.0,-1.0,0.0,1.0,,.SIM_SPY_260306_P_673,0.0,1.0,,,,,,,,,,,,,,,,,,,,
policy_1m,SPY,2026-03-06 15:52:00+00:00,672.7,672.82,672.49,672.82,2077.0,hold,independent_meta,,-1.0,-1.0,0.0,1.0,,.SIM_SPY_260306_P_673,0.0,1.0,,,,,,,,,,,,,,,,,,,,
policy_1m,SPY,2026-03-06 15:53:00+00:00,672.84,673.055,672.83,673.055,1658.0,hold,independent_meta,,-1.0,-1.0,0.0,1.0,,.SIM_SPY_260306_P_673,0.0,1.0,,,,,,,,,,,,,,,,,,,,
policy_1m,SPY,2026-03-06 15:54:00+00:00,672.98,673.255,672.85,673.255,3596.0,hold,independent_meta,,-1.0,-1.0,0.0,1.0,,.SIM_SPY_260306_P_673,0.0,1.0,,,,,,,,,,,,,,,,,,,,
policy_1m,SPY,2026-03-06 15:55:00+00:00,673.515,674.72,673.515,674.67,3596.0,close_short,independent_meta,,0.0,0.0,0.0,0.0,,,0.0,0.0,,,,,,,,,,,,,,,,,,,,
policy_1m,SPY,2026-03-06 15:56:00+00:00,674.73,675.265,674.71,675.265,2783.0,hold,independent_meta,,0.0,0.0,0.0,0.0,,,0.0,0.0,,,,,,,,,,,,,,,,,,,,
policy_1m,SPY,2026-03-06 15:57:00+00:00,675.25,675.33,675.02,675.13,2691.0,hold,independent_meta,,0.0,0.0,0.0,0.0,,,0.0,0.0,,,,,,,,,,,,,,,,,,,,
policy_1m,SPY,2026-03-06 15:58:00+00:00,675.14,675.24,674.82,675.12,2249.0,hold,independent_meta,,0.0,0.0,0.0,0.0,,,0.0,0.0,,,,,,,,,,,,,,,,,,,,
policy_1m,SPY,2026-03-06 15:59:00+00:00,675.23,675.34,674.79,674.97,1253.0,hold,independent_meta,,0.0,0.0,0.0,0.0,,,0.0,0.0,,,,,,,,,,,,,,,,,,,,
policy_1m,SPY,2026-03-06 16:00:00+00:00,674.92,675.42,674.76,675.32,4849.0,hold,independent_meta,,0.0,0.0,0.0,0.0,,,0.0,0.0,,,,,,,,,,,,,,,,,,,,
meta_10m,SPY,2026-03-06 15:50:00+00:00,673.5,675.34,672.49,674.97,29049.0,,,,,,,,,,,,,,,policy_only,0.05301447585225105,0.555156946182251,,,0.11007073521614075,0.2593546509742737,0.023654652759432793,0.6919419765472412,,,,,0.5,0.5,0.65,0.65
policy_1m,SPY,2026-03-06 16:01:00+00:00,675.33,675.55,675.26,675.42,2119.0,hold,independent_meta,,0.0,0.0,0.0,0.0,,,0.0,0.0,,,,,,,,,,,,,,,,,,,,
policy_1m,SPY,2026-03-06 16:02:00+00:00,675.225,675.41,675.14,675.225,4366.0,hold,independent_meta,,0.0,0.0,0.0,0.0,,,0.0,0.0,,,,,,,,,,,,,,,,,,,,
policy_1m,SPY,2026-03-06 16:03:00+00:00,675.345,675.64,675.3,675.51,4476.0,hold,independent_meta,,0.0,0.0,0.0,0.0,,,0.0,0.0,,,,,,,,,,,,,,,,,,,,
policy_1m,SPY,2026-03-06 16:04:00+00:00,675.64,676.01,675.575,675.86,6415.0,hold,independent_meta,,0.0,0.0,0.0,0.0,,,0.0,0.0,,,,,,,,,,,,,,,,,,,,
policy_1m,SPY,2026-03-06 16:05:00+00:00,675.81,675.97,675.7,675.72,3071.0,hold,independent_meta,,0.0,0.0,0.0,0.0,,,0.0,0.0,,,,,,,,,,,,,,,,,,,,
policy_1m,SPY,2026-03-06 16:06:00+00:00,675.81,675.81,675.155,675.16,3201.0,open_short,independent_meta,,-1.0,-1.0,0.0,1.0,,.SIM_SPY_260306_P_673,0.0,1.0,,,,,,,,,,,,,,,,,,,,
policy_1m,SPY,2026-03-06 16:07:00+00:00,675.11,675.24,674.98,675.05,1630.0,hold,independent_meta,,-1.0,-1.0,0.0,1.0,,.SIM_SPY_260306_P_673,0.0,1.0,,,,,,,,,,,,,,,,,,,,
policy_1m,SPY,2026-03-06 16:08:00+00:00,674.97,675.22,674.905,674.91,2631.0,hold,independent_meta,,-1.0,-1.0,0.0,1.0,,.SIM_SPY_260306_P_673,0.0,1.0,,,,,,,,,,,,,,,,,,,,
policy_1m,SPY,2026-03-06 16:09:00+00:00,674.91,675.2,674.78,674.89,1998.0,hold,independent_meta,,-1.0,-1.0,0.0,1.0,,.SIM_SPY_260306_P_673,0.0,1.0,,,,,,,,,,,,,,,,,,,,
policy_1m,SPY,2026-03-06 16:10:00+00:00,674.97,674.97,674.75,674.9,1596.0,hold,independent_meta,,-1.0,-1.0,0.0,1.0,,.SIM_SPY_260306_P_673,0.0,1.0,,,,,,,,,,,,,,,,,,,,
meta_10m,SPY,2026-03-06 16:00:00+00:00,674.92,676.01,674.76,674.89,34756.0,,,,,,,,,,,,,,,policy_only,0.021985605359077454,0.8054741621017456,,0.2249409556388855,0.000685156905092299,0.7879341244697571,0.017426563426852226,0.8199694156646729,,,,,0.5,0.5,0.65,0.65
policy_1m,SPY,2026-03-06 16:11:00+00:00,674.69,674.69,674.29,674.44,5832.0,hold,independent_meta,,-1.0,-1.0,0.0,1.0,,.SIM_SPY_260306_P_673,0.0,1.0,,,,,,,,,,,,,,,,,,,,
policy_1m,SPY,2026-03-06 16:12:00+00:00,674.41,674.5,674.27,674.27,2670.0,hold,independent_meta,,-1.0,-1.0,0.0,1.0,,.SIM_SPY_260306_P_673,0.0,1.0,,,,,,,,,,,,,,,,,,,,
policy_1m,SPY,2026-03-06 16:13:00+00:00,674.34,674.5,674.21,674.21,2637.0,hold,independent_meta,,-1.0,-1.0,0.0,1.0,,.SIM_SPY_260306_P_673,0.0,1.0,,,,,,,,,,,,,,,,,,,,
policy_1m,SPY,2026-03-06 16:14:00+00:00,674.22,674.28,674.09,674.26,3910.0,hold,independent_meta,,-1.0,-1.0,0.0,1.0,,.SIM_SPY_260306_P_673,0.0,1.0,,,,,,,,,,,,,,,,,,,,
policy_1m,SPY,2026-03-06 16:15:00+00:00,674.29,674.43,673.97,674.375,2897.0,hold,independent_meta,,-1.0,-1.0,0.0,1.0,,.SIM_SPY_260306_P_673,0.0,1.0,,,,,,,,,,,,,,,,,,,,
policy_1m,SPY,2026-03-06 16:16:00+00:00,674.41,674.98,674.36,674.39,2624.0,hold,independent_meta,,-1.0,-1.0,0.0,1.0,,.SIM_SPY_260306_P_673,0.0,1.0,,,,,,,,,,,,,,,,,,,,
policy_1m,SPY,2026-03-06 16:17:00+00:00,674.6,674.6,674.11,674.11,1974.0,hold,independent_meta,,-1.0,-1.0,0.0,1.0,,.SIM_SPY_260306_P_673,0.0,1.0,,,,,,,,,,,,,,,,,,,,
policy_1m,SPY,2026-03-06 16:18:00+00:00,674.2,674.67,674.2,674.54,3077.0,hold,independent_meta,,-1.0,-1.0,0.0,1.0,,.SIM_SPY_260306_P_673,0.0,1.0,,,,,,,,,,,,,,,,,,,,
policy_1m,SPY,2026-03-06 16:19:00+00:00,674.41,674.97,674.41,674.97,709.0,hold,independent_meta,,-1.0,-1.0,0.0,1.0,,.SIM_SPY_260306_P_673,0.0,1.0,,,,,,,,,,,,,,,,,,,,
policy_1m,SPY,2026-03-06 16:20:00+00:00,674.98,675.02,674.22,674.34,860.0,hold,independent_meta,,-1.0,-1.0,0.0,1.0,,.SIM_SPY_260306_P_673,0.0,1.0,,,,,,,,,,,,,,,,,,,,
meta_10m,SPY,2026-03-06 16:10:00+00:00,674.97,674.98,673.97,674.97,27926.0,,,,,,,,,,,,,,,policy_only,0.015591299161314964,0.7874768376350403,,0.2602783143520355,0.004291650373488665,0.1803271323442459,0.008815599605441093,0.8724172711372375,,,,,0.5,0.5,0.65,0.65
policy_1m,SPY,2026-03-06 16:21:00+00:00,674.48,674.48,673.78,673.965,1403.0,hold,independent_meta,,-1.0,-1.0,0.0,1.0,,.SIM_SPY_260306_P_673,0.0,1.0,,,,,,,,,,,,,,,,,,,,
policy_1m,SPY,2026-03-06 16:22:00+00:00,673.94,673.94,673.64,673.8,1264.0,hold,independent_meta,,-1.0,-1.0,0.0,1.0,,.SIM_SPY_260306_P_673,0.0,1.0,,,,,,,,,,,,,,,,,,,,
policy_1m,SPY,2026-03-06 16:23:00+00:00,673.65,673.79,673.51,673.59,770.0,hold,independent_meta,,-1.0,-1.0,0.0,1.0,,.SIM_SPY_260306_P_673,0.0,1.0,,,,,,,,,,,,,,,,,,,,
policy_1m,SPY,2026-03-06 16:24:00+00:00,673.69,674.46,673.49,674.32,1259.0,hold,independent_meta,,-1.0,-1.0,0.0,1.0,,.SIM_SPY_260306_P_673,0.0,1.0,,,,,,,,,,,,,,,,,,,,
policy_1m,SPY,2026-03-06 16:25:00+00:00,674.39,674.58,674.14,674.14,2104.0,hold,independent_meta,,-1.0,-1.0,0.0,1.0,,.SIM_SPY_260306_P_673,0.0,1.0,,,,,,,,,,,,,,,,,,,,
policy_1m,SPY,2026-03-06 16:26:00+00:00,674.18,674.18,673.88,673.88,1558.0,hold,independent_meta,,-1.0,-1.0,0.0,1.0,,.SIM_SPY_260306_P_673,0.0,1.0,,,,,,,,,,,,,,,,,,,,
policy_1m,SPY,2026-03-06 16:27:00+00:00,674.06,674.25,673.8,673.85,1830.0,hold,independent_meta,,-1.0,-1.0,0.0,1.0,,.SIM_SPY_260306_P_673,0.0,1.0,,,,,,,,,,,,,,,,,,,,
policy_1m,SPY,2026-03-06 16:28:00+00:00,674.08,674.18,673.95,674.1,599.0,hold,independent_meta,,-1.0,-1.0,0.0,1.0,,.SIM_SPY_260306_P_673,0.0,1.0,,,,,,,,,,,,,,,,,,,,
policy_1m,SPY,2026-03-06 16:29:00+00:00,674.115,674.46,674.04,674.38,2547.0,hold,independent_meta,,-1.0,-1.0,0.0,1.0,,.SIM_SPY_260306_P_673,0.0,1.0,,,,,,,,,,,,,,,,,,,,
policy_1m,SPY,2026-03-06 16:30:00+00:00,674.34,674.51,673.835,673.87,2496.0,hold,independent_meta,,-1.0,-1.0,0.0,1.0,,.SIM_SPY_260306_P_673,0.0,1.0,,,,,,,,,,,,,,,,,,,,
meta_10m,SPY,2026-03-06 16:20:00+00:00,674.98,675.02,673.49,674.38,14194.0,,,,,,,,,,,,,,,policy_only,0.04793103039264679,0.4859737157821655,,0.11819783598184586,0.6469565629959106,0.19496555626392365,0.09946918487548828,0.579079270362854,,,,,0.5,0.5,0.65,0.65
policy_1m,SPY,2026-03-06 16:31:00+00:00,673.93,674.22,673.87,674.11,1910.0,hold,independent_meta,,-1.0,-1.0,0.0,1.0,,.SIM_SPY_260306_P_673,0.0,1.0,,,,,,,,,,,,,,,,,,,,
policy_1m,SPY,2026-03-06 16:32:00+00:00,674.12,674.52,674.12,674.52,1233.0,hold,independent_meta,,-1.0,-1.0,0.0,1.0,,.SIM_SPY_260306_P_673,0.0,1.0,,,,,,,,,,,,,,,,,,,,
policy_1m,SPY,2026-03-06 16:33:00+00:00,674.35,674.35,673.92,674.03,1875.0,hold,independent_meta,,-1.0,-1.0,0.0,1.0,,.SIM_SPY_260306_P_673,0.0,1.0,,,,,,,,,,,,,,,,,,,,
policy_1m,SPY,2026-03-06 16:34:00+00:00,673.91,673.91,673.42,673.67,3641.0,hold,independent_meta,,-1.0,-1.0,0.0,1.0,,.SIM_SPY_260306_P_673,0.0,1.0,,,,,,,,,,,,,,,,,,,,
policy_1m,SPY,2026-03-06 16:35:00+00:00,673.64,674.27,673.64,674.0,3509.0,hold,independent_meta,,-1.0,-1.0,0.0,1.0,,.SIM_SPY_260306_P_673,0.0,1.0,,,,,,,,,,,,,,,,,,,,
policy_1m,SPY,2026-03-06 16:36:00+00:00,674.08,674.63,674.07,674.58,1937.0,hold,independent_meta,,-1.0,-1.0,0.0,1.0,,.SIM_SPY_260306_P_673,0.0,1.0,,,,,,,,,,,,,,,,,,,,
policy_1m,SPY,2026-03-06 16:37:00+00:00,674.63,674.97,674.63,674.92,1422.0,hold,independent_meta,,-1.0,-1.0,0.0,1.0,,.SIM_SPY_260306_P_673,0.0,1.0,,,,,,,,,,,,,,,,,,,,
policy_1m,SPY,2026-03-06 16:38:00+00:00,674.79,675.13,674.78,674.89,1031.0,close_short,independent_meta,,0.0,0.0,0.0,0.0,,,0.0,0.0,,,,,,,,,,,,,,,,,,,,
policy_1m,SPY,2026-03-06 16:39:00+00:00,674.82,675.02,674.82,674.93,585.0,hold,independent_meta,,0.0,0.0,0.0,0.0,,,0.0,0.0,,,,,,,,,,,,,,,,,,,,
policy_1m,SPY,2026-03-06 16:40:00+00:00,674.97,675.1,674.7,674.98,1854.0,hold,independent_meta,,0.0,0.0,0.0,0.0,,,0.0,0.0,,,,,,,,,,,,,,,,,,,,
meta_10m,SPY,2026-03-06 16:30:00+00:00,674.34,675.13,673.42,674.93,19639.0,,,,,,,,,,,,,,,policy_only,0.013100768439471722,0.8839621543884277,,0.8622955083847046,0.4769042134284973,0.26991796493530273,0.010822883807122707,0.8883344531059265,,,,,0.5,0.5,0.65,0.65
policy_1m,SPY,2026-03-06 16:41:00+00:00,675.1,675.14,674.54,674.76,1433.0,hold,independent_meta,,0.0,0.0,0.0,0.0,,,0.0,0.0,,,,,,,,,,,,,,,,,,,,
policy_1m,SPY,2026-03-06 16:42:00+00:00,674.75,674.82,674.69,674.81,854.0,hold,independent_meta,,0.0,0.0,0.0,0.0,,,0.0,0.0,,,,,,,,,,,,,,,,,,,,
policy_1m,SPY,2026-03-06 16:43:00+00:00,674.85,675.14,674.83,675.14,915.0,hold,independent_meta,,0.0,0.0,0.0,0.0,,,0.0,0.0,,,,,,,,,,,,,,,,,,,,
policy_1m,SPY,2026-03-06 16:44:00+00:00,674.83,674.85,674.44,674.5,1345.0,hold,independent_meta,,0.0,0.0,0.0,0.0,,,0.0,0.0,,,,,,,,,,,,,,,,,,,,
policy_1m,SPY,2026-03-06 16:45:00+00:00,674.49,675.39,674.49,675.39,1893.0,hold,independent_meta,,0.0,0.0,0.0,0.0,,,0.0,0.0,,,,,,,,,,,,,,,,,,,,
policy_1m,SPY,2026-03-06 16:46:00+00:00,675.42,675.61,675.35,675.43,3462.0,hold,independent_meta,,0.0,0.0,0.0,0.0,,,0.0,0.0,,,,,,,,,,,,,,,,,,,,
policy_1m,SPY,2026-03-06 16:47:00+00:00,675.46,675.61,675.04,675.1,1392.0,hold,independent_meta,,0.0,0.0,0.0,0.0,,,0.0,0.0,,,,,,,,,,,,,,,,,,,,
policy_1m,SPY,2026-03-06 16:48:00+00:00,675.095,675.62,674.93,675.62,1226.0,hold,independent_meta,,0.0,0.0,0.0,0.0,,,0.0,0.0,,,,,,,,,,,,,,,,,,,,
policy_1m,SPY,2026-03-06 16:49:00+00:00,675.54,675.6,675.32,675.35,2297.0,hold,independent_meta,,0.0,0.0,0.0,0.0,,,0.0,0.0,,,,,,,,,,,,,,,,,,,,
policy_1m,SPY,2026-03-06 16:50:00+00:00,675.36,675.68,675.36,675.64,2404.0,hold,independent_meta,,0.0,0.0,0.0,0.0,,,0.0,0.0,,,,,,,,,,,,,,,,,,,,
meta_10m,SPY,2026-03-06 16:40:00+00:00,674.97,675.62,674.44,675.35,16671.0,,,,,,,,,,,,,,,policy_only,0.012498660013079643,0.9284864068031311,,,0.006763296667486429,0.6874895095825195,0.008141626603901386,0.9223407506942749,,,,,0.5,0.5,0.65,0.65
policy_1m,SPY,2026-03-06 16:51:00+00:00,675.57,675.9,675.57,675.76,2384.0,hold,independent_meta,,0.0,0.0,0.0,0.0,,,0.0,0.0,,,,,,,,,,,,,,,,,,,,
policy_1m,SPY,2026-03-06 16:52:00+00:00,675.6,675.865,675.6,675.75,891.0,hold,independent_meta,,0.0,0.0,0.0,0.0,,,0.0,0.0,,,,,,,,,,,,,,,,,,,,
policy_1m,SPY,2026-03-06 16:53:00+00:00,675.66,675.83,675.34,675.475,3616.0,open_short,independent_meta,,-1.0,-1.0,0.0,1.0,,.SIM_SPY_260306_P_674,0.0,1.0,,,,,,,,,,,,,,,,,,,,
policy_1m,SPY,2026-03-06 16:54:00+00:00,675.4,675.43,674.505,674.53,4076.0,hold,independent_meta,,-1.0,-1.0,0.0,1.0,,.SIM_SPY_260306_P_674,0.0,1.0,,,,,,,,,,,,,,,,,,,,
policy_1m,SPY,2026-03-06 16:55:00+00:00,674.7,674.82,674.36,674.76,1585.0,hold,independent_meta,,-1.0,-1.0,0.0,1.0,,.SIM_SPY_260306_P_674,0.0,1.0,,,,,,,,,,,,,,,,,,,,
policy_1m,SPY,2026-03-06 16:56:00+00:00,674.49,674.525,674.19,674.31,1745.0,hold,independent_meta,,-1.0,-1.0,0.0,1.0,,.SIM_SPY_260306_P_674,0.0,1.0,,,,,,,,,,,,,,,,,,,,
policy_1m,SPY,2026-03-06 16:57:00+00:00,674.38,675.39,674.38,675.39,1231.0,hold,independent_meta,,-1.0,-1.0,0.0,1.0,,.SIM_SPY_260306_P_674,0.0,1.0,,,,,,,,,,,,,,,,,,,,
policy_1m,SPY,2026-03-06 16:58:00+00:00,675.06,675.24,674.76,675.24,1533.0,hold,independent_meta,,-1.0,-1.0,0.0,1.0,,.SIM_SPY_260306_P_674,0.0,1.0,,,,,,,,,,,,,,,,,,,,
policy_1m,SPY,2026-03-06 16:59:00+00:00,675.19,675.19,675.08,675.09,879.0,hold,independent_meta,,-1.0,-1.0,0.0,1.0,,.SIM_SPY_260306_P_674,0.0,1.0,,,,,,,,,,,,,,,,,,,,
policy_1m,SPY,2026-03-06 17:00:00+00:00,674.95,674.95,674.63,674.64,3030.0,hold,independent_meta,,-1.0,-1.0,0.0,1.0,,.SIM_SPY_260306_P_674,0.0,1.0,,,,,,,,,,,,,,,,,,,,
meta_10m,SPY,2026-03-06 16:50:00+00:00,675.36,675.9,674.19,675.09,20344.0,,,,,,,,,,,,,,,policy_only,0.015393725596368313,0.9012744426727295,,0.08115486800670624,0.015446494333446026,0.5343515872955322,0.011390631087124348,0.8640303611755371,,,,,0.5,0.5,0.65,0.65
policy_1m,SPY,2026-03-06 17:01:00+00:00,674.59,674.98,674.59,674.9,1422.0,hold,independent_meta,,-1.0,-1.0,0.0,1.0,,.SIM_SPY_260306_P_674,0.0,1.0,,,,,,,,,,,,,,,,,,,,
policy_1m,SPY,2026-03-06 17:02:00+00:00,674.9,675.01,674.68,674.68,1322.0,hold,independent_meta,,-1.0,-1.0,0.0,1.0,,.SIM_SPY_260306_P_674,0.0,1.0,,,,,,,,,,,,,,,,,,,,
policy_1m,SPY,2026-03-06 17:03:00+00:00,674.68,675.43,674.57,675.43,3050.0,hold,independent_meta,,-1.0,-1.0,0.0,1.0,,.SIM_SPY_260306_P_674,0.0,1.0,,,,,,,,,,,,,,,,,,,,
policy_1m,SPY,2026-03-06 17:04:00+00:00,675.4,675.8,675.28,675.31,2970.0,hold,independent_meta,,-1.0,-1.0,0.0,1.0,,.SIM_SPY_260306_P_674,0.0,1.0,,,,,,,,,,,,,,,,,,,,
policy_1m,SPY,2026-03-06 17:05:00+00:00,675.3,675.31,674.76,675.02,4240.0,hold,independent_meta,,-1.0,-1.0,0.0,1.0,,.SIM_SPY_260306_P_674,0.0,1.0,,,,,,,,,,,,,,,,,,,,
policy_1m,SPY,2026-03-06 17:06:00+00:00,675.01,675.04,674.22,674.22,4139.0,hold,independent_meta,,-1.0,-1.0,0.0,1.0,,.SIM_SPY_260306_P_674,0.0,1.0,,,,,,,,,,,,,,,,,,,,
policy_1m,SPY,2026-03-06 17:07:00+00:00,674.11,674.26,673.97,674.04,4800.0,hold,independent_meta,,-1.0,-1.0,0.0,1.0,,.SIM_SPY_260306_P_674,0.0,1.0,,,,,,,,,,,,,,,,,,,,
policy_1m,SPY,2026-03-06 17:08:00+00:00,674.02,674.12,673.75,673.76,1507.0,hold,independent_meta,,-1.0,-1.0,0.0,1.0,,.SIM_SPY_260306_P_674,0.0,1.0,,,,,,,,,,,,,,,,,,,,
policy_1m,SPY,2026-03-06 17:09:00+00:00,673.77,673.98,673.76,673.98,1139.0,hold,independent_meta,,-1.0,-1.0,0.0,1.0,,.SIM_SPY_260306_P_674,0.0,1.0,,,,,,,,,,,,,,,,,,,,
policy_1m,SPY,2026-03-06 17:10:00+00:00,674.02,674.29,674.02,674.13,2322.0,hold,independent_meta,,-1.0,-1.0,0.0,1.0,,.SIM_SPY_260306_P_674,0.0,1.0,,,,,,,,,,,,,,,,,,,,
meta_10m,SPY,2026-03-06 17:00:00+00:00,674.95,675.8,673.75,673.98,27619.0,,,,,,,,,,,,,,,policy_only,0.3243224024772644,0.19565293192863464,,0.1237855926156044,0.10249102115631104,0.26782095432281494,0.43356022238731384,0.16771267354488373,,,,,0.5,0.5,0.65,0.65
policy_1m,SPY,2026-03-06 17:11:00+00:00,674.02,674.23,674.02,674.17,890.0,hold,independent_meta,,-1.0,-1.0,0.0,1.0,,.SIM_SPY_260306_P_674,0.0,1.0,,,,,,,,,,,,,,,,,,,,
policy_1m,SPY,2026-03-06 17:12:00+00:00,673.92,674.11,673.92,673.96,873.0,hold,independent_meta,,-1.0,-1.0,0.0,1.0,,.SIM_SPY_260306_P_674,0.0,1.0,,,,,,,,,,,,,,,,,,,,
policy_1m,SPY,2026-03-06 17:13:00+00:00,673.985,674.285,673.95,674.12,1105.0,hold,independent_meta,,-1.0,-1.0,0.0,1.0,,.SIM_SPY_260306_P_674,0.0,1.0,,,,,,,,,,,,,,,,,,,,
policy_1m,SPY,2026-03-06 17:14:00+00:00,674.05,674.07,673.69,673.77,1376.0,hold,independent_meta,,-1.0,-1.0,0.0,1.0,,.SIM_SPY_260306_P_674,0.0,1.0,,,,,,,,,,,,,,,,,,,,
policy_1m,SPY,2026-03-06 17:15:00+00:00,673.92,674.055,673.87,673.94,1568.0,hold,independent_meta,,-1.0,-1.0,0.0,1.0,,.SIM_SPY_260306_P_674,0.0,1.0,,,,,,,,,,,,,,,,,,,,
policy_1m,SPY,2026-03-06 17:16:00+00:00,673.87,673.87,673.45,673.75,2303.0,hold,independent_meta,,-1.0,-1.0,0.0,1.0,,.SIM_SPY_260306_P_674,0.0,1.0,,,,,,,,,,,,,,,,,,,,
policy_1m,SPY,2026-03-06 17:17:00+00:00,673.79,674.06,673.76,673.82,823.0,hold,independent_meta,,-1.0,-1.0,0.0,1.0,,.SIM_SPY_260306_P_674,0.0,1.0,,,,,,,,,,,,,,,,,,,,
policy_1m,SPY,2026-03-06 17:18:00+00:00,673.8,674.18,673.8,674.02,1741.0,hold,independent_meta,,-1.0,-1.0,0.0,1.0,,.SIM_SPY_260306_P_674,0.0,1.0,,,,,,,,,,,,,,,,,,,,
policy_1m,SPY,2026-03-06 17:19:00+00:00,674.12,674.33,674.1,674.1,908.0,hold,independent_meta,,-1.0,-1.0,0.0,1.0,,.SIM_SPY_260306_P_674,0.0,1.0,,,,,,,,,,,,,,,,,,,,
policy_1m,SPY,2026-03-06 17:20:00+00:00,674.43,674.61,674.24,674.25,1068.0,close_short,independent_meta,,0.0,0.0,0.0,0.0,,,0.0,0.0,,,,,,,,,,,,,,,,,,,,
meta_10m,SPY,2026-03-06 17:10:00+00:00,674.02,674.33,673.45,674.1,13909.0,,,,,,,,,,,,,,,policy_only,0.16460256278514862,0.21260569989681244,,0.2824506163597107,0.7496286034584045,0.14767946302890778,0.2913988530635834,0.16720706224441528,,,,,0.5,0.5,0.65,0.65
policy_1m,SPY,2026-03-06 17:21:00+00:00,674.12,674.43,674.12,674.43,717.0,hold,independent_meta,,0.0,0.0,0.0,0.0,,,0.0,0.0,,,,,,,,,,,,,,,,,,,,
policy_1m,SPY,2026-03-06 17:22:00+00:00,674.44,675.11,674.43,674.93,795.0,hold,independent_meta,,0.0,0.0,0.0,0.0,,,0.0,0.0,,,,,,,,,,,,,,,,,,,,
policy_1m,SPY,2026-03-06 17:23:00+00:00,674.87,674.98,674.84,674.87,931.0,hold,independent_meta,,0.0,0.0,0.0,0.0,,,0.0,0.0,,,,,,,,,,,,,,,,,,,,
policy_1m,SPY,2026-03-06 17:24:00+00:00,674.725,674.725,674.41,674.48,1635.0,hold,independent_meta,,0.0,0.0,0.0,0.0,,,0.0,0.0,,,,,,,,,,,,,,,,,,,,
policy_1m,SPY,2026-03-06 17:25:00+00:00,674.3,674.3,673.6,673.73,1033.0,hold,independent_meta,,0.0,0.0,0.0,0.0,,,0.0,0.0,,,,,,,,,,,,,,,,,,,,
policy_1m,SPY,2026-03-06 17:26:00+00:00,673.61,673.81,673.35,673.44,939.0,hold,independent_meta,,0.0,0.0,0.0,0.0,,,0.0,0.0,,,,,,,,,,,,,,,,,,,,
policy_1m,SPY,2026-03-06 17:27:00+00:00,673.46,673.78,673.46,673.72,1601.0,hold,independent_meta,,0.0,0.0,0.0,0.0,,,0.0,0.0,,,,,,,,,,,,,,,,,,,,
policy_1m,SPY,2026-03-06 17:28:00+00:00,673.93,673.94,673.92,673.93,731.0,hold,independent_meta,,0.0,0.0,0.0,0.0,,,0.0,0.0,,,,,,,,,,,,,,,,,,,,
policy_1m,SPY,2026-03-06 17:29:00+00:00,674.13,674.15,674.04,674.04,295.0,hold,independent_meta,,0.0,0.0,0.0,0.0,,,0.0,0.0,,,,,,,,,,,,,,,,,,,,
policy_1m,SPY,2026-03-06 17:30:00+00:00,673.85,673.905,673.82,673.905,602.0,hold,independent_meta,,0.0,0.0,0.0,0.0,,,0.0,0.0,,,,,,,,,,,,,,,,,,,,
meta_10m,SPY,2026-03-06 17:20:00+00:00,674.43,675.11,673.35,674.04,9745.0,,,,,,,,,,,,,,,policy_only,0.23108868300914764,0.1331440955400467,,0.379294753074646,0.4061260223388672,0.18473199009895325,0.38847997784614563,0.1903795301914215,,,,,0.5,0.5,0.65,0.65
policy_1m,SPY,2026-03-06 17:31:00+00:00,673.66,673.97,673.61,673.97,1306.0,hold,independent_meta,,0.0,0.0,0.0,0.0,,,0.0,0.0,,,,,,,,,,,,,,,,,,,,
policy_1m,SPY,2026-03-06 17:32:00+00:00,673.92,673.92,673.62,673.8,1262.0,hold,independent_meta,,0.0,0.0,0.0,0.0,,,0.0,0.0,,,,,,,,,,,,,,,,,,,,
policy_1m,SPY,2026-03-06 17:33:00+00:00,673.785,674.03,673.69,673.92,1893.0,hold,independent_meta,,0.0,0.0,0.0,0.0,,,0.0,0.0,,,,,,,,,,,,,,,,,,,,
policy_1m,SPY,2026-03-06 17:34:00+00:00,673.87,674.15,673.87,674.15,773.0,hold,independent_meta,,0.0,0.0,0.0,0.0,,,0.0,0.0,,,,,,,,,,,,,,,,,,,,
policy_1m,SPY,2026-03-06 17:35:00+00:00,673.83,674.04,673.505,673.52,1025.0,hold,independent_meta,,0.0,0.0,0.0,0.0,,,0.0,0.0,,,,,,,,,,,,,,,,,,,,
policy_1m,SPY,2026-03-06 17:36:00+00:00,673.52,673.54,672.93,672.94,2765.0,hold,independent_meta,,0.0,0.0,0.0,0.0,,,0.0,0.0,,,,,,,,,,,,,,,,,,,,
policy_1m,SPY,2026-03-06 17:37:00+00:00,672.79,672.99,672.76,672.98,3327.0,hold,independent_meta,,0.0,0.0,0.0,0.0,,,0.0,0.0,,,,,,,,,,,,,,,,,,,,
policy_1m,SPY,2026-03-06 17:38:00+00:00,672.945,672.985,672.81,672.85,3702.0,hold,independent_meta,,0.0,0.0,0.0,0.0,,,0.0,0.0,,,,,,,,,,,,,,,,,,,,
policy_1m,SPY,2026-03-06 17:39:00+00:00,672.68,672.92,672.64,672.92,1008.0,hold,independent_meta,,0.0,0.0,0.0,0.0,,,0.0,0.0,,,,,,,,,,,,,,,,,,,,
policy_1m,SPY,2026-03-06 17:40:00+00:00,672.96,673.11,672.58,672.58,2106.0,hold,independent_meta,,0.0,0.0,0.0,0.0,,,0.0,0.0,,,,,,,,,,,,,,,,,,,,
meta_10m,SPY,2026-03-06 17:30:00+00:00,673.85,674.15,672.64,672.92,17663.0,,,,,,,,,,,,,,,policy_only,0.9072113633155823,0.011306092143058777,,0.15535883605480194,0.5252113938331604,0.15572887659072876,0.882451593875885,0.04168083518743515,,,,,0.5,0.5,0.65,0.65
policy_1m,SPY,2026-03-06 17:41:00+00:00,672.56,672.75,672.45,672.51,2263.0,hold,independent_meta,,0.0,0.0,0.0,0.0,,,0.0,0.0,,,,,,,,,,,,,,,,,,,,
policy_1m,SPY,2026-03-06 17:42:00+00:00,672.39,672.44,672.17,672.28,3537.0,hold,independent_meta,,0.0,0.0,0.0,0.0,,,0.0,0.0,,,,,,,,,,,,,,,,,,,,
policy_1m,SPY,2026-03-06 17:43:00+00:00,672.3,672.4,672.08,672.28,1582.0,hold,independent_meta,,0.0,0.0,0.0,0.0,,,0.0,0.0,,,,,,,,,,,,,,,,,,,,
policy_1m,SPY,2026-03-06 17:44:00+00:00,672.25,672.73,672.23,672.65,2273.0,open_long,independent_meta,,1.0,1.0,1.0,0.0,.SIM_SPY_260306_C_674,,1.0,0.0,,,,,,,,,,,,,,,,,,,,
policy_1m,SPY,2026-03-06 17:45:00+00:00,672.65,672.8,672.63,672.65,1422.0,hold,independent_meta,,1.0,1.0,1.0,0.0,.SIM_SPY_260306_C_674,,1.0,0.0,,,,,,,,,,,,,,,,,,,,
policy_1m,SPY,2026-03-06 17:46:00+00:00,672.88,672.94,672.715,672.94,2396.0,hold,independent_meta,,1.0,1.0,1.0,0.0,.SIM_SPY_260306_C_674,,1.0,0.0,,,,,,,,,,,,,,,,,,,,
policy_1m,SPY,2026-03-06 17:47:00+00:00,672.95,673.03,672.78,673.03,903.0,hold,independent_meta,,1.0,1.0,1.0,0.0,.SIM_SPY_260306_C_674,,1.0,0.0,,,,,,,,,,,,,,,,,,,,
policy_1m,SPY,2026-03-06 17:48:00+00:00,672.95,673.21,672.93,673.21,1118.0,hold,independent_meta,,1.0,1.0,1.0,0.0,.SIM_SPY_260306_C_674,,1.0,0.0,,,,,,,,,,,,,,,,,,,,
policy_1m,SPY,2026-03-06 17:49:00+00:00,673.21,673.465,673.21,673.37,1758.0,hold,independent_meta,,1.0,1.0,1.0,0.0,.SIM_SPY_260306_C_674,,1.0,0.0,,,,,,,,,,,,,,,,,,,,
policy_1m,SPY,2026-03-06 17:50:00+00:00,673.49,673.96,673.42,673.88,2297.0,hold,independent_meta,,1.0,1.0,1.0,0.0,.SIM_SPY_260306_C_674,,1.0,0.0,,,,,,,,,,,,,,,,,,,,
meta_10m,SPY,2026-03-06 17:40:00+00:00,672.96,673.465,672.08,673.37,19358.0,,,,,,,,,,,,,,,policy_only,0.8390557169914246,0.013559318147599697,,0.8356371521949768,0.9318346977233887,0.08991555124521255,0.8372888565063477,0.04830352962017059,,,,,0.5,0.5,0.65,0.65
policy_1m,SPY,2026-03-06 17:51:00+00:00,673.63,673.85,673.46,673.46,816.0,hold,independent_meta,,1.0,1.0,1.0,0.0,.SIM_SPY_260306_C_674,,1.0,0.0,,,,,,,,,,,,,,,,,,,,
policy_1m,SPY,2026-03-06 17:52:00+00:00,673.435,673.435,673.04,673.12,2531.0,hold,independent_meta,,1.0,1.0,1.0,0.0,.SIM_SPY_260306_C_674,,1.0,0.0,,,,,,,,,,,,,,,,,,,,
policy_1m,SPY,2026-03-06 17:53:00+00:00,673.26,673.49,673.26,673.49,464.0,hold,independent_meta,,1.0,1.0,1.0,0.0,.SIM_SPY_260306_C_674,,1.0,0.0,,,,,,,,,,,,,,,,,,,,
policy_1m,SPY,2026-03-06 17:54:00+00:00,673.41,673.52,673.35,673.35,1006.0,hold,independent_meta,,1.0,1.0,1.0,0.0,.SIM_SPY_260306_C_674,,1.0,0.0,,,,,,,,,,,,,,,,,,,,
policy_1m,SPY,2026-03-06 17:55:00+00:00,673.285,673.48,673.1,673.1,704.0,hold,independent_meta,,1.0,1.0,1.0,0.0,.SIM_SPY_260306_C_674,,1.0,0.0,,,,,,,,,,,,,,,,,,,,
policy_1m,SPY,2026-03-06 17:56:00+00:00,672.96,673.69,672.96,673.59,742.0,hold,independent_meta,,1.0,1.0,1.0,0.0,.SIM_SPY_260306_C_674,,1.0,0.0,,,,,,,,,,,,,,,,,,,,
policy_1m,SPY,2026-03-06 17:57:00+00:00,673.61,673.72,673.48,673.55,1652.0,hold,independent_meta,,1.0,1.0,1.0,0.0,.SIM_SPY_260306_C_674,,1.0,0.0,,,,,,,,,,,,,,,,,,,,
policy_1m,SPY,2026-03-06 17:58:00+00:00,673.43,673.43,673.25,673.28,1568.0,hold,independent_meta,,1.0,1.0,1.0,0.0,.SIM_SPY_260306_C_674,,1.0,0.0,,,,,,,,,,,,,,,,,,,,
policy_1m,SPY,2026-03-06 17:59:00+00:00,673.27,673.285,673.11,673.11,1055.0,hold,independent_meta,,1.0,1.0,1.0,0.0,.SIM_SPY_260306_C_674,,1.0,0.0,,,,,,,,,,,,,,,,,,,,
policy_1m,SPY,2026-03-06 18:00:00+00:00,673.03,673.49,673.02,673.49,1852.0,hold,independent_meta,,1.0,1.0,1.0,0.0,.SIM_SPY_260306_C_674,,1.0,0.0,,,,,,,,,,,,,,,,,,,,
meta_10m,SPY,2026-03-06 17:50:00+00:00,673.49,673.96,672.96,673.11,12835.0,,,,,,,,,,,,,,,policy_only,0.9017488360404968,0.009467276744544506,,,0.009233950637280941,0.20133425295352936,0.8965657353401184,0.040431857109069824,,,,,0.5,0.5,0.65,0.65
policy_1m,SPY,2026-03-06 18:01:00+00:00,673.51,674.1,673.51,674.1,5008.0,hold,independent_meta,,1.0,1.0,1.0,0.0,.SIM_SPY_260306_C_674,,1.0,0.0,,,,,,,,,,,,,,,,,,,,
policy_1m,SPY,2026-03-06 18:02:00+00:00,674.03,674.29,673.99,674.11,2515.0,hold,independent_meta,,1.0,1.0,1.0,0.0,.SIM_SPY_260306_C_674,,1.0,0.0,,,,,,,,,,,,,,,,,,,,
policy_1m,SPY,2026-03-06 18:03:00+00:00,674.04,674.08,673.71,673.88,1637.0,hold,independent_meta,,1.0,1.0,1.0,0.0,.SIM_SPY_260306_C_674,,1.0,0.0,,,,,,,,,,,,,,,,,,,,
policy_1m,SPY,2026-03-06 18:04:00+00:00,673.93,673.97,673.32,673.5,1267.0,hold,independent_meta,,1.0,1.0,1.0,0.0,.SIM_SPY_260306_C_674,,1.0,0.0,,,,,,,,,,,,,,,,,,,,
policy_1m,SPY,2026-03-06 18:05:00+00:00,673.55,674.03,673.47,674.01,2541.0,hold,independent_meta,,1.0,1.0,1.0,0.0,.SIM_SPY_260306_C_674,,1.0,0.0,,,,,,,,,,,,,,,,,,,,
policy_1m,SPY,2026-03-06 18:06:00+00:00,674.0,674.18,673.93,673.93,693.0,hold,independent_meta,,1.0,1.0,1.0,0.0,.SIM_SPY_260306_C_674,,1.0,0.0,,,,,,,,,,,,,,,,,,,,
policy_1m,SPY,2026-03-06 18:07:00+00:00,673.76,673.97,673.76,673.97,227.0,hold,independent_meta,,1.0,1.0,1.0,0.0,.SIM_SPY_260306_C_674,,1.0,0.0,,,,,,,,,,,,,,,,,,,,
policy_1m,SPY,2026-03-06 18:08:00+00:00,673.97,674.11,673.95,674.11,678.0,hold,independent_meta,,1.0,1.0,1.0,0.0,.SIM_SPY_260306_C_674,,1.0,0.0,,,,,,,,,,,,,,,,,,,,
policy_1m,SPY,2026-03-06 18:09:00+00:00,674.18,674.44,674.11,674.18,1770.0,hold,independent_meta,,1.0,1.0,1.0,0.0,.SIM_SPY_260306_C_674,,1.0,0.0,,,,,,,,,,,,,,,,,,,,
policy_1m,SPY,2026-03-06 18:10:00+00:00,674.27,674.33,673.95,674.28,2525.0,hold,independent_meta,,1.0,1.0,1.0,0.0,.SIM_SPY_260306_C_674,,1.0,0.0,,,,,,,,,,,,,,,,,,,,
meta_10m,SPY,2026-03-06 18:00:00+00:00,673.03,674.44,673.02,674.18,18188.0,,,,,,,,,,,,,,,policy_only,0.5171225070953369,0.033689673990011215,0.14461228251457214,,0.005196223501116037,0.6040657758712769,0.502573549747467,0.07056152075529099,,,,,0.5,0.5,0.65,0.65
policy_1m,SPY,2026-03-06 18:11:00+00:00,674.26,674.76,674.23,674.76,4363.0,hold,independent_meta,,1.0,1.0,1.0,0.0,.SIM_SPY_260306_C_674,,1.0,0.0,,,,,,,,,,,,,,,,,,,,
policy_1m,SPY,2026-03-06 18:12:00+00:00,674.69,675.06,674.69,675.0,2257.0,hold,independent_meta,,1.0,1.0,1.0,0.0,.SIM_SPY_260306_C_674,,1.0,0.0,,,,,,,,,,,,,,,,,,,,
policy_1m,SPY,2026-03-06 18:13:00+00:00,675.05,676.1,675.025,675.96,9178.0,hold,independent_meta,,1.0,1.0,1.0,0.0,.SIM_SPY_260306_C_674,,1.0,0.0,,,,,,,,,,,,,,,,,,,,
policy_1m,SPY,2026-03-06 18:14:00+00:00,675.95,675.99,675.62,675.82,5019.0,hold,independent_meta,,1.0,1.0,1.0,0.0,.SIM_SPY_260306_C_674,,1.0,0.0,,,,,,,,,,,,,,,,,,,,
policy_1m,SPY,2026-03-06 18:15:00+00:00,675.75,676.085,675.58,676.04,3877.0,hold,independent_meta,,1.0,1.0,1.0,0.0,.SIM_SPY_260306_C_674,,1.0,0.0,,,,,,,,,,,,,,,,,,,,
policy_1m,SPY,2026-03-06 18:16:00+00:00,676.02,676.02,675.71,675.84,1012.0,hold,independent_meta,,1.0,1.0,1.0,0.0,.SIM_SPY_260306_C_674,,1.0,0.0,,,,,,,,,,,,,,,,,,,,
policy_1m,SPY,2026-03-06 18:17:00+00:00,675.79,675.79,675.24,675.57,2281.0,hold,independent_meta,,1.0,1.0,1.0,0.0,.SIM_SPY_260306_C_674,,1.0,0.0,,,,,,,,,,,,,,,,,,,,
policy_1m,SPY,2026-03-06 18:18:00+00:00,675.63,676.09,675.63,675.93,3415.0,hold,independent_meta,,1.0,1.0,1.0,0.0,.SIM_SPY_260306_C_674,,1.0,0.0,,,,,,,,,,,,,,,,,,,,
policy_1m,SPY,2026-03-06 18:19:00+00:00,675.96,675.96,675.71,675.85,2119.0,hold,independent_meta,,1.0,1.0,1.0,0.0,.SIM_SPY_260306_C_674,,1.0,0.0,,,,,,,,,,,,,,,,,,,,
policy_1m,SPY,2026-03-06 18:20:00+00:00,675.82,675.99,675.67,675.81,1730.0,hold,independent_meta,,1.0,1.0,1.0,0.0,.SIM_SPY_260306_C_674,,1.0,0.0,,,,,,,,,,,,,,,,,,,,
meta_10m,SPY,2026-03-06 18:10:00+00:00,674.27,676.1,673.95,675.85,36046.0,,,,,,,,,,,,,,,policy_only,0.07560034096240997,0.6839407086372375,0.6709607839584351,,0.00319681060500443,0.7774133682250977,0.020129606127738953,0.9353082180023193,,,,,0.5,0.5,0.65,0.65
policy_1m,SPY,2026-03-06 18:21:00+00:00,675.79,675.84,675.53,675.735,2398.0,multi_update,independent_meta,,-1.0,-1.0,0.0,1.0,,.SIM_SPY_260306_P_674,0.0,1.0,,,,,,,,,,,,,,,,,,,,
policy_1m,SPY,2026-03-06 18:22:00+00:00,675.785,675.8,675.06,675.07,2946.0,hold,independent_meta,,-1.0,-1.0,0.0,1.0,,.SIM_SPY_260306_P_674,0.0,1.0,,,,,,,,,,,,,,,,,,,,
policy_1m,SPY,2026-03-06 18:23:00+00:00,675.1,675.57,675.1,675.39,1222.0,hold,independent_meta,,-1.0,-1.0,0.0,1.0,,.SIM_SPY_260306_P_674,0.0,1.0,,,,,,,,,,,,,,,,,,,,
policy_1m,SPY,2026-03-06 18:24:00+00:00,675.3,675.34,675.015,675.34,891.0,hold,independent_meta,,-1.0,-1.0,0.0,1.0,,.SIM_SPY_260306_P_674,0.0,1.0,,,,,,,,,,,,,,,,,,,,
policy_1m,SPY,2026-03-06 18:25:00+00:00,675.25,675.26,674.91,675.12,3955.0,hold,independent_meta,,-1.0,-1.0,0.0,1.0,,.SIM_SPY_260306_P_674,0.0,1.0,,,,,,,,,,,,,,,,,,,,
policy_1m,SPY,2026-03-06 18:26:00+00:00,675.06,675.09,674.885,675.0,1175.0,hold,independent_meta,,-1.0,-1.0,0.0,1.0,,.SIM_SPY_260306_P_674,0.0,1.0,,,,,,,,,,,,,,,,,,,,
policy_1m,SPY,2026-03-06 18:27:00+00:00,674.75,674.86,674.56,674.56,3486.0,hold,independent_meta,,-1.0,-1.0,0.0,1.0,,.SIM_SPY_260306_P_674,0.0,1.0,,,,,,,,,,,,,,,,,,,,
policy_1m,SPY,2026-03-06 18:28:00+00:00,674.6,674.84,674.47,674.52,2753.0,hold,independent_meta,,-1.0,-1.0,0.0,1.0,,.SIM_SPY_260306_P_674,0.0,1.0,,,,,,,,,,,,,,,,,,,,
policy_1m,SPY,2026-03-06 18:29:00+00:00,674.4,674.71,674.33,674.66,1668.0,hold,independent_meta,,-1.0,-1.0,0.0,1.0,,.SIM_SPY_260306_P_674,0.0,1.0,,,,,,,,,,,,,,,,,,,,
policy_1m,SPY,2026-03-06 18:30:00+00:00,674.55,674.96,674.5,674.82,990.0,hold,independent_meta,,-1.0,-1.0,0.0,1.0,,.SIM_SPY_260306_P_674,0.0,1.0,,,,,,,,,,,,,,,,,,,,
meta_10m,SPY,2026-03-06 18:20:00+00:00,675.82,675.99,674.33,674.66,22224.0,,,,,,,,,,,,,,,policy_only,0.0923578217625618,0.35385826230049133,,,0.00047484569950029254,0.021425385028123856,0.07723717391490936,0.5123599171638489,,,,,0.5,0.5,0.65,0.65
policy_1m,SPY,2026-03-06 18:31:00+00:00,674.74,675.235,674.74,675.04,1348.0,hold,independent_meta,,-1.0,-1.0,0.0,1.0,,.SIM_SPY_260306_P_674,0.0,1.0,,,,,,,,,,,,,,,,,,,,
policy_1m,SPY,2026-03-06 18:32:00+00:00,675.22,675.22,674.93,674.945,1541.0,hold,independent_meta,,-1.0,-1.0,0.0,1.0,,.SIM_SPY_260306_P_674,0.0,1.0,,,,,,,,,,,,,,,,,,,,
policy_1m,SPY,2026-03-06 18:33:00+00:00,674.8,674.83,674.58,674.72,1548.0,hold,independent_meta,,-1.0,-1.0,0.0,1.0,,.SIM_SPY_260306_P_674,0.0,1.0,,,,,,,,,,,,,,,,,,,,
policy_1m,SPY,2026-03-06 18:34:00+00:00,674.83,675.04,674.83,675.01,1075.0,hold,independent_meta,,-1.0,-1.0,0.0,1.0,,.SIM_SPY_260306_P_674,0.0,1.0,,,,,,,,,,,,,,,,,,,,
policy_1m,SPY,2026-03-06 18:35:00+00:00,674.87,674.87,674.51,674.69,1525.0,hold,independent_meta,,-1.0,-1.0,0.0,1.0,,.SIM_SPY_260306_P_674,0.0,1.0,,,,,,,,,,,,,,,,,,,,
policy_1m,SPY,2026-03-06 18:36:00+00:00,674.83,674.83,674.36,674.5,1787.0,hold,independent_meta,,-1.0,-1.0,0.0,1.0,,.SIM_SPY_260306_P_674,0.0,1.0,,,,,,,,,,,,,,,,,,,,
policy_1m,SPY,2026-03-06 18:37:00+00:00,674.36,674.41,673.99,674.09,1892.0,hold,independent_meta,,-1.0,-1.0,0.0,1.0,,.SIM_SPY_260306_P_674,0.0,1.0,,,,,,,,,,,,,,,,,,,,
policy_1m,SPY,2026-03-06 18:38:00+00:00,674.1,674.43,674.1,674.4,493.0,hold,independent_meta,,-1.0,-1.0,0.0,1.0,,.SIM_SPY_260306_P_674,0.0,1.0,,,,,,,,,,,,,,,,,,,,
policy_1m,SPY,2026-03-06 18:39:00+00:00,674.6,674.665,674.36,674.39,1467.0,hold,independent_meta,,-1.0,-1.0,0.0,1.0,,.SIM_SPY_260306_P_674,0.0,1.0,,,,,,,,,,,,,,,,,,,,
policy_1m,SPY,2026-03-06 18:40:00+00:00,674.31,674.46,674.21,674.28,827.0,hold,independent_meta,,-1.0,-1.0,0.0,1.0,,.SIM_SPY_260306_P_674,0.0,1.0,,,,,,,,,,,,,,,,,,,,
meta_10m,SPY,2026-03-06 18:30:00+00:00,674.55,675.235,673.99,674.39,13666.0,,,,,,,,,,,,,,,policy_only,0.06178693100810051,0.3746298551559448,,,0.007483027875423431,0.31320109963417053,0.08677254617214203,0.5012043714523315,,,,,0.5,0.5,0.65,0.65
policy_1m,SPY,2026-03-06 18:41:00+00:00,674.51,674.53,674.4,674.49,736.0,hold,independent_meta,,-1.0,-1.0,0.0,1.0,,.SIM_SPY_260306_P_674,0.0,1.0,,,,,,,,,,,,,,,,,,,,
policy_1m,SPY,2026-03-06 18:42:00+00:00,674.56,674.83,674.56,674.69,1118.0,close_short,independent_meta,,0.0,0.0,0.0,0.0,,,0.0,0.0,,,,,,,,,,,,,,,,,,,,
policy_1m,SPY,2026-03-06 18:43:00+00:00,674.55,674.79,674.45,674.79,831.0,hold,independent_meta,,0.0,0.0,0.0,0.0,,,0.0,0.0,,,,,,,,,,,,,,,,,,,,
policy_1m,SPY,2026-03-06 18:44:00+00:00,674.76,674.86,674.48,674.48,2451.0,hold,independent_meta,,0.0,0.0,0.0,0.0,,,0.0,0.0,,,,,,,,,,,,,,,,,,,,
policy_1m,SPY,2026-03-06 18:45:00+00:00,674.64,674.64,674.45,674.45,446.0,hold,independent_meta,,0.0,0.0,0.0,0.0,,,0.0,0.0,,,,,,,,,,,,,,,,,,,,
policy_1m,SPY,2026-03-06 18:46:00+00:00,674.7,674.7,674.4,674.4,618.0,hold,independent_meta,,0.0,0.0,0.0,0.0,,,0.0,0.0,,,,,,,,,,,,,,,,,,,,
policy_1m,SPY,2026-03-06 18:47:00+00:00,674.48,674.48,674.27,674.36,1686.0,hold,independent_meta,,0.0,0.0,0.0,0.0,,,0.0,0.0,,,,,,,,,,,,,,,,,,,,
policy_1m,SPY,2026-03-06 18:48:00+00:00,674.44,674.6,674.22,674.48,1891.0,hold,independent_meta,,0.0,0.0,0.0,0.0,,,0.0,0.0,,,,,,,,,,,,,,,,,,,,
policy_1m,SPY,2026-03-06 18:49:00+00:00,674.53,674.63,674.41,674.63,611.0,hold,independent_meta,,0.0,0.0,0.0,0.0,,,0.0,0.0,,,,,,,,,,,,,,,,,,,,
policy_1m,SPY,2026-03-06 18:50:00+00:00,674.78,674.78,674.12,674.13,1882.0,hold,independent_meta,,0.0,0.0,0.0,0.0,,,0.0,0.0,,,,,,,,,,,,,,,,,,,,
meta_10m,SPY,2026-03-06 18:40:00+00:00,674.31,674.86,674.21,674.63,11215.0,,,,,,,,,,,,,,,policy_only,0.03148438408970833,0.8024734258651733,,,0.0013939064228907228,0.02712462656199932,0.017295904457569122,0.9245471954345703,,,,,0.5,0.5,0.65,0.65
policy_1m,SPY,2026-03-06 18:51:00+00:00,674.1,674.16,673.7,673.96,3041.0,hold,independent_meta,,0.0,0.0,0.0,0.0,,,0.0,0.0,,,,,,,,,,,,,,,,,,,,
policy_1m,SPY,2026-03-06 18:52:00+00:00,673.935,674.39,673.935,674.37,2335.0,hold,independent_meta,,0.0,0.0,0.0,0.0,,,0.0,0.0,,,,,,,,,,,,,,,,,,,,
policy_1m,SPY,2026-03-06 18:53:00+00:00,674.31,674.315,674.23,674.315,982.0,open_short,independent_meta,,-1.0,-1.0,0.0,1.0,,.SIM_SPY_260306_P_673,0.0,1.0,,,,,,,,,,,,,,,,,,,,
policy_1m,SPY,2026-03-06 18:54:00+00:00,674.13,674.13,673.77,673.97,3680.0,hold,independent_meta,,-1.0,-1.0,0.0,1.0,,.SIM_SPY_260306_P_673,0.0,1.0,,,,,,,,,,,,,,,,,,,,
policy_1m,SPY,2026-03-06 18:55:00+00:00,673.85,674.06,673.71,674.06,2206.0,hold,independent_meta,,-1.0,-1.0,0.0,1.0,,.SIM_SPY_260306_P_673,0.0,1.0,,,,,,,,,,,,,,,,,,,,
policy_1m,SPY,2026-03-06 18:56:00+00:00,674.11,674.18,674.0,674.07,1263.0,hold,independent_meta,,-1.0,-1.0,0.0,1.0,,.SIM_SPY_260306_P_673,0.0,1.0,,,,,,,,,,,,,,,,,,,,
policy_1m,SPY,2026-03-06 18:57:00+00:00,674.05,674.38,674.05,674.38,1484.0,hold,independent_meta,,-1.0,-1.0,0.0,1.0,,.SIM_SPY_260306_P_673,0.0,1.0,,,,,,,,,,,,,,,,,,,,
policy_1m,SPY,2026-03-06 18:58:00+00:00,674.27,674.38,674.23,674.28,932.0,hold,independent_meta,,-1.0,-1.0,0.0,1.0,,.SIM_SPY_260306_P_673,0.0,1.0,,,,,,,,,,,,,,,,,,,,
policy_1m,SPY,2026-03-06 18:59:00+00:00,674.265,674.31,674.005,674.04,7784.0,hold,independent_meta,,-1.0,-1.0,0.0,1.0,,.SIM_SPY_260306_P_673,0.0,1.0,,,,,,,,,,,,,,,,,,,,
policy_1m,SPY,2026-03-06 19:00:00+00:00,674.16,674.36,674.11,674.21,2369.0,hold,independent_meta,,-1.0,-1.0,0.0,1.0,,.SIM_SPY_260306_P_673,0.0,1.0,,,,,,,,,,,,,,,,,,,,
meta_10m,SPY,2026-03-06 18:50:00+00:00,674.78,674.78,673.7,674.04,25589.0,,,,,,,,,,,,,,,policy_only,0.0611041896045208,0.42174094915390015,,0.09243731200695038,0.1680285930633545,0.254023939371109,0.13642022013664246,0.5022109746932983,,,,,0.5,0.5,0.65,0.65
policy_1m,SPY,2026-03-06 19:01:00+00:00,674.31,674.34,674.14,674.14,1656.0,hold,independent_meta,,-1.0,-1.0,0.0,1.0,,.SIM_SPY_260306_P_673,0.0,1.0,,,,,,,,,,,,,,,,,,,,
policy_1m,SPY,2026-03-06 19:02:00+00:00,674.06,674.25,674.01,674.25,1817.0,hold,independent_meta,,-1.0,-1.0,0.0,1.0,,.SIM_SPY_260306_P_673,0.0,1.0,,,,,,,,,,,,,,,,,,,,
policy_1m,SPY,2026-03-06 19:03:00+00:00,674.28,674.37,674.09,674.2,3934.0,hold,independent_meta,,-1.0,-1.0,0.0,1.0,,.SIM_SPY_260306_P_673,0.0,1.0,,,,,,,,,,,,,,,,,,,,
policy_1m,SPY,2026-03-06 19:04:00+00:00,674.04,674.04,673.93,673.94,1514.0,hold,independent_meta,,-1.0,-1.0,0.0,1.0,,.SIM_SPY_260306_P_673,0.0,1.0,,,,,,,,,,,,,,,,,,,,
policy_1m,SPY,2026-03-06 19:05:00+00:00,673.87,674.21,673.835,674.14,1868.0,hold,independent_meta,,-1.0,-1.0,0.0,1.0,,.SIM_SPY_260306_P_673,0.0,1.0,,,,,,,,,,,,,,,,,,,,
policy_1m,SPY,2026-03-06 19:06:00+00:00,674.12,674.45,674.1,674.35,2465.0,hold,independent_meta,,-1.0,-1.0,0.0,1.0,,.SIM_SPY_260306_P_673,0.0,1.0,,,,,,,,,,,,,,,,,,,,
policy_1m,SPY,2026-03-06 19:07:00+00:00,674.42,674.63,674.42,674.48,1691.0,hold,independent_meta,,-1.0,-1.0,0.0,1.0,,.SIM_SPY_260306_P_673,0.0,1.0,,,,,,,,,,,,,,,,,,,,
policy_1m,SPY,2026-03-06 19:08:00+00:00,674.46,674.5,674.26,674.38,1500.0,hold,independent_meta,,-1.0,-1.0,0.0,1.0,,.SIM_SPY_260306_P_673,0.0,1.0,,,,,,,,,,,,,,,,,,,,
policy_1m,SPY,2026-03-06 19:09:00+00:00,674.38,674.59,674.37,674.585,1038.0,hold,independent_meta,,-1.0,-1.0,0.0,1.0,,.SIM_SPY_260306_P_673,0.0,1.0,,,,,,,,,,,,,,,,,,,,
policy_1m,SPY,2026-03-06 19:10:00+00:00,674.59,674.97,674.59,674.92,3280.0,hold,independent_meta,,-1.0,-1.0,0.0,1.0,,.SIM_SPY_260306_P_673,0.0,1.0,,,,,,,,,,,,,,,,,,,,
meta_10m,SPY,2026-03-06 19:00:00+00:00,674.16,674.63,673.835,674.585,19852.0,,,,,,,,,,,,,,,policy_only,0.030751598998904228,0.8594198226928711,,0.14095278084278107,0.008571616373956203,0.024956034496426582,0.019039541482925415,0.9554347395896912,,,,,0.5,0.5,0.65,0.65
policy_1m,SPY,2026-03-06 19:11:00+00:00,674.92,675.15,674.89,675.06,3095.0,hold,independent_meta,,-1.0,-1.0,0.0,1.0,,.SIM_SPY_260306_P_673,0.0,1.0,,,,,,,,,,,,,,,,,,,,
policy_1m,SPY,2026-03-06 19:12:00+00:00,675.18,675.18,674.88,674.94,1556.0,hold,independent_meta,,-1.0,-1.0,0.0,1.0,,.SIM_SPY_260306_P_673,0.0,1.0,,,,,,,,,,,,,,,,,,,,
policy_1m,SPY,2026-03-06 19:13:00+00:00,675.025,675.185,675.02,675.185,1352.0,hold,independent_meta,,-1.0,-1.0,0.0,1.0,,.SIM_SPY_260306_P_673,0.0,1.0,,,,,,,,,,,,,,,,,,,,
policy_1m,SPY,2026-03-06 19:14:00+00:00,675.34,675.42,675.05,675.165,2791.0,hold,independent_meta,,-1.0,-1.0,0.0,1.0,,.SIM_SPY_260306_P_673,0.0,1.0,,,,,,,,,,,,,,,,,,,,
policy_1m,SPY,2026-03-06 19:15:00+00:00,675.18,675.18,674.97,675.1,2584.0,hold,independent_meta,,-1.0,-1.0,0.0,1.0,,.SIM_SPY_260306_P_673,0.0,1.0,,,,,,,,,,,,,,,,,,,,
policy_1m,SPY,2026-03-06 19:16:00+00:00,675.21,675.27,675.02,675.02,2781.0,hold,independent_meta,,-1.0,-1.0,0.0,1.0,,.SIM_SPY_260306_P_673,0.0,1.0,,,,,,,,,,,,,,,,,,,,
policy_1m,SPY,2026-03-06 19:17:00+00:00,675.11,675.2,674.9,674.9,2779.0,hold,independent_meta,,-1.0,-1.0,0.0,1.0,,.SIM_SPY_260306_P_673,0.0,1.0,,,,,,,,,,,,,,,,,,,,
policy_1m,SPY,2026-03-06 19:18:00+00:00,675.05,675.1,674.475,674.74,2259.0,hold,independent_meta,,-1.0,-1.0,0.0,1.0,,.SIM_SPY_260306_P_673,0.0,1.0,,,,,,,,,,,,,,,,,,,,
policy_1m,SPY,2026-03-06 19:19:00+00:00,674.96,675.14,674.93,675.14,820.0,hold,independent_meta,,-1.0,-1.0,0.0,1.0,,.SIM_SPY_260306_P_673,0.0,1.0,,,,,,,,,,,,,,,,,,,,
policy_1m,SPY,2026-03-06 19:20:00+00:00,675.0,675.18,674.93,675.005,1336.0,hold,independent_meta,,-1.0,-1.0,0.0,1.0,,.SIM_SPY_260306_P_673,0.0,1.0,,,,,,,,,,,,,,,,,,,,
meta_10m,SPY,2026-03-06 19:10:00+00:00,674.59,675.42,674.475,675.14,23297.0,,,,,,,,,,,,,,,policy_only,0.027078501880168915,0.8742715716362,,0.2214803248643875,0.0029435905162245035,0.8075858950614929,0.016697123646736145,0.9737126231193542,,,,,0.5,0.5,0.65,0.65
policy_1m,SPY,2026-03-06 19:21:00+00:00,675.06,675.07,674.62,674.82,4931.0,hold,independent_meta,,-1.0,-1.0,0.0,1.0,,.SIM_SPY_260306_P_673,0.0,1.0,,,,,,,,,,,,,,,,,,,,
policy_1m,SPY,2026-03-06 19:22:00+00:00,674.73,674.86,674.4,674.41,1479.0,hold,independent_meta,,-1.0,-1.0,0.0,1.0,,.SIM_SPY_260306_P_673,0.0,1.0,,,,,,,,,,,,,,,,,,,,
policy_1m,SPY,2026-03-06 19:23:00+00:00,674.505,674.97,674.2,674.79,6801.0,hold,independent_meta,,-1.0,-1.0,0.0,1.0,,.SIM_SPY_260306_P_673,0.0,1.0,,,,,,,,,,,,,,,,,,,,
policy_1m,SPY,2026-03-06 19:24:00+00:00,674.64,674.64,674.42,674.42,680.0,hold,independent_meta,,-1.0,-1.0,0.0,1.0,,.SIM_SPY_260306_P_673,0.0,1.0,,,,,,,,,,,,,,,,,,,,
policy_1m,SPY,2026-03-06 19:25:00+00:00,674.27,674.3,673.96,674.17,2290.0,hold,independent_meta,,-1.0,-1.0,0.0,1.0,,.SIM_SPY_260306_P_673,0.0,1.0,,,,,,,,,,,,,,,,,,,,
policy_1m,SPY,2026-03-06 19:26:00+00:00,674.22,674.61,674.16,674.58,1227.0,hold,independent_meta,,-1.0,-1.0,0.0,1.0,,.SIM_SPY_260306_P_673,0.0,1.0,,,,,,,,,,,,,,,,,,,,
policy_1m,SPY,2026-03-06 19:27:00+00:00,674.56,675.05,674.56,674.91,2463.0,hold,independent_meta,,-1.0,-1.0,0.0,1.0,,.SIM_SPY_260306_P_673,0.0,1.0,,,,,,,,,,,,,,,,,,,,
policy_1m,SPY,2026-03-06 19:28:00+00:00,674.82,674.85,674.75,674.79,2211.0,hold,independent_meta,,-1.0,-1.0,0.0,1.0,,.SIM_SPY_260306_P_673,0.0,1.0,,,,,,,,,,,,,,,,,,,,
policy_1m,SPY,2026-03-06 19:29:00+00:00,674.85,675.03,674.85,674.91,3179.0,hold,independent_meta,,-1.0,-1.0,0.0,1.0,,.SIM_SPY_260306_P_673,0.0,1.0,,,,,,,,,,,,,,,,,,,,
policy_1m,SPY,2026-03-06 19:30:00+00:00,674.89,675.36,674.85,675.21,1804.0,hold,independent_meta,,-1.0,-1.0,0.0,1.0,,.SIM_SPY_260306_P_673,0.0,1.0,,,,,,,,,,,,,,,,,,,,
meta_10m,SPY,2026-03-06 19:20:00+00:00,675.0,675.18,673.96,674.91,26597.0,,,,,,,,,,,,,,,policy_only,0.03971971943974495,0.8513001799583435,,0.10387814044952393,0.01355898566544056,0.4501563608646393,0.014574555680155754,0.9820966720581055,,,,,0.5,0.5,0.65,0.65
policy_1m,SPY,2026-03-06 19:31:00+00:00,675.1,675.28,674.96,675.22,1495.0,hold,independent_meta,,-1.0,-1.0,0.0,1.0,,.SIM_SPY_260306_P_673,0.0,1.0,,,,,,,,,,,,,,,,,,,,
policy_1m,SPY,2026-03-06 19:32:00+00:00,675.11,675.11,674.8,674.88,1265.0,hold,independent_meta,,-1.0,-1.0,0.0,1.0,,.SIM_SPY_260306_P_673,0.0,1.0,,,,,,,,,,,,,,,,,,,,
policy_1m,SPY,2026-03-06 19:33:00+00:00,675.01,675.32,675.01,675.21,555.0,hold,independent_meta,,-1.0,-1.0,0.0,1.0,,.SIM_SPY_260306_P_673,0.0,1.0,,,,,,,,,,,,,,,,,,,,
policy_1m,SPY,2026-03-06 19:34:00+00:00,675.14,675.16,674.99,675.07,1582.0,hold,independent_meta,,-1.0,-1.0,0.0,1.0,,.SIM_SPY_260306_P_673,0.0,1.0,,,,,,,,,,,,,,,,,,,,
policy_1m,SPY,2026-03-06 19:35:00+00:00,675.08,675.24,675.07,675.07,1651.0,hold,independent_meta,,-1.0,-1.0,0.0,1.0,,.SIM_SPY_260306_P_673,0.0,1.0,,,,,,,,,,,,,,,,,,,,
policy_1m,SPY,2026-03-06 19:36:00+00:00,675.14,675.14,674.84,675.0,1741.0,hold,independent_meta,,-1.0,-1.0,0.0,1.0,,.SIM_SPY_260306_P_673,0.0,1.0,,,,,,,,,,,,,,,,,,,,
policy_1m,SPY,2026-03-06 19:37:00+00:00,674.93,675.14,674.92,674.92,1914.0,hold,independent_meta,,-1.0,-1.0,0.0,1.0,,.SIM_SPY_260306_P_673,0.0,1.0,,,,,,,,,,,,,,,,,,,,
policy_1m,SPY,2026-03-06 19:38:00+00:00,674.9,674.9,674.25,674.54,3316.0,hold,independent_meta,,-1.0,-1.0,0.0,1.0,,.SIM_SPY_260306_P_673,0.0,1.0,,,,,,,,,,,,,,,,,,,,
policy_1m,SPY,2026-03-06 19:39:00+00:00,674.57,674.81,674.56,674.81,2390.0,hold,independent_meta,,-1.0,-1.0,0.0,1.0,,.SIM_SPY_260306_P_673,0.0,1.0,,,,,,,,,,,,,,,,,,,,
policy_1m,SPY,2026-03-06 19:40:00+00:00,674.74,675.22,674.74,675.2,1759.0,hold,independent_meta,,-1.0,-1.0,0.0,1.0,,.SIM_SPY_260306_P_673,0.0,1.0,,,,,,,,,,,,,,,,,,,,
meta_10m,SPY,2026-03-06 19:30:00+00:00,674.89,675.36,674.25,674.81,17713.0,,,,,,,,,,,,,,,policy_only,0.06487014144659042,0.8303490281105042,,0.07544885575771332,0.011369847692549229,0.46622130274772644,0.03269200026988983,0.9845833778381348,,,,,0.5,0.5,0.65,0.65
policy_1m,SPY,2026-03-06 19:41:00+00:00,675.14,675.585,675.02,675.45,3918.0,hold,independent_meta,,-1.0,-1.0,0.0,1.0,,.SIM_SPY_260306_P_673,0.0,1.0,,,,,,,,,,,,,,,,,,,,
policy_1m,SPY,2026-03-06 19:42:00+00:00,675.505,675.61,675.395,675.44,2662.0,hold,independent_meta,,-1.0,-1.0,0.0,1.0,,.SIM_SPY_260306_P_673,0.0,1.0,,,,,,,,,,,,,,,,,,,,
policy_1m,SPY,2026-03-06 19:43:00+00:00,675.44,675.555,675.29,675.29,2116.0,hold,independent_meta,,-1.0,-1.0,0.0,1.0,,.SIM_SPY_260306_P_673,0.0,1.0,,,,,,,,,,,,,,,,,,,,
policy_1m,SPY,2026-03-06 19:44:00+00:00,675.23,675.23,674.65,674.655,2463.0,hold,independent_meta,,-1.0,-1.0,0.0,1.0,,.SIM_SPY_260306_P_673,0.0,1.0,,,,,,,,,,,,,,,,,,,,
policy_1m,SPY,2026-03-06 19:45:00+00:00,674.63,674.74,674.51,674.68,2627.0,hold,independent_meta,,-1.0,-1.0,0.0,1.0,,.SIM_SPY_260306_P_673,0.0,1.0,,,,,,,,,,,,,,,,,,,,
policy_1m,SPY,2026-03-06 19:46:00+00:00,674.5,674.81,674.34,674.78,4533.0,hold,independent_meta,,-1.0,-1.0,0.0,1.0,,.SIM_SPY_260306_P_673,0.0,1.0,,,,,,,,,,,,,,,,,,,,
policy_1m,SPY,2026-03-06 19:47:00+00:00,674.67,674.69,674.26,674.27,1986.0,hold,independent_meta,,-1.0,-1.0,0.0,1.0,,.SIM_SPY_260306_P_673,0.0,1.0,,,,,,,,,,,,,,,,,,,,
policy_1m,SPY,2026-03-06 19:48:00+00:00,674.31,674.62,674.2,674.42,3824.0,hold,independent_meta,,-1.0,-1.0,0.0,1.0,,.SIM_SPY_260306_P_673,0.0,1.0,,,,,,,,,,,,,,,,,,,,
policy_1m,SPY,2026-03-06 19:49:00+00:00,674.465,674.57,674.41,674.55,1399.0,hold,independent_meta,,-1.0,-1.0,0.0,1.0,,.SIM_SPY_260306_P_673,0.0,1.0,,,,,,,,,,,,,,,,,,,,
policy_1m,SPY,2026-03-06 19:50:00+00:00,674.55,674.68,674.5,674.57,2568.0,hold,independent_meta,,-1.0,-1.0,0.0,1.0,,.SIM_SPY_260306_P_673,0.0,1.0,,,,,,,,,,,,,,,,,,,,
meta_10m,SPY,2026-03-06 19:40:00+00:00,674.74,675.61,674.2,674.55,27287.0,,,,,,,,,,,,,,,policy_only,0.08197467029094696,0.7865948677062988,,0.07634049654006958,0.007112590596079826,0.30888602137565613,0.025018861517310143,0.9823828935623169,,,,,0.5,0.5,0.65,0.65
policy_1m,SPY,2026-03-06 19:51:00+00:00,674.33,674.59,674.27,674.29,2366.0,hold,independent_meta,,-1.0,-1.0,0.0,1.0,,.SIM_SPY_260306_P_673,0.0,1.0,,,,,,,,,,,,,,,,,,,,
policy_1m,SPY,2026-03-06 19:52:00+00:00,674.34,674.82,674.34,674.82,2893.0,hold,independent_meta,,-1.0,-1.0,0.0,1.0,,.SIM_SPY_260306_P_673,0.0,1.0,,,,,,,,,,,,,,,,,,,,
policy_1m,SPY,2026-03-06 19:53:00+00:00,674.87,674.91,674.7,674.7,1250.0,hold,independent_meta,,-1.0,-1.0,0.0,1.0,,.SIM_SPY_260306_P_673,0.0,1.0,,,,,,,,,,,,,,,,,,,,
policy_1m,SPY,2026-03-06 19:54:00+00:00,674.64,675.01,674.64,674.92,4588.0,hold,independent_meta,,-1.0,-1.0,0.0,1.0,,.SIM_SPY_260306_P_673,0.0,1.0,,,,,,,,,,,,,,,,,,,,
policy_1m,SPY,2026-03-06 19:55:00+00:00,674.93,675.1,674.82,674.89,4173.0,hold,independent_meta,,-1.0,-1.0,0.0,1.0,,.SIM_SPY_260306_P_673,0.0,1.0,,,,,,,,,,,,,,,,,,,,
policy_1m,SPY,2026-03-06 19:56:00+00:00,675.05,675.1,674.895,674.99,5845.0,hold,independent_meta,,-1.0,-1.0,0.0,1.0,,.SIM_SPY_260306_P_673,0.0,1.0,,,,,,,,,,,,,,,,,,,,
policy_1m,SPY,2026-03-06 19:57:00+00:00,675.03,675.03,674.75,674.75,2512.0,hold,independent_meta,,-1.0,-1.0,0.0,1.0,,.SIM_SPY_260306_P_673,0.0,1.0,,,,,,,,,,,,,,,,,,,,
policy_1m,SPY,2026-03-06 19:58:00+00:00,674.81,675.13,674.81,675.07,6556.0,hold,independent_meta,,-1.0,-1.0,0.0,1.0,,.SIM_SPY_260306_P_673,0.0,1.0,,,,,,,,,,,,,,,,,,,,
policy_1m,SPY,2026-03-06 19:59:00+00:00,675.07,675.13,674.96,675.015,3823.0,hold,independent_meta,,-1.0,-1.0,0.0,1.0,,.SIM_SPY_260306_P_673,0.0,1.0,,,,,,,,,,,,,,,,,,,,
policy_1m,SPY,2026-03-06 20:00:00+00:00,674.99,675.32,674.99,675.24,5053.0,hold,independent_meta,,-1.0,-1.0,0.0,1.0,,.SIM_SPY_260306_P_673,0.0,1.0,,,,,,,,,,,,,,,,,,,,
meta_10m,SPY,2026-03-06 19:50:00+00:00,674.55,675.13,674.27,675.015,36574.0,,,,,,,,,,,,,,,policy_only,0.10586237907409668,0.8130162358283997,,0.25876396894454956,0.001407212344929576,0.03641236945986748,0.016311557963490486,0.9913551211357117,,,,,0.5,0.5,0.65,0.65
policy_1m,SPY,2026-03-06 20:01:00+00:00,675.245,675.74,675.155,675.66,5798.0,hold,independent_meta,,-1.0,-1.0,0.0,1.0,,.SIM_SPY_260306_P_673,0.0,1.0,,,,,,,,,,,,,,,,,,,,
policy_1m,SPY,2026-03-06 20:02:00+00:00,675.62,675.97,675.47,675.56,6382.0,close_short,independent_meta,,0.0,0.0,0.0,0.0,,,0.0,0.0,,,,,,,,,,,,,,,,,,,,
policy_1m,SPY,2026-03-06 20:03:00+00:00,675.53,675.74,675.46,675.74,3722.0,hold,independent_meta,,0.0,0.0,0.0,0.0,,,0.0,0.0,,,,,,,,,,,,,,,,,,,,
policy_1m,SPY,2026-03-06 20:04:00+00:00,675.81,675.85,675.64,675.72,2258.0,hold,independent_meta,,0.0,0.0,0.0,0.0,,,0.0,0.0,,,,,,,,,,,,,,,,,,,,
policy_1m,SPY,2026-03-06 20:05:00+00:00,675.75,675.75,675.37,675.46,2161.0,hold,independent_meta,,0.0,0.0,0.0,0.0,,,0.0,0.0,,,,,,,,,,,,,,,,,,,,
policy_1m,SPY,2026-03-06 20:06:00+00:00,675.51,675.67,675.44,675.475,8801.0,hold,independent_meta,,0.0,0.0,0.0,0.0,,,0.0,0.0,,,,,,,,,,,,,,,,,,,,
policy_1m,SPY,2026-03-06 20:07:00+00:00,675.485,675.55,675.305,675.305,4094.0,hold,independent_meta,,0.0,0.0,0.0,0.0,,,0.0,0.0,,,,,,,,,,,,,,,,,,,,
policy_1m,SPY,2026-03-06 20:08:00+00:00,675.36,675.39,674.92,675.07,5784.0,hold,independent_meta,,0.0,0.0,0.0,0.0,,,0.0,0.0,,,,,,,,,,,,,,,,,,,,
policy_1m,SPY,2026-03-06 20:09:00+00:00,675.065,675.13,674.925,674.95,2428.0,hold,independent_meta,,0.0,0.0,0.0,0.0,,,0.0,0.0,,,,,,,,,,,,,,,,,,,,
policy_1m,SPY,2026-03-06 20:10:00+00:00,675.0,675.1,673.98,673.99,10087.0,hold,independent_meta,,0.0,0.0,0.0,0.0,,,0.0,0.0,,,,,,,,,,,,,,,,,,,,
meta_10m,SPY,2026-03-06 20:00:00+00:00,674.99,675.97,674.92,674.95,46481.0,,,,,,,,,,,,,,,policy_only,0.08299146592617035,0.8173967599868774,,0.10846685618162155,0.00037318019894883037,0.7495013475418091,0.023904474452137947,0.9846463799476624,,,,,0.5,0.5,0.65,0.65
policy_1m,SPY,2026-03-06 20:11:00+00:00,673.995,674.04,673.62,673.81,9047.0,hold,independent_meta,,0.0,0.0,0.0,0.0,,,0.0,0.0,,,,,,,,,,,,,,,,,,,,
policy_1m,SPY,2026-03-06 20:12:00+00:00,673.785,674.025,673.59,673.59,5015.0,hold,independent_meta,,0.0,0.0,0.0,0.0,,,0.0,0.0,,,,,,,,,,,,,,,,,,,,
policy_1m,SPY,2026-03-06 20:13:00+00:00,673.55,673.89,673.485,673.8,6902.0,hold,independent_meta,,0.0,0.0,0.0,0.0,,,0.0,0.0,,,,,,,,,,,,,,,,,,,,
policy_1m,SPY,2026-03-06 20:14:00+00:00,673.87,674.07,673.75,673.94,5116.0,hold,independent_meta,,0.0,0.0,0.0,0.0,,,0.0,0.0,,,,,,,,,,,,,,,,,,,,
policy_1m,SPY,2026-03-06 20:15:00+00:00,673.94,673.96,673.55,673.71,14215.0,hold,independent_meta,,0.0,0.0,0.0,0.0,,,0.0,0.0,,,,,,,,,,,,,,,,,,,,
policy_1m,SPY,2026-03-06 20:16:00+00:00,673.76,674.31,673.76,674.07,9384.0,hold,independent_meta,,0.0,0.0,0.0,0.0,,,0.0,0.0,,,,,,,,,,,,,,,,,,,,
policy_1m,SPY,2026-03-06 20:17:00+00:00,674.11,674.37,674.11,674.18,12750.0,hold,independent_meta,,0.0,0.0,0.0,0.0,,,0.0,0.0,,,,,,,,,,,,,,,,,,,,
policy_1m,SPY,2026-03-06 20:18:00+00:00,674.2,674.32,673.92,674.05,7011.0,hold,independent_meta,,0.0,0.0,0.0,0.0,,,0.0,0.0,,,,,,,,,,,,,,,,,,,,
policy_1m,SPY,2026-03-06 20:19:00+00:00,674.145,674.24,673.93,673.97,2824.0,hold,independent_meta,,0.0,0.0,0.0,0.0,,,0.0,0.0,,,,,,,,,,,,,,,,,,,,
policy_1m,SPY,2026-03-06 20:20:00+00:00,673.9,673.94,673.66,673.74,13457.0,hold,independent_meta,,0.0,0.0,0.0,0.0,,,0.0,0.0,,,,,,,,,,,,,,,,,,,,
meta_10m,SPY,2026-03-06 20:10:00+00:00,675.0,675.1,673.485,673.97,82351.0,,,,,,,,,,,,,,,policy_only,0.17441928386688232,0.7882096767425537,,0.07721952348947525,0.04158063977956772,0.15216770768165588,0.02221471071243286,0.9901548624038696,,,,,0.5,0.5,0.65,0.65
policy_1m,SPY,2026-03-06 20:21:00+00:00,673.725,673.725,673.09,673.44,9584.0,hold,independent_meta,,0.0,0.0,0.0,0.0,,,0.0,0.0,,,,,,,,,,,,,,,,,,,,
policy_1m,SPY,2026-03-06 20:22:00+00:00,673.42,673.42,673.06,673.085,11146.0,hold,independent_meta,,0.0,0.0,0.0,0.0,,,0.0,0.0,,,,,,,,,,,,,,,,,,,,
policy_1m,SPY,2026-03-06 20:23:00+00:00,673.14,673.34,672.98,673.09,8484.0,hold,independent_meta,,0.0,0.0,0.0,0.0,,,0.0,0.0,,,,,,,,,,,,,,,,,,,,
policy_1m,SPY,2026-03-06 20:24:00+00:00,673.05,673.26,672.88,672.93,8889.0,hold,independent_meta,,0.0,0.0,0.0,0.0,,,0.0,0.0,,,,,,,,,,,,,,,,,,,,
policy_1m,SPY,2026-03-06 20:25:00+00:00,672.95,672.95,672.49,672.51,6653.0,hold,independent_meta,,0.0,0.0,0.0,0.0,,,0.0,0.0,,,,,,,,,,,,,,,,,,,,
policy_1m,SPY,2026-03-06 20:26:00+00:00,672.4,672.42,672.195,672.4,8616.0,hold,independent_meta,,0.0,0.0,0.0,0.0,,,0.0,0.0,,,,,,,,,,,,,,,,,,,,
policy_1m,SPY,2026-03-06 20:27:00+00:00,672.465,672.465,672.0,672.005,6785.0,hold,independent_meta,,0.0,0.0,0.0,0.0,,,0.0,0.0,,,,,,,,,,,,,,,,,,,,
policy_1m,SPY,2026-03-06 20:28:00+00:00,671.99,672.49,671.985,672.3,16870.0,hold,independent_meta,,0.0,0.0,0.0,0.0,,,0.0,0.0,,,,,,,,,,,,,,,,,,,,
policy_1m,SPY,2026-03-06 20:29:00+00:00,672.21,672.34,672.14,672.23,5786.0,hold,independent_meta,,0.0,0.0,0.0,0.0,,,0.0,0.0,,,,,,,,,,,,,,,,,,,,
policy_1m,SPY,2026-03-06 20:30:00+00:00,672.185,672.54,672.0,672.38,12146.0,hold,independent_meta,,0.0,0.0,0.0,0.0,,,0.0,0.0,,,,,,,,,,,,,,,,,,,,
meta_10m,SPY,2026-03-06 20:20:00+00:00,673.9,673.94,671.985,672.23,96270.0,,,,,,,,,,,,,,,policy_only,0.16288398206233978,0.8148684501647949,,0.34102368354797363,0.015595112927258015,0.008806241676211357,0.023445095866918564,0.9925087094306946,,,,,0.5,0.5,0.65,0.65
policy_1m,SPY,2026-03-06 20:31:00+00:00,672.345,672.35,672.005,672.12,6378.0,hold,independent_meta,,0.0,0.0,0.0,0.0,,,0.0,0.0,,,,,,,,,,,,,,,,,,,,
policy_1m,SPY,2026-03-06 20:32:00+00:00,672.08,672.165,671.855,671.935,12669.0,hold,independent_meta,,0.0,0.0,0.0,0.0,,,0.0,0.0,,,,,,,,,,,,,,,,,,,,
policy_1m,SPY,2026-03-06 20:33:00+00:00,671.935,672.06,671.695,671.985,12369.0,hold,independent_meta,,0.0,0.0,0.0,0.0,,,0.0,0.0,,,,,,,,,,,,,,,,,,,,
policy_1m,SPY,2026-03-06 20:34:00+00:00,671.99,672.19,671.9,671.95,11130.0,hold,independent_meta,,0.0,0.0,0.0,0.0,,,0.0,0.0,,,,,,,,,,,,,,,,,,,,
policy_1m,SPY,2026-03-06 20:35:00+00:00,671.92,671.94,671.535,671.73,5605.0,hold,independent_meta,,0.0,0.0,0.0,0.0,,,0.0,0.0,,,,,,,,,,,,,,,,,,,,
policy_1m,SPY,2026-03-06 20:36:00+00:00,671.7,671.98,671.355,671.355,11170.0,hold,independent_meta,,0.0,0.0,0.0,0.0,,,0.0,0.0,,,,,,,,,,,,,,,,,,,,
policy_1m,SPY,2026-03-06 20:37:00+00:00,671.39,671.96,671.24,671.78,7272.0,hold,independent_meta,,0.0,0.0,0.0,0.0,,,0.0,0.0,,,,,,,,,,,,,,,,,,,,
policy_1m,SPY,2026-03-06 20:38:00+00:00,671.74,671.87,671.3,671.38,6190.0,hold,independent_meta,,0.0,0.0,0.0,0.0,,,0.0,0.0,,,,,,,,,,,,,,,,,,,,
policy_1m,SPY,2026-03-06 20:39:00+00:00,671.41,672.32,671.41,672.21,9462.0,hold,independent_meta,,0.0,0.0,0.0,0.0,,,0.0,0.0,,,,,,,,,,,,,,,,,,,,
policy_1m,SPY,2026-03-06 20:40:00+00:00,672.11,673.38,671.85,673.11,19275.0,hold,independent_meta,,0.0,0.0,0.0,0.0,,,0.0,0.0,,,,,,,,,,,,,,,,,,,,
meta_10m,SPY,2026-03-06 20:30:00+00:00,672.185,672.54,671.24,672.21,94391.0,,,,,,,,,,,,,,,policy_only,0.1223936602473259,0.8306427001953125,,0.7905333638191223,0.10430728644132614,0.005583884660154581,0.013782402500510216,0.9916673302650452,,,,,0.5,0.5,0.65,0.65
policy_1m,SPY,2026-03-06 20:41:00+00:00,673.12,673.14,672.62,673.14,13239.0,hold,independent_meta,,0.0,0.0,0.0,0.0,,,0.0,0.0,,,,,,,,,,,,,,,,,,,,
policy_1m,SPY,2026-03-06 20:42:00+00:00,673.05,673.26,672.755,672.92,12397.0,hold,independent_meta,,0.0,0.0,0.0,0.0,,,0.0,0.0,,,,,,,,,,,,,,,,,,,,
policy_1m,SPY,2026-03-06 20:43:00+00:00,672.89,672.95,672.73,672.83,6517.0,hold,independent_meta,,0.0,0.0,0.0,0.0,,,0.0,0.0,,,,,,,,,,,,,,,,,,,,
policy_1m,SPY,2026-03-06 20:44:00+00:00,672.81,672.81,672.41,672.52,10693.0,hold,independent_meta,,0.0,0.0,0.0,0.0,,,0.0,0.0,,,,,,,,,,,,,,,,,,,,
policy_1m,SPY,2026-03-06 20:45:00+00:00,672.57,672.73,672.415,672.66,9656.0,hold,independent_meta,,0.0,0.0,0.0,0.0,,,0.0,0.0,,,,,,,,,,,,,,,,,,,,
policy_1m,SPY,2026-03-06 20:46:00+00:00,672.65,672.96,672.57,672.835,8828.0,hold,independent_meta,,0.0,0.0,0.0,0.0,,,0.0,0.0,,,,,,,,,,,,,,,,,,,,
policy_1m,SPY,2026-03-06 20:47:00+00:00,672.805,673.02,672.725,672.86,24250.0,hold,independent_meta,,0.0,0.0,0.0,0.0,,,0.0,0.0,,,,,,,,,,,,,,,,,,,,
policy_1m,SPY,2026-03-06 20:48:00+00:00,672.82,672.91,672.65,672.765,19522.0,hold,independent_meta,,0.0,0.0,0.0,0.0,,,0.0,0.0,,,,,,,,,,,,,,,,,,,,
policy_1m,SPY,2026-03-06 20:49:00+00:00,672.86,672.96,672.67,672.83,24522.0,hold,independent_meta,,0.0,0.0,0.0,0.0,,,0.0,0.0,,,,,,,,,,,,,,,,,,,,
policy_1m,SPY,2026-03-06 20:50:00+00:00,672.84,673.0,671.78,671.81,21966.0,hold,independent_meta,,0.0,0.0,0.0,0.0,,,0.0,0.0,,,,,,,,,,,,,,,,,,,,
meta_10m,SPY,2026-03-06 20:40:00+00:00,672.11,673.38,671.85,672.83,148899.0,,,,,,,,,,,,,,,policy_only,0.07270360738039017,0.8551087379455566,,,0.0010679912520572543,0.10850692540407181,0.015634171664714813,0.9914810657501221,,,,,0.5,0.5,0.65,0.65
policy_1m,SPY,2026-03-06 20:51:00+00:00,671.84,672.23,671.8,672.135,18317.0,hold,independent_meta,,0.0,0.0,0.0,0.0,,,0.0,0.0,,,,,,,,,,,,,,,,,,,,
policy_1m,SPY,2026-03-06 20:52:00+00:00,672.25,672.39,671.96,672.37,10022.0,hold,independent_meta,,0.0,0.0,0.0,0.0,,,0.0,0.0,,,,,,,,,,,,,,,,,,,,
policy_1m,SPY,2026-03-06 20:53:00+00:00,672.34,672.52,672.04,672.12,24453.0,hold,independent_meta,,0.0,0.0,0.0,0.0,,,0.0,0.0,,,,,,,,,,,,,,,,,,,,
policy_1m,SPY,2026-03-06 20:54:00+00:00,672.085,672.68,672.07,672.62,27323.0,hold,independent_meta,,0.0,0.0,0.0,0.0,,,0.0,0.0,,,,,,,,,,,,,,,,,,,,
policy_1m,SPY,2026-03-06 20:55:00+00:00,672.6,672.67,672.09,672.29,30362.0,hold,independent_meta,,0.0,0.0,0.0,0.0,,,0.0,0.0,,,,,,,,,,,,,,,,,,,,
policy_1m,SPY,2026-03-06 20:56:00+00:00,672.295,672.6,672.22,672.56,24852.0,hold,independent_meta,,0.0,0.0,0.0,0.0,,,0.0,0.0,,,,,,,,,,,,,,,,,,,,
policy_1m,SPY,2026-03-06 20:57:00+00:00,672.54,673.06,672.505,673.055,31349.0,hold,independent_meta,,0.0,0.0,0.0,0.0,,,0.0,0.0,,,,,,,,,,,,,,,,,,,,
policy_1m,SPY,2026-03-06 20:58:00+00:00,673.02,673.23,672.77,673.055,58002.0,hold,independent_meta,,0.0,0.0,0.0,0.0,,,0.0,0.0,,,,,,,,,,,,,,,,,,,,
policy_1m,SPY,2026-03-06 20:59:00+00:00,673.03,673.03,672.38,672.44,129533.0,hold,independent_meta,,0.0,0.0,0.0,0.0,,,0.0,0.0,,,,,,,,,,,,,,,,,,,,
