date,action,theme,theme_rank,theme_score,tickers
2018-01-02,enter,aerospace,1.0,0.22945804195804193,BA|GD|GE
2018-01-02,enter,ai_apps,2.0,0.22945804195804193,ADBE|AXON|BIDU
2018-01-02,enter,ai_infrastructure,3.0,0.22945804195804193,AMAT|AMD|ANET
2018-01-03,exit,aerospace,13.0,0.33479020979020974,BA|GD|GE
2018-01-03,exit,ai_apps,20.0,0.2888986013986014,ADBE|AXON|BIDU
2018-01-03,exit,ai_infrastructure,9.0,0.36276223776223776,AMAT|AMD|ANET
2018-01-03,enter,medtech,1.0,0.4335664335664336,BSX|DXCM|EW
2018-01-03,enter,oil_exploration,2.0,0.4283216783216784,APA|COP|DVN
2018-01-03,enter,pharma,3.0,0.395979020979021,ABBV|AMGN|BMY
2018-01-04,exit,medtech,34.0,0.17482517482517482,BSX|DXCM|EW
2018-01-04,exit,oil_exploration,13.0,0.34877622377622375,APA|COP|DVN
2018-01-04,exit,pharma,24.0,0.2687937062937063,ABBV|AMGN|BMY
2018-01-04,enter,business_apps,1.0,0.4431818181818182,ADBE|ADSK|CRM
2018-01-04,enter,mega_banks,2.0,0.43006993006993005,AXP|BAC|C
2018-01-04,enter,regional_banks,3.0,0.4143356643356643,COF|FITB|HBAN
2018-01-05,exit,business_apps,19.0,0.2867132867132867,ADBE|ADSK|CRM
2018-01-05,exit,mega_banks,29.0,0.24388111888111888,AXP|BAC|C
2018-01-05,enter,medtech,1.0,0.44012237762237766,BSX|DXCM|EW
2018-01-05,enter,robotics,2.0,0.4375,CAT|CGNX|DE
2018-01-05,enter,restaurants,3.0,0.41389860139860146,CMG|DPZ|DRI
2018-01-08,exit,regional_banks,21.0,0.30201048951048953,COF|FITB|HBAN
2018-01-08,exit,medtech,26.0,0.2810314685314685,BSX|DXCM|EW
2018-01-08,exit,robotics,19.0,0.3107517482517482,CAT|CGNX|DE
2018-01-08,exit,restaurants,28.0,0.2731643356643357,CMG|DPZ|DRI
2018-01-08,enter,oil_exploration,1.0,0.423513986013986,APA|COP|DVN
2018-01-08,enter,business_apps,2.0,0.4086538461538462,ADBE|ADSK|CRM
2018-01-08,enter,fintech,3.0,0.40078671328671334,FIS|GPN|INTU
2018-01-09,exit,oil_exploration,25.0,0.41127622377622375,APA|COP|DVN
2018-01-09,enter,payments,2.0,0.6848776223776223,XYZ|PYPL|GPN
2018-01-09,enter,asset_managers,3.0,0.6577797202797202,TROW|KKR|BLK
2018-01-10,exit,business_apps,19.0,0.4523601398601399,ADBE|ADSK|CRM
2018-01-10,enter,regional_banks,1.0,0.6971153846153846,HBAN|TFC|KEY
2018-01-11,exit,payments,9.0,0.5288461538461539,XYZ|PYPL|GPN
2018-01-11,enter,robotics,3.0,0.604895104895105,ZBRA|ISRG|TSLA
2018-01-12,exit,fintech,26.0,0.361013986013986,FIS|GPN|INTU
2018-01-12,enter,aerospace,2.0,0.6354895104895105,BA|TDG|HWM
2018-01-16,exit,regional_banks,10.0,0.6241258741258741,HBAN|TFC|KEY
2018-01-16,exit,aerospace,13.0,0.6013986013986015,BA|TDG|HWM
2018-01-16,enter,pharma,1.0,0.7552447552447553,MRK|ABBV|GILD
2018-01-16,enter,biotech,3.0,0.6923076923076924,GILD|ABBV|AMGN
2018-01-17,exit,robotics,13.0,0.5865384615384616,ZBRA|ISRG|TSLA
2018-01-17,exit,biotech,18.0,0.5166083916083916,GILD|ABBV|AMGN
2018-01-17,enter,consumer_staples,2.0,0.6958041958041958,DG|MDLZ|TGT
2018-01-17,enter,workflow_software,3.0,0.6791958041958043,TEAM|HUBS|NOW
2018-01-18,exit,asset_managers,17.0,0.5524475524475525,TROW|KKR|BLK
2018-01-18,exit,pharma,11.0,0.6136363636363636,MRK|ABBV|GILD
2018-01-18,enter,retail,1.0,0.8041958041958042,WMT|TGT|KR
2018-01-18,enter,dev_tools,3.0,0.7381993006993007,TEAM|PTC|CDNS
2018-01-19,exit,dev_tools,14.0,0.6031468531468532,TEAM|PTC|CDNS
2018-01-19,enter,business_apps,2.0,0.7333916083916083,HUBS|INTU|ORCL
2018-01-22,exit,workflow_software,11.0,0.6118881118881119,TEAM|HUBS|NOW
2018-01-22,exit,retail,26.0,0.42045454545454547,WMT|TGT|KR
2018-01-22,exit,business_apps,9.0,0.6223776223776223,HUBS|INTU|ORCL
2018-01-22,enter,biotech,1.0,0.7661713286713286,AMGN|ABBV|CRSP
2018-01-22,enter,payments,2.0,0.7250874125874126,XYZ|GPN|PYPL
2018-01-22,enter,semis,3.0,0.7071678321678321,TSM|SMCI|ON
2018-01-23,exit,consumer_staples,25.0,0.4331293706293707,DG|MDLZ|TGT
2018-01-23,exit,payments,15.0,0.583041958041958,XYZ|GPN|PYPL
2018-01-23,enter,consumer_internet,1.0,0.7180944055944056,NFLX|META|BABA
2018-01-23,enter,business_apps,3.0,0.6927447552447553,WDAY|MSFT|ADSK
2018-01-24,exit,semis,30.0,0.36101398601398604,TSM|SMCI|ON
2018-01-24,enter,mega_banks,1.0,0.7814685314685316,GS|BAC|WFC
2018-01-24,enter,insurance,3.0,0.7661713286713288,TRV|AIG|CB
2018-01-25,exit,business_apps,18.0,0.5524475524475524,WDAY|MSFT|ADSK
2018-01-25,exit,mega_banks,14.0,0.6162587412587414,GS|BAC|WFC
2018-01-25,enter,payments,2.0,0.7648601398601399,GPN|FIS|V
2018-01-25,enter,fintech,3.0,0.7618006993006994,GPN|FIS|V
2018-01-26,exit,insurance,20.0,0.4895104895104896,TRV|AIG|CB
2018-01-26,exit,payments,9.0,0.6564685314685313,GPN|FIS|V
2018-01-26,enter,cloud,1.0,0.7687937062937064,AMZN|MSFT|NOW
2018-01-26,enter,pharma,2.0,0.7513111888111887,ABBV|PFE|GILD
2018-01-26,enter,china_internet,3.0,0.735576923076923,JD|BABA|KWEB
2018-01-29,exit,fintech,25.0,0.4423076923076923,GPN|FIS|V
2018-01-29,exit,cloud,9.0,0.6451048951048951,AMZN|MSFT|NOW
2018-01-29,enter,defense,2.0,0.7854020979020979,HEI|NOC|LMT
2018-01-30,exit,biotech,9.0,0.6687062937062936,AMGN|ABBV|CRSP
2018-01-30,exit,china_internet,21.0,0.5437062937062938,JD|BABA|KWEB
2018-01-30,enter,cloud,2.0,0.7526223776223776,WDAY|AMZN|NOW
2018-01-31,exit,consumer_internet,16.0,0.5664335664335665,NFLX|META|BABA
2018-01-31,exit,pharma,19.0,0.5454545454545454,ABBV|PFE|GILD
2018-01-31,enter,payments,2.0,0.7338286713286712,PYPL|XYZ|FIS
2018-01-31,enter,workflow_software,3.0,0.6958041958041958,NOW|WDAY|CRM
2018-02-01,exit,payments,13.0,0.611451048951049,PYPL|XYZ|FIS
2018-02-01,enter,aerospace,2.0,0.7618006993006994,NOC|LMT|LHX
2018-02-01,enter,regional_banks,3.0,0.75,FITB|HBAN|TFC
2018-02-02,exit,workflow_software,10.0,0.6140734265734266,NOW|WDAY|CRM
2018-02-02,enter,mega_banks,3.0,0.7167832167832169,BAC|JPM|WFC
2018-02-05,exit,defense,14.0,0.5690559440559442,HEI|NOC|LMT
2018-02-05,exit,aerospace,13.0,0.5839160839160839,NOC|LMT|LHX
2018-02-05,exit,mega_banks,23.0,0.43837412587412594,BAC|JPM|WFC
2018-02-05,enter,gold,1.0,0.7285839160839161,GLD|WPM|PAAS
2018-02-05,enter,consumer_internet,2.0,0.7124125874125874,AMZN|SNAP|EXPE
2018-02-05,enter,ai_apps,3.0,0.694493006993007,NOW|SNAP|ADBE
2018-02-06,exit,cloud,13.0,0.6044580419580421,WDAY|AMZN|NOW
2018-02-06,exit,regional_banks,12.0,0.6162587412587412,FITB|HBAN|TFC
2018-02-06,exit,gold,34.0,0.21503496503496503,GLD|WPM|PAAS
2018-02-06,enter,cybersecurity,1.0,0.7993881118881119,FTNT|PANW|GEN
2018-02-06,enter,business_apps,2.0,0.722027972027972,MSFT|ADBE|CRM
2018-02-06,enter,travel,3.0,0.7119755244755245,TCOM|EXPE|DIS
2018-02-07,exit,consumer_internet,9.0,0.6739510489510488,AMZN|SNAP|EXPE
2018-02-07,exit,business_apps,14.0,0.6035839160839161,MSFT|ADBE|CRM
2018-02-07,enter,regional_banks,2.0,0.8081293706293705,KEY|PNC|FITB
2018-02-08,exit,regional_banks,22.0,0.45891608391608385,KEY|PNC|FITB
2018-02-08,enter,uranium,2.0,0.7312062937062936,LEU|CCJ|UUUU
2018-02-08,enter,consumer_internet,3.0,0.7263986013986014,SNAP|EXPE|AMZN
2018-02-09,exit,travel,33.0,0.26092657342657344,TCOM|EXPE|DIS
2018-02-09,exit,uranium,15.0,0.5402097902097902,LEU|CCJ|UUUU
2018-02-09,enter,ai_infrastructure,2.0,0.7097902097902098,NVDA|ANET|MSFT
2018-02-12,exit,consumer_internet,28.0,0.34833916083916083,SNAP|EXPE|AMZN
2018-02-12,enter,mega_banks,2.0,0.7115384615384615,AXP|BAC|JPM
2018-02-12,enter,data_centers,3.0,0.7089160839160839,ANET|NVDA|PSTG
2018-02-13,exit,mega_banks,11.0,0.597027972027972,AXP|BAC|JPM
2018-02-13,enter,defense,2.0,0.7609265734265734,AXON|NOC|KTOS
2018-02-14,exit,ai_apps,28.0,0.3461538461538462,NOW|SNAP|ADBE
2018-02-14,exit,data_centers,10.0,0.6267482517482517,ANET|NVDA|PSTG
2018-02-14,exit,defense,9.0,0.6464160839160839,AXON|NOC|KTOS
2018-02-14,enter,dev_tools,1.0,0.7054195804195805,MDB|PTC|TEAM
2018-02-14,enter,mega_banks,3.0,0.6713286713286712,BAC|JPM|WFC
2018-02-15,exit,cybersecurity,12.0,0.6398601398601398,FTNT|PANW|GEN
2018-02-15,exit,dev_tools,18.0,0.5384615384615384,MDB|PTC|TEAM
2018-02-15,exit,mega_banks,9.0,0.6577797202797202,BAC|JPM|WFC
2018-02-15,enter,semis,2.0,0.7403846153846154,NVDA|AMAT|KLAC
2018-02-15,enter,payments,3.0,0.7373251748251748,GPN|XYZ|MA
2018-02-16,exit,ai_infrastructure,28.0,0.40472027972027974,NVDA|ANET|MSFT
2018-02-16,exit,semis,12.0,0.5935314685314684,NVDA|AMAT|KLAC
2018-02-16,enter,workflow_software,2.0,0.707604895104895,HUBS|WDAY|NOW
2018-02-16,enter,fintech,3.0,0.6966783216783217,GPN|INTU|MA
2018-02-20,enter,dev_tools,1.0,0.8347902097902097,MDB|TEAM|PTC
2018-02-20,enter,business_apps,3.0,0.8028846153846154,HUBS|WDAY|INTU
2018-02-21,exit,payments,23.0,0.5048076923076923,GPN|XYZ|MA
2018-02-21,exit,fintech,21.0,0.5240384615384616,GPN|INTU|MA
2018-02-21,exit,business_apps,13.0,0.6088286713286714,HUBS|WDAY|INTU
2018-02-21,enter,china_internet,2.0,0.7701048951048951,KWEB|BIDU|JD
2018-02-21,enter,restaurants,3.0,0.7517482517482518,DPZ|CMG|TXRH
2018-02-22,exit,dev_tools,29.0,0.423513986013986,MDB|TEAM|PTC
2018-02-22,exit,restaurants,15.0,0.5812937062937062,DPZ|CMG|TXRH
2018-02-22,enter,ai_apps,1.0,0.792395104895105,HUBS|TSLA|CRM
2018-02-22,enter,robotics,2.0,0.7862762237762239,ZBRA|TSLA|TER
2018-02-22,enter,business_apps,3.0,0.7534965034965034,HUBS|INTU|CRM
2018-02-23,exit,china_internet,12.0,0.6153846153846154,KWEB|BIDU|JD
2018-02-23,exit,ai_apps,11.0,0.6162587412587412,HUBS|TSLA|CRM
2018-02-23,enter,cybersecurity,1.0,0.7574300699300701,OKTA|PANW|FTNT
2018-02-23,enter,travel,3.0,0.6901223776223777,BKNG|TCOM|EXPE
2018-02-26,exit,workflow_software,22.0,0.4724650349650349,HUBS|WDAY|NOW
2018-02-26,exit,travel,26.0,0.4025349650349651,BKNG|TCOM|EXPE
2018-02-26,enter,autos,1.0,0.7220279720279721,TSLA|ON|TXN
2018-02-26,enter,semis,2.0,0.721153846153846,MU|AMAT|INTC
2018-02-27,exit,robotics,9.0,0.6228146853146853,ZBRA|TSLA|TER
2018-02-27,exit,business_apps,12.0,0.5791083916083917,HUBS|INTU|CRM
2018-02-27,enter,biotech,2.0,0.7508741258741258,CRSP|NTLA|AMGN
2018-02-28,enter,ai_apps,2.0,0.7386363636363638,AXON|ADBE|CRM
2018-02-28,enter,payments,3.0,0.716346153846154,XYZ|GPN|MA
2018-03-01,exit,autos,25.0,0.3994755244755245,TSLA|ON|TXN
2018-03-01,exit,payments,18.0,0.4711538461538462,XYZ|GPN|MA
2018-03-01,enter,dev_tools,1.0,0.722027972027972,MDB|PTC|TEAM
2018-03-02,exit,dev_tools,9.0,0.7176573426573427,MDB|PTC|TEAM
2018-03-02,enter,business_apps,2.0,0.7775349650349651,CRM|WDAY|ADSK
2018-03-02,enter,workflow_software,3.0,0.7775349650349651,TEAM|CRM|HUBS
2018-03-05,exit,semis,20.0,0.5174825174825175,MU|AMAT|INTC
2018-03-05,exit,biotech,10.0,0.6284965034965035,CRSP|NTLA|AMGN
2018-03-05,exit,ai_apps,15.0,0.6022727272727273,AXON|ADBE|CRM
2018-03-05,enter,dev_tools,1.0,0.7854020979020979,MDB|TEAM|PTC
2018-03-05,enter,cloud,3.0,0.729895104895105,MDB|TEAM|WDAY
2018-03-06,exit,cybersecurity,16.0,0.5598776223776224,OKTA|PANW|FTNT
2018-03-06,exit,dev_tools,12.0,0.6328671328671328,MDB|TEAM|PTC
2018-03-06,exit,cloud,9.0,0.6464160839160839,MDB|TEAM|WDAY
2018-03-06,enter,travel,2.0,0.7294580419580418,BKNG|TCOM|DIS
2018-03-06,enter,consumer_internet,3.0,0.7233391608391608,NFLX|BKNG|BIDU
2018-03-07,exit,travel,16.0,0.5506993006993006,BKNG|TCOM|DIS
2018-03-07,enter,dev_tools,1.0,0.8837412587412586,MDB|TEAM|PTC
2018-03-08,exit,workflow_software,17.0,0.563811188811189,TEAM|CRM|HUBS
2018-03-08,exit,consumer_internet,11.0,0.6193181818181818,NFLX|BKNG|BIDU
2018-03-08,enter,biotech,1.0,0.7937062937062935,NTLA|EXAS|CRSP
2018-03-08,enter,cybersecurity,3.0,0.7867132867132868,OKTA|AKAM|FTNT
2018-03-09,exit,dev_tools,23.0,0.4458041958041959,MDB|TEAM|PTC
2018-03-09,exit,cybersecurity,16.0,0.5633741258741258,OKTA|AKAM|FTNT
2018-03-09,enter,vertical_software,3.0,0.756118881118881,ADSK|PTC|LDOS
2018-03-12,exit,business_apps,13.0,0.5638111888111887,CRM|WDAY|ADSK
2018-03-12,exit,vertical_software,15.0,0.5528846153846154,ADSK|PTC|LDOS
2018-03-12,enter,semis,1.0,0.7465034965034965,MU|LRCX|AVGO
2018-03-12,enter,china_internet,3.0,0.7180944055944054,KWEB|NTES|BABA
2018-03-13,exit,china_internet,25.0,0.4392482517482517,KWEB|NTES|BABA
2018-03-13,enter,medtech,2.0,0.7683566433566434,DXCM|JNJ|EXAS
2018-03-13,enter,pharma,3.0,0.7596153846153845,JNJ|GILD|PFE
2018-03-14,exit,pharma,15.0,0.5192307692307693,JNJ|GILD|PFE
2018-03-14,enter,data_centers,1.0,0.7517482517482518,WDC|STX|AVGO
2018-03-14,enter,cloud,3.0,0.7268356643356644,MDB|DLR|GOOGL
2018-03-15,exit,biotech,31.0,0.3026275195392843,NTLA|EXAS|CRSP
2018-03-15,exit,data_centers,9.0,0.6541803784450844,WDC|STX|AVGO
2018-03-15,exit,cloud,15.0,0.5800596462361167,MDB|DLR|GOOGL
2018-03-15,enter,fintech,1.0,0.7858134512546276,XYZ|INTU|PYPL
2018-03-15,enter,china_internet,2.0,0.7692050596462363,BABA|NTES|BIDU
2018-03-15,enter,payments,3.0,0.7201511723570547,XYZ|PYPL|GPN
2018-03-16,exit,semis,25.0,0.43750000000000006,MU|LRCX|AVGO
2018-03-16,exit,fintech,9.0,0.6302447552447553,XYZ|INTU|PYPL
2018-03-16,exit,china_internet,10.0,0.6271853146853147,BABA|NTES|BIDU
2018-03-16,enter,consumer_staples,1.0,0.7237762237762237,MCD|DG|PEP
2018-03-16,enter,restaurants,2.0,0.7124125874125874,MCD|TXRH|SBUX
2018-03-16,enter,oil_exploration,3.0,0.7058566433566434,APA|USO|COP
2018-03-19,exit,medtech,25.0,0.4527972027972028,DXCM|JNJ|EXAS
2018-03-19,exit,restaurants,12.0,0.5939685314685316,MCD|TXRH|SBUX
2018-03-19,exit,oil_exploration,15.0,0.5716783216783217,APA|USO|COP
2018-03-19,enter,insurance,1.0,0.7145979020979022,ALL|MET|PGR
2018-03-19,enter,fintech,2.0,0.6993006993006993,XYZ|V|PYPL
2018-03-19,enter,aerospace,3.0,0.6936188811188813,HEI|TDG|LHX
2018-03-20,exit,consumer_staples,20.0,0.5008741258741259,MCD|DG|PEP
2018-03-20,exit,aerospace,9.0,0.6280594405594407,HEI|TDG|LHX
2018-03-20,enter,oil_exploration,2.0,0.7958916083916083,USO|APA|COP
2018-03-21,exit,payments,22.0,0.46809440559440557,XYZ|PYPL|GPN
2018-03-21,exit,insurance,9.0,0.5878496503496503,ALL|MET|PGR
2018-03-21,exit,fintech,23.0,0.46372377622377625,XYZ|V|PYPL
2018-03-21,enter,uranium,2.0,0.6669580419580421,UUUU|CCJ|LEU
2018-03-21,enter,nuclear,3.0,0.6617132867132867,UUUU|CCJ|LEU
2018-03-22,enter,consumer,1.0,0.7736013986013985,CMG|DPZ|TXRH
2018-03-22,enter,restaurants,2.0,0.763986013986014,CMG|DPZ|TXRH
2018-03-22,enter,gold,3.0,0.736013986013986,WPM|AEM|GLD
2018-03-23,enter,aerospace,1.0,0.8050699300699302,NOC|LHX|LMT
2018-03-26,exit,uranium,29.0,0.4200174825174825,UUUU|CCJ|LEU
2018-03-26,exit,nuclear,25.0,0.45891608391608385,UUUU|CCJ|LEU
2018-03-26,exit,consumer,15.0,0.5297202797202798,CMG|DPZ|TXRH
2018-03-26,exit,restaurants,10.0,0.5546328671328672,CMG|DPZ|TXRH
2018-03-26,exit,gold,17.0,0.5227272727272727,WPM|AEM|GLD
2018-03-26,enter,defense,1.0,0.7386363636363636,LHX|HEI|NOC
2018-03-26,enter,dev_tools,2.0,0.7067307692307692,MDB|PTC|CDNS
2018-03-26,enter,autos,3.0,0.6923076923076923,ON|MCHP|F
2018-03-27,exit,dev_tools,14.0,0.5148601398601399,MDB|PTC|CDNS
2018-03-27,exit,autos,10.0,0.5646853146853147,ON|MCHP|F
2018-03-27,enter,consumer_staples,3.0,0.7246503496503496,CL|PG|KO
2018-03-28,exit,oil_exploration,14.0,0.5795454545454546,USO|APA|COP
2018-03-28,exit,aerospace,12.0,0.6075174825174825,NOC|LHX|LMT
2018-03-28,exit,defense,10.0,0.6289335664335665,LHX|HEI|NOC
2018-03-28,enter,restaurants,2.0,0.7027972027972027,YUM|DPZ|MCD
2018-03-28,enter,pharma,3.0,0.694493006993007,MRK|NVO|LLY
2018-03-29,exit,consumer_staples,11.0,0.6127622377622378,CL|PG|KO
2018-03-29,exit,restaurants,25.0,0.4313811188811189,YUM|DPZ|MCD
2018-03-29,exit,pharma,13.0,0.590034965034965,MRK|NVO|LLY
2018-03-29,enter,medtech,1.0,0.8002622377622377,DXCM|EW|MDT
2018-03-29,enter,gold,2.0,0.7373251748251749,GOLD|PAAS|NEM
2018-03-29,enter,oil_exploration,3.0,0.6866258741258741,COP|APA|USO
2018-04-02,exit,oil_exploration,32.0,0.32910839160839156,COP|APA|USO
2018-04-02,enter,consumer_staples,1.0,0.75,CL|DG|MCD
2018-04-02,enter,defense,2.0,0.7425699300699299,LHX|AXON|RTX
2018-04-02,enter,mega_banks,3.0,0.7373251748251748,JPM|GS|AXP
2018-04-03,exit,gold,25.0,0.42569930069930073,GOLD|PAAS|NEM
2018-04-03,exit,defense,11.0,0.6223776223776224,LHX|AXON|RTX
2018-04-03,enter,insurance,1.0,0.7451923076923077,PGR|ALL|TRV
2018-04-03,enter,regional_banks,2.0,0.7416958041958042,COF|TFC|PNC
2018-04-04,exit,medtech,24.0,0.49737762237762234,DXCM|EW|MDT
2018-04-05,exit,consumer_staples,25.0,0.4375,CL|DG|MCD
2018-04-05,exit,insurance,34.0,0.28452797202797203,PGR|ALL|TRV
2018-04-05,enter,uranium,2.0,0.673076923076923,UUUU|UEC|CCJ
2018-04-05,enter,payments,3.0,0.6625874125874126,COF|V|FIS
2018-04-06,exit,regional_banks,17.0,0.48295454545454547,COF|TFC|PNC
2018-04-06,exit,payments,20.0,0.4632867132867133,COF|V|FIS
2018-04-06,enter,restaurants,1.0,0.7631118881118881,TXRH|MCD|SBUX
2018-04-06,enter,nuclear,2.0,0.7591783216783217,CCJ|UUUU|UEC
2018-04-09,exit,restaurants,18.0,0.5441433566433566,TXRH|MCD|SBUX
2018-04-09,enter,pharma,3.0,0.7325174825174825,MRK|TMO|JNJ
2018-04-10,exit,mega_banks,13.0,0.6184440559440558,JPM|GS|AXP
2018-04-10,exit,pharma,15.0,0.5817307692307692,MRK|TMO|JNJ
2018-04-10,enter,ai_apps,1.0,0.7381993006993007,META|TSLA|ADBE
2018-04-10,enter,autos,3.0,0.7071678321678321,GM|TSLA|F
2018-04-11,exit,autos,24.0,0.4178321678321678,GM|TSLA|F
2018-04-11,enter,oil_exploration,1.0,0.8435314685314684,DVN|OXY|COP
2018-04-11,enter,gold,2.0,0.7792832167832169,AEM|PAAS|NEM
2018-04-12,exit,uranium,34.0,0.24082167832167833,UUUU|UEC|CCJ
2018-04-12,exit,nuclear,21.0,0.5056818181818182,CCJ|UUUU|UEC
2018-04-12,exit,ai_apps,24.0,0.4755244755244755,META|TSLA|ADBE
2018-04-12,exit,gold,19.0,0.5227272727272727,AEM|PAAS|NEM
2018-04-12,enter,medtech,1.0,0.7858391608391608,BSX|EXAS|ISRG
2018-04-12,enter,semis,2.0,0.7482517482517482,MPWR|MRVL|LRCX
2018-04-12,enter,biotech,3.0,0.7176573426573427,CRSP|EXAS|VRTX
2018-04-13,enter,gold,3.0,0.736013986013986,GOLD|AEM|NEM
2018-04-16,exit,semis,12.0,0.5847902097902098,MPWR|MRVL|LRCX
2018-04-16,exit,biotech,21.0,0.48645104895104896,CRSP|EXAS|VRTX
2018-04-16,exit,gold,14.0,0.555944055944056,GOLD|AEM|NEM
2018-04-16,enter,nuclear,1.0,0.6826923076923076,DNN|UEC|CCJ
2018-04-16,enter,cybersecurity,2.0,0.6700174825174825,GEN|FTNT|OKTA
2018-04-16,enter,workflow_software,3.0,0.6638986013986015,TEAM|NOW|WDAY
2018-04-17,exit,nuclear,16.0,0.5817307692307692,DNN|UEC|CCJ
2018-04-17,exit,cybersecurity,17.0,0.5572552447552447,GEN|FTNT|OKTA
2018-04-17,enter,data_centers,3.0,0.7185314685314684,PSTG|SMCI|NTAP
2018-04-18,exit,data_centers,16.0,0.5118006993006994,PSTG|SMCI|NTAP
2018-04-18,enter,gold,2.0,0.7233391608391609,GOLD|PAAS|FNV
2018-04-18,enter,defense,3.0,0.6971153846153845,KTOS|GD|TDG
2018-04-19,exit,medtech,26.0,0.4191433566433566,BSX|EXAS|ISRG
2018-04-19,exit,workflow_software,18.0,0.5362762237762237,TEAM|NOW|WDAY
2018-04-19,enter,uranium,3.0,0.7189685314685313,UUUU|LEU|DNN
2018-04-20,exit,oil_exploration,10.0,0.6590909090909091,DVN|OXY|COP
2018-04-20,exit,gold,28.0,0.38592657342657344,GOLD|PAAS|FNV
2018-04-20,exit,defense,12.0,0.638548951048951,KTOS|GD|TDG
2018-04-20,enter,fintech,2.0,0.7740384615384616,SCHW|V|INTU
2018-04-20,enter,nuclear,3.0,0.7604895104895104,LEU|UEC|NXE
2018-04-23,exit,nuclear,13.0,0.6219405594405595,LEU|UEC|NXE
2018-04-23,enter,aerospace,1.0,0.847027972027972,LMT|GE|GD
2018-04-23,enter,regional_banks,2.0,0.8041958041958043,TFC|KEY|HBAN
2018-04-23,enter,defense,3.0,0.7583041958041958,LMT|GD|HEI
2018-04-24,exit,uranium,34.0,0.24825174825174828,UUUU|LEU|DNN
2018-04-24,exit,fintech,28.0,0.4366258741258741,SCHW|V|INTU
2018-04-24,exit,defense,10.0,0.6398601398601399,LMT|GD|HEI
2018-04-24,enter,oil_exploration,2.0,0.7041083916083917,EOG|OXY|FANG
2018-04-25,exit,aerospace,18.0,0.48295454545454547,LMT|GE|GD
2018-04-25,enter,pharma,1.0,0.7875874125874126,LLY|AMGN|PFE
2018-04-25,enter,consumer,3.0,0.7478146853146853,CMG|DRI|DPZ
2018-04-26,exit,regional_banks,17.0,0.5812937062937064,TFC|KEY|HBAN
2018-04-26,exit,oil_exploration,16.0,0.5834790209790209,EOG|OXY|FANG
2018-04-26,enter,cybersecurity,1.0,0.8020104895104896,GEN|OKTA|ZS
2018-04-26,enter,restaurants,3.0,0.7757867132867133,CMG|DPZ|DRI
2018-04-27,exit,cybersecurity,22.0,0.458479020979021,GEN|OKTA|ZS
2018-04-27,enter,regional_banks,1.0,0.8374125874125874,FITB|KEY|HBAN
2018-04-30,exit,pharma,12.0,0.6228146853146853,LLY|AMGN|PFE
2018-04-30,exit,regional_banks,26.0,0.39204545454545453,FITB|KEY|HBAN
2018-04-30,enter,cybersecurity,3.0,0.7172202797202798,ZS|AKAM|GEN
2018-05-01,exit,cybersecurity,24.0,0.4527972027972028,ZS|AKAM|GEN
2018-05-01,enter,fintech,1.0,0.7587412587412588,FIS|V|MA
2018-05-01,enter,ai_infrastructure,3.0,0.708916083916084,SMCI|AMD|ANET
2018-05-02,exit,consumer,16.0,0.5537587412587412,CMG|DRI|DPZ
2018-05-02,exit,restaurants,12.0,0.5812937062937064,CMG|DPZ|DRI
2018-05-02,exit,ai_infrastructure,15.0,0.5598776223776224,SMCI|AMD|ANET
2018-05-02,enter,nuclear,1.0,0.7613636363636364,CCJ|UEC|NXE
2018-05-02,enter,uranium,2.0,0.756555944055944,CCJ|UEC|NXE
2018-05-02,enter,cybersecurity,3.0,0.7395104895104895,PANW|ZS|OKTA
2018-05-03,exit,nuclear,17.0,0.5380244755244755,CCJ|UEC|NXE
2018-05-03,exit,uranium,19.0,0.5196678321678323,CCJ|UEC|NXE
2018-05-03,exit,cybersecurity,15.0,0.5926573426573425,PANW|ZS|OKTA
2018-05-03,enter,workflow_software,1.0,0.7805944055944057,CRM|WDAY|TEAM
2018-05-03,enter,payments,3.0,0.7390734265734266,XYZ|GPN|MA
2018-05-04,exit,payments,11.0,0.6245629370629371,XYZ|GPN|MA
2018-05-04,enter,semis,1.0,0.8308566433566436,SMCI|NVDA|MRVL
2018-05-04,enter,ai_infrastructure,2.0,0.7919580419580418,SMCI|NVDA|MRVL
2018-05-04,enter,asset_managers,3.0,0.7679195804195803,KKR|BX|SCHW
2018-05-07,exit,asset_managers,11.0,0.6695804195804197,KKR|BX|SCHW
2018-05-07,enter,business_apps,2.0,0.7888986013986014,CRM|WDAY|INTU
2018-05-08,exit,fintech,11.0,0.6939531057178117,FIS|V|MA
2018-05-08,exit,business_apps,12.0,0.6903794734677088,CRM|WDAY|INTU
2018-05-08,enter,payments,3.0,0.7730872069107363,XYZ|FIS|MA
2018-05-09,enter,business_apps,2.0,0.7753496503496504,ADBE|ADSK|WDAY
2018-05-09,enter,asset_managers,3.0,0.7622377622377622,TROW|KKR|SCHW
2018-05-10,exit,payments,12.0,0.6079545454545454,XYZ|FIS|MA
2018-05-10,exit,business_apps,15.0,0.5930944055944056,ADBE|ADSK|WDAY
2018-05-10,exit,asset_managers,20.0,0.5362762237762237,TROW|KKR|SCHW
2018-05-10,enter,robotics,3.0,0.7049825174825175,ZBRA|EMR|TSLA
2018-05-11,exit,workflow_software,14.0,0.5642482517482517,CRM|WDAY|TEAM
2018-05-11,exit,semis,25.0,0.4562937062937063,SMCI|NVDA|MRVL
2018-05-11,exit,ai_infrastructure,24.0,0.4663461538461538,SMCI|NVDA|MRVL
2018-05-11,exit,robotics,9.0,0.6062062937062936,ZBRA|EMR|TSLA
2018-05-11,enter,biotech,1.0,0.8212412587412586,ALNY|NTLA|REGN
2018-05-11,enter,pharma,2.0,0.7128496503496504,ABBV|LLY|AMGN
2018-05-11,enter,defense,3.0,0.7097902097902098,AXON|KTOS|HEI
2018-05-14,enter,oil_exploration,2.0,0.7788461538461539,OXY|DVN|COP
2018-05-14,enter,semis,3.0,0.7469405594405595,QCOM|KLAC|MRVL
2018-05-15,exit,defense,14.0,0.5380244755244755,AXON|KTOS|HEI
2018-05-15,enter,regional_banks,1.0,0.7972027972027972,FITB|COF|HBAN
2018-05-15,enter,mega_banks,3.0,0.7111013986013985,BAC|WFC|C
2018-05-16,exit,oil_exploration,17.0,0.5157342657342657,OXY|DVN|COP
2018-05-16,exit,regional_banks,18.0,0.5113636363636364,FITB|COF|HBAN
2018-05-16,exit,mega_banks,23.0,0.4195804195804196,BAC|WFC|C
2018-05-16,enter,china_internet,1.0,0.7333916083916083,BILI|BIDU|KWEB
2018-05-16,enter,consumer_staples,2.0,0.7268356643356644,TGT|WMT|DG
2018-05-17,exit,semis,13.0,0.5563811188811187,QCOM|KLAC|MRVL
2018-05-17,exit,china_internet,12.0,0.5590034965034965,BILI|BIDU|KWEB
2018-05-17,enter,oil_exploration,1.0,0.8282342657342657,EOG|APA|FANG
2018-05-21,exit,biotech,21.0,0.4243881118881119,ALNY|NTLA|REGN
2018-05-21,exit,pharma,29.0,0.305944055944056,ABBV|LLY|AMGN
2018-05-21,enter,insurance,2.0,0.7347027972027973,AIG|MET|PGR
2018-05-22,exit,consumer_staples,10.0,0.6284965034965035,TGT|WMT|DG
2018-05-22,exit,oil_exploration,21.0,0.48645104895104896,EOG|APA|FANG
2018-05-22,enter,asset_managers,1.0,0.8417832167832169,KKR|TROW|BX
2018-05-22,enter,biotech,2.0,0.701486013986014,AMGN|ABBV|CRSP
2018-05-22,enter,robotics,3.0,0.701048951048951,HON|TER|DE
2018-05-23,exit,insurance,21.0,0.45891608391608385,AIG|MET|PGR
2018-05-23,exit,asset_managers,22.0,0.4436188811188811,KKR|TROW|BX
2018-05-23,exit,robotics,15.0,0.542395104895105,HON|TER|DE
2018-05-23,enter,business_apps,1.0,0.7757867132867133,INTU|ADBE|ADSK
2018-05-23,enter,defense,2.0,0.763111888111888,BA|RTX|AXON
2018-05-23,enter,aerospace,3.0,0.7290209790209791,BA|HON|RTX
2018-05-24,exit,biotech,24.0,0.45148601398601396,AMGN|ABBV|CRSP
2018-05-24,enter,workflow_software,2.0,0.8098776223776224,HUBS|DOCU|TEAM
2018-05-24,enter,gold,3.0,0.7250874125874126,PAAS|WPM|AEM
2018-05-25,exit,business_apps,14.0,0.5852272727272727,INTU|ADBE|ADSK
2018-05-25,exit,defense,16.0,0.5668706293706294,BA|RTX|AXON
2018-05-25,exit,aerospace,18.0,0.5375874125874125,BA|HON|RTX
2018-05-25,exit,workflow_software,13.0,0.591346153846154,HUBS|DOCU|TEAM
2018-05-25,exit,gold,19.0,0.5358391608391608,PAAS|WPM|AEM
2018-05-25,enter,consumer_internet,1.0,0.7714160839160839,BILI|NFLX|BABA
2018-05-25,enter,semis,2.0,0.7705419580419582,ON|MRVL|MU
2018-05-25,enter,china_internet,3.0,0.7552447552447554,BILI|TCOM|BABA
2018-05-29,exit,semis,12.0,0.6468531468531469,ON|MRVL|MU
2018-05-29,enter,cloud,1.0,0.7714160839160839,DOCU|AMZN|TEAM
2018-05-30,exit,consumer_internet,13.0,0.5817307692307694,BILI|NFLX|BABA
2018-05-30,exit,china_internet,21.0,0.5034965034965035,BILI|TCOM|BABA
2018-05-30,enter,workflow_software,1.0,0.7797202797202798,DOCU|NOW|HUBS
2018-05-30,enter,biotech,2.0,0.7456293706293705,EXAS|CRSP|NTLA
2018-05-30,enter,business_apps,3.0,0.7408216783216784,INTU|DOCU|ADBE
2018-05-31,exit,biotech,14.0,0.638986013986014,EXAS|CRSP|NTLA
2018-05-31,enter,consumer_internet,1.0,0.8413461538461539,SNAP|BILI|EXPE
2018-05-31,enter,ai_apps,2.0,0.819055944055944,SNAP|META|ADBE
2018-05-31,enter,china_internet,3.0,0.7517482517482519,BILI|KWEB|BABA
2018-06-01,exit,cloud,9.0,0.6713286713286714,DOCU|AMZN|TEAM
2018-06-01,exit,workflow_software,16.0,0.5664335664335665,DOCU|NOW|HUBS
2018-06-01,exit,business_apps,10.0,0.6630244755244755,INTU|DOCU|ADBE
2018-06-01,enter,autos,3.0,0.7526223776223776,GM|MCHP|TXN
2018-06-04,exit,autos,12.0,0.652534965034965,GM|MCHP|TXN
2018-06-04,enter,workflow_software,1.0,0.8352272727272727,DOCU|HUBS|NOW
2018-06-04,enter,cloud,2.0,0.8142482517482518,MDB|DOCU|ZS
2018-06-04,enter,business_apps,3.0,0.8076923076923076,DOCU|HUBS|ADBE
2018-06-05,exit,china_internet,10.0,0.6547202797202798,BILI|KWEB|BABA
2018-06-05,exit,cloud,9.0,0.6551573426573427,MDB|DOCU|ZS
2018-06-05,enter,nuclear,2.0,0.7390734265734266,DNN|NXE|UEC
2018-06-05,enter,uranium,3.0,0.7198426573426573,DNN|NXE|UEC
2018-06-06,exit,consumer_internet,14.0,0.6027097902097902,SNAP|BILI|EXPE
2018-06-06,exit,workflow_software,12.0,0.6158216783216783,DOCU|HUBS|NOW
2018-06-06,exit,business_apps,9.0,0.6573426573426573,DOCU|HUBS|ADBE
2018-06-06,exit,nuclear,15.0,0.5882867132867133,DNN|NXE|UEC
2018-06-06,exit,uranium,17.0,0.5791083916083917,DNN|NXE|UEC
2018-06-06,enter,payments,1.0,0.7416958041958043,MA|XYZ|GPN
2018-06-06,enter,dev_tools,2.0,0.7307692307692308,MDB|TEAM|CDNS
2018-06-06,enter,autos,3.0,0.7207167832167831,GM|TSLA|MCHP
2018-06-07,exit,ai_apps,18.0,0.5642482517482518,SNAP|META|ADBE
2018-06-07,exit,dev_tools,32.0,0.32080419580419584,MDB|TEAM|CDNS
2018-06-07,enter,mega_banks,2.0,0.7023601398601399,BAC|AXP|JPM
2018-06-07,enter,cloud,3.0,0.6975524475524476,ZS|DOCU|MDB
2018-06-08,exit,autos,25.0,0.4956293706293706,GM|TSLA|MCHP
2018-06-08,exit,mega_banks,29.0,0.46722027972027963,BAC|AXP|JPM
2018-06-08,enter,china_internet,2.0,0.7521853146853148,BILI|JD|TCOM
2018-06-08,enter,regional_banks,3.0,0.701048951048951,HBAN|KEY|PNC
2018-06-11,exit,payments,31.0,0.26267482517482516,MA|XYZ|GPN
2018-06-11,exit,regional_banks,23.0,0.4436188811188811,HBAN|KEY|PNC
2018-06-11,enter,oil_exploration,2.0,0.7517482517482519,APA|DVN|OXY
2018-06-12,enter,cybersecurity,2.0,0.757867132867133,ZS|AKAM|CHKP
2018-06-13,exit,china_internet,12.0,0.6398601398601399,BILI|JD|TCOM
2018-06-13,enter,consumer_internet,1.0,0.7915209790209791,BILI|DIS|NFLX
2018-06-13,enter,insurance,3.0,0.7294580419580418,AIG|CB|PGR
2018-06-14,exit,oil_exploration,30.0,0.3352272727272727,APA|DVN|OXY
2018-06-14,exit,cybersecurity,10.0,0.6687062937062936,ZS|AKAM|CHKP
2018-06-14,exit,insurance,25.0,0.3907342657342657,AIG|CB|PGR
2018-06-14,enter,china_internet,2.0,0.8037587412587414,BILI|JD|TCOM
2018-06-14,enter,workflow_software,3.0,0.777972027972028,DOCU|NOW|HUBS
2018-06-15,exit,cloud,10.0,0.638548951048951,ZS|DOCU|MDB
2018-06-15,exit,china_internet,14.0,0.6022727272727273,BILI|JD|TCOM
2018-06-15,exit,workflow_software,9.0,0.6429195804195805,DOCU|NOW|HUBS
2018-06-15,enter,medtech,1.0,0.7652972027972029,EW|DXCM|EXAS
2018-06-15,enter,travel,2.0,0.722027972027972,DIS|TCOM|BKNG
2018-06-15,enter,cybersecurity,3.0,0.7137237762237763,AKAM|PANW|ZS
2018-06-18,exit,medtech,18.0,0.5122377622377622,EW|DXCM|EXAS
2018-06-18,exit,travel,22.0,0.4624125874125874,DIS|TCOM|BKNG
2018-06-18,exit,cybersecurity,11.0,0.6547202797202798,AKAM|PANW|ZS
2018-06-18,enter,business_apps,1.0,0.8382867132867133,HUBS|ADSK|DOCU
2018-06-18,enter,ai_apps,2.0,0.8002622377622378,TSLA|HUBS|SNAP
2018-06-18,enter,china_internet,3.0,0.743006993006993,BILI|JD|KWEB
2018-06-19,exit,ai_apps,10.0,0.6127622377622377,TSLA|HUBS|SNAP
2018-06-19,exit,china_internet,31.0,0.3426573426573426,BILI|JD|KWEB
2018-06-19,enter,biotech,2.0,0.7237762237762237,REGN|NTLA|GILD
2018-06-19,enter,consumer,3.0,0.7041083916083916,TXRH|DPZ|DRI
2018-06-20,exit,business_apps,23.0,0.44886363636363635,HUBS|ADSK|DOCU
2018-06-20,exit,consumer,22.0,0.4628496503496503,TXRH|DPZ|DRI
2018-06-20,enter,fintech,1.0,0.7945804195804197,XYZ|INTU|MA
2018-06-20,enter,ai_apps,2.0,0.7805944055944056,META|AXON|HUBS
2018-06-21,exit,consumer_internet,26.0,0.4427447552447552,BILI|DIS|NFLX
2018-06-21,exit,biotech,10.0,0.6424825174825175,REGN|NTLA|GILD
2018-06-21,exit,ai_apps,25.0,0.46853146853146854,META|AXON|HUBS
2018-06-21,enter,consumer,1.0,0.7998251748251748,DRI|DPZ|TXRH
2018-06-21,enter,retail,2.0,0.7854020979020979,KR|COST|DG
2018-06-21,enter,restaurants,3.0,0.7814685314685317,DRI|DPZ|TXRH
2018-06-22,exit,fintech,14.0,0.576048951048951,XYZ|INTU|MA
2018-06-22,exit,retail,10.0,0.6066433566433566,KR|COST|DG
2018-06-22,enter,oil_exploration,1.0,0.7945804195804197,USO|DVN|FANG
2018-06-22,enter,consumer_staples,2.0,0.7622377622377623,KR|DG|WMT
2018-06-25,exit,consumer,10.0,0.6118881118881119,DRI|DPZ|TXRH
2018-06-25,exit,restaurants,14.0,0.5690559440559442,DRI|DPZ|TXRH
2018-06-25,exit,oil_exploration,9.0,0.625,USO|DVN|FANG
2018-06-25,enter,pharma,2.0,0.7862762237762237,NVO|JNJ|BMY
2018-06-25,enter,retail,3.0,0.7486888111888113,WMT|KR|COST
2018-06-26,exit,pharma,9.0,0.6022727272727273,NVO|JNJ|BMY
2018-06-26,exit,retail,11.0,0.5607517482517482,WMT|KR|COST
2018-06-26,enter,oil_exploration,1.0,0.7906468531468532,USO|EOG|DVN
2018-06-26,enter,restaurants,2.0,0.7325174825174825,DRI|TXRH|DPZ
2018-06-26,enter,consumer,3.0,0.7325174825174824,DRI|TXRH|DPZ
2018-06-27,exit,restaurants,11.0,0.5677447552447552,DRI|TXRH|DPZ
2018-06-27,exit,consumer,9.0,0.597027972027972,DRI|TXRH|DPZ
2018-06-27,enter,retail,3.0,0.7263986013986014,WMT|KR|COST
2018-06-28,exit,retail,22.0,0.45104895104895104,WMT|KR|COST
2018-06-28,enter,mega_banks,1.0,0.7325174825174825,C|AXP|WFC
2018-06-28,enter,insurance,2.0,0.6923076923076924,CB|AIG|ALL
2018-06-28,enter,pharma,3.0,0.6503496503496503,BMY|PFE|JNJ
2018-06-29,exit,insurance,12.0,0.5104895104895105,CB|AIG|ALL
2018-06-29,enter,gold,2.0,0.7958916083916083,FNV|AEM|WPM
2018-07-02,exit,consumer_staples,33.0,0.22902097902097907,KR|DG|WMT
2018-07-02,exit,oil_exploration,13.0,0.6031468531468531,USO|EOG|DVN
2018-07-02,exit,pharma,27.0,0.4195804195804196,BMY|PFE|JNJ
2018-07-02,exit,gold,17.0,0.5161713286713286,FNV|AEM|WPM
2018-07-02,enter,cybersecurity,1.0,0.7548076923076924,CHKP|PANW|FTNT
2018-07-02,enter,ai_apps,2.0,0.7150349650349651,CRM|NOW|META
2018-07-02,enter,fintech,3.0,0.6866258741258741,INTU|PYPL|FIS
2018-07-03,exit,mega_banks,21.0,0.46590909090909083,C|AXP|WFC
2018-07-03,exit,ai_apps,26.0,0.3968531468531468,CRM|NOW|META
2018-07-03,exit,fintech,23.0,0.43487762237762234,INTU|PYPL|FIS
2018-07-03,enter,oil_exploration,1.0,0.8382867132867132,USO|DVN|COP
2018-07-03,enter,gold,2.0,0.8229895104895105,FNV|WPM|PAAS
2018-07-03,enter,pharma,3.0,0.7303321678321679,NVO|LLY|BMY
2018-07-05,exit,cybersecurity,13.0,0.6210664335664335,CHKP|PANW|FTNT
2018-07-05,exit,oil_exploration,30.0,0.3378496503496503,USO|DVN|COP
2018-07-05,exit,gold,14.0,0.5961538461538461,FNV|WPM|PAAS
2018-07-05,enter,cloud,1.0,0.7836538461538461,WDAY|DLR|NOW
2018-07-05,enter,business_apps,2.0,0.7805944055944056,WDAY|CRM|DOCU
2018-07-05,enter,workflow_software,3.0,0.777972027972028,WDAY|NOW|CRM
2018-07-06,enter,biotech,1.0,0.7600524475524475,BIIB|REGN|VRTX
2018-07-09,exit,cloud,11.0,0.6398601398601399,WDAY|DLR|NOW
2018-07-09,exit,business_apps,12.0,0.638986013986014,WDAY|CRM|DOCU
2018-07-09,enter,regional_banks,1.0,0.7543706293706294,COF|KEY|FITB
2018-07-09,enter,asset_managers,2.0,0.736888111888112,KKR|BX|GS
2018-07-09,enter,consumer_internet,3.0,0.7224650349650349,NFLX|BIDU|NTES
2018-07-10,exit,workflow_software,31.0,0.340472027972028,WDAY|NOW|CRM
2018-07-10,exit,regional_banks,23.0,0.4405594405594405,COF|KEY|FITB
2018-07-10,exit,asset_managers,22.0,0.4405594405594405,KKR|BX|GS
2018-07-10,exit,consumer_internet,16.0,0.5415209790209791,NFLX|BIDU|NTES
2018-07-10,enter,semis,3.0,0.7744755244755245,MRVL|TER|NVDA
2018-07-11,exit,pharma,22.0,0.5122377622377623,NVO|LLY|BMY
2018-07-11,exit,semis,10.0,0.6813811188811187,MRVL|TER|NVDA
2018-07-11,enter,cloud,1.0,0.8513986013986015,WDAY|NOW|ORCL
2018-07-11,enter,fintech,2.0,0.784527972027972,V|GPN|MA
2018-07-11,enter,payments,3.0,0.784527972027972,V|GPN|MA
2018-07-12,exit,payments,14.0,0.6507867132867133,V|GPN|MA
2018-07-12,enter,dev_tools,2.0,0.7963286713286711,TEAM|MDB|PTC
2018-07-13,exit,fintech,22.0,0.5100524475524475,V|GPN|MA
2018-07-13,exit,dev_tools,9.0,0.6254370629370629,TEAM|MDB|PTC
2018-07-13,enter,defense,1.0,0.8046328671328672,LMT|NOC|KTOS
2018-07-13,enter,aerospace,2.0,0.7451923076923076,LMT|NOC|RTX
2018-07-16,exit,biotech,28.0,0.4694055944055944,BIIB|REGN|VRTX
2018-07-16,enter,mega_banks,2.0,0.8221153846153846,JPM|BAC|GS
2018-07-17,exit,aerospace,15.0,0.6250000000000001,LMT|NOC|RTX
2018-07-17,exit,mega_banks,14.0,0.6346153846153847,JPM|BAC|GS
2018-07-17,enter,cybersecurity,1.0,0.8125000000000001,ZS|OKTA|CHKP
2018-07-17,enter,fintech,2.0,0.8094405594405593,XYZ|INTU|SCHW
2018-07-17,enter,dev_tools,3.0,0.7893356643356644,CDNS|TEAM|MDB
2018-07-18,exit,cloud,22.0,0.4912587412587412,WDAY|NOW|ORCL
2018-07-18,exit,cybersecurity,14.0,0.5961538461538461,ZS|OKTA|CHKP
2018-07-18,exit,dev_tools,15.0,0.5664335664335665,CDNS|TEAM|MDB
2018-07-18,enter,aerospace,2.0,0.8251748251748251,HWM|BA|HEI
2018-07-18,enter,asset_managers,3.0,0.8103146853146853,MS|BX|SCHW
2018-07-19,exit,fintech,9.0,0.6306818181818182,XYZ|INTU|SCHW
2018-07-19,exit,asset_managers,11.0,0.625437062937063,MS|BX|SCHW
2018-07-19,enter,consumer_staples,1.0,0.7753496503496504,PEP|TGT|COST
2018-07-20,exit,aerospace,11.0,0.7023601398601399,HWM|BA|HEI
2018-07-20,exit,consumer_staples,9.0,0.7526223776223776,PEP|TGT|COST
2018-07-20,enter,mega_banks,1.0,0.8312937062937064,BAC|JPM|MS
2018-07-20,enter,regional_banks,2.0,0.8221153846153846,KEY|COF|PNC
2018-07-20,enter,fintech,3.0,0.8024475524475525,XYZ|V|SCHW
2018-07-23,exit,defense,24.0,0.47290209790209786,LMT|NOC|KTOS
2018-07-24,exit,fintech,9.0,0.6700174825174825,XYZ|V|SCHW
2018-07-24,enter,pharma,2.0,0.8090034965034965,TMO|LLY|BMY
2018-07-24,enter,oil_exploration,3.0,0.7460664335664337,FANG|COP|EOG
2018-07-25,exit,regional_banks,23.0,0.4291958041958042,KEY|COF|PNC
2018-07-25,enter,robotics,3.0,0.7207167832167831,ROK|TER|HON
2018-07-26,exit,mega_banks,12.0,0.6022727272727273,BAC|JPM|MS
2018-07-26,exit,oil_exploration,9.0,0.6411713286713288,FANG|COP|EOG
2018-07-26,enter,nuclear,1.0,0.8387237762237763,UUUU|DNN|CCJ
2018-07-26,enter,uranium,2.0,0.8299825174825175,UUUU|DNN|CCJ
2018-07-27,exit,robotics,18.0,0.5620629370629372,ROK|TER|HON
2018-07-27,exit,nuclear,25.0,0.4296328671328671,UUUU|DNN|CCJ
2018-07-27,exit,uranium,21.0,0.5192307692307692,UUUU|DNN|CCJ
2018-07-27,enter,mega_banks,1.0,0.7740384615384615,JPM|AXP|WFC
2018-07-27,enter,cloud,2.0,0.7736013986013985,TEAM|DLR|DOCU
2018-07-30,exit,cloud,27.0,0.3658216783216784,TEAM|DLR|DOCU
2018-07-30,enter,oil_exploration,2.0,0.826486013986014,EOG|COP|FANG
2018-07-30,enter,consumer_staples,3.0,0.7989510489510488,KR|TGT|DLTR
2018-07-31,exit,mega_banks,28.0,0.3308566433566434,JPM|AXP|WFC
2018-07-31,exit,oil_exploration,22.0,0.4431818181818182,EOG|COP|FANG
2018-07-31,enter,robotics,2.0,0.7963286713286714,CGNX|ROK|EMR
2018-07-31,enter,aerospace,3.0,0.7840909090909091,LHX|TDG|HWM
2018-08-01,exit,consumer_staples,16.0,0.555506993006993,KR|TGT|DLTR
2018-08-01,exit,aerospace,11.0,0.6407342657342657,LHX|TDG|HWM
2018-08-01,enter,regional_banks,1.0,0.7364510489510488,HBAN|USB|FITB
2018-08-01,enter,insurance,3.0,0.7215909090909091,AIG|MET|PGR
2018-08-02,exit,robotics,9.0,0.6333041958041958,CGNX|ROK|EMR
2018-08-02,enter,consumer_staples,1.0,0.7631118881118881,KR|PG|TGT
2018-08-03,exit,regional_banks,11.0,0.6280594405594406,HBAN|USB|FITB
2018-08-03,exit,insurance,12.0,0.6118881118881119,AIG|MET|PGR
2018-08-03,enter,nuclear,3.0,0.7727272727272727,UUUU|NXE|UEC
2018-08-06,exit,consumer_staples,22.0,0.5152972027972028,KR|PG|TGT
2018-08-06,enter,business_apps,1.0,0.7666083916083917,DOCU|ADSK|WDAY
2018-08-06,enter,workflow_software,2.0,0.7403846153846153,DOCU|TEAM|WDAY
2018-08-06,enter,dev_tools,3.0,0.6909965034965035,TEAM|MDB|CDNS
2018-08-07,exit,pharma,27.0,0.42875874125874125,TMO|LLY|BMY
2018-08-07,exit,nuclear,16.0,0.5590034965034966,UUUU|NXE|UEC
2018-08-07,exit,business_apps,14.0,0.5769230769230769,DOCU|ADSK|WDAY
2018-08-07,enter,robotics,1.0,0.770104895104895,TSLA|ZBRA|EMR
2018-08-07,enter,payments,2.0,0.7246503496503496,GPN|XYZ|V
2018-08-07,enter,fintech,3.0,0.7229020979020978,V|GPN|XYZ
2018-08-08,exit,dev_tools,15.0,0.5878496503496504,TEAM|MDB|CDNS
2018-08-08,exit,robotics,11.0,0.6210664335664335,TSLA|ZBRA|EMR
2018-08-08,exit,fintech,14.0,0.5913461538461539,V|GPN|XYZ
2018-08-08,enter,restaurants,1.0,0.7513111888111887,CMG|DPZ|YUM
2018-08-08,enter,autos,3.0,0.7097902097902099,TSLA|TXN|MCHP
2018-08-09,exit,payments,13.0,0.5633741258741258,GPN|XYZ|V
2018-08-09,exit,autos,33.0,0.3343531468531468,TSLA|TXN|MCHP
2018-08-09,enter,vertical_software,1.0,0.7583041958041958,LDOS|ADSK|ORCL
2018-08-09,enter,cybersecurity,2.0,0.7521853146853147,OKTA|TENB|PANW
2018-08-09,enter,business_apps,3.0,0.7438811188811187,WDAY|HUBS|CRM
2018-08-10,exit,restaurants,9.0,0.6477272727272727,CMG|DPZ|YUM
2018-08-10,exit,vertical_software,14.0,0.5673076923076923,LDOS|ADSK|ORCL
2018-08-10,enter,dev_tools,1.0,0.7805944055944056,MDB|TEAM|PTC
2018-08-13,exit,cybersecurity,10.0,0.6459790209790209,OKTA|TENB|PANW
2018-08-13,exit,business_apps,21.0,0.5183566433566433,WDAY|HUBS|CRM
2018-08-13,enter,consumer_staples,2.0,0.7290209790209791,DLTR|DG|WMT
2018-08-13,enter,pharma,3.0,0.6927447552447553,MRK|ABBV|XLV
2018-08-14,exit,workflow_software,24.0,0.47596153846153844,DOCU|TEAM|WDAY
2018-08-14,exit,pharma,17.0,0.562062937062937,MRK|ABBV|XLV
2018-08-14,enter,restaurants,1.0,0.805506993006993,DPZ|CMG|YUM
2018-08-14,enter,regional_banks,2.0,0.7679195804195805,TFC|KEY|HBAN
2018-08-14,enter,consumer,3.0,0.7303321678321677,DPZ|YUM|CMG
2018-08-15,exit,dev_tools,11.0,0.5646853146853147,MDB|TEAM|PTC
2018-08-15,exit,regional_banks,19.0,0.5118006993006993,TFC|KEY|HBAN
2018-08-15,enter,pharma,3.0,0.783653846153846,MRK|ABBV|LLY
2018-08-16,exit,consumer,9.0,0.6468531468531469,DPZ|YUM|CMG
2018-08-16,enter,biotech,3.0,0.7395104895104896,ABBV|AMGN|CRSP
2018-08-17,exit,restaurants,10.0,0.6206293706293706,DPZ|CMG|YUM
2018-08-17,exit,biotech,13.0,0.5725524475524475,ABBV|AMGN|CRSP
2018-08-17,enter,defense,3.0,0.7434440559440558,LMT|LDOS|RTX
2018-08-20,enter,insurance,1.0,0.7871503496503497,PGR|TRV|MET
2018-08-20,enter,asset_managers,3.0,0.7355769230769231,BX|GS|SCHW
2018-08-21,exit,consumer_staples,9.0,0.6625874125874126,DLTR|DG|WMT
2018-08-21,exit,pharma,14.0,0.5804195804195804,MRK|ABBV|LLY
2018-08-21,exit,asset_managers,18.0,0.555506993006993,BX|GS|SCHW
2018-08-21,enter,aerospace,2.0,0.7753496503496504,BA|HWM|HEI
2018-08-21,enter,mega_banks,3.0,0.7495629370629371,AXP|GS|WFC
2018-08-22,exit,defense,17.0,0.5305944055944056,LMT|LDOS|RTX
2018-08-22,exit,insurance,29.0,0.375,PGR|TRV|MET
2018-08-22,exit,aerospace,18.0,0.5174825174825175,BA|HWM|HEI
2018-08-22,exit,mega_banks,10.0,0.5834790209790209,AXP|GS|WFC
2018-08-22,enter,oil_exploration,1.0,0.8046328671328672,COP|USO|FANG
2018-08-22,enter,business_apps,2.0,0.75,ADSK|DOCU|HUBS
2018-08-22,enter,cybersecurity,3.0,0.7486888111888111,ZS|PANW|GEN
2018-08-23,exit,oil_exploration,16.0,0.5314685314685315,COP|USO|FANG
2018-08-23,enter,workflow_software,1.0,0.8522727272727274,DOCU|TEAM|HUBS
2018-08-23,enter,cloud,3.0,0.7849650349650349,ZS|DOCU|TEAM
2018-08-24,exit,cybersecurity,9.0,0.6486013986013985,ZS|PANW|GEN
2018-08-27,exit,business_apps,9.0,0.6538461538461539,ADSK|DOCU|HUBS
2018-08-27,exit,cloud,12.0,0.631993006993007,ZS|DOCU|TEAM
2018-08-27,enter,biotech,1.0,0.7705419580419579,ALNY|EXAS|NTLA
2018-08-27,enter,dev_tools,2.0,0.7609265734265735,TEAM|PTC|MDB
2018-08-27,enter,consumer_internet,3.0,0.7312062937062936,NFLX|GOOGL|AMZN
2018-08-28,exit,consumer_internet,14.0,0.5812937062937064,NFLX|GOOGL|AMZN
2018-08-28,enter,business_apps,1.0,0.8435314685314687,DOCU|CRM|WDAY
2018-08-29,exit,biotech,9.0,0.6993006993006993,ALNY|EXAS|NTLA
2018-08-29,enter,fintech,3.0,0.7757867132867132,XYZ|PYPL|MA
2018-08-30,exit,workflow_software,9.0,0.6756993006993007,DOCU|TEAM|HUBS
2018-08-30,enter,biotech,1.0,0.8203671328671328,NTLA|REGN|ALNY
2018-08-30,enter,consumer_internet,2.0,0.7683566433566434,AMZN|NFLX|BILI
2018-08-30,enter,ai_infrastructure,3.0,0.7552447552447553,TSM|AMD|MU
2018-08-31,exit,business_apps,18.0,0.5541958041958042,DOCU|CRM|WDAY
2018-08-31,exit,consumer_internet,11.0,0.6442307692307692,AMZN|NFLX|BILI
2018-08-31,exit,ai_infrastructure,10.0,0.6486013986013985,TSM|AMD|MU
2018-08-31,enter,payments,2.0,0.7447552447552447,MA|XYZ|GPN
2018-08-31,enter,china_internet,3.0,0.7067307692307694,BILI|PDD|BIDU
2018-09-04,exit,biotech,13.0,0.6346153846153847,NTLA|REGN|ALNY
2018-09-04,exit,china_internet,32.0,0.3181818181818182,BILI|PDD|BIDU
2018-09-05,exit,dev_tools,19.0,0.47596153846153844,TEAM|PTC|MDB
2018-09-05,exit,fintech,14.0,0.6472902097902098,XYZ|PYPL|MA
2018-09-05,exit,payments,11.0,0.6896853146853147,MA|XYZ|GPN
2018-09-05,enter,consumer_staples,1.0,0.8199300699300699,MDLZ|DG|COST
2018-09-05,enter,insurance,2.0,0.7770979020979022,ALL|PGR|TRV
2018-09-05,enter,pharma,3.0,0.7770979020979021,BMY|JNJ|XLV
2018-09-06,exit,insurance,12.0,0.5847902097902097,ALL|PGR|TRV
2018-09-06,exit,pharma,11.0,0.6000874125874126,BMY|JNJ|XLV
2018-09-06,enter,defense,1.0,0.798951048951049,LMT|KTOS|AXON
2018-09-06,enter,restaurants,2.0,0.7902097902097902,TXRH|YUM|DRI
2018-09-06,enter,medtech,3.0,0.7753496503496503,JNJ|SYK|BSX
2018-09-07,exit,consumer_staples,9.0,0.632867132867133,MDLZ|DG|COST
2018-09-07,enter,pharma,2.0,0.7692307692307692,JNJ|LLY|MRK
2018-09-07,enter,consumer,3.0,0.7679195804195803,TXRH|SBUX|DRI
2018-09-10,exit,medtech,12.0,0.6687062937062936,JNJ|SYK|BSX
2018-09-10,exit,pharma,17.0,0.6162587412587414,JNJ|LLY|MRK
2018-09-10,exit,consumer,9.0,0.6953671328671328,TXRH|SBUX|DRI
2018-09-10,enter,consumer_staples,1.0,0.8006993006993007,COST|DG|MCD
2018-09-10,enter,dev_tools,2.0,0.7819055944055944,MDB|PTC|CDNS
2018-09-11,exit,defense,9.0,0.6634615384615384,LMT|KTOS|AXON
2018-09-11,exit,restaurants,17.0,0.5957167832167832,TXRH|YUM|DRI
2018-09-11,enter,fintech,1.0,0.7263986013986015,XYZ|FIS|INTU
2018-09-11,enter,payments,2.0,0.7167832167832168,AXP|XYZ|FIS
2018-09-11,enter,ai_apps,3.0,0.6940559440559442,HUBS|AXON|ADBE
2018-09-12,exit,consumer_staples,24.0,0.4619755244755245,COST|DG|MCD
2018-09-12,exit,fintech,14.0,0.6193181818181818,XYZ|FIS|INTU
2018-09-12,exit,ai_apps,10.0,0.6468531468531468,HUBS|AXON|ADBE
2018-09-12,enter,cybersecurity,1.0,0.7242132867132868,TENB|OKTA|FTNT
2018-09-12,enter,gold,2.0,0.7141608391608393,FNV|GLD|AEM
2018-09-12,enter,uranium,3.0,0.6822552447552447,DNN|NXE|UEC
2018-09-13,exit,dev_tools,15.0,0.5939685314685313,MDB|PTC|CDNS
2018-09-13,exit,payments,21.0,0.5388986013986014,AXP|XYZ|FIS
2018-09-13,exit,cybersecurity,12.0,0.6070804195804195,TENB|OKTA|FTNT
2018-09-13,exit,gold,27.0,0.375,FNV|GLD|AEM
2018-09-13,exit,uranium,10.0,0.6293706293706295,DNN|NXE|UEC
2018-09-13,enter,china_internet,1.0,0.7810314685314684,PDD|BILI|NTES
2018-09-13,enter,pharma,2.0,0.7298951048951049,TMO|AMGN|PFE
2018-09-13,enter,business_apps,3.0,0.7115384615384616,CRM|HUBS|MSFT
2018-09-14,exit,china_internet,9.0,0.6118881118881119,PDD|BILI|NTES
2018-09-14,exit,pharma,30.0,0.3741258741258741,TMO|AMGN|PFE
2018-09-14,enter,oil_exploration,1.0,0.8033216783216782,APA|FANG|COP
2018-09-14,enter,asset_managers,2.0,0.7709790209790209,KKR|BX|SCHW
2018-09-14,enter,aerospace,3.0,0.7626748251748252,TDG|RTX|HWM
2018-09-17,exit,business_apps,17.0,0.499100164541341,CRM|HUBS|MSFT
2018-09-17,enter,gold,3.0,0.7517482517482517,FNV|GOLD|WPM
2018-09-18,enter,nuclear,2.0,0.756118881118881,NXE|DNN|UUUU
2018-09-18,enter,uranium,3.0,0.7447552447552447,NXE|DNN|UUUU
2018-09-19,exit,gold,12.0,0.5738636363636364,FNV|GOLD|WPM
2018-09-19,exit,nuclear,10.0,0.6166958041958043,NXE|DNN|UUUU
2018-09-19,exit,uranium,9.0,0.6337412587412588,NXE|DNN|UUUU
2018-09-19,enter,mega_banks,1.0,0.805944055944056,C|JPM|MS
2018-09-20,exit,oil_exploration,10.0,0.5895979020979022,APA|FANG|COP
2018-09-20,exit,aerospace,16.0,0.5104895104895105,TDG|RTX|HWM
2018-09-20,enter,insurance,3.0,0.7836538461538461,MET|TRV|CB
2018-09-21,exit,mega_banks,14.0,0.5655594405594405,C|JPM|MS
2018-09-21,enter,oil_exploration,1.0,0.8164335664335663,COP|OXY|USO
2018-09-21,enter,pharma,2.0,0.730769230769231,AMGN|BMY|JNJ
2018-09-24,exit,insurance,9.0,0.5773601398601398,MET|TRV|CB
2018-09-24,exit,pharma,14.0,0.5222902097902098,AMGN|BMY|JNJ
2018-09-24,enter,medtech,2.0,0.7954545454545454,EW|BSX|SYK
2018-09-24,enter,cybersecurity,3.0,0.7211538461538461,GEN|TENB|PANW
2018-09-25,exit,asset_managers,9.0,0.6577797202797202,KKR|BX|SCHW
2018-09-25,enter,workflow_software,3.0,0.7045454545454547,NOW|CRM|TEAM
2018-09-26,exit,oil_exploration,18.0,0.5935314685314687,COP|OXY|USO
2018-09-26,exit,workflow_software,13.0,0.6298076923076924,NOW|CRM|TEAM
2018-09-26,enter,consumer_internet,2.0,0.7631118881118882,DIS|NFLX|NTES
2018-09-26,enter,pharma,3.0,0.7456293706293706,GILD|XLV|BMY
2018-09-27,exit,cybersecurity,11.0,0.6175699300699301,GEN|TENB|PANW
2018-09-27,exit,consumer_internet,13.0,0.6057692307692308,DIS|NFLX|NTES
2018-09-27,enter,oil_exploration,1.0,0.7740384615384616,EOG|APA|FANG
2018-09-27,enter,defense,3.0,0.7290209790209791,NOC|LMT|LHX
2018-09-28,exit,pharma,16.0,0.5673076923076923,GILD|XLV|BMY
2018-09-28,enter,dev_tools,3.0,0.7154720279720279,TEAM|PTC|MDB
2018-10-01,exit,defense,9.0,0.6402972027972029,NOC|LMT|LHX
2018-10-01,exit,dev_tools,30.0,0.3693181818181818,TEAM|PTC|MDB
2018-10-01,enter,pharma,2.0,0.7399475524475525,GILD|TMO|XLV
2018-10-01,enter,aerospace,3.0,0.7202797202797203,BA|NOC|LMT
2018-10-02,exit,medtech,26.0,0.4025349650349651,EW|BSX|SYK
2018-10-02,exit,oil_exploration,10.0,0.5979020979020978,EOG|APA|FANG
2018-10-02,enter,gold,2.0,0.7897727272727273,FNV|AEM|GLD
2018-10-02,enter,nuclear,3.0,0.7792832167832169,VST|CCJ|UUUU
2018-10-03,exit,gold,11.0,0.5611888111888113,FNV|AEM|GLD
2018-10-03,enter,oil_exploration,1.0,0.8317307692307692,USO|FANG|EOG
2018-10-03,enter,uranium,2.0,0.7425699300699301,CCJ|UUUU|NXE
2018-10-03,enter,regional_banks,3.0,0.7312062937062936,COF|FITB|USB
2018-10-04,exit,oil_exploration,13.0,0.5734265734265734,USO|FANG|EOG
2018-10-05,exit,uranium,9.0,0.590034965034965,CCJ|UUUU|NXE
2018-10-05,enter,oil_exploration,3.0,0.7333916083916083,EOG|COP|USO
2018-10-08,exit,nuclear,19.0,0.4660890580008227,VST|CCJ|UUUU
2018-10-08,exit,oil_exploration,17.0,0.48318593171534346,EOG|COP|USO
2018-10-08,enter,insurance,2.0,0.7841166186754422,CB|AIG|PGR
2018-10-09,exit,aerospace,14.0,0.5611888111888113,BA|NOC|LMT
2018-10-09,exit,regional_banks,10.0,0.6083916083916083,COF|FITB|USB
2018-10-09,enter,restaurants,1.0,0.756118881118881,SBUX|MCD|YUM
2018-10-09,enter,oil_exploration,2.0,0.7386363636363636,APA|EOG|COP
2018-10-10,exit,oil_exploration,25.0,0.4357517482517482,APA|EOG|COP
2018-10-10,enter,consumer_staples,1.0,0.7775349650349651,WMT|DLTR|MCD
2018-10-10,enter,gold,2.0,0.7145979020979022,WPM|GLD|NEM
2018-10-11,exit,insurance,23.0,0.43400349650349657,CB|AIG|PGR
2018-10-11,exit,restaurants,12.0,0.5533216783216783,SBUX|MCD|YUM
2018-10-12,exit,gold,16.0,0.5668706293706294,WPM|GLD|NEM
2018-10-12,enter,china_internet,1.0,0.7303321678321677,TCOM|BILI|JD
2018-10-12,enter,travel,2.0,0.7259615384615384,TCOM|HLT|DIS
2018-10-12,enter,consumer_internet,3.0,0.7128496503496503,NTES|BILI|BIDU
2018-10-15,exit,pharma,13.0,0.5340909090909091,GILD|TMO|XLV
2018-10-15,exit,china_internet,12.0,0.5402097902097902,TCOM|BILI|JD
2018-10-15,enter,gold,1.0,0.7941433566433568,AEM|FNV|GLD
2018-10-15,enter,consumer,3.0,0.6621503496503497,SBUX|TXRH|DPZ
2018-10-16,exit,consumer_staples,14.0,0.5681818181818181,WMT|DLTR|MCD
2018-10-16,exit,travel,24.0,0.44624125874125875,TCOM|HLT|DIS
2018-10-16,exit,consumer_internet,11.0,0.5751748251748251,NTES|BILI|BIDU
2018-10-16,exit,gold,17.0,0.5581293706293706,AEM|FNV|GLD
2018-10-16,exit,consumer,27.0,0.3793706293706294,SBUX|TXRH|DPZ
2018-10-16,enter,medtech,1.0,0.7862762237762237,BSX|SYK|DXCM
2018-10-16,enter,workflow_software,2.0,0.7325174825174827,NOW|DOCU|WDAY
2018-10-16,enter,biotech,3.0,0.7272727272727273,REGN|GILD|CRSP
2018-10-17,exit,biotech,18.0,0.5699300699300699,REGN|GILD|CRSP
2018-10-17,enter,cloud,1.0,0.7150349650349651,NOW|WDAY|ZS
2018-10-17,enter,mega_banks,2.0,0.6936188811188813,GS|MS|WFC
2018-10-17,enter,business_apps,3.0,0.6927447552447554,WDAY|ADBE|INTU
2018-10-18,exit,workflow_software,12.0,0.611451048951049,NOW|DOCU|WDAY
2018-10-18,exit,mega_banks,17.0,0.5668706293706295,GS|MS|WFC
2018-10-18,exit,business_apps,9.0,0.6215034965034965,WDAY|ADBE|INTU
2018-10-18,enter,data_centers,1.0,0.7049825174825175,DLR|NTAP|WDC
2018-10-18,enter,pharma,3.0,0.6861888111888113,MRK|JNJ|LLY
2018-10-19,exit,medtech,21.0,0.47071678321678323,BSX|SYK|DXCM
2018-10-19,exit,cloud,14.0,0.5402097902097902,NOW|WDAY|ZS
2018-10-19,exit,pharma,11.0,0.6263111888111889,MRK|JNJ|LLY
2018-10-19,enter,consumer_staples,1.0,0.7888986013986015,PG|PEP|DG
2018-10-19,enter,mega_banks,2.0,0.7836538461538461,AXP|MS|GS
2018-10-19,enter,insurance,3.0,0.7805944055944056,PGR|ALL|TRV
2018-10-22,exit,mega_banks,15.0,0.5847902097902098,AXP|MS|GS
2018-10-22,exit,insurance,20.0,0.5310314685314687,PGR|ALL|TRV
2018-10-22,enter,business_apps,1.0,0.7670454545454544,ADBE|MSFT|ORCL
2018-10-22,enter,payments,2.0,0.7416958041958043,PYPL|AXP|FIS
2018-10-22,enter,vertical_software,3.0,0.7320804195804197,CDNS|LDOS|ORCL
2018-10-23,exit,data_centers,10.0,0.6354895104895104,DLR|NTAP|WDC
2018-10-23,exit,business_apps,30.0,0.3715034965034965,ADBE|MSFT|ORCL
2018-10-23,exit,payments,11.0,0.6341783216783217,PYPL|AXP|FIS
2018-10-23,enter,autos,3.0,0.7124125874125874,TSLA|TM|F
2018-10-24,exit,vertical_software,13.0,0.5729895104895105,CDNS|LDOS|ORCL
2018-10-24,exit,autos,14.0,0.5708041958041958,TSLA|TM|F
2018-10-24,enter,data_centers,2.0,0.7701048951048951,DLR|EQIX|CSCO
2018-10-24,enter,restaurants,3.0,0.7325174825174825,MCD|SBUX|CMG
2018-10-25,exit,restaurants,10.0,0.6573426573426573,MCD|SBUX|CMG
2018-10-25,enter,ai_apps,1.0,0.7661713286713286,TSLA|GOOGL|ADBE
2018-10-25,enter,payments,2.0,0.7207167832167832,PYPL|V|AXP
2018-10-26,exit,data_centers,33.0,0.2980769230769231,DLR|EQIX|CSCO
2018-10-26,exit,payments,28.0,0.43881118881118886,PYPL|V|AXP
2018-10-26,enter,autos,1.0,0.7626748251748252,TSLA|F|GM
2018-10-26,enter,travel,3.0,0.7198426573426575,EXPE|MAR|BKNG
2018-10-29,exit,ai_apps,17.0,0.5952797202797202,TSLA|GOOGL|ADBE
2018-10-29,enter,regional_banks,3.0,0.8286713286713288,FITB|TFC|HBAN
2018-10-30,exit,autos,13.0,0.6245629370629371,TSLA|F|GM
2018-10-30,enter,asset_managers,3.0,0.7451923076923077,BLK|SCHW|GS
2018-10-31,exit,consumer_staples,31.0,0.36888111888111885,PG|PEP|DG
2018-10-31,exit,regional_banks,9.0,0.6652097902097902,FITB|TFC|HBAN
2018-10-31,enter,workflow_software,3.0,0.7172202797202798,WDAY|HUBS|NOW
2018-11-01,exit,workflow_software,13.0,0.5983391608391608,WDAY|HUBS|NOW
2018-11-01,enter,biotech,1.0,0.8291083916083916,EXAS|ALNY|CRSP
2018-11-01,enter,semis,2.0,0.8002622377622377,ON|MPWR|MCHP
2018-11-02,exit,travel,19.0,0.5109265734265734,EXPE|MAR|BKNG
2018-11-02,exit,asset_managers,12.0,0.569493006993007,BLK|SCHW|GS
2018-11-02,exit,biotech,10.0,0.5926573426573427,EXAS|ALNY|CRSP
2018-11-02,enter,nuclear,1.0,0.8142482517482519,UUUU|VST|NXE
2018-11-02,enter,uranium,2.0,0.756555944055944,UUUU|NXE|CCJ
2018-11-02,enter,mega_banks,3.0,0.6647727272727273,GS|MS|JPM
2018-11-05,exit,semis,13.0,0.5777972027972028,ON|MPWR|MCHP
2018-11-05,exit,mega_banks,27.0,0.4270104895104896,GS|MS|JPM
2018-11-05,enter,defense,3.0,0.680944055944056,TDG|AXON|HWM
2018-11-06,exit,nuclear,9.0,0.6420454545454546,UUUU|VST|NXE
2018-11-06,exit,uranium,11.0,0.631993006993007,UUUU|NXE|CCJ
2018-11-06,enter,robotics,2.0,0.7325174825174825,ZBRA|CGNX|ROK
2018-11-06,enter,aerospace,3.0,0.7303321678321677,TDG|HEI|HWM
2018-11-07,exit,defense,12.0,0.5922202797202798,TDG|AXON|HWM
2018-11-07,exit,robotics,16.0,0.5432692307692307,ZBRA|CGNX|ROK
2018-11-07,exit,aerospace,21.0,0.5113636363636364,TDG|HEI|HWM
2018-11-07,enter,biotech,1.0,0.75,CRSP|ABBV|NTLA
2018-11-07,enter,cybersecurity,2.0,0.7285839160839161,ZS|GEN|OKTA
2018-11-07,enter,medtech,3.0,0.6979895104895105,DXCM|TMO|EW
2018-11-08,exit,biotech,24.0,0.4527972027972028,CRSP|ABBV|NTLA
2018-11-08,enter,insurance,1.0,0.7801573426573428,MET|PGR|TRV
2018-11-08,enter,restaurants,3.0,0.7224650349650349,SBUX|DRI|MCD
2018-11-09,exit,insurance,11.0,0.6722027972027972,MET|PGR|TRV
2018-11-09,enter,pharma,1.0,0.8094405594405594,ABBV|LLY|PFE
2018-11-09,enter,consumer_staples,2.0,0.7749125874125874,PEP|CL|MDLZ
2018-11-09,enter,defense,3.0,0.7744755244755246,KTOS|LMT|LDOS
2018-11-12,exit,defense,13.0,0.5856643356643356,KTOS|LMT|LDOS
2018-11-12,enter,consumer,3.0,0.7884615384615385,DRI|CMG|SBUX
2018-11-13,exit,cybersecurity,13.0,0.5786713286713288,ZS|GEN|OKTA
2018-11-13,exit,restaurants,16.0,0.5611888111888113,SBUX|DRI|MCD
2018-11-13,exit,consumer,14.0,0.576486013986014,DRI|CMG|SBUX
2018-11-13,enter,business_apps,1.0,0.7500000000000001,ORCL|INTU|WDAY
2018-11-13,enter,regional_banks,2.0,0.743006993006993,PNC|TFC|USB
2018-11-13,enter,mega_banks,3.0,0.7023601398601399,AXP|WFC|JPM
2018-11-14,exit,medtech,11.0,0.6236888111888111,DXCM|TMO|EW
2018-11-14,exit,business_apps,31.0,0.3076923076923077,ORCL|INTU|WDAY
2018-11-14,exit,mega_banks,15.0,0.5777972027972028,AXP|WFC|JPM
2018-11-14,enter,gold,1.0,0.8072552447552449,NEM|FNV|GLD
2018-11-14,enter,restaurants,3.0,0.7473776223776224,DRI|YUM|CMG
2018-11-15,exit,consumer_staples,12.0,0.5659965034965035,PEP|CL|MDLZ
2018-11-15,exit,gold,15.0,0.5454545454545454,NEM|FNV|GLD
2018-11-15,exit,restaurants,23.0,0.46110139860139865,DRI|YUM|CMG
2018-11-15,enter,semis,2.0,0.8037587412587414,MCHP|AMAT|ON
2018-11-15,enter,ai_infrastructure,3.0,0.7486888111888111,DELL|AMAT|TSM
2018-11-16,exit,regional_banks,11.0,0.6153846153846154,PNC|TFC|USB
2018-11-16,enter,gold,2.0,0.7469405594405594,NEM|AEM|FNV
2018-11-16,enter,vertical_software,3.0,0.6678321678321679,ORCL|PTC|LDOS
2018-11-19,exit,semis,11.0,0.6241258741258742,MCHP|AMAT|ON
2018-11-19,exit,ai_infrastructure,13.0,0.5734265734265734,DELL|AMAT|TSM
2018-11-19,exit,vertical_software,26.0,0.4191433566433566,ORCL|PTC|LDOS
2018-11-19,enter,autos,1.0,0.7486888111888111,TSLA|TM|MCHP
2018-11-19,enter,oil_exploration,3.0,0.7119755244755245,FANG|EOG|COP
2018-11-20,exit,oil_exploration,9.0,0.5961538461538461,FANG|EOG|COP
2018-11-20,enter,semis,1.0,0.8365384615384616,AMAT|TER|TXN
2018-11-20,enter,ai_infrastructure,3.0,0.7473776223776224,AMAT|DELL|KLAC
2018-11-21,exit,pharma,15.0,0.5034965034965034,ABBV|LLY|PFE
2018-11-21,exit,autos,21.0,0.4532342657342657,TSLA|TM|MCHP
2018-11-21,exit,ai_infrastructure,29.0,0.36101398601398593,AMAT|DELL|KLAC
2018-11-21,enter,china_internet,1.0,0.8937937062937064,BILI|PDD|NTES
2018-11-21,enter,oil_exploration,2.0,0.7591783216783217,EOG|OXY|COP
2018-11-23,exit,semis,20.0,0.49519230769230765,AMAT|TER|TXN
2018-11-23,exit,china_internet,14.0,0.5502622377622377,BILI|PDD|NTES
2018-11-23,exit,oil_exploration,32.0,0.31512237762237766,EOG|OXY|COP
2018-11-23,enter,pharma,1.0,0.7132867132867132,NVO|AMGN|LLY
2018-11-23,enter,biotech,2.0,0.6761363636363636,AMGN|BIIB|REGN
2018-11-23,enter,autos,3.0,0.6713286713286712,TM|ON|MCHP
2018-11-26,exit,gold,33.0,0.27360139860139865,NEM|AEM|FNV
2018-11-26,exit,pharma,13.0,0.5472027972027972,NVO|AMGN|LLY
2018-11-26,enter,asset_managers,2.0,0.7591783216783217,BX|BLK|MS
2018-11-26,enter,mega_banks,3.0,0.7513111888111889,AXP|WFC|JPM
2018-11-27,exit,autos,25.0,0.44536713286713286,TM|ON|MCHP
2018-11-27,exit,asset_managers,23.0,0.45061188811188807,BX|BLK|MS
2018-11-27,exit,mega_banks,22.0,0.46503496503496505,AXP|WFC|JPM
2018-11-27,enter,medtech,1.0,0.7644230769230769,TMO|MDT|EW
2018-11-27,enter,business_apps,2.0,0.7569930069930072,ADSK|WDAY|MSFT
2018-11-27,enter,china_internet,3.0,0.7342657342657343,BILI|BABA|PDD
2018-11-28,exit,biotech,10.0,0.6525349650349651,AMGN|BIIB|REGN
2018-11-28,exit,china_internet,14.0,0.6088286713286714,BILI|BABA|PDD
2018-11-28,enter,workflow_software,2.0,0.722465034965035,CRM|WDAY|TEAM
2018-11-28,enter,cloud,3.0,0.6962412587412588,WDAY|TEAM|MDB
2018-11-29,enter,cybersecurity,1.0,0.8076923076923077,OKTA|TENB|ZS
2018-11-29,enter,biotech,3.0,0.7840909090909091,EXAS|CRSP|AMGN
2018-11-30,exit,business_apps,10.0,0.7049825174825175,ADSK|WDAY|MSFT
2018-11-30,exit,cybersecurity,14.0,0.638986013986014,OKTA|TENB|ZS
2018-11-30,enter,pharma,3.0,0.7674825174825173,AMGN|PFE|ABBV
2018-12-03,exit,cloud,11.0,0.6363636363636364,WDAY|TEAM|MDB
2018-12-03,exit,biotech,9.0,0.6656468531468532,EXAS|CRSP|AMGN
2018-12-03,exit,pharma,23.0,0.40734265734265734,AMGN|PFE|ABBV
2018-12-03,enter,dev_tools,1.0,0.8395979020979021,TEAM|PTC|MDB
2018-12-03,enter,robotics,3.0,0.7609265734265733,CGNX|CAT|DE
2018-12-04,enter,ai_apps,2.0,0.7478146853146852,TSLA|CRM|NOW
2018-12-04,enter,cybersecurity,3.0,0.6975524475524475,OKTA|ZS|FTNT
2018-12-06,exit,dev_tools,14.0,0.6057692307692308,TEAM|PTC|MDB
2018-12-06,exit,robotics,16.0,0.548513986013986,CGNX|CAT|DE
2018-12-06,enter,cloud,1.0,0.8103146853146852,ZS|MDB|WDAY
2018-12-06,enter,business_apps,2.0,0.7849650349650349,WDAY|INTU|CRM
2018-12-07,exit,medtech,27.0,0.42001748251748255,TMO|MDT|EW
2018-12-07,exit,workflow_software,9.0,0.6013986013986015,CRM|WDAY|TEAM
2018-12-07,exit,business_apps,17.0,0.5231643356643357,WDAY|INTU|CRM
2018-12-07,enter,gold,1.0,0.7958916083916084,AEM|FNV|WPM
2018-12-07,enter,oil_exploration,3.0,0.6905594405594406,EOG|COP|USO
2018-12-10,exit,oil_exploration,23.0,0.4501748251748252,EOG|COP|USO
2018-12-10,enter,defense,2.0,0.7613636363636364,KTOS|NOC|LMT
2018-12-11,exit,defense,10.0,0.5843531468531469,KTOS|NOC|LMT
2018-12-11,enter,consumer_staples,1.0,0.783653846153846,CL|KO|PG
2018-12-11,enter,pharma,2.0,0.7722902097902098,JNJ|NVO|MRK
2018-12-12,exit,cloud,11.0,0.6446678321678323,ZS|MDB|WDAY
2018-12-12,exit,gold,13.0,0.6166958041958043,AEM|FNV|WPM
2018-12-12,exit,consumer_staples,14.0,0.5996503496503497,CL|KO|PG
2018-12-12,exit,pharma,20.0,0.527972027972028,JNJ|NVO|MRK
2018-12-12,enter,fintech,2.0,0.7180944055944056,PYPL|FIS|INTU
2018-12-12,enter,payments,3.0,0.6962412587412588,PYPL|FIS|MA
2018-12-13,exit,cybersecurity,33.0,0.305506993006993,OKTA|ZS|FTNT
2018-12-13,exit,fintech,22.0,0.44405594405594406,PYPL|FIS|INTU
2018-12-13,exit,payments,26.0,0.41477272727272735,PYPL|FIS|MA
2018-12-13,enter,consumer_staples,1.0,0.763986013986014,PG|CL|PEP
2018-12-13,enter,gold,3.0,0.7036713286713286,AEM|NEM|FNV
2018-12-14,exit,ai_apps,9.0,0.6293706293706294,TSLA|CRM|NOW
2018-12-14,enter,china_internet,1.0,0.7312062937062936,PDD|NTES|BILI
2018-12-14,enter,retail,2.0,0.7202797202797203,PDD|DLTR|KR
2018-12-14,enter,dev_tools,3.0,0.7102272727272727,MDB|TEAM|CDNS
2018-12-17,exit,china_internet,11.0,0.5638111888111889,PDD|NTES|BILI
2018-12-17,exit,dev_tools,20.0,0.4466783216783218,MDB|TEAM|CDNS
2018-12-17,enter,insurance,2.0,0.6997377622377623,MET|AIG|CB
2018-12-17,enter,aerospace,3.0,0.6726398601398601,LHX|GE|TDG
2018-12-18,exit,consumer_staples,19.0,0.514423076923077,PG|CL|PEP
2018-12-18,exit,retail,15.0,0.5751748251748251,PDD|DLTR|KR
2018-12-18,exit,aerospace,14.0,0.5852272727272727,LHX|GE|TDG
2018-12-18,enter,semis,2.0,0.7255244755244755,AVGO|MRVL|QCOM
2018-12-18,enter,vertical_software,3.0,0.7159090909090909,ORCL|CDNS|ADSK
2018-12-19,exit,gold,9.0,0.6621503496503496,AEM|NEM|FNV
2018-12-19,exit,semis,26.0,0.40603146853146854,AVGO|MRVL|QCOM
2018-12-19,enter,aerospace,1.0,0.7600524475524475,GE|HEI|HON
2018-12-19,enter,restaurants,3.0,0.7377622377622377,YUM|MCD|SBUX
2018-12-20,exit,vertical_software,16.0,0.5406468531468531,ORCL|CDNS|ADSK
2018-12-20,exit,aerospace,19.0,0.5249125874125874,GE|HEI|HON
2018-12-20,exit,restaurants,18.0,0.5310314685314685,YUM|MCD|SBUX
2018-12-20,enter,gold,1.0,0.8256118881118881,GLD|WPM|AEM
2018-12-20,enter,mega_banks,2.0,0.7456293706293706,MS|BAC|JPM
2018-12-20,enter,asset_managers,3.0,0.7368881118881119,MS|BLK|SCHW
2018-12-21,exit,mega_banks,10.0,0.6184440559440558,MS|BAC|JPM
2018-12-21,exit,asset_managers,9.0,0.6219405594405594,MS|BLK|SCHW
2018-12-21,enter,pharma,2.0,0.7307692307692308,ABBV|LLY|PFE
2018-12-21,enter,consumer_staples,3.0,0.7207167832167831,KO|PEP|MCD
2018-12-24,enter,asset_managers,2.0,0.7674825174825176,BX|BLK|SCHW
2018-12-24,enter,travel,3.0,0.7268356643356644,TCOM|HLT|BKNG
2018-12-26,exit,gold,26.0,0.39903846153846156,GLD|WPM|AEM
2018-12-26,exit,travel,10.0,0.6223776223776223,TCOM|HLT|BKNG
2018-12-27,exit,consumer_staples,19.0,0.5524475524475525,KO|PEP|MCD
2018-12-27,enter,regional_banks,3.0,0.7180944055944056,FITB|TFC|KEY
2018-12-28,exit,insurance,27.0,0.4195804195804196,MET|AIG|CB
2018-12-28,exit,pharma,9.0,0.6774475524475525,ABBV|LLY|PFE
2018-12-28,exit,asset_managers,15.0,0.5821678321678321,BX|BLK|SCHW
2018-12-28,exit,regional_banks,24.0,0.4571678321678322,FITB|TFC|KEY
2018-12-28,enter,retail,1.0,0.8190559440559442,JD|DG|WMT
2018-12-28,enter,china_internet,2.0,0.763548951048951,JD|TME|TCOM
2018-12-28,enter,workflow_software,3.0,0.7416958041958042,TEAM|NOW|CRM
2018-12-31,exit,retail,17.0,0.5437062937062936,JD|DG|WMT
2018-12-31,exit,china_internet,34.0,0.26748251748251745,JD|TME|TCOM
2018-12-31,enter,biotech,1.0,0.8444055944055943,NTLA|CRSP|ABBV
2018-12-31,enter,dev_tools,2.0,0.7827797202797202,TEAM|MDB|CDNS
2018-12-31,enter,fintech,3.0,0.7259615384615384,PYPL|GPN|MA
2019-01-02,exit,dev_tools,15.0,0.5506993006993007,TEAM|MDB|CDNS
2019-01-02,exit,fintech,10.0,0.6472902097902098,PYPL|GPN|MA
2019-01-02,enter,oil_exploration,1.0,0.7473776223776223,COP|EOG|OXY
2019-01-03,exit,workflow_software,22.0,0.4182692307692308,TEAM|NOW|CRM
2019-01-03,enter,gold,2.0,0.7233391608391608,AEM|GLD|PAAS
2019-01-04,exit,gold,34.0,0.2683566433566434,AEM|GLD|PAAS
2019-01-04,enter,consumer_internet,3.0,0.6818181818181818,NFLX|SNAP|DIS
2019-01-07,exit,consumer_internet,21.0,0.5043706293706294,NFLX|SNAP|DIS
2019-01-07,enter,nuclear,2.0,0.749562937062937,LEU|DNN|UEC
2019-01-07,enter,uranium,3.0,0.7447552447552449,LEU|DNN|UEC
2019-01-08,exit,nuclear,24.0,0.46416083916083917,LEU|DNN|UEC
2019-01-08,exit,uranium,25.0,0.4554195804195804,LEU|DNN|UEC
2019-01-08,enter,consumer_internet,3.0,0.6840034965034963,NFLX|AMZN|SNAP
2019-01-09,enter,china_internet,2.0,0.7762237762237763,PDD|NTES|BILI
2019-01-09,enter,autos,3.0,0.6888111888111889,F|MCHP|ON
2019-01-10,exit,oil_exploration,13.0,0.6136363636363636,COP|EOG|OXY
2019-01-10,exit,consumer_internet,14.0,0.5957167832167832,NFLX|AMZN|SNAP
2019-01-10,exit,china_internet,9.0,0.6350524475524475,PDD|NTES|BILI
2019-01-10,exit,autos,12.0,0.6158216783216783,F|MCHP|ON
2019-01-10,enter,fintech,1.0,0.7674825174825175,GPN|XYZ|PYPL
2019-01-10,enter,medtech,3.0,0.7386363636363636,DXCM|EXAS|ISRG
2019-01-11,exit,medtech,16.0,0.5432692307692308,DXCM|EXAS|ISRG
2019-01-11,enter,autos,1.0,0.7810314685314684,ON|GM|MCHP
2019-01-11,enter,semis,2.0,0.7709790209790209,ON|MCHP|MPWR
2019-01-14,exit,biotech,29.0,0.32736013986013984,NTLA|CRSP|ABBV
2019-01-14,exit,fintech,9.0,0.6276223776223777,GPN|XYZ|PYPL
2019-01-14,exit,semis,12.0,0.6153846153846154,ON|MCHP|MPWR
2019-01-14,enter,oil_exploration,1.0,0.7626748251748252,APA|EOG|USO
2019-01-14,enter,defense,2.0,0.7316433566433566,BA|NOC|KTOS
2019-01-15,exit,oil_exploration,22.0,0.5572552447552448,APA|EOG|USO
2019-01-15,exit,defense,21.0,0.5629370629370629,BA|NOC|KTOS
2019-01-15,enter,medtech,1.0,0.8697552447552446,DXCM|EW|BSX
2019-01-15,enter,cybersecurity,2.0,0.805506993006993,TENB|OKTA|PANW
2019-01-15,enter,fintech,3.0,0.7443181818181817,GPN|PYPL|INTU
2019-01-16,exit,autos,23.0,0.46678321678321677,ON|GM|MCHP
2019-01-16,exit,medtech,17.0,0.5052447552447552,DXCM|EW|BSX
2019-01-16,enter,regional_banks,1.0,0.847027972027972,KEY|COF|HBAN
2019-01-16,enter,mega_banks,2.0,0.813811188811189,GS|BAC|MS
2019-01-16,enter,asset_managers,3.0,0.7832167832167832,GS|MS|SCHW
2019-01-17,exit,fintech,13.0,0.5651223776223776,GPN|PYPL|INTU
2019-01-17,exit,asset_managers,12.0,0.6031468531468532,GS|MS|SCHW
2019-01-17,enter,consumer,3.0,0.7202797202797202,DPZ|CMG|TXRH
2019-01-18,exit,cybersecurity,18.0,0.5008741258741258,TENB|OKTA|PANW
2019-01-18,exit,consumer,29.0,0.3806818181818182,DPZ|CMG|TXRH
2019-01-18,enter,insurance,3.0,0.7434440559440558,PGR|AIG|CB
2019-01-22,exit,insurance,14.0,0.5926573426573427,PGR|AIG|CB
2019-01-22,enter,restaurants,2.0,0.7810314685314684,CMG|DPZ|SBUX
2019-01-22,enter,china_internet,3.0,0.7583041958041958,TME|TCOM|PDD
2019-01-23,enter,consumer,3.0,0.722465034965035,DPZ|SBUX|CMG
2019-01-24,exit,regional_banks,22.0,0.4982517482517482,KEY|COF|HBAN
2019-01-24,exit,mega_banks,32.0,0.32954545454545453,GS|BAC|MS
2019-01-24,exit,consumer,10.0,0.5922202797202797,DPZ|SBUX|CMG
2019-01-24,enter,semis,1.0,0.8304195804195805,LRCX|TER|AMAT
2019-01-24,enter,ai_infrastructure,2.0,0.7858391608391607,AMAT|MU|KLAC
2019-01-25,exit,restaurants,26.0,0.43138111888111885,CMG|DPZ|SBUX
2019-01-28,exit,semis,13.0,0.6075174825174825,LRCX|TER|AMAT
2019-01-28,exit,ai_infrastructure,10.0,0.6245629370629371,AMAT|MU|KLAC
2019-01-28,enter,gold,1.0,0.8107517482517482,FNV|AEM|WPM
2019-01-28,enter,cybersecurity,2.0,0.8015734265734266,GEN|TENB|CHKP
2019-01-29,exit,china_internet,10.0,0.6040209790209791,TME|TCOM|PDD
2019-01-29,exit,cybersecurity,12.0,0.5861013986013986,GEN|TENB|CHKP
2019-01-29,enter,defense,1.0,0.8527097902097902,LHX|TDG|RTX
2019-01-29,enter,aerospace,2.0,0.8352272727272727,LHX|TDG|RTX
2019-01-30,exit,gold,12.0,0.5817307692307692,FNV|AEM|WPM
2019-01-30,exit,defense,19.0,0.5323426573426573,LHX|TDG|RTX
2019-01-30,exit,aerospace,20.0,0.5131118881118881,LHX|TDG|RTX
2019-01-30,enter,semis,1.0,0.779283216783217,AMD|LRCX|KLAC
2019-01-30,enter,ai_infrastructure,2.0,0.7220279720279719,AMD|KLAC|AMAT
2019-01-30,enter,autos,3.0,0.701048951048951,ON|MCHP|TXN
2019-01-31,exit,semis,30.0,0.2884615384615385,AMD|LRCX|KLAC
2019-01-31,exit,ai_infrastructure,26.0,0.3601398601398601,AMD|KLAC|AMAT
2019-01-31,exit,autos,22.0,0.4506118881118881,ON|MCHP|TXN
2019-01-31,enter,cloud,1.0,0.7495629370629371,NOW|ZS|WDAY
2019-01-31,enter,workflow_software,2.0,0.7469405594405594,NOW|WDAY|HUBS
2019-01-31,enter,ai_apps,3.0,0.7395104895104896,NOW|META|SNAP
2019-02-01,exit,cloud,10.0,0.6175699300699301,NOW|ZS|WDAY
2019-02-01,enter,cybersecurity,1.0,0.8020104895104896,GEN|FTNT|PANW
2019-02-01,enter,aerospace,3.0,0.763986013986014,GE|TDG|HON
2019-02-05,exit,cybersecurity,9.0,0.652534965034965,GEN|FTNT|PANW
2019-02-05,exit,aerospace,16.0,0.5533216783216783,GE|TDG|HON
2019-02-05,enter,consumer_internet,1.0,0.805944055944056,SNAP|META|BABA
2019-02-06,exit,consumer_internet,11.0,0.6372377622377623,SNAP|META|BABA
2019-02-06,enter,cybersecurity,2.0,0.7277097902097903,GEN|FTNT|CHKP
2019-02-06,enter,semis,3.0,0.7242132867132868,ON|MCHP|MU
2019-02-07,exit,workflow_software,20.0,0.5406468531468531,NOW|WDAY|HUBS
2019-02-07,exit,cybersecurity,10.0,0.673951048951049,GEN|FTNT|CHKP
2019-02-07,exit,semis,16.0,0.5581293706293706,ON|MCHP|MU
2019-02-07,enter,consumer,1.0,0.7736013986013986,CMG|DRI|SBUX
2019-02-07,enter,vertical_software,2.0,0.7491258741258742,LDOS|CDNS|ADSK
2019-02-07,enter,restaurants,3.0,0.7478146853146853,CMG|DRI|SBUX
2019-02-08,exit,consumer,15.0,0.6075174825174824,CMG|DRI|SBUX
2019-02-08,exit,vertical_software,9.0,0.639423076923077,LDOS|CDNS|ADSK
2019-02-08,exit,restaurants,16.0,0.5821678321678321,CMG|DRI|SBUX
2019-02-08,enter,business_apps,1.0,0.7486888111888111,INTU|ADBE|ADSK
2019-02-08,enter,dev_tools,2.0,0.7089160839160839,MDB|CDNS|TEAM
2019-02-08,enter,defense,3.0,0.7041083916083916,KTOS|TDG|LDOS
2019-02-11,exit,business_apps,13.0,0.6319930069930069,INTU|ADBE|ADSK
2019-02-11,enter,consumer,1.0,0.7631118881118881,CMG|DPZ|SBUX
2019-02-11,enter,medtech,2.0,0.7237762237762237,DXCM|BSX|SYK
2019-02-11,enter,restaurants,3.0,0.7137237762237763,CMG|DPZ|SBUX
2019-02-12,exit,ai_apps,11.0,0.597465034965035,NOW|META|SNAP
2019-02-12,exit,defense,10.0,0.6031468531468532,KTOS|TDG|LDOS
2019-02-12,exit,consumer,9.0,0.6083916083916083,CMG|DPZ|SBUX
2019-02-12,exit,restaurants,14.0,0.5852272727272727,CMG|DPZ|SBUX
2019-02-12,enter,cybersecurity,2.0,0.7263986013986014,ZS|CHKP|AKAM
2019-02-12,enter,insurance,3.0,0.7027972027972028,PGR|ALL|TRV
2019-02-13,exit,dev_tools,10.0,0.6062062937062936,MDB|CDNS|TEAM
2019-02-13,exit,medtech,11.0,0.596153846153846,DXCM|BSX|SYK
2019-02-13,exit,cybersecurity,19.0,0.5393356643356644,ZS|CHKP|AKAM
2019-02-13,enter,vertical_software,1.0,0.7618006993006993,ADSK|PTC|LDOS
2019-02-13,enter,payments,2.0,0.7447552447552447,GPN|AXP|MA
2019-02-13,enter,consumer_staples,3.0,0.728583916083916,DG|MDLZ|KR
2019-02-14,exit,insurance,32.0,0.256993006993007,PGR|ALL|TRV
2019-02-14,exit,payments,18.0,0.4558566433566433,GPN|AXP|MA
2019-02-14,exit,consumer_staples,29.0,0.34353146853146854,DG|MDLZ|KR
2019-02-14,enter,oil_exploration,1.0,0.8321678321678323,DVN|USO|FANG
2019-02-14,enter,data_centers,2.0,0.7473776223776223,EQIX|ANET|DELL
2019-02-14,enter,ai_infrastructure,3.0,0.7255244755244755,ANET|MU|DELL
2019-02-15,exit,vertical_software,10.0,0.6210664335664335,ADSK|PTC|LDOS
2019-02-15,enter,biotech,2.0,0.7399475524475524,MRNA|BIIB|REGN
2019-02-19,exit,biotech,23.0,0.41520979020979026,MRNA|BIIB|REGN
2019-02-19,enter,retail,1.0,0.729458041958042,WMT|PDD|TGT
2019-02-19,enter,travel,3.0,0.680944055944056,MAR|HLT|BKNG
2019-02-20,exit,retail,16.0,0.5222902097902098,WMT|PDD|TGT
2019-02-20,enter,regional_banks,3.0,0.7084790209790209,HBAN|KEY|FITB
2019-02-21,exit,regional_banks,9.0,0.6136363636363635,HBAN|KEY|FITB
2019-02-21,enter,vertical_software,2.0,0.7062937062937064,CDNS|ORCL|LDOS
2019-02-22,exit,oil_exploration,21.0,0.5,DVN|USO|FANG
2019-02-22,enter,dev_tools,2.0,0.7277097902097903,CDNS|MDB|PTC
2019-02-25,exit,data_centers,14.0,0.5979020979020978,EQIX|ANET|DELL
2019-02-25,exit,ai_infrastructure,12.0,0.6193181818181818,ANET|MU|DELL
2019-02-25,exit,travel,19.0,0.5152972027972028,MAR|HLT|BKNG
2019-02-25,enter,china_internet,2.0,0.743006993006993,BILI|JD|TME
2019-02-26,exit,dev_tools,11.0,0.6013986013986014,CDNS|MDB|PTC
2019-02-26,enter,biotech,1.0,0.7967657342657344,MRNA|EXAS|NTLA
2019-02-26,enter,business_apps,3.0,0.7277097902097903,MSFT|DOCU|ADSK
2019-02-27,exit,china_internet,9.0,0.7054195804195803,BILI|JD|TME
2019-02-27,enter,workflow_software,1.0,0.7788461538461539,NOW|WDAY|DOCU
2019-02-28,exit,vertical_software,18.0,0.597027972027972,CDNS|ORCL|LDOS
2019-02-28,exit,biotech,17.0,0.5987762237762239,MRNA|EXAS|NTLA
2019-02-28,enter,china_internet,1.0,0.7937062937062936,JD|TME|KWEB
2019-02-28,enter,fintech,2.0,0.7832167832167832,XYZ|INTU|GPN
2019-02-28,enter,payments,3.0,0.7618006993006994,XYZ|GPN|PYPL
2019-03-01,exit,business_apps,17.0,0.5205419580419581,MSFT|DOCU|ADSK
2019-03-01,exit,china_internet,14.0,0.5629370629370629,JD|TME|KWEB
2019-03-01,enter,biotech,1.0,0.7954545454545454,CRSP|NTLA|REGN
2019-03-01,enter,pharma,2.0,0.763111888111888,BMY|LLY|TMO
2019-03-01,enter,cloud,3.0,0.7447552447552449,ZS|TEAM|DOCU
2019-03-04,exit,workflow_software,33.0,0.31730769230769235,NOW|WDAY|DOCU
2019-03-04,exit,fintech,21.0,0.4947552447552448,XYZ|INTU|GPN
2019-03-04,exit,payments,12.0,0.5646853146853147,XYZ|GPN|PYPL
2019-03-04,enter,china_internet,1.0,0.7172202797202798,TCOM|JD|PDD
2019-03-04,enter,oil_exploration,2.0,0.6892482517482518,COP|USO|EOG
2019-03-04,enter,retail,3.0,0.6682692307692308,JD|AMZN|COST
2019-03-05,exit,oil_exploration,12.0,0.6027097902097903,COP|USO|EOG
2019-03-06,exit,biotech,29.0,0.3942307692307692,CRSP|NTLA|REGN
2019-03-06,enter,travel,2.0,0.7819055944055946,TCOM|DIS|HLT
2019-03-07,exit,china_internet,15.0,0.5659965034965035,TCOM|JD|PDD
2019-03-07,enter,gold,2.0,0.7263986013986015,AEM|FNV|WPM
2019-03-08,exit,pharma,23.0,0.4886363636363637,BMY|LLY|TMO
2019-03-08,exit,retail,10.0,0.6315559440559442,JD|AMZN|COST
2019-03-08,exit,travel,9.0,0.6372377622377622,TCOM|DIS|HLT
2019-03-08,enter,china_internet,2.0,0.7172202797202798,TCOM|NTES|BIDU
2019-03-08,enter,mega_banks,3.0,0.7167832167832169,WFC|AXP|GS
2019-03-11,exit,gold,21.0,0.5008741258741258,AEM|FNV|WPM
2019-03-11,exit,mega_banks,25.0,0.451486013986014,WFC|AXP|GS
2019-03-11,enter,dev_tools,2.0,0.7373251748251749,MDB|TEAM|CDNS
2019-03-11,enter,workflow_software,3.0,0.7325174825174825,TEAM|DOCU|NOW
2019-03-12,exit,china_internet,33.0,0.2390734265734266,TCOM|NTES|BIDU
2019-03-12,exit,dev_tools,9.0,0.631118881118881,MDB|TEAM|CDNS
2019-03-12,enter,business_apps,2.0,0.742132867132867,DOCU|MSFT|ADBE
2019-03-12,enter,gold,3.0,0.7119755244755245,FNV|AEM|WPM
2019-03-13,exit,workflow_software,22.0,0.520541958041958,TEAM|DOCU|NOW
2019-03-13,exit,business_apps,11.0,0.5869755244755245,DOCU|MSFT|ADBE
2019-03-13,exit,gold,13.0,0.5743006993006993,FNV|AEM|WPM
2019-03-13,enter,nuclear,1.0,0.7403846153846153,UEC|UUUU|LEU
2019-03-13,enter,uranium,2.0,0.708916083916084,UEC|LEU|UUUU
2019-03-13,enter,medtech,3.0,0.701923076923077,EW|EXAS|ISRG
2019-03-14,exit,cloud,9.0,0.6905594405594406,ZS|TEAM|DOCU
2019-03-14,enter,workflow_software,3.0,0.7810314685314684,DOCU|TEAM|NOW
2019-03-15,exit,workflow_software,28.0,0.36844405594405594,DOCU|TEAM|NOW
2019-03-15,enter,biotech,1.0,0.7784090909090909,AMGN|NTLA|BIIB
2019-03-15,enter,ai_infrastructure,3.0,0.7500000000000001,DELL|AVGO|NVDA
2019-03-18,exit,nuclear,15.0,0.5244755244755245,UEC|UUUU|LEU
2019-03-18,exit,uranium,14.0,0.5301573426573427,UEC|LEU|UUUU
2019-03-18,exit,medtech,20.0,0.4711538461538462,EW|EXAS|ISRG
2019-03-18,exit,biotech,16.0,0.520979020979021,AMGN|NTLA|BIIB
2019-03-18,enter,regional_banks,1.0,0.7932692307692308,FITB|KEY|HBAN
2019-03-18,enter,mega_banks,2.0,0.7928321678321677,C|WFC|GS
2019-03-18,enter,dev_tools,3.0,0.7447552447552447,MDB|CDNS|TEAM
2019-03-19,exit,regional_banks,29.0,0.416520979020979,FITB|KEY|HBAN
2019-03-19,exit,mega_banks,17.0,0.5332167832167832,C|WFC|GS
2019-03-19,enter,semis,2.0,0.7583041958041958,AMD|AVGO|NVDA
2019-03-19,enter,cloud,3.0,0.7456293706293705,AMZN|MDB|MSFT
2019-03-20,enter,oil_exploration,1.0,0.7915209790209791,EOG|DVN|OXY
2019-03-20,enter,nuclear,2.0,0.7495629370629371,UEC|UUUU|NXE
2019-03-21,exit,nuclear,33.0,0.2019230769230769,UEC|UUUU|NXE
2019-03-22,exit,cloud,9.0,0.6411713286713288,AMZN|MDB|MSFT
2019-03-22,exit,oil_exploration,12.0,0.5847902097902098,EOG|DVN|OXY
2019-03-22,enter,gold,2.0,0.7954545454545454,WPM|NEM|AEM
2019-03-22,enter,restaurants,3.0,0.7666083916083917,DRI|CMG|MCD
2019-03-25,exit,dev_tools,9.0,0.6027097902097903,MDB|CDNS|TEAM
2019-03-25,enter,consumer,2.0,0.8050699300699301,DRI|CMG|SBUX
2019-03-26,exit,ai_infrastructure,14.0,0.569493006993007,DELL|AVGO|NVDA
2019-03-26,exit,semis,20.0,0.5091783216783217,AMD|AVGO|NVDA
2019-03-26,enter,oil_exploration,1.0,0.714597902097902,DVN|APA|COP
2019-03-26,enter,consumer_staples,3.0,0.6787587412587414,MDLZ|PEP|MCD
2019-03-27,exit,oil_exploration,27.0,0.3986013986013986,DVN|APA|COP
2019-03-28,exit,gold,14.0,0.5738636363636364,WPM|NEM|AEM
2019-03-28,enter,regional_banks,3.0,0.7722902097902098,HBAN|FITB|PNC
2019-03-29,exit,consumer_staples,11.0,0.6070804195804195,MDLZ|PEP|MCD
2019-03-29,exit,regional_banks,14.0,0.5887237762237763,HBAN|FITB|PNC
2019-03-29,enter,biotech,1.0,0.8168706293706295,ALNY|GILD|AMGN
2019-04-01,exit,restaurants,28.0,0.3409090909090909,DRI|CMG|MCD
2019-04-01,exit,consumer,29.0,0.3277972027972028,DRI|CMG|SBUX
2019-04-01,exit,biotech,19.0,0.5148601398601399,ALNY|GILD|AMGN
2019-04-01,enter,mega_banks,1.0,0.8020104895104895,MS|BAC|C
2019-04-01,enter,asset_managers,2.0,0.7661713286713288,MS|BLK|TROW
2019-04-01,enter,regional_banks,3.0,0.7652972027972028,COF|FITB|TFC
2019-04-02,exit,asset_managers,13.0,0.5795454545454546,MS|BLK|TROW
2019-04-02,enter,uranium,1.0,0.7749125874125874,UEC|LEU|UUUU
2019-04-02,enter,data_centers,2.0,0.7674825174825175,PSTG|SMCI|DELL
2019-04-02,enter,biotech,3.0,0.7534965034965035,NTLA|CRSP|ABBV
2019-04-03,exit,mega_banks,11.0,0.6682692307692308,MS|BAC|C
2019-04-03,exit,regional_banks,10.0,0.6700174825174825,COF|FITB|TFC
2019-04-03,exit,uranium,14.0,0.5874125874125874,UEC|LEU|UUUU
2019-04-03,enter,semis,1.0,0.7652972027972029,AMD|MCHP|AMAT
2019-04-03,enter,autos,3.0,0.7556818181818182,MCHP|TXN|ON
2019-04-04,exit,data_centers,9.0,0.6263111888111889,PSTG|SMCI|DELL
2019-04-04,enter,consumer_internet,1.0,0.7556818181818182,BIDU|NTES|META
2019-04-04,enter,regional_banks,2.0,0.7180944055944056,COF|TFC|FITB
2019-04-05,exit,consumer_internet,9.0,0.5847902097902098,BIDU|NTES|META
2019-04-05,exit,regional_banks,18.0,0.5004370629370629,COF|TFC|FITB
2019-04-05,enter,uranium,1.0,0.7613636363636362,NXE|UUUU|DNN
2019-04-08,enter,travel,1.0,0.6966783216783217,MAR|EXPE|HLT
2019-04-08,enter,consumer_internet,3.0,0.6787587412587412,BIDU|SNAP|NTES
2019-04-09,exit,autos,11.0,0.576923076923077,MCHP|TXN|ON
2019-04-10,exit,semis,9.0,0.5821678321678321,AMD|MCHP|AMAT
2019-04-10,enter,oil_exploration,2.0,0.7128496503496503,APA|USO|EOG
2019-04-11,exit,biotech,31.0,0.36844405594405594,NTLA|CRSP|ABBV
2019-04-11,exit,uranium,29.0,0.4252622377622378,NXE|UUUU|DNN
2019-04-11,exit,travel,10.0,0.6306818181818182,MAR|EXPE|HLT
2019-04-11,exit,consumer_internet,19.0,0.5327797202797203,BIDU|SNAP|NTES
2019-04-11,exit,oil_exploration,15.0,0.5948426573426573,APA|USO|EOG
2019-04-11,enter,cybersecurity,1.0,0.7534965034965034,OKTA|FTNT|PANW
2019-04-11,enter,defense,2.0,0.7132867132867132,HWM|HEI|NOC
2019-04-11,enter,workflow_software,3.0,0.7080419580419582,TEAM|WDAY|NOW
2019-04-12,exit,defense,9.0,0.6424825174825175,HWM|HEI|NOC
2019-04-12,exit,workflow_software,29.0,0.451923076923077,TEAM|WDAY|NOW
2019-04-12,enter,travel,1.0,0.7722902097902098,DIS|BKNG|EXPE
2019-04-12,enter,oil_exploration,2.0,0.7674825174825175,DVN|EOG|FANG
2019-04-12,enter,regional_banks,3.0,0.7303321678321679,PNC|HBAN|FITB
2019-04-15,exit,oil_exploration,27.0,0.44230769230769235,DVN|EOG|FANG
2019-04-15,exit,regional_banks,25.0,0.465472027972028,PNC|HBAN|FITB
2019-04-15,enter,consumer_staples,2.0,0.8308566433566432,DLTR|MDLZ|PEP
2019-04-15,enter,retail,3.0,0.8011363636363636,DLTR|DG|WMT
2019-04-16,exit,cybersecurity,10.0,0.6263111888111889,OKTA|FTNT|PANW
2019-04-16,exit,travel,21.0,0.4868881118881118,DIS|BKNG|EXPE
2019-04-16,exit,consumer_staples,12.0,0.5913461538461539,DLTR|MDLZ|PEP
2019-04-16,exit,retail,20.0,0.48863636363636365,DLTR|DG|WMT
2019-04-16,enter,insurance,1.0,0.8194930069930072,PGR|AIG|MET
2019-04-16,enter,asset_managers,2.0,0.7932692307692308,BLK|MS|KKR
2019-04-16,enter,regional_banks,3.0,0.7915209790209791,PNC|FITB|KEY
2019-04-17,exit,insurance,11.0,0.6066433566433566,PGR|AIG|MET
2019-04-17,enter,mega_banks,1.0,0.7819055944055946,MS|C|JPM
2019-04-18,exit,mega_banks,9.0,0.6477272727272727,MS|C|JPM
2019-04-18,enter,restaurants,1.0,0.7067307692307692,MCD|DPZ|YUM
2019-04-18,enter,consumer_staples,2.0,0.7054195804195803,PEP|MCD|CL
2019-04-18,enter,aerospace,3.0,0.6870629370629371,HON|GD|LMT
2019-04-22,exit,regional_banks,9.0,0.583041958041958,PNC|FITB|KEY
2019-04-22,exit,restaurants,17.0,0.5074300699300699,MCD|DPZ|YUM
2019-04-22,enter,oil_exploration,1.0,0.8212412587412588,DVN|FANG|USO
2019-04-23,exit,consumer_staples,24.0,0.46284965034965037,PEP|MCD|CL
2019-04-23,enter,ai_apps,1.0,0.7596153846153847,GOOGL|META|AXON
2019-04-23,enter,consumer_internet,2.0,0.743881118881119,GOOGL|NFLX|AMZN
2019-04-23,enter,regional_banks,3.0,0.742132867132867,FITB|USB|KEY
2019-04-24,exit,asset_managers,10.0,0.638548951048951,BLK|MS|KKR
2019-04-24,exit,aerospace,11.0,0.6376748251748252,HON|GD|LMT
2019-04-24,exit,oil_exploration,17.0,0.527534965034965,DVN|FANG|USO
2019-04-24,exit,ai_apps,18.0,0.5231643356643357,GOOGL|META|AXON
2019-04-24,exit,regional_banks,24.0,0.41520979020979026,FITB|USB|KEY
2019-04-24,enter,semis,1.0,0.7972027972027972,TER|QCOM|TXN
2019-04-24,enter,restaurants,2.0,0.7731643356643357,DPZ|MCD|YUM
2019-04-24,enter,consumer,3.0,0.749562937062937,DPZ|YUM|SBUX
2019-04-25,exit,consumer_internet,12.0,0.6027097902097902,GOOGL|NFLX|AMZN
2019-04-25,exit,semis,19.0,0.5196678321678322,TER|QCOM|TXN
2019-04-25,exit,consumer,10.0,0.6909965034965035,DPZ|YUM|SBUX
2019-04-25,enter,workflow_software,1.0,0.8111888111888113,NOW|DOCU|CRM
2019-04-25,enter,cloud,2.0,0.804632867132867,NOW|MSFT|DOCU
2019-04-25,enter,biotech,3.0,0.7963286713286714,CRSP|MRNA|EXAS
2019-04-26,exit,restaurants,21.0,0.4812062937062937,DPZ|MCD|YUM
2019-04-26,exit,cloud,10.0,0.6219405594405594,NOW|MSFT|DOCU
2019-04-26,enter,business_apps,2.0,0.7089160839160839,HUBS|WDAY|DOCU
2019-04-26,enter,dev_tools,3.0,0.6861888111888111,CDNS|MDB|PTC
2019-04-29,exit,biotech,14.0,0.6424825174825175,CRSP|MRNA|EXAS
2019-04-29,exit,business_apps,12.0,0.6573426573426573,HUBS|WDAY|DOCU
2019-04-29,exit,dev_tools,26.0,0.4278846153846154,CDNS|MDB|PTC
2019-04-29,enter,ai_apps,1.0,0.8417832167832169,HUBS|ADBE|NOW
2019-04-29,enter,payments,3.0,0.7652972027972029,COF|V|PYPL
2019-04-30,exit,workflow_software,14.0,0.576048951048951,NOW|DOCU|CRM
2019-04-30,exit,ai_apps,16.0,0.5568181818181818,HUBS|ADBE|NOW
2019-04-30,enter,insurance,1.0,0.8159965034965035,CB|TRV|AIG
2019-04-30,enter,business_apps,3.0,0.7788461538461539,HUBS|ADBE|MSFT
2019-05-01,exit,insurance,14.0,0.631118881118881,CB|TRV|AIG
2019-05-01,exit,business_apps,22.0,0.4969405594405595,HUBS|ADBE|MSFT
2019-05-01,enter,pharma,1.0,0.8793706293706295,BMY|MRK|TMO
2019-05-01,enter,cloud,2.0,0.771416083916084,AKAM|NOW|MSFT
2019-05-01,enter,ai_apps,3.0,0.743444055944056,NOW|AXON|META
2019-05-02,exit,payments,10.0,0.6416083916083917,COF|V|PYPL
2019-05-02,exit,cloud,19.0,0.506993006993007,AKAM|NOW|MSFT
2019-05-02,exit,ai_apps,18.0,0.514423076923077,NOW|AXON|META
2019-05-02,enter,medtech,1.0,0.8002622377622378,EXAS|DXCM|MDT
2019-05-02,enter,regional_banks,2.0,0.7727272727272728,COF|KEY|FITB
2019-05-02,enter,defense,3.0,0.7722902097902098,LDOS|LHX|HWM
2019-05-03,exit,pharma,18.0,0.5305944055944056,BMY|MRK|TMO
2019-05-03,exit,medtech,9.0,0.6647727272727273,EXAS|DXCM|MDT
2019-05-03,enter,workflow_software,1.0,0.7211538461538461,HUBS|ZM|NOW
2019-05-03,enter,mega_banks,3.0,0.7058566433566434,C|AXP|JPM
2019-05-06,exit,regional_banks,25.0,0.43050699300699297,COF|KEY|FITB
2019-05-06,exit,workflow_software,10.0,0.6193181818181818,HUBS|ZM|NOW
2019-05-06,exit,mega_banks,31.0,0.3548951048951049,C|AXP|JPM
2019-05-06,enter,medtech,1.0,0.7722902097902097,EXAS|MDT|EW
2019-05-06,enter,pharma,2.0,0.7565559440559442,PFE|GILD|XLV
2019-05-06,enter,biotech,3.0,0.6923076923076923,NTLA|CRSP|EXAS
2019-05-07,exit,defense,9.0,0.5909090909090909,LDOS|LHX|HWM
2019-05-07,exit,pharma,13.0,0.5625,PFE|GILD|XLV
2019-05-07,exit,biotech,21.0,0.44755244755244755,NTLA|CRSP|EXAS
2019-05-07,enter,restaurants,1.0,0.6844405594405595,CMG|DRI|SBUX
2019-05-07,enter,consumer,2.0,0.6700174825174824,CMG|DRI|SBUX
2019-05-07,enter,insurance,3.0,0.6617132867132867,AIG|MET|TRV
2019-05-08,exit,medtech,11.0,0.6175699300699301,EXAS|MDT|EW
2019-05-08,exit,restaurants,10.0,0.6477272727272727,CMG|DRI|SBUX
2019-05-08,exit,insurance,15.0,0.5773601398601399,AIG|MET|TRV
2019-05-08,enter,oil_exploration,1.0,0.7762237762237764,FANG|OXY|EOG
2019-05-08,enter,defense,2.0,0.7548076923076924,AXON|LDOS|TDG
2019-05-08,enter,vertical_software,3.0,0.7272727272727273,LDOS|CDNS|ORCL
2019-05-09,exit,vertical_software,20.0,0.5402097902097902,LDOS|CDNS|ORCL
2019-05-09,enter,dev_tools,3.0,0.7041083916083917,TEAM|MDB|CDNS
2019-05-10,exit,consumer,11.0,0.6136363636363636,CMG|DRI|SBUX
2019-05-10,exit,oil_exploration,14.0,0.5987762237762237,FANG|OXY|EOG
2019-05-10,enter,insurance,1.0,0.7556818181818182,MET|AIG|TRV
2019-05-10,enter,consumer_staples,2.0,0.729895104895105,COST|WMT|MCD
2019-05-13,exit,dev_tools,20.0,0.4995629370629371,TEAM|MDB|CDNS
2019-05-13,enter,gold,1.0,0.7661713286713288,FNV|GOLD|GLD
2019-05-13,enter,restaurants,3.0,0.7062937062937064,MCD|DRI|SBUX
2019-05-14,exit,consumer_staples,13.0,0.6215034965034965,COST|WMT|MCD
2019-05-14,exit,gold,26.0,0.45017482517482516,FNV|GOLD|GLD
2019-05-14,exit,restaurants,25.0,0.46765734265734266,MCD|DRI|SBUX
2019-05-14,enter,oil_exploration,2.0,0.7377622377622377,FANG|COP|EOG
2019-05-14,enter,business_apps,3.0,0.736451048951049,WDAY|ORCL|CRM
2019-05-15,exit,defense,13.0,0.6066433566433566,AXON|LDOS|TDG
2019-05-15,exit,insurance,9.0,0.6258741258741258,MET|AIG|TRV
2019-05-15,exit,oil_exploration,29.0,0.3907342657342656,FANG|COP|EOG
2019-05-15,enter,cloud,1.0,0.7552447552447553,ZS|MDB|WDAY
2019-05-15,enter,payments,2.0,0.7526223776223777,GPN|PYPL|MA
2019-05-15,enter,vertical_software,3.0,0.7307692307692306,LDOS|ADSK|ORCL
2019-05-16,enter,workflow_software,1.0,0.7897727272727273,WDAY|ZM|HUBS
2019-05-17,exit,business_apps,12.0,0.5965909090909092,WDAY|ORCL|CRM
2019-05-17,exit,cloud,9.0,0.6486013986013986,ZS|MDB|WDAY
2019-05-17,exit,payments,14.0,0.5708041958041958,GPN|PYPL|MA
2019-05-17,exit,vertical_software,23.0,0.47770979020979015,LDOS|ADSK|ORCL
2019-05-17,enter,cybersecurity,1.0,0.7727272727272727,ZS|OKTA|TENB
2019-05-17,enter,insurance,2.0,0.7220279720279721,TRV|PGR|CB
2019-05-17,enter,gold,3.0,0.7202797202797202,GOLD|FNV|AEM
2019-05-20,exit,gold,34.0,0.23295454545454544,GOLD|FNV|AEM
2019-05-20,enter,regional_banks,3.0,0.7403846153846155,COF|PNC|USB
2019-05-21,exit,workflow_software,9.0,0.6031468531468531,WDAY|ZM|HUBS
2019-05-21,exit,cybersecurity,15.0,0.5690559440559441,ZS|OKTA|TENB
2019-05-21,exit,insurance,10.0,0.5979020979020979,TRV|PGR|CB
2019-05-21,exit,regional_banks,12.0,0.5843531468531468,COF|PNC|USB
2019-05-21,enter,payments,1.0,0.7539335664335663,MA|AXP|FIS
2019-05-21,enter,fintech,2.0,0.6927447552447553,MA|FIS|PYPL
2019-05-21,enter,biotech,3.0,0.6700174825174825,ABBV|GILD|EXAS
2019-05-22,exit,biotech,9.0,0.6652097902097903,ABBV|GILD|EXAS
2019-05-22,enter,pharma,1.0,0.8649475524475525,MRK|ABBV|TMO
2019-05-22,enter,cybersecurity,2.0,0.7919580419580418,TENB|OKTA|AKAM
2019-05-23,exit,payments,23.0,0.493006993006993,MA|AXP|FIS
2019-05-23,exit,fintech,18.0,0.5467657342657343,MA|FIS|PYPL
2019-05-23,exit,cybersecurity,26.0,0.44930069930069927,TENB|OKTA|AKAM
2019-05-23,enter,consumer,2.0,0.7194055944055944,DPZ|DRI|YUM
2019-05-23,enter,medtech,3.0,0.7172202797202797,MDT|JNJ|TMO
2019-05-24,exit,pharma,9.0,0.6363636363636364,MRK|ABBV|TMO
2019-05-24,exit,consumer,25.0,0.44449300699300703,DPZ|DRI|YUM
2019-05-24,enter,regional_banks,1.0,0.8015734265734266,PNC|TFC|COF
2019-05-24,enter,fintech,3.0,0.7604895104895105,INTU|GPN|FUTU
2019-05-28,exit,regional_banks,24.0,0.44318181818181823,PNC|TFC|COF
2019-05-28,enter,defense,1.0,0.8155594405594406,HEI|KTOS|AXON
2019-05-29,exit,defense,10.0,0.6118881118881119,HEI|KTOS|AXON
2019-05-29,enter,regional_banks,1.0,0.7897727272727273,PNC|FITB|USB
2019-05-29,enter,consumer_staples,2.0,0.736451048951049,WMT|PEP|TGT
2019-05-29,enter,gold,3.0,0.7312062937062936,AEM|WPM|NEM
2019-05-30,exit,regional_banks,29.0,0.3662587412587412,PNC|FITB|USB
2019-06-03,exit,medtech,11.0,0.5751748251748252,MDT|JNJ|TMO
2019-06-03,exit,fintech,29.0,0.3076923076923077,INTU|GPN|FUTU
2019-06-03,enter,defense,2.0,0.7347027972027972,HEI|LMT|AXON
2019-06-04,exit,consumer_staples,17.0,0.548513986013986,WMT|PEP|TGT
2019-06-04,exit,gold,11.0,0.597027972027972,AEM|WPM|NEM
2019-06-04,enter,aerospace,1.0,0.7202797202797202,LMT|HEI|LHX
2019-06-04,enter,restaurants,2.0,0.7067307692307692,YUM|MCD|TXRH
2019-06-04,enter,consumer,3.0,0.6993006993006994,YUM|TXRH|SBUX
2019-06-05,exit,consumer,9.0,0.6656468531468531,YUM|TXRH|SBUX
2019-06-05,enter,gold,1.0,0.8658216783216783,AEM|PAAS|NEM
2019-06-05,enter,medtech,2.0,0.7928321678321679,BSX|EXAS|MDT
2019-06-06,exit,defense,20.0,0.513986013986014,HEI|LMT|AXON
2019-06-06,exit,aerospace,9.0,0.6162587412587412,LMT|HEI|LHX
2019-06-06,exit,medtech,10.0,0.604458041958042,BSX|EXAS|MDT
2019-06-06,enter,consumer,2.0,0.7950174825174825,SBUX|YUM|DPZ
2019-06-06,enter,consumer_staples,3.0,0.7622377622377623,KO|MDLZ|PEP
2019-06-07,exit,gold,29.0,0.37762237762237766,AEM|PAAS|NEM
2019-06-07,exit,consumer,13.0,0.5926573426573427,SBUX|YUM|DPZ
2019-06-07,enter,robotics,1.0,0.7521853146853147,ISRG|TSLA|CGNX
2019-06-07,enter,semis,2.0,0.7469405594405594,AMD|MRVL|TXN
2019-06-07,enter,medtech,3.0,0.7460664335664335,BSX|EW|ISRG
2019-06-10,exit,restaurants,29.0,0.3946678321678322,YUM|MCD|TXRH
2019-06-10,exit,consumer_staples,22.0,0.4611013986013986,KO|MDLZ|PEP
2019-06-10,exit,robotics,10.0,0.6608391608391608,ISRG|TSLA|CGNX
2019-06-10,enter,dev_tools,1.0,0.8146853146853147,MDB|TEAM|PTC
2019-06-10,enter,cloud,3.0,0.765734265734266,ZM|MDB|TEAM
2019-06-11,enter,retail,1.0,0.756555944055944,DLTR|AMZN|WMT
2019-06-11,enter,consumer_staples,3.0,0.6984265734265734,DLTR|PG|WMT
2019-06-12,exit,semis,22.0,0.5091783216783217,AMD|MRVL|TXN
2019-06-12,exit,retail,11.0,0.6372377622377622,DLTR|AMZN|WMT
2019-06-12,enter,pharma,2.0,0.7482517482517482,JNJ|NVO|MRK
2019-06-12,enter,cybersecurity,3.0,0.7412587412587414,OKTA|ZS|AKAM
2019-06-13,exit,dev_tools,10.0,0.5681818181818182,MDB|TEAM|PTC
2019-06-13,exit,consumer_staples,21.0,0.4842657342657343,DLTR|PG|WMT
2019-06-13,exit,pharma,15.0,0.5196678321678322,JNJ|NVO|MRK
2019-06-13,enter,consumer_internet,1.0,0.729895104895105,TME|AMZN|DIS
2019-06-14,exit,cybersecurity,12.0,0.6416083916083917,OKTA|ZS|AKAM
2019-06-14,enter,consumer_staples,1.0,0.7814685314685313,DLTR|PG|WMT
2019-06-14,enter,regional_banks,2.0,0.7770979020979021,KEY|PNC|FITB
2019-06-14,enter,retail,3.0,0.7521853146853147,DLTR|AMZN|WMT
2019-06-17,exit,medtech,10.0,0.597027972027972,BSX|EW|ISRG
2019-06-17,exit,cloud,15.0,0.4851398601398601,ZM|MDB|TEAM
2019-06-17,exit,regional_banks,24.0,0.42613636363636365,KEY|PNC|FITB
2019-06-17,enter,biotech,1.0,0.8216783216783217,CRSP|GILD|NTLA
2019-06-17,enter,gold,2.0,0.7438811188811191,WPM|PAAS|FNV
2019-06-17,enter,pharma,3.0,0.7268356643356644,BMY|GILD|AMGN
2019-06-18,exit,consumer_staples,30.0,0.3269230769230769,DLTR|PG|WMT
2019-06-18,exit,retail,24.0,0.3636363636363637,DLTR|AMZN|WMT
2019-06-18,exit,gold,11.0,0.5821678321678321,WPM|PAAS|FNV
2019-06-18,enter,aerospace,2.0,0.6988636363636362,BA|GE|LHX
2019-06-18,enter,oil_exploration,3.0,0.6765734265734266,FANG|DVN|EOG
2019-06-19,exit,biotech,18.0,0.5367132867132867,CRSP|GILD|NTLA
2019-06-19,exit,pharma,15.0,0.548513986013986,BMY|GILD|AMGN
2019-06-19,exit,oil_exploration,14.0,0.5642482517482517,FANG|DVN|EOG
2019-06-19,enter,travel,1.0,0.7880244755244755,EXPE|UBER|BKNG
2019-06-19,enter,cybersecurity,2.0,0.7722902097902098,ZS|TENB|AKAM
2019-06-19,enter,business_apps,3.0,0.6682692307692308,ADBE|MSFT|HUBS
2019-06-20,exit,consumer_internet,17.0,0.5074300699300699,TME|AMZN|DIS
2019-06-20,exit,travel,28.0,0.37281468531468526,EXPE|UBER|BKNG
2019-06-20,exit,cybersecurity,27.0,0.38024475524475526,ZS|TENB|AKAM
2019-06-20,enter,gold,2.0,0.7832167832167831,PAAS|AEM|FNV
2019-06-20,enter,oil_exploration,3.0,0.7696678321678321,DVN|USO|FANG
2019-06-21,exit,aerospace,12.0,0.5738636363636364,BA|GE|LHX
2019-06-21,enter,biotech,3.0,0.7425699300699301,AMGN|VRTX|BIIB
2019-06-24,exit,biotech,32.0,0.25655594405594406,AMGN|VRTX|BIIB
2019-06-24,enter,defense,2.0,0.7736013986013985,HWM|AXON|KTOS
2019-06-24,enter,aerospace,3.0,0.7207167832167831,HWM|GD|BA
2019-06-25,exit,business_apps,22.0,0.43225524475524474,ADBE|MSFT|HUBS
2019-06-25,exit,oil_exploration,15.0,0.5926573426573427,DVN|USO|FANG
2019-06-25,exit,aerospace,14.0,0.6110139860139859,HWM|GD|BA
2019-06-25,enter,restaurants,2.0,0.7504370629370629,DRI|YUM|MCD
2019-06-25,enter,consumer,3.0,0.7390734265734266,DRI|YUM|SBUX
2019-06-26,exit,gold,11.0,0.6162587412587412,PAAS|AEM|FNV
2019-06-26,exit,defense,17.0,0.5297202797202797,HWM|AXON|KTOS
2019-06-26,exit,restaurants,24.0,0.40384615384615397,DRI|YUM|MCD
2019-06-26,exit,consumer,26.0,0.38111888111888115,DRI|YUM|SBUX
2019-06-26,enter,oil_exploration,1.0,0.8173076923076924,USO|COP|DVN
2019-06-26,enter,semis,2.0,0.8028846153846153,MU|QCOM|NVDA
2019-06-26,enter,ai_infrastructure,3.0,0.7880244755244756,MU|NVDA|ANET
2019-06-27,exit,oil_exploration,22.0,0.4278846153846154,USO|COP|DVN
2019-06-27,enter,asset_managers,3.0,0.7347027972027972,GS|KKR|MS
2019-06-28,enter,regional_banks,1.0,0.7945804195804195,PNC|KEY|HBAN
2019-06-28,enter,mega_banks,2.0,0.7320804195804195,GS|BAC|JPM
2019-06-28,enter,robotics,3.0,0.7115384615384616,TER|ZBRA|CAT
2019-07-01,exit,robotics,21.0,0.4676573426573427,TER|ZBRA|CAT
2019-07-02,exit,asset_managers,12.0,0.5869755244755245,GS|KKR|MS
2019-07-02,exit,regional_banks,29.0,0.4169580419580419,PNC|KEY|HBAN
2019-07-02,exit,mega_banks,16.0,0.5625000000000001,GS|BAC|JPM
2019-07-02,enter,china_internet,1.0,0.7919580419580418,JD|TCOM|KWEB
2019-07-03,exit,semis,32.0,0.3321678321678322,MU|QCOM|NVDA
2019-07-03,exit,ai_infrastructure,26.0,0.4208916083916084,MU|NVDA|ANET
2019-07-03,exit,china_internet,28.0,0.39641608391608385,JD|TCOM|KWEB
2019-07-03,enter,cybersecurity,1.0,0.7696678321678321,GEN|ZS|TENB
2019-07-03,enter,insurance,2.0,0.7539335664335665,PGR|ALL|AIG
2019-07-03,enter,payments,3.0,0.7259615384615385,MA|COF|FIS
2019-07-05,exit,insurance,17.0,0.5681818181818182,PGR|ALL|AIG
2019-07-05,exit,payments,11.0,0.6136363636363638,MA|COF|FIS
2019-07-05,enter,cloud,1.0,0.8129370629370629,ZS|GOOGL|NOW
2019-07-05,enter,mega_banks,3.0,0.7347027972027971,C|JPM|GS
2019-07-08,exit,mega_banks,21.0,0.48776223776223776,C|JPM|GS
2019-07-08,enter,consumer_staples,2.0,0.8024475524475525,TGT|DG|PG
2019-07-09,exit,consumer_staples,9.0,0.6280594405594405,TGT|DG|PG
2019-07-09,enter,workflow_software,1.0,0.8216783216783216,NOW|TEAM|DOCU
2019-07-09,enter,fintech,3.0,0.7753496503496504,XYZ|FUTU|INTU
2019-07-10,enter,oil_exploration,1.0,0.805506993006993,USO|FANG|DVN
2019-07-11,exit,oil_exploration,10.0,0.6359265734265733,USO|FANG|DVN
2019-07-11,enter,payments,1.0,0.7867132867132866,XYZ|PYPL|V
2019-07-11,enter,business_apps,3.0,0.7027972027972028,WDAY|INTU|CRM
2019-07-12,exit,cloud,24.0,0.4086538461538462,ZS|GOOGL|NOW
2019-07-12,exit,workflow_software,20.0,0.5218531468531469,NOW|TEAM|DOCU
2019-07-12,exit,business_apps,15.0,0.5480769230769231,WDAY|INTU|CRM
2019-07-12,enter,ai_infrastructure,1.0,0.7727272727272727,MU|AMAT|NVDA
2019-07-12,enter,semis,2.0,0.7683566433566434,MU|NVDA|AMAT
2019-07-12,enter,autos,3.0,0.6953671328671328,TSLA|F|MCHP
2019-07-15,exit,cybersecurity,13.0,0.5633741258741258,GEN|ZS|TENB
2019-07-16,exit,payments,19.0,0.5340909090909091,XYZ|PYPL|V
2019-07-16,enter,consumer_staples,2.0,0.7237762237762237,COST|PG|CL
2019-07-16,enter,robotics,3.0,0.7019230769230769,ROK|TSLA|CAT
2019-07-17,exit,robotics,12.0,0.5909090909090909,ROK|TSLA|CAT
2019-07-17,enter,gold,1.0,0.8090034965034965,PAAS|WPM|FNV
2019-07-18,exit,autos,11.0,0.6219405594405595,TSLA|F|MCHP
2019-07-18,exit,consumer_staples,9.0,0.645541958041958,COST|PG|CL
2019-07-19,enter,regional_banks,3.0,0.6468531468531468,USB|TFC|HBAN
2019-07-22,exit,regional_banks,9.0,0.6446678321678321,USB|TFC|HBAN
2019-07-22,enter,asset_managers,3.0,0.7347027972027972,BX|SCHW|GS
2019-07-23,exit,fintech,15.0,0.5738636363636364,XYZ|FUTU|INTU
2019-07-23,exit,gold,17.0,0.5594405594405595,PAAS|WPM|FNV
2019-07-23,enter,regional_banks,1.0,0.8251748251748251,USB|FITB|COF
2019-07-23,enter,mega_banks,2.0,0.8076923076923076,BAC|GS|WFC
2019-07-24,enter,autos,3.0,0.7753496503496504,TXN|ON|MCHP
2019-07-25,exit,ai_infrastructure,17.0,0.5812937062937062,MU|AMAT|NVDA
2019-07-25,exit,semis,9.0,0.6590909090909091,MU|NVDA|AMAT
2019-07-25,exit,mega_banks,20.0,0.5388986013986014,BAC|GS|WFC
2019-07-25,exit,autos,23.0,0.5083041958041958,TXN|ON|MCHP
2019-07-25,enter,defense,2.0,0.7692307692307692,NOC|KTOS|RTX
2019-07-25,enter,consumer_internet,3.0,0.7600524475524476,SNAP|EXPE|PINS
2019-07-26,exit,defense,22.0,0.49912587412587406,NOC|KTOS|RTX
2019-07-26,exit,consumer_internet,10.0,0.680944055944056,SNAP|EXPE|PINS
2019-07-26,enter,mega_banks,2.0,0.7967657342657343,WFC|BAC|GS
2019-07-26,enter,payments,3.0,0.7932692307692308,FIS|COF|GPN
2019-07-29,exit,asset_managers,18.0,0.5839160839160839,BX|SCHW|GS
2019-07-29,exit,regional_banks,12.0,0.6542832167832168,USB|FITB|COF
2019-07-29,exit,mega_banks,17.0,0.6057692307692308,WFC|BAC|GS
2019-07-29,exit,payments,10.0,0.6704545454545453,FIS|COF|GPN
2019-07-29,enter,consumer,1.0,0.7888986013986015,CMG|TXRH|SBUX
2019-07-29,enter,medtech,2.0,0.7609265734265734,EW|SYK|MDT
2019-07-29,enter,restaurants,3.0,0.7460664335664335,CMG|TXRH|SBUX
2019-07-30,exit,consumer,14.0,0.5856643356643357,CMG|TXRH|SBUX
2019-07-30,exit,restaurants,12.0,0.5948426573426573,CMG|TXRH|SBUX
2019-07-30,enter,ai_apps,2.0,0.741258741258741,PINS|GOOGL|SNAP
2019-07-30,enter,robotics,3.0,0.7285839160839161,ZBRA|CGNX|TER
2019-07-31,exit,medtech,10.0,0.6158216783216784,EW|SYK|MDT
2019-07-31,exit,ai_apps,26.0,0.423513986013986,PINS|GOOGL|SNAP
2019-07-31,exit,robotics,25.0,0.42744755244755234,ZBRA|CGNX|TER
2019-07-31,enter,defense,1.0,0.7381993006993006,LHX|KTOS|AXON
2019-07-31,enter,insurance,2.0,0.7342657342657342,ALL|CB|MET
2019-07-31,enter,pharma,3.0,0.7333916083916084,AMGN|MRK|LLY
2019-08-01,exit,defense,21.0,0.4523601398601399,LHX|KTOS|AXON
2019-08-01,exit,insurance,13.0,0.5673076923076923,ALL|CB|MET
2019-08-01,enter,gold,1.0,0.7915209790209791,GOLD|PAAS|GLD
2019-08-01,enter,cloud,3.0,0.7290209790209791,AKAM|EQIX|TEAM
2019-08-02,exit,gold,10.0,0.6298076923076925,GOLD|PAAS|GLD
2019-08-02,exit,cloud,18.0,0.513548951048951,AKAM|EQIX|TEAM
2019-08-02,enter,consumer_staples,1.0,0.7945804195804197,KR|PG|MCD
2019-08-02,enter,oil_exploration,3.0,0.7316433566433566,OXY|USO|EOG
2019-08-05,enter,gold,1.0,0.7115384615384617,AEM|GLD|GOLD
2019-08-05,enter,aerospace,3.0,0.6726398601398601,LHX|LMT|TDG
2019-08-06,exit,oil_exploration,33.0,0.2644230769230769,OXY|USO|EOG
2019-08-06,exit,gold,15.0,0.4978146853146854,AEM|GLD|GOLD
2019-08-06,enter,insurance,1.0,0.7993881118881119,ALL|CB|TRV
2019-08-07,exit,pharma,11.0,0.611013986013986,AMGN|MRK|LLY
2019-08-07,exit,insurance,16.0,0.5716783216783217,ALL|CB|TRV
2019-08-07,enter,gold,1.0,0.8811188811188813,GOLD|AEM|PAAS
2019-08-07,enter,retail,3.0,0.7124125874125873,KR|COST|PDD
2019-08-08,exit,gold,16.0,0.569493006993007,GOLD|AEM|PAAS
2019-08-08,exit,retail,22.0,0.513986013986014,KR|COST|PDD
2019-08-08,enter,defense,1.0,0.7692307692307694,NOC|TDG|LHX
2019-08-08,enter,insurance,2.0,0.7307692307692308,CB|AIG|TRV
2019-08-09,exit,consumer_staples,13.0,0.6101398601398601,KR|PG|MCD
2019-08-09,exit,defense,14.0,0.6088286713286712,NOC|TDG|LHX
2019-08-09,enter,medtech,2.0,0.7788461538461539,DXCM|SYK|BSX
2019-08-09,enter,cybersecurity,3.0,0.7740384615384616,GEN|CRWD|AKAM
2019-08-12,exit,insurance,12.0,0.6267482517482518,CB|AIG|TRV
2019-08-12,exit,medtech,10.0,0.6398601398601399,DXCM|SYK|BSX
2019-08-12,enter,gold,3.0,0.7194055944055944,AEM|GLD|FNV
2019-08-13,exit,aerospace,29.0,0.41040209790209786,LHX|LMT|TDG
2019-08-13,exit,gold,28.0,0.41914335664335667,AEM|GLD|FNV
2019-08-13,enter,china_internet,1.0,0.7613636363636364,NTES|JD|TME
2019-08-13,enter,semis,2.0,0.7124125874125874,AMD|LRCX|AVGO
2019-08-13,enter,business_apps,3.0,0.6909965034965035,HUBS|INTU|MSFT
2019-08-14,exit,business_apps,14.0,0.5869755244755245,HUBS|INTU|MSFT
2019-08-14,enter,consumer_internet,2.0,0.7333916083916084,NTES|BKNG|PINS
2019-08-15,exit,cybersecurity,17.0,0.5812937062937064,GEN|CRWD|AKAM
2019-08-15,exit,consumer_internet,21.0,0.5144230769230769,NTES|BKNG|PINS
2019-08-15,enter,medtech,1.0,0.8317307692307692,DXCM|MDT|EW
2019-08-15,enter,consumer_staples,2.0,0.783653846153846,WMT|KO|PEP
2019-08-15,enter,pharma,3.0,0.7775349650349651,JNJ|NVO|AMGN
2019-08-16,exit,medtech,10.0,0.6341783216783217,DXCM|MDT|EW
2019-08-16,enter,retail,3.0,0.7473776223776223,PDD|WMT|JD
2019-08-19,exit,pharma,18.0,0.55506993006993,JNJ|NVO|AMGN
2019-08-20,exit,consumer_staples,15.0,0.6101398601398601,WMT|KO|PEP
2019-08-20,exit,retail,11.0,0.6542832167832168,PDD|WMT|JD
2019-08-20,enter,nuclear,1.0,0.7827797202797203,VST|CCJ|UUUU
2019-08-20,enter,defense,3.0,0.7534965034965035,TDG|HEI|GD
2019-08-21,exit,china_internet,13.0,0.6075174825174825,NTES|JD|TME
2019-08-21,exit,nuclear,16.0,0.5476398601398601,VST|CCJ|UUUU
2019-08-21,exit,defense,24.0,0.4676573426573427,TDG|HEI|GD
2019-08-21,enter,data_centers,1.0,0.7819055944055944,VST|NVDA|SMCI
2019-08-21,enter,fintech,3.0,0.7185314685314684,FUTU|PYPL|MA
2019-08-22,exit,fintech,20.0,0.49256993006993005,FUTU|PYPL|MA
2019-08-22,enter,retail,2.0,0.8238636363636364,TGT|PDD|DG
2019-08-22,enter,ai_infrastructure,3.0,0.7963286713286714,KLAC|SMCI|NVDA
2019-08-23,exit,semis,24.0,0.458479020979021,AMD|LRCX|AVGO
2019-08-23,exit,data_centers,13.0,0.6219405594405595,VST|NVDA|SMCI
2019-08-23,exit,retail,11.0,0.6333041958041958,TGT|PDD|DG
2019-08-23,exit,ai_infrastructure,23.0,0.4611013986013986,KLAC|SMCI|NVDA
2019-08-23,enter,ai_apps,1.0,0.7919580419580421,CRM|HUBS|PINS
2019-08-23,enter,defense,2.0,0.7810314685314687,BA|HEI|LMT
2019-08-23,enter,gold,3.0,0.7491258741258741,WPM|AEM|PAAS
2019-08-26,enter,consumer_staples,3.0,0.7626748251748252,PEP|DG|COST
2019-08-27,enter,business_apps,1.0,0.8343531468531467,HUBS|INTU|ADSK
2019-08-28,exit,ai_apps,26.0,0.3898601398601399,CRM|HUBS|PINS
2019-08-28,exit,gold,10.0,0.576048951048951,WPM|AEM|PAAS
2019-08-28,exit,business_apps,19.0,0.4908216783216783,HUBS|INTU|ADSK
2019-08-28,enter,regional_banks,2.0,0.7657342657342658,TFC|FITB|HBAN
2019-08-28,enter,retail,3.0,0.763111888111888,COST|DLTR|TGT
2019-08-29,exit,consumer_staples,11.0,0.6088286713286712,PEP|DG|COST
2019-08-29,enter,aerospace,2.0,0.7534965034965035,HEI|GD|RTX
2019-08-30,exit,defense,9.0,0.6411713286713288,BA|HEI|LMT
2019-08-30,enter,robotics,2.0,0.7482517482517483,TSLA|ISRG|HON
2019-08-30,enter,mega_banks,3.0,0.7119755244755245,WFC|MS|GS
2019-09-03,exit,aerospace,11.0,0.5891608391608392,HEI|GD|RTX
2019-09-03,exit,robotics,9.0,0.618444055944056,TSLA|ISRG|HON
2019-09-03,exit,mega_banks,18.0,0.5096153846153846,WFC|MS|GS
2019-09-03,enter,consumer_staples,1.0,0.7451923076923076,DG|DLTR|PEP
2019-09-03,enter,uranium,2.0,0.700611888111888,UUUU|UEC|DNN
2019-09-03,enter,nuclear,3.0,0.6774475524475525,UEC|UUUU|DNN
2019-09-04,exit,uranium,22.0,0.44230769230769235,UUUU|UEC|DNN
2019-09-04,exit,nuclear,18.0,0.47333916083916083,UEC|UUUU|DNN
2019-09-04,enter,oil_exploration,3.0,0.6791958041958043,DVN|FANG|APA
2019-09-05,exit,retail,15.0,0.5524475524475525,COST|DLTR|TGT
2019-09-05,exit,consumer_staples,24.0,0.41258741258741255,DG|DLTR|PEP
2019-09-05,exit,oil_exploration,21.0,0.4602272727272727,DVN|FANG|APA
2019-09-05,enter,semis,1.0,0.8055069930069931,LRCX|MU|NVDA
2019-09-05,enter,robotics,2.0,0.7679195804195803,TER|ROK|CAT
2019-09-05,enter,ai_infrastructure,3.0,0.7211538461538461,DELL|MU|NVDA
2019-09-06,exit,regional_banks,17.0,0.5222902097902098,TFC|FITB|HBAN
2019-09-06,exit,robotics,12.0,0.5917832167832168,TER|ROK|CAT
2019-09-06,exit,ai_infrastructure,10.0,0.6097027972027971,DELL|MU|NVDA
2019-09-06,enter,uranium,1.0,0.8046328671328672,UUUU|UEC|CCJ
2019-09-06,enter,data_centers,2.0,0.7705419580419582,WDC|DELL|NTAP
2019-09-06,enter,nuclear,3.0,0.7618006993006993,UUUU|UEC|CCJ
2019-09-09,exit,uranium,11.0,0.5651223776223776,UUUU|UEC|CCJ
2019-09-09,exit,nuclear,17.0,0.541958041958042,UUUU|UEC|CCJ
2019-09-09,enter,regional_banks,1.0,0.7736013986013986,HBAN|KEY|COF
2019-09-09,enter,oil_exploration,2.0,0.7486888111888111,EOG|APA|DVN
2019-09-09,enter,asset_managers,3.0,0.7076048951048951,GS|SCHW|TROW
2019-09-10,enter,biotech,2.0,0.7281468531468532,MRNA|BIIB|ABBV
2019-09-10,enter,mega_banks,3.0,0.7058566433566434,GS|C|BAC
2019-09-11,exit,semis,14.0,0.5847902097902098,LRCX|MU|NVDA
2019-09-11,exit,oil_exploration,23.0,0.4357517482517483,EOG|APA|DVN
2019-09-11,exit,biotech,16.0,0.5703671328671328,MRNA|BIIB|ABBV
2019-09-11,exit,mega_banks,9.0,0.6210664335664335,GS|C|BAC
2019-09-11,enter,robotics,2.0,0.7854020979020979,TSLA|CAT|CGNX
2019-09-11,enter,travel,3.0,0.7657342657342658,TCOM|UBER|BKNG
2019-09-12,exit,data_centers,14.0,0.5454545454545454,WDC|DELL|NTAP
2019-09-12,exit,robotics,15.0,0.5402097902097902,TSLA|CAT|CGNX
2019-09-12,exit,travel,10.0,0.5668706293706294,TCOM|UBER|BKNG
2019-09-12,enter,mega_banks,3.0,0.7395104895104895,GS|BAC|JPM
2019-09-16,exit,asset_managers,11.0,0.5397727272727273,GS|SCHW|TROW
2019-09-16,exit,mega_banks,16.0,0.4868881118881118,GS|BAC|JPM
2019-09-16,enter,oil_exploration,1.0,0.8308566433566434,APA|COP|EOG
2019-09-16,enter,defense,2.0,0.770541958041958,KTOS|NOC|LMT
2019-09-17,exit,regional_banks,30.0,0.36975524475524474,HBAN|KEY|COF
2019-09-17,exit,oil_exploration,11.0,0.6411713286713286,APA|COP|EOG
2019-09-17,enter,dev_tools,1.0,0.7552447552447553,TEAM|MDB|CDNS
2019-09-17,enter,biotech,2.0,0.7443181818181818,ABBV|ALNY|MRNA
2019-09-17,enter,consumer_internet,3.0,0.6966783216783216,SNAP|TME|BKNG
2019-09-18,exit,dev_tools,9.0,0.6853146853146853,TEAM|MDB|CDNS
2019-09-18,exit,biotech,18.0,0.6057692307692308,ABBV|ALNY|MRNA
2019-09-18,exit,consumer_internet,12.0,0.673513986013986,SNAP|TME|BKNG
2019-09-18,enter,cloud,2.0,0.7622377622377622,EQIX|TEAM|NOW
2019-09-18,enter,asset_managers,3.0,0.7618006993006992,BX|BLK|KKR
2019-09-19,exit,defense,12.0,0.6302447552447551,KTOS|NOC|LMT
2019-09-19,exit,asset_managers,16.0,0.5895979020979021,BX|BLK|KKR
2019-09-19,enter,pharma,1.0,0.7578671328671328,LLY|NVO|BMY
2019-09-19,enter,oil_exploration,2.0,0.7526223776223776,COP|USO|EOG
2019-09-19,enter,biotech,3.0,0.7473776223776224,MRNA|ALNY|BIIB
2019-09-20,exit,oil_exploration,10.0,0.6643356643356643,COP|USO|EOG
2019-09-20,enter,workflow_software,3.0,0.8072552447552447,NOW|TEAM|DOCU
2019-09-23,exit,pharma,11.0,0.6660839160839161,LLY|NVO|BMY
2019-09-23,exit,biotech,10.0,0.6708916083916083,MRNA|ALNY|BIIB
2019-09-23,exit,workflow_software,18.0,0.527534965034965,NOW|TEAM|DOCU
2019-09-23,enter,consumer_staples,1.0,0.7932692307692308,DLTR|PG|WMT
2019-09-23,enter,gold,2.0,0.7530594405594406,PAAS|AEM|NEM
2019-09-24,enter,insurance,1.0,0.812937062937063,PGR|CB|ALL
2019-09-24,enter,medtech,3.0,0.7263986013986015,ISRG|MDT|JNJ
2019-09-25,exit,cloud,14.0,0.5751748251748251,EQIX|TEAM|NOW
2019-09-25,exit,gold,21.0,0.4973776223776223,PAAS|AEM|NEM
2019-09-25,exit,insurance,20.0,0.5367132867132868,PGR|CB|ALL
2019-09-25,exit,medtech,25.0,0.45716783216783213,ISRG|MDT|JNJ
2019-09-25,enter,semis,1.0,0.7473776223776224,LRCX|TSM|MPWR
2019-09-25,enter,ai_infrastructure,2.0,0.7381993006993006,TSM|MPWR|KLAC
2019-09-25,enter,data_centers,3.0,0.6848776223776225,EQIX|DLR|DELL
2019-09-26,exit,data_centers,11.0,0.6564685314685316,EQIX|DLR|DELL
2019-09-26,enter,insurance,1.0,0.8090034965034965,PGR|CB|ALL
2019-09-27,exit,semis,13.0,0.5909090909090909,LRCX|TSM|MPWR
2019-09-27,exit,ai_infrastructure,20.0,0.5192307692307692,TSM|MPWR|KLAC
2019-09-27,enter,robotics,1.0,0.8500874125874127,EMR|DE|ROK
2019-09-27,enter,regional_banks,3.0,0.7753496503496504,TFC|USB|KEY
2019-09-30,exit,regional_banks,16.0,0.56993006993007,TFC|USB|KEY
2019-09-30,enter,vertical_software,1.0,0.7591783216783216,ORCL|PTC|LDOS
2019-09-30,enter,fintech,2.0,0.7421328671328672,XYZ|FIS|PYPL
2019-09-30,enter,payments,3.0,0.7381993006993007,XYZ|FIS|AXP
2019-10-01,exit,insurance,28.0,0.43006993006993005,PGR|CB|ALL
2019-10-01,exit,vertical_software,21.0,0.5026223776223776,ORCL|PTC|LDOS
2019-10-01,exit,fintech,13.0,0.6027097902097902,XYZ|FIS|PYPL
2019-10-01,enter,semis,1.0,0.8317307692307694,TSM|TXN|MCHP
2019-10-01,enter,autos,3.0,0.7652972027972029,TSLA|TXN|MCHP
2019-10-02,exit,robotics,12.0,0.6018356643356644,EMR|DE|ROK
2019-10-02,exit,payments,11.0,0.604458041958042,XYZ|FIS|AXP
2019-10-02,exit,semis,28.0,0.45367132867132876,TSM|TXN|MCHP
2019-10-02,enter,pharma,2.0,0.7469405594405595,JNJ|BMY|ABBV
2019-10-02,enter,medtech,3.0,0.7303321678321677,JNJ|TMO|EW
2019-10-03,exit,autos,29.0,0.3562062937062937,TSLA|TXN|MCHP
2019-10-03,enter,workflow_software,1.0,0.755681818181818,HUBS|TEAM|DOCU
2019-10-03,enter,dev_tools,2.0,0.7242132867132868,MDB|TEAM|CDNS
2019-10-03,enter,cloud,3.0,0.7097902097902098,DLR|AKAM|MDB
2019-10-04,exit,workflow_software,9.0,0.6319930069930069,HUBS|TEAM|DOCU
2019-10-04,enter,semis,2.0,0.7534965034965035,TER|NVDA|TSM
2019-10-04,enter,business_apps,3.0,0.7246503496503496,WDAY|INTU|ORCL
2019-10-07,exit,consumer_staples,18.0,0.5463286713286712,DLTR|PG|WMT
2019-10-07,exit,pharma,12.0,0.6376748251748251,JNJ|BMY|ABBV
2019-10-07,exit,medtech,17.0,0.5603146853146853,JNJ|TMO|EW
2019-10-07,enter,workflow_software,1.0,0.8631993006993007,HUBS|NOW|DOCU
2019-10-07,enter,uranium,2.0,0.7805944055944054,LEU|UEC|UUUU
2019-10-07,enter,nuclear,3.0,0.7701048951048951,LEU|UEC|VST
2019-10-08,exit,dev_tools,15.0,0.5625,MDB|TEAM|CDNS
2019-10-08,exit,semis,23.0,0.44449300699300703,TER|NVDA|TSM
2019-10-08,exit,business_apps,12.0,0.6206293706293706,WDAY|INTU|ORCL
2019-10-08,exit,workflow_software,14.0,0.5869755244755245,HUBS|NOW|DOCU
2019-10-08,enter,gold,3.0,0.7089160839160837,FNV|WPM|NEM
2019-10-09,exit,gold,24.0,0.4532342657342657,FNV|WPM|NEM
2019-10-09,enter,business_apps,2.0,0.7268356643356643,DOCU|ORCL|HUBS
2019-10-09,enter,fintech,3.0,0.7198426573426573,MA|XYZ|V
2019-10-10,exit,cloud,22.0,0.4501748251748252,DLR|AKAM|MDB
2019-10-10,exit,fintech,13.0,0.5454545454545454,MA|XYZ|V
2019-10-10,enter,mega_banks,1.0,0.7609265734265733,C|BAC|JPM
2019-10-10,enter,regional_banks,3.0,0.7233391608391608,TFC|PNC|COF
2019-10-11,exit,uranium,20.0,0.5065559440559441,LEU|UEC|UUUU
2019-10-11,exit,nuclear,23.0,0.458041958041958,LEU|UEC|VST
2019-10-11,exit,regional_banks,9.0,0.6407342657342657,TFC|PNC|COF
2019-10-11,enter,robotics,2.0,0.7613636363636364,TSLA|CAT|ROK
2019-10-11,enter,autos,3.0,0.7465034965034966,TSLA|MCHP|TM
2019-10-14,exit,business_apps,20.0,0.5048076923076923,DOCU|ORCL|HUBS
2019-10-14,exit,robotics,9.0,0.6354895104895105,TSLA|CAT|ROK
2019-10-14,enter,fintech,2.0,0.784965034965035,GPN|MA|V
2019-10-14,enter,asset_managers,3.0,0.7416958041958043,MS|BLK|GS
2019-10-15,enter,semis,1.0,0.7963286713286714,NVDA|AMAT|ON
2019-10-15,enter,regional_banks,3.0,0.7674825174825175,FITB|PNC|TFC
2019-10-16,exit,autos,11.0,0.6306818181818182,TSLA|MCHP|TM
2019-10-16,exit,fintech,21.0,0.49606643356643365,GPN|MA|V
2019-10-16,exit,semis,9.0,0.6486013986013985,NVDA|AMAT|ON
2019-10-16,enter,consumer_internet,1.0,0.8662587412587412,NTES|BIDU|NFLX
2019-10-17,exit,regional_banks,15.0,0.5332167832167832,FITB|PNC|TFC
2019-10-17,enter,robotics,1.0,0.7701048951048951,CGNX|ZBRA|CAT
2019-10-17,enter,data_centers,3.0,0.7460664335664335,PSTG|NTAP|PWR
2019-10-18,exit,consumer_internet,13.0,0.5668706293706294,NTES|BIDU|NFLX
2019-10-18,enter,regional_banks,1.0,0.8540466886055121,PNC|USB|FITB
2019-10-22,exit,robotics,10.0,0.5633741258741258,CGNX|ZBRA|CAT
2019-10-22,enter,oil_exploration,1.0,0.7574300699300699,OXY|COP|USO
2019-10-22,enter,biotech,2.0,0.756118881118881,BIIB|ALNY|VRTX
2019-10-23,exit,data_centers,12.0,0.5253496503496503,PSTG|NTAP|PWR
2019-10-24,exit,mega_banks,13.0,0.5799825174825175,C|BAC|JPM
2019-10-24,exit,asset_managers,12.0,0.5821678321678321,MS|BLK|GS
2019-10-24,exit,regional_banks,9.0,0.6228146853146853,PNC|USB|FITB
2019-10-24,exit,oil_exploration,10.0,0.618006993006993,OXY|COP|USO
2019-10-24,enter,defense,2.0,0.6708916083916083,RTX|KTOS|TDG
2019-10-24,enter,robotics,3.0,0.6682692307692308,TSLA|TER|ROK
2019-10-25,exit,biotech,10.0,0.6433566433566434,BIIB|ALNY|VRTX
2019-10-25,exit,defense,25.0,0.4020979020979021,RTX|KTOS|TDG
2019-10-25,enter,semis,2.0,0.7596153846153847,LRCX|INTC|MU
2019-10-25,enter,ai_infrastructure,3.0,0.7456293706293705,AMAT|NVDA|MU
2019-10-28,enter,biotech,1.0,0.8059440559440558,CRSP|BIIB|VRTX
2019-10-29,exit,semis,18.0,0.5673076923076923,LRCX|INTC|MU
2019-10-29,exit,ai_infrastructure,20.0,0.5463286713286714,AMAT|NVDA|MU
2019-10-29,enter,dev_tools,3.0,0.6835664335664335,DDOG|CDNS|MDB
2019-10-30,exit,robotics,17.0,0.5926573426573427,TSLA|TER|ROK
2019-10-30,exit,biotech,10.0,0.6381118881118881,CRSP|BIIB|VRTX
2019-10-30,enter,cloud,1.0,0.7539335664335666,MDB|TEAM|NET
2019-10-30,enter,cybersecurity,2.0,0.7460664335664335,TENB|NET|FTNT
2019-10-31,exit,dev_tools,16.0,0.5402097902097902,DDOG|CDNS|MDB
2019-10-31,exit,cloud,13.0,0.5694930069930069,MDB|TEAM|NET
2019-10-31,enter,gold,1.0,0.8343531468531468,PAAS|AEM|WPM
2019-10-31,enter,pharma,2.0,0.8138111888111887,BMY|LLY|AMGN
2019-10-31,enter,biotech,3.0,0.7696678321678323,NTLA|AMGN|CRSP
2019-11-01,exit,cybersecurity,10.0,0.6402972027972029,TENB|NET|FTNT
2019-11-01,exit,gold,28.0,0.354020979020979,PAAS|AEM|WPM
2019-11-01,enter,workflow_software,2.0,0.7163461538461539,CRM|ZM|TEAM
2019-11-01,enter,china_internet,3.0,0.701048951048951,BILI|TCOM|KWEB
2019-11-04,exit,pharma,15.0,0.5454545454545454,BMY|LLY|AMGN
2019-11-04,exit,biotech,14.0,0.548513986013986,NTLA|AMGN|CRSP
2019-11-04,exit,workflow_software,31.0,0.3317307692307692,CRM|ZM|TEAM
2019-11-04,enter,oil_exploration,2.0,0.7744755244755245,DVN|OXY|APA
2019-11-04,enter,uranium,3.0,0.7596153846153846,LEU|CCJ|UUUU
2019-11-05,exit,uranium,12.0,0.6210664335664335,LEU|CCJ|UUUU
2019-11-05,enter,regional_banks,1.0,0.7508741258741258,KEY|COF|HBAN
2019-11-05,enter,aerospace,2.0,0.7478146853146853,HWM|HON|GE
2019-11-05,enter,vertical_software,3.0,0.694493006993007,PTC|CDNS|ADSK
2019-11-06,exit,oil_exploration,17.0,0.5388986013986014,DVN|OXY|APA
2019-11-06,exit,vertical_software,16.0,0.5393356643356644,PTC|CDNS|ADSK
2019-11-06,enter,insurance,1.0,0.8015734265734265,MET|AIG|ALL
2019-11-07,exit,aerospace,16.0,0.5257867132867133,HWM|HON|GE
2019-11-07,enter,mega_banks,1.0,0.8111888111888111,BAC|GS|C
2019-11-07,enter,oil_exploration,2.0,0.7281468531468531,COP|EOG|DVN
2019-11-08,exit,regional_banks,14.0,0.5681818181818182,KEY|COF|HBAN
2019-11-08,exit,oil_exploration,23.0,0.44361888111888115,COP|EOG|DVN
2019-11-11,exit,china_internet,21.0,0.5218531468531469,BILI|TCOM|KWEB
2019-11-11,exit,mega_banks,28.0,0.47027972027972026,BAC|GS|C
2019-11-11,enter,fintech,1.0,0.7373251748251749,XYZ|GPN|FIS
2019-11-11,enter,payments,2.0,0.7272727272727272,XYZ|COF|GPN
2019-11-12,exit,fintech,13.0,0.5861013986013986,XYZ|GPN|FIS
2019-11-12,exit,payments,16.0,0.5633741258741258,XYZ|COF|GPN
2019-11-12,enter,medtech,1.0,0.7460664335664335,DXCM|EW|BSX
2019-11-12,enter,biotech,3.0,0.7425699300699301,CRSP|MRNA|ABBV
2019-11-13,exit,insurance,22.0,0.46940559440559443,MET|AIG|ALL
2019-11-13,enter,dev_tools,1.0,0.7552447552447551,DDOG|PTC|MDB
2019-11-13,enter,cloud,2.0,0.7115384615384616,DDOG|WDAY|MSFT
2019-11-14,exit,medtech,10.0,0.6682692307692308,DXCM|EW|BSX
2019-11-14,exit,dev_tools,16.0,0.5821678321678323,DDOG|PTC|MDB
2019-11-14,enter,cybersecurity,1.0,0.7950174825174825,CRWD|ZS|PANW
2019-11-14,enter,defense,2.0,0.7578671328671328,HEI|HWM|AXON
2019-11-14,enter,payments,3.0,0.7486888111888111,GPN|FIS|MA
2019-11-15,exit,payments,12.0,0.6376748251748252,GPN|FIS|MA
2019-11-15,enter,medtech,1.0,0.8413461538461539,MDT|EW|DXCM
2019-11-15,enter,fintech,2.0,0.770104895104895,GPN|FIS|INTU
2019-11-18,exit,defense,10.0,0.6433566433566434,HEI|HWM|AXON
2019-11-18,exit,fintech,13.0,0.6105769230769231,GPN|FIS|INTU
2019-11-19,exit,cybersecurity,9.0,0.6949300699300699,CRWD|ZS|PANW
2019-11-19,enter,business_apps,2.0,0.7832167832167832,ADSK|INTU|WDAY
2019-11-19,enter,dev_tools,3.0,0.777972027972028,MDB|CDNS|TEAM
2019-11-20,exit,dev_tools,9.0,0.6197552447552447,MDB|CDNS|TEAM
2019-11-20,enter,workflow_software,1.0,0.7801573426573427,NOW|WDAY|ZM
2019-11-21,exit,business_apps,11.0,0.6258741258741258,ADSK|INTU|WDAY
2019-11-21,exit,workflow_software,9.0,0.6337412587412588,NOW|WDAY|ZM
2019-11-21,enter,oil_exploration,2.0,0.7937062937062936,COP|USO|DVN
2019-11-21,enter,consumer_internet,3.0,0.7408216783216783,NFLX|BILI|UBER
2019-11-22,exit,medtech,21.0,0.4908216783216782,MDT|EW|DXCM
2019-11-22,exit,oil_exploration,24.0,0.44580419580419584,COP|USO|DVN
2019-11-22,enter,travel,1.0,0.8116258741258742,UBER|HLT|DIS
2019-11-25,enter,asset_managers,2.0,0.7215909090909091,SCHW|MS|GS
2019-11-25,enter,pharma,3.0,0.7189685314685316,GILD|PFE|AMGN
2019-11-26,exit,consumer_internet,11.0,0.6389860139860141,NFLX|BILI|UBER
2019-11-26,exit,asset_managers,10.0,0.6468531468531468,SCHW|MS|GS
2019-11-26,exit,pharma,16.0,0.5930944055944056,GILD|PFE|AMGN
2019-11-26,enter,business_apps,1.0,0.7819055944055944,ADSK|WDAY|DOCU
2019-11-26,enter,workflow_software,2.0,0.7373251748251748,DOCU|WDAY|ZM
2019-11-27,exit,biotech,9.0,0.6752622377622377,CRSP|MRNA|ABBV
2019-11-27,exit,cloud,11.0,0.6630244755244755,DDOG|WDAY|MSFT
2019-11-27,exit,business_apps,19.0,0.5668706293706294,ADSK|WDAY|DOCU
2019-11-27,exit,workflow_software,26.0,0.40034965034965037,DOCU|WDAY|ZM
2019-11-27,enter,asset_managers,1.0,0.7998251748251748,SCHW|BX|TROW
2019-11-27,enter,pharma,2.0,0.7360139860139859,PFE|AMGN|MRK
2019-11-27,enter,vertical_software,3.0,0.7124125874125874,ADSK|CDNS|PTC
2019-11-29,exit,asset_managers,17.0,0.5187937062937064,SCHW|BX|TROW
2019-11-29,exit,pharma,16.0,0.5231643356643356,PFE|AMGN|MRK
2019-11-29,exit,vertical_software,9.0,0.6660839160839161,ADSK|CDNS|PTC
2019-11-29,enter,biotech,2.0,0.7674825174825175,CRSP|NTLA|REGN
2019-11-29,enter,consumer,3.0,0.7137237762237763,DRI|CMG|SBUX
2019-12-02,exit,travel,10.0,0.5965909090909091,UBER|HLT|DIS
2019-12-02,enter,restaurants,1.0,0.6722027972027973,DRI|CMG|DPZ
2019-12-02,enter,gold,2.0,0.6704545454545453,PAAS|FNV|NEM
2019-12-03,enter,business_apps,2.0,0.7596153846153845,HUBS|CRM|ADSK
2019-12-04,exit,consumer,16.0,0.5336538461538461,DRI|CMG|SBUX
2019-12-04,exit,restaurants,9.0,0.6241258741258741,DRI|CMG|DPZ
2019-12-04,exit,gold,10.0,0.5847902097902098,PAAS|FNV|NEM
2019-12-04,exit,business_apps,30.0,0.2897727272727273,HUBS|CRM|ADSK
2019-12-04,enter,consumer_staples,1.0,0.7858391608391607,KR|PG|KO
2019-12-04,enter,pharma,2.0,0.7683566433566434,JNJ|MRK|BMY
2019-12-04,enter,regional_banks,3.0,0.7373251748251748,HBAN|KEY|COF
2019-12-05,exit,biotech,11.0,0.5834790209790209,CRSP|NTLA|REGN
2019-12-05,exit,pharma,9.0,0.631118881118881,JNJ|MRK|BMY
2019-12-05,enter,gold,2.0,0.7591783216783218,PAAS|NEM|AEM
2019-12-05,enter,medtech,3.0,0.7111013986013985,JNJ|BSX|TMO
2019-12-06,exit,consumer_staples,10.0,0.6354895104895105,KR|PG|KO
2019-12-06,exit,gold,15.0,0.4995629370629371,PAAS|NEM|AEM
2019-12-06,enter,oil_exploration,1.0,0.7884615384615385,FANG|USO|COP
2019-12-06,enter,mega_banks,2.0,0.7666083916083917,BAC|GS|JPM
2019-12-09,exit,medtech,19.0,0.46590909090909083,JNJ|BSX|TMO
2019-12-09,exit,mega_banks,14.0,0.5458916083916083,BAC|GS|JPM
2019-12-09,enter,consumer_staples,1.0,0.7906468531468531,MDLZ|PG|PEP
2019-12-09,enter,insurance,3.0,0.7368881118881119,CB|PGR|TRV
2019-12-10,exit,consumer_staples,18.0,0.47596153846153844,MDLZ|PG|PEP
2019-12-10,exit,insurance,16.0,0.49388111888111885,CB|PGR|TRV
2019-12-10,enter,mega_banks,2.0,0.7749125874125873,C|AXP|GS
2019-12-11,exit,regional_banks,15.0,0.5524475524475524,HBAN|KEY|COF
2019-12-11,exit,oil_exploration,19.0,0.5332167832167832,FANG|USO|COP
2019-12-11,exit,mega_banks,18.0,0.5423951048951049,C|AXP|GS
2019-12-11,enter,semis,1.0,0.7338286713286714,MU|TSM|LRCX
2019-12-11,enter,defense,2.0,0.6848776223776223,LDOS|HWM|RTX
2019-12-11,enter,autos,3.0,0.6796328671328672,TSLA|ON|MCHP
2019-12-12,exit,defense,22.0,0.4016608391608391,LDOS|HWM|RTX
2019-12-12,enter,oil_exploration,2.0,0.8015734265734267,DVN|EOG|APA
2019-12-12,enter,regional_banks,3.0,0.7819055944055944,KEY|HBAN|TFC
2019-12-13,exit,autos,12.0,0.548076923076923,TSLA|ON|MCHP
2019-12-13,exit,oil_exploration,26.0,0.4436188811188811,DVN|EOG|APA
2019-12-13,exit,regional_banks,10.0,0.5646853146853147,KEY|HBAN|TFC
2019-12-13,enter,payments,1.0,0.715472027972028,AXP|MA|PYPL
2019-12-13,enter,fintech,3.0,0.6665209790209791,MA|PYPL|SCHW
2019-12-16,exit,payments,18.0,0.48208041958041964,AXP|MA|PYPL
2019-12-16,exit,fintech,16.0,0.49956293706293703,MA|PYPL|SCHW
2019-12-16,enter,travel,1.0,0.7347027972027972,UBER|TCOM|MAR
2019-12-16,enter,autos,2.0,0.722465034965035,TSLA|F|MCHP
2019-12-17,exit,autos,12.0,0.6158216783216783,TSLA|F|MCHP
2019-12-17,enter,ai_infrastructure,2.0,0.7631118881118882,MU|TSM|MPWR
2019-12-17,enter,mega_banks,3.0,0.6888111888111887,GS|AXP|BAC
2019-12-18,exit,mega_banks,9.0,0.5633741258741259,GS|AXP|BAC
2019-12-18,enter,autos,1.0,0.6857517482517482,TSLA|GM|ON
2019-12-18,enter,oil_exploration,2.0,0.6783216783216783,EOG|DVN|APA
2019-12-18,enter,data_centers,3.0,0.6560314685314684,NVDA|CSCO|WDC
2019-12-19,exit,semis,9.0,0.5996503496503497,MU|TSM|LRCX
2019-12-19,exit,travel,17.0,0.48907342657342656,UBER|TCOM|MAR
2019-12-19,exit,oil_exploration,14.0,0.5297202797202797,EOG|DVN|APA
2019-12-19,enter,ai_apps,1.0,0.8081293706293706,TSLA|PINS|BIDU
2019-12-19,enter,consumer_internet,2.0,0.6577797202797202,NFLX|BIDU|META
2019-12-20,exit,autos,10.0,0.645541958041958,TSLA|GM|ON
2019-12-20,exit,data_centers,9.0,0.6656468531468532,NVDA|CSCO|WDC
2019-12-20,exit,consumer_internet,11.0,0.6337412587412586,NFLX|BIDU|META
2019-12-20,enter,medtech,1.0,0.791958041958042,JNJ|EXAS|SYK
2019-12-20,enter,pharma,2.0,0.7731643356643357,LLY|JNJ|PFE
2019-12-20,enter,oil_exploration,3.0,0.7425699300699301,DVN|EOG|FANG
2019-12-23,exit,ai_infrastructure,14.0,0.5301573426573427,MU|TSM|MPWR
2019-12-23,exit,ai_apps,15.0,0.5288461538461539,TSLA|PINS|BIDU
2019-12-23,enter,data_centers,2.0,0.6997377622377622,WDC|NVDA|SMCI
2019-12-24,exit,medtech,15.0,0.5039335664335665,JNJ|EXAS|SYK
2019-12-24,exit,pharma,29.0,0.36363636363636365,LLY|JNJ|PFE
2019-12-24,enter,gold,2.0,0.7740384615384616,WPM|PAAS|FNV
2019-12-24,enter,uranium,3.0,0.708916083916084,LEU|NXE|CCJ
2019-12-26,exit,uranium,18.0,0.4977118469765529,LEU|NXE|CCJ
2019-12-26,enter,ai_apps,2.0,0.708273344302756,TSLA|SNAP|NOW
2019-12-27,exit,data_centers,25.0,0.4628496503496503,WDC|NVDA|SMCI
2019-12-27,exit,gold,10.0,0.6298076923076923,WPM|PAAS|FNV
2019-12-27,enter,retail,1.0,0.7945804195804195,PDD|AMZN|TGT
2019-12-27,enter,semis,2.0,0.7482517482517482,INTC|AMD|ON
2019-12-30,exit,ai_apps,12.0,0.5511363636363636,TSLA|SNAP|NOW
2019-12-30,exit,semis,17.0,0.45760489510489516,INTC|AMD|ON
2019-12-30,enter,gold,1.0,0.8548951048951047,WPM|PAAS|AEM
2019-12-31,exit,retail,18.0,0.5498251748251749,PDD|AMZN|TGT
2019-12-31,enter,payments,1.0,0.7408216783216784,FIS|MA|GPN
2019-12-31,enter,restaurants,2.0,0.7373251748251749,CMG|DPZ|MCD
2019-12-31,enter,insurance,3.0,0.7333916083916083,ALL|CB|AIG
2020-01-02,exit,oil_exploration,32.0,0.19580419580419578,DVN|EOG|FANG
2020-01-02,exit,gold,30.0,0.37980769230769224,WPM|PAAS|AEM
2020-01-02,exit,payments,10.0,0.6625874125874126,FIS|MA|GPN
2020-01-02,exit,restaurants,12.0,0.6477272727272727,CMG|DPZ|MCD
2020-01-02,exit,insurance,15.0,0.6009615384615383,ALL|CB|AIG
2020-01-02,enter,china_internet,1.0,0.8937937062937061,BILI|NTES|PDD
2020-01-02,enter,consumer_internet,2.0,0.8417832167832169,BILI|NTES|BIDU
2020-01-02,enter,ai_apps,3.0,0.7749125874125874,BIDU|SNAP|AXON
2020-01-03,exit,consumer_internet,9.0,0.6503496503496504,BILI|NTES|BIDU
2020-01-03,enter,aerospace,1.0,0.806381118881119,NOC|LMT|GE
2020-01-03,enter,defense,2.0,0.804632867132867,KTOS|NOC|LMT
2020-01-06,exit,china_internet,10.0,0.6577797202797202,BILI|NTES|PDD
2020-01-06,enter,dev_tools,1.0,0.8142482517482518,DDOG|TEAM|MDB
2020-01-06,enter,cybersecurity,2.0,0.7880244755244755,CRWD|TENB|FTNT
2020-01-06,enter,cloud,3.0,0.7447552447552447,DDOG|TEAM|ZM
2020-01-07,exit,aerospace,12.0,0.6573426573426573,NOC|LMT|GE
2020-01-07,exit,defense,16.0,0.6018356643356644,KTOS|NOC|LMT
2020-01-07,exit,cybersecurity,10.0,0.6722027972027972,CRWD|TENB|FTNT
2020-01-07,enter,workflow_software,1.0,0.8579545454545454,CRM|ZM|TEAM
2020-01-07,enter,consumer_internet,2.0,0.8304195804195805,BILI|UBER|BIDU
2020-01-07,enter,china_internet,3.0,0.7976398601398601,TCOM|BILI|JD
2020-01-08,exit,ai_apps,9.0,0.6861888111888111,BIDU|SNAP|AXON
2020-01-08,exit,dev_tools,13.0,0.5791083916083916,DDOG|TEAM|MDB
2020-01-08,enter,business_apps,3.0,0.7937062937062935,HUBS|CRM|WDAY
2020-01-09,exit,consumer_internet,9.0,0.7089160839160839,BILI|UBER|BIDU
2020-01-09,exit,china_internet,14.0,0.6459790209790209,TCOM|BILI|JD
2020-01-09,exit,business_apps,11.0,0.6953671328671328,HUBS|CRM|WDAY
2020-01-09,enter,medtech,1.0,0.7919580419580421,MDT|DXCM|EXAS
2020-01-09,enter,oil_exploration,2.0,0.7871503496503496,OXY|APA|EOG
2020-01-10,exit,medtech,13.0,0.6381118881118881,MDT|DXCM|EXAS
2020-01-10,exit,oil_exploration,21.0,0.5061188811188811,OXY|APA|EOG
2020-01-10,enter,cybersecurity,1.0,0.8675699300699301,ZS|CRWD|OKTA
2020-01-10,enter,consumer_internet,2.0,0.7967657342657342,BIDU|UBER|TME
2020-01-13,exit,consumer_internet,18.0,0.569493006993007,BIDU|UBER|TME
2020-01-13,enter,fintech,2.0,0.7805944055944056,XYZ|PYPL|V
2020-01-13,enter,payments,3.0,0.7784090909090908,XYZ|PYPL|V
2020-01-14,exit,cloud,15.0,0.5716783216783217,DDOG|TEAM|ZM
2020-01-14,exit,workflow_software,23.0,0.46372377622377625,CRM|ZM|TEAM
2020-01-14,exit,fintech,16.0,0.5668706293706294,XYZ|PYPL|V
2020-01-14,enter,pharma,2.0,0.7749125874125873,LLY|BMY|NVO
2020-01-14,enter,mega_banks,3.0,0.7071678321678323,GS|AXP|C
2020-01-15,exit,mega_banks,22.0,0.4772727272727273,GS|AXP|C
2020-01-16,exit,pharma,19.0,0.5249125874125874,LLY|BMY|NVO
2020-01-16,enter,semis,1.0,0.8181818181818182,SMCI|MRVL|LRCX
2020-01-16,enter,asset_managers,2.0,0.7993881118881119,MS|BX|BLK
2020-01-17,exit,cybersecurity,14.0,0.6284965034965035,ZS|CRWD|OKTA
2020-01-17,exit,semis,11.0,0.6529720279720279,SMCI|MRVL|LRCX
2020-01-17,enter,fintech,1.0,0.8221153846153846,FUTU|V|MA
2020-01-17,enter,insurance,2.0,0.7910839160839161,TRV|PGR|AIG
2020-01-21,exit,insurance,18.0,0.5262237762237763,TRV|PGR|AIG
2020-01-21,enter,gold,2.0,0.7486888111888111,FNV|AEM|WPM
2020-01-22,exit,gold,18.0,0.5048076923076924,FNV|AEM|WPM
2020-01-23,exit,payments,17.0,0.5305944055944057,XYZ|PYPL|V
2020-01-23,exit,fintech,16.0,0.5362762237762239,FUTU|V|MA
2020-01-23,enter,semis,1.0,0.7867132867132868,TER|INTC|MU
2020-01-23,enter,robotics,2.0,0.7351398601398602,TER|ISRG|TSLA
2020-01-23,enter,restaurants,3.0,0.7045454545454546,TXRH|YUM|DRI
2020-01-24,exit,asset_managers,27.0,0.395979020979021,MS|BX|BLK
2020-01-24,exit,robotics,29.0,0.33741258741258745,TER|ISRG|TSLA
2020-01-24,enter,dev_tools,1.0,0.770979020979021,TEAM|PTC|DDOG
2020-01-24,enter,payments,3.0,0.7115384615384616,AXP|XYZ|V
2020-01-27,exit,semis,22.0,0.4654720279720279,TER|INTC|MU
2020-01-27,exit,restaurants,10.0,0.6656468531468531,TXRH|YUM|DRI
2020-01-27,exit,dev_tools,16.0,0.569055944055944,TEAM|PTC|DDOG
2020-01-27,exit,payments,17.0,0.5541958041958042,AXP|XYZ|V
2020-01-27,enter,consumer_staples,1.0,0.7600524475524474,KO|COST|PG
2020-01-27,enter,biotech,2.0,0.7478146853146853,MRNA|GILD|ALNY
2020-01-27,enter,data_centers,3.0,0.7316433566433568,VRT|ANET|PSTG
2020-01-28,exit,consumer_staples,20.0,0.5332167832167832,KO|COST|PG
2020-01-28,exit,biotech,21.0,0.5240384615384616,MRNA|GILD|ALNY
2020-01-28,exit,data_centers,11.0,0.6503496503496503,VRT|ANET|PSTG
2020-01-28,enter,ai_infrastructure,1.0,0.736451048951049,VRT|ANET|MSFT
2020-01-28,enter,payments,2.0,0.715034965034965,XYZ|AXP|PYPL
2020-01-28,enter,defense,3.0,0.7041083916083918,HWM|LMT|LHX
2020-01-29,exit,ai_infrastructure,23.0,0.5048076923076923,VRT|ANET|MSFT
2020-01-29,exit,defense,11.0,0.6555944055944057,HWM|LMT|LHX
2020-01-29,enter,restaurants,1.0,0.7832167832167832,TXRH|MCD|DRI
2020-01-29,enter,dev_tools,2.0,0.7403846153846154,MDB|TEAM|DDOG
2020-01-29,enter,cloud,3.0,0.7325174825174825,DDOG|MDB|DOCU
2020-01-30,exit,restaurants,21.0,0.44922357054709994,TXRH|MCD|DRI
2020-01-30,enter,workflow_software,1.0,0.8375925545043191,NOW|DOCU|TEAM
2020-01-31,exit,payments,28.0,0.4536713286713286,XYZ|AXP|PYPL
2020-01-31,exit,dev_tools,19.0,0.5651223776223776,MDB|TEAM|DDOG
2020-01-31,enter,consumer_staples,1.0,0.763986013986014,CL|MDLZ|KO
2020-02-03,exit,consumer_staples,23.0,0.5017482517482518,CL|MDLZ|KO
2020-02-03,enter,ai_apps,3.0,0.735576923076923,TSLA|GOOGL|NOW
2020-02-04,exit,ai_apps,9.0,0.6726398601398601,TSLA|GOOGL|NOW
2020-02-04,enter,cybersecurity,3.0,0.7215909090909091,GEN|TENB|OKTA
2020-02-05,exit,cloud,11.0,0.6118881118881119,DDOG|MDB|DOCU
2020-02-05,exit,workflow_software,12.0,0.6048951048951049,NOW|DOCU|TEAM
2020-02-05,exit,cybersecurity,22.0,0.4265734265734266,GEN|TENB|OKTA
2020-02-05,enter,insurance,1.0,0.7714160839160839,CB|ALL|AIG
2020-02-05,enter,regional_banks,2.0,0.7600524475524475,KEY|FITB|COF
2020-02-05,enter,pharma,3.0,0.7062937062937064,NVO|LLY|GILD
2020-02-06,exit,insurance,11.0,0.5804195804195804,CB|ALL|AIG
2020-02-06,exit,regional_banks,27.0,0.41127622377622375,KEY|FITB|COF
2020-02-06,enter,china_internet,1.0,0.8173076923076923,BILI|TME|NTES
2020-02-06,enter,consumer_internet,2.0,0.8059440559440562,BILI|AMZN|TME
2020-02-06,enter,travel,3.0,0.6984265734265734,DIS|BKNG|HLT
2020-02-07,exit,china_internet,9.0,0.6197552447552447,BILI|TME|NTES
2020-02-07,exit,travel,12.0,0.597465034965035,DIS|BKNG|HLT
2020-02-07,enter,biotech,1.0,0.8173076923076924,MRNA|ABBV|BIIB
2020-02-07,enter,insurance,3.0,0.7325174825174825,AIG|CB|MET
2020-02-10,exit,consumer_internet,13.0,0.5616258741258742,BILI|AMZN|TME
2020-02-10,enter,ai_infrastructure,2.0,0.7823426573426573,NVDA|MSFT|AMD
2020-02-10,enter,semis,3.0,0.763986013986014,NVDA|AMD|MCHP
2020-02-11,exit,pharma,12.0,0.5817307692307693,NVO|LLY|GILD
2020-02-12,exit,insurance,33.0,0.25611888111888115,AIG|CB|MET
2020-02-12,exit,ai_infrastructure,15.0,0.5712412587412586,NVDA|MSFT|AMD
2020-02-12,exit,semis,14.0,0.5751748251748251,NVDA|AMD|MCHP
2020-02-12,enter,business_apps,1.0,0.7766608391608392,DOCU|HUBS|WDAY
2020-02-12,enter,dev_tools,2.0,0.7268356643356643,DDOG|CDNS|MDB
2020-02-12,enter,consumer_internet,3.0,0.708041958041958,BILI|UBER|PINS
2020-02-13,exit,biotech,27.0,0.42395104895104896,MRNA|ABBV|BIIB
2020-02-13,exit,business_apps,11.0,0.6472902097902098,DOCU|HUBS|WDAY
2020-02-13,exit,dev_tools,9.0,0.6590909090909091,DDOG|CDNS|MDB
2020-02-13,exit,consumer_internet,26.0,0.4283216783216783,BILI|UBER|PINS
2020-02-13,enter,cybersecurity,1.0,0.8199300699300699,GEN|ZS|AKAM
2020-02-13,enter,workflow_software,2.0,0.7836538461538461,HUBS|DOCU|TEAM
2020-02-13,enter,fintech,3.0,0.721153846153846,FIS|XYZ|V
2020-02-14,exit,cybersecurity,14.0,0.6284965034965035,GEN|ZS|AKAM
2020-02-14,enter,payments,2.0,0.7242132867132868,FIS|MA|V
2020-02-18,exit,payments,9.0,0.652972027972028,FIS|MA|V
2020-02-18,enter,retail,1.0,0.819493006993007,KR|JD|DG
2020-02-18,enter,consumer_staples,3.0,0.7552447552447551,KR|DG|WMT
2020-02-19,exit,fintech,10.0,0.5843531468531468,FIS|XYZ|V
2020-02-19,exit,retail,24.0,0.4982517482517482,KR|JD|DG
2020-02-19,exit,consumer_staples,19.0,0.5052447552447552,KR|DG|WMT
2020-02-19,enter,oil_exploration,1.0,0.7294580419580418,FANG|USO|OXY
2020-02-19,enter,dev_tools,3.0,0.6993006993006993,CDNS|MDB|PTC
2020-02-20,exit,oil_exploration,10.0,0.6569055944055943,FANG|USO|OXY
2020-02-20,exit,dev_tools,30.0,0.3522727272727272,CDNS|MDB|PTC
2020-02-20,enter,gold,1.0,0.7543706293706295,PAAS|WPM|NEM
2020-02-20,enter,medtech,2.0,0.7312062937062935,DXCM|EXAS|ISRG
2020-02-21,exit,workflow_software,19.0,0.5384615384615384,HUBS|DOCU|TEAM
2020-02-21,enter,consumer_staples,1.0,0.8103146853146853,KR|DG|DLTR
2020-02-24,enter,biotech,2.0,0.771416083916084,GILD|REGN|ABBV
2020-02-24,enter,pharma,3.0,0.7325174825174825,GILD|JNJ|ABBV
2020-02-25,exit,medtech,17.0,0.5590034965034966,DXCM|EXAS|ISRG
2020-02-25,enter,restaurants,3.0,0.7521853146853147,DPZ|MCD|TXRH
2020-02-26,enter,retail,3.0,0.6896853146853147,DG|KR|WMT
2020-02-27,exit,restaurants,25.0,0.47115384615384615,DPZ|MCD|TXRH
2020-02-27,exit,retail,12.0,0.6319930069930069,DG|KR|WMT
2020-02-28,exit,gold,20.0,0.5013111888111887,PAAS|WPM|NEM
2020-02-28,exit,consumer_staples,18.0,0.5402097902097902,KR|DG|DLTR
2020-02-28,exit,pharma,12.0,0.6062062937062939,GILD|JNJ|ABBV
2020-02-28,enter,workflow_software,1.0,0.7119755244755245,ZM|DOCU|TEAM
2020-02-28,enter,semis,3.0,0.6966783216783217,KLAC|TSM|NVDA
2020-03-02,exit,workflow_software,11.0,0.5821678321678323,ZM|DOCU|TEAM
2020-03-02,enter,retail,1.0,0.8020104895104896,JD|WMT|PDD
2020-03-02,enter,pharma,3.0,0.693618881118881,GILD|NVO|XLV
2020-03-03,exit,semis,13.0,0.5651223776223776,KLAC|TSM|NVDA
2020-03-03,exit,retail,10.0,0.5791083916083917,JD|WMT|PDD
2020-03-03,enter,uranium,1.0,0.7805944055944056,LEU|UUUU|CCJ
2020-03-03,enter,china_internet,2.0,0.7395104895104896,JD|PDD|KWEB
2020-03-04,exit,uranium,13.0,0.5506993006993006,LEU|UUUU|CCJ
2020-03-04,exit,china_internet,14.0,0.548951048951049,JD|PDD|KWEB
2020-03-04,enter,payments,2.0,0.6857517482517482,PYPL|FIS|XYZ
2020-03-04,enter,semis,3.0,0.6708916083916084,TSM|NVDA|MU
2020-03-05,exit,payments,17.0,0.4978146853146853,PYPL|FIS|XYZ
2020-03-05,enter,retail,3.0,0.6953671328671328,KR|JD|COST
2020-03-06,enter,consumer_staples,1.0,0.8081293706293705,KR|COST|WMT
2020-03-06,enter,gold,2.0,0.7561188811188813,NEM|FNV|GLD
2020-03-09,exit,biotech,10.0,0.5777972027972028,GILD|REGN|ABBV
2020-03-09,exit,semis,13.0,0.5568181818181818,TSM|NVDA|MU
2020-03-10,exit,gold,30.0,0.3933566433566434,NEM|FNV|GLD
2020-03-10,enter,medtech,2.0,0.7032342657342657,JNJ|TMO|DXCM
2020-03-11,exit,retail,9.0,0.6433566433566434,KR|JD|COST
2020-03-11,exit,medtech,11.0,0.6263111888111887,JNJ|TMO|DXCM
2020-03-11,enter,gold,3.0,0.7381993006993006,GLD|GOLD|NEM
2020-03-12,exit,gold,14.0,0.5852272727272727,GLD|GOLD|NEM
2020-03-12,enter,medtech,3.0,0.7189685314685313,TMO|JNJ|EW
2020-03-13,exit,medtech,23.0,0.4938811188811189,TMO|JNJ|EW
2020-03-13,enter,retail,3.0,0.7268356643356644,COST|WMT|KR
2020-03-16,enter,fintech,1.0,0.8181818181818182,PYPL|FUTU|V
2020-03-16,enter,cloud,2.0,0.7788461538461539,AKAM|DLR|EQIX
2020-03-18,exit,fintech,19.0,0.5039335664335663,PYPL|FUTU|V
2020-03-19,exit,pharma,19.0,0.5209790209790209,GILD|NVO|XLV
2020-03-19,exit,retail,10.0,0.5996503496503497,COST|WMT|KR
2020-03-19,enter,mega_banks,1.0,0.7255244755244754,GS|WFC|BAC
2020-03-19,enter,cybersecurity,2.0,0.7132867132867133,ZS|FTNT|AKAM
2020-03-19,enter,business_apps,3.0,0.694493006993007,DOCU|ORCL|ADSK
2020-03-20,exit,mega_banks,33.0,0.2762237762237762,GS|WFC|BAC
2020-03-20,exit,business_apps,10.0,0.6158216783216783,DOCU|ORCL|ADSK
2020-03-20,enter,workflow_software,3.0,0.7364510489510491,ZM|DOCU|TEAM
2020-03-23,exit,consumer_staples,15.0,0.5979020979020979,KR|COST|WMT
2020-03-23,enter,semis,3.0,0.7596153846153847,INTC|MCHP|MU
2020-03-24,exit,cloud,19.0,0.5148601398601399,AKAM|DLR|EQIX
2020-03-24,exit,workflow_software,13.0,0.6136363636363636,ZM|DOCU|TEAM
2020-03-24,enter,restaurants,2.0,0.7412587412587414,DRI|TXRH|CMG
2020-03-24,enter,ai_infrastructure,3.0,0.7338286713286712,NVDA|ANET|NET
2020-03-25,exit,cybersecurity,23.0,0.4689685314685315,ZS|FTNT|AKAM
2020-03-25,exit,semis,12.0,0.6284965034965035,INTC|MCHP|MU
2020-03-25,exit,ai_infrastructure,10.0,0.6341783216783217,NVDA|ANET|NET
2020-03-25,enter,travel,1.0,0.735576923076923,UBER|EXPE|TCOM
2020-03-25,enter,data_centers,2.0,0.7019230769230769,NVDA|ANET|DELL
2020-03-25,enter,defense,3.0,0.6888111888111887,BA|AXON|KTOS
2020-03-26,exit,restaurants,18.0,0.5209790209790209,DRI|TXRH|CMG
2020-03-26,exit,travel,15.0,0.5432692307692308,UBER|EXPE|TCOM
2020-03-26,enter,aerospace,1.0,0.756118881118881,BA|LHX|RTX
2020-03-26,enter,insurance,3.0,0.7451923076923077,ALL|TRV|MET
2020-03-27,enter,consumer,2.0,0.7600524475524476,DRI|YUM|SBUX
2020-03-27,enter,restaurants,3.0,0.7316433566433566,DRI|YUM|SBUX
2020-03-30,exit,defense,15.0,0.5633741258741258,BA|AXON|KTOS
2020-03-30,exit,aerospace,19.0,0.5515734265734265,BA|LHX|RTX
2020-03-30,exit,consumer,16.0,0.5607517482517482,DRI|YUM|SBUX
2020-03-30,exit,restaurants,11.0,0.610576923076923,DRI|YUM|SBUX
2020-03-30,enter,medtech,3.0,0.7041083916083917,DXCM|ISRG|EW
2020-03-31,exit,insurance,16.0,0.5716783216783217,ALL|TRV|MET
2020-03-31,enter,uranium,3.0,0.7316433566433568,UUUU|CCJ|NXE
2020-04-01,exit,data_centers,14.0,0.6188811188811187,NVDA|ANET|DELL
2020-04-01,exit,medtech,16.0,0.548076923076923,DXCM|ISRG|EW
2020-04-01,enter,cybersecurity,1.0,0.7893356643356644,NET|ZS|GEN
2020-04-01,enter,consumer_staples,2.0,0.7797202797202798,DG|KR|PG
2020-04-02,exit,uranium,13.0,0.5699300699300699,UUUU|CCJ|NXE
2020-04-02,enter,oil_exploration,1.0,0.7749125874125874,FANG|DVN|USO
2020-04-02,enter,medtech,2.0,0.7408216783216783,DXCM|JNJ|BSX
2020-04-02,enter,biotech,3.0,0.7395104895104896,MRNA|VRTX|AMGN
2020-04-03,enter,pharma,2.0,0.8055069930069931,GILD|PFE|JNJ
2020-04-03,enter,uranium,3.0,0.7832167832167832,NXE|CCJ|DNN
2020-04-06,exit,cybersecurity,22.0,0.4816433566433566,NET|ZS|GEN
2020-04-06,exit,oil_exploration,9.0,0.5926573426573427,FANG|DVN|USO
2020-04-06,exit,biotech,13.0,0.548513986013986,MRNA|VRTX|AMGN
2020-04-06,exit,uranium,10.0,0.5926573426573427,NXE|CCJ|DNN
2020-04-06,enter,semis,2.0,0.6997377622377622,TER|MRVL|INTC
2020-04-06,enter,retail,3.0,0.6512237762237761,DG|WMT|PDD
2020-04-07,exit,consumer_staples,13.0,0.5699300699300699,DG|KR|PG
2020-04-07,exit,medtech,17.0,0.548076923076923,DXCM|JNJ|BSX
2020-04-07,exit,pharma,28.0,0.34440559440559443,GILD|PFE|JNJ
2020-04-07,enter,uranium,1.0,0.826048951048951,NXE|DNN|CCJ
2020-04-07,enter,nuclear,2.0,0.8177447552447551,NXE|DNN|CCJ
2020-04-07,enter,oil_exploration,3.0,0.7972027972027972,APA|FANG|DVN
2020-04-08,exit,retail,33.0,0.17045454545454544,DG|WMT|PDD
2020-04-08,exit,uranium,26.0,0.3951048951048951,NXE|DNN|CCJ
2020-04-08,exit,nuclear,30.0,0.34440559440559443,NXE|DNN|CCJ
2020-04-08,enter,medtech,2.0,0.6988636363636364,EW|SYK|EXAS
2020-04-09,exit,semis,23.0,0.38111888111888104,TER|MRVL|INTC
2020-04-09,exit,medtech,11.0,0.6468531468531469,EW|SYK|EXAS
2020-04-09,enter,regional_banks,1.0,0.8439685314685313,COF|TFC|KEY
2020-04-09,enter,mega_banks,2.0,0.798951048951049,WFC|GS|AXP
2020-04-09,enter,insurance,3.0,0.7666083916083917,MET|AIG|ALL
2020-04-13,exit,oil_exploration,14.0,0.5677447552447553,APA|FANG|DVN
2020-04-13,exit,mega_banks,11.0,0.6018356643356644,WFC|GS|AXP
2020-04-13,exit,insurance,18.0,0.506993006993007,MET|AIG|ALL
2020-04-13,enter,gold,1.0,0.7298951048951049,NEM|PAAS|WPM
2020-04-13,enter,autos,2.0,0.7141608391608392,TSLA|ON|GM
2020-04-13,enter,ai_apps,3.0,0.6525349650349651,TSLA|HUBS|SNAP
2020-04-14,exit,regional_banks,15.0,0.5441433566433567,COF|TFC|KEY
2020-04-14,exit,gold,22.0,0.49956293706293703,NEM|PAAS|WPM
2020-04-14,enter,workflow_software,1.0,0.7176573426573427,HUBS|NOW|WDAY
2020-04-14,enter,nuclear,3.0,0.6958041958041958,UEC|UUUU|NXE
2020-04-15,exit,autos,11.0,0.6271853146853147,TSLA|ON|GM
2020-04-15,exit,ai_apps,9.0,0.6608391608391608,TSLA|HUBS|SNAP
2020-04-15,exit,nuclear,10.0,0.6525349650349651,UEC|UUUU|NXE
2020-04-15,enter,cloud,1.0,0.7736013986013985,AMZN|ZS|DOCU
2020-04-15,enter,uranium,2.0,0.7242132867132867,UUUU|UEC|LEU
2020-04-15,enter,dev_tools,3.0,0.693618881118881,MDB|PTC|CDNS
2020-04-16,exit,uranium,16.0,0.6048951048951049,UUUU|UEC|LEU
2020-04-16,enter,biotech,1.0,0.8173076923076923,MRNA|ALNY|CRSP
2020-04-16,enter,cybersecurity,3.0,0.7381993006993007,NET|AKAM|OKTA
2020-04-17,exit,workflow_software,14.0,0.5428321678321678,HUBS|NOW|WDAY
2020-04-17,exit,cybersecurity,9.0,0.6009615384615384,NET|AKAM|OKTA
2020-04-17,enter,uranium,2.0,0.755681818181818,DNN|UEC|UUUU
2020-04-17,enter,medtech,3.0,0.7312062937062936,DXCM|EXAS|EW
2020-04-20,exit,medtech,12.0,0.638548951048951,DXCM|EXAS|EW
2020-04-20,enter,nuclear,2.0,0.8151223776223776,NXE|UEC|DNN
2020-04-21,exit,dev_tools,14.0,0.6123251748251748,MDB|PTC|CDNS
2020-04-21,exit,uranium,15.0,0.5869755244755245,DNN|UEC|UUUU
2020-04-21,enter,retail,2.0,0.7246503496503496,PDD|AMZN|KR
2020-04-21,enter,restaurants,3.0,0.7211538461538461,DRI|DPZ|YUM
2020-04-22,exit,cloud,23.0,0.4886363636363637,AMZN|ZS|DOCU
2020-04-22,exit,biotech,14.0,0.5987762237762239,MRNA|ALNY|CRSP
2020-04-22,exit,retail,24.0,0.471590909090909,PDD|AMZN|KR
2020-04-22,enter,uranium,2.0,0.7609265734265734,UEC|UUUU|DNN
2020-04-23,exit,restaurants,11.0,0.6306818181818182,DRI|DPZ|YUM
2020-04-23,enter,oil_exploration,1.0,0.8208041958041957,APA|FANG|DVN
2020-04-24,exit,uranium,9.0,0.6416083916083916,UEC|UUUU|DNN
2020-04-24,exit,oil_exploration,14.0,0.5782342657342657,APA|FANG|DVN
2020-04-24,enter,regional_banks,1.0,0.6949300699300701,TFC|FITB|COF
2020-04-24,enter,gold,2.0,0.6909965034965035,WPM|AEM|PAAS
2020-04-24,enter,biotech,3.0,0.680506993006993,NTLA|ALNY|MRNA
2020-04-27,exit,nuclear,16.0,0.541958041958042,NXE|UEC|DNN
2020-04-27,exit,gold,19.0,0.521416083916084,WPM|AEM|PAAS
2020-04-27,exit,biotech,33.0,0.2701048951048951,NTLA|ALNY|MRNA
2020-04-27,enter,travel,2.0,0.7132867132867132,EXPE|UBER|MAR
2020-04-27,enter,robotics,3.0,0.6962412587412588,ZBRA|ROK|CGNX
2020-04-28,enter,mega_banks,2.0,0.6975524475524475,C|BAC|AXP
2020-04-29,exit,robotics,9.0,0.5900349650349651,ZBRA|ROK|CGNX
2020-04-29,enter,payments,1.0,0.8142482517482518,COF|AXP|MA
2020-04-29,enter,oil_exploration,3.0,0.7823426573426573,APA|OXY|FANG
2020-04-30,exit,travel,16.0,0.5515734265734267,EXPE|UBER|MAR
2020-04-30,exit,mega_banks,15.0,0.5581293706293706,C|BAC|AXP
2020-04-30,enter,ai_apps,1.0,0.7644230769230769,NOW|META|HUBS
2020-04-30,enter,business_apps,2.0,0.6892482517482518,HUBS|ADBE|CRM
2020-04-30,enter,dev_tools,3.0,0.6656468531468531,PTC|DDOG|TEAM
2020-05-01,exit,ai_apps,15.0,0.521416083916084,NOW|META|HUBS
2020-05-01,exit,business_apps,17.0,0.5087412587412586,HUBS|ADBE|CRM
2020-05-01,exit,dev_tools,25.0,0.4803321678321678,PTC|DDOG|TEAM
2020-05-01,enter,aerospace,1.0,0.6818181818181817,TDG|ASTS|HON
2020-05-01,enter,asset_managers,2.0,0.6604020979020979,TROW|MS|SCHW
2020-05-04,exit,regional_banks,30.0,0.2945804195804196,TFC|FITB|COF
2020-05-04,exit,aerospace,13.0,0.5721153846153846,TDG|ASTS|HON
2020-05-04,exit,asset_managers,27.0,0.3710664335664335,TROW|MS|SCHW
2020-05-04,enter,dev_tools,2.0,0.7342657342657342,TEAM|DDOG|PTC
2020-05-04,enter,workflow_software,3.0,0.7207167832167831,NOW|TEAM|CRM
2020-05-05,exit,oil_exploration,10.0,0.604458041958042,APA|OXY|FANG
2020-05-05,enter,business_apps,3.0,0.7858391608391608,HUBS|MSFT|ADBE
2020-05-06,exit,payments,15.0,0.5987762237762237,COF|AXP|MA
2020-05-06,enter,cybersecurity,1.0,0.8382867132867133,ZS|OKTA|TENB
2020-05-08,exit,business_apps,16.0,0.5616258741258742,HUBS|MSFT|ADBE
2020-05-08,enter,china_internet,1.0,0.7325174825174825,PDD|FUTU|JD
2020-05-08,enter,semis,2.0,0.7229020979020979,SMCI|ON|AMAT
2020-05-11,exit,china_internet,13.0,0.6241258741258742,PDD|FUTU|JD
2020-05-11,exit,semis,10.0,0.6590909090909092,SMCI|ON|AMAT
2020-05-11,enter,biotech,2.0,0.868444055944056,CRSP|MRNA|NTLA
2020-05-12,exit,workflow_software,15.0,0.5743006993006994,NOW|TEAM|CRM
2020-05-12,enter,china_internet,1.0,0.8146853146853148,PDD|FUTU|TME
2020-05-14,exit,cybersecurity,15.0,0.5458916083916084,ZS|OKTA|TENB
2020-05-14,exit,biotech,13.0,0.5476398601398602,CRSP|MRNA|NTLA
2020-05-14,enter,semis,2.0,0.783653846153846,KLAC|AMAT|LRCX
2020-05-14,enter,ai_infrastructure,3.0,0.7460664335664335,KLAC|AMAT|NVDA
2020-05-15,exit,semis,28.0,0.38548951048951047,KLAC|AMAT|LRCX
2020-05-15,exit,ai_infrastructure,21.0,0.5209790209790209,KLAC|AMAT|NVDA
2020-05-15,enter,biotech,1.0,0.7902097902097902,NTLA|CRSP|ABBV
2020-05-15,enter,gold,2.0,0.7888986013986016,PAAS|WPM|FNV
2020-05-18,exit,dev_tools,23.0,0.47770979020979026,TEAM|DDOG|PTC
2020-05-18,exit,biotech,22.0,0.4969405594405595,NTLA|CRSP|ABBV
2020-05-18,exit,gold,14.0,0.5651223776223776,PAAS|WPM|FNV
2020-05-18,enter,travel,1.0,0.805506993006993,EXPE|BKNG|MAR
2020-05-18,enter,consumer_internet,2.0,0.743881118881119,EXPE|BILI|BKNG
2020-05-19,enter,gold,2.0,0.8492132867132867,PAAS|WPM|NEM
2020-05-20,exit,china_internet,17.0,0.5375874125874126,PDD|FUTU|TME
2020-05-20,exit,travel,13.0,0.597027972027972,EXPE|BKNG|MAR
2020-05-20,exit,consumer_internet,14.0,0.5769230769230769,EXPE|BILI|BKNG
2020-05-20,exit,gold,24.0,0.375,PAAS|WPM|NEM
2020-05-20,enter,regional_banks,1.0,0.7500000000000001,FITB|COF|USB
2020-05-20,enter,mega_banks,2.0,0.7412587412587412,MS|AXP|BAC
2020-05-20,enter,payments,3.0,0.7102272727272726,AXP|MA|GPN
2020-05-21,exit,regional_banks,19.0,0.4567307692307692,FITB|COF|USB
2020-05-21,exit,mega_banks,27.0,0.4099650349650349,MS|AXP|BAC
2020-05-21,exit,payments,21.0,0.4493006993006993,AXP|MA|GPN
2020-05-21,enter,restaurants,1.0,0.7836538461538461,DRI|YUM|TXRH
2020-05-21,enter,consumer_internet,2.0,0.7543706293706294,BIDU|META|EXPE
2020-05-21,enter,consumer,3.0,0.7478146853146853,DRI|TXRH|YUM
2020-05-22,exit,restaurants,14.0,0.5528846153846154,DRI|YUM|TXRH
2020-05-22,exit,consumer_internet,13.0,0.5616258741258741,BIDU|META|EXPE
2020-05-22,exit,consumer,20.0,0.5340909090909091,DRI|TXRH|YUM
2020-05-22,enter,travel,1.0,0.763548951048951,BKNG|EXPE|HLT
2020-05-22,enter,regional_banks,2.0,0.6914335664335666,FITB|KEY|PNC
2020-05-22,enter,autos,3.0,0.6433566433566434,F|GM|MCHP
2020-05-26,enter,mega_banks,1.0,0.8435314685314684,GS|MS|BAC
2020-05-26,enter,asset_managers,3.0,0.8024475524475525,MS|GS|KKR
2020-05-27,exit,travel,16.0,0.49475524475524474,BKNG|EXPE|HLT
2020-05-27,enter,insurance,3.0,0.7631118881118881,CB|AIG|TRV
2020-05-28,exit,regional_banks,9.0,0.6468531468531469,FITB|KEY|PNC
2020-05-28,exit,autos,24.0,0.46416083916083917,F|GM|MCHP
2020-05-28,exit,mega_banks,13.0,0.6258741258741259,GS|MS|BAC
2020-05-28,exit,asset_managers,10.0,0.6459790209790208,MS|GS|KKR
2020-05-28,enter,defense,1.0,0.8041958041958043,TDG|BA|HEI
2020-05-28,enter,consumer_staples,3.0,0.7604895104895104,DLTR|MDLZ|DG
2020-05-29,exit,insurance,19.0,0.5511363636363636,CB|AIG|TRV
2020-05-29,exit,defense,17.0,0.5646853146853147,TDG|BA|HEI
2020-05-29,exit,consumer_staples,9.0,0.6363636363636362,DLTR|MDLZ|DG
2020-05-29,enter,cybersecurity,1.0,0.7696678321678323,ZS|CRWD|GEN
2020-05-29,enter,vertical_software,2.0,0.7347027972027972,ADSK|PTC|CDNS
2020-05-29,enter,dev_tools,3.0,0.722027972027972,MDB|PTC|CDNS
2020-06-01,exit,dev_tools,17.0,0.5585664335664335,MDB|PTC|CDNS
2020-06-01,enter,mega_banks,1.0,0.8286713286713288,C|WFC|GS
2020-06-01,enter,regional_banks,2.0,0.8103146853146853,COF|TFC|HBAN
2020-06-01,enter,asset_managers,3.0,0.7928321678321677,SCHW|GS|MS
2020-06-02,exit,vertical_software,12.0,0.6013986013986015,ADSK|PTC|CDNS
2020-06-02,exit,regional_banks,29.0,0.4313811188811189,COF|TFC|HBAN
2020-06-02,exit,asset_managers,19.0,0.5537587412587412,SCHW|GS|MS
2020-06-02,enter,china_internet,1.0,0.708041958041958,FUTU|NTES|BABA
2020-06-02,enter,cloud,2.0,0.666958041958042,ZM|DOCU|ZS
2020-06-02,enter,payments,3.0,0.6621503496503497,XYZ|COF|FIS
2020-06-03,exit,cybersecurity,9.0,0.5970279720279721,ZS|CRWD|GEN
2020-06-03,exit,mega_banks,28.0,0.45979020979020985,C|WFC|GS
2020-06-03,exit,cloud,10.0,0.590472027972028,ZM|DOCU|ZS
2020-06-03,enter,vertical_software,1.0,0.6958041958041957,ADSK|CDNS|PTC
2020-06-03,enter,fintech,2.0,0.6949300699300699,FUTU|XYZ|GPN
2020-06-03,enter,autos,3.0,0.6678321678321679,MCHP|ON|TXN
2020-06-04,exit,china_internet,13.0,0.6188811188811187,FUTU|NTES|BABA
2020-06-04,exit,payments,19.0,0.48863636363636365,XYZ|COF|FIS
2020-06-04,exit,vertical_software,32.0,0.33916083916083917,ADSK|CDNS|PTC
2020-06-04,exit,fintech,14.0,0.6171328671328672,FUTU|XYZ|GPN
2020-06-04,enter,regional_banks,1.0,0.8125,HBAN|KEY|FITB
2020-06-04,enter,semis,2.0,0.7875874125874127,QCOM|TER|MU
2020-06-04,enter,mega_banks,3.0,0.7687937062937065,C|WFC|MS
2020-06-05,exit,semis,9.0,0.6324300699300698,QCOM|TER|MU
2020-06-05,enter,oil_exploration,1.0,0.7648601398601399,OXY|APA|FANG
2020-06-08,exit,autos,9.0,0.5948426573426572,MCHP|ON|TXN
2020-06-08,enter,aerospace,3.0,0.7150349650349651,BA|HWM|GE
2020-06-09,exit,aerospace,11.0,0.5777972027972028,BA|HWM|GE
2020-06-09,enter,consumer_internet,3.0,0.6621503496503497,SNAP|AMZN|PINS
2020-06-10,exit,mega_banks,12.0,0.6105769230769231,C|WFC|MS
2020-06-10,exit,consumer_internet,9.0,0.6368006993006993,SNAP|AMZN|PINS
2020-06-10,enter,gold,1.0,0.7709790209790209,GOLD|AEM|NEM
2020-06-10,enter,ai_apps,2.0,0.6971153846153846,TSLA|AXON|SNAP
2020-06-11,exit,regional_banks,32.0,0.3116258741258741,HBAN|KEY|FITB
2020-06-11,exit,oil_exploration,15.0,0.5668706293706294,OXY|APA|FANG
2020-06-11,exit,gold,12.0,0.590472027972028,GOLD|AEM|NEM
2020-06-11,enter,cloud,1.0,0.7902097902097902,DOCU|ZM|AMZN
2020-06-11,enter,workflow_software,2.0,0.7548076923076923,DOCU|ZM|NOW
2020-06-11,enter,business_apps,3.0,0.7425699300699301,MSFT|DOCU|ADBE
2020-06-12,exit,workflow_software,15.0,0.5651223776223776,DOCU|ZM|NOW
2020-06-12,enter,ai_infrastructure,2.0,0.7027972027972029,SMCI|TSM|VRT
2020-06-15,enter,cybersecurity,3.0,0.7224650349650349,NET|CRWD|OKTA
2020-06-16,exit,ai_infrastructure,19.0,0.5087412587412588,SMCI|TSM|VRT
2020-06-16,exit,cybersecurity,14.0,0.5729895104895105,NET|CRWD|OKTA
2020-06-16,enter,fintech,2.0,0.7342657342657342,XYZ|FUTU|FIS
2020-06-16,enter,dev_tools,3.0,0.730769230769231,DDOG|CDNS|TEAM
2020-06-17,exit,ai_apps,15.0,0.6573426573426573,TSLA|AXON|SNAP
2020-06-17,exit,business_apps,10.0,0.7285839160839161,MSFT|DOCU|ADBE
2020-06-17,exit,fintech,11.0,0.715472027972028,XYZ|FUTU|FIS
2020-06-17,enter,china_internet,2.0,0.8291083916083916,BILI|PDD|JD
2020-06-17,enter,cybersecurity,3.0,0.8103146853146853,NET|CRWD|OKTA
2020-06-18,enter,business_apps,3.0,0.7657342657342657,CRM|DOCU|ADBE
2020-06-19,exit,dev_tools,21.0,0.5327797202797202,DDOG|CDNS|TEAM
2020-06-19,enter,biotech,3.0,0.7832167832167831,ALNY|AMGN|CRSP
2020-06-22,exit,china_internet,16.0,0.562937062937063,BILI|PDD|JD
2020-06-22,exit,biotech,12.0,0.6402972027972028,ALNY|AMGN|CRSP
2020-06-22,enter,dev_tools,1.0,0.8365384615384616,DDOG|TEAM|MDB
2020-06-23,exit,cybersecurity,13.0,0.6118881118881119,NET|CRWD|OKTA
2020-06-23,exit,business_apps,10.0,0.652972027972028,CRM|DOCU|ADBE
2020-06-23,enter,consumer_internet,1.0,0.868881118881119,PINS|SNAP|NTES
2020-06-23,enter,gold,3.0,0.7416958041958044,GOLD|WPM|GLD
2020-06-24,exit,gold,16.0,0.5865384615384616,GOLD|WPM|GLD
2020-06-24,enter,biotech,3.0,0.6870629370629371,ALNY|CRSP|VRTX
2020-06-25,exit,consumer_internet,11.0,0.5948426573426573,PINS|SNAP|NTES
2020-06-25,enter,workflow_software,2.0,0.715034965034965,ZM|HUBS|DOCU
2020-06-25,enter,fintech,3.0,0.7106643356643356,FUTU|XYZ|PYPL
2020-06-26,exit,biotech,27.0,0.39335664335664333,ALNY|CRSP|VRTX
2020-06-29,exit,cloud,16.0,0.5445804195804196,DOCU|ZM|AMZN
2020-06-29,exit,dev_tools,32.0,0.31993006993006995,DDOG|TEAM|MDB
2020-06-29,exit,workflow_software,33.0,0.31861888111888115,ZM|HUBS|DOCU
2020-06-29,exit,fintech,26.0,0.3942307692307692,FUTU|XYZ|PYPL
2020-06-29,enter,consumer_staples,1.0,0.7591783216783216,KR|PG|DLTR
2020-06-29,enter,consumer,2.0,0.7128496503496503,DRI|CMG|TXRH
2020-06-29,enter,restaurants,3.0,0.7093531468531468,DRI|CMG|TXRH
2020-06-30,exit,consumer,25.0,0.38723776223776224,DRI|CMG|TXRH
2020-06-30,exit,restaurants,23.0,0.4195804195804196,DRI|CMG|TXRH
2020-06-30,enter,gold,1.0,0.7770979020979021,PAAS|NEM|WPM
2020-06-30,enter,semis,2.0,0.6949300699300699,MPWR|LRCX|MU
2020-06-30,enter,ai_infrastructure,3.0,0.6944930069930069,MPWR|DELL|MU
2020-07-01,exit,consumer_staples,23.0,0.4278846153846153,KR|PG|DLTR
2020-07-01,exit,gold,15.0,0.5576923076923076,PAAS|NEM|WPM
2020-07-01,exit,semis,30.0,0.3583916083916084,MPWR|LRCX|MU
2020-07-01,exit,ai_infrastructure,20.0,0.4829545454545455,MPWR|DELL|MU
2020-07-01,enter,business_apps,1.0,0.8229895104895105,WDAY|INTU|HUBS
2020-07-01,enter,workflow_software,2.0,0.791083916083916,WDAY|DOCU|HUBS
2020-07-01,enter,cloud,3.0,0.7814685314685316,WDAY|NOW|EQIX
2020-07-02,exit,workflow_software,11.0,0.6149475524475525,WDAY|DOCU|HUBS
2020-07-02,enter,robotics,1.0,0.7596153846153846,TSLA|ISRG|DE
2020-07-02,enter,pharma,2.0,0.7587412587412586,AMGN|TMO|PFE
2020-07-02,enter,autos,3.0,0.7465034965034965,TSLA|MCHP|TXN
2020-07-06,exit,business_apps,16.0,0.5266608391608392,WDAY|INTU|HUBS
2020-07-06,exit,cloud,21.0,0.4396853146853147,WDAY|NOW|EQIX
2020-07-06,exit,pharma,22.0,0.4388111888111888,AMGN|TMO|PFE
2020-07-06,enter,travel,1.0,0.7709790209790209,EXPE|TCOM|BKNG
2020-07-07,exit,robotics,18.0,0.5795454545454546,TSLA|ISRG|DE
2020-07-07,exit,autos,14.0,0.5952797202797202,TSLA|MCHP|TXN
2020-07-07,exit,travel,15.0,0.5847902097902097,EXPE|TCOM|BKNG
2020-07-07,enter,biotech,1.0,0.7823426573426573,CRSP|NTLA|ALNY
2020-07-07,enter,consumer_internet,2.0,0.779283216783217,TME|SNAP|AMZN
2020-07-07,enter,ai_apps,3.0,0.7770979020979022,TSLA|HUBS|SNAP
2020-07-08,exit,biotech,18.0,0.5690559440559442,CRSP|NTLA|ALNY
2020-07-08,enter,cybersecurity,1.0,0.8050699300699301,CRWD|ZS|CHKP
2020-07-08,enter,fintech,3.0,0.7784090909090909,FUTU|XYZ|PYPL
2020-07-09,exit,fintech,9.0,0.631118881118881,FUTU|XYZ|PYPL
2020-07-09,enter,china_internet,1.0,0.9222027972027973,FUTU|BABA|TME
2020-07-10,exit,ai_apps,13.0,0.5887237762237761,TSLA|HUBS|SNAP
2020-07-10,exit,china_internet,11.0,0.6118881118881119,FUTU|BABA|TME
2020-07-10,enter,mega_banks,1.0,0.7460664335664337,GS|MS|C
2020-07-10,enter,asset_managers,3.0,0.6962412587412588,KKR|MS|GS
2020-07-13,exit,consumer_internet,11.0,0.6263111888111887,TME|SNAP|AMZN
2020-07-13,exit,cybersecurity,14.0,0.604458041958042,CRWD|ZS|CHKP
2020-07-13,enter,consumer_staples,1.0,0.7543706293706294,WMT|PEP|COST
2020-07-13,enter,biotech,3.0,0.7071678321678321,MRNA|CRSP|GILD
2020-07-14,exit,mega_banks,11.0,0.6166958041958043,GS|MS|C
2020-07-14,enter,medtech,1.0,0.7421328671328672,EW|EXAS|JNJ
2020-07-14,enter,insurance,2.0,0.7416958041958043,PGR|TRV|AIG
2020-07-14,enter,gold,3.0,0.722027972027972,PAAS|GOLD|WPM
2020-07-15,exit,consumer_staples,13.0,0.5725524475524475,WMT|PEP|COST
2020-07-15,exit,biotech,15.0,0.5402097902097902,MRNA|CRSP|GILD
2020-07-15,exit,gold,19.0,0.47770979020979015,PAAS|GOLD|WPM
2020-07-15,enter,restaurants,2.0,0.778409090909091,TXRH|DPZ|DRI
2020-07-15,enter,consumer,3.0,0.7740384615384616,TXRH|DPZ|DRI
2020-07-16,exit,medtech,14.0,0.5642482517482518,EW|EXAS|JNJ
2020-07-16,exit,restaurants,16.0,0.5441433566433566,TXRH|DPZ|DRI
2020-07-16,exit,consumer,15.0,0.5528846153846153,TXRH|DPZ|DRI
2020-07-16,enter,mega_banks,2.0,0.8492132867132868,MS|GS|JPM
2020-07-17,exit,asset_managers,10.0,0.5563811188811189,KKR|MS|GS
2020-07-17,exit,mega_banks,26.0,0.40428321678321677,MS|GS|JPM
2020-07-17,enter,medtech,1.0,0.8391608391608393,ISRG|EW|SYK
2020-07-17,enter,pharma,2.0,0.7902097902097902,ABBV|JNJ|PFE
2020-07-17,enter,nuclear,3.0,0.7521853146853148,UUUU|UEC|LEU
2020-07-20,exit,insurance,21.0,0.5061188811188811,PGR|TRV|AIG
2020-07-20,exit,pharma,20.0,0.5340909090909091,ABBV|JNJ|PFE
2020-07-20,enter,uranium,1.0,0.805944055944056,LEU|UUUU|UEC
2020-07-20,enter,workflow_software,2.0,0.7530594405594406,NOW|TEAM|WDAY
2020-07-20,enter,gold,3.0,0.7521853146853148,PAAS|WPM|GOLD
2020-07-21,exit,workflow_software,18.0,0.4982517482517482,NOW|TEAM|WDAY
2020-07-21,enter,oil_exploration,1.0,0.8068181818181818,APA|DVN|EOG
2020-07-21,enter,regional_banks,2.0,0.7639860139860141,PNC|KEY|FITB
2020-07-22,exit,oil_exploration,25.0,0.4637237762237763,APA|DVN|EOG
2020-07-22,exit,regional_banks,28.0,0.33479020979020985,PNC|KEY|FITB
2020-07-22,enter,payments,3.0,0.7539335664335665,GPN|MA|PYPL
2020-07-24,exit,payments,15.0,0.5323426573426574,GPN|MA|PYPL
2020-07-27,enter,ai_infrastructure,3.0,0.6975524475524475,TSM|AMD|ANET
2020-07-28,exit,medtech,12.0,0.6048951048951049,ISRG|EW|SYK
2020-07-28,exit,uranium,10.0,0.6267482517482518,LEU|UUUU|UEC
2020-07-28,enter,consumer_staples,2.0,0.7810314685314687,PG|MDLZ|CL
2020-07-28,enter,defense,3.0,0.75,KTOS|LMT|NOC
2020-07-29,exit,nuclear,33.0,0.20979020979020982,UUUU|UEC|LEU
2020-07-29,exit,gold,10.0,0.625,PAAS|WPM|GOLD
2020-07-29,exit,consumer_staples,16.0,0.5148601398601398,PG|MDLZ|CL
2020-07-29,exit,defense,32.0,0.2644230769230769,KTOS|LMT|NOC
2020-07-29,enter,regional_banks,1.0,0.8365384615384616,KEY|USB|FITB
2020-07-29,enter,fintech,2.0,0.7491258741258741,PYPL|FUTU|V
2020-07-30,exit,regional_banks,27.0,0.375,KEY|USB|FITB
2020-07-30,enter,cloud,2.0,0.7976398601398602,DLR|NET|MDB
2020-07-30,enter,semis,3.0,0.7596153846153846,QCOM|AMD|MPWR
2020-07-31,exit,semis,9.0,0.6818181818181817,QCOM|AMD|MPWR
2020-07-31,enter,cybersecurity,1.0,0.7696678321678323,NET|TENB|GEN
2020-07-31,enter,data_centers,3.0,0.7578671328671328,DLR|ANET|SMCI
2020-08-03,exit,cloud,11.0,0.6499125874125874,DLR|NET|MDB
2020-08-03,exit,data_centers,15.0,0.5865384615384616,DLR|ANET|SMCI
2020-08-03,enter,workflow_software,2.0,0.7687937062937064,CRM|DOCU|ZM
2020-08-03,enter,business_apps,3.0,0.7443181818181818,CRM|MSFT|DOCU
2020-08-04,exit,workflow_software,22.0,0.4816433566433567,CRM|DOCU|ZM
2020-08-04,exit,business_apps,19.0,0.5104895104895105,CRM|MSFT|DOCU
2020-08-04,enter,oil_exploration,2.0,0.7513111888111889,DVN|APA|USO
2020-08-04,enter,china_internet,3.0,0.680944055944056,FUTU|BIDU|NTES
2020-08-05,exit,cybersecurity,17.0,0.506993006993007,NET|TENB|GEN
2020-08-06,exit,ai_infrastructure,17.0,0.4986888111888112,TSM|AMD|ANET
2020-08-06,exit,oil_exploration,12.0,0.562062937062937,DVN|APA|USO
2020-08-06,enter,travel,1.0,0.8068181818181817,UBER|DIS|HLT
2020-08-06,enter,consumer_internet,2.0,0.7770979020979021,UBER|META|DIS
2020-08-07,exit,fintech,14.0,0.5607517482517483,PYPL|FUTU|V
2020-08-07,exit,china_internet,33.0,0.27884615384615385,FUTU|BIDU|NTES
2020-08-07,exit,consumer_internet,15.0,0.555944055944056,UBER|META|DIS
2020-08-07,enter,mega_banks,1.0,0.7788461538461539,AXP|BAC|C
2020-08-07,enter,regional_banks,3.0,0.6949300699300699,TFC|KEY|HBAN
2020-08-10,enter,oil_exploration,1.0,0.8645104895104897,FANG|DVN|EOG
2020-08-11,exit,oil_exploration,14.0,0.6136363636363636,FANG|DVN|EOG
2020-08-11,enter,aerospace,1.0,0.8802447552447553,HWM|TDG|RTX
2020-08-11,enter,defense,2.0,0.8605769230769231,HWM|TDG|RTX
2020-08-12,exit,regional_banks,12.0,0.6057692307692308,TFC|KEY|HBAN
2020-08-12,exit,aerospace,15.0,0.5450174825174825,HWM|TDG|RTX
2020-08-12,exit,defense,16.0,0.5327797202797202,HWM|TDG|RTX
2020-08-12,enter,consumer_staples,1.0,0.7215909090909091,TGT|DLTR|MCD
2020-08-12,enter,biotech,2.0,0.6979895104895105,BIIB|NTLA|ABBV
2020-08-12,enter,restaurants,3.0,0.6971153846153846,DRI|SBUX|MCD
2020-08-13,exit,travel,25.0,0.4781468531468532,UBER|DIS|HLT
2020-08-13,exit,biotech,26.0,0.4650349650349651,BIIB|NTLA|ABBV
2020-08-13,enter,insurance,1.0,0.7080419580419582,MET|TRV|CB
2020-08-13,enter,robotics,3.0,0.6879370629370629,TSLA|EMR|HON
2020-08-14,exit,mega_banks,11.0,0.6337412587412588,AXP|BAC|C
2020-08-14,exit,restaurants,13.0,0.5948426573426573,DRI|SBUX|MCD
2020-08-14,exit,insurance,14.0,0.575611888111888,MET|TRV|CB
2020-08-14,enter,regional_banks,2.0,0.7679195804195805,COF|PNC|HBAN
2020-08-14,enter,aerospace,3.0,0.7338286713286712,TDG|HEI|BA
2020-08-17,exit,robotics,10.0,0.6822552447552449,TSLA|EMR|HON
2020-08-17,exit,regional_banks,28.0,0.3181818181818182,COF|PNC|HBAN
2020-08-17,exit,aerospace,32.0,0.23994755244755245,TDG|HEI|BA
2020-08-17,enter,retail,1.0,0.8199300699300699,JD|TGT|DG
2020-08-17,enter,pharma,3.0,0.7639860139860141,MRK|ABBV|TMO
2020-08-18,exit,retail,10.0,0.6791958041958042,JD|TGT|DG
2020-08-18,exit,pharma,18.0,0.5734265734265734,MRK|ABBV|TMO
2020-08-18,enter,workflow_software,1.0,0.8216783216783217,ZM|HUBS|WDAY
2020-08-18,enter,business_apps,2.0,0.8116258741258743,HUBS|WDAY|ADBE
2020-08-19,enter,retail,1.0,0.7854020979020978,JD|TGT|PDD
2020-08-19,enter,cybersecurity,2.0,0.7718531468531469,PANW|ZS|CRWD
2020-08-20,exit,consumer_staples,9.0,0.6923076923076923,TGT|DLTR|MCD
2020-08-20,enter,cloud,1.0,0.8129370629370628,ZM|ZS|WDAY
2020-08-21,exit,business_apps,9.0,0.6494755244755245,HUBS|WDAY|ADBE
2020-08-21,enter,consumer_staples,1.0,0.7757867132867133,COST|TGT|MCD
2020-08-21,enter,china_internet,2.0,0.743006993006993,JD|BABA|BILI
2020-08-24,exit,workflow_software,16.0,0.6044580419580421,ZM|HUBS|WDAY
2020-08-24,exit,retail,21.0,0.5563811188811189,JD|TGT|PDD
2020-08-24,exit,cloud,19.0,0.5930944055944056,ZM|ZS|WDAY
2020-08-24,exit,consumer_staples,12.0,0.611013986013986,COST|TGT|MCD
2020-08-24,enter,business_apps,1.0,0.7521853146853147,INTU|ADSK|CRM
2020-08-24,enter,consumer_internet,2.0,0.7478146853146853,BABA|EXPE|BILI
2020-08-24,enter,travel,3.0,0.7443181818181818,EXPE|BKNG|HLT
2020-08-25,exit,cybersecurity,13.0,0.666958041958042,PANW|ZS|CRWD
2020-08-25,enter,ai_apps,3.0,0.8033216783216782,CRM|META|ADBE
2020-08-26,exit,travel,13.0,0.6035839160839161,EXPE|BKNG|HLT
2020-08-26,enter,workflow_software,3.0,0.7766608391608392,CRM|WDAY|TEAM
2020-08-27,exit,china_internet,22.0,0.5131118881118881,JD|BABA|BILI
2020-08-27,exit,ai_apps,14.0,0.652534965034965,CRM|META|ADBE
2020-08-27,enter,regional_banks,1.0,0.806381118881119,COF|PNC|FITB
2020-08-27,enter,travel,2.0,0.7967657342657342,MAR|BKNG|EXPE
2020-08-27,enter,mega_banks,3.0,0.771416083916084,JPM|GS|AXP
2020-08-28,exit,regional_banks,9.0,0.6324300699300699,COF|PNC|FITB
2020-08-28,exit,mega_banks,10.0,0.6219405594405595,JPM|GS|AXP
2020-08-28,enter,uranium,2.0,0.8159965034965034,NXE|UUUU|UEC
2020-08-28,enter,nuclear,3.0,0.7993881118881119,NXE|UUUU|UEC
2020-08-31,exit,consumer_internet,12.0,0.6219405594405594,BABA|EXPE|BILI
2020-08-31,exit,travel,27.0,0.4353146853146853,MAR|BKNG|EXPE
2020-08-31,exit,uranium,11.0,0.6219405594405595,NXE|UUUU|UEC
2020-08-31,exit,nuclear,14.0,0.5817307692307692,NXE|UUUU|UEC
2020-08-31,enter,biotech,2.0,0.7403846153846154,NTLA|AMGN|VRTX
2020-08-31,enter,ai_apps,3.0,0.7298951048951049,TSLA|CRM|SNAP
2020-09-01,exit,biotech,28.0,0.3745629370629371,NTLA|AMGN|VRTX
2020-09-01,enter,dev_tools,3.0,0.7683566433566432,MDB|PTC|TEAM
2020-09-02,exit,workflow_software,9.0,0.6219405594405595,CRM|WDAY|TEAM
2020-09-02,exit,ai_apps,31.0,0.36319930069930073,TSLA|CRM|SNAP
2020-09-02,exit,dev_tools,29.0,0.375,MDB|PTC|TEAM
2020-09-02,enter,medtech,1.0,0.8002622377622377,ISRG|BSX|DXCM
2020-09-02,enter,semis,2.0,0.7465034965034965,NVDA|AVGO|MRVL
2020-09-02,enter,data_centers,3.0,0.7451923076923076,AVGO|NVDA|WDC
2020-09-03,exit,business_apps,15.0,0.5472027972027972,INTU|ADSK|CRM
2020-09-03,exit,data_centers,13.0,0.5555069930069931,AVGO|NVDA|WDC
2020-09-03,enter,consumer,1.0,0.756993006993007,TXRH|CMG|DRI
2020-09-03,enter,restaurants,2.0,0.756555944055944,TXRH|CMG|DRI
2020-09-03,enter,cloud,3.0,0.7185314685314687,DOCU|GOOGL|AMZN
2020-09-04,exit,medtech,9.0,0.6276223776223776,ISRG|BSX|DXCM
2020-09-04,exit,semis,16.0,0.5651223776223776,NVDA|AVGO|MRVL
2020-09-04,exit,consumer,18.0,0.5520104895104895,TXRH|CMG|DRI
2020-09-04,exit,restaurants,13.0,0.590034965034965,TXRH|CMG|DRI
2020-09-04,exit,cloud,27.0,0.4405594405594405,DOCU|GOOGL|AMZN
2020-09-04,enter,mega_banks,1.0,0.8050699300699301,AXP|BAC|GS
2020-09-04,enter,regional_banks,2.0,0.7661713286713286,COF|USB|HBAN
2020-09-04,enter,insurance,3.0,0.756118881118881,TRV|ALL|AIG
2020-09-08,exit,insurance,12.0,0.5930944055944056,TRV|ALL|AIG
2020-09-08,enter,travel,1.0,0.825611888111888,UBER|DIS|HLT
2020-09-08,enter,restaurants,2.0,0.8059440559440558,DRI|MCD|SBUX
2020-09-08,enter,consumer_internet,3.0,0.7145979020979021,UBER|DIS|TME
2020-09-09,exit,regional_banks,9.0,0.5987762237762237,COF|USB|HBAN
2020-09-09,exit,travel,14.0,0.5708041958041957,UBER|DIS|HLT
2020-09-09,exit,restaurants,10.0,0.5961538461538461,DRI|MCD|SBUX
2020-09-09,exit,consumer_internet,20.0,0.44580419580419584,UBER|DIS|TME
2020-09-09,enter,medtech,1.0,0.7980769230769231,SYK|MDT|BSX
2020-09-09,enter,insurance,2.0,0.7272727272727273,PGR|AIG|ALL
2020-09-09,enter,pharma,3.0,0.7229020979020978,NVO|LLY|MRK
2020-09-10,exit,medtech,9.0,0.6691433566433566,SYK|MDT|BSX
2020-09-10,enter,restaurants,1.0,0.8527097902097902,MCD|TXRH|DRI
2020-09-10,enter,consumer,3.0,0.7701048951048951,TXRH|DRI|DPZ
2020-09-11,exit,restaurants,10.0,0.6066433566433566,MCD|TXRH|DRI
2020-09-11,exit,consumer,18.0,0.5187937062937064,TXRH|DRI|DPZ
2020-09-11,enter,regional_banks,2.0,0.8693181818181817,HBAN|FITB|COF
2020-09-14,exit,mega_banks,33.0,0.2871503496503496,AXP|BAC|GS
2020-09-14,exit,insurance,24.0,0.43924825174825183,PGR|AIG|ALL
2020-09-14,enter,gold,1.0,0.770541958041958,GOLD|AEM|PAAS
2020-09-14,enter,biotech,2.0,0.7652972027972028,NTLA|ALNY|GILD
2020-09-14,enter,nuclear,3.0,0.7290209790209791,UEC|CCJ|VST
2020-09-15,exit,pharma,15.0,0.5843531468531468,NVO|LLY|MRK
2020-09-15,exit,regional_banks,26.0,0.45760489510489516,HBAN|FITB|COF
2020-09-15,exit,gold,13.0,0.5948426573426573,GOLD|AEM|PAAS
2020-09-15,exit,nuclear,11.0,0.618006993006993,UEC|CCJ|VST
2020-09-15,enter,ai_infrastructure,1.0,0.756118881118881,TSM|MU|VRT
2020-09-15,enter,vertical_software,2.0,0.743006993006993,ORCL|ADSK|LDOS
2020-09-15,enter,semis,3.0,0.7377622377622378,TSM|MU|NVDA
2020-09-16,exit,ai_infrastructure,18.0,0.48645104895104896,TSM|MU|VRT
2020-09-16,exit,vertical_software,26.0,0.4567307692307693,ORCL|ADSK|LDOS
2020-09-16,exit,semis,24.0,0.4702797202797203,TSM|MU|NVDA
2020-09-16,enter,regional_banks,1.0,0.7740384615384616,COF|TFC|FITB
2020-09-16,enter,oil_exploration,2.0,0.7517482517482518,OXY|USO|DVN
2020-09-16,enter,aerospace,3.0,0.7368881118881118,HWM|GE|TDG
2020-09-17,exit,regional_banks,16.0,0.5270979020979021,COF|TFC|FITB
2020-09-17,enter,semis,2.0,0.7298951048951049,MU|TSM|AVGO
2020-09-17,enter,defense,3.0,0.728583916083916,KTOS|HWM|RTX
2020-09-18,exit,aerospace,28.0,0.40865384615384615,HWM|GE|TDG
2020-09-18,exit,semis,13.0,0.5563811188811187,MU|TSM|AVGO
2020-09-18,exit,defense,34.0,0.361013986013986,KTOS|HWM|RTX
2020-09-18,enter,dev_tools,2.0,0.770541958041958,DDOG|PTC|MDB
2020-09-18,enter,cloud,3.0,0.7097902097902097,DDOG|ORCL|ZM
2020-09-21,exit,biotech,15.0,0.597027972027972,NTLA|ALNY|GILD
2020-09-21,exit,oil_exploration,16.0,0.5957167832167832,OXY|USO|DVN
2020-09-21,enter,vertical_software,3.0,0.7242132867132867,ORCL|LDOS|PTC
2020-09-22,exit,vertical_software,23.0,0.5201048951048951,ORCL|LDOS|PTC
2020-09-22,enter,cybersecurity,1.0,0.7425699300699302,NET|CRWD|OKTA
2020-09-23,exit,dev_tools,15.0,0.5441433566433566,DDOG|PTC|MDB
2020-09-23,enter,pharma,1.0,0.7893356643356643,NVO|LLY|BMY
2020-09-23,enter,workflow_software,2.0,0.7373251748251748,ZM|HUBS|DOCU
2020-09-23,enter,restaurants,3.0,0.735576923076923,DPZ|DRI|CMG
2020-09-24,exit,cybersecurity,10.0,0.5883381324557796,NET|CRWD|OKTA
2020-09-24,exit,pharma,26.0,0.47896955985191275,NVO|LLY|BMY
2020-09-24,exit,workflow_software,13.0,0.5715497737556562,ZM|HUBS|DOCU
2020-09-24,exit,restaurants,17.0,0.5469971205265323,DPZ|DRI|CMG
2020-09-24,enter,semis,1.0,0.7290466886055121,LRCX|MPWR|NVDA
2020-09-24,enter,consumer_staples,2.0,0.7179915672562731,TGT|COST|DG
2020-09-24,enter,ai_infrastructure,3.0,0.6930018510900864,NET|MPWR|MSFT
2020-09-25,exit,semis,10.0,0.627699506375977,LRCX|MPWR|NVDA
2020-09-25,exit,consumer_staples,13.0,0.5903177704648294,TGT|COST|DG
2020-09-25,exit,ai_infrastructure,11.0,0.6083658988070754,NET|MPWR|MSFT
2020-09-25,enter,medtech,1.0,0.7774321266968326,EXAS|DXCM|SYK
2020-09-25,enter,business_apps,3.0,0.7516197038255862,HUBS|INTU|WDAY
2020-09-28,exit,cloud,23.0,0.49737762237762245,DDOG|ORCL|ZM
2020-09-28,exit,business_apps,19.0,0.5231643356643356,HUBS|INTU|WDAY
2020-09-28,enter,semis,1.0,0.7530594405594405,MPWR|QCOM|AVGO
2020-09-28,enter,travel,2.0,0.743444055944056,TCOM|HLT|EXPE
2020-09-29,exit,travel,14.0,0.5393356643356643,TCOM|HLT|EXPE
2020-09-29,enter,biotech,2.0,0.7762237762237761,EXAS|ALNY|BIIB
2020-09-29,enter,ai_infrastructure,3.0,0.7587412587412588,ANET|MU|MPWR
2020-09-30,exit,semis,10.0,0.6123251748251749,MPWR|QCOM|AVGO
2020-09-30,exit,ai_infrastructure,11.0,0.5917832167832168,ANET|MU|MPWR
2020-09-30,enter,regional_banks,2.0,0.8037587412587412,TFC|PNC|FITB
2020-09-30,enter,mega_banks,3.0,0.7032342657342657,GS|AXP|MS
2020-10-01,exit,medtech,14.0,0.5445804195804197,EXAS|DXCM|SYK
2020-10-01,exit,biotech,21.0,0.4702797202797203,EXAS|ALNY|BIIB
2020-10-01,exit,regional_banks,13.0,0.5463286713286714,TFC|PNC|FITB
2020-10-01,exit,mega_banks,28.0,0.40078671328671334,GS|AXP|MS
2020-10-01,enter,semis,1.0,0.7583041958041958,ON|AMD|MPWR
2020-10-01,enter,dev_tools,2.0,0.7491258741258742,DDOG|MDB|CDNS
2020-10-01,enter,ai_apps,3.0,0.7312062937062936,PINS|AXON|SNAP
2020-10-02,exit,semis,24.0,0.43706293706293703,ON|AMD|MPWR
2020-10-02,exit,dev_tools,20.0,0.4702797202797203,DDOG|MDB|CDNS
2020-10-02,exit,ai_apps,19.0,0.4798951048951049,PINS|AXON|SNAP
2020-10-02,enter,regional_banks,1.0,0.8597027972027971,TFC|FITB|PNC
2020-10-02,enter,asset_managers,2.0,0.8103146853146853,SCHW|BX|BLK
2020-10-02,enter,mega_banks,3.0,0.7145979020979021,AXP|JPM|BAC
2020-10-05,exit,asset_managers,12.0,0.5930944055944056,SCHW|BX|BLK
2020-10-05,enter,cybersecurity,3.0,0.7054195804195805,OKTA|CRWD|NET
2020-10-06,exit,mega_banks,9.0,0.6333041958041958,AXP|JPM|BAC
2020-10-06,enter,china_internet,1.0,0.7849650349650348,BILI|BABA|KWEB
2020-10-06,enter,restaurants,2.0,0.7119755244755245,TXRH|SBUX|MCD
2020-10-06,enter,dev_tools,3.0,0.701923076923077,MDB|TEAM|DDOG
2020-10-07,exit,cybersecurity,11.0,0.6027097902097902,OKTA|CRWD|NET
2020-10-07,exit,china_internet,29.0,0.4090909090909091,BILI|BABA|KWEB
2020-10-07,exit,dev_tools,24.0,0.4318181818181818,MDB|TEAM|DDOG
2020-10-07,enter,uranium,2.0,0.715472027972028,DNN|LEU|UUUU
2020-10-07,enter,biotech,3.0,0.6783216783216783,NTLA|CRSP|REGN
2020-10-08,exit,restaurants,21.0,0.4217657342657343,TXRH|SBUX|MCD
2020-10-08,exit,uranium,30.0,0.3256118881118881,DNN|LEU|UUUU
2020-10-08,exit,biotech,19.0,0.4274475524475525,NTLA|CRSP|REGN
2020-10-08,enter,oil_exploration,2.0,0.7972027972027971,OXY|DVN|COP
2020-10-08,enter,insurance,3.0,0.7631118881118881,AIG|MET|TRV
2020-10-09,exit,regional_banks,15.0,0.5445804195804196,TFC|FITB|PNC
2020-10-09,exit,oil_exploration,19.0,0.47858391608391615,OXY|DVN|COP
2020-10-09,exit,insurance,23.0,0.409527972027972,AIG|MET|TRV
2020-10-09,enter,biotech,1.0,0.7635489510489512,NTLA|CRSP|ALNY
2020-10-09,enter,semis,2.0,0.6909965034965035,ON|MPWR|MRVL
2020-10-09,enter,fintech,3.0,0.6905594405594406,FUTU|MA|XYZ
2020-10-12,exit,biotech,23.0,0.45367132867132864,NTLA|CRSP|ALNY
2020-10-12,exit,fintech,16.0,0.562062937062937,FUTU|MA|XYZ
2020-10-12,enter,ai_infrastructure,1.0,0.7486888111888113,NET|ANET|MPWR
2020-10-12,enter,business_apps,3.0,0.7268356643356645,ADSK|HUBS|INTU
2020-10-13,enter,cybersecurity,1.0,0.8251748251748253,NET|FTNT|AKAM
2020-10-13,enter,cloud,2.0,0.8111888111888111,NET|AMZN|GOOGL
2020-10-13,enter,retail,3.0,0.7937062937062936,AMZN|DLTR|JD
2020-10-14,exit,semis,9.0,0.5782342657342657,ON|MPWR|MRVL
2020-10-14,exit,business_apps,18.0,0.5187937062937064,ADSK|HUBS|INTU
2020-10-14,exit,retail,16.0,0.5236013986013986,AMZN|DLTR|JD
2020-10-14,enter,asset_managers,2.0,0.7159090909090909,BLK|TROW|MS
2020-10-14,enter,gold,3.0,0.7036713286713288,PAAS|AEM|WPM
2020-10-15,exit,ai_infrastructure,9.0,0.6171328671328672,NET|ANET|MPWR
2020-10-15,exit,gold,18.0,0.5096153846153847,PAAS|AEM|WPM
2020-10-15,enter,dev_tools,2.0,0.7036713286713288,MDB|CDNS|DDOG
2020-10-16,exit,dev_tools,17.0,0.5659965034965035,MDB|CDNS|DDOG
2020-10-16,enter,aerospace,3.0,0.7351398601398601,GE|RTX|HWM
2020-10-19,exit,cybersecurity,31.0,0.35664335664335667,NET|FTNT|AKAM
2020-10-19,exit,asset_managers,10.0,0.5865384615384616,BLK|TROW|MS
2020-10-19,enter,workflow_software,1.0,0.7670454545454546,ZM|TEAM|NOW
2020-10-19,enter,dev_tools,3.0,0.7119755244755244,TEAM|MDB|SNOW
2020-10-20,exit,cloud,32.0,0.2888986013986014,NET|AMZN|GOOGL
2020-10-20,exit,aerospace,11.0,0.6009615384615384,GE|RTX|HWM
2020-10-20,exit,workflow_software,27.0,0.3706293706293707,ZM|TEAM|NOW
2020-10-20,exit,dev_tools,26.0,0.4025349650349651,TEAM|MDB|SNOW
2020-10-20,enter,regional_banks,1.0,0.8076923076923076,FITB|HBAN|KEY
2020-10-20,enter,asset_managers,2.0,0.708041958041958,KKR|SCHW|TROW
2020-10-20,enter,restaurants,3.0,0.6971153846153847,TXRH|CMG|MCD
2020-10-21,exit,regional_banks,14.0,0.5585664335664337,FITB|HBAN|KEY
2020-10-21,exit,asset_managers,19.0,0.5043706293706294,KKR|SCHW|TROW
2020-10-21,enter,consumer_internet,1.0,0.7836538461538461,SNAP|PINS|META
2020-10-21,enter,insurance,2.0,0.7696678321678323,TRV|CB|AIG
2020-10-21,enter,ai_apps,3.0,0.7648601398601399,SNAP|PINS|META
2020-10-22,exit,restaurants,13.0,0.5673076923076923,TXRH|CMG|MCD
2020-10-22,exit,ai_apps,9.0,0.6586538461538464,SNAP|PINS|META
2020-10-22,enter,regional_banks,1.0,0.8129370629370629,HBAN|PNC|USB
2020-10-22,enter,travel,2.0,0.8050699300699301,EXPE|HLT|UBER
2020-10-26,exit,regional_banks,9.0,0.6665209790209791,HBAN|PNC|USB
2020-10-26,exit,travel,12.0,0.6000874125874127,EXPE|HLT|UBER
2020-10-26,enter,ai_apps,2.0,0.7447552447552447,SNAP|PINS|META
2020-10-26,enter,china_internet,3.0,0.7290209790209791,TME|BIDU|PDD
2020-10-27,exit,insurance,10.0,0.6254370629370629,TRV|CB|AIG
2020-10-28,exit,china_internet,14.0,0.5743006993006992,TME|BIDU|PDD
2020-10-28,enter,insurance,3.0,0.7316433566433568,CB|TRV|ALL
2020-10-29,enter,china_internet,2.0,0.777534965034965,PDD|KWEB|JD
2020-10-30,enter,gold,1.0,0.7797202797202798,NEM|FNV|AEM
2020-10-30,enter,biotech,2.0,0.7736013986013986,ABBV|EXAS|MRNA
2020-11-02,exit,consumer_internet,20.0,0.5034965034965035,SNAP|PINS|META
2020-11-02,exit,ai_apps,22.0,0.4431818181818182,SNAP|PINS|META
2020-11-02,exit,china_internet,16.0,0.5480769230769231,PDD|KWEB|JD
2020-11-02,enter,regional_banks,1.0,0.7836538461538461,HBAN|KEY|PNC
2020-11-02,enter,oil_exploration,3.0,0.7626748251748252,DVN|FANG|OXY
2020-11-03,exit,gold,10.0,0.610576923076923,NEM|FNV|AEM
2020-11-03,exit,biotech,29.0,0.30725524475524474,ABBV|EXAS|MRNA
2020-11-03,exit,oil_exploration,19.0,0.5367132867132868,DVN|FANG|OXY
2020-11-03,enter,mega_banks,3.0,0.7827797202797202,JPM|C|MS
2020-11-04,exit,insurance,26.0,0.39641608391608385,CB|TRV|ALL
2020-11-04,exit,regional_banks,31.0,0.3548951048951049,HBAN|KEY|PNC
2020-11-04,exit,mega_banks,28.0,0.38330419580419584,JPM|C|MS
2020-11-04,enter,semis,1.0,0.826486013986014,SMCI|AMAT|MPWR
2020-11-04,enter,pharma,2.0,0.8247377622377622,ABBV|BMY|XLV
2020-11-04,enter,ai_infrastructure,3.0,0.7460664335664335,SMCI|MPWR|AMAT
2020-11-05,exit,pharma,10.0,0.5708041958041958,ABBV|BMY|XLV
2020-11-05,enter,travel,2.0,0.7652972027972028,UBER|EXPE|TCOM
2020-11-05,enter,gold,3.0,0.721590909090909,PAAS|FNV|NEM
2020-11-06,exit,gold,16.0,0.5445804195804196,PAAS|FNV|NEM
2020-11-06,enter,vertical_software,3.0,0.743881118881119,PLTR|CDNS|PTC
2020-11-09,exit,semis,13.0,0.6123251748251748,SMCI|AMAT|MPWR
2020-11-09,exit,ai_infrastructure,15.0,0.5476398601398601,SMCI|MPWR|AMAT
2020-11-09,exit,vertical_software,9.0,0.6337412587412586,PLTR|CDNS|PTC
2020-11-09,enter,mega_banks,2.0,0.8317307692307692,AXP|JPM|BAC
2020-11-09,enter,payments,3.0,0.7893356643356643,AXP|GPN|MA
2020-11-10,exit,mega_banks,16.0,0.5559440559440559,AXP|JPM|BAC
2020-11-10,exit,payments,12.0,0.5895979020979021,AXP|GPN|MA
2020-11-10,enter,defense,1.0,0.7670454545454547,HWM|BA|RTX
2020-11-10,enter,oil_exploration,3.0,0.7307692307692308,OXY|COP|FANG
2020-11-11,exit,oil_exploration,13.0,0.5541958041958042,OXY|COP|FANG
2020-11-11,enter,uranium,1.0,0.7740384615384616,UUUU|UEC|NXE
2020-11-11,enter,nuclear,2.0,0.7377622377622377,UUUU|UEC|NXE
2020-11-11,enter,semis,3.0,0.6604020979020979,QCOM|MCHP|AMAT
2020-11-12,exit,nuclear,10.0,0.6354895104895105,UUUU|UEC|NXE
2020-11-12,exit,semis,24.0,0.47246503496503495,QCOM|MCHP|AMAT
2020-11-12,enter,insurance,1.0,0.7041083916083916,AIG|MET|ALL
2020-11-12,enter,medtech,3.0,0.6765734265734267,SYK|JNJ|BSX
2020-11-13,exit,uranium,20.0,0.48120629370629375,UUUU|UEC|NXE
2020-11-13,exit,medtech,11.0,0.5856643356643356,SYK|JNJ|BSX
2020-11-13,enter,mega_banks,2.0,0.8063811188811186,AXP|C|BAC
2020-11-13,enter,regional_banks,3.0,0.7906468531468532,KEY|TFC|COF
2020-11-16,exit,travel,26.0,0.36319930069930073,UBER|EXPE|TCOM
2020-11-16,exit,mega_banks,16.0,0.5467657342657343,AXP|C|BAC
2020-11-16,exit,regional_banks,20.0,0.49694055944055937,KEY|TFC|COF
2020-11-16,enter,oil_exploration,1.0,0.8020104895104895,COP|EOG|APA
2020-11-16,enter,consumer_staples,2.0,0.6918706293706295,TGT|WMT|PEP
2020-11-17,exit,defense,14.0,0.6070804195804195,HWM|BA|RTX
2020-11-17,exit,insurance,31.0,0.2888986013986014,AIG|MET|ALL
2020-11-17,exit,consumer_staples,20.0,0.46416083916083917,TGT|WMT|PEP
2020-11-17,enter,cybersecurity,2.0,0.792395104895105,PANW|NET|CRWD
2020-11-17,enter,workflow_software,3.0,0.7163461538461539,WDAY|NOW|CRM
2020-11-18,exit,cybersecurity,25.0,0.44580419580419584,PANW|NET|CRWD
2020-11-18,exit,workflow_software,13.0,0.6223776223776223,WDAY|NOW|CRM
2020-11-18,enter,defense,2.0,0.7736013986013986,PLTR|RTX|BA
2020-11-18,enter,china_internet,3.0,0.7561188811188809,FUTU|PDD|BILI
2020-11-19,exit,china_internet,11.0,0.6118881118881119,FUTU|PDD|BILI
2020-11-19,enter,data_centers,2.0,0.7473776223776224,DELL|NTAP|SNOW
2020-11-19,enter,semis,3.0,0.7202797202797202,AMAT|MU|AVGO
2020-11-20,exit,defense,12.0,0.5603146853146853,PLTR|RTX|BA
2020-11-20,exit,data_centers,25.0,0.4104020979020978,DELL|NTAP|SNOW
2020-11-20,exit,semis,16.0,0.5454545454545454,AMAT|MU|AVGO
2020-11-20,enter,cybersecurity,1.0,0.784527972027972,CRWD|OKTA|PANW
2020-11-20,enter,workflow_software,3.0,0.7521853146853147,TEAM|ZM|CRM
2020-11-23,exit,cybersecurity,15.0,0.5297202797202798,CRWD|OKTA|PANW
2020-11-23,exit,workflow_software,16.0,0.5227272727272726,TEAM|ZM|CRM
2020-11-23,enter,autos,2.0,0.7132867132867132,TSLA|GM|MCHP
2020-11-23,enter,vertical_software,3.0,0.701048951048951,PLTR|PTC|ADSK
2020-11-24,exit,vertical_software,10.0,0.5878496503496504,PLTR|PTC|ADSK
2020-11-24,enter,mega_banks,2.0,0.812937062937063,WFC|C|MS
2020-11-24,enter,uranium,3.0,0.798513986013986,LEU|UUUU|DNN
2020-11-25,exit,autos,24.0,0.43444055944055937,TSLA|GM|MCHP
2020-11-25,exit,mega_banks,13.0,0.5865384615384615,WFC|C|MS
2020-11-25,enter,nuclear,1.0,0.8251748251748252,LEU|UEC|UUUU
2020-11-27,exit,uranium,9.0,0.6206293706293706,LEU|UUUU|DNN
2020-11-27,enter,dev_tools,1.0,0.7591783216783217,SNOW|TEAM|MDB
2020-11-27,enter,cloud,2.0,0.735576923076923,SNOW|NET|ZM
2020-11-27,enter,biotech,3.0,0.7089160839160839,MRNA|CRSP|NTLA
2020-11-30,exit,oil_exploration,19.0,0.5301573426573426,COP|EOG|APA
2020-11-30,exit,dev_tools,9.0,0.6569055944055944,SNOW|TEAM|MDB
2020-11-30,enter,consumer_staples,2.0,0.7185314685314684,TGT|COST|KR
2020-11-30,enter,uranium,3.0,0.701486013986014,LEU|UUUU|DNN
2020-12-01,exit,cloud,19.0,0.5262237762237763,SNOW|NET|ZM
2020-12-01,exit,biotech,9.0,0.63986013986014,MRNA|CRSP|NTLA
2020-12-01,enter,asset_managers,1.0,0.7320804195804197,MS|BLK|SCHW
2020-12-01,enter,mega_banks,3.0,0.7023601398601399,MS|WFC|BAC
2020-12-02,exit,consumer_staples,23.0,0.46940559440559443,TGT|COST|KR
2020-12-02,exit,mega_banks,12.0,0.5498251748251748,MS|WFC|BAC
2020-12-02,enter,medtech,3.0,0.7674825174825176,EXAS|DXCM|ISRG
2020-12-03,exit,nuclear,17.0,0.4812062937062937,LEU|UEC|UUUU
2020-12-03,exit,uranium,13.0,0.5327797202797203,LEU|UUUU|DNN
2020-12-03,exit,asset_managers,14.0,0.5179195804195803,MS|BLK|SCHW
2020-12-03,enter,cybersecurity,1.0,0.8024475524475525,ZS|CRWD|FTNT
2020-12-03,enter,dev_tools,2.0,0.7377622377622377,SNOW|TEAM|DDOG
2020-12-03,enter,biotech,3.0,0.7342657342657343,CRSP|MRNA|EXAS
2020-12-04,exit,dev_tools,14.0,0.5603146853146853,SNOW|TEAM|DDOG
2020-12-04,exit,biotech,12.0,0.5751748251748253,CRSP|MRNA|EXAS
2020-12-04,enter,nuclear,1.0,0.7819055944055944,UUUU|NXE|LEU
2020-12-04,enter,uranium,2.0,0.7696678321678323,UUUU|NXE|LEU
2020-12-04,enter,semis,3.0,0.7141608391608393,MU|QCOM|LRCX
2020-12-07,exit,medtech,12.0,0.5222902097902098,EXAS|DXCM|ISRG
2020-12-07,enter,gold,3.0,0.7456293706293706,AEM|PAAS|GLD
2020-12-08,exit,semis,11.0,0.5987762237762237,MU|QCOM|LRCX
2020-12-08,exit,gold,23.0,0.43531468531468526,AEM|PAAS|GLD
2020-12-08,enter,dev_tools,2.0,0.6874999999999999,SNOW|MDB|TEAM
2020-12-08,enter,robotics,3.0,0.6787587412587412,TSLA|EMR|TER
2020-12-09,exit,uranium,11.0,0.6368006993006993,UUUU|NXE|LEU
2020-12-09,exit,dev_tools,13.0,0.6013986013986014,SNOW|MDB|TEAM
2020-12-09,enter,oil_exploration,1.0,0.8024475524475526,OXY|FANG|APA
2020-12-09,enter,consumer_internet,3.0,0.681381118881119,TME|BIDU|BKNG
2020-12-10,exit,cybersecurity,10.0,0.6053321678321679,ZS|CRWD|FTNT
2020-12-10,exit,robotics,15.0,0.520979020979021,TSLA|EMR|TER
2020-12-10,enter,uranium,2.0,0.8081293706293706,UUUU|NXE|UEC
2020-12-11,exit,oil_exploration,12.0,0.6048951048951049,OXY|FANG|APA
2020-12-14,enter,dev_tools,1.0,0.8002622377622378,MDB|DDOG|TEAM
2020-12-15,exit,consumer_internet,10.0,0.5834790209790209,TME|BIDU|BKNG
2020-12-15,enter,restaurants,3.0,0.7526223776223776,MCD|YUM|CMG
2020-12-16,exit,nuclear,11.0,0.6171328671328672,UUUU|NXE|LEU
2020-12-16,exit,uranium,15.0,0.5856643356643357,UUUU|NXE|UEC
2020-12-16,exit,restaurants,12.0,0.6145104895104895,MCD|YUM|CMG
2020-12-16,enter,business_apps,2.0,0.7897727272727273,ORCL|MSFT|ADSK
2020-12-16,enter,cybersecurity,3.0,0.7714160839160839,TENB|OKTA|PANW
2020-12-17,enter,gold,3.0,0.7548076923076924,PAAS|WPM|NEM
2020-12-18,exit,dev_tools,12.0,0.6376748251748251,MDB|DDOG|TEAM
2020-12-18,exit,gold,31.0,0.36888111888111885,PAAS|WPM|NEM
2020-12-18,enter,medtech,2.0,0.777972027972028,MDT|EXAS|BSX
2020-12-21,exit,medtech,25.0,0.479458041958042,MDT|EXAS|BSX
2020-12-21,enter,mega_banks,2.0,0.8103146853146852,GS|MS|BAC
2020-12-21,enter,cloud,3.0,0.7403846153846154,ORCL|ZS|NET
2020-12-22,exit,mega_banks,32.0,0.35795454545454547,GS|MS|BAC
2020-12-23,exit,business_apps,13.0,0.5555069930069931,ORCL|MSFT|ADSK
2020-12-23,exit,cloud,19.0,0.5354020979020979,ORCL|ZS|NET
2020-12-23,enter,mega_banks,1.0,0.7762237762237763,GS|MS|JPM
2020-12-23,enter,uranium,2.0,0.756555944055944,LEU|UUUU|DNN
2020-12-23,enter,nuclear,3.0,0.743444055944056,LEU|UUUU|DNN
2020-12-24,exit,mega_banks,14.0,0.5996503496503497,GS|MS|JPM
2020-12-24,exit,uranium,13.0,0.6022727272727273,LEU|UUUU|DNN
2020-12-24,enter,business_apps,2.0,0.7290209790209791,AI|MSFT|ORCL
2020-12-24,enter,payments,3.0,0.7145979020979022,GPN|COF|PYPL
2020-12-28,exit,cybersecurity,15.0,0.5493881118881119,TENB|OKTA|PANW
2020-12-28,exit,business_apps,31.0,0.2862762237762238,AI|MSFT|ORCL
2020-12-28,enter,uranium,1.0,0.7827797202797202,DNN|UUUU|UEC
2020-12-28,enter,mega_banks,2.0,0.7749125874125875,GS|MS|JPM
2020-12-29,exit,uranium,11.0,0.6223776223776224,DNN|UUUU|UEC
2020-12-29,exit,mega_banks,23.0,0.47639860139860146,GS|MS|JPM
2020-12-29,enter,medtech,1.0,0.7465034965034965,SYK|ISRG|EW
2020-12-29,enter,retail,2.0,0.7381993006993007,PDD|AMZN|JD
2020-12-29,enter,consumer_staples,3.0,0.7281468531468531,PEP|KO|COST
2020-12-30,exit,medtech,24.0,0.4423076923076923,SYK|ISRG|EW
2020-12-30,exit,retail,18.0,0.5804195804195804,PDD|AMZN|JD
2020-12-30,exit,consumer_staples,22.0,0.4523601398601399,PEP|KO|COST
2020-12-30,enter,china_internet,1.0,0.7893356643356644,PDD|BIDU|BILI
2020-12-30,enter,regional_banks,2.0,0.7775349650349651,HBAN|KEY|COF
2020-12-30,enter,oil_exploration,3.0,0.7696678321678321,FANG|DVN|USO
2020-12-31,exit,nuclear,29.0,0.30506993006993005,LEU|UUUU|DNN
2020-12-31,exit,china_internet,11.0,0.6407342657342658,PDD|BIDU|BILI
2020-12-31,exit,regional_banks,13.0,0.6118881118881119,HBAN|KEY|COF
2020-12-31,exit,oil_exploration,24.0,0.38286713286713286,FANG|DVN|USO
2020-12-31,enter,fintech,2.0,0.7722902097902098,FUTU|MA|GPN
2020-12-31,enter,insurance,3.0,0.7539335664335665,ALL|CB|TRV
2021-01-04,exit,payments,11.0,0.6000874125874126,GPN|COF|PYPL
2021-01-04,exit,insurance,18.0,0.4768356643356643,ALL|CB|TRV
2021-01-04,enter,gold,1.0,0.8369755244755246,WPM|PAAS|AEM
2021-01-04,enter,semis,2.0,0.7657342657342657,TSM|MU|ON
2021-01-04,enter,china_internet,3.0,0.7229020979020979,FUTU|BILI|BIDU
2021-01-05,exit,fintech,12.0,0.5585664335664335,FUTU|MA|GPN
2021-01-05,enter,oil_exploration,1.0,0.8391608391608391,DVN|FANG|APA
2021-01-06,exit,semis,9.0,0.5681818181818182,TSM|MU|ON
2021-01-06,enter,regional_banks,2.0,0.8251748251748252,FITB|HBAN|KEY
2021-01-06,enter,mega_banks,3.0,0.8068181818181818,GS|WFC|BAC
2021-01-07,exit,gold,18.0,0.47421328671328666,WPM|PAAS|AEM
2021-01-07,exit,china_internet,10.0,0.5659965034965034,FUTU|BILI|BIDU
2021-01-07,enter,semis,2.0,0.7744755244755245,TSM|MU|ON
2021-01-07,enter,asset_managers,3.0,0.7517482517482517,SCHW|GS|MS
2021-01-08,exit,regional_banks,19.0,0.5432692307692307,FITB|HBAN|KEY
2021-01-08,exit,mega_banks,9.0,0.6162587412587412,GS|WFC|BAC
2021-01-08,exit,asset_managers,10.0,0.6057692307692308,SCHW|GS|MS
2021-01-08,enter,china_internet,1.0,0.7718531468531469,FUTU|BILI|BIDU
2021-01-08,enter,fintech,2.0,0.6962412587412586,FUTU|SCHW|XYZ
2021-01-08,enter,biotech,3.0,0.6909965034965035,NTLA|ALNY|CRSP
2021-01-11,exit,china_internet,16.0,0.506993006993007,FUTU|BILI|BIDU
2021-01-11,exit,fintech,10.0,0.6097027972027972,FUTU|SCHW|XYZ
2021-01-11,enter,mega_banks,3.0,0.764423076923077,WFC|MS|C
2021-01-12,enter,regional_banks,3.0,0.8090034965034963,FITB|COF|HBAN
2021-01-13,exit,oil_exploration,21.0,0.5541958041958042,DVN|FANG|APA
2021-01-13,exit,mega_banks,16.0,0.597027972027972,WFC|MS|C
2021-01-13,exit,regional_banks,31.0,0.37237762237762234,FITB|COF|HBAN
2021-01-13,enter,autos,2.0,0.7574300699300699,LCID|GM|F
2021-01-13,enter,fintech,3.0,0.756993006993007,FUTU|SCHW|PYPL
2021-01-14,exit,fintech,23.0,0.4615384615384615,FUTU|SCHW|PYPL
2021-01-14,enter,oil_exploration,2.0,0.7670454545454546,OXY|DVN|APA
2021-01-15,exit,autos,9.0,0.6328671328671328,LCID|GM|F
2021-01-15,exit,oil_exploration,12.0,0.583041958041958,OXY|DVN|APA
2021-01-15,enter,pharma,1.0,0.783653846153846,LLY|BMY|ABBV
2021-01-15,enter,insurance,2.0,0.707604895104895,TRV|AIG|MET
2021-01-15,enter,defense,3.0,0.6958041958041958,AXON|NOC|LHX
2021-01-19,exit,pharma,9.0,0.6520979020979022,LLY|BMY|ABBV
2021-01-19,exit,defense,13.0,0.583041958041958,AXON|NOC|LHX
2021-01-19,enter,consumer_internet,1.0,0.8465909090909091,TME|BILI|BIDU
2021-01-19,enter,china_internet,2.0,0.7814685314685317,FUTU|TME|BILI
2021-01-19,enter,ai_infrastructure,3.0,0.7652972027972028,VRT|AMAT|MU
2021-01-20,exit,semis,10.0,0.645104895104895,TSM|MU|ON
2021-01-20,exit,biotech,11.0,0.6429195804195803,NTLA|ALNY|CRSP
2021-01-20,exit,insurance,18.0,0.5655594405594405,TRV|AIG|MET
2021-01-20,exit,ai_infrastructure,9.0,0.6564685314685316,VRT|AMAT|MU
2021-01-20,enter,cloud,2.0,0.771416083916084,GOOGL|EQIX|AMZN
2021-01-21,exit,china_internet,10.0,0.6512237762237763,FUTU|TME|BILI
2021-01-21,enter,semis,1.0,0.8076923076923077,TSM|INTC|MRVL
2021-01-21,enter,ai_infrastructure,2.0,0.8011363636363636,TSM|VRT|MRVL
2021-01-22,exit,semis,22.0,0.5100524475524476,TSM|INTC|MRVL
2021-01-22,exit,ai_infrastructure,11.0,0.6612762237762239,TSM|VRT|MRVL
2021-01-22,enter,ai_apps,2.0,0.7587412587412586,PLTR|AXON|META
2021-01-25,enter,china_internet,1.0,0.8435314685314684,FUTU|NTES|KWEB
2021-01-26,exit,china_internet,11.0,0.6630244755244755,FUTU|NTES|KWEB
2021-01-26,enter,consumer_staples,3.0,0.7552447552447553,KR|MCD|WMT
2021-01-27,exit,consumer_internet,13.0,0.5550699300699301,TME|BILI|BIDU
2021-01-27,enter,vertical_software,2.0,0.7819055944055944,PLTR|ORCL|LDOS
2021-01-27,enter,business_apps,3.0,0.7784090909090909,MSFT|ORCL|AI
2021-01-28,exit,consumer_staples,10.0,0.6210664335664334,KR|MCD|WMT
2021-01-28,enter,gold,1.0,0.7067307692307692,GOLD|PAAS|WPM
2021-01-29,exit,ai_apps,14.0,0.5550699300699301,PLTR|AXON|META
2021-01-29,exit,vertical_software,16.0,0.534965034965035,PLTR|ORCL|LDOS
2021-01-29,exit,business_apps,12.0,0.5786713286713286,MSFT|ORCL|AI
2021-01-29,enter,pharma,2.0,0.7618006993006993,LLY|JNJ|TMO
2021-01-29,enter,medtech,3.0,0.7591783216783217,JNJ|DXCM|TMO
2021-02-01,exit,pharma,29.0,0.34746503496503506,LLY|JNJ|TMO
2021-02-01,exit,medtech,21.0,0.4506118881118881,JNJ|DXCM|TMO
2021-02-01,enter,uranium,1.0,0.8046328671328672,CCJ|NXE|UUUU
2021-02-01,enter,nuclear,2.0,0.7784090909090909,CCJ|NXE|UUUU
2021-02-02,exit,gold,29.0,0.4007867132867133,GOLD|PAAS|WPM
2021-02-02,exit,uranium,24.0,0.4895104895104895,CCJ|NXE|UUUU
2021-02-02,exit,nuclear,26.0,0.48251748251748255,CCJ|NXE|UUUU
2021-02-02,enter,workflow_software,1.0,0.8212412587412588,NOW|WDAY|TEAM
2021-02-02,enter,cybersecurity,2.0,0.8129370629370629,PANW|ZS|TENB
2021-02-03,exit,workflow_software,15.0,0.6083916083916083,NOW|WDAY|TEAM
2021-02-03,exit,cybersecurity,26.0,0.40078671328671334,PANW|ZS|TENB
2021-02-03,enter,oil_exploration,1.0,0.7819055944055944,FANG|USO|APA
2021-02-03,enter,dev_tools,2.0,0.7757867132867133,SNOW|MDB|DDOG
2021-02-03,enter,regional_banks,3.0,0.7215909090909091,TFC|KEY|FITB
2021-02-04,exit,cloud,13.0,0.604458041958042,GOOGL|EQIX|AMZN
2021-02-04,exit,oil_exploration,12.0,0.6258741258741259,FANG|USO|APA
2021-02-04,exit,dev_tools,15.0,0.5598776223776224,SNOW|MDB|DDOG
2021-02-04,enter,fintech,2.0,0.7128496503496504,PYPL|FUTU|SOFI
2021-02-04,enter,mega_banks,3.0,0.7128496503496504,BAC|GS|AXP
2021-02-05,exit,regional_banks,21.0,0.5008741258741258,TFC|KEY|FITB
2021-02-05,exit,fintech,16.0,0.5681818181818182,PYPL|FUTU|SOFI
2021-02-05,exit,mega_banks,19.0,0.5375874125874126,BAC|GS|AXP
2021-02-05,enter,uranium,1.0,0.7604895104895104,NXE|UUUU|LEU
2021-02-05,enter,consumer,2.0,0.7368881118881119,TXRH|DRI|SBUX
2021-02-05,enter,nuclear,3.0,0.7272727272727273,NXE|UUUU|LEU
2021-02-08,exit,consumer,27.0,0.40515734265734266,TXRH|DRI|SBUX
2021-02-08,enter,oil_exploration,1.0,0.7893356643356643,OXY|FANG|APA
2021-02-08,enter,mega_banks,3.0,0.7596153846153846,BAC|WFC|AXP
2021-02-09,exit,mega_banks,22.0,0.4833916083916084,BAC|WFC|AXP
2021-02-09,enter,china_internet,3.0,0.7403846153846154,FUTU|BIDU|NTES
2021-02-11,exit,uranium,11.0,0.6564685314685316,NXE|UUUU|LEU
2021-02-11,exit,oil_exploration,17.0,0.4969405594405595,OXY|FANG|APA
2021-02-11,enter,semis,1.0,0.8535839160839161,KLAC|NVDA|LRCX
2021-02-11,enter,ai_infrastructure,2.0,0.7862762237762239,NVDA|KLAC|AMAT
2021-02-11,enter,payments,3.0,0.771416083916084,XYZ|PYPL|AFRM
2021-02-12,exit,china_internet,19.0,0.4755244755244755,FUTU|BIDU|NTES
2021-02-12,exit,payments,9.0,0.6560314685314687,XYZ|PYPL|AFRM
2021-02-12,enter,oil_exploration,2.0,0.8151223776223777,DVN|EOG|OXY
2021-02-12,enter,uranium,3.0,0.7823426573426573,DNN|UEC|UUUU
2021-02-16,exit,ai_infrastructure,15.0,0.5581293706293706,NVDA|KLAC|AMAT
2021-02-16,enter,china_internet,2.0,0.7945804195804197,FUTU|BIDU|JD
2021-02-17,exit,semis,14.0,0.583916083916084,KLAC|NVDA|LRCX
2021-02-17,enter,consumer_staples,3.0,0.6704545454545453,WMT|TGT|KO
2021-02-18,exit,nuclear,32.0,0.3570804195804196,NXE|UUUU|LEU
2021-02-18,exit,oil_exploration,21.0,0.49737762237762245,DVN|EOG|OXY
2021-02-18,exit,uranium,34.0,0.2215909090909091,DNN|UEC|UUUU
2021-02-18,exit,china_internet,23.0,0.4847027972027971,FUTU|BIDU|JD
2021-02-18,enter,semis,1.0,0.7259615384615384,MU|KLAC|AMAT
2021-02-18,enter,mega_banks,2.0,0.6979895104895105,WFC|JPM|BAC
2021-02-18,enter,data_centers,3.0,0.6870629370629371,VST|WDC|AVGO
2021-02-19,exit,consumer_staples,19.0,0.5026223776223776,WMT|TGT|KO
2021-02-19,enter,regional_banks,2.0,0.798951048951049,TFC|FITB|KEY
2021-02-19,enter,travel,3.0,0.6993006993006993,MAR|HLT|TCOM
2021-02-22,exit,semis,30.0,0.3470279720279721,MU|KLAC|AMAT
2021-02-22,exit,data_centers,10.0,0.5917832167832168,VST|WDC|AVGO
2021-02-22,enter,oil_exploration,1.0,0.8159965034965034,APA|COP|EOG
2021-02-25,exit,travel,10.0,0.6101398601398601,MAR|HLT|TCOM
2021-02-25,enter,insurance,1.0,0.6857517482517482,MET|AIG|ALL
2021-02-25,enter,uranium,3.0,0.6673951048951049,NXE|CCJ|UEC
2021-02-26,exit,mega_banks,11.0,0.5891608391608392,WFC|JPM|BAC
2021-02-26,exit,regional_banks,10.0,0.5974650349650349,TFC|FITB|KEY
2021-02-26,exit,insurance,9.0,0.6066433566433566,MET|AIG|ALL
2021-02-26,exit,uranium,34.0,0.1896853146853147,NXE|CCJ|UEC
2021-02-26,enter,consumer,1.0,0.7132867132867133,SBUX|DRI|TXRH
2021-02-26,enter,restaurants,2.0,0.6975524475524475,SBUX|DRI|TXRH
2021-02-26,enter,travel,3.0,0.673951048951049,MAR|HLT|ABNB
2021-03-01,exit,oil_exploration,9.0,0.582604895104895,APA|COP|EOG
2021-03-01,exit,consumer,23.0,0.4567307692307692,SBUX|DRI|TXRH
2021-03-01,exit,restaurants,18.0,0.49256993006993,SBUX|DRI|TXRH
2021-03-01,exit,travel,29.0,0.37543706293706297,MAR|HLT|ABNB
2021-03-01,enter,semis,1.0,0.756118881118881,MU|LRCX|ON
2021-03-01,enter,ai_infrastructure,2.0,0.715472027972028,MU|AVGO|SMCI
2021-03-01,enter,aerospace,3.0,0.715034965034965,RKLB|SPIR|GE
2021-03-02,exit,semis,18.0,0.49431818181818177,MU|LRCX|ON
2021-03-02,exit,ai_infrastructure,21.0,0.45279720279720287,MU|AVGO|SMCI
2021-03-02,enter,uranium,1.0,0.8076923076923077,UUUU|CCJ|UEC
2021-03-02,enter,asset_managers,2.0,0.7347027972027972,TROW|MS|GS
2021-03-03,enter,mega_banks,1.0,0.8444055944055944,C|MS|AXP
2021-03-03,enter,insurance,3.0,0.7683566433566434,AIG|ALL|MET
2021-03-04,exit,uranium,34.0,0.20454545454545456,UUUU|CCJ|UEC
2021-03-04,exit,asset_managers,14.0,0.5550699300699301,TROW|MS|GS
2021-03-04,exit,insurance,18.0,0.5358391608391609,AIG|ALL|MET
2021-03-04,enter,oil_exploration,1.0,0.825611888111888,FANG|OXY|DVN
2021-03-05,enter,regional_banks,2.0,0.7368881118881119,COF|FITB|USB
2021-03-08,exit,aerospace,9.0,0.6136363636363636,RKLB|SPIR|GE
2021-03-08,exit,oil_exploration,10.0,0.6005244755244755,FANG|OXY|DVN
2021-03-08,enter,insurance,3.0,0.7928321678321679,AIG|ALL|TRV
2021-03-09,enter,business_apps,1.0,0.6569055944055943,ORCL|WDAY|MSFT
2021-03-09,enter,consumer_staples,2.0,0.6477272727272727,KR|MDLZ|DLTR
2021-03-10,exit,business_apps,19.0,0.48208041958041964,ORCL|WDAY|MSFT
2021-03-10,enter,oil_exploration,1.0,0.7770979020979021,COP|EOG|FANG
2021-03-11,exit,mega_banks,33.0,0.215034965034965,C|MS|AXP
2021-03-11,exit,regional_banks,31.0,0.2976398601398601,COF|FITB|USB
2021-03-11,exit,insurance,29.0,0.3177447552447552,AIG|ALL|TRV
2021-03-11,exit,consumer_staples,28.0,0.34003496503496505,KR|MDLZ|DLTR
2021-03-11,exit,oil_exploration,19.0,0.5305944055944056,COP|EOG|FANG
2021-03-11,enter,workflow_software,1.0,0.7277097902097902,WDAY|DOCU|TEAM
2021-03-11,enter,cybersecurity,2.0,0.7097902097902098,FTNT|NET|GEN
2021-03-11,enter,semis,3.0,0.6975524475524476,INTC|SMCI|MRVL
2021-03-12,exit,workflow_software,26.0,0.4436188811188811,WDAY|DOCU|TEAM
2021-03-12,exit,cybersecurity,24.0,0.49956293706293703,FTNT|NET|GEN
2021-03-12,exit,semis,32.0,0.381993006993007,INTC|SMCI|MRVL
2021-03-12,enter,travel,1.0,0.8146853146853147,TCOM|EXPE|ABNB
2021-03-12,enter,uranium,2.0,0.7486888111888111,UEC|CCJ|UUUU
2021-03-12,enter,nuclear,3.0,0.7381993006993007,UEC|CCJ|UUUU
2021-03-15,exit,travel,20.0,0.5437062937062936,TCOM|EXPE|ABNB
2021-03-15,enter,biotech,1.0,0.7517482517482517,NTLA|AMGN|ABBV
2021-03-15,enter,dev_tools,2.0,0.7482517482517482,PTC|DDOG|SNOW
2021-03-16,exit,biotech,9.0,0.701923076923077,NTLA|AMGN|ABBV
2021-03-16,exit,dev_tools,30.0,0.37849650349650343,PTC|DDOG|SNOW
2021-03-16,enter,semis,1.0,0.7805944055944057,AVGO|ON|SMCI
2021-03-16,enter,ai_infrastructure,3.0,0.7552447552447551,AVGO|SMCI|MRVL
2021-03-17,exit,ai_infrastructure,9.0,0.6748251748251748,AVGO|SMCI|MRVL
2021-03-17,enter,gold,1.0,0.7801573426573427,PAAS|FNV|NEM
2021-03-18,exit,semis,24.0,0.4541083916083916,AVGO|ON|SMCI
2021-03-18,exit,gold,10.0,0.6713286713286712,PAAS|FNV|NEM
2021-03-18,enter,mega_banks,1.0,0.8072552447552447,WFC|BAC|JPM
2021-03-18,enter,regional_banks,2.0,0.798951048951049,USB|FITB|PNC
2021-03-19,exit,mega_banks,28.0,0.3846153846153847,WFC|BAC|JPM
2021-03-19,exit,regional_banks,25.0,0.3898601398601399,USB|FITB|PNC
2021-03-19,enter,biotech,1.0,0.7915209790209792,AMGN|GILD|ALNY
2021-03-19,enter,semis,2.0,0.7801573426573427,AVGO|SMCI|MCHP
2021-03-19,enter,consumer_staples,3.0,0.7670454545454547,PEP|MCD|MDLZ
2021-03-22,exit,uranium,32.0,0.2792832167832168,UEC|CCJ|UUUU
2021-03-22,exit,nuclear,34.0,0.19798951048951052,UEC|CCJ|UUUU
2021-03-22,enter,pharma,3.0,0.7618006993006993,BMY|GILD|AMGN
2021-03-23,exit,biotech,23.0,0.4794580419580419,AMGN|GILD|ALNY
2021-03-23,exit,semis,21.0,0.48208041958041964,AVGO|SMCI|MCHP
2021-03-23,exit,pharma,9.0,0.6464160839160839,BMY|GILD|AMGN
2021-03-23,enter,cloud,2.0,0.7976398601398602,DLR|AMZN|MSFT
2021-03-23,enter,consumer_internet,3.0,0.7814685314685313,TME|NFLX|META
2021-03-24,exit,cloud,16.0,0.527972027972028,DLR|AMZN|MSFT
2021-03-24,exit,consumer_internet,25.0,0.39991258741258745,TME|NFLX|META
2021-03-24,enter,medtech,1.0,0.8111888111888111,EXAS|JNJ|DXCM
2021-03-24,enter,pharma,2.0,0.7534965034965035,JNJ|XLV|GILD
2021-03-25,exit,pharma,10.0,0.5804195804195803,JNJ|XLV|GILD
2021-03-25,enter,retail,2.0,0.7395104895104895,DG|COST|TGT
2021-03-25,enter,consumer,3.0,0.7351398601398602,DRI|TXRH|DPZ
2021-03-26,enter,semis,3.0,0.7701048951048951,AMAT|TXN|KLAC
2021-03-29,exit,semis,26.0,0.4466783216783217,AMAT|TXN|KLAC
2021-03-29,enter,insurance,3.0,0.771416083916084,PGR|ALL|TRV
2021-03-30,exit,consumer_staples,9.0,0.6319930069930069,PEP|MCD|MDLZ
2021-03-30,exit,medtech,15.0,0.5572552447552448,EXAS|JNJ|DXCM
2021-03-30,exit,retail,10.0,0.5970279720279721,DG|COST|TGT
2021-03-30,enter,regional_banks,1.0,0.8256118881118882,COF|USB|FITB
2021-03-30,enter,mega_banks,2.0,0.806381118881119,BAC|WFC|JPM
2021-03-31,exit,consumer,17.0,0.521416083916084,DRI|TXRH|DPZ
2021-03-31,exit,insurance,31.0,0.37456293706293703,PGR|ALL|TRV
2021-03-31,exit,regional_banks,26.0,0.4781468531468532,COF|USB|FITB
2021-03-31,exit,mega_banks,33.0,0.2928321678321678,BAC|WFC|JPM
2021-03-31,enter,semis,1.0,0.8435314685314684,AMAT|KLAC|ON
2021-03-31,enter,ai_infrastructure,2.0,0.7823426573426573,AMAT|KLAC|NVDA
2021-03-31,enter,biotech,3.0,0.7145979020979022,NTLA|ABBV|BIIB
2021-04-01,exit,biotech,20.0,0.5305944055944056,NTLA|ABBV|BIIB
2021-04-01,enter,dev_tools,3.0,0.7701048951048951,CDNS|PTC|DDOG
2021-04-05,exit,dev_tools,23.0,0.5218531468531469,CDNS|PTC|DDOG
2021-04-05,enter,vertical_software,2.0,0.7513111888111887,CDNS|ORCL|PTC
2021-04-05,enter,uranium,3.0,0.7469405594405594,DNN|NXE|UEC
2021-04-06,exit,semis,10.0,0.6472902097902098,AMAT|KLAC|ON
2021-04-06,exit,ai_infrastructure,17.0,0.5782342657342657,AMAT|KLAC|NVDA
2021-04-06,exit,vertical_software,28.0,0.45367132867132864,CDNS|ORCL|PTC
2021-04-06,exit,uranium,13.0,0.6245629370629371,DNN|NXE|UEC
2021-04-06,enter,autos,1.0,0.7679195804195805,GM|ON|TSLA
2021-04-06,enter,consumer_internet,2.0,0.7373251748251748,PINS|SNAP|GOOGL
2021-04-06,enter,ai_apps,3.0,0.7312062937062936,PINS|HUBS|SNAP
2021-04-07,exit,autos,32.0,0.3697552447552448,GM|ON|TSLA
2021-04-07,enter,semis,1.0,0.7928321678321679,NVDA|LRCX|TER
2021-04-07,enter,ai_infrastructure,2.0,0.7858391608391608,NVDA|AMAT|AMD
2021-04-08,exit,consumer_internet,10.0,0.7058566433566434,PINS|SNAP|GOOGL
2021-04-08,enter,workflow_software,1.0,0.8203671328671328,HUBS|TEAM|CRM
2021-04-08,enter,business_apps,2.0,0.798951048951049,HUBS|CRM|ORCL
2021-04-08,enter,cloud,3.0,0.7845279720279721,GOOGL|ZS|AMZN
2021-04-09,exit,semis,26.0,0.43356643356643365,NVDA|LRCX|TER
2021-04-09,exit,ai_infrastructure,24.0,0.479020979020979,NVDA|AMAT|AMD
2021-04-09,exit,cloud,13.0,0.6547202797202798,GOOGL|ZS|AMZN
2021-04-09,enter,payments,1.0,0.8291083916083917,XYZ|PYPL|FIS
2021-04-09,enter,fintech,3.0,0.7565559440559442,XYZ|PYPL|INTU
2021-04-12,exit,ai_apps,20.0,0.5673076923076923,PINS|HUBS|SNAP
2021-04-12,exit,fintech,11.0,0.6730769230769231,XYZ|PYPL|INTU
2021-04-12,enter,cybersecurity,1.0,0.8465909090909091,OKTA|ZS|PANW
2021-04-12,enter,cloud,2.0,0.8444055944055944,ZS|AMZN|DDOG
2021-04-13,exit,payments,13.0,0.6175699300699301,XYZ|PYPL|FIS
2021-04-14,exit,cloud,12.0,0.6201923076923077,ZS|AMZN|DDOG
2021-04-14,enter,oil_exploration,1.0,0.8028846153846154,USO|FANG|EOG
2021-04-14,enter,mega_banks,2.0,0.7207167832167832,WFC|GS|C
2021-04-15,exit,oil_exploration,19.0,0.47290209790209786,USO|FANG|EOG
2021-04-15,exit,mega_banks,17.0,0.5257867132867132,WFC|GS|C
2021-04-15,enter,cloud,2.0,0.8120629370629371,DOCU|NET|EQIX
2021-04-15,enter,medtech,3.0,0.7958916083916083,BSX|TMO|DXCM
2021-04-16,exit,workflow_software,14.0,0.5515734265734266,HUBS|TEAM|CRM
2021-04-16,exit,business_apps,9.0,0.6302447552447553,HUBS|CRM|ORCL
2021-04-16,enter,pharma,1.0,0.8439685314685316,PFE|BMY|NVO
2021-04-16,enter,insurance,2.0,0.7539335664335665,ALL|PGR|MET
2021-04-19,exit,cloud,16.0,0.5581293706293706,DOCU|NET|EQIX
2021-04-19,enter,oil_exploration,2.0,0.715472027972028,USO|FANG|APA
2021-04-20,exit,cybersecurity,25.0,0.402972027972028,OKTA|ZS|PANW
2021-04-20,exit,oil_exploration,14.0,0.5415209790209791,USO|FANG|APA
2021-04-20,enter,consumer_staples,3.0,0.7770979020979021,PG|KO|CL
2021-04-21,exit,consumer_staples,9.0,0.583041958041958,PG|KO|CL
2021-04-21,enter,gold,1.0,0.7893356643356643,AEM|NEM|PAAS
2021-04-22,exit,insurance,11.0,0.6232517482517482,ALL|PGR|MET
2021-04-22,exit,gold,12.0,0.6158216783216783,AEM|NEM|PAAS
2021-04-22,enter,restaurants,2.0,0.8234265734265734,TXRH|DPZ|MCD
2021-04-22,enter,consumer,3.0,0.7740384615384616,TXRH|DPZ|YUM
2021-04-23,exit,pharma,12.0,0.5699300699300699,PFE|BMY|NVO
2021-04-23,exit,restaurants,31.0,0.34265734265734266,TXRH|DPZ|MCD
2021-04-23,exit,consumer,34.0,0.2736013986013986,TXRH|DPZ|YUM
2021-04-23,enter,asset_managers,2.0,0.8072552447552449,BX|SCHW|KKR
2021-04-23,enter,insurance,3.0,0.7395104895104895,CB|ALL|TRV
2021-04-26,exit,asset_managers,12.0,0.6534090909090909,BX|SCHW|KKR
2021-04-26,exit,insurance,28.0,0.36101398601398593,CB|ALL|TRV
2021-04-26,enter,cybersecurity,1.0,0.7858391608391607,NET|TENB|AKAM
2021-04-26,enter,biotech,2.0,0.7736013986013985,CRSP|MRNA|EXAS
2021-04-26,enter,payments,3.0,0.735576923076923,AFRM|COF|AXP
2021-04-27,exit,medtech,22.0,0.5021853146853146,BSX|TMO|DXCM
2021-04-27,exit,biotech,11.0,0.6075174825174825,CRSP|MRNA|EXAS
2021-04-27,exit,payments,17.0,0.5498251748251748,AFRM|COF|AXP
2021-04-27,enter,oil_exploration,1.0,0.7648601398601399,APA|OXY|FANG
2021-04-27,enter,regional_banks,2.0,0.7635489510489512,KEY|COF|PNC
2021-04-27,enter,asset_managers,3.0,0.7416958041958043,BX|SCHW|KKR
2021-04-28,exit,cybersecurity,17.0,0.5122377622377622,NET|TENB|AKAM
2021-04-28,enter,uranium,2.0,0.7517482517482517,LEU|UEC|CCJ
2021-04-28,enter,payments,3.0,0.7478146853146852,COF|MA|AXP
2021-04-29,exit,uranium,18.0,0.5397727272727272,LEU|UEC|CCJ
2021-04-30,exit,oil_exploration,11.0,0.6070804195804197,APA|OXY|FANG
2021-04-30,exit,asset_managers,21.0,0.5620629370629371,BX|SCHW|KKR
2021-04-30,exit,payments,9.0,0.6140734265734267,COF|MA|AXP
2021-04-30,enter,restaurants,1.0,0.7220279720279719,TXRH|DPZ|DRI
2021-04-30,enter,consumer,2.0,0.7071678321678321,TXRH|DPZ|DRI
2021-04-30,enter,consumer_staples,3.0,0.6818181818181817,MDLZ|CL|MCD
2021-05-03,exit,regional_banks,9.0,0.6608391608391608,KEY|COF|PNC
2021-05-03,exit,restaurants,14.0,0.5987762237762237,TXRH|DPZ|DRI
2021-05-03,exit,consumer,12.0,0.604895104895105,TXRH|DPZ|DRI
2021-05-03,enter,oil_exploration,1.0,0.8601398601398601,EOG|FANG|APA
2021-05-03,enter,uranium,2.0,0.7757867132867133,NXE|LEU|UEC
2021-05-04,exit,consumer_staples,9.0,0.6499125874125873,MDLZ|CL|MCD
2021-05-04,enter,regional_banks,1.0,0.784527972027972,COF|PNC|FITB
2021-05-04,enter,insurance,2.0,0.7399475524475524,CB|PGR|TRV
2021-05-04,enter,pharma,3.0,0.7355769230769231,PFE|JNJ|XLV
2021-05-05,enter,nuclear,2.0,0.7587412587412588,NXE|LEU|CCJ
2021-05-06,exit,oil_exploration,13.0,0.5445804195804197,EOG|FANG|APA
2021-05-06,exit,uranium,11.0,0.5572552447552447,NXE|LEU|UEC
2021-05-06,exit,nuclear,9.0,0.5791083916083917,NXE|LEU|CCJ
2021-05-06,enter,gold,2.0,0.7408216783216784,PAAS|NEM|AEM
2021-05-07,exit,regional_banks,14.0,0.5109265734265734,COF|PNC|FITB
2021-05-07,exit,pharma,10.0,0.5585664335664335,PFE|JNJ|XLV
2021-05-07,enter,uranium,1.0,0.7744755244755245,NXE|CCJ|UUUU
2021-05-07,enter,oil_exploration,3.0,0.6979895104895104,EOG|DVN|COP
2021-05-10,exit,uranium,21.0,0.4409965034965036,NXE|CCJ|UUUU
2021-05-10,enter,consumer_staples,2.0,0.715472027972028,KR|PG|CL
2021-05-10,enter,pharma,3.0,0.7111013986013986,JNJ|GILD|AMGN
2021-05-11,exit,insurance,15.0,0.5454545454545454,CB|PGR|TRV
2021-05-11,exit,pharma,11.0,0.5681818181818182,JNJ|GILD|AMGN
2021-05-11,enter,workflow_software,1.0,0.7307692307692308,TEAM|PATH|HUBS
2021-05-11,enter,cybersecurity,3.0,0.6874999999999999,GEN|AKAM|FTNT
2021-05-12,exit,workflow_software,14.0,0.5498251748251749,TEAM|PATH|HUBS
2021-05-12,enter,pharma,2.0,0.743881118881119,NVO|GILD|JNJ
2021-05-13,exit,oil_exploration,26.0,0.3741258741258741,EOG|DVN|COP
2021-05-13,exit,cybersecurity,10.0,0.6411713286713288,GEN|AKAM|FTNT
2021-05-13,enter,insurance,1.0,0.7657342657342657,ALL|PGR|AIG
2021-05-13,enter,data_centers,3.0,0.7233391608391608,ETN|EQIX|CSCO
2021-05-14,exit,consumer_staples,13.0,0.5716783216783217,KR|PG|CL
2021-05-14,exit,pharma,14.0,0.5699300699300699,NVO|GILD|JNJ
2021-05-14,enter,cybersecurity,1.0,0.7954545454545454,GEN|AKAM|TENB
2021-05-17,exit,insurance,28.0,0.3557692307692307,ALL|PGR|AIG
2021-05-17,exit,data_centers,9.0,0.6206293706293706,ETN|EQIX|CSCO
2021-05-17,enter,biotech,2.0,0.6840034965034963,REGN|GILD|BIIB
2021-05-18,enter,dev_tools,1.0,0.7845279720279719,SNOW|DDOG|TEAM
2021-05-18,enter,china_internet,3.0,0.7124125874125874,TCOM|NTES|BIDU
2021-05-19,exit,cybersecurity,13.0,0.5690559440559441,GEN|AKAM|TENB
2021-05-19,exit,biotech,25.0,0.44798951048951047,REGN|GILD|BIIB
2021-05-19,enter,semis,1.0,0.8422202797202798,MRVL|LRCX|AMAT
2021-05-19,enter,ai_infrastructure,2.0,0.8199300699300699,MRVL|VRT|AMAT
2021-05-19,enter,data_centers,3.0,0.8194930069930069,SNOW|STX|WDC
2021-05-20,exit,data_centers,17.0,0.5498251748251748,SNOW|STX|WDC
2021-05-21,exit,china_internet,16.0,0.5476398601398601,TCOM|NTES|BIDU
2021-05-21,exit,semis,12.0,0.5721153846153846,MRVL|LRCX|AMAT
2021-05-21,exit,ai_infrastructure,15.0,0.5476398601398601,MRVL|VRT|AMAT
2021-05-21,enter,autos,2.0,0.700611888111888,F|TM|MCHP
2021-05-21,enter,cybersecurity,3.0,0.6923076923076924,PANW|CRWD|AKAM
2021-05-24,exit,gold,32.0,0.26486013986013984,PAAS|NEM|AEM
2021-05-24,exit,autos,12.0,0.6381118881118881,F|TM|MCHP
2021-05-24,enter,medtech,1.0,0.8116258741258741,EW|DXCM|BSX
2021-05-24,enter,semis,2.0,0.8107517482517482,NVDA|MRVL|AMAT
2021-05-24,enter,ai_infrastructure,3.0,0.8033216783216783,NVDA|MRVL|AMAT
2021-05-25,exit,dev_tools,13.0,0.6363636363636364,SNOW|DDOG|TEAM
2021-05-25,enter,ai_apps,3.0,0.7443181818181818,APP|PATH|CRM
2021-05-26,exit,medtech,13.0,0.583041958041958,EW|DXCM|BSX
2021-05-26,enter,workflow_software,1.0,0.8216783216783217,PATH|ZM|TEAM
2021-05-26,enter,business_apps,2.0,0.7609265734265733,INTU|ADSK|ADBE
2021-05-27,exit,cybersecurity,10.0,0.6652097902097903,PANW|CRWD|AKAM
2021-05-27,exit,semis,13.0,0.6569055944055944,NVDA|MRVL|AMAT
2021-05-27,exit,ai_infrastructure,11.0,0.6643356643356644,NVDA|MRVL|AMAT
2021-05-27,exit,ai_apps,14.0,0.6503496503496504,APP|PATH|CRM
2021-05-27,exit,workflow_software,29.0,0.4200174825174825,PATH|ZM|TEAM
2021-05-27,exit,business_apps,28.0,0.4287587412587412,INTU|ADSK|ADBE
2021-05-27,enter,autos,1.0,0.8024475524475525,F|GM|ON
2021-05-27,enter,aerospace,2.0,0.7836538461538461,GE|TDG|BA
2021-05-27,enter,regional_banks,3.0,0.7517482517482517,TFC|COF|HBAN
2021-05-28,exit,autos,11.0,0.6258741258741258,F|GM|ON
2021-05-28,exit,aerospace,24.0,0.48208041958041964,GE|TDG|BA
2021-05-28,exit,regional_banks,29.0,0.44580419580419584,TFC|COF|HBAN
2021-05-28,enter,ai_apps,1.0,0.7893356643356644,PLTR|CRM|APP
2021-05-28,enter,fintech,2.0,0.7731643356643356,SOFI|FUTU|SCHW
2021-05-28,enter,ai_infrastructure,3.0,0.7591783216783217,NVDA|VRT|AVGO
2021-06-01,exit,ai_apps,12.0,0.6048951048951049,PLTR|CRM|APP
2021-06-01,exit,fintech,9.0,0.6569055944055944,SOFI|FUTU|SCHW
2021-06-01,exit,ai_infrastructure,11.0,0.6075174825174824,NVDA|VRT|AVGO
2021-06-01,enter,oil_exploration,1.0,0.840472027972028,DVN|FANG|APA
2021-06-01,enter,uranium,2.0,0.7897727272727273,DNN|UUUU|CCJ
2021-06-01,enter,nuclear,3.0,0.7836538461538461,DNN|UUUU|CCJ
2021-06-02,exit,uranium,9.0,0.6035839160839161,DNN|UUUU|CCJ
2021-06-02,exit,nuclear,11.0,0.5786713286713288,DNN|UUUU|CCJ
2021-06-02,enter,fintech,2.0,0.8046328671328672,SOFI|AFRM|SCHW
2021-06-02,enter,payments,3.0,0.716346153846154,AXP|AFRM|COF
2021-06-03,exit,fintech,12.0,0.5996503496503496,SOFI|AFRM|SCHW
2021-06-03,exit,payments,17.0,0.5380244755244755,AXP|AFRM|COF
2021-06-03,enter,mega_banks,2.0,0.7762237762237763,GS|BAC|MS
2021-06-03,enter,data_centers,3.0,0.7539335664335665,NVDA|EQIX|VST
2021-06-04,enter,ai_infrastructure,1.0,0.7338286713286714,NVDA|ANET|DELL
2021-06-04,enter,nuclear,2.0,0.666520979020979,VST|DNN|CCJ
2021-06-04,enter,business_apps,3.0,0.666083916083916,DOCU|ORCL|INTU
2021-06-07,exit,mega_banks,12.0,0.5734265734265734,GS|BAC|MS
2021-06-07,enter,uranium,2.0,0.8317307692307694,DNN|LEU|UUUU
2021-06-08,exit,oil_exploration,9.0,0.6245629370629371,DVN|FANG|APA
2021-06-08,exit,ai_infrastructure,19.0,0.5091783216783217,NVDA|ANET|DELL
2021-06-08,exit,nuclear,11.0,0.5712412587412588,VST|DNN|CCJ
2021-06-08,exit,uranium,25.0,0.38548951048951047,DNN|LEU|UUUU
2021-06-08,enter,consumer,1.0,0.7106643356643356,DPZ|TXRH|YUM
2021-06-08,enter,aerospace,2.0,0.7027972027972028,ASTS|RKLB|HEI
2021-06-08,enter,defense,3.0,0.6883741258741258,AXON|RKLB|HEI
2021-06-09,exit,consumer,24.0,0.42395104895104896,DPZ|TXRH|YUM
2021-06-09,exit,aerospace,9.0,0.6477272727272727,ASTS|RKLB|HEI
2021-06-09,exit,defense,26.0,0.41520979020979015,AXON|RKLB|HEI
2021-06-09,enter,pharma,1.0,0.8881118881118881,NVO|LLY|PFE
2021-06-09,enter,biotech,2.0,0.8745629370629372,BIIB|ALNY|EXAS
2021-06-09,enter,cloud,3.0,0.7893356643356644,MDB|NET|DLR
2021-06-10,exit,data_centers,16.0,0.5288461538461539,NVDA|EQIX|VST
2021-06-11,exit,pharma,14.0,0.5821678321678323,NVO|LLY|PFE
2021-06-11,exit,biotech,9.0,0.681818181818182,BIIB|ALNY|EXAS
2021-06-11,enter,workflow_software,2.0,0.7534965034965037,ZM|NOW|DOCU
2021-06-14,enter,dev_tools,3.0,0.7893356643356644,MDB|TEAM|DDOG
2021-06-15,exit,business_apps,15.0,0.5869755244755245,DOCU|ORCL|INTU
2021-06-15,exit,dev_tools,19.0,0.5472027972027972,MDB|TEAM|DDOG
2021-06-15,enter,medtech,1.0,0.7744755244755245,ISRG|DXCM|EXAS
2021-06-15,enter,payments,2.0,0.7381993006993007,XYZ|PYPL|AXP
2021-06-15,enter,pharma,3.0,0.7377622377622378,MRK|BMY|TMO
2021-06-16,exit,medtech,14.0,0.5725524475524476,ISRG|DXCM|EXAS
2021-06-16,exit,payments,9.0,0.6713286713286712,XYZ|PYPL|AXP
2021-06-16,exit,pharma,18.0,0.5402097902097902,MRK|BMY|TMO
2021-06-16,enter,ai_apps,3.0,0.7784090909090909,RXRX|HUBS|APP
2021-06-18,enter,consumer_internet,2.0,0.777972027972028,BILI|APP|PINS
2021-06-18,enter,dev_tools,3.0,0.7692307692307692,MDB|TEAM|DDOG
2021-06-21,exit,workflow_software,14.0,0.5537587412587414,ZM|NOW|DOCU
2021-06-21,exit,ai_apps,12.0,0.5852272727272727,RXRX|HUBS|APP
2021-06-21,exit,consumer_internet,27.0,0.4143356643356644,BILI|APP|PINS
2021-06-21,exit,dev_tools,9.0,0.6053321678321679,MDB|TEAM|DDOG
2021-06-21,enter,oil_exploration,1.0,0.7552447552447551,FANG|USO|OXY
2021-06-21,enter,medtech,2.0,0.7351398601398601,BSX|DXCM|ISRG
2021-06-21,enter,consumer_staples,3.0,0.7242132867132867,KR|TGT|DG
2021-06-22,exit,oil_exploration,33.0,0.28409090909090906,FANG|USO|OXY
2021-06-22,exit,consumer_staples,11.0,0.6337412587412588,KR|TGT|DG
2021-06-22,enter,dev_tools,1.0,0.8251748251748252,TEAM|DDOG|MDB
2021-06-22,enter,consumer,3.0,0.7447552447552449,CMG|DPZ|DRI
2021-06-23,exit,consumer,23.0,0.4916958041958042,CMG|DPZ|DRI
2021-06-23,enter,consumer_internet,1.0,0.7508741258741258,SNAP|NFLX|PINS
2021-06-23,enter,ai_apps,2.0,0.7368881118881119,SNAP|AXON|TSLA
2021-06-23,enter,china_internet,3.0,0.7316433566433568,FUTU|BABA|BILI
2021-06-24,exit,cloud,28.0,0.35882867132867124,MDB|NET|DLR
2021-06-24,exit,medtech,27.0,0.3793706293706294,BSX|DXCM|ISRG
2021-06-24,exit,dev_tools,15.0,0.5174825174825175,TEAM|DDOG|MDB
2021-06-24,enter,consumer,1.0,0.7626748251748252,CMG|DRI|DPZ
2021-06-24,enter,oil_exploration,2.0,0.7539335664335665,OXY|FANG|DVN
2021-06-24,enter,restaurants,3.0,0.7403846153846154,CMG|DRI|DPZ
2021-06-25,exit,consumer_internet,11.0,0.6027097902097902,SNAP|NFLX|PINS
2021-06-25,exit,ai_apps,13.0,0.5734265734265734,SNAP|AXON|TSLA
2021-06-25,exit,china_internet,12.0,0.5743006993006993,FUTU|BABA|BILI
2021-06-25,exit,oil_exploration,9.0,0.6638986013986014,OXY|FANG|DVN
2021-06-25,enter,asset_managers,1.0,0.7587412587412588,KKR|SCHW|TROW
2021-06-25,enter,mega_banks,3.0,0.7347027972027972,WFC|AXP|BAC
2021-06-28,exit,restaurants,13.0,0.6031468531468531,CMG|DRI|DPZ
2021-06-28,exit,asset_managers,21.0,0.4667832167832167,KKR|SCHW|TROW
2021-06-28,exit,mega_banks,15.0,0.5240384615384616,WFC|AXP|BAC
2021-06-28,enter,china_internet,1.0,0.8142482517482519,BIDU|FUTU|BABA
2021-06-28,enter,semis,2.0,0.798076923076923,NVDA|MRVL|MU
2021-06-28,enter,ai_apps,3.0,0.7447552447552447,BIDU|TSLA|META
2021-06-29,exit,consumer,12.0,0.5821678321678321,CMG|DRI|DPZ
2021-06-29,enter,consumer_internet,3.0,0.7395104895104895,BIDU|BABA|NTES
2021-06-30,exit,semis,13.0,0.5371503496503497,NVDA|MRVL|MU
2021-06-30,exit,ai_apps,26.0,0.40122377622377625,BIDU|TSLA|META
2021-06-30,exit,consumer_internet,10.0,0.5677447552447552,BIDU|BABA|NTES
2021-06-30,enter,mega_banks,1.0,0.7880244755244755,MS|GS|WFC
2021-06-30,enter,biotech,2.0,0.7539335664335665,NTLA|CRSP|MRNA
2021-06-30,enter,consumer,3.0,0.7338286713286714,DRI|CMG|DPZ
2021-07-01,exit,china_internet,33.0,0.2478146853146853,BIDU|FUTU|BABA
2021-07-01,enter,pharma,1.0,0.7687937062937064,GILD|AMGN|TMO
2021-07-01,enter,aerospace,2.0,0.7543706293706295,RKLB|ASTS|GE
2021-07-01,enter,insurance,3.0,0.7058566433566434,ALL|PGR|TRV
2021-07-02,exit,mega_banks,30.0,0.3133741258741259,MS|GS|WFC
2021-07-02,exit,consumer,14.0,0.548951048951049,DRI|CMG|DPZ
2021-07-02,exit,aerospace,10.0,0.6433566433566432,RKLB|ASTS|GE
2021-07-02,exit,insurance,29.0,0.3356643356643356,ALL|PGR|TRV
2021-07-02,enter,ai_infrastructure,2.0,0.7469405594405595,AMD|MSFT|NVDA
2021-07-02,enter,business_apps,3.0,0.716346153846154,MSFT|ORCL|CRM
2021-07-06,exit,biotech,11.0,0.6289335664335665,NTLA|CRSP|MRNA
2021-07-06,exit,ai_infrastructure,9.0,0.6730769230769231,AMD|MSFT|NVDA
2021-07-06,enter,cybersecurity,1.0,0.7460664335664335,PANW|CRWD|ZS
2021-07-06,enter,cloud,2.0,0.7281468531468532,AMZN|MSFT|ZM
2021-07-07,exit,business_apps,9.0,0.6708916083916083,MSFT|ORCL|CRM
2021-07-07,enter,medtech,2.0,0.7762237762237763,DXCM|ISRG|EW
2021-07-08,enter,consumer_staples,3.0,0.7539335664335666,COST|PG|TGT
2021-07-09,exit,pharma,20.0,0.5157342657342657,GILD|AMGN|TMO
2021-07-09,exit,medtech,9.0,0.5668706293706294,DXCM|ISRG|EW
2021-07-09,enter,dev_tools,2.0,0.7076048951048951,SNOW|TEAM|PTC
2021-07-09,enter,payments,3.0,0.6848776223776224,PYPL|AXP|COF
2021-07-12,exit,cybersecurity,9.0,0.666958041958042,PANW|CRWD|ZS
2021-07-12,exit,dev_tools,14.0,0.5559440559440559,SNOW|TEAM|PTC
2021-07-12,enter,asset_managers,1.0,0.8041958041958042,TROW|BLK|GS
2021-07-12,enter,consumer,3.0,0.7548076923076923,CMG|SBUX|DRI
2021-07-13,exit,cloud,16.0,0.5532959687371453,AMZN|MSFT|ZM
2021-07-13,enter,restaurants,2.0,0.7330573837926779,SBUX|DPZ|CMG
2021-07-13,enter,retail,3.0,0.7100215960510078,TGT|JD|COST
2021-07-14,exit,asset_managers,18.0,0.5231643356643356,TROW|BLK|GS
2021-07-15,exit,consumer,19.0,0.5021853146853147,CMG|SBUX|DRI
2021-07-15,exit,restaurants,15.0,0.5336538461538461,SBUX|DPZ|CMG
2021-07-15,exit,retail,12.0,0.6153846153846154,TGT|JD|COST
2021-07-15,enter,mega_banks,1.0,0.8107517482517482,MS|WFC|AXP
2021-07-15,enter,insurance,2.0,0.8085664335664334,AIG|CB|TRV
2021-07-16,exit,mega_banks,11.0,0.596153846153846,MS|WFC|AXP
2021-07-16,enter,pharma,2.0,0.8404720279720281,NVO|ABBV|PFE
2021-07-19,exit,payments,19.0,0.5113636363636364,PYPL|AXP|COF
2021-07-19,exit,insurance,25.0,0.42263986013986016,AIG|CB|TRV
2021-07-19,enter,retail,3.0,0.7517482517482518,KR|DG|COST
2021-07-20,exit,retail,25.0,0.46940559440559443,KR|DG|COST
2021-07-20,enter,medtech,1.0,0.7792832167832169,ISRG|TMO|DXCM
2021-07-20,enter,business_apps,2.0,0.7408216783216783,DOCU|ORCL|INTU
2021-07-20,enter,workflow_software,3.0,0.6866258741258742,DOCU|TEAM|NOW
2021-07-21,exit,consumer_staples,23.0,0.4768356643356644,COST|PG|TGT
2021-07-21,exit,pharma,27.0,0.45498251748251745,NVO|ABBV|PFE
2021-07-21,exit,medtech,17.0,0.5511363636363636,ISRG|TMO|DXCM
2021-07-21,enter,fintech,1.0,0.8190559440559443,XYZ|INTU|PYPL
2021-07-21,enter,payments,3.0,0.7036713286713288,XYZ|PYPL|COF
2021-07-22,exit,fintech,15.0,0.6088286713286712,XYZ|INTU|PYPL
2021-07-22,exit,payments,14.0,0.6131993006993007,XYZ|PYPL|COF
2021-07-22,enter,cybersecurity,1.0,0.8754370629370629,TENB|NET|FTNT
2021-07-22,enter,cloud,3.0,0.8015734265734266,NET|DDOG|DOCU
2021-07-23,exit,business_apps,14.0,0.5948426573426575,DOCU|ORCL|INTU
2021-07-23,enter,dev_tools,2.0,0.8229895104895104,PTC|DDOG|CDNS
2021-07-23,enter,restaurants,3.0,0.7805944055944057,DPZ|CMG|SBUX
2021-07-26,exit,workflow_software,20.0,0.4812062937062937,DOCU|TEAM|NOW
2021-07-26,exit,cybersecurity,23.0,0.44886363636363635,TENB|NET|FTNT
2021-07-26,exit,cloud,16.0,0.5048076923076923,NET|DDOG|DOCU
2021-07-26,exit,dev_tools,13.0,0.5625,PTC|DDOG|CDNS
2021-07-26,enter,oil_exploration,2.0,0.7613636363636365,APA|FANG|USO
2021-07-26,enter,uranium,3.0,0.7347027972027972,UEC|NXE|LEU
2021-07-27,exit,oil_exploration,16.0,0.5638111888111889,APA|FANG|USO
2021-07-27,exit,uranium,19.0,0.5537587412587412,UEC|NXE|LEU
2021-07-27,enter,consumer,2.0,0.7648601398601398,YUM|CMG|TXRH
2021-07-27,enter,medtech,3.0,0.7517482517482518,BSX|SYK|MDT
2021-07-28,enter,ai_apps,1.0,0.7731643356643357,META|GOOGL|SNAP
2021-07-28,enter,uranium,2.0,0.7679195804195805,LEU|NXE|DNN
2021-07-28,enter,nuclear,3.0,0.7399475524475525,VST|LEU|NXE
2021-07-29,exit,restaurants,14.0,0.5817307692307693,DPZ|CMG|SBUX
2021-07-29,exit,consumer,15.0,0.5262237762237761,YUM|CMG|TXRH
2021-07-29,exit,medtech,20.0,0.48645104895104896,BSX|SYK|MDT
2021-07-29,exit,ai_apps,19.0,0.513548951048951,META|GOOGL|SNAP
2021-07-29,exit,nuclear,9.0,0.6219405594405594,VST|LEU|NXE
2021-07-29,enter,gold,1.0,0.7679195804195805,AEM|FNV|GOLD
2021-07-29,enter,regional_banks,2.0,0.7268356643356643,HBAN|KEY|TFC
2021-07-29,enter,asset_managers,3.0,0.7180944055944056,KKR|BX|MS
2021-07-30,exit,uranium,17.0,0.5144230769230769,LEU|NXE|DNN
2021-07-30,exit,regional_banks,9.0,0.5791083916083917,HBAN|KEY|TFC
2021-07-30,exit,asset_managers,14.0,0.5388986013986015,KKR|BX|MS
2021-07-30,enter,medtech,1.0,0.7233391608391608,DXCM|BSX|EW
2021-07-30,enter,autos,2.0,0.6853146853146853,ON|TSLA|GM
2021-07-30,enter,semis,3.0,0.6700174825174825,AMD|KLAC|ON
2021-08-02,exit,gold,10.0,0.6197552447552447,AEM|FNV|GOLD
2021-08-02,enter,pharma,2.0,0.7482517482517483,PFE|NVO|XLV
2021-08-02,enter,china_internet,3.0,0.7421328671328672,BABA|NTES|JD
2021-08-03,exit,medtech,10.0,0.5961538461538461,DXCM|BSX|EW
2021-08-03,exit,china_internet,13.0,0.5646853146853147,BABA|NTES|JD
2021-08-03,enter,ai_infrastructure,1.0,0.7556818181818182,AMD|MU|KLAC
2021-08-03,enter,dev_tools,3.0,0.6962412587412586,SNOW|DDOG|TEAM
2021-08-04,exit,pharma,13.0,0.5861013986013986,PFE|NVO|XLV
2021-08-05,exit,semis,20.0,0.5393356643356643,AMD|KLAC|ON
2021-08-05,exit,ai_infrastructure,23.0,0.48907342657342656,AMD|MU|KLAC
2021-08-05,enter,workflow_software,2.0,0.7954545454545453,HUBS|TEAM|ZM
2021-08-05,enter,biotech,3.0,0.7482517482517483,NTLA|REGN|ALNY
2021-08-06,exit,autos,18.0,0.47421328671328666,ON|TSLA|GM
2021-08-06,exit,workflow_software,20.0,0.4497377622377623,HUBS|TEAM|ZM
2021-08-06,enter,insurance,1.0,0.8168706293706294,MET|AIG|CB
2021-08-06,enter,mega_banks,2.0,0.8098776223776223,WFC|GS|C
2021-08-06,enter,regional_banks,3.0,0.7731643356643356,HBAN|PNC|TFC
2021-08-09,enter,fintech,1.0,0.7993881118881119,COIN|SOFI|SCHW
2021-08-09,enter,asset_managers,2.0,0.7967657342657343,GS|SCHW|KKR
2021-08-10,exit,dev_tools,22.0,0.5301573426573427,SNOW|DDOG|TEAM
2021-08-10,exit,fintech,9.0,0.6276223776223777,COIN|SOFI|SCHW
2021-08-11,exit,biotech,26.0,0.43881118881118886,NTLA|REGN|ALNY
2021-08-13,exit,mega_banks,11.0,0.6118881118881119,WFC|GS|C
2021-08-13,exit,asset_managers,13.0,0.6022727272727273,GS|SCHW|KKR
2021-08-13,enter,consumer_staples,1.0,0.8273601398601398,WMT|COST|KR
2021-08-13,enter,pharma,2.0,0.819055944055944,PFE|JNJ|GILD
2021-08-13,enter,vertical_software,3.0,0.7875874125874126,PLTR|CDNS|LDOS
2021-08-16,exit,regional_banks,10.0,0.6149475524475525,HBAN|PNC|TFC
2021-08-17,enter,medtech,3.0,0.8540209790209791,EW|BSX|JNJ
2021-08-18,exit,insurance,12.0,0.5948426573426573,MET|AIG|CB
2021-08-19,exit,vertical_software,10.0,0.6118881118881119,PLTR|CDNS|LDOS
2021-08-20,exit,consumer_staples,9.0,0.6075174825174825,WMT|COST|KR
2021-08-20,enter,insurance,3.0,0.7093531468531469,TRV|PGR|CB
2021-08-23,exit,pharma,24.0,0.40559440559440557,PFE|JNJ|GILD
2021-08-23,exit,medtech,17.0,0.5314685314685315,EW|BSX|JNJ
2021-08-23,exit,insurance,32.0,0.2993881118881119,TRV|PGR|CB
2021-08-23,enter,business_apps,1.0,0.8146853146853147,CRM|ADBE|WDAY
2021-08-23,enter,uranium,2.0,0.7727272727272727,UEC|DNN|LEU
2021-08-23,enter,ai_infrastructure,3.0,0.75,NVDA|MRVL|MPWR
2021-08-24,exit,business_apps,9.0,0.645104895104895,CRM|ADBE|WDAY
2021-08-24,exit,ai_infrastructure,19.0,0.5437062937062938,NVDA|MRVL|MPWR
2021-08-24,enter,china_internet,1.0,0.8605769230769231,PDD|JD|YMM
2021-08-24,enter,consumer_internet,2.0,0.7810314685314687,ABNB|APP|BKNG
2021-08-25,exit,uranium,15.0,0.5935314685314687,UEC|DNN|LEU
2021-08-25,exit,consumer_internet,10.0,0.6442307692307694,ABNB|APP|BKNG
2021-08-25,enter,oil_exploration,1.0,0.7727272727272726,DVN|APA|USO
2021-08-25,enter,cybersecurity,2.0,0.756118881118881,PANW|CRWD|OKTA
2021-08-25,enter,semis,3.0,0.7202797202797202,NVDA|MRVL|MCHP
2021-08-26,exit,china_internet,11.0,0.6258741258741259,PDD|JD|YMM
2021-08-26,exit,oil_exploration,16.0,0.5930944055944057,DVN|APA|USO
2021-08-26,enter,ai_apps,2.0,0.7478146853146853,CRM|NOW|APP
2021-08-26,enter,workflow_software,3.0,0.7312062937062936,WDAY|CRM|NOW
2021-08-27,exit,ai_apps,15.0,0.5244755244755245,CRM|NOW|APP
2021-08-27,exit,workflow_software,9.0,0.5603146853146853,WDAY|CRM|NOW
2021-08-27,enter,uranium,1.0,0.8452797202797203,NXE|UEC|DNN
2021-08-27,enter,nuclear,2.0,0.8221153846153846,NXE|UEC|DNN
2021-08-27,enter,oil_exploration,3.0,0.7832167832167832,DVN|OXY|FANG
2021-08-30,exit,semis,10.0,0.6411713286713288,NVDA|MRVL|MCHP
2021-08-30,exit,oil_exploration,11.0,0.6079545454545454,DVN|OXY|FANG
2021-08-30,enter,china_internet,2.0,0.7963286713286714,YMM|KWEB|PDD
2021-08-31,exit,cybersecurity,20.0,0.5078671328671328,PANW|CRWD|OKTA
2021-08-31,exit,china_internet,15.0,0.5812937062937064,YMM|KWEB|PDD
2021-08-31,enter,payments,3.0,0.7089160839160839,AFRM|PYPL|AXP
2021-09-01,enter,china_internet,3.0,0.7770979020979022,YMM|PDD|TCOM
2021-09-02,exit,payments,13.0,0.5550699300699301,AFRM|PYPL|AXP
2021-09-02,exit,china_internet,15.0,0.541958041958042,YMM|PDD|TCOM
2021-09-02,enter,oil_exploration,3.0,0.7150349650349651,OXY|APA|USO
2021-09-03,exit,oil_exploration,33.0,0.27666083916083917,OXY|APA|USO
2021-09-03,enter,dev_tools,2.0,0.7854020979020978,MDB|TEAM|SNOW
2021-09-07,exit,dev_tools,11.0,0.6324300699300699,MDB|TEAM|SNOW
2021-09-07,enter,consumer_internet,3.0,0.798513986013986,BILI|BIDU|NFLX
2021-09-08,exit,uranium,11.0,0.6490384615384616,NXE|UEC|DNN
2021-09-08,exit,consumer_internet,10.0,0.6879370629370629,BILI|BIDU|NFLX
2021-09-08,enter,dev_tools,1.0,0.7679195804195803,MDB|SNOW|DDOG
2021-09-08,enter,consumer_staples,2.0,0.7657342657342657,PG|COST|MCD
2021-09-08,enter,aerospace,3.0,0.7596153846153845,RKLB|GD|SPIR
2021-09-09,exit,consumer_staples,18.0,0.5201048951048951,PG|COST|MCD
2021-09-09,enter,uranium,2.0,0.6997377622377623,CCJ|UUUU|NXE
2021-09-09,enter,defense,3.0,0.6975524475524475,RKLB|GD|LDOS
2021-09-10,exit,defense,10.0,0.6494755244755245,RKLB|GD|LDOS
2021-09-10,enter,restaurants,3.0,0.7526223776223777,SBUX|CMG|MCD
2021-09-13,exit,dev_tools,33.0,0.23863636363636367,MDB|SNOW|DDOG
2021-09-13,exit,aerospace,14.0,0.5576923076923077,RKLB|GD|SPIR
2021-09-13,exit,restaurants,11.0,0.590472027972028,SBUX|CMG|MCD
2021-09-13,enter,regional_banks,1.0,0.7958916083916083,KEY|FITB|HBAN
2021-09-14,exit,regional_banks,16.0,0.5655594405594406,KEY|FITB|HBAN
2021-09-14,enter,gold,3.0,0.7137237762237761,GOLD|GLD|PAAS
2021-09-15,exit,gold,18.0,0.4554195804195804,GOLD|GLD|PAAS
2021-09-15,enter,oil_exploration,2.0,0.8133741258741259,EOG|OXY|DVN
2021-09-15,enter,regional_banks,3.0,0.7858391608391608,KEY|FITB|USB
2021-09-16,exit,nuclear,10.0,0.618444055944056,NXE|UEC|DNN
2021-09-16,exit,uranium,12.0,0.6070804195804197,CCJ|UUUU|NXE
2021-09-16,exit,oil_exploration,19.0,0.5196678321678323,EOG|OXY|DVN
2021-09-16,enter,payments,1.0,0.7408216783216783,AFRM|AXP|FIS
2021-09-16,enter,semis,2.0,0.7250874125874126,KLAC|ON|AMAT
2021-09-16,enter,autos,3.0,0.7246503496503497,ON|LCID|F
2021-09-17,exit,payments,29.0,0.3706293706293706,AFRM|AXP|FIS
2021-09-17,exit,semis,18.0,0.5292832167832168,KLAC|ON|AMAT
2021-09-17,enter,oil_exploration,1.0,0.7395104895104895,FANG|EOG|DVN
2021-09-20,exit,regional_banks,29.0,0.42001748251748255,KEY|FITB|USB
2021-09-20,exit,oil_exploration,21.0,0.5284090909090909,FANG|EOG|DVN
2021-09-20,enter,pharma,1.0,0.7661713286713288,TMO|GILD|XLV
2021-09-20,enter,cloud,3.0,0.7578671328671328,TEAM|EQIX|DDOG
2021-09-21,enter,ai_apps,1.0,0.8020104895104895,DUOL|SNAP|HUBS
2021-09-21,enter,workflow_software,3.0,0.7412587412587412,TEAM|HUBS|NOW
2021-09-22,exit,autos,11.0,0.6306818181818182,ON|LCID|F
2021-09-22,exit,pharma,24.0,0.49956293706293703,TMO|GILD|XLV
2021-09-22,exit,ai_apps,10.0,0.6341783216783216,DUOL|SNAP|HUBS
2021-09-22,exit,workflow_software,13.0,0.6210664335664335,TEAM|HUBS|NOW
2021-09-22,enter,travel,1.0,0.8352272727272727,UBER|EXPE|BKNG
2021-09-22,enter,fintech,2.0,0.7814685314685316,SOFI|HOOD|XYZ
2021-09-22,enter,oil_exploration,3.0,0.7281468531468531,COP|FANG|DVN
2021-09-23,exit,cloud,29.0,0.3522727272727273,TEAM|EQIX|DDOG
2021-09-23,exit,fintech,11.0,0.6573426573426573,SOFI|HOOD|XYZ
2021-09-23,enter,autos,3.0,0.7722902097902098,F|LCID|MCHP
2021-09-24,exit,autos,10.0,0.6586538461538461,F|LCID|MCHP
2021-09-24,enter,ai_apps,3.0,0.749562937062937,SNAP|CRM|APP
2021-09-27,exit,ai_apps,18.0,0.5043706293706294,SNAP|CRM|APP
2021-09-27,enter,regional_banks,2.0,0.8343531468531469,FITB|TFC|USB
2021-09-27,enter,mega_banks,3.0,0.7845279720279721,JPM|BAC|AXP
2021-09-28,exit,travel,18.0,0.5454545454545454,UBER|EXPE|BKNG
2021-09-28,enter,defense,3.0,0.6429195804195803,HWM|LDOS|HEI
2021-09-29,enter,consumer_staples,3.0,0.6735139860139859,DLTR|CL|MCD
2021-09-30,exit,mega_banks,16.0,0.5021853146853147,JPM|BAC|AXP
2021-09-30,exit,defense,10.0,0.5799825174825175,HWM|LDOS|HEI
2021-09-30,enter,gold,2.0,0.7006118881118881,GOLD|AEM|GLD
2021-09-30,enter,nuclear,3.0,0.694493006993007,LEU|CCJ|UUUU
2021-10-01,exit,consumer_staples,10.0,0.5502622377622377,DLTR|CL|MCD
2021-10-01,exit,gold,14.0,0.5148601398601398,GOLD|AEM|GLD
2021-10-01,exit,nuclear,12.0,0.5270979020979021,LEU|CCJ|UUUU
2021-10-01,enter,travel,3.0,0.7395104895104895,MAR|HLT|UBER
2021-10-04,exit,travel,9.0,0.6048951048951049,MAR|HLT|UBER
2021-10-04,enter,pharma,2.0,0.7652972027972028,MRK|ABBV|LLY
2021-10-04,enter,consumer_staples,3.0,0.7447552447552447,DLTR|KO|PEP
2021-10-05,enter,insurance,2.0,0.7880244755244756,AIG|MET|PGR
2021-10-06,exit,regional_banks,21.0,0.5319055944055944,FITB|TFC|USB
2021-10-06,exit,pharma,27.0,0.4173951048951049,MRK|ABBV|LLY
2021-10-06,exit,consumer_staples,25.0,0.4755244755244755,DLTR|KO|PEP
2021-10-06,exit,insurance,16.0,0.5581293706293706,AIG|MET|PGR
2021-10-06,enter,gold,1.0,0.8391608391608393,GOLD|AEM|PAAS
2021-10-06,enter,cloud,2.0,0.7473776223776223,NET|MSFT|DDOG
2021-10-06,enter,cybersecurity,3.0,0.7233391608391608,NET|FTNT|TENB
2021-10-07,exit,gold,18.0,0.5043706293706294,GOLD|AEM|PAAS
2021-10-07,exit,cloud,9.0,0.5777972027972028,NET|MSFT|DDOG
2021-10-07,enter,china_internet,2.0,0.7530594405594406,NTES|BABA|JD
2021-10-07,enter,travel,3.0,0.749562937062937,UBER|MAR|HLT
2021-10-08,exit,cybersecurity,13.0,0.5791083916083916,NET|FTNT|TENB
2021-10-08,exit,travel,21.0,0.4986888111888112,UBER|MAR|HLT
2021-10-08,enter,gold,2.0,0.8133741258741259,FNV|GOLD|AEM
2021-10-11,exit,china_internet,10.0,0.6555944055944057,NTES|BABA|JD
2021-10-11,exit,gold,24.0,0.42526223776223776,FNV|GOLD|AEM
2021-10-11,enter,cybersecurity,2.0,0.7596153846153846,NET|PANW|CHKP
2021-10-11,enter,fintech,3.0,0.7486888111888111,SOFI|AFRM|COIN
2021-10-12,exit,oil_exploration,18.0,0.5056818181818182,COP|FANG|DVN
2021-10-12,enter,ai_apps,2.0,0.749562937062937,HUBS|APP|TSLA
2021-10-12,enter,uranium,3.0,0.7403846153846154,LEU|NXE|CCJ
2021-10-13,exit,fintech,22.0,0.423513986013986,SOFI|AFRM|COIN
2021-10-13,exit,ai_apps,10.0,0.6818181818181818,HUBS|APP|TSLA
2021-10-13,enter,china_internet,1.0,0.8164335664335665,JD|BABA|KWEB
2021-10-13,enter,business_apps,2.0,0.7539335664335665,HUBS|WDAY|ORCL
2021-10-14,exit,uranium,16.0,0.5349650349650349,LEU|NXE|CCJ
2021-10-14,exit,china_internet,34.0,0.18269230769230765,JD|BABA|KWEB
2021-10-14,exit,business_apps,15.0,0.5397727272727273,HUBS|WDAY|ORCL
2021-10-14,enter,asset_managers,1.0,0.7338286713286714,BLK|MS|SCHW
2021-10-14,enter,gold,3.0,0.6993006993006994,WPM|NEM|PAAS
2021-10-15,exit,gold,21.0,0.48688811188811193,WPM|NEM|PAAS
2021-10-15,enter,dev_tools,1.0,0.7080419580419579,DDOG|SNOW|MDB
2021-10-15,enter,cloud,2.0,0.6914335664335665,NET|WDAY|ZS
2021-10-18,exit,asset_managers,18.0,0.5301573426573427,BLK|MS|SCHW
2021-10-18,enter,uranium,1.0,0.8750000000000001,DNN|NXE|UUUU
2021-10-18,enter,nuclear,2.0,0.8395979020979022,DNN|NXE|UUUU
2021-10-19,exit,cybersecurity,16.0,0.5834790209790209,NET|PANW|CHKP
2021-10-19,exit,uranium,11.0,0.6381118881118881,DNN|NXE|UUUU
2021-10-19,exit,nuclear,17.0,0.583041958041958,DNN|NXE|UUUU
2021-10-19,enter,asset_managers,3.0,0.7067307692307692,BX|GS|KKR
2021-10-20,exit,dev_tools,31.0,0.28496503496503495,DDOG|SNOW|MDB
2021-10-20,exit,cloud,23.0,0.4370629370629371,NET|WDAY|ZS
2021-10-20,enter,regional_banks,1.0,0.7884615384615385,COF|FITB|PNC
2021-10-20,enter,uranium,2.0,0.7622377622377623,DNN|UEC|UUUU
2021-10-21,exit,regional_banks,27.0,0.4427447552447552,COF|FITB|PNC
2021-10-21,exit,uranium,25.0,0.4938811188811188,DNN|UEC|UUUU
2021-10-21,enter,consumer_internet,1.0,0.7482517482517481,PINS|BILI|BIDU
2021-10-21,enter,autos,2.0,0.7242132867132868,TSLA|F|TXN
2021-10-21,enter,ai_infrastructure,3.0,0.7185314685314687,DELL|MPWR|NET
2021-10-22,exit,consumer_internet,25.0,0.46984265734265734,PINS|BILI|BIDU
2021-10-22,exit,autos,28.0,0.44099650349650343,TSLA|F|TXN
2021-10-22,enter,regional_banks,2.0,0.7587412587412588,PNC|TFC|KEY
2021-10-22,enter,insurance,3.0,0.7194055944055943,TRV|PGR|CB
2021-10-25,exit,ai_infrastructure,13.0,0.5852272727272727,DELL|MPWR|NET
2021-10-25,exit,regional_banks,12.0,0.5992132867132867,PNC|TFC|KEY
2021-10-25,exit,insurance,17.0,0.5432692307692307,TRV|PGR|CB
2021-10-25,enter,china_internet,2.0,0.659965034965035,YMM|TME|KWEB
2021-10-25,enter,robotics,3.0,0.6442307692307692,TSLA|PATH|DE
2021-10-26,exit,china_internet,34.0,0.22945804195804198,YMM|TME|KWEB
2021-10-26,exit,robotics,23.0,0.45454545454545453,TSLA|PATH|DE
2021-10-26,enter,pharma,2.0,0.7368881118881119,PFE|LLY|NVO
2021-10-26,enter,oil_exploration,3.0,0.7202797202797202,OXY|EOG|APA
2021-10-27,exit,asset_managers,10.0,0.6416083916083916,BX|GS|KKR
2021-10-27,exit,pharma,15.0,0.5913461538461539,PFE|LLY|NVO
2021-10-27,exit,oil_exploration,32.0,0.3173076923076923,OXY|EOG|APA
2021-10-27,enter,consumer_staples,1.0,0.7320804195804195,COST|KO|DG
2021-10-27,enter,business_apps,2.0,0.7290209790209791,INTU|MSFT|WDAY
2021-10-27,enter,data_centers,3.0,0.7259615384615385,VRT|SNOW|NVDA
2021-10-28,exit,business_apps,12.0,0.5642482517482517,INTU|MSFT|WDAY
2021-10-28,enter,asset_managers,1.0,0.7854020979020978,KKR|TROW|BX
2021-10-29,exit,data_centers,13.0,0.5843531468531469,VRT|SNOW|NVDA
2021-10-29,enter,pharma,1.0,0.8203671328671328,ABBV|MRK|TMO
2021-10-29,enter,autos,2.0,0.7906468531468531,LCID|TSLA|F
2021-10-29,enter,cloud,3.0,0.7631118881118882,TEAM|GOOGL|MSFT
2021-11-01,exit,consumer_staples,12.0,0.5480769230769231,COST|KO|DG
2021-11-01,exit,asset_managers,23.0,0.4471153846153846,KKR|TROW|BX
2021-11-01,exit,cloud,14.0,0.5305944055944056,TEAM|GOOGL|MSFT
2021-11-01,enter,travel,1.0,0.7950174825174825,MAR|ABNB|BKNG
2021-11-01,enter,semis,2.0,0.7482517482517482,ON|TER|KLAC
2021-11-01,enter,ai_infrastructure,3.0,0.7342657342657342,KLAC|VRT|NVDA
2021-11-02,exit,travel,27.0,0.41520979020979026,MAR|ABNB|BKNG
2021-11-03,enter,uranium,1.0,0.7950174825174824,LEU|UUUU|UEC
2021-11-04,exit,pharma,9.0,0.6398601398601398,ABBV|MRK|TMO
2021-11-04,exit,uranium,18.0,0.5603146853146853,LEU|UUUU|UEC
2021-11-04,enter,workflow_software,3.0,0.7858391608391608,PATH|CRM|TEAM
2021-11-05,exit,autos,16.0,0.5515734265734266,LCID|TSLA|F
2021-11-05,exit,workflow_software,33.0,0.2517482517482517,PATH|CRM|TEAM
2021-11-05,enter,travel,3.0,0.784965034965035,ABNB|EXPE|BKNG
2021-11-08,exit,semis,10.0,0.6472902097902097,ON|TER|KLAC
2021-11-08,enter,uranium,1.0,0.8352272727272726,UEC|UUUU|DNN
2021-11-08,enter,cybersecurity,2.0,0.8046328671328672,FTNT|ZS|NET
2021-11-08,enter,nuclear,3.0,0.798513986013986,UEC|DNN|NXE
2021-11-09,exit,travel,10.0,0.6127622377622378,ABNB|EXPE|BKNG
2021-11-09,enter,semis,1.0,0.7906468531468531,QCOM|NVDA|AMD
2021-11-10,exit,uranium,13.0,0.5974650349650349,UEC|UUUU|DNN
2021-11-10,exit,cybersecurity,12.0,0.6083916083916083,FTNT|ZS|NET
2021-11-10,enter,gold,1.0,0.7753496503496504,AEM|WPM|PAAS
2021-11-11,exit,ai_infrastructure,13.0,0.5664335664335665,KLAC|VRT|NVDA
2021-11-11,enter,china_internet,1.0,0.8496503496503496,TME|YMM|BILI
2021-11-11,enter,uranium,2.0,0.840472027972028,LEU|UEC|UUUU
2021-11-12,exit,nuclear,15.0,0.5799825174825175,UEC|DNN|NXE
2021-11-12,exit,semis,12.0,0.6145104895104896,QCOM|NVDA|AMD
2021-11-12,exit,uranium,17.0,0.5454545454545455,LEU|UEC|UUUU
2021-11-12,enter,cybersecurity,1.0,0.756993006993007,AKAM|PANW|ZS
2021-11-12,enter,cloud,2.0,0.7036713286713286,SNOW|WDAY|AKAM
2021-11-12,enter,workflow_software,3.0,0.6870629370629371,WDAY|HUBS|CRM
2021-11-15,exit,china_internet,10.0,0.6062062937062939,TME|YMM|BILI
2021-11-15,exit,cybersecurity,31.0,0.2976398601398601,AKAM|PANW|ZS
2021-11-15,exit,cloud,12.0,0.5891608391608392,SNOW|WDAY|AKAM
2021-11-15,exit,workflow_software,21.0,0.47246503496503495,WDAY|HUBS|CRM
2021-11-15,enter,consumer_staples,1.0,0.7674825174825176,DLTR|TGT|DG
2021-11-15,enter,retail,2.0,0.7609265734265734,DLTR|TGT|DG
2021-11-15,enter,data_centers,3.0,0.7473776223776224,SNOW|DLR|STX
2021-11-16,exit,gold,12.0,0.6162587412587414,AEM|WPM|PAAS
2021-11-16,exit,data_centers,22.0,0.5104895104895105,SNOW|DLR|STX
2021-11-16,enter,china_internet,1.0,0.8006993006993006,BILI|NTES|JD
2021-11-16,enter,dev_tools,3.0,0.7701048951048951,SNOW|CDNS|MDB
2021-11-17,exit,consumer_staples,21.0,0.5,DLTR|TGT|DG
2021-11-17,exit,china_internet,11.0,0.5751748251748252,BILI|NTES|JD
2021-11-17,enter,autos,1.0,0.7412587412587412,ON|GM|LCID
2021-11-17,enter,cloud,2.0,0.7229020979020979,DLR|SNOW|ZS
2021-11-17,enter,semis,3.0,0.7185314685314687,QCOM|ON|TER
2021-11-18,exit,dev_tools,9.0,0.653846153846154,SNOW|CDNS|MDB
2021-11-18,exit,autos,11.0,0.6027097902097902,ON|GM|LCID
2021-11-18,enter,ai_infrastructure,2.0,0.7893356643356644,TSM|NVDA|NET
2021-11-18,enter,cybersecurity,3.0,0.7849650349650349,ZS|NET|PANW
2021-11-19,exit,cybersecurity,10.0,0.631555944055944,ZS|NET|PANW
2021-11-19,enter,consumer_staples,2.0,0.7556818181818182,PEP|COST|DLTR
2021-11-22,exit,retail,12.0,0.5826048951048951,DLTR|TGT|DG
2021-11-22,exit,cloud,25.0,0.4029720279720279,DLR|SNOW|ZS
2021-11-22,enter,autos,1.0,0.7408216783216783,F|LCID|TSLA
2021-11-23,exit,ai_infrastructure,20.0,0.4903846153846154,TSM|NVDA|NET
2021-11-23,exit,autos,29.0,0.30375874125874125,F|LCID|TSLA
2021-11-23,enter,insurance,1.0,0.8006993006993007,AIG|TRV|PGR
2021-11-23,enter,oil_exploration,2.0,0.7788461538461539,COP|DVN|OXY
2021-11-23,enter,mega_banks,3.0,0.7438811188811191,WFC|JPM|BAC
2021-11-26,exit,semis,26.0,0.41520979020979015,QCOM|ON|TER
2021-11-26,exit,oil_exploration,15.0,0.5423951048951049,COP|DVN|OXY
2021-11-26,exit,mega_banks,9.0,0.6184440559440558,WFC|JPM|BAC
2021-11-26,enter,pharma,2.0,0.7381993006993007,PFE|TMO|GILD
2021-11-26,enter,biotech,3.0,0.7294580419580421,MRNA|GILD|ALNY
2021-11-29,exit,pharma,12.0,0.5336538461538461,PFE|TMO|GILD
2021-11-29,enter,oil_exploration,1.0,0.8111888111888111,DVN|FANG|COP
2021-11-29,enter,asset_managers,3.0,0.7277097902097902,BX|BLK|MS
2021-11-30,exit,insurance,28.0,0.3868006993006993,AIG|TRV|PGR
2021-11-30,exit,oil_exploration,9.0,0.6053321678321677,DVN|FANG|COP
2021-11-30,exit,asset_managers,23.0,0.46372377622377625,BX|BLK|MS
2021-11-30,enter,cybersecurity,2.0,0.6752622377622377,AKAM|ZS|PANW
2021-11-30,enter,pharma,3.0,0.6490384615384616,GILD|PFE|TMO
2021-12-01,exit,cybersecurity,16.0,0.5236013986013986,AKAM|ZS|PANW
2021-12-01,enter,medtech,2.0,0.7320804195804195,EW|JNJ|TMO
2021-12-01,enter,semis,3.0,0.6975524475524475,LRCX|AMAT|TER
2021-12-02,exit,consumer_staples,9.0,0.5852272727272727,PEP|COST|DLTR
2021-12-02,exit,biotech,10.0,0.5773601398601399,MRNA|GILD|ALNY
2021-12-02,exit,pharma,13.0,0.555506993006993,GILD|PFE|TMO
2021-12-02,exit,semis,16.0,0.5201048951048951,LRCX|AMAT|TER
2021-12-02,enter,dev_tools,1.0,0.6844405594405595,SNOW|CDNS|PTC
2021-12-02,enter,restaurants,2.0,0.6835664335664335,YUM|DPZ|MCD
2021-12-02,enter,consumer,3.0,0.6770104895104895,YUM|DPZ|SBUX
2021-12-03,exit,medtech,11.0,0.5327797202797202,EW|JNJ|TMO
2021-12-03,exit,dev_tools,14.0,0.5109265734265734,SNOW|CDNS|PTC
2021-12-03,exit,consumer,10.0,0.5502622377622377,YUM|DPZ|SBUX
2021-12-03,enter,consumer_staples,1.0,0.7972027972027971,PG|PEP|KR
2021-12-03,enter,semis,2.0,0.722465034965035,MRVL|ON|MCHP
2021-12-03,enter,ai_infrastructure,3.0,0.6874999999999999,MRVL|DELL|AVGO
2021-12-06,exit,semis,19.0,0.4331293706293706,MRVL|ON|MCHP
2021-12-06,exit,ai_infrastructure,26.0,0.3745629370629371,MRVL|DELL|AVGO
2021-12-06,enter,travel,2.0,0.7548076923076923,HLT|MAR|BKNG
2021-12-07,exit,consumer_staples,15.0,0.513986013986014,PG|PEP|KR
2021-12-07,exit,travel,14.0,0.5340909090909091,HLT|MAR|BKNG
2021-12-07,enter,medtech,2.0,0.7679195804195803,BSX|SYK|EW
2021-12-07,enter,consumer,3.0,0.7543706293706294,SBUX|YUM|DRI
2021-12-08,exit,restaurants,9.0,0.6468531468531469,YUM|DPZ|MCD
2021-12-08,enter,travel,1.0,0.7696678321678323,EXPE|BKNG|HLT
2021-12-08,enter,payments,2.0,0.7460664335664334,AXP|MA|GPN
2021-12-08,enter,dev_tools,3.0,0.7320804195804197,MDB|PTC|SNOW
2021-12-09,exit,travel,20.0,0.4807692307692308,EXPE|BKNG|HLT
2021-12-09,exit,dev_tools,21.0,0.47989510489510484,MDB|PTC|SNOW
2021-12-09,enter,restaurants,1.0,0.7744755244755245,MCD|YUM|CMG
2021-12-10,exit,payments,11.0,0.5773601398601398,AXP|MA|GPN
2021-12-10,enter,china_internet,1.0,0.7386363636363638,PDD|YMM|TME
2021-12-10,enter,oil_exploration,2.0,0.7386363636363638,DVN|USO|OXY
2021-12-10,enter,business_apps,3.0,0.7237762237762237,ORCL|MSFT|AI
2021-12-13,exit,consumer,15.0,0.5782342657342657,SBUX|YUM|DRI
2021-12-13,exit,restaurants,12.0,0.5983391608391608,MCD|YUM|CMG
2021-12-13,exit,china_internet,22.0,0.48688811188811193,PDD|YMM|TME
2021-12-13,exit,oil_exploration,31.0,0.2932692307692308,DVN|USO|OXY
2021-12-13,enter,cloud,1.0,0.7954545454545454,ORCL|DLR|MSFT
2021-12-13,enter,consumer_staples,2.0,0.763548951048951,KO|CL|COST
2021-12-13,enter,pharma,3.0,0.763548951048951,ABBV|PFE|NVO
2021-12-14,exit,business_apps,17.0,0.5467657342657343,ORCL|MSFT|AI
2021-12-14,exit,cloud,15.0,0.5655594405594405,ORCL|DLR|MSFT
2021-12-14,enter,insurance,3.0,0.7596153846153846,TRV|CB|PGR
2021-12-15,exit,medtech,15.0,0.5515734265734266,BSX|SYK|EW
2021-12-15,exit,insurance,10.0,0.6451048951048951,TRV|CB|PGR
2021-12-15,enter,business_apps,3.0,0.7342657342657343,ORCL|MSFT|AI
2021-12-16,exit,business_apps,21.0,0.44624125874125864,ORCL|MSFT|AI
2021-12-16,enter,insurance,2.0,0.7679195804195803,PGR|TRV|ALL
2021-12-16,enter,regional_banks,3.0,0.7666083916083916,KEY|HBAN|USB
2021-12-17,exit,regional_banks,19.0,0.49956293706293703,KEY|HBAN|USB
2021-12-17,enter,cybersecurity,1.0,0.847465034965035,CHKP|TENB|GEN
2021-12-17,enter,gold,2.0,0.7963286713286714,NEM|AEM|FNV
2021-12-17,enter,biotech,3.0,0.7797202797202798,NTLA|AMGN|CRSP
2021-12-21,exit,consumer_staples,33.0,0.22290209790209792,KO|CL|COST
2021-12-21,exit,pharma,22.0,0.47902097902097895,ABBV|PFE|NVO
2021-12-21,exit,insurance,26.0,0.40690559440559443,PGR|TRV|ALL
2021-12-21,exit,gold,23.0,0.4772727272727273,NEM|AEM|FNV
2021-12-21,exit,biotech,19.0,0.5078671328671328,NTLA|AMGN|CRSP
2021-12-21,enter,ai_infrastructure,1.0,0.7600524475524475,MU|AVGO|ANET
2021-12-21,enter,semis,2.0,0.7534965034965035,MU|AVGO|ON
2021-12-21,enter,travel,3.0,0.7460664335664334,EXPE|BKNG|HLT
2021-12-22,exit,cybersecurity,11.0,0.5874125874125874,CHKP|TENB|GEN
2021-12-22,exit,ai_infrastructure,22.0,0.4527972027972028,MU|AVGO|ANET
2021-12-22,exit,semis,18.0,0.5026223776223776,MU|AVGO|ON
2021-12-22,enter,gold,1.0,0.8006993006993006,NEM|PAAS|WPM
2021-12-22,enter,consumer_internet,3.0,0.7242132867132868,EXPE|UBER|BKNG
2021-12-23,exit,gold,18.0,0.5236013986013985,NEM|PAAS|WPM
2021-12-23,enter,ai_infrastructure,2.0,0.7491258741258742,MU|ANET|AVGO
2021-12-23,enter,semis,3.0,0.7347027972027971,MU|ON|AVGO
2021-12-27,exit,travel,12.0,0.6040209790209791,EXPE|BKNG|HLT
2021-12-27,exit,consumer_internet,22.0,0.45367132867132864,EXPE|UBER|BKNG
2021-12-27,enter,oil_exploration,1.0,0.7854020979020979,APA|DVN|EOG
2021-12-28,exit,semis,17.0,0.583041958041958,MU|ON|AVGO
2021-12-28,enter,uranium,2.0,0.6861888111888111,UUUU|UEC|DNN
2021-12-28,enter,nuclear,3.0,0.6857517482517482,UUUU|UEC|DNN
2021-12-29,exit,uranium,33.0,0.27884615384615385,UUUU|UEC|DNN
2021-12-29,exit,nuclear,30.0,0.3356643356643357,UUUU|UEC|DNN
2021-12-29,enter,restaurants,1.0,0.7574300699300698,DPZ|SBUX|TXRH
2021-12-29,enter,consumer,2.0,0.7460664335664335,DPZ|SBUX|TXRH
2021-12-29,enter,semis,3.0,0.7041083916083917,SMCI|MU|LRCX
2021-12-30,exit,ai_infrastructure,12.0,0.5895979020979021,MU|ANET|AVGO
2021-12-30,exit,oil_exploration,14.0,0.5799825174825175,APA|DVN|EOG
2021-12-30,exit,restaurants,10.0,0.6267482517482518,DPZ|SBUX|TXRH
2021-12-30,exit,semis,15.0,0.5795454545454545,SMCI|MU|LRCX
2021-12-30,enter,china_internet,1.0,0.8741258741258741,BIDU|TME|FUTU
2021-12-30,enter,retail,2.0,0.7408216783216784,DG|TGT|KR
2021-12-30,enter,fintech,3.0,0.7176573426573427,SOFI|FUTU|GPN
2021-12-31,exit,china_internet,9.0,0.6385489510489512,BIDU|TME|FUTU
2021-12-31,exit,fintech,18.0,0.4466783216783217,SOFI|FUTU|GPN
2021-12-31,enter,consumer_staples,1.0,0.7867132867132867,DG|MDLZ|CL
2021-12-31,enter,restaurants,2.0,0.7687937062937064,SBUX|DPZ|YUM
2021-12-31,enter,oil_exploration,3.0,0.7687937062937061,DVN|APA|EOG
2022-01-03,exit,consumer,26.0,0.36407342657342656,DPZ|SBUX|TXRH
2022-01-03,exit,retail,15.0,0.5345279720279721,DG|TGT|KR
2022-01-03,exit,restaurants,23.0,0.42001748251748255,SBUX|DPZ|YUM
2022-01-03,enter,regional_banks,1.0,0.8588286713286712,PNC|TFC|HBAN
2022-01-03,enter,mega_banks,2.0,0.8505244755244756,WFC|C|BAC
2022-01-05,exit,oil_exploration,11.0,0.6053321678321677,DVN|APA|EOG
2022-01-05,exit,mega_banks,13.0,0.5996503496503496,WFC|C|BAC
2022-01-05,enter,uranium,1.0,0.8006993006993007,DNN|NXE|CCJ
2022-01-05,enter,nuclear,2.0,0.7954545454545454,DNN|NXE|CCJ
2022-01-06,exit,consumer_staples,15.0,0.5445804195804195,DG|MDLZ|CL
2022-01-06,exit,uranium,12.0,0.5773601398601399,DNN|NXE|CCJ
2022-01-06,exit,nuclear,10.0,0.5847902097902098,DNN|NXE|CCJ
2022-01-06,enter,oil_exploration,2.0,0.8409090909090909,FANG|DVN|OXY
2022-01-06,enter,insurance,3.0,0.7993881118881119,MET|AIG|ALL
2022-01-07,enter,mega_banks,2.0,0.8444055944055944,WFC|BAC|C
2022-01-10,exit,oil_exploration,14.0,0.5428321678321679,FANG|DVN|OXY
2022-01-10,enter,pharma,2.0,0.7119755244755245,MRK|BMY|AMGN
2022-01-11,exit,insurance,10.0,0.5904720279720279,MET|AIG|ALL
2022-01-11,exit,mega_banks,9.0,0.6171328671328672,WFC|BAC|C
2022-01-11,exit,pharma,13.0,0.5393356643356643,MRK|BMY|AMGN
2022-01-11,enter,oil_exploration,1.0,0.7985139860139859,APA|USO|COP
2022-01-11,enter,china_internet,2.0,0.7797202797202798,PDD|JD|FUTU
2022-01-11,enter,asset_managers,3.0,0.7399475524475525,SCHW|MS|TROW
2022-01-13,exit,oil_exploration,11.0,0.5743006993006994,APA|USO|COP
2022-01-13,exit,china_internet,10.0,0.5930944055944057,PDD|JD|FUTU
2022-01-13,exit,asset_managers,20.0,0.5122377622377622,SCHW|MS|TROW
2022-01-13,enter,retail,2.0,0.6787587412587414,KR|WMT|PDD
2022-01-13,enter,mega_banks,3.0,0.6534090909090909,C|WFC|JPM
2022-01-14,exit,retail,24.0,0.3767482517482518,KR|WMT|PDD
2022-01-14,exit,mega_banks,27.0,0.33959790209790214,C|WFC|JPM
2022-01-14,enter,oil_exploration,1.0,0.8391608391608393,EOG|APA|OXY
2022-01-14,enter,semis,2.0,0.7425699300699301,TSM|AMAT|LRCX
2022-01-14,enter,biotech,3.0,0.7115384615384616,VRTX|AMGN|ABBV
2022-01-18,exit,regional_banks,12.0,0.569493006993007,PNC|TFC|HBAN
2022-01-18,exit,semis,10.0,0.5935314685314687,TSM|AMAT|LRCX
2022-01-18,exit,biotech,20.0,0.451486013986014,VRTX|AMGN|ABBV
2022-01-18,enter,aerospace,2.0,0.7176573426573427,LMT|GE|LHX
2022-01-18,enter,gold,3.0,0.7058566433566434,GOLD|GLD|NEM
2022-01-19,exit,aerospace,16.0,0.5091783216783217,LMT|GE|LHX
2022-01-19,enter,consumer_staples,2.0,0.7805944055944056,PG|PEP|KO
2022-01-19,enter,medtech,3.0,0.701048951048951,BSX|MDT|EXAS
2022-01-20,exit,oil_exploration,9.0,0.6013986013986015,EOG|APA|OXY
2022-01-20,exit,medtech,14.0,0.5607517482517482,BSX|MDT|EXAS
2022-01-20,enter,china_internet,1.0,0.8006993006993007,PDD|BIDU|FUTU
2022-01-20,enter,defense,2.0,0.7097902097902097,LMT|LDOS|NOC
2022-01-21,exit,gold,14.0,0.5878496503496503,GOLD|GLD|NEM
2022-01-21,enter,cybersecurity,2.0,0.7237762237762237,CHKP|GEN|PANW
2022-01-21,enter,insurance,3.0,0.6905594405594406,TRV|PGR|CB
2022-01-24,exit,consumer_staples,10.0,0.6424825174825176,PG|PEP|KO
2022-01-24,exit,china_internet,29.0,0.3771853146853147,PDD|BIDU|FUTU
2022-01-24,exit,defense,11.0,0.6416083916083916,LMT|LDOS|NOC
2022-01-24,enter,workflow_software,1.0,0.7530594405594405,PATH|TEAM|NOW
2022-01-24,enter,cloud,2.0,0.7508741258741259,AKAM|DLR|MSFT
2022-01-24,enter,business_apps,3.0,0.7347027972027972,ADBE|MSFT|ADSK
2022-01-25,exit,cybersecurity,31.0,0.3544580419580419,CHKP|GEN|PANW
2022-01-25,exit,workflow_software,15.0,0.5284090909090909,PATH|TEAM|NOW
2022-01-25,exit,cloud,17.0,0.513986013986014,AKAM|DLR|MSFT
2022-01-25,exit,business_apps,22.0,0.49125874125874125,ADBE|MSFT|ADSK
2022-01-25,enter,oil_exploration,1.0,0.7574300699300699,OXY|DVN|EOG
2022-01-25,enter,mega_banks,2.0,0.7460664335664335,AXP|MS|C
2022-01-25,enter,pharma,3.0,0.7408216783216783,JNJ|ABBV|NVO
2022-01-27,enter,consumer_staples,2.0,0.7167832167832169,MDLZ|CL|MCD
2022-01-27,enter,asset_managers,3.0,0.7084790209790208,BX|MS|SCHW
2022-01-28,exit,insurance,12.0,0.6000874125874126,TRV|PGR|CB
2022-01-28,exit,oil_exploration,20.0,0.4943181818181818,OXY|DVN|EOG
2022-01-28,exit,consumer_staples,28.0,0.4222027972027972,MDLZ|CL|MCD
2022-01-28,exit,asset_managers,11.0,0.6083916083916083,BX|MS|SCHW
2022-01-28,enter,payments,1.0,0.7727272727272728,V|MA|AXP
2022-01-28,enter,workflow_software,2.0,0.7447552447552447,TEAM|NOW|CRM
2022-01-28,enter,restaurants,3.0,0.7229020979020979,TXRH|DRI|MCD
2022-01-31,exit,pharma,22.0,0.4729020979020979,JNJ|ABBV|NVO
2022-01-31,exit,restaurants,17.0,0.5812937062937064,TXRH|DRI|MCD
2022-01-31,enter,consumer_internet,1.0,0.756993006993007,DUOL|BIDU|BKNG
2022-01-31,enter,fintech,3.0,0.6914335664335665,V|MA|FIS
2022-02-01,exit,mega_banks,12.0,0.5839160839160839,AXP|MS|C
2022-02-01,exit,workflow_software,13.0,0.5738636363636365,TEAM|NOW|CRM
2022-02-01,enter,biotech,3.0,0.7272727272727273,VRTX|NTLA|ALNY
2022-02-02,exit,payments,19.0,0.513548951048951,V|MA|AXP
2022-02-02,exit,consumer_internet,10.0,0.6009615384615385,DUOL|BIDU|BKNG
2022-02-02,exit,fintech,18.0,0.520979020979021,V|MA|FIS
2022-02-02,enter,ai_infrastructure,1.0,0.7486888111888113,SMCI|NET|AMD
2022-02-02,enter,data_centers,2.0,0.7185314685314687,CEG|SMCI|STX
2022-02-02,enter,cybersecurity,3.0,0.7180944055944057,TENB|NET|FTNT
2022-02-03,exit,ai_infrastructure,13.0,0.5948426573426573,SMCI|NET|AMD
2022-02-03,exit,data_centers,17.0,0.5520104895104895,CEG|SMCI|STX
2022-02-03,enter,medtech,3.0,0.7268356643356644,TMO|EW|EXAS
2022-02-04,exit,biotech,25.0,0.4392482517482518,VRTX|NTLA|ALNY
2022-02-04,exit,medtech,14.0,0.5590034965034965,TMO|EW|EXAS
2022-02-04,enter,dev_tools,2.0,0.7530594405594405,DDOG|SNOW|MDB
2022-02-04,enter,uranium,3.0,0.7443181818181818,LEU|UUUU|UEC
2022-02-07,exit,cybersecurity,10.0,0.6328671328671328,TENB|NET|FTNT
2022-02-07,exit,dev_tools,17.0,0.5454545454545454,DDOG|SNOW|MDB
2022-02-07,enter,gold,1.0,0.7967657342657343,GOLD|FNV|NEM
2022-02-07,enter,travel,2.0,0.7543706293706294,TCOM|MAR|EXPE
2022-02-07,enter,mega_banks,3.0,0.7495629370629371,WFC|BAC|AXP
2022-02-08,exit,uranium,17.0,0.47421328671328666,LEU|UUUU|UEC
2022-02-08,exit,gold,9.0,0.6669580419580418,GOLD|FNV|NEM
2022-02-08,enter,insurance,1.0,0.8076923076923077,ALL|CB|AIG
2022-02-09,exit,mega_banks,15.0,0.5498251748251749,WFC|BAC|AXP
2022-02-09,exit,insurance,28.0,0.3802447552447552,ALL|CB|AIG
2022-02-09,enter,uranium,1.0,0.7805944055944056,CCJ|UEC|DNN
2022-02-09,enter,cybersecurity,3.0,0.7465034965034965,GEN|ZS|NET
2022-02-10,exit,uranium,12.0,0.6228146853146853,CCJ|UEC|DNN
2022-02-10,enter,consumer_internet,1.0,0.8050699300699302,SNAP|ABNB|DIS
2022-02-10,enter,dev_tools,3.0,0.7937062937062936,DDOG|SNOW|MDB
2022-02-11,exit,cybersecurity,15.0,0.5161713286713286,GEN|ZS|NET
2022-02-11,exit,consumer_internet,32.0,0.34571678321678323,SNAP|ABNB|DIS
2022-02-11,exit,dev_tools,11.0,0.5432692307692308,DDOG|SNOW|MDB
2022-02-11,enter,gold,1.0,0.8098776223776224,GOLD|FNV|GLD
2022-02-11,enter,aerospace,2.0,0.7661713286713286,NOC|SPIR|LMT
2022-02-11,enter,defense,3.0,0.7591783216783216,NOC|KTOS|TDG
2022-02-14,exit,aerospace,12.0,0.5874125874125875,NOC|SPIR|LMT
2022-02-14,exit,defense,9.0,0.6088286713286712,NOC|KTOS|TDG
2022-02-14,enter,cybersecurity,3.0,0.7137237762237761,ZS|CHKP|GEN
2022-02-15,exit,gold,24.0,0.43269230769230765,GOLD|FNV|GLD
2022-02-15,exit,cybersecurity,13.0,0.5677447552447553,ZS|CHKP|GEN
2022-02-15,enter,china_internet,2.0,0.8076923076923076,YMM|TCOM|BILI
2022-02-15,enter,uranium,3.0,0.7277097902097902,UEC|CCJ|NXE
2022-02-16,exit,china_internet,13.0,0.5620629370629371,YMM|TCOM|BILI
2022-02-16,exit,uranium,34.0,0.08347902097902096,UEC|CCJ|NXE
2022-02-16,enter,defense,1.0,0.7749125874125874,HWM|TDG|NOC
2022-02-16,enter,data_centers,2.0,0.7705419580419579,ANET|PWR|ETN
2022-02-17,enter,gold,1.0,0.8771853146853147,AEM|NEM|FNV
2022-02-17,enter,consumer_staples,2.0,0.7753496503496503,WMT|KO|PG
2022-02-17,enter,oil_exploration,3.0,0.7709790209790209,DVN|USO|COP
2022-02-18,exit,travel,13.0,0.6079545454545454,TCOM|MAR|EXPE
2022-02-18,exit,defense,17.0,0.5270979020979021,HWM|TDG|NOC
2022-02-18,exit,oil_exploration,20.0,0.4982517482517482,DVN|USO|COP
2022-02-18,enter,semis,2.0,0.7736013986013985,MPWR|MU|SMCI
2022-02-18,enter,insurance,3.0,0.7473776223776223,ALL|AIG|CB
2022-02-22,exit,data_centers,9.0,0.6490384615384615,ANET|PWR|ETN
2022-02-23,exit,semis,27.0,0.3719405594405595,MPWR|MU|SMCI
2022-02-23,exit,insurance,9.0,0.6158216783216783,ALL|AIG|CB
2022-02-23,enter,oil_exploration,2.0,0.7740384615384616,USO|FANG|DVN
2022-02-23,enter,pharma,3.0,0.7526223776223776,ABBV|BMY|AMGN
2022-02-24,exit,gold,14.0,0.6088286713286712,AEM|NEM|FNV
2022-02-24,exit,oil_exploration,11.0,0.6219405594405594,USO|FANG|DVN
2022-02-24,exit,pharma,10.0,0.6249999999999999,ABBV|BMY|AMGN
2022-02-24,enter,cybersecurity,1.0,0.7906468531468532,PANW|CHKP|TENB
2022-02-24,enter,uranium,2.0,0.7906468531468532,UUUU|DNN|NXE
2022-02-24,enter,defense,3.0,0.7657342657342657,KTOS|LHX|LMT
2022-02-25,exit,consumer_staples,9.0,0.6372377622377622,WMT|KO|PG
2022-02-25,exit,cybersecurity,14.0,0.6083916083916084,PANW|CHKP|TENB
2022-02-25,exit,uranium,10.0,0.6328671328671328,UUUU|DNN|NXE
2022-02-25,enter,medtech,1.0,0.7740384615384616,BSX|SYK|EW
2022-02-25,enter,pharma,2.0,0.7202797202797203,BMY|ABBV|LLY
2022-02-25,enter,insurance,3.0,0.7194055944055944,AIG|TRV|ALL
2022-02-28,exit,medtech,14.0,0.5625,BSX|SYK|EW
2022-02-28,exit,pharma,16.0,0.49213286713286714,BMY|ABBV|LLY
2022-02-28,exit,insurance,32.0,0.27884615384615385,AIG|TRV|ALL
2022-02-28,enter,cybersecurity,2.0,0.8387237762237763,TENB|PANW|CRWD
2022-02-28,enter,uranium,3.0,0.8133741258741258,UEC|UUUU|NXE
2022-03-01,enter,oil_exploration,1.0,0.7814685314685316,OXY|APA|COP
2022-03-02,enter,nuclear,3.0,0.7425699300699301,UUUU|UEC|NXE
2022-03-03,exit,defense,12.0,0.548076923076923,KTOS|LHX|LMT
2022-03-03,exit,cybersecurity,10.0,0.5668706293706294,TENB|PANW|CRWD
2022-03-03,enter,consumer_staples,3.0,0.7255244755244755,KR|COST|DLTR
2022-03-04,exit,uranium,10.0,0.5594405594405594,UEC|UUUU|NXE
2022-03-04,enter,gold,2.0,0.743006993006993,PAAS|FNV|NEM
2022-03-08,exit,consumer_staples,11.0,0.5861013986013986,KR|COST|DLTR
2022-03-08,enter,uranium,2.0,0.7460664335664335,UUUU|UEC|DNN
2022-03-09,exit,oil_exploration,12.0,0.5358391608391608,OXY|APA|COP
2022-03-09,enter,pharma,2.0,0.6555944055944056,LLY|NVO|MRK
2022-03-09,enter,consumer_staples,3.0,0.6306818181818182,DLTR|KR|COST
2022-03-10,exit,consumer_staples,13.0,0.506993006993007,DLTR|KR|COST
2022-03-10,enter,oil_exploration,2.0,0.7766608391608391,OXY|APA|DVN
2022-03-11,exit,gold,18.0,0.513548951048951,PAAS|FNV|NEM
2022-03-11,exit,oil_exploration,15.0,0.5869755244755245,OXY|APA|DVN
2022-03-11,enter,biotech,3.0,0.7189685314685316,REGN|CRSP|VRTX
2022-03-14,exit,nuclear,22.0,0.4899475524475525,UUUU|UEC|NXE
2022-03-14,exit,uranium,34.0,0.2958916083916084,UUUU|UEC|DNN
2022-03-14,exit,biotech,9.0,0.7041083916083917,REGN|CRSP|VRTX
2022-03-14,enter,regional_banks,2.0,0.7976398601398601,FITB|KEY|HBAN
2022-03-14,enter,insurance,3.0,0.7438811188811186,TRV|AIG|ALL
2022-03-15,exit,regional_banks,20.0,0.5681818181818182,FITB|KEY|HBAN
2022-03-15,enter,ai_infrastructure,2.0,0.7180944055944054,MPWR|AVGO|MSFT
2022-03-15,enter,mega_banks,3.0,0.7167832167832169,AXP|WFC|JPM
2022-03-16,exit,pharma,15.0,0.5987762237762237,LLY|NVO|MRK
2022-03-16,exit,insurance,24.0,0.5332167832167831,TRV|AIG|ALL
2022-03-16,exit,ai_infrastructure,12.0,0.6791958041958043,MPWR|AVGO|MSFT
2022-03-16,enter,asset_managers,1.0,0.7980769230769231,SCHW|BLK|TROW
2022-03-16,enter,travel,2.0,0.7954545454545454,HLT|EXPE|BKNG
2022-03-16,enter,regional_banks,3.0,0.7840909090909091,HBAN|FITB|KEY
2022-03-17,exit,travel,19.0,0.5428321678321678,HLT|EXPE|BKNG
2022-03-17,exit,regional_banks,21.0,0.5402097902097902,HBAN|FITB|KEY
2022-03-17,enter,pharma,2.0,0.777972027972028,LLY|PFE|ABBV
2022-03-17,enter,insurance,3.0,0.7613636363636364,ALL|TRV|AIG
2022-03-18,exit,mega_banks,27.0,0.451923076923077,AXP|WFC|JPM
2022-03-18,exit,asset_managers,16.0,0.5992132867132867,SCHW|BLK|TROW
2022-03-18,exit,pharma,21.0,0.5314685314685316,LLY|PFE|ABBV
2022-03-18,exit,insurance,26.0,0.4576048951048951,ALL|TRV|AIG
2022-03-18,enter,china_internet,1.0,0.8435314685314687,FUTU|TME|BILI
2022-03-18,enter,payments,2.0,0.8002622377622378,XYZ|AFRM|AXP
2022-03-18,enter,consumer_internet,3.0,0.7967657342657343,BIDU|TME|BILI
2022-03-21,enter,uranium,1.0,0.7333916083916083,UUUU|UEC|CCJ
2022-03-21,enter,ai_infrastructure,2.0,0.7281468531468532,NVDA|MPWR|NET
2022-03-21,enter,semis,3.0,0.7001748251748252,NVDA|MPWR|MRVL
2022-03-22,exit,payments,9.0,0.6905594405594406,XYZ|AFRM|AXP
2022-03-22,exit,uranium,20.0,0.5506993006993007,UUUU|UEC|CCJ
2022-03-22,exit,ai_infrastructure,15.0,0.5891608391608392,NVDA|MPWR|NET
2022-03-22,exit,semis,19.0,0.5568181818181819,NVDA|MPWR|MRVL
2022-03-22,enter,fintech,3.0,0.8142482517482518,XYZ|AFRM|HOOD
2022-03-23,exit,fintech,10.0,0.6363636363636365,XYZ|AFRM|HOOD
2022-03-23,enter,oil_exploration,2.0,0.7613636363636364,FANG|DVN|APA
2022-03-23,enter,ai_apps,3.0,0.7316433566433566,TSLA|DUOL|PLTR
2022-03-24,exit,oil_exploration,28.0,0.35882867132867136,FANG|DVN|APA
2022-03-24,enter,cloud,1.0,0.8138111888111889,NET|MDB|GOOGL
2022-03-24,enter,cybersecurity,2.0,0.7307692307692308,NET|TENB|PANW
2022-03-24,enter,autos,3.0,0.7132867132867132,TSLA|ON|TM
2022-03-25,exit,china_internet,30.0,0.3216783216783216,FUTU|TME|BILI
2022-03-25,exit,consumer_internet,18.0,0.5043706293706294,BIDU|TME|BILI
2022-03-25,exit,ai_apps,22.0,0.40603146853146854,TSLA|DUOL|PLTR
2022-03-25,exit,cloud,19.0,0.5034965034965034,NET|MDB|GOOGL
2022-03-25,exit,autos,16.0,0.5319055944055944,TSLA|ON|TM
2022-03-25,enter,oil_exploration,1.0,0.7727272727272727,FANG|COP|USO
2022-03-25,enter,insurance,2.0,0.7534965034965037,ALL|PGR|AIG
2022-03-25,enter,robotics,3.0,0.6962412587412586,OUST|CGNX|TSLA
2022-03-28,exit,oil_exploration,33.0,0.1590909090909091,FANG|COP|USO
2022-03-28,exit,insurance,18.0,0.5677447552447553,ALL|PGR|AIG
2022-03-28,exit,robotics,12.0,0.6302447552447553,OUST|CGNX|TSLA
2022-03-28,enter,cloud,1.0,0.8256118881118881,NET|MSFT|GOOGL
2022-03-28,enter,medtech,2.0,0.7338286713286714,DXCM|EW|ISRG
2022-03-28,enter,ai_infrastructure,3.0,0.7019230769230771,NET|NVDA|KLAC
2022-03-29,exit,cybersecurity,20.0,0.5415209790209791,NET|TENB|PANW
2022-03-29,exit,medtech,9.0,0.6800699300699301,DXCM|EW|ISRG
2022-03-29,enter,semis,2.0,0.8208041958041958,ON|NVDA|MPWR
2022-03-29,enter,autos,3.0,0.819055944055944,RIVN|ON|TSLA
2022-03-30,exit,cloud,10.0,0.6031468531468532,NET|MSFT|GOOGL
2022-03-30,enter,medtech,1.0,0.7670454545454546,ISRG|DXCM|EW
2022-03-30,enter,pharma,2.0,0.7263986013986015,NVO|AMGN|MRK
2022-03-31,exit,ai_infrastructure,23.0,0.4130244755244755,NET|NVDA|KLAC
2022-03-31,exit,semis,32.0,0.31905594405594406,ON|NVDA|MPWR
2022-03-31,exit,autos,28.0,0.3911713286713286,RIVN|ON|TSLA
2022-03-31,enter,consumer_staples,1.0,0.8133741258741259,COST|WMT|DLTR
2022-03-31,enter,restaurants,3.0,0.7687937062937064,SBUX|DPZ|MCD
2022-04-01,exit,consumer_staples,10.0,0.6437937062937064,COST|WMT|DLTR
2022-04-01,exit,restaurants,15.0,0.5511363636363636,SBUX|DPZ|MCD
2022-04-01,enter,biotech,2.0,0.7757867132867132,EXAS|VRTX|ALNY
2022-04-01,enter,cloud,3.0,0.7736013986013986,MDB|TEAM|ZS
2022-04-04,exit,medtech,11.0,0.6376748251748252,ISRG|DXCM|EW
2022-04-04,exit,pharma,17.0,0.5340909090909091,NVO|AMGN|MRK
2022-04-04,exit,cloud,9.0,0.6643356643356644,MDB|TEAM|ZS
2022-04-04,enter,consumer_internet,1.0,0.7749125874125874,BILI|DUOL|SNAP
2022-04-04,enter,business_apps,2.0,0.756118881118881,INTU|AI|DOCU
2022-04-05,exit,biotech,10.0,0.6271853146853147,EXAS|VRTX|ALNY
2022-04-05,exit,consumer_internet,19.0,0.46984265734265734,BILI|DUOL|SNAP
2022-04-05,exit,business_apps,25.0,0.39466783216783213,INTU|AI|DOCU
2022-04-05,enter,pharma,1.0,0.846153846153846,MRK|NVO|BMY
2022-04-05,enter,nuclear,2.0,0.8426573426573428,VST|UEC|CEG
2022-04-05,enter,consumer_staples,3.0,0.806381118881119,KR|WMT|DG
2022-04-07,enter,uranium,2.0,0.7543706293706295,UEC|DNN|NXE
2022-04-08,exit,uranium,12.0,0.6289335664335666,UEC|DNN|NXE
2022-04-08,enter,oil_exploration,2.0,0.8116258741258742,OXY|EOG|DVN
2022-04-11,exit,oil_exploration,16.0,0.5013111888111887,OXY|EOG|DVN
2022-04-11,enter,uranium,3.0,0.8046328671328672,UEC|NXE|CCJ
2022-04-12,exit,pharma,13.0,0.5786713286713288,MRK|NVO|BMY
2022-04-12,enter,gold,2.0,0.7871503496503497,PAAS|WPM|AEM
2022-04-13,exit,consumer_staples,14.0,0.5777972027972028,KR|WMT|DG
2022-04-13,enter,travel,3.0,0.7268356643356644,HLT|MAR|ABNB
2022-04-14,enter,consumer_staples,3.0,0.7084790209790209,DLTR|TGT|DG
2022-04-18,exit,nuclear,13.0,0.562937062937063,VST|UEC|CEG
2022-04-18,exit,uranium,14.0,0.5279720279720279,UEC|NXE|CCJ
2022-04-18,exit,consumer_staples,19.0,0.48120629370629375,DLTR|TGT|DG
2022-04-18,enter,mega_banks,1.0,0.7591783216783217,GS|MS|C
2022-04-18,enter,oil_exploration,3.0,0.7207167832167832,APA|DVN|USO
2022-04-19,exit,gold,22.0,0.4951923076923077,PAAS|WPM|AEM
2022-04-19,exit,oil_exploration,13.0,0.590472027972028,APA|DVN|USO
2022-04-19,enter,restaurants,1.0,0.7814685314685313,CMG|TXRH|YUM
2022-04-19,enter,consumer,2.0,0.7805944055944057,CMG|TXRH|YUM
2022-04-20,exit,restaurants,9.0,0.6424825174825175,CMG|TXRH|YUM
2022-04-20,exit,consumer,10.0,0.631118881118881,CMG|TXRH|YUM
2022-04-20,enter,medtech,1.0,0.792395104895105,BSX|ISRG|EW
2022-04-20,enter,regional_banks,3.0,0.7539335664335665,COF|HBAN|KEY
2022-04-21,exit,travel,18.0,0.514423076923077,HLT|MAR|ABNB
2022-04-21,exit,mega_banks,9.0,0.6162587412587414,GS|MS|C
2022-04-21,enter,consumer_staples,1.0,0.7766608391608392,TGT|PG|KO
2022-04-21,enter,restaurants,3.0,0.7298951048951047,DRI|TXRH|MCD
2022-04-22,exit,medtech,25.0,0.47989510489510484,BSX|ISRG|EW
2022-04-22,enter,semis,2.0,0.6831293706293706,SMCI|AVGO|TER
2022-04-25,exit,regional_banks,13.0,0.5948426573426573,COF|HBAN|KEY
2022-04-25,enter,ai_infrastructure,2.0,0.7246503496503496,DELL|AVGO|SMCI
2022-04-25,enter,data_centers,3.0,0.7185314685314684,WDC|DLR|EQIX
2022-04-26,exit,semis,22.0,0.4628496503496504,SMCI|AVGO|TER
2022-04-26,exit,ai_infrastructure,31.0,0.37805944055944063,DELL|AVGO|SMCI
2022-04-26,exit,data_centers,10.0,0.5734265734265735,WDC|DLR|EQIX
2022-04-26,enter,pharma,1.0,0.6975524475524476,JNJ|AMGN|GILD
2022-04-26,enter,vertical_software,3.0,0.6800699300699301,CDNS|PTC|LDOS
2022-04-27,exit,vertical_software,19.0,0.5013111888111887,CDNS|PTC|LDOS
2022-04-27,enter,china_internet,1.0,0.8111888111888111,JD|PDD|KWEB
2022-04-28,exit,consumer_staples,19.0,0.4755244755244755,TGT|PG|KO
2022-04-28,exit,restaurants,26.0,0.38024475524475526,DRI|TXRH|MCD
2022-04-28,exit,pharma,18.0,0.4978146853146853,JNJ|AMGN|GILD
2022-04-28,exit,china_internet,16.0,0.534965034965035,JD|PDD|KWEB
2022-04-28,enter,dev_tools,1.0,0.7854020979020978,PTC|SNOW|CDNS
2022-04-28,enter,cloud,2.0,0.778409090909091,NOW|DLR|MSFT
2022-04-28,enter,workflow_software,3.0,0.7473776223776224,CRM|NOW|TEAM
2022-04-29,exit,cloud,21.0,0.4532342657342657,NOW|DLR|MSFT
2022-04-29,exit,workflow_software,19.0,0.4615384615384615,CRM|NOW|TEAM
2022-04-29,enter,china_internet,1.0,0.8509615384615384,JD|PDD|YMM
2022-04-29,enter,travel,2.0,0.8028846153846153,TCOM|HLT|BKNG
2022-04-29,enter,pharma,3.0,0.7814685314685313,MRK|NVO|LLY
2022-05-02,exit,dev_tools,14.0,0.49519230769230776,PTC|SNOW|CDNS
2022-05-02,exit,travel,18.0,0.4908216783216783,TCOM|HLT|BKNG
2022-05-02,exit,pharma,12.0,0.5249125874125874,MRK|NVO|LLY
2022-05-02,enter,retail,1.0,0.7023601398601399,JD|WMT|PDD
2022-05-02,enter,oil_exploration,2.0,0.6604020979020978,OXY|USO|COP
2022-05-02,enter,ai_apps,3.0,0.6586538461538461,META|PINS|BIDU
2022-05-03,exit,retail,13.0,0.5371503496503496,JD|WMT|PDD
2022-05-03,enter,asset_managers,2.0,0.687937062937063,KKR|MS|BX
2022-05-03,enter,insurance,3.0,0.6625874125874126,PGR|AIG|CB
2022-05-04,exit,asset_managers,12.0,0.5563811188811187,KKR|MS|BX
2022-05-04,exit,insurance,14.0,0.5380244755244756,PGR|AIG|CB
2022-05-04,enter,fintech,1.0,0.7447552447552447,HOOD|SOFI|FIS
2022-05-04,enter,semis,2.0,0.7294580419580421,SMCI|MPWR|AMD
2022-05-05,exit,fintech,27.0,0.39117132867132864,HOOD|SOFI|FIS
2022-05-05,enter,aerospace,3.0,0.6704545454545454,NOC|HON|LUNR
2022-05-06,exit,china_internet,34.0,0.19055944055944057,JD|PDD|YMM
2022-05-06,enter,insurance,2.0,0.7211538461538461,AIG|MET|ALL
2022-05-09,exit,ai_apps,31.0,0.33653846153846156,META|PINS|BIDU
2022-05-09,exit,semis,19.0,0.5183566433566434,SMCI|MPWR|AMD
2022-05-09,exit,aerospace,18.0,0.5183566433566434,NOC|HON|LUNR
2022-05-09,enter,consumer_staples,1.0,0.8164335664335665,MDLZ|PEP|KO
2022-05-09,enter,pharma,3.0,0.715034965034965,AMGN|GILD|BMY
2022-05-10,exit,insurance,12.0,0.5633741258741258,AIG|MET|ALL
2022-05-10,enter,semis,1.0,0.7727272727272727,MCHP|AVGO|INTC
2022-05-10,enter,biotech,3.0,0.6695804195804195,AMGN|GILD|BIIB
2022-05-11,exit,semis,22.0,0.4602272727272727,MCHP|AVGO|INTC
2022-05-11,exit,biotech,19.0,0.5021853146853147,AMGN|GILD|BIIB
2022-05-12,exit,oil_exploration,18.0,0.541958041958042,OXY|USO|COP
2022-05-12,enter,restaurants,2.0,0.7482517482517482,DRI|MCD|TXRH
2022-05-12,enter,consumer,3.0,0.7347027972027971,DRI|TXRH|DPZ
2022-05-13,exit,consumer_staples,10.0,0.6337412587412588,MDLZ|PEP|KO
2022-05-13,exit,pharma,17.0,0.5856643356643356,AMGN|GILD|BMY
2022-05-13,exit,restaurants,20.0,0.5297202797202797,DRI|MCD|TXRH
2022-05-13,exit,consumer,19.0,0.534965034965035,DRI|TXRH|DPZ
2022-05-13,enter,workflow_software,1.0,0.744318181818182,PATH|DOCU|NOW
2022-05-13,enter,business_apps,2.0,0.7347027972027971,AI|ADBE|ADSK
2022-05-13,enter,china_internet,3.0,0.7006118881118881,NTES|YMM|KWEB
2022-05-16,exit,workflow_software,18.0,0.4951923076923077,PATH|DOCU|NOW
2022-05-16,enter,oil_exploration,1.0,0.7604895104895104,OXY|DVN|COP
2022-05-16,enter,uranium,3.0,0.7211538461538461,NXE|LEU|CCJ
2022-05-17,exit,business_apps,26.0,0.3907342657342658,AI|ADBE|ADSK
2022-05-17,exit,oil_exploration,9.0,0.6267482517482518,OXY|DVN|COP
2022-05-17,enter,payments,2.0,0.7438811188811187,V|AFRM|FIS
2022-05-18,exit,uranium,10.0,0.604458041958042,NXE|LEU|CCJ
2022-05-18,enter,fintech,1.0,0.8378496503496503,SOFI|AFRM|XYZ
2022-05-18,enter,biotech,2.0,0.8365384615384617,CRSP|GILD|REGN
2022-05-19,exit,payments,12.0,0.6276223776223777,V|AFRM|FIS
2022-05-19,exit,biotech,11.0,0.6437937062937064,CRSP|GILD|REGN
2022-05-19,enter,workflow_software,3.0,0.7399475524475524,DOCU|HUBS|PATH
2022-05-20,exit,workflow_software,31.0,0.37456293706293703,DOCU|HUBS|PATH
2022-05-20,enter,pharma,1.0,0.7237762237762239,PFE|TMO|MRK
2022-05-20,enter,uranium,2.0,0.7207167832167831,NXE|CCJ|LEU
2022-05-23,exit,china_internet,22.0,0.4173951048951049,NTES|YMM|KWEB
2022-05-23,exit,fintech,9.0,0.6013986013986014,SOFI|AFRM|XYZ
2022-05-23,enter,mega_banks,1.0,0.826048951048951,C|JPM|GS
2022-05-23,enter,regional_banks,2.0,0.7556818181818182,USB|HBAN|PNC
2022-05-24,exit,uranium,27.0,0.36713286713286714,NXE|CCJ|LEU
2022-05-24,enter,gold,1.0,0.75,GOLD|WPM|AEM
2022-05-25,exit,pharma,16.0,0.49431818181818177,PFE|TMO|MRK
2022-05-25,exit,gold,9.0,0.6162587412587412,GOLD|WPM|AEM
2022-05-25,enter,workflow_software,1.0,0.7740384615384616,ZM|NOW|DOCU
2022-05-25,enter,oil_exploration,3.0,0.7242132867132867,FANG|APA|EOG
2022-05-26,exit,workflow_software,9.0,0.6276223776223776,ZM|NOW|DOCU
2022-05-26,enter,asset_managers,1.0,0.8085664335664335,BX|BLK|SCHW
2022-05-27,exit,mega_banks,11.0,0.5922202797202798,C|JPM|GS
2022-05-27,exit,regional_banks,9.0,0.6258741258741258,USB|HBAN|PNC
2022-05-27,enter,ai_infrastructure,2.0,0.708479020979021,DELL|AMAT|MRVL
2022-05-27,enter,consumer_staples,3.0,0.7076048951048951,DLTR|DG|COST
2022-05-31,exit,asset_managers,11.0,0.6870629370629371,BX|BLK|SCHW
2022-05-31,exit,ai_infrastructure,12.0,0.6704545454545454,DELL|AMAT|MRVL
2022-05-31,enter,china_internet,1.0,0.818618881118881,YMM|PDD|BIDU
2022-05-31,enter,restaurants,2.0,0.7661713286713288,YUM|DRI|SBUX
2022-05-31,enter,regional_banks,3.0,0.7517482517482518,PNC|KEY|COF
2022-06-01,exit,consumer_staples,22.0,0.4396853146853147,DLTR|DG|COST
2022-06-01,exit,restaurants,27.0,0.4064685314685315,YUM|DRI|SBUX
2022-06-01,exit,regional_banks,25.0,0.4156468531468532,PNC|KEY|COF
2022-06-01,enter,consumer_internet,1.0,0.7670454545454546,BIDU|AMZN|BILI
2022-06-01,enter,ai_apps,2.0,0.7666083916083917,BIDU|CRM|NOW
2022-06-02,exit,oil_exploration,34.0,0.22814685314685312,FANG|APA|EOG
2022-06-02,enter,dev_tools,3.0,0.7263986013986015,MDB|DDOG|CDNS
2022-06-03,exit,china_internet,18.0,0.5638111888111887,YMM|PDD|BIDU
2022-06-03,exit,consumer_internet,13.0,0.6197552447552447,BIDU|AMZN|BILI
2022-06-03,exit,ai_apps,9.0,0.6634615384615385,BIDU|CRM|NOW
2022-06-03,exit,dev_tools,15.0,0.6022727272727273,MDB|DDOG|CDNS
2022-06-03,enter,aerospace,1.0,0.7482517482517482,SPIR|NOC|BA
2022-06-03,enter,business_apps,2.0,0.7451923076923077,AI|CRM|MSFT
2022-06-03,enter,defense,3.0,0.7062937062937064,BA|HWM|NOC
2022-06-06,exit,business_apps,18.0,0.4956293706293705,AI|CRM|MSFT
2022-06-06,enter,china_internet,1.0,0.9479895104895105,FUTU|YMM|PDD
2022-06-06,enter,consumer_internet,2.0,0.8382867132867134,DUOL|BILI|BABA
2022-06-06,enter,travel,3.0,0.8225524475524475,TCOM|UBER|MAR
2022-06-07,exit,aerospace,15.0,0.534527972027972,SPIR|NOC|BA
2022-06-07,exit,defense,13.0,0.5939685314685316,BA|HWM|NOC
2022-06-07,exit,travel,29.0,0.35882867132867136,TCOM|UBER|MAR
2022-06-07,enter,workflow_software,1.0,0.8361013986013985,PATH|TEAM|CRM
2022-06-07,enter,uranium,3.0,0.756118881118881,UEC|UUUU|LEU
2022-06-08,enter,biotech,3.0,0.7963286713286714,CRSP|NTLA|ALNY
2022-06-09,exit,workflow_software,11.0,0.5957167832167832,PATH|TEAM|CRM
2022-06-09,exit,uranium,13.0,0.569493006993007,UEC|UUUU|LEU
2022-06-09,enter,restaurants,1.0,0.7705419580419579,DPZ|SBUX|TXRH
2022-06-09,enter,consumer,2.0,0.7613636363636364,DPZ|SBUX|TXRH
2022-06-10,exit,biotech,13.0,0.5528846153846153,CRSP|NTLA|ALNY
2022-06-10,exit,restaurants,11.0,0.575611888111888,DPZ|SBUX|TXRH
2022-06-10,exit,consumer,9.0,0.582604895104895,DPZ|SBUX|TXRH
2022-06-10,enter,gold,2.0,0.7871503496503497,GLD|FNV|PAAS
2022-06-13,exit,china_internet,10.0,0.6228146853146853,FUTU|YMM|PDD
2022-06-13,exit,consumer_internet,26.0,0.3841783216783217,DUOL|BILI|BABA
2022-06-13,exit,gold,9.0,0.6324300699300699,GLD|FNV|PAAS
2022-06-13,enter,oil_exploration,1.0,0.7683566433566436,USO|FANG|COP
2022-06-13,enter,consumer_staples,2.0,0.7255244755244756,DG|KO|CL
2022-06-13,enter,restaurants,3.0,0.7255244755244755,DPZ|MCD|YUM
2022-06-14,exit,restaurants,15.0,0.5476398601398601,DPZ|MCD|YUM
2022-06-14,enter,china_internet,1.0,0.805506993006993,NTES|PDD|TME
2022-06-14,enter,retail,2.0,0.7198426573426573,PDD|JD|DG
2022-06-14,enter,biotech,3.0,0.6993006993006993,ALNY|AMGN|GILD
2022-06-15,exit,oil_exploration,30.0,0.3640734265734266,USO|FANG|COP
2022-06-15,exit,consumer_staples,9.0,0.618006993006993,DG|KO|CL
2022-06-15,exit,china_internet,16.0,0.5087412587412588,NTES|PDD|TME
2022-06-15,exit,retail,17.0,0.4956293706293706,PDD|JD|DG
2022-06-15,exit,biotech,25.0,0.4134615384615385,ALNY|AMGN|GILD
2022-06-15,enter,restaurants,1.0,0.7211538461538461,DPZ|MCD|DRI
2022-06-15,enter,regional_banks,2.0,0.6971153846153846,HBAN|TFC|KEY
2022-06-15,enter,consumer,3.0,0.6809440559440558,DPZ|SBUX|DRI
2022-06-16,exit,restaurants,13.0,0.541958041958042,DPZ|MCD|DRI
2022-06-16,exit,regional_banks,11.0,0.5607517482517482,HBAN|TFC|KEY
2022-06-16,exit,consumer,17.0,0.49388111888111896,DPZ|SBUX|DRI
2022-06-16,enter,gold,1.0,0.8548951048951049,GLD|AEM|NEM
2022-06-16,enter,consumer_staples,2.0,0.7827797202797203,KR|DG|WMT
2022-06-16,enter,pharma,3.0,0.7517482517482517,JNJ|MRK|ABBV
2022-06-17,exit,gold,30.0,0.3155594405594405,GLD|AEM|NEM
2022-06-17,exit,consumer_staples,15.0,0.596153846153846,KR|DG|WMT
2022-06-17,enter,biotech,1.0,0.805944055944056,RXRX|CRSP|ALNY
2022-06-17,enter,regional_banks,2.0,0.715034965034965,PNC|TFC|HBAN
2022-06-17,enter,china_internet,3.0,0.7076048951048951,YMM|JD|TME
2022-06-21,exit,regional_banks,29.0,0.4025349650349651,PNC|TFC|HBAN
2022-06-21,enter,fintech,3.0,0.6848776223776223,FUTU|COIN|SCHW
2022-06-22,exit,china_internet,20.0,0.513986013986014,YMM|JD|TME
2022-06-22,exit,fintech,18.0,0.5371503496503497,FUTU|COIN|SCHW
2022-06-22,enter,medtech,3.0,0.7862762237762237,JNJ|BSX|ISRG
2022-06-23,exit,medtech,10.0,0.6350524475524476,JNJ|BSX|ISRG
2022-06-23,enter,dev_tools,3.0,0.7508741258741258,SNOW|MDB|DDOG
2022-06-24,exit,pharma,16.0,0.5865384615384616,JNJ|MRK|ABBV
2022-06-24,exit,dev_tools,9.0,0.7233391608391608,SNOW|MDB|DDOG
2022-06-24,enter,fintech,1.0,0.8020104895104896,FUTU|INTU|AFRM
2022-06-24,enter,workflow_software,2.0,0.8002622377622378,PATH|TEAM|ZM
2022-06-24,enter,cloud,3.0,0.7591783216783217,SNOW|MDB|TEAM
2022-06-27,exit,workflow_software,11.0,0.6079545454545454,PATH|TEAM|ZM
2022-06-27,enter,ai_apps,2.0,0.701486013986014,PLTR|PINS|PATH
2022-06-28,exit,biotech,9.0,0.6201923076923076,RXRX|CRSP|ALNY
2022-06-28,exit,fintech,12.0,0.6040209790209791,FUTU|INTU|AFRM
2022-06-28,exit,cloud,11.0,0.6158216783216783,SNOW|MDB|TEAM
2022-06-28,exit,ai_apps,25.0,0.47071678321678323,PLTR|PINS|PATH
2022-06-28,enter,asset_managers,1.0,0.791958041958042,TROW|GS|MS
2022-06-28,enter,medtech,2.0,0.715472027972028,EW|JNJ|DXCM
2022-06-28,enter,china_internet,3.0,0.7132867132867132,TCOM|TME|BIDU
2022-06-29,enter,vertical_software,1.0,0.7871503496503496,ORCL|PLTR|ADSK
2022-06-29,enter,pharma,2.0,0.7430069930069931,ABBV|LLY|XLV
2022-06-29,enter,biotech,3.0,0.7421328671328672,ABBV|NTLA|VRTX
2022-06-30,exit,asset_managers,13.0,0.5895979020979022,TROW|GS|MS
2022-06-30,exit,medtech,11.0,0.6302447552447553,EW|JNJ|DXCM
2022-06-30,exit,vertical_software,18.0,0.5292832167832168,ORCL|PLTR|ADSK
2022-06-30,exit,biotech,17.0,0.5332167832167831,ABBV|NTLA|VRTX
2022-06-30,enter,defense,2.0,0.7622377622377623,NOC|LHX|RTX
2022-06-30,enter,regional_banks,3.0,0.7338286713286714,PNC|USB|KEY
2022-07-01,exit,china_internet,10.0,0.6219405594405595,TCOM|TME|BIDU
2022-07-01,enter,consumer_staples,1.0,0.7893356643356643,KO|CL|MCD
2022-07-01,enter,insurance,2.0,0.721153846153846,ALL|PGR|TRV
2022-07-05,exit,pharma,13.0,0.6005244755244755,ABBV|LLY|XLV
2022-07-05,exit,defense,10.0,0.6350524475524475,NOC|LHX|RTX
2022-07-05,exit,regional_banks,19.0,0.5402097902097902,PNC|USB|KEY
2022-07-05,exit,insurance,21.0,0.5319055944055943,ALL|PGR|TRV
2022-07-05,enter,consumer,1.0,0.7495629370629371,CMG|SBUX|TXRH
2022-07-05,enter,restaurants,2.0,0.7478146853146853,CMG|SBUX|TXRH
2022-07-05,enter,biotech,3.0,0.7076048951048951,NTLA|MRNA|CRSP
2022-07-06,exit,consumer,20.0,0.541958041958042,CMG|SBUX|TXRH
2022-07-06,exit,restaurants,16.0,0.555506993006993,CMG|SBUX|TXRH
2022-07-06,enter,cybersecurity,3.0,0.7023601398601398,NET|CRWD|OKTA
2022-07-07,exit,consumer_staples,22.0,0.48208041958041964,KO|CL|MCD
2022-07-07,exit,biotech,12.0,0.5856643356643356,NTLA|MRNA|CRSP
2022-07-07,enter,autos,2.0,0.6953671328671328,RIVN|LCID|TSLA
2022-07-07,enter,ai_infrastructure,3.0,0.6656468531468532,ANET|MU|NET
2022-07-08,enter,biotech,1.0,0.770979020979021,MRNA|EXAS|BIIB
2022-07-08,enter,dev_tools,3.0,0.7465034965034965,MDB|SNOW|TEAM
2022-07-11,exit,cybersecurity,11.0,0.6372377622377623,NET|CRWD|OKTA
2022-07-11,exit,autos,13.0,0.5957167832167832,RIVN|LCID|TSLA
2022-07-11,exit,dev_tools,10.0,0.6424825174825175,MDB|SNOW|TEAM
2022-07-11,enter,payments,2.0,0.7054195804195805,V|AFRM|MA
2022-07-11,enter,cloud,3.0,0.7041083916083917,TEAM|MDB|GOOGL
2022-07-12,exit,cloud,31.0,0.30987762237762245,TEAM|MDB|GOOGL
2022-07-12,enter,semis,1.0,0.8041958041958043,MU|MCHP|QCOM
2022-07-12,enter,autos,2.0,0.7880244755244756,RIVN|LCID|MCHP
2022-07-13,exit,payments,13.0,0.5952797202797202,V|AFRM|MA
2022-07-13,enter,gold,2.0,0.7338286713286714,FNV|GLD|WPM
2022-07-14,exit,biotech,12.0,0.5655594405594406,MRNA|EXAS|BIIB
2022-07-14,exit,gold,20.0,0.4737762237762238,FNV|GLD|WPM
2022-07-14,enter,consumer_staples,3.0,0.744318181818182,COST|WMT|DLTR
2022-07-15,exit,autos,12.0,0.5638111888111887,RIVN|LCID|MCHP
2022-07-15,exit,consumer_staples,13.0,0.5603146853146853,COST|WMT|DLTR
2022-07-15,enter,mega_banks,2.0,0.7513111888111889,C|WFC|BAC
2022-07-15,enter,regional_banks,3.0,0.7285839160839161,HBAN|USB|KEY
2022-07-18,exit,regional_banks,9.0,0.6612762237762237,HBAN|USB|KEY
2022-07-18,enter,travel,1.0,0.7858391608391608,UBER|HLT|MAR
2022-07-18,enter,consumer_internet,3.0,0.7456293706293706,NFLX|PINS|UBER
2022-07-20,exit,mega_banks,19.0,0.5279720279720279,C|WFC|BAC
2022-07-20,exit,travel,18.0,0.5323426573426573,UBER|HLT|MAR
2022-07-20,exit,consumer_internet,12.0,0.6145104895104896,NFLX|PINS|UBER
2022-07-20,enter,ai_apps,3.0,0.75,SOUN|SNAP|HUBS
2022-07-21,enter,mega_banks,2.0,0.7880244755244754,GS|C|WFC
2022-07-22,exit,semis,9.0,0.6123251748251749,MU|MCHP|QCOM
2022-07-22,exit,ai_apps,24.0,0.4619755244755245,SOUN|SNAP|HUBS
2022-07-22,exit,mega_banks,15.0,0.5450174825174825,GS|C|WFC
2022-07-22,enter,payments,1.0,0.7644230769230769,AXP|AFRM|PYPL
2022-07-22,enter,fintech,2.0,0.7631118881118881,INTU|AFRM|PYPL
2022-07-22,enter,robotics,3.0,0.7412587412587412,TSLA|ROK|CGNX
2022-07-25,exit,fintech,11.0,0.5878496503496503,INTU|AFRM|PYPL
2022-07-25,exit,robotics,21.0,0.47770979020979015,TSLA|ROK|CGNX
2022-07-25,enter,asset_managers,1.0,0.7416958041958042,GS|BLK|KKR
2022-07-25,enter,oil_exploration,2.0,0.715472027972028,OXY|FANG|COP
2022-07-25,enter,mega_banks,3.0,0.6966783216783217,AXP|GS|WFC
2022-07-26,exit,ai_infrastructure,19.0,0.47989510489510484,ANET|MU|NET
2022-07-26,exit,payments,25.0,0.4379370629370629,AXP|AFRM|PYPL
2022-07-26,exit,asset_managers,24.0,0.4431818181818181,GS|BLK|KKR
2022-07-26,exit,oil_exploration,22.0,0.4593531468531468,OXY|FANG|COP
2022-07-26,exit,mega_banks,18.0,0.48601398601398604,AXP|GS|WFC
2022-07-26,enter,pharma,1.0,0.8006993006993007,PFE|AMGN|TMO
2022-07-26,enter,medtech,2.0,0.7893356643356644,SYK|TMO|DXCM
2022-07-26,enter,vertical_software,3.0,0.7145979020979022,CDNS|ADSK|PTC
2022-07-27,exit,pharma,11.0,0.5629370629370629,PFE|AMGN|TMO
2022-07-27,enter,nuclear,2.0,0.6783216783216783,CCJ|SMR|UUUU
2022-07-27,enter,oil_exploration,3.0,0.6472902097902098,DVN|FANG|COP
2022-07-28,exit,nuclear,10.0,0.638986013986014,CCJ|SMR|UUUU
2022-07-28,exit,oil_exploration,13.0,0.5428321678321679,DVN|FANG|COP
2022-07-28,enter,aerospace,1.0,0.7447552447552447,GE|ASTS|HON
2022-07-28,enter,data_centers,2.0,0.7434440559440558,CEG|EQIX|DLR
2022-07-28,enter,uranium,3.0,0.7342657342657342,UEC|UUUU|LEU
2022-07-29,exit,medtech,19.0,0.4383741258741259,SYK|TMO|DXCM
2022-07-29,exit,vertical_software,9.0,0.5935314685314684,CDNS|ADSK|PTC
2022-07-29,exit,data_centers,13.0,0.5699300699300699,CEG|EQIX|DLR
2022-07-29,enter,nuclear,1.0,0.8072552447552447,UEC|LEU|UUUU
2022-07-29,enter,oil_exploration,2.0,0.7718531468531469,DVN|APA|EOG
2022-08-01,exit,uranium,23.0,0.472027972027972,UEC|UUUU|LEU
2022-08-01,exit,nuclear,9.0,0.652972027972028,UEC|LEU|UUUU
2022-08-01,exit,oil_exploration,32.0,0.34615384615384615,DVN|APA|EOG
2022-08-01,enter,autos,1.0,0.8055069930069928,F|TSLA|ON
2022-08-01,enter,consumer_staples,3.0,0.6892482517482518,TGT|MCD|CL
2022-08-02,exit,aerospace,15.0,0.6075174825174825,GE|ASTS|HON
2022-08-02,exit,autos,9.0,0.6717657342657343,F|TSLA|ON
2022-08-02,exit,consumer_staples,21.0,0.4868881118881119,TGT|MCD|CL
2022-08-02,enter,uranium,1.0,0.7727272727272727,LEU|UUUU|UEC
2022-08-02,enter,fintech,2.0,0.7631118881118881,PYPL|XYZ|SCHW
2022-08-02,enter,nuclear,3.0,0.756993006993007,LEU|UUUU|UEC
2022-08-03,exit,uranium,31.0,0.34571678321678323,LEU|UUUU|UEC
2022-08-03,exit,nuclear,23.0,0.44405594405594406,LEU|UUUU|UEC
2022-08-03,enter,cybersecurity,2.0,0.7578671328671328,NET|FTNT|OKTA
2022-08-03,enter,payments,3.0,0.756993006993007,XYZ|PYPL|AFRM
2022-08-04,exit,cybersecurity,19.0,0.5524475524475524,NET|FTNT|OKTA
2022-08-04,enter,dev_tools,1.0,0.7657342657342658,DDOG|TEAM|MDB
2022-08-05,enter,cloud,3.0,0.7220279720279721,NET|TEAM|MDB
2022-08-08,exit,payments,10.0,0.6630244755244755,XYZ|PYPL|AFRM
2022-08-08,enter,workflow_software,1.0,0.8208041958041958,TEAM|HUBS|PATH
2022-08-08,enter,ai_apps,3.0,0.749562937062937,APP|AI|HUBS
2022-08-09,exit,workflow_software,10.0,0.652534965034965,TEAM|HUBS|PATH
2022-08-09,exit,ai_apps,32.0,0.3168706293706294,APP|AI|HUBS
2022-08-09,enter,insurance,1.0,0.7674825174825175,AIG|PGR|TRV
2022-08-09,enter,biotech,2.0,0.7456293706293706,VRTX|ALNY|MRNA
2022-08-10,exit,fintech,16.0,0.583041958041958,PYPL|XYZ|SCHW
2022-08-10,exit,insurance,9.0,0.6516608391608392,AIG|PGR|TRV
2022-08-10,exit,biotech,29.0,0.3994755244755245,VRTX|ALNY|MRNA
2022-08-10,enter,workflow_software,1.0,0.7972027972027972,HUBS|TEAM|WDAY
2022-08-10,enter,mega_banks,3.0,0.7347027972027972,MS|BAC|AXP
2022-08-11,exit,dev_tools,11.0,0.5987505141916906,DDOG|TEAM|MDB
2022-08-11,exit,cloud,19.0,0.4877108185931715,NET|TEAM|MDB
2022-08-11,exit,workflow_software,20.0,0.4634152612093788,HUBS|TEAM|WDAY
2022-08-11,enter,oil_exploration,1.0,0.830136774989716,DVN|FANG|OXY
2022-08-11,enter,insurance,3.0,0.7304350061703003,ALL|TRV|AIG
2022-08-12,exit,oil_exploration,15.0,0.534965034965035,DVN|FANG|OXY
2022-08-12,enter,asset_managers,2.0,0.743444055944056,SCHW|KKR|BLK
2022-08-12,enter,aerospace,3.0,0.7333916083916083,ASTS|RKLB|SPIR
2022-08-15,enter,defense,2.0,0.8282342657342657,AXON|GD|RKLB
2022-08-16,exit,mega_banks,15.0,0.596153846153846,MS|BAC|AXP
2022-08-16,exit,insurance,13.0,0.6031468531468532,ALL|TRV|AIG
2022-08-16,enter,travel,2.0,0.7622377622377622,DIS|EXPE|BKNG
2022-08-16,enter,regional_banks,3.0,0.7473776223776224,KEY|COF|FITB
2022-08-17,exit,asset_managers,14.0,0.590472027972028,SCHW|KKR|BLK
2022-08-17,exit,travel,13.0,0.5987762237762237,DIS|EXPE|BKNG
2022-08-17,exit,regional_banks,9.0,0.6494755244755245,KEY|COF|FITB
2022-08-17,enter,insurance,2.0,0.7399475524475525,ALL|TRV|PGR
2022-08-17,enter,consumer_staples,3.0,0.7285839160839161,WMT|COST|KR
2022-08-18,enter,semis,1.0,0.7998251748251748,SMCI|ON|AVGO
2022-08-18,enter,data_centers,2.0,0.7386363636363636,CSCO|SMCI|PSTG
2022-08-19,exit,aerospace,21.0,0.4881993006993007,ASTS|RKLB|SPIR
2022-08-19,exit,semis,16.0,0.5144230769230769,SMCI|ON|AVGO
2022-08-19,exit,data_centers,15.0,0.5161713286713288,CSCO|SMCI|PSTG
2022-08-19,enter,pharma,1.0,0.8006993006993007,LLY|MRK|AMGN
2022-08-19,enter,oil_exploration,2.0,0.7290209790209791,OXY|DVN|APA
2022-08-19,enter,medtech,3.0,0.6787587412587412,MDT|JNJ|BSX
2022-08-22,exit,defense,17.0,0.4930069930069931,AXON|GD|RKLB
2022-08-22,exit,insurance,11.0,0.541520979020979,ALL|TRV|PGR
2022-08-23,exit,medtech,15.0,0.47333916083916083,MDT|JNJ|BSX
2022-08-23,enter,china_internet,2.0,0.7316433566433566,PDD|TCOM|KWEB
2022-08-23,enter,gold,3.0,0.7093531468531468,FNV|AEM|GOLD
2022-08-24,exit,consumer_staples,10.0,0.5249125874125875,WMT|COST|KR
2022-08-24,exit,pharma,11.0,0.5222902097902098,LLY|MRK|AMGN
2022-08-24,enter,uranium,3.0,0.7731643356643357,DNN|UUUU|LEU
2022-08-25,exit,gold,23.0,0.4689685314685314,FNV|AEM|GOLD
2022-08-25,enter,medtech,2.0,0.7089160839160839,BSX|DXCM|EXAS
2022-08-25,enter,dev_tools,3.0,0.6791958041958043,SNOW|MDB|DDOG
2022-08-26,exit,uranium,12.0,0.5996503496503497,DNN|UUUU|LEU
2022-08-26,exit,medtech,18.0,0.4825174825174825,BSX|DXCM|EXAS
2022-08-26,enter,consumer_internet,3.0,0.6787587412587412,TME|BIDU|BABA
2022-08-29,exit,dev_tools,13.0,0.5581293706293706,SNOW|MDB|DDOG
2022-08-29,enter,nuclear,1.0,0.8129370629370629,LEU|UUUU|CCJ
2022-08-29,enter,uranium,2.0,0.8125,LEU|UUUU|CCJ
2022-08-30,exit,oil_exploration,14.0,0.5926573426573427,OXY|DVN|APA
2022-08-30,exit,consumer_internet,13.0,0.5948426573426573,TME|BIDU|BABA
2022-08-31,enter,consumer_internet,1.0,0.9047202797202798,PINS|BIDU|TME
2022-09-01,exit,china_internet,18.0,0.5664335664335665,PDD|TCOM|KWEB
2022-09-01,exit,uranium,12.0,0.6057692307692308,LEU|UUUU|CCJ
2022-09-01,exit,consumer_internet,9.0,0.6783216783216782,PINS|BIDU|TME
2022-09-01,enter,consumer_staples,1.0,0.8015734265734267,KR|CL|WMT
2022-09-01,enter,insurance,2.0,0.7797202797202797,PGR|MET|CB
2022-09-01,enter,restaurants,3.0,0.7460664335664335,MCD|YUM|SBUX
2022-09-02,exit,consumer_staples,11.0,0.6053321678321679,KR|CL|WMT
2022-09-02,exit,restaurants,9.0,0.6263111888111887,MCD|YUM|SBUX
2022-09-02,enter,mega_banks,2.0,0.7320804195804197,MS|GS|JPM
2022-09-02,enter,uranium,3.0,0.7242132867132868,DNN|LEU|CCJ
2022-09-06,exit,nuclear,10.0,0.6695804195804197,LEU|UUUU|CCJ
2022-09-06,exit,uranium,22.0,0.4807692307692307,DNN|LEU|CCJ
2022-09-06,enter,pharma,1.0,0.8146853146853148,GILD|ABBV|JNJ
2022-09-06,enter,consumer_staples,2.0,0.7530594405594407,KR|MCD|PEP
2022-09-06,enter,medtech,3.0,0.7482517482517482,JNJ|BSX|SYK
2022-09-07,enter,consumer_internet,2.0,0.7687937062937061,PINS|SNAP|UBER
2022-09-08,exit,consumer_staples,13.0,0.5708041958041957,KR|MCD|PEP
2022-09-08,exit,consumer_internet,27.0,0.3758741258741259,PINS|SNAP|UBER
2022-09-08,enter,regional_banks,3.0,0.8164335664335666,HBAN|KEY|USB
2022-09-09,exit,insurance,28.0,0.3789335664335664,PGR|MET|CB
2022-09-09,exit,mega_banks,16.0,0.5681818181818182,MS|GS|JPM
2022-09-09,exit,pharma,30.0,0.32255244755244755,GILD|ABBV|JNJ
2022-09-09,exit,regional_banks,18.0,0.5445804195804196,HBAN|KEY|USB
2022-09-09,enter,cloud,1.0,0.791958041958042,ZS|DOCU|NOW
2022-09-09,enter,travel,2.0,0.7683566433566434,UBER|ABNB|HLT
2022-09-09,enter,fintech,3.0,0.7316433566433566,HOOD|COIN|GPN
2022-09-12,enter,payments,1.0,0.7788461538461539,GPN|AXP|PYPL
2022-09-13,exit,payments,9.0,0.6236888111888111,GPN|AXP|PYPL
2022-09-13,enter,biotech,1.0,0.7465034965034965,RXRX|NTLA|REGN
2022-09-13,enter,autos,2.0,0.7277097902097903,RIVN|TSLA|GM
2022-09-14,exit,medtech,23.0,0.4798951048951049,JNJ|BSX|SYK
2022-09-14,exit,cloud,11.0,0.5625,ZS|DOCU|NOW
2022-09-14,enter,oil_exploration,3.0,0.7473776223776224,APA|COP|EOG
2022-09-15,exit,oil_exploration,17.0,0.5721153846153846,APA|COP|EOG
2022-09-16,exit,travel,17.0,0.5332167832167831,UBER|ABNB|HLT
2022-09-16,exit,fintech,24.0,0.38811188811188807,HOOD|COIN|GPN
2022-09-16,enter,pharma,3.0,0.7744755244755244,ABBV|JNJ|MRK
2022-09-19,exit,biotech,12.0,0.6013986013986015,RXRX|NTLA|REGN
2022-09-19,exit,autos,10.0,0.6477272727272727,RIVN|TSLA|GM
2022-09-19,exit,pharma,13.0,0.5869755244755245,ABBV|JNJ|MRK
2022-09-19,enter,insurance,1.0,0.7919580419580421,ALL|PGR|TRV
2022-09-19,enter,regional_banks,2.0,0.7792832167832169,HBAN|PNC|FITB
2022-09-19,enter,restaurants,3.0,0.7701048951048951,DRI|SBUX|TXRH
2022-09-20,exit,insurance,10.0,0.6555944055944056,ALL|PGR|TRV
2022-09-20,exit,regional_banks,9.0,0.6564685314685316,HBAN|PNC|FITB
2022-09-20,enter,biotech,1.0,0.8522727272727273,ABBV|VRTX|CRSP
2022-09-20,enter,defense,2.0,0.8103146853146854,NOC|LMT|LDOS
2022-09-20,enter,consumer,3.0,0.7644230769230769,DRI|SBUX|YUM
2022-09-21,exit,biotech,20.0,0.5148601398601398,ABBV|VRTX|CRSP
2022-09-22,exit,restaurants,12.0,0.5354020979020979,DRI|SBUX|TXRH
2022-09-22,exit,consumer,23.0,0.43706293706293703,DRI|SBUX|YUM
2022-09-22,enter,pharma,1.0,0.8395979020979021,MRK|LLY|ABBV
2022-09-22,enter,consumer_staples,2.0,0.7958916083916083,PEP|MDLZ|WMT
2022-09-23,enter,gold,3.0,0.7246503496503496,GLD|FNV|NEM
2022-09-26,exit,gold,21.0,0.48339160839160844,GLD|FNV|NEM
2022-09-26,enter,retail,2.0,0.7998251748251747,DG|WMT|DLTR
2022-09-26,enter,china_internet,3.0,0.7517482517482517,TCOM|YMM|NTES
2022-09-27,exit,defense,30.0,0.3828671328671328,NOC|LMT|LDOS
2022-09-27,exit,retail,19.0,0.472027972027972,DG|WMT|DLTR
2022-09-27,exit,china_internet,13.0,0.5332167832167832,TCOM|YMM|NTES
2022-09-27,enter,workflow_software,2.0,0.7172202797202799,CRM|WDAY|PATH
2022-09-27,enter,business_apps,3.0,0.7102272727272727,CRM|MSFT|ADSK
2022-09-28,exit,consumer_staples,19.0,0.5091783216783217,PEP|MDLZ|WMT
2022-09-28,exit,workflow_software,12.0,0.5786713286713286,CRM|WDAY|PATH
2022-09-28,enter,gold,2.0,0.7526223776223776,GLD|NEM|GOLD
2022-09-28,enter,consumer_internet,3.0,0.7049825174825175,NFLX|DUOL|GOOGL
2022-09-29,exit,business_apps,18.0,0.5703671328671328,CRM|MSFT|ADSK
2022-09-29,exit,consumer_internet,14.0,0.597027972027972,NFLX|DUOL|GOOGL
2022-09-29,enter,vertical_software,1.0,0.7666083916083917,PLTR|CDNS|LDOS
2022-09-29,enter,biotech,2.0,0.7521853146853147,BIIB|VRTX|ALNY
2022-09-30,exit,pharma,21.0,0.47115384615384615,MRK|LLY|ABBV
2022-09-30,enter,nuclear,1.0,0.7993881118881118,DNN|LEU|UUUU
2022-10-03,exit,biotech,16.0,0.5441433566433567,BIIB|VRTX|ALNY
2022-10-03,exit,nuclear,13.0,0.5620629370629371,DNN|LEU|UUUU
2022-10-03,enter,oil_exploration,2.0,0.7740384615384616,DVN|EOG|APA
2022-10-03,enter,cybersecurity,3.0,0.7032342657342657,FTNT|ZS|AKAM
2022-10-04,exit,vertical_software,24.0,0.48076923076923067,PLTR|CDNS|LDOS
2022-10-04,exit,cybersecurity,17.0,0.541958041958042,FTNT|ZS|AKAM
2022-10-04,enter,regional_banks,2.0,0.7207167832167832,HBAN|PNC|FITB
2022-10-05,exit,gold,9.0,0.5777972027972028,GLD|NEM|GOLD
2022-10-05,exit,regional_banks,15.0,0.5227272727272728,HBAN|PNC|FITB
2022-10-05,enter,ai_infrastructure,2.0,0.7858391608391608,MRVL|SMCI|MU
2022-10-05,enter,semis,3.0,0.7495629370629371,MRVL|SMCI|MU
2022-10-06,enter,data_centers,2.0,0.721153846153846,WDC|NTAP|VRT
2022-10-07,exit,ai_infrastructure,17.0,0.5091783216783217,MRVL|SMCI|MU
2022-10-07,exit,semis,10.0,0.5550699300699301,MRVL|SMCI|MU
2022-10-07,enter,medtech,2.0,0.7766608391608392,DXCM|BSX|EXAS
2022-10-07,enter,defense,3.0,0.7119755244755244,LHX|AXON|NOC
2022-10-10,exit,oil_exploration,13.0,0.6162587412587412,DVN|EOG|APA
2022-10-10,exit,data_centers,21.0,0.5017482517482518,WDC|NTAP|VRT
2022-10-10,exit,medtech,11.0,0.631118881118881,DXCM|BSX|EXAS
2022-10-10,enter,aerospace,2.0,0.7298951048951049,LHX|NOC|HWM
2022-10-10,enter,restaurants,3.0,0.7272727272727273,DRI|TXRH|SBUX
2022-10-11,enter,consumer_staples,1.0,0.7714160839160839,KR|WMT|DLTR
2022-10-11,enter,pharma,2.0,0.7674825174825175,AMGN|MRK|GILD
2022-10-12,exit,defense,9.0,0.5979020979020979,LHX|AXON|NOC
2022-10-12,exit,pharma,10.0,0.5926573426573427,AMGN|MRK|GILD
2022-10-12,enter,consumer,3.0,0.7342657342657343,TXRH|CMG|DRI
2022-10-13,enter,insurance,1.0,0.8365384615384615,TRV|ALL|CB
2022-10-13,enter,mega_banks,2.0,0.7753496503496503,JPM|BAC|GS
2022-10-13,enter,regional_banks,3.0,0.7508741258741258,FITB|HBAN|COF
2022-10-14,exit,insurance,9.0,0.666083916083916,TRV|ALL|CB
2022-10-17,exit,aerospace,24.0,0.4715909090909091,LHX|NOC|HWM
2022-10-17,exit,consumer_staples,22.0,0.5043706293706294,KR|WMT|DLTR
2022-10-17,exit,regional_banks,11.0,0.6503496503496503,FITB|HBAN|COF
2022-10-17,enter,pharma,2.0,0.7338286713286712,AMGN|MRK|ABBV
2022-10-17,enter,medtech,3.0,0.7329545454545454,SYK|JNJ|EW
2022-10-18,exit,consumer,12.0,0.6748251748251748,TXRH|CMG|DRI
2022-10-18,exit,pharma,28.0,0.4471153846153846,AMGN|MRK|ABBV
2022-10-18,exit,medtech,18.0,0.5664335664335665,SYK|JNJ|EW
2022-10-18,enter,payments,2.0,0.7565559440559442,AXP|XYZ|COF
2022-10-18,enter,asset_managers,3.0,0.7373251748251748,GS|BX|BLK
2022-10-19,exit,restaurants,19.0,0.5301573426573427,DRI|TXRH|SBUX
2022-10-19,exit,payments,26.0,0.41389860139860135,AXP|XYZ|COF
2022-10-19,exit,asset_managers,16.0,0.5528846153846153,GS|BX|BLK
2022-10-19,enter,defense,1.0,0.7583041958041958,LMT|HWM|GD
2022-10-19,enter,aerospace,2.0,0.7574300699300699,LMT|GD|HWM
2022-10-19,enter,insurance,3.0,0.7180944055944056,TRV|AIG|CB
2022-10-20,exit,mega_banks,17.0,0.5480769230769231,JPM|BAC|GS
2022-10-20,exit,defense,11.0,0.6612762237762237,LMT|HWM|GD
2022-10-20,exit,insurance,31.0,0.28452797202797203,TRV|AIG|CB
2022-10-20,enter,cloud,1.0,0.8085664335664335,ORCL|ZM|AMZN
2022-10-20,enter,cybersecurity,2.0,0.7451923076923076,FTNT|AKAM|OKTA
2022-10-20,enter,ai_infrastructure,3.0,0.7325174825174825,VRT|SMCI|NVDA
2022-10-21,exit,aerospace,18.0,0.5052447552447552,LMT|GD|HWM
2022-10-21,exit,cloud,12.0,0.5638111888111889,ORCL|ZM|AMZN
2022-10-21,enter,nuclear,1.0,0.7237762237762237,UEC|UUUU|LEU
2022-10-21,enter,data_centers,3.0,0.7176573426573427,SMCI|VRT|PSTG
2022-10-24,exit,cybersecurity,11.0,0.5550699300699301,FTNT|AKAM|OKTA
2022-10-24,exit,nuclear,24.0,0.41083916083916083,UEC|UUUU|LEU
2022-10-24,enter,defense,1.0,0.785402097902098,LMT|AXON|LHX
2022-10-24,enter,consumer_staples,2.0,0.7451923076923077,DLTR|WMT|COST
2022-10-24,enter,aerospace,3.0,0.7438811188811187,LMT|HEI|HWM
2022-10-25,exit,defense,14.0,0.5756118881118881,LMT|AXON|LHX
2022-10-25,exit,aerospace,19.0,0.48164335664335667,LMT|HEI|HWM
2022-10-25,enter,fintech,1.0,0.6791958041958043,SOFI|COIN|V
2022-10-25,enter,business_apps,3.0,0.6691433566433568,ADBE|ORCL|ADSK
2022-10-26,exit,ai_infrastructure,16.0,0.5327797202797202,VRT|SMCI|NVDA
2022-10-26,exit,data_centers,17.0,0.49737762237762234,SMCI|VRT|PSTG
2022-10-26,exit,business_apps,26.0,0.41520979020979026,ADBE|ORCL|ADSK
2022-10-26,enter,uranium,1.0,0.7211538461538461,UUUU|NXE|LEU
2022-10-26,enter,gold,2.0,0.7159090909090909,AEM|GOLD|NEM
2022-10-26,enter,biotech,3.0,0.6590909090909091,MRNA|AMGN|RXRX
2022-10-27,exit,uranium,29.0,0.3767482517482518,UUUU|NXE|LEU
2022-10-27,exit,gold,22.0,0.45148601398601396,AEM|GOLD|NEM
2022-10-27,exit,biotech,20.0,0.5026223776223776,MRNA|AMGN|RXRX
2022-10-27,enter,asset_managers,1.0,0.7451923076923076,SCHW|BLK|BX
2022-10-27,enter,cybersecurity,2.0,0.7316433566433566,CHKP|TENB|FTNT
2022-10-27,enter,robotics,3.0,0.7242132867132868,CAT|HON|OUST
2022-10-28,exit,fintech,11.0,0.6350524475524475,SOFI|COIN|V
2022-10-28,exit,cybersecurity,17.0,0.5550699300699301,CHKP|TENB|FTNT
2022-10-28,exit,robotics,13.0,0.6210664335664335,CAT|HON|OUST
2022-10-28,enter,biotech,3.0,0.7272727272727273,GILD|AMGN|MRNA
2022-10-31,exit,consumer_staples,18.0,0.5297202797202798,DLTR|WMT|COST
2022-10-31,exit,asset_managers,11.0,0.6293706293706294,SCHW|BLK|BX
2022-10-31,enter,cybersecurity,1.0,0.7805944055944056,CHKP|FTNT|TENB
2022-10-31,enter,medtech,2.0,0.7552447552447553,DXCM|ISRG|SYK
2022-10-31,enter,fintech,3.0,0.7333916083916083,HOOD|SCHW|V
2022-11-01,exit,cybersecurity,22.0,0.4436188811188811,CHKP|FTNT|TENB
2022-11-01,exit,medtech,10.0,0.5852272727272727,DXCM|ISRG|SYK
2022-11-01,exit,fintech,23.0,0.4396853146853147,HOOD|SCHW|V
2022-11-01,enter,asset_managers,2.0,0.7775349650349651,MS|KKR|GS
2022-11-01,enter,china_internet,3.0,0.7657342657342658,FUTU|PDD|TCOM
2022-11-02,exit,china_internet,16.0,0.5747377622377623,FUTU|PDD|TCOM
2022-11-02,enter,mega_banks,2.0,0.791958041958042,MS|GS|WFC
2022-11-02,enter,insurance,3.0,0.7849650349650349,AIG|MET|PGR
2022-11-03,exit,asset_managers,26.0,0.3859265734265734,MS|KKR|GS
2022-11-03,exit,mega_banks,22.0,0.46459790209790214,MS|GS|WFC
2022-11-03,enter,china_internet,2.0,0.7552447552447553,TCOM|FUTU|PDD
2022-11-03,enter,aerospace,3.0,0.7460664335664335,BA|HON|GE
2022-11-04,exit,biotech,20.0,0.4768356643356644,GILD|AMGN|MRNA
2022-11-04,exit,insurance,22.0,0.4619755244755245,AIG|MET|PGR
2022-11-04,exit,aerospace,14.0,0.5804195804195805,BA|HON|GE
2022-11-04,enter,oil_exploration,2.0,0.7657342657342657,EOG|APA|USO
2022-11-04,enter,mega_banks,3.0,0.6966783216783217,GS|JPM|WFC
2022-11-07,enter,semis,1.0,0.7399475524475525,KLAC|AMAT|MCHP
2022-11-08,exit,china_internet,18.0,0.493006993006993,TCOM|FUTU|PDD
2022-11-08,exit,oil_exploration,16.0,0.5166083916083916,EOG|APA|USO
2022-11-08,enter,ai_infrastructure,2.0,0.7701048951048951,AMAT|NVDA|AMD
2022-11-08,enter,gold,3.0,0.7395104895104895,FNV|WPM|GLD
2022-11-09,exit,mega_banks,27.0,0.44274475524475526,GS|JPM|WFC
2022-11-09,exit,semis,11.0,0.5708041958041958,KLAC|AMAT|MCHP
2022-11-09,exit,ai_infrastructure,22.0,0.45891608391608385,AMAT|NVDA|AMD
2022-11-09,enter,biotech,1.0,0.7819055944055944,AMGN|GILD|EXAS
2022-11-09,enter,pharma,3.0,0.7652972027972029,AMGN|GILD|BMY
2022-11-10,exit,biotech,25.0,0.4466783216783217,AMGN|GILD|EXAS
2022-11-10,exit,pharma,33.0,0.2652972027972028,AMGN|GILD|BMY
2022-11-10,enter,semis,1.0,0.7744755244755245,MCHP|LRCX|TSM
2022-11-10,enter,asset_managers,2.0,0.7722902097902098,TROW|BX|BLK
2022-11-11,exit,gold,11.0,0.6525349650349651,FNV|WPM|GLD
2022-11-11,enter,workflow_software,1.0,0.7858391608391609,DOCU|PATH|WDAY
2022-11-11,enter,cybersecurity,3.0,0.7805944055944056,NET|OKTA|FTNT
2022-11-14,exit,asset_managers,19.0,0.5625,TROW|BX|BLK
2022-11-14,exit,workflow_software,12.0,0.6145104895104896,DOCU|PATH|WDAY
2022-11-14,enter,biotech,1.0,0.7089160839160839,RXRX|CRSP|BIIB
2022-11-14,enter,china_internet,2.0,0.707604895104895,FUTU|YMM|JD
2022-11-14,enter,vertical_software,3.0,0.679632867132867,CDNS|ADSK|PLTR
2022-11-15,exit,cybersecurity,10.0,0.6398601398601399,NET|OKTA|FTNT
2022-11-15,exit,biotech,29.0,0.3417832167832168,RXRX|CRSP|BIIB
2022-11-15,exit,vertical_software,12.0,0.6298076923076923,CDNS|ADSK|PLTR
2022-11-15,enter,workflow_software,2.0,0.8129370629370629,PATH|DOCU|WDAY
2022-11-15,enter,consumer_internet,3.0,0.8002622377622378,TME|BILI|BABA
2022-11-16,exit,semis,9.0,0.6368006993006994,MCHP|LRCX|TSM
2022-11-16,exit,workflow_software,14.0,0.6079545454545454,PATH|DOCU|WDAY
2022-11-16,enter,business_apps,1.0,0.736451048951049,HUBS|DOCU|WDAY
2022-11-16,enter,ai_infrastructure,2.0,0.7307692307692308,TSM|NVDA|KLAC
2022-11-16,enter,cloud,3.0,0.7067307692307694,DDOG|NET|DOCU
2022-11-17,exit,business_apps,32.0,0.29108391608391615,HUBS|DOCU|WDAY
2022-11-17,exit,cloud,16.0,0.5467657342657343,DDOG|NET|DOCU
2022-11-17,enter,semis,1.0,0.7902097902097901,TSM|SMCI|AMD
2022-11-18,exit,china_internet,9.0,0.638548951048951,FUTU|YMM|JD
2022-11-18,exit,consumer_internet,15.0,0.534965034965035,TME|BILI|BABA
2022-11-18,exit,ai_infrastructure,16.0,0.5288461538461539,TSM|NVDA|KLAC
2022-11-18,exit,semis,14.0,0.5611888111888111,TSM|SMCI|AMD
2022-11-18,enter,consumer_staples,1.0,0.7766608391608393,WMT|KR|CL
2022-11-18,enter,pharma,2.0,0.756993006993007,MRK|JNJ|ABBV
2022-11-18,enter,insurance,3.0,0.7478146853146852,PGR|MET|TRV
2022-11-22,exit,consumer_staples,13.0,0.5310314685314687,WMT|KR|CL
2022-11-22,enter,gold,1.0,0.7163461538461539,PAAS|WPM|FNV
2022-11-22,enter,mega_banks,2.0,0.6975524475524475,JPM|C|AXP
2022-11-23,exit,pharma,9.0,0.6223776223776223,MRK|JNJ|ABBV
2022-11-23,exit,mega_banks,17.0,0.49344405594405594,JPM|C|AXP
2022-11-23,enter,consumer,1.0,0.6835664335664335,DPZ|SBUX|YUM
2022-11-23,enter,data_centers,2.0,0.6573426573426573,SMCI|DELL|CSCO
2022-11-23,enter,medtech,3.0,0.6555944055944057,JNJ|SYK|BSX
2022-11-25,exit,gold,14.0,0.5856643356643357,PAAS|WPM|FNV
2022-11-25,exit,data_centers,13.0,0.6075174825174825,SMCI|DELL|CSCO
2022-11-25,enter,pharma,1.0,0.860576923076923,NVO|GILD|MRK
2022-11-25,enter,mega_banks,3.0,0.7517482517482518,GS|JPM|WFC
2022-11-28,exit,medtech,10.0,0.6206293706293706,JNJ|SYK|BSX
2022-11-28,exit,mega_banks,11.0,0.6197552447552447,GS|JPM|WFC
2022-11-28,enter,robotics,2.0,0.791958041958042,DE|SYM|CGNX
2022-11-28,enter,consumer_staples,3.0,0.7456293706293706,PG|KO|WMT
2022-11-29,exit,consumer,13.0,0.5620629370629371,DPZ|SBUX|YUM
2022-11-29,exit,pharma,11.0,0.6241258741258742,NVO|GILD|MRK
2022-11-29,exit,robotics,12.0,0.5777972027972028,DE|SYM|CGNX
2022-11-29,exit,consumer_staples,28.0,0.38286713286713286,PG|KO|WMT
2022-11-29,enter,china_internet,1.0,0.8103146853146853,YMM|TME|PDD
2022-11-29,enter,gold,2.0,0.7604895104895104,AEM|FNV|NEM
2022-11-29,enter,regional_banks,3.0,0.7548076923076924,USB|HBAN|PNC
2022-11-30,exit,insurance,16.0,0.5441433566433567,PGR|MET|TRV
2022-11-30,exit,gold,22.0,0.50743006993007,AEM|FNV|NEM
2022-11-30,exit,regional_banks,25.0,0.49125874125874125,USB|HBAN|PNC
2022-11-30,enter,consumer_internet,2.0,0.7198426573426573,BILI|BABA|BIDU
2022-11-30,enter,business_apps,3.0,0.708041958041958,WDAY|CRM|MSFT
2022-12-01,exit,china_internet,15.0,0.5795454545454546,YMM|TME|PDD
2022-12-01,exit,consumer_internet,9.0,0.6931818181818182,BILI|BABA|BIDU
2022-12-01,exit,business_apps,10.0,0.6848776223776224,WDAY|CRM|MSFT
2022-12-01,enter,cybersecurity,1.0,0.7827797202797203,OKTA|FTNT|TENB
2022-12-01,enter,dev_tools,2.0,0.7731643356643357,CDNS|MDB|SNOW
2022-12-01,enter,gold,3.0,0.7727272727272727,AEM|PAAS|NEM
2022-12-02,exit,cybersecurity,27.0,0.4248251748251748,OKTA|FTNT|TENB
2022-12-02,exit,dev_tools,18.0,0.5677447552447553,CDNS|MDB|SNOW
2022-12-02,exit,gold,16.0,0.5712412587412586,AEM|PAAS|NEM
2022-12-02,enter,china_internet,1.0,0.9086538461538461,BILI|YMM|FUTU
2022-12-02,enter,consumer_internet,2.0,0.8164335664335666,BILI|TME|BABA
2022-12-02,enter,workflow_software,3.0,0.7482517482517482,PATH|WDAY|TEAM
2022-12-05,exit,workflow_software,23.0,0.4156468531468532,PATH|WDAY|TEAM
2022-12-05,enter,travel,3.0,0.7067307692307692,TCOM|BKNG|MAR
2022-12-06,exit,travel,16.0,0.555944055944056,TCOM|BKNG|MAR
2022-12-06,enter,medtech,2.0,0.8085664335664335,EXAS|DXCM|TMO
2022-12-07,exit,consumer_internet,19.0,0.4676573426573426,BILI|TME|BABA
2022-12-07,enter,gold,1.0,0.8465909090909091,AEM|WPM|GLD
2022-12-07,enter,pharma,2.0,0.8076923076923077,ABBV|MRK|GILD
2022-12-07,enter,biotech,3.0,0.7736013986013985,ALNY|ABBV|REGN
2022-12-08,exit,gold,25.0,0.4453671328671329,AEM|WPM|GLD
2022-12-08,enter,dev_tools,3.0,0.6748251748251749,MDB|TEAM|PTC
2022-12-09,exit,biotech,30.0,0.40646853146853146,ALNY|ABBV|REGN
2022-12-12,exit,china_internet,22.0,0.45979020979020974,BILI|YMM|FUTU
2022-12-12,exit,pharma,19.0,0.5218531468531468,ABBV|MRK|GILD
2022-12-12,enter,cloud,1.0,0.8181818181818182,DOCU|MDB|TEAM
2022-12-12,enter,business_apps,3.0,0.7827797202797203,DOCU|AI|HUBS
2022-12-13,enter,workflow_software,3.0,0.7539335664335665,DOCU|TEAM|HUBS
2022-12-14,exit,medtech,15.0,0.5786713286713286,EXAS|DXCM|TMO
2022-12-15,enter,ai_apps,1.0,0.7482517482517482,PINS|DUOL|HUBS
2022-12-15,enter,oil_exploration,3.0,0.7010489510489512,APA|USO|EOG
2022-12-16,exit,cloud,13.0,0.610576923076923,DOCU|MDB|TEAM
2022-12-16,exit,ai_apps,23.0,0.47290209790209786,PINS|DUOL|HUBS
2022-12-16,exit,oil_exploration,11.0,0.6263111888111889,APA|USO|EOG
2022-12-16,enter,biotech,1.0,0.8090034965034965,EXAS|GILD|ALNY
2022-12-16,enter,uranium,3.0,0.7229020979020979,DNN|UUUU|CCJ
2022-12-19,exit,dev_tools,27.0,0.38155594405594406,MDB|TEAM|PTC
2022-12-19,exit,business_apps,14.0,0.5799825174825175,DOCU|AI|HUBS
2022-12-19,exit,workflow_software,18.0,0.5345279720279721,DOCU|TEAM|HUBS
2022-12-19,exit,biotech,13.0,0.6346153846153847,EXAS|GILD|ALNY
2022-12-19,exit,uranium,24.0,0.4781468531468532,DNN|UUUU|CCJ
2022-12-19,enter,defense,1.0,0.7399475524475525,NOC|BA|KTOS
2022-12-19,enter,medtech,2.0,0.7102272727272727,EXAS|BSX|JNJ
2022-12-19,enter,insurance,3.0,0.7071678321678321,ALL|AIG|TRV
2022-12-20,exit,medtech,10.0,0.6599650349650349,EXAS|BSX|JNJ
2022-12-20,enter,gold,1.0,0.8046328671328673,GLD|NEM|WPM
2022-12-20,enter,aerospace,2.0,0.763548951048951,BA|LMT|NOC
2022-12-21,exit,gold,15.0,0.5367132867132868,GLD|NEM|WPM
2022-12-21,enter,oil_exploration,1.0,0.7884615384615384,APA|COP|USO
2022-12-21,enter,nuclear,2.0,0.7657342657342657,DNN|UEC|VST
2022-12-21,enter,uranium,3.0,0.7272727272727273,DNN|UEC|UUUU
2022-12-22,exit,defense,21.0,0.5109265734265734,NOC|BA|KTOS
2022-12-22,exit,aerospace,10.0,0.6538461538461539,BA|LMT|NOC
2022-12-22,exit,oil_exploration,23.0,0.47858391608391615,APA|COP|USO
2022-12-22,exit,uranium,11.0,0.6494755244755245,DNN|UEC|UUUU
2022-12-22,enter,biotech,1.0,0.7827797202797202,EXAS|MRNA|ALNY
2022-12-22,enter,medtech,2.0,0.7709790209790209,EXAS|MDT|JNJ
2022-12-22,enter,china_internet,3.0,0.7194055944055944,TME|KWEB|BABA
2022-12-23,exit,biotech,32.0,0.2810314685314685,EXAS|MRNA|ALNY
2022-12-23,exit,medtech,23.0,0.4375,EXAS|MDT|JNJ
2022-12-23,exit,china_internet,30.0,0.3081293706293706,TME|KWEB|BABA
2022-12-23,enter,oil_exploration,1.0,0.777534965034965,APA|USO|COP
2022-12-23,enter,gold,3.0,0.7246503496503497,PAAS|NEM|AEM
2022-12-27,exit,insurance,11.0,0.6153846153846154,ALL|AIG|TRV
2022-12-27,enter,uranium,2.0,0.7456293706293706,UEC|CCJ|NXE
2022-12-28,exit,oil_exploration,11.0,0.6022727272727273,APA|USO|COP
2022-12-28,exit,gold,29.0,0.43706293706293703,PAAS|NEM|AEM
2022-12-28,enter,defense,1.0,0.7543706293706294,NOC|KTOS|TDG
2022-12-28,enter,mega_banks,2.0,0.7508741258741259,C|JPM|BAC
2022-12-29,exit,nuclear,15.0,0.5895979020979021,DNN|UEC|VST
2022-12-29,exit,defense,10.0,0.6215034965034965,NOC|KTOS|TDG
2022-12-29,exit,mega_banks,11.0,0.6210664335664337,C|JPM|BAC
2022-12-29,enter,payments,1.0,0.7425699300699301,GPN|PYPL|COF
2022-12-29,enter,fintech,2.0,0.7399475524475525,GPN|SCHW|PYPL
2022-12-29,enter,consumer_internet,3.0,0.7145979020979021,BILI|BKNG|NTES
2022-12-30,exit,fintech,22.0,0.46241258741258745,GPN|SCHW|PYPL
2022-12-30,enter,defense,1.0,0.8020104895104895,KTOS|NOC|RTX
2022-12-30,enter,aerospace,2.0,0.7958916083916083,NOC|ASTS|RTX
2022-12-30,enter,oil_exploration,3.0,0.763548951048951,USO|APA|COP
2023-01-03,exit,uranium,16.0,0.604458041958042,UEC|CCJ|NXE
2023-01-03,exit,defense,19.0,0.5839160839160839,KTOS|NOC|RTX
2023-01-03,exit,aerospace,15.0,0.6088286713286712,NOC|ASTS|RTX
2023-01-03,exit,oil_exploration,34.0,0.23645104895104893,USO|APA|COP
2023-01-03,enter,china_internet,1.0,0.8308566433566434,BILI|NTES|BABA
2023-01-03,enter,regional_banks,3.0,0.7395104895104895,USB|KEY|PNC
2023-01-04,enter,fintech,2.0,0.7998251748251748,PYPL|COIN|SOFI
2023-01-05,exit,payments,9.0,0.6333041958041957,GPN|PYPL|COF
2023-01-05,exit,regional_banks,17.0,0.5131118881118881,USB|KEY|PNC
2023-01-05,exit,fintech,11.0,0.5874125874125874,PYPL|COIN|SOFI
2023-01-05,enter,aerospace,2.0,0.7784090909090909,GE|RKLB|BA
2023-01-06,exit,china_internet,23.0,0.47027972027972037,BILI|NTES|BABA
2023-01-06,enter,semis,1.0,0.7508741258741258,MU|TXN|AVGO
2023-01-06,enter,travel,2.0,0.7194055944055943,BKNG|TCOM|EXPE
2023-01-06,enter,ai_infrastructure,3.0,0.715034965034965,MU|AVGO|DELL
2023-01-09,exit,aerospace,30.0,0.3688811188811189,GE|RKLB|BA
2023-01-09,exit,ai_infrastructure,9.0,0.631555944055944,MU|AVGO|DELL
2023-01-09,enter,fintech,1.0,0.7320804195804195,XYZ|MA|COIN
2023-01-09,enter,china_internet,2.0,0.7132867132867133,BABA|PDD|YMM
2023-01-09,enter,asset_managers,3.0,0.7128496503496503,BLK|KKR|BX
2023-01-10,exit,travel,15.0,0.5541958041958042,BKNG|TCOM|EXPE
2023-01-10,exit,china_internet,9.0,0.6092657342657343,BABA|PDD|YMM
2023-01-11,exit,consumer_internet,14.0,0.5332167832167832,BILI|BKNG|NTES
2023-01-11,enter,payments,2.0,0.7316433566433568,AFRM|MA|COF
2023-01-12,enter,ai_infrastructure,2.0,0.7325174825174825,TSM|AMD|NVDA
2023-01-13,exit,semis,17.0,0.5541958041958043,MU|TXN|AVGO
2023-01-13,exit,asset_managers,13.0,0.6057692307692308,BLK|KKR|BX
2023-01-13,exit,payments,10.0,0.6254370629370629,AFRM|MA|COF
2023-01-13,exit,ai_infrastructure,16.0,0.576048951048951,TSM|AMD|NVDA
2023-01-13,enter,travel,2.0,0.6835664335664334,ABNB|EXPE|UBER
2023-01-13,enter,consumer_internet,3.0,0.6787587412587412,ABNB|AMZN|EXPE
2023-01-17,exit,travel,9.0,0.6713286713286712,ABNB|EXPE|UBER
2023-01-17,exit,consumer_internet,13.0,0.6035839160839161,ABNB|AMZN|EXPE
2023-01-17,enter,cybersecurity,2.0,0.8068181818181818,ZS|NET|CHKP
2023-01-17,enter,payments,3.0,0.7600524475524475,XYZ|GPN|AFRM
2023-01-18,enter,travel,2.0,0.7119755244755245,ABNB|MAR|EXPE
2023-01-19,exit,cybersecurity,12.0,0.6175699300699299,ZS|NET|CHKP
2023-01-19,enter,consumer_internet,1.0,0.7569930069930072,EXPE|DUOL|GOOGL
2023-01-19,enter,oil_exploration,2.0,0.7565559440559442,EOG|USO|APA
2023-01-20,exit,oil_exploration,11.0,0.6368006993006994,EOG|USO|APA
2023-01-23,exit,travel,16.0,0.5607517482517482,ABNB|MAR|EXPE
2023-01-23,exit,consumer_internet,14.0,0.6153846153846154,EXPE|DUOL|GOOGL
2023-01-23,enter,business_apps,1.0,0.7775349650349651,AI|ADBE|HUBS
2023-01-23,enter,semis,2.0,0.7460664335664335,QCOM|TSM|NVDA
2023-01-23,enter,cybersecurity,3.0,0.7347027972027973,ZS|TENB|FTNT
2023-01-24,exit,fintech,23.0,0.4908216783216784,XYZ|MA|COIN
2023-01-24,exit,payments,13.0,0.5987762237762237,XYZ|GPN|AFRM
2023-01-24,exit,cybersecurity,16.0,0.5559440559440559,ZS|TENB|FTNT
2023-01-24,enter,data_centers,1.0,0.7390734265734266,NVDA|STX|ANET
2023-01-24,enter,travel,3.0,0.681818181818182,EXPE|MAR|TCOM
2023-01-25,exit,business_apps,10.0,0.6206293706293706,AI|ADBE|HUBS
2023-01-25,exit,semis,11.0,0.6171328671328672,QCOM|TSM|NVDA
2023-01-25,exit,data_centers,21.0,0.4877622377622377,NVDA|STX|ANET
2023-01-25,enter,uranium,1.0,0.8046328671328672,DNN|UUUU|CCJ
2023-01-25,enter,nuclear,2.0,0.7814685314685316,DNN|UUUU|CCJ
2023-01-25,enter,gold,3.0,0.7574300699300699,NEM|WPM|AEM
2023-01-26,exit,travel,14.0,0.5826048951048951,EXPE|MAR|TCOM
2023-01-26,exit,uranium,16.0,0.5703671328671329,DNN|UUUU|CCJ
2023-01-26,exit,nuclear,21.0,0.5034965034965034,DNN|UUUU|CCJ
2023-01-26,exit,gold,34.0,0.20323426573426576,NEM|WPM|AEM
2023-01-26,enter,semis,1.0,0.7849650349650349,NVDA|ON|TER
2023-01-26,enter,ai_apps,2.0,0.7556818181818182,TSLA|AI|CRM
2023-01-26,enter,workflow_software,3.0,0.7425699300699301,HUBS|CRM|NOW
2023-01-27,exit,semis,16.0,0.5930944055944057,NVDA|ON|TER
2023-01-27,exit,workflow_software,9.0,0.659965034965035,HUBS|CRM|NOW
2023-01-27,enter,autos,1.0,0.7932692307692308,LCID|TSLA|RIVN
2023-01-27,enter,uranium,2.0,0.7906468531468531,UEC|LEU|UUUU
2023-01-27,enter,nuclear,3.0,0.7762237762237763,UEC|LEU|UUUU
2023-01-30,exit,autos,9.0,0.6735139860139859,LCID|TSLA|RIVN
2023-01-30,enter,consumer_staples,3.0,0.7281468531468532,TGT|COST|MCD
2023-01-31,exit,ai_apps,12.0,0.6158216783216783,TSLA|AI|CRM
2023-01-31,exit,uranium,19.0,0.5388986013986014,UEC|LEU|UUUU
2023-01-31,exit,nuclear,26.0,0.45935314685314677,UEC|LEU|UUUU
2023-01-31,exit,consumer_staples,17.0,0.5559440559440559,TGT|COST|MCD
2023-01-31,enter,regional_banks,1.0,0.8409090909090909,COF|KEY|HBAN
2023-01-31,enter,mega_banks,2.0,0.7368881118881119,AXP|WFC|C
2023-01-31,enter,cloud,3.0,0.7058566433566432,DLR|NET|ZM
2023-02-01,exit,regional_banks,32.0,0.3413461538461538,COF|KEY|HBAN
2023-02-01,exit,mega_banks,27.0,0.3937937062937063,AXP|WFC|C
2023-02-01,enter,business_apps,1.0,0.826923076923077,AI|ADSK|ADBE
2023-02-01,enter,workflow_software,2.0,0.7888986013986015,PATH|ZM|WDAY
2023-02-01,enter,cybersecurity,3.0,0.7613636363636364,TENB|OKTA|NET
2023-02-02,enter,ai_apps,3.0,0.7604895104895104,AI|META|PLTR
2023-02-03,exit,workflow_software,13.0,0.6232517482517483,PATH|ZM|WDAY
2023-02-03,exit,cybersecurity,20.0,0.5546328671328672,TENB|OKTA|NET
2023-02-03,enter,medtech,3.0,0.7237762237762239,BSX|SYK|EW
2023-02-06,exit,medtech,25.0,0.47989510489510484,BSX|SYK|EW
2023-02-06,enter,vertical_software,2.0,0.7194055944055943,PLTR|ADSK|CDNS
2023-02-07,exit,business_apps,9.0,0.6577797202797202,AI|ADSK|ADBE
2023-02-07,exit,vertical_software,15.0,0.548951048951049,PLTR|ADSK|CDNS
2023-02-07,enter,workflow_software,1.0,0.7727272727272727,ZM|TEAM|PATH
2023-02-07,enter,ai_infrastructure,2.0,0.7578671328671328,NVDA|AMD|MPWR
2023-02-07,enter,semis,3.0,0.7543706293706294,ON|NVDA|MCHP
2023-02-08,exit,cloud,20.0,0.5314685314685315,DLR|NET|ZM
2023-02-08,exit,workflow_software,23.0,0.47989510489510495,ZM|TEAM|PATH
2023-02-08,exit,semis,15.0,0.6031468531468532,ON|NVDA|MCHP
2023-02-08,enter,data_centers,1.0,0.8098776223776223,VRT|SMCI|ETN
2023-02-09,enter,travel,1.0,0.8015734265734266,HLT|UBER|DIS
2023-02-10,exit,ai_apps,30.0,0.3352272727272727,AI|META|PLTR
2023-02-10,exit,ai_infrastructure,17.0,0.5406468531468531,NVDA|AMD|MPWR
2023-02-10,exit,travel,18.0,0.47290209790209786,HLT|UBER|DIS
2023-02-10,enter,oil_exploration,1.0,0.8601398601398601,FANG|EOG|USO
2023-02-10,enter,defense,2.0,0.7521853146853147,RTX|LMT|LDOS
2023-02-10,enter,pharma,3.0,0.7281468531468532,ABBV|MRK|GILD
2023-02-13,exit,oil_exploration,10.0,0.625,FANG|EOG|USO
2023-02-13,exit,defense,15.0,0.5747377622377622,RTX|LMT|LDOS
2023-02-13,enter,ai_infrastructure,1.0,0.7657342657342658,NET|MPWR|DELL
2023-02-13,enter,consumer_staples,2.0,0.7124125874125874,WMT|PEP|KO
2023-02-14,exit,data_centers,9.0,0.6464160839160839,VRT|SMCI|ETN
2023-02-14,exit,pharma,16.0,0.520104895104895,ABBV|MRK|GILD
2023-02-14,exit,consumer_staples,15.0,0.5358391608391608,WMT|PEP|KO
2023-02-14,enter,dev_tools,2.0,0.7355769230769231,CDNS|DDOG|SNOW
2023-02-14,enter,aerospace,3.0,0.7320804195804195,HWM|NOC|ASTS
2023-02-15,exit,ai_infrastructure,9.0,0.6643356643356644,NET|MPWR|DELL
2023-02-15,enter,cybersecurity,3.0,0.7591783216783217,PANW|NET|CRWD
2023-02-16,exit,dev_tools,25.0,0.4580419580419581,CDNS|DDOG|SNOW
2023-02-16,exit,cybersecurity,21.0,0.493444055944056,PANW|NET|CRWD
2023-02-16,enter,defense,1.0,0.7867132867132868,PLTR|HWM|LDOS
2023-02-16,enter,vertical_software,2.0,0.7333916083916083,CDNS|PLTR|LDOS
2023-02-16,enter,data_centers,3.0,0.7054195804195803,CSCO|SMCI|VRT
2023-02-17,exit,data_centers,22.0,0.5209790209790209,CSCO|SMCI|VRT
2023-02-17,enter,consumer_staples,2.0,0.8037587412587412,MDLZ|WMT|MCD
2023-02-21,exit,vertical_software,10.0,0.6682692307692308,CDNS|PLTR|LDOS
2023-02-22,enter,restaurants,3.0,0.6923076923076924,DRI|TXRH|DPZ
2023-02-23,exit,defense,13.0,0.5738636363636364,PLTR|HWM|LDOS
2023-02-23,exit,restaurants,19.0,0.4619755244755245,DRI|TXRH|DPZ
2023-02-23,enter,mega_banks,1.0,0.7145979020979021,MS|JPM|C
2023-02-23,enter,medtech,2.0,0.6979895104895104,BSX|JNJ|MDT
2023-02-23,enter,pharma,3.0,0.6722027972027972,MRK|ABBV|NVO
2023-02-24,exit,aerospace,21.0,0.5039335664335665,HWM|NOC|ASTS
2023-02-24,exit,medtech,10.0,0.6298076923076924,BSX|JNJ|MDT
2023-02-24,enter,regional_banks,1.0,0.8216783216783218,HBAN|PNC|FITB
2023-02-27,exit,consumer_staples,13.0,0.555944055944056,MDLZ|WMT|MCD
2023-02-27,exit,pharma,9.0,0.6083916083916083,MRK|ABBV|NVO
2023-02-27,exit,regional_banks,21.0,0.4978146853146853,HBAN|PNC|FITB
2023-02-27,enter,oil_exploration,1.0,0.7097902097902098,FANG|USO|OXY
2023-02-27,enter,semis,2.0,0.6966783216783216,SMCI|NVDA|AVGO
2023-02-27,enter,cybersecurity,3.0,0.6896853146853146,CRWD|PANW|TENB
2023-02-28,exit,mega_banks,12.0,0.5891608391608392,MS|JPM|C
2023-02-28,exit,oil_exploration,17.0,0.5633741258741258,FANG|USO|OXY
2023-02-28,enter,regional_banks,1.0,0.8020104895104896,HBAN|PNC|FITB
2023-02-28,enter,workflow_software,2.0,0.7993881118881119,ZM|WDAY|DOCU
2023-02-28,enter,biotech,3.0,0.7062937062937064,NTLA|ABBV|REGN
2023-03-01,exit,cybersecurity,30.0,0.34178321678321677,CRWD|PANW|TENB
2023-03-01,exit,workflow_software,27.0,0.3881118881118881,ZM|WDAY|DOCU
2023-03-01,exit,biotech,10.0,0.6009615384615384,NTLA|ABBV|REGN
2023-03-01,enter,china_internet,1.0,0.8024475524475525,YMM|TCOM|PDD
2023-03-01,enter,oil_exploration,2.0,0.8011363636363635,FANG|USO|APA
2023-03-01,enter,gold,3.0,0.7145979020979021,FNV|WPM|GLD
2023-03-02,exit,semis,11.0,0.5965909090909092,SMCI|NVDA|AVGO
2023-03-02,exit,regional_banks,29.0,0.3693181818181818,HBAN|PNC|FITB
2023-03-02,exit,gold,14.0,0.5515734265734266,FNV|WPM|GLD
2023-03-02,enter,workflow_software,3.0,0.7045454545454546,CRM|WDAY|HUBS
2023-03-03,exit,china_internet,9.0,0.6127622377622377,YMM|TCOM|PDD
2023-03-03,enter,medtech,2.0,0.7194055944055944,EXAS|DXCM|SYK
2023-03-03,enter,gold,3.0,0.673951048951049,FNV|PAAS|GLD
2023-03-06,exit,workflow_software,13.0,0.5804195804195804,CRM|WDAY|HUBS
2023-03-06,exit,medtech,16.0,0.5559440559440559,EXAS|DXCM|SYK
2023-03-06,exit,gold,17.0,0.5463286713286714,FNV|PAAS|GLD
2023-03-06,enter,business_apps,1.0,0.7836538461538461,CRM|AI|DOCU
2023-03-06,enter,consumer_internet,2.0,0.7215909090909091,DUOL|SNAP|META
2023-03-06,enter,ai_apps,3.0,0.6975524475524475,DUOL|AI|SNAP
2023-03-07,exit,oil_exploration,14.0,0.6110139860139859,FANG|USO|APA
2023-03-07,exit,business_apps,13.0,0.6245629370629371,CRM|AI|DOCU
2023-03-07,enter,travel,2.0,0.7215909090909091,TCOM|BKNG|UBER
2023-03-07,enter,workflow_software,3.0,0.7128496503496504,CRM|DOCU|TEAM
2023-03-08,exit,ai_apps,11.0,0.6101398601398601,DUOL|AI|SNAP
2023-03-08,exit,travel,20.0,0.5179195804195803,TCOM|BKNG|UBER
2023-03-08,enter,semis,1.0,0.7591783216783217,AMD|NVDA|AVGO
2023-03-08,enter,dev_tools,3.0,0.6905594405594405,MDB|CDNS|TEAM
2023-03-09,exit,consumer_internet,31.0,0.3631993006993008,DUOL|SNAP|META
2023-03-09,exit,workflow_software,12.0,0.6162587412587412,CRM|DOCU|TEAM
2023-03-09,exit,dev_tools,14.0,0.6053321678321679,MDB|CDNS|TEAM
2023-03-09,enter,restaurants,1.0,0.7198426573426573,CMG|DRI|TXRH
2023-03-09,enter,consumer,2.0,0.7141608391608393,CMG|DRI|TXRH
2023-03-09,enter,nuclear,3.0,0.7119755244755246,VST|OKLO|CEG
2023-03-10,exit,nuclear,15.0,0.4982517482517482,VST|OKLO|CEG
2023-03-10,enter,pharma,1.0,0.8208041958041961,MRK|LLY|NVO
2023-03-10,enter,consumer_staples,2.0,0.7451923076923076,KR|KO|PEP
2023-03-10,enter,aerospace,3.0,0.7377622377622378,GE|LMT|HON
2023-03-13,exit,aerospace,15.0,0.541520979020979,GE|LMT|HON
2023-03-13,enter,medtech,2.0,0.8050699300699301,BSX|SYK|JNJ
2023-03-15,exit,semis,12.0,0.5852272727272727,AMD|NVDA|AVGO
2023-03-15,enter,gold,3.0,0.7648601398601399,WPM|NEM|GLD
2023-03-16,exit,pharma,16.0,0.5410839160839161,MRK|LLY|NVO
2023-03-16,exit,consumer_staples,23.0,0.4991258741258741,KR|KO|PEP
2023-03-16,exit,medtech,12.0,0.5904720279720279,BSX|SYK|JNJ
2023-03-16,enter,consumer_internet,1.0,0.7945804195804197,META|GOOGL|AMZN
2023-03-16,enter,semis,3.0,0.7041083916083916,AMD|INTC|LRCX
2023-03-17,exit,restaurants,28.0,0.42526223776223776,CMG|DRI|TXRH
2023-03-17,exit,consumer,29.0,0.42263986013986016,CMG|DRI|TXRH
2023-03-17,enter,ai_infrastructure,2.0,0.7465034965034965,MSFT|AMD|NVDA
2023-03-17,enter,biotech,3.0,0.7137237762237763,ABBV|VRTX|NTLA
2023-03-20,exit,biotech,27.0,0.38505244755244755,ABBV|VRTX|NTLA
2023-03-21,exit,gold,24.0,0.4125874125874126,WPM|NEM|GLD
2023-03-21,exit,semis,14.0,0.5786713286713286,AMD|INTC|LRCX
2023-03-21,enter,fintech,1.0,0.7574300699300699,COIN|PYPL|V
2023-03-21,enter,business_apps,2.0,0.7416958041958042,ADBE|MSFT|WDAY
2023-03-22,exit,fintech,11.0,0.6503496503496504,COIN|PYPL|V
2023-03-22,enter,semis,2.0,0.8540209790209792,SMCI|NVDA|AMD
2023-03-23,enter,ai_apps,3.0,0.7534707939119704,GOOGL|DUOL|AI
2023-03-24,exit,ai_infrastructure,14.0,0.5354020979020979,MSFT|AMD|NVDA
2023-03-24,exit,business_apps,10.0,0.6350524475524475,ADBE|MSFT|WDAY
2023-03-24,exit,semis,17.0,0.48951048951048953,SMCI|NVDA|AMD
2023-03-24,enter,consumer_staples,2.0,0.7119755244755245,MDLZ|KR|PG
2023-03-24,enter,pharma,3.0,0.7115384615384616,NVO|AMGN|GILD
2023-03-27,exit,consumer_staples,10.0,0.6267482517482518,MDLZ|KR|PG
2023-03-27,exit,pharma,9.0,0.6398601398601399,NVO|AMGN|GILD
2023-03-27,enter,oil_exploration,1.0,0.826486013986014,USO|APA|EOG
2023-03-27,enter,mega_banks,2.0,0.7766608391608392,AXP|BAC|GS
2023-03-27,enter,medtech,3.0,0.7250874125874126,EXAS|ISRG|TMO
2023-03-28,exit,consumer_internet,9.0,0.6883741258741259,META|GOOGL|AMZN
2023-03-28,exit,ai_apps,16.0,0.4659090909090909,GOOGL|DUOL|AI
2023-03-28,exit,mega_banks,17.0,0.46459790209790197,AXP|BAC|GS
2023-03-28,exit,medtech,12.0,0.5533216783216783,EXAS|ISRG|TMO
2023-03-28,enter,consumer_staples,2.0,0.7740384615384615,CL|MDLZ|WMT
2023-03-28,enter,gold,3.0,0.7635489510489509,PAAS|GOLD|WPM
2023-03-29,exit,oil_exploration,10.0,0.5795454545454547,USO|APA|EOG
2023-03-29,exit,consumer_staples,12.0,0.5515734265734265,CL|MDLZ|WMT
2023-03-29,exit,gold,24.0,0.43356643356643365,PAAS|GOLD|WPM
2023-03-29,enter,business_apps,1.0,0.7325174825174824,WDAY|HUBS|CRM
2023-03-29,enter,workflow_software,2.0,0.7272727272727273,WDAY|HUBS|CRM
2023-03-29,enter,china_internet,3.0,0.6722027972027972,BABA|TME|KWEB
2023-03-30,exit,business_apps,14.0,0.5581293706293706,WDAY|HUBS|CRM
2023-03-30,exit,workflow_software,9.0,0.5847902097902098,WDAY|HUBS|CRM
2023-03-30,enter,oil_exploration,2.0,0.687937062937063,EOG|USO|OXY
2023-03-30,enter,retail,3.0,0.6700174825174824,JD|WMT|DLTR
2023-03-31,exit,china_internet,21.0,0.4475524475524475,BABA|TME|KWEB
2023-03-31,exit,oil_exploration,11.0,0.6009615384615384,EOG|USO|OXY
2023-03-31,exit,retail,20.0,0.4558566433566434,JD|WMT|DLTR
2023-03-31,enter,workflow_software,1.0,0.8203671328671328,WDAY|PATH|NOW
2023-03-31,enter,cloud,2.0,0.7976398601398601,SNOW|NOW|WDAY
2023-03-31,enter,dev_tools,3.0,0.7801573426573427,SNOW|DDOG|TEAM
2023-04-03,exit,workflow_software,20.0,0.49825174825174817,WDAY|PATH|NOW
2023-04-03,exit,cloud,11.0,0.5576923076923076,SNOW|NOW|WDAY
2023-04-03,exit,dev_tools,18.0,0.5262237762237763,SNOW|DDOG|TEAM
2023-04-03,enter,oil_exploration,1.0,0.8723776223776224,FANG|COP|EOG
2023-04-03,enter,business_apps,2.0,0.6848776223776223,AI|ORCL|WDAY
2023-04-03,enter,insurance,3.0,0.6276223776223776,ALL|CB|TRV
2023-04-04,exit,business_apps,9.0,0.618006993006993,AI|ORCL|WDAY
2023-04-04,exit,insurance,25.0,0.4663461538461538,ALL|CB|TRV
2023-04-04,enter,cloud,1.0,0.7399475524475525,SNOW|NOW|NET
2023-04-04,enter,dev_tools,2.0,0.7381993006993007,SNOW|TEAM|CDNS
2023-04-04,enter,workflow_software,3.0,0.7263986013986015,NOW|ZM|PATH
2023-04-05,exit,cloud,19.0,0.4720279720279721,SNOW|NOW|NET
2023-04-05,exit,dev_tools,25.0,0.37456293706293703,SNOW|TEAM|CDNS
2023-04-05,exit,workflow_software,22.0,0.39729020979020974,NOW|ZM|PATH
2023-04-05,enter,pharma,1.0,0.8120629370629371,JNJ|LLY|XLV
2023-04-05,enter,consumer_staples,3.0,0.7425699300699301,WMT|PG|TGT
2023-04-06,exit,oil_exploration,16.0,0.5659965034965034,FANG|COP|EOG
2023-04-06,enter,ai_apps,1.0,0.7832167832167831,GOOGL|NOW|PINS
2023-04-06,enter,biotech,3.0,0.7041083916083916,ALNY|BIIB|MRNA
2023-04-10,exit,ai_apps,29.0,0.3583916083916084,GOOGL|NOW|PINS
2023-04-10,exit,biotech,14.0,0.5393356643356644,ALNY|BIIB|MRNA
2023-04-10,enter,defense,1.0,0.756555944055944,RTX|NOC|LMT
2023-04-10,enter,oil_exploration,2.0,0.6918706293706295,APA|FANG|DVN
2023-04-10,enter,vertical_software,3.0,0.6577797202797202,CDNS|PLTR|ORCL
2023-04-11,exit,pharma,12.0,0.6005244755244755,JNJ|LLY|XLV
2023-04-11,exit,defense,10.0,0.6337412587412588,RTX|NOC|LMT
2023-04-11,exit,oil_exploration,9.0,0.638986013986014,APA|FANG|DVN
2023-04-11,exit,vertical_software,16.0,0.5533216783216783,CDNS|PLTR|ORCL
2023-04-11,enter,restaurants,1.0,0.7644230769230769,MCD|TXRH|SBUX
2023-04-11,enter,consumer,2.0,0.7451923076923076,TXRH|SBUX|DRI
2023-04-11,enter,medtech,3.0,0.7102272727272727,ISRG|MDT|JNJ
2023-04-12,exit,consumer_staples,13.0,0.5677447552447553,WMT|PG|TGT
2023-04-12,exit,restaurants,11.0,0.604458041958042,MCD|TXRH|SBUX
2023-04-12,exit,consumer,15.0,0.5161713286713286,TXRH|SBUX|DRI
2023-04-12,enter,pharma,1.0,0.826048951048951,NVO|LLY|MRK
2023-04-12,enter,defense,2.0,0.7670454545454546,HWM|RTX|RKLB
2023-04-12,enter,aerospace,3.0,0.7578671328671328,RTX|HWM|HON
2023-04-13,exit,medtech,12.0,0.5681818181818182,ISRG|MDT|JNJ
2023-04-13,exit,pharma,9.0,0.5887237762237763,NVO|LLY|MRK
2023-04-13,exit,aerospace,11.0,0.5782342657342657,RTX|HWM|HON
2023-04-13,enter,biotech,1.0,0.806381118881119,CRSP|NTLA|VRTX
2023-04-13,enter,vertical_software,3.0,0.6993006993006994,PLTR|CDNS|PTC
2023-04-14,exit,defense,14.0,0.5917832167832169,HWM|RTX|RKLB
2023-04-14,exit,biotech,20.0,0.5078671328671328,CRSP|NTLA|VRTX
2023-04-14,enter,mega_banks,1.0,0.798951048951049,JPM|C|BAC
2023-04-14,enter,asset_managers,2.0,0.7810314685314687,BLK|GS|KKR
2023-04-14,enter,fintech,3.0,0.7268356643356643,V|FIS|AFRM
2023-04-17,exit,vertical_software,19.0,0.534527972027972,PLTR|CDNS|PTC
2023-04-17,exit,fintech,9.0,0.6564685314685316,V|FIS|AFRM
2023-04-17,enter,regional_banks,1.0,0.8575174825174825,FITB|PNC|HBAN
2023-04-18,exit,regional_banks,23.0,0.44930069930069927,FITB|PNC|HBAN
2023-04-18,enter,travel,2.0,0.8068181818181818,MAR|ABNB|BKNG
2023-04-18,enter,aerospace,3.0,0.7932692307692308,RTX|LMT|SPIR
2023-04-19,exit,aerospace,9.0,0.6791958041958043,RTX|LMT|SPIR
2023-04-19,enter,medtech,1.0,0.806381118881119,ISRG|DXCM|EW
2023-04-19,enter,regional_banks,3.0,0.7893356643356643,PNC|FITB|TFC
2023-04-20,exit,mega_banks,12.0,0.6402972027972028,JPM|C|BAC
2023-04-20,exit,regional_banks,18.0,0.5847902097902098,PNC|FITB|TFC
2023-04-20,enter,consumer_staples,2.0,0.7823426573426573,COST|KO|CL
2023-04-20,enter,retail,3.0,0.7495629370629371,COST|AMZN|PDD
2023-04-21,exit,asset_managers,12.0,0.6013986013986015,BLK|GS|KKR
2023-04-21,enter,restaurants,2.0,0.798513986013986,CMG|YUM|MCD
2023-04-25,exit,travel,18.0,0.43618881118881114,MAR|ABNB|BKNG
2023-04-25,exit,retail,11.0,0.583041958041958,COST|AMZN|PDD
2023-04-26,exit,medtech,11.0,0.6219405594405594,ISRG|DXCM|EW
2023-04-26,enter,consumer,1.0,0.826923076923077,CMG|DPZ|SBUX
2023-04-26,enter,dev_tools,3.0,0.7530594405594406,MDB|DDOG|SNOW
2023-04-28,exit,consumer_staples,11.0,0.5861013986013985,COST|KO|CL
2023-04-28,exit,dev_tools,31.0,0.3155594405594405,MDB|DDOG|SNOW
2023-04-28,enter,uranium,1.0,0.7347027972027971,UUUU|CCJ|NXE
2023-04-28,enter,nuclear,3.0,0.7032342657342657,UUUU|CCJ|NXE
2023-05-01,enter,consumer_staples,3.0,0.6853146853146853,MDLZ|CL|PEP
2023-05-02,exit,uranium,16.0,0.5432692307692307,UUUU|CCJ|NXE
2023-05-02,exit,nuclear,20.0,0.5034965034965035,UUUU|CCJ|NXE
2023-05-02,enter,travel,3.0,0.7390734265734267,UBER|MAR|BKNG
2023-05-03,exit,restaurants,27.0,0.4217657342657343,CMG|YUM|MCD
2023-05-03,exit,consumer,26.0,0.43050699300699297,CMG|DPZ|SBUX
2023-05-03,exit,consumer_staples,15.0,0.5340909090909091,MDLZ|CL|PEP
2023-05-03,enter,biotech,1.0,0.7534965034965034,BIIB|VRTX|NTLA
2023-05-03,enter,data_centers,2.0,0.7390734265734267,SMCI|VRT|DELL
2023-05-03,enter,ai_infrastructure,3.0,0.7320804195804197,SMCI|VRT|DELL
2023-05-04,exit,ai_infrastructure,12.0,0.5887237762237763,SMCI|VRT|DELL
2023-05-04,enter,gold,1.0,0.8142482517482517,AEM|FNV|GLD
2023-05-04,enter,china_internet,3.0,0.7250874125874126,TME|NTES|KWEB
2023-05-05,exit,data_centers,9.0,0.5856643356643357,SMCI|VRT|DELL
2023-05-05,exit,gold,19.0,0.5148601398601398,AEM|FNV|GLD
2023-05-05,exit,china_internet,31.0,0.3439685314685315,TME|NTES|KWEB
2023-05-05,enter,cybersecurity,2.0,0.6743881118881119,FTNT|OKTA|AKAM
2023-05-08,exit,biotech,20.0,0.5354020979020979,BIIB|VRTX|NTLA
2023-05-08,enter,cloud,3.0,0.7727272727272727,ZS|DDOG|SNOW
2023-05-09,exit,travel,27.0,0.42613636363636365,UBER|MAR|BKNG
2023-05-09,enter,uranium,1.0,0.8531468531468531,UUUU|DNN|LEU
2023-05-09,enter,nuclear,2.0,0.8391608391608392,UUUU|DNN|LEU
2023-05-09,enter,biotech,3.0,0.7390734265734267,CRSP|EXAS|NTLA
2023-05-10,exit,uranium,14.0,0.6145104895104895,UUUU|DNN|LEU
2023-05-10,exit,nuclear,10.0,0.6682692307692308,UUUU|DNN|LEU
2023-05-10,exit,biotech,9.0,0.6722027972027972,CRSP|EXAS|NTLA
2023-05-10,enter,dev_tools,1.0,0.8710664335664335,DDOG|SNOW|MDB
2023-05-11,exit,dev_tools,15.0,0.6079545454545454,DDOG|SNOW|MDB
2023-05-11,enter,consumer_internet,1.0,0.8273601398601399,APP|GOOGL|DUOL
2023-05-11,enter,ai_apps,2.0,0.7753496503496503,APP|PLTR|GOOGL
2023-05-12,exit,consumer_internet,12.0,0.6215034965034965,APP|GOOGL|DUOL
2023-05-12,exit,ai_apps,13.0,0.6057692307692308,APP|PLTR|GOOGL
2023-05-12,enter,vertical_software,2.0,0.7364510489510491,PLTR|ORCL|ADSK
2023-05-12,enter,aerospace,3.0,0.6979895104895105,RKLB|SPIR|LUNR
2023-05-15,exit,cybersecurity,12.0,0.6083916083916083,FTNT|OKTA|AKAM
2023-05-15,exit,aerospace,13.0,0.5952797202797202,RKLB|SPIR|LUNR
2023-05-15,enter,ai_apps,1.0,0.8028846153846154,AI|APP|PLTR
2023-05-15,enter,china_internet,2.0,0.8024475524475525,TME|JD|BIDU
2023-05-15,enter,workflow_software,3.0,0.7797202797202797,TEAM|HUBS|ZM
2023-05-16,exit,vertical_software,20.0,0.4982517482517482,PLTR|ORCL|ADSK
2023-05-17,exit,cloud,10.0,0.6215034965034965,ZS|DDOG|SNOW
2023-05-17,exit,china_internet,15.0,0.5712412587412588,TME|JD|BIDU
2023-05-17,enter,business_apps,1.0,0.8072552447552447,AI|HUBS|ORCL
2023-05-17,enter,mega_banks,2.0,0.7618006993006994,WFC|BAC|JPM
2023-05-17,enter,regional_banks,3.0,0.7548076923076925,COF|TFC|PNC
2023-05-18,exit,mega_banks,18.0,0.4781468531468532,WFC|BAC|JPM
2023-05-18,exit,regional_banks,16.0,0.5703671328671328,COF|TFC|PNC
2023-05-18,enter,semis,1.0,0.8085664335664335,AMAT|SMCI|LRCX
2023-05-18,enter,ai_infrastructure,2.0,0.8024475524475525,AMAT|SMCI|MRVL
2023-05-19,exit,workflow_software,10.0,0.6136363636363636,TEAM|HUBS|ZM
2023-05-22,enter,workflow_software,1.0,0.8356643356643357,PATH|TEAM|ZM
2023-05-23,exit,business_apps,18.0,0.5458916083916084,AI|HUBS|ORCL
2023-05-23,exit,semis,17.0,0.576486013986014,AMAT|SMCI|LRCX
2023-05-23,enter,regional_banks,1.0,0.7998251748251748,COF|TFC|KEY
2023-05-23,enter,payments,3.0,0.7316433566433566,COF|AFRM|XYZ
2023-05-24,exit,regional_banks,18.0,0.5174825174825175,COF|TFC|KEY
2023-05-24,exit,payments,21.0,0.4624125874125874,COF|AFRM|XYZ
2023-05-24,enter,cybersecurity,2.0,0.7814685314685316,PANW|CRWD|ZS
2023-05-25,exit,workflow_software,13.0,0.568618881118881,PATH|TEAM|ZM
2023-05-25,enter,vertical_software,2.0,0.7478146853146853,CDNS|PLTR|ORCL
2023-05-26,exit,ai_apps,9.0,0.6927447552447553,AI|APP|PLTR
2023-05-26,exit,vertical_software,13.0,0.5817307692307693,CDNS|PLTR|ORCL
2023-05-26,enter,semis,2.0,0.7950174825174825,MRVL|SMCI|MPWR
2023-05-26,enter,data_centers,3.0,0.7849650349650349,VRT|AVGO|SMCI
2023-05-30,enter,ai_apps,3.0,0.7381993006993008,AI|PLTR|ADBE
2023-05-31,exit,ai_apps,9.0,0.6136363636363636,AI|PLTR|ADBE
2023-05-31,enter,business_apps,2.0,0.7753496503496503,CRM|AI|WDAY
2023-05-31,enter,workflow_software,3.0,0.7447552447552449,TEAM|CRM|WDAY
2023-06-01,exit,cybersecurity,25.0,0.40734265734265734,PANW|CRWD|ZS
2023-06-01,exit,workflow_software,16.0,0.4916958041958042,TEAM|CRM|WDAY
2023-06-02,exit,ai_infrastructure,30.0,0.37762237762237766,AMAT|SMCI|MRVL
2023-06-02,exit,semis,25.0,0.4003496503496503,MRVL|SMCI|MPWR
2023-06-02,exit,data_centers,13.0,0.5673076923076923,VRT|AVGO|SMCI
2023-06-02,exit,business_apps,16.0,0.5520104895104895,CRM|AI|WDAY
2023-06-02,enter,fintech,1.0,0.7836538461538464,SOFI|AFRM|HOOD
2023-06-02,enter,payments,2.0,0.7303321678321679,AXP|AFRM|COF
2023-06-02,enter,workflow_software,3.0,0.7198426573426573,PATH|TEAM|DOCU
2023-06-05,exit,fintech,9.0,0.6892482517482517,SOFI|AFRM|HOOD
2023-06-05,exit,payments,18.0,0.5502622377622377,AXP|AFRM|COF
2023-06-05,enter,cloud,1.0,0.7945804195804195,MDB|ZS|DOCU
2023-06-05,enter,uranium,3.0,0.7696678321678323,UEC|NXE|CCJ
2023-06-06,exit,cloud,11.0,0.6516608391608392,MDB|ZS|DOCU
2023-06-06,exit,uranium,16.0,0.5882867132867132,UEC|NXE|CCJ
2023-06-06,enter,china_internet,1.0,0.8260489510489509,JD|BIDU|TCOM
2023-06-06,enter,payments,2.0,0.7600524475524475,XYZ|AXP|COF
2023-06-06,enter,regional_banks,3.0,0.7395104895104895,COF|USB|KEY
2023-06-07,exit,workflow_software,32.0,0.26704545454545453,PATH|TEAM|DOCU
2023-06-07,exit,china_internet,14.0,0.5804195804195804,JD|BIDU|TCOM
2023-06-07,enter,defense,2.0,0.7207167832167832,KTOS|RKLB|HWM
2023-06-07,enter,aerospace,3.0,0.7137237762237763,HWM|RTX|RKLB
2023-06-08,exit,payments,10.0,0.6197552447552447,XYZ|AXP|COF
2023-06-08,exit,regional_banks,11.0,0.6153846153846153,COF|USB|KEY
2023-06-08,enter,uranium,1.0,0.7574300699300698,UEC|DNN|LEU
2023-06-08,enter,travel,2.0,0.7320804195804197,TCOM|UBER|EXPE
2023-06-08,enter,china_internet,3.0,0.722027972027972,TCOM|PDD|YMM
2023-06-09,exit,defense,12.0,0.6131993006993007,KTOS|RKLB|HWM
2023-06-09,exit,uranium,19.0,0.5358391608391608,UEC|DNN|LEU
2023-06-09,enter,mega_banks,3.0,0.7089160839160839,C|GS|MS
2023-06-12,exit,aerospace,9.0,0.6376748251748252,HWM|RTX|RKLB
2023-06-12,exit,travel,17.0,0.5659965034965035,TCOM|UBER|EXPE
2023-06-12,enter,semis,1.0,0.7517482517482518,INTC|TSM|AMD
2023-06-12,enter,uranium,2.0,0.7342657342657343,LEU|DNN|CCJ
2023-06-12,enter,ai_infrastructure,3.0,0.7019230769230771,TSM|AMD|SMCI
2023-06-13,exit,uranium,21.0,0.5048076923076923,LEU|DNN|CCJ
2023-06-13,exit,ai_infrastructure,14.0,0.5882867132867133,TSM|AMD|SMCI
2023-06-13,enter,robotics,1.0,0.7438811188811187,SYM|CAT|TSLA
2023-06-13,enter,autos,2.0,0.7403846153846154,MCHP|TSLA|TM
2023-06-13,enter,asset_managers,3.0,0.7032342657342658,GS|KKR|MS
2023-06-14,exit,mega_banks,32.0,0.31993006993006995,C|GS|MS
2023-06-14,exit,robotics,21.0,0.4689685314685315,SYM|CAT|TSLA
2023-06-14,exit,autos,13.0,0.6145104895104895,MCHP|TSLA|TM
2023-06-14,exit,asset_managers,22.0,0.465472027972028,GS|KKR|MS
2023-06-14,enter,medtech,2.0,0.7902097902097903,EW|SYK|DXCM
2023-06-14,enter,retail,3.0,0.7167832167832168,WMT|PDD|JD
2023-06-15,exit,china_internet,10.0,0.6158216783216783,TCOM|PDD|YMM
2023-06-15,exit,semis,22.0,0.49125874125874125,INTC|TSM|AMD
2023-06-15,exit,retail,9.0,0.6389860139860141,WMT|PDD|JD
2023-06-15,enter,business_apps,1.0,0.846153846153846,ORCL|AI|ADBE
2023-06-15,enter,ai_apps,2.0,0.7687937062937064,SOUN|AI|ADBE
2023-06-16,exit,business_apps,21.0,0.5262237762237763,ORCL|AI|ADBE
2023-06-16,exit,ai_apps,10.0,0.5948426573426573,SOUN|AI|ADBE
2023-06-16,enter,uranium,2.0,0.7447552447552449,LEU|UEC|NXE
2023-06-16,enter,consumer_staples,3.0,0.6958041958041957,MCD|KO|WMT
2023-06-20,exit,uranium,15.0,0.5843531468531468,LEU|UEC|NXE
2023-06-20,enter,ai_apps,2.0,0.7242132867132867,SOUN|TSLA|AXON
2023-06-20,enter,pharma,3.0,0.7180944055944057,JNJ|BMY|AMGN
2023-06-21,exit,medtech,10.0,0.6599650349650349,EW|SYK|DXCM
2023-06-21,exit,ai_apps,20.0,0.4956293706293707,SOUN|TSLA|AXON
2023-06-21,exit,pharma,13.0,0.6446678321678321,JNJ|BMY|AMGN
2023-06-21,enter,restaurants,1.0,0.8321678321678321,SBUX|MCD|CMG
2023-06-21,enter,consumer,2.0,0.7867132867132866,SBUX|CMG|DPZ
2023-06-21,enter,aerospace,3.0,0.7784090909090909,ASTS|TDG|LMT
2023-06-22,exit,restaurants,12.0,0.576048951048951,SBUX|MCD|CMG
2023-06-22,exit,consumer,13.0,0.5751748251748252,SBUX|CMG|DPZ
2023-06-22,enter,pharma,2.0,0.7434440559440558,MRK|LLY|JNJ
2023-06-22,enter,medtech,3.0,0.7263986013986014,EXAS|JNJ|SYK
2023-06-26,exit,aerospace,21.0,0.4654720279720279,ASTS|TDG|LMT
2023-06-26,exit,medtech,11.0,0.5861013986013985,EXAS|JNJ|SYK
2023-06-26,enter,oil_exploration,2.0,0.6805069930069931,OXY|FANG|COP
2023-06-27,exit,pharma,27.0,0.3592657342657342,MRK|LLY|JNJ
2023-06-27,exit,oil_exploration,23.0,0.40996503496503495,OXY|FANG|COP
2023-06-27,enter,travel,1.0,0.7797202797202798,UBER|BKNG|HLT
2023-06-27,enter,consumer_internet,2.0,0.7233391608391608,SNAP|APP|PINS
2023-06-27,enter,semis,3.0,0.7198426573426573,AMAT|LRCX|MCHP
2023-06-28,exit,consumer_staples,18.0,0.5104895104895105,MCD|KO|WMT
2023-06-28,exit,semis,12.0,0.583916083916084,AMAT|LRCX|MCHP
2023-06-28,enter,dev_tools,1.0,0.806381118881119,DDOG|MDB|SNOW
2023-06-28,enter,fintech,2.0,0.735576923076923,COIN|HOOD|SCHW
2023-06-28,enter,cloud,3.0,0.7320804195804197,MDB|DDOG|DLR
2023-06-29,exit,travel,18.0,0.4772727272727273,UBER|BKNG|HLT
2023-06-29,exit,consumer_internet,24.0,0.41608391608391604,SNAP|APP|PINS
2023-06-29,exit,dev_tools,29.0,0.34003496503496505,DDOG|MDB|SNOW
2023-06-29,exit,fintech,10.0,0.6477272727272727,COIN|HOOD|SCHW
2023-06-29,exit,cloud,16.0,0.47770979020979026,MDB|DDOG|DLR
2023-06-29,enter,mega_banks,1.0,0.7915209790209792,JPM|WFC|BAC
2023-06-29,enter,asset_managers,2.0,0.7906468531468531,SCHW|TROW|BX
2023-06-29,enter,oil_exploration,3.0,0.7618006993006993,OXY|EOG|COP
2023-06-30,exit,mega_banks,16.0,0.4960664335664336,JPM|WFC|BAC
2023-06-30,exit,asset_managers,9.0,0.6149475524475525,SCHW|TROW|BX
2023-06-30,enter,semis,1.0,0.7036713286713288,MCHP|TXN|ON
2023-06-30,enter,data_centers,2.0,0.6848776223776223,DLR|EQIX|DELL
2023-06-30,enter,ai_infrastructure,3.0,0.6835664335664335,AMAT|DELL|MPWR
2023-07-03,exit,oil_exploration,28.0,0.4134615384615385,OXY|EOG|COP
2023-07-03,exit,data_centers,13.0,0.6040209790209791,DLR|EQIX|DELL
2023-07-03,enter,asset_managers,1.0,0.7845279720279721,BX|SCHW|MS
2023-07-03,enter,fintech,2.0,0.770979020979021,COIN|HOOD|FIS
2023-07-03,enter,mega_banks,3.0,0.7583041958041957,JPM|WFC|AXP
2023-07-05,exit,semis,34.0,0.284965034965035,MCHP|TXN|ON
2023-07-05,exit,ai_infrastructure,33.0,0.3771853146853147,AMAT|DELL|MPWR
2023-07-05,exit,asset_managers,22.0,0.4768356643356644,BX|SCHW|MS
2023-07-05,enter,payments,1.0,0.8653846153846154,FIS|GPN|XYZ
2023-07-05,enter,autos,2.0,0.8448426573426573,RIVN|LCID|F
2023-07-06,enter,insurance,2.0,0.7792832167832168,AIG|MET|CB
2023-07-07,exit,mega_banks,17.0,0.479020979020979,JPM|WFC|AXP
2023-07-07,exit,insurance,11.0,0.5664335664335665,AIG|MET|CB
2023-07-07,enter,oil_exploration,1.0,0.7998251748251749,APA|USO|EOG
2023-07-07,enter,china_internet,2.0,0.771416083916084,BABA|YMM|FUTU
2023-07-07,enter,regional_banks,3.0,0.7338286713286714,FITB|TFC|HBAN
2023-07-10,exit,oil_exploration,20.0,0.49431818181818177,APA|USO|EOG
2023-07-10,enter,biotech,3.0,0.701048951048951,ALNY|NTLA|MRNA
2023-07-11,exit,autos,16.0,0.5480769230769231,RIVN|LCID|F
2023-07-11,exit,biotech,24.0,0.4746503496503497,ALNY|NTLA|MRNA
2023-07-11,enter,oil_exploration,1.0,0.9051573426573425,APA|USO|FANG
2023-07-11,enter,travel,3.0,0.7622377622377622,ABNB|HLT|MAR
2023-07-12,exit,payments,25.0,0.3732517482517482,FIS|GPN|XYZ
2023-07-12,exit,travel,9.0,0.6131993006993007,ABNB|HLT|MAR
2023-07-12,enter,gold,1.0,0.8085664335664335,PAAS|NEM|AEM
2023-07-13,exit,regional_banks,11.0,0.6507867132867133,FITB|TFC|HBAN
2023-07-13,exit,gold,13.0,0.6149475524475525,PAAS|NEM|AEM
2023-07-13,enter,consumer_internet,2.0,0.806381118881119,BABA|SNAP|BILI
2023-07-13,enter,asset_managers,3.0,0.7416958041958042,KKR|BX|BLK
2023-07-14,exit,oil_exploration,30.0,0.3181818181818182,APA|USO|FANG
2023-07-14,enter,workflow_software,2.0,0.756555944055944,HUBS|ZM|CRM
2023-07-17,exit,china_internet,11.0,0.639423076923077,BABA|YMM|FUTU
2023-07-17,enter,semis,1.0,0.8006993006993006,NVDA|SMCI|ON
2023-07-18,exit,fintech,11.0,0.5930944055944056,COIN|HOOD|FIS
2023-07-18,exit,consumer_internet,23.0,0.465909090909091,BABA|SNAP|BILI
2023-07-18,exit,workflow_software,15.0,0.527972027972028,HUBS|ZM|CRM
2023-07-18,exit,semis,10.0,0.5961538461538461,NVDA|SMCI|ON
2023-07-18,enter,gold,2.0,0.8085664335664334,PAAS|AEM|GOLD
2023-07-18,enter,mega_banks,3.0,0.7552447552447553,MS|BAC|WFC
2023-07-19,exit,gold,25.0,0.4213286713286714,PAAS|AEM|GOLD
2023-07-19,enter,workflow_software,2.0,0.7923951048951047,NOW|TEAM|ZM
2023-07-19,enter,regional_banks,3.0,0.7770979020979021,USB|KEY|PNC
2023-07-20,exit,workflow_software,26.0,0.3597027972027972,NOW|TEAM|ZM
2023-07-20,enter,pharma,1.0,0.8146853146853146,JNJ|ABBV|NVO
2023-07-20,enter,insurance,3.0,0.7814685314685313,ALL|CB|TRV
2023-07-21,exit,asset_managers,11.0,0.5924516659810779,KKR|BX|BLK
2023-07-21,exit,regional_banks,9.0,0.6627416700946113,USB|KEY|PNC
2023-07-21,exit,insurance,10.0,0.6377005347593583,ALL|CB|TRV
2023-07-21,enter,biotech,2.0,0.7623663101604279,GILD|AMGN|VRTX
2023-07-21,enter,travel,3.0,0.7480203619909502,MAR|ABNB|UBER
2023-07-24,exit,biotech,18.0,0.4847027972027972,GILD|AMGN|VRTX
2023-07-24,exit,travel,13.0,0.5375874125874126,MAR|ABNB|UBER
2023-07-24,enter,regional_banks,1.0,0.8802447552447553,KEY|PNC|HBAN
2023-07-24,enter,oil_exploration,3.0,0.8190559440559442,APA|DVN|FANG
2023-07-25,exit,mega_banks,13.0,0.5528846153846154,MS|BAC|WFC
2023-07-25,exit,regional_banks,9.0,0.604895104895105,KEY|PNC|HBAN
2023-07-25,enter,nuclear,2.0,0.7185314685314684,CCJ|VST|UEC
2023-07-25,enter,medtech,3.0,0.6826923076923079,TMO|JNJ|MDT
2023-07-26,exit,oil_exploration,10.0,0.6490384615384615,APA|DVN|FANG
2023-07-26,exit,nuclear,15.0,0.5926573426573427,CCJ|VST|UEC
2023-07-26,exit,medtech,9.0,0.6569055944055944,TMO|JNJ|MDT
2023-07-26,enter,china_internet,1.0,0.8199300699300699,FUTU|PDD|BILI
2023-07-26,enter,consumer_staples,2.0,0.8107517482517482,WMT|PG|KR
2023-07-26,enter,insurance,3.0,0.8090034965034963,CB|ALL|AIG
2023-07-27,exit,pharma,12.0,0.5568181818181818,JNJ|ABBV|NVO
2023-07-27,exit,consumer_staples,9.0,0.6000874125874126,WMT|PG|KR
2023-07-27,enter,semis,1.0,0.832167832167832,LRCX|MU|AMAT
2023-07-27,enter,ai_infrastructure,2.0,0.7399475524475525,MU|AMAT|KLAC
2023-07-27,enter,retail,3.0,0.7045454545454546,PDD|WMT|JD
2023-07-28,exit,insurance,28.0,0.3767482517482518,CB|ALL|AIG
2023-07-28,exit,ai_infrastructure,9.0,0.6210664335664335,MU|AMAT|KLAC
2023-07-28,enter,consumer_internet,2.0,0.7919580419580421,BILI|APP|META
2023-07-31,exit,semis,14.0,0.5616258741258741,LRCX|MU|AMAT
2023-07-31,exit,retail,23.0,0.4803321678321678,PDD|WMT|JD
2023-07-31,exit,consumer_internet,11.0,0.638111888111888,BILI|APP|META
2023-07-31,enter,uranium,2.0,0.756118881118881,UEC|UUUU|LEU
2023-07-31,enter,nuclear,3.0,0.7447552447552449,UEC|UUUU|LEU
2023-08-01,exit,uranium,20.0,0.5030594405594405,UEC|UUUU|LEU
2023-08-01,exit,nuclear,22.0,0.458916083916084,UEC|UUUU|LEU
2023-08-01,enter,vertical_software,1.0,0.7998251748251749,PLTR|LDOS|PTC
2023-08-01,enter,defense,2.0,0.771416083916084,PLTR|LDOS|KTOS
2023-08-01,enter,fintech,3.0,0.7596153846153846,FUTU|GPN|AFRM
2023-08-02,exit,china_internet,31.0,0.3382867132867133,FUTU|PDD|BILI
2023-08-02,exit,defense,9.0,0.6284965034965035,PLTR|LDOS|KTOS
2023-08-02,enter,ai_infrastructure,1.0,0.798951048951049,VRT|KLAC|ANET
2023-08-02,enter,data_centers,2.0,0.7246503496503497,VRT|STX|ETN
2023-08-02,enter,payments,3.0,0.6853146853146853,GPN|PYPL|AFRM
2023-08-03,exit,vertical_software,18.0,0.5179195804195804,PLTR|LDOS|PTC
2023-08-03,exit,payments,20.0,0.5034965034965034,GPN|PYPL|AFRM
2023-08-03,enter,uranium,1.0,0.7687937062937065,UEC|NXE|DNN
2023-08-03,enter,china_internet,2.0,0.7657342657342658,BILI|FUTU|PDD
2023-08-03,enter,oil_exploration,3.0,0.7277097902097903,APA|FANG|EOG
2023-08-04,exit,fintech,30.0,0.31250000000000006,FUTU|GPN|AFRM
2023-08-04,exit,china_internet,32.0,0.2534965034965035,BILI|FUTU|PDD
2023-08-04,enter,nuclear,1.0,0.8282342657342657,LEU|CEG|UEC
2023-08-07,exit,oil_exploration,13.0,0.5944055944055944,APA|FANG|EOG
2023-08-07,enter,pharma,1.0,0.8129370629370629,AMGN|GILD|JNJ
2023-08-07,enter,insurance,2.0,0.7351398601398601,MET|AIG|PGR
2023-08-08,exit,ai_infrastructure,9.0,0.6490384615384615,VRT|KLAC|ANET
2023-08-08,exit,insurance,17.0,0.4593531468531468,MET|AIG|PGR
2023-08-09,exit,data_centers,14.0,0.5166083916083916,VRT|STX|ETN
2023-08-09,enter,oil_exploration,1.0,0.8841783216783216,APA|USO|OXY
2023-08-10,exit,oil_exploration,13.0,0.5812937062937064,APA|USO|OXY
2023-08-10,enter,travel,1.0,0.7770979020979021,DIS|TCOM|BKNG
2023-08-11,exit,travel,12.0,0.5633741258741258,DIS|TCOM|BKNG
2023-08-14,enter,cybersecurity,2.0,0.6953671328671327,AKAM|CHKP|GEN
2023-08-15,exit,uranium,28.0,0.3846153846153846,UEC|NXE|DNN
2023-08-15,enter,medtech,2.0,0.8120629370629371,BSX|JNJ|EXAS
2023-08-15,enter,workflow_software,3.0,0.7281468531468532,WDAY|TEAM|NOW
2023-08-16,exit,nuclear,25.0,0.5170454545454546,LEU|CEG|UEC
2023-08-16,exit,medtech,9.0,0.6354895104895104,BSX|JNJ|EXAS
2023-08-16,exit,workflow_software,12.0,0.6005244755244755,WDAY|TEAM|NOW
2023-08-16,enter,insurance,2.0,0.7491258741258742,PGR|ALL|CB
2023-08-16,enter,ai_apps,3.0,0.694055944055944,APP|SOUN|HUBS
2023-08-17,exit,cybersecurity,17.0,0.4781468531468532,AKAM|CHKP|GEN
2023-08-17,exit,ai_apps,32.0,0.3798076923076923,APP|SOUN|HUBS
2023-08-17,enter,medtech,2.0,0.7145979020979022,JNJ|BSX|EXAS
2023-08-17,enter,biotech,3.0,0.6979895104895105,AMGN|MRNA|ABBV
2023-08-18,exit,pharma,9.0,0.6547202797202798,AMGN|GILD|JNJ
2023-08-18,exit,insurance,19.0,0.479020979020979,PGR|ALL|CB
2023-08-18,exit,medtech,22.0,0.43444055944055937,JNJ|BSX|EXAS
2023-08-18,exit,biotech,11.0,0.6503496503496503,AMGN|MRNA|ABBV
2023-08-18,enter,data_centers,1.0,0.7456293706293704,CSCO|PWR|NVDA
2023-08-18,enter,semis,2.0,0.7403846153846155,AMAT|NVDA|MRVL
2023-08-18,enter,ai_infrastructure,3.0,0.729895104895105,AMAT|NVDA|VRT
2023-08-21,enter,nuclear,1.0,0.7902097902097902,UUUU|UEC|DNN
2023-08-21,enter,uranium,2.0,0.7666083916083918,UUUU|UEC|DNN
2023-08-21,enter,dev_tools,3.0,0.742132867132867,SNOW|CDNS|DDOG
2023-08-22,exit,semis,14.0,0.5336538461538461,AMAT|NVDA|MRVL
2023-08-24,exit,uranium,11.0,0.6424825174825175,UUUU|UEC|DNN
2023-08-24,exit,dev_tools,12.0,0.6206293706293706,SNOW|CDNS|DDOG
2023-08-24,enter,cloud,3.0,0.7491258741258741,DLR|EQIX|MDB
2023-08-25,exit,data_centers,17.0,0.5432692307692307,CSCO|PWR|NVDA
2023-08-25,exit,ai_infrastructure,16.0,0.5568181818181818,AMAT|NVDA|VRT
2023-08-25,exit,nuclear,12.0,0.6075174825174824,UUUU|UEC|DNN
2023-08-25,enter,business_apps,1.0,0.7910839160839161,ADSK|INTU|WDAY
2023-08-25,enter,cybersecurity,3.0,0.7749125874125874,CHKP|PANW|AKAM
2023-08-28,exit,cloud,15.0,0.5384615384615384,DLR|EQIX|MDB
2023-08-28,exit,business_apps,19.0,0.5192307692307693,ADSK|INTU|WDAY
2023-08-28,exit,cybersecurity,34.0,0.12412587412587414,CHKP|PANW|AKAM
2023-08-28,enter,china_internet,1.0,0.8457167832167832,YMM|FUTU|TME
2023-08-28,enter,payments,2.0,0.806818181818182,AFRM|MA|V
2023-08-28,enter,gold,3.0,0.7906468531468532,PAAS|AEM|FNV
2023-08-29,exit,payments,12.0,0.6083916083916084,AFRM|MA|V
2023-08-29,exit,gold,10.0,0.6722027972027972,PAAS|AEM|FNV
2023-08-29,enter,business_apps,2.0,0.7587412587412588,INTU|WDAY|ORCL
2023-08-29,enter,asset_managers,3.0,0.7425699300699301,BX|KKR|BLK
2023-08-30,exit,china_internet,12.0,0.6053321678321679,YMM|FUTU|TME
2023-08-30,exit,asset_managers,9.0,0.6442307692307694,BX|KKR|BLK
2023-08-30,enter,fintech,1.0,0.8286713286713286,AFRM|FUTU|INTU
2023-08-30,enter,ai_apps,3.0,0.7897727272727273,BIDU|DUOL|SOUN
2023-08-31,enter,workflow_software,1.0,0.792395104895105,WDAY|CRM|TEAM
2023-09-01,exit,ai_apps,13.0,0.5454545454545454,BIDU|DUOL|SOUN
2023-09-01,enter,china_internet,1.0,0.8496503496503497,FUTU|PDD|YMM
2023-09-01,enter,oil_exploration,3.0,0.7425699300699301,USO|COP|DVN
2023-09-05,exit,fintech,15.0,0.5502622377622377,AFRM|FUTU|INTU
2023-09-05,exit,china_internet,23.0,0.4256993006993008,FUTU|PDD|YMM
2023-09-05,enter,uranium,1.0,0.7727272727272727,UEC|LEU|UUUU
2023-09-05,enter,nuclear,3.0,0.7635489510489512,UEC|VST|LEU
2023-09-06,exit,uranium,11.0,0.556381118881119,UEC|LEU|UUUU
2023-09-07,exit,oil_exploration,18.0,0.5633741258741258,USO|COP|DVN
2023-09-07,enter,cybersecurity,2.0,0.7867132867132866,OKTA|ZS|CRWD
2023-09-07,enter,cloud,3.0,0.7277097902097902,ZS|ORCL|DOCU
2023-09-08,exit,business_apps,10.0,0.6302447552447553,INTU|WDAY|ORCL
2023-09-08,exit,cybersecurity,15.0,0.5983391608391608,OKTA|ZS|CRWD
2023-09-08,enter,travel,1.0,0.8015734265734266,ABNB|HLT|EXPE
2023-09-08,enter,oil_exploration,2.0,0.7679195804195803,EOG|USO|COP
2023-09-11,exit,oil_exploration,26.0,0.41739510489510484,EOG|USO|COP
2023-09-11,enter,uranium,1.0,0.8286713286713286,UEC|NXE|DNN
2023-09-12,exit,workflow_software,18.0,0.4991258741258741,WDAY|CRM|TEAM
2023-09-12,exit,cloud,27.0,0.3304195804195804,ZS|ORCL|DOCU
2023-09-12,exit,uranium,10.0,0.6442307692307692,UEC|NXE|DNN
2023-09-12,enter,insurance,1.0,0.8404720279720281,CB|PGR|AIG
2023-09-12,enter,mega_banks,2.0,0.8011363636363636,WFC|GS|MS
2023-09-12,enter,asset_managers,3.0,0.7526223776223777,GS|KKR|BX
2023-09-13,exit,travel,15.0,0.555506993006993,ABNB|HLT|EXPE
2023-09-13,enter,uranium,2.0,0.8465909090909091,UEC|DNN|NXE
2023-09-14,enter,regional_banks,3.0,0.7937062937062936,PNC|FITB|KEY
2023-09-15,exit,regional_banks,9.0,0.7019230769230769,PNC|FITB|KEY
2023-09-15,enter,gold,2.0,0.8068181818181818,PAAS|NEM|WPM
2023-09-15,enter,payments,3.0,0.7832167832167832,AXP|AFRM|FIS
2023-09-18,exit,asset_managers,9.0,0.6333041958041957,GS|KKR|BX
2023-09-19,exit,payments,12.0,0.5821678321678323,AXP|AFRM|FIS
2023-09-19,enter,autos,2.0,0.7456293706293706,TM|MBLY|GM
2023-09-19,enter,aerospace,3.0,0.7373251748251748,HON|ASTS|LHX
2023-09-20,exit,nuclear,14.0,0.5297202797202798,UEC|VST|LEU
2023-09-20,exit,mega_banks,10.0,0.5786713286713286,WFC|GS|MS
2023-09-20,exit,autos,13.0,0.5423951048951049,TM|MBLY|GM
2023-09-20,enter,consumer_staples,3.0,0.7587412587412586,CL|COST|PG
2023-09-21,exit,uranium,29.0,0.3767482517482517,UEC|DNN|NXE
2023-09-21,enter,defense,2.0,0.7360139860139859,NOC|LHX|LMT
2023-09-22,exit,gold,14.0,0.5633741258741258,PAAS|NEM|WPM
2023-09-22,exit,aerospace,18.0,0.5109265734265734,HON|ASTS|LHX
2023-09-22,exit,consumer_staples,10.0,0.6000874125874126,CL|COST|PG
2023-09-22,exit,defense,17.0,0.5174825174825175,NOC|LHX|LMT
2023-09-22,enter,china_internet,1.0,0.7744755244755245,NTES|BABA|KWEB
2023-09-22,enter,uranium,2.0,0.7067307692307692,LEU|CCJ|DNN
2023-09-25,exit,insurance,9.0,0.5795454545454546,CB|PGR|AIG
2023-09-25,exit,china_internet,13.0,0.5266608391608391,NTES|BABA|KWEB
2023-09-25,enter,nuclear,2.0,0.7421328671328672,LEU|UUUU|DNN
2023-09-25,enter,semis,3.0,0.666958041958042,SMCI|ON|MU
2023-09-26,exit,uranium,10.0,0.6201923076923076,LEU|CCJ|DNN
2023-09-26,exit,semis,11.0,0.6127622377622378,SMCI|ON|MU
2023-09-26,enter,pharma,1.0,0.826048951048951,AMGN|ABBV|GILD
2023-09-26,enter,biotech,2.0,0.7849650349650349,AMGN|ABBV|REGN
2023-09-27,exit,pharma,24.0,0.43793706293706297,AMGN|ABBV|GILD
2023-09-27,exit,biotech,12.0,0.5585664335664335,AMGN|ABBV|REGN
2023-09-27,enter,oil_exploration,1.0,0.8304195804195803,USO|FANG|EOG
2023-09-27,enter,semis,3.0,0.6652097902097902,TER|SMCI|MU
2023-09-28,exit,oil_exploration,19.0,0.4768356643356644,USO|FANG|EOG
2023-09-28,enter,uranium,1.0,0.8282342657342657,DNN|UEC|LEU
2023-09-28,enter,ai_infrastructure,3.0,0.7465034965034966,NET|SMCI|AMD
2023-09-29,exit,nuclear,30.0,0.34309440559440557,LEU|UUUU|DNN
2023-09-29,exit,uranium,27.0,0.38505244755244755,DNN|UEC|LEU
2023-09-29,enter,ai_apps,1.0,0.7639860139860141,PLTR|DUOL|SOUN
2023-09-29,enter,dev_tools,3.0,0.7333916083916082,TEAM|DDOG|MDB
2023-10-02,enter,cybersecurity,1.0,0.770541958041958,ZS|CRWD|NET
2023-10-03,exit,ai_apps,11.0,0.5909090909090909,PLTR|DUOL|SOUN
2023-10-03,exit,dev_tools,10.0,0.6057692307692308,TEAM|DDOG|MDB
2023-10-03,enter,defense,2.0,0.6748251748251748,NOC|GD|LDOS
2023-10-04,exit,cybersecurity,12.0,0.5777972027972028,ZS|CRWD|NET
2023-10-04,exit,defense,26.0,0.4554195804195804,NOC|GD|LDOS
2023-10-04,enter,vertical_software,3.0,0.7277097902097903,PLTR|CDNS|ADSK
2023-10-05,exit,semis,17.0,0.5751748251748251,TER|SMCI|MU
2023-10-05,exit,vertical_software,10.0,0.6149475524475525,PLTR|CDNS|ADSK
2023-10-05,enter,ai_apps,1.0,0.7259615384615385,TSLA|DUOL|PLTR
2023-10-05,enter,insurance,2.0,0.6888111888111887,PGR|CB|ALL
2023-10-05,enter,pharma,3.0,0.6590909090909091,PFE|XLV|JNJ
2023-10-06,exit,ai_apps,11.0,0.5620629370629371,TSLA|DUOL|PLTR
2023-10-06,exit,insurance,21.0,0.4951923076923077,PGR|CB|ALL
2023-10-06,exit,pharma,23.0,0.49213286713286714,PFE|XLV|JNJ
2023-10-06,enter,cybersecurity,2.0,0.7543706293706295,CRWD|PANW|ZS
2023-10-06,enter,dev_tools,3.0,0.7351398601398602,SNOW|CDNS|DDOG
2023-10-09,exit,ai_infrastructure,11.0,0.5808566433566433,NET|SMCI|AMD
2023-10-09,exit,cybersecurity,10.0,0.6263111888111889,CRWD|PANW|ZS
2023-10-09,enter,defense,1.0,0.8518356643356644,KTOS|LMT|GD
2023-10-09,enter,oil_exploration,2.0,0.7517482517482517,FANG|COP|OXY
2023-10-09,enter,vertical_software,3.0,0.7141608391608392,PLTR|CDNS|LDOS
2023-10-10,exit,defense,10.0,0.6722027972027972,KTOS|LMT|GD
2023-10-10,exit,oil_exploration,34.0,0.17045454545454541,FANG|COP|OXY
2023-10-10,enter,china_internet,1.0,0.8570804195804197,FUTU|NTES|YMM
2023-10-10,enter,fintech,3.0,0.7587412587412586,FUTU|INTU|COIN
2023-10-11,exit,dev_tools,12.0,0.6416083916083917,SNOW|CDNS|DDOG
2023-10-11,enter,defense,2.0,0.784965034965035,AXON|KTOS|PLTR
2023-10-11,enter,gold,3.0,0.7604895104895104,NEM|AEM|FNV
2023-10-12,exit,china_internet,12.0,0.6293706293706295,FUTU|NTES|YMM
2023-10-12,exit,fintech,11.0,0.6398601398601399,FUTU|INTU|COIN
2023-10-12,exit,gold,20.0,0.4925699300699301,NEM|AEM|FNV
2023-10-12,enter,ai_infrastructure,1.0,0.7871503496503496,AVGO|VRT|KLAC
2023-10-12,enter,cybersecurity,2.0,0.7788461538461539,CRWD|ZS|PANW
2023-10-12,enter,data_centers,3.0,0.7517482517482519,AVGO|VRT|ETN
2023-10-13,exit,vertical_software,16.0,0.5039335664335665,PLTR|CDNS|LDOS
2023-10-13,exit,ai_infrastructure,27.0,0.3828671328671329,AVGO|VRT|KLAC
2023-10-13,exit,cybersecurity,13.0,0.5179195804195805,CRWD|ZS|PANW
2023-10-13,exit,data_centers,17.0,0.48382867132867136,AVGO|VRT|ETN
2023-10-13,enter,oil_exploration,1.0,0.8597027972027972,EOG|FANG|DVN
2023-10-13,enter,gold,2.0,0.8177447552447551,AEM|GLD|PAAS
2023-10-16,exit,defense,30.0,0.3605769230769231,AXON|KTOS|PLTR
2023-10-16,exit,gold,19.0,0.5201048951048951,AEM|GLD|PAAS
2023-10-16,enter,regional_banks,1.0,0.8125,TFC|USB|KEY
2023-10-16,enter,insurance,2.0,0.7639860139860141,PGR|ALL|TRV
2023-10-16,enter,payments,3.0,0.7312062937062935,V|AXP|COF
2023-10-18,exit,regional_banks,11.0,0.5690559440559441,TFC|USB|KEY
2023-10-18,exit,payments,19.0,0.4361888111888112,V|AXP|COF
2023-10-18,enter,consumer_staples,2.0,0.7220279720279721,DG|CL|PG
2023-10-19,exit,insurance,10.0,0.6363636363636364,PGR|ALL|TRV
2023-10-19,enter,gold,2.0,0.770541958041958,PAAS|GLD|AEM
2023-10-20,exit,oil_exploration,12.0,0.5791083916083917,EOG|FANG|DVN
2023-10-20,enter,restaurants,3.0,0.6866258741258742,TXRH|MCD|DRI
2023-10-23,exit,gold,14.0,0.5839160839160839,PAAS|GLD|AEM
2023-10-23,enter,consumer_internet,1.0,0.7176573426573428,SNAP|NFLX|GOOGL
2023-10-23,enter,defense,2.0,0.6997377622377622,RTX|LHX|LMT
2023-10-24,exit,defense,24.0,0.46896853146853146,RTX|LHX|LMT
2023-10-24,enter,china_internet,1.0,0.8409090909090909,TME|PDD|TCOM
2023-10-24,enter,uranium,2.0,0.8164335664335666,UEC|NXE|UUUU
2023-10-25,exit,consumer_internet,15.0,0.5874125874125874,SNAP|NFLX|GOOGL
2023-10-25,exit,china_internet,13.0,0.6057692307692308,TME|PDD|TCOM
2023-10-25,enter,aerospace,2.0,0.8041958041958043,RTX|GD|GE
2023-10-26,exit,restaurants,14.0,0.6075174825174824,TXRH|MCD|DRI
2023-10-26,exit,uranium,22.0,0.48513986013986005,UEC|NXE|UUUU
2023-10-26,enter,defense,1.0,0.7674825174825175,RTX|GD|KTOS
2023-10-26,enter,retail,3.0,0.7574300699300699,DG|JD|WMT
2023-10-27,exit,consumer_staples,13.0,0.6140734265734266,DG|CL|PG
2023-10-27,exit,defense,11.0,0.6499125874125874,RTX|GD|KTOS
2023-10-27,enter,china_internet,1.0,0.8181818181818183,TCOM|YMM|NTES
2023-10-27,enter,consumer,2.0,0.7447552447552447,CMG|TXRH|DRI
2023-10-27,enter,travel,3.0,0.7408216783216783,HLT|TCOM|EXPE
2023-10-30,exit,china_internet,9.0,0.6914335664335663,TCOM|YMM|NTES
2023-10-30,exit,consumer,10.0,0.6800699300699301,CMG|TXRH|DRI
2023-10-30,enter,consumer_staples,1.0,0.7696678321678323,KO|CL|MCD
2023-10-30,enter,insurance,2.0,0.7670454545454547,TRV|CB|AIG
2023-10-31,exit,retail,14.0,0.5756118881118881,DG|JD|WMT
2023-10-31,exit,travel,23.0,0.49388111888111885,HLT|TCOM|EXPE
2023-10-31,enter,defense,3.0,0.7513111888111887,LDOS|RTX|LHX
2023-11-01,exit,consumer_staples,29.0,0.34178321678321677,KO|CL|MCD
2023-11-01,exit,defense,16.0,0.5804195804195803,LDOS|RTX|LHX
2023-11-01,enter,ai_infrastructure,1.0,0.736013986013986,ANET|AMD|MPWR
2023-11-01,enter,asset_managers,2.0,0.7281468531468532,SCHW|GS|KKR
2023-11-02,exit,insurance,29.0,0.3513986013986014,TRV|CB|AIG
2023-11-02,exit,ai_infrastructure,16.0,0.5445804195804196,ANET|AMD|MPWR
2023-11-02,exit,asset_managers,10.0,0.6145104895104895,SCHW|GS|KKR
2023-11-02,enter,payments,1.0,0.8133741258741258,AFRM|COF|GPN
2023-11-02,enter,regional_banks,2.0,0.7893356643356644,COF|HBAN|USB
2023-11-02,enter,fintech,3.0,0.7775349650349651,AFRM|COIN|GPN
2023-11-03,exit,aerospace,11.0,0.6394230769230769,RTX|GD|GE
2023-11-03,enter,asset_managers,2.0,0.7928321678321679,GS|KKR|BLK
2023-11-06,exit,regional_banks,19.0,0.5428321678321679,COF|HBAN|USB
2023-11-06,exit,asset_managers,18.0,0.5603146853146853,GS|KKR|BLK
2023-11-06,enter,vertical_software,2.0,0.736451048951049,PLTR|LDOS|ORCL
2023-11-07,exit,vertical_software,10.0,0.7049825174825176,PLTR|LDOS|ORCL
2023-11-07,enter,ai_apps,1.0,0.7797202797202798,APP|RXRX|PLTR
2023-11-07,enter,dev_tools,2.0,0.7657342657342658,DDOG|MDB|SNOW
2023-11-07,enter,biotech,3.0,0.7451923076923077,CRSP|ALNY|REGN
2023-11-08,exit,biotech,24.0,0.5131118881118881,CRSP|ALNY|REGN
2023-11-09,exit,payments,9.0,0.6162587412587412,AFRM|COF|GPN
2023-11-09,exit,fintech,20.0,0.5122377622377623,AFRM|COIN|GPN
2023-11-09,exit,ai_apps,10.0,0.6009615384615384,APP|RXRX|PLTR
2023-11-09,enter,semis,1.0,0.7867132867132867,NVDA|MU|MRVL
2023-11-09,enter,travel,2.0,0.7819055944055943,DIS|UBER|EXPE
2023-11-09,enter,ai_infrastructure,3.0,0.7657342657342657,NVDA|MU|AVGO
2023-11-10,exit,travel,10.0,0.6634615384615384,DIS|UBER|EXPE
2023-11-13,exit,semis,19.0,0.5537587412587412,NVDA|MU|MRVL
2023-11-13,exit,ai_infrastructure,18.0,0.5786713286713286,NVDA|MU|AVGO
2023-11-13,enter,travel,2.0,0.7980769230769231,UBER|DIS|HLT
2023-11-13,enter,uranium,3.0,0.7915209790209792,UEC|DNN|UUUU
2023-11-14,exit,dev_tools,9.0,0.6612762237762237,DDOG|MDB|SNOW
2023-11-14,exit,uranium,22.0,0.45541958041958047,UEC|DNN|UUUU
2023-11-14,enter,business_apps,1.0,0.7513111888111889,AI|INTU|WDAY
2023-11-14,enter,semis,2.0,0.729020979020979,SMCI|MRVL|AMAT
2023-11-14,enter,ai_infrastructure,3.0,0.7128496503496503,SMCI|MRVL|AMAT
2023-11-15,exit,business_apps,16.0,0.5629370629370629,AI|INTU|WDAY
2023-11-15,exit,ai_infrastructure,12.0,0.625437062937063,SMCI|MRVL|AMAT
2023-11-15,enter,retail,2.0,0.7395104895104896,TGT|JD|PDD
2023-11-15,enter,china_internet,3.0,0.7342657342657343,JD|TME|KWEB
2023-11-16,exit,retail,29.0,0.3990384615384615,TGT|JD|PDD
2023-11-16,exit,china_internet,30.0,0.39117132867132876,JD|TME|KWEB
2023-11-16,enter,medtech,1.0,0.7819055944055943,DXCM|ISRG|MDT
2023-11-16,enter,workflow_software,3.0,0.7176573426573427,PATH|HUBS|CRM
2023-11-17,exit,travel,13.0,0.604895104895105,UBER|DIS|HLT
2023-11-17,exit,semis,15.0,0.5659965034965035,SMCI|MRVL|AMAT
2023-11-17,exit,medtech,17.0,0.5576923076923077,DXCM|ISRG|MDT
2023-11-17,exit,workflow_software,16.0,0.5616258741258742,PATH|HUBS|CRM
2023-11-17,enter,uranium,1.0,0.7998251748251749,DNN|UEC|NXE
2023-11-17,enter,robotics,2.0,0.7351398601398601,ISRG|OUST|SYM
2023-11-17,enter,regional_banks,3.0,0.729895104895105,KEY|USB|FITB
2023-11-20,exit,uranium,30.0,0.38636363636363635,DNN|UEC|NXE
2023-11-20,exit,robotics,15.0,0.569493006993007,ISRG|OUST|SYM
2023-11-20,exit,regional_banks,16.0,0.5633741258741258,KEY|USB|FITB
2023-11-20,enter,china_internet,1.0,0.8229895104895104,YMM|TME|PDD
2023-11-20,enter,workflow_software,2.0,0.7902097902097902,ZM|DOCU|HUBS
2023-11-20,enter,semis,3.0,0.7626748251748251,ARM|INTC|SMCI
2023-11-21,exit,workflow_software,9.0,0.6542832167832168,ZM|DOCU|HUBS
2023-11-21,exit,semis,23.0,0.4908216783216783,ARM|INTC|SMCI
2023-11-21,enter,consumer_staples,1.0,0.7604895104895105,MCD|KO|TGT
2023-11-21,enter,medtech,2.0,0.7556818181818183,MDT|TMO|ISRG
2023-11-21,enter,cybersecurity,3.0,0.728583916083916,GEN|NET|ZS
2023-11-22,exit,china_internet,29.0,0.30594405594405594,YMM|TME|PDD
2023-11-22,exit,consumer_staples,16.0,0.5262237762237761,MCD|KO|TGT
2023-11-22,enter,travel,2.0,0.6708916083916083,MAR|HLT|EXPE
2023-11-22,enter,biotech,3.0,0.6604020979020978,CRSP|NTLA|MRNA
2023-11-24,exit,travel,28.0,0.3701923076923077,MAR|HLT|EXPE
2023-11-24,enter,retail,1.0,0.783653846153846,PDD|DG|KR
2023-11-24,enter,nuclear,2.0,0.7473776223776224,NXE|SMR|UEC
2023-11-27,exit,medtech,10.0,0.6866258741258741,MDT|TMO|ISRG
2023-11-27,exit,biotech,27.0,0.451486013986014,CRSP|NTLA|MRNA
2023-11-27,exit,retail,11.0,0.6695804195804197,PDD|DG|KR
2023-11-27,exit,nuclear,12.0,0.6486013986013985,NXE|SMR|UEC
2023-11-27,enter,fintech,2.0,0.8133741258741259,AFRM|COIN|FIS
2023-11-27,enter,gold,3.0,0.7491258741258741,AEM|GOLD|PAAS
2023-11-29,exit,gold,15.0,0.5633741258741258,AEM|GOLD|PAAS
2023-11-29,enter,dev_tools,1.0,0.8081293706293705,TEAM|SNOW|MDB
2023-11-29,enter,asset_managers,3.0,0.771416083916084,KKR|SCHW|BX
2023-11-30,exit,cybersecurity,10.0,0.6201923076923076,GEN|NET|ZS
2023-11-30,exit,dev_tools,15.0,0.5869755244755245,TEAM|SNOW|MDB
2023-11-30,enter,retail,2.0,0.7456293706293705,PDD|DG|DLTR
2023-11-30,enter,payments,3.0,0.743006993006993,FIS|AXP|AFRM
2023-12-01,exit,retail,20.0,0.5152972027972028,PDD|DG|DLTR
2023-12-01,enter,regional_banks,1.0,0.8256118881118881,FITB|KEY|HBAN
2023-12-01,enter,workflow_software,3.0,0.7871503496503496,PATH|CRM|WDAY
2023-12-04,exit,workflow_software,9.0,0.6892482517482517,PATH|CRM|WDAY
2023-12-04,enter,aerospace,2.0,0.7639860139860141,LUNR|SPIR|LHX
2023-12-05,exit,asset_managers,9.0,0.6389860139860141,KKR|SCHW|BX
2023-12-05,exit,aerospace,18.0,0.5122377622377623,LUNR|SPIR|LHX
2023-12-05,enter,workflow_software,1.0,0.9012237762237761,PATH|WDAY|DOCU
2023-12-07,enter,travel,3.0,0.7836538461538461,ABNB|UBER|BKNG
2023-12-08,exit,payments,12.0,0.6066433566433568,FIS|AXP|AFRM
2023-12-08,enter,mega_banks,3.0,0.7229020979020979,WFC|C|MS
2023-12-11,exit,fintech,16.0,0.5659965034965035,AFRM|COIN|FIS
2023-12-11,exit,regional_banks,24.0,0.4812062937062937,FITB|KEY|HBAN
2023-12-11,exit,workflow_software,11.0,0.6009615384615385,PATH|WDAY|DOCU
2023-12-11,exit,mega_banks,28.0,0.42001748251748255,WFC|C|MS
2023-12-11,enter,semis,1.0,0.8015734265734267,AMD|AVGO|ON
2023-12-11,enter,ai_infrastructure,2.0,0.7526223776223776,AMD|AVGO|ANET
2023-12-12,enter,workflow_software,1.0,0.7749125874125874,DOCU|TEAM|HUBS
2023-12-12,enter,consumer_internet,3.0,0.7237762237762236,TME|SNAP|BKNG
2023-12-13,exit,travel,25.0,0.45367132867132876,ABNB|UBER|BKNG
2023-12-13,exit,ai_infrastructure,10.0,0.5952797202797203,AMD|AVGO|ANET
2023-12-13,exit,workflow_software,21.0,0.4847027972027972,DOCU|TEAM|HUBS
2023-12-13,enter,asset_managers,1.0,0.743881118881119,BX|MS|SCHW
2023-12-13,enter,regional_banks,2.0,0.742132867132867,COF|USB|KEY
2023-12-14,exit,consumer_internet,23.0,0.4278846153846155,TME|SNAP|BKNG
2023-12-14,enter,mega_banks,3.0,0.7893356643356643,MS|GS|WFC
2023-12-15,exit,regional_banks,10.0,0.6171328671328672,COF|USB|KEY
2023-12-15,exit,mega_banks,9.0,0.6560314685314687,MS|GS|WFC
2023-12-15,enter,cybersecurity,1.0,0.8103146853146852,FTNT|OKTA|TENB
2023-12-15,enter,business_apps,2.0,0.7565559440559442,DOCU|HUBS|ADSK
2023-12-18,exit,semis,12.0,0.5804195804195804,AMD|AVGO|ON
2023-12-18,exit,cybersecurity,14.0,0.5708041958041957,FTNT|OKTA|TENB
2023-12-18,exit,business_apps,15.0,0.5699300699300699,DOCU|HUBS|ADSK
2023-12-18,enter,oil_exploration,1.0,0.7111013986013986,DVN|FANG|APA
2023-12-18,enter,ai_infrastructure,3.0,0.6708916083916083,SMCI|AVGO|MRVL
2023-12-19,exit,ai_infrastructure,22.0,0.4567307692307693,SMCI|AVGO|MRVL
2023-12-19,enter,regional_banks,1.0,0.8662587412587414,FITB|PNC|KEY
2023-12-19,enter,mega_banks,3.0,0.7867132867132866,MS|AXP|C
2023-12-20,exit,regional_banks,10.0,0.604458041958042,FITB|PNC|KEY
2023-12-20,enter,cloud,3.0,0.6818181818181818,TEAM|GOOGL|AMZN
2023-12-21,exit,asset_managers,34.0,0.27010489510489505,BX|MS|SCHW
2023-12-21,exit,oil_exploration,18.0,0.520541958041958,DVN|FANG|APA
2023-12-21,exit,mega_banks,27.0,0.3999125874125874,MS|AXP|C
2023-12-21,enter,fintech,2.0,0.7027972027972028,COIN|AFRM|XYZ
2023-12-21,enter,consumer_internet,3.0,0.673513986013986,EXPE|GOOGL|META
2023-12-22,exit,cloud,22.0,0.388986013986014,TEAM|GOOGL|AMZN
2023-12-22,exit,consumer_internet,31.0,0.28715034965034963,EXPE|GOOGL|META
2023-12-22,enter,biotech,1.0,0.832604895104895,EXAS|MRNA|RXRX
2023-12-22,enter,gold,2.0,0.8090034965034963,PAAS|GOLD|AEM
2023-12-22,enter,pharma,3.0,0.7373251748251747,BMY|AMGN|MRK
2023-12-26,exit,fintech,9.0,0.5852272727272727,COIN|AFRM|XYZ
2023-12-26,exit,gold,15.0,0.548513986013986,PAAS|GOLD|AEM
2023-12-26,exit,pharma,23.0,0.4772727272727272,BMY|AMGN|MRK
2023-12-26,enter,oil_exploration,1.0,0.8430944055944056,APA|OXY|DVN
2023-12-26,enter,aerospace,2.0,0.7779720279720281,RKLB|ASTS|SPIR
2023-12-26,enter,defense,3.0,0.7263986013986015,RKLB|RTX|GD
2023-12-27,exit,oil_exploration,21.0,0.47770979020979015,APA|OXY|DVN
2023-12-27,exit,defense,10.0,0.6311188811188809,RKLB|RTX|GD
2023-12-27,enter,consumer_staples,2.0,0.7648601398601399,DLTR|TGT|WMT
2023-12-28,exit,consumer_staples,9.0,0.6883741258741258,DLTR|TGT|WMT
2023-12-28,enter,china_internet,1.0,0.7867132867132867,JD|FUTU|BILI
2023-12-28,enter,medtech,2.0,0.7832167832167835,EXAS|SYK|DXCM
2023-12-28,enter,fintech,3.0,0.7740384615384616,COIN|AFRM|XYZ
2023-12-29,exit,fintech,14.0,0.5965909090909091,COIN|AFRM|XYZ
2023-12-29,enter,consumer_staples,2.0,0.8173076923076924,MDLZ|WMT|MCD
2024-01-02,exit,aerospace,15.0,0.5664335664335665,RKLB|ASTS|SPIR
2024-01-02,exit,china_internet,11.0,0.5965909090909092,JD|FUTU|BILI
2024-01-02,exit,medtech,9.0,0.6691433566433566,EXAS|SYK|DXCM
2024-01-02,enter,pharma,1.0,0.8509615384615384,MRK|AMGN|ABBV
2024-01-03,enter,china_internet,1.0,0.8208041958041956,TCOM|BILI|BIDU
2024-01-04,exit,china_internet,9.0,0.6713286713286712,TCOM|BILI|BIDU
2024-01-04,enter,regional_banks,2.0,0.8282342657342657,FITB|HBAN|TFC
2024-01-04,enter,mega_banks,3.0,0.8208041958041957,C|JPM|AXP
2024-01-05,enter,insurance,2.0,0.8505244755244755,MET|ALL|AIG
2024-01-08,exit,consumer_staples,16.0,0.5812937062937064,MDLZ|WMT|MCD
2024-01-08,exit,mega_banks,12.0,0.6171328671328672,C|JPM|AXP
2024-01-08,enter,data_centers,2.0,0.7097902097902098,NVDA|SMCI|DELL
2024-01-09,exit,biotech,28.0,0.38636363636363635,EXAS|MRNA|RXRX
2024-01-09,exit,regional_banks,23.0,0.4527972027972027,FITB|HBAN|TFC
2024-01-09,exit,insurance,10.0,0.6761363636363638,MET|ALL|AIG
2024-01-09,enter,medtech,1.0,0.8221153846153845,MDT|DXCM|BSX
2024-01-09,enter,cybersecurity,2.0,0.791083916083916,CRWD|ZS|TENB
2024-01-09,enter,uranium,3.0,0.7792832167832169,CCJ|NXE|UEC
2024-01-10,exit,pharma,17.0,0.5909090909090909,MRK|AMGN|ABBV
2024-01-10,exit,data_centers,9.0,0.6748251748251748,NVDA|SMCI|DELL
2024-01-10,exit,uranium,15.0,0.618006993006993,CCJ|NXE|UEC
2024-01-10,enter,dev_tools,1.0,0.7666083916083917,SNOW|TEAM|DDOG
2024-01-11,exit,medtech,10.0,0.6420454545454546,MDT|DXCM|BSX
2024-01-11,exit,dev_tools,9.0,0.6905594405594406,SNOW|TEAM|DDOG
2024-01-11,enter,ai_infrastructure,1.0,0.8500874125874125,NVDA|MRVL|SMCI
2024-01-11,enter,business_apps,2.0,0.8024475524475525,CRM|DOCU|MSFT
2024-01-11,enter,semis,3.0,0.7819055944055944,MRVL|NVDA|SMCI
2024-01-12,exit,semis,12.0,0.6219405594405594,MRVL|NVDA|SMCI
2024-01-12,enter,uranium,1.0,0.7805944055944056,UEC|CCJ|DNN
2024-01-12,enter,cloud,3.0,0.7657342657342658,DOCU|WDAY|ZS
2024-01-16,exit,business_apps,11.0,0.6708916083916083,CRM|DOCU|MSFT
2024-01-16,enter,dev_tools,2.0,0.8238636363636364,CDNS|MDB|DDOG
2024-01-17,exit,cybersecurity,11.0,0.6267482517482518,CRWD|ZS|TENB
2024-01-17,exit,ai_infrastructure,13.0,0.5852272727272727,NVDA|MRVL|SMCI
2024-01-17,exit,cloud,10.0,0.6271853146853146,DOCU|WDAY|ZS
2024-01-17,enter,workflow_software,2.0,0.7054195804195805,CRM|NOW|DOCU
2024-01-17,enter,insurance,3.0,0.6923076923076924,PGR|CB|TRV
2024-01-18,exit,uranium,12.0,0.5668706293706294,UEC|CCJ|DNN
2024-01-18,exit,dev_tools,13.0,0.5607517482517483,CDNS|MDB|DDOG
2024-01-18,exit,workflow_software,16.0,0.527972027972028,CRM|NOW|DOCU
2024-01-18,enter,semis,1.0,0.7801573426573425,TSM|AMD|MRVL
2024-01-18,enter,ai_infrastructure,2.0,0.7548076923076924,TSM|AMD|MRVL
2024-01-22,exit,ai_infrastructure,9.0,0.6197552447552447,TSM|AMD|MRVL
2024-01-22,enter,dev_tools,1.0,0.7687937062937064,CDNS|DDOG|TEAM
2024-01-22,enter,vertical_software,2.0,0.7600524475524475,CDNS|PLTR|ADSK
2024-01-23,exit,insurance,14.0,0.5690559440559442,PGR|CB|TRV
2024-01-23,exit,dev_tools,10.0,0.6066433566433568,CDNS|DDOG|TEAM
2024-01-23,exit,vertical_software,13.0,0.5777972027972028,CDNS|PLTR|ADSK
2024-01-23,enter,consumer_internet,2.0,0.6918706293706295,APP|ABNB|BABA
2024-01-23,enter,ai_infrastructure,3.0,0.6883741258741259,SMCI|TSM|KLAC
2024-01-24,enter,china_internet,3.0,0.8111888111888113,BABA|YMM|NTES
2024-01-25,exit,china_internet,19.0,0.48251748251748255,BABA|YMM|NTES
2024-01-25,enter,data_centers,1.0,0.8295454545454546,WDC|STX|SMCI
2024-01-25,enter,mega_banks,2.0,0.7338286713286714,WFC|BAC|AXP
2024-01-26,exit,semis,30.0,0.3260489510489511,TSM|AMD|MRVL
2024-01-26,exit,ai_infrastructure,28.0,0.3513986013986014,SMCI|TSM|KLAC
2024-01-26,exit,data_centers,17.0,0.5131118881118881,WDC|STX|SMCI
2024-01-26,exit,mega_banks,12.0,0.5690559440559442,WFC|BAC|AXP
2024-01-26,enter,payments,2.0,0.7552447552447553,AXP|COF|GPN
2024-01-26,enter,oil_exploration,3.0,0.7377622377622378,USO|EOG|FANG
2024-01-29,exit,payments,14.0,0.568618881118881,AXP|COF|GPN
2024-01-29,exit,oil_exploration,22.0,0.5008741258741258,USO|EOG|FANG
2024-01-29,enter,workflow_software,2.0,0.7381993006993007,TEAM|NOW|HUBS
2024-01-29,enter,cloud,3.0,0.715034965034965,GOOGL|SNOW|TEAM
2024-01-30,exit,consumer_internet,20.0,0.548513986013986,APP|ABNB|BABA
2024-01-30,exit,workflow_software,22.0,0.5192307692307692,TEAM|NOW|HUBS
2024-01-30,exit,cloud,16.0,0.5965909090909091,GOOGL|SNOW|TEAM
2024-01-30,enter,mega_banks,1.0,0.8575174825174825,C|AXP|BAC
2024-01-30,enter,oil_exploration,2.0,0.7937062937062936,COP|EOG|FANG
2024-01-30,enter,nuclear,3.0,0.7447552447552447,OKLO|DNN|VST
2024-01-31,exit,oil_exploration,18.0,0.5340909090909091,COP|EOG|FANG
2024-01-31,enter,medtech,2.0,0.8146853146853148,SYK|EW|BSX
2024-01-31,enter,consumer_staples,3.0,0.7517482517482517,CL|WMT|MDLZ
2024-02-01,exit,mega_banks,22.0,0.46416083916083917,C|AXP|BAC
2024-02-01,exit,medtech,9.0,0.6407342657342658,SYK|EW|BSX
2024-02-01,enter,uranium,2.0,0.777534965034965,NXE|DNN|UEC
2024-02-01,enter,consumer,3.0,0.7683566433566432,CMG|TXRH|DRI
2024-02-02,exit,uranium,27.0,0.4606643356643357,NXE|DNN|UEC
2024-02-02,enter,data_centers,1.0,0.7320804195804197,ETN|VRT|VST
2024-02-02,enter,ai_infrastructure,2.0,0.7277097902097902,VRT|SMCI|ANET
2024-02-02,enter,dev_tools,3.0,0.701923076923077,MDB|DDOG|SNOW
2024-02-05,exit,nuclear,12.0,0.6402972027972028,OKLO|DNN|VST
2024-02-05,exit,consumer,15.0,0.5856643356643357,CMG|TXRH|DRI
2024-02-05,exit,dev_tools,20.0,0.5292832167832168,MDB|DDOG|SNOW
2024-02-05,enter,medtech,1.0,0.8138111888111887,EW|SYK|BSX
2024-02-05,enter,semis,2.0,0.7858391608391609,SMCI|NVDA|ON
2024-02-06,exit,consumer_staples,12.0,0.6289335664335665,CL|WMT|MDLZ
2024-02-06,exit,data_centers,10.0,0.645541958041958,ETN|VRT|VST
2024-02-06,exit,ai_infrastructure,17.0,0.590034965034965,VRT|SMCI|ANET
2024-02-06,exit,semis,18.0,0.5895979020979022,SMCI|NVDA|ON
2024-02-06,enter,china_internet,1.0,0.8479020979020979,TCOM|BILI|BABA
2024-02-06,enter,pharma,3.0,0.7534965034965035,LLY|ABBV|NVO
2024-02-07,exit,medtech,18.0,0.5358391608391608,EW|SYK|BSX
2024-02-07,exit,china_internet,19.0,0.5262237762237763,TCOM|BILI|BABA
2024-02-07,exit,pharma,22.0,0.5192307692307692,LLY|ABBV|NVO
2024-02-07,enter,ai_infrastructure,1.0,0.833041958041958,SMCI|NVDA|TSM
2024-02-07,enter,cybersecurity,2.0,0.7836538461538461,FTNT|CRWD|TENB
2024-02-07,enter,vertical_software,3.0,0.7744755244755245,PLTR|ORCL|LDOS
2024-02-08,exit,cybersecurity,15.0,0.605769230769231,FTNT|CRWD|TENB
2024-02-08,enter,ai_apps,1.0,0.778846153846154,PLTR|PINS|SOUN
2024-02-09,enter,semis,1.0,0.8444055944055944,ARM|MPWR|AMAT
2024-02-09,enter,cloud,3.0,0.7543706293706295,NET|MDB|SNOW
2024-02-12,exit,ai_infrastructure,10.0,0.6254370629370629,SMCI|NVDA|TSM
2024-02-12,exit,semis,9.0,0.6289335664335665,ARM|MPWR|AMAT
2024-02-12,exit,cloud,14.0,0.5546328671328672,NET|MDB|SNOW
2024-02-12,enter,aerospace,2.0,0.7263986013986015,SPIR|LUNR|RKLB
2024-02-12,enter,fintech,3.0,0.7246503496503497,HOOD|COIN|AFRM
2024-02-13,exit,vertical_software,11.0,0.6791958041958042,PLTR|ORCL|LDOS
2024-02-13,exit,ai_apps,17.0,0.5008741258741258,PLTR|PINS|SOUN
2024-02-13,enter,cybersecurity,1.0,0.8662587412587414,PANW|CRWD|NET
2024-02-13,enter,ai_infrastructure,2.0,0.7744755244755245,ARM|SMCI|AMAT
2024-02-14,exit,cybersecurity,9.0,0.673076923076923,PANW|CRWD|NET
2024-02-14,enter,dev_tools,3.0,0.7639860139860141,SNOW|DDOG|MDB
2024-02-15,exit,ai_infrastructure,19.0,0.5069930069930069,ARM|SMCI|AMAT
2024-02-15,exit,dev_tools,32.0,0.2578671328671328,SNOW|DDOG|MDB
2024-02-15,enter,oil_exploration,2.0,0.7888986013986015,OXY|FANG|APA
2024-02-15,enter,mega_banks,3.0,0.7111013986013986,WFC|JPM|BAC
2024-02-16,enter,retail,2.0,0.7744755244755244,DG|JD|KR
2024-02-20,exit,fintech,18.0,0.5638111888111889,HOOD|COIN|AFRM
2024-02-20,exit,oil_exploration,10.0,0.6599650349650349,OXY|FANG|APA
2024-02-20,enter,consumer_staples,1.0,0.8413461538461541,KR|WMT|DG
2024-02-21,exit,retail,13.0,0.6079545454545454,DG|JD|KR
2024-02-21,enter,oil_exploration,1.0,0.8212412587412588,FANG|APA|DVN
2024-02-21,enter,china_internet,3.0,0.7832167832167831,TCOM|JD|BILI
2024-02-22,exit,consumer_staples,9.0,0.6284965034965035,KR|WMT|DG
2024-02-22,exit,china_internet,16.0,0.5703671328671328,TCOM|JD|BILI
2024-02-22,enter,restaurants,3.0,0.7115384615384616,DRI|TXRH|YUM
2024-02-23,exit,oil_exploration,29.0,0.34571678321678323,FANG|APA|DVN
2024-02-23,enter,consumer_staples,1.0,0.903846153846154,TGT|WMT|KO
2024-02-23,enter,retail,2.0,0.8181818181818183,TGT|WMT|AMZN
2024-02-26,exit,aerospace,31.0,0.3330419580419581,SPIR|LUNR|RKLB
2024-02-26,exit,mega_banks,13.0,0.5979020979020978,WFC|JPM|BAC
2024-02-26,exit,restaurants,12.0,0.5983391608391608,DRI|TXRH|YUM
2024-02-26,exit,consumer_staples,10.0,0.6464160839160839,TGT|WMT|KO
2024-02-26,exit,retail,23.0,0.46241258741258745,TGT|WMT|AMZN
2024-02-26,enter,ai_infrastructure,1.0,0.7836538461538464,MU|DELL|ARM
2024-02-26,enter,semis,2.0,0.7631118881118881,MU|NVDA|ARM
2024-02-26,enter,data_centers,3.0,0.7456293706293706,PWR|DELL|VST
2024-02-27,exit,ai_infrastructure,15.0,0.5611888111888113,MU|DELL|ARM
2024-02-27,exit,semis,14.0,0.5638111888111887,MU|NVDA|ARM
2024-02-27,exit,data_centers,16.0,0.5576923076923077,PWR|DELL|VST
2024-02-27,enter,china_internet,1.0,0.8138111888111887,BIDU|FUTU|NTES
2024-02-27,enter,fintech,2.0,0.7823426573426572,HOOD|COIN|FUTU
2024-02-27,enter,ai_apps,3.0,0.7604895104895104,SOUN|RXRX|DUOL
2024-02-28,exit,china_internet,33.0,0.35751748251748255,BIDU|FUTU|NTES
2024-02-28,exit,ai_apps,9.0,0.6547202797202798,SOUN|RXRX|DUOL
2024-02-28,enter,data_centers,1.0,0.7521853146853147,CEG|VST|DELL
2024-02-28,enter,workflow_software,2.0,0.7504370629370629,ZM|CRM|HUBS
2024-02-28,enter,business_apps,3.0,0.7377622377622377,CRM|AI|INTU
2024-02-29,enter,ai_apps,2.0,0.6997377622377623,AI|DUOL|SOUN
2024-03-01,exit,fintech,11.0,0.6162587412587412,HOOD|COIN|FUTU
2024-03-01,exit,workflow_software,13.0,0.5437062937062936,ZM|CRM|HUBS
2024-03-01,enter,ai_infrastructure,1.0,0.7425699300699301,DELL|MRVL|AMD
2024-03-01,enter,uranium,2.0,0.7381993006993006,NXE|UEC|DNN
2024-03-04,exit,business_apps,10.0,0.5393356643356644,CRM|AI|INTU
2024-03-04,exit,ai_apps,18.0,0.49475524475524474,AI|DUOL|SOUN
2024-03-04,exit,uranium,23.0,0.4628496503496504,NXE|UEC|DNN
2024-03-04,enter,gold,1.0,0.806818181818182,NEM|AEM|GLD
2024-03-04,enter,regional_banks,2.0,0.8006993006993006,FITB|PNC|KEY
2024-03-05,exit,ai_infrastructure,10.0,0.6446678321678321,DELL|MRVL|AMD
2024-03-05,enter,mega_banks,3.0,0.7600524475524476,MS|BAC|WFC
2024-03-06,exit,regional_banks,14.0,0.5568181818181818,FITB|PNC|KEY
2024-03-06,exit,mega_banks,10.0,0.5743006993006993,MS|BAC|WFC
2024-03-06,enter,semis,2.0,0.756555944055944,TSM|AMD|MRVL
2024-03-06,enter,ai_infrastructure,3.0,0.7312062937062936,MRVL|AMD|TSM
2024-03-07,exit,data_centers,10.0,0.5708041958041958,CEG|VST|DELL
2024-03-08,exit,semis,16.0,0.5603146853146853,TSM|AMD|MRVL
2024-03-08,exit,ai_infrastructure,26.0,0.42263986013986016,MRVL|AMD|TSM
2024-03-08,enter,nuclear,2.0,0.7180944055944056,SMR|VST|OKLO
2024-03-08,enter,pharma,3.0,0.7084790209790209,BMY|GILD|NVO
2024-03-11,exit,nuclear,14.0,0.5646853146853147,SMR|VST|OKLO
2024-03-11,enter,china_internet,1.0,0.8592657342657343,BILI|FUTU|JD
2024-03-11,enter,oil_exploration,3.0,0.7478146853146853,DVN|EOG|COP
2024-03-12,exit,gold,27.0,0.4278846153846154,NEM|AEM|GLD
2024-03-12,exit,pharma,12.0,0.6442307692307692,BMY|GILD|NVO
2024-03-12,exit,oil_exploration,18.0,0.5152972027972028,DVN|EOG|COP
2024-03-12,enter,workflow_software,2.0,0.7858391608391608,DOCU|TEAM|PATH
2024-03-12,enter,business_apps,3.0,0.7482517482517482,ORCL|DOCU|ADSK
2024-03-13,exit,business_apps,18.0,0.5231643356643356,ORCL|DOCU|ADSK
2024-03-13,enter,oil_exploration,2.0,0.7884615384615385,APA|COP|EOG
2024-03-13,enter,payments,3.0,0.7657342657342658,PYPL|XYZ|GPN
2024-03-14,enter,consumer_internet,2.0,0.7325174825174825,GOOGL|BILI|AMZN
2024-03-14,enter,insurance,3.0,0.7263986013986015,PGR|CB|AIG
2024-03-15,exit,workflow_software,31.0,0.3365384615384615,DOCU|TEAM|PATH
2024-03-15,exit,payments,17.0,0.4982517482517482,PYPL|XYZ|GPN
2024-03-15,exit,consumer_internet,9.0,0.569055944055944,GOOGL|BILI|AMZN
2024-03-18,enter,nuclear,1.0,0.8243006993006994,SMR|VST|OKLO
2024-03-18,enter,ai_apps,3.0,0.7342657342657343,APP|GOOGL|SOUN
2024-03-19,exit,china_internet,28.0,0.34877622377622375,BILI|FUTU|JD
2024-03-19,exit,nuclear,14.0,0.5327797202797203,SMR|VST|OKLO
2024-03-19,exit,ai_apps,22.0,0.4047202797202797,APP|GOOGL|SOUN
2024-03-19,enter,aerospace,2.0,0.7648601398601399,SPIR|GE|RTX
2024-03-19,enter,consumer,3.0,0.7587412587412588,CMG|TXRH|DRI
2024-03-20,exit,oil_exploration,11.0,0.5926573426573427,APA|COP|EOG
2024-03-20,exit,insurance,17.0,0.5074300699300699,PGR|CB|AIG
2024-03-20,exit,consumer,14.0,0.5537587412587412,CMG|TXRH|DRI
2024-03-20,enter,mega_banks,1.0,0.8085664335664337,C|JPM|MS
2024-03-20,enter,asset_managers,2.0,0.7482517482517481,MS|SCHW|TROW
2024-03-20,enter,travel,3.0,0.7045454545454546,DIS|BKNG|MAR
2024-03-21,exit,aerospace,12.0,0.5839160839160839,SPIR|GE|RTX
2024-03-21,enter,regional_banks,3.0,0.7867132867132868,TFC|PNC|KEY
2024-03-22,exit,asset_managers,15.0,0.5493881118881119,MS|SCHW|TROW
2024-03-22,exit,regional_banks,13.0,0.5533216783216783,TFC|PNC|KEY
2024-03-22,enter,data_centers,1.0,0.763548951048951,ANET|VST|NVDA
2024-03-22,enter,ai_infrastructure,2.0,0.7390734265734267,MU|ANET|NVDA
2024-03-22,enter,consumer_internet,3.0,0.7377622377622377,APP|GOOGL|TME
2024-03-25,exit,mega_banks,18.0,0.5585664335664335,C|JPM|MS
2024-03-25,exit,consumer_internet,11.0,0.617132867132867,APP|GOOGL|TME
2024-03-25,enter,oil_exploration,1.0,0.7976398601398601,APA|COP|FANG
2024-03-25,enter,payments,2.0,0.7263986013986015,COF|PYPL|FIS
2024-03-26,exit,data_centers,10.0,0.6097027972027972,ANET|VST|NVDA
2024-03-26,exit,oil_exploration,31.0,0.3435314685314685,APA|COP|FANG
2024-03-26,enter,fintech,2.0,0.7272727272727274,PYPL|HOOD|FIS
2024-03-26,enter,mega_banks,3.0,0.7207167832167831,C|BAC|GS
2024-03-27,exit,travel,21.0,0.5122377622377623,DIS|BKNG|MAR
2024-03-27,exit,ai_infrastructure,11.0,0.5812937062937064,MU|ANET|NVDA
2024-03-27,exit,payments,24.0,0.3784965034965035,COF|PYPL|FIS
2024-03-27,exit,fintech,23.0,0.3789335664335664,PYPL|HOOD|FIS
2024-03-27,enter,regional_banks,1.0,0.7810314685314684,KEY|PNC|TFC
2024-03-27,enter,robotics,2.0,0.7307692307692308,OUST|ZBRA|DE
2024-03-27,enter,medtech,3.0,0.722465034965035,MDT|EXAS|SYK
2024-03-28,exit,mega_banks,11.0,0.5861013986013986,C|BAC|GS
2024-03-28,exit,robotics,15.0,0.548951048951049,OUST|ZBRA|DE
2024-03-28,enter,oil_exploration,1.0,0.7766608391608392,DVN|USO|COP
2024-03-28,enter,gold,2.0,0.7727272727272728,GOLD|PAAS|AEM
2024-03-28,enter,nuclear,3.0,0.7386363636363638,OKLO|SMR|CEG
2024-04-01,exit,regional_banks,17.0,0.4960664335664336,KEY|PNC|TFC
2024-04-01,exit,medtech,12.0,0.548076923076923,MDT|EXAS|SYK
2024-04-05,enter,travel,3.0,0.7189685314685313,MAR|HLT|BKNG
2024-04-08,exit,nuclear,12.0,0.6149475524475524,OKLO|SMR|CEG
2024-04-08,exit,travel,15.0,0.5625,MAR|HLT|BKNG
2024-04-08,enter,fintech,2.0,0.6997377622377622,SOFI|PYPL|COIN
2024-04-08,enter,regional_banks,3.0,0.6857517482517482,HBAN|TFC|PNC
2024-04-09,exit,oil_exploration,10.0,0.5603146853146853,DVN|USO|COP
2024-04-09,exit,fintech,11.0,0.5585664335664337,SOFI|PYPL|COIN
2024-04-09,enter,china_internet,1.0,0.8168706293706294,TME|YMM|BILI
2024-04-09,enter,cloud,3.0,0.7032342657342657,AMZN|GOOGL|DLR
2024-04-10,exit,regional_banks,23.0,0.41083916083916083,HBAN|TFC|PNC
2024-04-10,enter,oil_exploration,1.0,0.8221153846153846,DVN|EOG|OXY
2024-04-10,enter,consumer_internet,3.0,0.707604895104895,BABA|AMZN|APP
2024-04-11,exit,oil_exploration,19.0,0.49956293706293703,DVN|EOG|OXY
2024-04-11,enter,dev_tools,1.0,0.8671328671328673,TEAM|DDOG|SNOW
2024-04-12,exit,consumer_internet,16.0,0.5358391608391608,BABA|AMZN|APP
2024-04-12,enter,payments,2.0,0.7312062937062939,V|PYPL|XYZ
2024-04-12,enter,fintech,3.0,0.7167832167832168,FUTU|V|PYPL
2024-04-15,exit,gold,11.0,0.6416083916083917,GOLD|PAAS|AEM
2024-04-15,exit,cloud,16.0,0.5467657342657343,AMZN|GOOGL|DLR
2024-04-15,exit,dev_tools,20.0,0.4847027972027972,TEAM|DDOG|SNOW
2024-04-15,exit,payments,17.0,0.5240384615384616,V|PYPL|XYZ
2024-04-15,exit,fintech,30.0,0.3312937062937063,FUTU|V|PYPL
2024-04-15,enter,restaurants,1.0,0.7355769230769231,YUM|CMG|TXRH
2024-04-15,enter,consumer_staples,2.0,0.7202797202797202,COST|WMT|KR
2024-04-15,enter,consumer,3.0,0.715909090909091,YUM|CMG|TXRH
2024-04-16,exit,china_internet,32.0,0.3033216783216784,TME|YMM|BILI
2024-04-16,enter,insurance,1.0,0.7666083916083917,PGR|TRV|CB
2024-04-16,enter,gold,3.0,0.7408216783216783,GLD|AEM|WPM
2024-04-17,exit,restaurants,9.0,0.6311188811188813,YUM|CMG|TXRH
2024-04-17,exit,consumer,11.0,0.5703671328671329,YUM|CMG|TXRH
2024-04-17,exit,insurance,15.0,0.5218531468531469,PGR|TRV|CB
2024-04-17,enter,mega_banks,1.0,0.7845279720279721,GS|WFC|MS
2024-04-17,enter,pharma,2.0,0.7753496503496504,LLY|NVO|AMGN
2024-04-18,exit,gold,9.0,0.6455419580419579,GLD|AEM|WPM
2024-04-18,exit,pharma,10.0,0.6376748251748252,LLY|NVO|AMGN
2024-04-18,enter,restaurants,1.0,0.7941433566433566,SBUX|TXRH|YUM
2024-04-18,enter,insurance,2.0,0.7880244755244755,ALL|PGR|CB
2024-04-19,enter,regional_banks,2.0,0.8168706293706294,FITB|COF|PNC
2024-04-22,exit,restaurants,12.0,0.6354895104895105,SBUX|TXRH|YUM
2024-04-22,exit,insurance,9.0,0.6778846153846154,ALL|PGR|CB
2024-04-22,enter,asset_managers,3.0,0.771416083916084,SCHW|GS|MS
2024-04-23,exit,consumer_staples,15.0,0.5638111888111889,COST|WMT|KR
2024-04-23,enter,payments,1.0,0.8203671328671328,AXP|COF|AFRM
2024-04-23,enter,fintech,2.0,0.7945804195804197,FUTU|SCHW|INTU
2024-04-24,exit,mega_banks,11.0,0.652534965034965,GS|WFC|MS
2024-04-24,exit,asset_managers,26.0,0.43750000000000006,SCHW|GS|MS
2024-04-24,exit,fintech,13.0,0.6328671328671328,FUTU|SCHW|INTU
2024-04-24,enter,china_internet,1.0,0.8846153846153845,FUTU|BILI|YMM
2024-04-24,enter,consumer_internet,3.0,0.7482517482517482,BILI|TME|BABA
2024-04-25,exit,regional_banks,17.0,0.5909090909090909,FITB|COF|PNC
2024-04-25,exit,payments,10.0,0.6223776223776223,AXP|COF|AFRM
2024-04-25,exit,consumer_internet,27.0,0.4357517482517482,BILI|TME|BABA
2024-04-25,enter,mega_banks,2.0,0.6752622377622377,AXP|BAC|JPM
2024-04-25,enter,nuclear,3.0,0.6660839160839161,VST|GEV|CEG
2024-04-26,exit,mega_banks,28.0,0.3758741258741259,AXP|BAC|JPM
2024-04-26,exit,nuclear,14.0,0.5677447552447552,VST|GEV|CEG
2024-04-26,enter,ai_apps,2.0,0.8037587412587412,SNAP|GOOGL|TSLA
2024-04-26,enter,semis,3.0,0.7631118881118881,TER|MCHP|NVDA
2024-04-29,enter,nuclear,1.0,0.8142482517482517,VST|OKLO|NXE
2024-04-29,enter,uranium,2.0,0.7403846153846153,NXE|DNN|UEC
2024-04-30,exit,china_internet,9.0,0.6516608391608392,FUTU|BILI|YMM
2024-04-30,exit,semis,14.0,0.6263111888111887,TER|MCHP|NVDA
2024-04-30,exit,nuclear,13.0,0.6280594405594406,VST|OKLO|NXE
2024-04-30,exit,uranium,22.0,0.4628496503496503,NXE|DNN|UEC
2024-04-30,enter,consumer,1.0,0.8426573426573428,DPZ|YUM|TXRH
2024-04-30,enter,restaurants,2.0,0.8382867132867133,DPZ|YUM|TXRH
2024-04-30,enter,consumer_staples,3.0,0.7180944055944057,CL|KO|MDLZ
2024-05-01,exit,consumer,33.0,0.31381118881118886,DPZ|YUM|TXRH
2024-05-01,exit,restaurants,29.0,0.3784965034965035,DPZ|YUM|TXRH
2024-05-01,exit,consumer_staples,18.0,0.5240384615384616,CL|KO|MDLZ
2024-05-01,enter,nuclear,1.0,0.8055069930069931,LEU|VST|DNN
2024-05-01,enter,uranium,2.0,0.7613636363636365,LEU|DNN|UEC
2024-05-01,enter,defense,3.0,0.7587412587412586,LDOS|HWM|RKLB
2024-05-02,exit,defense,11.0,0.6062062937062936,LDOS|HWM|RKLB
2024-05-02,enter,consumer_internet,1.0,0.875,PINS|BILI|BABA
2024-05-02,enter,china_internet,2.0,0.8592657342657343,FUTU|BILI|JD
2024-05-03,exit,nuclear,12.0,0.6031468531468531,LEU|VST|DNN
2024-05-03,exit,uranium,20.0,0.46634615384615385,LEU|DNN|UEC
2024-05-03,enter,aerospace,2.0,0.7556818181818182,HWM|ASTS|TDG
2024-05-03,enter,defense,3.0,0.7045454545454546,HWM|PLTR|LDOS
2024-05-06,exit,china_internet,14.0,0.5834790209790209,FUTU|BILI|JD
2024-05-06,exit,aerospace,12.0,0.6070804195804197,HWM|ASTS|TDG
2024-05-06,enter,vertical_software,3.0,0.7272727272727273,PLTR|LDOS|ORCL
2024-05-07,exit,defense,18.0,0.5004370629370628,HWM|PLTR|LDOS
2024-05-07,exit,vertical_software,30.0,0.3076923076923077,PLTR|LDOS|ORCL
2024-05-07,enter,aerospace,1.0,0.7902097902097902,LUNR|HWM|TDG
2024-05-07,enter,uranium,3.0,0.7513111888111887,CCJ|NXE|UUUU
2024-05-08,exit,ai_apps,12.0,0.604458041958042,SNAP|GOOGL|TSLA
2024-05-08,exit,consumer_internet,16.0,0.5502622377622378,PINS|BILI|BABA
2024-05-08,exit,uranium,30.0,0.36975524475524474,CCJ|NXE|UUUU
2024-05-08,enter,data_centers,1.0,0.7753496503496503,VST|CEG|ANET
2024-05-08,enter,ai_infrastructure,2.0,0.7526223776223777,ANET|DELL|ARM
2024-05-09,exit,ai_infrastructure,18.0,0.44493006993006995,ANET|DELL|ARM
2024-05-09,enter,nuclear,1.0,0.8199300699300698,OKLO|CEG|VST
2024-05-09,enter,gold,3.0,0.7451923076923076,PAAS|WPM|FNV
2024-05-10,exit,aerospace,10.0,0.6232517482517483,LUNR|HWM|TDG
2024-05-10,exit,nuclear,33.0,0.24431818181818185,OKLO|CEG|VST
2024-05-10,exit,gold,11.0,0.6232517482517482,PAAS|WPM|FNV
2024-05-10,enter,asset_managers,1.0,0.8120629370629371,KKR|MS|BX
2024-05-10,enter,mega_banks,2.0,0.7307692307692308,MS|AXP|JPM
2024-05-10,enter,consumer_staples,3.0,0.7185314685314687,COST|PEP|TGT
2024-05-13,exit,data_centers,10.0,0.5812937062937064,VST|CEG|ANET
2024-05-13,exit,asset_managers,12.0,0.5747377622377622,KKR|MS|BX
2024-05-13,exit,mega_banks,16.0,0.5122377622377623,MS|AXP|JPM
2024-05-13,enter,cybersecurity,1.0,0.7587412587412586,GEN|OKTA|CRWD
2024-05-13,enter,china_internet,2.0,0.7338286713286714,TME|BILI|BABA
2024-05-13,enter,pharma,3.0,0.7049825174825175,NVO|GILD|PFE
2024-05-14,exit,consumer_staples,25.0,0.41040209790209786,COST|PEP|TGT
2024-05-14,exit,cybersecurity,20.0,0.4611013986013986,GEN|OKTA|CRWD
2024-05-14,exit,china_internet,21.0,0.4418706293706294,TME|BILI|BABA
2024-05-14,exit,pharma,11.0,0.5777972027972028,NVO|GILD|PFE
2024-05-14,enter,mega_banks,1.0,0.7543706293706294,JPM|MS|GS
2024-05-14,enter,asset_managers,2.0,0.7504370629370629,MS|GS|BX
2024-05-14,enter,ai_infrastructure,3.0,0.7089160839160839,TSM|AVGO|KLAC
2024-05-15,enter,data_centers,2.0,0.7840909090909091,DELL|SMCI|EQIX
2024-05-15,enter,cloud,3.0,0.75,EQIX|NOW|DOCU
2024-05-16,exit,mega_banks,23.0,0.458041958041958,JPM|MS|GS
2024-05-16,exit,asset_managers,14.0,0.6241258741258742,MS|GS|BX
2024-05-16,exit,data_centers,18.0,0.5926573426573427,DELL|SMCI|EQIX
2024-05-16,enter,cybersecurity,1.0,0.826048951048951,PANW|GEN|ZS
2024-05-16,enter,china_internet,2.0,0.819493006993007,BABA|BILI|KWEB
2024-05-17,exit,ai_infrastructure,14.0,0.556381118881119,TSM|AVGO|KLAC
2024-05-17,exit,cloud,13.0,0.5646853146853147,EQIX|NOW|DOCU
2024-05-17,enter,uranium,2.0,0.7814685314685316,UUUU|DNN|LEU
2024-05-17,enter,fintech,3.0,0.7543706293706294,HOOD|FUTU|FIS
2024-05-20,exit,cybersecurity,9.0,0.6145104895104895,PANW|GEN|ZS
2024-05-20,exit,china_internet,11.0,0.6088286713286714,BABA|BILI|KWEB
2024-05-20,exit,fintech,17.0,0.5078671328671328,HOOD|FUTU|FIS
2024-05-20,enter,semis,1.0,0.8422202797202797,TER|AMD|AMAT
2024-05-20,enter,ai_infrastructure,3.0,0.7941433566433566,DELL|AMD|MRVL
2024-05-21,exit,uranium,12.0,0.5856643356643356,UUUU|DNN|LEU
2024-05-21,enter,aerospace,2.0,0.7740384615384616,TDG|ASTS|HEI
2024-05-21,enter,medtech,3.0,0.7159090909090909,ISRG|EW|BSX
2024-05-22,enter,biotech,3.0,0.7054195804195803,MRNA|VRTX|GILD
2024-05-23,exit,aerospace,14.0,0.5034965034965035,TDG|ASTS|HEI
2024-05-23,exit,medtech,9.0,0.5738636363636364,ISRG|EW|BSX
2024-05-24,exit,biotech,11.0,0.5563811188811189,MRNA|VRTX|GILD
2024-05-24,enter,nuclear,3.0,0.7797202797202798,SMR|GEV|CEG
2024-05-28,enter,oil_exploration,3.0,0.6848776223776224,FANG|USO|COP
2024-05-29,exit,oil_exploration,25.0,0.45979020979020985,FANG|USO|COP
2024-05-29,enter,consumer_internet,2.0,0.693181818181818,NFLX|META|GOOGL
2024-05-29,enter,data_centers,3.0,0.6892482517482518,DELL|PSTG|NVDA
2024-05-30,exit,semis,17.0,0.5152972027972028,TER|AMD|AMAT
2024-05-30,exit,consumer_internet,19.0,0.506555944055944,NFLX|META|GOOGL
2024-05-30,enter,aerospace,1.0,0.7727272727272727,ASTS|HEI|GE
2024-05-31,exit,ai_infrastructure,34.0,0.23513986013986016,DELL|AMD|MRVL
2024-05-31,exit,nuclear,14.0,0.5738636363636364,SMR|GEV|CEG
2024-05-31,exit,data_centers,30.0,0.3409090909090909,DELL|PSTG|NVDA
2024-05-31,enter,insurance,1.0,0.7718531468531468,CB|PGR|TRV
2024-05-31,enter,regional_banks,3.0,0.7447552447552449,PNC|HBAN|FITB
2024-06-03,exit,insurance,12.0,0.5524475524475524,CB|PGR|TRV
2024-06-03,exit,regional_banks,21.0,0.48382867132867124,PNC|HBAN|FITB
2024-06-03,enter,restaurants,1.0,0.8212412587412588,DPZ|SBUX|DRI
2024-06-03,enter,consumer,2.0,0.8111888111888111,DPZ|SBUX|YUM
2024-06-03,enter,pharma,3.0,0.7377622377622377,LLY|PFE|XLV
2024-06-04,enter,consumer_staples,2.0,0.805506993006993,DLTR|KO|PG
2024-06-05,exit,aerospace,10.0,0.6276223776223776,ASTS|HEI|GE
2024-06-05,exit,restaurants,15.0,0.5764860139860141,DPZ|SBUX|DRI
2024-06-05,exit,consumer,16.0,0.5629370629370629,DPZ|SBUX|YUM
2024-06-05,exit,pharma,12.0,0.6075174825174825,LLY|PFE|XLV
2024-06-05,exit,consumer_staples,19.0,0.5227272727272728,DLTR|KO|PG
2024-06-05,enter,semis,1.0,0.7097902097902098,TSM|NVDA|ARM
2024-06-05,enter,autos,2.0,0.6993006993006993,GM|ON|RIVN
2024-06-05,enter,biotech,3.0,0.6853146853146854,VRTX|BIIB|CRSP
2024-06-06,exit,semis,26.0,0.4615384615384615,TSM|NVDA|ARM
2024-06-06,exit,autos,21.0,0.4969405594405595,GM|ON|RIVN
2024-06-06,exit,biotech,15.0,0.6092657342657343,VRTX|BIIB|CRSP
2024-06-06,enter,fintech,1.0,0.791958041958042,PYPL|COIN|HOOD
2024-06-06,enter,business_apps,2.0,0.7587412587412588,ORCL|ADSK|CRM
2024-06-06,enter,workflow_software,3.0,0.7486888111888113,ZM|CRM|NOW
2024-06-07,exit,fintech,11.0,0.6481643356643356,PYPL|COIN|HOOD
2024-06-07,exit,workflow_software,21.0,0.5305944055944056,ZM|CRM|NOW
2024-06-07,enter,pharma,1.0,0.7836538461538461,NVO|LLY|ABBV
2024-06-07,enter,vertical_software,3.0,0.7587412587412586,ORCL|PLTR|ADSK
2024-06-10,exit,business_apps,16.0,0.5087412587412588,ORCL|ADSK|CRM
2024-06-10,exit,vertical_software,10.0,0.6267482517482518,ORCL|PLTR|ADSK
2024-06-10,enter,semis,1.0,0.7124125874125874,AVGO|ARM|LRCX
2024-06-10,enter,oil_exploration,2.0,0.7111013986013985,USO|FANG|OXY
2024-06-10,enter,ai_infrastructure,3.0,0.708041958041958,AVGO|ARM|MPWR
2024-06-11,exit,pharma,18.0,0.5174825174825175,NVO|LLY|ABBV
2024-06-11,exit,oil_exploration,9.0,0.6682692307692308,USO|FANG|OXY
2024-06-11,enter,cloud,1.0,0.7412587412587412,ZS|NET|ORCL
2024-06-11,enter,cybersecurity,2.0,0.7373251748251748,CRWD|ZS|NET
2024-06-12,exit,cloud,10.0,0.6411713286713288,ZS|NET|ORCL
2024-06-12,enter,vertical_software,2.0,0.7421328671328672,ORCL|CDNS|ADSK
2024-06-13,exit,cybersecurity,18.0,0.4921328671328671,CRWD|ZS|NET
2024-06-13,exit,vertical_software,12.0,0.5576923076923077,ORCL|CDNS|ADSK
2024-06-13,enter,data_centers,3.0,0.7080419580419579,AVGO|ANET|SMCI
2024-06-14,exit,semis,12.0,0.576048951048951,AVGO|ARM|LRCX
2024-06-14,enter,cybersecurity,2.0,0.6708916083916083,NET|CRWD|ZS
2024-06-14,enter,business_apps,3.0,0.666958041958042,ADBE|ORCL|ADSK
2024-06-17,exit,data_centers,14.0,0.6062062937062936,AVGO|ANET|SMCI
2024-06-17,exit,cybersecurity,19.0,0.4956293706293707,NET|CRWD|ZS
2024-06-17,exit,business_apps,9.0,0.6368006993006993,ADBE|ORCL|ADSK
2024-06-17,enter,vertical_software,1.0,0.7687937062937065,ADSK|ORCL|CDNS
2024-06-17,enter,consumer,3.0,0.7416958041958042,CMG|DRI|TXRH
2024-06-18,exit,consumer,14.0,0.5747377622377623,CMG|DRI|TXRH
2024-06-18,enter,mega_banks,3.0,0.7368881118881119,WFC|GS|BAC
2024-06-20,exit,mega_banks,16.0,0.5388986013986014,WFC|GS|BAC
2024-06-20,enter,insurance,1.0,0.7517482517482519,PGR|TRV|MET
2024-06-20,enter,gold,2.0,0.6993006993006993,NEM|GLD|PAAS
2024-06-20,enter,nuclear,3.0,0.6879370629370629,NNE|SMR|CEG
2024-06-21,exit,ai_infrastructure,31.0,0.32090703414232824,AVGO|ARM|MPWR
2024-06-21,exit,vertical_software,16.0,0.5816536404771699,ADSK|ORCL|CDNS
2024-06-21,exit,insurance,12.0,0.6332013574660634,PGR|TRV|MET
2024-06-21,exit,gold,19.0,0.5531931303990129,NEM|GLD|PAAS
2024-06-21,exit,nuclear,11.0,0.638986013986014,NNE|SMR|CEG
2024-06-21,enter,medtech,1.0,0.7994652406417112,EW|EXAS|ISRG
2024-06-21,enter,business_apps,2.0,0.7814428218839984,ADBE|ADSK|INTU
2024-06-21,enter,cloud,3.0,0.7743983957219251,NET|GOOGL|AMZN
2024-06-24,exit,medtech,25.0,0.4248251748251749,EW|EXAS|ISRG
2024-06-24,exit,business_apps,26.0,0.4208916083916084,ADBE|ADSK|INTU
2024-06-24,exit,cloud,28.0,0.39729020979020985,NET|GOOGL|AMZN
2024-06-24,enter,regional_banks,1.0,0.8395979020979021,USB|HBAN|TFC
2024-06-24,enter,oil_exploration,2.0,0.805506993006993,FANG|OXY|EOG
2024-06-24,enter,consumer_staples,3.0,0.7858391608391608,CL|MDLZ|TGT
2024-06-25,exit,regional_banks,11.0,0.5847902097902098,USB|HBAN|TFC
2024-06-25,exit,oil_exploration,9.0,0.5996503496503497,FANG|OXY|EOG
2024-06-25,exit,consumer_staples,14.0,0.5598776223776224,CL|MDLZ|TGT
2024-06-25,enter,nuclear,1.0,0.7888986013986014,NNE|SMR|GEV
2024-06-25,enter,consumer_internet,2.0,0.7884615384615385,SNAP|PINS|EXPE
2024-06-25,enter,travel,3.0,0.6791958041958042,EXPE|ABNB|BKNG
2024-06-26,exit,consumer_internet,12.0,0.5961538461538461,SNAP|PINS|EXPE
2024-06-26,exit,travel,21.0,0.49694055944055937,EXPE|ABNB|BKNG
2024-06-26,enter,autos,1.0,0.764423076923077,RIVN|TSLA|MBLY
2024-06-26,enter,dev_tools,2.0,0.7526223776223776,TEAM|DDOG|MDB
2024-06-27,exit,nuclear,14.0,0.5751748251748251,NNE|SMR|GEV
2024-06-27,enter,cloud,1.0,0.8347902097902097,TEAM|AMZN|DDOG
2024-06-27,enter,cybersecurity,2.0,0.7906468531468533,PANW|OKTA|ZS
2024-06-28,enter,regional_banks,1.0,0.7884615384615385,TFC|KEY|FITB
2024-06-28,enter,oil_exploration,2.0,0.7770979020979021,FANG|APA|OXY
2024-07-01,exit,cybersecurity,13.0,0.6210664335664335,PANW|OKTA|ZS
2024-07-01,exit,regional_banks,9.0,0.6687062937062936,TFC|KEY|FITB
2024-07-01,exit,oil_exploration,14.0,0.6062062937062936,FANG|APA|OXY
2024-07-01,enter,workflow_software,2.0,0.7871503496503496,TEAM|NOW|PATH
2024-07-02,exit,workflow_software,12.0,0.5922202797202798,TEAM|NOW|PATH
2024-07-02,enter,regional_banks,2.0,0.7613636363636364,TFC|PNC|KEY
2024-07-03,exit,dev_tools,10.0,0.6057692307692308,TEAM|DDOG|MDB
2024-07-03,exit,cloud,9.0,0.6123251748251748,TEAM|AMZN|DDOG
2024-07-03,exit,regional_banks,23.0,0.49694055944055937,TFC|PNC|KEY
2024-07-03,enter,gold,1.0,0.7111013986013985,NEM|AEM|PAAS
2024-07-03,enter,china_internet,2.0,0.6879370629370629,TME|BABA|BIDU
2024-07-03,enter,ai_infrastructure,3.0,0.6844405594405594,TSM|ANET|VRT
2024-07-05,exit,china_internet,13.0,0.6083916083916083,TME|BABA|BIDU
2024-07-05,enter,dev_tools,2.0,0.7666083916083917,SNOW|MDB|TEAM
2024-07-05,enter,ai_apps,3.0,0.7495629370629371,TSLA|PLTR|RDDT
2024-07-08,exit,gold,10.0,0.6027097902097902,NEM|AEM|PAAS
2024-07-08,exit,dev_tools,20.0,0.4602272727272728,SNOW|MDB|TEAM
2024-07-08,enter,semis,1.0,0.8645104895104895,INTC|AMD|ARM
2024-07-09,exit,autos,9.0,0.6302447552447553,RIVN|TSLA|MBLY
2024-07-09,exit,ai_infrastructure,13.0,0.5983391608391608,TSM|ANET|VRT
2024-07-09,exit,ai_apps,16.0,0.5642482517482518,TSLA|PLTR|RDDT
2024-07-09,enter,china_internet,1.0,0.8299825174825173,BIDU|TME|TCOM
2024-07-09,enter,mega_banks,2.0,0.7434440559440558,C|BAC|MS
2024-07-09,enter,consumer_internet,3.0,0.6818181818181818,BIDU|TME|EXPE
2024-07-10,exit,china_internet,14.0,0.5725524475524475,BIDU|TME|TCOM
2024-07-10,exit,mega_banks,21.0,0.4576048951048951,C|BAC|MS
2024-07-10,exit,consumer_internet,18.0,0.513548951048951,BIDU|TME|EXPE
2024-07-10,enter,gold,1.0,0.8527097902097902,AEM|WPM|PAAS
2024-07-10,enter,nuclear,3.0,0.7508741258741258,UUUU|CCJ|UEC
2024-07-11,exit,semis,25.0,0.37718531468531474,INTC|AMD|ARM
2024-07-11,exit,nuclear,10.0,0.6337412587412586,UUUU|CCJ|UEC
2024-07-11,enter,biotech,2.0,0.7552447552447553,NTLA|REGN|BIIB
2024-07-11,enter,regional_banks,3.0,0.7495629370629371,PNC|USB|FITB
2024-07-12,exit,biotech,10.0,0.5812937062937064,NTLA|REGN|BIIB
2024-07-12,enter,autos,1.0,0.7176573426573427,LCID|RIVN|F
2024-07-12,enter,insurance,2.0,0.7141608391608392,MET|TRV|AIG
2024-07-15,exit,gold,13.0,0.5590034965034965,AEM|WPM|PAAS
2024-07-15,exit,autos,16.0,0.5349650349650349,LCID|RIVN|F
2024-07-15,enter,mega_banks,2.0,0.7587412587412588,GS|MS|AXP
2024-07-15,enter,robotics,3.0,0.7460664335664337,OUST|EMR|CGNX
2024-07-16,exit,insurance,16.0,0.576048951048951,MET|TRV|AIG
2024-07-16,enter,gold,2.0,0.7652972027972028,PAAS|WPM|GOLD
2024-07-16,enter,aerospace,3.0,0.7128496503496503,SPIR|LHX|RKLB
2024-07-17,exit,robotics,15.0,0.5231643356643356,OUST|EMR|CGNX
2024-07-17,exit,gold,17.0,0.5113636363636365,PAAS|WPM|GOLD
2024-07-17,enter,oil_exploration,2.0,0.7753496503496503,DVN|APA|FANG
2024-07-17,enter,insurance,3.0,0.7486888111888111,TRV|PGR|ALL
2024-07-18,exit,mega_banks,13.0,0.583479020979021,GS|MS|AXP
2024-07-18,enter,defense,1.0,0.7792832167832168,PLTR|LMT|AXON
2024-07-19,exit,aerospace,11.0,0.6184440559440558,SPIR|LHX|RKLB
2024-07-19,exit,insurance,12.0,0.5926573426573427,TRV|PGR|ALL
2024-07-19,exit,defense,9.0,0.6245629370629371,PLTR|LMT|AXON
2024-07-19,enter,pharma,2.0,0.6914335664335666,PFE|JNJ|BMY
2024-07-19,enter,medtech,3.0,0.6901223776223776,ISRG|JNJ|SYK
2024-07-22,exit,oil_exploration,31.0,0.3448426573426574,DVN|APA|FANG
2024-07-22,exit,pharma,10.0,0.6402972027972028,PFE|JNJ|BMY
2024-07-22,enter,defense,2.0,0.7141608391608392,LDOS|LMT|AXON
2024-07-22,enter,insurance,3.0,0.6883741258741259,MET|ALL|AIG
2024-07-23,enter,aerospace,2.0,0.8208041958041957,LMT|GE|HWM
2024-07-24,exit,insurance,22.0,0.4331293706293707,MET|ALL|AIG
2024-07-24,enter,pharma,1.0,0.798951048951049,TMO|BMY|ABBV
2024-07-24,enter,consumer_staples,3.0,0.7770979020979021,KO|WMT|PG
2024-07-25,exit,medtech,17.0,0.5257867132867133,ISRG|JNJ|SYK
2024-07-25,exit,consumer_staples,16.0,0.5310314685314684,KO|WMT|PG
2024-07-25,enter,workflow_software,2.0,0.7880244755244755,NOW|CRM|ZM
2024-07-26,exit,workflow_software,13.0,0.5458916083916083,NOW|CRM|ZM
2024-07-26,enter,asset_managers,3.0,0.7084790209790209,BLK|KKR|SCHW
2024-07-29,exit,regional_banks,20.0,0.4973776223776223,PNC|USB|FITB
2024-07-29,enter,biotech,3.0,0.7775349650349651,GILD|NTLA|ABBV
2024-07-30,exit,defense,11.0,0.6376748251748251,LDOS|LMT|AXON
2024-07-30,exit,asset_managers,15.0,0.5388986013986014,BLK|KKR|SCHW
2024-07-30,enter,restaurants,2.0,0.7613636363636364,MCD|DRI|YUM
2024-07-31,exit,pharma,28.0,0.3085664335664336,TMO|BMY|ABBV
2024-07-31,exit,biotech,29.0,0.3076923076923077,GILD|NTLA|ABBV
2024-07-31,exit,restaurants,16.0,0.5498251748251749,MCD|DRI|YUM
2024-07-31,enter,uranium,2.0,0.6997377622377623,NXE|UEC|DNN
2024-07-31,enter,payments,3.0,0.6582167832167832,PYPL|MA|AXP
2024-08-01,exit,uranium,30.0,0.3138111888111888,NXE|UEC|DNN
2024-08-01,enter,insurance,1.0,0.8273601398601399,ALL|CB|MET
2024-08-01,enter,consumer_staples,2.0,0.7666083916083916,MCD|CL|KO
2024-08-01,enter,gold,3.0,0.7513111888111887,NEM|AEM|GLD
2024-08-02,exit,aerospace,20.0,0.5480769230769231,LMT|GE|HWM
2024-08-02,exit,gold,12.0,0.6241258741258742,NEM|AEM|GLD
2024-08-02,enter,consumer,2.0,0.7333916083916083,YUM|DRI|SBUX
2024-08-05,exit,payments,14.0,0.5826048951048951,PYPL|MA|AXP
2024-08-05,exit,insurance,13.0,0.5891608391608392,ALL|CB|MET
2024-08-05,enter,medtech,2.0,0.728583916083916,JNJ|EXAS|MDT
2024-08-05,enter,restaurants,3.0,0.7198426573426573,MCD|YUM|CMG
2024-08-06,exit,consumer_staples,13.0,0.6123251748251749,MCD|CL|KO
2024-08-06,enter,vertical_software,1.0,0.7521853146853147,PLTR|CDNS|LDOS
2024-08-06,enter,data_centers,3.0,0.7159090909090909,CEG|EQIX|DLR
2024-08-07,exit,consumer,20.0,0.548951048951049,YUM|DRI|SBUX
2024-08-07,exit,restaurants,16.0,0.576048951048951,MCD|YUM|CMG
2024-08-07,exit,vertical_software,17.0,0.5747377622377623,PLTR|CDNS|LDOS
2024-08-07,exit,data_centers,27.0,0.41608391608391604,CEG|EQIX|DLR
2024-08-07,enter,consumer_staples,1.0,0.798951048951049,PG|KO|CL
2024-08-07,enter,pharma,2.0,0.7539335664335663,ABBV|JNJ|XLV
2024-08-07,enter,cybersecurity,3.0,0.7443181818181818,FTNT|CHKP|AKAM
2024-08-08,exit,consumer_staples,16.0,0.5681818181818182,PG|KO|CL
2024-08-08,exit,pharma,24.0,0.4855769230769231,ABBV|JNJ|XLV
2024-08-08,exit,cybersecurity,15.0,0.5935314685314687,FTNT|CHKP|AKAM
2024-08-08,enter,ai_apps,1.0,0.7731643356643356,AXON|PLTR|DUOL
2024-08-08,enter,oil_exploration,3.0,0.7312062937062936,EOG|DVN|FANG
2024-08-09,exit,medtech,29.0,0.333479020979021,JNJ|EXAS|MDT
2024-08-09,enter,cybersecurity,1.0,0.8055069930069931,FTNT|AKAM|PANW
2024-08-09,enter,vertical_software,3.0,0.7504370629370629,PLTR|ADSK|PTC
2024-08-12,exit,cybersecurity,11.0,0.6145104895104895,FTNT|AKAM|PANW
2024-08-12,enter,defense,2.0,0.75,PLTR|AXON|RKLB
2024-08-13,exit,oil_exploration,17.0,0.5581293706293706,EOG|DVN|FANG
2024-08-13,exit,vertical_software,10.0,0.659965034965035,PLTR|ADSK|PTC
2024-08-13,exit,defense,11.0,0.6472902097902098,PLTR|AXON|RKLB
2024-08-13,enter,cybersecurity,1.0,0.784090909090909,FTNT|PANW|AKAM
2024-08-13,enter,payments,2.0,0.7574300699300699,GPN|FIS|MA
2024-08-13,enter,semis,3.0,0.7443181818181818,MRVL|KLAC|NVDA
2024-08-14,exit,cybersecurity,11.0,0.6534090909090909,FTNT|PANW|AKAM
2024-08-14,exit,payments,13.0,0.6350524475524476,GPN|FIS|MA
2024-08-14,exit,semis,9.0,0.6617132867132867,MRVL|KLAC|NVDA
2024-08-14,enter,ai_infrastructure,1.0,0.7762237762237763,NVDA|VRT|AVGO
2024-08-14,enter,asset_managers,2.0,0.7548076923076924,SCHW|KKR|MS
2024-08-14,enter,data_centers,3.0,0.7543706293706294,NVDA|VRT|PSTG
2024-08-15,exit,ai_apps,26.0,0.43138111888111885,AXON|PLTR|DUOL
2024-08-15,exit,asset_managers,19.0,0.4960664335664336,SCHW|KKR|MS
2024-08-15,enter,semis,1.0,0.7967657342657343,MRVL|AVGO|MU
2024-08-15,enter,mega_banks,3.0,0.7176573426573425,AXP|MS|C
2024-08-16,exit,data_centers,13.0,0.5952797202797202,NVDA|VRT|PSTG
2024-08-16,exit,semis,11.0,0.6162587412587414,MRVL|AVGO|MU
2024-08-16,enter,retail,1.0,0.736013986013986,JD|WMT|PDD
2024-08-16,enter,gold,3.0,0.7172202797202798,AEM|GLD|NEM
2024-08-19,exit,mega_banks,9.0,0.6097027972027972,AXP|MS|C
2024-08-19,exit,retail,22.0,0.4847027972027972,JD|WMT|PDD
2024-08-19,exit,gold,23.0,0.46678321678321677,AEM|GLD|NEM
2024-08-19,enter,semis,1.0,0.7456293706293706,NVDA|MRVL|AMD
2024-08-19,enter,fintech,3.0,0.6857517482517481,AFRM|SOFI|PYPL
2024-08-20,exit,ai_infrastructure,11.0,0.618006993006993,NVDA|VRT|AVGO
2024-08-20,exit,semis,15.0,0.5861013986013986,NVDA|MRVL|AMD
2024-08-20,enter,aerospace,1.0,0.7766608391608392,LUNR|ASTS|TDG
2024-08-20,enter,gold,2.0,0.7583041958041958,AEM|WPM|PAAS
2024-08-20,enter,nuclear,3.0,0.7530594405594406,NNE|UEC|NXE
2024-08-21,exit,fintech,13.0,0.591346153846154,AFRM|SOFI|PYPL
2024-08-21,exit,gold,11.0,0.6158216783216783,AEM|WPM|PAAS
2024-08-21,exit,nuclear,19.0,0.506555944055944,NNE|UEC|NXE
2024-08-21,enter,dev_tools,1.0,0.7137237762237761,MDB|SNOW|TEAM
2024-08-21,enter,retail,2.0,0.7132867132867133,TGT|WMT|DG
2024-08-21,enter,semis,3.0,0.6866258741258742,MRVL|AMD|MPWR
2024-08-22,exit,dev_tools,30.0,0.326486013986014,MDB|SNOW|TEAM
2024-08-22,exit,retail,10.0,0.6931818181818182,TGT|WMT|DG
2024-08-22,exit,semis,32.0,0.28540209790209786,MRVL|AMD|MPWR
2024-08-22,enter,regional_banks,2.0,0.8015734265734266,HBAN|USB|FITB
2024-08-22,enter,defense,3.0,0.7954545454545454,HEI|RKLB|KTOS
2024-08-23,exit,defense,25.0,0.37980769230769224,HEI|RKLB|KTOS
2024-08-23,enter,uranium,1.0,0.8011363636363636,NXE|UEC|DNN
2024-08-23,enter,workflow_software,3.0,0.7381993006993007,ZM|WDAY|PATH
2024-08-26,exit,aerospace,11.0,0.6319930069930069,LUNR|ASTS|TDG
2024-08-26,exit,uranium,10.0,0.6372377622377622,NXE|UEC|DNN
2024-08-26,enter,consumer_staples,2.0,0.8155594405594405,KO|COST|CL
2024-08-26,enter,oil_exploration,3.0,0.7687937062937064,USO|COP|EOG
2024-08-27,exit,regional_banks,12.0,0.6376748251748253,HBAN|USB|FITB
2024-08-27,exit,consumer_staples,9.0,0.6691433566433566,KO|COST|CL
2024-08-27,exit,oil_exploration,14.0,0.5362762237762237,USO|COP|EOG
2024-08-27,enter,autos,2.0,0.7604895104895104,LCID|GM|TXN
2024-08-27,enter,payments,3.0,0.7521853146853147,AFRM|FIS|MA
2024-08-28,exit,autos,18.0,0.5017482517482518,LCID|GM|TXN
2024-08-28,enter,insurance,1.0,0.8465909090909091,PGR|ALL|MET
2024-08-28,enter,regional_banks,2.0,0.8221153846153845,USB|PNC|HBAN
2024-08-28,enter,mega_banks,3.0,0.8155594405594406,AXP|BAC|JPM
2024-08-29,exit,regional_banks,10.0,0.6284965034965035,USB|PNC|HBAN
2024-08-29,enter,oil_exploration,2.0,0.7727272727272727,APA|COP|USO
2024-08-30,exit,workflow_software,18.0,0.5349650349650349,ZM|WDAY|PATH
2024-08-30,exit,oil_exploration,24.0,0.479020979020979,APA|COP|USO
2024-08-30,enter,regional_banks,2.0,0.7770979020979021,USB|PNC|COF
2024-08-30,enter,asset_managers,3.0,0.7399475524475525,BX|BLK|MS
2024-09-03,exit,mega_banks,9.0,0.6101398601398601,AXP|BAC|JPM
2024-09-03,exit,regional_banks,12.0,0.5913461538461539,USB|PNC|COF
2024-09-03,exit,asset_managers,28.0,0.4143356643356644,BX|BLK|MS
2024-09-03,enter,pharma,1.0,0.805506993006993,GILD|BMY|JNJ
2024-09-04,enter,aerospace,2.0,0.7722902097902097,LMT|LHX|ASTS
2024-09-04,enter,defense,3.0,0.7412587412587414,LMT|LHX|NOC
2024-09-05,exit,insurance,11.0,0.6621503496503496,PGR|ALL|MET
2024-09-05,exit,pharma,15.0,0.568618881118881,GILD|BMY|JNJ
2024-09-05,exit,aerospace,18.0,0.5183566433566433,LMT|LHX|ASTS
2024-09-05,exit,defense,21.0,0.485576923076923,LMT|LHX|NOC
2024-09-05,enter,fintech,2.0,0.7727272727272728,PYPL|V|FIS
2024-09-05,enter,cloud,3.0,0.7491258741258742,MDB|ORCL|AMZN
2024-09-06,exit,payments,20.0,0.5118006993006993,AFRM|FIS|MA
2024-09-06,exit,fintech,27.0,0.4200174825174825,PYPL|V|FIS
2024-09-06,exit,cloud,11.0,0.6564685314685313,MDB|ORCL|AMZN
2024-09-06,enter,pharma,1.0,0.8142482517482517,TMO|MRK|GILD
2024-09-06,enter,medtech,2.0,0.8094405594405594,MDT|BSX|TMO
2024-09-06,enter,insurance,3.0,0.7932692307692308,TRV|CB|PGR
2024-09-09,enter,defense,3.0,0.7347027972027972,PLTR|GD|LMT
2024-09-10,exit,insurance,26.0,0.4169580419580419,TRV|CB|PGR
2024-09-10,enter,nuclear,1.0,0.7893356643356644,UUUU|OKLO|GEV
2024-09-10,enter,gold,2.0,0.7473776223776224,FNV|GOLD|GLD
2024-09-10,enter,vertical_software,3.0,0.7408216783216783,PLTR|ORCL|ADSK
2024-09-11,exit,pharma,26.0,0.39160839160839156,TMO|MRK|GILD
2024-09-11,exit,medtech,15.0,0.5244755244755246,MDT|BSX|TMO
2024-09-11,exit,defense,18.0,0.5087412587412588,PLTR|GD|LMT
2024-09-11,exit,gold,14.0,0.5537587412587412,FNV|GOLD|GLD
2024-09-11,enter,uranium,2.0,0.7832167832167832,LEU|UUUU|UEC
2024-09-11,enter,ai_infrastructure,3.0,0.7456293706293708,ARM|VRT|ANET
2024-09-12,exit,uranium,9.0,0.6289335664335666,LEU|UUUU|UEC
2024-09-12,exit,ai_infrastructure,10.0,0.6223776223776224,ARM|VRT|ANET
2024-09-12,enter,gold,1.0,0.7687937062937064,GOLD|PAAS|AEM
2024-09-12,enter,business_apps,3.0,0.7242132867132868,ORCL|MSFT|ADBE
2024-09-13,exit,business_apps,22.0,0.4265734265734266,ORCL|MSFT|ADBE
2024-09-13,enter,semis,3.0,0.6975524475524476,ARM|AVGO|TSM
2024-09-16,exit,gold,17.0,0.5257867132867132,GOLD|PAAS|AEM
2024-09-16,exit,semis,13.0,0.541083916083916,ARM|AVGO|TSM
2024-09-16,enter,ai_apps,1.0,0.7145979020979022,APP|SNAP|DUOL
2024-09-16,enter,asset_managers,3.0,0.6848776223776223,BX|KKR|TROW
2024-09-17,exit,nuclear,10.0,0.625,UUUU|OKLO|GEV
2024-09-17,exit,vertical_software,17.0,0.5113636363636364,PLTR|ORCL|ADSK
2024-09-17,enter,consumer_internet,1.0,0.8177447552447553,APP|DUOL|ABNB
2024-09-17,enter,fintech,2.0,0.7460664335664335,SOFI|XYZ|HOOD
2024-09-18,enter,travel,3.0,0.7307692307692306,DIS|EXPE|ABNB
2024-09-19,exit,travel,12.0,0.5992132867132867,DIS|EXPE|ABNB
2024-09-19,enter,regional_banks,1.0,0.7495629370629371,COF|HBAN|KEY
2024-09-19,enter,mega_banks,2.0,0.7478146853146853,C|GS|BAC
2024-09-20,exit,fintech,17.0,0.5546328671328671,SOFI|XYZ|HOOD
2024-09-20,exit,regional_banks,19.0,0.5104895104895105,COF|HBAN|KEY
2024-09-20,enter,nuclear,1.0,0.7652972027972028,OKLO|CEG|VST
2024-09-23,exit,ai_apps,9.0,0.6411713286713286,APP|SNAP|DUOL
2024-09-23,exit,asset_managers,24.0,0.4195804195804196,BX|KKR|TROW
2024-09-23,exit,mega_banks,21.0,0.45673076923076916,C|GS|BAC
2024-09-23,enter,china_internet,1.0,0.8168706293706295,FUTU|JD|BABA
2024-09-24,enter,travel,2.0,0.8697552447552447,TCOM|ABNB|EXPE
2024-09-25,exit,travel,17.0,0.5712412587412588,TCOM|ABNB|EXPE
2024-09-25,enter,uranium,3.0,0.7862762237762237,LEU|DNN|UEC
2024-09-26,enter,semis,2.0,0.7137237762237763,MU|LRCX|AMD
2024-09-27,exit,nuclear,11.0,0.6070804195804197,OKLO|CEG|VST
2024-09-27,exit,uranium,15.0,0.521416083916084,LEU|DNN|UEC
2024-09-27,exit,semis,9.0,0.6210664335664335,MU|LRCX|AMD
2024-09-27,enter,retail,3.0,0.7167832167832169,JD|PDD|KR
2024-10-01,enter,nuclear,3.0,0.7749125874125874,NNE|LEU|VST
2024-10-03,exit,retail,13.0,0.5686188811188811,JD|PDD|KR
2024-10-03,enter,oil_exploration,1.0,0.8597027972027971,APA|DVN|FANG
2024-10-04,enter,fintech,2.0,0.8229895104895105,FUTU|SOFI|PYPL
2024-10-07,exit,nuclear,9.0,0.6350524475524475,NNE|LEU|VST
2024-10-08,exit,consumer_internet,22.0,0.5052447552447552,APP|DUOL|ABNB
2024-10-08,exit,china_internet,31.0,0.34222027972027974,FUTU|JD|BABA
2024-10-08,exit,oil_exploration,13.0,0.6542832167832169,APA|DVN|FANG
2024-10-08,enter,business_apps,2.0,0.7718531468531468,DOCU|CRM|ADSK
2024-10-08,enter,uranium,3.0,0.7451923076923077,LEU|CCJ|NXE
2024-10-09,exit,business_apps,12.0,0.7124125874125873,DOCU|CRM|ADSK
2024-10-09,exit,uranium,34.0,0.15734265734265734,LEU|CCJ|NXE
2024-10-09,enter,cybersecurity,1.0,0.8365384615384616,ZS|PANW|CHKP
2024-10-09,enter,dev_tools,2.0,0.8155594405594406,TEAM|SNOW|MDB
2024-10-09,enter,cloud,3.0,0.8146853146853147,DOCU|ZS|TEAM
2024-10-10,enter,workflow_software,1.0,0.8767482517482518,TEAM|DOCU|ZM
2024-10-11,exit,cybersecurity,10.0,0.6416083916083917,ZS|PANW|CHKP
2024-10-11,exit,cloud,14.0,0.590034965034965,DOCU|ZS|TEAM
2024-10-11,exit,workflow_software,18.0,0.5402097902097901,TEAM|DOCU|ZM
2024-10-11,enter,mega_banks,1.0,0.819493006993007,WFC|JPM|BAC
2024-10-11,enter,regional_banks,2.0,0.8028846153846153,HBAN|USB|FITB
2024-10-11,enter,asset_managers,3.0,0.743006993006993,BLK|SCHW|GS
2024-10-14,exit,dev_tools,15.0,0.5948426573426573,TEAM|SNOW|MDB
2024-10-14,exit,mega_banks,11.0,0.6341783216783216,WFC|JPM|BAC
2024-10-14,enter,payments,1.0,0.8238636363636364,AFRM|XYZ|FIS
2024-10-15,enter,mega_banks,3.0,0.7574300699300699,BAC|WFC|JPM
2024-10-16,exit,payments,10.0,0.6368006993006993,AFRM|XYZ|FIS
2024-10-16,enter,nuclear,1.0,0.847027972027972,OKLO|SMR|LEU
2024-10-16,enter,uranium,2.0,0.8199300699300701,LEU|UUUU|DNN
2024-10-17,exit,fintech,13.0,0.6031468531468532,FUTU|SOFI|PYPL
2024-10-17,enter,insurance,3.0,0.7263986013986015,TRV|CB|ALL
2024-10-18,exit,regional_banks,14.0,0.569493006993007,HBAN|USB|FITB
2024-10-18,exit,mega_banks,24.0,0.4938811188811189,BAC|WFC|JPM
2024-10-18,exit,insurance,10.0,0.6175699300699301,TRV|CB|ALL
2024-10-18,enter,gold,1.0,0.8347902097902098,PAAS|WPM|AEM
2024-10-21,enter,aerospace,3.0,0.7163461538461539,BA|GE|HWM
2024-10-22,exit,aerospace,11.0,0.5777972027972028,BA|GE|HWM
2024-10-22,enter,mega_banks,3.0,0.7172202797202798,WFC|JPM|MS
2024-10-23,exit,nuclear,13.0,0.5812937062937064,OKLO|SMR|LEU
2024-10-23,exit,uranium,17.0,0.5686188811188811,LEU|UUUU|DNN
2024-10-23,exit,mega_banks,27.0,0.46896853146853146,WFC|JPM|MS
2024-10-23,enter,medtech,1.0,0.854895104895105,MDT|DXCM|EW
2024-10-23,enter,consumer,2.0,0.7954545454545453,SBUX|CMG|DRI
2024-10-24,exit,consumer,11.0,0.5992132867132868,SBUX|CMG|DRI
2024-10-24,enter,workflow_software,1.0,0.7543706293706295,NOW|HUBS|ZM
2024-10-24,enter,ai_apps,2.0,0.7215909090909091,TSLA|NOW|HUBS
2024-10-25,exit,asset_managers,30.0,0.29501748251748255,BLK|SCHW|GS
2024-10-25,exit,gold,31.0,0.28452797202797203,PAAS|WPM|AEM
2024-10-25,exit,medtech,29.0,0.34396853146853146,MDT|DXCM|EW
2024-10-25,exit,workflow_software,11.0,0.5987762237762237,NOW|HUBS|ZM
2024-10-25,enter,semis,1.0,0.7648601398601398,ON|TXN|TSM
2024-10-25,enter,consumer_internet,2.0,0.743881118881119,DUOL|GOOGL|RDDT
2024-10-28,exit,ai_apps,10.0,0.6713286713286714,TSLA|NOW|HUBS
2024-10-28,exit,semis,15.0,0.5808566433566434,ON|TXN|TSM
2024-10-28,enter,payments,1.0,0.7888986013986014,COF|PYPL|GPN
2024-10-28,enter,fintech,2.0,0.7753496503496503,SOFI|PYPL|HOOD
2024-10-28,enter,mega_banks,3.0,0.7679195804195803,WFC|C|JPM
2024-10-29,exit,payments,22.0,0.47071678321678323,COF|PYPL|GPN
2024-10-29,exit,fintech,11.0,0.6381118881118881,SOFI|PYPL|HOOD
2024-10-29,exit,mega_banks,21.0,0.4772727272727273,WFC|C|JPM
2024-10-29,enter,cloud,1.0,0.8033216783216783,ZM|DLR|GOOGL
2024-10-29,enter,ai_apps,3.0,0.7797202797202798,RDDT|SNAP|SOUN
2024-10-30,enter,fintech,1.0,0.8216783216783217,SOFI|HOOD|GPN
2024-10-30,enter,payments,2.0,0.7998251748251748,GPN|COF|V
2024-10-31,exit,cloud,9.0,0.6451048951048951,ZM|DLR|GOOGL
2024-10-31,exit,fintech,25.0,0.43531468531468526,SOFI|HOOD|GPN
2024-10-31,enter,pharma,2.0,0.7368881118881119,BMY|ABBV|AMGN
2024-10-31,enter,travel,3.0,0.6918706293706295,BKNG|ABNB|DIS
2024-11-01,exit,consumer_internet,10.0,0.6394230769230769,DUOL|GOOGL|RDDT
2024-11-01,exit,pharma,17.0,0.5624999999999999,BMY|ABBV|AMGN
2024-11-01,enter,workflow_software,3.0,0.6979895104895105,TEAM|ZM|HUBS
2024-11-04,exit,ai_apps,15.0,0.5384615384615384,RDDT|SNAP|SOUN
2024-11-04,exit,workflow_software,9.0,0.6617132867132867,TEAM|ZM|HUBS
2024-11-04,enter,dev_tools,1.0,0.8291083916083917,TEAM|CDNS|PTC
2024-11-04,enter,oil_exploration,2.0,0.7897727272727273,COP|USO|DVN
2024-11-04,enter,vertical_software,3.0,0.7517482517482519,LDOS|CDNS|PTC
2024-11-05,exit,oil_exploration,13.0,0.5694930069930071,COP|USO|DVN
2024-11-05,enter,consumer_internet,1.0,0.777972027972028,RDDT|BKNG|DUOL
2024-11-06,exit,travel,16.0,0.5371503496503497,BKNG|ABNB|DIS
2024-11-06,exit,dev_tools,14.0,0.6022727272727273,TEAM|CDNS|PTC
2024-11-06,exit,consumer_internet,30.0,0.2840909090909091,RDDT|BKNG|DUOL
2024-11-06,enter,mega_banks,1.0,0.8356643356643355,GS|MS|WFC
2024-11-06,enter,asset_managers,2.0,0.7884615384615384,GS|MS|KKR
2024-11-06,enter,regional_banks,3.0,0.7871503496503497,COF|KEY|HBAN
2024-11-07,exit,payments,23.0,0.44624125874125875,GPN|COF|V
2024-11-07,exit,mega_banks,19.0,0.48339160839160844,GS|MS|WFC
2024-11-07,exit,asset_managers,20.0,0.4812062937062937,GS|MS|KKR
2024-11-07,exit,regional_banks,18.0,0.5144230769230769,COF|KEY|HBAN
2024-11-07,enter,workflow_software,1.0,0.8111888111888113,HUBS|TEAM|WDAY
2024-11-07,enter,ai_apps,2.0,0.7692307692307692,APP|SOUN|HUBS
2024-11-08,exit,workflow_software,9.0,0.6368006993006993,HUBS|TEAM|WDAY
2024-11-08,enter,defense,1.0,0.8002622377622377,AXON|PLTR|RKLB
2024-11-08,enter,fintech,2.0,0.7819055944055944,COIN|SOFI|HOOD
2024-11-11,exit,vertical_software,13.0,0.6608391608391607,LDOS|CDNS|PTC
2024-11-11,exit,ai_apps,10.0,0.6953671328671328,APP|SOUN|HUBS
2024-11-11,enter,workflow_software,3.0,0.7709790209790209,HUBS|CRM|ZM
2024-11-12,exit,defense,19.0,0.5729895104895104,AXON|PLTR|RKLB
2024-11-12,enter,business_apps,3.0,0.8033216783216783,HUBS|WDAY|CRM
2024-11-13,exit,fintech,16.0,0.5804195804195804,COIN|SOFI|HOOD
2024-11-13,enter,ai_apps,1.0,0.8273601398601398,HUBS|CRM|PLTR
2024-11-13,enter,dev_tools,3.0,0.7701048951048951,SNOW|TEAM|MDB
2024-11-14,exit,workflow_software,14.0,0.5826048951048951,HUBS|CRM|ZM
2024-11-14,exit,ai_apps,24.0,0.46634615384615385,HUBS|CRM|PLTR
2024-11-14,exit,dev_tools,17.0,0.5498251748251749,SNOW|TEAM|MDB
2024-11-14,enter,aerospace,1.0,0.7342657342657342,SPIR|HEI|RKLB
2024-11-14,enter,asset_managers,2.0,0.7281468531468532,SCHW|MS|BLK
2024-11-14,enter,defense,3.0,0.7019230769230769,HEI|RKLB|AXON
2024-11-15,exit,business_apps,21.0,0.5170454545454546,HUBS|WDAY|CRM
2024-11-15,exit,asset_managers,9.0,0.6909965034965035,SCHW|MS|BLK
2024-11-15,exit,defense,15.0,0.5773601398601399,HEI|RKLB|AXON
2024-11-15,enter,insurance,2.0,0.7683566433566434,MET|TRV|CB
2024-11-15,enter,medtech,3.0,0.7622377622377623,SYK|DXCM|EW
2024-11-18,exit,aerospace,11.0,0.5869755244755245,SPIR|HEI|RKLB
2024-11-18,enter,uranium,1.0,0.8037587412587412,UUUU|UEC|DNN
2024-11-18,enter,nuclear,2.0,0.7386363636363636,UUUU|SMR|UEC
2024-11-18,enter,oil_exploration,3.0,0.7377622377622377,EOG|FANG|COP
2024-11-19,exit,insurance,28.0,0.3868006993006993,MET|TRV|CB
2024-11-19,exit,uranium,9.0,0.6341783216783217,UUUU|UEC|DNN
2024-11-19,exit,oil_exploration,15.0,0.5502622377622378,EOG|FANG|COP
2024-11-19,enter,dev_tools,1.0,0.8059440559440562,DDOG|SNOW|TEAM
2024-11-19,enter,aerospace,2.0,0.7679195804195803,RKLB|LUNR|SPIR
2024-11-19,enter,data_centers,3.0,0.7281468531468532,VRT|VST|EQIX
2024-11-20,exit,nuclear,12.0,0.5795454545454546,UUUU|SMR|UEC
2024-11-20,exit,dev_tools,21.0,0.42132867132867136,DDOG|SNOW|TEAM
2024-11-20,exit,aerospace,28.0,0.37237762237762234,RKLB|LUNR|SPIR
2024-11-20,enter,china_internet,1.0,0.798076923076923,YMM|NTES|TCOM
2024-11-20,enter,travel,2.0,0.7333916083916083,DIS|TCOM|ABNB
2024-11-20,enter,fintech,3.0,0.708041958041958,HOOD|COIN|AFRM
2024-11-21,exit,medtech,14.0,0.5467657342657342,SYK|DXCM|EW
2024-11-21,exit,china_internet,24.0,0.45367132867132864,YMM|NTES|TCOM
2024-11-21,exit,travel,17.0,0.5358391608391608,DIS|TCOM|ABNB
2024-11-21,exit,fintech,22.0,0.4807692307692307,HOOD|COIN|AFRM
2024-11-21,enter,nuclear,1.0,0.7307692307692308,NNE|VST|CCJ
2024-11-21,enter,ai_infrastructure,2.0,0.7263986013986014,VRT|NET|ANET
2024-11-22,exit,ai_infrastructure,12.0,0.5869755244755245,VRT|NET|ANET
2024-11-22,enter,dev_tools,2.0,0.7211538461538461,DDOG|SNOW|MDB
2024-11-22,enter,ai_apps,3.0,0.7194055944055944,SOUN|AI|PATH
2024-11-25,exit,nuclear,24.0,0.4493006993006993,NNE|VST|CCJ
2024-11-25,exit,ai_apps,12.0,0.5878496503496503,SOUN|AI|PATH
2024-11-25,enter,cloud,3.0,0.7159090909090909,ZM|SNOW|MDB
2024-11-26,exit,dev_tools,19.0,0.5091783216783217,DDOG|SNOW|MDB
2024-11-26,enter,ai_apps,2.0,0.715034965034965,DUOL|AI|PATH
2024-11-26,enter,cybersecurity,3.0,0.7115384615384615,GEN|FTNT|NET
2024-11-27,exit,ai_apps,14.0,0.5987762237762237,DUOL|AI|PATH
2024-11-27,exit,cybersecurity,21.0,0.5034965034965035,GEN|FTNT|NET
2024-11-27,enter,biotech,1.0,0.8256118881118881,NTLA|GILD|ABBV
2024-11-27,enter,consumer_staples,3.0,0.7333916083916083,WMT|KR|DLTR
2024-11-29,exit,data_centers,28.0,0.41783216783216787,VRT|VST|EQIX
2024-11-29,exit,cloud,18.0,0.5026223776223776,ZM|SNOW|MDB
2024-11-29,enter,aerospace,1.0,0.7902097902097902,RKLB|LUNR|BA
2024-11-29,enter,defense,2.0,0.7067307692307692,RKLB|BA|HWM
2024-11-29,enter,autos,3.0,0.667395104895105,RIVN|ON|LCID
2024-12-02,exit,aerospace,23.0,0.40646853146853146,RKLB|LUNR|BA
2024-12-02,exit,defense,25.0,0.38811188811188807,RKLB|BA|HWM
2024-12-02,exit,autos,16.0,0.5393356643356643,RIVN|ON|LCID
2024-12-02,enter,china_internet,2.0,0.7377622377622378,YMM|TME|BIDU
2024-12-02,enter,consumer_internet,3.0,0.7281468531468531,META|TME|AMZN
2024-12-03,exit,biotech,16.0,0.5358391608391608,NTLA|GILD|ABBV
2024-12-03,enter,ai_apps,1.0,0.8085664335664335,SNAP|APP|PLTR
2024-12-04,exit,consumer_staples,15.0,0.6276223776223776,WMT|KR|DLTR
2024-12-04,exit,china_internet,16.0,0.604895104895105,YMM|TME|BIDU
2024-12-04,enter,cybersecurity,2.0,0.7910839160839161,OKTA|NET|CHKP
2024-12-04,enter,dev_tools,3.0,0.7801573426573425,TEAM|DDOG|SNOW
2024-12-05,exit,cybersecurity,10.0,0.6389860139860141,OKTA|NET|CHKP
2024-12-05,exit,dev_tools,27.0,0.444055944055944,TEAM|DDOG|SNOW
2024-12-05,enter,china_internet,3.0,0.6883741258741258,YMM|NTES|TCOM
2024-12-06,exit,china_internet,13.0,0.6534090909090909,YMM|NTES|TCOM
2024-12-06,enter,cloud,3.0,0.7714160839160839,DOCU|AMZN|DDOG
2024-12-09,enter,china_internet,1.0,0.8706293706293706,BILI|FUTU|YMM
2024-12-10,exit,china_internet,11.0,0.6512237762237763,BILI|FUTU|YMM
2024-12-10,enter,workflow_software,2.0,0.79763986013986,NOW|WDAY|DOCU
2024-12-11,exit,workflow_software,16.0,0.5406468531468531,NOW|WDAY|DOCU
2024-12-11,enter,business_apps,1.0,0.7683566433566432,ADBE|MSFT|INTU
2024-12-11,enter,asset_managers,2.0,0.7141608391608392,BLK|BX|SCHW
2024-12-12,exit,ai_apps,19.0,0.5362762237762239,SNAP|APP|PLTR
2024-12-12,exit,cloud,10.0,0.6905594405594406,DOCU|AMZN|DDOG
2024-12-12,exit,asset_managers,15.0,0.5900349650349651,BLK|BX|SCHW
2024-12-12,enter,china_internet,1.0,0.7792832167832168,TCOM|BIDU|NTES
2024-12-12,enter,travel,2.0,0.770541958041958,TCOM|ABNB|HLT
2024-12-12,enter,robotics,3.0,0.7237762237762237,TSLA|ROK|TER
2024-12-13,exit,consumer_internet,24.0,0.4663461538461538,META|TME|AMZN
2024-12-13,exit,business_apps,30.0,0.31468531468531474,ADBE|MSFT|INTU
2024-12-13,exit,travel,25.0,0.4195804195804196,TCOM|ABNB|HLT
2024-12-13,exit,robotics,17.0,0.5576923076923077,TSLA|ROK|TER
2024-12-13,enter,oil_exploration,2.0,0.735576923076923,USO|APA|OXY
2024-12-13,enter,autos,3.0,0.6748251748251749,TSLA|LCID|RIVN
2024-12-16,exit,china_internet,34.0,0.20891608391608393,TCOM|BIDU|NTES
2024-12-16,exit,oil_exploration,27.0,0.4099650349650349,USO|APA|OXY
2024-12-16,exit,autos,10.0,0.6713286713286712,TSLA|LCID|RIVN
2024-12-16,enter,defense,1.0,0.756993006993007,KTOS|PLTR|BA
2024-12-16,enter,payments,2.0,0.7294580419580418,V|AFRM|PYPL
2024-12-16,enter,aerospace,3.0,0.7141608391608392,HON|BA|TDG
2024-12-17,exit,defense,19.0,0.49737762237762245,KTOS|PLTR|BA
2024-12-17,enter,fintech,1.0,0.7814685314685313,SOFI|AFRM|V
2024-12-17,enter,ai_infrastructure,3.0,0.7229020979020978,MU|AVGO|NET
2024-12-18,exit,payments,21.0,0.4729020979020979,V|AFRM|PYPL
2024-12-18,exit,fintech,18.0,0.4895104895104895,SOFI|AFRM|V
2024-12-18,enter,ai_apps,1.0,0.7670454545454546,SOUN|TSLA|PLTR
2024-12-18,enter,autos,2.0,0.7176573426573427,TSLA|LCID|MBLY
2024-12-18,enter,semis,3.0,0.7049825174825176,MU|TER|AVGO
2024-12-19,exit,ai_infrastructure,20.0,0.5227272727272727,MU|AVGO|NET
2024-12-19,exit,autos,15.0,0.5939685314685316,TSLA|LCID|MBLY
2024-12-19,exit,semis,26.0,0.4388111888111888,MU|TER|AVGO
2024-12-19,enter,insurance,1.0,0.7919580419580421,CB|AIG|PGR
2024-12-19,enter,defense,2.0,0.7473776223776223,BA|TDG|PLTR
2024-12-20,enter,medtech,1.0,0.7701048951048951,DXCM|EW|BSX
2024-12-20,enter,mega_banks,2.0,0.743881118881119,JPM|AXP|WFC
2024-12-23,exit,ai_apps,29.0,0.3413461538461538,SOUN|TSLA|PLTR
2024-12-23,exit,insurance,13.0,0.5869755244755245,CB|AIG|PGR
2024-12-23,exit,defense,12.0,0.5979020979020979,BA|TDG|PLTR
2024-12-23,enter,pharma,1.0,0.8050699300699302,ABBV|PFE|LLY
2024-12-23,enter,consumer_internet,3.0,0.7041083916083917,EXPE|ABNB|TME
2024-12-24,exit,medtech,11.0,0.604895104895105,DXCM|EW|BSX
2024-12-24,exit,pharma,21.0,0.479020979020979,ABBV|PFE|LLY
2024-12-24,exit,consumer_internet,15.0,0.5524475524475524,EXPE|ABNB|TME
2024-12-24,enter,autos,3.0,0.7285839160839161,LCID|TM|GM
2024-12-26,exit,autos,9.0,0.6547202797202798,LCID|TM|GM
2024-12-26,enter,restaurants,2.0,0.756555944055944,DRI|YUM|SBUX
2024-12-26,enter,consumer,3.0,0.750437062937063,DRI|YUM|SBUX
2024-12-27,exit,mega_banks,10.0,0.6162587412587414,JPM|AXP|WFC
2024-12-27,exit,restaurants,15.0,0.5231643356643356,DRI|YUM|SBUX
2024-12-27,exit,consumer,13.0,0.5441433566433566,DRI|YUM|SBUX
2024-12-27,enter,oil_exploration,2.0,0.7980769230769231,OXY|APA|FANG
2024-12-27,enter,autos,3.0,0.7893356643356644,TM|LCID|MBLY
2024-12-30,enter,semis,3.0,0.7381993006993006,TSM|NVDA|MPWR
2024-12-31,exit,autos,16.0,0.5236013986013985,TM|LCID|MBLY
2024-12-31,exit,semis,33.0,0.25655594405594406,TSM|NVDA|MPWR
2024-12-31,enter,gold,3.0,0.7495629370629369,GOLD|GLD|FNV
2025-01-02,exit,aerospace,12.0,0.5646853146853147,HON|BA|TDG
2025-01-02,enter,uranium,1.0,0.8378496503496503,DNN|LEU|UEC
2025-01-03,exit,gold,18.0,0.4807692307692308,GOLD|GLD|FNV
2025-01-03,enter,nuclear,3.0,0.7460664335664337,OKLO|VST|LEU
2025-01-06,exit,oil_exploration,11.0,0.5633741258741258,OXY|APA|FANG
2025-01-06,enter,ai_infrastructure,2.0,0.7867132867132867,VRT|TSM|ARM
2025-01-06,enter,data_centers,3.0,0.722465034965035,VRT|VST|CEG
2025-01-07,exit,uranium,13.0,0.5743006993006993,DNN|LEU|UEC
2025-01-07,exit,ai_infrastructure,10.0,0.6289335664335666,VRT|TSM|ARM
2025-01-07,enter,biotech,1.0,0.7491258741258741,MRNA|RXRX|ABBV
2025-01-07,enter,oil_exploration,2.0,0.743006993006993,FANG|DVN|OXY
2025-01-07,enter,gold,3.0,0.7041083916083917,FNV|PAAS|AEM
2025-01-08,exit,biotech,14.0,0.5187937062937064,MRNA|RXRX|ABBV
2025-01-08,exit,oil_exploration,13.0,0.5196678321678321,FANG|DVN|OXY
2025-01-08,enter,medtech,3.0,0.6770104895104896,BSX|TMO|MDT
2025-01-10,enter,oil_exploration,1.0,0.7491258741258742,EOG|DVN|USO
2025-01-13,exit,nuclear,33.0,0.18924825174825172,OKLO|VST|LEU
2025-01-13,exit,data_centers,20.0,0.4580419580419581,VRT|VST|CEG
2025-01-13,exit,gold,15.0,0.5222902097902098,FNV|PAAS|AEM
2025-01-13,enter,regional_banks,2.0,0.7526223776223777,COF|USB|HBAN
2025-01-13,enter,mega_banks,3.0,0.7408216783216783,C|JPM|BAC
2025-01-14,enter,gold,1.0,0.8037587412587412,NEM|AEM|PAAS
2025-01-14,enter,china_internet,3.0,0.7740384615384616,NTES|YMM|KWEB
2025-01-15,exit,medtech,11.0,0.5668706293706294,BSX|TMO|MDT
2025-01-16,exit,oil_exploration,13.0,0.5673076923076923,EOG|DVN|USO
2025-01-16,exit,regional_banks,14.0,0.5646853146853147,COF|USB|HBAN
2025-01-16,exit,gold,22.0,0.4628496503496503,NEM|AEM|PAAS
2025-01-16,exit,china_internet,17.0,0.5332167832167832,NTES|YMM|KWEB
2025-01-16,enter,medtech,1.0,0.778846153846154,ISRG|DXCM|SYK
2025-01-16,enter,insurance,2.0,0.7517482517482519,AIG|MET|PGR
2025-01-16,enter,fintech,3.0,0.7377622377622378,HOOD|SOFI|SCHW
2025-01-17,exit,medtech,18.0,0.4755244755244755,ISRG|DXCM|SYK
2025-01-17,exit,insurance,10.0,0.5847902097902098,AIG|MET|PGR
2025-01-17,enter,china_internet,1.0,0.868006993006993,JD|FUTU|PDD
2025-01-17,enter,regional_banks,2.0,0.8627622377622378,TFC|KEY|FITB
2025-01-17,enter,asset_managers,3.0,0.8269230769230769,MS|GS|KKR
2025-01-21,exit,regional_banks,11.0,0.5782342657342657,TFC|KEY|FITB
2025-01-21,enter,nuclear,1.0,0.8181818181818183,NNE|LEU|SMR
2025-01-21,enter,aerospace,2.0,0.8129370629370629,SPIR|RKLB|LUNR
2025-01-21,enter,uranium,3.0,0.7124125874125875,LEU|CCJ|NXE
2025-01-22,exit,mega_banks,18.0,0.548951048951049,C|JPM|BAC
2025-01-22,exit,fintech,9.0,0.673513986013986,HOOD|SOFI|SCHW
2025-01-22,exit,china_internet,22.0,0.4842657342657343,JD|FUTU|PDD
2025-01-22,exit,asset_managers,12.0,0.6538461538461539,MS|GS|KKR
2025-01-22,exit,aerospace,13.0,0.6503496503496503,SPIR|RKLB|LUNR
2025-01-22,enter,ai_infrastructure,3.0,0.7840909090909091,ARM|MPWR|VRT
2025-01-23,exit,ai_infrastructure,16.0,0.5568181818181818,ARM|MPWR|VRT
2025-01-23,enter,biotech,2.0,0.7325174825174825,CRSP|MRNA|ALNY
2025-01-24,exit,uranium,9.0,0.6429195804195803,LEU|CCJ|NXE
2025-01-24,enter,china_internet,1.0,0.8452797202797202,FUTU|PDD|JD
2025-01-27,exit,nuclear,29.0,0.37237762237762234,NNE|LEU|SMR
2025-01-27,exit,china_internet,11.0,0.6826923076923077,FUTU|PDD|JD
2025-01-27,enter,pharma,1.0,0.8173076923076923,XLV|JNJ|LLY
2025-01-27,enter,consumer_staples,2.0,0.7788461538461539,WMT|PG|PEP
2025-01-27,enter,cybersecurity,3.0,0.7757867132867134,AKAM|NET|TENB
2025-01-28,exit,biotech,11.0,0.6197552447552447,CRSP|MRNA|ALNY
2025-01-28,exit,pharma,13.0,0.5874125874125874,XLV|JNJ|LLY
2025-01-28,exit,consumer_staples,19.0,0.5144230769230769,WMT|PG|PEP
2025-01-28,enter,workflow_software,1.0,0.8732517482517483,PATH|ZM|HUBS
2025-01-28,enter,cloud,2.0,0.8693181818181818,NET|ZM|DDOG
2025-01-28,enter,dev_tools,3.0,0.8308566433566436,MDB|DDOG|SNOW
2025-01-29,exit,cybersecurity,14.0,0.6284965034965035,AKAM|NET|TENB
2025-01-29,exit,workflow_software,9.0,0.6551573426573427,PATH|ZM|HUBS
2025-01-29,exit,cloud,18.0,0.5808566433566434,NET|ZM|DDOG
2025-01-29,exit,dev_tools,19.0,0.5262237762237763,MDB|DDOG|SNOW
2025-01-29,enter,consumer_internet,1.0,0.8015734265734265,BABA|META|RDDT
2025-01-29,enter,consumer,2.0,0.7263986013986015,SBUX|DRI|TXRH
2025-01-29,enter,insurance,3.0,0.6901223776223776,PGR|CB|MET
2025-01-30,exit,insurance,22.0,0.4580419580419581,PGR|CB|MET
2025-01-30,enter,china_internet,1.0,0.8395979020979021,BABA|BIDU|KWEB
2025-01-30,enter,gold,2.0,0.8277972027972028,PAAS|AEM|WPM
2025-01-30,enter,payments,3.0,0.7403846153846154,MA|XYZ|AFRM
2025-01-31,exit,consumer,11.0,0.6201923076923077,SBUX|DRI|TXRH
2025-01-31,exit,china_internet,22.0,0.5074300699300699,BABA|BIDU|KWEB
2025-01-31,exit,gold,9.0,0.6411713286713286,PAAS|AEM|WPM
2025-01-31,exit,payments,15.0,0.5782342657342658,MA|XYZ|AFRM
2025-01-31,enter,workflow_software,1.0,0.7832167832167831,TEAM|ZM|DOCU
2025-01-31,enter,cybersecurity,2.0,0.7613636363636364,CHKP|NET|OKTA
2025-01-31,enter,dev_tools,3.0,0.7312062937062936,TEAM|PTC|MDB
2025-02-03,exit,workflow_software,23.0,0.4274475524475525,TEAM|ZM|DOCU
2025-02-03,exit,cybersecurity,13.0,0.6027097902097903,CHKP|NET|OKTA
2025-02-03,enter,gold,1.0,0.7972027972027971,FNV|PAAS|WPM
2025-02-03,enter,restaurants,3.0,0.7027972027972027,DRI|DPZ|SBUX
2025-02-04,exit,dev_tools,10.0,0.6079545454545454,TEAM|PTC|MDB
2025-02-04,enter,ai_apps,2.0,0.7119755244755245,PLTR|RDDT|DUOL
2025-02-05,exit,consumer_internet,26.0,0.39510489510489516,BABA|META|RDDT
2025-02-05,exit,restaurants,21.0,0.4462412587412588,DRI|DPZ|SBUX
2025-02-05,exit,ai_apps,11.0,0.625,PLTR|RDDT|DUOL
2025-02-05,enter,ai_infrastructure,2.0,0.7067307692307694,ARM|SMCI|AVGO
2025-02-05,enter,semis,3.0,0.7023601398601399,ARM|SMCI|AVGO
2025-02-06,enter,mega_banks,2.0,0.7115384615384616,WFC|BAC|JPM
2025-02-06,enter,vertical_software,3.0,0.7093531468531469,PLTR|CDNS|ADSK
2025-02-07,exit,gold,10.0,0.6953671328671328,FNV|PAAS|WPM
2025-02-07,exit,semis,13.0,0.6210664335664334,ARM|SMCI|AVGO
2025-02-07,exit,mega_banks,21.0,0.4873251748251749,WFC|BAC|JPM
2025-02-07,enter,consumer_internet,2.0,0.8125,PINS|EXPE|UBER
2025-02-07,enter,nuclear,3.0,0.7945804195804197,OKLO|LEU|SMR
2025-02-10,exit,vertical_software,11.0,0.6193181818181818,PLTR|CDNS|ADSK
2025-02-10,exit,consumer_internet,10.0,0.6402972027972028,PINS|EXPE|UBER
2025-02-10,exit,nuclear,21.0,0.4768356643356644,OKLO|LEU|SMR
2025-02-10,enter,cybersecurity,1.0,0.770104895104895,NET|FTNT|AKAM
2025-02-10,enter,oil_exploration,3.0,0.7224650349650349,OXY|EOG|COP
2025-02-11,enter,consumer_staples,1.0,0.8015734265734266,KO|MDLZ|MCD
2025-02-11,enter,semis,3.0,0.7740384615384616,SMCI|INTC|MPWR
2025-02-12,exit,ai_infrastructure,10.0,0.6385489510489512,ARM|SMCI|AVGO
2025-02-12,exit,oil_exploration,21.0,0.5078671328671328,OXY|EOG|COP
2025-02-12,exit,semis,9.0,0.6621503496503496,SMCI|INTC|MPWR
2025-02-12,enter,consumer_internet,1.0,0.8374125874125874,BABA|UBER|ABNB
2025-02-12,enter,travel,2.0,0.8374125874125872,UBER|ABNB|EXPE
2025-02-12,enter,china_internet,3.0,0.8321678321678323,FUTU|BABA|BILI
2025-02-13,exit,travel,11.0,0.597027972027972,UBER|ABNB|EXPE
2025-02-13,enter,semis,3.0,0.7054195804195803,INTC|SMCI|QCOM
2025-02-14,exit,consumer_staples,22.0,0.44274475524475526,KO|MDLZ|MCD
2025-02-14,enter,oil_exploration,3.0,0.7937062937062936,APA|DVN|OXY
2025-02-18,exit,cybersecurity,15.0,0.5458916083916083,NET|FTNT|AKAM
2025-02-18,exit,consumer_internet,13.0,0.6013986013986014,BABA|UBER|ABNB
2025-02-18,exit,china_internet,12.0,0.6153846153846154,FUTU|BABA|BILI
2025-02-18,exit,oil_exploration,11.0,0.6175699300699301,APA|DVN|OXY
2025-02-18,enter,biotech,1.0,0.7692307692307692,RXRX|CRSP|NTLA
2025-02-18,enter,insurance,3.0,0.7176573426573427,PGR|ALL|AIG
2025-02-19,exit,insurance,15.0,0.527972027972028,PGR|ALL|AIG
2025-02-19,enter,oil_exploration,3.0,0.7119755244755245,DVN|OXY|APA
2025-02-21,exit,semis,11.0,0.5922202797202798,INTC|SMCI|QCOM
2025-02-21,enter,china_internet,2.0,0.8015734265734266,BILI|TME|BABA
2025-02-21,enter,pharma,3.0,0.7945804195804197,NVO|JNJ|ABBV
2025-02-24,exit,oil_exploration,9.0,0.666958041958042,DVN|OXY|APA
2025-02-24,exit,china_internet,28.0,0.3575174825174825,BILI|TME|BABA
2025-02-24,enter,consumer_staples,2.0,0.8426573426573427,DG|MDLZ|PEP
2025-02-24,enter,insurance,3.0,0.8282342657342657,AIG|PGR|TRV
2025-02-25,enter,medtech,3.0,0.7867132867132867,JNJ|SYK|MDT
2025-02-26,exit,biotech,21.0,0.4842657342657343,RXRX|CRSP|NTLA
2025-02-26,exit,pharma,9.0,0.5895979020979021,NVO|JNJ|ABBV
2025-02-26,exit,consumer_staples,12.0,0.5751748251748251,DG|MDLZ|PEP
2025-02-26,exit,insurance,17.0,0.5327797202797203,AIG|PGR|TRV
2025-02-26,enter,gold,1.0,0.7054195804195803,PAAS|WPM|AEM
2025-02-26,enter,restaurants,2.0,0.6791958041958042,DPZ|YUM|MCD
2025-02-26,enter,consumer,3.0,0.6499125874125874,DPZ|YUM|TXRH
2025-02-27,exit,gold,19.0,0.49694055944055937,PAAS|WPM|AEM
2025-02-27,exit,consumer,9.0,0.6800699300699301,DPZ|YUM|TXRH
2025-02-27,enter,insurance,1.0,0.8203671328671328,CB|TRV|AIG
2025-02-27,enter,regional_banks,2.0,0.7674825174825175,USB|HBAN|FITB
2025-02-27,enter,consumer_staples,3.0,0.7648601398601399,MCD|PG|KO
2025-02-28,exit,medtech,14.0,0.569493006993007,JNJ|SYK|MDT
2025-02-28,exit,consumer_staples,13.0,0.6040209790209791,MCD|PG|KO
2025-02-28,enter,aerospace,2.0,0.7797202797202798,HEI|RTX|HWM
2025-02-28,enter,mega_banks,3.0,0.7596153846153846,BAC|WFC|AXP
2025-03-03,exit,regional_banks,15.0,0.5716783216783217,USB|HBAN|FITB
2025-03-03,exit,mega_banks,11.0,0.6271853146853146,BAC|WFC|AXP
2025-03-04,exit,insurance,10.0,0.6368006993006993,CB|TRV|AIG
2025-03-04,enter,cybersecurity,1.0,0.7395104895104896,OKTA|CHKP|CRWD
2025-03-04,enter,china_internet,3.0,0.6879370629370629,JD|NTES|TCOM
2025-03-05,exit,restaurants,15.0,0.5384615384615384,DPZ|YUM|MCD
2025-03-05,exit,cybersecurity,10.0,0.6228146853146853,OKTA|CHKP|CRWD
2025-03-05,enter,defense,2.0,0.7770979020979021,GD|LMT|HEI
2025-03-06,exit,defense,15.0,0.548076923076923,GD|LMT|HEI
2025-03-06,enter,pharma,3.0,0.7259615384615384,AMGN|GILD|MRK
2025-03-07,exit,aerospace,12.0,0.5638111888111889,HEI|RTX|HWM
2025-03-07,enter,biotech,1.0,0.8269230769230769,BIIB|MRNA|AMGN
2025-03-07,enter,consumer_staples,3.0,0.7176573426573427,DG|CL|MCD
2025-03-11,exit,pharma,12.0,0.541083916083916,AMGN|GILD|MRK
2025-03-11,enter,gold,1.0,0.7320804195804198,AEM|PAAS|WPM
2025-03-11,enter,data_centers,3.0,0.6350524475524476,AVGO|ETN|CSCO
2025-03-12,exit,china_internet,27.0,0.3881118881118881,JD|NTES|TCOM
2025-03-12,exit,biotech,9.0,0.5681818181818182,BIIB|MRNA|AMGN
2025-03-12,exit,consumer_staples,15.0,0.5244755244755245,DG|CL|MCD
2025-03-12,enter,business_apps,2.0,0.6958041958041958,ADBE|DOCU|INTU
2025-03-12,enter,ai_infrastructure,3.0,0.6346153846153846,MU|AMD|NVDA
2025-03-13,exit,business_apps,23.0,0.4388111888111888,ADBE|DOCU|INTU
2025-03-13,enter,insurance,2.0,0.7696678321678321,CB|ALL|TRV
2025-03-13,enter,defense,3.0,0.6604020979020979,KTOS|NOC|LMT
2025-03-14,exit,ai_infrastructure,13.0,0.5537587412587412,MU|AMD|NVDA
2025-03-14,exit,defense,20.0,0.4881993006993007,KTOS|NOC|LMT
2025-03-14,enter,oil_exploration,3.0,0.7316433566433566,COP|FANG|USO
2025-03-17,exit,data_centers,15.0,0.5367132867132868,AVGO|ETN|CSCO
2025-03-17,exit,oil_exploration,24.0,0.46372377622377625,COP|FANG|USO
2025-03-17,enter,asset_managers,2.0,0.6971153846153846,SCHW|BX|BLK
2025-03-18,exit,insurance,13.0,0.5581293706293706,CB|ALL|TRV
2025-03-18,enter,mega_banks,2.0,0.7465034965034965,MS|WFC|BAC
2025-03-18,enter,payments,3.0,0.6896853146853147,FIS|GPN|XYZ
2025-03-19,exit,gold,11.0,0.5677447552447551,AEM|PAAS|WPM
2025-03-19,enter,fintech,2.0,0.7473776223776224,FIS|HOOD|SCHW
2025-03-20,enter,nuclear,1.0,0.8269230769230769,GEV|DNN|SMR
2025-03-20,enter,uranium,2.0,0.7591783216783217,DNN|UEC|NXE
2025-03-21,exit,asset_managers,18.0,0.5856643356643357,SCHW|BX|BLK
2025-03-21,exit,payments,16.0,0.5891608391608392,FIS|GPN|XYZ
2025-03-21,exit,fintech,9.0,0.6459790209790209,FIS|HOOD|SCHW
2025-03-21,exit,nuclear,21.0,0.5773601398601399,GEV|DNN|SMR
2025-03-21,exit,uranium,10.0,0.6429195804195805,DNN|UEC|NXE
2025-03-21,enter,travel,1.0,0.7513111888111889,UBER|EXPE|ABNB
2025-03-21,enter,regional_banks,2.0,0.7368881118881119,KEY|HBAN|FITB
2025-03-21,enter,oil_exploration,3.0,0.7250874125874126,FANG|COP|DVN
2025-03-24,exit,travel,19.0,0.527534965034965,UBER|EXPE|ABNB
2025-03-24,exit,oil_exploration,16.0,0.5681818181818182,FANG|COP|DVN
2025-03-24,enter,fintech,1.0,0.7779720279720279,HOOD|SOFI|COIN
2025-03-24,enter,payments,2.0,0.7727272727272727,XYZ|GPN|COF
2025-03-25,exit,regional_banks,22.0,0.4973776223776223,KEY|HBAN|FITB
2025-03-25,exit,payments,10.0,0.6520979020979022,XYZ|GPN|COF
2025-03-25,enter,aerospace,1.0,0.7840909090909091,BA|GE|LUNR
2025-03-25,enter,defense,2.0,0.7434440559440558,BA|HWM|PLTR
2025-03-26,exit,mega_banks,15.0,0.5987762237762237,MS|WFC|BAC
2025-03-26,exit,fintech,16.0,0.5852272727272727,HOOD|SOFI|COIN
2025-03-26,exit,defense,23.0,0.5013111888111887,BA|HWM|PLTR
2025-03-26,enter,consumer_staples,1.0,0.8330419580419579,DG|DLTR|MDLZ
2025-03-26,enter,restaurants,2.0,0.8015734265734266,DRI|CMG|MCD
2025-03-26,enter,oil_exploration,3.0,0.798076923076923,USO|DVN|OXY
2025-03-27,exit,aerospace,10.0,0.6586538461538464,BA|GE|LUNR
2025-03-27,exit,oil_exploration,14.0,0.6175699300699301,USO|DVN|OXY
2025-03-27,enter,autos,1.0,0.8496503496503497,RIVN|TSLA|MBLY
2025-03-27,enter,consumer,3.0,0.7530594405594407,DRI|CMG|YUM
2025-03-28,exit,restaurants,9.0,0.597465034965035,DRI|CMG|MCD
2025-03-28,exit,autos,17.0,0.49912587412587406,RIVN|TSLA|MBLY
2025-03-28,exit,consumer,12.0,0.5830419580419579,DRI|CMG|YUM
2025-03-28,enter,aerospace,2.0,0.7762237762237763,TDG|HEI|GD
2025-03-28,enter,insurance,3.0,0.7548076923076923,PGR|CB|TRV
2025-03-31,exit,aerospace,17.0,0.5187937062937064,TDG|HEI|GD
2025-03-31,enter,restaurants,3.0,0.7478146853146852,MCD|YUM|SBUX
2025-04-01,enter,retail,3.0,0.7207167832167832,DLTR|DG|WMT
2025-04-02,exit,insurance,13.0,0.548513986013986,PGR|CB|TRV
2025-04-02,exit,restaurants,20.0,0.48645104895104896,MCD|YUM|SBUX
2025-04-02,exit,retail,9.0,0.6066433566433566,DLTR|DG|WMT
2025-04-02,enter,oil_exploration,2.0,0.6560314685314687,USO|COP|DVN
2025-04-02,enter,asset_managers,3.0,0.6534090909090909,KKR|BX|SCHW
2025-04-03,exit,oil_exploration,28.0,0.37543706293706297,USO|COP|DVN
2025-04-03,exit,asset_managers,20.0,0.4375,KKR|BX|SCHW
2025-04-03,enter,gold,2.0,0.7810314685314684,WPM|GLD|AEM
2025-04-03,enter,insurance,3.0,0.7277097902097903,CB|PGR|TRV
2025-04-04,exit,gold,14.0,0.5594405594405594,WPM|GLD|AEM
2025-04-04,exit,insurance,11.0,0.5646853146853147,CB|PGR|TRV
2025-04-04,enter,retail,2.0,0.7456293706293706,KR|DG|COST
2025-04-04,enter,consumer_internet,3.0,0.6695804195804197,NTES|DUOL|GOOGL
2025-04-07,exit,consumer_staples,9.0,0.6070804195804197,DG|DLTR|MDLZ
2025-04-07,exit,consumer_internet,19.0,0.5292832167832168,NTES|DUOL|GOOGL
2025-04-07,enter,medtech,1.0,0.6678321678321677,EXAS|SYK|EW
2025-04-07,enter,data_centers,2.0,0.6608391608391608,PWR|NVDA|AVGO
2025-04-07,enter,ai_infrastructure,3.0,0.6577797202797202,MSFT|AMAT|KLAC
2025-04-08,exit,retail,9.0,0.6066433566433566,KR|DG|COST
2025-04-08,exit,medtech,14.0,0.5659965034965035,EXAS|SYK|EW
2025-04-08,exit,ai_infrastructure,12.0,0.5882867132867132,MSFT|AMAT|KLAC
2025-04-08,enter,defense,1.0,0.8094405594405594,LHX|LMT|NOC
2025-04-08,enter,aerospace,2.0,0.7985139860139859,SPIR|LHX|LMT
2025-04-08,enter,consumer_staples,3.0,0.7093531468531469,KR|DG|MCD
2025-04-09,exit,data_centers,19.0,0.5270979020979021,PWR|NVDA|AVGO
2025-04-09,exit,consumer_staples,28.0,0.4117132867132867,KR|DG|MCD
2025-04-09,enter,medtech,2.0,0.6883741258741258,ISRG|EXAS|BSX
2025-04-09,enter,semis,3.0,0.6831293706293706,KLAC|AMAT|AVGO
2025-04-10,exit,medtech,22.0,0.4951923076923077,ISRG|EXAS|BSX
2025-04-10,enter,gold,1.0,0.7543706293706294,AEM|NEM|GLD
2025-04-10,enter,ai_infrastructure,3.0,0.6481643356643356,KLAC|AVGO|NVDA
2025-04-11,exit,aerospace,9.0,0.5834790209790209,SPIR|LHX|LMT
2025-04-11,enter,uranium,2.0,0.7578671328671328,UUUU|NXE|CCJ
2025-04-11,enter,nuclear,3.0,0.687062937062937,UUUU|CEG|GEV
2025-04-14,exit,semis,14.0,0.5734265734265734,KLAC|AMAT|AVGO
2025-04-14,exit,ai_infrastructure,12.0,0.6031468531468531,KLAC|AVGO|NVDA
2025-04-14,exit,nuclear,10.0,0.6166958041958043,UUUU|CEG|GEV
2025-04-14,enter,vertical_software,2.0,0.680944055944056,PLTR|LDOS|CDNS
2025-04-14,enter,aerospace,3.0,0.6770104895104896,GD|LHX|NOC
2025-04-15,exit,defense,19.0,0.569055944055944,LHX|LMT|NOC
2025-04-15,exit,uranium,18.0,0.5729895104895105,UUUU|NXE|CCJ
2025-04-15,exit,vertical_software,10.0,0.6472902097902098,PLTR|LDOS|CDNS
2025-04-15,exit,aerospace,22.0,0.5515734265734266,GD|LHX|NOC
2025-04-15,enter,ai_infrastructure,1.0,0.735576923076923,NVDA|AMD|KLAC
2025-04-15,enter,workflow_software,2.0,0.7263986013986015,NOW|TEAM|HUBS
2025-04-16,exit,ai_infrastructure,31.0,0.32954545454545453,NVDA|AMD|KLAC
2025-04-16,exit,workflow_software,13.0,0.5546328671328672,NOW|TEAM|HUBS
2025-04-16,enter,uranium,2.0,0.8461538461538464,UUUU|UEC|DNN
2025-04-16,enter,nuclear,3.0,0.7609265734265734,UUUU|UEC|DNN
2025-04-17,exit,gold,10.0,0.6236888111888111,AEM|NEM|GLD
2025-04-17,enter,oil_exploration,1.0,0.8221153846153847,FANG|EOG|DVN
2025-04-17,enter,consumer_staples,3.0,0.7548076923076924,KR|DLTR|CL
2025-04-21,exit,uranium,13.0,0.6258741258741259,UUUU|UEC|DNN
2025-04-21,exit,nuclear,33.0,0.2932692307692307,UUUU|UEC|DNN
2025-04-21,exit,oil_exploration,16.0,0.5930944055944056,FANG|EOG|DVN
2025-04-21,enter,gold,1.0,0.8164335664335665,GLD|AEM|FNV
2025-04-21,enter,biotech,3.0,0.7609265734265734,NTLA|GILD|VRTX
2025-04-22,exit,gold,13.0,0.5979020979020979,GLD|AEM|FNV
2025-04-22,exit,biotech,11.0,0.6127622377622378,NTLA|GILD|VRTX
2025-04-22,enter,payments,1.0,0.7298951048951049,FIS|COF|AFRM
2025-04-22,enter,consumer_internet,2.0,0.7237762237762237,NFLX|NTES|UBER
2025-04-22,enter,regional_banks,3.0,0.7141608391608392,COF|HBAN|USB
2025-04-23,exit,consumer_staples,12.0,0.5979020979020979,KR|DLTR|CL
2025-04-23,enter,uranium,1.0,0.7696678321678323,UEC|NXE|UUUU
2025-04-23,enter,nuclear,2.0,0.7229020979020979,UEC|NXE|GEV
2025-04-23,enter,china_internet,3.0,0.7084790209790208,NTES|YMM|TCOM
2025-04-24,exit,regional_banks,18.0,0.5743006993006993,COF|HBAN|USB
2025-04-24,exit,uranium,16.0,0.5799825174825175,UEC|NXE|UUUU
2025-04-24,exit,nuclear,13.0,0.6228146853146853,UEC|NXE|GEV
2025-04-24,exit,china_internet,22.0,0.5065559440559442,NTES|YMM|TCOM
2025-04-24,enter,ai_apps,1.0,0.7596153846153846,SOUN|NOW|PLTR
2025-04-24,enter,fintech,2.0,0.7534965034965034,HOOD|AFRM|FIS
2025-04-24,enter,semis,3.0,0.7456293706293706,MCHP|SMCI|ON
2025-04-25,exit,payments,17.0,0.5611888111888113,FIS|COF|AFRM
2025-04-25,enter,workflow_software,2.0,0.792395104895105,NOW|HUBS|TEAM
2025-04-25,enter,cloud,3.0,0.7478146853146852,NOW|TEAM|NET
2025-04-28,exit,semis,27.0,0.4965034965034965,MCHP|SMCI|ON
2025-04-28,exit,workflow_software,15.0,0.5703671328671328,NOW|HUBS|TEAM
2025-04-28,enter,nuclear,1.0,0.8125,NXE|NNE|SMR
2025-04-29,exit,nuclear,12.0,0.6228146853146853,NXE|NNE|SMR
2025-04-29,enter,cybersecurity,1.0,0.7775349650349651,OKTA|CRWD|PANW
2025-04-30,exit,consumer_internet,20.0,0.5008741258741258,NFLX|NTES|UBER
2025-04-30,exit,ai_apps,9.0,0.6551573426573427,SOUN|NOW|PLTR
2025-04-30,exit,fintech,17.0,0.576923076923077,HOOD|AFRM|FIS
2025-04-30,exit,cloud,11.0,0.6306818181818182,NOW|TEAM|NET
2025-04-30,enter,ai_infrastructure,2.0,0.7312062937062939,ANET|AVGO|MPWR
2025-04-30,enter,business_apps,3.0,0.7207167832167832,WDAY|HUBS|MSFT
2025-05-01,exit,business_apps,9.0,0.6018356643356644,WDAY|HUBS|MSFT
2025-05-01,enter,data_centers,1.0,0.8076923076923076,PWR|ANET|VST
2025-05-01,enter,dev_tools,2.0,0.7954545454545454,DDOG|PTC|SNOW
2025-05-01,enter,nuclear,3.0,0.7937062937062936,VST|OKLO|CEG
2025-05-02,exit,cybersecurity,16.0,0.5930944055944056,OKTA|CRWD|PANW
2025-05-02,exit,data_centers,13.0,0.6402972027972028,PWR|ANET|VST
2025-05-02,exit,dev_tools,32.0,0.2727272727272727,DDOG|PTC|SNOW
2025-05-02,enter,travel,1.0,0.7495629370629371,UBER|HLT|BKNG
2025-05-02,enter,vertical_software,2.0,0.7041083916083917,ORCL|PLTR|CDNS
2025-05-02,enter,aerospace,3.0,0.7023601398601399,ASTS|LUNR|HWM
2025-05-05,exit,ai_infrastructure,17.0,0.5725524475524476,ANET|AVGO|MPWR
2025-05-05,exit,nuclear,24.0,0.4729020979020979,VST|OKLO|CEG
2025-05-05,exit,aerospace,13.0,0.6267482517482518,ASTS|LUNR|HWM
2025-05-05,enter,cybersecurity,1.0,0.7714160839160839,FTNT|OKTA|ZS
2025-05-05,enter,consumer_internet,3.0,0.7198426573426575,DUOL|UBER|META
2025-05-06,exit,vertical_software,27.0,0.43006993006993005,ORCL|PLTR|CDNS
2025-05-06,exit,cybersecurity,14.0,0.5297202797202798,FTNT|OKTA|ZS
2025-05-06,enter,nuclear,1.0,0.7792832167832169,CEG|OKLO|VST
2025-05-06,enter,uranium,3.0,0.7534965034965035,CCJ|UEC|DNN
2025-05-07,enter,ai_infrastructure,2.0,0.7517482517482518,ARM|VRT|MSFT
2025-05-08,exit,travel,10.0,0.6813811188811187,UBER|HLT|BKNG
2025-05-08,exit,nuclear,15.0,0.5703671328671329,CEG|OKLO|VST
2025-05-08,exit,uranium,14.0,0.5843531468531468,CCJ|UEC|DNN
2025-05-08,exit,ai_infrastructure,17.0,0.5502622377622378,ARM|VRT|MSFT
2025-05-08,enter,fintech,2.0,0.7403846153846153,AFRM|HOOD|INTU
2025-05-08,enter,ai_apps,3.0,0.7259615384615384,AXON|APP|PINS
2025-05-09,exit,consumer_internet,19.0,0.458479020979021,DUOL|UBER|META
2025-05-09,exit,ai_apps,20.0,0.4545454545454546,AXON|APP|PINS
2025-05-09,enter,nuclear,1.0,0.784965034965035,LEU|CCJ|UEC
2025-05-09,enter,oil_exploration,2.0,0.7469405594405594,OXY|USO|APA
2025-05-09,enter,gold,3.0,0.743881118881119,PAAS|WPM|NEM
2025-05-12,exit,nuclear,10.0,0.6302447552447551,LEU|CCJ|UEC
2025-05-12,exit,gold,31.0,0.2937062937062937,PAAS|WPM|NEM
2025-05-12,enter,semis,1.0,0.7827797202797202,MCHP|TXN|ON
2025-05-12,enter,travel,2.0,0.7342657342657343,DIS|MAR|UBER
2025-05-12,enter,asset_managers,3.0,0.6971153846153847,BX|MS|KKR
2025-05-13,exit,fintech,16.0,0.5764860139860138,AFRM|HOOD|INTU
2025-05-13,exit,asset_managers,14.0,0.6031468531468531,BX|MS|KKR
2025-05-13,enter,ai_infrastructure,3.0,0.7067307692307692,NET|SMCI|MU
2025-05-14,exit,oil_exploration,17.0,0.4938811188811189,OXY|USO|APA
2025-05-14,exit,travel,30.0,0.37412587412587417,DIS|MAR|UBER
2025-05-14,enter,fintech,2.0,0.7666083916083918,COIN|AFRM|XYZ
2025-05-15,exit,fintech,28.0,0.40034965034965037,COIN|AFRM|XYZ
2025-05-15,enter,aerospace,1.0,0.7329545454545456,SPIR|LUNR|RKLB
2025-05-15,enter,data_centers,2.0,0.6892482517482518,WDC|SMCI|PSTG
2025-05-19,exit,semis,10.0,0.6018356643356644,MCHP|TXN|ON
2025-05-19,enter,biotech,3.0,0.7792832167832169,ALNY|NTLA|BIIB
2025-05-20,exit,ai_infrastructure,27.0,0.3806818181818182,NET|SMCI|MU
2025-05-20,exit,data_centers,14.0,0.5367132867132868,WDC|SMCI|PSTG
2025-05-20,enter,consumer_staples,2.0,0.7888986013986015,DG|DLTR|COST
2025-05-21,enter,gold,3.0,0.7613636363636364,WPM|AEM|NEM
2025-05-22,exit,aerospace,9.0,0.6276223776223777,SPIR|LUNR|RKLB
2025-05-22,exit,gold,20.0,0.4991258741258741,WPM|AEM|NEM
2025-05-22,enter,cybersecurity,1.0,0.7770979020979021,CHKP|NET|ZS
2025-05-22,enter,business_apps,2.0,0.7722902097902097,INTU|WDAY|ADSK
2025-05-22,enter,nuclear,3.0,0.7473776223776224,NNE|GEV|SMR
2025-05-23,exit,cybersecurity,11.0,0.5970279720279721,CHKP|NET|ZS
2025-05-23,exit,business_apps,22.0,0.4405594405594405,INTU|WDAY|ADSK
2025-05-23,enter,uranium,1.0,0.8387237762237763,UEC|UUUU|LEU
2025-05-27,exit,biotech,14.0,0.5375874125874125,ALNY|NTLA|BIIB
2025-05-27,exit,consumer_staples,11.0,0.5747377622377623,DG|DLTR|COST
2025-05-27,enter,cybersecurity,2.0,0.7277097902097902,CRWD|CHKP|NET
2025-05-27,enter,dev_tools,3.0,0.6870629370629372,SNOW|CDNS|DDOG
2025-05-28,exit,cybersecurity,24.0,0.4335664335664336,CRWD|CHKP|NET
2025-05-28,exit,dev_tools,19.0,0.4903846153846153,SNOW|CDNS|DDOG
2025-05-28,enter,data_centers,2.0,0.7460664335664335,GEV|STX|WDC
2025-05-28,enter,aerospace,3.0,0.7381993006993007,HEI|RKLB|GE
2025-05-29,exit,uranium,12.0,0.5865384615384616,UEC|UUUU|LEU
2025-05-29,exit,data_centers,10.0,0.6013986013986015,GEV|STX|WDC
2025-05-29,exit,aerospace,9.0,0.6254370629370629,HEI|RKLB|GE
2025-05-29,enter,regional_banks,1.0,0.7128496503496503,KEY|HBAN|USB
2025-05-29,enter,mega_banks,3.0,0.6577797202797202,C|AXP|BAC
2025-05-30,exit,regional_banks,25.0,0.4353146853146853,KEY|HBAN|USB
2025-05-30,exit,mega_banks,14.0,0.5948426573426573,C|AXP|BAC
2025-05-30,enter,insurance,1.0,0.7819055944055943,ALL|AIG|CB
2025-05-30,enter,defense,2.0,0.7084790209790209,PLTR|HEI|AXON
2025-05-30,enter,medtech,3.0,0.6949300699300699,EW|JNJ|ISRG
2025-06-02,exit,nuclear,33.0,0.21328671328671328,NNE|GEV|SMR
2025-06-02,exit,medtech,26.0,0.4125874125874126,EW|JNJ|ISRG
2025-06-02,enter,cloud,2.0,0.7443181818181818,ZS|ORCL|DOCU
2025-06-02,enter,gold,3.0,0.7403846153846154,WPM|FNV|PAAS
2025-06-03,exit,insurance,12.0,0.5423951048951049,ALL|AIG|CB
2025-06-03,exit,defense,16.0,0.5284090909090909,PLTR|HEI|AXON
2025-06-03,exit,cloud,9.0,0.6092657342657343,ZS|ORCL|DOCU
2025-06-03,exit,gold,25.0,0.4034090909090909,WPM|FNV|PAAS
2025-06-03,enter,semis,1.0,0.7770979020979021,ON|AVGO|MCHP
2025-06-03,enter,oil_exploration,2.0,0.7229020979020979,USO|FANG|APA
2025-06-03,enter,data_centers,3.0,0.7054195804195805,AVGO|VST|STX
2025-06-04,exit,oil_exploration,17.0,0.5480769230769231,USO|FANG|APA
2025-06-04,enter,ai_infrastructure,2.0,0.7145979020979021,AVGO|MU|TSM
2025-06-04,enter,cloud,3.0,0.7036713286713286,DOCU|MDB|ZS
2025-06-05,exit,semis,10.0,0.5952797202797202,ON|AVGO|MCHP
2025-06-05,exit,data_centers,15.0,0.5581293706293706,AVGO|VST|STX
2025-06-05,enter,cybersecurity,2.0,0.7591783216783217,NET|ZS|GEN
2025-06-05,enter,dev_tools,3.0,0.7591783216783217,MDB|TEAM|DDOG
2025-06-06,exit,cloud,17.0,0.5096153846153846,DOCU|MDB|ZS
2025-06-06,exit,dev_tools,15.0,0.5161713286713286,MDB|TEAM|DDOG
2025-06-06,enter,oil_exploration,1.0,0.7596153846153845,APA|EOG|USO
2025-06-06,enter,semis,2.0,0.7491258741258742,MU|MRVL|TER
2025-06-06,enter,fintech,3.0,0.7482517482517482,HOOD|AFRM|SOFI
2025-06-09,exit,cybersecurity,34.0,0.21634615384615385,NET|ZS|GEN
2025-06-09,enter,uranium,2.0,0.7928321678321677,UEC|CCJ|LEU
2025-06-09,enter,china_internet,3.0,0.7714160839160839,TME|BIDU|KWEB
2025-06-10,exit,fintech,9.0,0.6590909090909091,HOOD|AFRM|SOFI
2025-06-10,exit,uranium,20.0,0.465909090909091,UEC|CCJ|LEU
2025-06-10,exit,china_internet,12.0,0.5926573426573427,TME|BIDU|KWEB
2025-06-10,enter,consumer_internet,2.0,0.7491258741258742,GOOGL|PINS|DIS
2025-06-11,exit,ai_infrastructure,13.0,0.604458041958042,AVGO|MU|TSM
2025-06-11,exit,consumer_internet,17.0,0.5362762237762239,GOOGL|PINS|DIS
2025-06-11,enter,nuclear,2.0,0.7967657342657342,OKLO|SMR|LEU
2025-06-11,enter,fintech,3.0,0.7465034965034965,AFRM|SOFI|FUTU
2025-06-12,exit,fintech,10.0,0.5498251748251748,AFRM|SOFI|FUTU
2025-06-12,enter,pharma,2.0,0.7727272727272727,PFE|NVO|MRK
2025-06-12,enter,ai_infrastructure,3.0,0.6787587412587412,KLAC|MU|TSM
2025-06-13,exit,semis,11.0,0.5480769230769231,MU|MRVL|TER
2025-06-13,exit,ai_infrastructure,15.0,0.4899475524475525,KLAC|MU|TSM
2025-06-13,enter,vertical_software,2.0,0.7316433566433568,ORCL|PLTR|PTC
2025-06-13,enter,gold,3.0,0.715034965034965,NEM|GOLD|GLD
2025-06-16,exit,pharma,9.0,0.5882867132867133,PFE|NVO|MRK
2025-06-16,exit,vertical_software,11.0,0.5795454545454546,ORCL|PLTR|PTC
2025-06-16,exit,gold,16.0,0.5157342657342657,NEM|GOLD|GLD
2025-06-16,enter,uranium,2.0,0.75,DNN|LEU|CCJ
2025-06-16,enter,semis,3.0,0.7290209790209791,KLAC|MU|LRCX
2025-06-17,exit,semis,12.0,0.5777972027972028,KLAC|MU|LRCX
2025-06-18,enter,mega_banks,1.0,0.7298951048951049,JPM|GS|MS
2025-06-18,enter,ai_infrastructure,2.0,0.7285839160839161,MRVL|VRT|MU
2025-06-18,enter,data_centers,3.0,0.7202797202797202,VST|VRT|WDC
2025-06-20,exit,nuclear,17.0,0.5747377622377623,OKLO|SMR|LEU
2025-06-20,exit,uranium,19.0,0.5638111888111887,DNN|LEU|CCJ
2025-06-20,exit,ai_infrastructure,11.0,0.6184440559440558,MRVL|VRT|MU
2025-06-20,exit,data_centers,20.0,0.5362762237762239,VST|VRT|WDC
2025-06-20,enter,aerospace,3.0,0.7408216783216783,RKLB|ASTS|RTX
2025-06-23,exit,oil_exploration,34.0,0.22552447552447552,APA|EOG|USO
2025-06-23,enter,regional_banks,2.0,0.7718531468531469,FITB|KEY|TFC
2025-06-23,enter,data_centers,3.0,0.7508741258741258,CSCO|WDC|VST
2025-06-24,exit,aerospace,12.0,0.5961538461538461,RKLB|ASTS|RTX
2025-06-24,enter,ai_infrastructure,2.0,0.8103146853146853,AMD|ARM|MU
2025-06-24,enter,semis,3.0,0.7749125874125875,AMD|ARM|INTC
2025-06-27,exit,data_centers,12.0,0.6328671328671328,CSCO|WDC|VST
2025-06-27,exit,semis,10.0,0.6573426573426573,AMD|ARM|INTC
2025-06-27,enter,asset_managers,1.0,0.8063811188811191,BX|KKR|GS
2025-06-27,enter,payments,2.0,0.7998251748251748,AFRM|AXP|COF
2025-06-30,exit,regional_banks,14.0,0.5607517482517483,FITB|KEY|TFC
2025-06-30,enter,fintech,2.0,0.7390734265734267,HOOD|SOFI|AFRM
2025-07-01,exit,ai_infrastructure,26.0,0.38636363636363635,AMD|ARM|MU
2025-07-01,exit,asset_managers,9.0,0.6958041958041957,BX|KKR|GS
2025-07-01,exit,fintech,11.0,0.6840034965034965,HOOD|SOFI|AFRM
2025-07-01,enter,regional_banks,1.0,0.8426573426573425,KEY|PNC|HBAN
2025-07-01,enter,pharma,3.0,0.7473776223776224,PFE|TMO|AMGN
2025-07-02,exit,pharma,9.0,0.6136363636363635,PFE|TMO|AMGN
2025-07-02,enter,asset_managers,3.0,0.7683566433566434,GS|BX|TROW
2025-07-07,exit,mega_banks,18.0,0.5904720279720279,JPM|GS|MS
2025-07-07,exit,payments,10.0,0.6525349650349651,AFRM|AXP|COF
2025-07-07,exit,asset_managers,13.0,0.618881118881119,GS|BX|TROW
2025-07-07,enter,fintech,1.0,0.7517482517482517,SOFI|XYZ|AFRM
2025-07-07,enter,dev_tools,2.0,0.7504370629370629,DDOG|TEAM|CDNS
2025-07-07,enter,gold,3.0,0.7482517482517481,WPM|GOLD|PAAS
2025-07-08,exit,fintech,22.0,0.4833916083916084,SOFI|XYZ|AFRM
2025-07-08,exit,gold,28.0,0.3771853146853147,WPM|GOLD|PAAS
2025-07-08,enter,biotech,1.0,0.8802447552447553,MRNA|NTLA|CRSP
2025-07-08,enter,pharma,2.0,0.8352272727272727,PFE|TMO|AMGN
2025-07-08,enter,oil_exploration,3.0,0.8072552447552447,DVN|APA|COP
2025-07-09,exit,regional_banks,25.0,0.41040209790209786,KEY|PNC|HBAN
2025-07-09,exit,pharma,14.0,0.5340909090909091,PFE|TMO|AMGN
2025-07-09,exit,oil_exploration,20.0,0.47770979020979026,DVN|APA|COP
2025-07-09,enter,data_centers,2.0,0.729895104895105,ANET|VST|NVDA
2025-07-09,enter,cybersecurity,3.0,0.7242132867132867,TENB|FTNT|CHKP
2025-07-10,exit,dev_tools,9.0,0.6416083916083917,DDOG|TEAM|CDNS
2025-07-10,exit,data_centers,19.0,0.5257867132867133,ANET|VST|NVDA
2025-07-10,exit,cybersecurity,30.0,0.3474650349650349,TENB|FTNT|CHKP
2025-07-10,enter,nuclear,2.0,0.7604895104895105,LEU|UUUU|GEV
2025-07-10,enter,asset_managers,3.0,0.7499999999999999,BX|KKR|TROW
2025-07-11,exit,biotech,14.0,0.5909090909090909,MRNA|NTLA|CRSP
2025-07-11,exit,asset_managers,20.0,0.5048076923076923,BX|KKR|TROW
2025-07-11,enter,uranium,2.0,0.7696678321678323,LEU|UUUU|UEC
2025-07-11,enter,aerospace,3.0,0.7255244755244755,GE|BA|NOC
2025-07-14,enter,defense,3.0,0.7395104895104896,KTOS|RKLB|PLTR
2025-07-15,enter,ai_infrastructure,2.0,0.8208041958041957,AMD|SMCI|NVDA
2025-07-15,enter,china_internet,3.0,0.7910839160839161,BABA|BILI|YMM
2025-07-16,exit,defense,9.0,0.6442307692307692,KTOS|RKLB|PLTR
2025-07-16,exit,ai_infrastructure,11.0,0.6267482517482517,AMD|SMCI|NVDA
2025-07-16,exit,china_internet,10.0,0.6333041958041958,BABA|BILI|YMM
2025-07-16,enter,asset_managers,3.0,0.735576923076923,BX|KKR|BLK
2025-07-17,enter,china_internet,3.0,0.7893356643356643,KWEB|TME|BILI
2025-07-18,exit,asset_managers,25.0,0.4746503496503496,BX|KKR|BLK
2025-07-18,enter,workflow_software,3.0,0.777534965034965,DOCU|WDAY|HUBS
2025-07-21,exit,uranium,17.0,0.5616258741258742,LEU|UUUU|UEC
2025-07-21,exit,aerospace,23.0,0.4558566433566434,GE|BA|NOC
2025-07-21,exit,workflow_software,12.0,0.6131993006993007,DOCU|WDAY|HUBS
2025-07-21,enter,consumer_internet,1.0,0.7810314685314687,BABA|PINS|GOOGL
2025-07-21,enter,fintech,3.0,0.7071678321678321,XYZ|COIN|SCHW
2025-07-22,exit,nuclear,24.0,0.47246503496503495,LEU|UUUU|GEV
2025-07-22,exit,china_internet,14.0,0.5799825174825175,KWEB|TME|BILI
2025-07-22,exit,consumer_internet,23.0,0.48951048951048953,BABA|PINS|GOOGL
2025-07-22,enter,workflow_software,1.0,0.79763986013986,WDAY|DOCU|HUBS
2025-07-22,enter,biotech,2.0,0.763548951048951,RXRX|NTLA|CRSP
2025-07-22,enter,payments,3.0,0.7298951048951049,XYZ|GPN|PYPL
2025-07-23,exit,fintech,11.0,0.6158216783216783,XYZ|COIN|SCHW
2025-07-23,exit,payments,16.0,0.5340909090909091,XYZ|GPN|PYPL
2025-07-23,enter,china_internet,1.0,0.7687937062937061,FUTU|PDD|BIDU
2025-07-23,enter,nuclear,2.0,0.7508741258741258,GEV|VST|UEC
2025-07-24,exit,biotech,10.0,0.6298076923076923,RXRX|NTLA|CRSP
2025-07-24,exit,china_internet,13.0,0.5895979020979021,FUTU|PDD|BIDU
2025-07-24,enter,uranium,2.0,0.7762237762237763,DNN|UUUU|UEC
2025-07-24,enter,cloud,3.0,0.7460664335664335,MDB|GOOGL|AMZN
2025-07-25,exit,workflow_software,23.0,0.47377622377622375,WDAY|DOCU|HUBS
2025-07-25,exit,uranium,12.0,0.5887237762237761,DNN|UUUU|UEC
2025-07-25,exit,cloud,11.0,0.6031468531468532,MDB|GOOGL|AMZN
2025-07-25,enter,dev_tools,1.0,0.7670454545454547,MDB|CDNS|TEAM
2025-07-25,enter,payments,3.0,0.6857517482517482,GPN|PYPL|XYZ
2025-07-28,exit,payments,13.0,0.611451048951049,GPN|PYPL|XYZ
2025-07-28,enter,oil_exploration,1.0,0.8247377622377623,FANG|APA|COP
2025-07-28,enter,ai_infrastructure,2.0,0.7556818181818182,SMCI|VRT|AMD
2025-07-28,enter,data_centers,3.0,0.7465034965034965,SMCI|VRT|ANET
2025-07-29,exit,dev_tools,11.0,0.583041958041958,MDB|CDNS|TEAM
2025-07-30,exit,oil_exploration,16.0,0.549388111888112,FANG|APA|COP
2025-07-30,enter,semis,3.0,0.7832167832167831,TER|SMCI|MRVL
2025-07-31,exit,nuclear,22.0,0.4676573426573426,GEV|VST|UEC
2025-07-31,exit,semis,11.0,0.6201923076923077,TER|SMCI|MRVL
2025-07-31,enter,dev_tools,3.0,0.6962412587412586,PTC|CDNS|SNOW
2025-08-01,exit,dev_tools,29.0,0.34746503496503506,PTC|CDNS|SNOW
2025-08-01,enter,semis,2.0,0.7578671328671328,MPWR|MRVL|AMD
2025-08-01,enter,consumer_staples,3.0,0.7517482517482518,WMT|COST|MCD
2025-08-04,exit,ai_infrastructure,15.0,0.5716783216783217,SMCI|VRT|AMD
2025-08-04,exit,data_centers,19.0,0.5270979020979022,SMCI|VRT|ANET
2025-08-04,exit,semis,20.0,0.5218531468531469,MPWR|MRVL|AMD
2025-08-04,exit,consumer_staples,13.0,0.5917832167832169,WMT|COST|MCD
2025-08-04,enter,vertical_software,1.0,0.7762237762237763,CDNS|PTC|PLTR
2025-08-04,enter,consumer_internet,2.0,0.7145979020979022,RDDT|META|APP
2025-08-04,enter,insurance,3.0,0.6905594405594405,ALL|TRV|CB
2025-08-05,enter,gold,1.0,0.7810314685314684,AEM|FNV|WPM
2025-08-05,enter,defense,2.0,0.7491258741258742,AXON|LDOS|PLTR
2025-08-06,exit,defense,15.0,0.5957167832167831,AXON|LDOS|PLTR
2025-08-06,enter,consumer_staples,3.0,0.7910839160839161,WMT|KR|DG
2025-08-07,exit,vertical_software,10.0,0.6127622377622377,CDNS|PTC|PLTR
2025-08-07,exit,insurance,16.0,0.5450174825174824,ALL|TRV|CB
2025-08-07,enter,retail,3.0,0.7263986013986015,DG|WMT|KR
2025-08-08,exit,consumer_staples,17.0,0.5362762237762237,WMT|KR|DG
2025-08-08,enter,ai_apps,1.0,0.7408216783216783,SOUN|APP|PLTR
2025-08-11,exit,consumer_internet,10.0,0.5909090909090909,RDDT|META|APP
2025-08-11,exit,gold,11.0,0.5865384615384616,AEM|FNV|WPM
2025-08-11,exit,ai_apps,12.0,0.5843531468531469,SOUN|APP|PLTR
2025-08-11,enter,consumer_staples,1.0,0.7578671328671328,WMT|COST|TGT
2025-08-11,enter,uranium,2.0,0.6888111888111889,UEC|CCJ|LEU
2025-08-11,enter,china_internet,3.0,0.6796328671328672,TME|BABA|FUTU
2025-08-12,exit,retail,10.0,0.6013986013986015,DG|WMT|KR
2025-08-12,exit,consumer_staples,12.0,0.5646853146853147,WMT|COST|TGT
2025-08-12,exit,uranium,29.0,0.3452797202797203,UEC|CCJ|LEU
2025-08-12,enter,semis,1.0,0.8020104895104895,MU|LRCX|INTC
2025-08-12,enter,mega_banks,2.0,0.7666083916083916,MS|C|GS
2025-08-12,enter,asset_managers,3.0,0.7626748251748252,MS|BLK|GS
2025-08-13,exit,mega_banks,19.0,0.485576923076923,MS|C|GS
2025-08-13,enter,biotech,2.0,0.6787587412587414,BIIB|GILD|ALNY
2025-08-13,enter,regional_banks,3.0,0.6652097902097902,TFC|USB|HBAN
2025-08-14,exit,china_internet,15.0,0.548951048951049,TME|BABA|FUTU
2025-08-14,enter,mega_banks,2.0,0.7504370629370629,MS|C|BAC
2025-08-14,enter,oil_exploration,3.0,0.7377622377622377,APA|COP|DVN
2025-08-15,exit,semis,10.0,0.6158216783216784,MU|LRCX|INTC
2025-08-15,exit,asset_managers,23.0,0.4663461538461538,MS|BLK|GS
2025-08-15,exit,regional_banks,24.0,0.44755244755244766,TFC|USB|HBAN
2025-08-15,exit,mega_banks,20.0,0.4781468531468532,MS|C|BAC
2025-08-15,exit,oil_exploration,22.0,0.47639860139860135,APA|COP|DVN
2025-08-15,enter,china_internet,2.0,0.7674825174825175,BILI|TME|PDD
2025-08-15,enter,pharma,3.0,0.7246503496503497,TMO|LLY|XLV
2025-08-18,exit,biotech,14.0,0.6079545454545454,BIIB|GILD|ALNY
2025-08-18,exit,pharma,17.0,0.5515734265734266,TMO|LLY|XLV
2025-08-18,enter,workflow_software,1.0,0.7998251748251749,WDAY|ZM|PATH
2025-08-18,enter,business_apps,2.0,0.7687937062937064,WDAY|ADBE|CRM
2025-08-18,enter,travel,3.0,0.7596153846153845,TCOM|EXPE|UBER
2025-08-19,exit,china_internet,12.0,0.6022727272727274,BILI|TME|PDD
2025-08-19,exit,business_apps,11.0,0.6149475524475525,WDAY|ADBE|CRM
2025-08-19,enter,pharma,1.0,0.8312937062937061,MRK|XLV|NVO
2025-08-19,enter,medtech,2.0,0.7941433566433568,TMO|JNJ|SYK
2025-08-20,exit,travel,15.0,0.5887237762237763,TCOM|EXPE|UBER
2025-08-20,enter,insurance,2.0,0.7784090909090909,ALL|AIG|CB
2025-08-20,enter,biotech,3.0,0.7543706293706295,REGN|ALNY|ABBV
2025-08-21,exit,medtech,9.0,0.6276223776223776,TMO|JNJ|SYK
2025-08-21,exit,insurance,12.0,0.5847902097902098,ALL|AIG|CB
2025-08-21,exit,biotech,11.0,0.5878496503496504,REGN|ALNY|ABBV
2025-08-21,enter,china_internet,2.0,0.7486888111888111,YMM|PDD|FUTU
2025-08-22,exit,pharma,21.0,0.4375,MRK|XLV|NVO
2025-08-22,enter,regional_banks,1.0,0.7797202797202797,PNC|KEY|FITB
2025-08-22,enter,mega_banks,2.0,0.7548076923076924,BAC|AXP|MS
2025-08-22,enter,travel,3.0,0.736013986013986,BKNG|TCOM|UBER
2025-08-25,exit,workflow_software,13.0,0.5668706293706294,WDAY|ZM|PATH
2025-08-25,exit,travel,12.0,0.604895104895105,BKNG|TCOM|UBER
2025-08-25,enter,oil_exploration,1.0,0.8540209790209792,APA|DVN|COP
2025-08-26,exit,china_internet,14.0,0.5616258741258742,YMM|PDD|FUTU
2025-08-26,exit,oil_exploration,17.0,0.5288461538461539,APA|DVN|COP
2025-08-26,enter,nuclear,1.0,0.8509615384615385,UUUU|DNN|LEU
2025-08-26,enter,aerospace,2.0,0.8479020979020979,RKLB|HEI|RTX
2025-08-26,enter,uranium,3.0,0.7888986013986014,UUUU|LEU|DNN
2025-08-27,exit,nuclear,10.0,0.583041958041958,UUUU|DNN|LEU
2025-08-27,exit,aerospace,14.0,0.5227272727272727,RKLB|HEI|RTX
2025-08-27,exit,uranium,11.0,0.5677447552447552,UUUU|LEU|DNN
2025-08-27,enter,oil_exploration,1.0,0.770541958041958,FANG|APA|OXY
2025-08-28,exit,regional_banks,11.0,0.5983391608391608,PNC|KEY|FITB
2025-08-28,enter,nuclear,1.0,0.764423076923077,OKLO|NNE|NXE
2025-08-28,enter,uranium,2.0,0.7294580419580418,NXE|CCJ|UUUU
2025-08-28,enter,data_centers,3.0,0.7242132867132868,PSTG|SNOW|STX
2025-08-29,exit,data_centers,11.0,0.6097027972027972,PSTG|SNOW|STX
2025-08-29,enter,gold,2.0,0.7469405594405595,NEM|AEM|WPM
2025-08-29,enter,cloud,3.0,0.7001748251748252,MDB|SNOW|GOOGL
2025-09-02,exit,mega_banks,15.0,0.590472027972028,BAC|AXP|MS
2025-09-03,exit,oil_exploration,26.0,0.3881118881118881,FANG|APA|OXY
2025-09-03,exit,nuclear,19.0,0.4807692307692308,OKLO|NNE|NXE
2025-09-03,exit,uranium,11.0,0.6228146853146853,NXE|CCJ|UUUU
2025-09-03,enter,workflow_software,1.0,0.7819055944055944,CRM|ZM|WDAY
2025-09-03,enter,business_apps,2.0,0.7775349650349651,CRM|ADSK|DOCU
2025-09-04,exit,gold,11.0,0.5638111888111889,NEM|AEM|WPM
2025-09-04,exit,cloud,12.0,0.5603146853146853,MDB|SNOW|GOOGL
2025-09-04,exit,workflow_software,30.0,0.3330419580419581,CRM|ZM|WDAY
2025-09-04,exit,business_apps,26.0,0.35751748251748255,CRM|ADSK|DOCU
2025-09-04,enter,data_centers,1.0,0.743881118881119,WDC|STX|PSTG
2025-09-04,enter,consumer_internet,2.0,0.6979895104895105,GOOGL|AMZN|APP
2025-09-04,enter,medtech,3.0,0.6875,EXAS|DXCM|BSX
2025-09-05,exit,data_centers,29.0,0.32386363636363635,WDC|STX|PSTG
2025-09-05,exit,medtech,12.0,0.5375874125874126,EXAS|DXCM|BSX
2025-09-05,enter,gold,1.0,0.8015734265734267,AEM|GLD|WPM
2025-09-05,enter,biotech,2.0,0.7263986013986014,EXAS|NTLA|BIIB
2025-09-05,enter,workflow_software,3.0,0.7097902097902098,DOCU|PATH|HUBS
2025-09-08,enter,ai_apps,2.0,0.7613636363636364,APP|BIDU|SOUN
2025-09-08,enter,china_internet,3.0,0.701923076923077,BIDU|NTES|JD
2025-09-09,exit,gold,19.0,0.5021853146853147,AEM|GLD|WPM
2025-09-09,exit,biotech,17.0,0.5209790209790209,EXAS|NTLA|BIIB
2025-09-09,exit,workflow_software,12.0,0.5541958041958042,DOCU|PATH|HUBS
2025-09-09,enter,ai_infrastructure,3.0,0.7508741258741259,MU|TSM|AVGO
2025-09-10,exit,ai_apps,10.0,0.5987762237762237,APP|BIDU|SOUN
2025-09-10,exit,china_internet,11.0,0.590034965034965,BIDU|NTES|JD
2025-09-10,enter,data_centers,2.0,0.7587412587412588,AVGO|VST|ANET
2025-09-10,enter,vertical_software,3.0,0.7062937062937064,ORCL|PLTR|ADSK
2025-09-11,exit,consumer_internet,11.0,0.576923076923077,GOOGL|AMZN|APP
2025-09-11,exit,ai_infrastructure,15.0,0.5620629370629372,MU|TSM|AVGO
2025-09-11,exit,data_centers,24.0,0.4331293706293707,AVGO|VST|ANET
2025-09-11,exit,vertical_software,14.0,0.5721153846153846,ORCL|PLTR|ADSK
2025-09-11,enter,china_internet,1.0,0.7115384615384616,BABA|BIDU|JD
2025-09-11,enter,business_apps,2.0,0.6844405594405595,ORCL|DOCU|HUBS
2025-09-11,enter,cybersecurity,3.0,0.6682692307692308,NET|ZS|FTNT
2025-09-12,exit,business_apps,14.0,0.5441433566433567,ORCL|DOCU|HUBS
2025-09-12,exit,cybersecurity,27.0,0.4025349650349651,NET|ZS|FTNT
2025-09-12,enter,ai_infrastructure,1.0,0.8452797202797202,MU|SMCI|ARM
2025-09-12,enter,consumer_internet,2.0,0.8181818181818182,BILI|APP|BIDU
2025-09-12,enter,semis,3.0,0.7666083916083916,MU|LRCX|SMCI
2025-09-15,exit,china_internet,9.0,0.6402972027972028,BABA|BIDU|JD
2025-09-15,enter,nuclear,1.0,0.895541958041958,OKLO|NNE|CCJ
2025-09-15,enter,uranium,2.0,0.8286713286713289,CCJ|LEU|UUUU
2025-09-16,exit,uranium,28.0,0.39117132867132864,CCJ|LEU|UUUU
2025-09-16,enter,oil_exploration,1.0,0.8277972027972029,APA|OXY|USO
2025-09-16,enter,china_internet,2.0,0.7893356643356644,BIDU|NTES|BABA
2025-09-17,exit,ai_infrastructure,24.0,0.4619755244755244,MU|SMCI|ARM
2025-09-17,exit,semis,19.0,0.5812937062937062,MU|LRCX|SMCI
2025-09-17,exit,nuclear,17.0,0.5847902097902098,OKLO|NNE|CCJ
2025-09-17,exit,oil_exploration,26.0,0.42045454545454547,APA|OXY|USO
2025-09-17,enter,ai_apps,3.0,0.7770979020979022,BIDU|SNAP|TSLA
2025-09-18,exit,china_internet,19.0,0.5008741258741258,BIDU|NTES|BABA
2025-09-18,enter,nuclear,1.0,0.8072552447552446,OKLO|LEU|NNE
2025-09-18,enter,semis,2.0,0.7622377622377622,INTC|AMAT|MU
2025-09-18,enter,mega_banks,3.0,0.7167832167832168,AXP|WFC|BAC
2025-09-19,exit,consumer_internet,14.0,0.5445804195804196,BILI|APP|BIDU
2025-09-19,exit,semis,10.0,0.6013986013986015,INTC|AMAT|MU
2025-09-19,enter,uranium,2.0,0.7552447552447553,LEU|UUUU|NXE
2025-09-22,exit,mega_banks,19.0,0.4969405594405595,AXP|WFC|BAC
2025-09-22,enter,semis,2.0,0.8041958041958044,TER|AMAT|LRCX
2025-09-23,enter,aerospace,3.0,0.7910839160839161,ASTS|SPIR|LUNR
2025-09-24,exit,ai_apps,24.0,0.4217657342657342,BIDU|SNAP|TSLA
2025-09-25,enter,oil_exploration,3.0,0.7275555327025915,USO|COP|FANG
2025-09-26,exit,nuclear,33.0,0.23339160839160839,OKLO|LEU|NNE
2025-09-26,exit,uranium,10.0,0.6215034965034965,LEU|UUUU|NXE
2025-09-26,exit,aerospace,9.0,0.6346153846153846,ASTS|SPIR|LUNR
2025-09-26,enter,gold,2.0,0.736013986013986,PAAS|GLD|NEM
2025-09-26,enter,insurance,3.0,0.6892482517482518,ALL|MET|CB
2025-09-29,exit,semis,21.0,0.5030594405594406,TER|AMAT|LRCX
2025-09-29,exit,insurance,13.0,0.5541958041958042,ALL|MET|CB
2025-09-29,enter,consumer,2.0,0.6993006993006993,TXRH|YUM|SBUX
2025-09-29,enter,restaurants,3.0,0.6595279720279721,TXRH|YUM|SBUX
2025-09-30,exit,oil_exploration,17.0,0.5118006993006994,USO|COP|FANG
2025-09-30,exit,gold,12.0,0.5961538461538461,PAAS|GLD|NEM
2025-09-30,exit,consumer,24.0,0.4418706293706294,TXRH|YUM|SBUX
2025-09-30,exit,restaurants,21.0,0.4720279720279721,TXRH|YUM|SBUX
2025-09-30,enter,pharma,1.0,0.7303321678321679,PFE|JNJ|ABBV
2025-09-30,enter,insurance,2.0,0.7290209790209791,ALL|PGR|MET
2025-09-30,enter,medtech,3.0,0.7237762237762239,JNJ|TMO|EXAS
2025-10-01,exit,insurance,20.0,0.465472027972028,ALL|PGR|MET
2025-10-01,enter,biotech,2.0,0.7915209790209791,BIIB|ABBV|AMGN
2025-10-01,enter,ai_infrastructure,3.0,0.778409090909091,VRT|SMCI|DELL
2025-10-02,exit,medtech,11.0,0.6210664335664335,JNJ|TMO|EXAS
2025-10-02,enter,semis,1.0,0.805944055944056,LRCX|SMCI|AMAT
2025-10-03,exit,ai_infrastructure,9.0,0.6197552447552449,VRT|SMCI|DELL
2025-10-03,enter,medtech,2.0,0.7451923076923076,TMO|JNJ|MDT
2025-10-03,enter,fintech,3.0,0.7097902097902097,COIN|XYZ|HOOD
2025-10-06,exit,medtech,17.0,0.5332167832167832,TMO|JNJ|MDT
2025-10-06,exit,fintech,18.0,0.5297202797202797,COIN|XYZ|HOOD
2025-10-06,enter,ai_infrastructure,1.0,0.7972027972027971,AMD|SMCI|MU
2025-10-06,enter,aerospace,2.0,0.7618006993006993,ASTS|RKLB|LUNR
2025-10-06,enter,defense,3.0,0.7255244755244755,RKLB|LDOS|KTOS
2025-10-07,exit,pharma,9.0,0.6888111888111889,PFE|JNJ|ABBV
2025-10-07,exit,defense,10.0,0.6826923076923076,RKLB|LDOS|KTOS
2025-10-07,enter,nuclear,1.0,0.8033216783216783,NNE|UUUU|LEU
2025-10-07,enter,uranium,3.0,0.7652972027972029,UUUU|LEU|DNN
2025-10-08,exit,biotech,13.0,0.6083916083916083,BIIB|ABBV|AMGN
2025-10-08,exit,uranium,14.0,0.5743006993006994,UUUU|LEU|DNN
2025-10-09,exit,semis,17.0,0.5847902097902098,LRCX|SMCI|AMAT
2025-10-09,enter,workflow_software,3.0,0.7373251748251748,PATH|CRM|WDAY
2025-10-10,enter,uranium,2.0,0.8304195804195803,UUUU|UEC|LEU
2025-10-13,exit,aerospace,15.0,0.5633741258741258,ASTS|RKLB|LUNR
2025-10-14,exit,ai_infrastructure,24.0,0.4409965034965035,AMD|SMCI|MU
2025-10-14,enter,consumer_staples,1.0,0.8374125874125874,PEP|WMT|DLTR
2025-10-14,enter,aerospace,2.0,0.819493006993007,LUNR|ASTS|RKLB
2025-10-15,exit,workflow_software,19.0,0.4903846153846154,PATH|CRM|WDAY
2025-10-15,exit,aerospace,20.0,0.48819930069930073,LUNR|ASTS|RKLB
2025-10-15,enter,data_centers,3.0,0.7250874125874126,CEG|VST|VRT
2025-10-16,exit,data_centers,13.0,0.5568181818181818,CEG|VST|VRT
2025-10-16,enter,gold,1.0,0.8304195804195803,NEM|AEM|GOLD
2025-10-16,enter,semis,3.0,0.6595279720279721,ON|MU|MPWR
2025-10-17,exit,nuclear,14.0,0.5594405594405594,NNE|UUUU|LEU
2025-10-17,exit,uranium,31.0,0.32517482517482516,UUUU|UEC|LEU
2025-10-17,exit,gold,13.0,0.5611888111888113,NEM|AEM|GOLD
2025-10-17,enter,retail,2.0,0.7587412587412586,DLTR|WMT|TGT
2025-10-17,enter,restaurants,3.0,0.6958041958041958,TXRH|SBUX|DRI
2025-10-20,exit,consumer_staples,15.0,0.5454545454545455,PEP|WMT|DLTR
2025-10-20,exit,semis,12.0,0.5869755244755244,ON|MU|MPWR
2025-10-20,exit,retail,17.0,0.5367132867132867,DLTR|WMT|TGT
2025-10-20,exit,restaurants,11.0,0.6022727272727273,TXRH|SBUX|DRI
2025-10-20,enter,mega_banks,1.0,0.8033216783216783,AXP|WFC|MS
2025-10-20,enter,medtech,2.0,0.7906468531468531,EXAS|ISRG|BSX
2025-10-20,enter,biotech,3.0,0.7491258741258741,RXRX|NTLA|EXAS
2025-10-21,exit,mega_banks,25.0,0.4597902097902097,AXP|WFC|MS
2025-10-21,exit,biotech,11.0,0.6166958041958043,RXRX|NTLA|EXAS
2025-10-21,enter,autos,1.0,0.7963286713286712,GM|ON|F
2025-10-21,enter,workflow_software,2.0,0.7412587412587412,CRM|TEAM|DOCU
2025-10-21,enter,business_apps,3.0,0.7159090909090909,CRM|ADBE|DOCU
2025-10-22,exit,workflow_software,21.0,0.4895104895104895,CRM|TEAM|DOCU
2025-10-22,exit,business_apps,14.0,0.5406468531468531,CRM|ADBE|DOCU
2025-10-22,enter,oil_exploration,2.0,0.7093531468531469,USO|FANG|COP
2025-10-22,enter,consumer_staples,3.0,0.6984265734265734,KO|CL|DLTR
2025-10-23,exit,autos,20.0,0.49213286713286714,GM|ON|F
2025-10-23,exit,consumer_staples,24.0,0.46503496503496505,KO|CL|DLTR
2025-10-23,enter,china_internet,2.0,0.7618006993006993,PDD|BILI|YMM
2025-10-23,enter,payments,3.0,0.7325174825174825,AXP|COF|AFRM
2025-10-24,exit,medtech,14.0,0.5830419580419579,EXAS|ISRG|BSX
2025-10-24,exit,oil_exploration,19.0,0.5236013986013986,USO|FANG|COP
2025-10-24,exit,china_internet,10.0,0.6215034965034965,PDD|BILI|YMM
2025-10-24,exit,payments,11.0,0.6140734265734266,AXP|COF|AFRM
2025-10-24,enter,cloud,1.0,0.7255244755244755,SNOW|ZM|ZS
2025-10-24,enter,regional_banks,2.0,0.7010489510489512,COF|USB|TFC
2025-10-24,enter,cybersecurity,3.0,0.6984265734265734,CRWD|ZS|TENB
2025-10-27,exit,regional_banks,26.0,0.4147727272727272,COF|USB|TFC
2025-10-27,exit,cybersecurity,10.0,0.6368006993006993,CRWD|ZS|TENB
2025-10-27,enter,ai_infrastructure,1.0,0.7674825174825175,MPWR|NET|MU
2025-10-27,enter,dev_tools,2.0,0.7609265734265733,SNOW|CDNS|MDB
2025-10-28,exit,cloud,9.0,0.6206293706293706,SNOW|ZM|ZS
2025-10-28,exit,dev_tools,21.0,0.4541083916083916,SNOW|CDNS|MDB
2025-10-28,enter,nuclear,1.0,0.798951048951049,CCJ|NXE|DNN
2025-10-28,enter,uranium,2.0,0.763548951048951,CCJ|NXE|DNN
2025-10-28,enter,fintech,3.0,0.7508741258741259,SOFI|FUTU|PYPL
2025-10-29,enter,data_centers,1.0,0.7478146853146854,STX|WDC|NVDA
2025-10-29,enter,semis,3.0,0.7202797202797202,TER|NVDA|LRCX
2025-10-30,exit,nuclear,10.0,0.6127622377622377,CCJ|NXE|DNN
2025-10-30,exit,uranium,12.0,0.6062062937062936,CCJ|NXE|DNN
2025-10-30,exit,fintech,28.0,0.3863636363636363,SOFI|FUTU|PYPL
2025-10-30,enter,cloud,1.0,0.763986013986014,GOOGL|MDB|NET
2025-10-30,enter,mega_banks,2.0,0.7543706293706294,JPM|BAC|GS
2025-10-30,enter,dev_tools,3.0,0.708041958041958,MDB|SNOW|TEAM
2025-11-03,exit,ai_infrastructure,17.0,0.5301573426573427,MPWR|NET|MU
2025-11-04,exit,data_centers,14.0,0.5965909090909091,STX|WDC|NVDA
2025-11-04,exit,semis,27.0,0.3951048951048951,TER|NVDA|LRCX
2025-11-04,exit,cloud,15.0,0.5913461538461539,GOOGL|MDB|NET
2025-11-04,exit,dev_tools,9.0,0.646416083916084,MDB|SNOW|TEAM
2025-11-04,enter,pharma,1.0,0.8391608391608393,LLY|GILD|AMGN
2025-11-04,enter,insurance,2.0,0.818618881118881,TRV|CB|AIG
2025-11-04,enter,medtech,3.0,0.7229020979020979,EXAS|EW|TMO
2025-11-05,exit,insurance,14.0,0.5362762237762237,TRV|CB|AIG
2025-11-05,exit,medtech,15.0,0.5332167832167832,EXAS|EW|TMO
2025-11-05,enter,regional_banks,2.0,0.7290209790209791,PNC|FITB|COF
2025-11-06,exit,regional_banks,12.0,0.5795454545454544,PNC|FITB|COF
2025-11-06,enter,oil_exploration,2.0,0.7604895104895105,APA|DVN|EOG
2025-11-06,enter,biotech,3.0,0.7263986013986014,AMGN|BIIB|EXAS
2025-11-07,exit,mega_banks,16.0,0.5100524475524476,JPM|BAC|GS
2025-11-07,exit,biotech,20.0,0.46416083916083917,AMGN|BIIB|EXAS
2025-11-07,enter,consumer,1.0,0.7390734265734266,YUM|SBUX|TXRH
2025-11-07,enter,regional_banks,2.0,0.736013986013986,KEY|FITB|HBAN
2025-11-07,enter,restaurants,3.0,0.736013986013986,YUM|SBUX|TXRH
2025-11-10,exit,consumer,15.0,0.5480769230769231,YUM|SBUX|TXRH
2025-11-10,exit,restaurants,10.0,0.5673076923076923,YUM|SBUX|TXRH
2025-11-10,enter,insurance,2.0,0.7058566433566434,TRV|ALL|PGR
2025-11-11,exit,regional_banks,19.0,0.5157342657342657,KEY|FITB|HBAN
2025-11-11,exit,insurance,15.0,0.5467657342657343,TRV|ALL|PGR
2025-11-11,enter,consumer_staples,3.0,0.7438811188811187,DG|KO|CL
2025-11-12,exit,consumer_staples,14.0,0.5467657342657343,DG|KO|CL
2025-11-12,enter,medtech,2.0,0.7687937062937061,JNJ|MDT|BSX
2025-11-12,enter,travel,3.0,0.7499999999999999,EXPE|TCOM|DIS
2025-11-14,exit,medtech,11.0,0.5817307692307692,JNJ|MDT|BSX
2025-11-14,exit,travel,25.0,0.4283216783216783,EXPE|TCOM|DIS
2025-11-14,enter,biotech,3.0,0.7036713286713288,BIIB|VRTX|ABBV
2025-11-17,enter,medtech,2.0,0.8006993006993007,JNJ|MDT|BSX
2025-11-19,exit,oil_exploration,10.0,0.6022727272727273,APA|DVN|EOG
2025-11-19,exit,biotech,11.0,0.5996503496503497,BIIB|VRTX|ABBV
2025-11-19,enter,consumer_staples,3.0,0.6761363636363636,KR|PEP|KO
2025-11-20,enter,biotech,1.0,0.8400349650349651,EXAS|REGN|BIIB
2025-11-24,exit,consumer_staples,29.0,0.3872377622377623,KR|PEP|KO
2025-11-24,enter,mega_banks,2.0,0.7543706293706295,MS|WFC|C
2025-11-24,enter,semis,3.0,0.6835664335664335,AVGO|TXN|LRCX
2025-11-25,exit,pharma,10.0,0.673076923076923,LLY|GILD|AMGN
2025-11-25,exit,semis,20.0,0.520541958041958,AVGO|TXN|LRCX
2025-11-25,enter,regional_banks,1.0,0.8417832167832168,PNC|USB|HBAN
2025-11-26,exit,medtech,17.0,0.5152972027972028,JNJ|MDT|BSX
2025-11-26,exit,biotech,21.0,0.47639860139860146,EXAS|REGN|BIIB
2025-11-26,enter,semis,1.0,0.722027972027972,AVGO|AMAT|TER
2025-11-26,enter,gold,2.0,0.7106643356643356,PAAS|FNV|GOLD
2025-11-28,exit,mega_banks,12.0,0.604020979020979,MS|WFC|C
2025-11-28,exit,regional_banks,27.0,0.39204545454545453,PNC|USB|HBAN
2025-11-28,enter,fintech,2.0,0.735576923076923,HOOD|SOFI|COIN
2025-12-01,exit,fintech,15.0,0.5804195804195804,HOOD|SOFI|COIN
2025-12-01,enter,consumer_internet,2.0,0.7368881118881119,RDDT|NTES|APP
2025-12-01,enter,workflow_software,3.0,0.715034965034965,DOCU|ZM|PATH
2025-12-02,exit,gold,19.0,0.5441433566433566,PAAS|FNV|GOLD
2025-12-02,exit,consumer_internet,13.0,0.5874125874125874,RDDT|NTES|APP
2025-12-02,enter,dev_tools,2.0,0.7548076923076924,MDB|SNOW|CDNS
2025-12-02,enter,robotics,3.0,0.7465034965034965,TER|PATH|CAT
2025-12-03,exit,workflow_software,10.0,0.610576923076923,DOCU|ZM|PATH
2025-12-03,exit,robotics,16.0,0.548076923076923,TER|PATH|CAT
2025-12-03,enter,mega_banks,2.0,0.7543706293706294,C|MS|GS
2025-12-03,enter,oil_exploration,3.0,0.7504370629370629,APA|FANG|EOG
2025-12-04,exit,semis,9.0,0.6652097902097902,AVGO|AMAT|TER
2025-12-04,exit,dev_tools,15.0,0.5388986013986014,MDB|SNOW|CDNS
2025-12-04,exit,oil_exploration,10.0,0.6210664335664335,APA|FANG|EOG
2025-12-04,enter,uranium,1.0,0.908653846153846,UEC|NXE|UUUU
2025-12-04,enter,nuclear,2.0,0.8850524475524476,OKLO|UEC|SMR
2025-12-04,enter,ai_apps,3.0,0.8168706293706294,PATH|CRM|APP
2025-12-05,exit,mega_banks,12.0,0.6097027972027973,C|MS|GS
2025-12-05,exit,uranium,16.0,0.5948426573426575,UEC|NXE|UUUU
2025-12-05,exit,nuclear,14.0,0.6075174825174824,OKLO|UEC|SMR
2025-12-05,enter,workflow_software,2.0,0.7897727272727273,PATH|CRM|TEAM
2025-12-05,enter,semis,3.0,0.7679195804195803,MCHP|MRVL|TER
2025-12-08,exit,ai_apps,12.0,0.6346153846153847,PATH|CRM|APP
2025-12-08,enter,aerospace,1.0,0.8583916083916083,ASTS|RKLB|SPIR
2025-12-09,exit,semis,11.0,0.5979020979020978,MCHP|MRVL|TER
2025-12-09,enter,asset_managers,1.0,0.8216783216783217,KKR|BX|GS
2025-12-09,enter,regional_banks,3.0,0.7604895104895105,KEY|PNC|USB
2025-12-10,enter,mega_banks,3.0,0.7250874125874126,C|GS|MS
2025-12-11,exit,workflow_software,15.0,0.5388986013986014,PATH|CRM|TEAM
2025-12-11,enter,gold,2.0,0.7674825174825176,PAAS|NEM|WPM
2025-12-12,exit,asset_managers,14.0,0.5834790209790209,KKR|BX|GS
2025-12-12,exit,regional_banks,11.0,0.6647727272727273,KEY|PNC|USB
2025-12-12,enter,defense,3.0,0.7727272727272728,RTX|RKLB|LMT
2025-12-15,exit,aerospace,12.0,0.6472902097902098,ASTS|RKLB|SPIR
2025-12-15,exit,mega_banks,9.0,0.6962412587412588,C|GS|MS
2025-12-15,exit,defense,14.0,0.6018356643356644,RTX|RKLB|LMT
2025-12-15,enter,insurance,1.0,0.8553321678321679,AIG|PGR|MET
2025-12-15,enter,pharma,2.0,0.8085664335664335,BMY|LLY|NVO
2025-12-15,enter,restaurants,3.0,0.8037587412587414,YUM|DPZ|DRI
2025-12-16,exit,gold,10.0,0.6066433566433566,PAAS|NEM|WPM
2025-12-16,exit,restaurants,21.0,0.5279720279720279,YUM|DPZ|DRI
2025-12-16,enter,payments,1.0,0.7333916083916083,AFRM|V|GPN
2025-12-16,enter,travel,2.0,0.6918706293706294,EXPE|MAR|DIS
2025-12-16,enter,regional_banks,3.0,0.6818181818181818,FITB|COF|TFC
2025-12-17,exit,pharma,9.0,0.6634615384615385,BMY|LLY|NVO
2025-12-17,exit,payments,11.0,0.6433566433566432,AFRM|V|GPN
2025-12-17,enter,restaurants,1.0,0.8304195804195805,CMG|DRI|YUM
2025-12-17,enter,consumer,2.0,0.826923076923077,CMG|DRI|YUM
2025-12-18,exit,regional_banks,20.0,0.5157342657342657,FITB|COF|TFC
2025-12-18,enter,payments,3.0,0.6848776223776224,AFRM|COF|GPN
2025-12-19,exit,insurance,32.0,0.3164335664335664,AIG|PGR|MET
2025-12-19,exit,travel,10.0,0.6276223776223777,EXPE|MAR|DIS
2025-12-19,exit,restaurants,14.0,0.5965909090909092,CMG|DRI|YUM
2025-12-19,exit,consumer,12.0,0.6062062937062936,CMG|DRI|YUM
2025-12-19,exit,payments,11.0,0.611451048951049,AFRM|COF|GPN
2025-12-19,enter,biotech,1.0,0.8854895104895105,MRNA|GILD|VRTX
2025-12-19,enter,uranium,2.0,0.7342657342657343,LEU|DNN|NXE
2025-12-19,enter,aerospace,3.0,0.729020979020979,LUNR|RKLB|HEI
2025-12-22,exit,uranium,15.0,0.6000874125874125,LEU|DNN|NXE
2025-12-22,enter,defense,2.0,0.7600524475524476,RKLB|KTOS|AXON
2025-12-22,enter,gold,3.0,0.7478146853146853,PAAS|GOLD|AEM
2025-12-24,exit,biotech,11.0,0.6092657342657343,MRNA|GILD|VRTX
2025-12-24,exit,gold,21.0,0.5319055944055944,PAAS|GOLD|AEM
2025-12-24,enter,mega_banks,2.0,0.7351398601398601,C|JPM|MS
2025-12-24,enter,nuclear,3.0,0.6765734265734267,LEU|UUUU|NXE
2025-12-26,exit,mega_banks,14.0,0.5541958041958043,C|JPM|MS
2025-12-26,exit,nuclear,18.0,0.5192307692307692,LEU|UUUU|NXE
2025-12-26,enter,gold,1.0,0.7687937062937064,PAAS|AEM|WPM
2025-12-26,enter,ai_infrastructure,3.0,0.6835664335664335,NVDA|MU|AMD
2025-12-29,exit,defense,10.0,0.5769230769230769,RKLB|KTOS|AXON
2025-12-29,exit,gold,32.0,0.2644230769230769,PAAS|AEM|WPM
2025-12-29,enter,oil_exploration,1.0,0.798951048951049,EOG|OXY|USO
2025-12-29,enter,workflow_software,2.0,0.7430069930069931,HUBS|PATH|CRM
2025-12-29,enter,china_internet,3.0,0.7290209790209791,BIDU|JD|NTES
2025-12-30,exit,aerospace,20.0,0.4187062937062937,LUNR|RKLB|HEI
2025-12-30,exit,workflow_software,17.0,0.472027972027972,HUBS|PATH|CRM
2025-12-30,exit,china_internet,10.0,0.576486013986014,BIDU|JD|NTES
2025-12-30,enter,semis,3.0,0.7067307692307692,MU|NVDA|TSM
2025-12-31,exit,ai_infrastructure,9.0,0.5970279720279721,NVDA|MU|AMD
2025-12-31,exit,oil_exploration,11.0,0.5677447552447553,EOG|OXY|USO
2025-12-31,exit,semis,12.0,0.5646853146853147,MU|NVDA|TSM
2025-12-31,enter,china_internet,1.0,0.7395104895104895,BIDU|NTES|PDD
2025-12-31,enter,retail,2.0,0.715472027972028,TGT|AMZN|PDD
2025-12-31,enter,consumer_staples,3.0,0.6896853146853146,TGT|MDLZ|WMT
2026-01-02,exit,retail,10.0,0.5882867132867133,TGT|AMZN|PDD
2026-01-02,exit,consumer_staples,17.0,0.48164335664335667,TGT|MDLZ|WMT
2026-01-02,enter,semis,2.0,0.7604895104895104,MU|TSM|INTC
2026-01-02,enter,uranium,3.0,0.7526223776223777,UUUU|DNN|NXE
2026-01-05,exit,semis,12.0,0.6145104895104896,MU|TSM|INTC
2026-01-05,enter,fintech,2.0,0.7202797202797202,FUTU|SOFI|AFRM
2026-01-05,enter,nuclear,3.0,0.7176573426573427,UUUU|SMR|LEU
2026-01-06,exit,china_internet,17.0,0.5371503496503497,BIDU|NTES|PDD
2026-01-06,exit,fintech,18.0,0.5314685314685315,FUTU|SOFI|AFRM
2026-01-06,enter,biotech,1.0,0.7233391608391608,MRNA|CRSP|NTLA
2026-01-06,enter,regional_banks,3.0,0.6949300699300698,COF|FITB|HBAN
2026-01-07,exit,regional_banks,18.0,0.527534965034965,COF|FITB|HBAN
2026-01-07,enter,semis,3.0,0.7395104895104895,INTC|LRCX|ON
2026-01-08,exit,biotech,19.0,0.5388986013986014,MRNA|CRSP|NTLA
2026-01-08,exit,semis,10.0,0.6005244755244755,INTC|LRCX|ON
2026-01-08,enter,aerospace,1.0,0.798513986013986,LHX|SPIR|LMT
2026-01-08,enter,regional_banks,2.0,0.7482517482517482,HBAN|FITB|PNC
2026-01-08,enter,defense,3.0,0.7215909090909091,KTOS|LHX|HEI
2026-01-09,exit,regional_banks,22.0,0.4689685314685314,HBAN|FITB|PNC
2026-01-12,exit,nuclear,9.0,0.639423076923077,UUUU|SMR|LEU
2026-01-12,enter,gold,1.0,0.8382867132867132,GOLD|AEM|FNV
2026-01-12,enter,retail,2.0,0.7473776223776224,COST|DG|WMT
2026-01-13,exit,uranium,15.0,0.5423951048951049,UUUU|DNN|NXE
2026-01-13,enter,oil_exploration,1.0,0.8151223776223776,USO|APA|OXY
2026-01-13,enter,consumer_staples,2.0,0.812937062937063,CL|WMT|KO
2026-01-14,exit,gold,11.0,0.5878496503496504,GOLD|AEM|FNV
2026-01-14,exit,retail,9.0,0.5948426573426573,COST|DG|WMT
2026-01-14,enter,uranium,2.0,0.7714160839160837,UEC|UUUU|DNN
2026-01-15,exit,aerospace,9.0,0.6284965034965035,LHX|SPIR|LMT
2026-01-15,exit,oil_exploration,17.0,0.49388111888111885,USO|APA|OXY
2026-01-15,enter,ai_infrastructure,2.0,0.7242132867132867,KLAC|AMAT|TSM
2026-01-15,enter,data_centers,3.0,0.7097902097902098,VST|PSTG|WDC
2026-01-16,enter,nuclear,1.0,0.7928321678321677,DNN|UEC|UUUU
2026-01-16,enter,aerospace,3.0,0.7827797202797202,ASTS|SPIR|LUNR
2026-01-20,exit,defense,17.0,0.5091783216783217,KTOS|LHX|HEI
2026-01-20,exit,ai_infrastructure,9.0,0.6298076923076924,KLAC|AMAT|TSM
2026-01-20,exit,data_centers,18.0,0.5065559440559441,VST|PSTG|WDC
2026-01-20,exit,aerospace,12.0,0.6000874125874126,ASTS|SPIR|LUNR
2026-01-20,enter,gold,1.0,0.7823426573426573,WPM|FNV|AEM
2026-01-21,exit,consumer_staples,28.0,0.3404720279720279,CL|WMT|KO
2026-01-21,exit,gold,16.0,0.4881993006993007,WPM|FNV|AEM
2026-01-21,enter,regional_banks,1.0,0.8020104895104896,FITB|HBAN|PNC
2026-01-21,enter,semis,2.0,0.7770979020979022,INTC|MU|AMD
2026-01-21,enter,asset_managers,3.0,0.7530594405594405,SCHW|BLK|GS
2026-01-22,exit,nuclear,9.0,0.604895104895105,DNN|UEC|UUUU
2026-01-22,exit,regional_banks,10.0,0.5799825174825175,FITB|HBAN|PNC
2026-01-22,exit,asset_managers,20.0,0.4742132867132868,SCHW|BLK|GS
2026-01-22,enter,biotech,1.0,0.7954545454545456,MRNA|NTLA|CRSP
2026-01-22,enter,gold,2.0,0.7661713286713286,PAAS|GOLD|FNV
2026-01-22,enter,dev_tools,3.0,0.7106643356643357,DDOG|CDNS|MDB
2026-01-23,exit,dev_tools,11.0,0.5620629370629371,DDOG|CDNS|MDB
2026-01-23,enter,ai_infrastructure,3.0,0.7465034965034963,AMD|MU|ARM
2026-01-26,exit,uranium,26.0,0.33653846153846156,UEC|UUUU|DNN
2026-01-26,exit,semis,21.0,0.42132867132867136,INTC|MU|AMD
2026-01-26,exit,ai_infrastructure,11.0,0.5096153846153847,AMD|MU|ARM
2026-01-26,enter,workflow_software,2.0,0.7797202797202797,ZM|TEAM|NOW
2026-01-27,exit,workflow_software,16.0,0.4995629370629371,ZM|TEAM|NOW
2026-01-27,enter,ai_infrastructure,1.0,0.7456293706293706,NET|ANET|MU
2026-01-27,enter,cloud,2.0,0.7281468531468532,NET|AKAM|ZM
2026-01-28,exit,biotech,31.0,0.2897727272727273,MRNA|NTLA|CRSP
2026-01-28,enter,uranium,2.0,0.7613636363636365,UUUU|NXE|DNN
2026-01-28,enter,nuclear,3.0,0.7233391608391608,UUUU|NXE|DNN
2026-01-29,exit,ai_infrastructure,11.0,0.5506993006993006,NET|ANET|MU
2026-01-29,exit,cloud,18.0,0.4624125874125874,NET|AKAM|ZM
2026-01-29,exit,uranium,23.0,0.4361888111888112,UUUU|NXE|DNN
2026-01-29,exit,nuclear,27.0,0.4069055944055944,UUUU|NXE|DNN
2026-01-29,enter,oil_exploration,1.0,0.8780594405594405,USO|COP|EOG
2026-01-29,enter,data_centers,3.0,0.652534965034965,STX|WDC|ETN
2026-01-30,exit,gold,34.0,0.25262237762237766,PAAS|GOLD|FNV
2026-01-30,enter,regional_banks,2.0,0.7119755244755244,TFC|KEY|USB
2026-01-30,enter,insurance,3.0,0.694493006993007,MET|CB|TRV
2026-02-02,exit,oil_exploration,12.0,0.5987762237762237,USO|COP|EOG
2026-02-02,exit,insurance,15.0,0.5506993006993006,MET|CB|TRV
2026-02-02,enter,semis,2.0,0.7618006993006994,TXN|MU|MPWR
2026-02-03,exit,semis,12.0,0.5432692307692308,TXN|MU|MPWR
2026-02-03,enter,oil_exploration,1.0,0.7770979020979022,DVN|COP|APA
2026-02-03,enter,consumer_staples,2.0,0.7574300699300699,PEP|KO|CL
2026-02-04,exit,data_centers,16.0,0.5445804195804196,STX|WDC|ETN
2026-02-04,enter,restaurants,3.0,0.7661713286713288,YUM|MCD|DRI
2026-02-05,exit,oil_exploration,18.0,0.5091783216783217,DVN|COP|APA
2026-02-05,enter,insurance,1.0,0.7871503496503497,ALL|CB|TRV
2026-02-05,enter,pharma,3.0,0.7714160839160839,MRK|BMY|AMGN
2026-02-06,exit,consumer_staples,10.0,0.6158216783216783,PEP|KO|CL
2026-02-06,exit,insurance,30.0,0.368006993006993,ALL|CB|TRV
2026-02-06,enter,robotics,2.0,0.7041083916083916,TER|CAT|CGNX
2026-02-09,exit,regional_banks,26.0,0.42089160839160844,TFC|KEY|USB
2026-02-09,exit,restaurants,14.0,0.555506993006993,YUM|MCD|DRI
2026-02-09,exit,pharma,27.0,0.41914335664335667,MRK|BMY|AMGN
2026-02-09,enter,gold,2.0,0.694493006993007,GOLD|AEM|WPM
2026-02-09,enter,data_centers,3.0,0.6416083916083917,VRT|PWR|CSCO
2026-02-10,exit,gold,11.0,0.6573426573426573,GOLD|AEM|WPM
2026-02-10,exit,data_centers,9.0,0.6713286713286714,VRT|PWR|CSCO
2026-02-10,enter,dev_tools,1.0,0.7980769230769232,PTC|DDOG|CDNS
2026-02-10,enter,cybersecurity,2.0,0.7696678321678321,TENB|GEN|FTNT
2026-02-11,exit,dev_tools,10.0,0.5878496503496503,PTC|DDOG|CDNS
2026-02-11,enter,semis,2.0,0.715034965034965,ON|TER|TSM
2026-02-11,enter,autos,3.0,0.7128496503496504,ON|MCHP|TSLA
2026-02-12,exit,autos,9.0,0.5926573426573427,ON|MCHP|TSLA
2026-02-12,enter,data_centers,1.0,0.8094405594405594,EQIX|VRT|DLR
2026-02-13,exit,semis,23.0,0.46153846153846156,ON|TER|TSM
2026-02-13,enter,gold,2.0,0.7491258741258742,AEM|GOLD|NEM
2026-02-13,enter,autos,3.0,0.6949300699300701,RIVN|ON|F
2026-02-17,exit,robotics,27.0,0.4750874125874126,TER|CAT|CGNX
2026-02-17,exit,cybersecurity,9.0,0.6284965034965035,TENB|GEN|FTNT
2026-02-17,exit,gold,33.0,0.21722027972027977,AEM|GOLD|NEM
2026-02-17,enter,insurance,1.0,0.8072552447552449,ALL|AIG|CB
2026-02-17,enter,ai_infrastructure,2.0,0.7198426573426573,VRT|AMAT|NET
2026-02-18,exit,data_centers,10.0,0.5476398601398601,EQIX|VRT|DLR
2026-02-18,exit,autos,22.0,0.44536713286713286,RIVN|ON|F
2026-02-18,exit,insurance,13.0,0.5017482517482518,ALL|AIG|CB
2026-02-18,exit,ai_infrastructure,11.0,0.521416083916084,VRT|AMAT|NET
2026-02-18,enter,oil_exploration,1.0,0.8229895104895105,APA|FANG|EOG
2026-02-18,enter,defense,2.0,0.6984265734265734,NOC|HEI|HWM
2026-02-18,enter,asset_managers,3.0,0.6525349650349651,BLK|GS|BX
2026-02-19,exit,asset_managers,23.0,0.4261363636363637,BLK|GS|BX
2026-02-19,enter,aerospace,3.0,0.7591783216783217,NOC|HEI|HWM
2026-02-20,exit,defense,9.0,0.625,NOC|HEI|HWM
2026-02-20,exit,aerospace,10.0,0.6223776223776223,NOC|HEI|HWM
2026-02-20,enter,fintech,1.0,0.7132867132867132,GPN|COIN|XYZ
2026-02-20,enter,mega_banks,2.0,0.708041958041958,C|WFC|MS
2026-02-23,exit,fintech,11.0,0.5856643356643356,GPN|COIN|XYZ
2026-02-23,exit,mega_banks,19.0,0.49169580419580416,C|WFC|MS
2026-02-23,enter,biotech,1.0,0.770541958041958,MRNA|AMGN|CRSP
2026-02-23,enter,restaurants,2.0,0.7425699300699301,DPZ|YUM|MCD
2026-02-23,enter,medtech,3.0,0.7373251748251747,EW|SYK|DXCM
2026-02-24,exit,biotech,9.0,0.5987762237762237,MRNA|AMGN|CRSP
2026-02-24,exit,restaurants,25.0,0.4519230769230769,DPZ|YUM|MCD
2026-02-24,exit,medtech,19.0,0.5148601398601399,EW|SYK|DXCM
2026-02-24,enter,nuclear,1.0,0.757867132867133,DNN|GEV|UUUU
2026-02-24,enter,uranium,2.0,0.6918706293706295,DNN|UUUU|NXE
2026-02-24,enter,aerospace,3.0,0.6726398601398602,GE|HEI|LUNR
2026-02-25,exit,oil_exploration,34.0,0.30506993006993005,APA|FANG|EOG
2026-02-25,exit,uranium,12.0,0.5572552447552449,DNN|UUUU|NXE
2026-02-25,exit,aerospace,30.0,0.3784965034965035,GE|HEI|LUNR
2026-02-25,enter,ai_infrastructure,1.0,0.7937062937062936,AMAT|VRT|SMCI
2026-02-25,enter,data_centers,2.0,0.7430069930069931,CEG|VRT|NVDA
2026-02-25,enter,ai_apps,3.0,0.7381993006993007,AXON|SOUN|RXRX
2026-02-26,exit,nuclear,9.0,0.6341783216783217,DNN|GEV|UUUU
2026-02-26,exit,ai_infrastructure,24.0,0.4125874125874126,AMAT|VRT|SMCI
2026-02-26,exit,data_centers,25.0,0.40472027972027974,CEG|VRT|NVDA
2026-02-26,enter,gold,1.0,0.7631118881118881,PAAS|WPM|AEM
2026-02-26,enter,travel,2.0,0.7591783216783217,ABNB|EXPE|BKNG
2026-02-27,exit,ai_apps,20.0,0.5043706293706294,AXON|SOUN|RXRX
2026-02-27,exit,travel,10.0,0.6153846153846154,ABNB|EXPE|BKNG
2026-02-27,enter,consumer_staples,1.0,0.8352272727272728,PG|DG|MDLZ
2026-02-27,enter,biotech,2.0,0.7945804195804197,VRTX|CRSP|AMGN
2026-02-27,enter,insurance,3.0,0.707604895104895,PGR|ALL|CB
2026-03-02,exit,gold,22.0,0.49868881118881114,PAAS|WPM|AEM
2026-03-02,exit,consumer_staples,30.0,0.28583916083916083,PG|DG|MDLZ
2026-03-02,exit,biotech,10.0,0.6372377622377622,VRTX|CRSP|AMGN
2026-03-02,exit,insurance,24.0,0.46197552447552453,PGR|ALL|CB
2026-03-02,enter,nuclear,1.0,0.7893356643356644,UUUU|NNE|GEV
2026-03-02,enter,defense,2.0,0.756993006993007,LHX|NOC|RTX
2026-03-02,enter,oil_exploration,3.0,0.7386363636363636,USO|APA|COP
2026-03-03,exit,nuclear,31.0,0.31993006993006995,UUUU|NNE|GEV
2026-03-03,exit,oil_exploration,10.0,0.6678321678321677,USO|APA|COP
2026-03-03,enter,ai_apps,1.0,0.7722902097902099,AXON|PINS|PLTR
2026-03-03,enter,business_apps,2.0,0.7683566433566432,INTU|ADSK|HUBS
2026-03-03,enter,workflow_software,3.0,0.7517482517482519,NOW|HUBS|WDAY
2026-03-04,exit,defense,13.0,0.5738636363636364,LHX|NOC|RTX
2026-03-04,exit,ai_apps,9.0,0.6241258741258742,AXON|PINS|PLTR
2026-03-04,enter,biotech,1.0,0.7093531468531469,MRNA|ABBV|EXAS
2026-03-04,enter,aerospace,2.0,0.6971153846153845,ASTS|NOC|GD
2026-03-05,exit,biotech,27.0,0.4405594405594405,MRNA|ABBV|EXAS
2026-03-05,exit,aerospace,18.0,0.6013986013986014,ASTS|NOC|GD
2026-03-05,enter,oil_exploration,1.0,0.8347902097902098,USO|APA|FANG
2026-03-09,exit,business_apps,17.0,0.5511363636363636,INTU|ADSK|HUBS
2026-03-09,enter,ai_infrastructure,1.0,0.6857517482517482,MRVL|AVGO|VRT
2026-03-09,enter,semis,3.0,0.6350524475524476,MRVL|AVGO|SMCI
2026-03-10,exit,workflow_software,19.0,0.513548951048951,NOW|HUBS|WDAY
2026-03-10,exit,oil_exploration,10.0,0.6088286713286714,USO|APA|FANG
2026-03-10,enter,china_internet,1.0,0.7902097902097902,FUTU|JD|PDD
2026-03-10,enter,uranium,3.0,0.708041958041958,NXE|CCJ|DNN
2026-03-11,exit,china_internet,9.0,0.5847902097902098,FUTU|JD|PDD
2026-03-11,exit,uranium,34.0,0.21634615384615388,NXE|CCJ|DNN
2026-03-11,enter,oil_exploration,1.0,0.8479020979020979,USO|DVN|OXY
2026-03-11,enter,cybersecurity,3.0,0.6993006993006994,NET|OKTA|AKAM
2026-03-12,exit,semis,17.0,0.5257867132867132,MRVL|AVGO|SMCI
2026-03-12,enter,retail,2.0,0.749562937062937,KR|JD|COST
2026-03-12,enter,consumer_staples,3.0,0.7006118881118881,KR|COST|KO
2026-03-13,exit,cybersecurity,14.0,0.5323426573426574,NET|OKTA|AKAM
2026-03-13,exit,retail,9.0,0.6166958041958043,KR|JD|COST
2026-03-13,enter,china_internet,2.0,0.7556818181818182,JD|BIDU|TME
2026-03-16,exit,oil_exploration,11.0,0.5467657342657343,USO|DVN|OXY
2026-03-16,exit,consumer_staples,14.0,0.5305944055944056,KR|COST|KO
2026-03-16,enter,data_centers,2.0,0.7967657342657343,EQIX|PWR|DELL
2026-03-16,enter,semis,3.0,0.7604895104895105,MU|INTC|ARM
2026-03-17,exit,ai_infrastructure,13.0,0.5559440559440559,MRVL|AVGO|VRT
2026-03-17,exit,china_internet,34.0,0.21066433566433568,JD|BIDU|TME
2026-03-17,enter,oil_exploration,1.0,0.7692307692307692,APA|DVN|USO
2026-03-17,enter,travel,2.0,0.7447552447552447,UBER|EXPE|BKNG
2026-03-18,exit,travel,16.0,0.4768356643356644,UBER|EXPE|BKNG
2026-03-18,enter,asset_managers,2.0,0.7495629370629371,BX|TROW|SCHW
2026-03-20,exit,data_centers,24.0,0.423513986013986,EQIX|PWR|DELL
2026-03-20,exit,semis,11.0,0.5830419580419582,MU|INTC|ARM
2026-03-20,enter,mega_banks,2.0,0.7486888111888111,WFC|MS|C
2026-03-23,exit,oil_exploration,11.0,0.583041958041958,APA|DVN|USO
2026-03-23,enter,regional_banks,1.0,0.7290209790209791,FITB|KEY|COF
2026-03-23,enter,cloud,3.0,0.7062937062937061,AKAM|NET|DOCU
2026-03-24,exit,cloud,23.0,0.4104020979020979,AKAM|NET|DOCU
2026-03-24,enter,oil_exploration,3.0,0.693618881118881,APA|DVN|OXY
2026-03-25,exit,asset_managers,25.0,0.4493006993006993,BX|TROW|SCHW
2026-03-25,exit,regional_banks,11.0,0.5625,FITB|KEY|COF
2026-03-25,exit,oil_exploration,18.0,0.48863636363636365,APA|DVN|OXY
2026-03-25,enter,aerospace,1.0,0.7456293706293705,SPIR|LUNR|RKLB
2026-03-25,enter,semis,2.0,0.7272727272727273,ARM|AMD|MRVL
2026-03-25,enter,ai_infrastructure,3.0,0.7211538461538461,ARM|DELL|AMD
2026-03-26,exit,mega_banks,10.0,0.6180069930069931,WFC|MS|C
2026-03-26,exit,aerospace,12.0,0.5861013986013985,SPIR|LUNR|RKLB
2026-03-26,exit,semis,14.0,0.5013111888111889,ARM|AMD|MRVL
2026-03-26,exit,ai_infrastructure,26.0,0.4104020979020979,ARM|DELL|AMD
2026-03-26,enter,oil_exploration,1.0,0.7687937062937064,APA|OXY|FANG
2026-03-26,enter,payments,2.0,0.7395104895104896,MA|PYPL|V
2026-03-26,enter,medtech,3.0,0.6927447552447553,EW|MDT|TMO
2026-03-27,exit,payments,22.0,0.46110139860139854,MA|PYPL|V
2026-03-27,enter,consumer_staples,1.0,0.7958916083916083,TGT|MDLZ|PEP
2026-03-27,enter,gold,2.0,0.6892482517482518,WPM|FNV|PAAS
2026-03-30,exit,oil_exploration,9.0,0.6057692307692308,APA|OXY|FANG
2026-03-30,exit,gold,14.0,0.5791083916083917,WPM|FNV|PAAS
2026-03-30,enter,pharma,1.0,0.8566433566433568,BMY|PFE|MRK
2026-03-30,enter,retail,3.0,0.707604895104895,COST|JD|TGT
2026-03-31,exit,medtech,27.0,0.4383741258741259,EW|MDT|TMO
2026-03-31,exit,consumer_staples,12.0,0.5808566433566434,TGT|MDLZ|PEP
2026-03-31,exit,retail,16.0,0.5738636363636365,COST|JD|TGT
2026-03-31,enter,biotech,2.0,0.7145979020979021,ALNY|REGN|AMGN
2026-03-31,enter,regional_banks,3.0,0.7054195804195805,FITB|KEY|TFC
2026-04-01,exit,biotech,10.0,0.5878496503496504,ALNY|REGN|AMGN
2026-04-01,enter,gold,2.0,0.7736013986013985,NEM|WPM|AEM
2026-04-02,exit,pharma,20.0,0.4816433566433566,BMY|PFE|MRK
2026-04-02,exit,gold,10.0,0.5909090909090909,NEM|WPM|AEM
2026-04-02,enter,aerospace,1.0,0.7381993006993007,LUNR|SPIR|ASTS
2026-04-02,enter,ai_infrastructure,2.0,0.6909965034965034,MRVL|AMD|MPWR
2026-04-02,enter,cybersecurity,3.0,0.6713286713286712,OKTA|CHKP|FTNT
2026-04-06,exit,ai_infrastructure,16.0,0.5201048951048951,MRVL|AMD|MPWR
2026-04-06,exit,cybersecurity,12.0,0.6354895104895105,OKTA|CHKP|FTNT
2026-04-06,enter,mega_banks,2.0,0.75,C|GS|BAC
2026-04-07,exit,mega_banks,10.0,0.6053321678321677,C|GS|BAC
2026-04-07,enter,semis,1.0,0.7495629370629371,INTC|MRVL|MPWR
2026-04-07,enter,cybersecurity,2.0,0.695367132867133,CRWD|PANW|NET
2026-04-07,enter,ai_infrastructure,3.0,0.6791958041958042,MRVL|MPWR|AVGO
2026-04-08,exit,regional_banks,11.0,0.6140734265734266,FITB|KEY|TFC
2026-04-08,exit,cybersecurity,22.0,0.4711538461538462,CRWD|PANW|NET
2026-04-08,enter,mega_banks,3.0,0.6923076923076923,GS|C|MS
2026-04-10,enter,data_centers,3.0,0.7648601398601399,AVGO|ANET|STX
2026-04-13,exit,aerospace,10.0,0.6197552447552447,LUNR|SPIR|ASTS
2026-04-13,exit,mega_banks,13.0,0.5992132867132868,GS|C|MS
2026-04-14,exit,data_centers,12.0,0.6442307692307692,AVGO|ANET|STX
2026-04-14,enter,asset_managers,1.0,0.8229895104895104,BLK|KKR|BX
2026-04-14,enter,travel,2.0,0.798513986013986,EXPE|MAR|HLT
2026-04-14,enter,china_internet,3.0,0.7692307692307692,JD|FUTU|TCOM
2026-04-15,exit,semis,13.0,0.6481643356643356,INTC|MRVL|MPWR
2026-04-15,exit,ai_infrastructure,12.0,0.6678321678321679,MRVL|MPWR|AVGO
2026-04-15,exit,travel,11.0,0.6687062937062935,EXPE|MAR|HLT
2026-04-15,exit,china_internet,9.0,0.7076048951048951,JD|FUTU|TCOM
2026-04-15,enter,consumer_internet,1.0,0.8256118881118881,SNAP|PINS|APP
2026-04-15,enter,fintech,2.0,0.8028846153846155,HOOD|AFRM|SOFI
2026-04-15,enter,ai_apps,3.0,0.777534965034965,SNAP|SOUN|APP
2026-04-16,exit,asset_managers,26.0,0.4130244755244755,BLK|KKR|BX
2026-04-16,exit,fintech,11.0,0.652972027972028,HOOD|AFRM|SOFI
2026-04-16,enter,nuclear,1.0,0.8085664335664335,OKLO|NNE|SMR
2026-04-16,enter,dev_tools,3.0,0.7368881118881119,TEAM|DDOG|CDNS
2026-04-17,exit,consumer_internet,10.0,0.6083916083916083,SNAP|PINS|APP
2026-04-17,exit,ai_apps,13.0,0.5699300699300699,SNAP|SOUN|APP
2026-04-17,enter,payments,1.0,0.756555944055944,AFRM|XYZ|PYPL
2026-04-17,enter,fintech,2.0,0.7552447552447553,AFRM|HOOD|COIN
2026-04-20,exit,payments,10.0,0.6826923076923076,AFRM|XYZ|PYPL
2026-04-21,exit,nuclear,24.0,0.4418706293706293,OKLO|NNE|SMR
2026-04-21,exit,dev_tools,11.0,0.6088286713286714,TEAM|DDOG|CDNS
2026-04-21,exit,fintech,13.0,0.5821678321678321,AFRM|HOOD|COIN
2026-04-21,enter,workflow_software,1.0,0.770541958041958,ZM|TEAM|NOW
2026-04-21,enter,business_apps,2.0,0.7526223776223777,ORCL|HUBS|INTU
2026-04-21,enter,cybersecurity,3.0,0.7202797202797203,CRWD|TENB|OKTA
2026-04-22,exit,workflow_software,9.0,0.6280594405594406,ZM|TEAM|NOW
2026-04-22,exit,business_apps,11.0,0.5638111888111889,ORCL|HUBS|INTU
2026-04-22,enter,semis,1.0,0.7377622377622378,ARM|ON|AMD
2026-04-22,enter,nuclear,2.0,0.7298951048951049,GEV|SMR|OKLO
2026-04-22,enter,dev_tools,3.0,0.7294580419580421,TEAM|DDOG|MDB
2026-04-23,exit,cybersecurity,18.0,0.4628496503496503,CRWD|TENB|OKTA
2026-04-23,exit,dev_tools,19.0,0.4453671328671329,TEAM|DDOG|MDB
2026-04-23,enter,ai_infrastructure,2.0,0.721153846153846,ARM|MRVL|MPWR
2026-04-23,enter,consumer_staples,3.0,0.7176573426573427,WMT|PG|TGT
2026-04-24,exit,nuclear,11.0,0.5109265734265734,GEV|SMR|OKLO
2026-04-24,enter,data_centers,3.0,0.6717657342657342,GEV|CEG|PSTG
2026-04-27,exit,consumer_staples,14.0,0.513986013986014,WMT|PG|TGT
2026-04-27,enter,nuclear,2.0,0.6949300699300698,GEV|OKLO|LEU
2026-04-28,exit,nuclear,10.0,0.5952797202797202,GEV|OKLO|LEU
2026-04-28,enter,consumer_staples,1.0,0.7115384615384616,KO|MDLZ|PG
2026-04-28,enter,oil_exploration,2.0,0.7076048951048951,DVN|USO|FANG
2026-04-29,exit,data_centers,11.0,0.5559440559440559,GEV|CEG|PSTG
2026-04-30,exit,ai_infrastructure,16.0,0.5122377622377622,ARM|MRVL|MPWR
2026-04-30,exit,consumer_staples,14.0,0.5227272727272727,KO|MDLZ|PG
2026-04-30,exit,oil_exploration,9.0,0.5559440559440558,DVN|USO|FANG
2026-04-30,enter,asset_managers,2.0,0.701048951048951,TROW|BX|KKR
2026-04-30,enter,china_internet,3.0,0.6555944055944057,NTES|BIDU|TCOM
2026-05-01,exit,semis,23.0,0.43050699300699297,ARM|ON|AMD
2026-05-01,exit,asset_managers,11.0,0.5865384615384616,TROW|BX|KKR
2026-05-01,exit,china_internet,22.0,0.4353146853146854,NTES|BIDU|TCOM
2026-05-01,enter,workflow_software,1.0,0.7875874125874126,TEAM|ZM|WDAY
2026-05-01,enter,ai_apps,2.0,0.7823426573426573,SOUN|RDDT|GOOGL
2026-05-01,enter,cloud,3.0,0.7757867132867132,TEAM|ZM|DDOG
2026-05-04,enter,dev_tools,1.0,0.8111888111888111,TEAM|DDOG|CDNS
2026-05-05,exit,dev_tools,13.0,0.541520979020979,TEAM|DDOG|CDNS
2026-05-05,enter,pharma,1.0,0.7561188811188813,NVO|LLY|ABBV
2026-05-05,enter,data_centers,2.0,0.7145979020979022,STX|PWR|WDC
2026-05-05,enter,semis,3.0,0.7102272727272727,QCOM|MU|INTC
2026-05-06,exit,workflow_software,19.0,0.46678321678321677,TEAM|ZM|WDAY
2026-05-06,exit,ai_apps,11.0,0.6053321678321679,SOUN|RDDT|GOOGL
2026-05-06,exit,cloud,12.0,0.5747377622377623,TEAM|ZM|DDOG
2026-05-06,exit,pharma,13.0,0.5694930069930069,NVO|LLY|ABBV
2026-05-06,enter,nuclear,1.0,0.777972027972028,NNE|OKLO|LEU
2026-05-06,enter,uranium,2.0,0.7596153846153846,LEU|UUUU|UEC
2026-05-06,enter,china_internet,3.0,0.7596153846153845,BIDU|BABA|YMM
2026-05-07,exit,data_centers,10.0,0.6477272727272727,STX|PWR|WDC
2026-05-07,exit,semis,13.0,0.6136363636363636,QCOM|MU|INTC
2026-05-07,exit,nuclear,19.0,0.5183566433566432,NNE|OKLO|LEU
2026-05-07,exit,uranium,22.0,0.4956293706293707,LEU|UUUU|UEC
2026-05-07,exit,china_internet,25.0,0.4729020979020979,BIDU|BABA|YMM
2026-05-07,enter,cybersecurity,1.0,0.8492132867132868,FTNT|NET|CRWD
2026-05-07,enter,dev_tools,2.0,0.8479020979020979,DDOG|MDB|PTC
2026-05-07,enter,cloud,3.0,0.7902097902097902,DDOG|NET|MDB
2026-05-08,enter,semis,1.0,0.7950174825174825,MU|SMCI|INTC
2026-05-08,enter,ai_infrastructure,3.0,0.7342657342657343,MU|SMCI|DELL
2026-05-11,exit,dev_tools,13.0,0.5319055944055944,DDOG|MDB|PTC
2026-05-11,exit,cloud,16.0,0.49256993006993005,DDOG|NET|MDB
2026-05-11,enter,nuclear,2.0,0.7351398601398601,NNE|UEC|OKLO
2026-05-11,enter,gold,3.0,0.708041958041958,PAAS|WPM|NEM
2026-05-12,exit,ai_infrastructure,14.0,0.5756118881118881,MU|SMCI|DELL
2026-05-12,exit,nuclear,21.0,0.5104895104895105,NNE|UEC|OKLO
2026-05-12,enter,defense,1.0,0.7307692307692308,RKLB|BA|HWM
2026-05-12,enter,biotech,2.0,0.6822552447552447,VRTX|MRNA|BIIB
2026-05-12,enter,aerospace,3.0,0.6564685314685313,RKLB|BA|LUNR
2026-05-13,exit,gold,17.0,0.5161713286713286,PAAS|WPM|NEM
2026-05-13,exit,biotech,11.0,0.5616258741258742,VRTX|MRNA|BIIB
2026-05-13,enter,autos,2.0,0.7399475524475525,MBLY|F|ON
2026-05-14,exit,defense,12.0,0.5725524475524476,RKLB|BA|HWM
2026-05-14,enter,ai_infrastructure,2.0,0.6866258741258742,MRVL|NVDA|MU
2026-05-15,exit,semis,31.0,0.3129370629370629,MU|SMCI|INTC
2026-05-15,exit,autos,16.0,0.5611888111888111,MBLY|F|ON
2026-05-15,exit,ai_infrastructure,24.0,0.45891608391608385,MRVL|NVDA|MU
2026-05-15,enter,oil_exploration,2.0,0.7867132867132867,OXY|USO|APA
2026-05-15,enter,insurance,3.0,0.6756993006993007,MET|ALL|PGR
2026-05-18,enter,medtech,1.0,0.8492132867132868,DXCM|SYK|EW
2026-05-19,exit,aerospace,13.0,0.6062062937062936,RKLB|BA|LUNR
2026-05-19,exit,insurance,14.0,0.5799825174825175,MET|ALL|PGR
