date,mode,strategy_return,gross_return,turnover,n_active_themes,active_themes
2018-01-02,regime,-0.0005,0.0,1.0,5,aerospace|ai_apps|ai_infrastructure|asset_managers|autos
2018-01-03,regime,0.014067199909670317,0.014067199909670317,0.0,5,aerospace|ai_apps|ai_infrastructure|asset_managers|autos
2018-01-04,regime,0.011891475254589692,0.011891475254589692,0.0,5,aerospace|ai_apps|ai_infrastructure|asset_managers|autos
2018-01-05,regime,0.004351709256351673,0.004351709256351673,0.0,5,aerospace|ai_apps|ai_infrastructure|asset_managers|autos
2018-01-08,regime,0.008255137249941867,0.008866248361052978,1.2222222222222223,6,ai_infrastructure|autos|business_apps|fintech|vertical_software|workflow_software
2018-01-09,regime,-0.0019268264961042117,-0.0015934931627708785,0.6666666666666665,5,business_apps|fintech|regional_banks|vertical_software|workflow_software
2018-01-10,regime,5.595138883561745e-05,0.00034166567454990313,0.5714285714285714,7,asset_managers|business_apps|fintech|payments|regional_banks|vertical_software|workflow_software
2018-01-11,regime,0.009736357082150185,0.009736357082150185,0.0,7,asset_managers|business_apps|fintech|payments|regional_banks|vertical_software|workflow_software
2018-01-12,regime,0.008579362635202812,0.008579362635202812,0.0,7,asset_managers|business_apps|fintech|payments|regional_banks|vertical_software|workflow_software
2018-01-16,regime,-0.009729025289916968,-0.009604025289916968,0.24999999999999983,8,asset_managers|business_apps|fintech|payments|regional_banks|robotics|vertical_software|workflow_software
2018-01-17,regime,0.007613026300834398,0.007613026300834398,0.0,8,asset_managers|business_apps|fintech|payments|regional_banks|robotics|vertical_software|workflow_software
2018-01-18,regime,0.000205562993741475,0.000205562993741475,0.0,8,asset_managers|business_apps|fintech|payments|regional_banks|robotics|vertical_software|workflow_software
2018-01-19,regime,0.013272305646530447,0.013383416757641558,0.22222222222222238,9,asset_managers|business_apps|fintech|payments|regional_banks|retail|robotics|vertical_software|workflow_software
2018-01-22,regime,0.009675551070175875,0.009675551070175875,0.0,9,asset_managers|business_apps|fintech|payments|regional_banks|retail|robotics|vertical_software|workflow_software
2018-01-23,regime,0.0024779209947515955,0.0024779209947515955,0.0,9,asset_managers|business_apps|fintech|payments|regional_banks|retail|robotics|vertical_software|workflow_software
2018-01-24,regime,-0.003869553350896074,-0.0037584422397849626,0.22222222222222238,8,asset_managers|business_apps|fintech|payments|regional_banks|retail|vertical_software|workflow_software
2018-01-25,regime,0.0009146259758514947,0.0010396259758514948,0.25000000000000017,8,asset_managers|business_apps|fintech|insurance|payments|regional_banks|retail|workflow_software
2018-01-26,regime,0.012542905609890536,0.012654016721001646,0.22222222222222243,9,asset_managers|business_apps|fintech|insurance|payments|pharma|regional_banks|retail|workflow_software
2018-01-29,regime,-0.003955972231693203,-0.003955972231693203,0.0,9,asset_managers|business_apps|fintech|insurance|payments|pharma|regional_banks|retail|workflow_software
2018-01-30,regime,-0.014575878521095577,-0.014464767409984466,0.22222222222222238,9,business_apps|cloud|fintech|insurance|payments|pharma|regional_banks|retail|workflow_software
2018-01-31,regime,0.00240857425043447,0.0026307964726566923,0.4444444444444444,7,business_apps|cloud|fintech|payments|regional_banks|retail|workflow_software
2018-02-01,regime,-0.002827797168349666,-0.002827797168349666,0.0,7,business_apps|cloud|fintech|payments|regional_banks|retail|workflow_software
2018-02-02,regime,-0.016453177301665012,-0.016318256666744378,0.26984126984126977,6,cloud|fintech|payments|regional_banks|retail|workflow_software
2018-02-05,regime,-0.03361058307934486,-0.03347566244442423,0.26984126984126977,7,cloud|consumer_internet|fintech|payments|regional_banks|retail|workflow_software
2018-02-06,regime,0.01575735336413641,0.015900210506993553,0.2857142857142857,6,cloud|consumer_internet|fintech|regional_banks|retail|workflow_software
2018-02-07,regime,0.03264999812393939,0.032858331457272724,0.4166666666666667,8,ai_apps|cloud|consumer_internet|defense|fintech|regional_banks|retail|workflow_software
2018-02-08,regime,-0.053225965873354486,-0.053100965873354486,0.24999999999999978,7,ai_apps|cloud|consumer_internet|defense|regional_banks|retail|workflow_software
2018-02-09,regime,0.002774261599139278,0.002917118741996421,0.2857142857142857,7,ai_apps|cloud|consumer_internet|cybersecurity|defense|regional_banks|workflow_software
2018-02-12,regime,0.014125059674905982,0.014125059674905982,0.0,7,ai_apps|cloud|consumer_internet|cybersecurity|defense|regional_banks|workflow_software
2018-02-13,regime,0.0064426858044870985,0.006555781042582337,0.22619047619047616,8,ai_apps|business_apps|cloud|consumer_internet|cybersecurity|defense|regional_banks|workflow_software
2018-02-14,regime,0.02281515680171807,0.02281515680171807,0.0,8,ai_apps|business_apps|cloud|consumer_internet|cybersecurity|defense|regional_banks|workflow_software
2018-02-15,regime,0.018151604442865864,0.018151604442865864,0.0,8,ai_apps|business_apps|cloud|consumer_internet|cybersecurity|defense|regional_banks|workflow_software
2018-02-16,regime,0.00708119684094118,0.00708119684094118,0.0,8,ai_apps|business_apps|cloud|consumer_internet|cybersecurity|defense|regional_banks|workflow_software
2018-02-20,regime,0.0008486142004218451,0.0008486142004218451,0.0,8,ai_apps|business_apps|cloud|consumer_internet|cybersecurity|defense|regional_banks|workflow_software
2018-02-21,regime,0.0006906611918575667,0.0006906611918575667,0.0,8,ai_apps|business_apps|cloud|consumer_internet|cybersecurity|defense|regional_banks|workflow_software
2018-02-22,regime,-0.008392965137084903,-0.00817074291486268,0.4444444444444445,6,ai_apps|business_apps|cloud|cybersecurity|defense|workflow_software
2018-02-23,regime,0.015918099701001567,0.015918099701001567,0.0,6,ai_apps|business_apps|cloud|cybersecurity|defense|workflow_software
2018-02-26,regime,0.007803817529637739,0.007946674672494882,0.2857142857142857,7,ai_apps|business_apps|cloud|cybersecurity|defense|payments|workflow_software
2018-02-27,regime,-0.0047688353760779525,-0.0046438353760779524,0.24999999999999983,8,ai_apps|business_apps|cloud|cybersecurity|defense|dev_tools|payments|workflow_software
2018-02-28,regime,-0.0020380133882175007,-0.0020380133882175007,0.0,8,ai_apps|business_apps|cloud|cybersecurity|defense|dev_tools|payments|workflow_software
2018-03-01,regime,-0.01125115658739039,-0.01112615658739039,0.25000000000000006,7,ai_apps|business_apps|cloud|cybersecurity|defense|dev_tools|workflow_software
2018-03-02,regime,0.03233467145951621,0.03233467145951621,0.0,7,ai_apps|business_apps|cloud|cybersecurity|defense|dev_tools|workflow_software
2018-03-05,regime,0.008153814578155413,0.008296671721012555,0.2857142857142856,6,ai_apps|business_apps|cloud|cybersecurity|dev_tools|workflow_software
2018-03-06,regime,0.007967444354287164,0.007967444354287164,0.0,6,ai_apps|business_apps|cloud|cybersecurity|dev_tools|workflow_software
2018-03-07,regime,0.016289751839116594,0.016424672474037227,0.26984126984126977,7,ai_apps|business_apps|cloud|cybersecurity|dev_tools|vertical_software|workflow_software
2018-03-08,regime,0.005514814253560501,0.005514814253560501,0.0,7,ai_apps|business_apps|cloud|cybersecurity|dev_tools|vertical_software|workflow_software
2018-03-09,regime,0.007533167601167243,0.007533167601167243,0.0,7,ai_apps|business_apps|cloud|cybersecurity|dev_tools|vertical_software|workflow_software
2018-03-12,regime,0.004296211617182617,0.004296211617182617,0.0,7,ai_apps|business_apps|cloud|cybersecurity|dev_tools|vertical_software|workflow_software
2018-03-13,regime,-0.011917938032496777,-0.011917938032496777,0.0,7,ai_apps|business_apps|cloud|cybersecurity|dev_tools|vertical_software|workflow_software
2018-03-14,regime,0.007168862088110222,0.007168862088110222,0.0,7,ai_apps|business_apps|cloud|cybersecurity|dev_tools|vertical_software|workflow_software
2018-03-15,regime,-0.006999361861389587,-0.006856504718532445,0.28571428571428586,7,business_apps|cloud|cybersecurity|dev_tools|fintech|vertical_software|workflow_software
2018-03-16,regime,-0.0037243588021223127,-0.0035993588021223126,0.2499999999999999,8,business_apps|china_internet|cloud|cybersecurity|dev_tools|fintech|vertical_software|workflow_software
2018-03-19,regime,-0.01251005285914588,-0.01238505285914588,0.24999999999999983,7,business_apps|china_internet|cloud|dev_tools|fintech|vertical_software|workflow_software
2018-03-20,regime,0.012962850735495239,0.013105707878352382,0.2857142857142858,7,business_apps|china_internet|cloud|dev_tools|fintech|payments|workflow_software
2018-03-21,regime,-0.0028267154787195623,-0.0026838583358624194,0.28571428571428575,7,business_apps|cloud|dev_tools|fintech|oil_exploration|payments|workflow_software
2018-03-22,regime,-0.021501547820512074,-0.021358690677654932,0.2857142857142858,7,business_apps|cloud|dev_tools|fintech|gold|oil_exploration|workflow_software
2018-03-23,regime,-0.01869317489920965,-0.01855031775635251,0.28571428571428586,7,cloud|dev_tools|fintech|gold|medtech|oil_exploration|workflow_software
2018-03-26,regime,0.0313517367338395,0.03149459387669665,0.28571428571428586,7,business_apps|cloud|dev_tools|fintech|gold|oil_exploration|workflow_software
2018-03-27,regime,-0.03026703549766428,-0.030124178354807137,0.28571428571428586,7,business_apps|cloud|dev_tools|fintech|gold|oil_exploration|restaurants
2018-03-28,regime,-0.015270706943375168,-0.014984992657660883,0.5714285714285715,6,cloud|consumer|dev_tools|gold|oil_exploration|restaurants
2018-03-29,regime,0.014731567530331426,0.014731567530331426,0.0,6,cloud|consumer|dev_tools|gold|oil_exploration|restaurants
2018-04-02,regime,-0.013805571029207184,-0.013662713886350042,0.28571428571428564,7,cloud|consumer|defense|dev_tools|gold|oil_exploration|restaurants
2018-04-03,regime,0.00863041314743697,0.008773270290294113,0.2857142857142857,7,consumer|defense|dev_tools|gold|medtech|oil_exploration|restaurants
2018-04-04,regime,0.0041155362399226195,0.0041155362399226195,0.0,7,consumer|defense|dev_tools|gold|medtech|oil_exploration|restaurants
2018-04-05,regime,0.008185275511069184,0.008310275511069184,0.2499999999999998,8,consumer|consumer_staples|defense|dev_tools|gold|medtech|oil_exploration|restaurants
2018-04-06,regime,-0.017214160125890304,-0.017089160125890304,0.2500000000000001,8,consumer|consumer_staples|defense|gold|medtech|oil_exploration|restaurants|retail
2018-04-09,regime,0.003179464470746569,0.003179464470746569,0.0,8,consumer|consumer_staples|defense|gold|medtech|oil_exploration|restaurants|retail
2018-04-10,regime,0.011033384579476035,0.011158384579476035,0.2500000000000001,7,consumer|consumer_staples|gold|medtech|oil_exploration|restaurants|retail
2018-04-11,regime,0.002028773152419346,0.002250995374641568,0.4444444444444444,9,consumer|consumer_staples|gold|medtech|nuclear|oil_exploration|restaurants|retail|uranium
2018-04-12,regime,0.0008191960520832654,0.0010414182743054877,0.44444444444444453,9,consumer|dev_tools|gold|medtech|mega_banks|nuclear|oil_exploration|restaurants|uranium
2018-04-13,regime,-0.005605033004114208,-0.005605033004114208,0.0,9,consumer|dev_tools|gold|medtech|mega_banks|nuclear|oil_exploration|restaurants|uranium
2018-04-16,regime,0.02014645711680442,0.02036867933902664,0.4444444444444444,7,consumer|gold|medtech|nuclear|oil_exploration|restaurants|uranium
2018-04-17,regime,0.015784571958307354,0.015909571958307354,0.25,8,consumer|cybersecurity|gold|medtech|nuclear|oil_exploration|restaurants|uranium
2018-04-18,regime,0.0007726006832752305,0.0007726006832752305,0.0,8,consumer|cybersecurity|gold|medtech|nuclear|oil_exploration|restaurants|uranium
2018-04-19,regime,-0.006845621297170123,-0.006720621297170123,0.25,7,consumer|gold|medtech|nuclear|oil_exploration|restaurants|uranium
2018-04-20,regime,-0.0023035188016372232,-0.0023035188016372232,0.0,7,consumer|gold|medtech|nuclear|oil_exploration|restaurants|uranium
2018-04-23,regime,-0.004661421771799709,-0.004536421771799709,0.25,8,aerospace|consumer|gold|medtech|nuclear|oil_exploration|restaurants|uranium
2018-04-24,regime,-0.012248703387917855,-0.012248703387917855,0.0,8,aerospace|consumer|gold|medtech|nuclear|oil_exploration|restaurants|uranium
2018-04-25,regime,-0.0064586801857662345,-0.006347569074655123,0.2222222222222222,9,aerospace|consumer|gold|medtech|nuclear|oil_exploration|regional_banks|restaurants|uranium
2018-04-26,regime,0.02271095412489944,0.02293317634712166,0.4444444444444444,7,consumer|gold|medtech|nuclear|oil_exploration|restaurants|uranium
2018-04-27,regime,-0.0002995751145121736,-0.0002995751145121736,0.0,7,consumer|gold|medtech|nuclear|oil_exploration|restaurants|uranium
2018-04-30,regime,-0.009206747947913402,-0.008936906678072131,0.5396825396825397,6,consumer|medtech|nuclear|oil_exploration|restaurants|retail
2018-05-01,regime,0.004103744446183234,0.004246601589040376,0.28571428571428564,7,consumer|fintech|medtech|nuclear|oil_exploration|restaurants|retail
2018-05-02,regime,-0.003443858263106103,-0.003242800062047902,0.4021164021164021,9,consumer|cybersecurity|fintech|medtech|nuclear|oil_exploration|restaurants|retail|uranium
2018-05-03,regime,-0.002908312928497655,-0.002797201817386544,0.22222222222222238,9,consumer|cybersecurity|dev_tools|fintech|medtech|nuclear|oil_exploration|restaurants|uranium
2018-05-04,regime,0.004679211292813551,0.004901433515035774,0.4444444444444444,7,consumer|cybersecurity|dev_tools|fintech|medtech|oil_exploration|restaurants
2018-05-07,regime,0.009847175246235327,0.009966222865282946,0.23809523809523797,8,consumer|cybersecurity|dev_tools|fintech|medtech|oil_exploration|restaurants|workflow_software
2018-05-08,regime,0.008432930828938721,0.008557930828938722,0.24999999999999983,7,consumer|cybersecurity|dev_tools|fintech|oil_exploration|restaurants|workflow_software
2018-05-09,regime,0.01129016441451986,0.011417148541503986,0.25396825396825395,6,consumer|cybersecurity|dev_tools|fintech|oil_exploration|workflow_software
2018-05-10,regime,0.006458428567210838,0.006625095233877504,0.33333333333333354,5,cybersecurity|dev_tools|fintech|oil_exploration|workflow_software
2018-05-11,regime,0.003642403845303372,0.0037979594008589273,0.31111111111111134,6,cybersecurity|dev_tools|fintech|oil_exploration|payments|workflow_software
2018-05-14,regime,-0.012027078090258296,-0.011860411423591628,0.33333333333333337,6,china_internet|dev_tools|fintech|oil_exploration|payments|workflow_software
2018-05-15,regime,-0.004364767960483776,-0.004221910817626634,0.2857142857142856,7,ai_infrastructure|china_internet|dev_tools|fintech|oil_exploration|payments|workflow_software
2018-05-16,regime,0.015689353043635976,0.01583221018649312,0.2857142857142857,7,ai_infrastructure|china_internet|dev_tools|fintech|oil_exploration|payments|semis
2018-05-17,regime,-0.010765958700794455,-0.010515958700794454,0.49999999999999983,8,ai_infrastructure|biotech|china_internet|fintech|oil_exploration|payments|regional_banks|semis
2018-05-18,regime,-0.015204770568593104,-0.015079770568593104,0.24999999999999983,7,ai_infrastructure|biotech|fintech|oil_exploration|payments|regional_banks|semis
2018-05-21,regime,0.004536109535176136,0.0046789666780332785,0.2857142857142857,6,ai_infrastructure|biotech|fintech|oil_exploration|payments|semis
2018-05-22,regime,0.0033553175682104466,0.0033553175682104466,0.0,6,ai_infrastructure|biotech|fintech|oil_exploration|payments|semis
2018-05-23,regime,0.010289299776347972,0.010289299776347972,0.0,6,ai_infrastructure|biotech|fintech|oil_exploration|payments|semis
2018-05-24,regime,0.0031961670225228054,0.0034818813082370913,0.5714285714285713,7,ai_infrastructure|biotech|fintech|payments|robotics|semis|travel
2018-05-25,regime,0.0009124149835511178,0.0009124149835511178,0.0,7,ai_infrastructure|biotech|fintech|payments|robotics|semis|travel
2018-05-29,regime,-0.007388447960131119,-0.007102733674416833,0.5714285714285714,7,ai_infrastructure|biotech|business_apps|fintech|robotics|semis|workflow_software
2018-05-30,regime,0.018263704691442596,0.018388704691442596,0.25,8,ai_infrastructure|biotech|business_apps|dev_tools|fintech|robotics|semis|workflow_software
2018-05-31,regime,-0.012511579191231754,-0.012386579191231754,0.25,8,ai_apps|ai_infrastructure|biotech|business_apps|dev_tools|fintech|semis|workflow_software
2018-06-01,regime,0.013281449841324159,0.013281449841324159,0.0,8,ai_apps|ai_infrastructure|biotech|business_apps|dev_tools|fintech|semis|workflow_software
2018-06-04,regime,0.0195382720270991,0.0196632720270991,0.25,7,ai_apps|ai_infrastructure|business_apps|dev_tools|fintech|semis|workflow_software
2018-06-05,regime,0.01213510838613929,0.01213510838613929,0.0,7,ai_apps|ai_infrastructure|business_apps|dev_tools|fintech|semis|workflow_software
2018-06-06,regime,0.017307698081668387,0.017307698081668387,0.0,7,ai_apps|ai_infrastructure|business_apps|dev_tools|fintech|semis|workflow_software
2018-06-07,regime,-0.027292347297766143,-0.027054252059670904,0.4761904761904762,7,ai_apps|ai_infrastructure|autos|cloud|dev_tools|semis|workflow_software
2018-06-08,regime,0.017822591248428894,0.018072591248428894,0.49999999999999994,8,ai_apps|ai_infrastructure|autos|china_internet|cloud|dev_tools|medtech|workflow_software
2018-06-11,regime,0.013937397648318186,0.014062397648318186,0.24999999999999978,7,ai_apps|autos|china_internet|cloud|dev_tools|medtech|workflow_software
2018-06-12,regime,0.012727558736556958,0.012840653974652196,0.22619047619047605,8,ai_apps|autos|business_apps|china_internet|cloud|dev_tools|medtech|workflow_software
2018-06-13,regime,0.009122709691362337,0.009122709691362337,0.0,8,ai_apps|autos|business_apps|china_internet|cloud|dev_tools|medtech|workflow_software
2018-06-14,regime,0.01227474107518788,0.01227474107518788,0.0,8,ai_apps|autos|business_apps|china_internet|cloud|dev_tools|medtech|workflow_software
2018-06-15,regime,0.0037935250939104778,0.0037935250939104778,0.0,8,ai_apps|autos|business_apps|china_internet|cloud|dev_tools|medtech|workflow_software
2018-06-18,regime,0.008640241287498643,0.008640241287498643,0.0,8,ai_apps|autos|business_apps|china_internet|cloud|dev_tools|medtech|workflow_software
2018-06-19,regime,-0.017554640208313304,-0.017554640208313304,0.0,8,ai_apps|autos|business_apps|china_internet|cloud|dev_tools|medtech|workflow_software
2018-06-20,regime,-0.00702394408848527,-0.00689894408848527,0.25000000000000006,8,ai_apps|business_apps|china_internet|cloud|consumer_internet|dev_tools|medtech|workflow_software
2018-06-21,regime,-0.02326328800419759,-0.02326328800419759,0.0,8,ai_apps|business_apps|china_internet|cloud|consumer_internet|dev_tools|medtech|workflow_software
2018-06-22,regime,-0.003692991834700544,-0.003470769612478322,0.4444444444444447,9,ai_apps|business_apps|cloud|consumer|consumer_internet|dev_tools|medtech|restaurants|workflow_software
2018-06-25,regime,-0.0307474339073721,-0.030525211685149878,0.4444444444444446,9,ai_apps|cloud|consumer|consumer_internet|consumer_staples|dev_tools|medtech|restaurants|retail
2018-06-26,regime,0.0017587688374734148,0.0017587688374734148,0.0,9,ai_apps|cloud|consumer|consumer_internet|consumer_staples|dev_tools|medtech|restaurants|retail
2018-06-27,regime,-0.021584007875979642,-0.021484007875979642,0.20000000000000012,10,ai_apps|cloud|consumer|consumer_internet|consumer_staples|dev_tools|medtech|oil_exploration|restaurants|retail
2018-06-28,regime,0.0087244501772962,0.008820746473592496,0.1925925925925926,9,ai_apps|cloud|consumer|consumer_internet|consumer_staples|medtech|oil_exploration|restaurants|retail
2018-06-29,regime,-0.002371884968710222,-0.002038551635376889,0.6666666666666663,6,cloud|consumer|consumer_staples|oil_exploration|restaurants|retail
2018-07-02,regime,-0.0006244220761260503,-0.0006244220761260503,0.0,6,cloud|consumer|consumer_staples|oil_exploration|restaurants|retail
2018-07-03,regime,0.00011396567764639592,0.000447299010979729,0.6666666666666662,9,biotech|cloud|consumer|consumer_staples|gold|oil_exploration|pharma|restaurants|retail
2018-07-05,regime,0.008564791985672171,0.00866479198567217,0.20000000000000012,10,biotech|cloud|consumer|consumer_staples|gold|oil_exploration|pharma|restaurants|retail|vertical_software
2018-07-06,regime,0.010323771214394558,0.01059519978582313,0.5428571428571426,7,biotech|cloud|consumer_staples|gold|oil_exploration|pharma|vertical_software
2018-07-09,regime,0.005189765590481748,0.005475479876196034,0.5714285714285717,5,biotech|cloud|oil_exploration|pharma|vertical_software
2018-07-10,regime,-0.00458962478327577,-0.004422958116609104,0.3333333333333336,6,ai_apps|biotech|cloud|oil_exploration|pharma|vertical_software
2018-07-11,regime,-0.00753582864156485,-0.007392971498707707,0.285714285714286,7,ai_apps|biotech|cloud|oil_exploration|payments|pharma|vertical_software
2018-07-12,regime,0.02322933361170511,0.023372190754562254,0.28571428571428564,7,ai_apps|biotech|cloud|dev_tools|payments|pharma|vertical_software
2018-07-13,regime,-0.004679108304254843,-0.0045362511613977,0.285714285714286,6,biotech|cloud|dev_tools|payments|pharma|vertical_software
2018-07-16,regime,-0.0031254840744327187,-0.0029826269315755757,0.285714285714286,7,biotech|cloud|defense|dev_tools|payments|pharma|vertical_software
2018-07-17,regime,0.008009681524389705,0.008009681524389705,0.0,7,biotech|cloud|defense|dev_tools|payments|pharma|vertical_software
2018-07-18,regime,0.0012694413365193875,0.0015015841936622445,0.464285714285714,8,aerospace|biotech|cloud|defense|fintech|payments|pharma|vertical_software
2018-07-19,regime,-0.010433147060704875,-0.010308147060704875,0.25,8,aerospace|biotech|cloud|defense|fintech|medtech|payments|vertical_software
2018-07-20,regime,-0.001613713424714868,-0.001488713424714868,0.24999999999999983,7,aerospace|cloud|defense|fintech|medtech|payments|vertical_software
2018-07-23,regime,0.006093119421044893,0.006218119421044893,0.24999999999999978,8,aerospace|business_apps|cloud|defense|fintech|medtech|payments|vertical_software
2018-07-24,regime,-0.002395088010515461,-0.0022839768994043497,0.22222222222222238,9,aerospace|business_apps|cloud|defense|fintech|medtech|mega_banks|payments|vertical_software
2018-07-25,regime,0.013159882239529264,0.013270993350640374,0.2222222222222222,9,business_apps|cloud|defense|fintech|medtech|mega_banks|payments|pharma|vertical_software
2018-07-26,regime,0.0008943403458525501,0.0010054514569636612,0.2222222222222222,9,cloud|defense|fintech|insurance|medtech|mega_banks|payments|pharma|vertical_software
2018-07-27,regime,-0.013319126176616706,-0.012893200250690781,0.8518518518518516,6,aerospace|cloud|defense|insurance|mega_banks|pharma
2018-07-30,regime,-0.012197156614046474,-0.012030489947379807,0.33333333333333337,6,aerospace|defense|insurance|mega_banks|pharma|regional_banks
2018-07-31,regime,0.01004346455610103,0.01004346455610103,0.0,6,aerospace|defense|insurance|mega_banks|pharma|regional_banks
2018-08-01,regime,-0.0025599214461202477,-0.0025599214461202477,0.0,6,aerospace|defense|insurance|mega_banks|pharma|regional_banks
2018-08-02,regime,-0.0017361571844070993,-0.0014504428986928137,0.5714285714285714,7,cloud|defense|insurance|mega_banks|pharma|regional_banks|robotics
2018-08-03,regime,0.0006782168221594053,0.0008210739650165483,0.285714285714286,6,cloud|insurance|mega_banks|pharma|regional_banks|robotics
2018-08-06,regime,0.0033658070832376496,0.003532473749904316,0.33333333333333337,6,cloud|consumer_staples|insurance|mega_banks|pharma|robotics
2018-08-07,regime,0.006461049193731365,0.0066039063365885085,0.285714285714286,7,cloud|consumer_staples|dev_tools|insurance|mega_banks|pharma|robotics
2018-08-08,regime,-0.0008479459105219601,-0.0006038982914743414,0.48809523809523764,8,cloud|consumer_staples|insurance|mega_banks|pharma|regional_banks|robotics|workflow_software
2018-08-09,regime,-0.0058691481338599425,-0.005669148133859942,0.4000000000000003,10,cloud|consumer|consumer_staples|insurance|mega_banks|pharma|regional_banks|restaurants|robotics|workflow_software
2018-08-10,regime,-0.008159882032007083,-0.007959882032007082,0.4000000000000003,9,cloud|consumer|consumer_staples|dev_tools|mega_banks|pharma|restaurants|robotics|workflow_software
2018-08-13,regime,-0.006729522625689897,-0.006618411514578786,0.22222222222222227,9,cloud|consumer|consumer_staples|dev_tools|payments|pharma|restaurants|robotics|workflow_software
2018-08-14,regime,0.007623455109695525,0.007734566220806636,0.2222222222222221,8,cloud|consumer|consumer_staples|dev_tools|payments|pharma|restaurants|workflow_software
2018-08-15,regime,-0.0017312851301574755,-0.0017312851301574755,0.0,8,cloud|consumer|consumer_staples|dev_tools|payments|pharma|restaurants|workflow_software
2018-08-16,regime,0.006020535959530793,0.006131647070641904,0.22222222222222207,9,cloud|consumer|consumer_staples|dev_tools|payments|pharma|restaurants|retail|workflow_software
2018-08-17,regime,0.004695778028056404,0.004695778028056404,0.0,9,cloud|consumer|consumer_staples|dev_tools|payments|pharma|restaurants|retail|workflow_software
2018-08-20,regime,0.004595672703881354,0.004595672703881354,0.0,9,cloud|consumer|consumer_staples|dev_tools|payments|pharma|restaurants|retail|workflow_software
2018-08-21,regime,0.003983924834584944,0.004095035945696056,0.22222222222222257,9,consumer|consumer_staples|dev_tools|insurance|payments|pharma|restaurants|retail|workflow_software
2018-08-22,regime,0.0023829798612503266,0.002494090972361438,0.2222222222222222,9,consumer|consumer_staples|dev_tools|insurance|medtech|payments|pharma|restaurants|workflow_software
2018-08-23,regime,0.004095265782197811,0.004095265782197811,0.0,9,consumer|consumer_staples|dev_tools|insurance|medtech|payments|pharma|restaurants|workflow_software
2018-08-24,regime,0.012270753311503322,0.012381864422614432,0.22222222222222238,9,business_apps|consumer|consumer_staples|dev_tools|insurance|medtech|payments|pharma|workflow_software
2018-08-27,regime,0.002293249489834942,0.002515471712057164,0.44444444444444453,8,business_apps|consumer|dev_tools|insurance|medtech|payments|vertical_software|workflow_software
2018-08-28,regime,0.007947911924520825,0.008072911924520825,0.25000000000000006,8,business_apps|cloud|dev_tools|insurance|medtech|payments|vertical_software|workflow_software
2018-08-29,regime,0.010251585010857241,0.010376585010857241,0.25,7,business_apps|cloud|dev_tools|medtech|payments|vertical_software|workflow_software
2018-08-30,regime,-0.008825514234899016,-0.008825514234899016,0.0,7,business_apps|cloud|dev_tools|medtech|payments|vertical_software|workflow_software
2018-08-31,regime,-0.0015811945991809002,-0.001462146980133281,0.23809523809523822,8,business_apps|cloud|dev_tools|fintech|medtech|payments|vertical_software|workflow_software
2018-09-04,regime,0.014489690919190227,0.014489690919190227,0.0,8,business_apps|cloud|dev_tools|fintech|medtech|payments|vertical_software|workflow_software
2018-09-05,regime,-0.033168263249433325,-0.033168263249433325,0.0,8,business_apps|cloud|dev_tools|fintech|medtech|payments|vertical_software|workflow_software
2018-09-06,regime,-0.0015773308506391859,-0.0015773308506391859,0.0,8,business_apps|cloud|dev_tools|fintech|medtech|payments|vertical_software|workflow_software
2018-09-07,regime,0.007694763712709963,0.007894763712709963,0.3999999999999999,10,business_apps|cloud|consumer|dev_tools|fintech|medtech|payments|restaurants|vertical_software|workflow_software
2018-09-10,regime,-0.0006105956915199149,-0.0005180030989273223,0.18518518518518517,9,business_apps|cloud|consumer|dev_tools|fintech|medtech|payments|restaurants|workflow_software
2018-09-11,regime,0.008110212607835187,0.008210212607835186,0.2,10,business_apps|cloud|consumer|cybersecurity|dev_tools|fintech|medtech|payments|restaurants|workflow_software
2018-09-12,regime,0.003867336168391762,0.003867336168391762,0.0,10,business_apps|cloud|consumer|cybersecurity|dev_tools|fintech|medtech|payments|restaurants|workflow_software
2018-09-13,regime,0.001364639505655518,0.001364639505655518,0.0,10,business_apps|cloud|consumer|cybersecurity|dev_tools|fintech|medtech|payments|restaurants|workflow_software
2018-09-14,regime,-0.0011038218118284077,-0.0009038218118284078,0.3999999999999999,8,business_apps|cloud|cybersecurity|dev_tools|fintech|medtech|payments|workflow_software
2018-09-17,regime,-0.026353855938769582,-0.02613163371654736,0.4444444444444443,9,aerospace|business_apps|cybersecurity|defense|dev_tools|fintech|medtech|payments|workflow_software
2018-09-18,regime,0.011030646168656505,0.011130646168656505,0.20000000000000012,10,aerospace|business_apps|cybersecurity|defense|dev_tools|fintech|medtech|payments|robotics|workflow_software
2018-09-19,regime,-0.011634962708352892,-0.011434962708352892,0.39999999999999997,8,aerospace|cybersecurity|defense|dev_tools|fintech|medtech|payments|robotics
2018-09-20,regime,0.008516116560663778,0.008766116560663778,0.49999999999999983,7,cybersecurity|dev_tools|fintech|insurance|medtech|payments|robotics
2018-09-21,regime,-0.0021152709881670537,-0.0018652709881670539,0.4999999999999999,8,aerospace|asset_managers|dev_tools|fintech|insurance|medtech|payments|robotics
2018-09-24,regime,-0.0015069644771436512,-0.00139585336603254,0.2222222222222222,9,aerospace|asset_managers|dev_tools|fintech|insurance|medtech|oil_exploration|payments|robotics
2018-09-25,regime,0.010363129386638421,0.010474240497749532,0.2222222222222222,8,aerospace|dev_tools|fintech|insurance|medtech|oil_exploration|payments|robotics
2018-09-26,regime,-0.007856801460086608,-0.007745690348975497,0.2222222222222222,9,aerospace|dev_tools|fintech|insurance|medtech|oil_exploration|payments|robotics|travel
2018-09-27,regime,0.002370838987176547,0.0024819500982876585,0.22222222222222224,9,aerospace|defense|dev_tools|fintech|medtech|oil_exploration|payments|robotics|travel
2018-09-28,regime,0.003922138195115101,0.004139730787707694,0.4351851851851852,8,aerospace|defense|dev_tools|fintech|medtech|nuclear|oil_exploration|travel
2018-10-01,regime,-0.004386733320247893,-0.0041367333202478925,0.49999999999999967,7,aerospace|defense|fintech|medtech|nuclear|oil_exploration|pharma
2018-10-02,regime,0.0003382594862742582,0.0003382594862742582,0.0,7,aerospace|defense|fintech|medtech|nuclear|oil_exploration|pharma
2018-10-03,regime,0.0021784313990903985,0.0021784313990903985,0.0,7,aerospace|defense|fintech|medtech|nuclear|oil_exploration|pharma
2018-10-04,regime,-0.010787579327705115,-0.010668531708657496,0.23809523809523764,8,aerospace|defense|fintech|medtech|nuclear|oil_exploration|pharma|uranium
2018-10-05,regime,-0.0036217552436316105,-0.0036217552436316105,0.0,8,aerospace|defense|fintech|medtech|nuclear|oil_exploration|pharma|uranium
2018-10-08,regime,-0.008166474992414338,-0.008041474992414338,0.2499999999999995,7,aerospace|defense|fintech|nuclear|oil_exploration|pharma|uranium
2018-10-09,regime,-0.003315245776613292,-0.003172388633756149,0.285714285714286,6,aerospace|defense|nuclear|oil_exploration|pharma|uranium
2018-10-10,regime,-0.036829462328168326,-0.036829462328168326,0.0,6,aerospace|defense|nuclear|oil_exploration|pharma|uranium
2018-10-11,regime,-0.02480579678655304,-0.024662939643695897,0.285714285714286,7,aerospace|defense|gold|nuclear|oil_exploration|pharma|uranium
2018-10-12,regime,0.0017899634526114656,0.0020399634526114653,0.49999999999999967,8,aerospace|consumer|gold|nuclear|oil_exploration|pharma|restaurants|uranium
2018-10-15,regime,0.006657620695138272,0.006657620695138272,0.0,8,aerospace|consumer|gold|nuclear|oil_exploration|pharma|restaurants|uranium
2018-10-16,regime,0.01717988761450046,0.01729099872561157,0.2222222222222222,9,aerospace|consumer|gold|nuclear|oil_exploration|pharma|restaurants|retail|uranium
2018-10-17,regime,-0.005891684842745016,-0.0055583515094116825,0.6666666666666667,7,aerospace|consumer|consumer_staples|gold|pharma|restaurants|retail
2018-10-18,regime,-0.008168120989537416,-0.008168120989537416,0.0,7,aerospace|consumer|consumer_staples|gold|pharma|restaurants|retail
2018-10-19,regime,-0.006150073298930003,-0.006150073298930003,0.0,7,aerospace|consumer|consumer_staples|gold|pharma|restaurants|retail
2018-10-22,regime,-0.0016403387965633395,-0.0014974816537061965,0.2857142857142857,6,consumer|consumer_staples|gold|pharma|restaurants|retail
2018-10-23,regime,-0.00018548816324444816,-0.00018548816324444816,0.0,6,consumer|consumer_staples|gold|pharma|restaurants|retail
2018-10-24,regime,-0.014607332131812934,-0.014607332131812934,0.0,6,consumer|consumer_staples|gold|pharma|restaurants|retail
2018-10-25,regime,0.005721656389992841,0.005888323056659508,0.33333333333333337,6,consumer|consumer_staples|data_centers|pharma|restaurants|retail
2018-10-26,regime,-0.01852462927135192,-0.018357962604685255,0.33333333333333337,6,autos|consumer|consumer_staples|pharma|restaurants|retail
2018-10-29,regime,0.009198500741791418,0.009198500741791418,0.0,6,autos|consumer|consumer_staples|pharma|restaurants|retail
2018-10-30,regime,0.005779899576100845,0.006029899576100845,0.5,8,autos|consumer|consumer_staples|insurance|pharma|regional_banks|restaurants|retail
2018-10-31,regime,-0.00205327623809079,-0.0018032762380907898,0.5,6,autos|consumer|consumer_staples|regional_banks|restaurants|retail
2018-11-01,regime,0.003592767570696919,0.003926100904030253,0.6666666666666667,6,autos|consumer_internet|consumer_staples|regional_banks|retail|travel
2018-11-02,regime,-5.965406545295067e-05,6.73300615311762e-05,0.25396825396825373,7,autos|china_internet|consumer_internet|consumer_staples|regional_banks|retail|travel
2018-11-05,regime,0.003760240553979684,0.003903097696836827,0.2857142857142858,7,autos|china_internet|consumer_staples|regional_banks|retail|travel|uranium
2018-11-06,regime,-0.005601141782064666,-0.005493998924921809,0.21428571428571436,8,autos|china_internet|consumer_staples|nuclear|regional_banks|retail|travel|uranium
2018-11-07,regime,0.01839550081663162,0.01852050081663162,0.24999999999999997,8,autos|china_internet|consumer_staples|medtech|nuclear|retail|travel|uranium
2018-11-08,regime,-0.01974301900041418,-0.01938587614327132,0.714285714285714,7,autos|consumer|consumer_staples|medtech|restaurants|retail|uranium
2018-11-09,regime,-0.008055279032808713,-0.007930279032808712,0.2499999999999999,8,autos|consumer|consumer_staples|medtech|regional_banks|restaurants|retail|uranium
2018-11-12,regime,-0.019023217285500677,-0.018898217285500677,0.2499999999999999,7,consumer|consumer_staples|medtech|regional_banks|restaurants|retail|uranium
2018-11-13,regime,-0.0025774219492636706,-0.0024345648064065277,0.2857142857142857,6,consumer|consumer_staples|medtech|regional_banks|restaurants|retail
2018-11-14,regime,-0.007601382969642967,-0.007601382969642967,0.0,6,consumer|consumer_staples|medtech|regional_banks|restaurants|retail
2018-11-15,regime,-0.0004882673181483163,-0.0003454101752911735,0.2857142857142857,7,consumer|consumer_staples|medtech|regional_banks|restaurants|retail|vertical_software
2018-11-16,regime,-0.00042940877305631616,-0.00028655163019917335,0.2857142857142857,7,consumer|consumer_staples|medtech|pharma|regional_banks|restaurants|vertical_software
2018-11-19,regime,-0.017223351204050816,-0.017098351204050816,0.24999999999999983,8,autos|consumer|consumer_staples|medtech|pharma|regional_banks|restaurants|vertical_software
2018-11-20,regime,-0.014190053156535109,-0.014065053156535109,0.24999999999999978,7,autos|consumer|consumer_staples|medtech|pharma|regional_banks|restaurants
2018-11-21,regime,-0.004146493653240802,-0.0040036365103836595,0.2857142857142857,7,autos|china_internet|consumer|medtech|pharma|regional_banks|restaurants
2018-11-23,regime,-0.0053695994603168064,-0.005250551841269187,0.23809523809523792,8,autos|china_internet|consumer|medtech|pharma|regional_banks|restaurants|semis
2018-11-26,regime,0.010253961275545695,0.010503961275545695,0.49999999999999983,7,ai_infrastructure|autos|china_internet|medtech|pharma|regional_banks|semis
2018-11-27,regime,-0.0004938699897520511,-0.0003510128468949083,0.2857142857142857,7,ai_infrastructure|autos|china_internet|data_centers|medtech|pharma|semis
2018-11-28,regime,0.01965331721063342,0.019796174353490563,0.2857142857142857,7,ai_infrastructure|autos|china_internet|medtech|pharma|semis|workflow_software
2018-11-29,regime,-0.006514690045960483,-0.006282547188817626,0.4642857142857142,8,ai_infrastructure|autos|biotech|business_apps|medtech|pharma|semis|workflow_software
2018-11-30,regime,0.023765464131751235,0.023862686353973456,0.19444444444444445,9,ai_infrastructure|autos|biotech|business_apps|cloud|medtech|pharma|semis|workflow_software
2018-12-03,regime,0.019487211269010346,0.019487211269010346,0.0,9,ai_infrastructure|autos|biotech|business_apps|cloud|medtech|pharma|semis|workflow_software
2018-12-04,regime,-0.039070979211295556,-0.03897838661870296,0.18518518518518529,10,ai_infrastructure|autos|biotech|business_apps|cloud|dev_tools|medtech|pharma|semis|workflow_software
2018-12-06,regime,0.004192943826394018,0.004384610493060684,0.38333333333333347,8,ai_infrastructure|biotech|business_apps|cloud|dev_tools|medtech|pharma|workflow_software
2018-12-07,regime,-0.03898271392002434,-0.03898271392002434,0.0,8,ai_infrastructure|biotech|business_apps|cloud|dev_tools|medtech|pharma|workflow_software
2018-12-10,regime,0.011162093922327464,0.011162093922327464,0.0,8,ai_infrastructure|biotech|business_apps|cloud|dev_tools|medtech|pharma|workflow_software
2018-12-11,regime,0.00636289764440821,0.00636289764440821,0.0,8,ai_infrastructure|biotech|business_apps|cloud|dev_tools|medtech|pharma|workflow_software
2018-12-12,regime,0.01534497012957488,0.01546997012957488,0.2499999999999998,7,biotech|business_apps|cloud|dev_tools|medtech|pharma|workflow_software
2018-12-13,regime,-0.006981976837939883,-0.006839119695082741,0.2857142857142857,7,business_apps|cloud|dev_tools|gold|medtech|pharma|workflow_software
2018-12-14,regime,-0.020753747069277344,-0.0206108899264202,0.2857142857142857,6,business_apps|cloud|dev_tools|gold|pharma|workflow_software
2018-12-17,regime,-0.0330131846346468,-0.032870327491789655,0.2857142857142857,7,autos|business_apps|cloud|dev_tools|gold|pharma|workflow_software
2018-12-18,regime,0.005469524371331752,0.005612381514188894,0.2857142857142857,6,autos|business_apps|cloud|dev_tools|gold|workflow_software
2018-12-19,regime,-0.008568786168533566,-0.008402119501866898,0.33333333333333337,5,business_apps|cloud|dev_tools|gold|workflow_software
2018-12-20,regime,-0.003961862881602747,-0.003961862881602747,0.0,5,business_apps|cloud|dev_tools|gold|workflow_software
2018-12-21,regime,-0.03419088176996292,-0.033905167484248634,0.5714285714285714,7,ai_infrastructure|business_apps|cloud|dev_tools|gold|pharma|workflow_software
2018-12-24,regime,-0.022935294816119604,-0.022685294816119604,0.5,8,business_apps|china_internet|cloud|consumer_internet|dev_tools|gold|pharma|workflow_software
2018-12-26,regime,0.04837532060368576,0.04848643171479687,0.2222222222222222,9,business_apps|china_internet|cloud|consumer_internet|dev_tools|gold|pharma|retail|workflow_software
2018-12-27,regime,0.02041697232324918,0.02041697232324918,0.0,9,business_apps|china_internet|cloud|consumer_internet|dev_tools|gold|pharma|retail|workflow_software
2018-12-28,regime,-0.0028127287861559815,-0.0027108769343041294,0.2037037037037039,8,business_apps|china_internet|cloud|dev_tools|gold|pharma|retail|workflow_software
2018-12-31,regime,0.007060060409250548,0.0071850604092505484,0.24999999999999983,7,business_apps|cloud|dev_tools|gold|pharma|retail|workflow_software
2019-01-02,regime,-0.004572451168185784,-0.004572451168185784,0.0,7,business_apps|cloud|dev_tools|gold|pharma|retail|workflow_software
2019-01-03,regime,-0.030517519208910226,-0.030398471589862607,0.23809523809523808,6,cloud|dev_tools|gold|pharma|retail|workflow_software
2019-01-04,regime,0.03401328531743502,0.034156142460292166,0.2857142857142856,7,biotech|cloud|dev_tools|gold|pharma|retail|workflow_software
2019-01-07,regime,0.018219312660116005,0.018362169802973147,0.28571428571428575,7,ai_apps|biotech|cloud|dev_tools|gold|retail|workflow_software
2019-01-08,regime,0.015783745584128026,0.015926602726985168,0.28571428571428564,6,ai_apps|biotech|cloud|dev_tools|retail|workflow_software
2019-01-09,regime,0.0003375655796941041,0.0003375655796941041,0.0,6,ai_apps|biotech|cloud|dev_tools|retail|workflow_software
2019-01-10,regime,-0.005763130536230176,-0.005429797202896843,0.6666666666666667,6,ai_apps|biotech|china_internet|retail|semis|workflow_software
2019-01-11,regime,0.0013317959462370162,0.001601637216078286,0.5396825396825395,7,ai_apps|autos|biotech|consumer|retail|semis|workflow_software
2019-01-14,regime,-0.01732944780105438,-0.01695444780105438,0.7499999999999999,8,aerospace|autos|biotech|payments|regional_banks|retail|semis|workflow_software
2019-01-15,regime,0.005608134398120448,0.005936838101824151,0.6574074074074077,9,aerospace|ai_apps|autos|biotech|fintech|oil_exploration|payments|regional_banks|workflow_software
2019-01-16,regime,-0.0002742212610668434,-5.19990388446211e-05,0.44444444444444453,9,ai_apps|asset_managers|autos|china_internet|fintech|oil_exploration|payments|regional_banks|workflow_software
2019-01-17,regime,0.006021176869696874,0.006132287980807985,0.22222222222222243,8,asset_managers|autos|china_internet|fintech|oil_exploration|payments|regional_banks|workflow_software
2019-01-18,regime,0.018832782088075106,0.018957782088075106,0.2499999999999995,7,asset_managers|china_internet|fintech|oil_exploration|payments|regional_banks|workflow_software
2019-01-22,regime,-0.020098967125600546,-0.019854919506552927,0.4880952380952377,8,asset_managers|fintech|medtech|mega_banks|oil_exploration|payments|regional_banks|workflow_software
2019-01-23,regime,-0.004671334367854885,-0.004435223256743773,0.4722222222222222,6,asset_managers|fintech|medtech|mega_banks|regional_banks|workflow_software
2019-01-24,regime,-0.0003861737961000939,0.00010271509278879509,0.9777777777777779,5,aerospace|fintech|mega_banks|payments|regional_banks
2019-01-25,regime,0.011558898238000409,0.011844612523714696,0.5714285714285718,7,aerospace|fintech|mega_banks|payments|regional_banks|semis|workflow_software
2019-01-28,regime,-0.008054783184019355,-0.007721449850686022,0.6666666666666664,9,aerospace|asset_managers|china_internet|cybersecurity|fintech|mega_banks|regional_banks|semis|workflow_software
2019-01-29,regime,-0.002860000051279901,-0.002526666717946568,0.6666666666666664,7,aerospace|asset_managers|china_internet|cybersecurity|defense|mega_banks|regional_banks
2019-01-30,regime,0.0008501954861523411,0.0009930526290094842,0.285714285714286,6,aerospace|china_internet|cybersecurity|defense|mega_banks|regional_banks
2019-01-31,regime,-0.0017743948007164928,-0.0014410614673831593,0.6666666666666669,5,aerospace|china_internet|cybersecurity|defense|workflow_software
2019-02-01,regime,0.007577130191060483,0.0077437968577271496,0.33333333333333354,6,aerospace|china_internet|cybersecurity|defense|dev_tools|workflow_software
2019-02-04,regime,0.016260195143054688,0.016426861809721353,0.33333333333333354,5,aerospace|cybersecurity|defense|dev_tools|workflow_software
2019-02-05,regime,0.007261465379359306,0.0074170209349148615,0.31111111111111134,6,aerospace|ai_apps|cybersecurity|defense|dev_tools|workflow_software
2019-02-06,regime,0.0081711369984355,0.0084211369984355,0.5,8,aerospace|ai_apps|cybersecurity|data_centers|defense|dev_tools|semis|workflow_software
2019-02-07,regime,-0.010235149241729639,-0.010128667760248157,0.2129629629629631,9,aerospace|ai_apps|cybersecurity|data_centers|defense|dev_tools|semis|vertical_software|workflow_software
2019-02-08,regime,0.009178631214417508,0.009289742325528618,0.22222222222222238,8,aerospace|ai_apps|cybersecurity|data_centers|defense|dev_tools|vertical_software|workflow_software
2019-02-11,regime,0.0020720954212267214,0.0021970954212267215,0.24999999999999983,7,aerospace|ai_apps|cybersecurity|defense|dev_tools|vertical_software|workflow_software
2019-02-12,regime,0.01475151261404182,0.014858655471184678,0.2142857142857142,8,aerospace|ai_apps|business_apps|cybersecurity|defense|dev_tools|vertical_software|workflow_software
2019-02-13,regime,-0.003590478503917324,-0.003590478503917324,0.0,8,aerospace|ai_apps|business_apps|cybersecurity|defense|dev_tools|vertical_software|workflow_software
2019-02-14,regime,-0.002275164181088403,-0.002164053069977292,0.22222222222222207,9,aerospace|ai_apps|business_apps|consumer|cybersecurity|defense|dev_tools|vertical_software|workflow_software
2019-02-15,regime,0.008250998926130777,0.008362110037241887,0.22222222222222232,9,aerospace|business_apps|consumer|cybersecurity|defense|dev_tools|semis|vertical_software|workflow_software
2019-02-19,regime,-0.0016633826842213154,-0.001552271573110204,0.22222222222222254,9,aerospace|consumer|cybersecurity|data_centers|defense|dev_tools|semis|vertical_software|workflow_software
2019-02-20,regime,-0.0034865266928237296,-0.0032643044706015074,0.4444444444444444,7,aerospace|cybersecurity|data_centers|defense|dev_tools|semis|vertical_software
2019-02-21,regime,-0.0021778370295518004,-0.0019337894105041816,0.48809523809523797,8,ai_infrastructure|cybersecurity|data_centers|defense|dev_tools|insurance|semis|vertical_software
2019-02-22,regime,0.014325454250941743,0.014450454250941743,0.25000000000000006,8,ai_infrastructure|business_apps|cybersecurity|data_centers|defense|dev_tools|semis|vertical_software
2019-02-25,regime,0.005482421815524152,0.005593532926635263,0.22222222222222218,9,ai_infrastructure|business_apps|cybersecurity|data_centers|defense|dev_tools|insurance|semis|vertical_software
2019-02-26,regime,-0.005483974708411813,-0.005372863597300701,0.22222222222222218,8,ai_infrastructure|business_apps|cybersecurity|data_centers|dev_tools|insurance|semis|vertical_software
2019-02-27,regime,-0.0008347771861136146,-0.0005014438527802814,0.6666666666666665,6,business_apps|cybersecurity|data_centers|dev_tools|fintech|vertical_software
2019-02-28,regime,-3.2150646776558765e-05,0.00017618268655677453,0.41666666666666663,8,business_apps|cybersecurity|data_centers|dev_tools|fintech|payments|vertical_software|workflow_software
2019-03-01,regime,0.004545411641732976,0.004545411641732976,0.0,8,business_apps|cybersecurity|data_centers|dev_tools|fintech|payments|vertical_software|workflow_software
2019-03-04,regime,-0.02134150476593547,-0.02109150476593547,0.5,8,china_internet|cloud|cybersecurity|data_centers|dev_tools|fintech|payments|vertical_software
2019-03-05,regime,0.010672127664902461,0.010922127664902461,0.4999999999999999,7,china_internet|cloud|dev_tools|fintech|payments|travel|vertical_software
2019-03-06,regime,-0.005109337374661529,-0.005109337374661529,0.0,7,china_internet|cloud|dev_tools|fintech|payments|travel|vertical_software
2019-03-07,regime,-0.011153662438388272,-0.011034614819340652,0.23809523809523803,8,china_internet|cloud|cybersecurity|dev_tools|fintech|payments|travel|vertical_software
2019-03-08,regime,0.00044229811441454103,0.00044229811441454103,0.0,8,china_internet|cloud|cybersecurity|dev_tools|fintech|payments|travel|vertical_software
2019-03-11,regime,0.023775541627967616,0.023775541627967616,0.0,8,china_internet|cloud|cybersecurity|dev_tools|fintech|payments|travel|vertical_software
2019-03-12,regime,0.005456054011468297,0.005575101630515916,0.2380952380952382,7,china_internet|cloud|cybersecurity|dev_tools|fintech|payments|vertical_software
2019-03-13,regime,-0.0028249825289515295,-0.0026999825289515294,0.2500000000000001,8,china_internet|cloud|cybersecurity|data_centers|dev_tools|fintech|payments|vertical_software
2019-03-14,regime,0.011240293661307623,0.011573626994640956,0.6666666666666666,6,cloud|cybersecurity|data_centers|dev_tools|medtech|payments
2019-03-15,regime,0.004852471719004159,0.005130249496781937,0.5555555555555557,7,ai_infrastructure|cloud|data_centers|dev_tools|medtech|mega_banks|payments
2019-03-18,regime,0.006679290225308352,0.00691738546340359,0.47619047619047583,8,ai_infrastructure|asset_managers|cloud|cybersecurity|data_centers|dev_tools|mega_banks|payments
2019-03-19,regime,0.005809254074873656,0.005920365185984767,0.22222222222222238,9,ai_infrastructure|asset_managers|business_apps|cloud|cybersecurity|data_centers|dev_tools|mega_banks|payments
2019-03-20,regime,-0.004005031312581523,-0.0037828090903593006,0.4444444444444444,7,ai_infrastructure|business_apps|cloud|cybersecurity|data_centers|dev_tools|payments
2019-03-21,regime,0.029480541384043595,0.029480541384043595,0.0,7,ai_infrastructure|business_apps|cloud|cybersecurity|data_centers|dev_tools|payments
2019-03-22,regime,-0.029600045423714427,-0.029457188280857284,0.28571428571428564,6,ai_infrastructure|cloud|cybersecurity|data_centers|dev_tools|payments
2019-03-25,regime,-0.0033403255064982746,-0.0030903255064982744,0.5,8,ai_infrastructure|cloud|cybersecurity|data_centers|dev_tools|gold|payments|restaurants
2019-03-26,regime,0.013364304271376595,0.013489304271376595,0.25,8,ai_infrastructure|cloud|cybersecurity|data_centers|dev_tools|gold|oil_exploration|restaurants
2019-03-27,regime,-0.009012111323445973,-0.009012111323445973,0.0,8,ai_infrastructure|cloud|cybersecurity|data_centers|dev_tools|gold|oil_exploration|restaurants
2019-03-28,regime,0.0031273590976005085,0.00322921094945236,0.20370370370370372,9,ai_infrastructure|cloud|consumer|cybersecurity|data_centers|dev_tools|gold|oil_exploration|restaurants
2019-03-29,regime,0.005195769784900337,0.005417992007122559,0.4444444444444444,7,ai_infrastructure|cloud|consumer|cybersecurity|data_centers|dev_tools|restaurants
2019-04-01,regime,0.005175286826953214,0.005175286826953214,0.0,7,ai_infrastructure|cloud|consumer|cybersecurity|data_centers|dev_tools|restaurants
2019-04-02,regime,-0.0006566663963699759,-0.0005316663963699758,0.2500000000000001,8,ai_infrastructure|cloud|consumer|cybersecurity|data_centers|dev_tools|fintech|restaurants
2019-04-03,regime,0.0036834721799388044,0.0037945832910499153,0.22222222222222204,9,ai_infrastructure|cloud|consumer|cybersecurity|data_centers|dev_tools|fintech|restaurants|semis
2019-04-04,regime,-0.016333541473592315,-0.01588909702914787,0.888888888888889,7,ai_infrastructure|asset_managers|consumer|data_centers|restaurants|robotics|semis
2019-04-05,regime,0.006904523862494045,0.006904523862494045,0.0,7,ai_infrastructure|asset_managers|consumer|data_centers|restaurants|robotics|semis
2019-04-08,regime,0.0013802064069940632,0.001665920692708349,0.5714285714285717,5,ai_infrastructure|asset_managers|data_centers|robotics|semis
2019-04-09,regime,-0.013785104202295277,-0.01349938991658099,0.5714285714285717,7,ai_infrastructure|asset_managers|data_centers|robotics|semis|travel|uranium
2019-04-10,regime,0.007494734903100036,0.007738782522147655,0.48809523809523775,8,ai_infrastructure|autos|data_centers|dev_tools|robotics|semis|travel|uranium
2019-04-11,regime,-0.0019812067357779426,-0.0018562067357779427,0.25,8,ai_infrastructure|autos|data_centers|dev_tools|robotics|semis|travel|vertical_software
2019-04-12,regime,0.010493333226663421,0.010604444337774532,0.22222222222222238,9,ai_infrastructure|autos|cybersecurity|data_centers|dev_tools|robotics|semis|travel|vertical_software
2019-04-15,regime,-0.0014859872135426582,-0.0014859872135426582,0.0,9,ai_infrastructure|autos|cybersecurity|data_centers|dev_tools|robotics|semis|travel|vertical_software
2019-04-16,regime,0.0039115147378709055,0.004022625848982017,0.2222222222222222,9,ai_infrastructure|asset_managers|autos|cybersecurity|data_centers|robotics|semis|travel|vertical_software
2019-04-17,regime,-0.0023435533529286515,-0.0021213311307064294,0.4444444444444446,8,ai_infrastructure|asset_managers|autos|data_centers|mega_banks|robotics|semis|travel
2019-04-18,regime,-0.0025711142066843573,-0.002460003095573246,0.22222222222222238,9,ai_infrastructure|asset_managers|autos|consumer_staples|data_centers|mega_banks|robotics|semis|travel
2019-04-22,regime,-0.0023739786745343877,-0.0021517564523121655,0.44444444444444453,9,ai_infrastructure|asset_managers|consumer_staples|mega_banks|regional_banks|robotics|semis|travel|vertical_software
2019-04-23,regime,0.006724173594289087,0.006946395816511308,0.44444444444444403,7,ai_infrastructure|asset_managers|mega_banks|regional_banks|semis|travel|vertical_software
2019-04-24,regime,0.003688745597234543,0.0038236662321551778,0.26984126984127005,6,ai_infrastructure|asset_managers|regional_banks|semis|travel|vertical_software
2019-04-25,regime,-0.008689228339249648,-0.008546371196392505,0.285714285714286,7,ai_infrastructure|asset_managers|business_apps|regional_banks|semis|travel|vertical_software
2019-04-26,regime,0.004582793247302069,0.004805015469524291,0.44444444444444414,9,ai_infrastructure|asset_managers|business_apps|consumer_internet|mega_banks|regional_banks|semis|travel|vertical_software
2019-04-29,regime,0.0027248442488470364,0.0030581775821803695,0.6666666666666664,7,asset_managers|business_apps|consumer_internet|mega_banks|regional_banks|semis|workflow_software
2019-04-30,regime,-0.0005535944431203348,-0.000410737300263192,0.2857142857142856,7,asset_managers|business_apps|mega_banks|payments|regional_banks|semis|workflow_software
2019-05-01,regime,-0.012627107271671933,-0.012484250128814791,0.2857142857142856,7,asset_managers|business_apps|payments|regional_banks|semis|vertical_software|workflow_software
2019-05-02,regime,0.000436169149608777,0.0005790262924659198,0.2857142857142856,7,asset_managers|defense|payments|regional_banks|semis|vertical_software|workflow_software
2019-05-03,regime,0.011076145237720726,0.011219002380577868,0.2857142857142856,7,asset_managers|cloud|defense|payments|regional_banks|vertical_software|workflow_software
2019-05-06,regime,-0.0037289616394456378,-0.0034849140203980188,0.48809523809523775,8,ai_apps|cloud|defense|medtech|payments|regional_banks|vertical_software|workflow_software
2019-05-07,regime,-0.018616104055889475,-0.018416104055889476,0.4000000000000002,10,ai_apps|cloud|defense|insurance|medtech|payments|regional_banks|restaurants|vertical_software|workflow_software
2019-05-08,regime,0.0021785513739845685,0.0022785513739845683,0.19999999999999996,9,ai_apps|cloud|defense|insurance|payments|regional_banks|restaurants|vertical_software|workflow_software
2019-05-09,regime,0.0018279505189854731,0.0019390616300965842,0.2222222222222222,9,aerospace|cloud|defense|insurance|payments|regional_banks|restaurants|vertical_software|workflow_software
2019-05-10,regime,0.009364162039199299,0.00947527315031041,0.22222222222222238,8,aerospace|cloud|defense|insurance|payments|restaurants|vertical_software|workflow_software
2019-05-13,regime,-0.026503127911360048,-0.026392016800248937,0.22222222222222238,9,aerospace|cloud|consumer_staples|defense|insurance|payments|restaurants|vertical_software|workflow_software
2019-05-14,regime,0.012825105080606927,0.012825105080606927,0.0,9,aerospace|cloud|consumer_staples|defense|insurance|payments|restaurants|vertical_software|workflow_software
2019-05-15,regime,0.010571124927577212,0.010667421223873508,0.19259259259259257,10,aerospace|cloud|consumer_staples|defense|dev_tools|insurance|payments|restaurants|vertical_software|workflow_software
2019-05-16,regime,0.01683289446526962,0.01693289446526962,0.19999999999999998,9,aerospace|cloud|defense|dev_tools|insurance|payments|restaurants|vertical_software|workflow_software
2019-05-17,regime,-0.002096112973374996,-0.002096112973374996,0.0,9,aerospace|cloud|defense|dev_tools|insurance|payments|restaurants|vertical_software|workflow_software
2019-05-20,regime,-0.012130233809959387,-0.012037641217366795,0.18518518518518517,10,aerospace|cloud|consumer|defense|dev_tools|insurance|payments|restaurants|vertical_software|workflow_software
2019-05-21,regime,0.010553820690502966,0.010553820690502966,0.0,10,aerospace|cloud|consumer|defense|dev_tools|insurance|payments|restaurants|vertical_software|workflow_software
2019-05-22,regime,-0.0020544299655216934,-0.0017627632988550265,0.5833333333333335,8,business_apps|cloud|defense|dev_tools|insurance|payments|vertical_software|workflow_software
2019-05-23,regime,-0.017442761003005805,-0.017210618145862947,0.464285714285714,7,cloud|defense|insurance|payments|pharma|vertical_software|workflow_software
2019-05-24,regime,0.001466332397792518,0.001601253032713153,0.26984126984127005,6,cloud|defense|insurance|payments|pharma|workflow_software
2019-05-28,regime,-0.003916576421191218,-0.0037737192783340746,0.285714285714286,7,cloud|defense|dev_tools|insurance|payments|pharma|workflow_software
2019-05-29,regime,-0.015582446670567716,-0.015463399051520096,0.23809523809523764,8,cloud|defense|dev_tools|fintech|insurance|payments|pharma|workflow_software
2019-05-30,regime,0.00718040502196867,0.00730540502196867,0.25000000000000006,8,cloud|defense|dev_tools|fintech|insurance|medtech|payments|workflow_software
2019-05-31,regime,-0.006861744901612454,-0.006750633790501343,0.22222222222222238,9,cloud|defense|dev_tools|fintech|gold|insurance|medtech|payments|workflow_software
2019-06-03,regime,-0.018586040907150974,-0.018160114981225047,0.851851851851852,6,consumer_staples|defense|gold|insurance|medtech|payments
2019-06-04,regime,0.01618497142506803,0.016319892059988662,0.26984126984127005,7,aerospace|consumer_staples|defense|gold|insurance|medtech|payments
2019-06-05,regime,0.012892063622676867,0.012892063622676867,0.0,7,aerospace|consumer_staples|defense|gold|insurance|medtech|payments
2019-06-06,regime,0.003236940143383025,0.0033559877624306437,0.23809523809523775,8,aerospace|consumer_staples|defense|gold|insurance|medtech|payments|restaurants
2019-06-07,regime,0.009909103251004543,0.010020214362115653,0.22222222222222238,9,aerospace|consumer_staples|defense|dev_tools|gold|insurance|medtech|payments|restaurants
2019-06-10,regime,-9.314064223559572e-05,-9.314064223559572e-05,0.0,9,aerospace|consumer_staples|defense|dev_tools|gold|insurance|medtech|payments|restaurants
2019-06-11,regime,-0.009394507088354922,-0.009079692273540108,0.6296296296296295,6,consumer_staples|dev_tools|gold|insurance|medtech|payments
2019-06-12,regime,0.0026310378268550928,0.0027977044935217593,0.33333333333333337,6,consumer_staples|dev_tools|gold|medtech|payments|pharma
2019-06-13,regime,-0.0011907839006188988,-0.001047926757761756,0.285714285714286,7,consumer_staples|dev_tools|gold|medtech|payments|pharma|retail
2019-06-14,regime,-0.004567232529668625,-0.004317232529668625,0.4999999999999996,8,consumer|consumer_staples|gold|medtech|payments|pharma|restaurants|retail
2019-06-17,regime,-0.0009713339697218073,-0.0007213339697218075,0.49999999999999956,7,consumer_staples|dev_tools|gold|medtech|payments|pharma|retail
2019-06-18,regime,0.006801905167835226,0.007101905167835226,0.5999999999999995,10,cloud|consumer_staples|dev_tools|gold|medtech|payments|pharma|retail|robotics|workflow_software
2019-06-19,regime,0.008153537041283975,0.008153537041283975,0.0,10,cloud|consumer_staples|dev_tools|gold|medtech|payments|pharma|retail|robotics|workflow_software
2019-06-20,regime,0.00884432016820146,0.009044320168201461,0.40000000000000013,9,aerospace|cloud|dev_tools|gold|medtech|pharma|retail|robotics|workflow_software
2019-06-21,regime,-0.007104086064579056,-0.007104086064579056,0.0,9,aerospace|cloud|dev_tools|gold|medtech|pharma|retail|robotics|workflow_software
2019-06-24,regime,-0.00370752293184853,-0.003374189598515197,0.6666666666666664,7,aerospace|defense|gold|medtech|pharma|retail|robotics
2019-06-25,regime,-0.011586242103063478,-0.011461242103063478,0.24999999999999972,8,aerospace|consumer_staples|defense|gold|medtech|pharma|retail|robotics
2019-06-26,regime,-0.005732967343417553,-0.005482967343417553,0.49999999999999994,6,aerospace|defense|gold|medtech|retail|robotics
2019-06-27,regime,-0.0006004231853430801,-0.0003147088996287943,0.5714285714285715,7,aerospace|defense|gold|medtech|robotics|semis|travel
2019-06-28,regime,0.009058401492197036,0.009201258635054178,0.2857142857142856,7,aerospace|asset_managers|gold|medtech|robotics|semis|travel
2019-07-01,regime,-0.0002580131932971281,2.770109241715746e-05,0.5714285714285712,7,asset_managers|medtech|mega_banks|robotics|semis|travel|vertical_software
2019-07-02,regime,-0.0028420574052369705,-0.0025563431195226847,0.5714285714285716,7,asset_managers|business_apps|gold|medtech|mega_banks|travel|vertical_software
2019-07-03,regime,0.004700545706146261,0.004843402849003403,0.2857142857142856,6,asset_managers|business_apps|gold|mega_banks|travel|vertical_software
2019-07-05,regime,-0.0003341080958318284,-1.1885873609606204e-05,0.6444444444444444,5,asset_managers|cybersecurity|mega_banks|travel|vertical_software
2019-07-08,regime,-0.00670509588229848,-0.006538429215631814,0.33333333333333337,6,asset_managers|cybersecurity|mega_banks|regional_banks|travel|vertical_software
2019-07-09,regime,0.008543180623137154,0.008686037765994296,0.285714285714286,7,asset_managers|cybersecurity|fintech|mega_banks|regional_banks|travel|vertical_software
2019-07-10,regime,-0.0026201474234000353,-0.0023344331376857494,0.5714285714285716,7,asset_managers|business_apps|cloud|cybersecurity|fintech|travel|vertical_software
2019-07-11,regime,0.0012628889960077973,0.0013819366150554164,0.2380952380952382,8,asset_managers|business_apps|cloud|cybersecurity|fintech|payments|travel|vertical_software
2019-07-12,regime,0.004976240685946482,0.004976240685946482,0.0,8,asset_managers|business_apps|cloud|cybersecurity|fintech|payments|travel|vertical_software
2019-07-15,regime,-0.00203860156598824,-0.0019136015659882398,0.24999999999999997,8,ai_infrastructure|business_apps|cloud|cybersecurity|fintech|payments|travel|vertical_software
2019-07-16,regime,-0.005805486230075828,-0.0056804862300758275,0.25000000000000006,8,ai_infrastructure|autos|business_apps|cloud|cybersecurity|fintech|payments|travel
2019-07-17,regime,-0.0036348008648828074,-0.0035098008648828073,0.24999999999999983,7,ai_infrastructure|autos|business_apps|cloud|cybersecurity|fintech|payments
2019-07-18,regime,0.0008317555558813199,0.0009746126987384627,0.2857142857142857,7,ai_infrastructure|autos|business_apps|cybersecurity|fintech|payments|semis
2019-07-19,regime,-0.007942626608739423,-0.0078077059738187885,0.26984126984126977,6,ai_infrastructure|autos|cybersecurity|fintech|payments|semis
2019-07-22,regime,0.010729144062804983,0.010729144062804983,0.0,6,ai_infrastructure|autos|cybersecurity|fintech|payments|semis
2019-07-23,regime,0.008492227027627634,0.008635084170484777,0.2857142857142857,7,ai_infrastructure|autos|cybersecurity|fintech|mega_banks|payments|semis
2019-07-24,regime,0.016519113844201277,0.016644113844201277,0.24999999999999983,8,ai_infrastructure|autos|cybersecurity|fintech|mega_banks|payments|regional_banks|semis
2019-07-25,regime,-0.01954977275190216,-0.01954977275190216,0.0,8,ai_infrastructure|autos|cybersecurity|fintech|mega_banks|payments|regional_banks|semis
2019-07-26,regime,0.009276248725314896,0.009382730206796377,0.21296296296296313,9,ai_infrastructure|asset_managers|autos|cybersecurity|fintech|mega_banks|payments|regional_banks|semis
2019-07-29,regime,-0.008492544645455857,-0.008381433534344746,0.22222222222222238,8,ai_infrastructure|asset_managers|autos|fintech|mega_banks|payments|regional_banks|semis
2019-07-30,regime,0.0012924092049323992,0.0014174092049323993,0.25,8,ai_infrastructure|asset_managers|autos|fintech|gold|payments|regional_banks|semis
2019-07-31,regime,-0.012941407011346925,-0.012816407011346925,0.25,8,ai_infrastructure|asset_managers|autos|fintech|mega_banks|payments|regional_banks|semis
2019-08-01,regime,-0.018310488586669418,-0.017910488586669417,0.8,10,ai_infrastructure|autos|consumer|fintech|gold|medtech|payments|regional_banks|restaurants|semis
2019-08-02,regime,-0.018403069679497314,-0.018303069679497314,0.2,10,ai_apps|autos|consumer|fintech|gold|medtech|payments|regional_banks|restaurants|semis
2019-08-05,regime,-0.029913074386001853,-0.029813074386001854,0.2,10,ai_apps|autos|consumer|fintech|gold|medtech|payments|pharma|regional_banks|restaurants
2019-08-06,regime,0.008421156735361366,0.008712823402028034,0.5833333333333336,8,ai_apps|consumer|defense|gold|medtech|payments|pharma|restaurants
2019-08-07,regime,0.004467023283472909,0.004592023283472909,0.2500000000000001,8,aerospace|consumer|defense|gold|medtech|payments|pharma|restaurants
2019-08-08,regime,0.01590794745088023,0.01590794745088023,0.0,8,aerospace|consumer|defense|gold|medtech|payments|pharma|restaurants
2019-08-09,regime,0.00036915382160351926,0.0005867464141961118,0.4351851851851852,9,aerospace|biotech|consumer|defense|gold|insurance|medtech|pharma|restaurants
2019-08-12,regime,-0.006937564218472242,-0.006937564218472242,0.0,9,aerospace|biotech|consumer|defense|gold|insurance|medtech|pharma|restaurants
2019-08-13,regime,0.00790226386004693,0.00790226386004693,0.0,9,aerospace|biotech|consumer|defense|gold|insurance|medtech|pharma|restaurants
2019-08-14,regime,-0.023812852425647842,-0.023812852425647842,0.0,9,aerospace|biotech|consumer|defense|gold|insurance|medtech|pharma|restaurants
2019-08-15,regime,0.0055283061978971485,0.00563478767937863,0.2129629629629629,8,aerospace|consumer|defense|gold|insurance|medtech|pharma|restaurants
2019-08-16,regime,0.010215071177799798,0.010340071177799798,0.2500000000000001,8,aerospace|china_internet|defense|gold|insurance|medtech|pharma|restaurants
2019-08-19,regime,0.00753566123180019,0.00778566123180019,0.5000000000000001,8,aerospace|china_internet|consumer_staples|defense|insurance|medtech|pharma|retail
2019-08-20,regime,-0.00384030701330465,-0.00371530701330465,0.24999999999999997,8,aerospace|china_internet|consumer_staples|defense|gold|medtech|pharma|retail
2019-08-21,regime,0.021288082533089298,0.0214130825330893,0.2500000000000001,7,aerospace|china_internet|consumer_staples|defense|medtech|pharma|retail
2019-08-22,regime,-0.0032769084249937384,-0.003054686202771516,0.4444444444444444,9,aerospace|china_internet|consumer_staples|data_centers|defense|medtech|pharma|retail|semis
2019-08-23,regime,-0.02556492539931247,-0.02546492539931247,0.20000000000000012,10,aerospace|china_internet|consumer_staples|data_centers|defense|gold|medtech|pharma|retail|semis
2019-08-26,regime,0.015609935643799241,0.015801602310465908,0.38333333333333347,8,aerospace|china_internet|consumer_staples|data_centers|defense|gold|medtech|retail
2019-08-27,regime,0.0042526985257042675,0.004377698525704268,0.2499999999999999,7,aerospace|china_internet|consumer_staples|defense|gold|medtech|retail
2019-08-28,regime,0.006148674612598471,0.006148674612598471,0.0,7,aerospace|china_internet|consumer_staples|defense|gold|medtech|retail
2019-08-29,regime,0.019330463074864305,0.019330463074864305,0.0,7,aerospace|china_internet|consumer_staples|defense|gold|medtech|retail
2019-08-30,regime,-0.00031640397701795584,-0.00018941985003382883,0.25396825396825395,6,aerospace|consumer_staples|defense|gold|medtech|retail
2019-09-03,regime,-0.002659523784634046,-0.002659523784634046,0.0,6,aerospace|consumer_staples|defense|gold|medtech|retail
2019-09-04,regime,0.010622871614555957,0.010622871614555957,0.0,6,aerospace|consumer_staples|defense|gold|medtech|retail
2019-09-05,regime,-0.0017716198433939349,-0.001396619843393935,0.7499999999999999,8,aerospace|asset_managers|consumer_staples|defense|medtech|regional_banks|retail|semis
2019-09-06,regime,0.002177939368189196,0.002302939368189196,0.25,8,aerospace|asset_managers|consumer_staples|medtech|regional_banks|retail|robotics|semis
2019-09-09,regime,0.005026367992248588,0.0052763679922485885,0.4999999999999999,7,asset_managers|autos|consumer_staples|regional_banks|retail|robotics|semis
2019-09-10,regime,0.004225426048620618,0.004225426048620618,0.0,7,asset_managers|autos|consumer_staples|regional_banks|retail|robotics|semis
2019-09-11,regime,0.011337718359452097,0.011337718359452097,0.0,7,asset_managers|autos|consumer_staples|regional_banks|retail|robotics|semis
2019-09-12,regime,0.002218362426885968,0.002361219569743111,0.28571428571428586,7,asset_managers|autos|nuclear|regional_banks|retail|robotics|semis
2019-09-13,regime,0.0015783043937754439,0.0017033043937754438,0.2499999999999997,8,asset_managers|autos|mega_banks|nuclear|regional_banks|retail|robotics|semis
2019-09-16,regime,-0.009832094876225913,-0.009720983765114802,0.22222222222222207,9,asset_managers|autos|mega_banks|nuclear|oil_exploration|regional_banks|retail|robotics|semis
2019-09-17,regime,-0.004259076545408305,-0.004259076545408305,0.0,9,asset_managers|autos|mega_banks|nuclear|oil_exploration|regional_banks|retail|robotics|semis
2019-09-18,regime,-0.003150827054192403,-0.0030397159430812916,0.22222222222222224,9,asset_managers|autos|data_centers|mega_banks|nuclear|oil_exploration|regional_banks|robotics|semis
2019-09-19,regime,-0.0072834319091087335,-0.007172320797997622,0.22222222222222227,9,asset_managers|data_centers|insurance|mega_banks|nuclear|oil_exploration|regional_banks|robotics|semis
2019-09-20,regime,-0.004729150770397515,-0.004618039659286404,0.22222222222222227,9,asset_managers|biotech|data_centers|insurance|mega_banks|nuclear|oil_exploration|regional_banks|robotics
2019-09-23,regime,0.0026863313257543876,0.0027974424368654984,0.22222222222222204,8,asset_managers|biotech|insurance|mega_banks|nuclear|oil_exploration|regional_banks|robotics
2019-09-24,regime,-0.015216940562489371,-0.015091940562489371,0.24999999999999997,8,asset_managers|biotech|defense|insurance|nuclear|oil_exploration|regional_banks|robotics
2019-09-25,regime,0.0018303061755379122,0.002080306175537912,0.49999999999999967,7,aerospace|asset_managers|defense|insurance|nuclear|regional_banks|robotics
2019-09-26,regime,-0.0021312793591168485,-0.002006279359116849,0.2499999999999995,8,aerospace|asset_managers|defense|insurance|nuclear|regional_banks|robotics|vertical_software
2019-09-27,regime,-0.005162339673831236,-0.005037339673831236,0.2500000000000003,8,aerospace|asset_managers|consumer_staples|insurance|nuclear|regional_banks|robotics|vertical_software
2019-09-30,regime,-0.001198277231960402,-0.000948277231960402,0.5,6,consumer_staples|insurance|nuclear|regional_banks|robotics|vertical_software
2019-10-01,regime,-0.01598643370684842,-0.015819767040181756,0.33333333333333337,6,consumer_staples|insurance|nuclear|robotics|semis|vertical_software
2019-10-02,regime,-0.016728042285536458,-0.016505820063314237,0.4444444444444444,8,consumer_staples|insurance|nuclear|pharma|robotics|semis|uranium|vertical_software
2019-10-03,regime,0.01116965975418539,0.01129465975418539,0.25,8,consumer_staples|data_centers|nuclear|pharma|robotics|semis|uranium|vertical_software
2019-10-04,regime,0.018935403996324953,0.019060403996324953,0.24999999999999978,7,consumer_staples|data_centers|nuclear|pharma|robotics|semis|uranium
2019-10-07,regime,-0.006798968167411456,-0.006673968167411456,0.24999999999999983,8,consumer_staples|data_centers|dev_tools|nuclear|pharma|robotics|semis|uranium
2019-10-08,regime,-0.016570364364856646,-0.016195364364856645,0.75,5,consumer_staples|dev_tools|nuclear|robotics|uranium
2019-10-09,regime,0.012937950265817014,0.013104616932483682,0.33333333333333337,6,business_apps|consumer_staples|dev_tools|nuclear|robotics|uranium
2019-10-10,regime,0.0013766385048615381,0.0015194956477186808,0.2857142857142856,7,business_apps|consumer_staples|dev_tools|gold|nuclear|robotics|uranium
2019-10-11,regime,-0.0006519812237565575,-0.0005091240808994147,0.2857142857142857,7,business_apps|consumer_staples|dev_tools|nuclear|robotics|uranium|vertical_software
2019-10-14,regime,-0.009344774705816605,-0.009048478409520309,0.5925925925925926,9,business_apps|dev_tools|nuclear|pharma|retail|robotics|semis|uranium|vertical_software
2019-10-15,regime,0.006495409591462491,0.006810224406277305,0.6296296296296295,6,business_apps|dev_tools|pharma|retail|robotics|semis
2019-10-16,regime,-0.018239780126913876,-0.01790644679358054,0.6666666666666666,6,autos|china_internet|pharma|retail|robotics|semis
2019-10-17,regime,0.0027010091313416423,0.002867675798008309,0.3333333333333333,6,autos|mega_banks|pharma|retail|robotics|semis
2019-10-18,regime,-0.001929294542395102,-0.001679294542395102,0.49999999999999994,8,autos|data_centers|mega_banks|pharma|regional_banks|retail|robotics|semis
2019-10-21,regime,0.012362974915924698,0.012474086027035808,0.22222222222222207,9,autos|consumer_internet|data_centers|mega_banks|pharma|regional_banks|retail|robotics|semis
2019-10-22,regime,0.0023157320534530268,0.0023157320534530268,0.0,9,autos|consumer_internet|data_centers|mega_banks|pharma|regional_banks|retail|robotics|semis
2019-10-23,regime,-0.0012261089212213705,-0.0011149978101102594,0.22222222222222227,9,biotech|consumer_internet|data_centers|mega_banks|pharma|regional_banks|retail|robotics|semis
2019-10-24,regime,0.001144976987997695,0.0012412732842939913,0.1925925925925927,10,asset_managers|biotech|consumer_internet|data_centers|mega_banks|pharma|regional_banks|retail|robotics|semis
2019-10-25,regime,0.008752054429944919,0.008852054429944918,0.20000000000000012,9,asset_managers|biotech|consumer_internet|data_centers|mega_banks|regional_banks|retail|robotics|semis
2019-10-28,regime,0.014166675084776538,0.014166675084776538,0.0,9,asset_managers|biotech|consumer_internet|data_centers|mega_banks|regional_banks|retail|robotics|semis
2019-10-29,regime,-0.006165614808925352,-0.0060545036978142406,0.22222222222222238,8,asset_managers|biotech|consumer_internet|data_centers|mega_banks|regional_banks|robotics|semis
2019-10-30,regime,-0.0002028297962833463,-7.782979628334627e-05,0.25000000000000006,8,asset_managers|biotech|data_centers|mega_banks|pharma|regional_banks|robotics|semis
2019-10-31,regime,-0.0057541341835171235,-0.0057541341835171235,0.0,8,asset_managers|biotech|data_centers|mega_banks|pharma|regional_banks|robotics|semis
2019-11-01,regime,0.01390861200775571,0.01403361200775571,0.2499999999999995,7,asset_managers|biotech|mega_banks|pharma|regional_banks|robotics|semis
2019-11-04,regime,0.014074789101348566,0.014297011323570788,0.4444444444444441,9,asset_managers|biotech|china_internet|mega_banks|oil_exploration|pharma|regional_banks|robotics|semis
2019-11-05,regime,-0.0014638804989490159,-0.0013527693878379046,0.22222222222222243,8,asset_managers|biotech|china_internet|mega_banks|oil_exploration|regional_banks|robotics|semis
2019-11-06,regime,-0.011038119120819397,-0.010913119120819397,0.25000000000000017,8,asset_managers|autos|biotech|china_internet|mega_banks|regional_banks|robotics|semis
2019-11-07,regime,0.013289540725594658,0.013289540725594658,0.0,8,asset_managers|autos|biotech|china_internet|mega_banks|regional_banks|robotics|semis
2019-11-08,regime,0.002351661515142059,0.002351661515142059,0.0,8,asset_managers|autos|biotech|china_internet|mega_banks|regional_banks|robotics|semis
2019-11-11,regime,-0.0010203197869724423,-0.0010203197869724423,0.0,8,asset_managers|autos|biotech|china_internet|mega_banks|regional_banks|robotics|semis
2019-11-12,regime,0.005123905384586993,0.005346127606809216,0.4444444444444446,9,aerospace|asset_managers|biotech|china_internet|mega_banks|regional_banks|robotics|semis|vertical_software
2019-11-13,regime,-0.004186807946294216,-0.004075696835183104,0.22222222222222227,9,aerospace|asset_managers|biotech|dev_tools|mega_banks|regional_banks|robotics|semis|vertical_software
2019-11-14,regime,0.0009148371640865117,0.0010966553459046935,0.36363636363636376,11,aerospace|asset_managers|biotech|cybersecurity|defense|dev_tools|mega_banks|regional_banks|robotics|semis|vertical_software
2019-11-15,regime,0.01525893344231477,0.01543772132110265,0.35757575757575755,10,aerospace|ai_infrastructure|asset_managers|biotech|cybersecurity|defense|dev_tools|robotics|semis|vertical_software
2019-11-18,regime,-0.003101127205470669,-0.002901127205470669,0.40000000000000013,9,aerospace|ai_infrastructure|biotech|cybersecurity|defense|dev_tools|fintech|semis|vertical_software
2019-11-19,regime,0.006602118055754406,0.006819710648346999,0.43518518518518523,8,ai_infrastructure|biotech|cybersecurity|defense|dev_tools|fintech|payments|vertical_software
2019-11-20,regime,0.007972503274020815,0.008083614385131926,0.22222222222222238,9,ai_infrastructure|biotech|cybersecurity|defense|dev_tools|fintech|payments|vertical_software|workflow_software
2019-11-21,regime,-0.007393066414162473,-0.0072819553030513615,0.22222222222222238,8,biotech|cybersecurity|defense|dev_tools|fintech|payments|vertical_software|workflow_software
2019-11-22,regime,0.0034646525990466217,0.0035896525990466214,0.24999999999999978,7,biotech|cybersecurity|dev_tools|fintech|payments|vertical_software|workflow_software
2019-11-25,regime,0.013638010525149189,0.013860232747371411,0.4444444444444444,9,asset_managers|biotech|cybersecurity|dev_tools|fintech|payments|pharma|vertical_software|workflow_software
2019-11-26,regime,0.000899371776368376,0.0009919643689609687,0.18518518518518529,10,asset_managers|biotech|cloud|cybersecurity|dev_tools|fintech|payments|pharma|vertical_software|workflow_software
2019-11-27,regime,0.00809568154428127,0.00809568154428127,0.0,10,asset_managers|biotech|cloud|cybersecurity|dev_tools|fintech|payments|pharma|vertical_software|workflow_software
2019-11-29,regime,-0.0015027787727713887,-0.0015027787727713887,0.0,10,asset_managers|biotech|cloud|cybersecurity|dev_tools|fintech|payments|pharma|vertical_software|workflow_software
2019-12-02,regime,-0.02260439257081854,-0.022508096274522243,0.1925925925925927,9,asset_managers|biotech|cloud|cybersecurity|dev_tools|fintech|payments|pharma|vertical_software
2019-12-03,regime,0.004453063027305321,0.004553063027305322,0.19999999999999996,10,asset_managers|biotech|cloud|cybersecurity|dev_tools|fintech|payments|pharma|vertical_software|workflow_software
2019-12-04,regime,-0.010586718350145257,-0.010386718350145256,0.4,9,asset_managers|biotech|cloud|cybersecurity|fintech|medtech|payments|pharma|vertical_software
2019-12-05,regime,-0.006005215264507598,-0.005782993042285375,0.4444444444444444,7,asset_managers|biotech|fintech|medtech|payments|pharma|vertical_software
2019-12-06,regime,0.0034429517642717844,0.0035858089071289273,0.2857142857142858,7,asset_managers|biotech|medtech|payments|pharma|travel|vertical_software
2019-12-09,regime,-0.006671535944817368,-0.006671535944817368,0.0,7,asset_managers|biotech|medtech|payments|pharma|travel|vertical_software
2019-12-10,regime,-0.00031723389946105917,-3.15196137467736e-05,0.5714285714285712,7,asset_managers|biotech|pharma|regional_banks|restaurants|travel|vertical_software
2019-12-11,regime,0.0017070941120966641,0.001908152313154865,0.40211640211640187,9,asset_managers|biotech|consumer|gold|pharma|regional_banks|restaurants|travel|vertical_software
2019-12-12,regime,0.011145985861010826,0.011479319194344159,0.6666666666666671,8,asset_managers|biotech|gold|mega_banks|oil_exploration|pharma|regional_banks|travel
2019-12-13,regime,-0.006077400671883261,-0.005777400671883261,0.6000000000000003,10,asset_managers|autos|biotech|mega_banks|oil_exploration|pharma|regional_banks|robotics|semis|travel
2019-12-16,regime,0.015214306814036252,0.015214306814036252,0.0,10,asset_managers|autos|biotech|mega_banks|oil_exploration|pharma|regional_banks|robotics|semis|travel
2019-12-17,regime,0.0027241942083775918,0.0028241942083775916,0.19999999999999996,9,asset_managers|autos|mega_banks|oil_exploration|pharma|regional_banks|robotics|semis|travel
2019-12-18,regime,0.0027165468188576902,0.0027165468188576902,0.0,9,asset_managers|autos|mega_banks|oil_exploration|pharma|regional_banks|robotics|semis|travel
2019-12-19,regime,0.002845995411322776,0.0029385880039153683,0.18518518518518517,10,ai_infrastructure|asset_managers|autos|mega_banks|oil_exploration|pharma|regional_banks|robotics|semis|travel
2019-12-20,regime,0.0061102649274315576,0.006301931594098224,0.3833333333333334,8,ai_infrastructure|autos|mega_banks|oil_exploration|pharma|robotics|semis|travel
2019-12-23,regime,0.013162899026656323,0.013162899026656323,0.0,8,ai_infrastructure|autos|mega_banks|oil_exploration|pharma|robotics|semis|travel
2019-12-24,regime,0.0013696352151424352,0.0013696352151424352,0.0,8,ai_infrastructure|autos|mega_banks|oil_exploration|pharma|robotics|semis|travel
2019-12-26,regime,0.003880230577384741,0.003880230577384741,0.0,8,ai_infrastructure|autos|mega_banks|oil_exploration|pharma|robotics|semis|travel
2019-12-27,regime,-0.00528825306787202,-0.00516325306787202,0.25000000000000006,8,ai_apps|ai_infrastructure|autos|mega_banks|oil_exploration|robotics|semis|travel
2019-12-30,regime,-0.012047154209656139,-0.011936043098545028,0.22222222222222218,9,ai_apps|ai_infrastructure|autos|mega_banks|oil_exploration|retail|robotics|semis|travel
2019-12-31,regime,0.004806001751268004,0.0049171128623791156,0.2222222222222222,8,ai_apps|ai_infrastructure|autos|mega_banks|oil_exploration|retail|robotics|semis
2020-01-02,regime,0.022139040167809737,0.022264040167809737,0.25000000000000006,8,ai_apps|ai_infrastructure|autos|consumer_internet|mega_banks|oil_exploration|robotics|semis
2020-01-03,regime,-0.0054432589727745955,-0.005205163734679358,0.47619047619047605,7,ai_apps|ai_infrastructure|china_internet|consumer_internet|oil_exploration|robotics|semis
2020-01-06,regime,0.0033364593331024067,0.0036221736188166926,0.5714285714285714,6,ai_apps|business_apps|china_internet|consumer_internet|oil_exploration|robotics
2020-01-07,regime,0.025557312440781334,0.025723979107448,0.33333333333333337,6,ai_apps|business_apps|china_internet|consumer_internet|gold|oil_exploration
2020-01-08,regime,0.0019692044996080125,0.002135871166274679,0.3333333333333334,6,ai_apps|business_apps|china_internet|consumer_internet|oil_exploration|workflow_software
2020-01-09,regime,0.006066213990878789,0.006209071133735931,0.2857142857142853,7,ai_apps|business_apps|china_internet|consumer_internet|dev_tools|oil_exploration|workflow_software
2020-01-10,regime,-0.011041508497387966,-0.010934365640245108,0.2142857142857143,8,ai_apps|business_apps|china_internet|cloud|consumer_internet|dev_tools|oil_exploration|workflow_software
2020-01-13,regime,0.022083977986082533,0.022190459467564014,0.212962962962963,9,ai_apps|business_apps|china_internet|cloud|consumer_internet|cybersecurity|dev_tools|oil_exploration|workflow_software
2020-01-14,regime,0.0016010645558061916,0.0016010645558061916,0.0,9,ai_apps|business_apps|china_internet|cloud|consumer_internet|cybersecurity|dev_tools|oil_exploration|workflow_software
2020-01-15,regime,0.0029511906909727827,0.0029511906909727827,0.0,9,ai_apps|business_apps|china_internet|cloud|consumer_internet|cybersecurity|dev_tools|oil_exploration|workflow_software
2020-01-16,regime,0.008242198115459287,0.008353309226570398,0.22222222222222227,9,ai_apps|business_apps|china_internet|cloud|cybersecurity|dev_tools|fintech|oil_exploration|workflow_software
2020-01-17,regime,-0.004279560843688726,-0.004086968251096133,0.3851851851851853,10,ai_apps|asset_managers|business_apps|china_internet|cloud|cybersecurity|dev_tools|fintech|payments|workflow_software
2020-01-21,regime,0.0013919263625476813,0.0014882226588439776,0.1925925925925927,9,ai_apps|asset_managers|business_apps|china_internet|cloud|cybersecurity|fintech|payments|workflow_software
2020-01-22,regime,0.006642102228011452,0.0067532133391225635,0.2222222222222222,8,ai_apps|asset_managers|business_apps|cloud|cybersecurity|fintech|payments|workflow_software
2020-01-23,regime,-8.585163254554059e-05,1.5338843644935644e-05,0.20238095238095244,7,ai_apps|asset_managers|business_apps|cloud|cybersecurity|fintech|payments
2020-01-24,regime,-0.0077614908795018735,-0.007618633736644731,0.2857142857142858,7,ai_apps|asset_managers|business_apps|cybersecurity|dev_tools|fintech|payments
2020-01-27,regime,-0.019568884813791775,-0.019426027670934633,0.2857142857142857,7,ai_apps|business_apps|cybersecurity|defense|dev_tools|fintech|payments
2020-01-28,regime,0.013847053203840835,0.013989910346697977,0.2857142857142857,6,ai_apps|business_apps|defense|dev_tools|fintech|payments
2020-01-29,regime,0.005508025115316167,0.005508025115316167,0.0,6,ai_apps|business_apps|defense|dev_tools|fintech|payments
2020-01-30,regime,0.012169932470422848,0.012169932470422848,0.0,6,ai_apps|business_apps|defense|dev_tools|fintech|payments
2020-01-31,regime,-0.01986245241620689,-0.01961245241620689,0.4999999999999999,8,ai_apps|business_apps|cloud|defense|dev_tools|fintech|payments|workflow_software
2020-02-03,regime,0.02376816141897813,0.02389316141897813,0.24999999999999983,7,ai_apps|business_apps|cloud|dev_tools|fintech|payments|workflow_software
2020-02-04,regime,0.027119665502036993,0.027119665502036993,0.0,7,ai_apps|business_apps|cloud|dev_tools|fintech|payments|workflow_software
2020-02-05,regime,-0.02916020028839597,-0.02903520028839597,0.24999999999999983,8,ai_apps|business_apps|cloud|dev_tools|fintech|insurance|payments|workflow_software
2020-02-06,regime,0.0074531213804144535,0.0074531213804144535,0.0,8,ai_apps|business_apps|cloud|dev_tools|fintech|insurance|payments|workflow_software
2020-02-07,regime,0.0034542854158843683,0.003565396526995479,0.22222222222222215,9,ai_apps|business_apps|cloud|cybersecurity|dev_tools|fintech|insurance|payments|workflow_software
2020-02-10,regime,0.015491409627547234,0.015491409627547234,0.0,9,ai_apps|business_apps|cloud|cybersecurity|dev_tools|fintech|insurance|payments|workflow_software
2020-02-11,regime,0.00674420202226897,0.006846053874120822,0.20370370370370366,8,ai_apps|business_apps|cloud|cybersecurity|dev_tools|fintech|insurance|workflow_software
2020-02-12,regime,0.005912690250014397,0.005912690250014397,0.0,8,ai_apps|business_apps|cloud|cybersecurity|dev_tools|fintech|insurance|workflow_software
2020-02-13,regime,0.004841815883118231,0.005091815883118231,0.4999999999999999,7,ai_apps|business_apps|cloud|cybersecurity|dev_tools|vertical_software|workflow_software
2020-02-14,regime,0.0023369593249181007,0.0023369593249181007,0.0,7,ai_apps|business_apps|cloud|cybersecurity|dev_tools|vertical_software|workflow_software
2020-02-18,regime,0.013176869119031676,0.013176869119031676,0.0,7,ai_apps|business_apps|cloud|cybersecurity|dev_tools|vertical_software|workflow_software
2020-02-19,regime,0.011140751991151318,0.011140751991151318,0.0,7,ai_apps|business_apps|cloud|cybersecurity|dev_tools|vertical_software|workflow_software
2020-02-20,regime,-0.012677288515603468,-0.012677288515603468,0.0,7,ai_apps|business_apps|cloud|cybersecurity|dev_tools|vertical_software|workflow_software
2020-02-21,regime,-0.01795030737165123,-0.01757530737165123,0.75,8,business_apps|cloud|consumer|cybersecurity|dev_tools|gold|restaurants|workflow_software
2020-02-24,regime,-0.01966566672838566,-0.01941566672838566,0.49999999999999983,7,cloud|consumer|cybersecurity|gold|restaurants|retail|workflow_software
2020-02-25,regime,-0.026410055578896988,-0.026410055578896988,0.0,7,cloud|consumer|cybersecurity|gold|restaurants|retail|workflow_software
2020-02-26,regime,-0.00820259216667738,-0.008001533965619178,0.40211640211640204,9,biotech|cloud|consumer|consumer_staples|cybersecurity|gold|restaurants|retail|workflow_software
2020-02-27,regime,-0.038304396896142574,-0.038207174673920354,0.19444444444444442,8,biotech|cloud|consumer|consumer_staples|cybersecurity|gold|retail|workflow_software
2020-02-28,regime,-0.018768085417974048,-0.018643085417974048,0.25000000000000006,8,biotech|business_apps|cloud|consumer|cybersecurity|gold|retail|workflow_software
2020-03-02,regime,0.041884541089343454,0.042009541089343454,0.24999999999999983,7,biotech|business_apps|cloud|cybersecurity|gold|retail|workflow_software
2020-03-03,regime,-0.015383595644203243,-0.015383595644203243,0.0,7,biotech|business_apps|cloud|cybersecurity|gold|retail|workflow_software
2020-03-04,regime,0.027899138836453116,0.028018186455500735,0.23809523809523792,8,biotech|business_apps|cloud|consumer_staples|cybersecurity|gold|retail|workflow_software
2020-03-05,regime,-0.0039041895665823355,-0.0037791895665823354,0.25000000000000006,8,biotech|business_apps|china_internet|cloud|consumer_staples|gold|retail|workflow_software
2020-03-06,regime,-0.01999337848882691,-0.01999337848882691,0.0,8,biotech|business_apps|china_internet|cloud|consumer_staples|gold|retail|workflow_software
2020-03-09,regime,-0.05591985172017259,-0.05591985172017259,0.0,8,biotech|business_apps|china_internet|cloud|consumer_staples|gold|retail|workflow_software
2020-03-10,regime,0.023090820370953384,0.023090820370953384,0.0,8,biotech|business_apps|china_internet|cloud|consumer_staples|gold|retail|workflow_software
2020-03-11,regime,-0.035846439786737294,-0.035733344548642056,0.22619047619047605,7,biotech|china_internet|cloud|consumer_staples|gold|retail|workflow_software
2020-03-12,regime,-0.07013064995518141,-0.07013064995518141,0.0,7,biotech|china_internet|cloud|consumer_staples|gold|retail|workflow_software
2020-03-13,regime,0.03699639325188264,0.03712139325188264,0.24999999999999983,8,biotech|china_internet|cloud|consumer_staples|gold|pharma|retail|workflow_software
2020-03-16,regime,-0.0385363626193743,-0.0385363626193743,0.0,8,biotech|china_internet|cloud|consumer_staples|gold|pharma|retail|workflow_software
2020-03-17,regime,0.07607238188408613,0.07607238188408613,0.0,8,biotech|china_internet|cloud|consumer_staples|gold|pharma|retail|workflow_software
2020-03-18,regime,-0.008059563582941492,-0.008059563582941492,0.0,8,biotech|china_internet|cloud|consumer_staples|gold|pharma|retail|workflow_software
2020-03-19,regime,-0.009575505431701775,-0.009575505431701775,0.0,8,biotech|china_internet|cloud|consumer_staples|gold|pharma|retail|workflow_software
2020-03-20,regime,-0.024619647611949555,-0.024494647611949555,0.25,8,biotech|china_internet|cloud|consumer_staples|cybersecurity|gold|retail|workflow_software
2020-03-23,regime,0.02335952318132787,0.02335952318132787,0.0,8,biotech|china_internet|cloud|consumer_staples|cybersecurity|gold|retail|workflow_software
2020-03-24,regime,0.03229121945482911,0.032410267073876724,0.23809523809523792,7,biotech|china_internet|cloud|cybersecurity|gold|retail|workflow_software
2020-03-25,regime,-0.02067039805763676,-0.02054539805763676,0.24999999999999983,8,ai_infrastructure|biotech|china_internet|cloud|cybersecurity|gold|retail|workflow_software
2020-03-26,regime,0.04358355532477727,0.04370855532477727,0.25,8,ai_infrastructure|biotech|cloud|cybersecurity|gold|retail|semis|workflow_software
2020-03-27,regime,-0.021447341299322645,-0.021322341299322645,0.24999999999999983,7,ai_infrastructure|cloud|cybersecurity|gold|retail|semis|workflow_software
2020-03-30,regime,0.028302517875443856,0.028445375018300998,0.2857142857142854,6,ai_infrastructure|cloud|cybersecurity|retail|semis|workflow_software
2020-03-31,regime,-0.007374059623361526,-0.007051837401139304,0.6444444444444444,5,ai_infrastructure|cloud|cybersecurity|data_centers|workflow_software
2020-04-01,regime,-0.028940322916102584,-0.028565322916102583,0.75,8,ai_infrastructure|cloud|consumer_internet|cybersecurity|data_centers|nuclear|uranium|workflow_software
2020-04-02,regime,-0.0038340624472305946,-0.0037090624472305945,0.25,8,ai_infrastructure|cloud|consumer_internet|cybersecurity|data_centers|gold|nuclear|uranium
2020-04-03,regime,0.0012122140016920342,0.001337214001692034,0.25,8,ai_infrastructure|cloud|cybersecurity|data_centers|gold|nuclear|oil_exploration|uranium
2020-04-06,regime,0.03844804873112469,0.03857304873112469,0.25,8,ai_infrastructure|cybersecurity|data_centers|gold|medtech|nuclear|oil_exploration|uranium
2020-04-07,regime,0.008788597611221558,0.009061324883948832,0.5454545454545454,11,ai_infrastructure|china_internet|cybersecurity|data_centers|gold|medtech|nuclear|oil_exploration|retail|robotics|uranium
2020-04-08,regime,0.023252107278914087,0.02352483455164136,0.5454545454545454,8,ai_infrastructure|cybersecurity|data_centers|medtech|nuclear|oil_exploration|robotics|uranium
2020-04-09,regime,-0.009962639107829595,-0.009740416885607372,0.44444444444444464,9,cybersecurity|data_centers|gold|medtech|mega_banks|nuclear|oil_exploration|robotics|uranium
2020-04-13,regime,-0.01088869418581427,-0.010555360852480936,0.6666666666666667,8,biotech|cybersecurity|gold|medtech|nuclear|oil_exploration|retail|uranium
2020-04-14,regime,0.038258100223444905,0.038383100223444905,0.25,8,ai_apps|biotech|cybersecurity|gold|medtech|nuclear|retail|uranium
2020-04-15,regime,0.0013957602785914928,0.0015207602785914927,0.24999999999999983,7,ai_apps|cybersecurity|gold|medtech|nuclear|retail|uranium
2020-04-16,regime,0.020021543965720097,0.02016440110857724,0.2857142857142857,7,ai_apps|ai_infrastructure|cybersecurity|gold|medtech|nuclear|uranium
2020-04-17,regime,0.015510790864939603,0.015635790864939603,0.2499999999999999,8,ai_apps|ai_infrastructure|consumer|cybersecurity|gold|medtech|nuclear|uranium
2020-04-20,regime,0.021300417301855955,0.021500417301855954,0.4000000000000002,10,ai_apps|ai_infrastructure|biotech|consumer|cybersecurity|dev_tools|gold|medtech|nuclear|uranium
2020-04-21,regime,-0.043246997798572676,-0.042946997798572674,0.5999999999999999,7,biotech|consumer|dev_tools|gold|medtech|nuclear|uranium
2020-04-22,regime,0.05194883314173392,0.05194883314173392,0.0,7,biotech|consumer|dev_tools|gold|medtech|nuclear|uranium
2020-04-23,regime,0.011696020486299108,0.011696020486299108,0.0,7,biotech|consumer|dev_tools|gold|medtech|nuclear|uranium
2020-04-24,regime,0.01777776414060583,0.017920621283462973,0.2857142857142854,6,biotech|dev_tools|gold|medtech|nuclear|uranium
2020-04-27,regime,0.0060971167517788975,0.0060971167517788975,0.0,6,biotech|dev_tools|gold|medtech|nuclear|uranium
2020-04-28,regime,-0.015894938114146766,-0.015752080971289623,0.2857142857142854,7,biotech|dev_tools|gold|medtech|nuclear|robotics|uranium
2020-04-29,regime,0.009833804200644166,0.009976661343501309,0.2857142857142857,7,biotech|dev_tools|gold|nuclear|regional_banks|robotics|uranium
2020-04-30,regime,-0.02873008304592676,-0.028587225903069616,0.2857142857142854,6,dev_tools|gold|nuclear|regional_banks|robotics|uranium
2020-05-01,regime,-0.002714354163411052,-0.002579433528490417,0.2698412698412696,7,dev_tools|gold|nuclear|regional_banks|robotics|uranium|workflow_software
2020-05-04,regime,0.020042079582242415,0.020042079582242415,0.0,7,dev_tools|gold|nuclear|regional_banks|robotics|uranium|workflow_software
2020-05-05,regime,0.020367158226588276,0.020510015369445418,0.2857142857142854,6,dev_tools|gold|nuclear|robotics|uranium|workflow_software
2020-05-06,regime,-0.014204351435759172,-0.014069430800838537,0.2698412698412695,7,business_apps|dev_tools|gold|nuclear|robotics|uranium|workflow_software
2020-05-07,regime,0.026149558080072934,0.026381700937215792,0.4642857142857143,8,ai_apps|business_apps|cybersecurity|dev_tools|gold|robotics|uranium|workflow_software
2020-05-08,regime,-0.0011400169966939752,-0.0010150169966939753,0.24999999999999983,7,ai_apps|business_apps|cybersecurity|dev_tools|gold|uranium|workflow_software
2020-05-11,regime,0.013705945218520537,0.013705945218520537,0.0,7,ai_apps|business_apps|cybersecurity|dev_tools|gold|uranium|workflow_software
2020-05-12,regime,-0.0029549339326329013,-0.0027644577421567108,0.38095238095238093,9,ai_apps|biotech|business_apps|cloud|cybersecurity|dev_tools|gold|uranium|workflow_software
2020-05-13,regime,-0.012809341297626528,-0.012809341297626528,0.0,9,ai_apps|biotech|business_apps|cloud|cybersecurity|dev_tools|gold|uranium|workflow_software
2020-05-14,regime,0.004231438242630297,0.004342549353741408,0.2222222222222222,9,ai_apps|biotech|business_apps|china_internet|cloud|cybersecurity|dev_tools|gold|workflow_software
2020-05-15,regime,0.03306421749530761,0.03316143971752983,0.1944444444444446,8,biotech|business_apps|china_internet|cloud|cybersecurity|dev_tools|gold|workflow_software
2020-05-18,regime,0.005243890628211363,0.005466112850433586,0.44444444444444453,9,business_apps|china_internet|cloud|consumer_internet|cybersecurity|dev_tools|fintech|gold|workflow_software
2020-05-19,regime,0.013266547964522701,0.013363770186744924,0.19444444444444442,8,business_apps|china_internet|consumer_internet|cybersecurity|dev_tools|fintech|gold|workflow_software
2020-05-20,regime,0.011052364043721355,0.011154215895573206,0.20370370370370366,9,business_apps|china_internet|consumer_internet|cybersecurity|dev_tools|fintech|gold|travel|workflow_software
2020-05-21,regime,-0.012980272722743363,-0.01275805050052114,0.4444444444444445,9,ai_infrastructure|business_apps|china_internet|consumer|consumer_internet|dev_tools|fintech|travel|workflow_software
2020-05-22,regime,0.012761474692551664,0.012954067285144257,0.3851851851851853,10,ai_infrastructure|business_apps|china_internet|cloud|consumer_internet|cybersecurity|dev_tools|fintech|travel|workflow_software
2020-05-26,regime,-0.0012618121376514785,-0.0009189549947943355,0.6857142857142857,7,business_apps|china_internet|consumer_internet|dev_tools|fintech|travel|vertical_software
2020-05-27,regime,-0.011156862591845451,-0.01078186259184545,0.75,8,asset_managers|business_apps|china_internet|data_centers|dev_tools|payments|travel|vertical_software
2020-05-28,regime,-0.011165946233256133,-0.010915946233256132,0.4999999999999997,7,asset_managers|business_apps|data_centers|dev_tools|insurance|payments|vertical_software
2020-05-29,regime,0.01647305963008236,0.016758773915796644,0.5714285714285716,6,business_apps|data_centers|dev_tools|insurance|vertical_software|workflow_software
2020-06-01,regime,0.021542538855156897,0.02168539599801404,0.285714285714286,7,business_apps|cybersecurity|data_centers|dev_tools|insurance|vertical_software|workflow_software
2020-06-02,regime,-0.0004889381549517939,-0.00034608101209465084,0.28571428571428603,7,business_apps|cloud|cybersecurity|data_centers|dev_tools|vertical_software|workflow_software
2020-06-03,regime,0.018764554600941546,0.019193126029512973,0.8571428571428573,7,asset_managers|autos|data_centers|dev_tools|fintech|vertical_software|workflow_software
2020-06-04,regime,-0.019416169524729805,-0.01870188381044409,1.4285714285714286,6,asset_managers|autos|defense|insurance|regional_banks|semis
2020-06-05,regime,0.044652917114632255,0.044902917114632256,0.5,8,asset_managers|autos|defense|insurance|mega_banks|oil_exploration|regional_banks|semis
2020-06-08,regime,0.04181172455272458,0.04193672455272458,0.2499999999999997,7,asset_managers|autos|defense|insurance|mega_banks|oil_exploration|regional_banks
2020-06-09,regime,-0.03534375994780621,-0.03534375994780621,0.0,7,asset_managers|autos|defense|insurance|mega_banks|oil_exploration|regional_banks
2020-06-10,regime,-0.054370675269120455,-0.053995675269120455,0.7499999999999996,8,ai_apps|asset_managers|autos|china_internet|defense|fintech|insurance|oil_exploration
2020-06-11,regime,-0.08355949641612506,-0.08330949641612506,0.49999999999999967,7,ai_apps|autos|china_internet|fintech|insurance|oil_exploration|workflow_software
2020-06-12,regime,0.027398642118393428,0.027648642118393428,0.49999999999999967,8,ai_apps|autos|china_internet|insurance|mega_banks|oil_exploration|regional_banks|workflow_software
2020-06-15,regime,0.03232203721944398,0.03244703721944398,0.24999999999999997,8,ai_apps|asset_managers|autos|china_internet|insurance|mega_banks|oil_exploration|regional_banks
2020-06-16,regime,0.0166319603236961,0.0167569603236961,0.2499999999999997,7,ai_apps|asset_managers|autos|insurance|mega_banks|oil_exploration|regional_banks
2020-06-17,regime,-0.012221600183649716,-0.011846600183649716,0.7499999999999996,8,ai_apps|ai_infrastructure|asset_managers|autos|business_apps|insurance|regional_banks|semis
2020-06-18,regime,0.003684953114609846,0.004059953114609846,0.7499999999999999,8,ai_apps|ai_infrastructure|asset_managers|autos|business_apps|china_internet|cloud|workflow_software
2020-06-19,regime,0.002559630893046556,0.0026846308930465563,0.24999999999999983,7,ai_apps|ai_infrastructure|asset_managers|business_apps|china_internet|cloud|workflow_software
2020-06-22,regime,0.00553724074068881,0.005680097883545953,0.2857142857142854,6,ai_apps|ai_infrastructure|business_apps|china_internet|cloud|workflow_software
2020-06-23,regime,0.006155759434615855,0.006155759434615855,0.0,6,ai_apps|ai_infrastructure|business_apps|china_internet|cloud|workflow_software
2020-06-24,regime,-0.016665631427225186,-0.016530710792304552,0.2698412698412696,7,ai_apps|ai_infrastructure|business_apps|china_internet|cloud|consumer_internet|workflow_software
2020-06-25,regime,0.021985455075080203,0.021985455075080203,0.0,7,ai_apps|ai_infrastructure|business_apps|china_internet|cloud|consumer_internet|workflow_software
2020-06-26,regime,-0.019154291233270605,-0.019011434090413462,0.2857142857142857,7,ai_apps|business_apps|china_internet|cloud|consumer_internet|dev_tools|workflow_software
2020-06-29,regime,-0.005212639882015633,-0.005212639882015633,0.0,7,ai_apps|business_apps|china_internet|cloud|consumer_internet|dev_tools|workflow_software
2020-06-30,regime,0.021054552384907867,0.021179552384907867,0.24999999999999983,8,ai_apps|business_apps|china_internet|cloud|consumer_internet|dev_tools|gold|workflow_software
2020-07-01,regime,0.015634692011900955,0.015634692011900955,0.0,8,ai_apps|business_apps|china_internet|cloud|consumer_internet|dev_tools|gold|workflow_software
2020-07-02,regime,0.017639629236028267,0.017639629236028267,0.0,8,ai_apps|business_apps|china_internet|cloud|consumer_internet|dev_tools|gold|workflow_software
2020-07-06,regime,0.016158032572292643,0.016158032572292643,0.0,8,ai_apps|business_apps|china_internet|cloud|consumer_internet|dev_tools|gold|workflow_software
2020-07-07,regime,0.01472516521545684,0.01472516521545684,0.0,8,ai_apps|business_apps|china_internet|cloud|consumer_internet|dev_tools|gold|workflow_software
2020-07-08,regime,0.03149536013683938,0.03149536013683938,0.0,8,ai_apps|business_apps|china_internet|cloud|consumer_internet|dev_tools|gold|workflow_software
2020-07-09,regime,0.011118105252128595,0.011118105252128595,0.0,8,ai_apps|business_apps|china_internet|cloud|consumer_internet|dev_tools|gold|workflow_software
2020-07-10,regime,-0.003627262466613334,-0.003502262466613334,0.24999999999999983,7,ai_apps|business_apps|china_internet|cloud|consumer_internet|dev_tools|workflow_software
2020-07-13,regime,-0.052752381750713805,-0.05246666746499952,0.5714285714285714,7,ai_apps|business_apps|china_internet|cloud|consumer_internet|robotics|semis
2020-07-14,regime,0.007260332954664407,0.0074031900975215495,0.2857142857142857,7,ai_apps|biotech|china_internet|cloud|consumer_internet|robotics|semis
2020-07-15,regime,0.007252036669480038,0.007490131907575276,0.47619047619047594,6,ai_apps|autos|biotech|china_internet|consumer_internet|robotics
2020-07-16,regime,-0.013054646992085105,-0.012911789849227962,0.2857142857142855,7,ai_apps|asset_managers|autos|biotech|china_internet|consumer_internet|robotics
2020-07-17,regime,0.007567754617554184,0.007817754617554185,0.4999999999999999,8,ai_apps|asset_managers|autos|biotech|consumer_internet|gold|robotics|uranium
2020-07-20,regime,0.023876783950238182,0.024001783950238182,0.2500000000000001,8,ai_apps|asset_managers|autos|biotech|gold|nuclear|robotics|uranium
2020-07-21,regime,-0.006952025986776339,-0.006729803764554117,0.44444444444444425,6,asset_managers|autos|gold|nuclear|robotics|uranium
2020-07-22,regime,0.012635078194750456,0.012777935337607599,0.2857142857142854,7,asset_managers|autos|consumer_staples|gold|nuclear|robotics|uranium
2020-07-23,regime,-0.011421538554125173,-0.011296538554125173,0.25,8,asset_managers|autos|consumer_staples|gold|insurance|nuclear|robotics|uranium
2020-07-24,regime,0.0016384522221250945,0.0017634522221250946,0.2500000000000001,8,autos|consumer_staples|gold|insurance|nuclear|restaurants|robotics|uranium
2020-07-27,regime,0.03335617545906285,0.03348117545906285,0.25,8,autos|consumer_staples|gold|medtech|nuclear|restaurants|robotics|uranium
2020-07-28,regime,-0.022218410573197768,-0.02209936295415015,0.23809523809523797,7,consumer_staples|gold|medtech|nuclear|restaurants|robotics|uranium
2020-07-29,regime,0.004722335076830661,0.004722335076830661,0.0,7,consumer_staples|gold|medtech|nuclear|restaurants|robotics|uranium
2020-07-30,regime,-0.011103294821884987,-0.010978294821884987,0.25,8,ai_infrastructure|consumer_staples|gold|medtech|nuclear|restaurants|robotics|uranium
2020-07-31,regime,-0.007619280784003209,-0.007258169672892098,0.7222222222222219,6,ai_infrastructure|gold|nuclear|restaurants|semis|uranium
2020-08-03,regime,0.025611103660613622,0.025777770327280288,0.3333333333333332,6,ai_infrastructure|data_centers|gold|nuclear|semis|uranium
2020-08-04,regime,0.02341004637267519,0.02341004637267519,0.0,6,ai_infrastructure|data_centers|gold|nuclear|semis|uranium
2020-08-05,regime,0.014419636688003237,0.01456249383086038,0.2857142857142855,7,ai_infrastructure|data_centers|fintech|gold|nuclear|semis|uranium
2020-08-06,regime,-0.024984631901748634,-0.024871536663653396,0.22619047619047622,8,ai_infrastructure|data_centers|fintech|gold|nuclear|payments|semis|uranium
2020-08-07,regime,-0.010214227806584542,-0.010107084949441684,0.21428571428571438,7,ai_infrastructure|data_centers|fintech|gold|payments|semis|uranium
2020-08-10,regime,-0.013752689194299617,-0.013609832051442474,0.28571428571428575,7,aerospace|ai_infrastructure|data_centers|fintech|gold|payments|semis
2020-08-11,regime,-0.014022642699620651,-0.013736928413906366,0.5714285714285715,7,aerospace|ai_infrastructure|data_centers|fintech|mega_banks|payments|travel
2020-08-12,regime,-0.0034757896162261456,-0.0031900753305118597,0.5714285714285715,7,aerospace|ai_infrastructure|data_centers|defense|fintech|payments|semis
2020-08-13,regime,-0.004509196360654189,-0.0041341963606541885,0.75,8,aerospace|ai_infrastructure|consumer|defense|fintech|payments|restaurants|robotics
2020-08-14,regime,-0.0007453402227436616,-0.0006342291116325505,0.2222222222222222,9,aerospace|ai_infrastructure|consumer|defense|fintech|mega_banks|payments|restaurants|robotics
2020-08-17,regime,0.010458248131487225,0.010680470353709448,0.44444444444444453,9,aerospace|autos|consumer|consumer_staples|defense|fintech|payments|restaurants|robotics
2020-08-18,regime,-0.0028018692627922656,-0.0025796470405700434,0.4444444444444443,7,autos|consumer|consumer_staples|fintech|payments|restaurants|robotics
2020-08-19,regime,-0.004979744983170648,-0.004836887840313505,0.2857142857142858,7,autos|consumer|consumer_staples|fintech|restaurants|retail|robotics
2020-08-20,regime,0.008487618649988218,0.008612618649988218,0.25,8,autos|consumer|consumer_staples|fintech|restaurants|retail|robotics|workflow_software
2020-08-21,regime,-0.00044782685779108666,-0.00044782685779108666,0.0,8,autos|consumer|consumer_staples|fintech|restaurants|retail|robotics|workflow_software
2020-08-24,regime,0.004003787546105035,0.004110269027586517,0.21296296296296297,9,autos|business_apps|consumer|consumer_staples|fintech|restaurants|retail|robotics|workflow_software
2020-08-25,regime,0.010384878175348007,0.0104774707679406,0.1851851851851853,10,ai_apps|autos|business_apps|consumer|consumer_staples|fintech|restaurants|retail|robotics|workflow_software
2020-08-26,regime,0.040119061955664614,0.0403042471408498,0.37037037037037035,9,ai_apps|business_apps|consumer_staples|cybersecurity|fintech|restaurants|retail|robotics|workflow_software
2020-08-27,regime,0.000310923189646144,0.0004220343007572552,0.22222222222222238,8,ai_apps|business_apps|consumer_staples|fintech|restaurants|retail|robotics|workflow_software
2020-08-28,regime,0.012051963466158593,0.012301963466158593,0.4999999999999998,7,ai_apps|business_apps|consumer|fintech|restaurants|robotics|workflow_software
2020-08-31,regime,0.0012038909621676643,0.0013288909621676642,0.24999999999999983,8,ai_apps|business_apps|consumer|fintech|restaurants|robotics|travel|workflow_software
2020-09-01,regime,0.030855915212979052,0.030855915212979052,0.0,8,ai_apps|business_apps|consumer|fintech|restaurants|robotics|travel|workflow_software
2020-09-02,regime,-0.001746557911226927,-0.001746557911226927,0.0,8,ai_apps|business_apps|consumer|fintech|restaurants|robotics|travel|workflow_software
2020-09-03,regime,-0.03567399476400862,-0.03567399476400862,0.0,8,ai_apps|business_apps|consumer|fintech|restaurants|robotics|travel|workflow_software
2020-09-04,regime,-0.01634956202689638,-0.01622456202689638,0.24999999999999983,7,ai_apps|business_apps|consumer|restaurants|robotics|travel|workflow_software
2020-09-08,regime,-0.035168199281692715,-0.035168199281692715,0.0,7,ai_apps|business_apps|consumer|restaurants|robotics|travel|workflow_software
2020-09-09,regime,0.022389173493020813,0.022532030635877956,0.2857142857142857,7,ai_apps|business_apps|consumer|medtech|restaurants|robotics|workflow_software
2020-09-10,regime,-0.009690375110393803,-0.009565375110393803,0.24999999999999983,8,ai_apps|business_apps|consumer|gold|medtech|restaurants|robotics|workflow_software
2020-09-11,regime,0.003892833548499641,0.004115055770721863,0.44444444444444464,9,ai_apps|consumer|consumer_staples|data_centers|gold|medtech|restaurants|robotics|workflow_software
2020-09-14,regime,0.024405318972456562,0.02460531897245656,0.39999999999999997,10,ai_apps|autos|consumer|consumer_staples|data_centers|gold|medtech|regional_banks|restaurants|robotics
2020-09-15,regime,0.0068439831821199455,0.007043983182119946,0.4000000000000002,8,ai_apps|autos|consumer|data_centers|medtech|regional_banks|restaurants|robotics
2020-09-16,regime,-0.004071514887328603,-0.0036965148873286027,0.7499999999999999,6,autos|consumer|data_centers|regional_banks|restaurants|travel
2020-09-17,regime,-0.008499824980996766,-0.008356967838139624,0.2857142857142857,7,aerospace|autos|consumer|data_centers|regional_banks|restaurants|travel
2020-09-18,regime,-0.012648177146048973,-0.012362462860334688,0.5714285714285714,7,aerospace|ai_infrastructure|autos|data_centers|insurance|regional_banks|restaurants
2020-09-21,regime,-0.032253669252348,-0.031759621633300386,0.9880952380952381,8,ai_apps|ai_infrastructure|autos|cloud|cybersecurity|insurance|restaurants|workflow_software
2020-09-22,regime,0.014068438697226557,0.014318438697226557,0.5,7,ai_apps|ai_infrastructure|cloud|cybersecurity|dev_tools|restaurants|workflow_software
2020-09-23,regime,-0.017065835863528753,-0.016958693006385896,0.2142857142857143,8,ai_apps|ai_infrastructure|cloud|consumer|cybersecurity|dev_tools|restaurants|workflow_software
2020-09-24,regime,-0.00823254352836511,-0.00810754352836511,0.2500000000000001,8,ai_infrastructure|cloud|consumer|cybersecurity|dev_tools|restaurants|semis|workflow_software
2020-09-25,regime,0.023530506630783748,0.023530506630783748,0.0,8,ai_infrastructure|cloud|consumer|cybersecurity|dev_tools|restaurants|semis|workflow_software
2020-09-28,regime,0.01382110746857593,0.01382110746857593,0.0,8,ai_infrastructure|cloud|consumer|cybersecurity|dev_tools|restaurants|semis|workflow_software
2020-09-29,regime,-0.004742289654431482,-0.004742289654431482,0.0,8,ai_infrastructure|cloud|consumer|cybersecurity|dev_tools|restaurants|semis|workflow_software
2020-09-30,regime,0.009153371673961295,0.009492657388247009,0.6785714285714283,7,ai_infrastructure|cloud|consumer_staples|dev_tools|medtech|restaurants|semis
2020-10-01,regime,0.016957875783124663,0.017082875783124663,0.2499999999999995,8,ai_apps|ai_infrastructure|cloud|consumer_staples|dev_tools|medtech|restaurants|semis
2020-10-02,regime,-0.012279579485990798,-0.012071246152657466,0.4166666666666669,9,ai_apps|ai_infrastructure|cloud|consumer|consumer_staples|dev_tools|restaurants|semis|workflow_software
2020-10-05,regime,0.01594281609182406,0.01594281609182406,0.0,9,ai_apps|ai_infrastructure|cloud|consumer|consumer_staples|dev_tools|restaurants|semis|workflow_software
2020-10-06,regime,-0.006944580759457561,-0.0068334696483464494,0.2222222222222224,9,ai_apps|ai_infrastructure|cloud|consumer|data_centers|dev_tools|restaurants|semis|workflow_software
2020-10-07,regime,0.01740464533321606,0.017604645333216058,0.40000000000000024,10,ai_apps|ai_infrastructure|consumer|data_centers|dev_tools|regional_banks|restaurants|robotics|semis|workflow_software
2020-10-08,regime,0.004799029169724711,0.005090695836391377,0.5833333333333336,8,ai_apps|ai_infrastructure|asset_managers|data_centers|dev_tools|regional_banks|robotics|semis
2020-10-09,regime,0.013303786090657195,0.013526008312879418,0.44444444444444475,9,ai_apps|ai_infrastructure|asset_managers|dev_tools|fintech|payments|regional_banks|robotics|semis
2020-10-12,regime,0.01321251784662064,0.013434740068842863,0.4444444444444444,9,ai_apps|ai_infrastructure|asset_managers|cloud|dev_tools|payments|retail|robotics|semis
2020-10-13,regime,0.007173626629845619,0.00728473774095673,0.2222222222222222,9,ai_apps|ai_infrastructure|asset_managers|cloud|cybersecurity|dev_tools|retail|robotics|semis
2020-10-14,regime,-0.003101208427024536,-0.003101208427024536,0.0,9,ai_apps|ai_infrastructure|asset_managers|cloud|cybersecurity|dev_tools|retail|robotics|semis
2020-10-15,regime,-0.0022153439033508215,-0.00210423279223971,0.22222222222222238,8,ai_apps|ai_infrastructure|asset_managers|cloud|cybersecurity|retail|robotics|semis
2020-10-16,regime,0.0005048918728293915,0.0006160029839405027,0.22222222222222238,9,ai_apps|ai_infrastructure|asset_managers|cloud|cybersecurity|retail|robotics|semis|workflow_software
2020-10-19,regime,-0.004247666181152403,-0.0041476661811524025,0.19999999999999996,10,ai_apps|ai_infrastructure|asset_managers|cloud|cybersecurity|data_centers|retail|robotics|semis|workflow_software
2020-10-20,regime,0.0012096908890997311,0.0013022834816923238,0.18518518518518517,9,ai_apps|ai_infrastructure|asset_managers|cloud|data_centers|retail|robotics|semis|workflow_software
2020-10-21,regime,0.004112019308518106,0.004223130419629217,0.22222222222222238,9,ai_apps|ai_infrastructure|asset_managers|cloud|consumer_internet|data_centers|retail|robotics|semis
2020-10-22,regime,0.01084884093395338,0.011171592256704704,0.6455026455026454,7,ai_apps|asset_managers|autos|consumer_internet|data_centers|retail|robotics
2020-10-23,regime,0.015120496370586309,0.015406210656300594,0.5714285714285714,7,ai_apps|asset_managers|autos|consumer_internet|insurance|regional_banks|robotics
2020-10-26,regime,-0.030200397824900638,-0.029978175602678417,0.4444444444444444,9,ai_apps|asset_managers|autos|consumer|consumer_internet|insurance|regional_banks|restaurants|robotics
2020-10-27,regime,-0.008290051552954704,-0.008190051552954705,0.19999999999999996,10,ai_apps|asset_managers|autos|china_internet|consumer|consumer_internet|insurance|regional_banks|restaurants|robotics
2020-10-28,regime,-0.022706721573316397,-0.022506721573316398,0.40000000000000013,9,ai_apps|autos|china_internet|consumer|consumer_internet|insurance|regional_banks|restaurants|retail
2020-10-29,regime,0.03404788851776911,0.03404788851776911,0.0,9,ai_apps|autos|china_internet|consumer|consumer_internet|insurance|regional_banks|restaurants|retail
2020-10-30,regime,-0.022802972712110015,-0.022580750489887794,0.4444444444444443,7,ai_apps|autos|china_internet|consumer_internet|insurance|regional_banks|retail
2020-11-02,regime,0.013273340601726372,0.013273340601726372,0.0,7,ai_apps|autos|china_internet|consumer_internet|insurance|regional_banks|retail
2020-11-03,regime,0.016318899961736785,0.016443899961736785,0.24999999999999983,8,ai_apps|autos|china_internet|consumer_internet|insurance|regional_banks|retail|robotics
2020-11-04,regime,0.00897426306720508,0.00922426306720508,0.4999999999999999,7,ai_apps|china_internet|consumer_internet|insurance|retail|robotics|travel
2020-11-05,regime,0.022216937097051203,0.022216937097051203,0.0,7,ai_apps|china_internet|consumer_internet|insurance|retail|robotics|travel
2020-11-06,regime,0.02240801329383328,0.02253301329383328,0.24999999999999983,8,ai_apps|china_internet|consumer_internet|insurance|retail|robotics|travel|vertical_software
2020-11-09,regime,0.004461898987881636,0.004586898987881636,0.25,8,ai_apps|china_internet|consumer_internet|defense|insurance|robotics|travel|vertical_software
2020-11-10,regime,-0.014838601218344741,-0.014463601218344741,0.7499999999999999,7,aerospace|defense|insurance|regional_banks|robotics|travel|vertical_software
2020-11-11,regime,-7.233874202433404e-05,-7.233874202433404e-05,0.0,7,aerospace|defense|insurance|regional_banks|robotics|travel|vertical_software
2020-11-12,regime,-0.02935940984969384,-0.02910940984969384,0.49999999999999983,8,aerospace|china_internet|defense|fintech|insurance|regional_banks|travel|vertical_software
2020-11-13,regime,0.04150604423950111,0.04163104423950111,0.24999999999999983,7,aerospace|china_internet|defense|fintech|insurance|travel|vertical_software
2020-11-16,regime,0.021404169552719732,0.021529169552719732,0.24999999999999983,8,aerospace|china_internet|defense|fintech|insurance|semis|travel|vertical_software
2020-11-17,regime,0.012023270746511267,0.012023270746511267,0.0,8,aerospace|china_internet|defense|fintech|insurance|semis|travel|vertical_software
2020-11-18,regime,-0.012952171256974891,-0.012702171256974891,0.49999999999999983,7,aerospace|defense|insurance|oil_exploration|semis|travel|vertical_software
2020-11-19,regime,0.017228743967787057,0.017228743967787057,0.0,7,aerospace|defense|insurance|oil_exploration|semis|travel|vertical_software
2020-11-20,regime,-0.008724763645252325,-0.00843904935953804,0.5714285714285712,6,aerospace|china_internet|defense|insurance|oil_exploration|vertical_software
2020-11-23,regime,0.05031905675418184,0.050541278976404064,0.4444444444444442,8,aerospace|ai_apps|autos|china_internet|defense|insurance|oil_exploration|vertical_software
2020-11-24,regime,0.039129373834618855,0.039367469072714094,0.47619047619047616,7,ai_apps|asset_managers|autos|china_internet|defense|oil_exploration|vertical_software
2020-11-25,regime,0.02740574931393151,0.027548606456788652,0.28571428571428586,7,ai_apps|asset_managers|autos|defense|oil_exploration|uranium|vertical_software
2020-11-27,regime,-0.01309295745746005,-0.01309295745746005,0.0,7,ai_apps|asset_managers|autos|defense|oil_exploration|uranium|vertical_software
2020-11-30,regime,-0.015450522074877064,-0.015325522074877064,0.24999999999999983,8,ai_apps|asset_managers|autos|defense|dev_tools|oil_exploration|uranium|vertical_software
2020-12-01,regime,-0.009604053921152595,-0.009604053921152595,0.0,8,ai_apps|asset_managers|autos|defense|dev_tools|oil_exploration|uranium|vertical_software
2020-12-02,regime,0.0005872079581558327,0.0007122079581558327,0.25000000000000006,8,ai_apps|asset_managers|autos|dev_tools|oil_exploration|semis|uranium|vertical_software
2020-12-03,regime,0.021832888042891376,0.021832888042891376,0.0,8,ai_apps|asset_managers|autos|dev_tools|oil_exploration|semis|uranium|vertical_software
2020-12-04,regime,0.04417912548429372,0.04430412548429372,0.25000000000000006,8,asset_managers|autos|dev_tools|nuclear|oil_exploration|semis|uranium|vertical_software
2020-12-07,regime,0.03413339257169469,0.03413339257169469,0.0,8,asset_managers|autos|dev_tools|nuclear|oil_exploration|semis|uranium|vertical_software
2020-12-08,regime,0.0005548056416706033,0.0006659167527817145,0.22222222222222238,9,asset_managers|autos|cybersecurity|dev_tools|nuclear|oil_exploration|semis|uranium|vertical_software
2020-12-09,regime,-0.03162314007153495,-0.03151202896042384,0.2222222222222222,9,autos|biotech|cybersecurity|dev_tools|nuclear|oil_exploration|semis|uranium|vertical_software
2020-12-10,regime,0.0457533737308152,0.0457533737308152,0.0,9,autos|biotech|cybersecurity|dev_tools|nuclear|oil_exploration|semis|uranium|vertical_software
2020-12-11,regime,-0.0007970801290647566,-0.0007970801290647566,0.0,9,autos|biotech|cybersecurity|dev_tools|nuclear|oil_exploration|semis|uranium|vertical_software
2020-12-14,regime,0.013716261525079921,0.013716261525079921,0.0,9,autos|biotech|cybersecurity|dev_tools|nuclear|oil_exploration|semis|uranium|vertical_software
2020-12-15,regime,0.0168341239080078,0.0168341239080078,0.0,9,autos|biotech|cybersecurity|dev_tools|nuclear|oil_exploration|semis|uranium|vertical_software
2020-12-16,regime,-0.006730178075491909,-0.006619066964380797,0.22222222222222238,8,autos|cybersecurity|dev_tools|nuclear|oil_exploration|semis|uranium|vertical_software
2020-12-17,regime,0.03267445449518424,0.03292445449518424,0.49999999999999994,6,cybersecurity|dev_tools|nuclear|oil_exploration|uranium|vertical_software
2020-12-18,regime,0.013400799987930612,0.01356746665459728,0.33333333333333337,5,cybersecurity|dev_tools|nuclear|uranium|vertical_software
2020-12-21,regime,0.0019076585620372859,0.0020632141175928416,0.3111111111111112,6,cloud|cybersecurity|dev_tools|nuclear|uranium|vertical_software
2020-12-22,regime,0.02690687568841379,0.027049732831270934,0.2857142857142853,7,business_apps|cloud|cybersecurity|dev_tools|nuclear|uranium|vertical_software
2020-12-23,regime,0.010382316795364978,0.010382316795364978,0.0,7,business_apps|cloud|cybersecurity|dev_tools|nuclear|uranium|vertical_software
2020-12-24,regime,-0.0008541506211411738,-0.0008541506211411738,0.0,7,business_apps|cloud|cybersecurity|dev_tools|nuclear|uranium|vertical_software
2020-12-28,regime,-0.02120185465744104,-0.0210589975145839,0.2857142857142858,7,business_apps|consumer|cybersecurity|dev_tools|nuclear|uranium|vertical_software
2020-12-29,regime,-0.026418245651458783,-0.026132531365744498,0.5714285714285714,7,asset_managers|business_apps|consumer|consumer_internet|cybersecurity|nuclear|uranium
2020-12-30,regime,0.0076266527213978905,0.007769509864255033,0.2857142857142857,7,asset_managers|business_apps|china_internet|consumer_internet|cybersecurity|nuclear|uranium
2020-12-31,regime,-0.01191055640867732,-0.011767699265820178,0.2857142857142857,7,asset_managers|china_internet|consumer_internet|cybersecurity|nuclear|robotics|uranium
2021-01-04,regime,-0.02032583546260785,-0.020182978319750706,0.2857142857142857,6,china_internet|consumer_internet|cybersecurity|nuclear|robotics|uranium
2021-01-05,regime,0.03578276428115202,0.03594943094781869,0.33333333333333337,6,china_internet|consumer_internet|gold|nuclear|robotics|uranium
2021-01-06,regime,0.005637731855999441,0.0059234461417137264,0.5714285714285714,7,china_internet|gold|mega_banks|nuclear|regional_banks|robotics|uranium
2021-01-07,regime,0.021897706407176684,0.022016754026224303,0.23809523809523797,8,asset_managers|china_internet|gold|mega_banks|nuclear|regional_banks|robotics|uranium
2021-01-08,regime,-0.0033458004323435693,-0.0029708004323435694,0.7499999999999998,7,asset_managers|china_internet|fintech|mega_banks|regional_banks|robotics|semis
2021-01-11,regime,-0.008839113814774969,-0.008714113814774969,0.24999999999999983,8,asset_managers|autos|china_internet|fintech|mega_banks|regional_banks|robotics|semis
2021-01-12,regime,0.02870440875486199,0.02870440875486199,0.0,8,asset_managers|autos|china_internet|fintech|mega_banks|regional_banks|robotics|semis
2021-01-13,regime,0.005433135163863772,0.00555218278291139,0.23809523809523775,7,asset_managers|autos|china_internet|mega_banks|regional_banks|robotics|semis
2021-01-14,regime,0.02345804879494653,0.02345804879494653,0.0,7,asset_managers|autos|china_internet|mega_banks|regional_banks|robotics|semis
2021-01-15,regime,-0.02130046292764659,-0.02117546292764659,0.2499999999999995,8,asset_managers|autos|china_internet|mega_banks|oil_exploration|regional_banks|robotics|semis
2021-01-19,regime,0.019271549161089925,0.019271549161089925,0.0,8,asset_managers|autos|china_internet|mega_banks|oil_exploration|regional_banks|robotics|semis
2021-01-20,regime,0.0005498425322404174,0.000656324013721899,0.21296296296296324,9,ai_infrastructure|asset_managers|autos|china_internet|mega_banks|oil_exploration|regional_banks|robotics|semis
2021-01-21,regime,-0.01341189913945593,-0.013089147816704606,0.6455026455026454,7,ai_infrastructure|asset_managers|autos|china_internet|consumer_internet|robotics|semis
2021-01-22,regime,0.007182422695986997,0.0073252798388441405,0.285714285714286,6,ai_infrastructure|asset_managers|autos|china_internet|consumer_internet|semis
2021-01-25,regime,0.005253295657783468,0.005419962324450135,0.33333333333333337,5,ai_infrastructure|autos|china_internet|consumer_internet|semis
2021-01-26,regime,-0.010084065523156313,-0.009798351237442028,0.5714285714285716,7,ai_apps|ai_infrastructure|autos|china_internet|consumer_internet|pharma|semis
2021-01-27,regime,-0.039110477373086684,-0.03896762023022954,0.28571428571428586,7,ai_apps|ai_infrastructure|autos|china_internet|consumer_internet|pharma|vertical_software
2021-01-28,regime,-0.005141284314852766,-0.005141284314852766,0.0,7,ai_apps|ai_infrastructure|autos|china_internet|consumer_internet|pharma|vertical_software
2021-01-29,regime,-0.017341553988076838,-0.017216553988076838,0.24999999999999983,8,ai_apps|ai_infrastructure|autos|china_internet|cloud|consumer_internet|pharma|vertical_software
2021-02-01,regime,0.017650122025494583,0.017761233136605693,0.2222222222222222,9,ai_apps|ai_infrastructure|autos|china_internet|cloud|consumer_internet|fintech|pharma|vertical_software
2021-02-02,regime,0.016827420058334607,0.01703906026997482,0.4232804232804229,7,ai_apps|ai_infrastructure|autos|china_internet|cloud|consumer_internet|fintech
2021-02-03,regime,0.00754930545983775,0.007692162602694894,0.285714285714286,6,ai_apps|autos|china_internet|cloud|consumer_internet|fintech
2021-02-04,regime,0.0141938673993265,0.014336724542183642,0.285714285714286,7,ai_apps|autos|business_apps|china_internet|cloud|consumer_internet|fintech
2021-02-05,regime,0.00989601388383427,0.010009109121929509,0.2261904761904759,8,ai_apps|autos|business_apps|china_internet|cloud|consumer_internet|fintech|workflow_software
2021-02-08,regime,0.012227242575447076,0.012352242575447077,0.2500000000000001,8,ai_apps|autos|china_internet|cloud|consumer_internet|fintech|oil_exploration|workflow_software
2021-02-09,regime,0.01451347432441414,0.01462458543552525,0.22222222222222207,9,ai_apps|autos|china_internet|cloud|consumer_internet|dev_tools|fintech|oil_exploration|workflow_software
2021-02-10,regime,0.011579857536541139,0.011579857536541139,0.0,9,ai_apps|autos|china_internet|cloud|consumer_internet|dev_tools|fintech|oil_exploration|workflow_software
2021-02-11,regime,-0.007409021522487155,-0.007297910411376044,0.22222222222222207,8,ai_apps|autos|china_internet|consumer_internet|dev_tools|fintech|oil_exploration|workflow_software
2021-02-12,regime,0.016101769809029907,0.016101769809029907,0.0,8,ai_apps|autos|china_internet|consumer_internet|dev_tools|fintech|oil_exploration|workflow_software
2021-02-16,regime,0.02318419767413958,0.02330919767413958,0.2499999999999997,7,ai_apps|autos|china_internet|consumer_internet|fintech|oil_exploration|workflow_software
2021-02-17,regime,-0.008573201968807443,-0.00835097974658522,0.44444444444444414,9,ai_apps|autos|china_internet|consumer_internet|fintech|nuclear|oil_exploration|uranium|workflow_software
2021-02-18,regime,-0.048891867527351314,-0.04879186752735131,0.19999999999999996,10,ai_apps|autos|china_internet|consumer_internet|fintech|nuclear|oil_exploration|travel|uranium|workflow_software
2021-02-19,regime,0.028927434385187276,0.029027434385187276,0.2,10,ai_apps|autos|china_internet|fintech|mega_banks|nuclear|oil_exploration|travel|uranium|workflow_software
2021-02-22,regime,-0.008199204751377193,-0.007999204751377192,0.39999999999999997,9,autos|china_internet|fintech|mega_banks|nuclear|oil_exploration|regional_banks|travel|uranium
2021-02-23,regime,-0.02403327214896355,-0.02392216103785244,0.2222222222222222,9,china_internet|fintech|insurance|mega_banks|nuclear|oil_exploration|regional_banks|travel|uranium
2021-02-24,regime,0.01773379719483495,0.01784490830594606,0.22222222222222238,8,fintech|insurance|mega_banks|nuclear|oil_exploration|regional_banks|travel|uranium
2021-02-25,regime,-0.036529642585511585,-0.036529642585511585,0.0,8,fintech|insurance|mega_banks|nuclear|oil_exploration|regional_banks|travel|uranium
2021-02-26,regime,-0.020186216835383287,-0.019811216835383286,0.75,6,asset_managers|insurance|mega_banks|oil_exploration|regional_banks|travel
2021-03-01,regime,0.025769436465934284,0.025769436465934284,0.0,6,asset_managers|insurance|mega_banks|oil_exploration|regional_banks|travel
2021-03-02,regime,0.00040345337537525975,0.00040345337537525975,0.0,6,asset_managers|insurance|mega_banks|oil_exploration|regional_banks|travel
2021-03-03,regime,0.010909672465595027,0.010909672465595027,0.0,6,asset_managers|insurance|mega_banks|oil_exploration|regional_banks|travel
2021-03-04,regime,-0.0030833892953695237,-0.002940532152512381,0.285714285714286,7,aerospace|asset_managers|insurance|mega_banks|oil_exploration|regional_banks|travel
2021-03-05,regime,0.024313304202309788,0.024313304202309788,0.0,7,aerospace|asset_managers|insurance|mega_banks|oil_exploration|regional_banks|travel
2021-03-08,regime,0.010606359738046453,0.010606359738046453,0.0,7,aerospace|asset_managers|insurance|mega_banks|oil_exploration|regional_banks|travel
2021-03-09,regime,-0.015517242035396964,-0.015517242035396964,0.0,7,aerospace|asset_managers|insurance|mega_banks|oil_exploration|regional_banks|travel
2021-03-10,regime,0.01864418488345839,0.01864418488345839,0.0,7,aerospace|asset_managers|insurance|mega_banks|oil_exploration|regional_banks|travel
2021-03-11,regime,0.002391744818356054,0.002391744818356054,0.0,7,aerospace|asset_managers|insurance|mega_banks|oil_exploration|regional_banks|travel
2021-03-12,regime,0.011197743839516884,0.011197743839516884,0.0,7,aerospace|asset_managers|insurance|mega_banks|oil_exploration|regional_banks|travel
2021-03-15,regime,0.002464467628770848,0.0025894676287708477,0.2499999999999997,8,aerospace|asset_managers|insurance|mega_banks|oil_exploration|regional_banks|travel|uranium
2021-03-16,regime,-0.0073927068809511,-0.007290855029099248,0.20370370370370366,9,aerospace|asset_managers|insurance|mega_banks|nuclear|oil_exploration|regional_banks|travel|uranium
2021-03-17,regime,0.008350396903970226,0.008461508015081337,0.2222222222222222,9,aerospace|asset_managers|consumer|mega_banks|nuclear|oil_exploration|regional_banks|travel|uranium
2021-03-18,regime,-0.028417843634195184,-0.028306732523084074,0.22222222222222238,8,aerospace|asset_managers|consumer|mega_banks|nuclear|regional_banks|travel|uranium
2021-03-19,regime,-0.010737319070106369,-0.010626207958995259,0.22222222222222238,9,aerospace|asset_managers|consumer|gold|mega_banks|nuclear|regional_banks|travel|uranium
2021-03-22,regime,-0.014848842847711007,-0.014515509514377673,0.6666666666666666,7,aerospace|asset_managers|consumer|gold|nuclear|semis|uranium
2021-03-23,regime,-0.029615518655156766,-0.029403878443516555,0.42328042328042326,9,aerospace|asset_managers|consumer|consumer_staples|gold|nuclear|restaurants|semis|uranium
2021-03-24,regime,-0.009530718871276557,-0.009313126278683964,0.43518518518518534,8,aerospace|asset_managers|consumer_staples|nuclear|pharma|restaurants|semis|uranium
2021-03-25,regime,0.008976044498770024,0.009226044498770024,0.5000000000000002,8,aerospace|asset_managers|consumer|consumer_staples|insurance|pharma|restaurants|uranium
2021-03-26,regime,0.019290354545052398,0.019290354545052398,0.0,8,aerospace|asset_managers|consumer|consumer_staples|insurance|pharma|restaurants|uranium
2021-03-29,regime,-0.005728086411929064,-0.005603086411929064,0.25000000000000006,8,aerospace|asset_managers|consumer|consumer_staples|insurance|pharma|restaurants|retail
2021-03-30,regime,-0.00217019372516367,-0.0020590826140525586,0.22222222222222238,9,aerospace|asset_managers|consumer|consumer_staples|insurance|pharma|regional_banks|restaurants|retail
2021-03-31,regime,-0.008486599586208387,-0.008153266252875054,0.666666666666667,8,consumer|consumer_staples|insurance|medtech|pharma|restaurants|retail|semis
2021-04-01,regime,0.010240410035342703,0.010490410035342703,0.5000000000000002,8,ai_infrastructure|consumer|consumer_staples|data_centers|medtech|restaurants|retail|semis
2021-04-05,regime,0.013427950591760267,0.013427950591760267,0.0,8,ai_infrastructure|consumer|consumer_staples|data_centers|medtech|restaurants|retail|semis
2021-04-06,regime,-0.0011132432086166427,-0.0011132432086166427,0.0,8,ai_infrastructure|consumer|consumer_staples|data_centers|medtech|restaurants|retail|semis
2021-04-07,regime,-0.0008634753525349205,-0.0008634753525349205,0.0,8,ai_infrastructure|consumer|consumer_staples|data_centers|medtech|restaurants|retail|semis
2021-04-08,regime,0.006378575476538527,0.0065035754765385275,0.25,8,ai_apps|ai_infrastructure|consumer|consumer_staples|data_centers|restaurants|retail|semis
2021-04-09,regime,0.003125627875190204,0.0033756278751902037,0.49999999999999983,7,ai_apps|ai_infrastructure|business_apps|consumer|consumer_staples|restaurants|semis
2021-04-12,regime,-0.007338910996178029,-0.007172244329511362,0.3333333333333332,8,ai_infrastructure|business_apps|cloud|consumer|consumer_staples|restaurants|semis|workflow_software
2021-04-13,regime,0.0055908469096850565,0.005715846909685057,0.25000000000000006,8,ai_infrastructure|business_apps|cloud|consumer|cybersecurity|restaurants|semis|workflow_software
2021-04-14,regime,-0.012827712500202508,-0.012702712500202508,0.25000000000000006,8,ai_infrastructure|business_apps|cloud|consumer|cybersecurity|restaurants|vertical_software|workflow_software
2021-04-15,regime,0.01417796667611105,0.01430296667611105,0.25,7,business_apps|cloud|consumer|cybersecurity|restaurants|vertical_software|workflow_software
2021-04-16,regime,-0.006695528229370586,-0.006570528229370586,0.2500000000000001,8,business_apps|cloud|consumer|cybersecurity|medtech|restaurants|vertical_software|workflow_software
2021-04-19,regime,-0.008509889130689402,-0.008384889130689402,0.2500000000000001,8,business_apps|cloud|consumer|cybersecurity|medtech|pharma|restaurants|workflow_software
2021-04-20,regime,-0.0074455861319970024,-0.007320586131997002,0.25,8,business_apps|cloud|consumer|consumer_staples|cybersecurity|medtech|pharma|restaurants
2021-04-21,regime,0.007656228260239945,0.007956228260239945,0.6000000000000001,10,business_apps|consumer|consumer_staples|cybersecurity|data_centers|gold|insurance|medtech|pharma|restaurants
2021-04-22,regime,-0.0014066857826120424,-0.0013066857826120424,0.20000000000000015,9,business_apps|consumer|cybersecurity|data_centers|gold|insurance|medtech|pharma|restaurants
2021-04-23,regime,0.008519909472974084,0.008742131695196307,0.4444444444444443,8,asset_managers|business_apps|cybersecurity|data_centers|gold|insurance|medtech|pharma
2021-04-26,regime,0.003351979536794748,0.003601979536794748,0.49999999999999967,7,asset_managers|biotech|business_apps|cybersecurity|data_centers|medtech|pharma
2021-04-27,regime,0.003970735239580717,0.004256449525295003,0.5714285714285715,6,asset_managers|biotech|business_apps|cybersecurity|medtech|mega_banks
2021-04-28,regime,0.002920916638065386,0.0030875833047320526,0.3333333333333333,6,asset_managers|business_apps|cybersecurity|medtech|mega_banks|payments
2021-04-29,regime,0.00094519806937651,0.0011118647360431767,0.3333333333333333,6,asset_managers|cybersecurity|medtech|mega_banks|payments|regional_banks
2021-04-30,regime,-0.013335667258852945,-0.01304995297313866,0.5714285714285714,7,asset_managers|consumer|medtech|mega_banks|payments|regional_banks|restaurants
2021-05-03,regime,0.0023465841370609924,0.0024715841370609925,0.25,8,asset_managers|consumer|medtech|mega_banks|oil_exploration|payments|regional_banks|restaurants
2021-05-04,regime,-0.004645866065036471,-0.004520866065036471,0.25000000000000006,8,asset_managers|consumer|insurance|medtech|mega_banks|oil_exploration|regional_banks|restaurants
2021-05-05,regime,0.005279557687722315,0.005404557687722315,0.24999999999999983,7,asset_managers|consumer|insurance|mega_banks|oil_exploration|regional_banks|restaurants
2021-05-06,regime,0.0038257559679184057,0.0038257559679184057,0.0,7,asset_managers|consumer|insurance|mega_banks|oil_exploration|regional_banks|restaurants
2021-05-07,regime,0.012939691582637395,0.013058739201685014,0.23809523809523808,6,asset_managers|consumer|insurance|mega_banks|oil_exploration|regional_banks
2021-05-10,regime,-0.006362068747783684,-0.006195402081117018,0.33333333333333337,6,asset_managers|gold|insurance|mega_banks|oil_exploration|regional_banks
2021-05-11,regime,-0.017304482774713803,-0.01716162563185666,0.285714285714286,7,asset_managers|gold|insurance|mega_banks|oil_exploration|pharma|regional_banks
2021-05-12,regime,-0.011646089611870716,-0.011646089611870716,0.0,7,asset_managers|gold|insurance|mega_banks|oil_exploration|pharma|regional_banks
2021-05-13,regime,0.017199394158012964,0.017199394158012964,0.0,7,asset_managers|gold|insurance|mega_banks|oil_exploration|pharma|regional_banks
2021-05-14,regime,0.02193826817283757,0.02193826817283757,0.0,7,asset_managers|gold|insurance|mega_banks|oil_exploration|pharma|regional_banks
2021-05-17,regime,0.01536678819683059,0.01536678819683059,0.0,7,asset_managers|gold|insurance|mega_banks|oil_exploration|pharma|regional_banks
2021-05-18,regime,-0.013076315379705574,-0.013076315379705574,0.0,7,asset_managers|gold|insurance|mega_banks|oil_exploration|pharma|regional_banks
2021-05-19,regime,-0.011327426561208914,-0.011327426561208914,0.0,7,asset_managers|gold|insurance|mega_banks|oil_exploration|pharma|regional_banks
2021-05-20,regime,0.007537012122535858,0.007912012122535858,0.7499999999999996,8,asset_managers|cybersecurity|data_centers|dev_tools|gold|insurance|mega_banks|pharma
2021-05-21,regime,0.0032974580411550547,0.003422458041155055,0.2499999999999999,7,asset_managers|cybersecurity|data_centers|dev_tools|gold|mega_banks|pharma
2021-05-24,regime,0.007844634916678025,0.007969634916678025,0.2499999999999999,8,asset_managers|cybersecurity|data_centers|dev_tools|gold|mega_banks|pharma|vertical_software
2021-05-25,regime,-0.0034801994140393616,-0.0033551994140393615,0.25,8,asset_managers|cybersecurity|data_centers|dev_tools|gold|mega_banks|semis|vertical_software
2021-05-26,regime,0.008709645473892911,0.008802238066485503,0.18518518518518517,9,ai_infrastructure|asset_managers|cybersecurity|data_centers|dev_tools|gold|mega_banks|semis|vertical_software
2021-05-27,regime,0.005303143365445315,0.0054031433654453155,0.20000000000000012,10,ai_infrastructure|asset_managers|autos|cybersecurity|data_centers|dev_tools|gold|mega_banks|semis|vertical_software
2021-05-28,regime,0.004130523755006325,0.004130523755006325,0.0,10,ai_infrastructure|asset_managers|autos|cybersecurity|data_centers|dev_tools|gold|mega_banks|semis|vertical_software
2021-06-01,regime,0.0021263817366931467,0.002226381736693147,0.20000000000000018,10,ai_infrastructure|asset_managers|autos|china_internet|cybersecurity|data_centers|dev_tools|gold|mega_banks|semis
2021-06-02,regime,0.00014107874758150199,0.00024107874758150206,0.20000000000000012,10,ai_infrastructure|asset_managers|autos|china_internet|cybersecurity|data_centers|gold|mega_banks|oil_exploration|semis
2021-06-03,regime,-0.0021190073492111396,-0.0019190073492111395,0.4000000000000002,8,ai_infrastructure|asset_managers|autos|cybersecurity|data_centers|mega_banks|oil_exploration|semis
2021-06-04,regime,0.01284413966989654,0.01295525078100765,0.22222222222222207,9,ai_infrastructure|asset_managers|autos|cybersecurity|data_centers|defense|mega_banks|oil_exploration|semis
2021-06-07,regime,0.0007128254300824058,0.0008239365411935168,0.22222222222222207,8,ai_infrastructure|autos|cybersecurity|data_centers|defense|mega_banks|oil_exploration|semis
2021-06-08,regime,0.0026908105779247025,0.0030102550223691468,0.6388888888888887,6,ai_infrastructure|autos|data_centers|defense|nuclear|oil_exploration
2021-06-09,regime,-0.011929272390762599,-0.011762605724095931,0.3333333333333333,6,ai_infrastructure|biotech|data_centers|defense|nuclear|oil_exploration
2021-06-10,regime,0.010704438609629965,0.010847295752487107,0.285714285714286,7,ai_infrastructure|biotech|cloud|data_centers|defense|nuclear|oil_exploration
2021-06-11,regime,0.003772793699667494,0.003772793699667494,0.0,7,ai_infrastructure|biotech|cloud|data_centers|defense|nuclear|oil_exploration
2021-06-14,regime,0.006173832737317761,0.006459547023032047,0.5714285714285715,7,ai_infrastructure|biotech|business_apps|cloud|data_centers|oil_exploration|workflow_software
2021-06-15,regime,-0.007391852703732141,-0.007248995560874999,0.2857142857142857,7,ai_infrastructure|biotech|business_apps|cloud|data_centers|medtech|workflow_software
2021-06-16,regime,0.004633137065957192,0.004823613256433382,0.38095238095238093,9,ai_infrastructure|biotech|business_apps|cloud|cybersecurity|data_centers|dev_tools|medtech|workflow_software
2021-06-17,regime,0.03163410749996925,0.031740588981450726,0.2129629629629629,8,ai_infrastructure|biotech|business_apps|cloud|cybersecurity|dev_tools|medtech|workflow_software
2021-06-18,regime,0.012201677601795607,0.012201677601795607,0.0,8,ai_infrastructure|biotech|business_apps|cloud|cybersecurity|dev_tools|medtech|workflow_software
2021-06-21,regime,-0.005751859786911308,-0.005751859786911308,0.0,8,ai_infrastructure|biotech|business_apps|cloud|cybersecurity|dev_tools|medtech|workflow_software
2021-06-22,regime,0.013631871039149897,0.013631871039149897,0.0,8,ai_infrastructure|biotech|business_apps|cloud|cybersecurity|dev_tools|medtech|workflow_software
2021-06-23,regime,0.005852029095089659,0.0059710767141372785,0.23809523809523814,7,ai_infrastructure|business_apps|cloud|cybersecurity|dev_tools|medtech|workflow_software
2021-06-24,regime,0.0018766757713551932,0.0020988979935774154,0.4444444444444443,9,ai_apps|ai_infrastructure|business_apps|cloud|cybersecurity|dev_tools|medtech|oil_exploration|workflow_software
2021-06-25,regime,-0.0006093487157573356,-0.0006093487157573356,0.0,9,ai_apps|ai_infrastructure|business_apps|cloud|cybersecurity|dev_tools|medtech|oil_exploration|workflow_software
2021-06-28,regime,0.007603249223215912,0.0077143603343270235,0.22222222222222204,8,ai_apps|ai_infrastructure|business_apps|cloud|cybersecurity|dev_tools|medtech|workflow_software
2021-06-29,regime,0.0031350135778335686,0.0032600135778335687,0.2500000000000001,7,ai_apps|ai_infrastructure|business_apps|cloud|cybersecurity|dev_tools|workflow_software
2021-06-30,regime,-0.016554691668054955,-0.016429691668054955,0.2500000000000001,8,ai_apps|ai_infrastructure|biotech|business_apps|cloud|cybersecurity|dev_tools|workflow_software
2021-07-01,regime,-0.0028890978921116564,-0.0025260026540164186,0.7261904761904759,7,ai_apps|ai_infrastructure|asset_managers|biotech|business_apps|consumer|dev_tools
2021-07-02,regime,0.004930498581472087,0.0050435938195673245,0.22619047619047583,8,ai_apps|ai_infrastructure|asset_managers|biotech|business_apps|consumer|dev_tools|restaurants
2021-07-06,regime,-0.0016151768094812152,-0.0013929545872589928,0.44444444444444464,9,ai_apps|ai_infrastructure|biotech|business_apps|cloud|consumer|cybersecurity|dev_tools|restaurants
2021-07-07,regime,-0.008268056867801951,-0.00815694575669084,0.22222222222222238,8,ai_infrastructure|biotech|business_apps|cloud|consumer|cybersecurity|dev_tools|restaurants
2021-07-08,regime,-0.0029149049329092835,-0.0029149049329092835,0.0,8,ai_infrastructure|biotech|business_apps|cloud|consumer|cybersecurity|dev_tools|restaurants
2021-07-09,regime,0.006430460441304667,0.006430460441304667,0.0,8,ai_infrastructure|biotech|business_apps|cloud|consumer|cybersecurity|dev_tools|restaurants
2021-07-12,regime,-0.0011529491512339983,-0.0011529491512339983,0.0,8,ai_infrastructure|biotech|business_apps|cloud|consumer|cybersecurity|dev_tools|restaurants
2021-07-13,regime,-0.006601996548717203,-0.006379774326494981,0.44444444444444464,9,asset_managers|biotech|business_apps|cloud|consumer|cybersecurity|dev_tools|pharma|restaurants
2021-07-14,regime,-0.00841449993284404,-0.008192277710621818,0.44444444444444464,8,biotech|business_apps|cloud|consumer|consumer_staples|cybersecurity|pharma|restaurants
2021-07-15,regime,-0.0067048929776163165,-0.006579892977616316,0.25,8,biotech|business_apps|cloud|consumer|consumer_staples|payments|pharma|restaurants
2021-07-16,regime,0.001611412656653737,0.001611412656653737,0.0,8,biotech|business_apps|cloud|consumer|consumer_staples|payments|pharma|restaurants
2021-07-19,regime,-0.009232841637665678,-0.008982841637665677,0.4999999999999996,7,biotech|business_apps|cloud|consumer_staples|payments|pharma|retail
2021-07-20,regime,0.010402040630506955,0.010527040630506955,0.2499999999999997,8,biotech|business_apps|cloud|consumer_staples|cybersecurity|payments|pharma|retail
2021-07-21,regime,0.007027927220215275,0.007277927220215275,0.49999999999999967,7,biotech|business_apps|cloud|consumer_staples|payments|pharma|vertical_software
2021-07-22,regime,0.005028725214340201,0.005250947436562423,0.4444444444444442,9,biotech|business_apps|cloud|consumer|consumer_staples|payments|pharma|restaurants|vertical_software
2021-07-23,regime,0.006169857504178704,0.006269857504178704,0.19999999999999996,10,biotech|business_apps|cloud|consumer|consumer_staples|cybersecurity|payments|pharma|restaurants|vertical_software
2021-07-26,regime,-0.0029618432083647825,-0.0029618432083647825,0.0,10,biotech|business_apps|cloud|consumer|consumer_staples|cybersecurity|payments|pharma|restaurants|vertical_software
2021-07-27,regime,-0.0066169243066849645,-0.0066169243066849645,0.0,10,biotech|business_apps|cloud|consumer|consumer_staples|cybersecurity|payments|pharma|restaurants|vertical_software
2021-07-28,regime,0.0004715629122622508,0.0004715629122622508,0.0,10,biotech|business_apps|cloud|consumer|consumer_staples|cybersecurity|payments|pharma|restaurants|vertical_software
2021-07-29,regime,-0.0004409884888088237,-0.0001409884888088238,0.5999999999999999,7,business_apps|cloud|consumer|consumer_staples|cybersecurity|pharma|restaurants
2021-07-30,regime,-0.007971076555853898,-0.007721076555853898,0.4999999999999999,8,business_apps|cloud|consumer|cybersecurity|dev_tools|medtech|pharma|restaurants
2021-08-02,regime,0.001294507031192193,0.001419507031192193,0.24999999999999983,7,cloud|consumer|cybersecurity|dev_tools|medtech|pharma|restaurants
2021-08-03,regime,0.007837815394437925,0.007837815394437925,0.0,7,cloud|consumer|cybersecurity|dev_tools|medtech|pharma|restaurants
2021-08-04,regime,0.004388938928919622,0.004611161151141844,0.4444444444444443,9,ai_infrastructure|cloud|consumer|cybersecurity|dev_tools|medtech|pharma|restaurants|semis
2021-08-05,regime,0.0021272818353030103,0.0022383929464141216,0.22222222222222227,9,ai_infrastructure|asset_managers|cloud|consumer|dev_tools|medtech|pharma|restaurants|semis
2021-08-06,regime,-0.003483224016874226,-0.0032869277205779296,0.3925925925925927,10,ai_infrastructure|asset_managers|cloud|consumer|dev_tools|medtech|mega_banks|pharma|regional_banks|semis
2021-08-09,regime,-0.005174905050132255,-0.0050749050501322545,0.2,10,ai_infrastructure|asset_managers|cloud|dev_tools|insurance|medtech|mega_banks|pharma|regional_banks|semis
2021-08-10,regime,-0.0062692667279252885,-0.006169266727925288,0.19999999999999996,9,ai_infrastructure|asset_managers|cloud|dev_tools|insurance|mega_banks|pharma|regional_banks|semis
2021-08-11,regime,0.005938751933856237,0.006040603785708089,0.20370370370370397,8,asset_managers|cloud|dev_tools|insurance|mega_banks|pharma|regional_banks|semis
2021-08-12,regime,0.0003784624502725706,0.0005034624502725704,0.2499999999999995,7,asset_managers|cloud|dev_tools|insurance|mega_banks|pharma|regional_banks
2021-08-13,regime,-0.001550596520286831,-0.001550596520286831,0.0,7,asset_managers|cloud|dev_tools|insurance|mega_banks|pharma|regional_banks
2021-08-16,regime,-0.0036385074316133597,-0.0036385074316133597,0.0,7,asset_managers|cloud|dev_tools|insurance|mega_banks|pharma|regional_banks
2021-08-17,regime,-0.006942829640409074,-0.006823782021361456,0.2380952380952377,8,asset_managers|cloud|dev_tools|insurance|medtech|mega_banks|pharma|regional_banks
2021-08-18,regime,-0.010453751340922366,-0.010342640229811255,0.22222222222222238,9,asset_managers|cloud|consumer_staples|dev_tools|insurance|medtech|mega_banks|pharma|regional_banks
2021-08-19,regime,-0.001009309557192923,-0.0009130132608966267,0.1925925925925926,10,asset_managers|cloud|consumer_staples|dev_tools|insurance|medtech|mega_banks|pharma|regional_banks|vertical_software
2021-08-20,regime,0.009441804124488494,0.009541804124488493,0.2,10,asset_managers|business_apps|cloud|consumer_staples|dev_tools|insurance|medtech|pharma|regional_banks|vertical_software
2021-08-23,regime,0.0063617611485778415,0.006461761148577842,0.19999999999999998,9,asset_managers|business_apps|cloud|consumer_staples|dev_tools|insurance|medtech|pharma|vertical_software
2021-08-24,regime,0.0018172638589108346,0.0019283749700219456,0.22222222222222238,8,asset_managers|business_apps|cloud|dev_tools|insurance|medtech|pharma|vertical_software
2021-08-25,regime,-0.00013853895370014382,6.146104629985627e-05,0.4000000000000002,10,asset_managers|business_apps|cloud|cybersecurity|data_centers|dev_tools|insurance|medtech|pharma|vertical_software
2021-08-26,regime,0.0008785803764622201,0.00097858037646222,0.19999999999999996,9,asset_managers|business_apps|cloud|cybersecurity|data_centers|dev_tools|medtech|pharma|vertical_software
2021-08-27,regime,0.009946574352733035,0.010057685463844146,0.2222222222222222,9,asset_managers|business_apps|cloud|cybersecurity|data_centers|dev_tools|medtech|vertical_software|workflow_software
2021-08-30,regime,0.007828990521107379,0.007828990521107379,0.0,9,asset_managers|business_apps|cloud|cybersecurity|data_centers|dev_tools|medtech|vertical_software|workflow_software
2021-08-31,regime,-0.00677365175349438,-0.006662540642383269,0.2222222222222222,9,asset_managers|business_apps|cloud|cybersecurity|data_centers|dev_tools|uranium|vertical_software|workflow_software
2021-09-01,regime,0.0009544749220707463,0.0009544749220707463,0.0,9,asset_managers|business_apps|cloud|cybersecurity|data_centers|dev_tools|uranium|vertical_software|workflow_software
2021-09-02,regime,0.014202103278241172,0.014419695870833764,0.43518518518518534,8,asset_managers|cloud|cybersecurity|data_centers|dev_tools|nuclear|uranium|vertical_software
2021-09-03,regime,0.010668437429693745,0.010793437429693745,0.24999999999999983,7,cloud|cybersecurity|data_centers|dev_tools|nuclear|uranium|vertical_software
2021-09-07,regime,0.008895444231362059,0.009030364866282694,0.2698412698412696,6,cloud|cybersecurity|data_centers|dev_tools|nuclear|uranium
2021-09-08,regime,-0.013177890088709019,-0.013177890088709019,0.0,6,cloud|cybersecurity|data_centers|dev_tools|nuclear|uranium
2021-09-09,regime,-0.00876018515273027,-0.008617328009873127,0.2857142857142854,7,cloud|cybersecurity|data_centers|dev_tools|medtech|nuclear|uranium
2021-09-10,regime,0.022347890945664407,0.02249074808852155,0.2857142857142857,7,ai_apps|cloud|cybersecurity|dev_tools|medtech|nuclear|uranium
2021-09-13,regime,-0.0024832617075873894,-0.0023404045647302464,0.2857142857142857,7,ai_apps|cloud|dev_tools|medtech|nuclear|semis|uranium
2021-09-14,regime,-0.0035403425980672686,-0.0034153425980672685,0.24999999999999983,8,ai_apps|cloud|dev_tools|medtech|nuclear|semis|travel|uranium
2021-09-15,regime,0.0217211017631183,0.02183221287422941,0.22222222222222238,9,ai_apps|autos|cloud|dev_tools|medtech|nuclear|semis|travel|uranium
2021-09-16,regime,0.0013086733863642427,0.0014197844974753538,0.22222222222222238,8,ai_apps|autos|cloud|dev_tools|nuclear|semis|travel|uranium
2021-09-17,regime,-0.014561815107091404,-0.014561815107091404,0.0,8,ai_apps|autos|cloud|dev_tools|nuclear|semis|travel|uranium
2021-09-20,regime,-0.04633369533543804,-0.04633369533543804,0.0,8,ai_apps|autos|cloud|dev_tools|nuclear|semis|travel|uranium
2021-09-21,regime,0.011075492208485206,0.011075492208485206,0.0,8,ai_apps|autos|cloud|dev_tools|nuclear|semis|travel|uranium
2021-09-22,regime,0.009032227489314348,0.009032227489314348,0.0,8,ai_apps|autos|cloud|dev_tools|nuclear|semis|travel|uranium
2021-09-23,regime,0.018196396645732273,0.018196396645732273,0.0,8,ai_apps|autos|cloud|dev_tools|nuclear|semis|travel|uranium
2021-09-24,regime,-0.009823428734851066,-0.009698428734851066,0.25000000000000017,8,ai_apps|autos|cloud|dev_tools|oil_exploration|semis|travel|uranium
2021-09-27,regime,0.010425132207307225,0.010675132207307226,0.4999999999999997,7,ai_apps|autos|dev_tools|oil_exploration|regional_banks|travel|uranium
2021-09-28,regime,-0.029368407849622902,-0.02922555070676576,0.2857142857142856,7,ai_apps|autos|defense|oil_exploration|regional_banks|travel|uranium
2021-09-29,regime,-0.008170291308658133,-0.008027434165800991,0.285714285714286,6,ai_apps|autos|defense|oil_exploration|regional_banks|travel
2021-09-30,regime,-0.008580567445329368,-0.008580567445329368,0.0,6,ai_apps|autos|defense|oil_exploration|regional_banks|travel
2021-10-01,regime,0.017608631212145853,0.017775297878812518,0.3333333333333336,5,autos|defense|oil_exploration|regional_banks|travel
2021-10-04,regime,0.002430453823419268,0.002597120490085935,0.3333333333333336,6,autos|defense|mega_banks|oil_exploration|regional_banks|travel
2021-10-05,regime,0.0091686685563355,0.0091686685563355,0.0,6,autos|defense|mega_banks|oil_exploration|regional_banks|travel
2021-10-06,regime,-0.003678602342242647,-0.003678602342242647,0.0,6,autos|defense|mega_banks|oil_exploration|regional_banks|travel
2021-10-07,regime,0.00894902888844187,0.00894902888844187,0.0,6,autos|defense|mega_banks|oil_exploration|regional_banks|travel
2021-10-08,regime,0.009460872152625642,0.009603729295482784,0.285714285714286,7,autos|defense|gold|mega_banks|oil_exploration|regional_banks|travel
2021-10-11,regime,-0.009976832004956098,-0.009833974862098955,0.2857142857142856,7,autos|consumer_internet|defense|gold|oil_exploration|regional_banks|travel
2021-10-12,regime,-0.0012961994740556925,-0.0010461994740556927,0.49999999999999967,8,consumer_internet|cybersecurity|defense|gold|oil_exploration|regional_banks|travel|uranium
2021-10-13,regime,0.011672676863447723,0.011922676863447723,0.4999999999999997,7,china_internet|consumer_internet|cybersecurity|gold|oil_exploration|travel|uranium
2021-10-14,regime,0.009779846198397212,0.009914766833317847,0.26984126984127005,6,consumer_internet|cybersecurity|gold|oil_exploration|travel|uranium
2021-10-15,regime,0.002576552581382529,0.0028265525813825293,0.5,8,asset_managers|consumer_internet|cybersecurity|gold|oil_exploration|payments|travel|uranium
2021-10-18,regime,0.01101456007232527,0.01126456007232527,0.4999999999999997,7,asset_managers|consumer_internet|cybersecurity|fintech|oil_exploration|payments|uranium
2021-10-19,regime,0.0069222073433429345,0.007047207343342935,0.2499999999999995,8,asset_managers|business_apps|consumer_internet|cybersecurity|fintech|oil_exploration|payments|uranium
2021-10-20,regime,0.002419957583620129,0.0026421798058423513,0.4444444444444447,9,asset_managers|business_apps|china_internet|consumer_internet|cybersecurity|oil_exploration|payments|regional_banks|uranium
2021-10-21,regime,-0.0030309042685133917,-0.0028086820462911695,0.44444444444444464,8,asset_managers|business_apps|china_internet|cloud|cybersecurity|oil_exploration|regional_banks|uranium
2021-10-22,regime,0.0013615967137831646,0.0014865967137831645,0.25,8,asset_managers|business_apps|cloud|cybersecurity|dev_tools|oil_exploration|regional_banks|uranium
2021-10-25,regime,0.010381432795306804,0.010506432795306804,0.25,8,asset_managers|business_apps|cloud|cybersecurity|dev_tools|gold|oil_exploration|uranium
2021-10-26,regime,0.0016596734694481886,0.0017846734694481887,0.25,8,asset_managers|business_apps|cloud|cybersecurity|dev_tools|oil_exploration|uranium|vertical_software
2021-10-27,regime,-0.02298722696045819,-0.02286222696045819,0.25,8,ai_infrastructure|asset_managers|business_apps|cloud|cybersecurity|dev_tools|oil_exploration|vertical_software
2021-10-28,regime,0.01424527822799373,0.01436432584704135,0.2380952380952377,7,ai_infrastructure|asset_managers|business_apps|cloud|dev_tools|oil_exploration|vertical_software
2021-10-29,regime,0.014596718377160374,0.014739575520017516,0.285714285714286,6,ai_infrastructure|asset_managers|business_apps|cloud|dev_tools|vertical_software
2021-11-01,regime,-0.003119571247770795,-0.0028695712477707948,0.5,8,ai_infrastructure|asset_managers|autos|business_apps|cloud|dev_tools|semis|vertical_software
2021-11-02,regime,0.0048785082426010895,0.004997555861648708,0.2380952380952377,7,ai_infrastructure|asset_managers|autos|business_apps|cloud|dev_tools|semis
2021-11-03,regime,0.00885096973586298,0.00897596973586298,0.2499999999999995,8,ai_infrastructure|asset_managers|autos|business_apps|cloud|data_centers|dev_tools|semis
2021-11-04,regime,0.02179257480808352,0.02179257480808352,0.0,8,ai_infrastructure|asset_managers|autos|business_apps|cloud|data_centers|dev_tools|semis
2021-11-05,regime,0.005906074249259848,0.006031074249259848,0.2499999999999995,7,ai_infrastructure|autos|business_apps|cloud|data_centers|dev_tools|semis
2021-11-08,regime,0.013795036478161932,0.013920036478161932,0.2499999999999995,8,ai_infrastructure|autos|business_apps|cloud|data_centers|dev_tools|semis|uranium
2021-11-09,regime,-0.00213336306283581,-0.00213336306283581,0.0,8,ai_infrastructure|autos|business_apps|cloud|data_centers|dev_tools|semis|uranium
2021-11-10,regime,-0.03095153266257146,-0.03082653266257146,0.25000000000000006,8,ai_infrastructure|autos|cloud|data_centers|dev_tools|pharma|semis|uranium
2021-11-11,regime,0.016892415973208615,0.017017415973208615,0.2499999999999995,7,ai_infrastructure|autos|data_centers|dev_tools|pharma|semis|uranium
2021-11-12,regime,0.0012904557660343814,0.0014035510041296192,0.2261904761904759,8,ai_infrastructure|autos|data_centers|dev_tools|nuclear|pharma|semis|uranium
2021-11-15,regime,-0.016838695098959067,-0.016713695098959067,0.24999999999999983,7,ai_infrastructure|autos|data_centers|dev_tools|nuclear|semis|uranium
2021-11-16,regime,0.014041048370862974,0.014041048370862974,0.0,7,ai_infrastructure|autos|data_centers|dev_tools|nuclear|semis|uranium
2021-11-17,regime,-0.012640159369665959,-0.012354445083951674,0.5714285714285714,6,ai_infrastructure|autos|cloud|data_centers|dev_tools|semis
2021-11-18,regime,0.0007477557844407321,0.0007477557844407321,0.0,6,ai_infrastructure|autos|cloud|data_centers|dev_tools|semis
2021-11-19,regime,0.009274045789061595,0.009416902931918738,0.285714285714286,7,ai_infrastructure|autos|cloud|data_centers|dev_tools|retail|semis
2021-11-22,regime,-0.02951116494300507,-0.02938616494300507,0.2499999999999995,8,ai_infrastructure|autos|cloud|consumer_staples|data_centers|dev_tools|retail|semis
2021-11-23,regime,-0.0029112929079798447,-0.002661292907979845,0.4999999999999999,6,ai_infrastructure|autos|consumer_staples|data_centers|retail|semis
2021-11-24,regime,0.015549028541106413,0.015549028541106413,0.0,6,ai_infrastructure|autos|consumer_staples|data_centers|retail|semis
2021-11-26,regime,-0.02214091449299062,-0.02214091449299062,0.0,6,ai_infrastructure|autos|consumer_staples|data_centers|retail|semis
2021-11-29,regime,0.026834589000442895,0.026834589000442895,0.0,6,ai_infrastructure|autos|consumer_staples|data_centers|retail|semis
2021-11-30,regime,-0.021269923368282,-0.021269923368282,0.0,6,ai_infrastructure|autos|consumer_staples|data_centers|retail|semis
2021-12-01,regime,-0.012144264397195167,-0.012144264397195167,0.0,6,ai_infrastructure|autos|consumer_staples|data_centers|retail|semis
2021-12-02,regime,0.008334466697876852,0.008334466697876852,0.0,6,ai_infrastructure|autos|consumer_staples|data_centers|retail|semis
2021-12-03,regime,-0.011303608951207005,-0.011160751808349863,0.285714285714286,7,ai_infrastructure|autos|consumer_staples|data_centers|pharma|retail|semis
2021-12-06,regime,-0.0069677795357655755,-0.006842779535765575,0.2499999999999995,8,ai_infrastructure|autos|consumer_staples|data_centers|oil_exploration|pharma|retail|semis
2021-12-07,regime,0.027200938909118292,0.027200938909118292,0.0,8,ai_infrastructure|autos|consumer_staples|data_centers|oil_exploration|pharma|retail|semis
2021-12-08,regime,-0.0017117660808873831,-0.001586766080887383,0.25000000000000006,8,ai_infrastructure|autos|consumer_staples|data_centers|dev_tools|oil_exploration|pharma|semis
2021-12-09,regime,-0.022749857389809808,-0.02250580977076219,0.48809523809523764,7,ai_infrastructure|consumer_staples|data_centers|dev_tools|pharma|restaurants|semis
2021-12-10,regime,0.013081316630962339,0.013081316630962339,0.0,7,ai_infrastructure|consumer_staples|data_centers|dev_tools|pharma|restaurants|semis
2021-12-13,regime,-0.008827507395245045,-0.008589412157149806,0.4761904761904759,8,ai_infrastructure|consumer|consumer_staples|data_centers|medtech|pharma|restaurants|semis
2021-12-14,regime,-0.008151443216498964,-0.008026443216498964,0.25,8,consumer|consumer_staples|data_centers|insurance|medtech|pharma|restaurants|semis
2021-12-15,regime,0.022022269798966456,0.022022269798966456,0.0,8,consumer|consumer_staples|data_centers|insurance|medtech|pharma|restaurants|semis
2021-12-16,regime,-0.003669107479947236,-0.0035626259984657543,0.2129629629629631,9,biotech|consumer|consumer_staples|data_centers|insurance|medtech|pharma|restaurants|semis
2021-12-17,regime,-0.011115816449575266,-0.011004705338464156,0.22222222222222238,8,biotech|consumer|consumer_staples|data_centers|insurance|medtech|pharma|restaurants
2021-12-20,regime,-0.001167711473547092,-0.001167711473547092,0.0,8,biotech|consumer|consumer_staples|data_centers|insurance|medtech|pharma|restaurants
2021-12-21,regime,0.005664354379190699,0.005789354379190699,0.25,8,biotech|consumer_staples|cybersecurity|data_centers|insurance|medtech|pharma|restaurants
2021-12-22,regime,0.007444956578136168,0.007444956578136168,0.0,8,biotech|consumer_staples|cybersecurity|data_centers|insurance|medtech|pharma|restaurants
2021-12-23,regime,0.00325480318792241,0.00325480318792241,0.0,8,biotech|consumer_staples|cybersecurity|data_centers|insurance|medtech|pharma|restaurants
2021-12-27,regime,0.014916286698040059,0.015154381936135298,0.4761904761904759,7,consumer_staples|cybersecurity|data_centers|insurance|pharma|restaurants|semis
2021-12-28,regime,-0.00640513879043582,-0.00628013879043582,0.2499999999999997,8,consumer_staples|cybersecurity|data_centers|insurance|pharma|regional_banks|restaurants|semis
2021-12-29,regime,0.0060887303309563184,0.0060887303309563184,0.0,8,consumer_staples|cybersecurity|data_centers|insurance|pharma|regional_banks|restaurants|semis
2021-12-30,regime,-0.0056117219359342625,-0.00538949971371204,0.4444444444444444,9,consumer|consumer_staples|cybersecurity|data_centers|gold|insurance|pharma|regional_banks|restaurants
2021-12-31,regime,-0.00041966625365145104,-0.00019744403142922897,0.44444444444444414,7,consumer|consumer_staples|cybersecurity|data_centers|gold|pharma|restaurants
2022-01-03,regime,-0.012814163303622193,-0.012528449017907908,0.5714285714285712,7,consumer|consumer_staples|data_centers|pharma|regional_banks|restaurants|semis
2022-01-04,regime,0.0024141576369502314,0.002914157636950231,0.9999999999999997,8,consumer_staples|defense|insurance|mega_banks|oil_exploration|regional_banks|restaurants|semis
2022-01-05,regime,-0.013165693626472092,-0.013040693626472092,0.2499999999999997,7,consumer_staples|defense|insurance|mega_banks|oil_exploration|regional_banks|restaurants
2022-01-06,regime,0.017814750209328052,0.017814750209328052,0.0,7,consumer_staples|defense|insurance|mega_banks|oil_exploration|regional_banks|restaurants
2022-01-07,regime,0.007861306577910909,0.008004163720768051,0.285714285714286,6,consumer_staples|defense|insurance|mega_banks|oil_exploration|regional_banks
2022-01-10,regime,-0.005198207257700272,-0.005198207257700272,0.0,6,consumer_staples|defense|insurance|mega_banks|oil_exploration|regional_banks
2022-01-11,regime,0.010567940380503895,0.010734607047170563,0.3333333333333336,5,defense|insurance|mega_banks|oil_exploration|regional_banks
2022-01-12,regime,0.0015270688021897798,0.0015270688021897798,0.0,5,defense|insurance|mega_banks|oil_exploration|regional_banks
2022-01-13,regime,0.003681981446550299,0.003681981446550299,0.0,5,defense|insurance|mega_banks|oil_exploration|regional_banks
2022-01-14,regime,0.008479261702037614,0.008479261702037614,0.0,5,defense|insurance|mega_banks|oil_exploration|regional_banks
2022-01-18,regime,-0.014408865145657255,-0.014408865145657255,0.0,5,defense|insurance|mega_banks|oil_exploration|regional_banks
2022-01-19,regime,-0.018313195125977382,-0.018146528459310717,0.3333333333333336,6,defense|gold|insurance|mega_banks|oil_exploration|regional_banks
2022-01-20,regime,-0.014391965602982856,-0.014391965602982856,0.0,6,defense|gold|insurance|mega_banks|oil_exploration|regional_banks
2022-01-21,regime,-0.028388450861515768,-0.028245593718658625,0.285714285714286,7,consumer_staples|defense|gold|insurance|mega_banks|oil_exploration|regional_banks
2022-01-24,regime,0.002514566302267212,0.002514566302267212,0.0,7,consumer_staples|defense|gold|insurance|mega_banks|oil_exploration|regional_banks
2022-01-25,regime,0.010945287345010586,0.010945287345010586,0.0,7,consumer_staples|defense|gold|insurance|mega_banks|oil_exploration|regional_banks
2022-01-26,regime,-0.007474175521189419,-0.007474175521189419,0.0,7,consumer_staples|defense|gold|insurance|mega_banks|oil_exploration|regional_banks
2022-01-27,regime,-0.010196389777138763,-0.010196389777138763,0.0,7,consumer_staples|defense|gold|insurance|mega_banks|oil_exploration|regional_banks
2022-01-28,regime,0.004766612174998417,0.004891612174998417,0.2499999999999997,8,consumer_staples|defense|gold|insurance|mega_banks|oil_exploration|pharma|regional_banks
2022-01-31,regime,0.007109095829536411,0.007359095829536411,0.5,8,consumer_staples|gold|insurance|mega_banks|oil_exploration|payments|pharma|travel
2022-02-01,regime,0.013453596428754395,0.013703596428754395,0.4999999999999997,7,cybersecurity|gold|insurance|mega_banks|oil_exploration|payments|travel
2022-02-02,regime,-0.0004725263775948155,-0.00022252637759481568,0.4999999999999997,8,cybersecurity|insurance|mega_banks|oil_exploration|payments|pharma|regional_banks|travel
2022-02-03,regime,-0.009167863570265014,-0.009042863570265014,0.2499999999999997,7,cybersecurity|insurance|mega_banks|oil_exploration|pharma|regional_banks|travel
2022-02-04,regime,0.012033046977508234,0.012175904120365377,0.285714285714286,6,cybersecurity|insurance|mega_banks|oil_exploration|regional_banks|travel
2022-02-07,regime,0.007635270418886309,0.007778127561743452,0.285714285714286,7,cybersecurity|gold|insurance|mega_banks|oil_exploration|regional_banks|travel
2022-02-08,regime,0.0104039731418651,0.0105289731418651,0.2499999999999997,8,aerospace|cybersecurity|gold|insurance|mega_banks|oil_exploration|regional_banks|travel
2022-02-09,regime,0.013697268932522884,0.013822268932522884,0.25000000000000017,8,aerospace|cloud|cybersecurity|gold|insurance|mega_banks|oil_exploration|travel
2022-02-10,regime,0.005642575356402462,0.005767575356402462,0.25,8,aerospace|cloud|cybersecurity|dev_tools|insurance|mega_banks|oil_exploration|travel
2022-02-11,regime,-0.022367748906528977,-0.022242748906528977,0.25000000000000017,8,aerospace|cybersecurity|dev_tools|gold|insurance|mega_banks|oil_exploration|travel
2022-02-14,regime,-0.009871081437223109,-0.009871081437223109,0.0,8,aerospace|cybersecurity|dev_tools|gold|insurance|mega_banks|oil_exploration|travel
2022-02-15,regime,0.01596324199583533,0.01607435310694644,0.22222222222222207,9,aerospace|ai_infrastructure|cybersecurity|dev_tools|gold|insurance|mega_banks|oil_exploration|travel
2022-02-16,regime,0.0002857972833790457,0.0002857972833790457,0.0,9,aerospace|ai_infrastructure|cybersecurity|dev_tools|gold|insurance|mega_banks|oil_exploration|travel
2022-02-17,regime,-0.024154119751299902,-0.024043008640188792,0.22222222222222227,9,aerospace|ai_infrastructure|defense|dev_tools|gold|insurance|mega_banks|oil_exploration|travel
2022-02-18,regime,-0.012888456877637355,-0.012777345766526244,0.22222222222222224,9,aerospace|ai_infrastructure|consumer|defense|gold|insurance|mega_banks|oil_exploration|travel
2022-02-22,regime,-0.013250245417043732,-0.013250245417043732,0.0,9,aerospace|ai_infrastructure|consumer|defense|gold|insurance|mega_banks|oil_exploration|travel
2022-02-23,regime,-0.016857608498516953,-0.016746497387405843,0.22222222222222204,8,aerospace|ai_infrastructure|consumer|defense|gold|insurance|oil_exploration|travel
2022-02-24,regime,0.004201046640101619,0.0044510466401016194,0.4999999999999997,7,aerospace|consumer|cybersecurity|defense|gold|oil_exploration|travel
2022-02-25,regime,0.02188955219944088,0.02201455219944088,0.2499999999999997,8,aerospace|consumer|cybersecurity|defense|gold|oil_exploration|travel|uranium
2022-02-28,regime,0.03417686849439043,0.03430186849439043,0.24999999999999972,7,aerospace|consumer|cybersecurity|defense|gold|oil_exploration|uranium
2022-03-01,regime,-0.00031587693736048067,-0.00017301979450333764,0.285714285714286,6,aerospace|cybersecurity|defense|gold|oil_exploration|uranium
2022-03-02,regime,0.01954963299324336,0.01954963299324336,0.0,6,aerospace|cybersecurity|defense|gold|oil_exploration|uranium
2022-03-03,regime,-0.010225942355059305,-0.010098958228075178,0.25396825396825395,7,aerospace|cybersecurity|defense|gold|nuclear|oil_exploration|uranium
2022-03-04,regime,-0.007642212069144108,-0.007642212069144108,0.0,7,aerospace|cybersecurity|defense|gold|nuclear|oil_exploration|uranium
2022-03-07,regime,0.017720056176040725,0.017720056176040725,0.0,7,aerospace|cybersecurity|defense|gold|nuclear|oil_exploration|uranium
2022-03-08,regime,0.0048473157516745816,0.0048473157516745816,0.0,7,aerospace|cybersecurity|defense|gold|nuclear|oil_exploration|uranium
2022-03-09,regime,0.029936227111561287,0.029936227111561287,0.0,7,aerospace|cybersecurity|defense|gold|nuclear|oil_exploration|uranium
2022-03-10,regime,0.007323441730652585,0.007323441730652585,0.0,7,aerospace|cybersecurity|defense|gold|nuclear|oil_exploration|uranium
2022-03-11,regime,-0.027643960612162986,-0.027501103469305843,0.2857142857142857,6,aerospace|defense|gold|nuclear|oil_exploration|uranium
2022-03-14,regime,-0.05866109337516389,-0.058518236232306745,0.2857142857142857,7,aerospace|defense|gold|nuclear|oil_exploration|pharma|uranium
2022-03-15,regime,0.0005717023061882037,0.0007145594490453465,0.2857142857142857,7,aerospace|gold|insurance|nuclear|oil_exploration|pharma|uranium
2022-03-16,regime,0.01218382972860454,0.012406051950826762,0.4444444444444444,9,aerospace|biotech|gold|insurance|nuclear|oil_exploration|pharma|retail|uranium
2022-03-17,regime,0.045292370843379844,0.045292370843379844,0.0,9,aerospace|biotech|gold|insurance|nuclear|oil_exploration|pharma|retail|uranium
2022-03-18,regime,0.0036848640607902217,0.003907086283012444,0.4444444444444444,7,biotech|gold|insurance|nuclear|pharma|retail|uranium
2022-03-21,regime,0.021006646464826667,0.02114950360768381,0.2857142857142857,6,biotech|gold|insurance|nuclear|pharma|uranium
2022-03-22,regime,0.0039161058679925255,0.004201820153706811,0.5714285714285714,7,biotech|cybersecurity|insurance|nuclear|pharma|uranium|vertical_software
2022-03-23,regime,-0.01626681585418993,-0.01589776823514231,0.7380952380952381,8,biotech|cloud|cybersecurity|insurance|pharma|retail|robotics|uranium
2022-03-24,regime,0.011030093821290892,0.011155093821290893,0.24999999999999983,7,biotech|cloud|cybersecurity|insurance|pharma|retail|robotics
2022-03-25,regime,-0.005310095937780308,-0.005185095937780308,0.24999999999999978,8,biotech|cloud|cybersecurity|insurance|pharma|retail|robotics|semis
2022-03-28,regime,0.016859280875875925,0.016859280875875925,0.0,8,biotech|cloud|cybersecurity|insurance|pharma|retail|robotics|semis
2022-03-29,regime,0.009770448281073724,0.009978781614407057,0.41666666666666674,8,ai_infrastructure|biotech|cloud|data_centers|insurance|pharma|robotics|semis
2022-03-30,regime,-0.016167940567532332,-0.015917940567532332,0.5000000000000001,8,biotech|cloud|data_centers|insurance|medtech|oil_exploration|pharma|robotics
2022-03-31,regime,-0.011252790178037889,-0.011127790178037889,0.2499999999999997,7,biotech|cloud|data_centers|insurance|medtech|pharma|robotics
2022-04-01,regime,0.016189234011701692,0.016189234011701692,0.0,7,biotech|cloud|data_centers|insurance|medtech|pharma|robotics
2022-04-04,regime,0.003379202533613773,0.0038077739621852013,0.857142857142857,7,ai_apps|biotech|cloud|consumer_internet|cybersecurity|medtech|robotics
2022-04-05,regime,-0.0354767560838675,-0.0352267560838675,0.5,8,biotech|cloud|consumer_internet|consumer_staples|cybersecurity|medtech|pharma|robotics
2022-04-06,regime,-0.015405259809728351,-0.015280259809728351,0.25,8,biotech|cloud|consumer_staples|cybersecurity|insurance|medtech|pharma|robotics
2022-04-07,regime,0.011970385568031497,0.011970385568031497,0.0,8,biotech|cloud|consumer_staples|cybersecurity|insurance|medtech|pharma|robotics
2022-04-08,regime,-0.004056297474680842,-0.003931297474680842,0.25000000000000017,8,biotech|cloud|consumer_staples|cybersecurity|insurance|medtech|pharma|retail
2022-04-11,regime,-0.010096215179083908,-0.010096215179083908,0.0,8,biotech|cloud|consumer_staples|cybersecurity|insurance|medtech|pharma|retail
2022-04-12,regime,-0.0008363810874119601,-0.0006141588651897378,0.44444444444444464,9,biotech|consumer_staples|cybersecurity|gold|insurance|medtech|nuclear|pharma|retail
2022-04-13,regime,0.024360742262348134,0.024449631151237022,0.17777777777777787,10,biotech|consumer_staples|cybersecurity|gold|insurance|medtech|nuclear|pharma|retail|uranium
2022-04-14,regime,-0.010162142445626075,-0.010162142445626075,0.0,10,biotech|consumer_staples|cybersecurity|gold|insurance|medtech|nuclear|pharma|retail|uranium
2022-04-18,regime,-0.027137432459836856,-0.026937432459836857,0.4000000000000001,9,biotech|consumer_staples|gold|insurance|nuclear|oil_exploration|pharma|retail|uranium
2022-04-19,regime,-0.007738280359888285,-0.007627169248777174,0.2222222222222222,9,biotech|consumer_staples|gold|insurance|nuclear|oil_exploration|pharma|restaurants|retail
2022-04-20,regime,0.011295303822561291,0.011406414933672402,0.22222222222222238,8,consumer_staples|gold|insurance|nuclear|oil_exploration|pharma|restaurants|retail
2022-04-21,regime,-0.03241259843777319,-0.032310746585921334,0.2037037037037036,9,consumer|consumer_staples|gold|insurance|nuclear|oil_exploration|pharma|restaurants|retail
2022-04-22,regime,-0.032035921535815096,-0.031924810424703985,0.2222222222222221,8,consumer|consumer_staples|gold|insurance|oil_exploration|pharma|restaurants|retail
2022-04-25,regime,-0.0007206785053590251,-0.0004706785053590251,0.5,8,consumer|consumer_staples|data_centers|gold|pharma|restaurants|retail|travel
2022-04-26,regime,-0.027403356723860316,-0.027403356723860316,0.0,8,consumer|consumer_staples|data_centers|gold|pharma|restaurants|retail|travel
2022-04-27,regime,4.922868768698885e-05,0.00017422868768698888,0.25000000000000006,7,consumer|consumer_staples|data_centers|pharma|restaurants|retail|travel
2022-04-28,regime,0.02196101543001499,0.02196101543001499,0.0,7,consumer|consumer_staples|data_centers|pharma|restaurants|retail|travel
2022-04-29,regime,-0.0240594302287736,-0.0240594302287736,0.0,7,consumer|consumer_staples|data_centers|pharma|restaurants|retail|travel
2022-05-02,regime,-0.0016153870063252156,-0.0016153870063252156,0.0,7,consumer|consumer_staples|data_centers|pharma|restaurants|retail|travel
2022-05-03,regime,0.0014652333162085455,0.001893804744779974,0.857142857142857,6,consumer_staples|data_centers|insurance|oil_exploration|pharma|retail
2022-05-04,regime,0.02769498600561552,0.02794498600561552,0.5,8,autos|consumer_staples|data_centers|insurance|oil_exploration|pharma|retail|semis
2022-05-05,regime,-0.0327722518759639,-0.03267502965374168,0.19444444444444442,9,ai_infrastructure|autos|consumer_staples|data_centers|insurance|oil_exploration|pharma|retail|semis
2022-05-06,regime,-0.0019192177695549757,-0.0018173659177031238,0.2037037037037037,8,ai_infrastructure|autos|consumer_staples|data_centers|insurance|oil_exploration|pharma|semis
2022-05-09,regime,-0.051157783331381095,-0.051157783331381095,0.0,8,ai_infrastructure|autos|consumer_staples|data_centers|insurance|oil_exploration|pharma|semis
2022-05-10,regime,0.009387029163880217,0.009387029163880217,0.0,8,ai_infrastructure|autos|consumer_staples|data_centers|insurance|oil_exploration|pharma|semis
2022-05-11,regime,-0.01604347750445993,-0.01591847750445993,0.24999999999999983,7,ai_infrastructure|consumer_staples|data_centers|insurance|oil_exploration|pharma|semis
2022-05-12,regime,0.005959838340625438,0.005959838340625438,0.0,7,ai_infrastructure|consumer_staples|data_centers|insurance|oil_exploration|pharma|semis
2022-05-13,regime,0.03700682370162603,0.03700682370162603,0.0,7,ai_infrastructure|consumer_staples|data_centers|insurance|oil_exploration|pharma|semis
2022-05-16,regime,-0.0018677231778262626,-0.0018677231778262626,0.0,7,ai_infrastructure|consumer_staples|data_centers|insurance|oil_exploration|pharma|semis
2022-05-17,regime,0.018885219957569806,0.019010219957569807,0.24999999999999983,8,ai_infrastructure|biotech|consumer_staples|data_centers|insurance|oil_exploration|pharma|semis
2022-05-18,regime,-0.038135295239008785,-0.038010295239008784,0.25,8,ai_infrastructure|biotech|china_internet|data_centers|insurance|oil_exploration|pharma|semis
2022-05-19,regime,0.0019598034016638792,0.002066946258806736,0.21428571428571397,7,biotech|china_internet|data_centers|insurance|oil_exploration|pharma|semis
2022-05-20,regime,0.0014128272494828792,0.001555684392340022,0.2857142857142856,7,biotech|china_internet|insurance|oil_exploration|pharma|semis|vertical_software
2022-05-23,regime,0.007613432999089037,0.007738432999089037,0.2499999999999997,8,biotech|china_internet|fintech|insurance|oil_exploration|pharma|semis|vertical_software
2022-05-24,regime,-0.025530171139768718,-0.025280171139768718,0.49999999999999967,7,biotech|china_internet|fintech|gold|insurance|oil_exploration|pharma
2022-05-25,regime,0.015771994831314085,0.015771994831314085,0.0,7,biotech|china_internet|fintech|gold|insurance|oil_exploration|pharma
2022-05-26,regime,0.025429309703827344,0.02571502398954163,0.5714285714285712,7,asset_managers|china_internet|fintech|insurance|oil_exploration|pharma|uranium
2022-05-27,regime,0.0214719936671185,0.0214719936671185,0.0,7,asset_managers|china_internet|fintech|insurance|oil_exploration|pharma|uranium
2022-05-31,regime,-0.002913485702127178,-0.0026912634799049558,0.4444444444444441,9,asset_managers|autos|china_internet|fintech|insurance|oil_exploration|pharma|regional_banks|uranium
2022-06-01,regime,-0.014433311635561483,-0.01421108941333926,0.44444444444444403,7,asset_managers|autos|china_internet|insurance|oil_exploration|pharma|regional_banks
2022-06-02,regime,0.021035728604416225,0.021464300032987653,0.857142857142857,6,asset_managers|autos|china_internet|consumer|oil_exploration|uranium
2022-06-03,regime,-0.020075210755363185,-0.01990854408869652,0.3333333333333333,6,asset_managers|china_internet|consumer|oil_exploration|restaurants|uranium
2022-06-06,regime,0.00848065261775387,0.008766366903468156,0.5714285714285712,7,asset_managers|china_internet|consumer|insurance|oil_exploration|regional_banks|restaurants
2022-06-07,regime,0.015392972594710301,0.01582154402328173,0.8571428571428572,7,china_internet|consumer|consumer_internet|defense|oil_exploration|restaurants|uranium
2022-06-08,regime,0.013644857011807943,0.014073428440379373,0.8571428571428574,5,ai_apps|china_internet|consumer_internet|oil_exploration|uranium
2022-06-09,regime,-0.05973537247764636,-0.05956870581097969,0.3333333333333336,6,ai_apps|china_internet|consumer_internet|oil_exploration|uranium|workflow_software
2022-06-10,regime,-0.046756724023205194,-0.046520612912094084,0.47222222222222215,8,ai_apps|china_internet|consumer_internet|nuclear|oil_exploration|retail|uranium|workflow_software
2022-06-13,regime,-0.0753599564837828,-0.0751099564837828,0.4999999999999995,7,china_internet|consumer_internet|nuclear|oil_exploration|restaurants|retail|uranium
2022-06-14,regime,0.009891990783687615,0.010141990783687615,0.4999999999999997,8,china_internet|consumer_internet|nuclear|oil_exploration|restaurants|retail|robotics|workflow_software
2022-06-15,regime,0.01987835160332483,0.01987835160332483,0.0,8,china_internet|consumer_internet|nuclear|oil_exploration|restaurants|retail|robotics|workflow_software
2022-06-16,regime,-0.053982137085090164,-0.05387102597397905,0.22222222222222207,9,china_internet|consumer_internet|gold|nuclear|oil_exploration|restaurants|retail|robotics|workflow_software
2022-06-17,regime,0.012663893487036162,0.012886115709258385,0.44444444444444453,9,biotech|china_internet|consumer|consumer_internet|gold|restaurants|retail|robotics|workflow_software
2022-06-21,regime,0.01748664778993398,0.017588499641785833,0.2037037037037037,8,biotech|china_internet|consumer_internet|gold|restaurants|retail|robotics|workflow_software
2022-06-22,regime,-0.009017482543635734,-0.00880451958067277,0.425925925925926,9,ai_apps|biotech|china_internet|consumer|consumer_internet|restaurants|retail|robotics|workflow_software
2022-06-23,regime,0.03048980143817541,0.03071202366039763,0.4444444444444446,8,ai_apps|biotech|china_internet|consumer|dev_tools|restaurants|retail|workflow_software
2022-06-24,regime,0.028626791020731797,0.028751791020731797,0.25,8,ai_apps|biotech|china_internet|dev_tools|restaurants|retail|vertical_software|workflow_software
2022-06-27,regime,-0.020669105388586392,-0.020544105388586392,0.25,8,ai_apps|biotech|china_internet|dev_tools|pharma|restaurants|vertical_software|workflow_software
2022-06-28,regime,-0.0304445027191429,-0.0304445027191429,0.0,8,ai_apps|biotech|china_internet|dev_tools|pharma|restaurants|vertical_software|workflow_software
2022-06-29,regime,0.0001147581304675787,0.0001147581304675787,0.0,8,ai_apps|biotech|china_internet|dev_tools|pharma|restaurants|vertical_software|workflow_software
2022-06-30,regime,-0.014913802700848371,-0.014691580478626148,0.4444444444444444,6,biotech|china_internet|dev_tools|pharma|restaurants|vertical_software
2022-07-01,regime,0.02512902621835354,0.02512902621835354,0.0,6,biotech|china_internet|dev_tools|pharma|restaurants|vertical_software
2022-07-05,regime,0.033432625582824727,0.03357548272568187,0.285714285714286,7,biotech|china_internet|consumer|dev_tools|pharma|restaurants|vertical_software
2022-07-06,regime,-0.0063006301783692315,-0.006175630178369231,0.24999999999999972,8,biotech|china_internet|consumer|cybersecurity|dev_tools|pharma|restaurants|vertical_software
2022-07-07,regime,0.02117720378848645,0.02130220378848645,0.2499999999999997,7,biotech|china_internet|consumer|cybersecurity|dev_tools|restaurants|vertical_software
2022-07-08,regime,-0.0092466291556346,-0.009103772012777457,0.28571428571428564,7,biotech|consumer|cybersecurity|defense|dev_tools|restaurants|vertical_software
2022-07-11,regime,-0.027900475306111443,-0.027678253083889222,0.4444444444444441,9,biotech|consumer|consumer_staples|cybersecurity|defense|dev_tools|pharma|restaurants|vertical_software
2022-07-12,regime,-0.02109578582159292,-0.02098467471048181,0.2222222222222222,8,biotech|consumer|consumer_staples|cybersecurity|defense|pharma|restaurants|vertical_software
2022-07-13,regime,0.00038028938812615287,0.000505289388126153,0.25000000000000017,8,biotech|consumer|consumer_staples|cybersecurity|dev_tools|pharma|restaurants|vertical_software
2022-07-14,regime,-0.006092358086485406,-0.0059673580864854055,0.2500000000000003,8,autos|biotech|consumer|consumer_staples|cybersecurity|dev_tools|pharma|restaurants
2022-07-15,regime,0.016435699755618073,0.016560699755618073,0.25,8,autos|biotech|consumer|consumer_staples|cybersecurity|pharma|restaurants|semis
2022-07-18,regime,-0.009985444299194105,-0.009735444299194105,0.5,6,autos|biotech|consumer|cybersecurity|restaurants|semis
2022-07-19,regime,0.029961310893831562,0.030127977560498228,0.33333333333333337,6,autos|biotech|consumer|restaurants|semis|uranium
2022-07-20,regime,0.012290490842195084,0.012457157508861751,0.33333333333333337,6,autos|consumer|payments|restaurants|semis|uranium
2022-07-21,regime,-0.0014325526763786334,-0.0012896955335214904,0.285714285714286,7,ai_infrastructure|autos|consumer|payments|restaurants|semis|uranium
2022-07-22,regime,-0.033770159769420875,-0.03362730262656373,0.285714285714286,6,ai_infrastructure|autos|consumer|payments|restaurants|semis
2022-07-25,regime,-0.012691130604920015,-0.012524463938253348,0.33333333333333337,6,ai_infrastructure|autos|consumer|mega_banks|payments|semis
2022-07-26,regime,-0.03300609070003976,-0.03283942403337309,0.33333333333333337,6,ai_infrastructure|autos|mega_banks|nuclear|payments|semis
2022-07-27,regime,0.04992385380235498,0.05015996491346609,0.47222222222222215,8,ai_infrastructure|autos|mega_banks|nuclear|payments|semis|uranium|vertical_software
2022-07-28,regime,0.013877252468669412,0.014099474690891635,0.4444444444444447,9,ai_infrastructure|asset_managers|autos|data_centers|nuclear|payments|semis|uranium|vertical_software
2022-07-29,regime,0.01413777249371653,0.01413777249371653,0.0,9,ai_infrastructure|asset_managers|autos|data_centers|nuclear|payments|semis|uranium|vertical_software
2022-08-01,regime,-0.0006744284481252641,-0.0006744284481252641,0.0,9,ai_infrastructure|asset_managers|autos|data_centers|nuclear|payments|semis|uranium|vertical_software
2022-08-02,regime,0.0032848757405451374,0.0035070979627673596,0.4444444444444441,7,ai_infrastructure|autos|data_centers|nuclear|semis|uranium|vertical_software
2022-08-03,regime,0.0156450600708552,0.015930774356569484,0.5714285714285714,6,ai_infrastructure|autos|data_centers|nuclear|travel|uranium
2022-08-04,regime,0.003800554247525603,0.003943411390382746,0.285714285714286,7,ai_infrastructure|autos|data_centers|fintech|nuclear|travel|uranium
2022-08-05,regime,0.015485106274043026,0.01562796341690017,0.285714285714286,6,ai_infrastructure|data_centers|fintech|nuclear|travel|uranium
2022-08-08,regime,0.00809750532849438,0.00834750532849438,0.5,8,ai_infrastructure|data_centers|dev_tools|fintech|nuclear|travel|uranium|workflow_software
2022-08-09,regime,-0.030294130639862697,-0.030294130639862697,0.0,8,ai_infrastructure|data_centers|dev_tools|fintech|nuclear|travel|uranium|workflow_software
2022-08-10,regime,0.04300234525708271,0.04319401192374937,0.3833333333333335,10,ai_infrastructure|business_apps|data_centers|dev_tools|fintech|nuclear|payments|travel|uranium|workflow_software
2022-08-11,regime,-0.016561653488633043,-0.016369986821966376,0.38333333333333347,8,ai_infrastructure|business_apps|dev_tools|fintech|payments|travel|uranium|workflow_software
2022-08-12,regime,0.025918040334181294,0.026043040334181294,0.2499999999999999,7,ai_infrastructure|business_apps|dev_tools|fintech|payments|travel|workflow_software
2022-08-15,regime,0.005704479395532493,0.005704479395532493,0.0,7,ai_infrastructure|business_apps|dev_tools|fintech|payments|travel|workflow_software
2022-08-16,regime,-0.004310108531077473,-0.00416725138822033,0.2857142857142857,7,asset_managers|business_apps|dev_tools|fintech|payments|travel|workflow_software
2022-08-17,regime,-0.033755074117875865,-0.033334439197240946,0.8412698412698412,6,aerospace|asset_managers|dev_tools|insurance|payments|travel
2022-08-18,regime,-0.008980912979550516,-0.008695198693836231,0.5714285714285715,7,aerospace|asset_managers|data_centers|dev_tools|insurance|oil_exploration|travel
2022-08-19,regime,-0.02145394417587506,-0.021311087033017918,0.28571428571428564,7,aerospace|asset_managers|data_centers|defense|insurance|oil_exploration|travel
2022-08-22,regime,-0.02226337558544006,-0.02226337558544006,0.0,7,aerospace|asset_managers|data_centers|defense|insurance|oil_exploration|travel
2022-08-23,regime,0.00371902581382752,0.00371902581382752,0.0,7,aerospace|asset_managers|data_centers|defense|insurance|oil_exploration|travel
2022-08-24,regime,0.011142003231371787,0.01136422545359401,0.4444444444444441,9,aerospace|asset_managers|data_centers|defense|insurance|nuclear|oil_exploration|travel|uranium
2022-08-25,regime,0.009361256662434595,0.009361256662434595,0.0,9,aerospace|asset_managers|data_centers|defense|insurance|nuclear|oil_exploration|travel|uranium
2022-08-26,regime,-0.027297972140708848,-0.027186861029597737,0.2222222222222223,9,aerospace|china_internet|data_centers|defense|insurance|nuclear|oil_exploration|travel|uranium
2022-08-29,regime,0.03396952608974111,0.03407600757122259,0.21296296296296285,8,aerospace|china_internet|data_centers|insurance|nuclear|oil_exploration|travel|uranium
2022-08-30,regime,-0.011056685390119114,-0.010931685390119114,0.25000000000000006,7,aerospace|china_internet|data_centers|insurance|nuclear|oil_exploration|uranium
2022-08-31,regime,0.010692609550013877,0.01083546669287102,0.28571428571428575,7,aerospace|china_internet|data_centers|nuclear|oil_exploration|retail|uranium
2022-09-01,regime,-0.03186788416462458,-0.03158216987891029,0.5714285714285713,5,china_internet|nuclear|oil_exploration|retail|uranium
2022-09-02,regime,0.010171598592457776,0.010171598592457776,0.0,5,china_internet|nuclear|oil_exploration|retail|uranium
2022-09-06,regime,-0.02868680994852871,-0.02868680994852871,0.0,5,china_internet|nuclear|oil_exploration|retail|uranium
2022-09-07,regime,0.012199547420007877,0.01253288075334121,0.6666666666666666,6,china_internet|consumer|nuclear|restaurants|retail|uranium
2022-09-08,regime,0.02609839281596578,0.02624124995882292,0.2857142857142855,7,china_internet|consumer|insurance|nuclear|restaurants|retail|uranium
2022-09-09,regime,0.010448309256717863,0.010591166399575006,0.28571428571428586,7,consumer|insurance|nuclear|restaurants|retail|travel|uranium
2022-09-12,regime,-0.0032654908840477237,-0.0031404908840477236,0.25,8,asset_managers|consumer|insurance|nuclear|restaurants|retail|travel|uranium
2022-09-13,regime,-0.03734212024082967,-0.03721712024082967,0.25,7,consumer|insurance|nuclear|restaurants|retail|travel|uranium
2022-09-14,regime,0.018176383798706158,0.0183192409415633,0.28571428571428537,6,consumer|insurance|nuclear|restaurants|travel|uranium
2022-09-15,regime,-0.020725618130837717,-0.02055895146417105,0.3333333333333334,6,biotech|consumer|insurance|nuclear|restaurants|travel
2022-09-16,regime,-0.01988529884502888,-0.01963529884502888,0.5,8,autos|biotech|consumer|insurance|nuclear|oil_exploration|restaurants|travel
2022-09-19,regime,-0.00040847007840805595,-0.00028347007840805606,0.24999999999999983,7,autos|biotech|consumer|insurance|nuclear|restaurants|travel
2022-09-20,regime,-0.014334609230146261,-0.014334609230146261,0.0,7,autos|biotech|consumer|insurance|nuclear|restaurants|travel
2022-09-21,regime,-0.02447798580434423,-0.02447798580434423,0.0,7,autos|biotech|consumer|insurance|nuclear|restaurants|travel
2022-09-22,regime,-0.037397475835149505,-0.03707472451239818,0.6455026455026455,9,autos|biotech|consumer|defense|gold|insurance|pharma|restaurants|travel
2022-09-23,regime,-0.017710927840536128,-0.017710927840536128,0.0,9,autos|biotech|consumer|defense|gold|insurance|pharma|restaurants|travel
2022-09-26,regime,-0.0105775957518454,-0.010477595751845401,0.19999999999999996,10,autos|biotech|consumer|defense|gold|insurance|pharma|restaurants|retail|travel
2022-09-27,regime,0.0027502590500315784,0.0027502590500315784,0.0,10,autos|biotech|consumer|defense|gold|insurance|pharma|restaurants|retail|travel
2022-09-28,regime,0.02698558740092278,0.02698558740092278,0.0,10,autos|biotech|consumer|defense|gold|insurance|pharma|restaurants|retail|travel
2022-09-29,regime,-0.02148172054718763,-0.02148172054718763,0.0,10,autos|biotech|consumer|defense|gold|insurance|pharma|restaurants|retail|travel
2022-09-30,regime,-0.011198334372317625,-0.011098334372317626,0.19999999999999998,9,biotech|consumer|defense|gold|insurance|pharma|restaurants|retail|travel
2022-10-03,regime,0.020709922992964893,0.020932145215187114,0.4444444444444448,8,biotech|defense|gold|insurance|pharma|retail|travel|vertical_software
2022-10-04,regime,0.029044940097887578,0.02929494009788758,0.4999999999999995,7,biotech|defense|gold|insurance|oil_exploration|pharma|vertical_software
2022-10-05,regime,-0.0007663511280530903,-0.0006234939851959473,0.285714285714286,6,biotech|gold|insurance|oil_exploration|pharma|vertical_software
2022-10-06,regime,0.0028027647264334573,0.002969431393100124,0.33333333333333337,6,ai_apps|biotech|gold|oil_exploration|pharma|vertical_software
2022-10-07,regime,-0.031329868090639076,-0.031194947455718443,0.26984126984126977,7,ai_apps|biotech|defense|gold|oil_exploration|pharma|vertical_software
2022-10-10,regime,-0.00561399825754699,-0.00548899825754699,0.24999999999999983,8,ai_apps|biotech|defense|gold|insurance|oil_exploration|pharma|vertical_software
2022-10-11,regime,-0.010226204194044625,-0.010107156574997006,0.2380952380952377,7,biotech|defense|gold|insurance|oil_exploration|pharma|vertical_software
2022-10-12,regime,-0.0018031057974368524,-0.0016781057974368527,0.2499999999999995,8,biotech|defense|gold|insurance|oil_exploration|pharma|restaurants|vertical_software
2022-10-13,regime,0.016717943364371053,0.016819795216222906,0.20370370370370397,9,biotech|consumer|defense|gold|insurance|oil_exploration|pharma|restaurants|vertical_software
2022-10-14,regime,-0.03175490403157306,-0.03164379292046195,0.22222222222222238,8,biotech|consumer|defense|insurance|oil_exploration|pharma|restaurants|vertical_software
2022-10-17,regime,0.02375177503761078,0.02375177503761078,0.0,8,biotech|consumer|defense|insurance|oil_exploration|pharma|restaurants|vertical_software
2022-10-18,regime,0.015196766346422447,0.015196766346422447,0.0,8,biotech|consumer|defense|insurance|oil_exploration|pharma|restaurants|vertical_software
2022-10-19,regime,-0.007825743427507338,-0.00770669580845972,0.23809523809523794,7,consumer|defense|insurance|oil_exploration|pharma|restaurants|vertical_software
2022-10-20,regime,-0.008750047712978756,-0.008750047712978756,0.0,7,consumer|defense|insurance|oil_exploration|pharma|restaurants|vertical_software
2022-10-21,regime,0.02467536413650046,0.02467536413650046,0.0,7,consumer|defense|insurance|oil_exploration|pharma|restaurants|vertical_software
2022-10-24,regime,0.012981490844871721,0.013124347987728864,0.28571428571428586,7,defense|insurance|mega_banks|oil_exploration|pharma|restaurants|vertical_software
2022-10-25,regime,0.0037049890796408856,0.004133560508212314,0.8571428571428571,6,data_centers|defense|mega_banks|oil_exploration|robotics|vertical_software
2022-10-26,regime,0.0026698754449483936,0.00283654211161506,0.33333333333333337,6,data_centers|defense|mega_banks|oil_exploration|robotics|uranium
2022-10-27,regime,-0.003799667101365262,-0.0036330004346985956,0.33333333333333337,6,aerospace|data_centers|defense|mega_banks|oil_exploration|robotics
2022-10-28,regime,0.015273586704930068,0.01541644384778721,0.285714285714286,7,aerospace|asset_managers|data_centers|defense|mega_banks|oil_exploration|robotics
2022-10-31,regime,-0.0021501432139878385,-0.0020072860711306956,0.2857142857142856,7,aerospace|asset_managers|defense|insurance|mega_banks|oil_exploration|robotics
2022-11-01,regime,0.0015161476276258216,0.0016590047704829643,0.2857142857142856,7,aerospace|asset_managers|defense|insurance|mega_banks|oil_exploration|pharma
2022-11-02,regime,-0.01648170082582577,-0.01648170082582577,0.0,7,aerospace|asset_managers|defense|insurance|mega_banks|oil_exploration|pharma
2022-11-03,regime,0.005414319609602572,0.005539319609602572,0.24999999999999972,8,aerospace|asset_managers|defense|insurance|mega_banks|oil_exploration|pharma|restaurants
2022-11-04,regime,0.011080315796509583,0.011080315796509583,0.0,8,aerospace|asset_managers|defense|insurance|mega_banks|oil_exploration|pharma|restaurants
2022-11-07,regime,0.009773653600948723,0.009773653600948723,0.0,8,aerospace|asset_managers|defense|insurance|mega_banks|oil_exploration|pharma|restaurants
2022-11-08,regime,0.003359198275252902,0.003359198275252902,0.0,8,aerospace|asset_managers|defense|insurance|mega_banks|oil_exploration|pharma|restaurants
2022-11-09,regime,-0.009516474115261329,-0.009391474115261329,0.2499999999999997,7,aerospace|asset_managers|defense|insurance|mega_banks|pharma|restaurants
2022-11-10,regime,0.03624986721528893,0.03639272435814608,0.2857142857142856,7,aerospace|asset_managers|defense|insurance|mega_banks|pharma|semis
2022-11-11,regime,-0.0017426451218445886,-0.001456930836130303,0.5714285714285712,7,aerospace|ai_infrastructure|asset_managers|defense|mega_banks|semis|vertical_software
2022-11-14,regime,-0.017982130986899218,-0.017839273844042075,0.2857142857142856,7,ai_infrastructure|asset_managers|china_internet|defense|mega_banks|semis|vertical_software
2022-11-15,regime,0.035138297746517375,0.035138297746517375,0.0,7,ai_infrastructure|asset_managers|china_internet|defense|mega_banks|semis|vertical_software
2022-11-16,regime,-0.02643602309150177,-0.02629316594864463,0.285714285714286,6,ai_infrastructure|asset_managers|china_internet|mega_banks|semis|vertical_software
2022-11-17,regime,-0.0031180727918561587,-0.002951406125189492,0.33333333333333337,6,ai_infrastructure|asset_managers|china_internet|retail|semis|vertical_software
2022-11-18,regime,-0.007396363118947801,-0.007118585341170023,0.5555555555555555,7,ai_infrastructure|asset_managers|china_internet|consumer_staples|pharma|retail|semis
2022-11-21,regime,-0.015487214267643887,-0.015344357124786745,0.2857142857142857,7,ai_infrastructure|china_internet|consumer|consumer_staples|pharma|retail|semis
2022-11-22,regime,0.009456797229066873,0.009599654371924015,0.28571428571428586,7,ai_infrastructure|china_internet|consumer|consumer_staples|data_centers|pharma|semis
2022-11-23,regime,0.016212806185032142,0.016337806185032142,0.2499999999999997,8,ai_infrastructure|china_internet|consumer|consumer_staples|data_centers|pharma|robotics|semis
2022-11-25,regime,-0.007253967951567074,-0.007142856840455963,0.22222222222222207,9,ai_infrastructure|china_internet|consumer|consumer_staples|data_centers|insurance|pharma|robotics|semis
2022-11-28,regime,-0.009888948321815617,-0.009777837210704507,0.22222222222222207,8,ai_infrastructure|china_internet|consumer|consumer_staples|data_centers|insurance|pharma|robotics
2022-11-29,regime,0.007878040371513309,0.00812804037151331,0.49999999999999967,7,china_internet|consumer|consumer_staples|data_centers|insurance|mega_banks|pharma
2022-11-30,regime,0.026704302070602946,0.026704302070602946,0.0,7,china_internet|consumer|consumer_staples|data_centers|insurance|mega_banks|pharma
2022-12-01,regime,-0.003254230525816614,-0.0029685162401023287,0.5714285714285712,7,china_internet|consumer|data_centers|insurance|medtech|pharma|robotics
2022-12-02,regime,0.02129482725628014,0.02143768439913728,0.2857142857142856,7,china_internet|consumer|gold|insurance|medtech|pharma|robotics
2022-12-05,regime,-0.019161152333322492,-0.019161152333322492,0.0,7,china_internet|consumer|gold|insurance|medtech|pharma|robotics
2022-12-06,regime,-0.006632815645032897,-0.006632815645032897,0.0,7,china_internet|consumer|gold|insurance|medtech|pharma|robotics
2022-12-07,regime,0.005521924306576168,0.005521924306576168,0.0,7,china_internet|consumer|gold|insurance|medtech|pharma|robotics
2022-12-08,regime,0.011190851639086064,0.011309899258133683,0.23809523809523775,8,china_internet|consumer|gold|insurance|medtech|pharma|restaurants|robotics
2022-12-09,regime,-0.009180311038216508,-0.009069199927105398,0.2222222222222222,9,china_internet|consumer|consumer_internet|gold|insurance|medtech|pharma|restaurants|robotics
2022-12-12,regime,-0.0022347701584666873,-0.0022347701584666873,0.0,9,china_internet|consumer|consumer_internet|gold|insurance|medtech|pharma|restaurants|robotics
2022-12-13,regime,0.00890591153095048,0.009123504123543073,0.43518518518518534,8,china_internet|consumer_internet|dev_tools|gold|medtech|pharma|restaurants|robotics
2022-12-14,regime,0.005718431263313891,0.005843431263313891,0.2499999999999995,7,china_internet|dev_tools|gold|medtech|pharma|restaurants|robotics
2022-12-15,regime,-0.025024900673758073,-0.025024900673758073,0.0,7,china_internet|dev_tools|gold|medtech|pharma|restaurants|robotics
2022-12-16,regime,-0.004722996575719796,-0.004580139432862652,0.285714285714286,6,china_internet|dev_tools|gold|medtech|pharma|robotics
2022-12-19,regime,-0.009739627791029078,-0.009604707156108443,0.26984126984126977,7,china_internet|dev_tools|gold|medtech|pharma|robotics|workflow_software
2022-12-20,regime,0.0032503234824287366,0.0033693711014763554,0.23809523809523792,8,business_apps|china_internet|dev_tools|gold|medtech|pharma|robotics|workflow_software
2022-12-21,regime,0.012412730395450771,0.012412730395450771,0.0,8,business_apps|china_internet|dev_tools|gold|medtech|pharma|robotics|workflow_software
2022-12-22,regime,-0.02108961839864622,-0.02096461839864622,0.25,8,business_apps|china_internet|dev_tools|gold|insurance|medtech|pharma|workflow_software
2022-12-23,regime,-0.0023026050278076716,-0.0019276050278076717,0.7499999999999998,6,china_internet|defense|gold|insurance|medtech|pharma
2022-12-27,regime,0.009879759119852368,0.01002261626270951,0.285714285714286,7,china_internet|defense|gold|insurance|medtech|pharma|uranium
2022-12-28,regime,-0.020000852771847447,-0.019887757533752208,0.22619047619047583,8,aerospace|china_internet|defense|gold|insurance|medtech|pharma|uranium
2022-12-29,regime,0.014566157774355638,0.014566157774355638,0.0,8,aerospace|china_internet|defense|gold|insurance|medtech|pharma|uranium
2022-12-30,regime,-0.014266311548495492,-0.014141311548495492,0.24999999999999978,7,aerospace|china_internet|defense|gold|insurance|medtech|uranium
2023-01-03,regime,0.0019780681066040315,0.0021030681066040316,0.24999999999999983,8,aerospace|china_internet|defense|gold|insurance|medtech|regional_banks|uranium
2023-01-04,regime,0.020155580851544022,0.020266691962655133,0.22222222222222238,9,aerospace|china_internet|consumer_internet|defense|gold|insurance|medtech|regional_banks|uranium
2023-01-05,regime,0.0038454922133899887,0.0038454922133899887,0.0,9,aerospace|china_internet|consumer_internet|defense|gold|insurance|medtech|regional_banks|uranium
2023-01-06,regime,0.017738034978058207,0.017849146089169318,0.2222222222222222,9,aerospace|china_internet|consumer_internet|defense|gold|insurance|regional_banks|travel|uranium
2023-01-09,regime,-0.007248920299506996,-0.007137809188395885,0.22222222222222238,8,aerospace|china_internet|consumer_internet|defense|gold|regional_banks|travel|uranium
2023-01-10,regime,0.01541743518811912,0.01552854629923023,0.22222222222222238,9,aerospace|china_internet|consumer_internet|defense|gold|payments|regional_banks|travel|uranium
2023-01-11,regime,0.006397388432948862,0.006589981025541454,0.3851851851851852,10,aerospace|ai_apps|china_internet|consumer_internet|fintech|gold|payments|regional_banks|travel|uranium
2023-01-12,regime,0.01335339200916156,0.01335339200916156,0.0,10,aerospace|ai_apps|china_internet|consumer_internet|fintech|gold|payments|regional_banks|travel|uranium
2023-01-13,regime,0.014921846647939486,0.015012755738848577,0.18181818181818157,11,aerospace|ai_apps|china_internet|consumer_internet|fintech|gold|mega_banks|payments|regional_banks|travel|uranium
2023-01-17,regime,-0.007176955828037048,-0.006995137646218867,0.36363636363636337,9,aerospace|ai_apps|china_internet|consumer_internet|fintech|gold|mega_banks|payments|travel
2023-01-18,regime,-0.02388112302064904,-0.023770011909537928,0.22222222222222238,8,aerospace|ai_apps|consumer_internet|fintech|gold|mega_banks|payments|travel
2023-01-19,regime,-0.0024501411016121535,-0.0023251411016121533,0.25,8,ai_apps|consumer_internet|fintech|gold|mega_banks|oil_exploration|payments|travel
2023-01-20,regime,0.03393964704441314,0.03406464704441314,0.25000000000000006,8,ai_apps|consumer_internet|fintech|gold|oil_exploration|payments|travel|workflow_software
2023-01-23,regime,0.016947383362518845,0.017197383362518845,0.5,6,ai_apps|consumer_internet|fintech|payments|travel|workflow_software
2023-01-24,regime,-0.01674049113376786,-0.01674049113376786,0.0,6,ai_apps|consumer_internet|fintech|payments|travel|workflow_software
2023-01-25,regime,0.00506838242824312,0.005211239571100263,0.2857142857142857,7,ai_apps|consumer_internet|fintech|gold|payments|travel|workflow_software
2023-01-26,regime,0.010723028720500615,0.010992869990341884,0.5396825396825395,6,ai_apps|business_apps|consumer_internet|payments|travel|workflow_software
2023-01-27,regime,0.02248984885854437,0.022632706001401513,0.285714285714286,7,ai_apps|business_apps|consumer_internet|payments|travel|uranium|workflow_software
2023-01-30,regime,-0.025381003280469005,-0.025381003280469005,0.0,7,ai_apps|business_apps|consumer_internet|payments|travel|uranium|workflow_software
2023-01-31,regime,0.015352403362523435,0.015477403362523436,0.2499999999999995,8,ai_apps|business_apps|consumer_internet|payments|regional_banks|travel|uranium|workflow_software
2023-02-01,regime,0.034416480126196594,0.034416480126196594,0.0,8,ai_apps|business_apps|consumer_internet|payments|regional_banks|travel|uranium|workflow_software
2023-02-02,regime,0.029406064791677382,0.029656064791677383,0.4999999999999995,7,ai_apps|business_apps|cloud|consumer_internet|payments|uranium|workflow_software
2023-02-03,regime,-0.04081576055173379,-0.04069076055173379,0.2499999999999995,8,ai_apps|autos|business_apps|cloud|consumer_internet|payments|uranium|workflow_software
2023-02-06,regime,-0.014414810915266576,-0.014289810915266576,0.25000000000000006,8,ai_apps|autos|business_apps|cloud|consumer_internet|payments|travel|workflow_software
2023-02-07,regime,0.012990637845071342,0.013097119326552824,0.21296296296296324,9,ai_apps|autos|business_apps|cloud|consumer_internet|dev_tools|payments|travel|workflow_software
2023-02-08,regime,-0.011388011545884438,-0.011276900434773328,0.22222222222222238,8,ai_apps|autos|business_apps|cloud|consumer_internet|dev_tools|travel|workflow_software
2023-02-09,regime,-0.006803143371266909,-0.006553143371266909,0.5,6,ai_apps|autos|business_apps|dev_tools|travel|workflow_software
2023-02-10,regime,-0.022908352860945565,-0.022408352860945564,1.0,6,ai_apps|autos|business_apps|data_centers|mega_banks|uranium
2023-02-13,regime,0.006530642799065171,0.006808420576842949,0.5555555555555556,7,ai_apps|ai_infrastructure|autos|business_apps|data_centers|dev_tools|mega_banks
2023-02-14,regime,0.023899274909192556,0.024024274909192556,0.2499999999999995,8,ai_apps|ai_infrastructure|autos|business_apps|data_centers|dev_tools|mega_banks|travel
2023-02-15,regime,0.019260283025794966,0.019371394136906077,0.22222222222222243,9,ai_apps|ai_infrastructure|autos|business_apps|data_centers|defense|dev_tools|mega_banks|travel
2023-02-16,regime,-0.022276062869022825,-0.022053840646800604,0.4444444444444446,8,aerospace|ai_apps|ai_infrastructure|autos|data_centers|defense|mega_banks|travel
2023-02-17,regime,-0.019712299681454215,-0.019605818199972733,0.2129629629629631,9,aerospace|ai_apps|ai_infrastructure|autos|data_centers|defense|mega_banks|travel|vertical_software
2023-02-21,regime,-0.03245590554592995,-0.03225590554592995,0.4000000000000001,10,aerospace|ai_apps|ai_infrastructure|autos|consumer|data_centers|defense|restaurants|travel|vertical_software
2023-02-22,regime,0.04019441542151776,0.040294415421517765,0.20000000000000012,10,aerospace|ai_apps|autos|consumer|cybersecurity|data_centers|defense|restaurants|travel|vertical_software
2023-02-23,regime,-0.023609788956343483,-0.023209788956343482,0.7999999999999999,7,aerospace|ai_apps|ai_infrastructure|cybersecurity|data_centers|defense|vertical_software
2023-02-24,regime,0.002111178598542425,0.002111178598542425,0.0,7,aerospace|ai_apps|ai_infrastructure|cybersecurity|data_centers|defense|vertical_software
2023-02-27,regime,0.002027469835594278,0.0021703269784514208,0.2857142857142857,7,aerospace|ai_apps|ai_infrastructure|cybersecurity|data_centers|defense|workflow_software
2023-02-28,regime,-0.0013993942618076428,-0.0013993942618076428,0.0,7,aerospace|ai_apps|ai_infrastructure|cybersecurity|data_centers|defense|workflow_software
2023-03-01,regime,0.011120365399095132,0.011245365399095132,0.24999999999999983,8,aerospace|ai_apps|ai_infrastructure|cybersecurity|data_centers|defense|mega_banks|workflow_software
2023-03-02,regime,0.006063485785998717,0.006307533405046336,0.48809523809523775,7,aerospace|ai_apps|ai_infrastructure|cybersecurity|defense|semis|workflow_software
2023-03-03,regime,0.014103756667035759,0.014347804286083378,0.4880952380952377,8,aerospace|ai_apps|ai_infrastructure|business_apps|cybersecurity|defense|oil_exploration|workflow_software
2023-03-06,regime,-0.004423588013134768,-0.004423588013134768,0.0,8,aerospace|ai_apps|ai_infrastructure|business_apps|cybersecurity|defense|oil_exploration|workflow_software
2023-03-07,regime,-0.01502494924242173,-0.01502494924242173,0.0,8,aerospace|ai_apps|ai_infrastructure|business_apps|cybersecurity|defense|oil_exploration|workflow_software
2023-03-08,regime,-0.0074508270095568745,-0.007259160342890208,0.38333333333333347,10,aerospace|ai_apps|ai_infrastructure|business_apps|cybersecurity|data_centers|defense|oil_exploration|semis|workflow_software
2023-03-09,regime,-0.010421817307708808,-0.010321817307708809,0.20000000000000034,9,aerospace|ai_apps|ai_infrastructure|business_apps|cybersecurity|data_centers|defense|semis|workflow_software
2023-03-10,regime,-0.037799371164406875,-0.037499371164406874,0.6000000000000003,10,aerospace|ai_apps|ai_infrastructure|consumer_staples|cybersecurity|defense|gold|restaurants|semis|workflow_software
2023-03-13,regime,0.002802954270684905,0.0030862876040182383,0.5666666666666669,8,ai_apps|business_apps|consumer_staples|defense|gold|restaurants|semis|workflow_software
2023-03-14,regime,0.01876308955783097,0.018864941409682822,0.2037037037037036,9,ai_apps|business_apps|consumer|consumer_staples|defense|gold|restaurants|semis|workflow_software
2023-03-15,regime,0.0011516880215450959,0.001262799132656207,0.22222222222222207,8,ai_apps|business_apps|consumer|consumer_staples|gold|restaurants|semis|workflow_software
2023-03-16,regime,0.024450696928960878,0.024450696928960878,0.0,8,ai_apps|business_apps|consumer|consumer_staples|gold|restaurants|semis|workflow_software
2023-03-17,regime,-0.001035925005642883,-0.001035925005642883,0.0,8,ai_apps|business_apps|consumer|consumer_staples|gold|restaurants|semis|workflow_software
2023-03-20,regime,0.006293630048435459,0.0064186300484354595,0.25,8,ai_infrastructure|business_apps|consumer|consumer_staples|gold|restaurants|semis|workflow_software
2023-03-21,regime,0.00212808975467841,0.002239200865789521,0.2222222222222221,9,ai_apps|ai_infrastructure|business_apps|consumer|consumer_staples|gold|restaurants|semis|workflow_software
2023-03-22,regime,-0.0074092264217739436,-0.007309226421773943,0.2000000000000005,10,ai_apps|ai_infrastructure|business_apps|consumer|consumer_staples|gold|medtech|restaurants|semis|workflow_software
2023-03-23,regime,0.01190097579986521,0.01200097579986521,0.20000000000000048,9,ai_apps|ai_infrastructure|business_apps|consumer|gold|medtech|restaurants|semis|workflow_software
2023-03-24,regime,0.00043881932790543237,0.0005406711797572842,0.2037037037037036,8,ai_apps|ai_infrastructure|business_apps|gold|medtech|restaurants|semis|workflow_software
2023-03-27,regime,-0.004325659440074594,-0.004325659440074594,0.0,8,ai_apps|ai_infrastructure|business_apps|gold|medtech|restaurants|semis|workflow_software
2023-03-28,regime,-0.0028575372847292036,-0.0026445743217662406,0.42592592592592593,9,ai_apps|ai_infrastructure|business_apps|consumer|consumer_staples|gold|medtech|restaurants|workflow_software
2023-03-29,regime,0.011759358876324384,0.011759358876324384,0.0,9,ai_apps|ai_infrastructure|business_apps|consumer|consumer_staples|gold|medtech|restaurants|workflow_software
2023-03-30,regime,0.005290740953005728,0.00539259280485758,0.20370370370370366,8,ai_apps|ai_infrastructure|business_apps|consumer|consumer_staples|gold|medtech|restaurants
2023-03-31,regime,0.013358864476865583,0.013483864476865583,0.25,8,ai_apps|ai_infrastructure|business_apps|consumer|consumer_staples|dev_tools|medtech|restaurants
2023-04-03,regime,-0.006314909382430215,-0.006203798271319103,0.22222222222222238,9,ai_apps|ai_infrastructure|business_apps|consumer|consumer_staples|dev_tools|gold|medtech|restaurants
2023-04-04,regime,0.0022565927986498706,0.002367703909760982,0.22222222222222238,8,ai_apps|business_apps|consumer|consumer_staples|dev_tools|gold|medtech|restaurants
2023-04-05,regime,-0.0106367993806962,-0.0105117993806962,0.25,8,ai_apps|business_apps|consumer|consumer_staples|gold|medtech|pharma|restaurants
2023-04-06,regime,0.0007958628089526403,0.0007958628089526403,0.0,8,ai_apps|business_apps|consumer|consumer_staples|gold|medtech|pharma|restaurants
2023-04-10,regime,-0.0015459263502333733,-0.0015459263502333733,0.0,8,ai_apps|business_apps|consumer|consumer_staples|gold|medtech|pharma|restaurants
2023-04-11,regime,0.0017281687170747802,0.0019503909392970026,0.44444444444444464,9,ai_apps|consumer|consumer_staples|gold|insurance|medtech|oil_exploration|pharma|restaurants
2023-04-12,regime,-0.0013325790712119896,-0.0013325790712119896,0.0,9,ai_apps|consumer|consumer_staples|gold|insurance|medtech|oil_exploration|pharma|restaurants
2023-04-13,regime,0.009477558166098089,0.0095886692772092,0.22222222222222238,8,ai_apps|consumer|gold|insurance|medtech|oil_exploration|pharma|restaurants
2023-04-14,regime,-0.0021301903143906334,-0.0020051903143906333,0.24999999999999983,7,ai_apps|consumer|gold|medtech|oil_exploration|pharma|restaurants
2023-04-17,regime,-0.004212947302598939,-0.004070090159741796,0.2857142857142857,7,consumer|defense|gold|medtech|oil_exploration|pharma|restaurants
2023-04-18,regime,-0.0026168432713030874,-0.0023668432713030876,0.49999999999999983,8,asset_managers|consumer|defense|gold|medtech|mega_banks|pharma|restaurants
2023-04-19,regime,0.004064662660355454,0.004282255252948047,0.43518518518518534,9,aerospace|asset_managers|consumer|defense|insurance|medtech|mega_banks|pharma|restaurants
2023-04-20,regime,-0.008240206329510707,-0.008129095218399596,0.22222222222222238,8,aerospace|asset_managers|consumer|defense|insurance|medtech|mega_banks|restaurants
2023-04-21,regime,-0.0007548492110352079,-0.0006437380999240967,0.22222222222222238,9,aerospace|asset_managers|consumer|consumer_staples|defense|insurance|medtech|mega_banks|restaurants
2023-04-24,regime,-0.0009884935566974013,-0.0009884935566974013,0.0,9,aerospace|asset_managers|consumer|consumer_staples|defense|insurance|medtech|mega_banks|restaurants
2023-04-25,regime,-0.017834228314911688,-0.017723117203800577,0.2222222222222222,9,aerospace|consumer|consumer_staples|defense|insurance|medtech|mega_banks|pharma|restaurants
2023-04-26,regime,-0.0005400795897288395,-0.00032843937808862793,0.42328042328042326,7,aerospace|consumer|consumer_staples|medtech|mega_banks|pharma|restaurants
2023-04-27,regime,0.006778445634903309,0.006903445634903309,0.24999999999999978,8,aerospace|consumer|consumer_staples|medtech|mega_banks|pharma|restaurants|retail
2023-04-28,regime,0.005539466766309723,0.005650577877420834,0.22222222222222238,9,aerospace|consumer|consumer_staples|insurance|medtech|mega_banks|pharma|restaurants|retail
2023-05-01,regime,0.00016646420050830517,0.00026646420050830517,0.19999999999999996,10,aerospace|consumer|consumer_staples|insurance|medtech|mega_banks|pharma|restaurants|retail|travel
2023-05-02,regime,-0.001688117631873746,-0.001588117631873746,0.19999999999999996,9,aerospace|consumer|consumer_staples|insurance|medtech|pharma|restaurants|retail|travel
2023-05-03,regime,-0.0012646215899816276,-0.0010423993677594055,0.4444444444444444,7,consumer|consumer_staples|medtech|pharma|restaurants|retail|travel
2023-05-04,regime,-0.005966582423479757,-0.005841582423479757,0.24999999999999983,8,biotech|consumer|consumer_staples|medtech|pharma|restaurants|retail|travel
2023-05-05,regime,0.006949988856382101,0.0071999888563821016,0.4999999999999999,7,biotech|consumer|consumer_staples|medtech|restaurants|travel|uranium
2023-05-08,regime,0.002768974713455192,0.0029911969356774142,0.4444444444444444,9,biotech|consumer|consumer_staples|data_centers|dev_tools|medtech|restaurants|travel|uranium
2023-05-09,regime,0.013734745356415227,0.013845856467526337,0.22222222222222238,9,biotech|consumer|consumer_staples|data_centers|dev_tools|nuclear|restaurants|travel|uranium
2023-05-10,regime,0.007064168258258908,0.007286390480481131,0.44444444444444453,8,biotech|cloud|consumer_staples|data_centers|dev_tools|nuclear|travel|uranium
2023-05-11,regime,-0.01511423022779771,-0.01511423022779771,0.0,8,biotech|cloud|consumer_staples|data_centers|dev_tools|nuclear|travel|uranium
2023-05-12,regime,-0.0028645177228542695,-0.0027395177228542694,0.24999999999999983,7,biotech|cloud|consumer_staples|data_centers|dev_tools|nuclear|uranium
2023-05-15,regime,0.017264212891824858,0.017264212891824858,0.0,7,biotech|cloud|consumer_staples|data_centers|dev_tools|nuclear|uranium
2023-05-16,regime,-0.01916068896062918,-0.01878568896062918,0.75,8,ai_apps|ai_infrastructure|biotech|cloud|data_centers|dev_tools|uranium|workflow_software
2023-05-17,regime,0.02525774670756244,0.02538274670756244,0.24999999999999983,7,ai_apps|ai_infrastructure|cloud|data_centers|dev_tools|uranium|workflow_software
2023-05-18,regime,0.02265068594346368,0.02279354308632082,0.2857142857142857,7,ai_apps|ai_infrastructure|cloud|data_centers|dev_tools|vertical_software|workflow_software
2023-05-19,regime,-0.014701682247357207,-0.014701682247357207,0.0,7,ai_apps|ai_infrastructure|cloud|data_centers|dev_tools|vertical_software|workflow_software
2023-05-22,regime,0.018589244113220348,0.018708291732267967,0.23809523809523792,8,ai_apps|ai_infrastructure|business_apps|cloud|data_centers|dev_tools|vertical_software|workflow_software
2023-05-23,regime,-0.015542946679507548,-0.015436465198026066,0.21296296296296294,9,ai_apps|ai_infrastructure|business_apps|cloud|data_centers|dev_tools|semis|vertical_software|workflow_software
2023-05-24,regime,-0.002052996140377237,-0.0019566998440809407,0.1925925925925927,10,ai_apps|ai_infrastructure|business_apps|cloud|cybersecurity|data_centers|dev_tools|semis|vertical_software|workflow_software
2023-05-25,regime,0.012966170171583217,0.012966170171583217,0.0,10,ai_apps|ai_infrastructure|business_apps|cloud|cybersecurity|data_centers|dev_tools|semis|vertical_software|workflow_software
2023-05-26,regime,0.0493884049103376,0.0493884049103376,0.0,10,ai_apps|ai_infrastructure|business_apps|cloud|cybersecurity|data_centers|dev_tools|semis|vertical_software|workflow_software
2023-05-30,regime,0.03677966763537993,0.03677966763537993,0.0,10,ai_apps|ai_infrastructure|business_apps|cloud|cybersecurity|data_centers|dev_tools|semis|vertical_software|workflow_software
2023-05-31,regime,-0.006261651442989135,-0.006261651442989135,0.0,10,ai_apps|ai_infrastructure|business_apps|cloud|cybersecurity|data_centers|dev_tools|semis|vertical_software|workflow_software
2023-06-01,regime,0.0013898363843071714,0.0013898363843071714,0.0,10,ai_apps|ai_infrastructure|business_apps|cloud|cybersecurity|data_centers|dev_tools|semis|vertical_software|workflow_software
2023-06-02,regime,0.016591174409423662,0.016591174409423662,0.0,10,ai_apps|ai_infrastructure|business_apps|cloud|cybersecurity|data_centers|dev_tools|semis|vertical_software|workflow_software
2023-06-05,regime,0.021086642081213233,0.021086642081213233,0.0,10,ai_apps|ai_infrastructure|business_apps|cloud|cybersecurity|data_centers|dev_tools|semis|vertical_software|workflow_software
2023-06-06,regime,0.018434107174785677,0.018434107174785677,0.0,10,ai_apps|ai_infrastructure|business_apps|cloud|cybersecurity|data_centers|dev_tools|semis|vertical_software|workflow_software
2023-06-07,regime,-0.0391538037090456,-0.039057507412749305,0.1925925925925927,9,ai_apps|ai_infrastructure|business_apps|cloud|data_centers|dev_tools|semis|vertical_software|workflow_software
2023-06-08,regime,0.018350891096653218,0.018450891096653217,0.20000000000000012,10,ai_apps|ai_infrastructure|business_apps|cloud|data_centers|dev_tools|robotics|semis|vertical_software|workflow_software
2023-06-09,regime,0.0036912167477949594,0.0036912167477949594,0.0,10,ai_apps|ai_infrastructure|business_apps|cloud|data_centers|dev_tools|robotics|semis|vertical_software|workflow_software
2023-06-12,regime,0.01594471951982912,0.01594471951982912,0.0,10,ai_apps|ai_infrastructure|business_apps|cloud|data_centers|dev_tools|robotics|semis|vertical_software|workflow_software
2023-06-13,regime,0.02032383398817186,0.02042383398817186,0.20000000000000015,9,ai_apps|ai_infrastructure|business_apps|cloud|data_centers|dev_tools|robotics|semis|vertical_software
2023-06-14,regime,0.006201016534954732,0.006201016534954732,0.0,9,ai_apps|ai_infrastructure|business_apps|cloud|data_centers|dev_tools|robotics|semis|vertical_software
2023-06-15,regime,0.017853665068139714,0.017960146549621196,0.21296296296296294,8,ai_apps|ai_infrastructure|business_apps|cloud|data_centers|dev_tools|robotics|vertical_software
2023-06-16,regime,-0.019072789087428054,-0.018711677976316943,0.722222222222222,6,ai_apps|business_apps|data_centers|medtech|robotics|vertical_software
2023-06-20,regime,-0.009518343708480979,-0.009383423073560344,0.2698412698412698,7,ai_apps|autos|business_apps|data_centers|medtech|robotics|vertical_software
2023-06-21,regime,-0.0334818826260063,-0.03325966040378408,0.4444444444444444,9,aerospace|ai_apps|autos|business_apps|data_centers|defense|medtech|robotics|vertical_software
2023-06-22,regime,-0.00395233307903969,-0.0037512748779814893,0.40211640211640187,7,aerospace|ai_apps|business_apps|data_centers|medtech|robotics|vertical_software
2023-06-23,regime,-0.019506119322514823,-0.019381119322514823,0.2499999999999995,8,aerospace|ai_apps|business_apps|consumer_internet|data_centers|medtech|robotics|vertical_software
2023-06-26,regime,-0.014543949068824339,-0.014293949068824339,0.4999999999999998,7,ai_apps|business_apps|consumer_internet|data_centers|fintech|medtech|robotics
2023-06-27,regime,0.026155189758438224,0.026155189758438224,0.0,7,ai_apps|business_apps|consumer_internet|data_centers|fintech|medtech|robotics
2023-06-28,regime,0.017488552026169345,0.01777426631188363,0.5714285714285714,7,ai_apps|consumer_internet|data_centers|dev_tools|fintech|medtech|travel
2023-06-29,regime,-0.005381969801022364,-0.0048264142454668086,1.1111111111111112,9,aerospace|autos|data_centers|defense|fintech|insurance|medtech|restaurants|travel
2023-06-30,regime,0.01050224192096696,0.010594834513559552,0.18518518518518517,10,aerospace|autos|consumer|data_centers|defense|fintech|insurance|medtech|restaurants|travel
2023-07-03,regime,0.011151376710346253,0.011351376710346254,0.4,10,aerospace|asset_managers|autos|consumer|data_centers|defense|fintech|restaurants|robotics|travel
2023-07-05,regime,-0.005650755390871454,-0.005450755390871454,0.4,10,ai_apps|asset_managers|autos|consumer_staples|data_centers|defense|fintech|restaurants|robotics|travel
2023-07-06,regime,-0.011235444835868016,-0.010935444835868016,0.5999999999999998,7,ai_apps|autos|consumer_staples|data_centers|fintech|restaurants|robotics
2023-07-07,regime,0.005065902417541072,0.005208759560398214,0.2857142857142857,7,ai_apps|autos|data_centers|fintech|restaurants|robotics|travel
2023-07-10,regime,0.01838915644961068,0.01838915644961068,0.0,7,ai_apps|autos|data_centers|fintech|restaurants|robotics|travel
2023-07-11,regime,0.01473592769418064,0.014878784837037782,0.2857142857142857,7,ai_apps|autos|data_centers|fintech|payments|robotics|travel
2023-07-12,regime,6.790847222833531e-05,0.0003179084722283352,0.49999999999999983,8,ai_apps|asset_managers|autos|fintech|oil_exploration|payments|robotics|travel
2023-07-13,regime,0.026172524304277862,0.026283635415388973,0.2222222222222222,9,ai_apps|asset_managers|autos|fintech|gold|oil_exploration|payments|robotics|travel
2023-07-14,regime,-0.012022522037749095,-0.011926225741452799,0.1925925925925927,10,ai_apps|asset_managers|autos|consumer_internet|fintech|gold|oil_exploration|payments|robotics|travel
2023-07-17,regime,0.009441248664710978,0.009541248664710978,0.19999999999999996,9,ai_apps|asset_managers|autos|consumer_internet|fintech|gold|payments|robotics|travel
2023-07-18,regime,0.00878293693199285,0.008894048043103961,0.22222222222222238,9,ai_apps|asset_managers|autos|fintech|gold|payments|regional_banks|robotics|travel
2023-07-19,regime,0.004633284286808907,0.0048508768794015,0.43518518518518523,8,asset_managers|fintech|gold|mega_banks|payments|regional_banks|robotics|travel
2023-07-20,regime,-0.01566484250117485,-0.01555373139006374,0.22222222222222207,9,asset_managers|fintech|gold|mega_banks|oil_exploration|payments|regional_banks|robotics|travel
2023-07-21,regime,0.0008352173188323389,0.0009463284299434498,0.22222222222222204,8,asset_managers|fintech|gold|mega_banks|oil_exploration|payments|regional_banks|travel
2023-07-24,regime,0.0067602970981451935,0.0067602970981451935,0.0,8,asset_managers|fintech|gold|mega_banks|oil_exploration|payments|regional_banks|travel
2023-07-25,regime,-0.0025635320593842127,-0.002438532059384213,0.2499999999999997,7,asset_managers|fintech|gold|mega_banks|oil_exploration|regional_banks|travel
2023-07-26,regime,0.007398581192198138,0.007541438335055281,0.285714285714286,6,asset_managers|fintech|mega_banks|oil_exploration|regional_banks|travel
2023-07-27,regime,-0.014534946159084738,-0.014534946159084738,0.0,6,asset_managers|fintech|mega_banks|oil_exploration|regional_banks|travel
2023-07-28,regime,0.016904377902002377,0.017154377902002377,0.5,8,asset_managers|china_internet|fintech|mega_banks|oil_exploration|regional_banks|retail|travel
2023-07-31,regime,0.006943192539329072,0.006943192539329072,0.0,8,asset_managers|china_internet|fintech|mega_banks|oil_exploration|regional_banks|retail|travel
2023-08-01,regime,-0.010933810280816964,-0.010683810280816964,0.5,6,china_internet|fintech|oil_exploration|regional_banks|retail|travel
2023-08-02,regime,-0.029936369216409596,-0.029793512073552453,0.285714285714286,7,china_internet|data_centers|fintech|oil_exploration|regional_banks|retail|travel
2023-08-03,regime,0.008425073925276593,0.008544121544324212,0.2380952380952377,8,ai_infrastructure|china_internet|data_centers|fintech|oil_exploration|regional_banks|retail|travel
2023-08-04,regime,-0.002869033862710858,-0.0027579227515997467,0.2222222222222222,9,ai_infrastructure|china_internet|data_centers|fintech|oil_exploration|regional_banks|retail|travel|uranium
2023-08-07,regime,0.00424414006677645,0.0043552511778875615,0.22222222222222227,8,ai_infrastructure|china_internet|data_centers|oil_exploration|regional_banks|retail|travel|uranium
2023-08-08,regime,-0.004929904393343977,-0.004804904393343977,0.25,8,ai_infrastructure|data_centers|oil_exploration|pharma|regional_banks|retail|travel|uranium
2023-08-09,regime,-0.005307865600447447,-0.005182865600447447,0.25,8,ai_infrastructure|data_centers|nuclear|oil_exploration|pharma|retail|travel|uranium
2023-08-10,regime,-0.005720282118945134,-0.005720282118945134,0.0,8,ai_infrastructure|data_centers|nuclear|oil_exploration|pharma|retail|travel|uranium
2023-08-11,regime,0.001515000049818136,0.001634047668865755,0.2380952380952377,7,data_centers|nuclear|oil_exploration|pharma|retail|travel|uranium
2023-08-14,regime,0.0006713452538799388,0.0006713452538799388,0.0,7,data_centers|nuclear|oil_exploration|pharma|retail|travel|uranium
2023-08-15,regime,-0.016697539487941834,-0.016697539487941834,0.0,7,data_centers|nuclear|oil_exploration|pharma|retail|travel|uranium
2023-08-16,regime,-0.006433079586048142,-0.006433079586048142,0.0,7,data_centers|nuclear|oil_exploration|pharma|retail|travel|uranium
2023-08-17,regime,-0.0036645986329060486,-0.0036645986329060486,0.0,7,data_centers|nuclear|oil_exploration|pharma|retail|travel|uranium
2023-08-18,regime,0.011855586091908494,0.011998443234765637,0.285714285714286,6,data_centers|nuclear|oil_exploration|pharma|travel|uranium
2023-08-21,regime,0.01897366774295874,0.01897366774295874,0.0,6,data_centers|nuclear|oil_exploration|pharma|travel|uranium
2023-08-22,regime,-0.004687256863355711,-0.004520590196689044,0.3333333333333333,6,cybersecurity|data_centers|nuclear|oil_exploration|pharma|uranium
2023-08-23,regime,0.011720975257459148,0.011887641924125815,0.3333333333333333,6,ai_infrastructure|cybersecurity|data_centers|nuclear|pharma|uranium
2023-08-24,regime,-0.021388492723990432,-0.021388492723990432,0.0,6,ai_infrastructure|cybersecurity|data_centers|nuclear|pharma|uranium
2023-08-25,regime,0.0075676107276846,0.007710467870541743,0.285714285714286,7,ai_infrastructure|cybersecurity|data_centers|nuclear|pharma|uranium|vertical_software
2023-08-28,regime,0.010486130555251579,0.010628987698108721,0.285714285714286,6,ai_infrastructure|data_centers|nuclear|pharma|uranium|vertical_software
2023-08-29,regime,0.012177053779282635,0.012319910922139778,0.285714285714286,7,ai_infrastructure|data_centers|gold|nuclear|pharma|uranium|vertical_software
2023-08-30,regime,0.009829667129312103,0.010115381415026388,0.5714285714285716,5,ai_infrastructure|data_centers|nuclear|uranium|vertical_software
2023-08-31,regime,0.0025043694747561734,0.0027900837604704592,0.5714285714285714,7,ai_infrastructure|business_apps|data_centers|nuclear|uranium|vertical_software|workflow_software
2023-09-01,regime,0.010312544974570537,0.010312544974570537,0.0,7,ai_infrastructure|business_apps|data_centers|nuclear|uranium|vertical_software|workflow_software
2023-09-05,regime,0.00794446286656911,0.00806946286656911,0.24999999999999983,8,ai_infrastructure|business_apps|cloud|data_centers|nuclear|uranium|vertical_software|workflow_software
2023-09-06,regime,-0.004704648212646327,-0.004593537101535216,0.22222222222222238,9,ai_infrastructure|business_apps|cloud|data_centers|nuclear|oil_exploration|uranium|vertical_software|workflow_software
2023-09-07,regime,-0.007517279761525712,-0.007517279761525712,0.0,9,ai_infrastructure|business_apps|cloud|data_centers|nuclear|oil_exploration|uranium|vertical_software|workflow_software
2023-09-08,regime,0.002084660083151319,0.002084660083151319,0.0,9,ai_infrastructure|business_apps|cloud|data_centers|nuclear|oil_exploration|uranium|vertical_software|workflow_software
2023-09-11,regime,0.00017585386380321733,0.00028696497491432853,0.22222222222222238,8,ai_infrastructure|business_apps|cloud|data_centers|nuclear|uranium|vertical_software|workflow_software
2023-09-12,regime,-0.017091653620169393,-0.016722606001121774,0.7380952380952377,7,cloud|cybersecurity|data_centers|nuclear|oil_exploration|uranium|workflow_software
2023-09-13,regime,0.001225211676801769,0.0013502116768017687,0.2499999999999995,8,cloud|cybersecurity|data_centers|insurance|nuclear|oil_exploration|uranium|workflow_software
2023-09-14,regime,0.015572755053887105,0.015572755053887105,0.0,8,cloud|cybersecurity|data_centers|insurance|nuclear|oil_exploration|uranium|workflow_software
2023-09-15,regime,-0.0068119060888364325,-0.006686906088836432,0.25000000000000006,8,cloud|cybersecurity|insurance|nuclear|oil_exploration|payments|uranium|workflow_software
2023-09-18,regime,0.002768612324252679,0.0028936123242526792,0.25000000000000006,8,cloud|cybersecurity|gold|insurance|nuclear|oil_exploration|payments|uranium
2023-09-19,regime,-0.011941225244995985,-0.011816225244995985,0.25000000000000006,8,asset_managers|cloud|gold|insurance|nuclear|oil_exploration|payments|uranium
2023-09-20,regime,-0.006408285245714529,-0.006283285245714529,0.2499999999999995,7,asset_managers|gold|insurance|nuclear|oil_exploration|payments|uranium
2023-09-21,regime,-0.017249410349132657,-0.017106553206275514,0.285714285714286,6,asset_managers|gold|insurance|nuclear|oil_exploration|uranium
2023-09-22,regime,0.012206676120350084,0.012206676120350084,0.0,6,asset_managers|gold|insurance|nuclear|oil_exploration|uranium
2023-09-25,regime,0.0217721906310882,0.0217721906310882,0.0,6,asset_managers|gold|insurance|nuclear|oil_exploration|uranium
2023-09-26,regime,-0.02080032347623164,-0.020657466333374497,0.285714285714286,7,asset_managers|autos|gold|insurance|nuclear|oil_exploration|uranium
2023-09-27,regime,0.0033929914540266944,0.0036787057397409803,0.5714285714285716,5,autos|insurance|nuclear|oil_exploration|uranium
2023-09-28,regime,0.012611671232808331,0.012611671232808331,0.0,5,autos|insurance|nuclear|oil_exploration|uranium
2023-09-29,regime,-0.023183017754860345,-0.023183017754860345,0.0,5,autos|insurance|nuclear|oil_exploration|uranium
2023-10-02,regime,-0.026333102709478924,-0.025923578899955113,0.8190476190476192,7,autos|cybersecurity|insurance|nuclear|robotics|uranium|vertical_software
2023-10-03,regime,-0.029879376063753044,-0.029754376063753044,0.24999999999999983,8,autos|cybersecurity|data_centers|insurance|nuclear|robotics|uranium|vertical_software
2023-10-04,regime,0.011650621631501275,0.011775621631501275,0.25000000000000006,8,autos|cybersecurity|data_centers|insurance|robotics|semis|uranium|vertical_software
2023-10-05,regime,-0.00555630324760483,-0.00543130324760483,0.25000000000000006,8,ai_infrastructure|autos|data_centers|insurance|robotics|semis|uranium|vertical_software
2023-10-06,regime,0.023004360334387422,0.023221952926980014,0.43518518518518523,9,ai_infrastructure|autos|cybersecurity|data_centers|dev_tools|robotics|semis|uranium|vertical_software
2023-10-09,regime,0.002415882849126012,0.0026334754417186045,0.43518518518518523,8,ai_infrastructure|cybersecurity|data_centers|defense|dev_tools|robotics|semis|vertical_software
2023-10-10,regime,0.01834835129951606,0.01834835129951606,0.0,8,ai_infrastructure|cybersecurity|data_centers|defense|dev_tools|robotics|semis|vertical_software
2023-10-11,regime,0.0018872070012231866,0.0020062546202708055,0.23809523809523797,7,ai_infrastructure|cybersecurity|data_centers|defense|dev_tools|semis|vertical_software
2023-10-12,regime,-0.01132835810775301,-0.01132835810775301,0.0,7,ai_infrastructure|cybersecurity|data_centers|defense|dev_tools|semis|vertical_software
2023-10-13,regime,-0.014584135530864725,-0.014459135530864725,0.24999999999999978,8,ai_infrastructure|cybersecurity|data_centers|defense|dev_tools|insurance|semis|vertical_software
2023-10-16,regime,0.017732878921144276,0.017845974159239514,0.22619047619047605,7,ai_infrastructure|cybersecurity|data_centers|defense|dev_tools|insurance|vertical_software
2023-10-17,regime,0.002355588864438197,0.002355588864438197,0.0,7,ai_infrastructure|cybersecurity|data_centers|defense|dev_tools|insurance|vertical_software
2023-10-18,regime,-0.017183214606885242,-0.017058214606885242,0.24999999999999983,8,ai_infrastructure|cybersecurity|data_centers|defense|dev_tools|insurance|oil_exploration|vertical_software
2023-10-19,regime,-0.015845634414692233,-0.015845634414692233,0.0,8,ai_infrastructure|cybersecurity|data_centers|defense|dev_tools|insurance|oil_exploration|vertical_software
2023-10-20,regime,-0.026069555303650127,-0.025819555303650127,0.5000000000000001,8,consumer_staples|cybersecurity|data_centers|defense|gold|insurance|oil_exploration|vertical_software
2023-10-23,regime,-0.0029643744599165923,-0.002714374459916592,0.5,8,consumer_internet|consumer_staples|data_centers|defense|gold|insurance|oil_exploration|retail
2023-10-24,regime,0.011270000925958265,0.011395000925958266,0.2499999999999997,7,consumer_internet|consumer_staples|data_centers|gold|insurance|oil_exploration|retail
2023-10-25,regime,-0.010406485972885269,-0.010184263750663046,0.4444444444444442,9,consumer|consumer_internet|consumer_staples|data_centers|gold|insurance|oil_exploration|restaurants|retail
2023-10-26,regime,-0.015456088014442797,-0.015344976903331687,0.22222222222222238,8,consumer|consumer_internet|consumer_staples|gold|insurance|oil_exploration|restaurants|retail
2023-10-27,regime,-0.001572344800063265,-0.0014473448000632651,0.2499999999999999,7,consumer|consumer_internet|consumer_staples|gold|insurance|restaurants|retail
2023-10-30,regime,0.009584002554000302,0.009584002554000302,0.0,7,consumer|consumer_internet|consumer_staples|gold|insurance|restaurants|retail
2023-10-31,regime,0.004776375646031311,0.004919232788888454,0.2857142857142857,7,consumer|consumer_internet|consumer_staples|insurance|restaurants|retail|uranium
2023-11-01,regime,0.00343207188286168,0.0035570718828616802,0.2499999999999999,8,consumer|consumer_internet|consumer_staples|data_centers|insurance|restaurants|retail|uranium
2023-11-02,regime,0.016409997296500025,0.016632219518722246,0.4444444444444446,9,aerospace|consumer|consumer_internet|consumer_staples|data_centers|defense|insurance|restaurants|uranium
2023-11-03,regime,0.009336438378605809,0.009669771711939142,0.6666666666666667,7,aerospace|consumer|consumer_internet|defense|insurance|regional_banks|restaurants
2023-11-06,regime,-0.0014684739122431665,-0.0012303786741479283,0.47619047619047616,8,aerospace|consumer|consumer_internet|defense|insurance|payments|restaurants|vertical_software
2023-11-07,regime,0.0013200070409819333,0.0014450070409819334,0.25000000000000017,8,consumer|consumer_internet|defense|insurance|payments|restaurants|retail|vertical_software
2023-11-08,regime,0.0016882074092874116,0.0019382074092874116,0.5000000000000001,7,cloud|consumer|consumer_internet|defense|payments|restaurants|vertical_software
2023-11-09,regime,0.0004272218124489139,0.0004272218124489139,0.0,7,cloud|consumer|consumer_internet|defense|payments|restaurants|vertical_software
2023-11-10,regime,0.01558412874767528,0.015806350969897503,0.4444444444444445,9,ai_infrastructure|cloud|consumer|consumer_internet|defense|payments|restaurants|travel|vertical_software
2023-11-13,regime,0.005069896204998026,0.005181007316109138,0.2222222222222224,9,ai_apps|ai_infrastructure|consumer|consumer_internet|defense|payments|restaurants|travel|vertical_software
2023-11-14,regime,0.03008089762936536,0.03017811985158758,0.19444444444444442,8,ai_apps|ai_infrastructure|consumer|consumer_internet|payments|restaurants|travel|vertical_software
2023-11-15,regime,0.006279885044635628,0.006387027901778485,0.21428571428571397,7,ai_apps|ai_infrastructure|consumer|consumer_internet|payments|travel|vertical_software
2023-11-16,regime,-0.005782974412587375,-0.0056579744125873745,0.2499999999999995,8,ai_apps|ai_infrastructure|business_apps|consumer|consumer_internet|payments|travel|vertical_software
2023-11-17,regime,0.0077707446049561524,0.007895744604956153,0.2499999999999995,7,ai_apps|ai_infrastructure|business_apps|consumer_internet|payments|travel|vertical_software
2023-11-20,regime,0.013110763919152672,0.013235763919152672,0.24999999999999956,8,ai_apps|ai_infrastructure|business_apps|consumer_internet|dev_tools|payments|travel|vertical_software
2023-11-21,regime,-0.013098520507125245,-0.012992039025643764,0.2129629629629631,9,ai_apps|ai_infrastructure|business_apps|cloud|consumer_internet|dev_tools|payments|travel|vertical_software
2023-11-22,regime,0.0053490026200141245,0.005671753942765447,0.6455026455026451,7,ai_apps|ai_infrastructure|cloud|consumer_internet|cybersecurity|payments|travel
2023-11-24,regime,0.0017421029953860663,0.001884960138243209,0.2857142857142856,7,ai_apps|ai_infrastructure|cloud|cybersecurity|medtech|payments|travel
2023-11-27,regime,0.008277956147448213,0.008420813290305355,0.2857142857142856,7,ai_apps|cloud|cybersecurity|fintech|medtech|payments|travel
2023-11-28,regime,0.024167762656074027,0.024167762656074027,0.0,7,ai_apps|cloud|cybersecurity|fintech|medtech|payments|travel
2023-11-29,regime,0.016346546538023272,0.016489403680880414,0.28571428571428564,7,ai_apps|cloud|cybersecurity|fintech|medtech|payments|workflow_software
2023-11-30,regime,-0.005296182855420388,-0.00517713523637277,0.2380952380952377,8,ai_apps|business_apps|cloud|cybersecurity|fintech|medtech|payments|workflow_software
2023-12-01,regime,0.037622132231071456,0.037622132231071456,0.0,8,ai_apps|business_apps|cloud|cybersecurity|fintech|medtech|payments|workflow_software
2023-12-04,regime,-0.0025307433150156913,-0.002405743315015691,0.25,8,asset_managers|business_apps|cloud|cybersecurity|fintech|medtech|payments|workflow_software
2023-12-05,regime,-0.006428947643655517,-0.006303947643655517,0.24999999999999983,7,asset_managers|business_apps|cloud|cybersecurity|fintech|payments|workflow_software
2023-12-06,regime,-0.003993098600517198,-0.0038680986005171984,0.24999999999999983,8,asset_managers|business_apps|cloud|cybersecurity|fintech|payments|regional_banks|workflow_software
2023-12-07,regime,0.011514017080171276,0.011633064699218895,0.2380952380952377,7,asset_managers|cloud|cybersecurity|fintech|payments|regional_banks|workflow_software
2023-12-08,regime,0.01792478050727083,0.01792478050727083,0.0,7,asset_managers|cloud|cybersecurity|fintech|payments|regional_banks|workflow_software
2023-12-11,regime,-0.00491447584591262,-0.004771618703055477,0.285714285714286,6,asset_managers|cybersecurity|fintech|payments|regional_banks|workflow_software
2023-12-12,regime,0.0021786792852866925,0.0023215364281438354,0.285714285714286,7,asset_managers|cybersecurity|fintech|mega_banks|payments|regional_banks|workflow_software
2023-12-13,regime,0.040695967823543476,0.040695967823543476,0.0,7,asset_managers|cybersecurity|fintech|mega_banks|payments|regional_banks|workflow_software
2023-12-14,regime,0.03339491132121147,0.03339491132121147,0.0,7,asset_managers|cybersecurity|fintech|mega_banks|payments|regional_banks|workflow_software
2023-12-15,regime,4.825174528608851e-05,4.825174528608851e-05,0.0,7,asset_managers|cybersecurity|fintech|mega_banks|payments|regional_banks|workflow_software
2023-12-18,regime,-0.0020504788241915033,-0.0020504788241915033,0.0,7,asset_managers|cybersecurity|fintech|mega_banks|payments|regional_banks|workflow_software
2023-12-19,regime,0.027338718380772623,0.027338718380772623,0.0,7,asset_managers|cybersecurity|fintech|mega_banks|payments|regional_banks|workflow_software
2023-12-20,regime,-0.02704630173603756,-0.02704630173603756,0.0,7,asset_managers|cybersecurity|fintech|mega_banks|payments|regional_banks|workflow_software
2023-12-21,regime,0.018096293320825883,0.018096293320825883,0.0,7,asset_managers|cybersecurity|fintech|mega_banks|payments|regional_banks|workflow_software
2023-12-22,regime,0.004484025166874126,0.004484025166874126,0.0,7,asset_managers|cybersecurity|fintech|mega_banks|payments|regional_banks|workflow_software
2023-12-26,regime,0.00873306344566131,0.00873306344566131,0.0,7,asset_managers|cybersecurity|fintech|mega_banks|payments|regional_banks|workflow_software
2023-12-27,regime,0.007671109095248439,0.007796109095248439,0.2499999999999995,8,asset_managers|cybersecurity|fintech|mega_banks|payments|regional_banks|robotics|workflow_software
2023-12-28,regime,-0.00017731791590542157,-5.23179159054218e-05,0.2499999999999995,7,asset_managers|fintech|mega_banks|payments|regional_banks|robotics|workflow_software
2023-12-29,regime,-0.01921111608852111,-0.01898889386629889,0.44444444444444403,9,aerospace|asset_managers|consumer_staples|fintech|mega_banks|payments|regional_banks|robotics|workflow_software
2024-01-02,regime,-0.026463761041371783,-0.026241538819149562,0.4444444444444447,8,aerospace|asset_managers|consumer_staples|fintech|mega_banks|payments|pharma|regional_banks
2024-01-03,regime,-0.021181624307114896,-0.020937576688067276,0.4880952380952377,7,asset_managers|biotech|consumer_staples|mega_banks|payments|pharma|regional_banks
2024-01-04,regime,0.00204774363726789,0.0021727436372678895,0.2499999999999995,8,asset_managers|biotech|consumer_staples|medtech|mega_banks|payments|pharma|regional_banks
2024-01-05,regime,0.006180810141676961,0.006291921252788072,0.22222222222222243,9,asset_managers|biotech|consumer_staples|insurance|medtech|mega_banks|payments|pharma|regional_banks
2024-01-08,regime,0.01117520568877779,0.01117520568877779,0.0,9,asset_managers|biotech|consumer_staples|insurance|medtech|mega_banks|payments|pharma|regional_banks
2024-01-09,regime,-0.006583042972681976,-0.006471931861570864,0.22222222222222243,8,biotech|consumer_staples|insurance|medtech|mega_banks|payments|pharma|regional_banks
2024-01-10,regime,-0.0002206706853530953,-0.0002206706853530953,0.0,8,biotech|consumer_staples|insurance|medtech|mega_banks|payments|pharma|regional_banks
2024-01-11,regime,-0.004767542118335793,-0.004642542118335793,0.2499999999999995,7,biotech|consumer_staples|insurance|medtech|mega_banks|pharma|regional_banks
2024-01-12,regime,-0.0017484810886279688,-0.0014627668029136831,0.5714285714285712,7,biotech|consumer_staples|cybersecurity|insurance|medtech|pharma|uranium
2024-01-16,regime,-0.002333959017694069,-0.002191101874836926,0.28571428571428564,7,consumer_staples|cybersecurity|data_centers|insurance|medtech|pharma|uranium
2024-01-17,regime,-0.0034856047960665645,-0.0033665571770189456,0.2380952380952377,8,ai_infrastructure|consumer_staples|cybersecurity|data_centers|insurance|medtech|pharma|uranium
2024-01-18,regime,0.006343199965253709,0.0065931999652537095,0.4999999999999999,7,ai_infrastructure|cybersecurity|data_centers|insurance|medtech|semis|uranium
2024-01-19,regime,0.015909080078608067,0.016034080078608067,0.24999999999999978,8,ai_infrastructure|cybersecurity|data_centers|dev_tools|insurance|medtech|semis|uranium
2024-01-22,regime,0.0016619837432339899,0.0017869837432339898,0.24999999999999983,7,ai_infrastructure|cybersecurity|data_centers|dev_tools|insurance|medtech|semis
2024-01-23,regime,-0.0007241045751205465,-0.0007241045751205465,0.0,7,ai_infrastructure|cybersecurity|data_centers|dev_tools|insurance|medtech|semis
2024-01-24,regime,0.006214325882878535,0.006357183025735677,0.2857142857142856,6,ai_infrastructure|cybersecurity|data_centers|dev_tools|insurance|semis
2024-01-25,regime,0.00445676671103583,0.0045996238538929726,0.2857142857142856,7,ai_infrastructure|cybersecurity|data_centers|dev_tools|insurance|semis|travel
2024-01-26,regime,-0.0009529821076579923,-0.0009529821076579923,0.0,7,ai_infrastructure|cybersecurity|data_centers|dev_tools|insurance|semis|travel
2024-01-29,regime,0.01246313245792299,0.01258813245792299,0.24999999999999983,8,ai_infrastructure|cybersecurity|data_centers|dev_tools|insurance|semis|travel|workflow_software
2024-01-30,regime,-0.004806628236925617,-0.004806628236925617,0.0,8,ai_infrastructure|cybersecurity|data_centers|dev_tools|insurance|semis|travel|workflow_software
2024-01-31,regime,-0.020685329007797765,-0.020685329007797765,0.0,8,ai_infrastructure|cybersecurity|data_centers|dev_tools|insurance|semis|travel|workflow_software
2024-02-01,regime,0.007670486341486064,0.007781597452597175,0.22222222222222238,9,ai_infrastructure|consumer|cybersecurity|data_centers|dev_tools|insurance|semis|travel|workflow_software
2024-02-02,regime,0.010859961704073945,0.011077554296666537,0.4351851851851854,8,ai_infrastructure|consumer|consumer_staples|cybersecurity|data_centers|dev_tools|insurance|travel
2024-02-05,regime,-0.004242849926520563,-0.004117849926520563,0.25,8,ai_infrastructure|consumer|consumer_internet|consumer_staples|data_centers|dev_tools|insurance|travel
2024-02-06,regime,-0.0023710326839785317,-0.0022460326839785316,0.25,8,ai_infrastructure|consumer|consumer_internet|consumer_staples|data_centers|insurance|travel|vertical_software
2024-02-07,regime,0.018343351959129683,0.018593351959129683,0.5,6,ai_infrastructure|consumer|consumer_staples|data_centers|travel|vertical_software
2024-02-08,regime,0.003163096136016027,0.0033297628026826937,0.3333333333333336,5,ai_infrastructure|consumer|data_centers|travel|vertical_software
2024-02-09,regime,0.0034263942961221742,0.003593060962788841,0.33333333333333354,6,ai_infrastructure|consumer|cybersecurity|data_centers|travel|vertical_software
2024-02-12,regime,-0.002292719783814579,-0.002292719783814579,0.0,6,ai_infrastructure|consumer|cybersecurity|data_centers|travel|vertical_software
2024-02-13,regime,-0.015218325474335959,-0.015218325474335959,0.0,6,ai_infrastructure|consumer|cybersecurity|data_centers|travel|vertical_software
2024-02-14,regime,0.015226375445671406,0.015393042112338074,0.33333333333333337,6,ai_infrastructure|cybersecurity|data_centers|semis|travel|vertical_software
2024-02-15,regime,0.015238586669519895,0.01537350730444053,0.26984126984126977,7,ai_infrastructure|cybersecurity|data_centers|defense|semis|travel|vertical_software
2024-02-16,regime,-0.01930355872151033,-0.019160701578653187,0.2857142857142857,7,ai_infrastructure|data_centers|defense|oil_exploration|semis|travel|vertical_software
2024-02-20,regime,-0.020638036720704116,-0.020388036720704116,0.49999999999999983,8,aerospace|ai_infrastructure|defense|oil_exploration|retail|semis|travel|vertical_software
2024-02-21,regime,-0.009158794818595124,-0.009039747199547504,0.23809523809523764,7,aerospace|ai_infrastructure|defense|oil_exploration|retail|semis|travel
2024-02-22,regime,0.03032351603461432,0.030609230320328605,0.5714285714285715,6,aerospace|ai_infrastructure|data_centers|retail|semis|travel
2024-02-23,regime,0.0050176356167994695,0.005160492759656613,0.285714285714286,7,aerospace|ai_infrastructure|data_centers|mega_banks|retail|semis|travel
2024-02-26,regime,-0.011351810109520188,-0.011226810109520188,0.24999999999999956,8,aerospace|ai_infrastructure|data_centers|fintech|mega_banks|retail|semis|travel
2024-02-27,regime,0.008492666506500358,0.008492666506500358,0.0,8,aerospace|ai_infrastructure|data_centers|fintech|mega_banks|retail|semis|travel
2024-02-28,regime,-0.007169695868244976,-0.007169695868244976,0.0,8,aerospace|ai_infrastructure|data_centers|fintech|mega_banks|retail|semis|travel
2024-02-29,regime,0.019626564105787826,0.019751564105787826,0.25,8,aerospace|ai_infrastructure|asset_managers|data_centers|fintech|mega_banks|semis|travel
2024-03-01,regime,0.010154915352842289,0.010279915352842289,0.24999999999999956,7,ai_infrastructure|asset_managers|data_centers|fintech|mega_banks|semis|travel
2024-03-04,regime,0.021810968894371334,0.021810968894371334,0.0,7,ai_infrastructure|asset_managers|data_centers|fintech|mega_banks|semis|travel
2024-03-05,regime,-0.004230112671079875,-0.004230112671079875,0.0,7,ai_infrastructure|asset_managers|data_centers|fintech|mega_banks|semis|travel
2024-03-06,regime,0.018165642227253222,0.018308499370110365,0.285714285714286,6,ai_infrastructure|asset_managers|data_centers|fintech|mega_banks|semis
2024-03-07,regime,0.01108662000537298,0.011229477148230122,0.285714285714286,7,ai_infrastructure|asset_managers|data_centers|fintech|gold|mega_banks|semis
2024-03-08,regime,-0.008859249760941134,-0.008859249760941134,0.0,7,ai_infrastructure|asset_managers|data_centers|fintech|gold|mega_banks|semis
2024-03-11,regime,-0.01022084229641443,-0.009943064518636652,0.5555555555555556,6,data_centers|fintech|gold|mega_banks|oil_exploration|semis
2024-03-12,regime,0.010055520947406447,0.010055520947406447,0.0,6,data_centers|fintech|gold|mega_banks|oil_exploration|semis
2024-03-13,regime,0.009302176759677927,0.00944503390253507,0.285714285714286,7,china_internet|data_centers|fintech|gold|mega_banks|oil_exploration|semis
2024-03-14,regime,-0.013228297657677492,-0.013228297657677492,0.0,7,china_internet|data_centers|fintech|gold|mega_banks|oil_exploration|semis
2024-03-15,regime,-0.004831505414792217,-0.004581505414792217,0.4999999999999997,8,china_internet|data_centers|fintech|gold|insurance|mega_banks|oil_exploration|retail
2024-03-18,regime,0.004500782741853211,0.0046072642233346926,0.2129629629629628,9,china_internet|data_centers|fintech|gold|insurance|mega_banks|nuclear|oil_exploration|retail
2024-03-19,regime,-0.015980504335509783,-0.01576886412386957,0.4232804232804229,7,china_internet|fintech|insurance|mega_banks|nuclear|oil_exploration|retail
2024-03-20,regime,0.005859565838507788,0.005984565838507788,0.2499999999999997,8,china_internet|fintech|insurance|mega_banks|nuclear|oil_exploration|payments|retail
2024-03-21,regime,-0.0013931790387492896,-0.0012681790387492897,0.2499999999999997,7,china_internet|fintech|insurance|mega_banks|nuclear|oil_exploration|payments
2024-03-22,regime,-0.012423029488918658,-0.012280172346061515,0.28571428571428586,7,data_centers|fintech|insurance|mega_banks|nuclear|oil_exploration|payments
2024-03-25,regime,0.01125965616387913,0.01125965616387913,0.0,7,data_centers|fintech|insurance|mega_banks|nuclear|oil_exploration|payments
2024-03-26,regime,-0.005758434656990614,-0.005623514022069979,0.26984126984126977,6,data_centers|fintech|insurance|mega_banks|oil_exploration|payments
2024-03-27,regime,0.0027372781401483223,0.003070611473481656,0.6666666666666666,6,data_centers|insurance|mega_banks|nuclear|oil_exploration|robotics
2024-03-28,regime,0.013343264280516132,0.013343264280516132,0.0,6,data_centers|insurance|mega_banks|nuclear|oil_exploration|robotics
2024-04-01,regime,0.02035540982323819,0.020498266966095333,0.285714285714286,7,data_centers|gold|insurance|mega_banks|nuclear|oil_exploration|robotics
2024-04-02,regime,0.006175077002570628,0.006300077002570628,0.2499999999999997,8,data_centers|gold|insurance|mega_banks|nuclear|oil_exploration|robotics|uranium
2024-04-03,regime,0.021913273127532627,0.021913273127532627,0.0,8,data_centers|gold|insurance|mega_banks|nuclear|oil_exploration|robotics|uranium
2024-04-04,regime,-0.01697259325565644,-0.01697259325565644,0.0,8,data_centers|gold|insurance|mega_banks|nuclear|oil_exploration|robotics|uranium
2024-04-05,regime,0.015372525482974218,0.015372525482974218,0.0,8,data_centers|gold|insurance|mega_banks|nuclear|oil_exploration|robotics|uranium
2024-04-08,regime,0.013913674703618671,0.014038674703618671,0.2499999999999997,7,gold|insurance|mega_banks|nuclear|oil_exploration|robotics|uranium
2024-04-09,regime,-0.014051368233662868,-0.013908511090805726,0.285714285714286,6,gold|mega_banks|nuclear|oil_exploration|robotics|uranium
2024-04-10,regime,-0.005819608369276104,-0.005819608369276104,0.0,6,gold|mega_banks|nuclear|oil_exploration|robotics|uranium
2024-04-11,regime,0.007071692555726372,0.007238359222393039,0.33333333333333354,5,gold|nuclear|oil_exploration|robotics|uranium
2024-04-12,regime,-0.022470807109100443,-0.022470807109100443,0.0,5,gold|nuclear|oil_exploration|robotics|uranium
2024-04-15,regime,-0.022996365076160742,-0.022796365076160743,0.4,5,gold|nuclear|oil_exploration|travel|uranium
2024-04-16,regime,-0.003169216921138673,-0.0027406454925672443,0.8571428571428573,7,asset_managers|consumer|dev_tools|gold|nuclear|oil_exploration|travel
2024-04-17,regime,-0.01016001851104669,-0.01004097089199907,0.23809523809523764,8,asset_managers|consumer|dev_tools|gold|mega_banks|nuclear|oil_exploration|travel
2024-04-18,regime,-0.0010466456796600636,-0.0009216456796600636,0.25000000000000006,8,asset_managers|consumer|dev_tools|gold|insurance|mega_banks|nuclear|oil_exploration
2024-04-19,regime,0.0014202567065082319,0.0016702567065082319,0.49999999999999994,6,asset_managers|consumer|gold|insurance|mega_banks|oil_exploration
2024-04-22,regime,0.004431605363738646,0.004681605363738646,0.49999999999999994,8,asset_managers|china_internet|consumer|gold|insurance|mega_banks|oil_exploration|regional_banks
2024-04-23,regime,0.01422498930990505,0.01422498930990505,0.0,8,asset_managers|china_internet|consumer|gold|insurance|mega_banks|oil_exploration|regional_banks
2024-04-24,regime,0.00018521678570708496,0.0003102167857070847,0.2499999999999995,7,asset_managers|china_internet|consumer|gold|insurance|mega_banks|regional_banks
2024-04-25,regime,0.00032495398974112104,0.00032495398974112104,0.0,7,asset_managers|china_internet|consumer|gold|insurance|mega_banks|regional_banks
2024-04-26,regime,0.010228000243578091,0.010370857386435233,0.28571428571428564,7,asset_managers|china_internet|consumer|consumer_internet|gold|mega_banks|regional_banks
2024-04-29,regime,0.0008941908397892444,0.0010370479826463874,0.2857142857142858,7,china_internet|consumer|consumer_internet|gold|mega_banks|regional_banks|restaurants
2024-04-30,regime,-0.01483372690667831,-0.01483372690667831,0.0,7,china_internet|consumer|consumer_internet|gold|mega_banks|regional_banks|restaurants
2024-05-01,regime,0.0002664340519367525,0.0002664340519367525,0.0,7,china_internet|consumer|consumer_internet|gold|mega_banks|regional_banks|restaurants
2024-05-02,regime,0.025068885897018344,0.025211743039875487,0.28571428571428586,7,autos|china_internet|consumer|consumer_internet|gold|mega_banks|regional_banks
2024-05-03,regime,0.008649053440353986,0.008899053440353986,0.49999999999999967,8,ai_apps|autos|china_internet|consumer|consumer_internet|mega_banks|nuclear|regional_banks
2024-05-06,regime,0.016371976757467634,0.016621976757467634,0.4999999999999997,7,ai_apps|autos|china_internet|consumer_internet|defense|nuclear|regional_banks
2024-05-07,regime,-0.02940539144873092,-0.029119677163016635,0.5714285714285715,6,ai_apps|china_internet|consumer_internet|defense|nuclear|uranium
2024-05-08,regime,-0.003415160337353081,-0.0032484936706864143,0.33333333333333337,6,aerospace|ai_apps|china_internet|consumer_internet|defense|nuclear
2024-05-09,regime,0.020772237382390337,0.021022237382390337,0.4999999999999999,8,aerospace|ai_apps|asset_managers|china_internet|consumer_internet|defense|mega_banks|nuclear
2024-05-10,regime,-0.03234904189539641,-0.03222404189539641,0.25000000000000006,8,aerospace|asset_managers|china_internet|consumer_internet|defense|insurance|mega_banks|nuclear
2024-05-13,regime,0.015983802706299538,0.016108802706299538,0.24999999999999983,7,aerospace|asset_managers|china_internet|consumer_internet|defense|insurance|mega_banks
2024-05-14,regime,0.004663010656384715,0.004805867799241858,0.2857142857142854,6,aerospace|asset_managers|china_internet|consumer_internet|defense|mega_banks
2024-05-15,regime,0.010198012738213648,0.010483727023927933,0.5714285714285712,7,aerospace|asset_managers|china_internet|data_centers|defense|mega_banks|robotics
2024-05-16,regime,-0.007220926903806279,-0.007095926903806279,0.24999999999999978,8,aerospace|asset_managers|china_internet|data_centers|defense|mega_banks|robotics|semis
2024-05-17,regime,0.002644112979871772,0.002644112979871772,0.0,8,aerospace|asset_managers|china_internet|data_centers|defense|mega_banks|robotics|semis
2024-05-20,regime,0.005990931728887781,0.006190931728887781,0.40000000000000013,10,aerospace|asset_managers|china_internet|data_centers|defense|gold|mega_banks|robotics|semis|uranium
2024-05-21,regime,-0.0027339596783891302,-0.0027339596783891302,0.0,10,aerospace|asset_managers|china_internet|data_centers|defense|gold|mega_banks|robotics|semis|uranium
2024-05-22,regime,-0.012250459467904774,-0.012150459467904775,0.19999999999999996,9,aerospace|asset_managers|china_internet|data_centers|defense|gold|mega_banks|semis|uranium
2024-05-23,regime,-0.011836506362942588,-0.011614284140720365,0.44444444444444475,9,aerospace|ai_infrastructure|asset_managers|biotech|china_internet|data_centers|defense|mega_banks|semis
2024-05-24,regime,0.014218563690402468,0.014329674801513578,0.2222222222222223,9,aerospace|ai_infrastructure|asset_managers|biotech|data_centers|defense|mega_banks|nuclear|semis
2024-05-28,regime,0.009859706956459808,0.009970818067570919,0.2222222222222221,8,aerospace|ai_infrastructure|asset_managers|data_centers|defense|mega_banks|nuclear|semis
2024-05-29,regime,-0.011842845679937129,-0.01172975044184189,0.22619047619047605,7,aerospace|ai_infrastructure|data_centers|defense|mega_banks|nuclear|semis
2024-05-30,regime,-0.005553992825130534,-0.0054111356822733915,0.2857142857142856,6,aerospace|ai_infrastructure|data_centers|defense|nuclear|semis
2024-05-31,regime,-0.030066959304423768,-0.030066959304423768,0.0,6,aerospace|ai_infrastructure|data_centers|defense|nuclear|semis
2024-06-03,regime,-0.01729859590404357,-0.01729859590404357,0.0,6,aerospace|ai_infrastructure|data_centers|defense|nuclear|semis
2024-06-04,regime,-0.010086478430510292,-0.009919811763843624,0.33333333333333337,6,aerospace|data_centers|defense|nuclear|pharma|semis
2024-06-05,regime,0.026628374234888914,0.026771231377746056,0.285714285714286,7,aerospace|ai_infrastructure|data_centers|defense|nuclear|pharma|semis
2024-06-06,regime,-0.012811739561097038,-0.012686739561097038,0.2499999999999995,8,aerospace|ai_infrastructure|consumer|data_centers|defense|nuclear|pharma|semis
2024-06-07,regime,-0.0009269997172118476,-0.0006769997172118478,0.4999999999999995,7,aerospace|ai_infrastructure|consumer|defense|medtech|pharma|semis
2024-06-10,regime,0.0006824530538556055,0.0009265006729032244,0.48809523809523775,8,aerospace|ai_infrastructure|autos|biotech|defense|medtech|pharma|semis
2024-06-11,regime,-0.006713331533810088,-0.006602220422698976,0.22222222222222238,9,aerospace|ai_infrastructure|autos|biotech|cybersecurity|defense|medtech|pharma|semis
2024-06-12,regime,0.011648337135041847,0.011848337135041848,0.39999999999999997,10,aerospace|ai_infrastructure|biotech|cybersecurity|defense|medtech|pharma|semis|travel|vertical_software
2024-06-13,regime,-0.006276112437987628,-0.006084445771320961,0.38333333333333364,8,aerospace|ai_infrastructure|biotech|cybersecurity|pharma|semis|travel|vertical_software
2024-06-14,regime,-0.0025125604798608763,-0.0023875604798608762,0.25000000000000006,8,ai_infrastructure|biotech|cybersecurity|data_centers|pharma|semis|travel|vertical_software
2024-06-17,regime,0.013313781997087003,0.013438781997087004,0.25000000000000017,8,ai_infrastructure|business_apps|cybersecurity|data_centers|pharma|semis|travel|vertical_software
2024-06-18,regime,0.010095712844301465,0.010345712844301466,0.4999999999999999,7,ai_infrastructure|business_apps|data_centers|nuclear|semis|travel|vertical_software
2024-06-20,regime,0.005459301385325095,0.005459301385325095,0.0,7,ai_infrastructure|business_apps|data_centers|nuclear|semis|travel|vertical_software
2024-06-21,regime,-0.004998562744089422,-0.004873562744089422,0.24999999999999983,8,ai_infrastructure|business_apps|data_centers|nuclear|pharma|semis|travel|vertical_software
2024-06-24,regime,-0.00180958388013665,-0.001446488642041412,0.726190476190476,7,ai_infrastructure|biotech|nuclear|oil_exploration|pharma|travel|vertical_software
2024-06-25,regime,0.03299865471554015,0.033117702334587766,0.23809523809523797,8,ai_infrastructure|biotech|consumer_internet|nuclear|oil_exploration|pharma|travel|vertical_software
2024-06-26,regime,-0.010871972912352479,-0.010746972912352479,0.24999999999999978,7,ai_infrastructure|biotech|consumer_internet|nuclear|pharma|travel|vertical_software
2024-06-27,regime,-0.01867326340703783,-0.018387549121323545,0.5714285714285714,7,ai_infrastructure|biotech|business_apps|cloud|consumer_internet|pharma|vertical_software
2024-06-28,regime,0.0041995379506500055,0.004437633188745243,0.4761904761904761,8,biotech|business_apps|cloud|consumer_internet|cybersecurity|pharma|vertical_software|workflow_software
2024-07-01,regime,-0.0008834120930842068,-0.0007584120930842068,0.25000000000000006,8,biotech|business_apps|cloud|cybersecurity|dev_tools|pharma|vertical_software|workflow_software
2024-07-02,regime,0.003758053301028047,0.004008053301028047,0.5,8,autos|business_apps|cloud|cybersecurity|dev_tools|mega_banks|vertical_software|workflow_software
2024-07-03,regime,0.00687175885711594,0.00687175885711594,0.0,8,autos|business_apps|cloud|cybersecurity|dev_tools|mega_banks|vertical_software|workflow_software
2024-07-05,regime,0.011119132181036889,0.011119132181036889,0.0,8,autos|business_apps|cloud|cybersecurity|dev_tools|mega_banks|vertical_software|workflow_software
2024-07-08,regime,-0.004682764978016024,-0.004460542755793801,0.4444444444444446,9,ai_infrastructure|autos|business_apps|cloud|cybersecurity|dev_tools|mega_banks|semis|vertical_software
2024-07-09,regime,-0.010910737024200898,-0.010799625913089788,0.22222222222222238,8,ai_infrastructure|autos|cloud|cybersecurity|dev_tools|mega_banks|semis|vertical_software
2024-07-10,regime,0.008925667101183496,0.009050667101183496,0.24999999999999983,7,ai_infrastructure|autos|cloud|dev_tools|mega_banks|semis|vertical_software
2024-07-11,regime,-0.010623280309588968,-0.010337566023874683,0.5714285714285714,7,ai_infrastructure|autos|gold|mega_banks|regional_banks|semis|vertical_software
2024-07-12,regime,0.024066432989564724,0.024191432989564724,0.24999999999999983,8,ai_infrastructure|autos|gold|mega_banks|regional_banks|robotics|semis|vertical_software
2024-07-15,regime,-0.0008663860995010079,-0.0007532908614057701,0.22619047619047583,7,autos|gold|mega_banks|regional_banks|robotics|semis|vertical_software
2024-07-16,regime,0.023892983533692718,0.02403584067654986,0.285714285714286,6,autos|gold|mega_banks|regional_banks|robotics|vertical_software
2024-07-17,regime,-0.017226820085591454,-0.01706015341892479,0.33333333333333337,6,autos|gold|insurance|mega_banks|regional_banks|robotics
2024-07-18,regime,-0.019535387277575842,-0.019535387277575842,0.0,6,autos|gold|insurance|mega_banks|regional_banks|robotics
2024-07-19,regime,-0.013554346522132239,-0.013411489379275096,0.285714285714286,7,asset_managers|autos|gold|insurance|mega_banks|regional_banks|robotics
2024-07-22,regime,0.01045203340540665,0.01045203340540665,0.0,7,asset_managers|autos|gold|insurance|mega_banks|regional_banks|robotics
2024-07-23,regime,0.0034569141309351735,0.0034569141309351735,0.0,7,asset_managers|autos|gold|insurance|mega_banks|regional_banks|robotics
2024-07-24,regime,-0.026162785300106125,-0.026162785300106125,0.0,7,asset_managers|autos|gold|insurance|mega_banks|regional_banks|robotics
2024-07-25,regime,-0.0005654201935608616,-0.0002797059078465761,0.5714285714285712,7,aerospace|asset_managers|gold|insurance|mega_banks|pharma|regional_banks
2024-07-26,regime,0.017527773193427586,0.017527773193427586,0.0,7,aerospace|asset_managers|gold|insurance|mega_banks|pharma|regional_banks
2024-07-29,regime,-0.0014147536680233217,-0.0013016584299280838,0.22619047619047583,8,aerospace|asset_managers|biotech|gold|insurance|mega_banks|pharma|regional_banks
2024-07-30,regime,0.008833863632505694,0.008833863632505694,0.0,8,aerospace|asset_managers|biotech|gold|insurance|mega_banks|pharma|regional_banks
2024-07-31,regime,0.005125011926066801,0.005125011926066801,0.0,8,aerospace|asset_managers|biotech|gold|insurance|mega_banks|pharma|regional_banks
2024-08-01,regime,-0.011086989723884815,-0.010961989723884815,0.24999999999999978,7,aerospace|asset_managers|biotech|gold|insurance|pharma|regional_banks
2024-08-02,regime,-0.021261209651674773,-0.021261209651674773,0.0,7,aerospace|asset_managers|biotech|gold|insurance|pharma|regional_banks
2024-08-05,regime,-0.02654899031778904,-0.02642399031778904,0.24999999999999978,8,aerospace|asset_managers|biotech|gold|insurance|medtech|pharma|regional_banks
2024-08-06,regime,0.0074711344976605715,0.007596134497660572,0.25000000000000006,8,aerospace|biotech|gold|insurance|medtech|pharma|regional_banks|restaurants
2024-08-07,regime,-0.00767786897379658,-0.00742786897379658,0.4999999999999999,7,aerospace|biotech|insurance|medtech|payments|pharma|restaurants
2024-08-08,regime,0.020987507064794225,0.021112507064794225,0.24999999999999978,8,aerospace|biotech|consumer_staples|insurance|medtech|payments|pharma|restaurants
2024-08-09,regime,-0.004456681093131853,-0.004345569982020741,0.22222222222222238,9,aerospace|biotech|consumer_staples|defense|insurance|medtech|payments|pharma|restaurants
2024-08-12,regime,-0.004557152506338081,-0.00444604139522697,0.22222222222222235,9,aerospace|consumer_staples|defense|insurance|medtech|oil_exploration|payments|pharma|restaurants
2024-08-13,regime,0.003910889835454682,0.0041331120576769045,0.4444444444444445,9,aerospace|consumer|defense|insurance|medtech|payments|pharma|restaurants|vertical_software
2024-08-14,regime,0.004690703140264271,0.004790703140264271,0.20000000000000012,10,aerospace|consumer|cybersecurity|defense|insurance|medtech|payments|pharma|restaurants|vertical_software
2024-08-15,regime,0.0316449388860406,0.0317449388860406,0.19999999999999996,9,aerospace|consumer|cybersecurity|defense|insurance|medtech|payments|restaurants|vertical_software
2024-08-16,regime,0.006504034479810973,0.006837367813144306,0.6666666666666666,6,aerospace|cybersecurity|defense|insurance|payments|vertical_software
2024-08-19,regime,0.025863693694099632,0.025863693694099632,0.0,6,aerospace|cybersecurity|defense|insurance|payments|vertical_software
2024-08-20,regime,-0.007381526329742093,-0.007381526329742093,0.0,6,aerospace|cybersecurity|defense|insurance|payments|vertical_software
2024-08-21,regime,0.0073789029060305055,0.007545569572697172,0.33333333333333354,5,aerospace|cybersecurity|defense|payments|vertical_software
2024-08-22,regime,-0.013388953599588433,-0.013222286932921766,0.33333333333333354,6,aerospace|cybersecurity|defense|insurance|payments|vertical_software
2024-08-23,regime,0.0024720555666610574,0.0028470555666610573,0.7499999999999999,8,aerospace|defense|gold|insurance|medtech|payments|vertical_software|workflow_software
2024-08-26,regime,-0.00018149309822126922,-5.6493098221269133e-05,0.25000000000000017,8,aerospace|defense|fintech|gold|insurance|medtech|payments|workflow_software
2024-08-27,regime,-0.0017132685920216491,-0.0017132685920216491,0.0,8,aerospace|defense|fintech|gold|insurance|medtech|payments|workflow_software
2024-08-28,regime,-0.013643208419277193,-0.013532097308166083,0.22222222222222207,9,aerospace|consumer_staples|defense|fintech|gold|insurance|medtech|payments|workflow_software
2024-08-29,regime,0.011947099522947466,0.012058210634058576,0.22222222222222207,8,aerospace|defense|fintech|gold|insurance|medtech|payments|workflow_software
2024-08-30,regime,0.009091247761504198,0.009313469983726421,0.4444444444444443,9,aerospace|defense|fintech|insurance|medtech|mega_banks|payments|regional_banks|workflow_software
2024-09-03,regime,-0.01171735149561676,-0.01171735149561676,0.0,9,aerospace|defense|fintech|insurance|medtech|mega_banks|payments|regional_banks|workflow_software
2024-09-04,regime,0.004706131787956089,0.004706131787956089,0.0,9,aerospace|defense|fintech|insurance|medtech|mega_banks|payments|regional_banks|workflow_software
2024-09-05,regime,-0.017125523682113755,-0.017125523682113755,0.0,9,aerospace|defense|fintech|insurance|medtech|mega_banks|payments|regional_banks|workflow_software
2024-09-06,regime,-0.020467369881561604,-0.020245147659339383,0.4444444444444443,8,aerospace|defense|gold|insurance|medtech|payments|regional_banks|workflow_software
2024-09-09,regime,0.019673135087045216,0.019779616568526698,0.2129629629629628,9,aerospace|defense|gold|insurance|medtech|payments|regional_banks|vertical_software|workflow_software
2024-09-10,regime,0.0020970608369694295,0.0023192830591916517,0.4444444444444443,7,aerospace|defense|gold|insurance|medtech|payments|vertical_software
2024-09-11,regime,0.006817483055543511,0.006817483055543511,0.0,7,aerospace|defense|gold|insurance|medtech|payments|vertical_software
2024-09-12,regime,0.01087604339437833,0.01087604339437833,0.0,7,aerospace|defense|gold|insurance|medtech|payments|vertical_software
2024-09-13,regime,0.017222996889174284,0.017222996889174284,0.0,7,aerospace|defense|gold|insurance|medtech|payments|vertical_software
2024-09-16,regime,0.00613047761220994,0.00613047761220994,0.0,7,aerospace|defense|gold|insurance|medtech|payments|vertical_software
2024-09-17,regime,-0.00681326504053857,-0.0065632650405385694,0.4999999999999999,8,aerospace|asset_managers|defense|fintech|gold|insurance|payments|vertical_software
2024-09-18,regime,-0.002556891207113388,-0.002431891207113388,0.25,8,aerospace|ai_apps|asset_managers|defense|fintech|insurance|payments|vertical_software
2024-09-19,regime,0.01447739528471412,0.01447739528471412,0.0,8,aerospace|ai_apps|asset_managers|defense|fintech|insurance|payments|vertical_software
2024-09-20,regime,-0.0023592591294644234,-0.0022342591294644233,0.25000000000000017,8,aerospace|ai_apps|asset_managers|defense|fintech|nuclear|payments|vertical_software
2024-09-23,regime,0.005239640856148778,0.005350751967259889,0.22222222222222243,9,aerospace|ai_apps|asset_managers|defense|fintech|nuclear|payments|uranium|vertical_software
2024-09-24,regime,-0.000524013612294394,-0.00032401361229439395,0.40000000000000013,10,aerospace|ai_apps|asset_managers|consumer_internet|defense|nuclear|payments|travel|uranium|vertical_software
2024-09-25,regime,0.001957010258380546,0.0020570102583805463,0.20000000000000012,9,aerospace|ai_apps|asset_managers|consumer_internet|defense|nuclear|travel|uranium|vertical_software
2024-09-26,regime,0.013875573535803189,0.0139866846469143,0.22222222222222224,9,aerospace|ai_apps|asset_managers|china_internet|consumer_internet|nuclear|travel|uranium|vertical_software
2024-09-27,regime,0.022214040442054474,0.022214040442054474,0.0,9,aerospace|ai_apps|asset_managers|china_internet|consumer_internet|nuclear|travel|uranium|vertical_software
2024-09-30,regime,-0.0007166381686188647,-0.0006055270575077535,0.22222222222222243,8,aerospace|ai_apps|china_internet|consumer_internet|nuclear|travel|uranium|vertical_software
2024-10-01,regime,0.03393092629149081,0.03404203740260192,0.22222222222222243,9,aerospace|ai_apps|china_internet|consumer_internet|defense|nuclear|travel|uranium|vertical_software
2024-10-02,regime,0.031236152156184548,0.03134726326729566,0.22222222222222243,8,ai_apps|china_internet|consumer_internet|defense|nuclear|travel|uranium|vertical_software
2024-10-03,regime,-0.002864014168613849,-0.002864014168613849,0.0,8,ai_apps|china_internet|consumer_internet|defense|nuclear|travel|uranium|vertical_software
2024-10-04,regime,0.03006244603458614,0.03017355714569725,0.22222222222222243,9,ai_apps|china_internet|consumer_internet|defense|nuclear|oil_exploration|travel|uranium|vertical_software
2024-10-07,regime,-0.01346155806813381,-0.013350446957022699,0.22222222222222243,8,ai_apps|china_internet|consumer_internet|defense|nuclear|oil_exploration|travel|uranium
2024-10-08,regime,-0.029215080617659508,-0.029215080617659508,0.0,8,ai_apps|china_internet|consumer_internet|defense|nuclear|oil_exploration|travel|uranium
2024-10-09,regime,-0.009335431657535639,-0.009335431657535639,0.0,8,ai_apps|china_internet|consumer_internet|defense|nuclear|oil_exploration|travel|uranium
2024-10-10,regime,-0.004925973468195821,-0.004800973468195821,0.2499999999999995,7,ai_apps|china_internet|consumer_internet|nuclear|oil_exploration|travel|uranium
2024-10-11,regime,0.01302135093331521,0.013146350933315211,0.2499999999999995,8,ai_apps|china_internet|consumer_internet|dev_tools|nuclear|oil_exploration|travel|uranium
2024-10-14,regime,-0.0015260508174411416,-0.0013038285952189192,0.4444444444444447,9,ai_apps|consumer_internet|data_centers|dev_tools|fintech|nuclear|oil_exploration|travel|uranium
2024-10-15,regime,-0.01461688887794016,-0.014320592581643863,0.5925925925925926,8,ai_apps|cybersecurity|data_centers|fintech|nuclear|travel|uranium|workflow_software
2024-10-16,regime,0.043246427724744706,0.043371427724744706,0.24999999999999997,8,cybersecurity|data_centers|fintech|mega_banks|nuclear|travel|uranium|workflow_software
2024-10-17,regime,-0.004121567101555485,-0.004015085620074003,0.2129629629629628,9,asset_managers|cybersecurity|data_centers|fintech|mega_banks|nuclear|travel|uranium|workflow_software
2024-10-18,regime,0.028418716250413027,0.028529827361524138,0.22222222222222243,8,asset_managers|data_centers|fintech|mega_banks|nuclear|travel|uranium|workflow_software
2024-10-21,regime,0.003747989924503437,0.003867037543551056,0.23809523809523764,7,asset_managers|data_centers|fintech|nuclear|travel|uranium|workflow_software
2024-10-22,regime,-0.011892474050234013,-0.011767474050234013,0.2499999999999997,8,asset_managers|data_centers|fintech|nuclear|regional_banks|travel|uranium|workflow_software
2024-10-23,regime,-0.027474763808169878,-0.027349763808169877,0.2499999999999997,7,asset_managers|data_centers|fintech|nuclear|regional_banks|travel|uranium
2024-10-24,regime,0.0076115917530287375,0.0076115917530287375,0.0,7,asset_managers|data_centers|fintech|nuclear|regional_banks|travel|uranium
2024-10-25,regime,-0.0013755961736827372,-0.0012327390308255943,0.285714285714286,6,asset_managers|data_centers|fintech|nuclear|regional_banks|uranium
2024-10-28,regime,0.03789980981735867,0.03789980981735867,0.0,6,asset_managers|data_centers|fintech|nuclear|regional_banks|uranium
2024-10-29,regime,0.001191245071659379,0.001566245071659379,0.7499999999999999,8,ai_infrastructure|asset_managers|data_centers|fintech|nuclear|travel|uranium|vertical_software
2024-10-30,regime,-0.023461973556679238,-0.023086973556679238,0.7499999999999999,7,ai_apps|dev_tools|fintech|nuclear|travel|uranium|vertical_software
2024-10-31,regime,-0.020902930505604003,-0.02076007336274686,0.2857142857142857,7,ai_apps|cloud|dev_tools|fintech|nuclear|travel|vertical_software
2024-11-01,regime,-0.0036283414454049145,-0.0034854843025477716,0.2857142857142857,7,ai_apps|cloud|dev_tools|fintech|travel|vertical_software|workflow_software
2024-11-04,regime,0.0010742531047670315,0.0010742531047670315,0.0,7,ai_apps|cloud|dev_tools|fintech|travel|vertical_software|workflow_software
2024-11-05,regime,0.024907750579267845,0.024907750579267845,0.0,7,ai_apps|cloud|dev_tools|fintech|travel|vertical_software|workflow_software
2024-11-06,regime,0.03244443510185978,0.03244443510185978,0.0,7,ai_apps|cloud|dev_tools|fintech|travel|vertical_software|workflow_software
2024-11-07,regime,0.01853195066169586,0.01853195066169586,0.0,7,ai_apps|cloud|dev_tools|fintech|travel|vertical_software|workflow_software
2024-11-08,regime,0.0031384566459101227,0.0032813137887672656,0.2857142857142857,7,ai_apps|business_apps|cloud|fintech|travel|vertical_software|workflow_software
2024-11-11,regime,0.03616557078783046,0.03616557078783046,0.0,7,ai_apps|business_apps|cloud|fintech|travel|vertical_software|workflow_software
2024-11-12,regime,-0.006012602821483298,-0.006012602821483298,0.0,7,ai_apps|business_apps|cloud|fintech|travel|vertical_software|workflow_software
2024-11-13,regime,-0.011525263063861103,-0.01138240592100396,0.2857142857142857,7,ai_apps|business_apps|cloud|defense|fintech|vertical_software|workflow_software
2024-11-14,regime,-0.02517677007796331,-0.02505772245891569,0.23809523809523797,8,ai_apps|business_apps|cloud|defense|dev_tools|fintech|vertical_software|workflow_software
2024-11-15,regime,-0.010070852367421987,-0.009848630145199764,0.4444444444444446,9,ai_apps|asset_managers|business_apps|defense|dev_tools|fintech|mega_banks|vertical_software|workflow_software
2024-11-18,regime,0.007443410719183923,0.007554521830295034,0.22222222222222238,8,ai_apps|asset_managers|business_apps|dev_tools|fintech|mega_banks|vertical_software|workflow_software
2024-11-19,regime,0.012314529081136956,0.012314529081136956,0.0,8,ai_apps|asset_managers|business_apps|dev_tools|fintech|mega_banks|vertical_software|workflow_software
2024-11-20,regime,0.0013165209347477673,0.0014415209347477672,0.24999999999999978,7,ai_apps|asset_managers|business_apps|dev_tools|fintech|vertical_software|workflow_software
2024-11-21,regime,0.036597770537423746,0.036597770537423746,0.0,7,ai_apps|asset_managers|business_apps|dev_tools|fintech|vertical_software|workflow_software
2024-11-22,regime,0.0185496812966527,0.0185496812966527,0.0,7,ai_apps|asset_managers|business_apps|dev_tools|fintech|vertical_software|workflow_software
2024-11-25,regime,0.005836023383477488,0.006037081584535689,0.40211640211640204,9,ai_apps|asset_managers|business_apps|cloud|dev_tools|fintech|travel|vertical_software|workflow_software
2024-11-26,regime,-0.012171902445051093,-0.012060791333939983,0.22222222222222243,9,ai_apps|asset_managers|business_apps|cloud|dev_tools|mega_banks|travel|vertical_software|workflow_software
2024-11-27,regime,-0.004830536262692316,-0.004608314040470093,0.44444444444444475,9,ai_apps|asset_managers|cloud|dev_tools|fintech|insurance|mega_banks|travel|workflow_software
2024-11-29,regime,9.533161596378528e-05,0.0003175538381860075,0.4444444444444444,9,aerospace|ai_apps|asset_managers|cloud|defense|dev_tools|fintech|insurance|workflow_software
2024-12-02,regime,-0.014586683012664652,-0.014142238568220208,0.8888888888888885,6,ai_apps|cloud|cybersecurity|dev_tools|fintech|workflow_software
2024-12-03,regime,0.009293438208856973,0.009293438208856973,0.0,6,ai_apps|cloud|cybersecurity|dev_tools|fintech|workflow_software
2024-12-04,regime,0.035309018286777884,0.035309018286777884,0.0,6,ai_apps|cloud|cybersecurity|dev_tools|fintech|workflow_software
2024-12-05,regime,-0.01793131330101861,-0.01793131330101861,0.0,6,ai_apps|cloud|cybersecurity|dev_tools|fintech|workflow_software
2024-12-06,regime,0.01833608445417702,0.018478941597034164,0.28571428571428537,7,ai_apps|business_apps|cloud|cybersecurity|dev_tools|fintech|workflow_software
2024-12-09,regime,-0.008837134653497352,-0.008712134653497352,0.24999999999999994,8,ai_apps|business_apps|china_internet|cloud|cybersecurity|dev_tools|fintech|workflow_software
2024-12-10,regime,-0.03443135791993599,-0.03432950606808414,0.20370370370370372,9,ai_apps|business_apps|china_internet|cloud|consumer_internet|cybersecurity|dev_tools|fintech|workflow_software
2024-12-11,regime,0.010528671165839968,0.010528671165839968,0.0,9,ai_apps|business_apps|china_internet|cloud|consumer_internet|cybersecurity|dev_tools|fintech|workflow_software
2024-12-12,regime,-0.010781793382516074,-0.010781793382516074,0.0,9,ai_apps|business_apps|china_internet|cloud|consumer_internet|cybersecurity|dev_tools|fintech|workflow_software
2024-12-13,regime,-0.009405333869388459,-0.009405333869388459,0.0,9,ai_apps|business_apps|china_internet|cloud|consumer_internet|cybersecurity|dev_tools|fintech|workflow_software
2024-12-16,regime,0.009431679457882942,0.009538160939364423,0.21296296296296297,8,ai_apps|business_apps|cloud|consumer_internet|cybersecurity|dev_tools|fintech|workflow_software
2024-12-17,regime,-0.004106396145044511,-0.004106396145044511,0.0,8,ai_apps|business_apps|cloud|consumer_internet|cybersecurity|dev_tools|fintech|workflow_software
2024-12-18,regime,-0.04661003497384648,-0.046262812751624256,0.6944444444444444,6,ai_apps|autos|business_apps|cloud|consumer_internet|workflow_software
2024-12-19,regime,0.002015654850514735,0.002015654850514735,0.0,6,ai_apps|autos|business_apps|cloud|consumer_internet|workflow_software
2024-12-20,regime,0.018317905760282412,0.018567905760282413,0.5,8,ai_apps|autos|business_apps|cloud|consumer_internet|cybersecurity|robotics|workflow_software
2024-12-23,regime,0.0018637506954675303,0.0021077983145151493,0.48809523809523775,7,ai_apps|autos|cloud|consumer_internet|cybersecurity|robotics|travel
2024-12-24,regime,0.014191879340983595,0.014316879340983595,0.2499999999999995,8,ai_apps|ai_infrastructure|autos|cloud|consumer_internet|cybersecurity|robotics|travel
2024-12-26,regime,0.0047663696723826655,0.004891369672382666,0.25000000000000006,8,aerospace|ai_apps|ai_infrastructure|autos|consumer_internet|cybersecurity|robotics|travel
2024-12-27,regime,-0.022692772543799308,-0.022567772543799307,0.25000000000000017,8,aerospace|ai_apps|ai_infrastructure|autos|consumer_internet|defense|robotics|travel
2024-12-30,regime,-0.013197041608997477,-0.013197041608997477,0.0,8,aerospace|ai_apps|ai_infrastructure|autos|consumer_internet|defense|robotics|travel
2024-12-31,regime,-0.015487892882186393,-0.015362892882186393,0.25,8,aerospace|ai_apps|autos|consumer_internet|defense|oil_exploration|robotics|travel
2025-01-02,regime,-0.0006153203438360151,-0.00037127272478839626,0.48809523809523775,7,aerospace|ai_apps|autos|consumer_internet|oil_exploration|restaurants|robotics
2025-01-03,regime,0.05067662391974897,0.05095440169752675,0.5555555555555555,6,aerospace|ai_apps|autos|mega_banks|oil_exploration|robotics
2025-01-06,regime,0.010702476312207753,0.010952476312207754,0.5,8,aerospace|ai_apps|ai_infrastructure|autos|mega_banks|oil_exploration|robotics|semis
2025-01-07,regime,-0.024655245927835773,-0.024530245927835773,0.24999999999999983,7,aerospace|ai_infrastructure|autos|mega_banks|oil_exploration|robotics|semis
2025-01-08,regime,-0.024677764657137637,-0.024427764657137637,0.4999999999999999,8,aerospace|ai_infrastructure|data_centers|medtech|mega_banks|oil_exploration|robotics|semis
2025-01-10,regime,-0.0025347038899858,-0.0024235927788746887,0.22222222222222238,9,aerospace|ai_infrastructure|data_centers|gold|medtech|mega_banks|oil_exploration|robotics|semis
2025-01-13,regime,-0.013943808965619144,-0.013721586743396921,0.44444444444444464,8,ai_infrastructure|data_centers|gold|medtech|mega_banks|oil_exploration|pharma|semis
2025-01-14,regime,0.012400550387415811,0.012511661498526921,0.22222222222222238,9,ai_infrastructure|data_centers|gold|medtech|mega_banks|oil_exploration|pharma|regional_banks|semis
2025-01-15,regime,0.020353221054116744,0.020543697244592932,0.3809523809523807,7,ai_infrastructure|data_centers|gold|medtech|mega_banks|oil_exploration|regional_banks
2025-01-16,regime,0.0030825463607546664,0.0032254035036118093,0.285714285714286,6,ai_infrastructure|data_centers|gold|medtech|mega_banks|oil_exploration
2025-01-17,regime,0.0037708133450691217,0.003913670487926265,0.285714285714286,7,ai_infrastructure|data_centers|gold|medtech|mega_banks|oil_exploration|regional_banks
2025-01-21,regime,0.01825292024216723,0.01847514246438945,0.4444444444444441,9,ai_infrastructure|asset_managers|data_centers|defense|gold|medtech|mega_banks|oil_exploration|regional_banks
2025-01-22,regime,0.005686686065836494,0.005797797176947605,0.22222222222222207,8,ai_infrastructure|asset_managers|data_centers|defense|gold|medtech|mega_banks|oil_exploration
2025-01-23,regime,0.007772997510462766,0.007995219732684989,0.4444444444444444,9,ai_infrastructure|asset_managers|data_centers|defense|gold|medtech|mega_banks|nuclear|uranium
2025-01-24,regime,-0.005724857580155787,-0.005613746469044676,0.22222222222222207,8,ai_infrastructure|asset_managers|data_centers|gold|medtech|mega_banks|nuclear|uranium
2025-01-27,regime,-0.10318826413853811,-0.10256326413853811,1.2500000000000002,5,asset_managers|insurance|medtech|mega_banks|regional_banks
2025-01-28,regime,-0.0013949903573266778,-0.0009664189287552491,0.8571428571428573,7,asset_managers|cybersecurity|dev_tools|medtech|mega_banks|regional_banks|workflow_software
2025-01-29,regime,-0.013139611855994701,-0.012996754713137559,0.2857142857142856,7,asset_managers|cybersecurity|dev_tools|medtech|mega_banks|nuclear|workflow_software
2025-01-30,regime,0.0175644787622532,0.017850193047967484,0.5714285714285715,6,asset_managers|china_internet|cybersecurity|medtech|mega_banks|nuclear
2025-01-31,regime,-0.014402704373835038,-0.014259847230977896,0.285714285714286,7,asset_managers|china_internet|cybersecurity|dev_tools|medtech|mega_banks|nuclear
2025-02-03,regime,-0.0037844687661223115,-0.003415421147074693,0.7380952380952377,8,asset_managers|consumer|cybersecurity|dev_tools|gold|medtech|nuclear|workflow_software
2025-02-04,regime,0.005198797108999935,0.005323797108999935,0.25,8,consumer|consumer_internet|cybersecurity|dev_tools|gold|medtech|nuclear|workflow_software
2025-02-05,regime,0.008073276787712486,0.008323276787712486,0.49999999999999994,6,consumer|cybersecurity|dev_tools|gold|medtech|workflow_software
2025-02-06,regime,-0.008498732627326217,-0.008213018341611932,0.5714285714285713,7,china_internet|consumer|consumer_internet|cybersecurity|dev_tools|gold|workflow_software
2025-02-07,regime,0.020782004936964353,0.021067719222678638,0.5714285714285714,6,china_internet|consumer|consumer_internet|cybersecurity|gold|travel
2025-02-10,regime,0.015774227349203845,0.015917084492060987,0.2857142857142856,7,china_internet|consumer|consumer_internet|cybersecurity|gold|nuclear|travel
2025-02-11,regime,-0.022118500822864862,-0.02197564368000772,0.2857142857142856,6,china_internet|consumer_internet|cybersecurity|gold|nuclear|travel
2025-02-12,regime,0.023997871613872828,0.023997871613872828,0.0,6,china_internet|consumer_internet|cybersecurity|gold|nuclear|travel
2025-02-13,regime,0.004387735674894756,0.004554402341561422,0.3333333333333333,6,ai_apps|china_internet|consumer_internet|cybersecurity|gold|travel
2025-02-14,regime,0.015439718882487555,0.015439718882487555,0.0,6,ai_apps|china_internet|consumer_internet|cybersecurity|gold|travel
2025-02-18,regime,0.003192702420114324,0.003192702420114324,0.0,6,ai_apps|china_internet|consumer_internet|cybersecurity|gold|travel
2025-02-19,regime,-0.008993834936513454,-0.008827168269846787,0.33333333333333354,5,china_internet|consumer_internet|cybersecurity|gold|travel
2025-02-20,regime,-0.001305858808313901,-0.001305858808313901,0.0,5,china_internet|consumer_internet|cybersecurity|gold|travel
2025-02-21,regime,-0.02189976175714509,-0.021614047471430805,0.5714285714285717,7,china_internet|consumer_internet|consumer_staples|cybersecurity|gold|retail|travel
2025-02-24,regime,-0.021204878850429196,-0.02091916456471491,0.5714285714285714,7,biotech|china_internet|consumer_internet|consumer_staples|gold|pharma|retail
2025-02-25,regime,-0.004076437200321503,-0.003951437200321503,0.24999999999999983,8,biotech|china_internet|consumer_internet|consumer_staples|gold|insurance|pharma|retail
2025-02-26,regime,-0.0038393693462738195,-0.0038393693462738195,0.0,8,biotech|china_internet|consumer_internet|consumer_staples|gold|insurance|pharma|retail
2025-02-27,regime,-0.00457677038448784,-0.00445177038448784,0.24999999999999983,7,biotech|china_internet|consumer_staples|gold|insurance|pharma|retail
2025-02-28,regime,-0.0004087079278934162,-0.00018648570567119407,0.4444444444444443,9,biotech|china_internet|consumer|consumer_staples|gold|insurance|pharma|restaurants|retail
2025-03-03,regime,-0.00706217969223803,-0.00706217969223803,0.0,9,biotech|china_internet|consumer|consumer_staples|gold|insurance|pharma|restaurants|retail
2025-03-04,regime,0.002810370482782428,0.002810370482782428,0.0,9,biotech|china_internet|consumer|consumer_staples|gold|insurance|pharma|restaurants|retail
2025-03-05,regime,0.024188247658725116,0.024188247658725116,0.0,9,biotech|china_internet|consumer|consumer_staples|gold|insurance|pharma|restaurants|retail
2025-03-06,regime,0.00021538020328001767,0.00021538020328001767,0.0,9,biotech|china_internet|consumer|consumer_staples|gold|insurance|pharma|restaurants|retail
2025-03-07,regime,0.01220023265760067,0.01220023265760067,0.0,9,biotech|china_internet|consumer|consumer_staples|gold|insurance|pharma|restaurants|retail
2025-03-10,regime,-0.024394064946438823,-0.024394064946438823,0.0,9,biotech|china_internet|consumer|consumer_staples|gold|insurance|pharma|restaurants|retail
2025-03-11,regime,-0.00824975902801432,-0.008143277546532839,0.21296296296296297,8,biotech|china_internet|consumer|consumer_staples|gold|insurance|pharma|restaurants
2025-03-12,regime,-0.0091660125843212,-0.0091660125843212,0.0,8,biotech|china_internet|consumer|consumer_staples|gold|insurance|pharma|restaurants
2025-03-13,regime,-0.0009694975287091543,-0.0007194975287091543,0.4999999999999999,6,biotech|china_internet|consumer_staples|gold|insurance|pharma
2025-03-14,regime,0.0068048922539764144,0.0068048922539764144,0.0,6,biotech|china_internet|consumer_staples|gold|insurance|pharma
2025-03-17,regime,0.023829857449842087,0.02397271459269923,0.2857142857142856,7,biotech|china_internet|consumer_staples|defense|gold|insurance|pharma
2025-03-18,regime,-0.0004682512733450969,-0.0004682512733450969,0.0,7,biotech|china_internet|consumer_staples|defense|gold|insurance|pharma
2025-03-19,regime,-0.0041840638412131885,-0.004059063841213188,0.24999999999999978,8,biotech|china_internet|consumer_staples|defense|gold|insurance|oil_exploration|pharma
2025-03-20,regime,-0.011736844310227394,-0.011498749072132155,0.47619047619047583,7,china_internet|defense|gold|insurance|oil_exploration|pharma|vertical_software
2025-03-21,regime,-0.005303084454621728,-0.0051602273117645845,0.285714285714286,6,defense|gold|insurance|oil_exploration|pharma|vertical_software
2025-03-24,regime,0.011926043046127844,0.012211757331842129,0.5714285714285715,7,defense|gold|insurance|mega_banks|nuclear|oil_exploration|vertical_software
2025-03-25,regime,-0.0025234379322739728,-0.00238058078941683,0.28571428571428564,7,ai_apps|defense|gold|insurance|mega_banks|oil_exploration|vertical_software
2025-03-26,regime,-0.01535413173522835,-0.015211274592371208,0.28571428571428564,7,defense|gold|insurance|mega_banks|oil_exploration|regional_banks|vertical_software
2025-03-27,regime,-0.004510561829024355,-0.004224847543310069,0.5714285714285714,7,consumer|defense|gold|insurance|mega_banks|oil_exploration|restaurants
2025-03-28,regime,-0.012993604043940527,-0.012850746901083385,0.2857142857142857,7,consumer|consumer_staples|defense|gold|insurance|oil_exploration|restaurants
2025-03-31,regime,0.011900589315242953,0.011900589315242953,0.0,7,consumer|consumer_staples|defense|gold|insurance|oil_exploration|restaurants
2025-04-01,regime,0.003667808108193867,0.003667808108193867,0.0,7,consumer|consumer_staples|defense|gold|insurance|oil_exploration|restaurants
2025-04-02,regime,0.009780709193590694,0.009780709193590694,0.0,7,consumer|consumer_staples|defense|gold|insurance|oil_exploration|restaurants
2025-04-03,regime,-0.03047741354792482,-0.03047741354792482,0.0,7,consumer|consumer_staples|defense|gold|insurance|oil_exploration|restaurants
2025-04-04,regime,-0.07192028182196124,-0.07180123420291362,0.23809523809523792,8,consumer|consumer_staples|defense|gold|insurance|oil_exploration|restaurants|retail
2025-04-07,regime,-0.004550524252373035,-0.004425524252373035,0.24999999999999978,7,consumer|consumer_staples|defense|gold|insurance|restaurants|retail
2025-04-08,regime,-0.007657608665702203,-0.007657608665702203,0.0,7,consumer|consumer_staples|defense|gold|insurance|restaurants|retail
2025-04-09,regime,0.04994218941013719,0.05006718941013719,0.24999999999999983,8,aerospace|consumer|consumer_staples|defense|gold|insurance|restaurants|retail
2025-04-10,regime,0.00040087737696027143,0.00040087737696027143,0.0,8,aerospace|consumer|consumer_staples|defense|gold|insurance|restaurants|retail
2025-04-11,regime,0.012696847484332816,0.012696847484332816,0.0,8,aerospace|consumer|consumer_staples|defense|gold|insurance|restaurants|retail
2025-04-14,regime,0.010506455450920042,0.010506455450920042,0.0,8,aerospace|consumer|consumer_staples|defense|gold|insurance|restaurants|retail
2025-04-15,regime,-0.0020243770229364942,-0.0018993770229364941,0.25000000000000017,8,aerospace|consumer_staples|defense|gold|insurance|restaurants|retail|vertical_software
2025-04-16,regime,-0.005870528082370427,-0.005870528082370427,0.0,8,aerospace|consumer_staples|defense|gold|insurance|restaurants|retail|vertical_software
2025-04-17,regime,0.005652284925136988,0.0057772849251369884,0.2499999999999995,7,aerospace|consumer_staples|defense|gold|insurance|retail|vertical_software
2025-04-21,regime,-0.013607854926282019,-0.013607854926282019,0.0,7,aerospace|consumer_staples|defense|gold|insurance|retail|vertical_software
2025-04-22,regime,0.01221625963599154,0.01221625963599154,0.0,7,aerospace|consumer_staples|defense|gold|insurance|retail|vertical_software
2025-04-23,regime,0.008803605823865194,0.009089320109579479,0.5714285714285712,7,consumer_staples|defense|gold|mega_banks|retail|uranium|vertical_software
2025-04-24,regime,0.015960599422380654,0.015960599422380654,0.0,7,consumer_staples|defense|gold|mega_banks|retail|uranium|vertical_software
2025-04-25,regime,-0.0017522481387050046,-0.001377248138705005,0.7499999999999996,8,data_centers|defense|gold|mega_banks|nuclear|uranium|vertical_software|workflow_software
2025-04-28,regime,0.0065083299131001365,0.006633329913100137,0.25000000000000006,8,autos|data_centers|defense|mega_banks|nuclear|uranium|vertical_software|workflow_software
2025-04-29,regime,0.002148406012591862,0.002435443049628899,0.5740740740740743,9,ai_apps|data_centers|defense|dev_tools|fintech|nuclear|uranium|vertical_software|workflow_software
2025-04-30,regime,-0.015506964648089006,-0.015400483166607524,0.21296296296296313,8,ai_apps|data_centers|defense|fintech|nuclear|uranium|vertical_software|workflow_software
2025-05-01,regime,0.008851775832517391,0.009051775832517392,0.40000000000000013,10,ai_apps|cloud|data_centers|defense|dev_tools|fintech|nuclear|uranium|vertical_software|workflow_software
2025-05-02,regime,0.022803706704301832,0.02300370670430183,0.4,10,ai_apps|cloud|consumer_internet|cybersecurity|data_centers|defense|dev_tools|nuclear|vertical_software|workflow_software
2025-05-05,regime,-0.0009867142532232682,-0.000886714253223268,0.20000000000000034,9,ai_apps|cloud|consumer_internet|cybersecurity|data_centers|defense|dev_tools|nuclear|vertical_software
2025-05-06,regime,-0.005904804586135285,-0.005804804586135285,0.2000000000000003,10,ai_apps|cloud|consumer_internet|cybersecurity|data_centers|defense|dev_tools|nuclear|uranium|vertical_software
2025-05-07,regime,0.002331309154096258,0.002531309154096258,0.4000000000000003,9,ai_apps|cloud|cybersecurity|data_centers|dev_tools|nuclear|travel|uranium|vertical_software
2025-05-08,regime,0.008518829134979899,0.008736421727572491,0.4351851851851851,8,ai_apps|cybersecurity|data_centers|fintech|nuclear|travel|uranium|vertical_software
2025-05-09,regime,-0.003896216028103412,-0.003771216028103412,0.25000000000000017,8,cybersecurity|data_centers|fintech|nuclear|robotics|travel|uranium|vertical_software
2025-05-12,regime,0.038678283867253874,0.038678283867253874,0.0,8,cybersecurity|data_centers|fintech|nuclear|robotics|travel|uranium|vertical_software
2025-05-13,regime,0.038156987635547215,0.038531987635547216,0.7499999999999999,6,ai_apps|data_centers|fintech|nuclear|robotics|travel
2025-05-14,regime,0.01604270313882969,0.0162788142499408,0.4722222222222222,8,ai_apps|ai_infrastructure|data_centers|fintech|nuclear|robotics|travel|uranium
2025-05-15,regime,-0.018467302683011614,-0.018245080460789393,0.44444444444444453,9,ai_apps|ai_infrastructure|asset_managers|data_centers|fintech|mega_banks|nuclear|robotics|travel
2025-05-16,regime,0.010999664173462868,0.01121725676605546,0.43518518518518523,8,ai_apps|ai_infrastructure|asset_managers|data_centers|dev_tools|fintech|mega_banks|travel
2025-05-19,regime,-0.006802616615601697,-0.006552616615601697,0.49999999999999967,6,ai_infrastructure|asset_managers|data_centers|fintech|mega_banks|travel
2025-05-20,regime,-0.011743839549149367,-0.01146606177137159,0.5555555555555554,7,ai_infrastructure|asset_managers|autos|business_apps|data_centers|fintech|mega_banks
2025-05-21,regime,-0.024228640959396152,-0.023942926673681867,0.5714285714285712,6,ai_infrastructure|autos|business_apps|data_centers|fintech|nuclear
2025-05-22,regime,0.0052001501691849045,0.005450150169184905,0.4999999999999996,8,ai_infrastructure|autos|business_apps|cloud|data_centers|dev_tools|fintech|nuclear
2025-05-23,regime,0.006710059468509578,0.0068350594685095785,0.25000000000000006,8,ai_infrastructure|business_apps|cloud|data_centers|dev_tools|fintech|nuclear|uranium
2025-05-27,regime,0.03724834921688454,0.03737334921688454,0.25000000000000006,8,aerospace|ai_infrastructure|business_apps|data_centers|dev_tools|fintech|nuclear|uranium
2025-05-28,regime,-0.008553506104009918,-0.008428506104009918,0.24999999999999983,7,aerospace|ai_infrastructure|business_apps|data_centers|fintech|nuclear|uranium
2025-05-29,regime,-0.019674007711046368,-0.019539087076125734,0.26984126984126977,6,aerospace|business_apps|data_centers|fintech|nuclear|uranium
2025-05-30,regime,-0.004917751082621153,-0.00477489393976401,0.2857142857142856,7,aerospace|business_apps|data_centers|defense|fintech|nuclear|uranium
2025-06-02,regime,3.064988198936479e-05,0.00033064988198936476,0.6,10,aerospace|business_apps|cloud|cybersecurity|data_centers|defense|fintech|gold|nuclear|uranium
2025-06-03,regime,0.02517311208111433,0.02527311208111433,0.19999999999999996,9,aerospace|business_apps|cloud|cybersecurity|data_centers|defense|fintech|nuclear|uranium
2025-06-04,regime,0.00011768835153645109,0.0002287994626475622,0.2222222222222222,9,aerospace|ai_infrastructure|business_apps|cloud|data_centers|defense|fintech|nuclear|uranium
2025-06-05,regime,-0.0073324910810374485,-0.007221379969926337,0.2222222222222222,9,aerospace|ai_infrastructure|business_apps|cloud|data_centers|dev_tools|fintech|nuclear|uranium
2025-06-06,regime,0.011658226260001155,0.011880448482223378,0.4444444444444446,8,aerospace|ai_infrastructure|cloud|data_centers|dev_tools|nuclear|semis|uranium
2025-06-09,regime,0.011929180645788165,0.011929180645788165,0.0,8,aerospace|ai_infrastructure|cloud|data_centers|dev_tools|nuclear|semis|uranium
2025-06-10,regime,-0.017312889988029247,-0.017068842368981627,0.4880952380952377,7,aerospace|ai_infrastructure|cloud|data_centers|dev_tools|pharma|semis
2025-06-11,regime,0.0015063368262396588,0.0019349082548110873,0.857142857142857,5,aerospace|ai_infrastructure|nuclear|pharma|semis
2025-06-12,regime,-0.0031811374801470373,-0.0030144708134803707,0.33333333333333337,6,aerospace|ai_infrastructure|gold|nuclear|pharma|semis
2025-06-13,regime,-0.007537300031484754,-0.007241003735188458,0.5925925925925926,9,aerospace|ai_infrastructure|defense|gold|nuclear|oil_exploration|pharma|semis|uranium
2025-06-16,regime,0.012441509674281561,0.012547991155763043,0.2129629629629631,8,aerospace|ai_infrastructure|gold|nuclear|oil_exploration|pharma|semis|uranium
2025-06-17,regime,-0.007420833435991246,-0.0072958334359912455,0.24999999999999978,7,aerospace|ai_infrastructure|gold|nuclear|oil_exploration|semis|uranium
2025-06-18,regime,0.007133018474801205,0.007133018474801205,0.0,7,aerospace|ai_infrastructure|gold|nuclear|oil_exploration|semis|uranium
2025-06-20,regime,-0.0010696265993092818,-0.0009267694564521391,0.2857142857142856,6,aerospace|ai_infrastructure|nuclear|oil_exploration|semis|uranium
2025-06-23,regime,-0.009792169589421354,-0.009657248954500718,0.26984126984126977,7,aerospace|ai_infrastructure|defense|nuclear|oil_exploration|semis|uranium
2025-06-24,regime,0.02516113817681373,0.02541113817681373,0.4999999999999999,8,aerospace|ai_infrastructure|data_centers|defense|mega_banks|nuclear|semis|uranium
2025-06-25,regime,-0.014720274137584654,-0.014720274137584654,0.0,8,aerospace|ai_infrastructure|data_centers|defense|mega_banks|nuclear|semis|uranium
2025-06-26,regime,0.02140519635096637,0.02140519635096637,0.0,8,aerospace|ai_infrastructure|data_centers|defense|mega_banks|nuclear|semis|uranium
2025-06-27,regime,-0.0041516069723644515,-0.004026606972364451,0.25,8,aerospace|ai_infrastructure|asset_managers|data_centers|defense|mega_banks|semis|uranium
2025-06-30,regime,0.009293031187694246,0.009404142298805356,0.22222222222222238,9,aerospace|ai_infrastructure|asset_managers|data_centers|defense|fintech|mega_banks|semis|uranium
2025-07-01,regime,-0.019355661316199535,-0.019244550205088425,0.2222222222222222,9,aerospace|ai_infrastructure|asset_managers|data_centers|defense|fintech|mega_banks|regional_banks|semis
2025-07-02,regime,0.01598447622943144,0.016090957710912922,0.2129629629629631,8,aerospace|ai_infrastructure|asset_managers|data_centers|fintech|mega_banks|regional_banks|semis
2025-07-03,regime,0.008772964425937403,0.008772964425937403,0.0,8,aerospace|ai_infrastructure|asset_managers|data_centers|fintech|mega_banks|regional_banks|semis
2025-07-07,regime,-0.0057121782498267,-0.005601067138715589,0.22222222222222238,9,aerospace|ai_infrastructure|asset_managers|data_centers|fintech|mega_banks|regional_banks|semis|vertical_software
2025-07-08,regime,0.0008725515510708205,0.0008725515510708205,0.0,9,aerospace|ai_infrastructure|asset_managers|data_centers|fintech|mega_banks|regional_banks|semis|vertical_software
2025-07-09,regime,0.005469964850245595,0.0055810759613567065,0.2222222222222222,9,ai_infrastructure|asset_managers|data_centers|dev_tools|fintech|mega_banks|regional_banks|semis|vertical_software
2025-07-10,regime,-0.0007013929479802789,-0.0005902818368691677,0.22222222222222238,8,ai_infrastructure|asset_managers|dev_tools|fintech|mega_banks|regional_banks|semis|vertical_software
2025-07-11,regime,-0.010482347194846198,-0.010357347194846198,0.25,8,ai_infrastructure|asset_managers|defense|fintech|mega_banks|regional_banks|semis|vertical_software
2025-07-14,regime,-0.0026973883571594225,-0.0024473883571594227,0.4999999999999999,7,aerospace|asset_managers|defense|fintech|mega_banks|regional_banks|vertical_software
2025-07-15,regime,-0.009418219613832506,-0.009168219613832506,0.4999999999999999,8,aerospace|asset_managers|defense|fintech|mega_banks|nuclear|regional_banks|uranium
2025-07-16,regime,0.0268872177271183,0.02700626534616592,0.23809523809523792,7,aerospace|asset_managers|defense|fintech|nuclear|regional_banks|uranium
2025-07-17,regime,0.032814585821186355,0.0329574429640435,0.28571428571428564,6,aerospace|asset_managers|defense|fintech|nuclear|uranium
2025-07-18,regime,0.01176978144348769,0.01176978144348769,0.0,6,aerospace|asset_managers|defense|fintech|nuclear|uranium
2025-07-21,regime,-0.03235830784448553,-0.03221545070162839,0.28571428571428564,7,aerospace|asset_managers|china_internet|defense|fintech|nuclear|uranium
2025-07-22,regime,-0.006348723390705273,-0.006348723390705273,0.0,7,aerospace|asset_managers|china_internet|defense|fintech|nuclear|uranium
2025-07-23,regime,0.03407398442893355,0.03407398442893355,0.0,7,aerospace|asset_managers|china_internet|defense|fintech|nuclear|uranium
2025-07-24,regime,0.016003112904149967,0.016003112904149967,0.0,7,aerospace|asset_managers|china_internet|defense|fintech|nuclear|uranium
2025-07-25,regime,0.004224087002202584,0.004349087002202584,0.2499999999999998,8,aerospace|asset_managers|china_internet|defense|dev_tools|fintech|nuclear|uranium
2025-07-28,regime,-0.0018625578702591477,-0.0017375578702591475,0.25,8,aerospace|asset_managers|china_internet|dev_tools|fintech|nuclear|uranium|vertical_software
2025-07-29,regime,-0.00948510011252156,-0.00923510011252156,0.5,6,asset_managers|dev_tools|fintech|nuclear|uranium|vertical_software
2025-07-30,regime,0.0018430193348176907,0.0020930193348176907,0.49999999999999994,8,ai_infrastructure|asset_managers|data_centers|dev_tools|fintech|nuclear|uranium|vertical_software
2025-07-31,regime,-0.009643333288383297,-0.009524285669335678,0.2380952380952382,7,ai_infrastructure|asset_managers|data_centers|dev_tools|fintech|nuclear|vertical_software
2025-08-01,regime,-0.0414061444021764,-0.041263287259319256,0.28571428571428575,7,ai_infrastructure|asset_managers|data_centers|defense|dev_tools|nuclear|vertical_software
2025-08-04,regime,0.022951267538025642,0.022951267538025642,0.0,7,ai_infrastructure|asset_managers|data_centers|defense|dev_tools|nuclear|vertical_software
2025-08-05,regime,0.0024530179587496153,0.0024530179587496153,0.0,7,ai_infrastructure|asset_managers|data_centers|defense|dev_tools|nuclear|vertical_software
2025-08-06,regime,-0.005275142542593588,-0.005132285399736446,0.2857142857142858,7,ai_infrastructure|asset_managers|data_centers|defense|nuclear|uranium|vertical_software
2025-08-07,regime,-0.00855795613042051,-0.00830795613042051,0.4999999999999999,8,ai_infrastructure|data_centers|defense|gold|nuclear|retail|uranium|vertical_software
2025-08-08,regime,-0.01011551587009213,-0.01011551587009213,0.0,8,ai_infrastructure|data_centers|defense|gold|nuclear|retail|uranium|vertical_software
2025-08-11,regime,-0.007828433790250547,-0.007828433790250547,0.0,8,ai_infrastructure|data_centers|defense|gold|nuclear|retail|uranium|vertical_software
2025-08-12,regime,0.015634686341073813,0.015634686341073813,0.0,8,ai_infrastructure|data_centers|defense|gold|nuclear|retail|uranium|vertical_software
2025-08-13,regime,-0.017764997497495917,-0.017514997497495917,0.5000000000000001,8,ai_infrastructure|china_internet|consumer_internet|data_centers|defense|gold|retail|vertical_software
2025-08-14,regime,-0.01181947807570537,-0.01151947807570537,0.6,10,ai_infrastructure|asset_managers|china_internet|consumer_internet|defense|gold|pharma|retail|semis|vertical_software
2025-08-15,regime,-0.007696672434001343,-0.007596672434001343,0.19999999999999996,9,ai_infrastructure|asset_managers|china_internet|consumer_internet|gold|pharma|retail|semis|vertical_software
2025-08-18,regime,-0.000888276103864071,-0.0007882761038640711,0.19999999999999996,10,ai_infrastructure|asset_managers|china_internet|consumer_internet|defense|gold|pharma|retail|semis|vertical_software
2025-08-19,regime,-0.015981668048269837,-0.015681668048269835,0.6,9,china_internet|consumer_internet|defense|insurance|pharma|retail|semis|travel|vertical_software
2025-08-20,regime,-0.0011870468801512427,-0.0009907505838549465,0.39259259259259255,10,consumer_internet|consumer_staples|defense|insurance|medtech|pharma|retail|semis|travel|vertical_software
2025-08-21,regime,-0.00664254109748912,-0.006446244801192824,0.3925925925925927,9,china_internet|consumer_internet|consumer_staples|defense|insurance|medtech|pharma|travel|vertical_software
2025-08-22,regime,0.018224004684234504,0.018335115795345615,0.22222222222222227,9,china_internet|consumer_internet|defense|insurance|medtech|pharma|regional_banks|travel|vertical_software
2025-08-25,regime,-0.00451780825580529,-0.00441780825580529,0.20000000000000012,10,china_internet|consumer_internet|defense|insurance|medtech|oil_exploration|pharma|regional_banks|travel|vertical_software
2025-08-26,regime,0.004274088830589044,0.004474088830589044,0.4,10,china_internet|consumer_internet|defense|insurance|medtech|mega_banks|pharma|regional_banks|travel|uranium
2025-08-27,regime,-0.008316991102768167,-0.008316991102768167,0.0,10,china_internet|consumer_internet|defense|insurance|medtech|mega_banks|pharma|regional_banks|travel|uranium
2025-08-28,regime,0.007565142392701733,0.007865142392701733,0.6000000000000003,8,china_internet|consumer_internet|defense|mega_banks|oil_exploration|regional_banks|travel|uranium
2025-08-29,regime,0.003562514878747921,0.003687514878747921,0.25000000000000033,8,china_internet|defense|gold|mega_banks|oil_exploration|regional_banks|travel|uranium
2025-09-02,regime,0.0015333549337400163,0.0016583549337400162,0.2499999999999997,7,china_internet|defense|gold|mega_banks|oil_exploration|regional_banks|uranium
2025-09-03,regime,-0.007105454305220235,-0.006962597162363092,0.285714285714286,6,china_internet|gold|mega_banks|oil_exploration|regional_banks|uranium
2025-09-04,regime,0.0016259655652284446,0.0016259655652284446,0.0,6,china_internet|gold|mega_banks|oil_exploration|regional_banks|uranium
2025-09-05,regime,-0.0009697032771909186,-0.0009697032771909186,0.0,6,china_internet|gold|mega_banks|oil_exploration|regional_banks|uranium
2025-09-08,regime,0.0009867122112935127,0.0012724264970077985,0.5714285714285715,7,china_internet|consumer_internet|gold|mega_banks|regional_banks|uranium|workflow_software
2025-09-09,regime,0.009027967894370844,0.009027967894370844,0.0,7,china_internet|consumer_internet|gold|mega_banks|regional_banks|uranium|workflow_software
2025-09-10,regime,-0.001964634593334984,-0.0017146345933349838,0.49999999999999967,8,china_internet|cloud|consumer_internet|dev_tools|gold|mega_banks|uranium|workflow_software
2025-09-11,regime,0.009217252211365767,0.009217252211365767,0.0,8,china_internet|cloud|consumer_internet|dev_tools|gold|mega_banks|uranium|workflow_software
2025-09-12,regime,-0.008679829525126992,-0.008554829525126992,0.25000000000000017,8,ai_apps|china_internet|cloud|consumer_internet|gold|mega_banks|uranium|workflow_software
2025-09-15,regime,0.02264963627706109,0.02277463627706109,0.25,8,ai_apps|china_internet|cloud|consumer_internet|gold|mega_banks|nuclear|uranium
2025-09-16,regime,-0.0015128007822011646,-0.0015128007822011646,0.0,8,ai_apps|china_internet|cloud|consumer_internet|gold|mega_banks|nuclear|uranium
2025-09-17,regime,0.015704905775068154,0.015704905775068154,0.0,8,ai_apps|china_internet|cloud|consumer_internet|gold|mega_banks|nuclear|uranium
2025-09-18,regime,0.013577089840339122,0.013702089840339122,0.24999999999999978,7,ai_apps|china_internet|consumer_internet|gold|mega_banks|nuclear|uranium
2025-09-19,regime,0.046629366605497574,0.046629366605497574,0.0,7,ai_apps|china_internet|consumer_internet|gold|mega_banks|nuclear|uranium
2025-09-22,regime,0.005753356407467832,0.005753356407467832,0.0,7,ai_apps|china_internet|consumer_internet|gold|mega_banks|nuclear|uranium
2025-09-23,regime,-0.002956572460271917,-0.002813715317414774,0.2857142857142857,7,ai_apps|consumer_internet|gold|mega_banks|nuclear|semis|uranium
2025-09-24,regime,-0.01334733009169798,-0.01334733009169798,0.0,7,ai_apps|consumer_internet|gold|mega_banks|nuclear|semis|uranium
2025-09-25,regime,0.005264234490782874,0.005264234490782874,0.0,7,ai_apps|consumer_internet|gold|mega_banks|nuclear|semis|uranium
2025-09-26,regime,-0.00252085321517846,-0.00252085321517846,0.0,7,ai_apps|consumer_internet|gold|mega_banks|nuclear|semis|uranium
2025-09-29,regime,0.014443984349869116,0.014443984349869116,0.0,7,ai_apps|consumer_internet|gold|mega_banks|nuclear|semis|uranium
2025-09-30,regime,-0.008701003564437508,-0.008415289278723223,0.5714285714285712,6,gold|insurance|mega_banks|nuclear|semis|uranium
2025-10-01,regime,0.01109878731334095,0.011384501599055234,0.5714285714285715,7,ai_infrastructure|biotech|gold|insurance|nuclear|semis|uranium
2025-10-02,regime,0.012948209364990677,0.01309106650784782,0.285714285714286,6,ai_infrastructure|biotech|gold|nuclear|semis|uranium
2025-10-03,regime,-0.0004516016434090726,-0.0003087445005519296,0.285714285714286,7,aerospace|ai_infrastructure|biotech|gold|nuclear|semis|uranium
2025-10-06,regime,0.028484382657371247,0.028603430276418866,0.23809523809523764,8,aerospace|ai_infrastructure|biotech|defense|gold|nuclear|semis|uranium
2025-10-07,regime,0.005408923450419331,0.005408923450419331,0.0,8,aerospace|ai_infrastructure|biotech|defense|gold|nuclear|semis|uranium
2025-10-08,regime,0.018333160976400982,0.018333160976400982,0.0,8,aerospace|ai_infrastructure|biotech|defense|gold|nuclear|semis|uranium
2025-10-09,regime,-0.0013076991401579506,-0.0011826991401579505,0.25000000000000017,8,aerospace|ai_infrastructure|biotech|data_centers|defense|nuclear|semis|uranium
2025-10-10,regime,-0.032221406571373554,-0.032221406571373554,0.0,8,aerospace|ai_infrastructure|biotech|data_centers|defense|nuclear|semis|uranium
2025-10-13,regime,0.05247704652025443,0.05247704652025443,0.0,8,aerospace|ai_infrastructure|biotech|data_centers|defense|nuclear|semis|uranium
2025-10-14,regime,0.005225667610639461,0.005225667610639461,0.0,8,aerospace|ai_infrastructure|biotech|data_centers|defense|nuclear|semis|uranium
2025-10-15,regime,0.01221312055085808,0.012324231661969191,0.22222222222222238,9,aerospace|ai_infrastructure|biotech|data_centers|defense|gold|nuclear|semis|uranium
2025-10-16,regime,-0.02284581436107781,-0.02284581436107781,0.0,9,aerospace|ai_infrastructure|biotech|data_centers|defense|gold|nuclear|semis|uranium
2025-10-17,regime,-0.025343724728740625,-0.025237243247259143,0.21296296296296313,8,aerospace|ai_infrastructure|biotech|data_centers|gold|nuclear|semis|uranium
2025-10-20,regime,0.015003362830300657,0.015122410449348277,0.2380952380952377,7,aerospace|ai_infrastructure|biotech|gold|nuclear|semis|uranium
2025-10-21,regime,-0.038726393268254604,-0.03829782183968317,0.8571428571428567,7,aerospace|ai_infrastructure|biotech|medtech|robotics|semis|workflow_software
2025-10-22,regime,-0.009050481288539861,-0.008800481288539861,0.4999999999999995,8,ai_infrastructure|biotech|consumer_staples|medtech|robotics|semis|uranium|workflow_software
2025-10-23,regime,0.008104101851618367,0.008229101851618367,0.2500000000000002,8,ai_infrastructure|biotech|cloud|consumer_staples|medtech|robotics|semis|workflow_software
2025-10-24,regime,-6.686572730444724e-05,0.00018313427269555272,0.4999999999999999,7,ai_infrastructure|cloud|medtech|payments|robotics|semis|workflow_software
2025-10-27,regime,0.012454930340931062,0.012589850975851698,0.26984126984126977,6,ai_infrastructure|cloud|medtech|payments|robotics|semis
2025-10-28,regime,-0.011392402208651078,-0.011392402208651078,0.0,6,ai_infrastructure|cloud|medtech|payments|robotics|semis
2025-10-29,regime,0.007583123831710366,0.007749790498377033,0.33333333333333337,6,ai_infrastructure|cloud|data_centers|medtech|robotics|semis
2025-10-30,regime,-0.016869072974962578,-0.016726215832105436,0.285714285714286,7,ai_infrastructure|cloud|data_centers|medtech|mega_banks|robotics|semis
2025-10-31,regime,0.005740612884916365,0.0058834700277735075,0.2857142857142858,7,ai_infrastructure|cloud|data_centers|dev_tools|mega_banks|robotics|semis
2025-11-03,regime,0.01282500134040546,0.01282500134040546,0.0,7,ai_infrastructure|cloud|data_centers|dev_tools|mega_banks|robotics|semis
2025-11-04,regime,-0.03567095940830452,-0.03567095940830452,0.0,7,ai_infrastructure|cloud|data_centers|dev_tools|mega_banks|robotics|semis
2025-11-05,regime,0.00680729954232874,0.00680729954232874,0.0,7,ai_infrastructure|cloud|data_centers|dev_tools|mega_banks|robotics|semis
2025-11-06,regime,-0.013249728446182583,-0.013124728446182583,0.24999999999999978,8,ai_infrastructure|cloud|data_centers|dev_tools|mega_banks|pharma|robotics|semis
2025-11-07,regime,-0.001817552317250649,-0.0015953300950284266,0.44444444444444464,9,cloud|cybersecurity|data_centers|dev_tools|mega_banks|pharma|robotics|semis|travel
2025-11-10,regime,0.021508952337162053,0.021620063448273164,0.2222222222222222,9,cloud|cybersecurity|data_centers|dev_tools|medtech|mega_banks|pharma|robotics|travel
2025-11-11,regime,0.0032209139225946506,0.0034325541342348624,0.42328042328042326,7,cloud|cybersecurity|dev_tools|medtech|mega_banks|pharma|travel
2025-11-12,regime,0.0008107156875525,0.0009357156875524999,0.24999999999999983,8,cloud|cybersecurity|dev_tools|insurance|medtech|mega_banks|pharma|travel
2025-11-13,regime,-0.017516349717633686,-0.017391349717633686,0.25000000000000017,8,cybersecurity|dev_tools|insurance|medtech|mega_banks|oil_exploration|pharma|travel
2025-11-14,regime,-0.002916253836376048,-0.002805142725264937,0.22222222222222204,9,cybersecurity|dev_tools|insurance|medtech|mega_banks|oil_exploration|pharma|regional_banks|travel
2025-11-17,regime,-0.0175693693623323,-0.01734714714011008,0.4444444444444443,8,cybersecurity|gold|insurance|medtech|mega_banks|oil_exploration|pharma|travel
2025-11-18,regime,0.002753730627694157,0.0028787306276941566,0.24999999999999972,7,gold|insurance|medtech|mega_banks|oil_exploration|pharma|travel
2025-11-19,regime,-0.0005298733735614791,-0.0005298733735614791,0.0,7,gold|insurance|medtech|mega_banks|oil_exploration|pharma|travel
2025-11-20,regime,-0.01538981335913722,-0.015167591136914998,0.44444444444444403,9,biotech|consumer_staples|gold|insurance|medtech|mega_banks|oil_exploration|pharma|travel
2025-11-21,regime,0.015359710001577436,0.015359710001577436,0.0,9,biotech|consumer_staples|gold|insurance|medtech|mega_banks|oil_exploration|pharma|travel
2025-11-24,regime,0.0073693001948831665,0.0073693001948831665,0.0,9,biotech|consumer_staples|gold|insurance|medtech|mega_banks|oil_exploration|pharma|travel
2025-11-25,regime,0.015386534696115686,0.015497645807226797,0.22222222222222224,9,biotech|consumer_staples|gold|insurance|medtech|mega_banks|pharma|regional_banks|travel
2025-11-26,regime,0.008946556762390371,0.009057667873501481,0.22222222222222207,8,biotech|consumer_staples|gold|insurance|medtech|mega_banks|pharma|regional_banks
2025-11-28,regime,0.004593846668498061,0.004718846668498061,0.24999999999999972,7,biotech|consumer_staples|gold|medtech|mega_banks|pharma|regional_banks
2025-12-01,regime,-0.007928256819973452,-0.007928256819973452,0.0,7,biotech|consumer_staples|gold|medtech|mega_banks|pharma|regional_banks
2025-12-02,regime,-0.005018201234837292,-0.004875344091980149,0.2857142857142856,7,asset_managers|biotech|consumer_staples|gold|medtech|mega_banks|regional_banks
2025-12-03,regime,0.009528959144493346,0.009671816287350489,0.285714285714286,6,asset_managers|biotech|gold|medtech|mega_banks|regional_banks
2025-12-04,regime,0.0021394192068757926,0.0024251334925900784,0.5714285714285715,7,asset_managers|biotech|gold|mega_banks|oil_exploration|regional_banks|robotics
2025-12-05,regime,-0.0004638122333966377,-0.0003209550905394949,0.28571428571428564,7,asset_managers|gold|mega_banks|oil_exploration|regional_banks|robotics|workflow_software
2025-12-08,regime,0.0007979480911617326,0.0009408052340188754,0.28571428571428564,7,asset_managers|mega_banks|oil_exploration|regional_banks|robotics|semis|workflow_software
2025-12-09,regime,0.0017136704088943047,0.0017136704088943047,0.0,7,asset_managers|mega_banks|oil_exploration|regional_banks|robotics|semis|workflow_software
2025-12-10,regime,0.015245039465828076,0.015245039465828076,0.0,7,asset_managers|mega_banks|oil_exploration|regional_banks|robotics|semis|workflow_software
2025-12-11,regime,0.0008391101669632685,0.0009819673098204113,0.28571428571428564,7,asset_managers|gold|mega_banks|oil_exploration|regional_banks|semis|workflow_software
2025-12-12,regime,-0.0125917638279523,-0.012306049542238013,0.5714285714285718,5,asset_managers|gold|mega_banks|regional_banks|workflow_software
2025-12-15,regime,-0.009296343145693501,-0.0090963431456935,0.4000000000000001,5,asset_managers|gold|insurance|mega_banks|regional_banks
2025-12-16,regime,-0.00843939046220843,-0.008272723795541762,0.3333333333333336,6,aerospace|asset_managers|gold|insurance|mega_banks|regional_banks
2025-12-17,regime,-0.000389005764816689,-0.0002223390981500223,0.33333333333333337,6,asset_managers|consumer_staples|gold|insurance|mega_banks|regional_banks
2025-12-18,regime,-0.0028600339632862764,-0.0026100339632862766,0.49999999999999994,8,asset_managers|consumer|consumer_staples|gold|insurance|mega_banks|regional_banks|restaurants
2025-12-19,regime,0.0031375480321261993,0.003387548032126199,0.4999999999999999,7,aerospace|asset_managers|consumer|gold|mega_banks|regional_banks|restaurants
2025-12-22,regime,0.019863527540293927,0.019982575159341546,0.23809523809523808,8,aerospace|asset_managers|consumer|defense|gold|mega_banks|regional_banks|restaurants
2025-12-23,regime,-0.004469491506512481,-0.004469491506512481,0.0,8,aerospace|asset_managers|consumer|defense|gold|mega_banks|regional_banks|restaurants
2025-12-24,regime,0.003325152822218893,0.003325152822218893,0.0,8,aerospace|asset_managers|consumer|defense|gold|mega_banks|regional_banks|restaurants
2025-12-26,regime,-0.011268134949190142,-0.011143134949190142,0.2500000000000001,8,aerospace|asset_managers|consumer|defense|gold|mega_banks|regional_banks|travel
2025-12-29,regime,-0.012560954255526276,-0.012435954255526276,0.24999999999999978,7,aerospace|asset_managers|defense|gold|mega_banks|regional_banks|travel
2025-12-30,regime,-0.0007998083517864277,-0.0006748083517864278,0.24999999999999978,8,aerospace|asset_managers|defense|gold|mega_banks|regional_banks|travel|workflow_software
2025-12-31,regime,-0.007857227366192748,-0.0077322273661927475,0.24999999999999983,7,aerospace|defense|gold|mega_banks|regional_banks|travel|workflow_software
2026-01-02,regime,0.014467600142347705,0.01475331442806199,0.5714285714285713,6,aerospace|defense|gold|mega_banks|regional_banks|uranium
2026-01-05,regime,0.04241131591797953,0.04241131591797953,0.0,6,aerospace|defense|gold|mega_banks|regional_banks|uranium
2026-01-06,regime,0.031039531689818416,0.031039531689818416,0.0,6,aerospace|defense|gold|mega_banks|regional_banks|uranium
2026-01-07,regime,-0.010484003008217847,-0.010341145865360704,0.2857142857142856,7,aerospace|defense|gold|mega_banks|pharma|regional_banks|uranium
2026-01-08,regime,0.006811425054063312,0.006954282196920455,0.2857142857142858,7,aerospace|defense|gold|pharma|regional_banks|retail|uranium
2026-01-09,regime,0.005139581337185238,0.005282438480042381,0.285714285714286,6,aerospace|defense|gold|regional_banks|retail|uranium
2026-01-12,regime,0.021362913728605767,0.021529580395272432,0.33333333333333354,5,aerospace|defense|gold|retail|uranium
2026-01-13,regime,-0.0010297022317980141,-0.0008852577873535695,0.28888888888888914,6,aerospace|defense|gold|nuclear|retail|uranium
2026-01-14,regime,0.0311151675796661,0.0311151675796661,0.0,6,aerospace|defense|gold|nuclear|retail|uranium
2026-01-15,regime,0.006999766688176099,0.006999766688176099,0.0,6,aerospace|defense|gold|nuclear|retail|uranium
2026-01-16,regime,0.02547828565020879,0.02547828565020879,0.0,6,aerospace|defense|gold|nuclear|retail|uranium
2026-01-20,regime,0.002004759907133426,0.002147617049990569,0.2857142857142855,7,aerospace|consumer_staples|defense|gold|nuclear|retail|uranium
2026-01-21,regime,-0.010567067485481143,-0.010567067485481143,0.0,7,aerospace|consumer_staples|defense|gold|nuclear|retail|uranium
2026-01-22,regime,0.017608934289234785,0.017608934289234785,0.0,7,aerospace|consumer_staples|defense|gold|nuclear|retail|uranium
2026-01-23,regime,0.009543813387350367,0.009668813387350367,0.2499999999999999,8,aerospace|consumer_staples|defense|gold|nuclear|retail|semis|uranium
2026-01-26,regime,-0.02764277977746246,-0.02764277977746246,0.0,8,aerospace|consumer_staples|defense|gold|nuclear|retail|semis|uranium
2026-01-27,regime,0.029425028542089983,0.029550028542089983,0.25,8,aerospace|biotech|consumer_staples|defense|gold|nuclear|semis|uranium
2026-01-28,regime,0.02607436175367607,0.02607436175367607,0.0,8,aerospace|biotech|consumer_staples|defense|gold|nuclear|semis|uranium
2026-01-29,regime,-0.02731401889796951,-0.02718901889796951,0.25,8,aerospace|ai_infrastructure|biotech|consumer_staples|gold|nuclear|semis|uranium
2026-01-30,regime,-0.055452253561441005,-0.055341142450329894,0.22222222222222238,9,aerospace|ai_infrastructure|biotech|consumer_staples|gold|nuclear|oil_exploration|semis|uranium
2026-02-02,regime,-0.011347502608059933,-0.011147502608059932,0.39999999999999997,10,aerospace|ai_infrastructure|biotech|consumer_staples|gold|oil_exploration|pharma|regional_banks|semis|uranium
2026-02-03,regime,0.02112224786114999,0.021218544157446284,0.1925925925925927,9,aerospace|biotech|consumer_staples|gold|oil_exploration|pharma|regional_banks|semis|uranium
2026-02-04,regime,-0.01966655253656903,-0.019333219203235694,0.6666666666666664,7,biotech|consumer_staples|gold|oil_exploration|pharma|regional_banks|restaurants
2026-02-05,regime,-0.014712060395324807,-0.014569203252467664,0.285714285714286,6,consumer_staples|gold|oil_exploration|pharma|regional_banks|restaurants
2026-02-06,regime,0.018862284507989626,0.018862284507989626,0.0,6,consumer_staples|gold|oil_exploration|pharma|regional_banks|restaurants
2026-02-09,regime,0.002666573853330226,0.002809430996187369,0.285714285714286,7,consumer_staples|data_centers|gold|oil_exploration|pharma|regional_banks|restaurants
2026-02-10,regime,-0.0016131104266155728,-0.001488110426615573,0.2499999999999997,8,consumer_staples|data_centers|gold|oil_exploration|pharma|regional_banks|restaurants|semis
2026-02-11,regime,0.022314001381723472,0.022425112492834583,0.22222222222222207,9,consumer_staples|data_centers|gold|insurance|oil_exploration|pharma|regional_banks|restaurants|semis
2026-02-12,regime,-0.020170694972802918,-0.020170694972802918,0.0,9,consumer_staples|data_centers|gold|insurance|oil_exploration|pharma|regional_banks|restaurants|semis
2026-02-13,regime,0.009387748177755166,0.009609970399977389,0.44444444444444403,7,consumer_staples|data_centers|gold|insurance|oil_exploration|pharma|semis
2026-02-17,regime,-0.004684155619800965,-0.0045591556198009645,0.2499999999999997,8,biotech|consumer_staples|data_centers|gold|insurance|oil_exploration|pharma|semis
2026-02-18,regime,0.006699396456483295,0.006699396456483295,0.0,8,biotech|consumer_staples|data_centers|gold|insurance|oil_exploration|pharma|semis
2026-02-19,regime,0.0018623543842974848,0.001973465495408596,0.22222222222222207,9,ai_infrastructure|biotech|consumer_staples|data_centers|gold|insurance|oil_exploration|pharma|semis
2026-02-20,regime,0.005252094771566005,0.0053632058826771165,0.22222222222222207,8,ai_infrastructure|biotech|consumer_staples|data_centers|gold|insurance|oil_exploration|semis
2026-02-23,regime,0.0007573610509235599,0.0007573610509235599,0.0,8,ai_infrastructure|biotech|consumer_staples|data_centers|gold|insurance|oil_exploration|semis
2026-02-24,regime,0.01135016454002674,0.01135016454002674,0.0,8,ai_infrastructure|biotech|consumer_staples|data_centers|gold|insurance|oil_exploration|semis
2026-02-25,regime,0.003731377553469913,0.003731377553469913,0.0,8,ai_infrastructure|biotech|consumer_staples|data_centers|gold|insurance|oil_exploration|semis
2026-02-26,regime,-0.00116564083132352,-0.00079064083132352,0.7499999999999998,6,biotech|consumer_staples|gold|insurance|oil_exploration|restaurants
2026-02-27,regime,0.011663746890977027,0.01180660403383417,0.285714285714286,7,biotech|consumer_staples|gold|insurance|oil_exploration|payments|restaurants
2026-03-02,regime,0.003323380183543035,0.0034662373264001778,0.2857142857142856,7,biotech|consumer_staples|defense|gold|insurance|oil_exploration|payments
2026-03-03,regime,-0.02299197220283866,-0.02274792458379104,0.4880952380952377,8,aerospace|consumer_staples|defense|gold|insurance|oil_exploration|payments|vertical_software
2026-03-04,regime,0.00998892696340295,0.01011392696340295,0.25000000000000006,8,aerospace|biotech|defense|gold|insurance|oil_exploration|payments|vertical_software
2026-03-05,regime,-0.009094330804677385,-0.008725283185629765,0.7380952380952381,7,aerospace|business_apps|fintech|insurance|oil_exploration|payments|vertical_software
2026-03-06,regime,0.0042326109822147,0.004476658601262319,0.4880952380952381,8,aerospace|business_apps|defense|fintech|oil_exploration|payments|vertical_software|workflow_software
2026-03-09,regime,-0.007882582831261867,-0.007638535212214248,0.488095238095238,7,aerospace|business_apps|defense|dev_tools|oil_exploration|vertical_software|workflow_software
2026-03-10,regime,-0.028251940544907657,-0.027876940544907657,0.7499999999999999,8,ai_infrastructure|business_apps|cybersecurity|data_centers|defense|oil_exploration|vertical_software|workflow_software
2026-03-11,regime,-0.0047518346702622345,-0.004551834670262235,0.4000000000000002,10,aerospace|ai_infrastructure|biotech|business_apps|cybersecurity|data_centers|defense|oil_exploration|vertical_software|workflow_software
2026-03-12,regime,-0.010165732587854685,-0.010065732587854686,0.20000000000000012,9,aerospace|ai_infrastructure|biotech|business_apps|cybersecurity|data_centers|defense|oil_exploration|vertical_software
2026-03-13,regime,-0.008884939110906783,-0.008673298899266572,0.42328042328042326,7,aerospace|ai_infrastructure|business_apps|cybersecurity|data_centers|oil_exploration|vertical_software
2026-03-16,regime,0.004448840374446627,0.004734554660160913,0.5714285714285711,6,ai_apps|ai_infrastructure|business_apps|data_centers|oil_exploration|vertical_software
2026-03-17,regime,0.006974247889457155,0.007117105032314297,0.2857142857142853,7,ai_apps|ai_infrastructure|business_apps|cybersecurity|data_centers|oil_exploration|vertical_software
2026-03-18,regime,-0.004765674489788267,-0.004652579251693029,0.22619047619047622,8,ai_apps|ai_infrastructure|business_apps|cloud|cybersecurity|data_centers|oil_exploration|vertical_software
2026-03-19,regime,-0.00030120659922622565,-5.7158980178606544e-05,0.48809523809523814,7,ai_infrastructure|cloud|cybersecurity|data_centers|oil_exploration|semis|vertical_software
2026-03-20,regime,-0.016116569133021192,-0.015991569133021192,0.25,8,ai_infrastructure|asset_managers|cloud|cybersecurity|data_centers|oil_exploration|semis|vertical_software
2026-03-23,regime,0.012142378640718422,0.012267378640718422,0.25,7,ai_infrastructure|asset_managers|cloud|cybersecurity|data_centers|oil_exploration|semis
2026-03-24,regime,-0.0002800180534729455,-0.0001550180534729455,0.25000000000000006,8,ai_infrastructure|asset_managers|cloud|cybersecurity|data_centers|mega_banks|oil_exploration|semis
2026-03-25,regime,0.014794915148583474,0.014794915148583474,0.0,8,ai_infrastructure|asset_managers|cloud|cybersecurity|data_centers|mega_banks|oil_exploration|semis
2026-03-26,regime,-0.02006533922566498,-0.02006533922566498,0.0,8,ai_infrastructure|asset_managers|cloud|cybersecurity|data_centers|mega_banks|oil_exploration|semis
2026-03-27,regime,-0.019789085841652197,-0.01967599060355696,0.2261904761904761,7,ai_infrastructure|asset_managers|cloud|data_centers|mega_banks|oil_exploration|semis
2026-03-30,regime,-0.021635705513484316,-0.02134999122777003,0.5714285714285716,7,asset_managers|cloud|data_centers|mega_banks|oil_exploration|pharma|retail
2026-03-31,regime,0.02541530551567671,0.02563752773789893,0.44444444444444414,9,ai_infrastructure|asset_managers|cloud|data_centers|mega_banks|oil_exploration|pharma|retail|semis
2026-04-01,regime,0.009689045167536728,0.009689045167536728,0.0,9,ai_infrastructure|asset_managers|cloud|data_centers|mega_banks|oil_exploration|pharma|retail|semis
2026-04-02,regime,0.0038830275434233825,0.003994138654534494,0.2222222222222222,9,ai_infrastructure|asset_managers|data_centers|mega_banks|oil_exploration|pharma|regional_banks|retail|semis
2026-04-06,regime,0.006536502553876014,0.006536502553876014,0.0,9,ai_infrastructure|asset_managers|data_centers|mega_banks|oil_exploration|pharma|regional_banks|retail|semis
2026-04-07,regime,0.0006572222013458072,0.0007683333124569184,0.22222222222222238,8,ai_infrastructure|asset_managers|data_centers|mega_banks|oil_exploration|regional_banks|retail|semis
2026-04-08,regime,0.03234619664171567,0.03234619664171567,0.0,8,ai_infrastructure|asset_managers|data_centers|mega_banks|oil_exploration|regional_banks|retail|semis
2026-04-09,regime,0.01113565816008311,0.01124676927119422,0.22222222222222238,9,ai_infrastructure|asset_managers|data_centers|insurance|mega_banks|oil_exploration|regional_banks|retail|semis
2026-04-10,regime,0.001640687738378094,0.0018629099606003161,0.4444444444444444,7,ai_infrastructure|asset_managers|data_centers|insurance|mega_banks|regional_banks|semis
2026-04-13,regime,0.02653346793651324,0.02653346793651324,0.0,7,ai_infrastructure|asset_managers|data_centers|insurance|mega_banks|regional_banks|semis
2026-04-14,regime,0.00797621577659624,0.008119072919453383,0.2857142857142857,6,ai_infrastructure|asset_managers|data_centers|mega_banks|regional_banks|semis
2026-04-15,regime,0.005329267096912948,0.005329267096912948,0.0,6,ai_infrastructure|asset_managers|data_centers|mega_banks|regional_banks|semis
2026-04-16,regime,0.006341961041179388,0.006484818184036531,0.2857142857142857,7,ai_infrastructure|asset_managers|data_centers|mega_banks|payments|regional_banks|semis
2026-04-17,regime,0.026728339588298067,0.02687119673115521,0.2857142857142856,6,ai_infrastructure|data_centers|mega_banks|payments|regional_banks|semis
2026-04-20,regime,0.02416096822442394,0.02430382536728108,0.2857142857142856,7,ai_infrastructure|data_centers|mega_banks|payments|regional_banks|semis|uranium
2026-04-21,regime,-0.005354509181997726,-0.005229509181997726,0.24999999999999983,8,ai_infrastructure|data_centers|mega_banks|payments|regional_banks|semis|travel|uranium
2026-04-22,regime,0.024995484561977047,0.025370484561977047,0.7499999999999999,7,ai_infrastructure|data_centers|dev_tools|nuclear|payments|semis|uranium
2026-04-23,regime,-7.588934030586326e-05,6.696780255127958e-05,0.2857142857142857,6,ai_infrastructure|data_centers|dev_tools|nuclear|semis|uranium
2026-04-24,regime,0.00871804709887683,0.008884713765543497,0.33333333333333337,5,ai_infrastructure|data_centers|dev_tools|nuclear|semis
2026-04-27,regime,-0.011266694676414337,-0.011266694676414337,0.0,5,ai_infrastructure|data_centers|dev_tools|nuclear|semis
2026-04-28,regime,-0.04475598913308062,-0.04475598913308062,0.0,5,ai_infrastructure|data_centers|dev_tools|nuclear|semis
2026-04-29,regime,0.005918098091872218,0.006118098091872218,0.4,5,ai_infrastructure|cybersecurity|data_centers|dev_tools|semis
2026-04-30,regime,0.01673974227806519,0.017139742278065192,0.8,5,ai_infrastructure|data_centers|nuclear|oil_exploration|semis
2026-05-01,regime,-0.005365561677102974,-0.005032228343769641,0.6666666666666669,6,ai_infrastructure|data_centers|dev_tools|oil_exploration|semis|workflow_software
2026-05-04,regime,0.009289374567706883,0.009289374567706883,0.0,6,ai_infrastructure|data_centers|dev_tools|oil_exploration|semis|workflow_software
2026-05-05,regime,0.008104173924458297,0.008239094559378933,0.2698412698412695,7,ai_infrastructure|cloud|data_centers|dev_tools|oil_exploration|semis|workflow_software
2026-05-06,regime,-0.005104900646778512,-0.004962043503921369,0.28571428571428575,7,ai_infrastructure|cloud|data_centers|dev_tools|robotics|semis|workflow_software
2026-05-07,regime,-0.0034584543819756257,-0.003339406762928007,0.23809523809523814,8,ai_infrastructure|cloud|cybersecurity|data_centers|dev_tools|robotics|semis|workflow_software
2026-05-08,regime,0.008059708357137907,0.008184708357137907,0.25,7,ai_infrastructure|cloud|cybersecurity|data_centers|dev_tools|semis|workflow_software
2026-05-11,regime,-0.0008782221251118875,-0.0008782221251118875,0.0,7,ai_infrastructure|cloud|cybersecurity|data_centers|dev_tools|semis|workflow_software
2026-05-12,regime,-0.01821120143133427,-0.018084217304350142,0.25396825396825373,6,ai_infrastructure|cloud|cybersecurity|data_centers|dev_tools|semis
2026-05-13,regime,0.03213589992201047,0.03213589992201047,0.0,6,ai_infrastructure|cloud|cybersecurity|data_centers|dev_tools|semis
2026-05-14,regime,0.016601312928849497,0.016601312928849497,0.0,6,ai_infrastructure|cloud|cybersecurity|data_centers|dev_tools|semis
2026-05-15,regime,-0.014848723106093514,-0.014848723106093514,0.0,6,ai_infrastructure|cloud|cybersecurity|data_centers|dev_tools|semis
2026-05-18,regime,-0.0011762261031076854,-0.0010333689602505427,0.2857142857142854,7,ai_infrastructure|cloud|cybersecurity|data_centers|dev_tools|oil_exploration|semis
2026-05-19,regime,0.007501943131208966,0.0076448002740661086,0.2857142857142854,6,ai_infrastructure|cloud|cybersecurity|dev_tools|oil_exploration|semis
